local_datetime,corridor_id,direction,average_delay,average_traveltime,average_speed
9/1/2024 0:00,avenue41_to_harrisln,NB,0.01,0.54,39.9
9/1/2024 1:00,avenue41_to_harrisln,NB,0,0.51,41.7
9/1/2024 2:00,avenue41_to_harrisln,NB,0,0.51,42.3
9/1/2024 3:00,avenue41_to_harrisln,NB,0,0.46,
9/1/2024 4:00,avenue41_to_harrisln,NB,0,0.51,42.4
9/1/2024 5:00,avenue41_to_harrisln,NB,0,0.49,44.3
9/1/2024 6:00,avenue41_to_harrisln,NB,0.01,0.49,44
9/1/2024 7:00,avenue41_to_harrisln,NB,0,0.48,44.3
9/1/2024 8:00,avenue41_to_harrisln,NB,0.03,0.55,39.5
9/1/2024 9:00,avenue41_to_harrisln,NB,0.01,0.51,42.2
9/1/2024 10:00,avenue41_to_harrisln,NB,0.03,0.56,39.8
9/1/2024 11:00,avenue41_to_harrisln,NB,0.04,0.55,39.6
9/1/2024 12:00,avenue41_to_harrisln,NB,0.05,0.57,37.7
9/1/2024 13:00,avenue41_to_harrisln,NB,0.04,0.58,37.6
9/1/2024 14:00,avenue41_to_harrisln,NB,0.07,0.59,36.3
9/1/2024 15:00,avenue41_to_harrisln,NB,0.01,0.53,40.5
9/1/2024 16:00,avenue41_to_harrisln,NB,0.04,0.55,39.4
9/1/2024 17:00,avenue41_to_harrisln,NB,0.04,0.55,39.6
9/1/2024 18:00,avenue41_to_harrisln,NB,0.08,0.59,37.2
9/1/2024 19:00,avenue41_to_harrisln,NB,0.05,0.57,38.4
9/1/2024 20:00,avenue41_to_harrisln,NB,0.03,0.57,37.9
9/1/2024 21:00,avenue41_to_harrisln,NB,0.04,0.55,39.1
9/1/2024 22:00,avenue41_to_harrisln,NB,0.02,0.53,41.3
9/1/2024 23:00,avenue41_to_harrisln,NB,0,0.53,40.6
9/2/2024 0:00,avenue41_to_harrisln,NB,0.02,0.53,40.3
9/2/2024 1:00,avenue41_to_harrisln,NB,0,0.5,43.4
9/2/2024 2:00,avenue41_to_harrisln,NB,0.02,0.52,42
9/2/2024 3:00,avenue41_to_harrisln,NB,0,0.5,42.8
9/2/2024 4:00,avenue41_to_harrisln,NB,0,0.46,46.4
9/2/2024 5:00,avenue41_to_harrisln,NB,0,0.47,45.6
9/2/2024 6:00,avenue41_to_harrisln,NB,0,0.51,42.3
9/2/2024 7:00,avenue41_to_harrisln,NB,0.04,0.55,39.5
9/2/2024 8:00,avenue41_to_harrisln,NB,0.03,0.54,40.2
9/2/2024 9:00,avenue41_to_harrisln,NB,0.07,0.6,37.2
9/2/2024 10:00,avenue41_to_harrisln,NB,0.02,0.54,39.4
9/2/2024 11:00,avenue41_to_harrisln,NB,0.03,0.57,37.9
9/2/2024 12:00,avenue41_to_harrisln,NB,0.01,0.56,38.5
9/2/2024 13:00,avenue41_to_harrisln,NB,0.02,0.55,39.2
9/2/2024 14:00,avenue41_to_harrisln,NB,0.09,0.6,36.4
9/2/2024 15:00,avenue41_to_harrisln,NB,0.05,0.56,39.2
9/2/2024 16:00,avenue41_to_harrisln,NB,0.03,0.55,39.2
9/2/2024 17:00,avenue41_to_harrisln,NB,0.02,0.54,39.7
9/2/2024 18:00,avenue41_to_harrisln,NB,0.07,0.58,38.3
9/2/2024 19:00,avenue41_to_harrisln,NB,0.02,0.55,39.2
9/2/2024 20:00,avenue41_to_harrisln,NB,0.02,0.55,38.9
9/2/2024 21:00,avenue41_to_harrisln,NB,0.01,0.52,41.1
9/2/2024 22:00,avenue41_to_harrisln,NB,0.02,0.54,39.7
9/2/2024 23:00,avenue41_to_harrisln,NB,0.06,0.58,37.8
9/3/2024 0:00,avenue41_to_harrisln,NB,0,0.48,45
9/3/2024 1:00,avenue41_to_harrisln,NB,0,0.49,43.8
9/3/2024 2:00,avenue41_to_harrisln,NB,0,0.48,44.7
9/3/2024 3:00,avenue41_to_harrisln,NB,0,0.47,46
9/3/2024 4:00,avenue41_to_harrisln,NB,0,0.49,44
9/3/2024 5:00,avenue41_to_harrisln,NB,0,0.52,41.4
9/3/2024 6:00,avenue41_to_harrisln,NB,0.02,0.54,39.8
9/3/2024 7:00,avenue41_to_harrisln,NB,0.04,0.58,37.1
9/3/2024 8:00,avenue41_to_harrisln,NB,0.06,0.6,36.6
9/3/2024 9:00,avenue41_to_harrisln,NB,0.06,0.6,36
9/3/2024 10:00,avenue41_to_harrisln,NB,0.04,0.59,36.9
9/3/2024 11:00,avenue41_to_harrisln,NB,0.09,0.65,33.9
9/3/2024 12:00,avenue41_to_harrisln,NB,0.03,0.59,36.4
9/3/2024 13:00,avenue41_to_harrisln,NB,0.08,0.62,35.7
9/3/2024 14:00,avenue41_to_harrisln,NB,0.11,0.65,34
9/3/2024 15:00,avenue41_to_harrisln,NB,0.19,0.75,29.4
9/3/2024 16:00,avenue41_to_harrisln,NB,0.07,0.62,35
9/3/2024 17:00,avenue41_to_harrisln,NB,0.1,0.62,35.3
9/3/2024 18:00,avenue41_to_harrisln,NB,0.03,0.56,38.7
9/3/2024 19:00,avenue41_to_harrisln,NB,0.06,0.57,38.4
9/3/2024 20:00,avenue41_to_harrisln,NB,0.11,0.64,34.8
9/3/2024 21:00,avenue41_to_harrisln,NB,0.02,0.53,40.8
9/3/2024 22:00,avenue41_to_harrisln,NB,0.02,0.5,43.3
9/3/2024 23:00,avenue41_to_harrisln,NB,0,0.49,44.2
9/4/2024 0:00,avenue41_to_harrisln,NB,0.02,0.53,40.9
9/4/2024 1:00,avenue41_to_harrisln,NB,0,0.49,43.8
9/4/2024 2:00,avenue41_to_harrisln,NB,0,0.47,46.3
9/4/2024 3:00,avenue41_to_harrisln,NB,0.01,0.54,40.3
9/4/2024 4:00,avenue41_to_harrisln,NB,0.04,0.54,40.7
9/4/2024 5:00,avenue41_to_harrisln,NB,0.01,0.47,46.3
9/4/2024 6:00,avenue41_to_harrisln,NB,0.03,0.55,39.4
9/4/2024 7:00,avenue41_to_harrisln,NB,0.07,0.59,36.7
9/4/2024 8:00,avenue41_to_harrisln,NB,0.03,0.58,37.3
9/4/2024 9:00,avenue41_to_harrisln,NB,0.04,0.59,36.6
9/4/2024 10:00,avenue41_to_harrisln,NB,0.01,0.56,38.4
9/4/2024 11:00,avenue41_to_harrisln,NB,0.05,0.59,37.1
9/4/2024 12:00,avenue41_to_harrisln,NB,0.03,0.59,36.5
9/4/2024 13:00,avenue41_to_harrisln,NB,0.15,0.71,31.1
9/4/2024 14:00,avenue41_to_harrisln,NB,0.05,0.61,35.1
9/4/2024 15:00,avenue41_to_harrisln,NB,0.12,0.68,32.3
9/4/2024 16:00,avenue41_to_harrisln,NB,0.07,0.61,35.7
9/4/2024 17:00,avenue41_to_harrisln,NB,0.06,0.6,36.7
9/4/2024 18:00,avenue41_to_harrisln,NB,0.06,0.58,37.4
9/4/2024 19:00,avenue41_to_harrisln,NB,0.04,0.57,38
9/4/2024 20:00,avenue41_to_harrisln,NB,0.03,0.55,39.4
9/4/2024 21:00,avenue41_to_harrisln,NB,0.01,0.53,40.8
9/4/2024 22:00,avenue41_to_harrisln,NB,0.01,0.5,43.4
9/4/2024 23:00,avenue41_to_harrisln,NB,0,0.48,44.5
9/5/2024 0:00,avenue41_to_harrisln,NB,0,0.51,42
9/5/2024 1:00,avenue41_to_harrisln,NB,0,0.47,45.7
9/5/2024 2:00,avenue41_to_harrisln,NB,0.28,0.79,30.4
9/5/2024 3:00,avenue41_to_harrisln,NB,0,0.51,41.9
9/5/2024 4:00,avenue41_to_harrisln,NB,0,0.46,46.8
9/5/2024 5:00,avenue41_to_harrisln,NB,0.01,0.51,42.8
9/5/2024 6:00,avenue41_to_harrisln,NB,0.04,0.53,41.5
9/5/2024 7:00,avenue41_to_harrisln,NB,0.04,0.57,37.6
9/5/2024 8:00,avenue41_to_harrisln,NB,0.07,0.64,34.1
9/5/2024 9:00,avenue41_to_harrisln,NB,0.07,0.6,35.9
9/5/2024 10:00,avenue41_to_harrisln,NB,0.05,0.61,35.4
9/5/2024 11:00,avenue41_to_harrisln,NB,0.07,0.62,35.1
9/5/2024 12:00,avenue41_to_harrisln,NB,0.08,0.63,34.3
9/5/2024 13:00,avenue41_to_harrisln,NB,0.02,0.56,38.2
9/5/2024 14:00,avenue41_to_harrisln,NB,0.1,0.66,33.2
9/5/2024 15:00,avenue41_to_harrisln,NB,0.15,0.7,32.4
9/5/2024 16:00,avenue41_to_harrisln,NB,0.03,0.58,37.4
9/5/2024 17:00,avenue41_to_harrisln,NB,0.06,0.59,37.1
9/5/2024 18:00,avenue41_to_harrisln,NB,0.06,0.59,36.8
9/5/2024 19:00,avenue41_to_harrisln,NB,0.01,0.53,40.7
9/5/2024 20:00,avenue41_to_harrisln,NB,0.03,0.56,38.5
9/5/2024 21:00,avenue41_to_harrisln,NB,0.02,0.53,41
9/5/2024 22:00,avenue41_to_harrisln,NB,0.03,0.55,39
9/5/2024 23:00,avenue41_to_harrisln,NB,0,0.46,46.5
9/6/2024 0:00,avenue41_to_harrisln,NB,0.02,0.56,38.8
9/6/2024 1:00,avenue41_to_harrisln,NB,0,0.48,44.8
9/6/2024 2:00,avenue41_to_harrisln,NB,0,0.47,46
9/6/2024 3:00,avenue41_to_harrisln,NB,0,0.45,47.5
9/6/2024 4:00,avenue41_to_harrisln,NB,0.01,0.49,44.2
9/6/2024 5:00,avenue41_to_harrisln,NB,0,0.51,42.4
9/6/2024 6:00,avenue41_to_harrisln,NB,0.04,0.55,39.6
9/6/2024 7:00,avenue41_to_harrisln,NB,0.03,0.58,37.3
9/6/2024 8:00,avenue41_to_harrisln,NB,0.05,0.61,35.8
9/6/2024 9:00,avenue41_to_harrisln,NB,0.03,0.56,38.5
9/6/2024 10:00,avenue41_to_harrisln,NB,0.04,0.58,36.7
9/6/2024 11:00,avenue41_to_harrisln,NB,0.05,0.61,35.6
9/6/2024 12:00,avenue41_to_harrisln,NB,0.05,0.6,35.7
9/6/2024 13:00,avenue41_to_harrisln,NB,0.08,0.65,33.1
9/6/2024 14:00,avenue41_to_harrisln,NB,0.09,0.66,32.7
9/6/2024 15:00,avenue41_to_harrisln,NB,0.15,0.71,30.9
9/6/2024 16:00,avenue41_to_harrisln,NB,0.07,0.62,35
9/6/2024 17:00,avenue41_to_harrisln,NB,0.06,0.61,35.7
9/6/2024 18:00,avenue41_to_harrisln,NB,0.03,0.56,38.4
9/6/2024 19:00,avenue41_to_harrisln,NB,0.03,0.57,38.6
9/6/2024 20:00,avenue41_to_harrisln,NB,0.01,0.54,40.3
9/6/2024 21:00,avenue41_to_harrisln,NB,0.04,0.56,38.5
9/6/2024 22:00,avenue41_to_harrisln,NB,0.05,0.56,38.7
9/6/2024 23:00,avenue41_to_harrisln,NB,0.05,0.59,37.2
9/7/2024 0:00,avenue41_to_harrisln,NB,0.04,0.52,41.9
9/7/2024 1:00,avenue41_to_harrisln,NB,0.04,0.54,40.8
9/7/2024 2:00,avenue41_to_harrisln,NB,0.02,0.51,42.4
9/7/2024 3:00,avenue41_to_harrisln,NB,0,0.49,44
9/7/2024 4:00,avenue41_to_harrisln,NB,0.02,0.51,42.9
9/7/2024 5:00,avenue41_to_harrisln,NB,0.01,0.52,41.6
9/7/2024 6:00,avenue41_to_harrisln,NB,0.04,0.53,40.8
9/7/2024 7:00,avenue41_to_harrisln,NB,0.06,0.55,40.4
9/7/2024 8:00,avenue41_to_harrisln,NB,0.03,0.55,39.9
9/7/2024 9:00,avenue41_to_harrisln,NB,0.03,0.53,40.8
9/7/2024 10:00,avenue41_to_harrisln,NB,0.03,0.57,38
9/7/2024 11:00,avenue41_to_harrisln,NB,0.05,0.6,36.1
9/7/2024 12:00,avenue41_to_harrisln,NB,0.05,0.57,37.4
9/7/2024 13:00,avenue41_to_harrisln,NB,0.02,0.56,38.6
9/7/2024 14:00,avenue41_to_harrisln,NB,0.03,0.58,37.1
9/7/2024 15:00,avenue41_to_harrisln,NB,0.02,0.53,40.4
9/7/2024 16:00,avenue41_to_harrisln,NB,0.05,0.57,38.2
9/7/2024 17:00,avenue41_to_harrisln,NB,0.03,0.55,39.5
9/7/2024 18:00,avenue41_to_harrisln,NB,0.05,0.58,37.4
9/7/2024 19:00,avenue41_to_harrisln,NB,0.01,0.53,40.8
9/7/2024 20:00,avenue41_to_harrisln,NB,0.02,0.54,39.7
9/7/2024 21:00,avenue41_to_harrisln,NB,0.02,0.54,39.8
9/7/2024 22:00,avenue41_to_harrisln,NB,0.02,0.53,40.6
9/7/2024 23:00,avenue41_to_harrisln,NB,0.02,0.5,43.8
9/8/2024 0:00,avenue41_to_harrisln,NB,0.04,0.56,38.7
9/8/2024 1:00,avenue41_to_harrisln,NB,0.04,0.53,41
9/8/2024 2:00,avenue41_to_harrisln,NB,0,0.46,47.1
9/8/2024 3:00,avenue41_to_harrisln,NB,0.01,0.5,42.8
9/8/2024 4:00,avenue41_to_harrisln,NB,0.03,0.51,43.1
9/8/2024 5:00,avenue41_to_harrisln,NB,0.02,0.52,41.8
9/8/2024 6:00,avenue41_to_harrisln,NB,0.02,0.54,39.7
9/8/2024 7:00,avenue41_to_harrisln,NB,0.03,0.51,42.3
9/8/2024 8:00,avenue41_to_harrisln,NB,0.06,0.56,39.4
9/8/2024 9:00,avenue41_to_harrisln,NB,0.03,0.55,39.3
9/8/2024 10:00,avenue41_to_harrisln,NB,0.02,0.54,40.2
9/8/2024 11:00,avenue41_to_harrisln,NB,0.02,0.56,38.2
9/8/2024 12:00,avenue41_to_harrisln,NB,0.03,0.56,38.3
9/8/2024 13:00,avenue41_to_harrisln,NB,0.03,0.55,38.9
9/8/2024 14:00,avenue41_to_harrisln,NB,0.04,0.56,38.8
9/8/2024 15:00,avenue41_to_harrisln,NB,0,0.53,40.7
9/8/2024 16:00,avenue41_to_harrisln,NB,0.01,0.53,40.4
9/8/2024 17:00,avenue41_to_harrisln,NB,0.04,0.55,39
9/8/2024 18:00,avenue41_to_harrisln,NB,0.03,0.54,39.7
9/8/2024 19:00,avenue41_to_harrisln,NB,0.04,0.55,39.1
9/8/2024 20:00,avenue41_to_harrisln,NB,0.07,0.59,36.5
9/8/2024 21:00,avenue41_to_harrisln,NB,0.04,0.58,37.4
9/8/2024 22:00,avenue41_to_harrisln,NB,0.02,0.53,40.8
9/8/2024 23:00,avenue41_to_harrisln,NB,0.01,0.53,40.7
9/9/2024 0:00,avenue41_to_harrisln,NB,0,0.46,46.1
9/9/2024 1:00,avenue41_to_harrisln,NB,0,0.5,42.9
9/9/2024 2:00,avenue41_to_harrisln,NB,0.01,0.47,45.7
9/9/2024 3:00,avenue41_to_harrisln,NB,0,0.47,46
9/9/2024 4:00,avenue41_to_harrisln,NB,0,0.46,47.1
9/9/2024 5:00,avenue41_to_harrisln,NB,0.02,0.51,42
9/9/2024 6:00,avenue41_to_harrisln,NB,0,0.5,43.4
9/9/2024 7:00,avenue41_to_harrisln,NB,0.05,0.58,37.4
9/9/2024 8:00,avenue41_to_harrisln,NB,0.03,0.6,35.6
9/9/2024 9:00,avenue41_to_harrisln,NB,0.06,0.58,38.2
9/9/2024 10:00,avenue41_to_harrisln,NB,0.04,0.56,38.8
9/9/2024 11:00,avenue41_to_harrisln,NB,0.05,0.6,36
9/9/2024 12:00,avenue41_to_harrisln,NB,0.07,0.63,34.5
9/9/2024 13:00,avenue41_to_harrisln,NB,0.04,0.6,35.8
9/9/2024 14:00,avenue41_to_harrisln,NB,0.07,0.63,34.5
9/9/2024 15:00,avenue41_to_harrisln,NB,0.06,0.62,34.6
9/9/2024 16:00,avenue41_to_harrisln,NB,0.05,0.61,35.6
9/9/2024 17:00,avenue41_to_harrisln,NB,0.03,0.58,37.1
9/9/2024 18:00,avenue41_to_harrisln,NB,0.07,0.6,36.4
9/9/2024 19:00,avenue41_to_harrisln,NB,0.06,0.59,36.9
9/9/2024 20:00,avenue41_to_harrisln,NB,0.02,0.54,39.9
9/9/2024 21:00,avenue41_to_harrisln,NB,0.03,0.55,39.3
9/9/2024 22:00,avenue41_to_harrisln,NB,0.04,0.55,39.1
9/9/2024 23:00,avenue41_to_harrisln,NB,0.05,0.55,39.6
9/10/2024 0:00,avenue41_to_harrisln,NB,0,0.48,45
9/10/2024 1:00,avenue41_to_harrisln,NB,0,0.49,43.6
9/10/2024 2:00,avenue41_to_harrisln,NB,0,0.5,42.8
9/10/2024 3:00,avenue41_to_harrisln,NB,0,0.51,41.9
9/10/2024 4:00,avenue41_to_harrisln,NB,0,0.48,44.9
9/10/2024 5:00,avenue41_to_harrisln,NB,0.02,0.49,43.8
9/10/2024 6:00,avenue41_to_harrisln,NB,0,0.51,42.5
9/10/2024 7:00,avenue41_to_harrisln,NB,0.06,0.59,37
9/10/2024 8:00,avenue41_to_harrisln,NB,0.06,0.59,36.7
9/10/2024 9:00,avenue41_to_harrisln,NB,0.02,0.56,38.2
9/10/2024 10:00,avenue41_to_harrisln,NB,0.03,0.57,38.1
9/10/2024 11:00,avenue41_to_harrisln,NB,0.02,0.57,37.6
9/10/2024 12:00,avenue41_to_harrisln,NB,0.06,0.61,35.5
9/10/2024 13:00,avenue41_to_harrisln,NB,0.06,0.61,35.4
9/10/2024 14:00,avenue41_to_harrisln,NB,0.09,0.66,33.6
9/10/2024 15:00,avenue41_to_harrisln,NB,0.09,0.65,33.3
9/10/2024 16:00,avenue41_to_harrisln,NB,0.04,0.6,35.9
9/10/2024 17:00,avenue41_to_harrisln,NB,0.1,0.64,34.7
9/10/2024 18:00,avenue41_to_harrisln,NB,0.08,0.6,36.2
9/10/2024 19:00,avenue41_to_harrisln,NB,0.07,0.61,36
9/10/2024 20:00,avenue41_to_harrisln,NB,0.06,0.59,36.9
9/10/2024 21:00,avenue41_to_harrisln,NB,0.01,0.54,39.8
9/10/2024 22:00,avenue41_to_harrisln,NB,0,0.5,43.1
9/10/2024 23:00,avenue41_to_harrisln,NB,0.07,0.59,37.3
9/11/2024 0:00,avenue41_to_harrisln,NB,0.07,0.56,40
9/11/2024 1:00,avenue41_to_harrisln,NB,0.01,0.47,46
9/11/2024 2:00,avenue41_to_harrisln,NB,0,0.45,47.5
9/11/2024 3:00,avenue41_to_harrisln,NB,0,0.47,45.1
9/11/2024 4:00,avenue41_to_harrisln,NB,0,0.45,48.1
9/11/2024 5:00,avenue41_to_harrisln,NB,0,0.5,43.4
9/11/2024 6:00,avenue41_to_harrisln,NB,0.01,0.53,40.5
9/11/2024 7:00,avenue41_to_harrisln,NB,0.07,0.59,37.3
9/11/2024 8:00,avenue41_to_harrisln,NB,0.03,0.57,37.4
9/11/2024 9:00,avenue41_to_harrisln,NB,0.05,0.6,36.1
9/11/2024 10:00,avenue41_to_harrisln,NB,0,0.56,38.1
9/11/2024 11:00,avenue41_to_harrisln,NB,0.07,0.63,34.4
9/11/2024 12:00,avenue41_to_harrisln,NB,0.05,0.61,35.6
9/11/2024 13:00,avenue41_to_harrisln,NB,0.05,0.58,37.4
9/11/2024 14:00,avenue41_to_harrisln,NB,0.06,0.63,34.3
9/11/2024 15:00,avenue41_to_harrisln,NB,0.11,0.68,31.9
9/11/2024 16:00,avenue41_to_harrisln,NB,0.05,0.59,37.3
9/11/2024 17:00,avenue41_to_harrisln,NB,0.06,0.61,35.6
9/11/2024 18:00,avenue41_to_harrisln,NB,0.03,0.57,38.3
9/11/2024 19:00,avenue41_to_harrisln,NB,0.03,0.56,38.7
9/11/2024 20:00,avenue41_to_harrisln,NB,0.1,0.64,35.2
9/11/2024 21:00,avenue41_to_harrisln,NB,0.01,0.54,40.2
9/11/2024 22:00,avenue41_to_harrisln,NB,0.07,0.58,38.1
9/11/2024 23:00,avenue41_to_harrisln,NB,0.01,0.52,41.8
9/12/2024 0:00,avenue41_to_harrisln,NB,0,0.45,47.6
9/12/2024 1:00,avenue41_to_harrisln,NB,0.01,0.5,43
9/12/2024 2:00,avenue41_to_harrisln,NB,0,0.48,44.7
9/12/2024 3:00,avenue41_to_harrisln,NB,0,0.5,43.5
9/12/2024 4:00,avenue41_to_harrisln,NB,0,0.45,47.7
9/12/2024 5:00,avenue41_to_harrisln,NB,0,0.53,40.9
9/12/2024 6:00,avenue41_to_harrisln,NB,0.01,0.51,42.6
9/12/2024 7:00,avenue41_to_harrisln,NB,0.07,0.59,37.4
9/12/2024 8:00,avenue41_to_harrisln,NB,0.03,0.58,37
9/12/2024 9:00,avenue41_to_harrisln,NB,0.03,0.58,37.4
9/12/2024 10:00,avenue41_to_harrisln,NB,0.06,0.61,35.5
9/12/2024 11:00,avenue41_to_harrisln,NB,0.08,0.64,34
9/12/2024 12:00,avenue41_to_harrisln,NB,0.1,0.66,32.8
9/12/2024 13:00,avenue41_to_harrisln,NB,0.07,0.63,34.6
9/12/2024 14:00,avenue41_to_harrisln,NB,0.05,0.61,35.2
9/12/2024 15:00,avenue41_to_harrisln,NB,0.1,0.66,32.8
9/12/2024 16:00,avenue41_to_harrisln,NB,0.12,0.66,32.9
9/12/2024 17:00,avenue41_to_harrisln,NB,0.08,0.62,35.6
9/12/2024 18:00,avenue41_to_harrisln,NB,0.04,0.57,37.5
9/12/2024 19:00,avenue41_to_harrisln,NB,0.11,0.66,33.4
9/12/2024 20:00,avenue41_to_harrisln,NB,0.08,0.61,35.2
9/12/2024 21:00,avenue41_to_harrisln,NB,0.02,0.55,39.2
9/12/2024 22:00,avenue41_to_harrisln,NB,0.02,0.52,41.8
9/12/2024 23:00,avenue41_to_harrisln,NB,0.03,0.53,40.6
9/13/2024 0:00,avenue41_to_harrisln,NB,0,0.51,42.4
9/13/2024 1:00,avenue41_to_harrisln,NB,0,0.49,43.3
9/13/2024 2:00,avenue41_to_harrisln,NB,0.01,0.46,46.6
9/13/2024 3:00,avenue41_to_harrisln,NB,0,0.46,46.6
9/13/2024 4:00,avenue41_to_harrisln,NB,0,0.48,44.8
9/13/2024 5:00,avenue41_to_harrisln,NB,0,0.49,43.5
9/13/2024 6:00,avenue41_to_harrisln,NB,0.01,0.53,40.6
9/13/2024 7:00,avenue41_to_harrisln,NB,0.05,0.57,38
9/13/2024 8:00,avenue41_to_harrisln,NB,0.03,0.57,37.7
9/13/2024 9:00,avenue41_to_harrisln,NB,0.05,0.59,36.7
9/13/2024 10:00,avenue41_to_harrisln,NB,0.08,0.64,33.4
9/13/2024 11:00,avenue41_to_harrisln,NB,1.16,1.74,20.8
9/13/2024 12:00,avenue41_to_harrisln,NB,2,2.61,8.3
9/13/2024 13:00,avenue41_to_harrisln,NB,1.25,1.84,20.7
9/13/2024 14:00,avenue41_to_harrisln,NB,0.14,0.7,31
9/13/2024 15:00,avenue41_to_harrisln,NB,0.08,0.64,34
9/13/2024 16:00,avenue41_to_harrisln,NB,0.07,0.62,34.7
9/13/2024 17:00,avenue41_to_harrisln,NB,0.07,0.62,35
9/13/2024 18:00,avenue41_to_harrisln,NB,0.07,0.59,36.6
9/13/2024 19:00,avenue41_to_harrisln,NB,0.04,0.58,37.6
9/13/2024 20:00,avenue41_to_harrisln,NB,0.04,0.57,38
9/13/2024 21:00,avenue41_to_harrisln,NB,0.03,0.56,38.5
9/13/2024 22:00,avenue41_to_harrisln,NB,0.03,0.53,40.3
9/13/2024 23:00,avenue41_to_harrisln,NB,0.01,0.52,41.4
9/14/2024 0:00,avenue41_to_harrisln,NB,0,0.5,43.2
9/14/2024 1:00,avenue41_to_harrisln,NB,0.01,0.5,42.5
9/14/2024 2:00,avenue41_to_harrisln,NB,0.02,0.51,42.7
9/14/2024 3:00,avenue41_to_harrisln,NB,0.02,0.5,43
9/14/2024 4:00,avenue41_to_harrisln,NB,0.01,0.53,41.9
9/14/2024 5:00,avenue41_to_harrisln,NB,0,0.45,47.4
9/14/2024 6:00,avenue41_to_harrisln,NB,0,0.47,45.4
9/14/2024 7:00,avenue41_to_harrisln,NB,0.01,0.51,42
9/14/2024 8:00,avenue41_to_harrisln,NB,0.03,0.59,36.4
9/14/2024 9:00,avenue41_to_harrisln,NB,0.02,0.54,40.1
9/14/2024 10:00,avenue41_to_harrisln,NB,0.07,0.6,36.4
9/14/2024 11:00,avenue41_to_harrisln,NB,0.03,0.57,38.2
9/14/2024 12:00,avenue41_to_harrisln,NB,0.02,0.55,38.8
9/14/2024 13:00,avenue41_to_harrisln,NB,0.06,0.58,37.8
9/14/2024 14:00,avenue41_to_harrisln,NB,0.04,0.58,37.2
9/14/2024 15:00,avenue41_to_harrisln,NB,0.02,0.55,38.9
9/14/2024 16:00,avenue41_to_harrisln,NB,0.03,0.57,37.5
9/14/2024 17:00,avenue41_to_harrisln,NB,0.09,0.61,36.3
9/14/2024 18:00,avenue41_to_harrisln,NB,0.01,0.54,39.7
9/14/2024 19:00,avenue41_to_harrisln,NB,0.02,0.58,37.1
9/14/2024 20:00,avenue41_to_harrisln,NB,0.03,0.56,38.6
9/14/2024 21:00,avenue41_to_harrisln,NB,0.01,0.54,40
9/14/2024 22:00,avenue41_to_harrisln,NB,0.04,0.57,38.2
9/14/2024 23:00,avenue41_to_harrisln,NB,0.04,0.55,38.9
9/15/2024 0:00,avenue41_to_harrisln,NB,0,0.48,44.7
9/15/2024 1:00,avenue41_to_harrisln,NB,0,0.49,44
9/15/2024 2:00,avenue41_to_harrisln,NB,0.01,0.48,45.4
9/15/2024 3:00,avenue41_to_harrisln,NB,0,0.51,42.3
9/15/2024 4:00,avenue41_to_harrisln,NB,0.01,0.51,42
9/15/2024 5:00,avenue41_to_harrisln,NB,0.02,0.52,41.1
9/15/2024 6:00,avenue41_to_harrisln,NB,0,0.5,42.7
9/15/2024 7:00,avenue41_to_harrisln,NB,0.08,0.59,37.6
9/15/2024 8:00,avenue41_to_harrisln,NB,0,0.52,41.8
9/15/2024 9:00,avenue41_to_harrisln,NB,0.05,0.59,36.9
9/15/2024 10:00,avenue41_to_harrisln,NB,0.1,0.62,35.7
9/15/2024 11:00,avenue41_to_harrisln,NB,0.01,0.55,39
9/15/2024 12:00,avenue41_to_harrisln,NB,0.01,0.55,38.9
9/15/2024 13:00,avenue41_to_harrisln,NB,0.04,0.59,36.5
9/15/2024 14:00,avenue41_to_harrisln,NB,0.06,0.6,35.8
9/15/2024 15:00,avenue41_to_harrisln,NB,0.06,0.58,37.5
9/15/2024 16:00,avenue41_to_harrisln,NB,0.01,0.54,39.7
9/15/2024 17:00,avenue41_to_harrisln,NB,0.08,0.61,36.2
9/15/2024 18:00,avenue41_to_harrisln,NB,0.07,0.58,37.7
9/15/2024 19:00,avenue41_to_harrisln,NB,0.01,0.53,40.2
9/15/2024 20:00,avenue41_to_harrisln,NB,0.09,0.63,34.4
9/15/2024 21:00,avenue41_to_harrisln,NB,0.04,0.55,38.9
9/15/2024 22:00,avenue41_to_harrisln,NB,0.01,0.52,41.5
9/15/2024 23:00,avenue41_to_harrisln,NB,0,0.49,43.9
9/16/2024 0:00,avenue41_to_harrisln,NB,0,0.5,43.9
9/16/2024 1:00,avenue41_to_harrisln,NB,0.01,0.5,43.4
9/16/2024 2:00,avenue41_to_harrisln,NB,0.07,0.56,39.4
9/16/2024 3:00,avenue41_to_harrisln,NB,0,0.45,47.2
9/16/2024 4:00,avenue41_to_harrisln,NB,0.02,0.52,41.8
9/16/2024 5:00,avenue41_to_harrisln,NB,0,0.48,45
9/16/2024 6:00,avenue41_to_harrisln,NB,0.02,0.52,41.8
9/16/2024 7:00,avenue41_to_harrisln,NB,0.06,0.59,36.8
9/16/2024 8:00,avenue41_to_harrisln,NB,0.05,0.59,36.7
9/16/2024 9:00,avenue41_to_harrisln,NB,0.05,0.58,37
9/16/2024 10:00,avenue41_to_harrisln,NB,0.05,0.59,36.8
9/16/2024 11:00,avenue41_to_harrisln,NB,0.05,0.59,36.8
9/16/2024 12:00,avenue41_to_harrisln,NB,0.04,0.59,36.4
9/16/2024 13:00,avenue41_to_harrisln,NB,0.04,0.58,37.3
9/16/2024 14:00,avenue41_to_harrisln,NB,0.04,0.61,35.5
9/16/2024 15:00,avenue41_to_harrisln,NB,0.17,0.72,31
9/16/2024 16:00,avenue41_to_harrisln,NB,0.05,0.59,36.8
9/16/2024 17:00,avenue41_to_harrisln,NB,0.04,0.58,37.2
9/16/2024 18:00,avenue41_to_harrisln,NB,0.1,0.61,36.4
9/16/2024 19:00,avenue41_to_harrisln,NB,0.01,0.55,39.2
9/16/2024 20:00,avenue41_to_harrisln,NB,0.04,0.57,38.2
9/16/2024 21:00,avenue41_to_harrisln,NB,0.01,0.54,39.5
9/16/2024 22:00,avenue41_to_harrisln,NB,0.05,0.56,38.5
9/16/2024 23:00,avenue41_to_harrisln,NB,0,0.48,44.8
9/17/2024 0:00,avenue41_to_harrisln,NB,0,0.44,48.4
9/17/2024 1:00,avenue41_to_harrisln,NB,0,0.46,46.6
9/17/2024 2:00,avenue41_to_harrisln,NB,0,0.5,42.9
9/17/2024 3:00,avenue41_to_harrisln,NB,0,0.48,45.4
9/17/2024 4:00,avenue41_to_harrisln,NB,0,0.48,45.1
9/17/2024 5:00,avenue41_to_harrisln,NB,0,0.5,42.4
9/17/2024 6:00,avenue41_to_harrisln,NB,0.01,0.54,40.2
9/17/2024 7:00,avenue41_to_harrisln,NB,0.08,0.62,35
9/17/2024 8:00,avenue41_to_harrisln,NB,0.05,0.61,35.3
9/17/2024 9:00,avenue41_to_harrisln,NB,0.06,0.62,35.1
9/17/2024 10:00,avenue41_to_harrisln,NB,0.02,0.57,37.7
9/17/2024 11:00,avenue41_to_harrisln,NB,0.03,0.59,36.7
9/17/2024 12:00,avenue41_to_harrisln,NB,0.11,0.66,32.6
9/17/2024 13:00,avenue41_to_harrisln,NB,0.05,0.59,37
9/17/2024 14:00,avenue41_to_harrisln,NB,0.06,0.63,34
9/17/2024 15:00,avenue41_to_harrisln,NB,0.2,0.75,29.6
9/17/2024 16:00,avenue41_to_harrisln,NB,0.03,0.58,37
9/17/2024 17:00,avenue41_to_harrisln,NB,0.11,0.66,32.8
9/17/2024 18:00,avenue41_to_harrisln,NB,0.04,0.58,37
9/17/2024 19:00,avenue41_to_harrisln,NB,0.04,0.58,37
9/17/2024 20:00,avenue41_to_harrisln,NB,0.02,0.54,39.7
9/17/2024 21:00,avenue41_to_harrisln,NB,0.02,0.56,38.6
9/17/2024 22:00,avenue41_to_harrisln,NB,0.05,0.54,41.4
9/17/2024 23:00,avenue41_to_harrisln,NB,0.09,0.61,36.1
9/18/2024 0:00,avenue41_to_harrisln,NB,0,0.47,46.1
9/18/2024 1:00,avenue41_to_harrisln,NB,0.04,0.58,38.3
9/18/2024 2:00,avenue41_to_harrisln,NB,0,0.49,43.6
9/18/2024 3:00,avenue41_to_harrisln,NB,0,0.47,45.1
9/18/2024 4:00,avenue41_to_harrisln,NB,0,0.47,45.7
9/18/2024 5:00,avenue41_to_harrisln,NB,0,0.48,44.8
9/18/2024 6:00,avenue41_to_harrisln,NB,0.02,0.52,41.1
9/18/2024 7:00,avenue41_to_harrisln,NB,0.05,0.6,36
9/18/2024 8:00,avenue41_to_harrisln,NB,0.06,0.61,36
9/18/2024 9:00,avenue41_to_harrisln,NB,0.01,0.56,38.2
9/18/2024 10:00,avenue41_to_harrisln,NB,0.02,0.56,38.3
9/18/2024 11:00,avenue41_to_harrisln,NB,0.03,0.57,37.6
9/18/2024 12:00,avenue41_to_harrisln,NB,0.07,0.63,34.9
9/18/2024 13:00,avenue41_to_harrisln,NB,0.04,0.62,35
9/18/2024 14:00,avenue41_to_harrisln,NB,0.06,0.63,34.1
9/18/2024 15:00,avenue41_to_harrisln,NB,0.11,0.67,32.5
9/18/2024 16:00,avenue41_to_harrisln,NB,0.05,0.6,36.1
9/18/2024 17:00,avenue41_to_harrisln,NB,0.05,0.59,37
9/18/2024 18:00,avenue41_to_harrisln,NB,0.05,0.57,38.3
9/18/2024 19:00,avenue41_to_harrisln,NB,0.06,0.59,36.8
9/18/2024 20:00,avenue41_to_harrisln,NB,0.03,0.56,38.7
9/18/2024 21:00,avenue41_to_harrisln,NB,0.04,0.54,40.2
9/18/2024 22:00,avenue41_to_harrisln,NB,0.01,0.52,41.8
9/18/2024 23:00,avenue41_to_harrisln,NB,0,0.52,41.1
9/19/2024 0:00,avenue41_to_harrisln,NB,0,0.5,43.4
9/19/2024 1:00,avenue41_to_harrisln,NB,0,0.51,42.4
9/19/2024 2:00,avenue41_to_harrisln,NB,0,0.45,47.6
9/19/2024 3:00,avenue41_to_harrisln,NB,0.02,0.52,41.3
9/19/2024 4:00,avenue41_to_harrisln,NB,0,0.5,43.1
9/19/2024 5:00,avenue41_to_harrisln,NB,0.01,0.52,41.9
9/19/2024 6:00,avenue41_to_harrisln,NB,0.01,0.52,41
9/19/2024 7:00,avenue41_to_harrisln,NB,0.02,0.54,39.9
9/19/2024 8:00,avenue41_to_harrisln,NB,0.03,0.59,36.4
9/19/2024 9:00,avenue41_to_harrisln,NB,0.03,0.59,36.5
9/19/2024 10:00,avenue41_to_harrisln,NB,0.02,0.58,37.5
9/19/2024 11:00,avenue41_to_harrisln,NB,0.04,0.61,35.7
9/19/2024 12:00,avenue41_to_harrisln,NB,0.05,0.59,36.4
9/19/2024 13:00,avenue41_to_harrisln,NB,0.09,0.63,34.7
9/19/2024 14:00,avenue41_to_harrisln,NB,0.08,0.65,33.5
9/19/2024 15:00,avenue41_to_harrisln,NB,0.07,0.65,33.3
9/19/2024 16:00,avenue41_to_harrisln,NB,0.08,0.63,34.4
9/19/2024 17:00,avenue41_to_harrisln,NB,0.06,0.62,35
9/19/2024 18:00,avenue41_to_harrisln,NB,0.07,0.62,35.1
9/19/2024 19:00,avenue41_to_harrisln,NB,0.05,0.57,38.9
9/19/2024 20:00,avenue41_to_harrisln,NB,0.02,0.58,37.1
9/19/2024 21:00,avenue41_to_harrisln,NB,0.03,0.55,39
9/19/2024 22:00,avenue41_to_harrisln,NB,0.01,0.52,41.4
9/19/2024 23:00,avenue41_to_harrisln,NB,0.02,0.53,40.5
9/20/2024 0:00,avenue41_to_harrisln,NB,0,0.51,41.8
9/20/2024 1:00,avenue41_to_harrisln,NB,0.02,0.48,45.3
9/20/2024 2:00,avenue41_to_harrisln,NB,0.02,0.51,42.7
9/20/2024 3:00,avenue41_to_harrisln,NB,0,0.5,43.3
9/20/2024 4:00,avenue41_to_harrisln,NB,0,0.47,45.7
9/20/2024 5:00,avenue41_to_harrisln,NB,0.01,0.52,42.4
9/20/2024 6:00,avenue41_to_harrisln,NB,0.04,0.55,39.5
9/20/2024 7:00,avenue41_to_harrisln,NB,0.03,0.56,39
9/20/2024 8:00,avenue41_to_harrisln,NB,0.07,0.62,35.7
9/20/2024 9:00,avenue41_to_harrisln,NB,0.05,0.6,36.2
9/20/2024 10:00,avenue41_to_harrisln,NB,0.02,0.58,37
9/20/2024 11:00,avenue41_to_harrisln,NB,0.06,0.62,35.2
9/20/2024 12:00,avenue41_to_harrisln,NB,0.05,0.62,35
9/20/2024 13:00,avenue41_to_harrisln,NB,0.04,0.61,35.2
9/20/2024 14:00,avenue41_to_harrisln,NB,0.08,0.67,32.4
9/20/2024 15:00,avenue41_to_harrisln,NB,0.11,0.68,31.9
9/20/2024 16:00,avenue41_to_harrisln,NB,0.08,0.64,34.4
9/20/2024 17:00,avenue41_to_harrisln,NB,0.08,0.61,35.5
9/20/2024 18:00,avenue41_to_harrisln,NB,0.04,0.58,37.3
9/20/2024 19:00,avenue41_to_harrisln,NB,0.02,0.59,36.6
9/20/2024 20:00,avenue41_to_harrisln,NB,0.01,0.56,38.4
9/20/2024 21:00,avenue41_to_harrisln,NB,0.02,0.55,38.9
9/20/2024 22:00,avenue41_to_harrisln,NB,0.02,0.55,39.5
9/20/2024 23:00,avenue41_to_harrisln,NB,0,0.5,43.1
9/21/2024 0:00,avenue41_to_harrisln,NB,0.05,0.55,40.2
9/21/2024 1:00,avenue41_to_harrisln,NB,0.01,0.5,43.2
9/21/2024 2:00,avenue41_to_harrisln,NB,0,0.49,43.9
9/21/2024 3:00,avenue41_to_harrisln,NB,0,0.49,43.8
9/21/2024 4:00,avenue41_to_harrisln,NB,0.01,0.49,44.1
9/21/2024 5:00,avenue41_to_harrisln,NB,0,0.47,45.2
9/21/2024 6:00,avenue41_to_harrisln,NB,0.02,0.53,41
9/21/2024 7:00,avenue41_to_harrisln,NB,0.08,0.59,37
9/21/2024 8:00,avenue41_to_harrisln,NB,0.05,0.54,41.1
9/21/2024 9:00,avenue41_to_harrisln,NB,0,0.49,44
9/21/2024 10:00,avenue41_to_harrisln,NB,0,0.49,44
9/21/2024 11:00,avenue41_to_harrisln,NB,0,0.49,44
9/21/2024 12:00,avenue41_to_harrisln,NB,0.02,0.54,40.3
9/21/2024 13:00,avenue41_to_harrisln,NB,0.07,0.59,36.5
9/21/2024 14:00,avenue41_to_harrisln,NB,0.03,0.56,38.5
9/21/2024 15:00,avenue41_to_harrisln,NB,0.02,0.54,39.7
9/21/2024 16:00,avenue41_to_harrisln,NB,0.03,0.56,38.5
9/21/2024 17:00,avenue41_to_harrisln,NB,0.07,0.59,36.4
9/21/2024 18:00,avenue41_to_harrisln,NB,0.03,0.54,40.2
9/21/2024 19:00,avenue41_to_harrisln,NB,0.03,0.57,38.1
9/21/2024 20:00,avenue41_to_harrisln,NB,0.02,0.56,38.5
9/21/2024 21:00,avenue41_to_harrisln,NB,0.03,0.55,38.8
9/21/2024 22:00,avenue41_to_harrisln,NB,0,0.51,42.1
9/21/2024 23:00,avenue41_to_harrisln,NB,0.02,0.53,40.5
9/22/2024 0:00,avenue41_to_harrisln,NB,0,0.49,43.7
9/22/2024 1:00,avenue41_to_harrisln,NB,0,0.49,43.7
9/22/2024 2:00,avenue41_to_harrisln,NB,0.01,0.51,42.3
9/22/2024 3:00,avenue41_to_harrisln,NB,0.02,0.52,41.2
9/22/2024 4:00,avenue41_to_harrisln,NB,0,0.47,45.4
9/22/2024 5:00,avenue41_to_harrisln,NB,0,0.49,44.1
9/22/2024 6:00,avenue41_to_harrisln,NB,0,0.5,42.9
9/22/2024 7:00,avenue41_to_harrisln,NB,0.03,0.5,43.5
9/22/2024 8:00,avenue41_to_harrisln,NB,0.06,0.54,41.1
9/22/2024 9:00,avenue41_to_harrisln,NB,0.03,0.55,39.3
9/22/2024 10:00,avenue41_to_harrisln,NB,0.02,0.55,39.2
9/22/2024 11:00,avenue41_to_harrisln,NB,0.06,0.6,36.6
9/22/2024 12:00,avenue41_to_harrisln,NB,0.01,0.55,39.1
9/22/2024 13:00,avenue41_to_harrisln,NB,0.04,0.55,39
9/22/2024 14:00,avenue41_to_harrisln,NB,0.04,0.55,39.4
9/22/2024 15:00,avenue41_to_harrisln,NB,0.06,0.6,36.5
9/22/2024 16:00,avenue41_to_harrisln,NB,0.01,0.53,40.7
9/22/2024 17:00,avenue41_to_harrisln,NB,0.03,0.56,38.9
9/22/2024 18:00,avenue41_to_harrisln,NB,0.12,0.65,34
9/22/2024 19:00,avenue41_to_harrisln,NB,0.03,0.56,38.8
9/22/2024 20:00,avenue41_to_harrisln,NB,0.04,0.54,40.7
9/22/2024 21:00,avenue41_to_harrisln,NB,0.05,0.54,40
9/22/2024 22:00,avenue41_to_harrisln,NB,0.02,0.51,42.5
9/22/2024 23:00,avenue41_to_harrisln,NB,0.06,0.56,38.7
9/23/2024 0:00,avenue41_to_harrisln,NB,0,0.46,46.7
9/23/2024 1:00,avenue41_to_harrisln,NB,0,0.5,42.8
9/23/2024 2:00,avenue41_to_harrisln,NB,0,0.46,47.1
9/23/2024 3:00,avenue41_to_harrisln,NB,0.01,0.52,41.6
9/23/2024 4:00,avenue41_to_harrisln,NB,0,0.47,46.1
9/23/2024 5:00,avenue41_to_harrisln,NB,0,0.51,42.1
9/23/2024 6:00,avenue41_to_harrisln,NB,0,0.51,41.7
9/23/2024 7:00,avenue41_to_harrisln,NB,0.13,0.66,33.9
9/23/2024 8:00,avenue41_to_harrisln,NB,0.06,0.6,36.1
9/23/2024 9:00,avenue41_to_harrisln,NB,0.09,0.65,33.8
9/23/2024 10:00,avenue41_to_harrisln,NB,0.04,0.58,37.3
9/23/2024 11:00,avenue41_to_harrisln,NB,0.02,0.58,36.9
9/23/2024 12:00,avenue41_to_harrisln,NB,0.05,0.61,35.5
9/23/2024 13:00,avenue41_to_harrisln,NB,0.06,0.61,35.2
9/23/2024 14:00,avenue41_to_harrisln,NB,0.12,0.68,32.6
9/23/2024 15:00,avenue41_to_harrisln,NB,0.1,0.67,32.1
9/23/2024 16:00,avenue41_to_harrisln,NB,0.06,0.61,35.1
9/23/2024 17:00,avenue41_to_harrisln,NB,0.08,0.62,35.2
9/23/2024 18:00,avenue41_to_harrisln,NB,0.02,0.56,38.7
9/23/2024 19:00,avenue41_to_harrisln,NB,0.09,0.63,34.9
9/23/2024 20:00,avenue41_to_harrisln,NB,0.05,0.58,37.1
9/23/2024 21:00,avenue41_to_harrisln,NB,0.03,0.55,39
9/23/2024 22:00,avenue41_to_harrisln,NB,0,0.48,45
9/23/2024 23:00,avenue41_to_harrisln,NB,0.02,0.5,43.3
9/24/2024 0:00,avenue41_to_harrisln,NB,0,0.46,46.2
9/24/2024 1:00,avenue41_to_harrisln,NB,0,0.52,41.6
9/24/2024 2:00,avenue41_to_harrisln,NB,0,0.44,48.4
9/24/2024 3:00,avenue41_to_harrisln,NB,0,0.48,44.4
9/24/2024 4:00,avenue41_to_harrisln,NB,0,0.45,47.5
9/24/2024 5:00,avenue41_to_harrisln,NB,0.02,0.5,43.3
9/24/2024 6:00,avenue41_to_harrisln,NB,0.03,0.54,40
9/24/2024 7:00,avenue41_to_harrisln,NB,0.04,0.58,37.5
9/24/2024 8:00,avenue41_to_harrisln,NB,0.1,0.65,33
9/24/2024 9:00,avenue41_to_harrisln,NB,0.04,0.59,36.9
9/24/2024 10:00,avenue41_to_harrisln,NB,0.07,0.63,34.5
9/24/2024 11:00,avenue41_to_harrisln,NB,0.09,0.63,35.5
9/24/2024 12:00,avenue41_to_harrisln,NB,0.06,0.61,35.5
9/24/2024 13:00,avenue41_to_harrisln,NB,0.04,0.59,36.5
9/24/2024 14:00,avenue41_to_harrisln,NB,0.12,0.68,32.2
9/24/2024 15:00,avenue41_to_harrisln,NB,0.09,0.64,33.9
9/24/2024 16:00,avenue41_to_harrisln,NB,0.09,0.63,34.5
9/24/2024 17:00,avenue41_to_harrisln,NB,0.04,0.6,36
9/24/2024 18:00,avenue41_to_harrisln,NB,0.06,0.57,38.3
9/24/2024 19:00,avenue41_to_harrisln,NB,0.02,0.54,39.9
9/24/2024 20:00,avenue41_to_harrisln,NB,0.05,0.58,37.2
9/24/2024 21:00,avenue41_to_harrisln,NB,0.03,0.58,37.5
9/24/2024 22:00,avenue41_to_harrisln,NB,0.01,0.53,40.9
9/24/2024 23:00,avenue41_to_harrisln,NB,0.02,0.53,40.6
9/25/2024 0:00,avenue41_to_harrisln,NB,0.01,0.51,41.9
9/25/2024 1:00,avenue41_to_harrisln,NB,0.01,0.48,45.3
9/25/2024 2:00,avenue41_to_harrisln,NB,0,0.47,45.6
9/25/2024 3:00,avenue41_to_harrisln,NB,0,0.46,46.5
9/25/2024 4:00,avenue41_to_harrisln,NB,0,0.45,47.5
9/25/2024 5:00,avenue41_to_harrisln,NB,0.02,0.52,41.5
9/25/2024 6:00,avenue41_to_harrisln,NB,0.01,0.52,41.4
9/25/2024 7:00,avenue41_to_harrisln,NB,0.13,0.67,32.8
9/25/2024 8:00,avenue41_to_harrisln,NB,0.08,0.64,33.8
9/25/2024 9:00,avenue41_to_harrisln,NB,0.06,0.61,35.4
9/25/2024 10:00,avenue41_to_harrisln,NB,0.02,0.57,37.6
9/25/2024 11:00,avenue41_to_harrisln,NB,0.01,0.57,38.1
9/25/2024 12:00,avenue41_to_harrisln,NB,0.03,0.59,36.5
9/25/2024 13:00,avenue41_to_harrisln,NB,0.07,0.63,34.2
9/25/2024 14:00,avenue41_to_harrisln,NB,0.2,0.77,29.8
9/25/2024 15:00,avenue41_to_harrisln,NB,0.11,0.67,32.4
9/25/2024 16:00,avenue41_to_harrisln,NB,0.05,0.61,35.1
9/25/2024 17:00,avenue41_to_harrisln,NB,0.01,0.56,38.2
9/25/2024 18:00,avenue41_to_harrisln,NB,0.04,0.59,36.6
9/25/2024 19:00,avenue41_to_harrisln,NB,0.07,0.62,35.2
9/25/2024 20:00,avenue41_to_harrisln,NB,0.04,0.57,38.1
9/25/2024 21:00,avenue41_to_harrisln,NB,0.03,0.55,39.1
9/25/2024 22:00,avenue41_to_harrisln,NB,0.02,0.55,39.6
9/25/2024 23:00,avenue41_to_harrisln,NB,0,0.49,44.3
9/26/2024 0:00,avenue41_to_harrisln,NB,0,0.48,44.5
9/26/2024 1:00,avenue41_to_harrisln,NB,0,0.52,41.2
9/26/2024 2:00,avenue41_to_harrisln,NB,0,0.47,45.4
9/26/2024 3:00,avenue41_to_harrisln,NB,0,0.5,43
9/26/2024 4:00,avenue41_to_harrisln,NB,0,0.48,44.8
9/26/2024 5:00,avenue41_to_harrisln,NB,0,0.47,45.5
9/26/2024 6:00,avenue41_to_harrisln,NB,0.03,0.55,39.2
9/26/2024 7:00,avenue41_to_harrisln,NB,0.15,0.68,32
9/26/2024 8:00,avenue41_to_harrisln,NB,0.09,0.66,32.6
9/26/2024 9:00,avenue41_to_harrisln,NB,0.04,0.59,36.4
9/26/2024 10:00,avenue41_to_harrisln,NB,0.03,0.59,36.2
9/26/2024 11:00,avenue41_to_harrisln,NB,0.05,0.61,35.3
9/26/2024 12:00,avenue41_to_harrisln,NB,0.04,0.58,37.2
9/26/2024 13:00,avenue41_to_harrisln,NB,0.02,0.57,37.7
9/26/2024 14:00,avenue41_to_harrisln,NB,0.08,0.64,34
9/26/2024 15:00,avenue41_to_harrisln,NB,0.09,0.66,32.8
9/26/2024 16:00,avenue41_to_harrisln,NB,0.07,0.61,35.3
9/26/2024 17:00,avenue41_to_harrisln,NB,0.09,0.63,34.5
9/26/2024 18:00,avenue41_to_harrisln,NB,0.05,0.61,35.5
9/26/2024 19:00,avenue41_to_harrisln,NB,0.06,0.61,35.1
9/26/2024 20:00,avenue41_to_harrisln,NB,0.05,0.59,36.9
9/26/2024 21:00,avenue41_to_harrisln,NB,0.01,0.51,41.8
9/26/2024 22:00,avenue41_to_harrisln,NB,0.05,0.56,38.5
9/26/2024 23:00,avenue41_to_harrisln,NB,0.03,0.53,41.2
9/27/2024 0:00,avenue41_to_harrisln,NB,0,0.53,40.5
9/27/2024 1:00,avenue41_to_harrisln,NB,0,0.5,42.9
9/27/2024 2:00,avenue41_to_harrisln,NB,0,0.44,49.2
9/27/2024 3:00,avenue41_to_harrisln,NB,0,0.47,46
9/27/2024 4:00,avenue41_to_harrisln,NB,0,0.47,46.2
9/27/2024 5:00,avenue41_to_harrisln,NB,0.04,0.55,39.9
9/27/2024 6:00,avenue41_to_harrisln,NB,0.08,0.6,37.3
9/27/2024 7:00,avenue41_to_harrisln,NB,0.08,0.62,35.2
9/27/2024 8:00,avenue41_to_harrisln,NB,0.07,0.64,34.4
9/27/2024 9:00,avenue41_to_harrisln,NB,0.03,0.58,37
9/27/2024 10:00,avenue41_to_harrisln,NB,0.01,0.56,38.5
9/27/2024 11:00,avenue41_to_harrisln,NB,0.02,0.58,37.3
9/27/2024 12:00,avenue41_to_harrisln,NB,0.07,0.62,34.8
9/27/2024 13:00,avenue41_to_harrisln,NB,0.11,0.68,32.1
9/27/2024 14:00,avenue41_to_harrisln,NB,0.08,0.64,34.1
9/27/2024 15:00,avenue41_to_harrisln,NB,0.18,0.76,29.2
9/27/2024 16:00,avenue41_to_harrisln,NB,0.07,0.63,34.3
9/27/2024 17:00,avenue41_to_harrisln,NB,0.07,0.61,35.1
9/27/2024 18:00,avenue41_to_harrisln,NB,0.03,0.58,37.2
9/27/2024 19:00,avenue41_to_harrisln,NB,0.02,0.57,37.8
9/27/2024 20:00,avenue41_to_harrisln,NB,0.02,0.57,37.9
9/27/2024 21:00,avenue41_to_harrisln,NB,0.06,0.61,35.5
9/27/2024 22:00,avenue41_to_harrisln,NB,0.01,0.52,41.2
9/27/2024 23:00,avenue41_to_harrisln,NB,0.03,0.52,41.8
9/28/2024 0:00,avenue41_to_harrisln,NB,0.05,0.52,43.1
9/28/2024 1:00,avenue41_to_harrisln,NB,0,0.47,45.7
9/28/2024 2:00,avenue41_to_harrisln,NB,0,0.47,45.5
9/28/2024 3:00,avenue41_to_harrisln,NB,0,0.48,44.2
9/28/2024 4:00,avenue41_to_harrisln,NB,0,0.42,51.1
9/28/2024 5:00,avenue41_to_harrisln,NB,0,0.46,47.4
9/28/2024 6:00,avenue41_to_harrisln,NB,0.03,0.56,38.4
9/28/2024 7:00,avenue41_to_harrisln,NB,0.02,0.51,42.6
9/28/2024 8:00,avenue41_to_harrisln,NB,0.01,0.52,41.7
9/28/2024 9:00,avenue41_to_harrisln,NB,0.04,0.56,38.9
9/28/2024 10:00,avenue41_to_harrisln,NB,0.02,0.56,38.7
9/28/2024 11:00,avenue41_to_harrisln,NB,0.01,0.54,39.5
9/28/2024 12:00,avenue41_to_harrisln,NB,0.03,0.56,38.5
9/28/2024 13:00,avenue41_to_harrisln,NB,0.07,0.6,35.9
9/28/2024 14:00,avenue41_to_harrisln,NB,0.04,0.57,37.4
9/28/2024 15:00,avenue41_to_harrisln,NB,0.03,0.56,38.5
9/28/2024 16:00,avenue41_to_harrisln,NB,0.02,0.53,40.4
9/28/2024 17:00,avenue41_to_harrisln,NB,0.03,0.56,38.9
9/28/2024 18:00,avenue41_to_harrisln,NB,0.04,0.57,37.9
9/28/2024 19:00,avenue41_to_harrisln,NB,0.03,0.55,39.2
9/28/2024 20:00,avenue41_to_harrisln,NB,0.08,0.6,36
9/28/2024 21:00,avenue41_to_harrisln,NB,0.01,0.54,40
9/28/2024 22:00,avenue41_to_harrisln,NB,0.01,0.57,37.9
9/28/2024 23:00,avenue41_to_harrisln,NB,0.05,0.57,38.8
9/29/2024 0:00,avenue41_to_harrisln,NB,0.05,0.58,37.5
9/29/2024 1:00,avenue41_to_harrisln,NB,0.13,0.63,36.5
9/29/2024 2:00,avenue41_to_harrisln,NB,0.02,0.52,41
9/29/2024 3:00,avenue41_to_harrisln,NB,0.15,0.65,35.1
9/29/2024 4:00,avenue41_to_harrisln,NB,0,0.48,45
9/29/2024 5:00,avenue41_to_harrisln,NB,0,0.48,44.8
9/29/2024 6:00,avenue41_to_harrisln,NB,0,0.47,46.5
9/29/2024 7:00,avenue41_to_harrisln,NB,0.05,0.55,40.1
9/29/2024 8:00,avenue41_to_harrisln,NB,0.09,0.61,36.2
9/29/2024 9:00,avenue41_to_harrisln,NB,0.04,0.57,38.1
9/29/2024 10:00,avenue41_to_harrisln,NB,0.02,0.54,39.4
9/29/2024 11:00,avenue41_to_harrisln,NB,0.05,0.57,37.6
9/29/2024 12:00,avenue41_to_harrisln,NB,0.05,0.58,37.3
9/29/2024 13:00,avenue41_to_harrisln,NB,0.02,0.52,41.1
9/29/2024 14:00,avenue41_to_harrisln,NB,0.06,0.59,37.1
9/29/2024 15:00,avenue41_to_harrisln,NB,0.02,0.57,37.8
9/29/2024 16:00,avenue41_to_harrisln,NB,0.05,0.56,38.5
9/29/2024 17:00,avenue41_to_harrisln,NB,0.06,0.59,36.4
9/29/2024 18:00,avenue41_to_harrisln,NB,0.02,0.54,40.1
9/29/2024 19:00,avenue41_to_harrisln,NB,0.02,0.54,40.4
9/29/2024 20:00,avenue41_to_harrisln,NB,0.04,0.55,40
9/29/2024 21:00,avenue41_to_harrisln,NB,0.03,0.56,38.7
9/29/2024 22:00,avenue41_to_harrisln,NB,0.02,0.52,41.8
9/29/2024 23:00,avenue41_to_harrisln,NB,0,0.55,39.2
9/30/2024 0:00,avenue41_to_harrisln,NB,0,0.5,43.4
9/30/2024 1:00,avenue41_to_harrisln,NB,0.06,0.63,34.3
9/30/2024 2:00,avenue41_to_harrisln,NB,0.01,0.49,44.4
9/30/2024 3:00,avenue41_to_harrisln,NB,0,0.48,45
9/30/2024 4:00,avenue41_to_harrisln,NB,0,0.46,46.6
9/30/2024 5:00,avenue41_to_harrisln,NB,0,0.46,47.1
9/30/2024 6:00,avenue41_to_harrisln,NB,0.02,0.52,41.3
9/30/2024 7:00,avenue41_to_harrisln,NB,0.04,0.56,39.1
9/30/2024 8:00,avenue41_to_harrisln,NB,0.06,0.6,36
9/30/2024 9:00,avenue41_to_harrisln,NB,0.04,0.57,38
9/30/2024 10:00,avenue41_to_harrisln,NB,0.06,0.61,35.1
9/30/2024 11:00,avenue41_to_harrisln,NB,0.04,0.62,34.6
9/30/2024 12:00,avenue41_to_harrisln,NB,0.04,0.57,37.6
9/30/2024 13:00,avenue41_to_harrisln,NB,0.04,0.59,36.5
9/30/2024 14:00,avenue41_to_harrisln,NB,0.08,0.64,34
9/30/2024 15:00,avenue41_to_harrisln,NB,0.11,0.66,33.2
9/30/2024 16:00,avenue41_to_harrisln,NB,0.05,0.6,36.1
9/30/2024 17:00,avenue41_to_harrisln,NB,0.05,0.6,35.8
9/30/2024 18:00,avenue41_to_harrisln,NB,0.04,0.56,38.3
9/30/2024 19:00,avenue41_to_harrisln,NB,0.06,0.6,36.1
9/30/2024 20:00,avenue41_to_harrisln,NB,0.03,0.54,39.8
9/30/2024 21:00,avenue41_to_harrisln,NB,0,0.5,42.7
9/30/2024 22:00,avenue41_to_harrisln,NB,0.01,0.54,40
9/30/2024 23:00,avenue41_to_harrisln,NB,0.07,0.58,39.1
10/1/2024 0:00,avenue41_to_harrisln,NB,0,0.47,45.6
10/1/2024 1:00,avenue41_to_harrisln,NB,0,0.51,42.2
10/1/2024 2:00,avenue41_to_harrisln,NB,0,0.48,44.6
10/1/2024 3:00,avenue41_to_harrisln,NB,0,0.44,49.3
10/1/2024 4:00,avenue41_to_harrisln,NB,0,0.44,48.4
10/1/2024 5:00,avenue41_to_harrisln,NB,0,0.49,44.3
10/1/2024 6:00,avenue41_to_harrisln,NB,0.01,0.51,42.3
10/1/2024 7:00,avenue41_to_harrisln,NB,0.08,0.6,37.1
10/1/2024 8:00,avenue41_to_harrisln,NB,0.13,0.67,32.4
10/1/2024 9:00,avenue41_to_harrisln,NB,0.04,0.57,37.6
10/1/2024 10:00,avenue41_to_harrisln,NB,0.03,0.58,37.3
10/1/2024 11:00,avenue41_to_harrisln,NB,0.01,0.57,37.9
10/1/2024 12:00,avenue41_to_harrisln,NB,0.1,0.67,32.7
10/1/2024 13:00,avenue41_to_harrisln,NB,0.02,0.58,37.2
10/1/2024 14:00,avenue41_to_harrisln,NB,0.08,0.64,33.8
10/1/2024 15:00,avenue41_to_harrisln,NB,0.06,0.6,35.9
10/1/2024 16:00,avenue41_to_harrisln,NB,0.05,0.6,36
10/1/2024 17:00,avenue41_to_harrisln,NB,0.11,0.65,33.4
10/1/2024 18:00,avenue41_to_harrisln,NB,0.04,0.58,37.4
10/1/2024 19:00,avenue41_to_harrisln,NB,0.04,0.57,37.8
10/1/2024 20:00,avenue41_to_harrisln,NB,0.04,0.54,40.1
10/1/2024 21:00,avenue41_to_harrisln,NB,0,0.51,42.5
10/1/2024 22:00,avenue41_to_harrisln,NB,0.03,0.54,40.2
10/1/2024 23:00,avenue41_to_harrisln,NB,0,0.5,42.9
10/2/2024 0:00,avenue41_to_harrisln,NB,0,0.46,47
10/2/2024 1:00,avenue41_to_harrisln,NB,0,0.49,44.5
10/2/2024 2:00,avenue41_to_harrisln,NB,0,0.47,46.1
10/2/2024 3:00,avenue41_to_harrisln,NB,0.01,0.54,40.3
10/2/2024 4:00,avenue41_to_harrisln,NB,0,0.46,46.4
10/2/2024 5:00,avenue41_to_harrisln,NB,0,0.49,43.8
10/2/2024 6:00,avenue41_to_harrisln,NB,0,0.51,41.8
10/2/2024 7:00,avenue41_to_harrisln,NB,0.04,0.57,38
10/2/2024 8:00,avenue41_to_harrisln,NB,0.03,0.61,35.4
10/2/2024 9:00,avenue41_to_harrisln,NB,0.03,0.59,36.4
10/2/2024 10:00,avenue41_to_harrisln,NB,0.04,0.58,37.1
10/2/2024 11:00,avenue41_to_harrisln,NB,0.03,0.58,37
10/2/2024 12:00,avenue41_to_harrisln,NB,0.04,0.59,36.4
10/2/2024 13:00,avenue41_to_harrisln,NB,0.06,0.63,34.5
10/2/2024 14:00,avenue41_to_harrisln,NB,0.06,0.64,33.6
10/2/2024 15:00,avenue41_to_harrisln,NB,0.12,0.68,32
10/2/2024 16:00,avenue41_to_harrisln,NB,0.08,0.65,33.4
10/2/2024 17:00,avenue41_to_harrisln,NB,0.08,0.64,33.8
10/2/2024 18:00,avenue41_to_harrisln,NB,0.07,0.62,35
10/2/2024 19:00,avenue41_to_harrisln,NB,0.03,0.54,39.9
10/2/2024 20:00,avenue41_to_harrisln,NB,0.02,0.53,40.3
10/2/2024 21:00,avenue41_to_harrisln,NB,0.01,0.53,40.7
10/2/2024 22:00,avenue41_to_harrisln,NB,0.01,0.52,41.6
10/2/2024 23:00,avenue41_to_harrisln,NB,0,0.5,43.1
10/3/2024 0:00,avenue41_to_harrisln,NB,0,0.49,43.6
10/3/2024 1:00,avenue41_to_harrisln,NB,0,0.46,46.8
10/3/2024 2:00,avenue41_to_harrisln,NB,0,0.47,46
10/3/2024 3:00,avenue41_to_harrisln,NB,0,0.42,51.1
10/3/2024 4:00,avenue41_to_harrisln,NB,0,0.45,47.6
10/3/2024 5:00,avenue41_to_harrisln,NB,0,0.48,44.4
10/3/2024 6:00,avenue41_to_harrisln,NB,0.02,0.51,43
10/3/2024 7:00,avenue41_to_harrisln,NB,0.09,0.61,35.2
10/3/2024 8:00,avenue41_to_harrisln,NB,0.1,0.69,31.6
10/3/2024 9:00,avenue41_to_harrisln,NB,0.02,0.56,38.1
10/3/2024 10:00,avenue41_to_harrisln,NB,0.04,0.58,37.2
10/3/2024 11:00,avenue41_to_harrisln,NB,0.1,0.66,32.9
10/3/2024 12:00,avenue41_to_harrisln,NB,0.06,0.6,36.1
10/3/2024 13:00,avenue41_to_harrisln,NB,0.03,0.58,37.4
10/3/2024 14:00,avenue41_to_harrisln,NB,0.1,0.65,33.3
10/3/2024 15:00,avenue41_to_harrisln,NB,0.14,0.72,30.1
10/3/2024 16:00,avenue41_to_harrisln,NB,0.1,0.66,32.7
10/3/2024 17:00,avenue41_to_harrisln,NB,0.07,0.6,35.8
10/3/2024 18:00,avenue41_to_harrisln,NB,0.04,0.57,37.4
10/3/2024 19:00,avenue41_to_harrisln,NB,0.04,0.56,38.7
10/3/2024 20:00,avenue41_to_harrisln,NB,0.05,0.57,37.7
10/3/2024 21:00,avenue41_to_harrisln,NB,0.02,0.53,40.5
10/3/2024 22:00,avenue41_to_harrisln,NB,0.02,0.54,40.4
10/3/2024 23:00,avenue41_to_harrisln,NB,0.01,0.48,44.9
10/4/2024 0:00,avenue41_to_harrisln,NB,0,0.5,42.7
10/4/2024 1:00,avenue41_to_harrisln,NB,0,0.49,44
10/4/2024 2:00,avenue41_to_harrisln,NB,0.01,0.49,43.7
10/4/2024 3:00,avenue41_to_harrisln,NB,0,0.45,48.1
10/4/2024 4:00,avenue41_to_harrisln,NB,0,0.49,43.9
10/4/2024 5:00,avenue41_to_harrisln,NB,0.01,0.51,42.8
10/4/2024 6:00,avenue41_to_harrisln,NB,0.03,0.53,41.7
10/4/2024 7:00,avenue41_to_harrisln,NB,0.06,0.6,36.3
10/4/2024 8:00,avenue41_to_harrisln,NB,0.02,0.57,37.5
10/4/2024 9:00,avenue41_to_harrisln,NB,0.01,0.56,38.3
10/4/2024 10:00,avenue41_to_harrisln,NB,0.04,0.6,36.2
10/4/2024 11:00,avenue41_to_harrisln,NB,0.02,0.56,38.5
10/4/2024 12:00,avenue41_to_harrisln,NB,0.04,0.59,36.7
10/4/2024 13:00,avenue41_to_harrisln,NB,0.05,0.59,36.4
10/4/2024 14:00,avenue41_to_harrisln,NB,0.19,0.76,29.9
10/4/2024 15:00,avenue41_to_harrisln,NB,0.1,0.68,32.2
10/4/2024 16:00,avenue41_to_harrisln,NB,0.07,0.64,33.5
10/4/2024 17:00,avenue41_to_harrisln,NB,0.08,0.64,33.8
10/4/2024 18:00,avenue41_to_harrisln,NB,0.04,0.59,36.3
10/4/2024 19:00,avenue41_to_harrisln,NB,0.02,0.55,38.7
10/4/2024 20:00,avenue41_to_harrisln,NB,0.05,0.58,37.2
10/4/2024 21:00,avenue41_to_harrisln,NB,0.02,0.54,40
10/4/2024 22:00,avenue41_to_harrisln,NB,0.03,0.53,40.9
10/4/2024 23:00,avenue41_to_harrisln,NB,0,0.51,42.3
10/5/2024 0:00,avenue41_to_harrisln,NB,0.01,0.52,41.1
10/5/2024 1:00,avenue41_to_harrisln,NB,0,0.5,43.4
10/5/2024 2:00,avenue41_to_harrisln,NB,0,0.5,42.9
10/5/2024 3:00,avenue41_to_harrisln,NB,0,0.51,42.4
10/5/2024 4:00,avenue41_to_harrisln,NB,0.04,0.54,40
10/5/2024 5:00,avenue41_to_harrisln,NB,0.03,0.49,45
10/5/2024 6:00,avenue41_to_harrisln,NB,0.05,0.55,39.9
10/5/2024 7:00,avenue41_to_harrisln,NB,0.07,0.6,35.8
10/5/2024 8:00,avenue41_to_harrisln,NB,0.03,0.52,41.5
10/5/2024 9:00,avenue41_to_harrisln,NB,0.04,0.58,37.3
10/5/2024 10:00,avenue41_to_harrisln,NB,0.04,0.57,38.1
10/5/2024 11:00,avenue41_to_harrisln,NB,0.02,0.56,38.1
10/5/2024 12:00,avenue41_to_harrisln,NB,0.02,0.56,38.4
10/5/2024 13:00,avenue41_to_harrisln,NB,0.05,0.59,36.6
10/5/2024 14:00,avenue41_to_harrisln,NB,0.02,0.57,37.8
10/5/2024 15:00,avenue41_to_harrisln,NB,0.03,0.55,39.2
10/5/2024 16:00,avenue41_to_harrisln,NB,0.01,0.53,40.8
10/5/2024 17:00,avenue41_to_harrisln,NB,0.02,0.54,39.9
10/5/2024 18:00,avenue41_to_harrisln,NB,0.05,0.58,36.9
10/5/2024 19:00,avenue41_to_harrisln,NB,0.03,0.56,38.2
10/5/2024 20:00,avenue41_to_harrisln,NB,0.02,0.55,39.4
10/5/2024 21:00,avenue41_to_harrisln,NB,0.02,0.53,40.2
10/5/2024 22:00,avenue41_to_harrisln,NB,0.05,0.56,39.1
10/5/2024 23:00,avenue41_to_harrisln,NB,0.04,0.55,39.3
10/6/2024 0:00,avenue41_to_harrisln,NB,0,0.47,45.8
10/6/2024 1:00,avenue41_to_harrisln,NB,0,0.52,41.8
10/6/2024 2:00,avenue41_to_harrisln,NB,0,0.47,45.5
10/6/2024 3:00,avenue41_to_harrisln,NB,0,0.45,48.2
10/6/2024 4:00,avenue41_to_harrisln,NB,0,0.48,45
10/6/2024 5:00,avenue41_to_harrisln,NB,0,0.47,45.3
10/6/2024 6:00,avenue41_to_harrisln,NB,0,0.49,43.8
10/6/2024 7:00,avenue41_to_harrisln,NB,0.01,0.5,43.4
10/6/2024 8:00,avenue41_to_harrisln,NB,0.08,0.57,39.3
10/6/2024 9:00,avenue41_to_harrisln,NB,0.08,0.61,35.6
10/6/2024 10:00,avenue41_to_harrisln,NB,0.02,0.54,40.1
10/6/2024 11:00,avenue41_to_harrisln,NB,0.08,0.62,34.8
10/6/2024 12:00,avenue41_to_harrisln,NB,0.01,0.57,38.1
10/6/2024 13:00,avenue41_to_harrisln,NB,0.07,0.61,36.3
10/6/2024 14:00,avenue41_to_harrisln,NB,0.06,0.58,37.2
10/6/2024 15:00,avenue41_to_harrisln,NB,0.01,0.53,40.9
10/6/2024 16:00,avenue41_to_harrisln,NB,0.04,0.54,39.6
10/6/2024 17:00,avenue41_to_harrisln,NB,0.03,0.55,39.5
10/6/2024 18:00,avenue41_to_harrisln,NB,0.09,0.62,34.6
10/6/2024 19:00,avenue41_to_harrisln,NB,0.02,0.56,38.5
10/6/2024 20:00,avenue41_to_harrisln,NB,0.02,0.54,40.5
10/6/2024 21:00,avenue41_to_harrisln,NB,0.02,0.52,41.9
10/6/2024 22:00,avenue41_to_harrisln,NB,0.05,0.57,37.7
10/6/2024 23:00,avenue41_to_harrisln,NB,0,0.49,43.9
10/7/2024 0:00,avenue41_to_harrisln,NB,0,0.46,46.8
10/7/2024 1:00,avenue41_to_harrisln,NB,0,0.52,41.5
10/7/2024 2:00,avenue41_to_harrisln,NB,0,0.46,46.4
10/7/2024 3:00,avenue41_to_harrisln,NB,0,0.45,47.7
10/7/2024 4:00,avenue41_to_harrisln,NB,0,0.44,49.3
10/7/2024 5:00,avenue41_to_harrisln,NB,0.01,0.5,43.4
10/7/2024 6:00,avenue41_to_harrisln,NB,0.03,0.51,42.4
10/7/2024 7:00,avenue41_to_harrisln,NB,0.08,0.61,36.1
10/7/2024 8:00,avenue41_to_harrisln,NB,0.04,0.59,36.7
10/7/2024 9:00,avenue41_to_harrisln,NB,0.03,0.57,38
10/7/2024 10:00,avenue41_to_harrisln,NB,0.03,0.58,37.3
10/7/2024 11:00,avenue41_to_harrisln,NB,0.02,0.57,37.6
10/7/2024 12:00,avenue41_to_harrisln,NB,0.08,0.63,35.3
10/7/2024 13:00,avenue41_to_harrisln,NB,0.02,0.56,38.5
10/7/2024 14:00,avenue41_to_harrisln,NB,0.04,0.59,36.6
10/7/2024 15:00,avenue41_to_harrisln,NB,0.11,0.67,32.8
10/7/2024 16:00,avenue41_to_harrisln,NB,0.03,0.6,36
10/7/2024 17:00,avenue41_to_harrisln,NB,0.08,0.64,33.8
10/7/2024 18:00,avenue41_to_harrisln,NB,0.03,0.57,38.1
10/7/2024 19:00,avenue41_to_harrisln,NB,0.05,0.58,37.2
10/7/2024 20:00,avenue41_to_harrisln,NB,0.02,0.54,40
10/7/2024 21:00,avenue41_to_harrisln,NB,0.02,0.51,42.7
10/7/2024 22:00,avenue41_to_harrisln,NB,0.08,0.6,36.9
10/7/2024 23:00,avenue41_to_harrisln,NB,0,0.5,43.3
10/8/2024 0:00,avenue41_to_harrisln,NB,0.01,0.52,41.1
10/8/2024 1:00,avenue41_to_harrisln,NB,0,0.45,47.7
10/8/2024 2:00,avenue41_to_harrisln,NB,0.01,0.48,44.4
10/8/2024 3:00,avenue41_to_harrisln,NB,0,0.47,45.2
10/8/2024 4:00,avenue41_to_harrisln,NB,0,0.45,47.2
10/8/2024 5:00,avenue41_to_harrisln,NB,0,0.49,44
10/8/2024 6:00,avenue41_to_harrisln,NB,0,0.5,43.3
10/8/2024 7:00,avenue41_to_harrisln,NB,0.05,0.58,36.9
10/8/2024 8:00,avenue41_to_harrisln,NB,0.08,0.65,33.4
10/8/2024 9:00,avenue41_to_harrisln,NB,0.02,0.57,37.5
10/8/2024 10:00,avenue41_to_harrisln,NB,0.05,0.6,36.3
10/8/2024 11:00,avenue41_to_harrisln,NB,0.01,0.55,39.1
10/8/2024 12:00,avenue41_to_harrisln,NB,0.03,0.59,36.2
10/8/2024 13:00,avenue41_to_harrisln,NB,0.06,0.61,35.9
10/8/2024 14:00,avenue41_to_harrisln,NB,0.2,0.78,30.6
10/8/2024 15:00,avenue41_to_harrisln,NB,0.24,0.81,27.9
10/8/2024 16:00,avenue41_to_harrisln,NB,0.09,0.64,34
10/8/2024 17:00,avenue41_to_harrisln,NB,0.06,0.63,34.6
10/8/2024 18:00,avenue41_to_harrisln,NB,0.08,0.62,34.9
10/8/2024 19:00,avenue41_to_harrisln,NB,0.03,0.57,37.6
10/8/2024 20:00,avenue41_to_harrisln,NB,0.07,0.61,35.6
10/8/2024 21:00,avenue41_to_harrisln,NB,0.02,0.56,38.2
10/8/2024 22:00,avenue41_to_harrisln,NB,0.01,0.49,43.7
10/8/2024 23:00,avenue41_to_harrisln,NB,0,0.49,44.4
10/9/2024 0:00,avenue41_to_harrisln,NB,0,0.49,43.7
10/9/2024 1:00,avenue41_to_harrisln,NB,0,0.51,42.3
10/9/2024 2:00,avenue41_to_harrisln,NB,0,0.49,44.2
10/9/2024 3:00,avenue41_to_harrisln,NB,0,0.47,45.5
10/9/2024 4:00,avenue41_to_harrisln,NB,0,0.46,46.8
10/9/2024 5:00,avenue41_to_harrisln,NB,0,0.45,47.6
10/9/2024 6:00,avenue41_to_harrisln,NB,0.06,0.56,39.9
10/9/2024 7:00,avenue41_to_harrisln,NB,0.08,0.61,36.1
10/9/2024 8:00,avenue41_to_harrisln,NB,0.08,0.63,34.8
10/9/2024 9:00,avenue41_to_harrisln,NB,0.03,0.58,36.9
10/9/2024 10:00,avenue41_to_harrisln,NB,0.01,0.56,38.4
10/9/2024 11:00,avenue41_to_harrisln,NB,0.04,0.62,34.8
10/9/2024 12:00,avenue41_to_harrisln,NB,0.05,0.61,36
10/9/2024 13:00,avenue41_to_harrisln,NB,0.12,0.66,34.6
10/9/2024 14:00,avenue41_to_harrisln,NB,0.06,0.62,34.5
10/9/2024 15:00,avenue41_to_harrisln,NB,0.1,0.68,31.8
10/9/2024 16:00,avenue41_to_harrisln,NB,0.06,0.64,33.6
10/9/2024 17:00,avenue41_to_harrisln,NB,0.1,0.66,32.7
10/9/2024 18:00,avenue41_to_harrisln,NB,0.04,0.59,36.5
10/9/2024 19:00,avenue41_to_harrisln,NB,0.04,0.61,35.3
10/9/2024 20:00,avenue41_to_harrisln,NB,0.05,0.57,37.9
10/9/2024 21:00,avenue41_to_harrisln,NB,0.03,0.52,41.5
10/9/2024 22:00,avenue41_to_harrisln,NB,0.07,0.62,35.4
10/9/2024 23:00,avenue41_to_harrisln,NB,0,0.53,40.8
10/10/2024 0:00,avenue41_to_harrisln,NB,0.01,0.48,45.4
10/10/2024 1:00,avenue41_to_harrisln,NB,0,0.45,47.4
10/10/2024 2:00,avenue41_to_harrisln,NB,0,0.53,41
10/10/2024 3:00,avenue41_to_harrisln,NB,0,0.51,41.8
10/10/2024 4:00,avenue41_to_harrisln,NB,0,0.46,46.4
10/10/2024 5:00,avenue41_to_harrisln,NB,0,0.45,48.1
10/10/2024 6:00,avenue41_to_harrisln,NB,0.02,0.53,41.2
10/10/2024 7:00,avenue41_to_harrisln,NB,0.09,0.63,35
10/10/2024 8:00,avenue41_to_harrisln,NB,0.08,0.64,33.6
10/10/2024 9:00,avenue41_to_harrisln,NB,0.03,0.59,36.3
10/10/2024 10:00,avenue41_to_harrisln,NB,0.04,0.61,35.7
10/10/2024 11:00,avenue41_to_harrisln,NB,0.02,0.57,37.4
10/10/2024 12:00,avenue41_to_harrisln,NB,0.07,0.64,34
10/10/2024 13:00,avenue41_to_harrisln,NB,0.05,0.6,36
10/10/2024 14:00,avenue41_to_harrisln,NB,0.06,0.63,34.5
10/10/2024 15:00,avenue41_to_harrisln,NB,0.31,0.88,25.3
10/10/2024 16:00,avenue41_to_harrisln,NB,0.13,0.69,31.6
10/10/2024 17:00,avenue41_to_harrisln,NB,0.27,0.85,28
10/10/2024 18:00,avenue41_to_harrisln,NB,0.03,0.6,35.7
10/10/2024 19:00,avenue41_to_harrisln,NB,0.02,0.58,36.8
10/10/2024 20:00,avenue41_to_harrisln,NB,0.05,0.59,36.9
10/10/2024 21:00,avenue41_to_harrisln,NB,0.03,0.54,39.8
10/10/2024 22:00,avenue41_to_harrisln,NB,0,0.5,43
10/10/2024 23:00,avenue41_to_harrisln,NB,0.03,0.51,42.1
10/11/2024 0:00,avenue41_to_harrisln,NB,0.03,0.51,42.8
10/11/2024 1:00,avenue41_to_harrisln,NB,0,0.48,44.5
10/11/2024 2:00,avenue41_to_harrisln,NB,0,0.52,41.5
10/11/2024 3:00,avenue41_to_harrisln,NB,0,0.51,42.7
10/11/2024 4:00,avenue41_to_harrisln,NB,0,0.47,46.1
10/11/2024 5:00,avenue41_to_harrisln,NB,0,0.48,44.8
10/11/2024 6:00,avenue41_to_harrisln,NB,0.03,0.53,40.8
10/11/2024 7:00,avenue41_to_harrisln,NB,0.07,0.61,35.9
10/11/2024 8:00,avenue41_to_harrisln,NB,0.04,0.61,35.3
10/11/2024 9:00,avenue41_to_harrisln,NB,0.04,0.58,36.9
10/11/2024 10:00,avenue41_to_harrisln,NB,0.02,0.57,37.4
10/11/2024 11:00,avenue41_to_harrisln,NB,0.11,0.69,32
10/11/2024 12:00,avenue41_to_harrisln,NB,0.07,0.62,35.2
10/11/2024 13:00,avenue41_to_harrisln,NB,0.07,0.63,34.2
10/11/2024 14:00,avenue41_to_harrisln,NB,0.1,0.66,32.8
10/11/2024 15:00,avenue41_to_harrisln,NB,0.08,0.65,33
10/11/2024 16:00,avenue41_to_harrisln,NB,0.06,0.61,35
10/11/2024 17:00,avenue41_to_harrisln,NB,0.12,0.67,32
10/11/2024 18:00,avenue41_to_harrisln,NB,0.04,0.59,36.4
10/11/2024 19:00,avenue41_to_harrisln,NB,0.04,0.57,37.9
10/11/2024 20:00,avenue41_to_harrisln,NB,0.03,0.57,38.1
10/11/2024 21:00,avenue41_to_harrisln,NB,0.03,0.59,36.8
10/11/2024 22:00,avenue41_to_harrisln,NB,0.07,0.62,35.7
10/11/2024 23:00,avenue41_to_harrisln,NB,0.02,0.54,40.1
10/12/2024 0:00,avenue41_to_harrisln,NB,0,0.5,43.1
10/12/2024 1:00,avenue41_to_harrisln,NB,0,0.5,42.8
10/12/2024 2:00,avenue41_to_harrisln,NB,0.04,0.5,43.4
10/12/2024 3:00,avenue41_to_harrisln,NB,0.01,0.49,43.5
10/12/2024 4:00,avenue41_to_harrisln,NB,0,0.46,46.8
10/12/2024 5:00,avenue41_to_harrisln,NB,0,0.45,47.7
10/12/2024 6:00,avenue41_to_harrisln,NB,0.01,0.49,44
10/12/2024 7:00,avenue41_to_harrisln,NB,0.02,0.52,41.4
10/12/2024 8:00,avenue41_to_harrisln,NB,0.04,0.58,37.1
10/12/2024 9:00,avenue41_to_harrisln,NB,0.04,0.58,37.7
10/12/2024 10:00,avenue41_to_harrisln,NB,0.04,0.59,37.3
10/12/2024 11:00,avenue41_to_harrisln,NB,0.05,0.58,37.2
10/12/2024 12:00,avenue41_to_harrisln,NB,0.04,0.59,36.4
10/12/2024 13:00,avenue41_to_harrisln,NB,0.01,0.55,38.6
10/12/2024 14:00,avenue41_to_harrisln,NB,0.03,0.58,37
10/12/2024 15:00,avenue41_to_harrisln,NB,0.04,0.56,38.4
10/12/2024 16:00,avenue41_to_harrisln,NB,0.01,0.55,39.2
10/12/2024 17:00,avenue41_to_harrisln,NB,0.04,0.59,36.7
10/12/2024 18:00,avenue41_to_harrisln,NB,0.01,0.55,39.1
10/12/2024 19:00,avenue41_to_harrisln,NB,0.21,0.75,32.4
10/12/2024 20:00,avenue41_to_harrisln,NB,0.02,0.57,38
10/12/2024 21:00,avenue41_to_harrisln,NB,0.07,0.63,34.4
10/12/2024 22:00,avenue41_to_harrisln,NB,0.01,0.53,40.8
10/12/2024 23:00,avenue41_to_harrisln,NB,0.02,0.56,38.6
10/13/2024 0:00,avenue41_to_harrisln,NB,0.01,0.5,43.4
10/13/2024 1:00,avenue41_to_harrisln,NB,0.02,0.54,40.1
10/13/2024 2:00,avenue41_to_harrisln,NB,0,0.5,43.3
10/13/2024 3:00,avenue41_to_harrisln,NB,0,0.5,42.5
10/13/2024 4:00,avenue41_to_harrisln,NB,0,0.46,46.3
10/13/2024 5:00,avenue41_to_harrisln,NB,0,0.43,49.5
10/13/2024 6:00,avenue41_to_harrisln,NB,0,0.49,44
10/13/2024 7:00,avenue41_to_harrisln,NB,0.06,0.56,39.3
10/13/2024 8:00,avenue41_to_harrisln,NB,0.03,0.53,41.4
10/13/2024 9:00,avenue41_to_harrisln,NB,0.07,0.6,36.7
10/13/2024 10:00,avenue41_to_harrisln,NB,0.03,0.57,37.9
10/13/2024 11:00,avenue41_to_harrisln,NB,0,0.55,39
10/13/2024 12:00,avenue41_to_harrisln,NB,0.02,0.56,38.4
10/13/2024 13:00,avenue41_to_harrisln,NB,0.03,0.56,38.5
10/13/2024 14:00,avenue41_to_harrisln,NB,0.02,0.57,38.1
10/13/2024 15:00,avenue41_to_harrisln,NB,0.05,0.58,37.3
10/13/2024 16:00,avenue41_to_harrisln,NB,0,0.51,42.1
10/13/2024 17:00,avenue41_to_harrisln,NB,0.07,0.6,36.1
10/13/2024 18:00,avenue41_to_harrisln,NB,0.01,0.55,39.4
10/13/2024 19:00,avenue41_to_harrisln,NB,0.02,0.56,38.5
10/13/2024 20:00,avenue41_to_harrisln,NB,0.09,0.61,36.5
10/13/2024 21:00,avenue41_to_harrisln,NB,0.06,0.58,37.3
10/13/2024 22:00,avenue41_to_harrisln,NB,0.02,0.54,39.7
10/13/2024 23:00,avenue41_to_harrisln,NB,0.03,0.54,39.7
10/14/2024 0:00,avenue41_to_harrisln,NB,0.01,0.5,42.9
10/14/2024 1:00,avenue41_to_harrisln,NB,0,0.48,44.5
10/14/2024 2:00,avenue41_to_harrisln,NB,0,0.48,44.7
10/14/2024 3:00,avenue41_to_harrisln,NB,0,0.49,43.6
10/14/2024 4:00,avenue41_to_harrisln,NB,0,0.46,46.7
10/14/2024 5:00,avenue41_to_harrisln,NB,0.01,0.48,45.4
10/14/2024 6:00,avenue41_to_harrisln,NB,0.02,0.52,41.7
10/14/2024 7:00,avenue41_to_harrisln,NB,0.1,0.66,33.8
10/14/2024 8:00,avenue41_to_harrisln,NB,0.12,0.69,31.7
10/14/2024 9:00,avenue41_to_harrisln,NB,0.04,0.6,35.7
10/14/2024 10:00,avenue41_to_harrisln,NB,0.05,0.6,36.3
10/14/2024 11:00,avenue41_to_harrisln,NB,0.05,0.62,35.1
10/14/2024 12:00,avenue41_to_harrisln,NB,0.04,0.61,35.7
10/14/2024 13:00,avenue41_to_harrisln,NB,0.05,0.61,35
10/14/2024 14:00,avenue41_to_harrisln,NB,0.17,0.72,30.2
10/14/2024 15:00,avenue41_to_harrisln,NB,0.13,0.7,30.8
10/14/2024 16:00,avenue41_to_harrisln,NB,0.07,0.62,34.8
10/14/2024 17:00,avenue41_to_harrisln,NB,0.04,0.59,36.4
10/14/2024 18:00,avenue41_to_harrisln,NB,0.08,0.63,34.3
10/14/2024 19:00,avenue41_to_harrisln,NB,0,0.53,40.3
10/14/2024 20:00,avenue41_to_harrisln,NB,0.06,0.58,38.1
10/14/2024 21:00,avenue41_to_harrisln,NB,0.09,0.6,37
10/14/2024 22:00,avenue41_to_harrisln,NB,0.01,0.51,42.4
10/14/2024 23:00,avenue41_to_harrisln,NB,0.03,0.51,42.6
10/15/2024 0:00,avenue41_to_harrisln,NB,0,0.48,45
10/15/2024 1:00,avenue41_to_harrisln,NB,0,0.45,47.3
10/15/2024 2:00,avenue41_to_harrisln,NB,0,0.46,46.2
10/15/2024 3:00,avenue41_to_harrisln,NB,0,0.46,46.4
10/15/2024 4:00,avenue41_to_harrisln,NB,0,0.46,46.5
10/15/2024 5:00,avenue41_to_harrisln,NB,0,0.49,43.9
10/15/2024 6:00,avenue41_to_harrisln,NB,0.03,0.53,40.1
10/15/2024 7:00,avenue41_to_harrisln,NB,0.06,0.59,36.8
10/15/2024 8:00,avenue41_to_harrisln,NB,0.08,0.64,34.2
10/15/2024 9:00,avenue41_to_harrisln,NB,0.08,0.65,33.4
10/15/2024 10:00,avenue41_to_harrisln,NB,0.06,0.61,35.7
10/15/2024 11:00,avenue41_to_harrisln,NB,0.08,0.65,33.4
10/15/2024 12:00,avenue41_to_harrisln,NB,0.05,0.6,36.1
10/15/2024 13:00,avenue41_to_harrisln,NB,0.11,0.68,32.2
10/15/2024 14:00,avenue41_to_harrisln,NB,0.1,0.68,32.1
10/15/2024 15:00,avenue41_to_harrisln,NB,0.12,0.67,32.1
10/15/2024 16:00,avenue41_to_harrisln,NB,0.06,0.62,34.6
10/15/2024 17:00,avenue41_to_harrisln,NB,0.07,0.63,34.2
10/15/2024 18:00,avenue41_to_harrisln,NB,0.06,0.6,35.9
10/15/2024 19:00,avenue41_to_harrisln,NB,0.08,0.62,34.8
10/15/2024 20:00,avenue41_to_harrisln,NB,0.08,0.61,36
10/15/2024 21:00,avenue41_to_harrisln,NB,0.01,0.5,43.1
10/15/2024 22:00,avenue41_to_harrisln,NB,0.05,0.56,39.4
10/15/2024 23:00,avenue41_to_harrisln,NB,0.01,0.53,40.4
10/16/2024 0:00,avenue41_to_harrisln,NB,0,0.53,40.3
10/16/2024 1:00,avenue41_to_harrisln,NB,0,0.47,45.5
10/16/2024 2:00,avenue41_to_harrisln,NB,0,0.46,47.2
10/16/2024 3:00,avenue41_to_harrisln,NB,0,0.46,46.9
10/16/2024 4:00,avenue41_to_harrisln,NB,0,0.44,48.6
10/16/2024 5:00,avenue41_to_harrisln,NB,0.01,0.49,44.1
10/16/2024 6:00,avenue41_to_harrisln,NB,0.01,0.52,41.6
10/16/2024 7:00,avenue41_to_harrisln,NB,0.11,0.63,34.9
10/16/2024 8:00,avenue41_to_harrisln,NB,0.11,0.68,31.6
10/16/2024 9:00,avenue41_to_harrisln,NB,0.05,0.6,36
10/16/2024 10:00,avenue41_to_harrisln,NB,0.04,0.59,36.6
10/16/2024 11:00,avenue41_to_harrisln,NB,0.04,0.58,36.9
10/16/2024 12:00,avenue41_to_harrisln,NB,0.12,0.68,32.2
10/16/2024 13:00,avenue41_to_harrisln,NB,0.09,0.64,34.3
10/16/2024 14:00,avenue41_to_harrisln,NB,0.08,0.64,33.8
10/16/2024 15:00,avenue41_to_harrisln,NB,0.13,0.7,30.8
10/16/2024 16:00,avenue41_to_harrisln,NB,0.07,0.63,34.4
10/16/2024 17:00,avenue41_to_harrisln,NB,0.05,0.62,34.6
10/16/2024 18:00,avenue41_to_harrisln,NB,0.05,0.6,35.8
10/16/2024 19:00,avenue41_to_harrisln,NB,0.05,0.58,38
10/16/2024 20:00,avenue41_to_harrisln,NB,0.02,0.55,38.9
10/16/2024 21:00,avenue41_to_harrisln,NB,0.03,0.53,40.7
10/16/2024 22:00,avenue41_to_harrisln,NB,0.04,0.58,37.3
10/16/2024 23:00,avenue41_to_harrisln,NB,0.04,0.56,38.3
10/17/2024 0:00,avenue41_to_harrisln,NB,0,0.51,41.9
10/17/2024 1:00,avenue41_to_harrisln,NB,0.07,0.6,36.9
10/17/2024 2:00,avenue41_to_harrisln,NB,0,0.48,44.7
10/17/2024 3:00,avenue41_to_harrisln,NB,0,0.53,40.7
10/17/2024 4:00,avenue41_to_harrisln,NB,0,0.44,48.1
10/17/2024 5:00,avenue41_to_harrisln,NB,0,0.5,42.8
10/17/2024 6:00,avenue41_to_harrisln,NB,0.03,0.53,40.7
10/17/2024 7:00,avenue41_to_harrisln,NB,0.07,0.61,35.4
10/17/2024 8:00,avenue41_to_harrisln,NB,0.06,0.65,33.3
10/17/2024 9:00,avenue41_to_harrisln,NB,0.03,0.6,36
10/17/2024 10:00,avenue41_to_harrisln,NB,0.08,0.63,34.4
10/17/2024 11:00,avenue41_to_harrisln,NB,0.06,0.63,34.1
10/17/2024 12:00,avenue41_to_harrisln,NB,0.13,0.7,30.8
10/17/2024 13:00,avenue41_to_harrisln,NB,0.05,0.63,34
10/17/2024 14:00,avenue41_to_harrisln,NB,0.05,0.64,33.7
10/17/2024 15:00,avenue41_to_harrisln,NB,0.22,0.8,27.5
10/17/2024 16:00,avenue41_to_harrisln,NB,0.11,0.66,32.6
10/17/2024 17:00,avenue41_to_harrisln,NB,0.06,0.62,34.7
10/17/2024 18:00,avenue41_to_harrisln,NB,0.05,0.59,36.6
10/17/2024 19:00,avenue41_to_harrisln,NB,0.05,0.6,36.3
10/17/2024 20:00,avenue41_to_harrisln,NB,0.06,0.6,36.3
10/17/2024 21:00,avenue41_to_harrisln,NB,0.03,0.58,37.2
10/17/2024 22:00,avenue41_to_harrisln,NB,0,0.5,43.2
10/17/2024 23:00,avenue41_to_harrisln,NB,0.03,0.54,39.8
10/18/2024 0:00,avenue41_to_harrisln,NB,0.01,0.49,44.1
10/18/2024 1:00,avenue41_to_harrisln,NB,0,0.46,46.5
10/18/2024 2:00,avenue41_to_harrisln,NB,0,0.48,44.9
10/18/2024 3:00,avenue41_to_harrisln,NB,0,0.52,41.3
10/18/2024 4:00,avenue41_to_harrisln,NB,0,0.49,43.7
10/18/2024 5:00,avenue41_to_harrisln,NB,0,0.5,42.9
10/18/2024 6:00,avenue41_to_harrisln,NB,0.01,0.52,41.6
10/18/2024 7:00,avenue41_to_harrisln,NB,0.04,0.59,36.4
10/18/2024 8:00,avenue41_to_harrisln,NB,0.15,0.71,30.7
10/18/2024 9:00,avenue41_to_harrisln,NB,0.05,0.63,34
10/18/2024 10:00,avenue41_to_harrisln,NB,0.12,0.69,32
10/18/2024 11:00,avenue41_to_harrisln,NB,0.09,0.67,32.1
10/18/2024 12:00,avenue41_to_harrisln,NB,0.06,0.62,34.6
10/18/2024 13:00,avenue41_to_harrisln,NB,0.08,0.64,33.9
10/18/2024 14:00,avenue41_to_harrisln,NB,0.23,0.79,28.1
10/18/2024 15:00,avenue41_to_harrisln,NB,0.08,0.66,32.4
10/18/2024 16:00,avenue41_to_harrisln,NB,0.15,0.72,30.8
10/18/2024 17:00,avenue41_to_harrisln,NB,0.07,0.63,34.5
10/18/2024 18:00,avenue41_to_harrisln,NB,0.06,0.63,34.3
10/18/2024 19:00,avenue41_to_harrisln,NB,0.04,0.59,36.8
10/18/2024 20:00,avenue41_to_harrisln,NB,0.02,0.56,38.4
10/18/2024 21:00,avenue41_to_harrisln,NB,0.03,0.57,37.7
10/18/2024 22:00,avenue41_to_harrisln,NB,0.03,0.55,39.3
10/18/2024 23:00,avenue41_to_harrisln,NB,0.01,0.5,43
10/19/2024 0:00,avenue41_to_harrisln,NB,0,0.47,45.1
10/19/2024 1:00,avenue41_to_harrisln,NB,0,0.5,43.3
10/19/2024 2:00,avenue41_to_harrisln,NB,0,0.5,43.2
10/19/2024 3:00,avenue41_to_harrisln,NB,0,0.5,42.6
10/19/2024 4:00,avenue41_to_harrisln,NB,0,0.49,43.6
10/19/2024 5:00,avenue41_to_harrisln,NB,0,0.49,43.8
10/19/2024 6:00,avenue41_to_harrisln,NB,0,0.49,43.5
10/19/2024 7:00,avenue41_to_harrisln,NB,0.08,0.58,37.3
10/19/2024 8:00,avenue41_to_harrisln,NB,0.01,0.54,39.9
10/19/2024 9:00,avenue41_to_harrisln,NB,0.06,0.6,36.3
10/19/2024 10:00,avenue41_to_harrisln,NB,0.05,0.61,35.4
10/19/2024 11:00,avenue41_to_harrisln,NB,0.06,0.62,34.7
10/19/2024 12:00,avenue41_to_harrisln,NB,0.07,0.64,33.5
10/19/2024 13:00,avenue41_to_harrisln,NB,0.03,0.56,38.7
10/19/2024 14:00,avenue41_to_harrisln,NB,0.04,0.58,37.5
10/19/2024 15:00,avenue41_to_harrisln,NB,0.04,0.58,37.1
10/19/2024 16:00,avenue41_to_harrisln,NB,0.02,0.57,37.8
10/19/2024 17:00,avenue41_to_harrisln,NB,0.02,0.55,39.2
10/19/2024 18:00,avenue41_to_harrisln,NB,0.03,0.57,38.3
10/19/2024 19:00,avenue41_to_harrisln,NB,0.05,0.59,37
10/19/2024 20:00,avenue41_to_harrisln,NB,0.02,0.57,37.8
10/19/2024 21:00,avenue41_to_harrisln,NB,0.02,0.56,38.3
10/19/2024 22:00,avenue41_to_harrisln,NB,0.02,0.56,38.5
10/19/2024 23:00,avenue41_to_harrisln,NB,0.03,0.55,39.3
10/20/2024 0:00,avenue41_to_harrisln,NB,0.01,0.54,39.9
10/20/2024 1:00,avenue41_to_harrisln,NB,0,0.47,46
10/20/2024 2:00,avenue41_to_harrisln,NB,0,0.49,43.9
10/20/2024 3:00,avenue41_to_harrisln,NB,0,0.46,46.4
10/20/2024 4:00,avenue41_to_harrisln,NB,0.01,0.49,44
10/20/2024 5:00,avenue41_to_harrisln,NB,0.01,0.51,42.2
10/20/2024 6:00,avenue41_to_harrisln,NB,0,0.49,44.2
10/20/2024 7:00,avenue41_to_harrisln,NB,0.11,0.62,36.2
10/20/2024 8:00,avenue41_to_harrisln,NB,0.04,0.54,40.5
10/20/2024 9:00,avenue41_to_harrisln,NB,0.03,0.57,37.7
10/20/2024 10:00,avenue41_to_harrisln,NB,0.06,0.61,35.5
10/20/2024 11:00,avenue41_to_harrisln,NB,0.05,0.58,37
10/20/2024 12:00,avenue41_to_harrisln,NB,0.04,0.6,36.1
10/20/2024 13:00,avenue41_to_harrisln,NB,0.03,0.58,37
10/20/2024 14:00,avenue41_to_harrisln,NB,0.07,0.62,34.9
10/20/2024 15:00,avenue41_to_harrisln,NB,0.02,0.57,37.7
10/20/2024 16:00,avenue41_to_harrisln,NB,0.04,0.58,37.1
10/20/2024 17:00,avenue41_to_harrisln,NB,0.02,0.54,39.7
10/20/2024 18:00,avenue41_to_harrisln,NB,0.05,0.58,37.4
10/20/2024 19:00,avenue41_to_harrisln,NB,0.02,0.57,38
10/20/2024 20:00,avenue41_to_harrisln,NB,0.04,0.57,37.8
10/20/2024 21:00,avenue41_to_harrisln,NB,0.01,0.53,40.2
10/20/2024 22:00,avenue41_to_harrisln,NB,0.07,0.59,36.9
10/20/2024 23:00,avenue41_to_harrisln,NB,0.02,0.55,39.1
10/21/2024 0:00,avenue41_to_harrisln,NB,0,0.48,45.1
10/21/2024 1:00,avenue41_to_harrisln,NB,0,0.47,46
10/21/2024 2:00,avenue41_to_harrisln,NB,0,0.42,51.1
10/21/2024 3:00,avenue41_to_harrisln,NB,0,0.46,46.9
10/21/2024 4:00,avenue41_to_harrisln,NB,0,0.46,47
10/21/2024 5:00,avenue41_to_harrisln,NB,0,0.47,46
10/21/2024 6:00,avenue41_to_harrisln,NB,0.02,0.53,41.1
10/21/2024 7:00,avenue41_to_harrisln,NB,0.09,0.63,34.7
10/21/2024 8:00,avenue41_to_harrisln,NB,0.06,0.62,34.5
10/21/2024 9:00,avenue41_to_harrisln,NB,0.06,0.62,34.7
10/21/2024 10:00,avenue41_to_harrisln,NB,0.06,0.63,34.4
10/21/2024 11:00,avenue41_to_harrisln,NB,0.04,0.61,35.3
10/21/2024 12:00,avenue41_to_harrisln,NB,0.05,0.6,35.8
10/21/2024 13:00,avenue41_to_harrisln,NB,0.14,0.7,31.9
10/21/2024 14:00,avenue41_to_harrisln,NB,0.22,0.78,30.2
10/21/2024 15:00,avenue41_to_harrisln,NB,0.12,0.69,31.2
10/21/2024 16:00,avenue41_to_harrisln,NB,0.1,0.67,32.2
10/21/2024 17:00,avenue41_to_harrisln,NB,0.08,0.65,33.3
10/21/2024 18:00,avenue41_to_harrisln,NB,0.05,0.58,36.9
10/21/2024 19:00,avenue41_to_harrisln,NB,0.07,0.59,36.8
10/21/2024 20:00,avenue41_to_harrisln,NB,0.01,0.53,40.5
10/21/2024 21:00,avenue41_to_harrisln,NB,0.03,0.54,40.3
10/21/2024 22:00,avenue41_to_harrisln,NB,0,0.49,43.5
10/21/2024 23:00,avenue41_to_harrisln,NB,0,0.49,43.8
10/22/2024 0:00,avenue41_to_harrisln,NB,0,0.46,47
10/22/2024 1:00,avenue41_to_harrisln,NB,0,0.46,46.3
10/22/2024 2:00,avenue41_to_harrisln,NB,0,0.47,46
10/22/2024 3:00,avenue41_to_harrisln,NB,0,0.44,48.7
10/22/2024 4:00,avenue41_to_harrisln,NB,0,0.47,45.2
10/22/2024 5:00,avenue41_to_harrisln,NB,0,0.48,44.6
10/22/2024 6:00,avenue41_to_harrisln,NB,0.02,0.5,43.1
10/22/2024 7:00,avenue41_to_harrisln,NB,0.12,0.65,34.7
10/22/2024 8:00,avenue41_to_harrisln,NB,0.08,0.65,33.1
10/22/2024 9:00,avenue41_to_harrisln,NB,0.03,0.57,37.7
10/22/2024 10:00,avenue41_to_harrisln,NB,0.02,0.58,36.7
10/22/2024 11:00,avenue41_to_harrisln,NB,0.05,0.6,36
10/22/2024 12:00,avenue41_to_harrisln,NB,0.11,0.65,34
10/22/2024 13:00,avenue41_to_harrisln,NB,0.04,0.59,36.4
10/22/2024 14:00,avenue41_to_harrisln,NB,0.08,0.66,32.4
10/22/2024 15:00,avenue41_to_harrisln,NB,0.41,0.98,23.1
10/22/2024 16:00,avenue41_to_harrisln,NB,0.12,0.69,31.6
10/22/2024 17:00,avenue41_to_harrisln,NB,0.09,0.66,32.7
10/22/2024 18:00,avenue41_to_harrisln,NB,0.08,0.6,37.1
10/22/2024 19:00,avenue41_to_harrisln,NB,0.04,0.58,37.6
10/22/2024 20:00,avenue41_to_harrisln,NB,0.03,0.55,39
10/22/2024 21:00,avenue41_to_harrisln,NB,0.03,0.56,38.3
10/22/2024 22:00,avenue41_to_harrisln,NB,0.02,0.54,39.5
10/22/2024 23:00,avenue41_to_harrisln,NB,0.02,0.52,41.7
10/23/2024 0:00,avenue41_to_harrisln,NB,0,0.48,44.8
10/23/2024 1:00,avenue41_to_harrisln,NB,0,0.46,47.4
10/23/2024 2:00,avenue41_to_harrisln,NB,0,0.46,47.2
10/23/2024 3:00,avenue41_to_harrisln,NB,0,0.46,46.9
10/23/2024 4:00,avenue41_to_harrisln,NB,0,0.46,46.6
10/23/2024 5:00,avenue41_to_harrisln,NB,0.01,0.5,42.6
10/23/2024 6:00,avenue41_to_harrisln,NB,0.02,0.53,40.4
10/23/2024 7:00,avenue41_to_harrisln,NB,0.08,0.6,36.7
10/23/2024 8:00,avenue41_to_harrisln,NB,0.03,0.59,36.5
10/23/2024 9:00,avenue41_to_harrisln,NB,0.01,0.55,38.7
10/23/2024 10:00,avenue41_to_harrisln,NB,0.04,0.58,36.9
10/23/2024 11:00,avenue41_to_harrisln,NB,0.02,0.58,37.3
10/23/2024 12:00,avenue41_to_harrisln,NB,0.09,0.65,33.2
10/23/2024 13:00,avenue41_to_harrisln,NB,0.09,0.65,34
10/23/2024 14:00,avenue41_to_harrisln,NB,0.14,0.71,30.9
10/23/2024 15:00,avenue41_to_harrisln,NB,0.2,0.76,29.3
10/23/2024 16:00,avenue41_to_harrisln,NB,0.07,0.62,35
10/23/2024 17:00,avenue41_to_harrisln,NB,0.11,0.67,32.3
10/23/2024 18:00,avenue41_to_harrisln,NB,0.06,0.6,36.4
10/23/2024 19:00,avenue41_to_harrisln,NB,0.03,0.53,41
10/23/2024 20:00,avenue41_to_harrisln,NB,0.05,0.57,37.9
10/23/2024 21:00,avenue41_to_harrisln,NB,0.02,0.52,41.2
10/23/2024 22:00,avenue41_to_harrisln,NB,0,0.5,43.1
10/23/2024 23:00,avenue41_to_harrisln,NB,0.03,0.52,41.3
10/24/2024 0:00,avenue41_to_harrisln,NB,0,0.5,43.1
10/24/2024 1:00,avenue41_to_harrisln,NB,0,0.42,51.4
10/24/2024 2:00,avenue41_to_harrisln,NB,0,0.52,41.8
10/24/2024 3:00,avenue41_to_harrisln,NB,0,0.51,42.2
10/24/2024 4:00,avenue41_to_harrisln,NB,0,0.47,45.7
10/24/2024 5:00,avenue41_to_harrisln,NB,0,0.47,45.9
10/24/2024 6:00,avenue41_to_harrisln,NB,0.05,0.54,40.1
10/24/2024 7:00,avenue41_to_harrisln,NB,0.06,0.61,35.4
10/24/2024 8:00,avenue41_to_harrisln,NB,0.1,0.67,32.5
10/24/2024 9:00,avenue41_to_harrisln,NB,0.07,0.63,34.9
10/24/2024 10:00,avenue41_to_harrisln,NB,0.09,0.67,32.5
10/24/2024 11:00,avenue41_to_harrisln,NB,0.25,0.8,28.4
10/24/2024 12:00,avenue41_to_harrisln,NB,0.07,0.62,34.6
10/24/2024 13:00,avenue41_to_harrisln,NB,0.03,0.6,35.9
10/24/2024 14:00,avenue41_to_harrisln,NB,0.07,0.64,33.7
10/24/2024 15:00,avenue41_to_harrisln,NB,0.2,0.78,28.2
10/24/2024 16:00,avenue41_to_harrisln,NB,0.07,0.64,33.5
10/24/2024 17:00,avenue41_to_harrisln,NB,0.13,0.68,33
10/24/2024 18:00,avenue41_to_harrisln,NB,0.1,0.66,33.7
10/24/2024 19:00,avenue41_to_harrisln,NB,0.04,0.58,37.3
10/24/2024 20:00,avenue41_to_harrisln,NB,0.04,0.57,38.1
10/24/2024 21:00,avenue41_to_harrisln,NB,0.07,0.59,37.2
10/24/2024 22:00,avenue41_to_harrisln,NB,0.04,0.56,38.9
10/24/2024 23:00,avenue41_to_harrisln,NB,0.01,0.52,41.6
10/25/2024 0:00,avenue41_to_harrisln,NB,0,0.48,45.1
10/25/2024 1:00,avenue41_to_harrisln,NB,0,0.47,45.1
10/25/2024 2:00,avenue41_to_harrisln,NB,0,0.46,46.1
10/25/2024 3:00,avenue41_to_harrisln,NB,0.02,0.53,41.4
10/25/2024 4:00,avenue41_to_harrisln,NB,0.01,0.47,45.9
10/25/2024 5:00,avenue41_to_harrisln,NB,0,0.49,44.1
10/25/2024 6:00,avenue41_to_harrisln,NB,0,0.51,42
10/25/2024 7:00,avenue41_to_harrisln,NB,0.06,0.61,35.7
10/25/2024 8:00,avenue41_to_harrisln,NB,0.08,0.63,34
10/25/2024 9:00,avenue41_to_harrisln,NB,0.07,0.62,35
10/25/2024 10:00,avenue41_to_harrisln,NB,0.06,0.63,34.1
10/25/2024 11:00,avenue41_to_harrisln,NB,0.07,0.63,34.2
10/25/2024 12:00,avenue41_to_harrisln,NB,0.11,0.68,32.4
10/25/2024 13:00,avenue41_to_harrisln,NB,0.03,0.6,35.6
10/25/2024 14:00,avenue41_to_harrisln,NB,0.15,0.72,30.2
10/25/2024 15:00,avenue41_to_harrisln,NB,0.22,0.79,27.6
10/25/2024 16:00,avenue41_to_harrisln,NB,0.11,0.68,31.6
10/25/2024 17:00,avenue41_to_harrisln,NB,0.04,0.6,35.8
10/25/2024 18:00,avenue41_to_harrisln,NB,0.03,0.58,37.4
10/25/2024 19:00,avenue41_to_harrisln,NB,0.09,0.64,34.1
10/25/2024 20:00,avenue41_to_harrisln,NB,0.03,0.56,38.1
10/25/2024 21:00,avenue41_to_harrisln,NB,0.04,0.57,38.1
10/25/2024 22:00,avenue41_to_harrisln,NB,0.06,0.6,36.4
10/25/2024 23:00,avenue41_to_harrisln,NB,0.04,0.56,38.4
10/26/2024 0:00,avenue41_to_harrisln,NB,0,0.51,41.9
10/26/2024 1:00,avenue41_to_harrisln,NB,0,0.53,40.9
10/26/2024 2:00,avenue41_to_harrisln,NB,0,0.5,42.8
10/26/2024 3:00,avenue41_to_harrisln,NB,0.01,0.55,39
10/26/2024 4:00,avenue41_to_harrisln,NB,0,0.48,45
10/26/2024 5:00,avenue41_to_harrisln,NB,0,0.44,48.2
10/26/2024 6:00,avenue41_to_harrisln,NB,0,0.5,43.3
10/26/2024 7:00,avenue41_to_harrisln,NB,0.01,0.52,41.4
10/26/2024 8:00,avenue41_to_harrisln,NB,0.1,0.64,34.5
10/26/2024 9:00,avenue41_to_harrisln,NB,0.03,0.56,38.2
10/26/2024 10:00,avenue41_to_harrisln,NB,0.05,0.6,36.5
10/26/2024 11:00,avenue41_to_harrisln,NB,0.05,0.57,37.5
10/26/2024 12:00,avenue41_to_harrisln,NB,0.07,0.6,36
10/26/2024 13:00,avenue41_to_harrisln,NB,0.05,0.59,37.1
10/26/2024 14:00,avenue41_to_harrisln,NB,0.03,0.58,37.5
10/26/2024 15:00,avenue41_to_harrisln,NB,0.06,0.6,36.7
10/26/2024 16:00,avenue41_to_harrisln,NB,0.04,0.59,37.1
10/26/2024 17:00,avenue41_to_harrisln,NB,0.01,0.57,37.8
10/26/2024 18:00,avenue41_to_harrisln,NB,0.05,0.59,37
10/26/2024 19:00,avenue41_to_harrisln,NB,0.07,0.59,37.4
10/26/2024 20:00,avenue41_to_harrisln,NB,0.02,0.58,37
10/26/2024 21:00,avenue41_to_harrisln,NB,0,0.53,40.2
10/26/2024 22:00,avenue41_to_harrisln,NB,0.1,0.61,36.2
10/26/2024 23:00,avenue41_to_harrisln,NB,0.01,0.51,42.2
10/27/2024 0:00,avenue41_to_harrisln,NB,0.03,0.54,39.7
10/27/2024 1:00,avenue41_to_harrisln,NB,0,0.49,44.2
10/27/2024 2:00,avenue41_to_harrisln,NB,0.01,0.51,42.1
10/27/2024 3:00,avenue41_to_harrisln,NB,0.04,0.55,39.5
10/27/2024 4:00,avenue41_to_harrisln,NB,0.02,0.53,40.4
10/27/2024 5:00,avenue41_to_harrisln,NB,0,0.54,39.5
10/27/2024 6:00,avenue41_to_harrisln,NB,0,0.49,43.7
10/27/2024 7:00,avenue41_to_harrisln,NB,0,0.48,45
10/27/2024 8:00,avenue41_to_harrisln,NB,0.02,0.53,40.6
10/27/2024 9:00,avenue41_to_harrisln,NB,0.06,0.58,37.4
10/27/2024 10:00,avenue41_to_harrisln,NB,0.03,0.57,38.1
10/27/2024 11:00,avenue41_to_harrisln,NB,0.02,0.55,38.9
10/27/2024 12:00,avenue41_to_harrisln,NB,0.02,0.55,38.9
10/27/2024 13:00,avenue41_to_harrisln,NB,0.02,0.56,38.3
10/27/2024 14:00,avenue41_to_harrisln,NB,0.05,0.59,36.8
10/27/2024 15:00,avenue41_to_harrisln,NB,0.01,0.52,41.4
10/27/2024 16:00,avenue41_to_harrisln,NB,0.05,0.56,39.3
10/27/2024 17:00,avenue41_to_harrisln,NB,0.03,0.56,38.8
10/27/2024 18:00,avenue41_to_harrisln,NB,0.02,0.53,40.7
10/27/2024 19:00,avenue41_to_harrisln,NB,0.03,0.57,38
10/27/2024 20:00,avenue41_to_harrisln,NB,0.03,0.57,37.6
10/27/2024 21:00,avenue41_to_harrisln,NB,0.02,0.54,40.2
10/27/2024 22:00,avenue41_to_harrisln,NB,0,0.51,41.7
10/27/2024 23:00,avenue41_to_harrisln,NB,0.01,0.54,39.5
10/28/2024 0:00,avenue41_to_harrisln,NB,0,0.43,50.2
10/28/2024 1:00,avenue41_to_harrisln,NB,0,0.49,43.7
10/28/2024 2:00,avenue41_to_harrisln,NB,0,0.47,45.9
10/28/2024 3:00,avenue41_to_harrisln,NB,0.01,0.52,41.9
10/28/2024 4:00,avenue41_to_harrisln,NB,0.01,0.49,44.2
10/28/2024 5:00,avenue41_to_harrisln,NB,0,0.48,44.5
10/28/2024 6:00,avenue41_to_harrisln,NB,0,0.49,43.6
10/28/2024 7:00,avenue41_to_harrisln,NB,0.07,0.59,37
10/28/2024 8:00,avenue41_to_harrisln,NB,0.06,0.62,34.7
10/28/2024 9:00,avenue41_to_harrisln,NB,0.02,0.58,37.1
10/28/2024 10:00,avenue41_to_harrisln,NB,0.05,0.59,36.8
10/28/2024 11:00,avenue41_to_harrisln,NB,0.05,0.61,35.6
10/28/2024 12:00,avenue41_to_harrisln,NB,0.04,0.59,37.3
10/28/2024 13:00,avenue41_to_harrisln,NB,0.08,0.63,34.6
10/28/2024 14:00,avenue41_to_harrisln,NB,0.08,0.65,33.3
10/28/2024 15:00,avenue41_to_harrisln,NB,0.11,0.68,32.3
10/28/2024 16:00,avenue41_to_harrisln,NB,0.08,0.64,34
10/28/2024 17:00,avenue41_to_harrisln,NB,0.04,0.59,36.6
10/28/2024 18:00,avenue41_to_harrisln,NB,0.06,0.62,35.1
10/28/2024 19:00,avenue41_to_harrisln,NB,0.03,0.56,38.6
10/28/2024 20:00,avenue41_to_harrisln,NB,0.01,0.51,42
10/28/2024 21:00,avenue41_to_harrisln,NB,0,0.51,41.8
10/28/2024 22:00,avenue41_to_harrisln,NB,0,0.49,44.2
10/28/2024 23:00,avenue41_to_harrisln,NB,0,0.48,45.1
10/29/2024 0:00,avenue41_to_harrisln,NB,0,0.49,44
10/29/2024 1:00,avenue41_to_harrisln,NB,0.03,0.51,43.5
10/29/2024 2:00,avenue41_to_harrisln,NB,0,0.47,45.9
10/29/2024 3:00,avenue41_to_harrisln,NB,0,0.47,46.2
10/29/2024 4:00,avenue41_to_harrisln,NB,0,0.47,46
10/29/2024 5:00,avenue41_to_harrisln,NB,0,0.46,46.7
10/29/2024 6:00,avenue41_to_harrisln,NB,0.02,0.53,40.4
10/29/2024 7:00,avenue41_to_harrisln,NB,0.06,0.59,37
10/29/2024 8:00,avenue41_to_harrisln,NB,0.08,0.62,35.1
10/29/2024 9:00,avenue41_to_harrisln,NB,0.04,0.6,36
10/29/2024 10:00,avenue41_to_harrisln,NB,0.27,0.87,25.8
10/29/2024 11:00,avenue41_to_harrisln,NB,0.14,0.72,30.6
10/29/2024 12:00,avenue41_to_harrisln,NB,0.05,0.6,36
10/29/2024 13:00,avenue41_to_harrisln,NB,0.06,0.62,34.6
10/29/2024 14:00,avenue41_to_harrisln,NB,0.09,0.66,33.2
10/29/2024 15:00,avenue41_to_harrisln,NB,0.35,0.91,24.5
10/29/2024 16:00,avenue41_to_harrisln,NB,0.16,0.73,30.7
10/29/2024 17:00,avenue41_to_harrisln,NB,0.08,0.63,34.3
10/29/2024 18:00,avenue41_to_harrisln,NB,0.02,0.57,38.1
10/29/2024 19:00,avenue41_to_harrisln,NB,0.01,0.54,39.6
10/29/2024 20:00,avenue41_to_harrisln,NB,0.01,0.54,40
10/29/2024 21:00,avenue41_to_harrisln,NB,0.03,0.57,37.4
10/29/2024 22:00,avenue41_to_harrisln,NB,0.01,0.5,43.2
10/29/2024 23:00,avenue41_to_harrisln,NB,0,0.52,41.1
10/30/2024 0:00,avenue41_to_harrisln,NB,0,0.53,40.8
10/30/2024 1:00,avenue41_to_harrisln,NB,0.05,0.56,40.4
10/30/2024 2:00,avenue41_to_harrisln,NB,0.03,0.55,39.8
10/30/2024 3:00,avenue41_to_harrisln,NB,0,0.5,42.5
10/30/2024 4:00,avenue41_to_harrisln,NB,0,0.47,45.6
10/30/2024 5:00,avenue41_to_harrisln,NB,0,0.5,42.8
10/30/2024 6:00,avenue41_to_harrisln,NB,0.01,0.52,41.9
10/30/2024 7:00,avenue41_to_harrisln,NB,0.06,0.6,36.2
10/30/2024 8:00,avenue41_to_harrisln,NB,0.07,0.62,34.7
10/30/2024 9:00,avenue41_to_harrisln,NB,0.02,0.58,37.3
10/30/2024 10:00,avenue41_to_harrisln,NB,0.03,0.57,37.8
10/30/2024 11:00,avenue41_to_harrisln,NB,0.05,0.62,34.6
10/30/2024 12:00,avenue41_to_harrisln,NB,0.04,0.61,35
10/30/2024 13:00,avenue41_to_harrisln,NB,0.08,0.64,34
10/30/2024 14:00,avenue41_to_harrisln,NB,0.1,0.68,32
10/30/2024 15:00,avenue41_to_harrisln,NB,0.18,0.76,29
10/30/2024 16:00,avenue41_to_harrisln,NB,0.1,0.66,32.7
10/30/2024 17:00,avenue41_to_harrisln,NB,0.11,0.67,32.8
10/30/2024 18:00,avenue41_to_harrisln,NB,0.02,0.55,39.5
10/30/2024 19:00,avenue41_to_harrisln,NB,0.07,0.59,37.1
10/30/2024 20:00,avenue41_to_harrisln,NB,0.01,0.55,39.4
10/30/2024 21:00,avenue41_to_harrisln,NB,0.03,0.54,40.2
10/30/2024 22:00,avenue41_to_harrisln,NB,0.16,0.65,36.1
10/30/2024 23:00,avenue41_to_harrisln,NB,0.07,0.58,38.3
10/31/2024 0:00,avenue41_to_harrisln,NB,0,0.5,43.4
10/31/2024 1:00,avenue41_to_harrisln,NB,0,0.46,47
10/31/2024 2:00,avenue41_to_harrisln,NB,0,0.46,46.4
10/31/2024 3:00,avenue41_to_harrisln,NB,0,0.48,44.6
10/31/2024 4:00,avenue41_to_harrisln,NB,0,0.46,46.6
10/31/2024 5:00,avenue41_to_harrisln,NB,0,0.44,49.1
10/31/2024 6:00,avenue41_to_harrisln,NB,0.04,0.55,39.3
10/31/2024 7:00,avenue41_to_harrisln,NB,0.03,0.54,39.8
10/31/2024 8:00,avenue41_to_harrisln,NB,0.06,0.6,35.7
10/31/2024 9:00,avenue41_to_harrisln,NB,0.02,0.58,37.5
10/31/2024 10:00,avenue41_to_harrisln,NB,0.05,0.62,35.1
10/31/2024 11:00,avenue41_to_harrisln,NB,0.05,0.61,35.2
10/31/2024 12:00,avenue41_to_harrisln,NB,0.08,0.64,33.6
10/31/2024 13:00,avenue41_to_harrisln,NB,0.03,0.59,36.3
10/31/2024 14:00,avenue41_to_harrisln,NB,0.18,0.75,30.5
10/31/2024 15:00,avenue41_to_harrisln,NB,0.37,0.95,23.6
10/31/2024 16:00,avenue41_to_harrisln,NB,0.09,0.65,33.7
10/31/2024 17:00,avenue41_to_harrisln,NB,0.07,0.62,34.6
10/31/2024 18:00,avenue41_to_harrisln,NB,0.05,0.57,38
10/31/2024 19:00,avenue41_to_harrisln,NB,0,0.51,42.3
10/31/2024 20:00,avenue41_to_harrisln,NB,0.01,0.55,39.1
10/31/2024 21:00,avenue41_to_harrisln,NB,0.02,0.55,39.5
10/31/2024 22:00,avenue41_to_harrisln,NB,0.01,0.51,41.8
10/31/2024 23:00,avenue41_to_harrisln,NB,0.11,0.62,36.6
11/1/2024 0:00,avenue41_to_harrisln,NB,0,0.48,45
11/1/2024 1:00,avenue41_to_harrisln,NB,0,0.48,45
11/1/2024 2:00,avenue41_to_harrisln,NB,0,0.44,48.5
11/1/2024 3:00,avenue41_to_harrisln,NB,0,0.45,47.5
11/1/2024 4:00,avenue41_to_harrisln,NB,0,0.45,47.5
11/1/2024 5:00,avenue41_to_harrisln,NB,0.03,0.5,42.9
11/1/2024 6:00,avenue41_to_harrisln,NB,0.02,0.53,41.1
11/1/2024 7:00,avenue41_to_harrisln,NB,0.03,0.56,38.8
11/1/2024 8:00,avenue41_to_harrisln,NB,0.08,0.62,35
11/1/2024 9:00,avenue41_to_harrisln,NB,0.03,0.59,36.5
11/1/2024 10:00,avenue41_to_harrisln,NB,0.05,0.61,35.6
11/1/2024 11:00,avenue41_to_harrisln,NB,0.03,0.58,37.3
11/1/2024 12:00,avenue41_to_harrisln,NB,0.06,0.64,33.6
11/1/2024 13:00,avenue41_to_harrisln,NB,0.1,0.66,33.1
11/1/2024 14:00,avenue41_to_harrisln,NB,0.16,0.73,29.9
11/1/2024 15:00,avenue41_to_harrisln,NB,0.54,1.11,20.9
11/1/2024 16:00,avenue41_to_harrisln,NB,0.1,0.67,32.5
11/1/2024 17:00,avenue41_to_harrisln,NB,0.08,0.64,34.1
11/1/2024 18:00,avenue41_to_harrisln,NB,0.07,0.63,34.6
11/1/2024 19:00,avenue41_to_harrisln,NB,0.05,0.59,37.1
11/1/2024 20:00,avenue41_to_harrisln,NB,0.02,0.57,37.8
11/1/2024 21:00,avenue41_to_harrisln,NB,0.02,0.54,39.6
11/1/2024 22:00,avenue41_to_harrisln,NB,0.05,0.59,36.9
11/1/2024 23:00,avenue41_to_harrisln,NB,0,0.5,43.1
11/2/2024 0:00,avenue41_to_harrisln,NB,0,0.5,43.3
11/2/2024 1:00,avenue41_to_harrisln,NB,0,0.48,44.7
11/2/2024 2:00,avenue41_to_harrisln,NB,0,0.48,45
11/2/2024 3:00,avenue41_to_harrisln,NB,0,0.5,42.8
11/2/2024 4:00,avenue41_to_harrisln,NB,0,0.51,41.8
11/2/2024 5:00,avenue41_to_harrisln,NB,0,0.53,40.8
11/2/2024 6:00,avenue41_to_harrisln,NB,0,0.48,44.8
11/2/2024 7:00,avenue41_to_harrisln,NB,0.01,0.52,41.4
11/2/2024 8:00,avenue41_to_harrisln,NB,0,0.51,41.9
11/2/2024 9:00,avenue41_to_harrisln,NB,0.03,0.57,37.7
11/2/2024 10:00,avenue41_to_harrisln,NB,0.03,0.58,37.1
11/2/2024 11:00,avenue41_to_harrisln,NB,0.02,0.58,36.9
11/2/2024 12:00,avenue41_to_harrisln,NB,0.04,0.58,37.1
11/2/2024 13:00,avenue41_to_harrisln,NB,0.04,0.6,36.1
11/2/2024 14:00,avenue41_to_harrisln,NB,0.01,0.57,37.3
11/2/2024 15:00,avenue41_to_harrisln,NB,0.04,0.58,37.4
11/2/2024 16:00,avenue41_to_harrisln,NB,0.03,0.59,36.6
11/2/2024 17:00,avenue41_to_harrisln,NB,0.04,0.58,36.9
11/2/2024 18:00,avenue41_to_harrisln,NB,0.03,0.6,35.5
11/2/2024 19:00,avenue41_to_harrisln,NB,0.05,0.58,37.2
11/2/2024 20:00,avenue41_to_harrisln,NB,0.04,0.57,38.2
11/2/2024 21:00,avenue41_to_harrisln,NB,0.04,0.57,38.3
11/2/2024 22:00,avenue41_to_harrisln,NB,0.01,0.55,39.1
11/2/2024 23:00,avenue41_to_harrisln,NB,0.01,0.53,40.8
11/3/2024 0:00,avenue41_to_harrisln,NB,0.01,0.5,43.4
11/3/2024 1:00,avenue41_to_harrisln,NB,0.04,0.57,37.7
11/3/2024 1:00,avenue41_to_harrisln,NB,0,0.48,44.2
11/3/2024 2:00,avenue41_to_harrisln,NB,0,0.49,43.4
11/3/2024 3:00,avenue41_to_harrisln,NB,0.01,0.5,42.9
11/3/2024 4:00,avenue41_to_harrisln,NB,0.01,0.46,47
11/3/2024 5:00,avenue41_to_harrisln,NB,0,0.48,44.2
11/3/2024 6:00,avenue41_to_harrisln,NB,0.02,0.51,42.7
11/3/2024 7:00,avenue41_to_harrisln,NB,0.03,0.54,40.2
11/3/2024 8:00,avenue41_to_harrisln,NB,0.01,0.52,41.1
11/3/2024 9:00,avenue41_to_harrisln,NB,0.01,0.55,39.2
11/3/2024 10:00,avenue41_to_harrisln,NB,0.03,0.58,37.5
11/3/2024 11:00,avenue41_to_harrisln,NB,0.04,0.6,36
11/3/2024 12:00,avenue41_to_harrisln,NB,0.03,0.58,37.1
11/3/2024 13:00,avenue41_to_harrisln,NB,0.04,0.58,37.5
11/3/2024 14:00,avenue41_to_harrisln,NB,0.04,0.59,36.7
11/3/2024 15:00,avenue41_to_harrisln,NB,0.03,0.57,37.7
11/3/2024 16:00,avenue41_to_harrisln,NB,0.02,0.56,38.8
11/3/2024 17:00,avenue41_to_harrisln,NB,0.02,0.57,37.5
11/3/2024 18:00,avenue41_to_harrisln,NB,0.01,0.55,38.9
11/3/2024 19:00,avenue41_to_harrisln,NB,0.03,0.57,37.4
11/3/2024 20:00,avenue41_to_harrisln,NB,0.02,0.54,39.9
11/3/2024 21:00,avenue41_to_harrisln,NB,0.01,0.5,43
11/3/2024 22:00,avenue41_to_harrisln,NB,0.01,0.52,41.4
11/3/2024 23:00,avenue41_to_harrisln,NB,0,0.48,44.9
11/4/2024 0:00,avenue41_to_harrisln,NB,0,0.47,45.6
11/4/2024 1:00,avenue41_to_harrisln,NB,0,0.5,42.9
11/4/2024 2:00,avenue41_to_harrisln,NB,0,0.49,43.7
11/4/2024 3:00,avenue41_to_harrisln,NB,0,0.47,45.5
11/4/2024 4:00,avenue41_to_harrisln,NB,0,0.49,43.7
11/4/2024 5:00,avenue41_to_harrisln,NB,0,0.48,44.7
11/4/2024 6:00,avenue41_to_harrisln,NB,0.01,0.5,42.6
11/4/2024 7:00,avenue41_to_harrisln,NB,0.07,0.63,34.7
11/4/2024 8:00,avenue41_to_harrisln,NB,0.05,0.6,35.6
11/4/2024 9:00,avenue41_to_harrisln,NB,0.03,0.59,36.5
11/4/2024 10:00,avenue41_to_harrisln,NB,0.05,0.62,34.4
11/4/2024 11:00,avenue41_to_harrisln,NB,0.06,0.63,34.2
11/4/2024 12:00,avenue41_to_harrisln,NB,0.1,0.68,32
11/4/2024 13:00,avenue41_to_harrisln,NB,0.05,0.62,34.6
11/4/2024 14:00,avenue41_to_harrisln,NB,0.16,0.74,30.2
11/4/2024 15:00,avenue41_to_harrisln,NB,0.47,1.04,21.5
11/4/2024 16:00,avenue41_to_harrisln,NB,0.17,0.73,30.4
11/4/2024 17:00,avenue41_to_harrisln,NB,0.07,0.64,34.1
11/4/2024 18:00,avenue41_to_harrisln,NB,0.06,0.59,36.7
11/4/2024 19:00,avenue41_to_harrisln,NB,0.08,0.61,36
11/4/2024 20:00,avenue41_to_harrisln,NB,0.06,0.6,36.3
11/4/2024 21:00,avenue41_to_harrisln,NB,0.02,0.56,38.7
11/4/2024 22:00,avenue41_to_harrisln,NB,0,0.47,45.3
11/4/2024 23:00,avenue41_to_harrisln,NB,0.01,0.52,41.7
11/5/2024 0:00,avenue41_to_harrisln,NB,0,0.46,46.6
11/5/2024 1:00,avenue41_to_harrisln,NB,0,0.47,45.8
11/5/2024 2:00,avenue41_to_harrisln,NB,0.01,0.52,41.3
11/5/2024 3:00,avenue41_to_harrisln,NB,0,0.5,43.2
11/5/2024 4:00,avenue41_to_harrisln,NB,0,0.48,44.6
11/5/2024 5:00,avenue41_to_harrisln,NB,0,0.46,46.6
11/5/2024 6:00,avenue41_to_harrisln,NB,0.04,0.55,40.1
11/5/2024 7:00,avenue41_to_harrisln,NB,0.08,0.62,34.9
11/5/2024 8:00,avenue41_to_harrisln,NB,0.07,0.63,34.2
11/5/2024 9:00,avenue41_to_harrisln,NB,0.04,0.58,37.4
11/5/2024 10:00,avenue41_to_harrisln,NB,0.06,0.62,35.1
11/5/2024 11:00,avenue41_to_harrisln,NB,0.05,0.63,34.4
11/5/2024 12:00,avenue41_to_harrisln,NB,0.16,0.71,31.2
11/5/2024 13:00,avenue41_to_harrisln,NB,0.07,0.63,34.1
11/5/2024 14:00,avenue41_to_harrisln,NB,0.18,0.76,30
11/5/2024 15:00,avenue41_to_harrisln,NB,0.41,0.97,24.4
11/5/2024 16:00,avenue41_to_harrisln,NB,0.14,0.7,31.4
11/5/2024 17:00,avenue41_to_harrisln,NB,0.11,0.66,32.3
11/5/2024 18:00,avenue41_to_harrisln,NB,0.08,0.63,34.4
11/5/2024 19:00,avenue41_to_harrisln,NB,0.01,0.54,40.1
11/5/2024 20:00,avenue41_to_harrisln,NB,0.04,0.57,37.8
11/5/2024 21:00,avenue41_to_harrisln,NB,0.04,0.55,39.8
11/5/2024 22:00,avenue41_to_harrisln,NB,0,0.49,43.8
11/5/2024 23:00,avenue41_to_harrisln,NB,0,0.52,41.6
11/6/2024 0:00,avenue41_to_harrisln,NB,0.04,0.52,43.3
11/6/2024 1:00,avenue41_to_harrisln,NB,0,0.45,47.4
11/6/2024 2:00,avenue41_to_harrisln,NB,0,0.5,42.9
11/6/2024 3:00,avenue41_to_harrisln,NB,0.07,0.55,39.8
11/6/2024 4:00,avenue41_to_harrisln,NB,0,0.46,46.6
11/6/2024 5:00,avenue41_to_harrisln,NB,0,0.47,46.1
11/6/2024 6:00,avenue41_to_harrisln,NB,0.01,0.53,40.3
11/6/2024 7:00,avenue41_to_harrisln,NB,0.07,0.61,35.3
11/6/2024 8:00,avenue41_to_harrisln,NB,0.08,0.63,34.8
11/6/2024 9:00,avenue41_to_harrisln,NB,0.07,0.61,35.5
11/6/2024 10:00,avenue41_to_harrisln,NB,0.07,0.64,34.5
11/6/2024 11:00,avenue41_to_harrisln,NB,0.05,0.61,35.6
11/6/2024 12:00,avenue41_to_harrisln,NB,0.08,0.64,33.9
11/6/2024 13:00,avenue41_to_harrisln,NB,0.11,0.67,32.8
11/6/2024 14:00,avenue41_to_harrisln,NB,0.09,0.68,31.9
11/6/2024 15:00,avenue41_to_harrisln,NB,0.41,0.98,22.4
11/6/2024 16:00,avenue41_to_harrisln,NB,0.38,0.96,25.2
11/6/2024 17:00,avenue41_to_harrisln,NB,0.12,0.71,31.2
11/6/2024 18:00,avenue41_to_harrisln,NB,0.04,0.58,37.2
11/6/2024 19:00,avenue41_to_harrisln,NB,0.05,0.59,36.9
11/6/2024 20:00,avenue41_to_harrisln,NB,0.04,0.56,39
11/6/2024 21:00,avenue41_to_harrisln,NB,0.02,0.52,41.1
11/6/2024 22:00,avenue41_to_harrisln,NB,0,0.51,42.3
11/6/2024 23:00,avenue41_to_harrisln,NB,0.04,0.52,41.9
11/7/2024 0:00,avenue41_to_harrisln,NB,0,0.49,44.2
11/7/2024 1:00,avenue41_to_harrisln,NB,0,0.48,44.6
11/7/2024 2:00,avenue41_to_harrisln,NB,0.01,0.5,43.5
11/7/2024 3:00,avenue41_to_harrisln,NB,0,0.47,45.7
11/7/2024 4:00,avenue41_to_harrisln,NB,0,0.46,46.8
11/7/2024 5:00,avenue41_to_harrisln,NB,0.02,0.5,43.4
11/7/2024 6:00,avenue41_to_harrisln,NB,0.05,0.57,38.2
11/7/2024 7:00,avenue41_to_harrisln,NB,0.06,0.61,35.6
11/7/2024 8:00,avenue41_to_harrisln,NB,0.03,0.59,36.4
11/7/2024 9:00,avenue41_to_harrisln,NB,0.02,0.6,36.1
11/7/2024 10:00,avenue41_to_harrisln,NB,0.04,0.62,34.9
11/7/2024 11:00,avenue41_to_harrisln,NB,0.05,0.6,35.8
11/7/2024 12:00,avenue41_to_harrisln,NB,0.05,0.61,35.4
11/7/2024 13:00,avenue41_to_harrisln,NB,0.07,0.64,33.7
11/7/2024 14:00,avenue41_to_harrisln,NB,0.21,0.81,28
11/7/2024 15:00,avenue41_to_harrisln,NB,1.46,2.06,10.8
11/7/2024 16:00,avenue41_to_harrisln,NB,0.33,0.92,24.6
11/7/2024 17:00,avenue41_to_harrisln,NB,0.12,0.69,31.7
11/7/2024 18:00,avenue41_to_harrisln,NB,0.04,0.59,37
11/7/2024 19:00,avenue41_to_harrisln,NB,0.02,0.56,38.6
11/7/2024 20:00,avenue41_to_harrisln,NB,0.03,0.57,37.7
11/7/2024 21:00,avenue41_to_harrisln,NB,0.07,0.59,36.7
11/7/2024 22:00,avenue41_to_harrisln,NB,0,0.51,41.9
11/7/2024 23:00,avenue41_to_harrisln,NB,0.01,0.56,38.5
11/8/2024 0:00,avenue41_to_harrisln,NB,0,0.48,44.7
11/8/2024 1:00,avenue41_to_harrisln,NB,0,0.46,46.4
11/8/2024 2:00,avenue41_to_harrisln,NB,0,0.46,47
11/8/2024 3:00,avenue41_to_harrisln,NB,0,0.47,45.8
11/8/2024 4:00,avenue41_to_harrisln,NB,0,0.47,46.1
11/8/2024 5:00,avenue41_to_harrisln,NB,0,0.46,46.7
11/8/2024 6:00,avenue41_to_harrisln,NB,0.03,0.56,38.3
11/8/2024 7:00,avenue41_to_harrisln,NB,0.06,0.61,35.5
11/8/2024 8:00,avenue41_to_harrisln,NB,0.05,0.61,35.6
11/8/2024 9:00,avenue41_to_harrisln,NB,0.12,0.67,32.7
11/8/2024 10:00,avenue41_to_harrisln,NB,0.06,0.62,34.8
11/8/2024 11:00,avenue41_to_harrisln,NB,0.05,0.62,34.8
11/8/2024 12:00,avenue41_to_harrisln,NB,0.1,0.68,31.8
11/8/2024 13:00,avenue41_to_harrisln,NB,0.37,0.93,25.5
11/8/2024 14:00,avenue41_to_harrisln,NB,0.26,0.84,26.8
11/8/2024 15:00,avenue41_to_harrisln,NB,1.45,2.04,11.4
11/8/2024 16:00,avenue41_to_harrisln,NB,0.3,0.86,25.9
11/8/2024 17:00,avenue41_to_harrisln,NB,0.18,0.75,30.1
11/8/2024 18:00,avenue41_to_harrisln,NB,0.04,0.6,36.2
11/8/2024 19:00,avenue41_to_harrisln,NB,0.05,0.59,36.7
11/8/2024 20:00,avenue41_to_harrisln,NB,0.03,0.55,39.4
11/8/2024 21:00,avenue41_to_harrisln,NB,0.01,0.54,40.2
11/8/2024 22:00,avenue41_to_harrisln,NB,0,0.52,41.4
11/8/2024 23:00,avenue41_to_harrisln,NB,0.05,0.58,37.5
11/9/2024 0:00,avenue41_to_harrisln,NB,0.01,0.5,43.3
11/9/2024 1:00,avenue41_to_harrisln,NB,0,0.49,43.8
11/9/2024 2:00,avenue41_to_harrisln,NB,0,0.49,44.1
11/9/2024 3:00,avenue41_to_harrisln,NB,0.05,0.59,37.2
11/9/2024 4:00,avenue41_to_harrisln,NB,0,0.47,45.4
11/9/2024 5:00,avenue41_to_harrisln,NB,0,0.48,44.5
11/9/2024 6:00,avenue41_to_harrisln,NB,0.02,0.53,40.8
11/9/2024 7:00,avenue41_to_harrisln,NB,0,0.5,43.4
11/9/2024 8:00,avenue41_to_harrisln,NB,0.02,0.54,40.1
11/9/2024 9:00,avenue41_to_harrisln,NB,0.07,0.61,35.7
11/9/2024 10:00,avenue41_to_harrisln,NB,0.06,0.63,34.7
11/9/2024 11:00,avenue41_to_harrisln,NB,0.06,0.61,35.6
11/9/2024 12:00,avenue41_to_harrisln,NB,0.05,0.61,35.1
11/9/2024 13:00,avenue41_to_harrisln,NB,0.04,0.61,35.3
11/9/2024 14:00,avenue41_to_harrisln,NB,0.07,0.63,34.2
11/9/2024 15:00,avenue41_to_harrisln,NB,0.07,0.63,35.1
11/9/2024 16:00,avenue41_to_harrisln,NB,0.02,0.59,36.8
11/9/2024 17:00,avenue41_to_harrisln,NB,0.07,0.62,34.9
11/9/2024 18:00,avenue41_to_harrisln,NB,0.06,0.58,37.4
11/9/2024 19:00,avenue41_to_harrisln,NB,0.02,0.55,38.9
11/9/2024 20:00,avenue41_to_harrisln,NB,0,0.53,40.3
11/9/2024 21:00,avenue41_to_harrisln,NB,0,0.53,40.6
11/9/2024 22:00,avenue41_to_harrisln,NB,0.01,0.52,41.1
11/9/2024 23:00,avenue41_to_harrisln,NB,0.01,0.5,43
11/10/2024 0:00,avenue41_to_harrisln,NB,0.01,0.48,44.9
11/10/2024 1:00,avenue41_to_harrisln,NB,0,0.47,45.2
11/10/2024 2:00,avenue41_to_harrisln,NB,0.05,0.54,40.4
11/10/2024 3:00,avenue41_to_harrisln,NB,0.02,0.53,40.7
11/10/2024 4:00,avenue41_to_harrisln,NB,0,0.46,46.9
11/10/2024 5:00,avenue41_to_harrisln,NB,0,0.46,46.3
11/10/2024 6:00,avenue41_to_harrisln,NB,0.01,0.49,44.3
11/10/2024 7:00,avenue41_to_harrisln,NB,0.01,0.5,42.8
11/10/2024 8:00,avenue41_to_harrisln,NB,0,0.52,41.2
11/10/2024 9:00,avenue41_to_harrisln,NB,0.02,0.54,40.2
11/10/2024 10:00,avenue41_to_harrisln,NB,0.03,0.58,37.2
11/10/2024 11:00,avenue41_to_harrisln,NB,0.02,0.57,37.6
11/10/2024 12:00,avenue41_to_harrisln,NB,0.05,0.6,36.4
11/10/2024 13:00,avenue41_to_harrisln,NB,0.02,0.56,38.6
11/10/2024 14:00,avenue41_to_harrisln,NB,0.03,0.58,36.9
11/10/2024 15:00,avenue41_to_harrisln,NB,0.05,0.58,37.5
11/10/2024 16:00,avenue41_to_harrisln,NB,0.02,0.56,38.4
11/10/2024 17:00,avenue41_to_harrisln,NB,0.02,0.58,37
11/10/2024 18:00,avenue41_to_harrisln,NB,0.03,0.57,38.1
11/10/2024 19:00,avenue41_to_harrisln,NB,0.05,0.58,37.1
11/10/2024 20:00,avenue41_to_harrisln,NB,0.03,0.55,39.1
11/10/2024 21:00,avenue41_to_harrisln,NB,0.05,0.59,36.6
11/10/2024 22:00,avenue41_to_harrisln,NB,0,0.51,42.2
11/10/2024 23:00,avenue41_to_harrisln,NB,0.01,0.54,39.9
11/11/2024 0:00,avenue41_to_harrisln,NB,0,0.46,46.6
11/11/2024 1:00,avenue41_to_harrisln,NB,0,0.47,45.8
11/11/2024 2:00,avenue41_to_harrisln,NB,0,0.45,48.1
11/11/2024 3:00,avenue41_to_harrisln,NB,0,0.47,46
11/11/2024 4:00,avenue41_to_harrisln,NB,0,0.47,45.5
11/11/2024 5:00,avenue41_to_harrisln,NB,0,0.5,43.2
11/11/2024 6:00,avenue41_to_harrisln,NB,0.01,0.52,41.5
11/11/2024 7:00,avenue41_to_harrisln,NB,0.08,0.62,35.5
11/11/2024 8:00,avenue41_to_harrisln,NB,0.03,0.58,37.4
11/11/2024 9:00,avenue41_to_harrisln,NB,0.04,0.6,36
11/11/2024 10:00,avenue41_to_harrisln,NB,0.03,0.6,36.2
11/11/2024 11:00,avenue41_to_harrisln,NB,0.04,0.59,36.5
11/11/2024 12:00,avenue41_to_harrisln,NB,0.12,0.68,32.3
11/11/2024 13:00,avenue41_to_harrisln,NB,0.05,0.62,35.1
11/11/2024 14:00,avenue41_to_harrisln,NB,0.05,0.63,34.6
11/11/2024 15:00,avenue41_to_harrisln,NB,0.05,0.61,35.4
11/11/2024 16:00,avenue41_to_harrisln,NB,0.06,0.63,34.3
11/11/2024 17:00,avenue41_to_harrisln,NB,0.07,0.64,34.3
11/11/2024 18:00,avenue41_to_harrisln,NB,0.04,0.61,35.6
11/11/2024 19:00,avenue41_to_harrisln,NB,0.06,0.6,36.6
11/11/2024 20:00,avenue41_to_harrisln,NB,0.02,0.55,38.9
11/11/2024 21:00,avenue41_to_harrisln,NB,0.04,0.56,38.9
11/11/2024 22:00,avenue41_to_harrisln,NB,0.01,0.53,40.8
11/11/2024 23:00,avenue41_to_harrisln,NB,0,0.47,45.4
11/12/2024 0:00,avenue41_to_harrisln,NB,0,0.49,44
11/12/2024 1:00,avenue41_to_harrisln,NB,0,0.54,39.9
11/12/2024 2:00,avenue41_to_harrisln,NB,0.03,0.55,40.1
11/12/2024 3:00,avenue41_to_harrisln,NB,0,0.48,44.3
11/12/2024 4:00,avenue41_to_harrisln,NB,0,0.47,46
11/12/2024 5:00,avenue41_to_harrisln,NB,0.02,0.54,39.9
11/12/2024 6:00,avenue41_to_harrisln,NB,0.06,0.55,39.5
11/12/2024 7:00,avenue41_to_harrisln,NB,0.11,0.64,34.6
11/12/2024 8:00,avenue41_to_harrisln,NB,0.1,0.64,33.5
11/12/2024 9:00,avenue41_to_harrisln,NB,0.02,0.58,37.3
11/12/2024 10:00,avenue41_to_harrisln,NB,0.06,0.63,34.4
11/12/2024 11:00,avenue41_to_harrisln,NB,0.04,0.6,35.6
11/12/2024 12:00,avenue41_to_harrisln,NB,0.06,0.63,34.1
11/12/2024 13:00,avenue41_to_harrisln,NB,0.07,0.63,34.2
11/12/2024 14:00,avenue41_to_harrisln,NB,0.17,0.74,29.5
11/12/2024 15:00,avenue41_to_harrisln,NB,0.45,1.02,23.3
11/12/2024 16:00,avenue41_to_harrisln,NB,0.19,0.77,28.6
11/12/2024 17:00,avenue41_to_harrisln,NB,0.13,0.7,31.4
11/12/2024 18:00,avenue41_to_harrisln,NB,0.02,0.56,38.4
11/12/2024 19:00,avenue41_to_harrisln,NB,0.01,0.56,38.6
11/12/2024 20:00,avenue41_to_harrisln,NB,0.02,0.54,40
11/12/2024 21:00,avenue41_to_harrisln,NB,0.02,0.54,40.1
11/12/2024 22:00,avenue41_to_harrisln,NB,0.01,0.52,41.9
11/12/2024 23:00,avenue41_to_harrisln,NB,0.01,0.49,43.3
11/13/2024 0:00,avenue41_to_harrisln,NB,0,0.47,45.4
11/13/2024 1:00,avenue41_to_harrisln,NB,0.01,0.55,40
11/13/2024 2:00,avenue41_to_harrisln,NB,0,0.47,45.4
11/13/2024 3:00,avenue41_to_harrisln,NB,0,0.46,47.2
11/13/2024 4:00,avenue41_to_harrisln,NB,0,0.47,46
11/13/2024 5:00,avenue41_to_harrisln,NB,0.01,0.46,46.7
11/13/2024 6:00,avenue41_to_harrisln,NB,0.03,0.57,38.3
11/13/2024 7:00,avenue41_to_harrisln,NB,0.1,0.64,34.4
11/13/2024 8:00,avenue41_to_harrisln,NB,0.1,0.66,33.1
11/13/2024 9:00,avenue41_to_harrisln,NB,0.04,0.61,35.3
11/13/2024 10:00,avenue41_to_harrisln,NB,0.05,0.61,35.3
11/13/2024 11:00,avenue41_to_harrisln,NB,0.05,0.62,34.9
11/13/2024 12:00,avenue41_to_harrisln,NB,0.05,0.6,36
11/13/2024 13:00,avenue41_to_harrisln,NB,0.03,0.6,35.7
11/13/2024 14:00,avenue41_to_harrisln,NB,0.16,0.73,30.2
11/13/2024 15:00,avenue41_to_harrisln,NB,0.33,0.91,24.3
11/13/2024 16:00,avenue41_to_harrisln,NB,0.19,0.76,29.1
11/13/2024 17:00,avenue41_to_harrisln,NB,0.04,0.52,43.1
11/13/2024 18:00,avenue41_to_harrisln,NB,0.03,0.59,36.5
11/13/2024 19:00,avenue41_to_harrisln,NB,0.02,0.54,39.7
11/13/2024 20:00,avenue41_to_harrisln,NB,0.01,0.54,39.4
11/13/2024 21:00,avenue41_to_harrisln,NB,0.03,0.55,39.3
11/13/2024 22:00,avenue41_to_harrisln,NB,0,0.5,43
11/13/2024 23:00,avenue41_to_harrisln,NB,0.01,0.52,41.4
11/14/2024 0:00,avenue41_to_harrisln,NB,0,0.5,43
11/14/2024 1:00,avenue41_to_harrisln,NB,0,0.48,44.2
11/14/2024 2:00,avenue41_to_harrisln,NB,0.02,0.5,42.6
11/14/2024 3:00,avenue41_to_harrisln,NB,0,0.46,47
11/14/2024 4:00,avenue41_to_harrisln,NB,0,0.46,46.7
11/14/2024 5:00,avenue41_to_harrisln,NB,0,0.53,40.4
11/14/2024 6:00,avenue41_to_harrisln,NB,0.03,0.55,39.5
11/14/2024 7:00,avenue41_to_harrisln,NB,0.08,0.62,34.6
11/14/2024 8:00,avenue41_to_harrisln,NB,0.06,0.62,35.1
11/14/2024 9:00,avenue41_to_harrisln,NB,0.07,0.62,35.3
11/14/2024 10:00,avenue41_to_harrisln,NB,0.07,0.64,34.3
11/14/2024 11:00,avenue41_to_harrisln,NB,0.06,0.63,34.3
11/14/2024 12:00,avenue41_to_harrisln,NB,0.09,0.65,32.9
11/14/2024 13:00,avenue41_to_harrisln,NB,0.07,0.65,33.5
11/14/2024 14:00,avenue41_to_harrisln,NB,0.19,0.77,28.3
11/14/2024 15:00,avenue41_to_harrisln,NB,0.41,0.99,22.7
11/14/2024 16:00,avenue41_to_harrisln,NB,0.21,0.79,29.4
11/14/2024 17:00,avenue41_to_harrisln,NB,0.07,0.64,33.8
11/14/2024 18:00,avenue41_to_harrisln,NB,0.09,0.63,34.2
11/14/2024 19:00,avenue41_to_harrisln,NB,0.11,0.66,33.2
11/14/2024 20:00,avenue41_to_harrisln,NB,0,0.51,42
11/14/2024 21:00,avenue41_to_harrisln,NB,0.04,0.54,40.1
11/14/2024 22:00,avenue41_to_harrisln,NB,0.02,0.5,43.1
11/14/2024 23:00,avenue41_to_harrisln,NB,0,0.48,44.4
11/15/2024 0:00,avenue41_to_harrisln,NB,0,0.5,43
11/15/2024 1:00,avenue41_to_harrisln,NB,0,0.48,44.5
11/15/2024 2:00,avenue41_to_harrisln,NB,0,0.46,46.7
11/15/2024 3:00,avenue41_to_harrisln,NB,0.01,0.54,40.5
11/15/2024 4:00,avenue41_to_harrisln,NB,0.03,0.49,44.6
11/15/2024 5:00,avenue41_to_harrisln,NB,0.01,0.49,43.7
11/15/2024 6:00,avenue41_to_harrisln,NB,0.02,0.51,42.1
11/15/2024 7:00,avenue41_to_harrisln,NB,0.12,0.65,33.2
11/15/2024 8:00,avenue41_to_harrisln,NB,0.11,0.65,33.8
11/15/2024 9:00,avenue41_to_harrisln,NB,0.08,0.63,34.5
11/15/2024 10:00,avenue41_to_harrisln,NB,0.13,0.7,32
11/15/2024 11:00,avenue41_to_harrisln,NB,0.17,0.72,29.9
11/15/2024 12:00,avenue41_to_harrisln,NB,0.24,0.79,27.9
11/15/2024 13:00,avenue41_to_harrisln,NB,0.11,0.69,31.3
11/15/2024 14:00,avenue41_to_harrisln,NB,0.38,0.95,23.9
11/15/2024 15:00,avenue41_to_harrisln,NB,1,1.6,14.9
11/15/2024 16:00,avenue41_to_harrisln,NB,0.35,0.92,24.3
11/15/2024 17:00,avenue41_to_harrisln,NB,0.12,0.68,31.7
11/15/2024 18:00,avenue41_to_harrisln,NB,0.04,0.59,36.4
11/15/2024 19:00,avenue41_to_harrisln,NB,0.08,0.62,35.1
11/15/2024 20:00,avenue41_to_harrisln,NB,0.03,0.57,38.1
11/15/2024 21:00,avenue41_to_harrisln,NB,0.02,0.55,39.6
11/15/2024 22:00,avenue41_to_harrisln,NB,0.02,0.52,41.7
11/15/2024 23:00,avenue41_to_harrisln,NB,0.01,0.52,41.5
11/16/2024 0:00,avenue41_to_harrisln,NB,0.13,0.63,34.9
11/16/2024 1:00,avenue41_to_harrisln,NB,0.02,0.55,39
11/16/2024 2:00,avenue41_to_harrisln,NB,0,0.44,48.4
11/16/2024 3:00,avenue41_to_harrisln,NB,0,0.46,46.7
11/16/2024 4:00,avenue41_to_harrisln,NB,0,0.48,44.5
11/16/2024 5:00,avenue41_to_harrisln,NB,0.01,0.49,44.6
11/16/2024 6:00,avenue41_to_harrisln,NB,0.05,0.56,38.8
11/16/2024 7:00,avenue41_to_harrisln,NB,0.02,0.53,40.8
11/16/2024 8:00,avenue41_to_harrisln,NB,0.08,0.63,35
11/16/2024 9:00,avenue41_to_harrisln,NB,0.06,0.6,36.1
11/16/2024 10:00,avenue41_to_harrisln,NB,0.08,0.63,34.5
11/16/2024 11:00,avenue41_to_harrisln,NB,0.07,0.63,35
11/16/2024 12:00,avenue41_to_harrisln,NB,0.04,0.6,36.5
11/16/2024 13:00,avenue41_to_harrisln,NB,0.03,0.6,36
11/16/2024 14:00,avenue41_to_harrisln,NB,0.03,0.59,36.4
11/16/2024 15:00,avenue41_to_harrisln,NB,0.04,0.59,36.4
11/16/2024 16:00,avenue41_to_harrisln,NB,0.04,0.6,36.4
11/16/2024 17:00,avenue41_to_harrisln,NB,0.04,0.59,36.7
11/16/2024 18:00,avenue41_to_harrisln,NB,0.05,0.59,37.3
11/16/2024 19:00,avenue41_to_harrisln,NB,0.06,0.58,37.6
11/16/2024 20:00,avenue41_to_harrisln,NB,0.06,0.58,37.5
11/16/2024 21:00,avenue41_to_harrisln,NB,0.05,0.56,39.2
11/16/2024 22:00,avenue41_to_harrisln,NB,0.02,0.57,37.8
11/16/2024 23:00,avenue41_to_harrisln,NB,0.06,0.56,39.5
11/17/2024 0:00,avenue41_to_harrisln,NB,0.01,0.51,42.4
11/17/2024 1:00,avenue41_to_harrisln,NB,0,0.52,40.9
11/17/2024 2:00,avenue41_to_harrisln,NB,0,0.51,42.3
11/17/2024 3:00,avenue41_to_harrisln,NB,0,0.54,39.9
11/17/2024 4:00,avenue41_to_harrisln,NB,0,0.52,41.3
11/17/2024 5:00,avenue41_to_harrisln,NB,0,0.47,46
11/17/2024 6:00,avenue41_to_harrisln,NB,0.03,0.51,43
11/17/2024 7:00,avenue41_to_harrisln,NB,0.06,0.58,37.7
11/17/2024 8:00,avenue41_to_harrisln,NB,0.03,0.56,38.4
11/17/2024 9:00,avenue41_to_harrisln,NB,0.05,0.57,38.7
11/17/2024 10:00,avenue41_to_harrisln,NB,0.01,0.57,37.4
11/17/2024 11:00,avenue41_to_harrisln,NB,0.06,0.62,34.9
11/17/2024 12:00,avenue41_to_harrisln,NB,0.01,0.55,38.9
11/17/2024 13:00,avenue41_to_harrisln,NB,0.07,0.63,34.6
11/17/2024 14:00,avenue41_to_harrisln,NB,0.01,0.55,39.1
11/17/2024 15:00,avenue41_to_harrisln,NB,0.02,0.55,38.8
11/17/2024 16:00,avenue41_to_harrisln,NB,0.02,0.57,37.9
11/17/2024 17:00,avenue41_to_harrisln,NB,0.05,0.61,35.5
11/17/2024 18:00,avenue41_to_harrisln,NB,0.03,0.55,39.2
11/17/2024 19:00,avenue41_to_harrisln,NB,0.01,0.52,41.4
11/17/2024 20:00,avenue41_to_harrisln,NB,0.03,0.55,38.9
11/17/2024 21:00,avenue41_to_harrisln,NB,0.01,0.53,40.9
11/17/2024 22:00,avenue41_to_harrisln,NB,0,0.49,43.4
11/17/2024 23:00,avenue41_to_harrisln,NB,0,0.49,43.5
11/18/2024 0:00,avenue41_to_harrisln,NB,0,0.49,44.1
11/18/2024 1:00,avenue41_to_harrisln,NB,0,0.47,45.6
11/18/2024 2:00,avenue41_to_harrisln,NB,0,0.47,45.8
11/18/2024 3:00,avenue41_to_harrisln,NB,0,0.43,50.3
11/18/2024 4:00,avenue41_to_harrisln,NB,0,0.49,44.3
11/18/2024 5:00,avenue41_to_harrisln,NB,0,0.51,41.7
11/18/2024 6:00,avenue41_to_harrisln,NB,0.01,0.51,42.2
11/18/2024 7:00,avenue41_to_harrisln,NB,0.1,0.65,34.3
11/18/2024 8:00,avenue41_to_harrisln,NB,0.21,0.78,30.2
11/18/2024 9:00,avenue41_to_harrisln,NB,0.2,0.76,28.9
11/18/2024 10:00,avenue41_to_harrisln,NB,0.05,0.59,37.5
11/18/2024 11:00,avenue41_to_harrisln,NB,0.07,0.65,33.1
11/18/2024 12:00,avenue41_to_harrisln,NB,0.24,0.83,26.6
11/18/2024 13:00,avenue41_to_harrisln,NB,0.05,0.6,36
11/18/2024 14:00,avenue41_to_harrisln,NB,0.12,0.69,31.1
11/18/2024 15:00,avenue41_to_harrisln,NB,0.25,0.82,27.1
11/18/2024 16:00,avenue41_to_harrisln,NB,0.15,0.73,30
11/18/2024 17:00,avenue41_to_harrisln,NB,0.08,0.64,33.8
11/18/2024 18:00,avenue41_to_harrisln,NB,0.1,0.64,34
11/18/2024 19:00,avenue41_to_harrisln,NB,0.07,0.58,38.1
11/18/2024 20:00,avenue41_to_harrisln,NB,0.05,0.59,37.6
11/18/2024 21:00,avenue41_to_harrisln,NB,0.03,0.53,40.8
11/18/2024 22:00,avenue41_to_harrisln,NB,0.02,0.54,40.4
11/18/2024 23:00,avenue41_to_harrisln,NB,0.01,0.54,40.2
11/19/2024 0:00,avenue41_to_harrisln,NB,0,0.46,47.1
11/19/2024 1:00,avenue41_to_harrisln,NB,0,0.48,45.1
11/19/2024 2:00,avenue41_to_harrisln,NB,0,0.47,45.4
11/19/2024 3:00,avenue41_to_harrisln,NB,0,0.47,45.9
11/19/2024 4:00,avenue41_to_harrisln,NB,0,0.5,43.3
11/19/2024 5:00,avenue41_to_harrisln,NB,0,0.47,45.4
11/19/2024 6:00,avenue41_to_harrisln,NB,0.04,0.56,38.3
11/19/2024 7:00,avenue41_to_harrisln,NB,0.1,0.65,33.4
11/19/2024 8:00,avenue41_to_harrisln,NB,0.05,0.62,34.7
11/19/2024 9:00,avenue41_to_harrisln,NB,0.05,0.61,35.2
11/19/2024 10:00,avenue41_to_harrisln,NB,0.07,0.63,34.6
11/19/2024 11:00,avenue41_to_harrisln,NB,0.06,0.61,35.9
11/19/2024 12:00,avenue41_to_harrisln,NB,0.07,0.63,34.7
11/19/2024 13:00,avenue41_to_harrisln,NB,0.04,0.6,35.6
11/19/2024 14:00,avenue41_to_harrisln,NB,0.11,0.69,31
11/19/2024 15:00,avenue41_to_harrisln,NB,0.61,1.19,21.1
11/19/2024 16:00,avenue41_to_harrisln,NB,0.16,0.73,30.1
11/19/2024 17:00,avenue41_to_harrisln,NB,0.16,0.72,30
11/19/2024 18:00,avenue41_to_harrisln,NB,0.03,0.58,36.9
11/19/2024 19:00,avenue41_to_harrisln,NB,0.08,0.61,35.9
11/19/2024 20:00,avenue41_to_harrisln,NB,0,0.51,42.7
11/19/2024 21:00,avenue41_to_harrisln,NB,0,0.49,43.9
11/19/2024 22:00,avenue41_to_harrisln,NB,0.03,0.52,41.4
11/19/2024 23:00,avenue41_to_harrisln,NB,0.01,0.48,45.2
11/20/2024 0:00,avenue41_to_harrisln,NB,0,0.47,45.3
11/20/2024 1:00,avenue41_to_harrisln,NB,0,0.47,45.6
11/20/2024 2:00,avenue41_to_harrisln,NB,0.01,0.52,41.2
11/20/2024 3:00,avenue41_to_harrisln,NB,0,0.48,45.2
11/20/2024 4:00,avenue41_to_harrisln,NB,0,0.47,45.7
11/20/2024 5:00,avenue41_to_harrisln,NB,0,0.44,48.4
11/20/2024 6:00,avenue41_to_harrisln,NB,0.03,0.54,40.3
11/20/2024 7:00,avenue41_to_harrisln,NB,0.11,0.66,33.7
11/20/2024 8:00,avenue41_to_harrisln,NB,0.09,0.63,34.1
11/20/2024 9:00,avenue41_to_harrisln,NB,0.06,0.64,33.8
11/20/2024 10:00,avenue41_to_harrisln,NB,0.06,0.61,35.6
11/20/2024 11:00,avenue41_to_harrisln,NB,0.06,0.63,34.7
11/20/2024 12:00,avenue41_to_harrisln,NB,0.08,0.64,33.7
11/20/2024 13:00,avenue41_to_harrisln,NB,0.07,0.65,33.4
11/20/2024 14:00,avenue41_to_harrisln,NB,0.12,0.71,30.7
11/20/2024 15:00,avenue41_to_harrisln,NB,0.62,1.2,19.9
11/20/2024 16:00,avenue41_to_harrisln,NB,0.4,0.98,24.2
11/20/2024 17:00,avenue41_to_harrisln,NB,0.12,0.7,31
11/20/2024 18:00,avenue41_to_harrisln,NB,0.04,0.6,36
11/20/2024 19:00,avenue41_to_harrisln,NB,0.03,0.57,37.8
11/20/2024 20:00,avenue41_to_harrisln,NB,0.04,0.56,39
11/20/2024 21:00,avenue41_to_harrisln,NB,0.02,0.54,40.3
11/20/2024 22:00,avenue41_to_harrisln,NB,0.02,0.55,39.5
11/20/2024 23:00,avenue41_to_harrisln,NB,0,0.46,47.1
11/21/2024 0:00,avenue41_to_harrisln,NB,0,0.5,42.8
11/21/2024 1:00,avenue41_to_harrisln,NB,0,0.52,41.1
11/21/2024 2:00,avenue41_to_harrisln,NB,0,0.46,47.1
11/21/2024 3:00,avenue41_to_harrisln,NB,0,0.48,44.3
11/21/2024 4:00,avenue41_to_harrisln,NB,0,0.45,47.3
11/21/2024 5:00,avenue41_to_harrisln,NB,0.01,0.49,43.7
11/21/2024 6:00,avenue41_to_harrisln,NB,0.02,0.55,39.5
11/21/2024 7:00,avenue41_to_harrisln,NB,0.05,0.59,36.9
11/21/2024 8:00,avenue41_to_harrisln,NB,0.08,0.63,34
11/21/2024 9:00,avenue41_to_harrisln,NB,0.03,0.6,35.8
11/21/2024 10:00,avenue41_to_harrisln,NB,0.08,0.66,33.1
11/21/2024 11:00,avenue41_to_harrisln,NB,0.03,0.6,35.8
11/21/2024 12:00,avenue41_to_harrisln,NB,0.15,0.72,30.5
11/21/2024 13:00,avenue41_to_harrisln,NB,0.07,0.64,33.9
11/21/2024 14:00,avenue41_to_harrisln,NB,0.16,0.75,29.2
11/21/2024 15:00,avenue41_to_harrisln,NB,0.52,1.1,21.1
11/21/2024 16:00,avenue41_to_harrisln,NB,0.2,0.78,28.3
11/21/2024 17:00,avenue41_to_harrisln,NB,0.09,0.63,34.6
11/21/2024 18:00,avenue41_to_harrisln,NB,0.05,0.59,36.7
11/21/2024 19:00,avenue41_to_harrisln,NB,0,0.54,39.5
11/21/2024 20:00,avenue41_to_harrisln,NB,0.02,0.53,40.9
11/21/2024 21:00,avenue41_to_harrisln,NB,0.01,0.51,42.3
11/21/2024 22:00,avenue41_to_harrisln,NB,0.01,0.54,39.8
11/21/2024 23:00,avenue41_to_harrisln,NB,0,0.48,45.9
11/22/2024 0:00,avenue41_to_harrisln,NB,0,0.5,43.2
11/22/2024 1:00,avenue41_to_harrisln,NB,0,0.5,42.5
11/22/2024 2:00,avenue41_to_harrisln,NB,0.01,0.49,44.5
11/22/2024 3:00,avenue41_to_harrisln,NB,0,0.47,45.9
11/22/2024 4:00,avenue41_to_harrisln,NB,0,0.48,45.3
11/22/2024 5:00,avenue41_to_harrisln,NB,0,0.48,44.7
11/22/2024 6:00,avenue41_to_harrisln,NB,0.06,0.59,37.5
11/22/2024 7:00,avenue41_to_harrisln,NB,0.09,0.64,34
11/22/2024 8:00,avenue41_to_harrisln,NB,0.06,0.64,33.6
11/22/2024 9:00,avenue41_to_harrisln,NB,0.05,0.6,36.2
11/22/2024 10:00,avenue41_to_harrisln,NB,0.05,0.62,34.5
11/22/2024 11:00,avenue41_to_harrisln,NB,0.1,0.67,32.6
11/22/2024 12:00,avenue41_to_harrisln,NB,0.2,0.77,28
11/22/2024 13:00,avenue41_to_harrisln,NB,0.11,0.67,32.4
11/22/2024 14:00,avenue41_to_harrisln,NB,0.16,0.74,29.2
11/22/2024 15:00,avenue41_to_harrisln,NB,0.53,1.11,19.9
11/22/2024 16:00,avenue41_to_harrisln,NB,0.31,0.89,25.3
11/22/2024 17:00,avenue41_to_harrisln,NB,0.16,0.74,29.2
11/22/2024 18:00,avenue41_to_harrisln,NB,0.05,0.61,35.3
11/22/2024 19:00,avenue41_to_harrisln,NB,0.05,0.59,36.9
11/22/2024 20:00,avenue41_to_harrisln,NB,0.04,0.57,38
11/22/2024 21:00,avenue41_to_harrisln,NB,0.01,0.53,40.6
11/22/2024 22:00,avenue41_to_harrisln,NB,0.03,0.53,40.6
11/22/2024 23:00,avenue41_to_harrisln,NB,0.05,0.55,38.9
11/23/2024 0:00,avenue41_to_harrisln,NB,0.08,0.57,38
11/23/2024 1:00,avenue41_to_harrisln,NB,0,0.46,46.7
11/23/2024 2:00,avenue41_to_harrisln,NB,0,0.52,42.1
11/23/2024 3:00,avenue41_to_harrisln,NB,0,0.52,41.5
11/23/2024 4:00,avenue41_to_harrisln,NB,0.01,0.51,42
11/23/2024 5:00,avenue41_to_harrisln,NB,0,0.45,47.2
11/23/2024 6:00,avenue41_to_harrisln,NB,0.01,0.51,42.3
11/23/2024 7:00,avenue41_to_harrisln,NB,0.09,0.59,38
11/23/2024 8:00,avenue41_to_harrisln,NB,0.08,0.62,34.8
11/23/2024 9:00,avenue41_to_harrisln,NB,0.02,0.57,38
11/23/2024 10:00,avenue41_to_harrisln,NB,0.05,0.6,36.6
11/23/2024 11:00,avenue41_to_harrisln,NB,0.09,0.65,34.4
11/23/2024 12:00,avenue41_to_harrisln,NB,0.04,0.58,36.9
11/23/2024 13:00,avenue41_to_harrisln,NB,0.09,0.65,33.1
11/23/2024 14:00,avenue41_to_harrisln,NB,0.03,0.6,36
11/23/2024 15:00,avenue41_to_harrisln,NB,0.03,0.59,36.4
11/23/2024 16:00,avenue41_to_harrisln,NB,0.03,0.6,36
11/23/2024 17:00,avenue41_to_harrisln,NB,0.05,0.6,36.3
11/23/2024 18:00,avenue41_to_harrisln,NB,0.04,0.58,37.4
11/23/2024 19:00,avenue41_to_harrisln,NB,0.02,0.56,38.4
11/23/2024 20:00,avenue41_to_harrisln,NB,0.01,0.53,40.4
11/23/2024 21:00,avenue41_to_harrisln,NB,0.02,0.54,40.1
11/23/2024 22:00,avenue41_to_harrisln,NB,0.01,0.53,40.6
11/23/2024 23:00,avenue41_to_harrisln,NB,0.02,0.5,43.1
11/24/2024 0:00,avenue41_to_harrisln,NB,0,0.51,41.9
11/24/2024 1:00,avenue41_to_harrisln,NB,0.01,0.46,46.8
11/24/2024 2:00,avenue41_to_harrisln,NB,0,0.46,46.1
11/24/2024 3:00,avenue41_to_harrisln,NB,0,0.51,42.2
11/24/2024 4:00,avenue41_to_harrisln,NB,0,0.43,50.3
11/24/2024 5:00,avenue41_to_harrisln,NB,0,0.51,42.8
11/24/2024 6:00,avenue41_to_harrisln,NB,0.03,0.55,39.8
11/24/2024 7:00,avenue41_to_harrisln,NB,0.08,0.59,37.3
11/24/2024 8:00,avenue41_to_harrisln,NB,0.01,0.53,40.9
11/24/2024 9:00,avenue41_to_harrisln,NB,0.06,0.58,38.3
11/24/2024 10:00,avenue41_to_harrisln,NB,0.01,0.54,39.8
11/24/2024 11:00,avenue41_to_harrisln,NB,0.05,0.59,36.8
11/24/2024 12:00,avenue41_to_harrisln,NB,0.01,0.55,38.9
11/24/2024 13:00,avenue41_to_harrisln,NB,0.07,0.64,34
11/24/2024 14:00,avenue41_to_harrisln,NB,0.02,0.57,37.6
11/24/2024 15:00,avenue41_to_harrisln,NB,0.04,0.6,36.1
11/24/2024 16:00,avenue41_to_harrisln,NB,0.06,0.62,35.3
11/24/2024 17:00,avenue41_to_harrisln,NB,0.02,0.56,38.4
11/24/2024 18:00,avenue41_to_harrisln,NB,0.05,0.59,36.7
11/24/2024 19:00,avenue41_to_harrisln,NB,0.01,0.53,40.3
11/24/2024 20:00,avenue41_to_harrisln,NB,0.03,0.54,39.4
11/24/2024 21:00,avenue41_to_harrisln,NB,0.01,0.53,40.9
11/24/2024 22:00,avenue41_to_harrisln,NB,0,0.53,40.5
11/24/2024 23:00,avenue41_to_harrisln,NB,0.04,0.52,41.6
11/25/2024 0:00,avenue41_to_harrisln,NB,0,0.47,45.7
11/25/2024 1:00,avenue41_to_harrisln,NB,0,0.48,44.3
11/25/2024 2:00,avenue41_to_harrisln,NB,0,0.47,45.2
11/25/2024 3:00,avenue41_to_harrisln,NB,0,0.48,44.2
11/25/2024 4:00,avenue41_to_harrisln,NB,0,0.47,45.8
11/25/2024 5:00,avenue41_to_harrisln,NB,0,0.48,44.7
11/25/2024 6:00,avenue41_to_harrisln,NB,0.01,0.49,43.5
11/25/2024 7:00,avenue41_to_harrisln,NB,0.05,0.58,37.1
11/25/2024 8:00,avenue41_to_harrisln,NB,0.13,0.67,32.1
11/25/2024 9:00,avenue41_to_harrisln,NB,0.09,0.65,33.8
11/25/2024 10:00,avenue41_to_harrisln,NB,0.05,0.62,34.6
11/25/2024 11:00,avenue41_to_harrisln,NB,0.1,0.67,32.3
11/25/2024 12:00,avenue41_to_harrisln,NB,0.1,0.66,33.1
11/25/2024 13:00,avenue41_to_harrisln,NB,0.1,0.68,32.1
11/25/2024 14:00,avenue41_to_harrisln,NB,0.22,0.81,27.5
11/25/2024 15:00,avenue41_to_harrisln,NB,0.17,0.73,30.7
11/25/2024 16:00,avenue41_to_harrisln,NB,0.2,0.77,28
11/25/2024 17:00,avenue41_to_harrisln,NB,0.09,0.66,32.9
11/25/2024 18:00,avenue41_to_harrisln,NB,0.04,0.58,36.9
11/25/2024 19:00,avenue41_to_harrisln,NB,0.03,0.57,38.3
11/25/2024 20:00,avenue41_to_harrisln,NB,0.04,0.58,37.2
11/25/2024 21:00,avenue41_to_harrisln,NB,0.01,0.52,41.1
11/25/2024 22:00,avenue41_to_harrisln,NB,0.01,0.51,41.8
11/25/2024 23:00,avenue41_to_harrisln,NB,0,0.46,46.7
11/26/2024 0:00,avenue41_to_harrisln,NB,0,0.45,47.4
11/26/2024 1:00,avenue41_to_harrisln,NB,0,0.48,44.8
11/26/2024 2:00,avenue41_to_harrisln,NB,0.07,0.62,35.9
11/26/2024 3:00,avenue41_to_harrisln,NB,0,0.47,45.2
11/26/2024 4:00,avenue41_to_harrisln,NB,0,0.46,46.3
11/26/2024 5:00,avenue41_to_harrisln,NB,0,0.49,44.1
11/26/2024 6:00,avenue41_to_harrisln,NB,0.01,0.52,41.5
11/26/2024 7:00,avenue41_to_harrisln,NB,0.04,0.57,38.2
11/26/2024 8:00,avenue41_to_harrisln,NB,0.03,0.61,35.4
11/26/2024 9:00,avenue41_to_harrisln,NB,0.06,0.62,34.7
11/26/2024 10:00,avenue41_to_harrisln,NB,0.1,0.67,32.5
11/26/2024 11:00,avenue41_to_harrisln,NB,0.07,0.65,33.6
11/26/2024 12:00,avenue41_to_harrisln,NB,0.06,0.61,35.4
11/26/2024 13:00,avenue41_to_harrisln,NB,0.09,0.67,31.9
11/26/2024 14:00,avenue41_to_harrisln,NB,0.14,0.71,30.9
11/26/2024 15:00,avenue41_to_harrisln,NB,0.16,0.74,29.5
11/26/2024 16:00,avenue41_to_harrisln,NB,0.32,0.9,26.3
11/26/2024 17:00,avenue41_to_harrisln,NB,0.12,0.7,31
11/26/2024 18:00,avenue41_to_harrisln,NB,0.05,0.59,36.4
11/26/2024 19:00,avenue41_to_harrisln,NB,0.01,0.55,39.3
11/26/2024 20:00,avenue41_to_harrisln,NB,0.03,0.57,37.9
11/26/2024 21:00,avenue41_to_harrisln,NB,0.01,0.52,41.7
11/26/2024 22:00,avenue41_to_harrisln,NB,0,0.52,41.2
11/26/2024 23:00,avenue41_to_harrisln,NB,0.03,0.53,40.9
11/27/2024 0:00,avenue41_to_harrisln,NB,0,0.46,46.3
11/27/2024 1:00,avenue41_to_harrisln,NB,0,0.46,46.7
11/27/2024 2:00,avenue41_to_harrisln,NB,0,0.46,46.6
11/27/2024 3:00,avenue41_to_harrisln,NB,0,0.49,44
11/27/2024 4:00,avenue41_to_harrisln,NB,0,0.48,45.2
11/27/2024 5:00,avenue41_to_harrisln,NB,0,0.49,44.2
11/27/2024 6:00,avenue41_to_harrisln,NB,0.04,0.55,39.2
11/27/2024 7:00,avenue41_to_harrisln,NB,0.03,0.56,38.3
11/27/2024 8:00,avenue41_to_harrisln,NB,0.06,0.6,36.2
11/27/2024 9:00,avenue41_to_harrisln,NB,0.06,0.61,35.7
11/27/2024 10:00,avenue41_to_harrisln,NB,0.07,0.64,34.1
11/27/2024 11:00,avenue41_to_harrisln,NB,0.15,0.71,30.7
11/27/2024 12:00,avenue41_to_harrisln,NB,0.19,0.76,28.4
11/27/2024 13:00,avenue41_to_harrisln,NB,0.16,0.74,30.1
11/27/2024 14:00,avenue41_to_harrisln,NB,0.13,0.71,30.4
11/27/2024 15:00,avenue41_to_harrisln,NB,0.3,0.88,24.7
11/27/2024 16:00,avenue41_to_harrisln,NB,0.11,0.69,31.2
11/27/2024 17:00,avenue41_to_harrisln,NB,0.09,0.66,33.1
11/27/2024 18:00,avenue41_to_harrisln,NB,0.05,0.58,36.9
11/27/2024 19:00,avenue41_to_harrisln,NB,0.08,0.63,34.8
11/27/2024 20:00,avenue41_to_harrisln,NB,0.03,0.55,39.5
11/27/2024 21:00,avenue41_to_harrisln,NB,0.03,0.54,39.9
11/27/2024 22:00,avenue41_to_harrisln,NB,0.02,0.56,38.6
11/27/2024 23:00,avenue41_to_harrisln,NB,0.01,0.5,42.6
11/28/2024 0:00,avenue41_to_harrisln,NB,0,0.5,43.2
11/28/2024 1:00,avenue41_to_harrisln,NB,0,0.49,43.7
11/28/2024 2:00,avenue41_to_harrisln,NB,0,0.48,45.2
11/28/2024 3:00,avenue41_to_harrisln,NB,0,0.48,45.4
11/28/2024 4:00,avenue41_to_harrisln,NB,0,0.48,45
11/28/2024 5:00,avenue41_to_harrisln,NB,0,0.51,41.8
11/28/2024 6:00,avenue41_to_harrisln,NB,0.02,0.52,41.6
11/28/2024 7:00,avenue41_to_harrisln,NB,0.09,0.61,36
11/28/2024 8:00,avenue41_to_harrisln,NB,0.03,0.55,39.4
11/28/2024 9:00,avenue41_to_harrisln,NB,0.05,0.57,38.2
11/28/2024 10:00,avenue41_to_harrisln,NB,0.04,0.59,37
11/28/2024 11:00,avenue41_to_harrisln,NB,0.04,0.56,38.2
11/28/2024 12:00,avenue41_to_harrisln,NB,0.02,0.55,38.7
11/28/2024 13:00,avenue41_to_harrisln,NB,0.04,0.56,38.4
11/28/2024 14:00,avenue41_to_harrisln,NB,0.02,0.54,39.9
11/28/2024 15:00,avenue41_to_harrisln,NB,0.07,0.6,36.5
11/28/2024 16:00,avenue41_to_harrisln,NB,0.03,0.54,39.8
11/28/2024 17:00,avenue41_to_harrisln,NB,0.02,0.55,38.9
11/28/2024 18:00,avenue41_to_harrisln,NB,0.03,0.57,38.2
11/28/2024 19:00,avenue41_to_harrisln,NB,0.01,0.54,39.8
11/28/2024 20:00,avenue41_to_harrisln,NB,0.01,0.54,40.1
11/28/2024 21:00,avenue41_to_harrisln,NB,0.04,0.57,38.1
11/28/2024 22:00,avenue41_to_harrisln,NB,0,0.53,40.5
11/28/2024 23:00,avenue41_to_harrisln,NB,0,0.47,45.8
11/29/2024 0:00,avenue41_to_harrisln,NB,0,0.49,43.5
11/29/2024 1:00,avenue41_to_harrisln,NB,0.04,0.53,40.6
11/29/2024 2:00,avenue41_to_harrisln,NB,0,0.44,49.4
11/29/2024 3:00,avenue41_to_harrisln,NB,0,0.51,42
11/29/2024 4:00,avenue41_to_harrisln,NB,0,0.44,49
11/29/2024 5:00,avenue41_to_harrisln,NB,0,0.47,45.8
11/29/2024 6:00,avenue41_to_harrisln,NB,0.01,0.54,40
11/29/2024 7:00,avenue41_to_harrisln,NB,0.01,0.55,39.4
11/29/2024 8:00,avenue41_to_harrisln,NB,0.05,0.57,38.3
11/29/2024 9:00,avenue41_to_harrisln,NB,0.03,0.59,36.4
11/29/2024 10:00,avenue41_to_harrisln,NB,0.06,0.6,36.1
11/29/2024 11:00,avenue41_to_harrisln,NB,0.04,0.6,36.2
11/29/2024 12:00,avenue41_to_harrisln,NB,0.09,0.65,33.4
11/29/2024 13:00,avenue41_to_harrisln,NB,0.06,0.62,34.9
11/29/2024 14:00,avenue41_to_harrisln,NB,0.02,0.59,36.1
11/29/2024 15:00,avenue41_to_harrisln,NB,0.06,0.64,34
11/29/2024 16:00,avenue41_to_harrisln,NB,0.04,0.6,35.8
11/29/2024 17:00,avenue41_to_harrisln,NB,0.02,0.59,36.3
11/29/2024 18:00,avenue41_to_harrisln,NB,0.06,0.6,36.2
11/29/2024 19:00,avenue41_to_harrisln,NB,0.02,0.56,38.6
11/29/2024 20:00,avenue41_to_harrisln,NB,0.02,0.54,40.2
11/29/2024 21:00,avenue41_to_harrisln,NB,0.01,0.55,39.6
11/29/2024 22:00,avenue41_to_harrisln,NB,0.05,0.58,37.7
11/29/2024 23:00,avenue41_to_harrisln,NB,0.07,0.57,39
11/30/2024 0:00,avenue41_to_harrisln,NB,0.01,0.48,45.1
11/30/2024 1:00,avenue41_to_harrisln,NB,0,0.5,43.2
11/30/2024 2:00,avenue41_to_harrisln,NB,0,0.49,44.2
11/30/2024 3:00,avenue41_to_harrisln,NB,0,0.47,46.1
11/30/2024 4:00,avenue41_to_harrisln,NB,0,0.48,44.6
11/30/2024 5:00,avenue41_to_harrisln,NB,0.01,0.47,46.2
11/30/2024 6:00,avenue41_to_harrisln,NB,0.02,0.56,38.9
11/30/2024 7:00,avenue41_to_harrisln,NB,0.02,0.53,41
11/30/2024 8:00,avenue41_to_harrisln,NB,0.08,0.61,36.3
11/30/2024 9:00,avenue41_to_harrisln,NB,0.03,0.6,36
11/30/2024 10:00,avenue41_to_harrisln,NB,0.04,0.62,34.6
11/30/2024 11:00,avenue41_to_harrisln,NB,0.02,0.58,37.4
11/30/2024 12:00,avenue41_to_harrisln,NB,0.04,0.62,34.7
11/30/2024 13:00,avenue41_to_harrisln,NB,0.03,0.6,36
11/30/2024 14:00,avenue41_to_harrisln,NB,0.02,0.59,36.3
11/30/2024 15:00,avenue41_to_harrisln,NB,0.03,0.58,37.6
11/30/2024 16:00,avenue41_to_harrisln,NB,0.07,0.62,35.1
11/30/2024 17:00,avenue41_to_harrisln,NB,0.03,0.61,35.2
11/30/2024 18:00,avenue41_to_harrisln,NB,0.03,0.58,37.4
11/30/2024 19:00,avenue41_to_harrisln,NB,0.06,0.59,36.4
11/30/2024 20:00,avenue41_to_harrisln,NB,0.08,0.62,34.9
11/30/2024 21:00,avenue41_to_harrisln,NB,0.02,0.54,40
11/30/2024 22:00,avenue41_to_harrisln,NB,0.02,0.54,40.3
11/30/2024 23:00,avenue41_to_harrisln,NB,0.01,0.52,41.2
12/1/2024 0:00,avenue41_to_harrisln,NB,0,0.48,44.5
12/1/2024 1:00,avenue41_to_harrisln,NB,0.01,0.48,45
12/1/2024 2:00,avenue41_to_harrisln,NB,0,0.53,41.2
12/1/2024 3:00,avenue41_to_harrisln,NB,0,0.5,43.2
12/1/2024 4:00,avenue41_to_harrisln,NB,0,0.48,44.8
12/1/2024 5:00,avenue41_to_harrisln,NB,0.05,0.53,41.2
12/1/2024 6:00,avenue41_to_harrisln,NB,0.01,0.5,42.9
12/1/2024 7:00,avenue41_to_harrisln,NB,0,0.5,43
12/1/2024 8:00,avenue41_to_harrisln,NB,0.03,0.56,38.4
12/1/2024 9:00,avenue41_to_harrisln,NB,0.05,0.57,37.6
12/1/2024 10:00,avenue41_to_harrisln,NB,0.05,0.6,36.2
12/1/2024 11:00,avenue41_to_harrisln,NB,0.05,0.59,36.6
12/1/2024 12:00,avenue41_to_harrisln,NB,0.01,0.55,38.9
12/1/2024 13:00,avenue41_to_harrisln,NB,0.03,0.56,38.3
12/1/2024 14:00,avenue41_to_harrisln,NB,0.06,0.6,35.7
12/1/2024 15:00,avenue41_to_harrisln,NB,0.03,0.57,37.7
12/1/2024 16:00,avenue41_to_harrisln,NB,0.02,0.56,38.7
12/1/2024 17:00,avenue41_to_harrisln,NB,0.04,0.58,37
12/1/2024 18:00,avenue41_to_harrisln,NB,0.01,0.55,38.9
12/1/2024 19:00,avenue41_to_harrisln,NB,0.03,0.58,37.6
12/1/2024 20:00,avenue41_to_harrisln,NB,0.01,0.53,40.3
12/1/2024 21:00,avenue41_to_harrisln,NB,0.09,0.61,35.4
12/1/2024 22:00,avenue41_to_harrisln,NB,0,0.47,46
12/1/2024 23:00,avenue41_to_harrisln,NB,0,0.51,41.9
12/2/2024 0:00,avenue41_to_harrisln,NB,0,0.45,47.3
12/2/2024 1:00,avenue41_to_harrisln,NB,0,0.51,42.7
12/2/2024 2:00,avenue41_to_harrisln,NB,0,0.49,44.1
12/2/2024 3:00,avenue41_to_harrisln,NB,0,0.48,44.7
12/2/2024 4:00,avenue41_to_harrisln,NB,0,0.49,44.1
12/2/2024 5:00,avenue41_to_harrisln,NB,0.01,0.48,44.9
12/2/2024 6:00,avenue41_to_harrisln,NB,0.01,0.52,41.5
12/2/2024 7:00,avenue41_to_harrisln,NB,0.12,0.66,33.2
12/2/2024 8:00,avenue41_to_harrisln,NB,0.14,0.7,31.9
12/2/2024 9:00,avenue41_to_harrisln,NB,0.04,0.58,37.2
12/2/2024 10:00,avenue41_to_harrisln,NB,0.02,0.57,37.5
12/2/2024 11:00,avenue41_to_harrisln,NB,0.11,0.67,32.5
12/2/2024 12:00,avenue41_to_harrisln,NB,0.09,0.64,34
12/2/2024 13:00,avenue41_to_harrisln,NB,0.11,0.66,33.2
12/2/2024 14:00,avenue41_to_harrisln,NB,0.11,0.69,31.4
12/2/2024 15:00,avenue41_to_harrisln,NB,0.55,1.13,20.6
12/2/2024 16:00,avenue41_to_harrisln,NB,0.12,0.69,31.8
12/2/2024 17:00,avenue41_to_harrisln,NB,0.09,0.66,33.2
12/2/2024 18:00,avenue41_to_harrisln,NB,0.02,0.57,37.4
12/2/2024 19:00,avenue41_to_harrisln,NB,0.08,0.61,35.7
12/2/2024 20:00,avenue41_to_harrisln,NB,0.02,0.55,38.9
12/2/2024 21:00,avenue41_to_harrisln,NB,0.05,0.56,39
12/2/2024 22:00,avenue41_to_harrisln,NB,0.02,0.52,41.1
12/2/2024 23:00,avenue41_to_harrisln,NB,0.07,0.61,35.6
12/3/2024 0:00,avenue41_to_harrisln,NB,0,0.49,44.3
12/3/2024 1:00,avenue41_to_harrisln,NB,0,0.45,48.3
12/3/2024 2:00,avenue41_to_harrisln,NB,0,0.5,43.4
12/3/2024 3:00,avenue41_to_harrisln,NB,0,0.47,45.8
12/3/2024 4:00,avenue41_to_harrisln,NB,0,0.47,45.6
12/3/2024 5:00,avenue41_to_harrisln,NB,0,0.48,45
12/3/2024 6:00,avenue41_to_harrisln,NB,0.06,0.55,39.7
12/3/2024 7:00,avenue41_to_harrisln,NB,0.19,0.72,31.9
12/3/2024 8:00,avenue41_to_harrisln,NB,0.23,0.79,29.9
12/3/2024 9:00,avenue41_to_harrisln,NB,0.07,0.63,34.4
12/3/2024 10:00,avenue41_to_harrisln,NB,0.05,0.6,36.1
12/3/2024 11:00,avenue41_to_harrisln,NB,0.03,0.6,35.7
12/3/2024 12:00,avenue41_to_harrisln,NB,0.08,0.66,32.9
12/3/2024 13:00,avenue41_to_harrisln,NB,0.1,0.66,32.5
12/3/2024 14:00,avenue41_to_harrisln,NB,0.13,0.71,30.7
12/3/2024 15:00,avenue41_to_harrisln,NB,0.39,0.97,22.8
12/3/2024 16:00,avenue41_to_harrisln,NB,0.15,0.71,30.4
12/3/2024 17:00,avenue41_to_harrisln,NB,0.12,0.69,31.7
12/3/2024 18:00,avenue41_to_harrisln,NB,0.11,0.66,33.6
12/3/2024 19:00,avenue41_to_harrisln,NB,0.03,0.55,39
12/3/2024 20:00,avenue41_to_harrisln,NB,0.05,0.57,38.3
12/3/2024 21:00,avenue41_to_harrisln,NB,0.05,0.56,39.2
12/3/2024 22:00,avenue41_to_harrisln,NB,0.06,0.57,37.8
12/3/2024 23:00,avenue41_to_harrisln,NB,0,0.47,45.6
12/4/2024 0:00,avenue41_to_harrisln,NB,0.01,0.54,40.4
12/4/2024 1:00,avenue41_to_harrisln,NB,0,0.51,42.6
12/4/2024 2:00,avenue41_to_harrisln,NB,0,0.5,42.6
12/4/2024 3:00,avenue41_to_harrisln,NB,0.01,0.52,42.2
12/4/2024 4:00,avenue41_to_harrisln,NB,0,0.48,44.9
12/4/2024 5:00,avenue41_to_harrisln,NB,0,0.47,46.1
12/4/2024 6:00,avenue41_to_harrisln,NB,0.07,0.59,36.5
12/4/2024 7:00,avenue41_to_harrisln,NB,0.11,0.65,33.7
12/4/2024 8:00,avenue41_to_harrisln,NB,0.17,0.71,31.9
12/4/2024 9:00,avenue41_to_harrisln,NB,0.09,0.63,34.4
12/4/2024 10:00,avenue41_to_harrisln,NB,0.08,0.63,34
12/4/2024 11:00,avenue41_to_harrisln,NB,0.09,0.66,32.6
12/4/2024 12:00,avenue41_to_harrisln,NB,0.12,0.67,33.2
12/4/2024 13:00,avenue41_to_harrisln,NB,0.11,0.68,31.9
12/4/2024 14:00,avenue41_to_harrisln,NB,0.16,0.72,30
12/4/2024 15:00,avenue41_to_harrisln,NB,0.48,1.05,21.8
12/4/2024 16:00,avenue41_to_harrisln,NB,0.09,0.67,32.3
12/4/2024 17:00,avenue41_to_harrisln,NB,0.11,0.68,32
12/4/2024 18:00,avenue41_to_harrisln,NB,0.05,0.61,35.8
12/4/2024 19:00,avenue41_to_harrisln,NB,0.05,0.6,35.9
12/4/2024 20:00,avenue41_to_harrisln,NB,0.06,0.58,37.7
12/4/2024 21:00,avenue41_to_harrisln,NB,0.01,0.54,40.2
12/4/2024 22:00,avenue41_to_harrisln,NB,0.01,0.51,42.7
12/4/2024 23:00,avenue41_to_harrisln,NB,0.03,0.53,41.2
12/5/2024 0:00,avenue41_to_harrisln,NB,0,0.48,44.8
12/5/2024 1:00,avenue41_to_harrisln,NB,0.01,0.53,41
12/5/2024 2:00,avenue41_to_harrisln,NB,0,0.54,39.3
12/5/2024 3:00,avenue41_to_harrisln,NB,0,0.47,45.5
12/5/2024 4:00,avenue41_to_harrisln,NB,0,0.48,45.1
12/5/2024 5:00,avenue41_to_harrisln,NB,0,0.47,46.5
12/5/2024 6:00,avenue41_to_harrisln,NB,0.01,0.5,43
12/5/2024 7:00,avenue41_to_harrisln,NB,0.09,0.63,34.2
12/5/2024 8:00,avenue41_to_harrisln,NB,0.16,0.71,31.1
12/5/2024 9:00,avenue41_to_harrisln,NB,0.03,0.59,36.8
12/5/2024 10:00,avenue41_to_harrisln,NB,0.02,0.59,36.5
12/5/2024 11:00,avenue41_to_harrisln,NB,0.07,0.62,35.1
12/5/2024 12:00,avenue41_to_harrisln,NB,0.03,0.59,36.2
12/5/2024 13:00,avenue41_to_harrisln,NB,0.09,0.66,33.7
12/5/2024 14:00,avenue41_to_harrisln,NB,0.15,0.72,30.2
12/5/2024 15:00,avenue41_to_harrisln,NB,0.59,1.17,19.6
12/5/2024 16:00,avenue41_to_harrisln,NB,0.27,0.85,26.3
12/5/2024 17:00,avenue41_to_harrisln,NB,0.14,0.72,30.2
12/5/2024 18:00,avenue41_to_harrisln,NB,0.02,0.58,37.2
12/5/2024 19:00,avenue41_to_harrisln,NB,0.06,0.6,36.2
12/5/2024 20:00,avenue41_to_harrisln,NB,0.03,0.57,37.9
12/5/2024 21:00,avenue41_to_harrisln,NB,0.06,0.58,38.4
12/5/2024 22:00,avenue41_to_harrisln,NB,0.03,0.54,39.9
12/5/2024 23:00,avenue41_to_harrisln,NB,0,0.49,43.7
12/6/2024 0:00,avenue41_to_harrisln,NB,0.02,0.49,44.7
12/6/2024 1:00,avenue41_to_harrisln,NB,0.03,0.51,42.9
12/6/2024 2:00,avenue41_to_harrisln,NB,0,0.51,41.9
12/6/2024 3:00,avenue41_to_harrisln,NB,0,0.49,44
12/6/2024 4:00,avenue41_to_harrisln,NB,0,0.48,44.5
12/6/2024 5:00,avenue41_to_harrisln,NB,0.01,0.49,44.2
12/6/2024 6:00,avenue41_to_harrisln,NB,0.05,0.55,40.3
12/6/2024 7:00,avenue41_to_harrisln,NB,0.08,0.62,35.4
12/6/2024 8:00,avenue41_to_harrisln,NB,0.12,0.68,31.5
12/6/2024 9:00,avenue41_to_harrisln,NB,0.04,0.59,36.4
12/6/2024 10:00,avenue41_to_harrisln,NB,0.04,0.61,34.9
12/6/2024 11:00,avenue41_to_harrisln,NB,0.18,0.76,28.9
12/6/2024 12:00,avenue41_to_harrisln,NB,0.21,0.79,28.8
12/6/2024 13:00,avenue41_to_harrisln,NB,0.21,0.78,29.1
12/6/2024 14:00,avenue41_to_harrisln,NB,0.31,0.89,25.6
12/6/2024 15:00,avenue41_to_harrisln,NB,1.23,1.82,13
12/6/2024 16:00,avenue41_to_harrisln,NB,0.16,0.74,29.1
12/6/2024 17:00,avenue41_to_harrisln,NB,0.13,0.71,31.8
12/6/2024 18:00,avenue41_to_harrisln,NB,0.04,0.6,35.6
12/6/2024 19:00,avenue41_to_harrisln,NB,0.06,0.6,36.2
12/6/2024 20:00,avenue41_to_harrisln,NB,0.09,0.63,35.9
12/6/2024 21:00,avenue41_to_harrisln,NB,0.08,0.62,36
12/6/2024 22:00,avenue41_to_harrisln,NB,0.01,0.54,39.6
12/6/2024 23:00,avenue41_to_harrisln,NB,0.06,0.58,38.2
12/7/2024 0:00,avenue41_to_harrisln,NB,0.07,0.56,38.8
12/7/2024 1:00,avenue41_to_harrisln,NB,0,0.53,40.8
12/7/2024 2:00,avenue41_to_harrisln,NB,0,0.47,45.6
12/7/2024 3:00,avenue41_to_harrisln,NB,0.03,0.54,40.9
12/7/2024 4:00,avenue41_to_harrisln,NB,0.01,0.51,42.7
12/7/2024 5:00,avenue41_to_harrisln,NB,0,0.46,46.5
12/7/2024 6:00,avenue41_to_harrisln,NB,0,0.52,41.4
12/7/2024 7:00,avenue41_to_harrisln,NB,0.03,0.52,41.9
12/7/2024 8:00,avenue41_to_harrisln,NB,0.09,0.62,36.5
12/7/2024 9:00,avenue41_to_harrisln,NB,0.02,0.54,39.9
12/7/2024 10:00,avenue41_to_harrisln,NB,0.03,0.55,38.9
12/7/2024 11:00,avenue41_to_harrisln,NB,0.05,0.59,36.7
12/7/2024 12:00,avenue41_to_harrisln,NB,0.03,0.58,37.1
12/7/2024 13:00,avenue41_to_harrisln,NB,0.04,0.6,36
12/7/2024 14:00,avenue41_to_harrisln,NB,0.04,0.61,35.3
12/7/2024 15:00,avenue41_to_harrisln,NB,0.11,0.66,33.6
12/7/2024 16:00,avenue41_to_harrisln,NB,0.02,0.56,38.5
12/7/2024 17:00,avenue41_to_harrisln,NB,0.06,0.63,34.4
12/7/2024 18:00,avenue41_to_harrisln,NB,0.04,0.59,36.9
12/7/2024 19:00,avenue41_to_harrisln,NB,0.03,0.57,37.6
12/7/2024 20:00,avenue41_to_harrisln,NB,0.05,0.59,37
12/7/2024 21:00,avenue41_to_harrisln,NB,0.05,0.58,37.6
12/7/2024 22:00,avenue41_to_harrisln,NB,0.02,0.51,42.3
12/7/2024 23:00,avenue41_to_harrisln,NB,0.02,0.51,42.2
12/8/2024 0:00,avenue41_to_harrisln,NB,0.02,0.51,42.3
12/8/2024 1:00,avenue41_to_harrisln,NB,0,0.45,47.7
12/8/2024 2:00,avenue41_to_harrisln,NB,0,0.5,43.2
12/8/2024 3:00,avenue41_to_harrisln,NB,0,0.5,42.6
12/8/2024 4:00,avenue41_to_harrisln,NB,0,0.47,45.7
12/8/2024 5:00,avenue41_to_harrisln,NB,0,0.52,41.1
12/8/2024 6:00,avenue41_to_harrisln,NB,0.01,0.53,41
12/8/2024 7:00,avenue41_to_harrisln,NB,0.04,0.57,38.1
12/8/2024 8:00,avenue41_to_harrisln,NB,0.12,0.65,33.8
12/8/2024 9:00,avenue41_to_harrisln,NB,0.05,0.59,36.6
12/8/2024 10:00,avenue41_to_harrisln,NB,0.04,0.55,40
12/8/2024 11:00,avenue41_to_harrisln,NB,0.02,0.57,37.8
12/8/2024 12:00,avenue41_to_harrisln,NB,0.07,0.61,36.5
12/8/2024 13:00,avenue41_to_harrisln,NB,0.02,0.57,37.9
12/8/2024 14:00,avenue41_to_harrisln,NB,0.02,0.59,36.6
12/8/2024 15:00,avenue41_to_harrisln,NB,0.04,0.6,36.2
12/8/2024 16:00,avenue41_to_harrisln,NB,0.04,0.61,35.1
12/8/2024 17:00,avenue41_to_harrisln,NB,0.06,0.62,34.7
12/8/2024 18:00,avenue41_to_harrisln,NB,0.03,0.56,38.3
12/8/2024 19:00,avenue41_to_harrisln,NB,0.03,0.56,38.8
12/8/2024 20:00,avenue41_to_harrisln,NB,0.03,0.57,37.7
12/8/2024 21:00,avenue41_to_harrisln,NB,0.01,0.5,43.1
12/8/2024 22:00,avenue41_to_harrisln,NB,0.06,0.57,38.3
12/8/2024 23:00,avenue41_to_harrisln,NB,0,0.5,42.8
12/9/2024 0:00,avenue41_to_harrisln,NB,0,0.49,44.1
12/9/2024 1:00,avenue41_to_harrisln,NB,0,0.44,48.3
12/9/2024 2:00,avenue41_to_harrisln,NB,0.01,0.48,44.9
12/9/2024 3:00,avenue41_to_harrisln,NB,0,0.46,46.5
12/9/2024 4:00,avenue41_to_harrisln,NB,0,0.47,45.3
12/9/2024 5:00,avenue41_to_harrisln,NB,0,0.46,46.5
12/9/2024 6:00,avenue41_to_harrisln,NB,0.01,0.55,39.3
12/9/2024 7:00,avenue41_to_harrisln,NB,0.06,0.6,36.4
12/9/2024 8:00,avenue41_to_harrisln,NB,0.07,0.62,34.8
12/9/2024 9:00,avenue41_to_harrisln,NB,0.05,0.59,36.4
12/9/2024 10:00,avenue41_to_harrisln,NB,0.14,0.7,31.7
12/9/2024 11:00,avenue41_to_harrisln,NB,0.04,0.6,35.8
12/9/2024 12:00,avenue41_to_harrisln,NB,0.05,0.61,35.9
12/9/2024 13:00,avenue41_to_harrisln,NB,0.06,0.64,33.7
12/9/2024 14:00,avenue41_to_harrisln,NB,0.13,0.71,30.6
12/9/2024 15:00,avenue41_to_harrisln,NB,0.35,0.92,24.3
12/9/2024 16:00,avenue41_to_harrisln,NB,0.11,0.68,31.7
12/9/2024 17:00,avenue41_to_harrisln,NB,0.1,0.68,31.9
12/9/2024 18:00,avenue41_to_harrisln,NB,0.05,0.6,36.2
12/9/2024 19:00,avenue41_to_harrisln,NB,0.02,0.56,38.5
12/9/2024 20:00,avenue41_to_harrisln,NB,0.06,0.59,36.4
12/9/2024 21:00,avenue41_to_harrisln,NB,0.01,0.53,40.8
12/9/2024 22:00,avenue41_to_harrisln,NB,0.01,0.53,41
12/9/2024 23:00,avenue41_to_harrisln,NB,0.02,0.53,41
12/10/2024 0:00,avenue41_to_harrisln,NB,0.01,0.5,43.6
12/10/2024 1:00,avenue41_to_harrisln,NB,0,0.46,47
12/10/2024 2:00,avenue41_to_harrisln,NB,0,0.45,47.7
12/10/2024 3:00,avenue41_to_harrisln,NB,0,0.48,44.6
12/10/2024 4:00,avenue41_to_harrisln,NB,0,0.49,43.6
12/10/2024 5:00,avenue41_to_harrisln,NB,0,0.48,44.9
12/10/2024 6:00,avenue41_to_harrisln,NB,0.03,0.54,40.5
12/10/2024 7:00,avenue41_to_harrisln,NB,0.14,0.68,32.6
12/10/2024 8:00,avenue41_to_harrisln,NB,0.08,0.63,34.2
12/10/2024 9:00,avenue41_to_harrisln,NB,0.04,0.6,36
12/10/2024 10:00,avenue41_to_harrisln,NB,0.05,0.6,36
12/10/2024 11:00,avenue41_to_harrisln,NB,0.09,0.66,33
12/10/2024 12:00,avenue41_to_harrisln,NB,0.07,0.62,34.9
12/10/2024 13:00,avenue41_to_harrisln,NB,0.08,0.65,33.2
12/10/2024 14:00,avenue41_to_harrisln,NB,0.19,0.77,28.1
12/10/2024 15:00,avenue41_to_harrisln,NB,0.52,1.09,22.3
12/10/2024 16:00,avenue41_to_harrisln,NB,0.14,0.7,30.9
12/10/2024 17:00,avenue41_to_harrisln,NB,0.16,0.72,30.4
12/10/2024 18:00,avenue41_to_harrisln,NB,0.08,0.62,34.7
12/10/2024 19:00,avenue41_to_harrisln,NB,0.06,0.59,37.2
12/10/2024 20:00,avenue41_to_harrisln,NB,0,0.54,40
12/10/2024 21:00,avenue41_to_harrisln,NB,0.01,0.52,41.4
12/10/2024 22:00,avenue41_to_harrisln,NB,0.02,0.5,43.5
12/10/2024 23:00,avenue41_to_harrisln,NB,0,0.5,43
12/11/2024 0:00,avenue41_to_harrisln,NB,0,0.47,45.9
12/11/2024 1:00,avenue41_to_harrisln,NB,0.01,0.52,41.4
12/11/2024 2:00,avenue41_to_harrisln,NB,0,0.48,44.1
12/11/2024 3:00,avenue41_to_harrisln,NB,0,0.5,42.9
12/11/2024 4:00,avenue41_to_harrisln,NB,0,0.5,43.2
12/11/2024 5:00,avenue41_to_harrisln,NB,0.01,0.51,42.4
12/11/2024 6:00,avenue41_to_harrisln,NB,0,0.53,40.8
12/11/2024 7:00,avenue41_to_harrisln,NB,0.11,0.63,35.2
12/11/2024 8:00,avenue41_to_harrisln,NB,0.05,0.59,36.4
12/11/2024 9:00,avenue41_to_harrisln,NB,0.03,0.58,37.1
12/11/2024 10:00,avenue41_to_harrisln,NB,0.05,0.61,35.3
12/11/2024 11:00,avenue41_to_harrisln,NB,0.03,0.58,36.9
12/11/2024 12:00,avenue41_to_harrisln,NB,0.09,0.64,33.9
12/11/2024 13:00,avenue41_to_harrisln,NB,0.05,0.6,35.8
12/11/2024 14:00,avenue41_to_harrisln,NB,0.18,0.74,30.5
12/11/2024 15:00,avenue41_to_harrisln,NB,0.23,0.79,28.1
12/11/2024 16:00,avenue41_to_harrisln,NB,0.16,0.73,30.1
12/11/2024 17:00,avenue41_to_harrisln,NB,0.07,0.65,33.1
12/11/2024 18:00,avenue41_to_harrisln,NB,0.02,0.57,37.9
12/11/2024 19:00,avenue41_to_harrisln,NB,0.06,0.59,37
12/11/2024 20:00,avenue41_to_harrisln,NB,0,0.5,43.1
12/11/2024 21:00,avenue41_to_harrisln,NB,0.03,0.53,40.9
12/11/2024 22:00,avenue41_to_harrisln,NB,0.02,0.53,41.1
12/11/2024 23:00,avenue41_to_harrisln,NB,0,0.51,42.3
12/12/2024 0:00,avenue41_to_harrisln,NB,0,0.49,43.5
12/12/2024 1:00,avenue41_to_harrisln,NB,0,0.51,41.9
12/12/2024 2:00,avenue41_to_harrisln,NB,0,0.46,46.5
12/12/2024 3:00,avenue41_to_harrisln,NB,0,0.45,47.8
12/12/2024 4:00,avenue41_to_harrisln,NB,0,0.47,45.8
12/12/2024 5:00,avenue41_to_harrisln,NB,0.01,0.49,43.9
12/12/2024 6:00,avenue41_to_harrisln,NB,0.02,0.54,39.8
12/12/2024 7:00,avenue41_to_harrisln,NB,0.09,0.61,35.7
12/12/2024 8:00,avenue41_to_harrisln,NB,0.09,0.65,33.3
12/12/2024 9:00,avenue41_to_harrisln,NB,0.06,0.61,35.6
12/12/2024 10:00,avenue41_to_harrisln,NB,0.05,0.61,35.8
12/12/2024 11:00,avenue41_to_harrisln,NB,0.06,0.61,35.3
12/12/2024 12:00,avenue41_to_harrisln,NB,0.06,0.62,35
12/12/2024 13:00,avenue41_to_harrisln,NB,0.52,1.07,26.2
12/12/2024 14:00,avenue41_to_harrisln,NB,0.22,0.8,28.2
12/12/2024 15:00,avenue41_to_harrisln,NB,0.53,1.09,21
12/12/2024 16:00,avenue41_to_harrisln,NB,0.23,0.8,27.6
12/12/2024 17:00,avenue41_to_harrisln,NB,0.1,0.67,32.6
12/12/2024 18:00,avenue41_to_harrisln,NB,0.08,0.62,35.4
12/12/2024 19:00,avenue41_to_harrisln,NB,0.03,0.57,37.9
12/12/2024 20:00,avenue41_to_harrisln,NB,0.02,0.58,37.3
12/12/2024 21:00,avenue41_to_harrisln,NB,0.01,0.51,42.3
12/12/2024 22:00,avenue41_to_harrisln,NB,0,0.51,42.1
12/12/2024 23:00,avenue41_to_harrisln,NB,0,0.51,42.9
12/13/2024 0:00,avenue41_to_harrisln,NB,0.02,0.49,43.7
12/13/2024 1:00,avenue41_to_harrisln,NB,0,0.44,48.6
12/13/2024 2:00,avenue41_to_harrisln,NB,0,0.46,46.4
12/13/2024 3:00,avenue41_to_harrisln,NB,0,0.45,47.5
12/13/2024 4:00,avenue41_to_harrisln,NB,0,0.49,43.9
12/13/2024 5:00,avenue41_to_harrisln,NB,0,0.48,45
12/13/2024 6:00,avenue41_to_harrisln,NB,0.04,0.55,39.8
12/13/2024 7:00,avenue41_to_harrisln,NB,0.09,0.62,35
12/13/2024 8:00,avenue41_to_harrisln,NB,0.1,0.66,33.1
12/13/2024 9:00,avenue41_to_harrisln,NB,0.1,0.65,33.4
12/13/2024 10:00,avenue41_to_harrisln,NB,0.09,0.65,33.3
12/13/2024 11:00,avenue41_to_harrisln,NB,0.08,0.64,33.5
12/13/2024 12:00,avenue41_to_harrisln,NB,0.11,0.68,31.9
12/13/2024 13:00,avenue41_to_harrisln,NB,0.1,0.67,32.6
12/13/2024 14:00,avenue41_to_harrisln,NB,0.27,0.84,26.5
12/13/2024 15:00,avenue41_to_harrisln,NB,0.48,1.05,22.3
12/13/2024 16:00,avenue41_to_harrisln,NB,0.13,0.69,32
12/13/2024 17:00,avenue41_to_harrisln,NB,0.07,0.65,33.3
12/13/2024 18:00,avenue41_to_harrisln,NB,0.06,0.6,35.9
12/13/2024 19:00,avenue41_to_harrisln,NB,0.03,0.58,37.4
12/13/2024 20:00,avenue41_to_harrisln,NB,0.06,0.6,36.3
12/13/2024 21:00,avenue41_to_harrisln,NB,0.05,0.56,38.5
12/13/2024 22:00,avenue41_to_harrisln,NB,0.02,0.54,40.5
12/13/2024 23:00,avenue41_to_harrisln,NB,0.01,0.47,46.6
12/14/2024 0:00,avenue41_to_harrisln,NB,0.02,0.53,41.9
12/14/2024 1:00,avenue41_to_harrisln,NB,0,0.51,41.8
12/14/2024 2:00,avenue41_to_harrisln,NB,0,0.51,41.9
12/14/2024 3:00,avenue41_to_harrisln,NB,0.01,0.53,41.2
12/14/2024 4:00,avenue41_to_harrisln,NB,0,0.46,46.2
12/14/2024 5:00,avenue41_to_harrisln,NB,0,0.49,44
12/14/2024 6:00,avenue41_to_harrisln,NB,0,0.47,45.2
12/14/2024 7:00,avenue41_to_harrisln,NB,0.01,0.53,40.6
12/14/2024 8:00,avenue41_to_harrisln,NB,0.05,0.56,39.4
12/14/2024 9:00,avenue41_to_harrisln,NB,0.01,0.53,40.7
12/14/2024 10:00,avenue41_to_harrisln,NB,0.08,0.61,35.8
12/14/2024 11:00,avenue41_to_harrisln,NB,0.05,0.58,37.2
12/14/2024 12:00,avenue41_to_harrisln,NB,0.08,0.64,34.3
12/14/2024 13:00,avenue41_to_harrisln,NB,0.03,0.57,37.7
12/14/2024 14:00,avenue41_to_harrisln,NB,0.05,0.61,35.7
12/14/2024 15:00,avenue41_to_harrisln,NB,0.01,0.57,37.9
12/14/2024 16:00,avenue41_to_harrisln,NB,0.03,0.58,37.2
12/14/2024 17:00,avenue41_to_harrisln,NB,0.03,0.58,37
12/14/2024 18:00,avenue41_to_harrisln,NB,0.03,0.58,37
12/14/2024 19:00,avenue41_to_harrisln,NB,0.04,0.58,37.5
12/14/2024 20:00,avenue41_to_harrisln,NB,0.06,0.57,38.4
12/14/2024 21:00,avenue41_to_harrisln,NB,0.04,0.59,36.7
12/14/2024 22:00,avenue41_to_harrisln,NB,0.03,0.52,41.5
12/14/2024 23:00,avenue41_to_harrisln,NB,0,0.47,45.9
12/15/2024 0:00,avenue41_to_harrisln,NB,0,0.47,45.3
12/15/2024 1:00,avenue41_to_harrisln,NB,0,0.54,39.6
12/15/2024 2:00,avenue41_to_harrisln,NB,0,0.46,46.7
12/15/2024 3:00,avenue41_to_harrisln,NB,0,0.51,42.4
12/15/2024 4:00,avenue41_to_harrisln,NB,0,0.53,40.5
12/15/2024 5:00,avenue41_to_harrisln,NB,0,0.46,46.8
12/15/2024 6:00,avenue41_to_harrisln,NB,0,0.49,44
12/15/2024 7:00,avenue41_to_harrisln,NB,0.01,0.51,42.1
12/15/2024 8:00,avenue41_to_harrisln,NB,0.03,0.53,40.9
12/15/2024 9:00,avenue41_to_harrisln,NB,0.04,0.56,38.4
12/15/2024 10:00,avenue41_to_harrisln,NB,0.01,0.57,38
12/15/2024 11:00,avenue41_to_harrisln,NB,0.03,0.56,38.5
12/15/2024 12:00,avenue41_to_harrisln,NB,0.03,0.57,37.9
12/15/2024 13:00,avenue41_to_harrisln,NB,0.03,0.58,37.2
12/15/2024 14:00,avenue41_to_harrisln,NB,0.05,0.61,35.5
12/15/2024 15:00,avenue41_to_harrisln,NB,0.05,0.59,36.3
12/15/2024 16:00,avenue41_to_harrisln,NB,0.02,0.56,38.6
12/15/2024 17:00,avenue41_to_harrisln,NB,0.04,0.6,36.1
12/15/2024 18:00,avenue41_to_harrisln,NB,0.05,0.59,37.3
12/15/2024 19:00,avenue41_to_harrisln,NB,0.04,0.55,39.5
12/15/2024 20:00,avenue41_to_harrisln,NB,0.04,0.57,38.1
12/15/2024 21:00,avenue41_to_harrisln,NB,0.03,0.54,40
12/15/2024 22:00,avenue41_to_harrisln,NB,0.02,0.56,38.7
12/15/2024 23:00,avenue41_to_harrisln,NB,0,0.47,46.6
12/16/2024 0:00,avenue41_to_harrisln,NB,0.01,0.47,46.3
12/16/2024 1:00,avenue41_to_harrisln,NB,0.01,0.46,46.3
12/16/2024 2:00,avenue41_to_harrisln,NB,0,0.48,45.2
12/16/2024 3:00,avenue41_to_harrisln,NB,0,0.44,48.4
12/16/2024 4:00,avenue41_to_harrisln,NB,0,0.45,47.9
12/16/2024 5:00,avenue41_to_harrisln,NB,0,0.5,42.7
12/16/2024 6:00,avenue41_to_harrisln,NB,0.01,0.51,41.7
12/16/2024 7:00,avenue41_to_harrisln,NB,0.03,0.55,39.9
12/16/2024 8:00,avenue41_to_harrisln,NB,0.11,0.65,33.1
12/16/2024 9:00,avenue41_to_harrisln,NB,0.06,0.62,35
12/16/2024 10:00,avenue41_to_harrisln,NB,0.09,0.66,32.9
12/16/2024 11:00,avenue41_to_harrisln,NB,0.06,0.61,35.7
12/16/2024 12:00,avenue41_to_harrisln,NB,0.05,0.62,34.5
12/16/2024 13:00,avenue41_to_harrisln,NB,0.06,0.63,34.3
12/16/2024 14:00,avenue41_to_harrisln,NB,0.09,0.66,32.4
12/16/2024 15:00,avenue41_to_harrisln,NB,0.69,1.27,21.1
12/16/2024 16:00,avenue41_to_harrisln,NB,0.75,1.33,20.9
12/16/2024 17:00,avenue41_to_harrisln,NB,0.08,0.64,33.2
12/16/2024 18:00,avenue41_to_harrisln,NB,0.01,0.56,38.6
12/16/2024 19:00,avenue41_to_harrisln,NB,0.03,0.58,37.2
12/16/2024 20:00,avenue41_to_harrisln,NB,0.02,0.56,38.2
12/16/2024 21:00,avenue41_to_harrisln,NB,0.01,0.55,38.8
12/16/2024 22:00,avenue41_to_harrisln,NB,0.01,0.51,42.6
12/16/2024 23:00,avenue41_to_harrisln,NB,0,0.5,43.2
12/17/2024 0:00,avenue41_to_harrisln,NB,0,0.5,43.1
12/17/2024 1:00,avenue41_to_harrisln,NB,0,0.46,46.4
12/17/2024 2:00,avenue41_to_harrisln,NB,0,0.52,41.5
12/17/2024 3:00,avenue41_to_harrisln,NB,0.05,0.52,41.9
12/17/2024 4:00,avenue41_to_harrisln,NB,0.02,0.46,47.3
12/17/2024 5:00,avenue41_to_harrisln,NB,0,0.46,47.6
12/17/2024 6:00,avenue41_to_harrisln,NB,0.01,0.52,41.6
12/17/2024 7:00,avenue41_to_harrisln,NB,0.13,0.67,33.4
12/17/2024 8:00,avenue41_to_harrisln,NB,0.07,0.61,35.4
12/17/2024 9:00,avenue41_to_harrisln,NB,0.08,0.64,33.8
12/17/2024 10:00,avenue41_to_harrisln,NB,0.04,0.6,35.7
12/17/2024 11:00,avenue41_to_harrisln,NB,0.13,0.7,30.9
12/17/2024 12:00,avenue41_to_harrisln,NB,0.12,0.69,31.7
12/17/2024 13:00,avenue41_to_harrisln,NB,0.09,0.64,33.8
12/17/2024 14:00,avenue41_to_harrisln,NB,0.14,0.72,30.4
12/17/2024 15:00,avenue41_to_harrisln,NB,0.27,0.84,26.9
12/17/2024 16:00,avenue41_to_harrisln,NB,0.09,0.66,32.7
12/17/2024 17:00,avenue41_to_harrisln,NB,0.1,0.67,32.4
12/17/2024 18:00,avenue41_to_harrisln,NB,0.07,0.64,34.2
12/17/2024 19:00,avenue41_to_harrisln,NB,0.02,0.57,37.9
12/17/2024 20:00,avenue41_to_harrisln,NB,0.03,0.55,39.3
12/17/2024 21:00,avenue41_to_harrisln,NB,0.03,0.55,39.3
12/17/2024 22:00,avenue41_to_harrisln,NB,0.01,0.49,43.9
12/17/2024 23:00,avenue41_to_harrisln,NB,0.01,0.52,41
12/18/2024 0:00,avenue41_to_harrisln,NB,0,0.48,44.9
12/18/2024 1:00,avenue41_to_harrisln,NB,0,0.46,46.6
12/18/2024 2:00,avenue41_to_harrisln,NB,0,0.46,46.2
12/18/2024 3:00,avenue41_to_harrisln,NB,0,0.48,44.3
12/18/2024 4:00,avenue41_to_harrisln,NB,0,0.45,47.4
12/18/2024 5:00,avenue41_to_harrisln,NB,0,0.46,47.1
12/18/2024 6:00,avenue41_to_harrisln,NB,0.02,0.52,41.8
12/18/2024 7:00,avenue41_to_harrisln,NB,0.12,0.67,32.5
12/18/2024 8:00,avenue41_to_harrisln,NB,0.1,0.64,34.6
12/18/2024 9:00,avenue41_to_harrisln,NB,0.08,0.63,34.1
12/18/2024 10:00,avenue41_to_harrisln,NB,0.14,0.7,31.2
12/18/2024 11:00,avenue41_to_harrisln,NB,0.06,0.62,34.9
12/18/2024 12:00,avenue41_to_harrisln,NB,0.1,0.66,32.7
12/18/2024 13:00,avenue41_to_harrisln,NB,0.06,0.63,34.1
12/18/2024 14:00,avenue41_to_harrisln,NB,0.19,0.76,29.4
12/18/2024 15:00,avenue41_to_harrisln,NB,0.15,0.73,30.3
12/18/2024 16:00,avenue41_to_harrisln,NB,0.16,0.74,29.1
12/18/2024 17:00,avenue41_to_harrisln,NB,0.13,0.69,31.6
12/18/2024 18:00,avenue41_to_harrisln,NB,0.07,0.62,34.9
12/18/2024 19:00,avenue41_to_harrisln,NB,0.03,0.56,38.9
12/18/2024 20:00,avenue41_to_harrisln,NB,0.02,0.55,39
12/18/2024 21:00,avenue41_to_harrisln,NB,0.12,0.64,33.8
12/18/2024 22:00,avenue41_to_harrisln,NB,0.01,0.49,44.1
12/18/2024 23:00,avenue41_to_harrisln,NB,0,0.5,43.3
12/19/2024 0:00,avenue41_to_harrisln,NB,0.06,0.55,39.6
12/19/2024 1:00,avenue41_to_harrisln,NB,0.02,0.55,38.9
12/19/2024 2:00,avenue41_to_harrisln,NB,0,0.46,46.3
12/19/2024 3:00,avenue41_to_harrisln,NB,0,0.45,47.5
12/19/2024 4:00,avenue41_to_harrisln,NB,0,0.46,47
12/19/2024 5:00,avenue41_to_harrisln,NB,0,0.46,46.2
12/19/2024 6:00,avenue41_to_harrisln,NB,0.06,0.57,38.2
12/19/2024 7:00,avenue41_to_harrisln,NB,0.09,0.63,34.8
12/19/2024 8:00,avenue41_to_harrisln,NB,0.1,0.65,33.2
12/19/2024 9:00,avenue41_to_harrisln,NB,0.06,0.61,35.1
12/19/2024 10:00,avenue41_to_harrisln,NB,0.08,0.63,34.4
12/19/2024 11:00,avenue41_to_harrisln,NB,0.08,0.63,34.3
12/19/2024 12:00,avenue41_to_harrisln,NB,0.1,0.66,33.3
12/19/2024 13:00,avenue41_to_harrisln,NB,0.11,0.67,33.4
12/19/2024 14:00,avenue41_to_harrisln,NB,0.12,0.67,32.4
12/19/2024 15:00,avenue41_to_harrisln,NB,0.37,0.94,24.5
12/19/2024 16:00,avenue41_to_harrisln,NB,0.15,0.72,30.3
12/19/2024 17:00,avenue41_to_harrisln,NB,0.1,0.66,32.6
12/19/2024 18:00,avenue41_to_harrisln,NB,0.06,0.61,35.6
12/19/2024 19:00,avenue41_to_harrisln,NB,0.03,0.57,37.7
12/19/2024 20:00,avenue41_to_harrisln,NB,0.02,0.57,37.7
12/19/2024 21:00,avenue41_to_harrisln,NB,0.05,0.57,37.6
12/19/2024 22:00,avenue41_to_harrisln,NB,0.01,0.52,41.2
12/19/2024 23:00,avenue41_to_harrisln,NB,0.02,0.55,39.5
12/20/2024 0:00,avenue41_to_harrisln,NB,0,0.48,44.4
12/20/2024 1:00,avenue41_to_harrisln,NB,0,0.46,46.1
12/20/2024 2:00,avenue41_to_harrisln,NB,0,0.47,45.7
12/20/2024 3:00,avenue41_to_harrisln,NB,0,0.45,47.9
12/20/2024 4:00,avenue41_to_harrisln,NB,0,0.46,46.9
12/20/2024 5:00,avenue41_to_harrisln,NB,0.05,0.53,41.4
12/20/2024 6:00,avenue41_to_harrisln,NB,0.01,0.51,42.8
12/20/2024 7:00,avenue41_to_harrisln,NB,0.05,0.59,36.4
12/20/2024 8:00,avenue41_to_harrisln,NB,0.08,0.62,34.8
12/20/2024 9:00,avenue41_to_harrisln,NB,0.08,0.63,34.5
12/20/2024 10:00,avenue41_to_harrisln,NB,0.06,0.63,34.3
12/20/2024 11:00,avenue41_to_harrisln,NB,0.09,0.65,33.5
12/20/2024 12:00,avenue41_to_harrisln,NB,0.11,0.68,31.7
12/20/2024 13:00,avenue41_to_harrisln,NB,0.12,0.69,31.6
12/20/2024 14:00,avenue41_to_harrisln,NB,0.24,0.81,26.7
12/20/2024 15:00,avenue41_to_harrisln,NB,0.19,0.75,29
12/20/2024 16:00,avenue41_to_harrisln,NB,0.11,0.69,31.3
12/20/2024 17:00,avenue41_to_harrisln,NB,0.1,0.65,33.3
12/20/2024 18:00,avenue41_to_harrisln,NB,0.05,0.6,35.9
12/20/2024 19:00,avenue41_to_harrisln,NB,0.03,0.57,38.1
12/20/2024 20:00,avenue41_to_harrisln,NB,0.04,0.59,36.9
12/20/2024 21:00,avenue41_to_harrisln,NB,0.01,0.54,39.7
12/20/2024 22:00,avenue41_to_harrisln,NB,0,0.51,42.4
12/20/2024 23:00,avenue41_to_harrisln,NB,0.03,0.53,40.7
12/21/2024 0:00,avenue41_to_harrisln,NB,0,0.46,46.6
12/21/2024 1:00,avenue41_to_harrisln,NB,0.01,0.56,38.2
12/21/2024 2:00,avenue41_to_harrisln,NB,0,0.51,42.2
12/21/2024 3:00,avenue41_to_harrisln,NB,0,0.55,39.7
12/21/2024 4:00,avenue41_to_harrisln,NB,0,0.49,44.7
12/21/2024 5:00,avenue41_to_harrisln,NB,0.01,0.48,44.7
12/21/2024 6:00,avenue41_to_harrisln,NB,0.01,0.48,45
12/21/2024 7:00,avenue41_to_harrisln,NB,0.01,0.51,42.2
12/21/2024 8:00,avenue41_to_harrisln,NB,0.04,0.58,37.2
12/21/2024 9:00,avenue41_to_harrisln,NB,0.08,0.62,35.4
12/21/2024 10:00,avenue41_to_harrisln,NB,0.08,0.63,34.8
12/21/2024 11:00,avenue41_to_harrisln,NB,0.03,0.58,37.4
12/21/2024 12:00,avenue41_to_harrisln,NB,0.02,0.57,38
12/21/2024 13:00,avenue41_to_harrisln,NB,0.02,0.56,38.1
12/21/2024 14:00,avenue41_to_harrisln,NB,0.04,0.6,36.1
12/21/2024 15:00,avenue41_to_harrisln,NB,0.04,0.57,37.4
12/21/2024 16:00,avenue41_to_harrisln,NB,0.02,0.54,39.5
12/21/2024 17:00,avenue41_to_harrisln,NB,0.05,0.59,36.7
12/21/2024 18:00,avenue41_to_harrisln,NB,0.03,0.58,37
12/21/2024 19:00,avenue41_to_harrisln,NB,0.01,0.55,39.1
12/21/2024 20:00,avenue41_to_harrisln,NB,0.02,0.56,38.3
12/21/2024 21:00,avenue41_to_harrisln,NB,0.03,0.56,38.3
12/21/2024 22:00,avenue41_to_harrisln,NB,0,0.49,43.6
12/21/2024 23:00,avenue41_to_harrisln,NB,0.01,0.51,42.2
12/22/2024 0:00,avenue41_to_harrisln,NB,0,0.49,44
12/22/2024 1:00,avenue41_to_harrisln,NB,0,0.51,42.3
12/22/2024 2:00,avenue41_to_harrisln,NB,0,0.45,47.8
12/22/2024 3:00,avenue41_to_harrisln,NB,0.01,0.48,45.5
12/22/2024 4:00,avenue41_to_harrisln,NB,0,0.51,41.9
12/22/2024 5:00,avenue41_to_harrisln,NB,0,0.49,43.5
12/22/2024 6:00,avenue41_to_harrisln,NB,0.02,0.57,38.4
12/22/2024 7:00,avenue41_to_harrisln,NB,0.01,0.5,43.1
12/22/2024 8:00,avenue41_to_harrisln,NB,0.01,0.52,41.1
12/22/2024 9:00,avenue41_to_harrisln,NB,0.03,0.57,38.1
12/22/2024 10:00,avenue41_to_harrisln,NB,0.09,0.63,34.3
12/22/2024 11:00,avenue41_to_harrisln,NB,0.04,0.59,36.9
12/22/2024 12:00,avenue41_to_harrisln,NB,0.05,0.6,35.8
12/22/2024 13:00,avenue41_to_harrisln,NB,0.08,0.65,34.1
12/22/2024 14:00,avenue41_to_harrisln,NB,0.04,0.59,36.6
12/22/2024 15:00,avenue41_to_harrisln,NB,0.02,0.57,38
12/22/2024 16:00,avenue41_to_harrisln,NB,0.02,0.56,38.3
12/22/2024 17:00,avenue41_to_harrisln,NB,0.01,0.54,39.9
12/22/2024 18:00,avenue41_to_harrisln,NB,0.05,0.6,36.1
12/22/2024 19:00,avenue41_to_harrisln,NB,0.07,0.58,37.6
12/22/2024 20:00,avenue41_to_harrisln,NB,0,0.52,41.1
12/22/2024 21:00,avenue41_to_harrisln,NB,0.02,0.54,39.4
12/22/2024 22:00,avenue41_to_harrisln,NB,0.01,0.48,44.5
12/22/2024 23:00,avenue41_to_harrisln,NB,0.01,0.5,43.3
12/23/2024 0:00,avenue41_to_harrisln,NB,0,0.58,37.3
12/23/2024 1:00,avenue41_to_harrisln,NB,0,0.48,44.3
12/23/2024 2:00,avenue41_to_harrisln,NB,0.01,0.47,45.8
12/23/2024 3:00,avenue41_to_harrisln,NB,0,0.48,44.4
12/23/2024 4:00,avenue41_to_harrisln,NB,0,0.5,43.1
12/23/2024 5:00,avenue41_to_harrisln,NB,0,0.49,44.1
12/23/2024 6:00,avenue41_to_harrisln,NB,0.01,0.5,42.9
12/23/2024 7:00,avenue41_to_harrisln,NB,0.08,0.61,35.7
12/23/2024 8:00,avenue41_to_harrisln,NB,0.05,0.59,36.9
12/23/2024 9:00,avenue41_to_harrisln,NB,0.1,0.63,34.5
12/23/2024 10:00,avenue41_to_harrisln,NB,0.1,0.66,33
12/23/2024 11:00,avenue41_to_harrisln,NB,0.17,0.73,29.6
12/23/2024 12:00,avenue41_to_harrisln,NB,0.16,0.72,30.1
12/23/2024 13:00,avenue41_to_harrisln,NB,0.05,0.61,35.7
12/23/2024 14:00,avenue41_to_harrisln,NB,0.13,0.7,31.1
12/23/2024 15:00,avenue41_to_harrisln,NB,0.1,0.67,32.2
12/23/2024 16:00,avenue41_to_harrisln,NB,0.04,0.6,35.8
12/23/2024 17:00,avenue41_to_harrisln,NB,0.06,0.64,34
12/23/2024 18:00,avenue41_to_harrisln,NB,0.03,0.58,37.4
12/23/2024 19:00,avenue41_to_harrisln,NB,0.11,0.65,34.3
12/23/2024 20:00,avenue41_to_harrisln,NB,0.03,0.56,38.8
12/23/2024 21:00,avenue41_to_harrisln,NB,0.06,0.58,38.5
12/23/2024 22:00,avenue41_to_harrisln,NB,0,0.52,41.8
12/23/2024 23:00,avenue41_to_harrisln,NB,0.01,0.51,42.4
12/24/2024 0:00,avenue41_to_harrisln,NB,0,0.51,42.5
12/24/2024 1:00,avenue41_to_harrisln,NB,0,0.44,48.8
12/24/2024 2:00,avenue41_to_harrisln,NB,0,0.44,48.1
12/24/2024 3:00,avenue41_to_harrisln,NB,0,0.48,44.5
12/24/2024 4:00,avenue41_to_harrisln,NB,0.05,0.59,37.4
12/24/2024 5:00,avenue41_to_harrisln,NB,0,0.46,47.1
12/24/2024 6:00,avenue41_to_harrisln,NB,0.04,0.56,39
12/24/2024 7:00,avenue41_to_harrisln,NB,0.01,0.52,41
12/24/2024 8:00,avenue41_to_harrisln,NB,0.02,0.55,39.3
12/24/2024 9:00,avenue41_to_harrisln,NB,0.04,0.59,36.9
12/24/2024 10:00,avenue41_to_harrisln,NB,0.05,0.59,36.3
12/24/2024 11:00,avenue41_to_harrisln,NB,0.07,0.63,34.3
12/24/2024 12:00,avenue41_to_harrisln,NB,0.08,0.63,34.4
12/24/2024 13:00,avenue41_to_harrisln,NB,0.09,0.65,33.4
12/24/2024 14:00,avenue41_to_harrisln,NB,0.16,0.7,31.7
12/24/2024 15:00,avenue41_to_harrisln,NB,0.03,0.57,37.3
12/24/2024 16:00,avenue41_to_harrisln,NB,0.09,0.63,34.8
12/24/2024 17:00,avenue41_to_harrisln,NB,0.09,0.64,35.5
12/24/2024 18:00,avenue41_to_harrisln,NB,0.04,0.57,38.1
12/24/2024 19:00,avenue41_to_harrisln,NB,0,0.51,41.9
12/24/2024 20:00,avenue41_to_harrisln,NB,0,0.51,42
12/24/2024 21:00,avenue41_to_harrisln,NB,0.01,0.52,41.4
12/24/2024 22:00,avenue41_to_harrisln,NB,0.01,0.51,41.9
12/24/2024 23:00,avenue41_to_harrisln,NB,0.02,0.54,40.4
12/25/2024 0:00,avenue41_to_harrisln,NB,0,0.48,45
12/25/2024 1:00,avenue41_to_harrisln,NB,0,0.52,41.5
12/25/2024 2:00,avenue41_to_harrisln,NB,0.04,0.52,41.7
12/25/2024 3:00,avenue41_to_harrisln,NB,0,0.51,41.8
12/25/2024 4:00,avenue41_to_harrisln,NB,0,0.49,43.6
12/25/2024 5:00,avenue41_to_harrisln,NB,0,0.47,45.3
12/25/2024 6:00,avenue41_to_harrisln,NB,0,0.47,45.7
12/25/2024 7:00,avenue41_to_harrisln,NB,0,0.47,45.4
12/25/2024 8:00,avenue41_to_harrisln,NB,0.01,0.5,43.4
12/25/2024 9:00,avenue41_to_harrisln,NB,0.02,0.53,41.1
12/25/2024 10:00,avenue41_to_harrisln,NB,0.01,0.52,41
12/25/2024 11:00,avenue41_to_harrisln,NB,0.01,0.54,39.9
12/25/2024 12:00,avenue41_to_harrisln,NB,0.01,0.54,40
12/25/2024 13:00,avenue41_to_harrisln,NB,0.02,0.54,40.3
12/25/2024 14:00,avenue41_to_harrisln,NB,0.04,0.55,39.5
12/25/2024 15:00,avenue41_to_harrisln,NB,0.01,0.54,40.2
12/25/2024 16:00,avenue41_to_harrisln,NB,0.03,0.58,37.1
12/25/2024 17:00,avenue41_to_harrisln,NB,0.01,0.55,39.5
12/25/2024 18:00,avenue41_to_harrisln,NB,0.07,0.6,36.5
12/25/2024 19:00,avenue41_to_harrisln,NB,0.01,0.55,39.3
12/25/2024 20:00,avenue41_to_harrisln,NB,0.03,0.54,39.6
12/25/2024 21:00,avenue41_to_harrisln,NB,0.01,0.53,41
12/25/2024 22:00,avenue41_to_harrisln,NB,0,0.5,42.8
12/25/2024 23:00,avenue41_to_harrisln,NB,0,0.52,41.9
12/26/2024 0:00,avenue41_to_harrisln,NB,0,0.51,43.1
12/26/2024 1:00,avenue41_to_harrisln,NB,0,0.52,41.5
12/26/2024 2:00,avenue41_to_harrisln,NB,0,0.44,48.7
12/26/2024 3:00,avenue41_to_harrisln,NB,0,0.48,44.6
12/26/2024 4:00,avenue41_to_harrisln,NB,0,0.46,46.7
12/26/2024 5:00,avenue41_to_harrisln,NB,0,0.47,46.3
12/26/2024 6:00,avenue41_to_harrisln,NB,0.01,0.51,42.2
12/26/2024 7:00,avenue41_to_harrisln,NB,0.04,0.55,39.4
12/26/2024 8:00,avenue41_to_harrisln,NB,0.05,0.55,39.9
12/26/2024 9:00,avenue41_to_harrisln,NB,0.04,0.59,37
12/26/2024 10:00,avenue41_to_harrisln,NB,0.06,0.61,35.5
12/26/2024 11:00,avenue41_to_harrisln,NB,0.08,0.64,34
12/26/2024 12:00,avenue41_to_harrisln,NB,0.08,0.64,34.1
12/26/2024 13:00,avenue41_to_harrisln,NB,0.08,0.64,33.9
12/26/2024 14:00,avenue41_to_harrisln,NB,0.08,0.63,34.3
12/26/2024 15:00,avenue41_to_harrisln,NB,0.1,0.66,32.8
12/26/2024 16:00,avenue41_to_harrisln,NB,0.06,0.61,35.8
12/26/2024 17:00,avenue41_to_harrisln,NB,0.06,0.61,35.7
12/26/2024 18:00,avenue41_to_harrisln,NB,0.03,0.58,37.1
12/26/2024 19:00,avenue41_to_harrisln,NB,0.02,0.57,37.6
12/26/2024 20:00,avenue41_to_harrisln,NB,0,0.52,40.8
12/26/2024 21:00,avenue41_to_harrisln,NB,0.04,0.57,37.8
12/26/2024 22:00,avenue41_to_harrisln,NB,0,0.5,42.9
12/26/2024 23:00,avenue41_to_harrisln,NB,0.02,0.53,41.2
12/27/2024 0:00,avenue41_to_harrisln,NB,0,0.48,44.6
12/27/2024 1:00,avenue41_to_harrisln,NB,0,0.51,42.3
12/27/2024 2:00,avenue41_to_harrisln,NB,0,0.47,45.6
12/27/2024 3:00,avenue41_to_harrisln,NB,0,0.47,45.9
12/27/2024 4:00,avenue41_to_harrisln,NB,0,0.45,47.8
12/27/2024 5:00,avenue41_to_harrisln,NB,0,0.46,47
12/27/2024 6:00,avenue41_to_harrisln,NB,0.03,0.53,41.6
12/27/2024 7:00,avenue41_to_harrisln,NB,0.04,0.58,37.7
12/27/2024 8:00,avenue41_to_harrisln,NB,0.03,0.56,38.5
12/27/2024 9:00,avenue41_to_harrisln,NB,0.04,0.58,37.3
12/27/2024 10:00,avenue41_to_harrisln,NB,0.03,0.57,37.5
12/27/2024 11:00,avenue41_to_harrisln,NB,0.08,0.65,33.4
12/27/2024 12:00,avenue41_to_harrisln,NB,0.12,0.69,31.4
12/27/2024 13:00,avenue41_to_harrisln,NB,0.08,0.65,33.7
12/27/2024 14:00,avenue41_to_harrisln,NB,0.08,0.65,33.3
12/27/2024 15:00,avenue41_to_harrisln,NB,0.14,0.71,30.2
12/27/2024 16:00,avenue41_to_harrisln,NB,0.05,0.61,35.2
12/27/2024 17:00,avenue41_to_harrisln,NB,0.18,0.74,29.2
12/27/2024 18:00,avenue41_to_harrisln,NB,0.01,0.56,38.6
12/27/2024 19:00,avenue41_to_harrisln,NB,0.01,0.54,39.9
12/27/2024 20:00,avenue41_to_harrisln,NB,0.02,0.54,39.8
12/27/2024 21:00,avenue41_to_harrisln,NB,0.01,0.53,40.5
12/27/2024 22:00,avenue41_to_harrisln,NB,0,0.5,43.3
12/27/2024 23:00,avenue41_to_harrisln,NB,0,0.51,41.7
12/28/2024 0:00,avenue41_to_harrisln,NB,0,0.5,43.5
12/28/2024 1:00,avenue41_to_harrisln,NB,0,0.55,38.7
12/28/2024 2:00,avenue41_to_harrisln,NB,0,0.47,45.2
12/28/2024 3:00,avenue41_to_harrisln,NB,0,0.48,44.2
12/28/2024 4:00,avenue41_to_harrisln,NB,0,0.45,47.3
12/28/2024 5:00,avenue41_to_harrisln,NB,0,0.5,43.7
12/28/2024 6:00,avenue41_to_harrisln,NB,0,0.51,42.2
12/28/2024 7:00,avenue41_to_harrisln,NB,0.01,0.52,41.2
12/28/2024 8:00,avenue41_to_harrisln,NB,0.03,0.56,38.4
12/28/2024 9:00,avenue41_to_harrisln,NB,0.01,0.54,39.9
12/28/2024 10:00,avenue41_to_harrisln,NB,0.03,0.58,36.9
12/28/2024 11:00,avenue41_to_harrisln,NB,0.09,0.64,33.8
12/28/2024 12:00,avenue41_to_harrisln,NB,0.02,0.55,39
12/28/2024 13:00,avenue41_to_harrisln,NB,0.06,0.62,35
12/28/2024 14:00,avenue41_to_harrisln,NB,0.05,0.63,34.4
12/28/2024 15:00,avenue41_to_harrisln,NB,0.06,0.61,35.5
12/28/2024 16:00,avenue41_to_harrisln,NB,0.01,0.55,39.1
12/28/2024 17:00,avenue41_to_harrisln,NB,0.04,0.61,35.2
12/28/2024 18:00,avenue41_to_harrisln,NB,0.06,0.59,36.3
12/28/2024 19:00,avenue41_to_harrisln,NB,0.04,0.58,37.3
12/28/2024 20:00,avenue41_to_harrisln,NB,0.03,0.57,37.5
12/28/2024 21:00,avenue41_to_harrisln,NB,0.02,0.52,41.2
12/28/2024 22:00,avenue41_to_harrisln,NB,0.05,0.58,37.6
12/28/2024 23:00,avenue41_to_harrisln,NB,0.01,0.49,43.6
12/29/2024 0:00,avenue41_to_harrisln,NB,0.03,0.52,41.6
12/29/2024 1:00,avenue41_to_harrisln,NB,0.03,0.52,41.4
12/29/2024 2:00,avenue41_to_harrisln,NB,0,0.53,40.7
12/29/2024 3:00,avenue41_to_harrisln,NB,0.15,0.65,34.7
12/29/2024 4:00,avenue41_to_harrisln,NB,0,0.48,45.3
12/29/2024 5:00,avenue41_to_harrisln,NB,0,0.51,42.3
12/29/2024 6:00,avenue41_to_harrisln,NB,0,0.47,45.6
12/29/2024 7:00,avenue41_to_harrisln,NB,0,0.49,44
12/29/2024 8:00,avenue41_to_harrisln,NB,0.02,0.55,39
12/29/2024 9:00,avenue41_to_harrisln,NB,0.03,0.54,39.9
12/29/2024 10:00,avenue41_to_harrisln,NB,0.08,0.61,35.6
12/29/2024 11:00,avenue41_to_harrisln,NB,0.02,0.59,36.6
12/29/2024 12:00,avenue41_to_harrisln,NB,0.05,0.61,36.3
12/29/2024 13:00,avenue41_to_harrisln,NB,0.02,0.59,36.7
12/29/2024 14:00,avenue41_to_harrisln,NB,0.02,0.56,38.1
12/29/2024 15:00,avenue41_to_harrisln,NB,0.01,0.55,39.2
12/29/2024 16:00,avenue41_to_harrisln,NB,0.01,0.55,39.2
12/29/2024 17:00,avenue41_to_harrisln,NB,0.05,0.57,37.7
12/29/2024 18:00,avenue41_to_harrisln,NB,0.04,0.58,36.8
12/29/2024 19:00,avenue41_to_harrisln,NB,0.01,0.55,38.7
12/29/2024 20:00,avenue41_to_harrisln,NB,0.1,0.61,36.6
12/29/2024 21:00,avenue41_to_harrisln,NB,0.01,0.52,41.3
12/29/2024 22:00,avenue41_to_harrisln,NB,0.03,0.56,38.8
12/29/2024 23:00,avenue41_to_harrisln,NB,0.01,0.49,44.1
12/30/2024 0:00,avenue41_to_harrisln,NB,0.01,0.54,40.3
12/30/2024 1:00,avenue41_to_harrisln,NB,0,0.48,45.1
12/30/2024 2:00,avenue41_to_harrisln,NB,0,0.47,45.3
12/30/2024 3:00,avenue41_to_harrisln,NB,0,0.49,44.1
12/30/2024 4:00,avenue41_to_harrisln,NB,0,0.45,47.9
12/30/2024 5:00,avenue41_to_harrisln,NB,0,0.49,44.1
12/30/2024 6:00,avenue41_to_harrisln,NB,0.01,0.5,43.2
12/30/2024 7:00,avenue41_to_harrisln,NB,0.05,0.57,38.3
12/30/2024 8:00,avenue41_to_harrisln,NB,0.05,0.58,37.2
12/30/2024 9:00,avenue41_to_harrisln,NB,0.09,0.64,33.8
12/30/2024 10:00,avenue41_to_harrisln,NB,0.09,0.64,34
12/30/2024 11:00,avenue41_to_harrisln,NB,0.05,0.61,35.5
12/30/2024 12:00,avenue41_to_harrisln,NB,0.12,0.67,32.6
12/30/2024 13:00,avenue41_to_harrisln,NB,0.06,0.62,34.9
12/30/2024 14:00,avenue41_to_harrisln,NB,0.17,0.73,30.6
12/30/2024 15:00,avenue41_to_harrisln,NB,0.1,0.66,32.9
12/30/2024 16:00,avenue41_to_harrisln,NB,0.12,0.69,31.3
12/30/2024 17:00,avenue41_to_harrisln,NB,0.05,0.6,35.8
12/30/2024 18:00,avenue41_to_harrisln,NB,0.04,0.56,38.4
12/30/2024 19:00,avenue41_to_harrisln,NB,0.03,0.57,38.3
12/30/2024 20:00,avenue41_to_harrisln,NB,0.02,0.55,38.8
12/30/2024 21:00,avenue41_to_harrisln,NB,0.08,0.59,36.7
12/30/2024 22:00,avenue41_to_harrisln,NB,0,0.5,42.6
12/30/2024 23:00,avenue41_to_harrisln,NB,0,0.5,42.7
12/31/2024 0:00,avenue41_to_harrisln,NB,0,0.47,45.7
12/31/2024 1:00,avenue41_to_harrisln,NB,0,0.5,43.1
12/31/2024 2:00,avenue41_to_harrisln,NB,0,0.49,43.7
12/31/2024 3:00,avenue41_to_harrisln,NB,0.01,0.51,42.7
12/31/2024 4:00,avenue41_to_harrisln,NB,0,0.46,46.7
12/31/2024 5:00,avenue41_to_harrisln,NB,0,0.48,44.3
12/31/2024 6:00,avenue41_to_harrisln,NB,0.02,0.51,42.7
12/31/2024 7:00,avenue41_to_harrisln,NB,0.08,0.6,36.5
12/31/2024 8:00,avenue41_to_harrisln,NB,0.01,0.5,42.9
12/31/2024 9:00,avenue41_to_harrisln,NB,0.08,0.61,35.5
12/31/2024 10:00,avenue41_to_harrisln,NB,0.03,0.59,36.5
12/31/2024 11:00,avenue41_to_harrisln,NB,0.06,0.63,34.3
12/31/2024 12:00,avenue41_to_harrisln,NB,0.12,0.67,32.2
12/31/2024 13:00,avenue41_to_harrisln,NB,0.07,0.63,34.4
12/31/2024 14:00,avenue41_to_harrisln,NB,0.09,0.66,32.4
12/31/2024 15:00,avenue41_to_harrisln,NB,0.07,0.64,33.7
12/31/2024 16:00,avenue41_to_harrisln,NB,0.03,0.59,36.7
12/31/2024 17:00,avenue41_to_harrisln,NB,0.05,0.59,36.5
12/31/2024 18:00,avenue41_to_harrisln,NB,0.02,0.56,38.8
12/31/2024 19:00,avenue41_to_harrisln,NB,0.07,0.59,37.6
12/31/2024 20:00,avenue41_to_harrisln,NB,0,0.5,43
12/31/2024 21:00,avenue41_to_harrisln,NB,0.04,0.56,38.2
12/31/2024 22:00,avenue41_to_harrisln,NB,0.03,0.54,39.6
12/31/2024 23:00,avenue41_to_harrisln,NB,0.04,0.54,40.4
1/1/2025 0:00,avenue41_to_harrisln,NB,0.07,0.59,36.9
1/1/2025 1:00,avenue41_to_harrisln,NB,0.03,0.57,38
1/1/2025 2:00,avenue41_to_harrisln,NB,0.01,0.51,42.9
1/1/2025 3:00,avenue41_to_harrisln,NB,0.01,0.53,41.3
1/1/2025 4:00,avenue41_to_harrisln,NB,0,0.49,44.2
1/1/2025 5:00,avenue41_to_harrisln,NB,0,0.51,42.4
1/1/2025 6:00,avenue41_to_harrisln,NB,0,0.51,42.4
1/1/2025 7:00,avenue41_to_harrisln,NB,0.02,0.5,43.1
1/1/2025 8:00,avenue41_to_harrisln,NB,0.08,0.58,38.9
1/1/2025 9:00,avenue41_to_harrisln,NB,0.03,0.57,38.1
1/1/2025 10:00,avenue41_to_harrisln,NB,0.02,0.56,38.4
1/1/2025 11:00,avenue41_to_harrisln,NB,0.02,0.58,37.3
1/1/2025 12:00,avenue41_to_harrisln,NB,0.04,0.57,37.7
1/1/2025 13:00,avenue41_to_harrisln,NB,0.01,0.54,40.5
1/1/2025 14:00,avenue41_to_harrisln,NB,0.03,0.57,38.4
1/1/2025 15:00,avenue41_to_harrisln,NB,0.05,0.59,36.8
1/1/2025 16:00,avenue41_to_harrisln,NB,0.04,0.56,38.9
1/1/2025 17:00,avenue41_to_harrisln,NB,0.05,0.57,37.7
1/1/2025 18:00,avenue41_to_harrisln,NB,0.02,0.56,38.6
1/1/2025 19:00,avenue41_to_harrisln,NB,0.03,0.56,38.8
1/1/2025 20:00,avenue41_to_harrisln,NB,0.01,0.53,40.6
1/1/2025 21:00,avenue41_to_harrisln,NB,0.01,0.52,41.4
1/1/2025 22:00,avenue41_to_harrisln,NB,0.03,0.53,41
1/1/2025 23:00,avenue41_to_harrisln,NB,0,0.52,41.6
1/2/2025 0:00,avenue41_to_harrisln,NB,0,0.5,43
1/2/2025 1:00,avenue41_to_harrisln,NB,0,0.48,44.9
1/2/2025 2:00,avenue41_to_harrisln,NB,0,0.47,46.1
1/2/2025 3:00,avenue41_to_harrisln,NB,0,0.46,46.7
1/2/2025 4:00,avenue41_to_harrisln,NB,0,0.51,42.1
1/2/2025 5:00,avenue41_to_harrisln,NB,0.01,0.47,46.1
1/2/2025 6:00,avenue41_to_harrisln,NB,0,0.51,42.4
1/2/2025 7:00,avenue41_to_harrisln,NB,0.16,0.67,33.3
1/2/2025 8:00,avenue41_to_harrisln,NB,0.03,0.56,38.5
1/2/2025 9:00,avenue41_to_harrisln,NB,0.06,0.6,36.2
1/2/2025 10:00,avenue41_to_harrisln,NB,0.05,0.6,35.6
1/2/2025 11:00,avenue41_to_harrisln,NB,0.04,0.63,34.4
1/2/2025 12:00,avenue41_to_harrisln,NB,0.1,0.65,33.9
1/2/2025 13:00,avenue41_to_harrisln,NB,0.12,0.69,32.3
1/2/2025 14:00,avenue41_to_harrisln,NB,0.1,0.65,33
1/2/2025 15:00,avenue41_to_harrisln,NB,0.12,0.69,31.5
1/2/2025 16:00,avenue41_to_harrisln,NB,0.12,0.69,31.4
1/2/2025 17:00,avenue41_to_harrisln,NB,0.07,0.62,34.7
1/2/2025 18:00,avenue41_to_harrisln,NB,0.04,0.59,37.3
1/2/2025 19:00,avenue41_to_harrisln,NB,0.04,0.57,38.1
1/2/2025 20:00,avenue41_to_harrisln,NB,0.04,0.53,40.5
1/2/2025 21:00,avenue41_to_harrisln,NB,0.02,0.54,40
1/2/2025 22:00,avenue41_to_harrisln,NB,0,0.51,42.2
1/2/2025 23:00,avenue41_to_harrisln,NB,0,0.47,45.8
1/3/2025 0:00,avenue41_to_harrisln,NB,0,0.49,44.1
1/3/2025 1:00,avenue41_to_harrisln,NB,0,0.47,46.5
1/3/2025 2:00,avenue41_to_harrisln,NB,0,0.49,43.8
1/3/2025 3:00,avenue41_to_harrisln,NB,0,0.49,44.4
1/3/2025 4:00,avenue41_to_harrisln,NB,0,0.46,46.5
1/3/2025 5:00,avenue41_to_harrisln,NB,0,0.49,44.2
1/3/2025 6:00,avenue41_to_harrisln,NB,0.04,0.57,38.1
1/3/2025 7:00,avenue41_to_harrisln,NB,0.03,0.56,38.5
1/3/2025 8:00,avenue41_to_harrisln,NB,0.03,0.56,38.6
1/3/2025 9:00,avenue41_to_harrisln,NB,0.02,0.56,38.2
1/3/2025 10:00,avenue41_to_harrisln,NB,0.07,0.64,34.4
1/3/2025 11:00,avenue41_to_harrisln,NB,0.1,0.68,32
1/3/2025 12:00,avenue41_to_harrisln,NB,0.24,0.8,28
1/3/2025 13:00,avenue41_to_harrisln,NB,0.07,0.65,33
1/3/2025 14:00,avenue41_to_harrisln,NB,0.13,0.7,31.7
1/3/2025 15:00,avenue41_to_harrisln,NB,0.17,0.74,30.8
1/3/2025 16:00,avenue41_to_harrisln,NB,0.1,0.66,33
1/3/2025 17:00,avenue41_to_harrisln,NB,0.1,0.66,33.2
1/3/2025 18:00,avenue41_to_harrisln,NB,0.06,0.6,35.9
1/3/2025 19:00,avenue41_to_harrisln,NB,0.05,0.59,36.9
1/3/2025 20:00,avenue41_to_harrisln,NB,0.03,0.55,39
1/3/2025 21:00,avenue41_to_harrisln,NB,0,0.53,40.4
1/3/2025 22:00,avenue41_to_harrisln,NB,0.08,0.6,36.8
1/3/2025 23:00,avenue41_to_harrisln,NB,0,0.5,42.7
1/4/2025 0:00,avenue41_to_harrisln,NB,0.01,0.51,42.2
1/4/2025 1:00,avenue41_to_harrisln,NB,0,0.48,44.5
1/4/2025 2:00,avenue41_to_harrisln,NB,0,0.46,46.5
1/4/2025 3:00,avenue41_to_harrisln,NB,0,0.52,41
1/4/2025 4:00,avenue41_to_harrisln,NB,0,0.46,46.8
1/4/2025 5:00,avenue41_to_harrisln,NB,0,0.48,44.6
1/4/2025 6:00,avenue41_to_harrisln,NB,0,0.47,45.7
1/4/2025 7:00,avenue41_to_harrisln,NB,0.11,0.6,37.7
1/4/2025 8:00,avenue41_to_harrisln,NB,0.01,0.53,40.4
1/4/2025 9:00,avenue41_to_harrisln,NB,0.09,0.64,34.4
1/4/2025 10:00,avenue41_to_harrisln,NB,0.03,0.56,38.4
1/4/2025 11:00,avenue41_to_harrisln,NB,0.04,0.58,37.2
1/4/2025 12:00,avenue41_to_harrisln,NB,0.01,0.56,38.3
1/4/2025 13:00,avenue41_to_harrisln,NB,0.07,0.63,34.1
1/4/2025 14:00,avenue41_to_harrisln,NB,0.02,0.56,38.2
1/4/2025 15:00,avenue41_to_harrisln,NB,0.03,0.58,36.8
1/4/2025 16:00,avenue41_to_harrisln,NB,0.02,0.58,36.9
1/4/2025 17:00,avenue41_to_harrisln,NB,0.05,0.59,36.5
1/4/2025 18:00,avenue41_to_harrisln,NB,0.05,0.58,37.6
1/4/2025 19:00,avenue41_to_harrisln,NB,0.06,0.59,37.5
1/4/2025 20:00,avenue41_to_harrisln,NB,0.01,0.53,41
1/4/2025 21:00,avenue41_to_harrisln,NB,0.03,0.57,38
1/4/2025 22:00,avenue41_to_harrisln,NB,0.02,0.53,40.6
1/4/2025 23:00,avenue41_to_harrisln,NB,0.01,0.5,43.3
1/5/2025 0:00,avenue41_to_harrisln,NB,0.01,0.49,43.7
1/5/2025 1:00,avenue41_to_harrisln,NB,0.02,0.52,42.3
1/5/2025 2:00,avenue41_to_harrisln,NB,0,0.51,42.2
1/5/2025 3:00,avenue41_to_harrisln,NB,0,0.48,44.8
1/5/2025 4:00,avenue41_to_harrisln,NB,0,0.52,41.1
1/5/2025 5:00,avenue41_to_harrisln,NB,0.03,0.51,42.8
1/5/2025 6:00,avenue41_to_harrisln,NB,0.01,0.52,41.4
1/5/2025 7:00,avenue41_to_harrisln,NB,0.02,0.51,42.4
1/5/2025 8:00,avenue41_to_harrisln,NB,0.02,0.53,40.6
1/5/2025 9:00,avenue41_to_harrisln,NB,0.03,0.56,38.8
1/5/2025 10:00,avenue41_to_harrisln,NB,0.03,0.57,37.6
1/5/2025 11:00,avenue41_to_harrisln,NB,0.02,0.56,38.6
1/5/2025 12:00,avenue41_to_harrisln,NB,0.06,0.6,36.3
1/5/2025 13:00,avenue41_to_harrisln,NB,0.02,0.58,37.4
1/5/2025 14:00,avenue41_to_harrisln,NB,0.05,0.58,37.2
1/5/2025 15:00,avenue41_to_harrisln,NB,0.01,0.54,39.6
1/5/2025 16:00,avenue41_to_harrisln,NB,0.04,0.59,36.5
1/5/2025 17:00,avenue41_to_harrisln,NB,0.02,0.56,38.5
1/5/2025 18:00,avenue41_to_harrisln,NB,0.01,0.54,39.5
1/5/2025 19:00,avenue41_to_harrisln,NB,0.01,0.54,40.2
1/5/2025 20:00,avenue41_to_harrisln,NB,0.02,0.52,41.4
1/5/2025 21:00,avenue41_to_harrisln,NB,0.02,0.52,41.2
1/5/2025 22:00,avenue41_to_harrisln,NB,0,0.5,43.2
1/5/2025 23:00,avenue41_to_harrisln,NB,0,0.47,45.6
1/6/2025 0:00,avenue41_to_harrisln,NB,0,0.46,46.9
1/6/2025 1:00,avenue41_to_harrisln,NB,0,0.49,43.7
1/6/2025 2:00,avenue41_to_harrisln,NB,0,0.48,44.7
1/6/2025 3:00,avenue41_to_harrisln,NB,0,0.5,43.5
1/6/2025 4:00,avenue41_to_harrisln,NB,0,0.44,48.2
1/6/2025 5:00,avenue41_to_harrisln,NB,0,0.47,45.3
1/6/2025 6:00,avenue41_to_harrisln,NB,0.01,0.53,40.6
1/6/2025 7:00,avenue41_to_harrisln,NB,0.09,0.62,35.7
1/6/2025 8:00,avenue41_to_harrisln,NB,0.11,0.66,33.1
1/6/2025 9:00,avenue41_to_harrisln,NB,0.12,0.66,33.4
1/6/2025 10:00,avenue41_to_harrisln,NB,0.08,0.62,35
1/6/2025 11:00,avenue41_to_harrisln,NB,0.08,0.64,33.8
1/6/2025 12:00,avenue41_to_harrisln,NB,0.05,0.6,36.3
1/6/2025 13:00,avenue41_to_harrisln,NB,0.05,0.6,35.9
1/6/2025 14:00,avenue41_to_harrisln,NB,0.11,0.68,31.6
1/6/2025 15:00,avenue41_to_harrisln,NB,0.22,0.8,27.5
1/6/2025 16:00,avenue41_to_harrisln,NB,0.14,0.71,30.6
1/6/2025 17:00,avenue41_to_harrisln,NB,0.05,0.62,34.7
1/6/2025 18:00,avenue41_to_harrisln,NB,0.03,0.55,39.1
1/6/2025 19:00,avenue41_to_harrisln,NB,0.02,0.56,38.4
1/6/2025 20:00,avenue41_to_harrisln,NB,0,0.5,43.1
1/6/2025 21:00,avenue41_to_harrisln,NB,0.02,0.53,40.7
1/6/2025 22:00,avenue41_to_harrisln,NB,0.16,0.68,34.7
1/6/2025 23:00,avenue41_to_harrisln,NB,0,0.45,48
1/7/2025 0:00,avenue41_to_harrisln,NB,0.01,0.5,43
1/7/2025 1:00,avenue41_to_harrisln,NB,0.01,0.51,42.2
1/7/2025 2:00,avenue41_to_harrisln,NB,0,0.47,46
1/7/2025 3:00,avenue41_to_harrisln,NB,0,0.47,45.6
1/7/2025 4:00,avenue41_to_harrisln,NB,0,0.45,48
1/7/2025 5:00,avenue41_to_harrisln,NB,0,0.49,43.5
1/7/2025 6:00,avenue41_to_harrisln,NB,0.01,0.52,41.4
1/7/2025 7:00,avenue41_to_harrisln,NB,0.02,0.54,39.9
1/7/2025 8:00,avenue41_to_harrisln,NB,0.07,0.61,35.7
1/7/2025 9:00,avenue41_to_harrisln,NB,0.06,0.63,34.7
1/7/2025 10:00,avenue41_to_harrisln,NB,0.03,0.59,36.3
1/7/2025 11:00,avenue41_to_harrisln,NB,0.04,0.59,36.4
1/7/2025 12:00,avenue41_to_harrisln,NB,0.08,0.64,34.1
1/7/2025 13:00,avenue41_to_harrisln,NB,0.12,0.69,31.1
1/7/2025 14:00,avenue41_to_harrisln,NB,0.2,0.77,29.1
1/7/2025 15:00,avenue41_to_harrisln,NB,0.2,0.77,28.5
1/7/2025 16:00,avenue41_to_harrisln,NB,0.12,0.69,31.2
1/7/2025 17:00,avenue41_to_harrisln,NB,0.07,0.64,33.6
1/7/2025 18:00,avenue41_to_harrisln,NB,0.03,0.59,36.8
1/7/2025 19:00,avenue41_to_harrisln,NB,0.04,0.53,41.9
1/7/2025 20:00,avenue41_to_harrisln,NB,0.03,0.55,39.5
1/7/2025 21:00,avenue41_to_harrisln,NB,0,0.5,43
1/7/2025 22:00,avenue41_to_harrisln,NB,0,0.5,43.6
1/7/2025 23:00,avenue41_to_harrisln,NB,0.01,0.51,42.7
1/8/2025 0:00,avenue41_to_harrisln,NB,0,0.48,44.9
1/8/2025 1:00,avenue41_to_harrisln,NB,0,0.52,41.3
1/8/2025 2:00,avenue41_to_harrisln,NB,0,0.48,45.1
1/8/2025 3:00,avenue41_to_harrisln,NB,0,0.47,46.3
1/8/2025 4:00,avenue41_to_harrisln,NB,0,0.44,48.8
1/8/2025 5:00,avenue41_to_harrisln,NB,0.05,0.55,39.8
1/8/2025 6:00,avenue41_to_harrisln,NB,0.05,0.58,37.7
1/8/2025 7:00,avenue41_to_harrisln,NB,0.08,0.61,35.6
1/8/2025 8:00,avenue41_to_harrisln,NB,0.11,0.66,32.8
1/8/2025 9:00,avenue41_to_harrisln,NB,0.04,0.59,36.4
1/8/2025 10:00,avenue41_to_harrisln,NB,0.14,0.7,31.2
1/8/2025 11:00,avenue41_to_harrisln,NB,0.06,0.62,34.4
1/8/2025 12:00,avenue41_to_harrisln,NB,0.11,0.67,32
1/8/2025 13:00,avenue41_to_harrisln,NB,0.07,0.62,34.8
1/8/2025 14:00,avenue41_to_harrisln,NB,0.1,0.67,32.7
1/8/2025 15:00,avenue41_to_harrisln,NB,0.22,0.79,28
1/8/2025 16:00,avenue41_to_harrisln,NB,0.05,0.62,34.5
1/8/2025 17:00,avenue41_to_harrisln,NB,0.11,0.67,32.1
1/8/2025 18:00,avenue41_to_harrisln,NB,0.07,0.64,33.6
1/8/2025 19:00,avenue41_to_harrisln,NB,0.06,0.61,35.6
1/8/2025 20:00,avenue41_to_harrisln,NB,0.03,0.56,38.5
1/8/2025 21:00,avenue41_to_harrisln,NB,0.02,0.52,41.6
1/8/2025 22:00,avenue41_to_harrisln,NB,0.05,0.51,42.9
1/8/2025 23:00,avenue41_to_harrisln,NB,0,0.52,41.5
1/9/2025 0:00,avenue41_to_harrisln,NB,0.02,0.51,42
1/9/2025 1:00,avenue41_to_harrisln,NB,0,0.5,42.8
1/9/2025 2:00,avenue41_to_harrisln,NB,0,0.47,45.8
1/9/2025 3:00,avenue41_to_harrisln,NB,0,0.45,48.1
1/9/2025 4:00,avenue41_to_harrisln,NB,0,0.47,45.3
1/9/2025 5:00,avenue41_to_harrisln,NB,0.01,0.49,44
1/9/2025 6:00,avenue41_to_harrisln,NB,0.04,0.56,38.8
1/9/2025 7:00,avenue41_to_harrisln,NB,0.07,0.6,36.2
1/9/2025 8:00,avenue41_to_harrisln,NB,0.11,0.66,33
1/9/2025 9:00,avenue41_to_harrisln,NB,0.03,0.59,36.2
1/9/2025 10:00,avenue41_to_harrisln,NB,0.05,0.63,34.4
1/9/2025 11:00,avenue41_to_harrisln,NB,0.06,0.62,34.6
1/9/2025 12:00,avenue41_to_harrisln,NB,0.1,0.67,32
1/9/2025 13:00,avenue41_to_harrisln,NB,0.13,0.7,31.1
1/9/2025 14:00,avenue41_to_harrisln,NB,0.2,0.79,28.3
1/9/2025 15:00,avenue41_to_harrisln,NB,0.85,1.43,16.6
1/9/2025 16:00,avenue41_to_harrisln,NB,0.16,0.74,29.5
1/9/2025 17:00,avenue41_to_harrisln,NB,0.17,0.74,29.6
1/9/2025 18:00,avenue41_to_harrisln,NB,0.07,0.63,34.5
1/9/2025 19:00,avenue41_to_harrisln,NB,0.04,0.58,36.8
1/9/2025 20:00,avenue41_to_harrisln,NB,0,0.5,42.8
1/9/2025 21:00,avenue41_to_harrisln,NB,0.01,0.53,40.8
1/9/2025 22:00,avenue41_to_harrisln,NB,0,0.5,42.8
1/9/2025 23:00,avenue41_to_harrisln,NB,0,0.46,46.9
1/10/2025 0:00,avenue41_to_harrisln,NB,0,0.5,43.2
1/10/2025 1:00,avenue41_to_harrisln,NB,0,0.52,41.3
1/10/2025 2:00,avenue41_to_harrisln,NB,0,0.52,41.4
1/10/2025 3:00,avenue41_to_harrisln,NB,0,0.51,42.3
1/10/2025 4:00,avenue41_to_harrisln,NB,0,0.5,42.9
1/10/2025 5:00,avenue41_to_harrisln,NB,0,0.5,42.9
1/10/2025 6:00,avenue41_to_harrisln,NB,0.04,0.56,39
1/10/2025 7:00,avenue41_to_harrisln,NB,0.08,0.61,36.2
1/10/2025 8:00,avenue41_to_harrisln,NB,0.1,0.64,34.1
1/10/2025 9:00,avenue41_to_harrisln,NB,0.03,0.59,36.5
1/10/2025 10:00,avenue41_to_harrisln,NB,0.05,0.61,35.5
1/10/2025 11:00,avenue41_to_harrisln,NB,0.08,0.65,33.2
1/10/2025 12:00,avenue41_to_harrisln,NB,0.07,0.63,34.4
1/10/2025 13:00,avenue41_to_harrisln,NB,0.15,0.73,30.2
1/10/2025 14:00,avenue41_to_harrisln,NB,0.34,0.92,26
1/10/2025 15:00,avenue41_to_harrisln,NB,1.53,2.12,10.5
1/10/2025 16:00,avenue41_to_harrisln,NB,0.43,1.02,22.7
1/10/2025 17:00,avenue41_to_harrisln,NB,0.13,0.68,32.3
1/10/2025 18:00,avenue41_to_harrisln,NB,0.04,0.59,36.3
1/10/2025 19:00,avenue41_to_harrisln,NB,0.06,0.59,36.6
1/10/2025 20:00,avenue41_to_harrisln,NB,0.03,0.57,37.6
1/10/2025 21:00,avenue41_to_harrisln,NB,0.03,0.56,38.3
1/10/2025 22:00,avenue41_to_harrisln,NB,0.01,0.53,40.9
1/10/2025 23:00,avenue41_to_harrisln,NB,0,0.5,42.6
1/11/2025 0:00,avenue41_to_harrisln,NB,0.01,0.52,41.7
1/11/2025 1:00,avenue41_to_harrisln,NB,0.01,0.52,41
1/11/2025 2:00,avenue41_to_harrisln,NB,0,0.5,43.3
1/11/2025 3:00,avenue41_to_harrisln,NB,0,0.48,45.1
1/11/2025 4:00,avenue41_to_harrisln,NB,0,0.46,47
1/11/2025 5:00,avenue41_to_harrisln,NB,0,0.49,43.5
1/11/2025 6:00,avenue41_to_harrisln,NB,0.02,0.51,41.8
1/11/2025 7:00,avenue41_to_harrisln,NB,0,0.51,42
1/11/2025 8:00,avenue41_to_harrisln,NB,0.03,0.53,40.7
1/11/2025 9:00,avenue41_to_harrisln,NB,0.03,0.56,38.7
1/11/2025 10:00,avenue41_to_harrisln,NB,0.04,0.6,35.6
1/11/2025 11:00,avenue41_to_harrisln,NB,0.04,0.59,36.5
1/11/2025 12:00,avenue41_to_harrisln,NB,0.07,0.62,35.5
1/11/2025 13:00,avenue41_to_harrisln,NB,0.02,0.58,37.2
1/11/2025 14:00,avenue41_to_harrisln,NB,0.08,0.64,33.5
1/11/2025 15:00,avenue41_to_harrisln,NB,0.06,0.63,34.6
1/11/2025 16:00,avenue41_to_harrisln,NB,0.05,0.61,35.7
1/11/2025 17:00,avenue41_to_harrisln,NB,0.04,0.59,36.5
1/11/2025 18:00,avenue41_to_harrisln,NB,0.08,0.63,34.6
1/11/2025 19:00,avenue41_to_harrisln,NB,0.04,0.58,37.1
1/11/2025 20:00,avenue41_to_harrisln,NB,0.04,0.55,39
1/11/2025 21:00,avenue41_to_harrisln,NB,0.02,0.55,39
1/11/2025 22:00,avenue41_to_harrisln,NB,0.01,0.52,41.6
1/11/2025 23:00,avenue41_to_harrisln,NB,0,0.48,44.5
1/12/2025 0:00,avenue41_to_harrisln,NB,0.02,0.55,38.9
1/12/2025 1:00,avenue41_to_harrisln,NB,0,0.48,45.2
1/12/2025 2:00,avenue41_to_harrisln,NB,0,0.47,45.3
1/12/2025 3:00,avenue41_to_harrisln,NB,0,0.47,45.9
1/12/2025 4:00,avenue41_to_harrisln,NB,0,0.48,44.3
1/12/2025 5:00,avenue41_to_harrisln,NB,0.01,0.5,43
1/12/2025 6:00,avenue41_to_harrisln,NB,0,0.54,39.7
1/12/2025 7:00,avenue41_to_harrisln,NB,0.02,0.53,40.5
1/12/2025 8:00,avenue41_to_harrisln,NB,0.06,0.57,38.5
1/12/2025 9:00,avenue41_to_harrisln,NB,0.07,0.6,36.8
1/12/2025 10:00,avenue41_to_harrisln,NB,0.04,0.58,37.4
1/12/2025 11:00,avenue41_to_harrisln,NB,0.1,0.66,33
1/12/2025 12:00,avenue41_to_harrisln,NB,0.01,0.54,39.6
1/12/2025 13:00,avenue41_to_harrisln,NB,0.03,0.59,36.5
1/12/2025 14:00,avenue41_to_harrisln,NB,0.03,0.6,35.8
1/12/2025 15:00,avenue41_to_harrisln,NB,0.03,0.57,37.9
1/12/2025 16:00,avenue41_to_harrisln,NB,0.02,0.57,37.6
1/12/2025 17:00,avenue41_to_harrisln,NB,0.02,0.56,38.4
1/12/2025 18:00,avenue41_to_harrisln,NB,0,0.53,40.6
1/12/2025 19:00,avenue41_to_harrisln,NB,0.02,0.55,39.4
1/12/2025 20:00,avenue41_to_harrisln,NB,0,0.51,41.9
1/12/2025 21:00,avenue41_to_harrisln,NB,0.04,0.56,38.8
1/12/2025 22:00,avenue41_to_harrisln,NB,0,0.48,44.8
1/12/2025 23:00,avenue41_to_harrisln,NB,0,0.47,46.2
1/13/2025 0:00,avenue41_to_harrisln,NB,0,0.5,42.8
1/13/2025 1:00,avenue41_to_harrisln,NB,0,0.49,44.1
1/13/2025 2:00,avenue41_to_harrisln,NB,0.01,0.48,44.4
1/13/2025 3:00,avenue41_to_harrisln,NB,0,0.44,48.4
1/13/2025 4:00,avenue41_to_harrisln,NB,0.01,0.51,42.4
1/13/2025 5:00,avenue41_to_harrisln,NB,0,0.5,42.8
1/13/2025 6:00,avenue41_to_harrisln,NB,0.02,0.52,41.5
1/13/2025 7:00,avenue41_to_harrisln,NB,0.1,0.64,34.2
1/13/2025 8:00,avenue41_to_harrisln,NB,0.06,0.6,36
1/13/2025 9:00,avenue41_to_harrisln,NB,0.03,0.57,37.7
1/13/2025 10:00,avenue41_to_harrisln,NB,0.03,0.6,36.1
1/13/2025 11:00,avenue41_to_harrisln,NB,0.06,0.61,35.1
1/13/2025 12:00,avenue41_to_harrisln,NB,0.07,0.63,34.7
1/13/2025 13:00,avenue41_to_harrisln,NB,0.06,0.61,35.2
1/13/2025 14:00,avenue41_to_harrisln,NB,0.16,0.73,30.5
1/13/2025 15:00,avenue41_to_harrisln,NB,0.45,1.02,22
1/13/2025 16:00,avenue41_to_harrisln,NB,0.14,0.71,30.4
1/13/2025 17:00,avenue41_to_harrisln,NB,0.07,0.64,33.3
1/13/2025 18:00,avenue41_to_harrisln,NB,0.03,0.59,36.7
1/13/2025 19:00,avenue41_to_harrisln,NB,0.01,0.54,40
1/13/2025 20:00,avenue41_to_harrisln,NB,0.01,0.55,39.5
1/13/2025 21:00,avenue41_to_harrisln,NB,0.03,0.52,41.6
1/13/2025 22:00,avenue41_to_harrisln,NB,0,0.5,42.9
1/13/2025 23:00,avenue41_to_harrisln,NB,0.01,0.48,45.1
1/14/2025 0:00,avenue41_to_harrisln,NB,0.02,0.55,39.3
1/14/2025 1:00,avenue41_to_harrisln,NB,0,0.48,44.7
1/14/2025 2:00,avenue41_to_harrisln,NB,0,0.48,44.9
1/14/2025 3:00,avenue41_to_harrisln,NB,0,0.47,45.7
1/14/2025 4:00,avenue41_to_harrisln,NB,0,0.48,45
1/14/2025 5:00,avenue41_to_harrisln,NB,0,0.5,42.6
1/14/2025 6:00,avenue41_to_harrisln,NB,0.03,0.54,40.6
1/14/2025 7:00,avenue41_to_harrisln,NB,0.08,0.6,36.8
1/14/2025 8:00,avenue41_to_harrisln,NB,0.08,0.63,34.6
1/14/2025 9:00,avenue41_to_harrisln,NB,0.03,0.57,37.4
1/14/2025 10:00,avenue41_to_harrisln,NB,0.16,0.7,31.9
1/14/2025 11:00,avenue41_to_harrisln,NB,0.03,0.58,37.1
1/14/2025 12:00,avenue41_to_harrisln,NB,0.04,0.6,36.2
1/14/2025 13:00,avenue41_to_harrisln,NB,0.09,0.67,33.4
1/14/2025 14:00,avenue41_to_harrisln,NB,0.14,0.72,30.3
1/14/2025 15:00,avenue41_to_harrisln,NB,0.58,1.17,19.6
1/14/2025 16:00,avenue41_to_harrisln,NB,0.17,0.74,29.5
1/14/2025 17:00,avenue41_to_harrisln,NB,0.24,0.81,27.5
1/14/2025 18:00,avenue41_to_harrisln,NB,0.03,0.58,37.2
1/14/2025 19:00,avenue41_to_harrisln,NB,0.01,0.55,38.8
1/14/2025 20:00,avenue41_to_harrisln,NB,0.08,0.6,36
1/14/2025 21:00,avenue41_to_harrisln,NB,0.03,0.54,40.1
1/14/2025 22:00,avenue41_to_harrisln,NB,0.03,0.54,39.8
1/14/2025 23:00,avenue41_to_harrisln,NB,0.01,0.47,45.5
1/15/2025 0:00,avenue41_to_harrisln,NB,0,0.51,41.9
1/15/2025 1:00,avenue41_to_harrisln,NB,0,0.46,46.7
1/15/2025 2:00,avenue41_to_harrisln,NB,0.01,0.5,42.8
1/15/2025 3:00,avenue41_to_harrisln,NB,0,0.48,44.7
1/15/2025 4:00,avenue41_to_harrisln,NB,0,0.51,42.5
1/15/2025 5:00,avenue41_to_harrisln,NB,0,0.45,47.2
1/15/2025 6:00,avenue41_to_harrisln,NB,0.03,0.54,40.3
1/15/2025 7:00,avenue41_to_harrisln,NB,0.12,0.66,32.9
1/15/2025 8:00,avenue41_to_harrisln,NB,0.05,0.59,36.5
1/15/2025 9:00,avenue41_to_harrisln,NB,0.05,0.61,35.4
1/15/2025 10:00,avenue41_to_harrisln,NB,0.06,0.62,34.7
1/15/2025 11:00,avenue41_to_harrisln,NB,0.11,0.67,32.7
1/15/2025 12:00,avenue41_to_harrisln,NB,0.46,1.04,25.9
1/15/2025 13:00,avenue41_to_harrisln,NB,0.13,0.72,30.2
1/15/2025 14:00,avenue41_to_harrisln,NB,0.19,0.77,28.7
1/15/2025 15:00,avenue41_to_harrisln,NB,0.32,0.9,24.7
1/15/2025 16:00,avenue41_to_harrisln,NB,0.09,0.67,32
1/15/2025 17:00,avenue41_to_harrisln,NB,0.07,0.64,33.4
1/15/2025 18:00,avenue41_to_harrisln,NB,0.14,0.69,32.6
1/15/2025 19:00,avenue41_to_harrisln,NB,0.04,0.57,38.1
1/15/2025 20:00,avenue41_to_harrisln,NB,0.02,0.57,38.1
1/15/2025 21:00,avenue41_to_harrisln,NB,0,0.51,42.2
1/15/2025 22:00,avenue41_to_harrisln,NB,0.01,0.5,42.7
1/15/2025 23:00,avenue41_to_harrisln,NB,0.01,0.54,39.8
1/16/2025 0:00,avenue41_to_harrisln,NB,0,0.49,44.1
1/16/2025 1:00,avenue41_to_harrisln,NB,0,0.49,43.4
1/16/2025 2:00,avenue41_to_harrisln,NB,0,0.49,43.8
1/16/2025 3:00,avenue41_to_harrisln,NB,0,0.47,45.6
1/16/2025 4:00,avenue41_to_harrisln,NB,0,0.48,44.8
1/16/2025 5:00,avenue41_to_harrisln,NB,0,0.54,40
1/16/2025 6:00,avenue41_to_harrisln,NB,0.02,0.53,41.2
1/16/2025 7:00,avenue41_to_harrisln,NB,0.09,0.63,35
1/16/2025 8:00,avenue41_to_harrisln,NB,0.19,0.75,29.5
1/16/2025 9:00,avenue41_to_harrisln,NB,0.04,0.58,37.2
1/16/2025 10:00,avenue41_to_harrisln,NB,0.04,0.6,36.3
1/16/2025 11:00,avenue41_to_harrisln,NB,0.08,0.63,34.1
1/16/2025 12:00,avenue41_to_harrisln,NB,0.17,0.72,30.6
1/16/2025 13:00,avenue41_to_harrisln,NB,0.08,0.64,33.8
1/16/2025 14:00,avenue41_to_harrisln,NB,0.17,0.76,28.6
1/16/2025 15:00,avenue41_to_harrisln,NB,1.2,1.79,12.7
1/16/2025 16:00,avenue41_to_harrisln,NB,0.32,0.89,25.6
1/16/2025 17:00,avenue41_to_harrisln,NB,0.17,0.75,29.2
1/16/2025 18:00,avenue41_to_harrisln,NB,0.04,0.61,35.6
1/16/2025 19:00,avenue41_to_harrisln,NB,0.07,0.59,37.1
1/16/2025 20:00,avenue41_to_harrisln,NB,0.02,0.55,39.5
1/16/2025 21:00,avenue41_to_harrisln,NB,0.01,0.53,40.8
1/16/2025 22:00,avenue41_to_harrisln,NB,0.02,0.51,42.4
1/16/2025 23:00,avenue41_to_harrisln,NB,0.01,0.51,42.2
1/17/2025 0:00,avenue41_to_harrisln,NB,0,0.5,43.9
1/17/2025 1:00,avenue41_to_harrisln,NB,0,0.49,44.1
1/17/2025 2:00,avenue41_to_harrisln,NB,0,0.51,41.9
1/17/2025 3:00,avenue41_to_harrisln,NB,0,0.49,44
1/17/2025 4:00,avenue41_to_harrisln,NB,0,0.48,45
1/17/2025 5:00,avenue41_to_harrisln,NB,0,0.47,45.5
1/17/2025 6:00,avenue41_to_harrisln,NB,0.01,0.52,41
1/17/2025 7:00,avenue41_to_harrisln,NB,0.1,0.61,36.3
1/17/2025 8:00,avenue41_to_harrisln,NB,0.08,0.61,36.1
1/17/2025 9:00,avenue41_to_harrisln,NB,0.02,0.57,37.4
1/17/2025 10:00,avenue41_to_harrisln,NB,0.04,0.6,36
1/17/2025 11:00,avenue41_to_harrisln,NB,0.14,0.72,30.8
1/17/2025 12:00,avenue41_to_harrisln,NB,0.07,0.65,33
1/17/2025 13:00,avenue41_to_harrisln,NB,0.13,0.7,30.9
1/17/2025 14:00,avenue41_to_harrisln,NB,0.12,0.7,30.7
1/17/2025 15:00,avenue41_to_harrisln,NB,0.47,1.04,23.3
1/17/2025 16:00,avenue41_to_harrisln,NB,0.14,0.72,30.2
1/17/2025 17:00,avenue41_to_harrisln,NB,0.09,0.67,32
1/17/2025 18:00,avenue41_to_harrisln,NB,0.05,0.62,35
1/17/2025 19:00,avenue41_to_harrisln,NB,0.01,0.59,36.5
1/17/2025 20:00,avenue41_to_harrisln,NB,0.07,0.6,36.5
1/17/2025 21:00,avenue41_to_harrisln,NB,0.01,0.55,39.4
1/17/2025 22:00,avenue41_to_harrisln,NB,0.01,0.53,41.3
1/17/2025 23:00,avenue41_to_harrisln,NB,0.03,0.52,41.7
1/18/2025 0:00,avenue41_to_harrisln,NB,0,0.43,49.6
1/18/2025 1:00,avenue41_to_harrisln,NB,0,0.47,45.8
1/18/2025 2:00,avenue41_to_harrisln,NB,0,0.51,42.1
1/18/2025 3:00,avenue41_to_harrisln,NB,0,0.53,40.9
1/18/2025 4:00,avenue41_to_harrisln,NB,0,0.42,50.9
1/18/2025 5:00,avenue41_to_harrisln,NB,0,0.44,48.6
1/18/2025 6:00,avenue41_to_harrisln,NB,0.01,0.5,43.2
1/18/2025 7:00,avenue41_to_harrisln,NB,0.04,0.53,41.2
1/18/2025 8:00,avenue41_to_harrisln,NB,0.01,0.53,40.7
1/18/2025 9:00,avenue41_to_harrisln,NB,0.03,0.55,39.1
1/18/2025 10:00,avenue41_to_harrisln,NB,0.02,0.57,37.5
1/18/2025 11:00,avenue41_to_harrisln,NB,0.01,0.57,37.4
1/18/2025 12:00,avenue41_to_harrisln,NB,0.02,0.57,37.9
1/18/2025 13:00,avenue41_to_harrisln,NB,0.03,0.57,38.1
1/18/2025 14:00,avenue41_to_harrisln,NB,0.04,0.58,37
1/18/2025 15:00,avenue41_to_harrisln,NB,0.06,0.61,36
1/18/2025 16:00,avenue41_to_harrisln,NB,0.02,0.58,37.1
1/18/2025 17:00,avenue41_to_harrisln,NB,0.04,0.6,35.8
1/18/2025 18:00,avenue41_to_harrisln,NB,0.03,0.59,36.2
1/18/2025 19:00,avenue41_to_harrisln,NB,0.04,0.61,35.3
1/18/2025 20:00,avenue41_to_harrisln,NB,0.02,0.57,38
1/18/2025 21:00,avenue41_to_harrisln,NB,0.02,0.58,36.8
1/18/2025 22:00,avenue41_to_harrisln,NB,0.04,0.57,38.3
1/18/2025 23:00,avenue41_to_harrisln,NB,0.01,0.53,40.6
1/19/2025 0:00,avenue41_to_harrisln,NB,0,0.48,44.3
1/19/2025 1:00,avenue41_to_harrisln,NB,0.02,0.54,39.8
1/19/2025 2:00,avenue41_to_harrisln,NB,0,0.45,47.1
1/19/2025 3:00,avenue41_to_harrisln,NB,0,0.48,44.8
1/19/2025 4:00,avenue41_to_harrisln,NB,0,0.49,43.4
1/19/2025 5:00,avenue41_to_harrisln,NB,0,0.51,42
1/19/2025 6:00,avenue41_to_harrisln,NB,0.02,0.54,40.1
1/19/2025 7:00,avenue41_to_harrisln,NB,0.03,0.54,40.3
1/19/2025 8:00,avenue41_to_harrisln,NB,0.06,0.56,38.7
1/19/2025 9:00,avenue41_to_harrisln,NB,0.02,0.55,39.6
1/19/2025 10:00,avenue41_to_harrisln,NB,0.03,0.57,38.1
1/19/2025 11:00,avenue41_to_harrisln,NB,0.04,0.59,36.4
1/19/2025 12:00,avenue41_to_harrisln,NB,0.01,0.55,38.7
1/19/2025 13:00,avenue41_to_harrisln,NB,0.02,0.58,37.3
1/19/2025 14:00,avenue41_to_harrisln,NB,0.02,0.58,37
1/19/2025 15:00,avenue41_to_harrisln,NB,0.01,0.6,36
1/19/2025 16:00,avenue41_to_harrisln,NB,0.02,0.55,39
1/19/2025 17:00,avenue41_to_harrisln,NB,0.05,0.61,35.6
1/19/2025 18:00,avenue41_to_harrisln,NB,0.03,0.56,38.4
1/19/2025 19:00,avenue41_to_harrisln,NB,0.03,0.57,38.1
1/19/2025 20:00,avenue41_to_harrisln,NB,0,0.53,40.4
1/19/2025 21:00,avenue41_to_harrisln,NB,0,0.49,44.2
1/19/2025 22:00,avenue41_to_harrisln,NB,0.01,0.49,44.4
1/19/2025 23:00,avenue41_to_harrisln,NB,0,0.54,39.6
1/20/2025 0:00,avenue41_to_harrisln,NB,0,0.5,43
1/20/2025 1:00,avenue41_to_harrisln,NB,0,0.49,43.4
1/20/2025 2:00,avenue41_to_harrisln,NB,0,0.54,39.8
1/20/2025 3:00,avenue41_to_harrisln,NB,0,0.47,45.6
1/20/2025 4:00,avenue41_to_harrisln,NB,0,0.48,45.2
1/20/2025 5:00,avenue41_to_harrisln,NB,0,0.48,44.7
1/20/2025 6:00,avenue41_to_harrisln,NB,0,0.5,42.7
1/20/2025 7:00,avenue41_to_harrisln,NB,0.05,0.57,38.6
1/20/2025 8:00,avenue41_to_harrisln,NB,0.06,0.6,35.9
1/20/2025 9:00,avenue41_to_harrisln,NB,0.05,0.63,34.3
1/20/2025 10:00,avenue41_to_harrisln,NB,0.03,0.6,36
1/20/2025 11:00,avenue41_to_harrisln,NB,0.04,0.62,35
1/20/2025 12:00,avenue41_to_harrisln,NB,0.1,0.66,32.7
1/20/2025 13:00,avenue41_to_harrisln,NB,0.03,0.58,36.9
1/20/2025 14:00,avenue41_to_harrisln,NB,0.05,0.62,34.5
1/20/2025 15:00,avenue41_to_harrisln,NB,0.07,0.64,33.7
1/20/2025 16:00,avenue41_to_harrisln,NB,0.01,0.56,38.4
1/20/2025 17:00,avenue41_to_harrisln,NB,0.05,0.6,36.3
1/20/2025 18:00,avenue41_to_harrisln,NB,0.04,0.6,36.2
1/20/2025 19:00,avenue41_to_harrisln,NB,0.01,0.56,38.3
1/20/2025 20:00,avenue41_to_harrisln,NB,0.01,0.56,38.9
1/20/2025 21:00,avenue41_to_harrisln,NB,0.07,0.58,37.2
1/20/2025 22:00,avenue41_to_harrisln,NB,0.04,0.58,37.2
1/20/2025 23:00,avenue41_to_harrisln,NB,0.01,0.51,41.7
1/21/2025 0:00,avenue41_to_harrisln,NB,0,0.54,39.7
1/21/2025 1:00,avenue41_to_harrisln,NB,0.02,0.52,41.4
1/21/2025 2:00,avenue41_to_harrisln,NB,0,0.47,45.7
1/21/2025 3:00,avenue41_to_harrisln,NB,0,0.45,47.2
1/21/2025 4:00,avenue41_to_harrisln,NB,0,0.48,45.1
1/21/2025 5:00,avenue41_to_harrisln,NB,0,0.49,43.8
1/21/2025 6:00,avenue41_to_harrisln,NB,0.03,0.54,39.9
1/21/2025 7:00,avenue41_to_harrisln,NB,0.12,0.63,35.1
1/21/2025 8:00,avenue41_to_harrisln,NB,0.1,0.65,33.7
1/21/2025 9:00,avenue41_to_harrisln,NB,0.06,0.63,34.1
1/21/2025 10:00,avenue41_to_harrisln,NB,0.04,0.61,35.4
1/21/2025 11:00,avenue41_to_harrisln,NB,0.12,0.68,31.8
1/21/2025 12:00,avenue41_to_harrisln,NB,0.09,0.66,32.7
1/21/2025 13:00,avenue41_to_harrisln,NB,0.11,0.68,32
1/21/2025 14:00,avenue41_to_harrisln,NB,0.19,0.76,29.3
1/21/2025 15:00,avenue41_to_harrisln,NB,0.54,1.11,20.5
1/21/2025 16:00,avenue41_to_harrisln,NB,0.13,0.7,30.6
1/21/2025 17:00,avenue41_to_harrisln,NB,0.09,0.65,33.4
1/21/2025 18:00,avenue41_to_harrisln,NB,0.02,0.57,38
1/21/2025 19:00,avenue41_to_harrisln,NB,0.04,0.59,37.1
1/21/2025 20:00,avenue41_to_harrisln,NB,0.04,0.57,37.9
1/21/2025 21:00,avenue41_to_harrisln,NB,0.01,0.54,40
1/21/2025 22:00,avenue41_to_harrisln,NB,0,0.49,43.8
1/21/2025 23:00,avenue41_to_harrisln,NB,0,0.48,44.7
1/22/2025 0:00,avenue41_to_harrisln,NB,0,0.45,47.4
1/22/2025 1:00,avenue41_to_harrisln,NB,0,0.49,44.1
1/22/2025 2:00,avenue41_to_harrisln,NB,0,0.47,46
1/22/2025 3:00,avenue41_to_harrisln,NB,0.02,0.53,40.6
1/22/2025 4:00,avenue41_to_harrisln,NB,0,0.45,48.3
1/22/2025 5:00,avenue41_to_harrisln,NB,0.01,0.49,43.8
1/22/2025 6:00,avenue41_to_harrisln,NB,0.02,0.52,41.3
1/22/2025 7:00,avenue41_to_harrisln,NB,0.1,0.63,34.9
1/22/2025 8:00,avenue41_to_harrisln,NB,0.08,0.62,35.1
1/22/2025 9:00,avenue41_to_harrisln,NB,0.03,0.58,36.9
1/22/2025 10:00,avenue41_to_harrisln,NB,0.05,0.61,35.5
1/22/2025 11:00,avenue41_to_harrisln,NB,0.04,0.6,36.1
1/22/2025 12:00,avenue41_to_harrisln,NB,0.07,0.63,34.3
1/22/2025 13:00,avenue41_to_harrisln,NB,0.04,0.61,35.3
1/22/2025 14:00,avenue41_to_harrisln,NB,0.15,0.73,29.8
1/22/2025 15:00,avenue41_to_harrisln,NB,0.23,0.81,27
1/22/2025 16:00,avenue41_to_harrisln,NB,0.13,0.69,31.6
1/22/2025 17:00,avenue41_to_harrisln,NB,0.09,0.66,33
1/22/2025 18:00,avenue41_to_harrisln,NB,0.05,0.61,35.4
1/22/2025 19:00,avenue41_to_harrisln,NB,0.01,0.52,42
1/22/2025 20:00,avenue41_to_harrisln,NB,0.03,0.59,36.9
1/22/2025 21:00,avenue41_to_harrisln,NB,0.03,0.53,40.9
1/22/2025 22:00,avenue41_to_harrisln,NB,0.01,0.52,41.2
1/22/2025 23:00,avenue41_to_harrisln,NB,0.07,0.6,36.3
1/23/2025 0:00,avenue41_to_harrisln,NB,0.02,0.55,38.9
1/23/2025 1:00,avenue41_to_harrisln,NB,0.01,0.54,40.1
1/23/2025 2:00,avenue41_to_harrisln,NB,0,0.45,47.8
1/23/2025 3:00,avenue41_to_harrisln,NB,0,0.44,48.3
1/23/2025 4:00,avenue41_to_harrisln,NB,0,0.46,47
1/23/2025 5:00,avenue41_to_harrisln,NB,0,0.48,45.1
1/23/2025 6:00,avenue41_to_harrisln,NB,0.05,0.57,38.5
1/23/2025 7:00,avenue41_to_harrisln,NB,0.07,0.61,35.9
1/23/2025 8:00,avenue41_to_harrisln,NB,0.12,0.67,32.3
1/23/2025 9:00,avenue41_to_harrisln,NB,0.03,0.61,35.5
1/23/2025 10:00,avenue41_to_harrisln,NB,0.12,0.69,31.4
1/23/2025 11:00,avenue41_to_harrisln,NB,0.2,0.75,31.9
1/23/2025 12:00,avenue41_to_harrisln,NB,0.1,0.66,32.8
1/23/2025 13:00,avenue41_to_harrisln,NB,0.07,0.65,33.6
1/23/2025 14:00,avenue41_to_harrisln,NB,0.14,0.73,29.8
1/23/2025 15:00,avenue41_to_harrisln,NB,0.24,0.8,27.1
1/23/2025 16:00,avenue41_to_harrisln,NB,0.17,0.75,29.3
1/23/2025 17:00,avenue41_to_harrisln,NB,0.2,0.77,28.8
1/23/2025 18:00,avenue41_to_harrisln,NB,0.03,0.57,37.8
1/23/2025 19:00,avenue41_to_harrisln,NB,0.05,0.59,36.8
1/23/2025 20:00,avenue41_to_harrisln,NB,0.03,0.57,38.1
1/23/2025 21:00,avenue41_to_harrisln,NB,0.01,0.53,40.7
1/23/2025 22:00,avenue41_to_harrisln,NB,0.02,0.48,45.5
1/23/2025 23:00,avenue41_to_harrisln,NB,0.05,0.56,38.8
1/24/2025 0:00,avenue41_to_harrisln,NB,0,0.47,46
1/24/2025 1:00,avenue41_to_harrisln,NB,0,0.47,45.2
1/24/2025 2:00,avenue41_to_harrisln,NB,0,0.44,48.4
1/24/2025 3:00,avenue41_to_harrisln,NB,0,0.48,44.4
1/24/2025 4:00,avenue41_to_harrisln,NB,0,0.45,48.1
1/24/2025 5:00,avenue41_to_harrisln,NB,0.01,0.54,40.4
1/24/2025 6:00,avenue41_to_harrisln,NB,0.07,0.6,36.7
1/24/2025 7:00,avenue41_to_harrisln,NB,0.1,0.64,34.1
1/24/2025 8:00,avenue41_to_harrisln,NB,0.07,0.62,34.5
1/24/2025 9:00,avenue41_to_harrisln,NB,0.04,0.59,36.2
1/24/2025 10:00,avenue41_to_harrisln,NB,0.04,0.59,36.6
1/24/2025 11:00,avenue41_to_harrisln,NB,0.05,0.61,35.6
1/24/2025 12:00,avenue41_to_harrisln,NB,0.09,0.66,33
1/24/2025 13:00,avenue41_to_harrisln,NB,0.23,0.79,28.7
1/24/2025 14:00,avenue41_to_harrisln,NB,0.15,0.74,30.1
1/24/2025 15:00,avenue41_to_harrisln,NB,0.26,0.84,26.4
1/24/2025 16:00,avenue41_to_harrisln,NB,0.13,0.7,30.7
1/24/2025 17:00,avenue41_to_harrisln,NB,0.13,0.69,31.5
1/24/2025 18:00,avenue41_to_harrisln,NB,0.05,0.61,35.6
1/24/2025 19:00,avenue41_to_harrisln,NB,0.05,0.62,34.8
1/24/2025 20:00,avenue41_to_harrisln,NB,0.01,0.57,37.8
1/24/2025 21:00,avenue41_to_harrisln,NB,0.02,0.57,37.9
1/24/2025 22:00,avenue41_to_harrisln,NB,0.03,0.55,39.4
1/24/2025 23:00,avenue41_to_harrisln,NB,0.01,0.5,43.3
1/25/2025 0:00,avenue41_to_harrisln,NB,0.05,0.56,38.7
1/25/2025 1:00,avenue41_to_harrisln,NB,0,0.52,41.7
1/25/2025 2:00,avenue41_to_harrisln,NB,0,0.44,48.9
1/25/2025 3:00,avenue41_to_harrisln,NB,0,0.5,42.5
1/25/2025 4:00,avenue41_to_harrisln,NB,0,0.48,44.6
1/25/2025 5:00,avenue41_to_harrisln,NB,0,0.44,48.5
1/25/2025 6:00,avenue41_to_harrisln,NB,0.03,0.54,40.6
1/25/2025 7:00,avenue41_to_harrisln,NB,0.01,0.5,42.7
1/25/2025 8:00,avenue41_to_harrisln,NB,0.03,0.56,38.5
1/25/2025 9:00,avenue41_to_harrisln,NB,0.05,0.59,36.4
1/25/2025 10:00,avenue41_to_harrisln,NB,0.04,0.58,37.1
1/25/2025 11:00,avenue41_to_harrisln,NB,0.04,0.59,36.9
1/25/2025 12:00,avenue41_to_harrisln,NB,0.07,0.63,34.5
1/25/2025 13:00,avenue41_to_harrisln,NB,0.03,0.59,36.3
1/25/2025 14:00,avenue41_to_harrisln,NB,0.02,0.58,36.9
1/25/2025 15:00,avenue41_to_harrisln,NB,0.04,0.6,36
1/25/2025 16:00,avenue41_to_harrisln,NB,0.01,0.59,36.6
1/25/2025 17:00,avenue41_to_harrisln,NB,0.02,0.57,37.5
1/25/2025 18:00,avenue41_to_harrisln,NB,0.03,0.57,38.1
1/25/2025 19:00,avenue41_to_harrisln,NB,0.01,0.56,38.7
1/25/2025 20:00,avenue41_to_harrisln,NB,0.02,0.55,39.3
1/25/2025 21:00,avenue41_to_harrisln,NB,0,0.52,41.1
1/25/2025 22:00,avenue41_to_harrisln,NB,0,0.51,41.8
1/25/2025 23:00,avenue41_to_harrisln,NB,0.02,0.56,38.8
1/26/2025 0:00,avenue41_to_harrisln,NB,0,0.49,44.1
1/26/2025 1:00,avenue41_to_harrisln,NB,0,0.46,46.1
1/26/2025 2:00,avenue41_to_harrisln,NB,0,0.46,46.8
1/26/2025 3:00,avenue41_to_harrisln,NB,0,0.46,47
1/26/2025 4:00,avenue41_to_harrisln,NB,0,0.51,42.2
1/26/2025 5:00,avenue41_to_harrisln,NB,0,0.45,47.7
1/26/2025 6:00,avenue41_to_harrisln,NB,0,0.51,41.9
1/26/2025 7:00,avenue41_to_harrisln,NB,0.01,0.5,43.2
1/26/2025 8:00,avenue41_to_harrisln,NB,0.03,0.54,40.4
1/26/2025 9:00,avenue41_to_harrisln,NB,0.02,0.55,39.4
1/26/2025 10:00,avenue41_to_harrisln,NB,0.03,0.57,38
1/26/2025 11:00,avenue41_to_harrisln,NB,0.03,0.58,37.2
1/26/2025 12:00,avenue41_to_harrisln,NB,0.01,0.55,39.3
1/26/2025 13:00,avenue41_to_harrisln,NB,0.02,0.55,39.1
1/26/2025 14:00,avenue41_to_harrisln,NB,0.05,0.6,36.2
1/26/2025 15:00,avenue41_to_harrisln,NB,0,0.53,40.1
1/26/2025 16:00,avenue41_to_harrisln,NB,0.02,0.57,38
1/26/2025 17:00,avenue41_to_harrisln,NB,0.08,0.62,35.4
1/26/2025 18:00,avenue41_to_harrisln,NB,0.03,0.56,38.7
1/26/2025 19:00,avenue41_to_harrisln,NB,0.02,0.55,38.8
1/26/2025 20:00,avenue41_to_harrisln,NB,0.05,0.56,38.7
1/26/2025 21:00,avenue41_to_harrisln,NB,0.03,0.54,40
1/26/2025 22:00,avenue41_to_harrisln,NB,0.03,0.54,40.4
1/26/2025 23:00,avenue41_to_harrisln,NB,0.04,0.52,41.7
1/27/2025 0:00,avenue41_to_harrisln,NB,0.1,0.63,35.4
1/27/2025 1:00,avenue41_to_harrisln,NB,0,0.45,47.2
1/27/2025 2:00,avenue41_to_harrisln,NB,0.01,0.49,44.1
1/27/2025 3:00,avenue41_to_harrisln,NB,0,0.49,43.8
1/27/2025 4:00,avenue41_to_harrisln,NB,0,0.47,45.5
1/27/2025 5:00,avenue41_to_harrisln,NB,0,0.49,43.6
1/27/2025 6:00,avenue41_to_harrisln,NB,0,0.53,40.4
1/27/2025 7:00,avenue41_to_harrisln,NB,0.08,0.63,34.6
1/27/2025 8:00,avenue41_to_harrisln,NB,0.04,0.59,37.1
1/27/2025 9:00,avenue41_to_harrisln,NB,0.08,0.64,34.9
1/27/2025 10:00,avenue41_to_harrisln,NB,0.05,0.62,34.6
1/27/2025 11:00,avenue41_to_harrisln,NB,0.07,0.63,34.7
1/27/2025 12:00,avenue41_to_harrisln,NB,0.05,0.61,35.2
1/27/2025 13:00,avenue41_to_harrisln,NB,0.11,0.68,32.4
1/27/2025 14:00,avenue41_to_harrisln,NB,0.14,0.73,30.1
1/27/2025 15:00,avenue41_to_harrisln,NB,0.17,0.75,29.2
1/27/2025 16:00,avenue41_to_harrisln,NB,0.18,0.76,28.6
1/27/2025 17:00,avenue41_to_harrisln,NB,0.07,0.64,33.7
1/27/2025 18:00,avenue41_to_harrisln,NB,0.04,0.56,38.9
1/27/2025 19:00,avenue41_to_harrisln,NB,0.01,0.54,39.6
1/27/2025 20:00,avenue41_to_harrisln,NB,0.04,0.55,39.4
1/27/2025 21:00,avenue41_to_harrisln,NB,0,0.51,42.4
1/27/2025 22:00,avenue41_to_harrisln,NB,0.02,0.52,41.4
1/27/2025 23:00,avenue41_to_harrisln,NB,0.04,0.52,42.1
1/28/2025 0:00,avenue41_to_harrisln,NB,0,0.47,45.4
1/28/2025 1:00,avenue41_to_harrisln,NB,0,0.47,45.9
1/28/2025 2:00,avenue41_to_harrisln,NB,0.02,0.53,41.9
1/28/2025 3:00,avenue41_to_harrisln,NB,0,0.45,47.8
1/28/2025 4:00,avenue41_to_harrisln,NB,0.01,0.47,45.8
1/28/2025 5:00,avenue41_to_harrisln,NB,0,0.47,45.3
1/28/2025 6:00,avenue41_to_harrisln,NB,0.02,0.54,40.3
1/28/2025 7:00,avenue41_to_harrisln,NB,0.07,0.59,36.4
1/28/2025 8:00,avenue41_to_harrisln,NB,0.08,0.63,34.2
1/28/2025 9:00,avenue41_to_harrisln,NB,0.03,0.57,38.1
1/28/2025 10:00,avenue41_to_harrisln,NB,0.03,0.57,37.8
1/28/2025 11:00,avenue41_to_harrisln,NB,0.05,0.61,35.4
1/28/2025 12:00,avenue41_to_harrisln,NB,0.07,0.65,33.4
1/28/2025 13:00,avenue41_to_harrisln,NB,0.06,0.62,34.5
1/28/2025 14:00,avenue41_to_harrisln,NB,0.26,0.83,28.1
1/28/2025 15:00,avenue41_to_harrisln,NB,0.49,1.07,21.9
1/28/2025 16:00,avenue41_to_harrisln,NB,0.27,0.85,25.8
1/28/2025 17:00,avenue41_to_harrisln,NB,0.13,0.71,30.3
1/28/2025 18:00,avenue41_to_harrisln,NB,0.01,0.55,38.8
1/28/2025 19:00,avenue41_to_harrisln,NB,0.07,0.58,37.9
1/28/2025 20:00,avenue41_to_harrisln,NB,0.05,0.59,37.1
1/28/2025 21:00,avenue41_to_harrisln,NB,0.01,0.52,41.2
1/28/2025 22:00,avenue41_to_harrisln,NB,0.01,0.48,44.5
1/28/2025 23:00,avenue41_to_harrisln,NB,0,0.48,44.7
1/29/2025 0:00,avenue41_to_harrisln,NB,0,0.5,42.9
1/29/2025 1:00,avenue41_to_harrisln,NB,0,0.5,43.1
1/29/2025 2:00,avenue41_to_harrisln,NB,0.01,0.56,39.2
1/29/2025 3:00,avenue41_to_harrisln,NB,0,0.47,45.7
1/29/2025 4:00,avenue41_to_harrisln,NB,0,0.46,46.1
1/29/2025 5:00,avenue41_to_harrisln,NB,0.04,0.54,40.6
1/29/2025 6:00,avenue41_to_harrisln,NB,0.05,0.56,38.3
1/29/2025 7:00,avenue41_to_harrisln,NB,0.05,0.58,37.2
1/29/2025 8:00,avenue41_to_harrisln,NB,0.04,0.6,35.8
1/29/2025 9:00,avenue41_to_harrisln,NB,0.08,0.64,33.6
1/29/2025 10:00,avenue41_to_harrisln,NB,0.09,0.65,33.4
1/29/2025 11:00,avenue41_to_harrisln,NB,0.06,0.62,35
1/29/2025 12:00,avenue41_to_harrisln,NB,0.06,0.63,34
1/29/2025 13:00,avenue41_to_harrisln,NB,0.11,0.66,33.2
1/29/2025 14:00,avenue41_to_harrisln,NB,0.12,0.69,31.7
1/29/2025 15:00,avenue41_to_harrisln,NB,0.25,0.81,26.9
1/29/2025 16:00,avenue41_to_harrisln,NB,0.1,0.68,31.8
1/29/2025 17:00,avenue41_to_harrisln,NB,0.13,0.72,30.1
1/29/2025 18:00,avenue41_to_harrisln,NB,0.06,0.62,34.9
1/29/2025 19:00,avenue41_to_harrisln,NB,0.03,0.58,37.2
1/29/2025 20:00,avenue41_to_harrisln,NB,0.03,0.56,38.3
1/29/2025 21:00,avenue41_to_harrisln,NB,0.03,0.54,40.2
1/29/2025 22:00,avenue41_to_harrisln,NB,0.04,0.56,38.6
1/29/2025 23:00,avenue41_to_harrisln,NB,0.04,0.58,37.5
1/30/2025 0:00,avenue41_to_harrisln,NB,0,0.47,45.8
1/30/2025 1:00,avenue41_to_harrisln,NB,0,0.49,43.5
1/30/2025 2:00,avenue41_to_harrisln,NB,0,0.52,41.9
1/30/2025 3:00,avenue41_to_harrisln,NB,0,0.45,47.8
1/30/2025 4:00,avenue41_to_harrisln,NB,0,0.47,46.1
1/30/2025 5:00,avenue41_to_harrisln,NB,0,0.5,43.5
1/30/2025 6:00,avenue41_to_harrisln,NB,0.06,0.56,39.1
1/30/2025 7:00,avenue41_to_harrisln,NB,0.07,0.6,35.9
1/30/2025 8:00,avenue41_to_harrisln,NB,0.06,0.6,36
1/30/2025 9:00,avenue41_to_harrisln,NB,0.04,0.6,36.1
1/30/2025 10:00,avenue41_to_harrisln,NB,0.07,0.61,36.7
1/30/2025 11:00,avenue41_to_harrisln,NB,0.08,0.65,33.2
1/30/2025 12:00,avenue41_to_harrisln,NB,0.05,0.61,35.6
1/30/2025 13:00,avenue41_to_harrisln,NB,0.08,0.64,33.5
1/30/2025 14:00,avenue41_to_harrisln,NB,0.24,0.81,27.5
1/30/2025 15:00,avenue41_to_harrisln,NB,0.53,1.11,21.7
1/30/2025 16:00,avenue41_to_harrisln,NB,0.19,0.76,28.4
1/30/2025 17:00,avenue41_to_harrisln,NB,0.14,0.7,31.3
1/30/2025 18:00,avenue41_to_harrisln,NB,0.02,0.56,38.6
1/30/2025 19:00,avenue41_to_harrisln,NB,0.06,0.62,35.3
1/30/2025 20:00,avenue41_to_harrisln,NB,0.07,0.63,34.3
1/30/2025 21:00,avenue41_to_harrisln,NB,0.02,0.51,42
1/30/2025 22:00,avenue41_to_harrisln,NB,0,0.48,44.5
1/30/2025 23:00,avenue41_to_harrisln,NB,0,0.52,41.2
1/31/2025 0:00,avenue41_to_harrisln,NB,0,0.46,46.3
1/31/2025 1:00,avenue41_to_harrisln,NB,0,0.53,40.9
1/31/2025 2:00,avenue41_to_harrisln,NB,0.02,0.55,39.8
1/31/2025 3:00,avenue41_to_harrisln,NB,0,0.48,44.9
1/31/2025 4:00,avenue41_to_harrisln,NB,0,0.45,47.5
1/31/2025 5:00,avenue41_to_harrisln,NB,0,0.5,43.4
1/31/2025 6:00,avenue41_to_harrisln,NB,0.06,0.6,36.3
1/31/2025 7:00,avenue41_to_harrisln,NB,0.06,0.59,36.9
1/31/2025 8:00,avenue41_to_harrisln,NB,0.1,0.65,33.5
1/31/2025 9:00,avenue41_to_harrisln,NB,0.1,0.64,34.2
1/31/2025 10:00,avenue41_to_harrisln,NB,0.04,0.61,35.3
1/31/2025 11:00,avenue41_to_harrisln,NB,0.07,0.63,34.4
1/31/2025 12:00,avenue41_to_harrisln,NB,0.16,0.72,31.1
1/31/2025 13:00,avenue41_to_harrisln,NB,0.07,0.64,33.9
1/31/2025 14:00,avenue41_to_harrisln,NB,0.28,0.85,26.2
1/31/2025 15:00,avenue41_to_harrisln,NB,0.38,0.94,24.4
1/31/2025 16:00,avenue41_to_harrisln,NB,0.3,0.87,25.8
1/31/2025 17:00,avenue41_to_harrisln,NB,0.08,0.64,34
1/31/2025 18:00,avenue41_to_harrisln,NB,0.06,0.61,35.1
1/31/2025 19:00,avenue41_to_harrisln,NB,0.02,0.56,38.3
1/31/2025 20:00,avenue41_to_harrisln,NB,0.07,0.6,36.6
1/31/2025 21:00,avenue41_to_harrisln,NB,0.04,0.55,39.6
1/31/2025 22:00,avenue41_to_harrisln,NB,0.01,0.53,40.8
1/31/2025 23:00,avenue41_to_harrisln,NB,0.01,0.52,41.8
2/1/2025 0:00,avenue41_to_harrisln,NB,0,0.49,44
2/1/2025 1:00,avenue41_to_harrisln,NB,0,0.49,44.2
2/1/2025 2:00,avenue41_to_harrisln,NB,0,0.5,42.9
2/1/2025 3:00,avenue41_to_harrisln,NB,0,0.51,42.1
2/1/2025 4:00,avenue41_to_harrisln,NB,0,0.53,40.8
2/1/2025 5:00,avenue41_to_harrisln,NB,0.03,0.54,39.6
2/1/2025 6:00,avenue41_to_harrisln,NB,0,0.46,46.4
2/1/2025 7:00,avenue41_to_harrisln,NB,0.01,0.54,40
2/1/2025 8:00,avenue41_to_harrisln,NB,0.01,0.52,41.1
2/1/2025 9:00,avenue41_to_harrisln,NB,0.02,0.55,39
2/1/2025 10:00,avenue41_to_harrisln,NB,0.08,0.61,35.8
2/1/2025 11:00,avenue41_to_harrisln,NB,0.06,0.6,36.2
2/1/2025 12:00,avenue41_to_harrisln,NB,0.04,0.59,36.7
2/1/2025 13:00,avenue41_to_harrisln,NB,0.02,0.57,37.8
2/1/2025 14:00,avenue41_to_harrisln,NB,0.03,0.6,36.1
2/1/2025 15:00,avenue41_to_harrisln,NB,0.02,0.58,36.7
2/1/2025 16:00,avenue41_to_harrisln,NB,0.04,0.58,37.2
2/1/2025 17:00,avenue41_to_harrisln,NB,0.05,0.62,34.6
2/1/2025 18:00,avenue41_to_harrisln,NB,0.04,0.59,36.9
2/1/2025 19:00,avenue41_to_harrisln,NB,0.03,0.59,36.8
2/1/2025 20:00,avenue41_to_harrisln,NB,0.03,0.55,38.8
2/1/2025 21:00,avenue41_to_harrisln,NB,0.07,0.58,37.5
2/1/2025 22:00,avenue41_to_harrisln,NB,0,0.49,43.4
2/1/2025 23:00,avenue41_to_harrisln,NB,0,0.51,42.2
2/2/2025 0:00,avenue41_to_harrisln,NB,0.01,0.51,42.1
2/2/2025 1:00,avenue41_to_harrisln,NB,0.01,0.5,43.3
2/2/2025 2:00,avenue41_to_harrisln,NB,0,0.48,45.5
2/2/2025 3:00,avenue41_to_harrisln,NB,0,0.51,42.6
2/2/2025 4:00,avenue41_to_harrisln,NB,0,0.48,45.2
2/2/2025 5:00,avenue41_to_harrisln,NB,0.02,0.5,44
2/2/2025 6:00,avenue41_to_harrisln,NB,0.01,0.53,40.8
2/2/2025 7:00,avenue41_to_harrisln,NB,0.05,0.56,39.1
2/2/2025 8:00,avenue41_to_harrisln,NB,0.03,0.53,40.7
2/2/2025 9:00,avenue41_to_harrisln,NB,0.07,0.61,35.6
2/2/2025 10:00,avenue41_to_harrisln,NB,0.01,0.54,39.9
2/2/2025 11:00,avenue41_to_harrisln,NB,0.01,0.57,37.8
2/2/2025 12:00,avenue41_to_harrisln,NB,0.01,0.55,39.3
2/2/2025 13:00,avenue41_to_harrisln,NB,0.06,0.6,36
2/2/2025 14:00,avenue41_to_harrisln,NB,0.02,0.56,38.2
2/2/2025 15:00,avenue41_to_harrisln,NB,0.02,0.56,38.5
2/2/2025 16:00,avenue41_to_harrisln,NB,0.01,0.54,39.7
2/2/2025 17:00,avenue41_to_harrisln,NB,0.03,0.59,36.5
2/2/2025 18:00,avenue41_to_harrisln,NB,0,0.53,40.5
2/2/2025 19:00,avenue41_to_harrisln,NB,0,0.54,40.1
2/2/2025 20:00,avenue41_to_harrisln,NB,0.03,0.55,39.5
2/2/2025 21:00,avenue41_to_harrisln,NB,0.01,0.54,40
2/2/2025 22:00,avenue41_to_harrisln,NB,0,0.49,44
2/2/2025 23:00,avenue41_to_harrisln,NB,0.04,0.55,40
2/3/2025 0:00,avenue41_to_harrisln,NB,0.02,0.5,43.5
2/3/2025 1:00,avenue41_to_harrisln,NB,0,0.49,44.1
2/3/2025 2:00,avenue41_to_harrisln,NB,0,0.45,47.3
2/3/2025 3:00,avenue41_to_harrisln,NB,0,0.43,50
2/3/2025 4:00,avenue41_to_harrisln,NB,0,0.45,47.7
2/3/2025 5:00,avenue41_to_harrisln,NB,0,0.48,45
2/3/2025 6:00,avenue41_to_harrisln,NB,0.06,0.56,38.3
2/3/2025 7:00,avenue41_to_harrisln,NB,0.08,0.62,35.2
2/3/2025 8:00,avenue41_to_harrisln,NB,0.09,0.63,34.5
2/3/2025 9:00,avenue41_to_harrisln,NB,0.09,0.66,33.3
2/3/2025 10:00,avenue41_to_harrisln,NB,0.04,0.58,37.3
2/3/2025 11:00,avenue41_to_harrisln,NB,0.02,0.58,37.1
2/3/2025 12:00,avenue41_to_harrisln,NB,0.08,0.64,34.1
2/3/2025 13:00,avenue41_to_harrisln,NB,0.03,0.6,35.8
2/3/2025 14:00,avenue41_to_harrisln,NB,0.14,0.71,31
2/3/2025 15:00,avenue41_to_harrisln,NB,0.28,0.86,25.9
2/3/2025 16:00,avenue41_to_harrisln,NB,0.14,0.71,30.9
2/3/2025 17:00,avenue41_to_harrisln,NB,0.15,0.72,30.7
2/3/2025 18:00,avenue41_to_harrisln,NB,0.04,0.59,36.3
2/3/2025 19:00,avenue41_to_harrisln,NB,0.07,0.62,34.8
2/3/2025 20:00,avenue41_to_harrisln,NB,0.03,0.56,38.3
2/3/2025 21:00,avenue41_to_harrisln,NB,0.05,0.61,36.1
2/3/2025 22:00,avenue41_to_harrisln,NB,0.01,0.52,42.3
2/3/2025 23:00,avenue41_to_harrisln,NB,0,0.44,49
2/4/2025 0:00,avenue41_to_harrisln,NB,0,0.48,45.8
2/4/2025 1:00,avenue41_to_harrisln,NB,0,0.46,46.2
2/4/2025 2:00,avenue41_to_harrisln,NB,0,0.48,44.2
2/4/2025 3:00,avenue41_to_harrisln,NB,0,0.48,44.2
2/4/2025 4:00,avenue41_to_harrisln,NB,0,0.48,44.6
2/4/2025 5:00,avenue41_to_harrisln,NB,0.02,0.49,43.5
2/4/2025 6:00,avenue41_to_harrisln,NB,0.01,0.5,43
2/4/2025 7:00,avenue41_to_harrisln,NB,0.05,0.59,36.8
2/4/2025 8:00,avenue41_to_harrisln,NB,0.1,0.64,33.8
2/4/2025 9:00,avenue41_to_harrisln,NB,0.1,0.64,34.4
2/4/2025 10:00,avenue41_to_harrisln,NB,0.08,0.65,33.4
2/4/2025 11:00,avenue41_to_harrisln,NB,0.06,0.63,34.5
2/4/2025 12:00,avenue41_to_harrisln,NB,0.08,0.62,34.8
2/4/2025 13:00,avenue41_to_harrisln,NB,0.07,0.63,34.6
2/4/2025 14:00,avenue41_to_harrisln,NB,0.41,0.96,24.3
2/4/2025 15:00,avenue41_to_harrisln,NB,0.45,1.01,22.3
2/4/2025 16:00,avenue41_to_harrisln,NB,0.31,0.88,26
2/4/2025 17:00,avenue41_to_harrisln,NB,0.19,0.76,28.8
2/4/2025 18:00,avenue41_to_harrisln,NB,0.08,0.63,35
2/4/2025 19:00,avenue41_to_harrisln,NB,0.06,0.59,38
2/4/2025 20:00,avenue41_to_harrisln,NB,0.02,0.58,36.8
2/4/2025 21:00,avenue41_to_harrisln,NB,0.01,0.51,41.8
2/4/2025 22:00,avenue41_to_harrisln,NB,0,0.52,41.3
2/4/2025 23:00,avenue41_to_harrisln,NB,0.02,0.57,38.2
2/5/2025 0:00,avenue41_to_harrisln,NB,0,0.52,41.6
2/5/2025 1:00,avenue41_to_harrisln,NB,0,0.46,46.7
2/5/2025 2:00,avenue41_to_harrisln,NB,0,0.49,43.3
2/5/2025 3:00,avenue41_to_harrisln,NB,0,0.47,46
2/5/2025 4:00,avenue41_to_harrisln,NB,0,0.48,44.8
2/5/2025 5:00,avenue41_to_harrisln,NB,0.02,0.55,39.6
2/5/2025 6:00,avenue41_to_harrisln,NB,0.02,0.53,40.6
2/5/2025 7:00,avenue41_to_harrisln,NB,0.09,0.63,34.5
2/5/2025 8:00,avenue41_to_harrisln,NB,0.13,0.69,32.1
2/5/2025 9:00,avenue41_to_harrisln,NB,0.06,0.61,35.7
2/5/2025 10:00,avenue41_to_harrisln,NB,0.06,0.6,36.3
2/5/2025 11:00,avenue41_to_harrisln,NB,0.08,0.64,33.6
2/5/2025 12:00,avenue41_to_harrisln,NB,0.22,0.78,30
2/5/2025 13:00,avenue41_to_harrisln,NB,0.1,0.66,33.2
2/5/2025 14:00,avenue41_to_harrisln,NB,0.12,0.68,31.5
2/5/2025 15:00,avenue41_to_harrisln,NB,0.25,0.83,26.3
2/5/2025 16:00,avenue41_to_harrisln,NB,0.14,0.71,30.3
2/5/2025 17:00,avenue41_to_harrisln,NB,0.12,0.69,31.6
2/5/2025 18:00,avenue41_to_harrisln,NB,0.05,0.6,36.1
2/5/2025 19:00,avenue41_to_harrisln,NB,0.07,0.61,36.1
2/5/2025 20:00,avenue41_to_harrisln,NB,0.03,0.54,40.3
2/5/2025 21:00,avenue41_to_harrisln,NB,0,0.52,41.5
2/5/2025 22:00,avenue41_to_harrisln,NB,0,0.5,43.3
2/5/2025 23:00,avenue41_to_harrisln,NB,0,0.49,43.9
2/6/2025 0:00,avenue41_to_harrisln,NB,0.01,0.5,44.1
2/6/2025 1:00,avenue41_to_harrisln,NB,0.01,0.53,40.9
2/6/2025 2:00,avenue41_to_harrisln,NB,0.01,0.54,40.2
2/6/2025 3:00,avenue41_to_harrisln,NB,0,0.47,45.8
2/6/2025 4:00,avenue41_to_harrisln,NB,0,0.47,45.2
2/6/2025 5:00,avenue41_to_harrisln,NB,0,0.47,46
2/6/2025 6:00,avenue41_to_harrisln,NB,0.02,0.52,41.4
2/6/2025 7:00,avenue41_to_harrisln,NB,0.03,0.56,38.7
2/6/2025 8:00,avenue41_to_harrisln,NB,0.05,0.59,36.6
2/6/2025 9:00,avenue41_to_harrisln,NB,0.06,0.62,34.5
2/6/2025 10:00,avenue41_to_harrisln,NB,0.06,0.64,33.7
2/6/2025 11:00,avenue41_to_harrisln,NB,0.05,0.62,34.7
2/6/2025 12:00,avenue41_to_harrisln,NB,0.14,0.73,30
2/6/2025 13:00,avenue41_to_harrisln,NB,0.81,1.41,20.7
2/6/2025 14:00,avenue41_to_harrisln,NB,0.24,0.83,26.9
2/6/2025 15:00,avenue41_to_harrisln,NB,0.95,1.54,14.4
2/6/2025 16:00,avenue41_to_harrisln,NB,0.18,0.76,29
2/6/2025 17:00,avenue41_to_harrisln,NB,0.14,0.7,30.9
2/6/2025 18:00,avenue41_to_harrisln,NB,0.06,0.62,34.7
2/6/2025 19:00,avenue41_to_harrisln,NB,0.04,0.59,36.6
2/6/2025 20:00,avenue41_to_harrisln,NB,0.02,0.56,38.8
2/6/2025 21:00,avenue41_to_harrisln,NB,0,0.51,42
2/6/2025 22:00,avenue41_to_harrisln,NB,0,0.52,41.6
2/6/2025 23:00,avenue41_to_harrisln,NB,0.04,0.59,37.2
2/7/2025 0:00,avenue41_to_harrisln,NB,0,0.53,40.4
2/7/2025 1:00,avenue41_to_harrisln,NB,0,0.51,42
2/7/2025 2:00,avenue41_to_harrisln,NB,0,0.49,43.4
2/7/2025 3:00,avenue41_to_harrisln,NB,0,0.53,40.7
2/7/2025 4:00,avenue41_to_harrisln,NB,0,0.46,46.1
2/7/2025 5:00,avenue41_to_harrisln,NB,0.03,0.5,44.2
2/7/2025 6:00,avenue41_to_harrisln,NB,0.07,0.58,38.3
2/7/2025 7:00,avenue41_to_harrisln,NB,0.13,0.66,32.6
2/7/2025 8:00,avenue41_to_harrisln,NB,0.15,0.71,30.8
2/7/2025 9:00,avenue41_to_harrisln,NB,0.04,0.6,35.9
2/7/2025 10:00,avenue41_to_harrisln,NB,0.07,0.63,34.4
2/7/2025 11:00,avenue41_to_harrisln,NB,0.12,0.69,31.4
2/7/2025 12:00,avenue41_to_harrisln,NB,0.16,0.72,30.5
2/7/2025 13:00,avenue41_to_harrisln,NB,0.11,0.67,32.2
2/7/2025 14:00,avenue41_to_harrisln,NB,0.17,0.75,29
2/7/2025 15:00,avenue41_to_harrisln,NB,0.27,0.84,26
2/7/2025 16:00,avenue41_to_harrisln,NB,0.17,0.74,29.4
2/7/2025 17:00,avenue41_to_harrisln,NB,0.17,0.74,29.7
2/7/2025 18:00,avenue41_to_harrisln,NB,0.04,0.61,35.5
2/7/2025 19:00,avenue41_to_harrisln,NB,0.06,0.59,36.2
2/7/2025 20:00,avenue41_to_harrisln,NB,0.02,0.56,38.4
2/7/2025 21:00,avenue41_to_harrisln,NB,0.01,0.53,40.1
2/7/2025 22:00,avenue41_to_harrisln,NB,0.06,0.59,37.1
2/7/2025 23:00,avenue41_to_harrisln,NB,0.01,0.52,41.4
2/8/2025 0:00,avenue41_to_harrisln,NB,0,0.49,43.7
2/8/2025 1:00,avenue41_to_harrisln,NB,0,0.47,45.7
2/8/2025 2:00,avenue41_to_harrisln,NB,0,0.46,46.5
2/8/2025 3:00,avenue41_to_harrisln,NB,0.01,0.48,45.2
2/8/2025 4:00,avenue41_to_harrisln,NB,0,0.5,42.6
2/8/2025 5:00,avenue41_to_harrisln,NB,0,0.45,48.4
2/8/2025 6:00,avenue41_to_harrisln,NB,0.02,0.5,43.1
2/8/2025 7:00,avenue41_to_harrisln,NB,0.01,0.5,43.6
2/8/2025 8:00,avenue41_to_harrisln,NB,0.06,0.6,36
2/8/2025 9:00,avenue41_to_harrisln,NB,0.05,0.59,36.8
2/8/2025 10:00,avenue41_to_harrisln,NB,0.03,0.61,35.2
2/8/2025 11:00,avenue41_to_harrisln,NB,0.04,0.61,35.1
2/8/2025 12:00,avenue41_to_harrisln,NB,0.06,0.63,34.3
2/8/2025 13:00,avenue41_to_harrisln,NB,0.04,0.61,35.5
2/8/2025 14:00,avenue41_to_harrisln,NB,0.05,0.61,35.6
2/8/2025 15:00,avenue41_to_harrisln,NB,0.04,0.62,35
2/8/2025 16:00,avenue41_to_harrisln,NB,0.05,0.6,36.2
2/8/2025 17:00,avenue41_to_harrisln,NB,0.05,0.6,36.1
2/8/2025 18:00,avenue41_to_harrisln,NB,0.04,0.6,36.2
2/8/2025 19:00,avenue41_to_harrisln,NB,0.03,0.55,39
2/8/2025 20:00,avenue41_to_harrisln,NB,0.01,0.56,38.3
2/8/2025 21:00,avenue41_to_harrisln,NB,0,0.52,41.4
2/8/2025 22:00,avenue41_to_harrisln,NB,0,0.51,41.8
2/8/2025 23:00,avenue41_to_harrisln,NB,0.02,0.54,39.9
2/9/2025 0:00,avenue41_to_harrisln,NB,0,0.5,42.9
2/9/2025 1:00,avenue41_to_harrisln,NB,0,0.49,43.6
2/9/2025 2:00,avenue41_to_harrisln,NB,0,0.5,42.8
2/9/2025 3:00,avenue41_to_harrisln,NB,0,0.52,41.6
2/9/2025 4:00,avenue41_to_harrisln,NB,0,0.46,46.2
2/9/2025 5:00,avenue41_to_harrisln,NB,0,0.46,46.4
2/9/2025 6:00,avenue41_to_harrisln,NB,0.02,0.51,42
2/9/2025 7:00,avenue41_to_harrisln,NB,0.05,0.56,39.1
2/9/2025 8:00,avenue41_to_harrisln,NB,0.04,0.55,39.9
2/9/2025 9:00,avenue41_to_harrisln,NB,0.04,0.58,37
2/9/2025 10:00,avenue41_to_harrisln,NB,0.04,0.59,36.7
2/9/2025 11:00,avenue41_to_harrisln,NB,0.01,0.55,39
2/9/2025 12:00,avenue41_to_harrisln,NB,0.06,0.6,36.3
2/9/2025 13:00,avenue41_to_harrisln,NB,0.04,0.58,37.2
2/9/2025 14:00,avenue41_to_harrisln,NB,0.03,0.59,36.7
2/9/2025 15:00,avenue41_to_harrisln,NB,0.05,0.6,36.2
2/9/2025 16:00,avenue41_to_harrisln,NB,0.01,0.54,39.5
2/9/2025 17:00,avenue41_to_harrisln,NB,0.02,0.57,38
2/9/2025 18:00,avenue41_to_harrisln,NB,0.01,0.53,40.7
2/9/2025 19:00,avenue41_to_harrisln,NB,0,0.54,39.4
2/9/2025 20:00,avenue41_to_harrisln,NB,0.04,0.57,37.7
2/9/2025 21:00,avenue41_to_harrisln,NB,0.01,0.53,40.4
2/9/2025 22:00,avenue41_to_harrisln,NB,0.03,0.53,40.6
2/9/2025 23:00,avenue41_to_harrisln,NB,0,0.45,47.6
2/10/2025 0:00,avenue41_to_harrisln,NB,0,0.48,44.9
2/10/2025 1:00,avenue41_to_harrisln,NB,0,0.46,46.6
2/10/2025 2:00,avenue41_to_harrisln,NB,0,0.47,46.1
2/10/2025 3:00,avenue41_to_harrisln,NB,0,0.47,45.7
2/10/2025 4:00,avenue41_to_harrisln,NB,0,0.44,48.5
2/10/2025 5:00,avenue41_to_harrisln,NB,0,0.52,41.3
2/10/2025 6:00,avenue41_to_harrisln,NB,0.03,0.53,41.1
2/10/2025 7:00,avenue41_to_harrisln,NB,0.05,0.58,36.9
2/10/2025 8:00,avenue41_to_harrisln,NB,0.09,0.65,33.4
2/10/2025 9:00,avenue41_to_harrisln,NB,0.09,0.66,32.9
2/10/2025 10:00,avenue41_to_harrisln,NB,1.64,2.23,18.7
2/10/2025 11:00,avenue41_to_harrisln,NB,0.33,0.9,28.8
2/10/2025 12:00,avenue41_to_harrisln,NB,0.08,0.64,33.6
2/10/2025 13:00,avenue41_to_harrisln,NB,0.11,0.66,32.6
2/10/2025 14:00,avenue41_to_harrisln,NB,0.09,0.66,32.9
2/10/2025 15:00,avenue41_to_harrisln,NB,0.15,0.71,30.3
2/10/2025 16:00,avenue41_to_harrisln,NB,0.16,0.72,30.5
2/10/2025 17:00,avenue41_to_harrisln,NB,0.1,0.64,33.8
2/10/2025 18:00,avenue41_to_harrisln,NB,0.02,0.56,38.2
2/10/2025 19:00,avenue41_to_harrisln,NB,0.13,0.65,34.5
2/10/2025 20:00,avenue41_to_harrisln,NB,0.03,0.57,37.8
2/10/2025 21:00,avenue41_to_harrisln,NB,0.02,0.54,40
2/10/2025 22:00,avenue41_to_harrisln,NB,0,0.51,41.9
2/10/2025 23:00,avenue41_to_harrisln,NB,0,0.48,44.8
2/11/2025 0:00,avenue41_to_harrisln,NB,0,0.45,48
2/11/2025 1:00,avenue41_to_harrisln,NB,0,0.51,42.7
2/11/2025 2:00,avenue41_to_harrisln,NB,0.01,0.58,37.5
2/11/2025 3:00,avenue41_to_harrisln,NB,0,0.5,42.9
2/11/2025 4:00,avenue41_to_harrisln,NB,0,0.52,41.5
2/11/2025 5:00,avenue41_to_harrisln,NB,0,0.49,43.7
2/11/2025 6:00,avenue41_to_harrisln,NB,0,0.51,42
2/11/2025 7:00,avenue41_to_harrisln,NB,0.05,0.58,37.3
2/11/2025 8:00,avenue41_to_harrisln,NB,0.08,0.63,34.3
2/11/2025 9:00,avenue41_to_harrisln,NB,0.07,0.62,35.3
2/11/2025 10:00,avenue41_to_harrisln,NB,0.07,0.61,35.4
2/11/2025 11:00,avenue41_to_harrisln,NB,0.08,0.63,34.4
2/11/2025 12:00,avenue41_to_harrisln,NB,0.09,0.66,32.7
2/11/2025 13:00,avenue41_to_harrisln,NB,0.07,0.62,34.7
2/11/2025 14:00,avenue41_to_harrisln,NB,0.17,0.74,30.2
2/11/2025 15:00,avenue41_to_harrisln,NB,0.61,1.18,19.2
2/11/2025 16:00,avenue41_to_harrisln,NB,0.19,0.75,28.6
2/11/2025 17:00,avenue41_to_harrisln,NB,0.07,0.64,33.6
2/11/2025 18:00,avenue41_to_harrisln,NB,0.06,0.6,36.2
2/11/2025 19:00,avenue41_to_harrisln,NB,0.05,0.59,37
2/11/2025 20:00,avenue41_to_harrisln,NB,0.01,0.55,39.1
2/11/2025 21:00,avenue41_to_harrisln,NB,0.01,0.54,39.7
2/11/2025 22:00,avenue41_to_harrisln,NB,0.01,0.51,42.1
2/11/2025 23:00,avenue41_to_harrisln,NB,0.07,0.59,37.5
2/12/2025 0:00,avenue41_to_harrisln,NB,0,0.46,46.4
2/12/2025 1:00,avenue41_to_harrisln,NB,0,0.48,44.7
2/12/2025 2:00,avenue41_to_harrisln,NB,0,0.48,44.5
2/12/2025 3:00,avenue41_to_harrisln,NB,0,0.51,42.3
2/12/2025 4:00,avenue41_to_harrisln,NB,0,0.49,43.9
2/12/2025 5:00,avenue41_to_harrisln,NB,0.01,0.49,44.5
2/12/2025 6:00,avenue41_to_harrisln,NB,0.02,0.54,40.2
2/12/2025 7:00,avenue41_to_harrisln,NB,0.1,0.62,35.4
2/12/2025 8:00,avenue41_to_harrisln,NB,0.12,0.66,33.2
2/12/2025 9:00,avenue41_to_harrisln,NB,0.05,0.6,35.7
2/12/2025 10:00,avenue41_to_harrisln,NB,0.08,0.66,32.7
2/12/2025 11:00,avenue41_to_harrisln,NB,0.08,0.64,34.2
2/12/2025 12:00,avenue41_to_harrisln,NB,0.09,0.65,33.5
2/12/2025 13:00,avenue41_to_harrisln,NB,0.11,0.66,32.7
2/12/2025 14:00,avenue41_to_harrisln,NB,0.13,0.72,29.9
2/12/2025 15:00,avenue41_to_harrisln,NB,0.46,1.04,22.6
2/12/2025 16:00,avenue41_to_harrisln,NB,0.42,0.99,23.5
2/12/2025 17:00,avenue41_to_harrisln,NB,0.11,0.68,32
2/12/2025 18:00,avenue41_to_harrisln,NB,0.03,0.58,37
2/12/2025 19:00,avenue41_to_harrisln,NB,0,0.53,40.5
2/12/2025 20:00,avenue41_to_harrisln,NB,0.05,0.58,37.7
2/12/2025 21:00,avenue41_to_harrisln,NB,0,0.52,41
2/12/2025 22:00,avenue41_to_harrisln,NB,0,0.5,42.8
2/12/2025 23:00,avenue41_to_harrisln,NB,0.01,0.56,38.6
2/13/2025 0:00,avenue41_to_harrisln,NB,0,0.5,43.2
2/13/2025 1:00,avenue41_to_harrisln,NB,0,0.49,43.3
2/13/2025 2:00,avenue41_to_harrisln,NB,0,0.49,44.3
2/13/2025 3:00,avenue41_to_harrisln,NB,0,0.45,47.7
2/13/2025 4:00,avenue41_to_harrisln,NB,0,0.43,49.8
2/13/2025 5:00,avenue41_to_harrisln,NB,0,0.5,43.6
2/13/2025 6:00,avenue41_to_harrisln,NB,0.02,0.54,40
2/13/2025 7:00,avenue41_to_harrisln,NB,0.06,0.61,35.7
2/13/2025 8:00,avenue41_to_harrisln,NB,0.05,0.6,36.2
2/13/2025 9:00,avenue41_to_harrisln,NB,0.05,0.61,35.5
2/13/2025 10:00,avenue41_to_harrisln,NB,0.07,0.62,34.9
2/13/2025 11:00,avenue41_to_harrisln,NB,0.08,0.63,34.1
2/13/2025 12:00,avenue41_to_harrisln,NB,0.1,0.68,31.8
2/13/2025 13:00,avenue41_to_harrisln,NB,0.13,0.69,31.7
2/13/2025 14:00,avenue41_to_harrisln,NB,0.37,0.93,25.5
2/13/2025 15:00,avenue41_to_harrisln,NB,0.21,0.77,28.9
2/13/2025 16:00,avenue41_to_harrisln,NB,0.1,0.66,32.6
2/13/2025 17:00,avenue41_to_harrisln,NB,0.12,0.69,31.3
2/13/2025 18:00,avenue41_to_harrisln,NB,0.07,0.65,33.7
2/13/2025 19:00,avenue41_to_harrisln,NB,0.13,0.71,30.2
2/13/2025 20:00,avenue41_to_harrisln,NB,0.1,0.66,33.1
2/13/2025 21:00,avenue41_to_harrisln,NB,0.09,0.66,33.1
2/13/2025 22:00,avenue41_to_harrisln,NB,0.04,0.61,35.6
2/13/2025 23:00,avenue41_to_harrisln,NB,0.01,0.56,38.5
2/14/2025 0:00,avenue41_to_harrisln,NB,0.05,0.6,36
2/14/2025 1:00,avenue41_to_harrisln,NB,0.05,0.55,39.1
2/14/2025 2:00,avenue41_to_harrisln,NB,0.02,0.49,43.8
2/14/2025 3:00,avenue41_to_harrisln,NB,0,0.44,48.6
2/14/2025 4:00,avenue41_to_harrisln,NB,0,0.48,44.4
2/14/2025 5:00,avenue41_to_harrisln,NB,0,0.47,45.7
2/14/2025 6:00,avenue41_to_harrisln,NB,0.02,0.53,40.5
2/14/2025 7:00,avenue41_to_harrisln,NB,0.08,0.6,36.2
2/14/2025 8:00,avenue41_to_harrisln,NB,0.09,0.64,34.1
2/14/2025 9:00,avenue41_to_harrisln,NB,0.06,0.61,35.1
2/14/2025 10:00,avenue41_to_harrisln,NB,0.1,0.66,32.9
2/14/2025 11:00,avenue41_to_harrisln,NB,0.09,0.65,33.2
2/14/2025 12:00,avenue41_to_harrisln,NB,0.28,0.86,26.7
2/14/2025 13:00,avenue41_to_harrisln,NB,0.11,0.68,31.7
2/14/2025 14:00,avenue41_to_harrisln,NB,0.21,0.79,28.1
2/14/2025 15:00,avenue41_to_harrisln,NB,0.58,1.15,19.6
2/14/2025 16:00,avenue41_to_harrisln,NB,0.28,0.85,26.5
2/14/2025 17:00,avenue41_to_harrisln,NB,0.09,0.66,33.1
2/14/2025 18:00,avenue41_to_harrisln,NB,0.06,0.62,35.1
2/14/2025 19:00,avenue41_to_harrisln,NB,0.02,0.58,36.9
2/14/2025 20:00,avenue41_to_harrisln,NB,0.08,0.62,35.4
2/14/2025 21:00,avenue41_to_harrisln,NB,0.02,0.57,38.1
2/14/2025 22:00,avenue41_to_harrisln,NB,0.02,0.54,39.7
2/14/2025 23:00,avenue41_to_harrisln,NB,0.01,0.5,43.1
2/15/2025 0:00,avenue41_to_harrisln,NB,0,0.51,42.4
2/15/2025 1:00,avenue41_to_harrisln,NB,0.01,0.51,42.6
2/15/2025 2:00,avenue41_to_harrisln,NB,0,0.45,47.4
2/15/2025 3:00,avenue41_to_harrisln,NB,0,0.47,45.5
2/15/2025 4:00,avenue41_to_harrisln,NB,0,0.47,46.3
2/15/2025 5:00,avenue41_to_harrisln,NB,0,0.48,45.2
2/15/2025 6:00,avenue41_to_harrisln,NB,0.01,0.48,44.5
2/15/2025 7:00,avenue41_to_harrisln,NB,0,0.52,41
2/15/2025 8:00,avenue41_to_harrisln,NB,0.02,0.54,39.9
2/15/2025 9:00,avenue41_to_harrisln,NB,0.03,0.54,40.4
2/15/2025 10:00,avenue41_to_harrisln,NB,0.03,0.59,36.4
2/15/2025 11:00,avenue41_to_harrisln,NB,0.04,0.59,36.6
2/15/2025 12:00,avenue41_to_harrisln,NB,0.06,0.62,35.4
2/15/2025 13:00,avenue41_to_harrisln,NB,0.05,0.59,36.5
2/15/2025 14:00,avenue41_to_harrisln,NB,0.04,0.58,36.9
2/15/2025 15:00,avenue41_to_harrisln,NB,0.02,0.59,36.5
2/15/2025 16:00,avenue41_to_harrisln,NB,0.03,0.59,36.8
2/15/2025 17:00,avenue41_to_harrisln,NB,0.02,0.59,36.5
2/15/2025 18:00,avenue41_to_harrisln,NB,0.07,0.63,34.5
2/15/2025 19:00,avenue41_to_harrisln,NB,0.02,0.57,37.5
2/15/2025 20:00,avenue41_to_harrisln,NB,0.02,0.56,38.4
2/15/2025 21:00,avenue41_to_harrisln,NB,0.02,0.55,38.8
2/15/2025 22:00,avenue41_to_harrisln,NB,0,0.49,43.9
2/15/2025 23:00,avenue41_to_harrisln,NB,0.03,0.52,41.8
2/16/2025 0:00,avenue41_to_harrisln,NB,0,0.51,42.2
2/16/2025 1:00,avenue41_to_harrisln,NB,0,0.53,40.5
2/16/2025 2:00,avenue41_to_harrisln,NB,0,0.52,41.2
2/16/2025 3:00,avenue41_to_harrisln,NB,0,0.5,42.6
2/16/2025 4:00,avenue41_to_harrisln,NB,0,0.52,41.1
2/16/2025 5:00,avenue41_to_harrisln,NB,0,0.46,46.6
2/16/2025 6:00,avenue41_to_harrisln,NB,0.02,0.51,42.8
2/16/2025 7:00,avenue41_to_harrisln,NB,0.03,0.56,38.4
2/16/2025 8:00,avenue41_to_harrisln,NB,0.02,0.54,40.2
2/16/2025 9:00,avenue41_to_harrisln,NB,0.06,0.6,36
2/16/2025 10:00,avenue41_to_harrisln,NB,0.03,0.59,36.2
2/16/2025 11:00,avenue41_to_harrisln,NB,0.04,0.59,37.1
2/16/2025 12:00,avenue41_to_harrisln,NB,0.1,0.66,33.9
2/16/2025 13:00,avenue41_to_harrisln,NB,0.01,0.56,38.3
2/16/2025 14:00,avenue41_to_harrisln,NB,0.05,0.61,35.5
2/16/2025 15:00,avenue41_to_harrisln,NB,0.04,0.59,36.6
2/16/2025 16:00,avenue41_to_harrisln,NB,0.03,0.57,37.5
2/16/2025 17:00,avenue41_to_harrisln,NB,0.01,0.56,38.6
2/16/2025 18:00,avenue41_to_harrisln,NB,0.05,0.6,36.1
2/16/2025 19:00,avenue41_to_harrisln,NB,0.07,0.6,37.4
2/16/2025 20:00,avenue41_to_harrisln,NB,0.06,0.58,37.9
2/16/2025 21:00,avenue41_to_harrisln,NB,0.01,0.51,42.1
2/16/2025 22:00,avenue41_to_harrisln,NB,0.01,0.51,42.3
2/16/2025 23:00,avenue41_to_harrisln,NB,0.02,0.49,44
2/17/2025 0:00,avenue41_to_harrisln,NB,0.01,0.51,42.1
2/17/2025 1:00,avenue41_to_harrisln,NB,0,0.47,45.8
2/17/2025 2:00,avenue41_to_harrisln,NB,0.01,0.47,45.7
2/17/2025 3:00,avenue41_to_harrisln,NB,0,0.47,46
2/17/2025 4:00,avenue41_to_harrisln,NB,0,0.45,47.5
2/17/2025 5:00,avenue41_to_harrisln,NB,0,0.47,46
2/17/2025 6:00,avenue41_to_harrisln,NB,0,0.53,40.4
2/17/2025 7:00,avenue41_to_harrisln,NB,0.07,0.58,37.5
2/17/2025 8:00,avenue41_to_harrisln,NB,0.05,0.59,36.6
2/17/2025 9:00,avenue41_to_harrisln,NB,0.07,0.63,34.4
2/17/2025 10:00,avenue41_to_harrisln,NB,0.03,0.6,35.9
2/17/2025 11:00,avenue41_to_harrisln,NB,0.09,0.65,33
2/17/2025 12:00,avenue41_to_harrisln,NB,0.08,0.63,34
2/17/2025 13:00,avenue41_to_harrisln,NB,0.07,0.63,34.3
2/17/2025 14:00,avenue41_to_harrisln,NB,0.12,0.68,31.8
2/17/2025 15:00,avenue41_to_harrisln,NB,0.07,0.63,34.4
2/17/2025 16:00,avenue41_to_harrisln,NB,0.04,0.58,37
2/17/2025 17:00,avenue41_to_harrisln,NB,0.06,0.6,36
2/17/2025 18:00,avenue41_to_harrisln,NB,0.04,0.58,37.4
2/17/2025 19:00,avenue41_to_harrisln,NB,0.03,0.57,38
2/17/2025 20:00,avenue41_to_harrisln,NB,0.04,0.57,37.9
2/17/2025 21:00,avenue41_to_harrisln,NB,0.02,0.55,39.3
2/17/2025 22:00,avenue41_to_harrisln,NB,0,0.5,42.9
2/17/2025 23:00,avenue41_to_harrisln,NB,0.01,0.52,41.7
2/18/2025 0:00,avenue41_to_harrisln,NB,0,0.45,47.9
2/18/2025 1:00,avenue41_to_harrisln,NB,0,0.49,44.4
2/18/2025 2:00,avenue41_to_harrisln,NB,0,0.46,46.2
2/18/2025 3:00,avenue41_to_harrisln,NB,0,0.48,44.4
2/18/2025 4:00,avenue41_to_harrisln,NB,0,0.52,41.5
2/18/2025 5:00,avenue41_to_harrisln,NB,0,0.48,44.3
2/18/2025 6:00,avenue41_to_harrisln,NB,0,0.51,41.9
2/18/2025 7:00,avenue41_to_harrisln,NB,0.07,0.61,35.8
2/18/2025 8:00,avenue41_to_harrisln,NB,0.05,0.6,35.9
2/18/2025 9:00,avenue41_to_harrisln,NB,0.06,0.61,35.3
2/18/2025 10:00,avenue41_to_harrisln,NB,0.02,0.59,36.7
2/18/2025 11:00,avenue41_to_harrisln,NB,0.12,0.69,31.4
2/18/2025 12:00,avenue41_to_harrisln,NB,0.13,0.7,31
2/18/2025 13:00,avenue41_to_harrisln,NB,0.06,0.62,34.7
2/18/2025 14:00,avenue41_to_harrisln,NB,0.18,0.76,28.8
2/18/2025 15:00,avenue41_to_harrisln,NB,1.49,2.08,15.3
2/18/2025 16:00,avenue41_to_harrisln,NB,0.23,0.78,30
2/18/2025 17:00,avenue41_to_harrisln,NB,0.11,0.67,32.4
2/18/2025 18:00,avenue41_to_harrisln,NB,0.04,0.6,36.2
2/18/2025 19:00,avenue41_to_harrisln,NB,0.02,0.56,38.5
2/18/2025 20:00,avenue41_to_harrisln,NB,0.02,0.57,37.8
2/18/2025 21:00,avenue41_to_harrisln,NB,0.01,0.52,41.1
2/18/2025 22:00,avenue41_to_harrisln,NB,0.02,0.52,41.7
2/18/2025 23:00,avenue41_to_harrisln,NB,0,0.49,44.4
2/19/2025 0:00,avenue41_to_harrisln,NB,0.02,0.5,43.2
2/19/2025 1:00,avenue41_to_harrisln,NB,0,0.46,46.6
2/19/2025 2:00,avenue41_to_harrisln,NB,0,0.52,41.8
2/19/2025 3:00,avenue41_to_harrisln,NB,0,0.49,43.9
2/19/2025 4:00,avenue41_to_harrisln,NB,0,0.45,47.6
2/19/2025 5:00,avenue41_to_harrisln,NB,0,0.49,43.6
2/19/2025 6:00,avenue41_to_harrisln,NB,0.01,0.52,41.6
2/19/2025 7:00,avenue41_to_harrisln,NB,0.09,0.63,34.4
2/19/2025 8:00,avenue41_to_harrisln,NB,0.11,0.67,32.3
2/19/2025 9:00,avenue41_to_harrisln,NB,0.04,0.6,35.6
2/19/2025 10:00,avenue41_to_harrisln,NB,0.05,0.6,36.1
2/19/2025 11:00,avenue41_to_harrisln,NB,0.06,0.61,35.1
2/19/2025 12:00,avenue41_to_harrisln,NB,0.09,0.66,32.9
2/19/2025 13:00,avenue41_to_harrisln,NB,0.12,0.69,31.5
2/19/2025 14:00,avenue41_to_harrisln,NB,0.13,0.72,30
2/19/2025 15:00,avenue41_to_harrisln,NB,0.77,1.35,17.5
2/19/2025 16:00,avenue41_to_harrisln,NB,0.18,0.75,29.5
2/19/2025 17:00,avenue41_to_harrisln,NB,0.16,0.73,30.5
2/19/2025 18:00,avenue41_to_harrisln,NB,0.11,0.66,32.7
2/19/2025 19:00,avenue41_to_harrisln,NB,0.02,0.56,38.6
2/19/2025 20:00,avenue41_to_harrisln,NB,0.04,0.56,38.7
2/19/2025 21:00,avenue41_to_harrisln,NB,0.06,0.59,37.3
2/19/2025 22:00,avenue41_to_harrisln,NB,0.03,0.55,39.5
2/19/2025 23:00,avenue41_to_harrisln,NB,0,0.5,42.9
2/20/2025 0:00,avenue41_to_harrisln,NB,0,0.51,42.2
2/20/2025 1:00,avenue41_to_harrisln,NB,0.01,0.49,43.4
2/20/2025 2:00,avenue41_to_harrisln,NB,0,0.51,42.4
2/20/2025 3:00,avenue41_to_harrisln,NB,0,0.5,43.2
2/20/2025 4:00,avenue41_to_harrisln,NB,0,0.51,42.7
2/20/2025 5:00,avenue41_to_harrisln,NB,0,0.46,46.5
2/20/2025 6:00,avenue41_to_harrisln,NB,0.08,0.59,37.7
2/20/2025 7:00,avenue41_to_harrisln,NB,0.02,0.55,39
2/20/2025 8:00,avenue41_to_harrisln,NB,0.07,0.62,34.8
2/20/2025 9:00,avenue41_to_harrisln,NB,0.06,0.62,35.7
2/20/2025 10:00,avenue41_to_harrisln,NB,0.06,0.62,35.2
2/20/2025 11:00,avenue41_to_harrisln,NB,0.05,0.61,35.6
2/20/2025 12:00,avenue41_to_harrisln,NB,0.07,0.64,33.8
2/20/2025 13:00,avenue41_to_harrisln,NB,0.1,0.67,32.1
2/20/2025 14:00,avenue41_to_harrisln,NB,0.19,0.76,28.9
2/20/2025 15:00,avenue41_to_harrisln,NB,1.39,1.98,12.8
2/20/2025 16:00,avenue41_to_harrisln,NB,0.19,0.77,28.6
2/20/2025 17:00,avenue41_to_harrisln,NB,0.13,0.7,31
2/20/2025 18:00,avenue41_to_harrisln,NB,0.03,0.6,35.7
2/20/2025 19:00,avenue41_to_harrisln,NB,0.04,0.58,37.2
2/20/2025 20:00,avenue41_to_harrisln,NB,0.01,0.54,40.1
2/20/2025 21:00,avenue41_to_harrisln,NB,0.02,0.53,40.2
2/20/2025 22:00,avenue41_to_harrisln,NB,0.01,0.5,42.6
2/20/2025 23:00,avenue41_to_harrisln,NB,0.01,0.53,40.7
2/21/2025 0:00,avenue41_to_harrisln,NB,0.03,0.51,42
2/21/2025 1:00,avenue41_to_harrisln,NB,0.01,0.49,43.8
2/21/2025 2:00,avenue41_to_harrisln,NB,0.02,0.53,41
2/21/2025 3:00,avenue41_to_harrisln,NB,0,0.47,45.3
2/21/2025 4:00,avenue41_to_harrisln,NB,0,0.46,46.8
2/21/2025 5:00,avenue41_to_harrisln,NB,0,0.47,45.7
2/21/2025 6:00,avenue41_to_harrisln,NB,0.04,0.57,38.2
2/21/2025 7:00,avenue41_to_harrisln,NB,0.05,0.57,37.8
2/21/2025 8:00,avenue41_to_harrisln,NB,0.06,0.62,35
2/21/2025 9:00,avenue41_to_harrisln,NB,0.11,0.67,32.8
2/21/2025 10:00,avenue41_to_harrisln,NB,0.06,0.61,35.2
2/21/2025 11:00,avenue41_to_harrisln,NB,0.12,0.69,31.4
2/21/2025 12:00,avenue41_to_harrisln,NB,0.09,0.67,32.1
2/21/2025 13:00,avenue41_to_harrisln,NB,0.09,0.67,32.7
2/21/2025 14:00,avenue41_to_harrisln,NB,0.23,0.8,27.5
2/21/2025 15:00,avenue41_to_harrisln,NB,0.55,1.13,21.5
2/21/2025 16:00,avenue41_to_harrisln,NB,0.16,0.73,29.9
2/21/2025 17:00,avenue41_to_harrisln,NB,0.07,0.64,33.5
2/21/2025 18:00,avenue41_to_harrisln,NB,0.05,0.62,35.1
2/21/2025 19:00,avenue41_to_harrisln,NB,0.08,0.63,34.5
2/21/2025 20:00,avenue41_to_harrisln,NB,0.03,0.57,37.8
2/21/2025 21:00,avenue41_to_harrisln,NB,0.02,0.55,39.1
2/21/2025 22:00,avenue41_to_harrisln,NB,0.02,0.54,39.4
2/21/2025 23:00,avenue41_to_harrisln,NB,0.04,0.55,39.7
2/22/2025 0:00,avenue41_to_harrisln,NB,0,0.49,43.6
2/22/2025 1:00,avenue41_to_harrisln,NB,0,0.47,45.5
2/22/2025 2:00,avenue41_to_harrisln,NB,0.04,0.53,40.9
2/22/2025 3:00,avenue41_to_harrisln,NB,0.03,0.52,41.1
2/22/2025 4:00,avenue41_to_harrisln,NB,0,0.5,42.8
2/22/2025 5:00,avenue41_to_harrisln,NB,0,0.48,45
2/22/2025 6:00,avenue41_to_harrisln,NB,0,0.5,42.7
2/22/2025 7:00,avenue41_to_harrisln,NB,0.01,0.52,41.1
2/22/2025 8:00,avenue41_to_harrisln,NB,0.03,0.57,37.5
2/22/2025 9:00,avenue41_to_harrisln,NB,0.07,0.61,35.8
2/22/2025 10:00,avenue41_to_harrisln,NB,0.03,0.58,37.5
2/22/2025 11:00,avenue41_to_harrisln,NB,0.03,0.59,36.8
2/22/2025 12:00,avenue41_to_harrisln,NB,0.05,0.6,35.9
2/22/2025 13:00,avenue41_to_harrisln,NB,0.02,0.57,37.6
2/22/2025 14:00,avenue41_to_harrisln,NB,0.03,0.59,36.2
2/22/2025 15:00,avenue41_to_harrisln,NB,0.02,0.57,37.4
2/22/2025 16:00,avenue41_to_harrisln,NB,0.03,0.56,38.4
2/22/2025 17:00,avenue41_to_harrisln,NB,0.02,0.59,36.3
2/22/2025 18:00,avenue41_to_harrisln,NB,0.02,0.58,37.3
2/22/2025 19:00,avenue41_to_harrisln,NB,0.01,0.56,38.6
2/22/2025 20:00,avenue41_to_harrisln,NB,0.03,0.56,38.8
2/22/2025 21:00,avenue41_to_harrisln,NB,0.01,0.55,39.4
2/22/2025 22:00,avenue41_to_harrisln,NB,0.01,0.52,41
2/22/2025 23:00,avenue41_to_harrisln,NB,0.05,0.55,40.4
2/23/2025 0:00,avenue41_to_harrisln,NB,0.03,0.55,39.2
2/23/2025 1:00,avenue41_to_harrisln,NB,0,0.47,45.5
2/23/2025 2:00,avenue41_to_harrisln,NB,0,0.48,45
2/23/2025 3:00,avenue41_to_harrisln,NB,0,0.49,44.5
2/23/2025 4:00,avenue41_to_harrisln,NB,0,0.54,39.6
2/23/2025 5:00,avenue41_to_harrisln,NB,0,0.46,46.2
2/23/2025 6:00,avenue41_to_harrisln,NB,0.09,0.6,37
2/23/2025 7:00,avenue41_to_harrisln,NB,0.05,0.56,39
2/23/2025 8:00,avenue41_to_harrisln,NB,0.03,0.56,38.5
2/23/2025 9:00,avenue41_to_harrisln,NB,0.05,0.58,37.8
2/23/2025 10:00,avenue41_to_harrisln,NB,0.01,0.56,38
2/23/2025 11:00,avenue41_to_harrisln,NB,0.03,0.58,37.1
2/23/2025 12:00,avenue41_to_harrisln,NB,0.04,0.6,36.3
2/23/2025 13:00,avenue41_to_harrisln,NB,0.02,0.58,37.4
2/23/2025 14:00,avenue41_to_harrisln,NB,0.03,0.57,37.6
2/23/2025 15:00,avenue41_to_harrisln,NB,0.03,0.58,37.6
2/23/2025 16:00,avenue41_to_harrisln,NB,0.01,0.55,39.2
2/23/2025 17:00,avenue41_to_harrisln,NB,0.03,0.56,38.2
2/23/2025 18:00,avenue41_to_harrisln,NB,0.04,0.57,37.8
2/23/2025 19:00,avenue41_to_harrisln,NB,0.05,0.59,37
2/23/2025 20:00,avenue41_to_harrisln,NB,0.01,0.53,40.4
2/23/2025 21:00,avenue41_to_harrisln,NB,0,0.53,40.7
2/23/2025 22:00,avenue41_to_harrisln,NB,0.03,0.54,39.7
2/23/2025 23:00,avenue41_to_harrisln,NB,0.02,0.51,42.4
2/24/2025 0:00,avenue41_to_harrisln,NB,0,0.44,48.7
2/24/2025 1:00,avenue41_to_harrisln,NB,0,0.45,47.1
2/24/2025 2:00,avenue41_to_harrisln,NB,0,0.48,45.1
2/24/2025 3:00,avenue41_to_harrisln,NB,0,0.49,43.6
2/24/2025 4:00,avenue41_to_harrisln,NB,0,0.48,45.1
2/24/2025 5:00,avenue41_to_harrisln,NB,0,0.49,43.9
2/24/2025 6:00,avenue41_to_harrisln,NB,0.01,0.51,42.1
2/24/2025 7:00,avenue41_to_harrisln,NB,0.1,0.63,34.8
2/24/2025 8:00,avenue41_to_harrisln,NB,0.13,0.68,31.8
2/24/2025 9:00,avenue41_to_harrisln,NB,0.04,0.59,36.6
2/24/2025 10:00,avenue41_to_harrisln,NB,0.09,0.65,33.6
2/24/2025 11:00,avenue41_to_harrisln,NB,0.1,0.68,31.9
2/24/2025 12:00,avenue41_to_harrisln,NB,0.08,0.65,33
2/24/2025 13:00,avenue41_to_harrisln,NB,0.07,0.62,35.5
2/24/2025 14:00,avenue41_to_harrisln,NB,0.11,0.68,31.7
2/24/2025 15:00,avenue41_to_harrisln,NB,0.24,0.81,26.9
2/24/2025 16:00,avenue41_to_harrisln,NB,0.13,0.69,31.6
2/24/2025 17:00,avenue41_to_harrisln,NB,0.15,0.68,32.1
2/24/2025 18:00,avenue41_to_harrisln,NB,0.05,0.6,36
2/24/2025 19:00,avenue41_to_harrisln,NB,0.06,0.61,35.7
2/24/2025 20:00,avenue41_to_harrisln,NB,0.06,0.6,36.5
2/24/2025 21:00,avenue41_to_harrisln,NB,0.06,0.58,37.1
2/24/2025 22:00,avenue41_to_harrisln,NB,0,0.5,42.6
2/24/2025 23:00,avenue41_to_harrisln,NB,0,0.5,43.4
2/25/2025 0:00,avenue41_to_harrisln,NB,0,0.5,43.3
2/25/2025 1:00,avenue41_to_harrisln,NB,0,0.52,40.9
2/25/2025 2:00,avenue41_to_harrisln,NB,0,0.47,46.2
2/25/2025 3:00,avenue41_to_harrisln,NB,0,0.45,48.1
2/25/2025 4:00,avenue41_to_harrisln,NB,0,0.47,45.4
2/25/2025 5:00,avenue41_to_harrisln,NB,0.01,0.51,42.2
2/25/2025 6:00,avenue41_to_harrisln,NB,0.04,0.56,38.7
2/25/2025 7:00,avenue41_to_harrisln,NB,0.07,0.6,36.3
2/25/2025 8:00,avenue41_to_harrisln,NB,0.06,0.64,34
2/25/2025 9:00,avenue41_to_harrisln,NB,0.02,0.57,37.9
2/25/2025 10:00,avenue41_to_harrisln,NB,0.05,0.6,35.7
2/25/2025 11:00,avenue41_to_harrisln,NB,0.08,0.63,34.4
2/25/2025 12:00,avenue41_to_harrisln,NB,0.1,0.66,33.7
2/25/2025 13:00,avenue41_to_harrisln,NB,0.07,0.62,35
2/25/2025 14:00,avenue41_to_harrisln,NB,0.19,0.78,28.2
2/25/2025 15:00,avenue41_to_harrisln,NB,0.46,1.02,22.5
2/25/2025 16:00,avenue41_to_harrisln,NB,0.14,0.69,31.4
2/25/2025 17:00,avenue41_to_harrisln,NB,0.1,0.66,32.9
2/25/2025 18:00,avenue41_to_harrisln,NB,0.07,0.63,34.8
2/25/2025 19:00,avenue41_to_harrisln,NB,0.08,0.61,35.7
2/25/2025 20:00,avenue41_to_harrisln,NB,0.06,0.61,35.3
2/25/2025 21:00,avenue41_to_harrisln,NB,0.03,0.55,39.2
2/25/2025 22:00,avenue41_to_harrisln,NB,0.01,0.51,42.5
2/25/2025 23:00,avenue41_to_harrisln,NB,0,0.51,42.5
2/26/2025 0:00,avenue41_to_harrisln,NB,0,0.47,45.9
2/26/2025 1:00,avenue41_to_harrisln,NB,0.01,0.52,41.6
2/26/2025 2:00,avenue41_to_harrisln,NB,0,0.47,45.9
2/26/2025 3:00,avenue41_to_harrisln,NB,0,0.48,44.8
2/26/2025 4:00,avenue41_to_harrisln,NB,0,0.48,44.6
2/26/2025 5:00,avenue41_to_harrisln,NB,0.01,0.49,43.9
2/26/2025 6:00,avenue41_to_harrisln,NB,0.07,0.59,37.7
2/26/2025 7:00,avenue41_to_harrisln,NB,0.09,0.64,34.1
2/26/2025 8:00,avenue41_to_harrisln,NB,1.12,1.71,16.3
2/26/2025 9:00,avenue41_to_harrisln,NB,0.46,1.01,23.2
2/26/2025 10:00,avenue41_to_harrisln,NB,0.03,0.59,36.3
2/26/2025 11:00,avenue41_to_harrisln,NB,0.11,0.68,31.8
2/26/2025 12:00,avenue41_to_harrisln,NB,0.13,0.69,33.8
2/26/2025 13:00,avenue41_to_harrisln,NB,0.11,0.68,32.5
2/26/2025 14:00,avenue41_to_harrisln,NB,0.11,0.69,31.2
2/26/2025 15:00,avenue41_to_harrisln,NB,0.17,0.74,29.6
2/26/2025 16:00,avenue41_to_harrisln,NB,0.29,0.85,26.6
2/26/2025 17:00,avenue41_to_harrisln,NB,0.12,0.68,31.9
2/26/2025 18:00,avenue41_to_harrisln,NB,0.04,0.6,35.9
2/26/2025 19:00,avenue41_to_harrisln,NB,0.07,0.62,34.9
2/26/2025 20:00,avenue41_to_harrisln,NB,0.08,0.64,34.1
2/26/2025 21:00,avenue41_to_harrisln,NB,0.04,0.55,39.1
2/26/2025 22:00,avenue41_to_harrisln,NB,0.01,0.5,42.6
2/26/2025 23:00,avenue41_to_harrisln,NB,0.01,0.56,38.9
2/27/2025 0:00,avenue41_to_harrisln,NB,0,0.5,43.3
2/27/2025 1:00,avenue41_to_harrisln,NB,0,0.46,46.6
2/27/2025 2:00,avenue41_to_harrisln,NB,0,0.48,44.8
2/27/2025 3:00,avenue41_to_harrisln,NB,0,0.45,47.7
2/27/2025 4:00,avenue41_to_harrisln,NB,0,0.48,45
2/27/2025 5:00,avenue41_to_harrisln,NB,0,0.47,45.9
2/27/2025 6:00,avenue41_to_harrisln,NB,0.04,0.53,41.5
2/27/2025 7:00,avenue41_to_harrisln,NB,0.07,0.6,35.8
2/27/2025 8:00,avenue41_to_harrisln,NB,0.07,0.64,33.8
2/27/2025 9:00,avenue41_to_harrisln,NB,0.04,0.6,36.2
2/27/2025 10:00,avenue41_to_harrisln,NB,0.05,0.62,35.1
2/27/2025 11:00,avenue41_to_harrisln,NB,0.04,0.6,36.1
2/27/2025 12:00,avenue41_to_harrisln,NB,0.08,0.65,33.9
2/27/2025 13:00,avenue41_to_harrisln,NB,0.08,0.65,33.2
2/27/2025 14:00,avenue41_to_harrisln,NB,0.25,0.82,27.2
2/27/2025 15:00,avenue41_to_harrisln,NB,0.88,1.47,16.9
2/27/2025 16:00,avenue41_to_harrisln,NB,0.39,0.96,25
2/27/2025 17:00,avenue41_to_harrisln,NB,0.14,0.7,31.3
2/27/2025 18:00,avenue41_to_harrisln,NB,0.03,0.59,36.4
2/27/2025 19:00,avenue41_to_harrisln,NB,0.05,0.59,36.8
2/27/2025 20:00,avenue41_to_harrisln,NB,0.02,0.53,40.8
2/27/2025 21:00,avenue41_to_harrisln,NB,0.02,0.55,39.1
2/27/2025 22:00,avenue41_to_harrisln,NB,0.01,0.53,40.8
2/27/2025 23:00,avenue41_to_harrisln,NB,0,0.54,40.2
2/28/2025 0:00,avenue41_to_harrisln,NB,0,0.49,44
2/28/2025 1:00,avenue41_to_harrisln,NB,0.02,0.52,41.8
2/28/2025 2:00,avenue41_to_harrisln,NB,0,0.49,43.9
2/28/2025 3:00,avenue41_to_harrisln,NB,0,0.51,42.3
2/28/2025 4:00,avenue41_to_harrisln,NB,0.01,0.55,39.1
2/28/2025 5:00,avenue41_to_harrisln,NB,0,0.49,43.9
2/28/2025 6:00,avenue41_to_harrisln,NB,0.01,0.51,42
2/28/2025 7:00,avenue41_to_harrisln,NB,0.1,0.61,36.6
2/28/2025 8:00,avenue41_to_harrisln,NB,0.13,0.69,32.3
2/28/2025 9:00,avenue41_to_harrisln,NB,0.04,0.58,36.9
2/28/2025 10:00,avenue41_to_harrisln,NB,0.05,0.61,35.3
2/28/2025 11:00,avenue41_to_harrisln,NB,0.12,0.69,31.4
2/28/2025 12:00,avenue41_to_harrisln,NB,0.2,0.76,28.8
2/28/2025 13:00,avenue41_to_harrisln,NB,0.17,0.74,29.3
2/28/2025 14:00,avenue41_to_harrisln,NB,0.34,0.91,24.6
2/28/2025 15:00,avenue41_to_harrisln,NB,0.96,1.53,15.7
2/28/2025 16:00,avenue41_to_harrisln,NB,0.17,0.75,29
2/28/2025 17:00,avenue41_to_harrisln,NB,0.08,0.65,33
2/28/2025 18:00,avenue41_to_harrisln,NB,0.05,0.62,35.1
2/28/2025 19:00,avenue41_to_harrisln,NB,0.04,0.59,36.9
2/28/2025 20:00,avenue41_to_harrisln,NB,0.04,0.6,36.4
2/28/2025 21:00,avenue41_to_harrisln,NB,0.04,0.56,38.4
2/28/2025 22:00,avenue41_to_harrisln,NB,0.02,0.55,39.5
2/28/2025 23:00,avenue41_to_harrisln,NB,0,0.51,42.6
3/1/2025 0:00,avenue41_to_harrisln,NB,0,0.46,46.7
3/1/2025 1:00,avenue41_to_harrisln,NB,0.02,0.49,44.5
3/1/2025 2:00,avenue41_to_harrisln,NB,0.01,0.51,42.1
3/1/2025 3:00,avenue41_to_harrisln,NB,0.02,0.48,44.3
3/1/2025 4:00,avenue41_to_harrisln,NB,0,0.52,41.6
3/1/2025 5:00,avenue41_to_harrisln,NB,0,0.52,41.7
3/1/2025 6:00,avenue41_to_harrisln,NB,0.01,0.53,40.8
3/1/2025 7:00,avenue41_to_harrisln,NB,0.01,0.5,42.5
3/1/2025 8:00,avenue41_to_harrisln,NB,0.02,0.55,39
3/1/2025 9:00,avenue41_to_harrisln,NB,0.04,0.59,36.7
3/1/2025 10:00,avenue41_to_harrisln,NB,0.03,0.59,36.4
3/1/2025 11:00,avenue41_to_harrisln,NB,0.08,0.64,34.5
3/1/2025 12:00,avenue41_to_harrisln,NB,0.06,0.63,34.4
3/1/2025 13:00,avenue41_to_harrisln,NB,0.06,0.62,35
3/1/2025 14:00,avenue41_to_harrisln,NB,0.02,0.56,38.7
3/1/2025 15:00,avenue41_to_harrisln,NB,0.03,0.59,36.7
3/1/2025 16:00,avenue41_to_harrisln,NB,0.04,0.6,35.8
3/1/2025 17:00,avenue41_to_harrisln,NB,0.04,0.59,36.9
3/1/2025 18:00,avenue41_to_harrisln,NB,0.06,0.63,34.9
3/1/2025 19:00,avenue41_to_harrisln,NB,0.04,0.59,36.9
3/1/2025 20:00,avenue41_to_harrisln,NB,0.04,0.59,37.1
3/1/2025 21:00,avenue41_to_harrisln,NB,0.01,0.53,40.6
3/1/2025 22:00,avenue41_to_harrisln,NB,0.06,0.6,36.6
3/1/2025 23:00,avenue41_to_harrisln,NB,0,0.52,41.6
3/2/2025 0:00,avenue41_to_harrisln,NB,0,0.53,40.5
3/2/2025 1:00,avenue41_to_harrisln,NB,0.02,0.48,44.6
3/2/2025 2:00,avenue41_to_harrisln,NB,0,0.45,47.3
3/2/2025 3:00,avenue41_to_harrisln,NB,0,0.49,44
3/2/2025 4:00,avenue41_to_harrisln,NB,0,0.46,46.4
3/2/2025 5:00,avenue41_to_harrisln,NB,0,0.47,46.8
3/2/2025 6:00,avenue41_to_harrisln,NB,0.01,0.49,43.7
3/2/2025 7:00,avenue41_to_harrisln,NB,0.03,0.55,39.3
3/2/2025 8:00,avenue41_to_harrisln,NB,0.01,0.55,39.4
3/2/2025 9:00,avenue41_to_harrisln,NB,0.06,0.57,38
3/2/2025 10:00,avenue41_to_harrisln,NB,0.04,0.57,38.1
3/2/2025 11:00,avenue41_to_harrisln,NB,0.02,0.56,38.2
3/2/2025 12:00,avenue41_to_harrisln,NB,0.03,0.59,36.7
3/2/2025 13:00,avenue41_to_harrisln,NB,0.04,0.61,35.5
3/2/2025 14:00,avenue41_to_harrisln,NB,0.06,0.61,35.5
3/2/2025 15:00,avenue41_to_harrisln,NB,0.03,0.57,37.7
3/2/2025 16:00,avenue41_to_harrisln,NB,0.04,0.59,37.1
3/2/2025 17:00,avenue41_to_harrisln,NB,0.03,0.59,36.5
3/2/2025 18:00,avenue41_to_harrisln,NB,0.02,0.59,36.3
3/2/2025 19:00,avenue41_to_harrisln,NB,0.03,0.56,38.7
3/2/2025 20:00,avenue41_to_harrisln,NB,0.02,0.55,39.3
3/2/2025 21:00,avenue41_to_harrisln,NB,0.03,0.53,41.4
3/2/2025 22:00,avenue41_to_harrisln,NB,0,0.49,43.6
3/2/2025 23:00,avenue41_to_harrisln,NB,0,0.52,41.4
3/3/2025 0:00,avenue41_to_harrisln,NB,0.02,0.54,39.6
3/3/2025 1:00,avenue41_to_harrisln,NB,0,0.47,45.3
3/3/2025 2:00,avenue41_to_harrisln,NB,0,0.52,41.6
3/3/2025 3:00,avenue41_to_harrisln,NB,0,0.45,47.1
3/3/2025 4:00,avenue41_to_harrisln,NB,0,0.45,48.1
3/3/2025 5:00,avenue41_to_harrisln,NB,0,0.48,45.1
3/3/2025 6:00,avenue41_to_harrisln,NB,0.03,0.54,39.9
3/3/2025 7:00,avenue41_to_harrisln,NB,0.05,0.58,37.1
3/3/2025 8:00,avenue41_to_harrisln,NB,0.03,0.57,37.6
3/3/2025 9:00,avenue41_to_harrisln,NB,0.03,0.58,37
3/3/2025 10:00,avenue41_to_harrisln,NB,0.1,0.65,34
3/3/2025 11:00,avenue41_to_harrisln,NB,0.06,0.63,33.9
3/3/2025 12:00,avenue41_to_harrisln,NB,0.05,0.61,35.3
3/3/2025 13:00,avenue41_to_harrisln,NB,0.07,0.63,34.3
3/3/2025 14:00,avenue41_to_harrisln,NB,0.12,0.69,31.2
3/3/2025 15:00,avenue41_to_harrisln,NB,0.31,0.89,25.9
3/3/2025 16:00,avenue41_to_harrisln,NB,0.69,1.28,18.7
3/3/2025 17:00,avenue41_to_harrisln,NB,0.28,0.87,25.7
3/3/2025 18:00,avenue41_to_harrisln,NB,0.07,0.65,34.2
3/3/2025 19:00,avenue41_to_harrisln,NB,0.01,0.56,38.6
3/3/2025 20:00,avenue41_to_harrisln,NB,0.02,0.58,37.3
3/3/2025 21:00,avenue41_to_harrisln,NB,0.01,0.52,41.3
3/3/2025 22:00,avenue41_to_harrisln,NB,0,0.49,44
3/3/2025 23:00,avenue41_to_harrisln,NB,0,0.45,48.3
3/4/2025 0:00,avenue41_to_harrisln,NB,0,0.48,44.4
3/4/2025 1:00,avenue41_to_harrisln,NB,0,0.48,44.5
3/4/2025 2:00,avenue41_to_harrisln,NB,0,0.49,44
3/4/2025 3:00,avenue41_to_harrisln,NB,0,0.46,46.7
3/4/2025 4:00,avenue41_to_harrisln,NB,0,0.49,44.6
3/4/2025 5:00,avenue41_to_harrisln,NB,0,0.48,44.2
3/4/2025 6:00,avenue41_to_harrisln,NB,0.02,0.56,39
3/4/2025 7:00,avenue41_to_harrisln,NB,0.1,0.63,34.7
3/4/2025 8:00,avenue41_to_harrisln,NB,0.06,0.62,35.1
3/4/2025 9:00,avenue41_to_harrisln,NB,0.11,0.67,32.6
3/4/2025 10:00,avenue41_to_harrisln,NB,0.05,0.62,35
3/4/2025 11:00,avenue41_to_harrisln,NB,0.02,0.54,40.6
3/4/2025 12:00,avenue41_to_harrisln,NB,0.06,0.64,33.6
3/4/2025 13:00,avenue41_to_harrisln,NB,0.1,0.67,32.3
3/4/2025 14:00,avenue41_to_harrisln,NB,0.18,0.74,29.2
3/4/2025 15:00,avenue41_to_harrisln,NB,0.81,1.39,17.3
3/4/2025 16:00,avenue41_to_harrisln,NB,0.2,0.77,28.2
3/4/2025 17:00,avenue41_to_harrisln,NB,0.45,1.03,22.9
3/4/2025 18:00,avenue41_to_harrisln,NB,0.3,0.87,25.7
3/4/2025 19:00,avenue41_to_harrisln,NB,0.11,0.67,32.4
3/4/2025 20:00,avenue41_to_harrisln,NB,0.02,0.58,37.1
3/4/2025 21:00,avenue41_to_harrisln,NB,0.01,0.56,38.3
3/4/2025 22:00,avenue41_to_harrisln,NB,0.07,0.58,39.5
3/4/2025 23:00,avenue41_to_harrisln,NB,0.02,0.48,45.7
3/5/2025 0:00,avenue41_to_harrisln,NB,0,0.46,46.4
3/5/2025 1:00,avenue41_to_harrisln,NB,0,0.49,43.9
3/5/2025 2:00,avenue41_to_harrisln,NB,0,0.52,41
3/5/2025 3:00,avenue41_to_harrisln,NB,0,0.48,44.3
3/5/2025 4:00,avenue41_to_harrisln,NB,0,0.49,44.1
3/5/2025 5:00,avenue41_to_harrisln,NB,0,0.5,42.8
3/5/2025 6:00,avenue41_to_harrisln,NB,0.05,0.57,38
3/5/2025 7:00,avenue41_to_harrisln,NB,0.08,0.6,36.5
3/5/2025 8:00,avenue41_to_harrisln,NB,0.07,0.63,34.4
3/5/2025 9:00,avenue41_to_harrisln,NB,0.07,0.63,34.2
3/5/2025 10:00,avenue41_to_harrisln,NB,0.05,0.61,35.1
3/5/2025 11:00,avenue41_to_harrisln,NB,0.09,0.66,32.6
3/5/2025 12:00,avenue41_to_harrisln,NB,0.09,0.65,33.8
3/5/2025 13:00,avenue41_to_harrisln,NB,0.16,0.73,29.9
3/5/2025 14:00,avenue41_to_harrisln,NB,0.27,0.84,25.8
3/5/2025 15:00,avenue41_to_harrisln,NB,1.08,1.68,13.6
3/5/2025 16:00,avenue41_to_harrisln,NB,1.64,2.24,9.8
3/5/2025 17:00,avenue41_to_harrisln,NB,1.06,1.65,14.4
3/5/2025 18:00,avenue41_to_harrisln,NB,0.23,0.82,28.2
3/5/2025 19:00,avenue41_to_harrisln,NB,0.04,0.61,35.6
3/5/2025 20:00,avenue41_to_harrisln,NB,0.02,0.59,36.7
3/5/2025 21:00,avenue41_to_harrisln,NB,0.02,0.57,37.6
3/5/2025 22:00,avenue41_to_harrisln,NB,0.03,0.55,39.3
3/5/2025 23:00,avenue41_to_harrisln,NB,0.01,0.52,41.6
3/6/2025 0:00,avenue41_to_harrisln,NB,0.01,0.54,39.9
3/6/2025 1:00,avenue41_to_harrisln,NB,0,0.51,42.6
3/6/2025 2:00,avenue41_to_harrisln,NB,0.01,0.52,41.1
3/6/2025 3:00,avenue41_to_harrisln,NB,0,0.48,45.1
3/6/2025 4:00,avenue41_to_harrisln,NB,0,0.44,48.3
3/6/2025 5:00,avenue41_to_harrisln,NB,0,0.47,45.8
3/6/2025 6:00,avenue41_to_harrisln,NB,0.06,0.55,41.1
3/6/2025 7:00,avenue41_to_harrisln,NB,0.06,0.59,37.1
3/6/2025 8:00,avenue41_to_harrisln,NB,0.07,0.63,34.4
3/6/2025 9:00,avenue41_to_harrisln,NB,0.05,0.59,36.4
3/6/2025 10:00,avenue41_to_harrisln,NB,0.08,0.65,33.2
3/6/2025 11:00,avenue41_to_harrisln,NB,0.1,0.68,31.8
3/6/2025 12:00,avenue41_to_harrisln,NB,0.11,0.69,31.3
3/6/2025 13:00,avenue41_to_harrisln,NB,0.07,0.63,34.3
3/6/2025 14:00,avenue41_to_harrisln,NB,0.19,0.77,28.4
3/6/2025 15:00,avenue41_to_harrisln,NB,1.71,2.3,11.8
3/6/2025 16:00,avenue41_to_harrisln,NB,0.89,1.47,15.6
3/6/2025 17:00,avenue41_to_harrisln,NB,1.95,2.55,9.4
3/6/2025 18:00,avenue41_to_harrisln,NB,0.23,0.81,28.3
3/6/2025 19:00,avenue41_to_harrisln,NB,0.07,0.65,33.3
3/6/2025 20:00,avenue41_to_harrisln,NB,0.08,0.67,32.2
3/6/2025 21:00,avenue41_to_harrisln,NB,0.08,0.68,31.9
3/6/2025 22:00,avenue41_to_harrisln,NB,0.04,0.6,36.2
3/6/2025 23:00,avenue41_to_harrisln,NB,0.07,0.6,36.6
3/7/2025 0:00,avenue41_to_harrisln,NB,0.01,0.52,41.5
3/7/2025 1:00,avenue41_to_harrisln,NB,0,0.52,41.5
3/7/2025 2:00,avenue41_to_harrisln,NB,0,0.52,41.3
3/7/2025 3:00,avenue41_to_harrisln,NB,0.01,0.51,42.6
3/7/2025 4:00,avenue41_to_harrisln,NB,0.01,0.54,40.1
3/7/2025 5:00,avenue41_to_harrisln,NB,0,0.48,45.1
3/7/2025 6:00,avenue41_to_harrisln,NB,0.02,0.54,39.9
3/7/2025 7:00,avenue41_to_harrisln,NB,0.08,0.62,35.1
3/7/2025 8:00,avenue41_to_harrisln,NB,0.04,0.6,36.1
3/7/2025 9:00,avenue41_to_harrisln,NB,0.07,0.62,34.6
3/7/2025 10:00,avenue41_to_harrisln,NB,0.07,0.63,34.5
3/7/2025 11:00,avenue41_to_harrisln,NB,0.08,0.64,33.9
3/7/2025 12:00,avenue41_to_harrisln,NB,0.09,0.66,32.8
3/7/2025 13:00,avenue41_to_harrisln,NB,0.09,0.68,32.1
3/7/2025 14:00,avenue41_to_harrisln,NB,0.22,0.81,27.2
3/7/2025 15:00,avenue41_to_harrisln,NB,1.91,2.51,11.5
3/7/2025 16:00,avenue41_to_harrisln,NB,0.86,1.44,17.5
3/7/2025 17:00,avenue41_to_harrisln,NB,1.83,2.44,9.5
3/7/2025 18:00,avenue41_to_harrisln,NB,0.69,1.3,17.8
3/7/2025 19:00,avenue41_to_harrisln,NB,0.21,0.8,27.6
3/7/2025 20:00,avenue41_to_harrisln,NB,0.06,0.65,33.2
3/7/2025 21:00,avenue41_to_harrisln,NB,0.08,0.65,33.8
3/7/2025 22:00,avenue41_to_harrisln,NB,0.02,0.6,35.9
3/7/2025 23:00,avenue41_to_harrisln,NB,0.02,0.57,37.9
3/8/2025 0:00,avenue41_to_harrisln,NB,0,0.52,41.3
3/8/2025 1:00,avenue41_to_harrisln,NB,0,0.49,43.7
3/8/2025 2:00,avenue41_to_harrisln,NB,0.01,0.5,42.8
3/8/2025 3:00,avenue41_to_harrisln,NB,0,0.49,43.6
3/8/2025 4:00,avenue41_to_harrisln,NB,0,0.44,48.6
3/8/2025 5:00,avenue41_to_harrisln,NB,0,0.47,45.3
3/8/2025 6:00,avenue41_to_harrisln,NB,0.01,0.52,41.5
3/8/2025 7:00,avenue41_to_harrisln,NB,0.04,0.55,39.5
3/8/2025 8:00,avenue41_to_harrisln,NB,0.03,0.55,39.4
3/8/2025 9:00,avenue41_to_harrisln,NB,0.04,0.58,37.4
3/8/2025 10:00,avenue41_to_harrisln,NB,0.05,0.63,34.6
3/8/2025 11:00,avenue41_to_harrisln,NB,0.04,0.6,35.9
3/8/2025 12:00,avenue41_to_harrisln,NB,0.05,0.62,34.6
3/8/2025 13:00,avenue41_to_harrisln,NB,0.05,0.62,34.8
3/8/2025 14:00,avenue41_to_harrisln,NB,0.07,0.61,35.7
3/8/2025 15:00,avenue41_to_harrisln,NB,0.04,0.59,36.2
3/8/2025 16:00,avenue41_to_harrisln,NB,0.07,0.65,33.3
3/8/2025 17:00,avenue41_to_harrisln,NB,0.62,1.21,21
3/8/2025 18:00,avenue41_to_harrisln,NB,0.09,0.68,32.2
3/8/2025 19:00,avenue41_to_harrisln,NB,0.04,0.61,35.1
3/8/2025 20:00,avenue41_to_harrisln,NB,0.11,0.7,31.4
3/8/2025 21:00,avenue41_to_harrisln,NB,0.06,0.64,33.7
3/8/2025 22:00,avenue41_to_harrisln,NB,0.06,0.64,34
3/8/2025 23:00,avenue41_to_harrisln,NB,0.01,0.56,38.4
3/9/2025 0:00,avenue41_to_harrisln,NB,0.04,0.56,39.2
3/9/2025 1:00,avenue41_to_harrisln,NB,0.01,0.51,42.4
3/9/2025 3:00,avenue41_to_harrisln,NB,0,0.5,43
3/9/2025 4:00,avenue41_to_harrisln,NB,0,0.48,44.7
3/9/2025 5:00,avenue41_to_harrisln,NB,0,0.49,44
3/9/2025 6:00,avenue41_to_harrisln,NB,0.01,0.5,42.8
3/9/2025 7:00,avenue41_to_harrisln,NB,0.03,0.53,40.5
3/9/2025 8:00,avenue41_to_harrisln,NB,0.01,0.55,39.3
3/9/2025 9:00,avenue41_to_harrisln,NB,0.01,0.56,38.4
3/9/2025 10:00,avenue41_to_harrisln,NB,0.05,0.62,34.8
3/9/2025 11:00,avenue41_to_harrisln,NB,0.03,0.59,36.4
3/9/2025 12:00,avenue41_to_harrisln,NB,0.02,0.57,37.8
3/9/2025 13:00,avenue41_to_harrisln,NB,0.04,0.6,35.9
3/9/2025 14:00,avenue41_to_harrisln,NB,0.03,0.6,35.9
3/9/2025 15:00,avenue41_to_harrisln,NB,0.11,0.69,31.4
3/9/2025 16:00,avenue41_to_harrisln,NB,0.38,0.95,24.7
3/9/2025 17:00,avenue41_to_harrisln,NB,0.18,0.77,29.8
3/9/2025 18:00,avenue41_to_harrisln,NB,0.13,0.71,31.2
3/9/2025 19:00,avenue41_to_harrisln,NB,0.29,0.87,27.6
3/9/2025 20:00,avenue41_to_harrisln,NB,0.03,0.61,35.2
3/9/2025 21:00,avenue41_to_harrisln,NB,0.06,0.64,34.3
3/9/2025 22:00,avenue41_to_harrisln,NB,0.03,0.59,36.7
3/9/2025 23:00,avenue41_to_harrisln,NB,0.01,0.53,40.6
3/10/2025 0:00,avenue41_to_harrisln,NB,0,0.5,43.1
3/10/2025 1:00,avenue41_to_harrisln,NB,0,0.48,44.5
3/10/2025 2:00,avenue41_to_harrisln,NB,0,0.48,44.5
3/10/2025 3:00,avenue41_to_harrisln,NB,0,0.47,45.7
3/10/2025 4:00,avenue41_to_harrisln,NB,0.01,0.52,41.4
3/10/2025 5:00,avenue41_to_harrisln,NB,0.04,0.53,41.4
3/10/2025 6:00,avenue41_to_harrisln,NB,0.02,0.53,41.1
3/10/2025 7:00,avenue41_to_harrisln,NB,0.07,0.61,35.7
3/10/2025 8:00,avenue41_to_harrisln,NB,0.1,0.67,32.7
3/10/2025 9:00,avenue41_to_harrisln,NB,0.06,0.61,35.5
3/10/2025 10:00,avenue41_to_harrisln,NB,0.09,0.65,33.2
3/10/2025 11:00,avenue41_to_harrisln,NB,0.07,0.63,34.1
3/10/2025 12:00,avenue41_to_harrisln,NB,0.07,0.64,33.9
3/10/2025 13:00,avenue41_to_harrisln,NB,0.1,0.67,32.2
3/10/2025 14:00,avenue41_to_harrisln,NB,0.19,0.76,28.9
3/10/2025 15:00,avenue41_to_harrisln,NB,1.35,1.94,12.2
3/10/2025 16:00,avenue41_to_harrisln,NB,0.35,0.91,24.8
3/10/2025 17:00,avenue41_to_harrisln,NB,0.83,1.41,18
3/10/2025 18:00,avenue41_to_harrisln,NB,0.1,0.69,31.8
3/10/2025 19:00,avenue41_to_harrisln,NB,0.05,0.63,34
3/10/2025 20:00,avenue41_to_harrisln,NB,0.05,0.63,34.5
3/10/2025 21:00,avenue41_to_harrisln,NB,0.05,0.61,35.3
3/10/2025 22:00,avenue41_to_harrisln,NB,0.02,0.58,37.1
3/10/2025 23:00,avenue41_to_harrisln,NB,0.01,0.55,39.4
3/11/2025 0:00,avenue41_to_harrisln,NB,0,0.53,40.5
3/11/2025 1:00,avenue41_to_harrisln,NB,0,0.49,43.8
3/11/2025 2:00,avenue41_to_harrisln,NB,0,0.47,46
3/11/2025 3:00,avenue41_to_harrisln,NB,0,0.51,42.5
3/11/2025 4:00,avenue41_to_harrisln,NB,0,0.47,45.9
3/11/2025 5:00,avenue41_to_harrisln,NB,0.01,0.52,41.2
3/11/2025 6:00,avenue41_to_harrisln,NB,0.04,0.54,39.7
3/11/2025 7:00,avenue41_to_harrisln,NB,0.08,0.61,35.6
3/11/2025 8:00,avenue41_to_harrisln,NB,0.07,0.64,33.6
3/11/2025 9:00,avenue41_to_harrisln,NB,0.08,0.67,32.2
3/11/2025 10:00,avenue41_to_harrisln,NB,0.11,0.68,32.3
3/11/2025 11:00,avenue41_to_harrisln,NB,0.06,0.63,34.2
3/11/2025 12:00,avenue41_to_harrisln,NB,0.08,0.65,33.1
3/11/2025 13:00,avenue41_to_harrisln,NB,0.13,0.69,31.9
3/11/2025 14:00,avenue41_to_harrisln,NB,0.19,0.76,28.5
3/11/2025 15:00,avenue41_to_harrisln,NB,0.45,1.01,22.4
3/11/2025 16:00,avenue41_to_harrisln,NB,2.2,2.81,9.3
3/11/2025 17:00,avenue41_to_harrisln,NB,2.42,3.01,13.6
3/11/2025 18:00,avenue41_to_harrisln,NB,0.07,0.64,34.1
3/11/2025 19:00,avenue41_to_harrisln,NB,0.05,0.61,35.4
3/11/2025 20:00,avenue41_to_harrisln,NB,0.04,0.61,35.7
3/11/2025 21:00,avenue41_to_harrisln,NB,0.03,0.55,39.6
3/11/2025 22:00,avenue41_to_harrisln,NB,0.01,0.52,41
3/11/2025 23:00,avenue41_to_harrisln,NB,0,0.53,40.5
3/12/2025 0:00,avenue41_to_harrisln,NB,0,0.49,43.5
3/12/2025 1:00,avenue41_to_harrisln,NB,0.01,0.51,42.7
3/12/2025 2:00,avenue41_to_harrisln,NB,0.04,0.56,38.1
3/12/2025 3:00,avenue41_to_harrisln,NB,0,0.46,46.7
3/12/2025 4:00,avenue41_to_harrisln,NB,0,0.47,45.3
3/12/2025 5:00,avenue41_to_harrisln,NB,0,0.48,44.5
3/12/2025 6:00,avenue41_to_harrisln,NB,0.03,0.54,40
3/12/2025 7:00,avenue41_to_harrisln,NB,0.09,0.63,35.2
3/12/2025 8:00,avenue41_to_harrisln,NB,0.06,0.61,35.3
3/12/2025 9:00,avenue41_to_harrisln,NB,0.13,0.68,32.9
3/12/2025 10:00,avenue41_to_harrisln,NB,0.02,0.58,36.9
3/12/2025 11:00,avenue41_to_harrisln,NB,0.1,0.67,32.3
3/12/2025 12:00,avenue41_to_harrisln,NB,0.07,0.64,33.5
3/12/2025 13:00,avenue41_to_harrisln,NB,0.12,0.67,33.1
3/12/2025 14:00,avenue41_to_harrisln,NB,0.17,0.75,29.4
3/12/2025 15:00,avenue41_to_harrisln,NB,0.48,1.04,22.6
3/12/2025 16:00,avenue41_to_harrisln,NB,0.24,0.82,27.1
3/12/2025 17:00,avenue41_to_harrisln,NB,0.48,1.05,21.9
3/12/2025 18:00,avenue41_to_harrisln,NB,0.35,0.92,26.7
3/12/2025 19:00,avenue41_to_harrisln,NB,0.05,0.62,34.9
3/12/2025 20:00,avenue41_to_harrisln,NB,0.12,0.68,32.4
3/12/2025 21:00,avenue41_to_harrisln,NB,0.03,0.56,38.2
3/12/2025 22:00,avenue41_to_harrisln,NB,0.02,0.57,37.9
3/12/2025 23:00,avenue41_to_harrisln,NB,0.04,0.56,38.7
3/13/2025 0:00,avenue41_to_harrisln,NB,0,0.49,43.4
3/13/2025 1:00,avenue41_to_harrisln,NB,0,0.49,44
3/13/2025 2:00,avenue41_to_harrisln,NB,0,0.5,42.6
3/13/2025 3:00,avenue41_to_harrisln,NB,0,0.49,43.4
3/13/2025 4:00,avenue41_to_harrisln,NB,0,0.46,46.8
3/13/2025 5:00,avenue41_to_harrisln,NB,0,0.48,44.6
3/13/2025 6:00,avenue41_to_harrisln,NB,0.01,0.52,41.3
3/13/2025 7:00,avenue41_to_harrisln,NB,0.03,0.59,36.8
3/13/2025 8:00,avenue41_to_harrisln,NB,0.06,0.66,32.3
3/13/2025 9:00,avenue41_to_harrisln,NB,0.09,0.66,32.9
3/13/2025 10:00,avenue41_to_harrisln,NB,0.05,0.61,35.3
3/13/2025 11:00,avenue41_to_harrisln,NB,0.09,0.66,33
3/13/2025 12:00,avenue41_to_harrisln,NB,0.1,0.68,31.8
3/13/2025 13:00,avenue41_to_harrisln,NB,0.09,0.65,33.4
3/13/2025 14:00,avenue41_to_harrisln,NB,0.08,0.65,33.1
3/13/2025 15:00,avenue41_to_harrisln,NB,0.11,0.7,30.9
3/13/2025 16:00,avenue41_to_harrisln,NB,0.72,1.3,21.1
3/13/2025 17:00,avenue41_to_harrisln,NB,0.22,0.79,28.9
3/13/2025 18:00,avenue41_to_harrisln,NB,0.03,0.58,36.9
3/13/2025 19:00,avenue41_to_harrisln,NB,0.06,0.63,34.3
3/13/2025 20:00,avenue41_to_harrisln,NB,0.13,0.71,31.3
3/13/2025 21:00,avenue41_to_harrisln,NB,0.09,0.66,33.2
3/13/2025 22:00,avenue41_to_harrisln,NB,0,0.5,43.3
3/13/2025 23:00,avenue41_to_harrisln,NB,0.03,0.49,44.7
3/14/2025 0:00,avenue41_to_harrisln,NB,0.01,0.47,45.5
3/14/2025 1:00,avenue41_to_harrisln,NB,0,0.45,47.9
3/14/2025 2:00,avenue41_to_harrisln,NB,0,0.43,50
3/14/2025 3:00,avenue41_to_harrisln,NB,0.02,0.48,44.6
3/14/2025 4:00,avenue41_to_harrisln,NB,0,0.48,45.2
3/14/2025 5:00,avenue41_to_harrisln,NB,0.02,0.53,41.2
3/14/2025 6:00,avenue41_to_harrisln,NB,0.04,0.55,39.8
3/14/2025 7:00,avenue41_to_harrisln,NB,0.1,0.64,34.3
3/14/2025 8:00,avenue41_to_harrisln,NB,0.15,0.72,30.7
3/14/2025 9:00,avenue41_to_harrisln,NB,0.05,0.61,35.3
3/14/2025 10:00,avenue41_to_harrisln,NB,0.08,0.63,35
3/14/2025 11:00,avenue41_to_harrisln,NB,0.15,0.73,30
3/14/2025 12:00,avenue41_to_harrisln,NB,0.09,0.65,33.2
3/14/2025 13:00,avenue41_to_harrisln,NB,0.1,0.67,32.1
3/14/2025 14:00,avenue41_to_harrisln,NB,0.22,0.79,27.9
3/14/2025 15:00,avenue41_to_harrisln,NB,0.41,0.99,22.9
3/14/2025 16:00,avenue41_to_harrisln,NB,0.19,0.75,29.4
3/14/2025 17:00,avenue41_to_harrisln,NB,0.09,0.66,32.9
3/14/2025 18:00,avenue41_to_harrisln,NB,0.08,0.66,32.7
3/14/2025 19:00,avenue41_to_harrisln,NB,0.05,0.62,34.4
3/14/2025 20:00,avenue41_to_harrisln,NB,0.08,0.64,33.6
3/14/2025 21:00,avenue41_to_harrisln,NB,0.03,0.6,35.8
3/14/2025 22:00,avenue41_to_harrisln,NB,0.01,0.54,40
3/14/2025 23:00,avenue41_to_harrisln,NB,0.01,0.54,39.9
3/15/2025 0:00,avenue41_to_harrisln,NB,0,0.48,44.8
3/15/2025 1:00,avenue41_to_harrisln,NB,0.04,0.54,40.6
3/15/2025 2:00,avenue41_to_harrisln,NB,0.04,0.58,38.5
3/15/2025 3:00,avenue41_to_harrisln,NB,0,0.52,41
3/15/2025 4:00,avenue41_to_harrisln,NB,0,0.51,41.9
3/15/2025 5:00,avenue41_to_harrisln,NB,0,0.51,42.1
3/15/2025 6:00,avenue41_to_harrisln,NB,0.01,0.51,42.7
3/15/2025 7:00,avenue41_to_harrisln,NB,0.04,0.56,39.4
3/15/2025 8:00,avenue41_to_harrisln,NB,0.04,0.54,40.1
3/15/2025 9:00,avenue41_to_harrisln,NB,0.05,0.59,37
3/15/2025 10:00,avenue41_to_harrisln,NB,0.03,0.59,36.6
3/15/2025 11:00,avenue41_to_harrisln,NB,0.02,0.58,37.4
3/15/2025 12:00,avenue41_to_harrisln,NB,0.03,0.59,36.4
3/15/2025 13:00,avenue41_to_harrisln,NB,0.05,0.61,35.6
3/15/2025 14:00,avenue41_to_harrisln,NB,0.04,0.59,36.7
3/15/2025 15:00,avenue41_to_harrisln,NB,0.05,0.61,35.3
3/15/2025 16:00,avenue41_to_harrisln,NB,0.03,0.58,37.1
3/15/2025 17:00,avenue41_to_harrisln,NB,0.03,0.61,35.3
3/15/2025 18:00,avenue41_to_harrisln,NB,0.61,1.18,27.2
3/15/2025 19:00,avenue41_to_harrisln,NB,0.05,0.64,33.7
3/15/2025 20:00,avenue41_to_harrisln,NB,0.06,0.63,34.8
3/15/2025 21:00,avenue41_to_harrisln,NB,0.01,0.54,39.8
3/15/2025 22:00,avenue41_to_harrisln,NB,0.02,0.53,40.7
3/15/2025 23:00,avenue41_to_harrisln,NB,0,0.5,42.7
3/16/2025 0:00,avenue41_to_harrisln,NB,0,0.48,44.3
3/16/2025 1:00,avenue41_to_harrisln,NB,0,0.49,44.3
3/16/2025 2:00,avenue41_to_harrisln,NB,0,0.48,44.6
3/16/2025 3:00,avenue41_to_harrisln,NB,0,0.48,44.6
3/16/2025 4:00,avenue41_to_harrisln,NB,0,0.48,44.3
3/16/2025 5:00,avenue41_to_harrisln,NB,0,0.46,46.7
3/16/2025 6:00,avenue41_to_harrisln,NB,0.01,0.49,44.3
3/16/2025 7:00,avenue41_to_harrisln,NB,0,0.5,43.4
3/16/2025 8:00,avenue41_to_harrisln,NB,0.01,0.51,41.8
3/16/2025 9:00,avenue41_to_harrisln,NB,0.03,0.54,39.8
3/16/2025 10:00,avenue41_to_harrisln,NB,0.06,0.62,35.1
3/16/2025 11:00,avenue41_to_harrisln,NB,0.05,0.6,35.7
3/16/2025 12:00,avenue41_to_harrisln,NB,0.04,0.57,37.6
3/16/2025 13:00,avenue41_to_harrisln,NB,0.04,0.59,36.3
3/16/2025 14:00,avenue41_to_harrisln,NB,0.05,0.59,36.9
3/16/2025 15:00,avenue41_to_harrisln,NB,0.31,0.9,30.6
3/16/2025 16:00,avenue41_to_harrisln,NB,0.95,1.54,21.7
3/16/2025 17:00,avenue41_to_harrisln,NB,0.03,0.58,37.4
3/16/2025 18:00,avenue41_to_harrisln,NB,0.06,0.6,36.4
3/16/2025 19:00,avenue41_to_harrisln,NB,0.02,0.55,38.9
3/16/2025 20:00,avenue41_to_harrisln,NB,0.02,0.57,38
3/16/2025 21:00,avenue41_to_harrisln,NB,0.05,0.57,38.2
3/16/2025 22:00,avenue41_to_harrisln,NB,0.01,0.49,43.8
3/16/2025 23:00,avenue41_to_harrisln,NB,0.03,0.51,42.3
3/17/2025 0:00,avenue41_to_harrisln,NB,0,0.5,42.6
3/17/2025 1:00,avenue41_to_harrisln,NB,0.02,0.5,42.8
3/17/2025 2:00,avenue41_to_harrisln,NB,0.01,0.54,39.4
3/17/2025 3:00,avenue41_to_harrisln,NB,0,0.47,46.3
3/17/2025 4:00,avenue41_to_harrisln,NB,0,0.48,44.4
3/17/2025 5:00,avenue41_to_harrisln,NB,0.01,0.48,44.8
3/17/2025 6:00,avenue41_to_harrisln,NB,0.03,0.53,41.4
3/17/2025 7:00,avenue41_to_harrisln,NB,0.07,0.59,36.7
3/17/2025 8:00,avenue41_to_harrisln,NB,0.1,0.66,33.3
3/17/2025 9:00,avenue41_to_harrisln,NB,0.04,0.61,35.4
3/17/2025 10:00,avenue41_to_harrisln,NB,0.04,0.59,36.7
3/17/2025 11:00,avenue41_to_harrisln,NB,0.06,0.62,34.5
3/17/2025 12:00,avenue41_to_harrisln,NB,0.09,0.64,33.9
3/17/2025 13:00,avenue41_to_harrisln,NB,0.09,0.63,34.4
3/17/2025 14:00,avenue41_to_harrisln,NB,0.18,0.73,30.1
3/17/2025 15:00,avenue41_to_harrisln,NB,0.29,0.87,25.3
3/17/2025 16:00,avenue41_to_harrisln,NB,0.15,0.71,31
3/17/2025 17:00,avenue41_to_harrisln,NB,0.05,0.59,36.2
3/17/2025 18:00,avenue41_to_harrisln,NB,0.06,0.61,35.5
3/17/2025 19:00,avenue41_to_harrisln,NB,0.04,0.57,37.8
3/17/2025 20:00,avenue41_to_harrisln,NB,0.03,0.56,38.7
3/17/2025 21:00,avenue41_to_harrisln,NB,0.04,0.57,38.2
3/17/2025 22:00,avenue41_to_harrisln,NB,0,0.52,41.8
3/17/2025 23:00,avenue41_to_harrisln,NB,0.01,0.56,38.2
3/18/2025 0:00,avenue41_to_harrisln,NB,0.01,0.55,38.9
3/18/2025 1:00,avenue41_to_harrisln,NB,0,0.55,39.4
3/18/2025 2:00,avenue41_to_harrisln,NB,0,0.47,45.9
3/18/2025 3:00,avenue41_to_harrisln,NB,0,0.51,42.2
3/18/2025 4:00,avenue41_to_harrisln,NB,0,0.53,40.5
3/18/2025 5:00,avenue41_to_harrisln,NB,0,0.48,44.4
3/18/2025 6:00,avenue41_to_harrisln,NB,0.04,0.55,39.7
3/18/2025 7:00,avenue41_to_harrisln,NB,0.06,0.61,35.8
3/18/2025 8:00,avenue41_to_harrisln,NB,0.07,0.62,35.1
3/18/2025 9:00,avenue41_to_harrisln,NB,0.04,0.61,35.1
3/18/2025 10:00,avenue41_to_harrisln,NB,0.05,0.61,35
3/18/2025 11:00,avenue41_to_harrisln,NB,0.07,0.63,34.1
3/18/2025 12:00,avenue41_to_harrisln,NB,0.1,0.67,32.4
3/18/2025 13:00,avenue41_to_harrisln,NB,0.07,0.64,33.6
3/18/2025 14:00,avenue41_to_harrisln,NB,0.16,0.74,29.8
3/18/2025 15:00,avenue41_to_harrisln,NB,0.27,0.85,26.3
3/18/2025 16:00,avenue41_to_harrisln,NB,0.13,0.69,31.3
3/18/2025 17:00,avenue41_to_harrisln,NB,0.08,0.63,34.1
3/18/2025 18:00,avenue41_to_harrisln,NB,0.03,0.58,37.2
3/18/2025 19:00,avenue41_to_harrisln,NB,0.04,0.58,37.3
3/18/2025 20:00,avenue41_to_harrisln,NB,0.06,0.6,36.4
3/18/2025 21:00,avenue41_to_harrisln,NB,0.02,0.52,41.7
3/18/2025 22:00,avenue41_to_harrisln,NB,0,0.51,42.7
3/18/2025 23:00,avenue41_to_harrisln,NB,0,0.5,43.1
3/19/2025 0:00,avenue41_to_harrisln,NB,0,0.47,45.4
3/19/2025 1:00,avenue41_to_harrisln,NB,0,0.49,43.8
3/19/2025 2:00,avenue41_to_harrisln,NB,0,0.48,44.3
3/19/2025 3:00,avenue41_to_harrisln,NB,0,0.43,50.6
3/19/2025 4:00,avenue41_to_harrisln,NB,0,0.49,43.4
3/19/2025 5:00,avenue41_to_harrisln,NB,0.02,0.47,45.6
3/19/2025 6:00,avenue41_to_harrisln,NB,0.04,0.56,38.8
3/19/2025 7:00,avenue41_to_harrisln,NB,0.09,0.64,34
3/19/2025 8:00,avenue41_to_harrisln,NB,0.14,0.7,31.2
3/19/2025 9:00,avenue41_to_harrisln,NB,0.04,0.61,34.9
3/19/2025 10:00,avenue41_to_harrisln,NB,0.05,0.59,36.3
3/19/2025 11:00,avenue41_to_harrisln,NB,0.07,0.63,33.9
3/19/2025 12:00,avenue41_to_harrisln,NB,0.06,0.61,35.4
3/19/2025 13:00,avenue41_to_harrisln,NB,0.15,0.71,30.7
3/19/2025 14:00,avenue41_to_harrisln,NB,0.2,0.77,28.4
3/19/2025 15:00,avenue41_to_harrisln,NB,0.52,1.1,21.5
3/19/2025 16:00,avenue41_to_harrisln,NB,0.14,0.7,30.9
3/19/2025 17:00,avenue41_to_harrisln,NB,0.09,0.64,33.7
3/19/2025 18:00,avenue41_to_harrisln,NB,0.05,0.59,36.4
3/19/2025 19:00,avenue41_to_harrisln,NB,0.02,0.56,38.4
3/19/2025 20:00,avenue41_to_harrisln,NB,0.04,0.57,37.9
3/19/2025 21:00,avenue41_to_harrisln,NB,0.03,0.55,39.3
3/19/2025 22:00,avenue41_to_harrisln,NB,0.01,0.52,41.6
3/19/2025 23:00,avenue41_to_harrisln,NB,0,0.49,44.3
3/20/2025 0:00,avenue41_to_harrisln,NB,0,0.47,45.4
3/20/2025 1:00,avenue41_to_harrisln,NB,0,0.5,42.9
3/20/2025 2:00,avenue41_to_harrisln,NB,0,0.45,47.2
3/20/2025 3:00,avenue41_to_harrisln,NB,0,0.38,57.6
3/20/2025 4:00,avenue41_to_harrisln,NB,0,0.48,45
3/20/2025 5:00,avenue41_to_harrisln,NB,0.02,0.54,40
3/20/2025 6:00,avenue41_to_harrisln,NB,0.06,0.59,37.2
3/20/2025 7:00,avenue41_to_harrisln,NB,0.11,0.64,34.2
3/20/2025 8:00,avenue41_to_harrisln,NB,0.09,0.64,34.1
3/20/2025 9:00,avenue41_to_harrisln,NB,0.11,0.68,32.5
3/20/2025 10:00,avenue41_to_harrisln,NB,0.04,0.6,35.6
3/20/2025 11:00,avenue41_to_harrisln,NB,0.06,0.63,34.4
3/20/2025 12:00,avenue41_to_harrisln,NB,0.11,0.69,31.6
3/20/2025 13:00,avenue41_to_harrisln,NB,0.09,0.65,33.6
3/20/2025 14:00,avenue41_to_harrisln,NB,0.28,0.84,28
3/20/2025 15:00,avenue41_to_harrisln,NB,0.2,0.78,28.8
3/20/2025 16:00,avenue41_to_harrisln,NB,0.19,0.76,29.3
3/20/2025 17:00,avenue41_to_harrisln,NB,0.1,0.65,33.5
3/20/2025 18:00,avenue41_to_harrisln,NB,0.07,0.6,36.4
3/20/2025 19:00,avenue41_to_harrisln,NB,0.07,0.62,35.1
3/20/2025 20:00,avenue41_to_harrisln,NB,0.03,0.57,37.6
3/20/2025 21:00,avenue41_to_harrisln,NB,0.02,0.54,39.9
3/20/2025 22:00,avenue41_to_harrisln,NB,0,0.52,41.4
3/20/2025 23:00,avenue41_to_harrisln,NB,0.01,0.53,40.8
3/21/2025 0:00,avenue41_to_harrisln,NB,0,0.48,44.4
3/21/2025 1:00,avenue41_to_harrisln,NB,0,0.48,44.6
3/21/2025 2:00,avenue41_to_harrisln,NB,0.01,0.5,42.9
3/21/2025 3:00,avenue41_to_harrisln,NB,0,0.47,45.4
3/21/2025 4:00,avenue41_to_harrisln,NB,0,0.47,45.5
3/21/2025 5:00,avenue41_to_harrisln,NB,0.01,0.49,44.2
3/21/2025 6:00,avenue41_to_harrisln,NB,0.02,0.56,38.9
3/21/2025 7:00,avenue41_to_harrisln,NB,0.09,0.65,33.8
3/21/2025 8:00,avenue41_to_harrisln,NB,0.06,0.62,34.6
3/21/2025 9:00,avenue41_to_harrisln,NB,0.07,0.63,34
3/21/2025 10:00,avenue41_to_harrisln,NB,0.12,0.67,32.9
3/21/2025 11:00,avenue41_to_harrisln,NB,0.14,0.71,31.3
3/21/2025 12:00,avenue41_to_harrisln,NB,0.1,0.67,32.2
3/21/2025 13:00,avenue41_to_harrisln,NB,0.11,0.68,31.6
3/21/2025 14:00,avenue41_to_harrisln,NB,0.31,0.88,26.7
3/21/2025 15:00,avenue41_to_harrisln,NB,0.19,0.75,29.7
3/21/2025 16:00,avenue41_to_harrisln,NB,0.32,0.88,28.8
3/21/2025 17:00,avenue41_to_harrisln,NB,0.14,0.69,31.8
3/21/2025 18:00,avenue41_to_harrisln,NB,0.05,0.62,34.7
3/21/2025 19:00,avenue41_to_harrisln,NB,0.02,0.58,36.9
3/21/2025 20:00,avenue41_to_harrisln,NB,0.02,0.58,37.1
3/21/2025 21:00,avenue41_to_harrisln,NB,0.01,0.55,39.4
3/21/2025 22:00,avenue41_to_harrisln,NB,0.03,0.53,41
3/21/2025 23:00,avenue41_to_harrisln,NB,0.01,0.51,42.2
3/22/2025 0:00,avenue41_to_harrisln,NB,0.02,0.54,40.1
3/22/2025 1:00,avenue41_to_harrisln,NB,0.01,0.51,42.7
3/22/2025 2:00,avenue41_to_harrisln,NB,0,0.48,45
3/22/2025 3:00,avenue41_to_harrisln,NB,0.03,0.58,37.5
3/22/2025 4:00,avenue41_to_harrisln,NB,0,0.51,42.5
3/22/2025 5:00,avenue41_to_harrisln,NB,0,0.45,48
3/22/2025 6:00,avenue41_to_harrisln,NB,0,0.51,42.5
3/22/2025 7:00,avenue41_to_harrisln,NB,0,0.5,43.1
3/22/2025 8:00,avenue41_to_harrisln,NB,0.01,0.54,39.5
3/22/2025 9:00,avenue41_to_harrisln,NB,0.04,0.58,37.1
3/22/2025 10:00,avenue41_to_harrisln,NB,0.03,0.57,38.1
3/22/2025 11:00,avenue41_to_harrisln,NB,0.03,0.58,37.2
3/22/2025 12:00,avenue41_to_harrisln,NB,0.01,0.56,38.7
3/22/2025 13:00,avenue41_to_harrisln,NB,0.03,0.58,37.4
3/22/2025 14:00,avenue41_to_harrisln,NB,0.04,0.58,37
3/22/2025 15:00,avenue41_to_harrisln,NB,0.01,0.54,39.6
3/22/2025 16:00,avenue41_to_harrisln,NB,0.04,0.59,36.8
3/22/2025 17:00,avenue41_to_harrisln,NB,0.04,0.59,36.8
3/22/2025 18:00,avenue41_to_harrisln,NB,0.01,0.55,38.9
3/22/2025 19:00,avenue41_to_harrisln,NB,0.06,0.62,35.4
3/22/2025 20:00,avenue41_to_harrisln,NB,0.02,0.55,39.1
3/22/2025 21:00,avenue41_to_harrisln,NB,0.02,0.56,38.3
3/22/2025 22:00,avenue41_to_harrisln,NB,0,0.54,39.5
3/22/2025 23:00,avenue41_to_harrisln,NB,0.04,0.55,40.2
3/23/2025 0:00,avenue41_to_harrisln,NB,0,0.47,45.7
3/23/2025 1:00,avenue41_to_harrisln,NB,0.01,0.52,41.9
3/23/2025 2:00,avenue41_to_harrisln,NB,0.02,0.56,39.1
3/23/2025 3:00,avenue41_to_harrisln,NB,0,0.46,46.5
3/23/2025 4:00,avenue41_to_harrisln,NB,0,0.44,48.9
3/23/2025 5:00,avenue41_to_harrisln,NB,0,0.47,45.9
3/23/2025 6:00,avenue41_to_harrisln,NB,0.02,0.54,39.9
3/23/2025 7:00,avenue41_to_harrisln,NB,0.02,0.54,39.8
3/23/2025 8:00,avenue41_to_harrisln,NB,0,0.53,40.6
3/23/2025 9:00,avenue41_to_harrisln,NB,0.03,0.56,38.6
3/23/2025 10:00,avenue41_to_harrisln,NB,0.02,0.56,38.3
3/23/2025 11:00,avenue41_to_harrisln,NB,0.02,0.58,37.3
3/23/2025 12:00,avenue41_to_harrisln,NB,0.01,0.57,37.9
3/23/2025 13:00,avenue41_to_harrisln,NB,0.03,0.57,38
3/23/2025 14:00,avenue41_to_harrisln,NB,0.01,0.55,39.2
3/23/2025 15:00,avenue41_to_harrisln,NB,0.03,0.58,37.3
3/23/2025 16:00,avenue41_to_harrisln,NB,0.03,0.56,38.8
3/23/2025 17:00,avenue41_to_harrisln,NB,0.01,0.54,39.7
3/23/2025 18:00,avenue41_to_harrisln,NB,0.04,0.58,37.4
3/23/2025 19:00,avenue41_to_harrisln,NB,0.04,0.58,37.3
3/23/2025 20:00,avenue41_to_harrisln,NB,0.01,0.54,40.2
3/23/2025 21:00,avenue41_to_harrisln,NB,0,0.49,43.4
3/23/2025 22:00,avenue41_to_harrisln,NB,0.01,0.51,42.3
3/23/2025 23:00,avenue41_to_harrisln,NB,0.02,0.52,41.7
3/24/2025 0:00,avenue41_to_harrisln,NB,0,0.48,44.4
3/24/2025 1:00,avenue41_to_harrisln,NB,0,0.52,41.4
3/24/2025 2:00,avenue41_to_harrisln,NB,0.01,0.52,41.4
3/24/2025 3:00,avenue41_to_harrisln,NB,0,0.46,46.8
3/24/2025 4:00,avenue41_to_harrisln,NB,0,0.49,44.2
3/24/2025 5:00,avenue41_to_harrisln,NB,0,0.49,44
3/24/2025 6:00,avenue41_to_harrisln,NB,0,0.54,40
3/24/2025 7:00,avenue41_to_harrisln,NB,0.08,0.61,35.7
3/24/2025 8:00,avenue41_to_harrisln,NB,0.13,0.69,32.6
3/24/2025 9:00,avenue41_to_harrisln,NB,0.05,0.62,34.9
3/24/2025 10:00,avenue41_to_harrisln,NB,0.06,0.62,34.7
3/24/2025 11:00,avenue41_to_harrisln,NB,0.05,0.6,36.1
3/24/2025 12:00,avenue41_to_harrisln,NB,0.14,0.7,32
3/24/2025 13:00,avenue41_to_harrisln,NB,0.04,0.6,36
3/24/2025 14:00,avenue41_to_harrisln,NB,0.13,0.69,31.7
3/24/2025 15:00,avenue41_to_harrisln,NB,0.31,0.89,24.5
3/24/2025 16:00,avenue41_to_harrisln,NB,0.12,0.68,32.1
3/24/2025 17:00,avenue41_to_harrisln,NB,0.05,0.6,36
3/24/2025 18:00,avenue41_to_harrisln,NB,0.02,0.56,38.6
3/24/2025 19:00,avenue41_to_harrisln,NB,0.05,0.58,37.7
3/24/2025 20:00,avenue41_to_harrisln,NB,0.03,0.56,38.5
3/24/2025 21:00,avenue41_to_harrisln,NB,0.01,0.51,42
3/24/2025 22:00,avenue41_to_harrisln,NB,0.01,0.52,41.1
3/24/2025 23:00,avenue41_to_harrisln,NB,0.01,0.5,43.2
3/25/2025 0:00,avenue41_to_harrisln,NB,0,0.45,47.6
3/25/2025 1:00,avenue41_to_harrisln,NB,0,0.48,45
3/25/2025 2:00,avenue41_to_harrisln,NB,0,0.48,44.4
3/25/2025 3:00,avenue41_to_harrisln,NB,0,0.46,47.2
3/25/2025 4:00,avenue41_to_harrisln,NB,0,0.49,43.6
3/25/2025 5:00,avenue41_to_harrisln,NB,0,0.47,45.6
3/25/2025 6:00,avenue41_to_harrisln,NB,0.02,0.54,40.1
3/25/2025 7:00,avenue41_to_harrisln,NB,0.04,0.59,36.6
3/25/2025 8:00,avenue41_to_harrisln,NB,0.11,0.67,32.3
3/25/2025 9:00,avenue41_to_harrisln,NB,0.06,0.63,34.4
3/25/2025 10:00,avenue41_to_harrisln,NB,0.06,0.61,35.6
3/25/2025 11:00,avenue41_to_harrisln,NB,0.07,0.62,34.6
3/25/2025 12:00,avenue41_to_harrisln,NB,0.08,0.64,34.2
3/25/2025 13:00,avenue41_to_harrisln,NB,0.04,0.6,35.7
3/25/2025 14:00,avenue41_to_harrisln,NB,0.19,0.75,29.2
3/25/2025 15:00,avenue41_to_harrisln,NB,0.2,0.76,28.3
3/25/2025 16:00,avenue41_to_harrisln,NB,0.12,0.68,32.6
3/25/2025 17:00,avenue41_to_harrisln,NB,0.08,0.63,34.1
3/25/2025 18:00,avenue41_to_harrisln,NB,0.11,0.65,34.2
3/25/2025 19:00,avenue41_to_harrisln,NB,0.04,0.59,36.6
3/25/2025 20:00,avenue41_to_harrisln,NB,0.03,0.56,38.4
3/25/2025 21:00,avenue41_to_harrisln,NB,0,0.52,41.7
3/25/2025 22:00,avenue41_to_harrisln,NB,0.03,0.56,39.1
3/25/2025 23:00,avenue41_to_harrisln,NB,0.02,0.54,39.4
3/26/2025 0:00,avenue41_to_harrisln,NB,0.01,0.5,42.7
3/26/2025 1:00,avenue41_to_harrisln,NB,0,0.48,45.1
3/26/2025 2:00,avenue41_to_harrisln,NB,0,0.49,43.7
3/26/2025 3:00,avenue41_to_harrisln,NB,0,0.49,43.7
3/26/2025 4:00,avenue41_to_harrisln,NB,0,0.5,42.7
3/26/2025 5:00,avenue41_to_harrisln,NB,0,0.48,44.9
3/26/2025 6:00,avenue41_to_harrisln,NB,0.05,0.57,38.2
3/26/2025 7:00,avenue41_to_harrisln,NB,0.1,0.66,33.1
3/26/2025 8:00,avenue41_to_harrisln,NB,0.1,0.65,33.6
3/26/2025 9:00,avenue41_to_harrisln,NB,0.1,0.65,33.8
3/26/2025 10:00,avenue41_to_harrisln,NB,0.05,0.61,35.7
3/26/2025 11:00,avenue41_to_harrisln,NB,0.06,0.63,34.5
3/26/2025 12:00,avenue41_to_harrisln,NB,0.08,0.64,33.5
3/26/2025 13:00,avenue41_to_harrisln,NB,0.22,0.77,32.1
3/26/2025 14:00,avenue41_to_harrisln,NB,0.11,0.68,32
3/26/2025 15:00,avenue41_to_harrisln,NB,0.2,0.78,28.4
3/26/2025 16:00,avenue41_to_harrisln,NB,0.16,0.71,30.9
3/26/2025 17:00,avenue41_to_harrisln,NB,0.07,0.62,34.6
3/26/2025 18:00,avenue41_to_harrisln,NB,0.06,0.61,35.5
3/26/2025 19:00,avenue41_to_harrisln,NB,0.02,0.57,37.4
3/26/2025 20:00,avenue41_to_harrisln,NB,0.02,0.55,38.9
3/26/2025 21:00,avenue41_to_harrisln,NB,0.06,0.59,37.3
3/26/2025 22:00,avenue41_to_harrisln,NB,0.08,0.59,38.3
3/26/2025 23:00,avenue41_to_harrisln,NB,0.01,0.53,40.7
3/27/2025 0:00,avenue41_to_harrisln,NB,0.01,0.53,40.6
3/27/2025 1:00,avenue41_to_harrisln,NB,0,0.47,45.2
3/27/2025 2:00,avenue41_to_harrisln,NB,0,0.47,46
3/27/2025 3:00,avenue41_to_harrisln,NB,0,0.48,44.6
3/27/2025 4:00,avenue41_to_harrisln,NB,0,0.49,44.2
3/27/2025 5:00,avenue41_to_harrisln,NB,0,0.46,46.6
3/27/2025 6:00,avenue41_to_harrisln,NB,0,0.48,44.6
3/27/2025 7:00,avenue41_to_harrisln,NB,0.12,0.67,33
3/27/2025 8:00,avenue41_to_harrisln,NB,0.12,0.69,31.9
3/27/2025 9:00,avenue41_to_harrisln,NB,0.04,0.59,36.8
3/27/2025 10:00,avenue41_to_harrisln,NB,0.05,0.61,35.3
3/27/2025 11:00,avenue41_to_harrisln,NB,0.05,0.62,34.9
3/27/2025 12:00,avenue41_to_harrisln,NB,0.08,0.63,34.5
3/27/2025 13:00,avenue41_to_harrisln,NB,0.06,0.62,35
3/27/2025 14:00,avenue41_to_harrisln,NB,0.18,0.77,28.5
3/27/2025 15:00,avenue41_to_harrisln,NB,0.36,0.93,24
3/27/2025 16:00,avenue41_to_harrisln,NB,0.1,0.66,32.3
3/27/2025 17:00,avenue41_to_harrisln,NB,0.09,0.66,32.9
3/27/2025 18:00,avenue41_to_harrisln,NB,0.04,0.59,36.5
3/27/2025 19:00,avenue41_to_harrisln,NB,0.06,0.61,35.1
3/27/2025 20:00,avenue41_to_harrisln,NB,0,0.57,37.6
3/27/2025 21:00,avenue41_to_harrisln,NB,0.01,0.51,42.5
3/27/2025 22:00,avenue41_to_harrisln,NB,0.04,0.57,37.9
3/27/2025 23:00,avenue41_to_harrisln,NB,0,0.51,42.6
3/28/2025 0:00,avenue41_to_harrisln,NB,0,0.5,43.5
3/28/2025 1:00,avenue41_to_harrisln,NB,0,0.46,46.5
3/28/2025 2:00,avenue41_to_harrisln,NB,0,0.48,44.3
3/28/2025 3:00,avenue41_to_harrisln,NB,0,0.5,43.1
3/28/2025 4:00,avenue41_to_harrisln,NB,0,0.48,44.3
3/28/2025 5:00,avenue41_to_harrisln,NB,0.04,0.54,40.2
3/28/2025 6:00,avenue41_to_harrisln,NB,0.02,0.54,40.1
3/28/2025 7:00,avenue41_to_harrisln,NB,0.05,0.59,36.3
3/28/2025 8:00,avenue41_to_harrisln,NB,0.06,0.62,35
3/28/2025 9:00,avenue41_to_harrisln,NB,0.1,0.66,33.1
3/28/2025 10:00,avenue41_to_harrisln,NB,0.04,0.61,35.6
3/28/2025 11:00,avenue41_to_harrisln,NB,0.05,0.62,34.9
3/28/2025 12:00,avenue41_to_harrisln,NB,0.16,0.74,30.4
3/28/2025 13:00,avenue41_to_harrisln,NB,0.1,0.68,31.7
3/28/2025 14:00,avenue41_to_harrisln,NB,0.28,0.85,26.8
3/28/2025 15:00,avenue41_to_harrisln,NB,0.23,0.79,28
3/28/2025 16:00,avenue41_to_harrisln,NB,0.15,0.72,30.3
3/28/2025 17:00,avenue41_to_harrisln,NB,0.09,0.64,33.6
3/28/2025 18:00,avenue41_to_harrisln,NB,0.05,0.62,35.1
3/28/2025 19:00,avenue41_to_harrisln,NB,0.06,0.63,34.6
3/28/2025 20:00,avenue41_to_harrisln,NB,0.06,0.6,36.3
3/28/2025 21:00,avenue41_to_harrisln,NB,0.04,0.6,36.3
3/28/2025 22:00,avenue41_to_harrisln,NB,0.01,0.53,40.5
3/28/2025 23:00,avenue41_to_harrisln,NB,0.03,0.54,39.9
3/29/2025 0:00,avenue41_to_harrisln,NB,0.03,0.55,39.5
3/29/2025 1:00,avenue41_to_harrisln,NB,0.01,0.5,42.7
3/29/2025 2:00,avenue41_to_harrisln,NB,0.08,0.62,34.9
3/29/2025 3:00,avenue41_to_harrisln,NB,0.03,0.54,39.8
3/29/2025 4:00,avenue41_to_harrisln,NB,0.01,0.51,42.8
3/29/2025 5:00,avenue41_to_harrisln,NB,0,0.48,44.8
3/29/2025 6:00,avenue41_to_harrisln,NB,0.01,0.5,43.1
3/29/2025 7:00,avenue41_to_harrisln,NB,0.04,0.55,39.8
3/29/2025 8:00,avenue41_to_harrisln,NB,0.03,0.56,38.7
3/29/2025 9:00,avenue41_to_harrisln,NB,0.08,0.62,35.4
3/29/2025 10:00,avenue41_to_harrisln,NB,0.04,0.58,36.9
3/29/2025 11:00,avenue41_to_harrisln,NB,0.02,0.59,36.1
3/29/2025 12:00,avenue41_to_harrisln,NB,0.04,0.59,36.4
3/29/2025 13:00,avenue41_to_harrisln,NB,0.03,0.61,35.3
3/29/2025 14:00,avenue41_to_harrisln,NB,0.04,0.58,37
3/29/2025 15:00,avenue41_to_harrisln,NB,0.02,0.57,37.6
3/29/2025 16:00,avenue41_to_harrisln,NB,0.01,0.54,39.5
3/29/2025 17:00,avenue41_to_harrisln,NB,0.05,0.6,36.3
3/29/2025 18:00,avenue41_to_harrisln,NB,0.03,0.58,36.8
3/29/2025 19:00,avenue41_to_harrisln,NB,0.03,0.59,36.4
3/29/2025 20:00,avenue41_to_harrisln,NB,0.04,0.59,37.1
3/29/2025 21:00,avenue41_to_harrisln,NB,0.02,0.58,37.1
3/29/2025 22:00,avenue41_to_harrisln,NB,0.02,0.56,38.4
3/29/2025 23:00,avenue41_to_harrisln,NB,0,0.49,43.4
3/30/2025 0:00,avenue41_to_harrisln,NB,0.02,0.56,38.5
3/30/2025 1:00,avenue41_to_harrisln,NB,0.02,0.51,42.6
3/30/2025 2:00,avenue41_to_harrisln,NB,0,0.49,44.3
3/30/2025 3:00,avenue41_to_harrisln,NB,0,0.51,42.7
3/30/2025 4:00,avenue41_to_harrisln,NB,0.03,0.54,40
3/30/2025 5:00,avenue41_to_harrisln,NB,0,0.48,44.3
3/30/2025 6:00,avenue41_to_harrisln,NB,0,0.5,43
3/30/2025 7:00,avenue41_to_harrisln,NB,0.03,0.53,40.9
3/30/2025 8:00,avenue41_to_harrisln,NB,0.04,0.56,38.9
3/30/2025 9:00,avenue41_to_harrisln,NB,0.06,0.62,35.1
3/30/2025 10:00,avenue41_to_harrisln,NB,0.02,0.58,37.3
3/30/2025 11:00,avenue41_to_harrisln,NB,0.01,0.58,37.2
3/30/2025 12:00,avenue41_to_harrisln,NB,0.03,0.58,37.2
3/30/2025 13:00,avenue41_to_harrisln,NB,0.03,0.58,37.7
3/30/2025 14:00,avenue41_to_harrisln,NB,0.02,0.57,37.6
3/30/2025 15:00,avenue41_to_harrisln,NB,0,0.54,39.4
3/30/2025 16:00,avenue41_to_harrisln,NB,0.04,0.58,37
3/30/2025 17:00,avenue41_to_harrisln,NB,0.02,0.55,38.9
3/30/2025 18:00,avenue41_to_harrisln,NB,0.05,0.6,36.3
3/30/2025 19:00,avenue41_to_harrisln,NB,0.01,0.57,37.9
3/30/2025 20:00,avenue41_to_harrisln,NB,0.02,0.56,38.6
3/30/2025 21:00,avenue41_to_harrisln,NB,0.08,0.6,37.3
3/30/2025 22:00,avenue41_to_harrisln,NB,0.02,0.51,42.4
3/30/2025 23:00,avenue41_to_harrisln,NB,0.02,0.54,39.7
3/31/2025 0:00,avenue41_to_harrisln,NB,0,0.51,42.2
3/31/2025 1:00,avenue41_to_harrisln,NB,0,0.56,38.7
3/31/2025 2:00,avenue41_to_harrisln,NB,0,0.47,46.1
3/31/2025 3:00,avenue41_to_harrisln,NB,0,0.47,46
3/31/2025 4:00,avenue41_to_harrisln,NB,0,0.49,43.7
3/31/2025 5:00,avenue41_to_harrisln,NB,0,0.48,44.8
3/31/2025 6:00,avenue41_to_harrisln,NB,0.01,0.51,42.3
3/31/2025 7:00,avenue41_to_harrisln,NB,0.06,0.6,36.4
3/31/2025 8:00,avenue41_to_harrisln,NB,0.07,0.63,34.2
3/31/2025 9:00,avenue41_to_harrisln,NB,0.04,0.59,36.8
3/31/2025 10:00,avenue41_to_harrisln,NB,0.06,0.62,34.7
3/31/2025 11:00,avenue41_to_harrisln,NB,0.08,0.64,34.3
3/31/2025 12:00,avenue41_to_harrisln,NB,0.07,0.63,34.8
3/31/2025 13:00,avenue41_to_harrisln,NB,0.1,0.66,32.9
3/31/2025 14:00,avenue41_to_harrisln,NB,0.17,0.73,31.3
3/31/2025 15:00,avenue41_to_harrisln,NB,0.23,0.8,27.6
3/31/2025 16:00,avenue41_to_harrisln,NB,0.07,0.62,34.6
3/31/2025 17:00,avenue41_to_harrisln,NB,0.07,0.62,34.5
3/31/2025 18:00,avenue41_to_harrisln,NB,0.03,0.57,37.8
3/31/2025 19:00,avenue41_to_harrisln,NB,0.01,0.53,40.9
3/31/2025 20:00,avenue41_to_harrisln,NB,0.03,0.58,37.3
3/31/2025 21:00,avenue41_to_harrisln,NB,0.05,0.56,38.9
3/31/2025 22:00,avenue41_to_harrisln,NB,0.01,0.48,44.6
3/31/2025 23:00,avenue41_to_harrisln,NB,0.01,0.51,42.7
4/1/2025 0:00,avenue41_to_harrisln,NB,0.01,0.54,40.3
4/1/2025 1:00,avenue41_to_harrisln,NB,0.01,0.52,41
4/1/2025 2:00,avenue41_to_harrisln,NB,0,0.46,46.8
4/1/2025 3:00,avenue41_to_harrisln,NB,0,0.48,45.2
4/1/2025 4:00,avenue41_to_harrisln,NB,0,0.51,42
4/1/2025 5:00,avenue41_to_harrisln,NB,0.02,0.48,45.5
4/1/2025 6:00,avenue41_to_harrisln,NB,0.01,0.53,40.8
4/1/2025 7:00,avenue41_to_harrisln,NB,0.1,0.62,35.5
4/1/2025 8:00,avenue41_to_harrisln,NB,0.18,0.72,30.2
4/1/2025 9:00,avenue41_to_harrisln,NB,0.05,0.6,36
4/1/2025 10:00,avenue41_to_harrisln,NB,0.02,0.59,36.1
4/1/2025 11:00,avenue41_to_harrisln,NB,0.11,0.68,32.7
4/1/2025 12:00,avenue41_to_harrisln,NB,0.12,0.68,31.7
4/1/2025 13:00,avenue41_to_harrisln,NB,0.11,0.68,32.4
4/1/2025 14:00,avenue41_to_harrisln,NB,1.3,1.91,13.8
4/1/2025 15:00,avenue41_to_harrisln,NB,0.16,0.73,30.3
4/1/2025 16:00,avenue41_to_harrisln,NB,0.09,0.65,33.5
4/1/2025 17:00,avenue41_to_harrisln,NB,0.12,0.68,32.3
4/1/2025 18:00,avenue41_to_harrisln,NB,0.08,0.62,35
4/1/2025 19:00,avenue41_to_harrisln,NB,0.05,0.6,35.9
4/1/2025 20:00,avenue41_to_harrisln,NB,0.03,0.56,38.3
4/1/2025 21:00,avenue41_to_harrisln,NB,0.01,0.52,41.2
4/1/2025 22:00,avenue41_to_harrisln,NB,0,0.51,42.1
4/1/2025 23:00,avenue41_to_harrisln,NB,0,0.51,41.8
4/2/2025 0:00,avenue41_to_harrisln,NB,0,0.51,41.9
4/2/2025 1:00,avenue41_to_harrisln,NB,0,0.52,41.8
4/2/2025 2:00,avenue41_to_harrisln,NB,0,0.49,44
4/2/2025 3:00,avenue41_to_harrisln,NB,0,0.5,42.7
4/2/2025 4:00,avenue41_to_harrisln,NB,0,0.47,45.8
4/2/2025 5:00,avenue41_to_harrisln,NB,0,0.49,44
4/2/2025 6:00,avenue41_to_harrisln,NB,0.01,0.52,41.2
4/2/2025 7:00,avenue41_to_harrisln,NB,0.03,0.56,38.8
4/2/2025 8:00,avenue41_to_harrisln,NB,0.08,0.63,34.7
4/2/2025 9:00,avenue41_to_harrisln,NB,0.07,0.63,34.5
4/2/2025 10:00,avenue41_to_harrisln,NB,0.04,0.59,36.5
4/2/2025 11:00,avenue41_to_harrisln,NB,0.09,0.66,33.2
4/2/2025 12:00,avenue41_to_harrisln,NB,0.03,0.62,34.6
4/2/2025 13:00,avenue41_to_harrisln,NB,0.06,0.62,34.6
4/2/2025 14:00,avenue41_to_harrisln,NB,0.15,0.72,30
4/2/2025 15:00,avenue41_to_harrisln,NB,0.2,0.78,28.2
4/2/2025 16:00,avenue41_to_harrisln,NB,0.07,0.64,33.9
4/2/2025 17:00,avenue41_to_harrisln,NB,0.09,0.65,33.2
4/2/2025 18:00,avenue41_to_harrisln,NB,0.03,0.59,36.6
4/2/2025 19:00,avenue41_to_harrisln,NB,0.04,0.57,38.3
4/2/2025 20:00,avenue41_to_harrisln,NB,0.01,0.56,38.2
4/2/2025 21:00,avenue41_to_harrisln,NB,0.01,0.52,41.2
4/2/2025 22:00,avenue41_to_harrisln,NB,0.01,0.51,42.1
4/2/2025 23:00,avenue41_to_harrisln,NB,0,0.49,44
4/3/2025 0:00,avenue41_to_harrisln,NB,0,0.48,45.1
4/3/2025 1:00,avenue41_to_harrisln,NB,0,0.51,43
4/3/2025 2:00,avenue41_to_harrisln,NB,0,0.43,50.1
4/3/2025 3:00,avenue41_to_harrisln,NB,0,0.48,44.8
4/3/2025 4:00,avenue41_to_harrisln,NB,0,0.51,42.6
4/3/2025 5:00,avenue41_to_harrisln,NB,0.01,0.52,41
4/3/2025 6:00,avenue41_to_harrisln,NB,0.05,0.56,40.1
4/3/2025 7:00,avenue41_to_harrisln,NB,0.13,0.67,33.8
4/3/2025 8:00,avenue41_to_harrisln,NB,0.05,0.61,35.2
4/3/2025 9:00,avenue41_to_harrisln,NB,0.04,0.6,36.1
4/3/2025 10:00,avenue41_to_harrisln,NB,0.1,0.67,32.2
4/3/2025 11:00,avenue41_to_harrisln,NB,0.08,0.63,34.2
4/3/2025 12:00,avenue41_to_harrisln,NB,0.08,0.64,33.9
4/3/2025 13:00,avenue41_to_harrisln,NB,0.08,0.63,34.1
4/3/2025 14:00,avenue41_to_harrisln,NB,0.22,0.8,27.4
4/3/2025 15:00,avenue41_to_harrisln,NB,0.22,0.8,27.2
4/3/2025 16:00,avenue41_to_harrisln,NB,0.12,0.68,32.1
4/3/2025 17:00,avenue41_to_harrisln,NB,0.08,0.64,33.9
4/3/2025 18:00,avenue41_to_harrisln,NB,0.04,0.59,36.8
4/3/2025 19:00,avenue41_to_harrisln,NB,0.05,0.6,36.1
4/3/2025 20:00,avenue41_to_harrisln,NB,0.02,0.58,36.8
4/3/2025 21:00,avenue41_to_harrisln,NB,0.01,0.55,39.1
4/3/2025 22:00,avenue41_to_harrisln,NB,0,0.49,43.8
4/3/2025 23:00,avenue41_to_harrisln,NB,0,0.47,45.9
4/4/2025 0:00,avenue41_to_harrisln,NB,0,0.53,40.9
4/4/2025 1:00,avenue41_to_harrisln,NB,0,0.45,47.3
4/4/2025 2:00,avenue41_to_harrisln,NB,0.01,0.48,45.2
4/4/2025 3:00,avenue41_to_harrisln,NB,0,0.52,41.8
4/4/2025 4:00,avenue41_to_harrisln,NB,0,0.48,44.5
4/4/2025 5:00,avenue41_to_harrisln,NB,0,0.44,48.3
4/4/2025 6:00,avenue41_to_harrisln,NB,0.08,0.58,37.9
4/4/2025 7:00,avenue41_to_harrisln,NB,0.07,0.61,35.3
4/4/2025 8:00,avenue41_to_harrisln,NB,0.1,0.65,34.1
4/4/2025 9:00,avenue41_to_harrisln,NB,0.05,0.6,36.2
4/4/2025 10:00,avenue41_to_harrisln,NB,0.04,0.59,36.2
4/4/2025 11:00,avenue41_to_harrisln,NB,0.1,0.67,32.2
4/4/2025 12:00,avenue41_to_harrisln,NB,0.06,0.63,34.2
4/4/2025 13:00,avenue41_to_harrisln,NB,0.05,0.61,35
4/4/2025 14:00,avenue41_to_harrisln,NB,0.18,0.74,30.1
4/4/2025 15:00,avenue41_to_harrisln,NB,0.36,0.92,24.9
4/4/2025 16:00,avenue41_to_harrisln,NB,0.2,0.76,28.8
4/4/2025 17:00,avenue41_to_harrisln,NB,0.08,0.64,33.7
4/4/2025 18:00,avenue41_to_harrisln,NB,0.03,0.59,36.6
4/4/2025 19:00,avenue41_to_harrisln,NB,0.05,0.6,35.7
4/4/2025 20:00,avenue41_to_harrisln,NB,0.06,0.61,35.5
4/4/2025 21:00,avenue41_to_harrisln,NB,0.01,0.55,38.7
4/4/2025 22:00,avenue41_to_harrisln,NB,0.04,0.55,39
4/4/2025 23:00,avenue41_to_harrisln,NB,0,0.5,42.8
4/5/2025 0:00,avenue41_to_harrisln,NB,0,0.48,44.7
4/5/2025 1:00,avenue41_to_harrisln,NB,0.01,0.52,42.1
4/5/2025 2:00,avenue41_to_harrisln,NB,0,0.54,39.4
4/5/2025 3:00,avenue41_to_harrisln,NB,0,0.47,45.3
4/5/2025 4:00,avenue41_to_harrisln,NB,0,0.47,46
4/5/2025 5:00,avenue41_to_harrisln,NB,0,0.49,44.5
4/5/2025 6:00,avenue41_to_harrisln,NB,0.01,0.51,41.9
4/5/2025 7:00,avenue41_to_harrisln,NB,0.06,0.57,38.8
4/5/2025 8:00,avenue41_to_harrisln,NB,0.02,0.54,40.2
4/5/2025 9:00,avenue41_to_harrisln,NB,0.05,0.6,36.4
4/5/2025 10:00,avenue41_to_harrisln,NB,0.05,0.6,36.2
4/5/2025 11:00,avenue41_to_harrisln,NB,0.02,0.59,36.6
4/5/2025 12:00,avenue41_to_harrisln,NB,0.06,0.61,35.1
4/5/2025 13:00,avenue41_to_harrisln,NB,0.07,0.63,34.8
4/5/2025 14:00,avenue41_to_harrisln,NB,0.05,0.6,36
4/5/2025 15:00,avenue41_to_harrisln,NB,0.03,0.58,36.7
4/5/2025 16:00,avenue41_to_harrisln,NB,0.01,0.56,38.3
4/5/2025 17:00,avenue41_to_harrisln,NB,0.06,0.61,35.3
4/5/2025 18:00,avenue41_to_harrisln,NB,0.03,0.6,35.7
4/5/2025 19:00,avenue41_to_harrisln,NB,0.01,0.55,39
4/5/2025 20:00,avenue41_to_harrisln,NB,0.01,0.55,38.9
4/5/2025 21:00,avenue41_to_harrisln,NB,0.01,0.58,37
4/5/2025 22:00,avenue41_to_harrisln,NB,0,0.5,43.3
4/5/2025 23:00,avenue41_to_harrisln,NB,0.01,0.51,41.8
4/6/2025 0:00,avenue41_to_harrisln,NB,0,0.51,42.1
4/6/2025 1:00,avenue41_to_harrisln,NB,0.01,0.52,41.6
4/6/2025 2:00,avenue41_to_harrisln,NB,0.06,0.59,36.4
4/6/2025 3:00,avenue41_to_harrisln,NB,0,0.44,48.5
4/6/2025 4:00,avenue41_to_harrisln,NB,0,0.46,46.7
4/6/2025 5:00,avenue41_to_harrisln,NB,0,0.48,45
4/6/2025 6:00,avenue41_to_harrisln,NB,0.04,0.53,41.1
4/6/2025 7:00,avenue41_to_harrisln,NB,0,0.54,40.1
4/6/2025 8:00,avenue41_to_harrisln,NB,0.03,0.56,38.9
4/6/2025 9:00,avenue41_to_harrisln,NB,0.02,0.58,37.5
4/6/2025 10:00,avenue41_to_harrisln,NB,0.04,0.6,35.9
4/6/2025 11:00,avenue41_to_harrisln,NB,0.03,0.6,36.1
4/6/2025 12:00,avenue41_to_harrisln,NB,0.03,0.59,36.4
4/6/2025 13:00,avenue41_to_harrisln,NB,0.01,0.55,39
4/6/2025 14:00,avenue41_to_harrisln,NB,0.01,0.55,39
4/6/2025 15:00,avenue41_to_harrisln,NB,0.05,0.6,36.9
4/6/2025 16:00,avenue41_to_harrisln,NB,0.02,0.57,38
4/6/2025 17:00,avenue41_to_harrisln,NB,0.03,0.57,38.1
4/6/2025 18:00,avenue41_to_harrisln,NB,0.04,0.56,38.4
4/6/2025 19:00,avenue41_to_harrisln,NB,0.03,0.55,39.6
4/6/2025 20:00,avenue41_to_harrisln,NB,0.05,0.58,37.8
4/6/2025 21:00,avenue41_to_harrisln,NB,0.03,0.55,39
4/6/2025 22:00,avenue41_to_harrisln,NB,0.06,0.54,41.6
4/6/2025 23:00,avenue41_to_harrisln,NB,0,0.5,42.6
4/7/2025 0:00,avenue41_to_harrisln,NB,0,0.47,45.5
4/7/2025 1:00,avenue41_to_harrisln,NB,0,0.48,44.9
4/7/2025 2:00,avenue41_to_harrisln,NB,0,0.47,46.1
4/7/2025 3:00,avenue41_to_harrisln,NB,0,0.47,46
4/7/2025 4:00,avenue41_to_harrisln,NB,0,0.51,42.1
4/7/2025 5:00,avenue41_to_harrisln,NB,0,0.49,44
4/7/2025 6:00,avenue41_to_harrisln,NB,0.02,0.52,41.8
4/7/2025 7:00,avenue41_to_harrisln,NB,0.06,0.59,36.5
4/7/2025 8:00,avenue41_to_harrisln,NB,0.05,0.6,36
4/7/2025 9:00,avenue41_to_harrisln,NB,0.05,0.6,35.9
4/7/2025 10:00,avenue41_to_harrisln,NB,0.05,0.61,35.2
4/7/2025 11:00,avenue41_to_harrisln,NB,0.04,0.6,36
4/7/2025 12:00,avenue41_to_harrisln,NB,0.09,0.65,33.7
4/7/2025 13:00,avenue41_to_harrisln,NB,0.08,0.64,33.7
4/7/2025 14:00,avenue41_to_harrisln,NB,0.19,0.76,29.3
4/7/2025 15:00,avenue41_to_harrisln,NB,0.26,0.83,26.5
4/7/2025 16:00,avenue41_to_harrisln,NB,0.13,0.68,31.9
4/7/2025 17:00,avenue41_to_harrisln,NB,0.13,0.68,32.2
4/7/2025 18:00,avenue41_to_harrisln,NB,0.05,0.58,37.3
4/7/2025 19:00,avenue41_to_harrisln,NB,0.03,0.54,40
4/7/2025 20:00,avenue41_to_harrisln,NB,0.02,0.56,38.1
4/7/2025 21:00,avenue41_to_harrisln,NB,0.02,0.52,41.3
4/7/2025 22:00,avenue41_to_harrisln,NB,0,0.49,44.1
4/7/2025 23:00,avenue41_to_harrisln,NB,0,0.48,44.8
4/8/2025 0:00,avenue41_to_harrisln,NB,0,0.48,44.8
4/8/2025 1:00,avenue41_to_harrisln,NB,0,0.47,45.5
4/8/2025 2:00,avenue41_to_harrisln,NB,0,0.47,45.4
4/8/2025 3:00,avenue41_to_harrisln,NB,0,0.49,44.1
4/8/2025 4:00,avenue41_to_harrisln,NB,0.01,0.53,40.9
4/8/2025 5:00,avenue41_to_harrisln,NB,0,0.48,44.6
4/8/2025 6:00,avenue41_to_harrisln,NB,0.01,0.5,43
4/8/2025 7:00,avenue41_to_harrisln,NB,0.06,0.59,36.5
4/8/2025 8:00,avenue41_to_harrisln,NB,0.08,0.66,32.8
4/8/2025 9:00,avenue41_to_harrisln,NB,0.06,0.62,35.1
4/8/2025 10:00,avenue41_to_harrisln,NB,0.05,0.58,36.9
4/8/2025 11:00,avenue41_to_harrisln,NB,0.13,0.69,32
4/8/2025 12:00,avenue41_to_harrisln,NB,0.02,0.57,37.7
4/8/2025 13:00,avenue41_to_harrisln,NB,0.07,0.63,34.6
4/8/2025 14:00,avenue41_to_harrisln,NB,0.08,0.65,33.2
4/8/2025 15:00,avenue41_to_harrisln,NB,0.12,0.68,31.8
4/8/2025 16:00,avenue41_to_harrisln,NB,0.08,0.63,34.4
4/8/2025 17:00,avenue41_to_harrisln,NB,0.05,0.6,35.9
4/8/2025 18:00,avenue41_to_harrisln,NB,0.02,0.56,38.6
4/8/2025 19:00,avenue41_to_harrisln,NB,0.06,0.59,37.1
4/8/2025 20:00,avenue41_to_harrisln,NB,0.06,0.59,36.7
4/8/2025 21:00,avenue41_to_harrisln,NB,0.1,0.7,30.8
4/8/2025 22:00,avenue41_to_harrisln,NB,0.05,0.62,34.9
4/8/2025 23:00,avenue41_to_harrisln,NB,0,0.51,41.9
4/9/2025 0:00,avenue41_to_harrisln,NB,0,0.46,46.2
4/9/2025 1:00,avenue41_to_harrisln,NB,0,0.47,45.3
4/9/2025 2:00,avenue41_to_harrisln,NB,0,0.49,43.8
4/9/2025 3:00,avenue41_to_harrisln,NB,0,0.5,43.1
4/9/2025 4:00,avenue41_to_harrisln,NB,0,0.49,44.3
4/9/2025 5:00,avenue41_to_harrisln,NB,0,0.49,43.5
4/9/2025 6:00,avenue41_to_harrisln,NB,0.02,0.53,41
4/9/2025 7:00,avenue41_to_harrisln,NB,0.09,0.62,35.5
4/9/2025 8:00,avenue41_to_harrisln,NB,0.1,0.67,32.2
4/9/2025 9:00,avenue41_to_harrisln,NB,0.05,0.6,36.1
4/9/2025 10:00,avenue41_to_harrisln,NB,0.09,0.64,34.8
4/9/2025 11:00,avenue41_to_harrisln,NB,0.1,0.65,33.8
4/9/2025 12:00,avenue41_to_harrisln,NB,0.09,0.66,33.2
4/9/2025 13:00,avenue41_to_harrisln,NB,0.09,0.64,33.9
4/9/2025 14:00,avenue41_to_harrisln,NB,0.07,0.63,34.2
4/9/2025 15:00,avenue41_to_harrisln,NB,0.19,0.76,28.4
4/9/2025 16:00,avenue41_to_harrisln,NB,0.14,0.71,30.5
4/9/2025 17:00,avenue41_to_harrisln,NB,0.06,0.63,34.2
4/9/2025 18:00,avenue41_to_harrisln,NB,0.05,0.6,36
4/9/2025 19:00,avenue41_to_harrisln,NB,0.03,0.57,37.5
4/9/2025 20:00,avenue41_to_harrisln,NB,0.02,0.57,37.7
4/9/2025 21:00,avenue41_to_harrisln,NB,0.03,0.56,38.4
4/9/2025 22:00,avenue41_to_harrisln,NB,0.02,0.53,40.9
4/9/2025 23:00,avenue41_to_harrisln,NB,0,0.5,43.7
4/10/2025 0:00,avenue41_to_harrisln,NB,0,0.49,44.4
4/10/2025 1:00,avenue41_to_harrisln,NB,0,0.47,46.1
4/10/2025 2:00,avenue41_to_harrisln,NB,0.01,0.55,40
4/10/2025 3:00,avenue41_to_harrisln,NB,0,0.53,40.5
4/10/2025 4:00,avenue41_to_harrisln,NB,0,0.52,41.9
4/10/2025 5:00,avenue41_to_harrisln,NB,0,0.5,43.2
4/10/2025 6:00,avenue41_to_harrisln,NB,0.02,0.51,41.7
4/10/2025 7:00,avenue41_to_harrisln,NB,0.08,0.61,35.7
4/10/2025 8:00,avenue41_to_harrisln,NB,0.09,0.65,33.4
4/10/2025 9:00,avenue41_to_harrisln,NB,0.05,0.61,35.4
4/10/2025 10:00,avenue41_to_harrisln,NB,0.07,0.63,34.2
4/10/2025 11:00,avenue41_to_harrisln,NB,0.16,0.74,30.9
4/10/2025 12:00,avenue41_to_harrisln,NB,0.09,0.65,33.2
4/10/2025 13:00,avenue41_to_harrisln,NB,0.09,0.65,33
4/10/2025 14:00,avenue41_to_harrisln,NB,0.19,0.76,28.5
4/10/2025 15:00,avenue41_to_harrisln,NB,0.35,0.91,24.4
4/10/2025 16:00,avenue41_to_harrisln,NB,0.15,0.71,30.6
4/10/2025 17:00,avenue41_to_harrisln,NB,0.11,0.67,32.6
4/10/2025 18:00,avenue41_to_harrisln,NB,0.02,0.57,37.8
4/10/2025 19:00,avenue41_to_harrisln,NB,0.05,0.6,36.2
4/10/2025 20:00,avenue41_to_harrisln,NB,0.08,0.64,34.3
4/10/2025 21:00,avenue41_to_harrisln,NB,0.02,0.56,38.7
4/10/2025 22:00,avenue41_to_harrisln,NB,0.02,0.54,39.7
4/10/2025 23:00,avenue41_to_harrisln,NB,0.01,0.51,42
4/11/2025 0:00,avenue41_to_harrisln,NB,0.01,0.53,40.2
4/11/2025 1:00,avenue41_to_harrisln,NB,0,0.47,46.1
4/11/2025 2:00,avenue41_to_harrisln,NB,0,0.47,45.5
4/11/2025 3:00,avenue41_to_harrisln,NB,0.01,0.52,41.6
4/11/2025 4:00,avenue41_to_harrisln,NB,0,0.47,45.8
4/11/2025 5:00,avenue41_to_harrisln,NB,0.01,0.51,42.8
4/11/2025 6:00,avenue41_to_harrisln,NB,0.02,0.51,42.3
4/11/2025 7:00,avenue41_to_harrisln,NB,0.14,0.69,32
4/11/2025 8:00,avenue41_to_harrisln,NB,0.08,0.65,33.3
4/11/2025 9:00,avenue41_to_harrisln,NB,0.09,0.64,33.6
4/11/2025 10:00,avenue41_to_harrisln,NB,0.06,0.62,34.7
4/11/2025 11:00,avenue41_to_harrisln,NB,0.1,0.68,32.1
4/11/2025 12:00,avenue41_to_harrisln,NB,0.15,0.7,30.9
4/11/2025 13:00,avenue41_to_harrisln,NB,0.15,0.72,30.8
4/11/2025 14:00,avenue41_to_harrisln,NB,0.36,0.94,24.6
4/11/2025 15:00,avenue41_to_harrisln,NB,0.19,0.75,28.6
4/11/2025 16:00,avenue41_to_harrisln,NB,0.22,0.78,28.2
4/11/2025 17:00,avenue41_to_harrisln,NB,0.13,0.68,31.9
4/11/2025 18:00,avenue41_to_harrisln,NB,0.08,0.64,33.8
4/11/2025 19:00,avenue41_to_harrisln,NB,0.07,0.62,35.4
4/11/2025 20:00,avenue41_to_harrisln,NB,0.02,0.58,36.8
4/11/2025 21:00,avenue41_to_harrisln,NB,0.02,0.54,39.9
4/11/2025 22:00,avenue41_to_harrisln,NB,0.01,0.52,41
4/11/2025 23:00,avenue41_to_harrisln,NB,0.05,0.59,36.8
4/12/2025 0:00,avenue41_to_harrisln,NB,0,0.55,39.1
4/12/2025 1:00,avenue41_to_harrisln,NB,0.01,0.54,40
4/12/2025 2:00,avenue41_to_harrisln,NB,0,0.54,39.6
4/12/2025 3:00,avenue41_to_harrisln,NB,0.01,0.53,41
4/12/2025 4:00,avenue41_to_harrisln,NB,0,0.48,44.5
4/12/2025 5:00,avenue41_to_harrisln,NB,0,0.52,41.5
4/12/2025 6:00,avenue41_to_harrisln,NB,0.01,0.5,42.9
4/12/2025 7:00,avenue41_to_harrisln,NB,0.02,0.56,38.5
4/12/2025 8:00,avenue41_to_harrisln,NB,0.08,0.61,36.3
4/12/2025 9:00,avenue41_to_harrisln,NB,0.02,0.57,37.7
4/12/2025 10:00,avenue41_to_harrisln,NB,0.02,0.58,37.1
4/12/2025 11:00,avenue41_to_harrisln,NB,0.02,0.58,37.2
4/12/2025 12:00,avenue41_to_harrisln,NB,0.06,0.62,34.7
4/12/2025 13:00,avenue41_to_harrisln,NB,0.02,0.57,37.5
4/12/2025 14:00,avenue41_to_harrisln,NB,0.05,0.62,35
4/12/2025 15:00,avenue41_to_harrisln,NB,0.05,0.61,35
4/12/2025 16:00,avenue41_to_harrisln,NB,0.05,0.6,36.2
4/12/2025 17:00,avenue41_to_harrisln,NB,0.03,0.57,38
4/12/2025 18:00,avenue41_to_harrisln,NB,0.02,0.57,38.1
4/12/2025 19:00,avenue41_to_harrisln,NB,0.03,0.58,37.4
4/12/2025 20:00,avenue41_to_harrisln,NB,0.07,0.63,34.6
4/12/2025 21:00,avenue41_to_harrisln,NB,0.03,0.55,39.4
4/12/2025 22:00,avenue41_to_harrisln,NB,0.02,0.56,38.7
4/12/2025 23:00,avenue41_to_harrisln,NB,0.04,0.57,38.1
4/13/2025 0:00,avenue41_to_harrisln,NB,0.02,0.57,38
4/13/2025 1:00,avenue41_to_harrisln,NB,0,0.5,42.6
4/13/2025 2:00,avenue41_to_harrisln,NB,0,0.53,40.4
4/13/2025 3:00,avenue41_to_harrisln,NB,0,0.49,44.1
4/13/2025 4:00,avenue41_to_harrisln,NB,0.01,0.55,39.3
4/13/2025 5:00,avenue41_to_harrisln,NB,0,0.5,42.8
4/13/2025 6:00,avenue41_to_harrisln,NB,0,0.49,44
4/13/2025 7:00,avenue41_to_harrisln,NB,0.03,0.56,39.2
4/13/2025 8:00,avenue41_to_harrisln,NB,0.03,0.54,39.9
4/13/2025 9:00,avenue41_to_harrisln,NB,0.01,0.54,39.6
4/13/2025 10:00,avenue41_to_harrisln,NB,0.03,0.58,37.2
4/13/2025 11:00,avenue41_to_harrisln,NB,0.06,0.61,35.6
4/13/2025 12:00,avenue41_to_harrisln,NB,0.03,0.58,36.8
4/13/2025 13:00,avenue41_to_harrisln,NB,0.07,0.63,34.9
4/13/2025 14:00,avenue41_to_harrisln,NB,0.02,0.55,39.3
4/13/2025 15:00,avenue41_to_harrisln,NB,0.02,0.54,40.2
4/13/2025 16:00,avenue41_to_harrisln,NB,0.01,0.55,39.2
4/13/2025 17:00,avenue41_to_harrisln,NB,0.06,0.59,37.2
4/13/2025 18:00,avenue41_to_harrisln,NB,0.03,0.57,37.7
4/13/2025 19:00,avenue41_to_harrisln,NB,0.02,0.58,37.2
4/13/2025 20:00,avenue41_to_harrisln,NB,0.01,0.56,38.4
4/13/2025 21:00,avenue41_to_harrisln,NB,0.01,0.52,41.5
4/13/2025 22:00,avenue41_to_harrisln,NB,0.03,0.54,40.5
4/13/2025 23:00,avenue41_to_harrisln,NB,0,0.54,39.9
4/14/2025 0:00,avenue41_to_harrisln,NB,0,0.53,40.7
4/14/2025 1:00,avenue41_to_harrisln,NB,0.01,0.53,40.5
4/14/2025 2:00,avenue41_to_harrisln,NB,0,0.54,40.1
4/14/2025 3:00,avenue41_to_harrisln,NB,0,0.51,42
4/14/2025 4:00,avenue41_to_harrisln,NB,0.01,0.5,42.6
4/14/2025 5:00,avenue41_to_harrisln,NB,0,0.5,43.2
4/14/2025 6:00,avenue41_to_harrisln,NB,0.02,0.54,40
4/14/2025 7:00,avenue41_to_harrisln,NB,0.1,0.64,34.5
4/14/2025 8:00,avenue41_to_harrisln,NB,1.29,1.89,14.5
4/14/2025 9:00,avenue41_to_harrisln,NB,1.29,1.89,15
4/14/2025 10:00,avenue41_to_harrisln,NB,1.27,1.87,17.6
4/14/2025 11:00,avenue41_to_harrisln,NB,1.33,1.93,17.7
4/14/2025 12:00,avenue41_to_harrisln,NB,0.39,0.97,24.8
4/14/2025 13:00,avenue41_to_harrisln,NB,0.06,0.61,35.7
4/14/2025 14:00,avenue41_to_harrisln,NB,0.1,0.66,32.8
4/14/2025 15:00,avenue41_to_harrisln,NB,0.19,0.75,29.1
4/14/2025 16:00,avenue41_to_harrisln,NB,0.13,0.67,33
4/14/2025 17:00,avenue41_to_harrisln,NB,0.05,0.6,35.9
4/14/2025 18:00,avenue41_to_harrisln,NB,0.03,0.59,36.7
4/14/2025 19:00,avenue41_to_harrisln,NB,0.04,0.58,37.7
4/14/2025 20:00,avenue41_to_harrisln,NB,0.02,0.57,37.7
4/14/2025 21:00,avenue41_to_harrisln,NB,0.03,0.55,39.6
4/14/2025 22:00,avenue41_to_harrisln,NB,0.01,0.52,41.4
4/14/2025 23:00,avenue41_to_harrisln,NB,0.01,0.48,45.3
4/15/2025 0:00,avenue41_to_harrisln,NB,0,0.51,42.6
4/15/2025 1:00,avenue41_to_harrisln,NB,0,0.51,41.8
4/15/2025 2:00,avenue41_to_harrisln,NB,0.01,0.51,41.8
4/15/2025 3:00,avenue41_to_harrisln,NB,0,0.51,42.3
4/15/2025 4:00,avenue41_to_harrisln,NB,0,0.49,43.7
4/15/2025 5:00,avenue41_to_harrisln,NB,0,0.49,44
4/15/2025 6:00,avenue41_to_harrisln,NB,0,0.5,43.2
4/15/2025 7:00,avenue41_to_harrisln,NB,0.1,0.63,35
4/15/2025 8:00,avenue41_to_harrisln,NB,0.08,0.64,34
4/15/2025 9:00,avenue41_to_harrisln,NB,0.06,0.63,34.7
4/15/2025 10:00,avenue41_to_harrisln,NB,0.04,0.59,36.7
4/15/2025 11:00,avenue41_to_harrisln,NB,0.05,0.62,34.5
4/15/2025 12:00,avenue41_to_harrisln,NB,0.04,0.6,36
4/15/2025 13:00,avenue41_to_harrisln,NB,0.07,0.62,34.6
4/15/2025 14:00,avenue41_to_harrisln,NB,0.12,0.68,32.4
4/15/2025 15:00,avenue41_to_harrisln,NB,0.2,0.76,29.1
4/15/2025 16:00,avenue41_to_harrisln,NB,0.07,0.63,34.4
4/15/2025 17:00,avenue41_to_harrisln,NB,0.07,0.61,35.3
4/15/2025 18:00,avenue41_to_harrisln,NB,0.07,0.61,36.1
4/15/2025 19:00,avenue41_to_harrisln,NB,0.03,0.56,38.4
4/15/2025 20:00,avenue41_to_harrisln,NB,0.02,0.54,40.4
4/15/2025 21:00,avenue41_to_harrisln,NB,0,0.52,41
4/15/2025 22:00,avenue41_to_harrisln,NB,0.04,0.54,39.8
4/15/2025 23:00,avenue41_to_harrisln,NB,0.07,0.54,39.8
4/16/2025 0:00,avenue41_to_harrisln,NB,0,0.49,43.8
4/16/2025 1:00,avenue41_to_harrisln,NB,0.02,0.53,41.6
4/16/2025 2:00,avenue41_to_harrisln,NB,0,0.47,45.4
4/16/2025 3:00,avenue41_to_harrisln,NB,0,0.51,42.3
4/16/2025 4:00,avenue41_to_harrisln,NB,0,0.49,44.4
4/16/2025 5:00,avenue41_to_harrisln,NB,0,0.49,43.9
4/16/2025 6:00,avenue41_to_harrisln,NB,0.01,0.52,41.5
4/16/2025 7:00,avenue41_to_harrisln,NB,0.1,0.65,34.2
4/16/2025 8:00,avenue41_to_harrisln,NB,0.07,0.62,34.6
4/16/2025 9:00,avenue41_to_harrisln,NB,0.06,0.61,35.2
4/16/2025 10:00,avenue41_to_harrisln,NB,0.01,0.57,37.6
4/16/2025 11:00,avenue41_to_harrisln,NB,0.05,0.61,35.4
4/16/2025 12:00,avenue41_to_harrisln,NB,0.08,0.64,33.9
4/16/2025 13:00,avenue41_to_harrisln,NB,0.12,0.69,32.1
4/16/2025 14:00,avenue41_to_harrisln,NB,0.07,0.65,33.6
4/16/2025 15:00,avenue41_to_harrisln,NB,0.18,0.75,28.9
4/16/2025 16:00,avenue41_to_harrisln,NB,0.07,0.63,34.3
4/16/2025 17:00,avenue41_to_harrisln,NB,0.13,0.69,31.6
4/16/2025 18:00,avenue41_to_harrisln,NB,0.04,0.56,38.6
4/16/2025 19:00,avenue41_to_harrisln,NB,0.03,0.56,38.4
4/16/2025 20:00,avenue41_to_harrisln,NB,0.04,0.57,38
4/16/2025 21:00,avenue41_to_harrisln,NB,0,0.51,41.8
4/16/2025 22:00,avenue41_to_harrisln,NB,0,0.5,43
4/16/2025 23:00,avenue41_to_harrisln,NB,0,0.44,48.8
4/17/2025 0:00,avenue41_to_harrisln,NB,0,0.45,47.5
4/17/2025 1:00,avenue41_to_harrisln,NB,0,0.47,45.3
4/17/2025 2:00,avenue41_to_harrisln,NB,0.01,0.5,43
4/17/2025 3:00,avenue41_to_harrisln,NB,0,0.47,45.1
4/17/2025 4:00,avenue41_to_harrisln,NB,0,0.49,43.9
4/17/2025 5:00,avenue41_to_harrisln,NB,0,0.5,43
4/17/2025 6:00,avenue41_to_harrisln,NB,0.02,0.53,40.8
4/17/2025 7:00,avenue41_to_harrisln,NB,0.07,0.59,37.1
4/17/2025 8:00,avenue41_to_harrisln,NB,0.06,0.63,34.1
4/17/2025 9:00,avenue41_to_harrisln,NB,0.05,0.61,35.2
4/17/2025 10:00,avenue41_to_harrisln,NB,0.02,0.58,37.1
4/17/2025 11:00,avenue41_to_harrisln,NB,0.08,0.64,33.6
4/17/2025 12:00,avenue41_to_harrisln,NB,0.23,0.8,29.1
4/17/2025 13:00,avenue41_to_harrisln,NB,0.07,0.64,33.6
4/17/2025 14:00,avenue41_to_harrisln,NB,0.27,0.85,26.1
4/17/2025 15:00,avenue41_to_harrisln,NB,0.78,1.37,18.8
4/17/2025 16:00,avenue41_to_harrisln,NB,0.11,0.67,32.1
4/17/2025 17:00,avenue41_to_harrisln,NB,0.13,0.71,30.9
4/17/2025 18:00,avenue41_to_harrisln,NB,0.03,0.58,37.1
4/17/2025 19:00,avenue41_to_harrisln,NB,0.04,0.58,37
4/17/2025 20:00,avenue41_to_harrisln,NB,0.03,0.59,36.3
4/17/2025 21:00,avenue41_to_harrisln,NB,0.03,0.58,37.9
4/17/2025 22:00,avenue41_to_harrisln,NB,0.01,0.55,39.4
4/17/2025 23:00,avenue41_to_harrisln,NB,0.01,0.53,41.1
4/18/2025 0:00,avenue41_to_harrisln,NB,0,0.54,39.6
4/18/2025 1:00,avenue41_to_harrisln,NB,0.01,0.53,40.6
4/18/2025 2:00,avenue41_to_harrisln,NB,0,0.55,38.6
4/18/2025 3:00,avenue41_to_harrisln,NB,0,0.51,41.9
4/18/2025 4:00,avenue41_to_harrisln,NB,0,0.51,43
4/18/2025 5:00,avenue41_to_harrisln,NB,0,0.47,45.6
4/18/2025 6:00,avenue41_to_harrisln,NB,0.01,0.52,41.2
4/18/2025 7:00,avenue41_to_harrisln,NB,0.09,0.63,34.9
4/18/2025 8:00,avenue41_to_harrisln,NB,0.19,0.74,30.7
4/18/2025 9:00,avenue41_to_harrisln,NB,0.15,0.7,31.3
4/18/2025 10:00,avenue41_to_harrisln,NB,0.15,0.71,30.5
4/18/2025 11:00,avenue41_to_harrisln,NB,0.17,0.74,29.7
4/18/2025 12:00,avenue41_to_harrisln,NB,0.38,0.94,26
4/18/2025 13:00,avenue41_to_harrisln,NB,0.18,0.75,29.5
4/18/2025 14:00,avenue41_to_harrisln,NB,0.22,0.78,28.7
4/18/2025 15:00,avenue41_to_harrisln,NB,0.14,0.7,31.1
4/18/2025 16:00,avenue41_to_harrisln,NB,0.32,0.89,27.5
4/18/2025 17:00,avenue41_to_harrisln,NB,0.06,0.63,34
4/18/2025 18:00,avenue41_to_harrisln,NB,0.05,0.58,36.9
4/18/2025 19:00,avenue41_to_harrisln,NB,0.02,0.57,37.9
4/18/2025 20:00,avenue41_to_harrisln,NB,0.03,0.59,37
4/18/2025 21:00,avenue41_to_harrisln,NB,0.02,0.57,37.5
4/18/2025 22:00,avenue41_to_harrisln,NB,0.03,0.56,38.2
4/18/2025 23:00,avenue41_to_harrisln,NB,0.01,0.49,43.5
4/19/2025 0:00,avenue41_to_harrisln,NB,0,0.52,41.3
4/19/2025 1:00,avenue41_to_harrisln,NB,0.01,0.52,41.6
4/19/2025 2:00,avenue41_to_harrisln,NB,0,0.54,39.5
4/19/2025 3:00,avenue41_to_harrisln,NB,0.03,0.54,40.6
4/19/2025 4:00,avenue41_to_harrisln,NB,0,0.48,44.9
4/19/2025 5:00,avenue41_to_harrisln,NB,0,0.49,44
4/19/2025 6:00,avenue41_to_harrisln,NB,0,0.47,46
4/19/2025 7:00,avenue41_to_harrisln,NB,0,0.52,41.6
4/19/2025 8:00,avenue41_to_harrisln,NB,0.01,0.53,40.7
4/19/2025 9:00,avenue41_to_harrisln,NB,0.03,0.57,37.9
4/19/2025 10:00,avenue41_to_harrisln,NB,0.04,0.58,37.4
4/19/2025 11:00,avenue41_to_harrisln,NB,0.02,0.58,37
4/19/2025 12:00,avenue41_to_harrisln,NB,0.05,0.61,35.6
4/19/2025 13:00,avenue41_to_harrisln,NB,0.06,0.6,35.9
4/19/2025 14:00,avenue41_to_harrisln,NB,0.04,0.59,36.4
4/19/2025 15:00,avenue41_to_harrisln,NB,0.01,0.55,38.9
4/19/2025 16:00,avenue41_to_harrisln,NB,0.05,0.6,36.3
4/19/2025 17:00,avenue41_to_harrisln,NB,0.01,0.54,39.8
4/19/2025 18:00,avenue41_to_harrisln,NB,0.09,0.6,37.2
4/19/2025 19:00,avenue41_to_harrisln,NB,0.01,0.55,39.1
4/19/2025 20:00,avenue41_to_harrisln,NB,0.04,0.59,37.3
4/19/2025 21:00,avenue41_to_harrisln,NB,0.04,0.57,38
4/19/2025 22:00,avenue41_to_harrisln,NB,0.05,0.58,37.8
4/19/2025 23:00,avenue41_to_harrisln,NB,0.02,0.54,40.3
4/20/2025 0:00,avenue41_to_harrisln,NB,0,0.52,41.6
4/20/2025 1:00,avenue41_to_harrisln,NB,0,0.5,43.2
4/20/2025 2:00,avenue41_to_harrisln,NB,0.01,0.51,42.5
4/20/2025 3:00,avenue41_to_harrisln,NB,0,0.46,46.8
4/20/2025 4:00,avenue41_to_harrisln,NB,0,0.53,40.1
4/20/2025 5:00,avenue41_to_harrisln,NB,0,0.49,43.4
4/20/2025 6:00,avenue41_to_harrisln,NB,0,0.48,44.4
4/20/2025 7:00,avenue41_to_harrisln,NB,0.01,0.51,41.9
4/20/2025 8:00,avenue41_to_harrisln,NB,0.06,0.6,35.9
4/20/2025 9:00,avenue41_to_harrisln,NB,0.01,0.52,41.7
4/20/2025 10:00,avenue41_to_harrisln,NB,0.04,0.58,37.5
4/20/2025 11:00,avenue41_to_harrisln,NB,0.01,0.56,38.6
4/20/2025 12:00,avenue41_to_harrisln,NB,0.03,0.58,37.1
4/20/2025 13:00,avenue41_to_harrisln,NB,0.05,0.59,36.4
4/20/2025 14:00,avenue41_to_harrisln,NB,0.05,0.59,36.9
4/20/2025 15:00,avenue41_to_harrisln,NB,0.02,0.57,37.8
4/20/2025 16:00,avenue41_to_harrisln,NB,0.04,0.55,39.2
4/20/2025 17:00,avenue41_to_harrisln,NB,0.06,0.59,36.3
4/20/2025 18:00,avenue41_to_harrisln,NB,0.02,0.54,40.2
4/20/2025 19:00,avenue41_to_harrisln,NB,0.02,0.56,38.2
4/20/2025 20:00,avenue41_to_harrisln,NB,0,0.54,40.1
4/20/2025 21:00,avenue41_to_harrisln,NB,0.03,0.57,38
4/20/2025 22:00,avenue41_to_harrisln,NB,0.01,0.51,41.9
4/20/2025 23:00,avenue41_to_harrisln,NB,0.01,0.53,40.5
4/21/2025 0:00,avenue41_to_harrisln,NB,0,0.51,41.8
4/21/2025 1:00,avenue41_to_harrisln,NB,0,0.55,39.3
4/21/2025 2:00,avenue41_to_harrisln,NB,0,0.5,42.7
4/21/2025 3:00,avenue41_to_harrisln,NB,0,0.51,42.4
4/21/2025 4:00,avenue41_to_harrisln,NB,0,0.49,43.8
4/21/2025 5:00,avenue41_to_harrisln,NB,0.01,0.53,40.6
4/21/2025 6:00,avenue41_to_harrisln,NB,0.02,0.53,40.4
4/21/2025 7:00,avenue41_to_harrisln,NB,0.03,0.56,38.4
4/21/2025 8:00,avenue41_to_harrisln,NB,0.18,0.75,28.9
4/21/2025 9:00,avenue41_to_harrisln,NB,0.59,1.17,21.1
4/21/2025 10:00,avenue41_to_harrisln,NB,1.48,2.08,13.6
4/21/2025 11:00,avenue41_to_harrisln,NB,0.57,1.17,23.1
4/21/2025 12:00,avenue41_to_harrisln,NB,0.27,0.85,28.3
4/21/2025 13:00,avenue41_to_harrisln,NB,0.05,0.59,36.5
4/21/2025 14:00,avenue41_to_harrisln,NB,0.07,0.63,34.2
4/21/2025 15:00,avenue41_to_harrisln,NB,0.09,0.63,34.2
4/21/2025 16:00,avenue41_to_harrisln,NB,0.07,0.61,36
4/21/2025 17:00,avenue41_to_harrisln,NB,0.04,0.57,37.7
4/21/2025 18:00,avenue41_to_harrisln,NB,0.07,0.59,37
4/21/2025 19:00,avenue41_to_harrisln,NB,0.01,0.52,42
4/21/2025 20:00,avenue41_to_harrisln,NB,0.02,0.57,38.2
4/21/2025 21:00,avenue41_to_harrisln,NB,0.04,0.58,37.6
4/21/2025 22:00,avenue41_to_harrisln,NB,0,0.5,43.2
4/21/2025 23:00,avenue41_to_harrisln,NB,0.02,0.52,41.4
4/22/2025 0:00,avenue41_to_harrisln,NB,0,0.51,41.9
4/22/2025 1:00,avenue41_to_harrisln,NB,0,0.45,48
4/22/2025 2:00,avenue41_to_harrisln,NB,0,0.48,44.4
4/22/2025 3:00,avenue41_to_harrisln,NB,0,0.5,42.6
4/22/2025 4:00,avenue41_to_harrisln,NB,0,0.53,40.7
4/22/2025 5:00,avenue41_to_harrisln,NB,0,0.49,43.9
4/22/2025 6:00,avenue41_to_harrisln,NB,0.01,0.51,41.8
4/22/2025 7:00,avenue41_to_harrisln,NB,0.04,0.57,38.3
4/22/2025 8:00,avenue41_to_harrisln,NB,0.02,0.55,39.3
4/22/2025 9:00,avenue41_to_harrisln,NB,0.02,0.55,38.9
4/22/2025 10:00,avenue41_to_harrisln,NB,0.07,0.62,35.3
4/22/2025 11:00,avenue41_to_harrisln,NB,0.04,0.59,36.3
4/22/2025 12:00,avenue41_to_harrisln,NB,0.09,0.65,33.5
4/22/2025 13:00,avenue41_to_harrisln,NB,0.09,0.64,33.8
4/22/2025 14:00,avenue41_to_harrisln,NB,0.04,0.6,35.8
4/22/2025 15:00,avenue41_to_harrisln,NB,0.12,0.68,32.2
4/22/2025 16:00,avenue41_to_harrisln,NB,0.08,0.63,34.5
4/22/2025 17:00,avenue41_to_harrisln,NB,0.06,0.61,35.4
4/22/2025 18:00,avenue41_to_harrisln,NB,0.03,0.56,38.4
4/22/2025 19:00,avenue41_to_harrisln,NB,0.09,0.64,33.9
4/22/2025 20:00,avenue41_to_harrisln,NB,0.03,0.56,38.4
4/22/2025 21:00,avenue41_to_harrisln,NB,0.02,0.56,38.6
4/22/2025 22:00,avenue41_to_harrisln,NB,0.02,0.52,41.5
4/22/2025 23:00,avenue41_to_harrisln,NB,0,0.51,42.1
4/23/2025 0:00,avenue41_to_harrisln,NB,0.07,0.6,36.5
4/23/2025 1:00,avenue41_to_harrisln,NB,0.03,0.52,41.8
4/23/2025 2:00,avenue41_to_harrisln,NB,0,0.48,44.6
4/23/2025 3:00,avenue41_to_harrisln,NB,0,0.46,46.4
4/23/2025 4:00,avenue41_to_harrisln,NB,0,0.48,44.7
4/23/2025 5:00,avenue41_to_harrisln,NB,0,0.46,46.8
4/23/2025 6:00,avenue41_to_harrisln,NB,0.03,0.51,42.7
4/23/2025 7:00,avenue41_to_harrisln,NB,0.02,0.53,40.6
4/23/2025 8:00,avenue41_to_harrisln,NB,0.03,0.57,38
4/23/2025 9:00,avenue41_to_harrisln,NB,0.02,0.57,37.9
4/23/2025 10:00,avenue41_to_harrisln,NB,0.06,0.61,35.4
4/23/2025 11:00,avenue41_to_harrisln,NB,0.08,0.64,33.8
4/23/2025 12:00,avenue41_to_harrisln,NB,0.06,0.63,33.9
4/23/2025 13:00,avenue41_to_harrisln,NB,0.06,0.62,34.8
4/23/2025 14:00,avenue41_to_harrisln,NB,0.08,0.64,33.8
4/23/2025 15:00,avenue41_to_harrisln,NB,0.1,0.65,33.4
4/23/2025 16:00,avenue41_to_harrisln,NB,0.06,0.61,35.4
4/23/2025 17:00,avenue41_to_harrisln,NB,0.09,0.64,34.2
4/23/2025 18:00,avenue41_to_harrisln,NB,0.03,0.58,37.4
4/23/2025 19:00,avenue41_to_harrisln,NB,0.04,0.58,37.1
4/23/2025 20:00,avenue41_to_harrisln,NB,0.03,0.59,36.8
4/23/2025 21:00,avenue41_to_harrisln,NB,0.01,0.55,39.4
4/23/2025 22:00,avenue41_to_harrisln,NB,0.01,0.52,41.3
4/23/2025 23:00,avenue41_to_harrisln,NB,0,0.49,43.6
4/24/2025 0:00,avenue41_to_harrisln,NB,0,0.47,45.4
4/24/2025 1:00,avenue41_to_harrisln,NB,0,0.5,43
4/24/2025 2:00,avenue41_to_harrisln,NB,0,0.5,43.1
4/24/2025 3:00,avenue41_to_harrisln,NB,0,0.49,44
4/24/2025 4:00,avenue41_to_harrisln,NB,0,0.43,49.4
4/24/2025 5:00,avenue41_to_harrisln,NB,0,0.5,43
4/24/2025 6:00,avenue41_to_harrisln,NB,0,0.49,44.2
4/24/2025 7:00,avenue41_to_harrisln,NB,0.01,0.52,41
4/24/2025 8:00,avenue41_to_harrisln,NB,0.02,0.57,37.4
4/24/2025 9:00,avenue41_to_harrisln,NB,0.03,0.57,37.9
4/24/2025 10:00,avenue41_to_harrisln,NB,0.08,0.63,34.3
4/24/2025 11:00,avenue41_to_harrisln,NB,0.06,0.62,34.8
4/24/2025 12:00,avenue41_to_harrisln,NB,0.11,0.66,33.1
4/24/2025 13:00,avenue41_to_harrisln,NB,0.05,0.6,36.4
4/24/2025 14:00,avenue41_to_harrisln,NB,0.05,0.61,35
4/24/2025 15:00,avenue41_to_harrisln,NB,0.05,0.61,35.4
4/24/2025 16:00,avenue41_to_harrisln,NB,0.04,0.58,37.4
4/24/2025 17:00,avenue41_to_harrisln,NB,0.07,0.63,34.2
4/24/2025 18:00,avenue41_to_harrisln,NB,0.04,0.6,36.1
4/24/2025 19:00,avenue41_to_harrisln,NB,0.03,0.57,38.1
4/24/2025 20:00,avenue41_to_harrisln,NB,0.02,0.56,38.3
4/24/2025 21:00,avenue41_to_harrisln,NB,0.02,0.55,39.2
4/24/2025 22:00,avenue41_to_harrisln,NB,0,0.51,41.9
4/24/2025 23:00,avenue41_to_harrisln,NB,0.04,0.55,39.4
4/25/2025 0:00,avenue41_to_harrisln,NB,0.01,0.5,43.3
4/25/2025 1:00,avenue41_to_harrisln,NB,0,0.47,46.2
4/25/2025 2:00,avenue41_to_harrisln,NB,0,0.46,46.7
4/25/2025 3:00,avenue41_to_harrisln,NB,0,0.48,45.2
4/25/2025 4:00,avenue41_to_harrisln,NB,0,0.44,48.2
4/25/2025 5:00,avenue41_to_harrisln,NB,0,0.49,43.9
4/25/2025 6:00,avenue41_to_harrisln,NB,0.01,0.49,43.5
4/25/2025 7:00,avenue41_to_harrisln,NB,0.02,0.55,39.1
4/25/2025 8:00,avenue41_to_harrisln,NB,0.02,0.56,38.3
4/25/2025 9:00,avenue41_to_harrisln,NB,0.05,0.61,35.2
4/25/2025 10:00,avenue41_to_harrisln,NB,0.08,0.63,34.5
4/25/2025 11:00,avenue41_to_harrisln,NB,0.05,0.63,34.3
4/25/2025 12:00,avenue41_to_harrisln,NB,0.08,0.66,32.6
4/25/2025 13:00,avenue41_to_harrisln,NB,0.06,0.62,34.9
4/25/2025 14:00,avenue41_to_harrisln,NB,0.09,0.65,33.5
4/25/2025 15:00,avenue41_to_harrisln,NB,0.12,0.69,31.3
4/25/2025 16:00,avenue41_to_harrisln,NB,0.12,0.72,30
4/25/2025 17:00,avenue41_to_harrisln,NB,0.05,0.61,35.6
4/25/2025 18:00,avenue41_to_harrisln,NB,0.03,0.58,36.9
4/25/2025 19:00,avenue41_to_harrisln,NB,0.07,0.6,36.9
4/25/2025 20:00,avenue41_to_harrisln,NB,0.08,0.61,35.7
4/25/2025 21:00,avenue41_to_harrisln,NB,0.04,0.58,37.5
4/25/2025 22:00,avenue41_to_harrisln,NB,0.04,0.56,38.8
4/25/2025 23:00,avenue41_to_harrisln,NB,0,0.55,39
4/26/2025 0:00,avenue41_to_harrisln,NB,0.01,0.51,42.3
4/26/2025 1:00,avenue41_to_harrisln,NB,0.02,0.56,39
4/26/2025 2:00,avenue41_to_harrisln,NB,0,0.48,44.8
4/26/2025 3:00,avenue41_to_harrisln,NB,0.01,0.52,41.8
4/26/2025 4:00,avenue41_to_harrisln,NB,0.04,0.59,36.5
4/26/2025 5:00,avenue41_to_harrisln,NB,0.01,0.47,45.5
4/26/2025 6:00,avenue41_to_harrisln,NB,0,0.49,44.2
4/26/2025 7:00,avenue41_to_harrisln,NB,0,0.49,43.4
4/26/2025 8:00,avenue41_to_harrisln,NB,0.01,0.52,41
4/26/2025 9:00,avenue41_to_harrisln,NB,0.02,0.57,38
4/26/2025 10:00,avenue41_to_harrisln,NB,0.04,0.6,36.1
4/26/2025 11:00,avenue41_to_harrisln,NB,0.03,0.58,36.8
4/26/2025 12:00,avenue41_to_harrisln,NB,0.05,0.59,36.7
4/26/2025 13:00,avenue41_to_harrisln,NB,0.05,0.59,37
4/26/2025 14:00,avenue41_to_harrisln,NB,0.05,0.6,36.3
4/26/2025 15:00,avenue41_to_harrisln,NB,0.05,0.59,36.8
4/26/2025 16:00,avenue41_to_harrisln,NB,0.02,0.56,38.4
4/26/2025 17:00,avenue41_to_harrisln,NB,0.03,0.57,38.3
4/26/2025 18:00,avenue41_to_harrisln,NB,0.03,0.57,37.8
4/26/2025 19:00,avenue41_to_harrisln,NB,0.04,0.56,38.3
4/26/2025 20:00,avenue41_to_harrisln,NB,0.02,0.55,39.2
4/26/2025 21:00,avenue41_to_harrisln,NB,0,0.53,41
4/26/2025 22:00,avenue41_to_harrisln,NB,0.03,0.55,39.2
4/26/2025 23:00,avenue41_to_harrisln,NB,0.01,0.52,41.2
4/27/2025 0:00,avenue41_to_harrisln,NB,0.01,0.57,38.1
4/27/2025 1:00,avenue41_to_harrisln,NB,0,0.52,41
4/27/2025 2:00,avenue41_to_harrisln,NB,0.02,0.49,45.1
4/27/2025 3:00,avenue41_to_harrisln,NB,0,0.51,42.3
4/27/2025 4:00,avenue41_to_harrisln,NB,0,0.51,42.2
4/27/2025 5:00,avenue41_to_harrisln,NB,0,0.52,41.1
4/27/2025 6:00,avenue41_to_harrisln,NB,0.01,0.47,45.9
4/27/2025 7:00,avenue41_to_harrisln,NB,0.02,0.53,40.8
4/27/2025 8:00,avenue41_to_harrisln,NB,0.01,0.5,43
4/27/2025 9:00,avenue41_to_harrisln,NB,0.08,0.61,35.6
4/27/2025 10:00,avenue41_to_harrisln,NB,0.03,0.56,38.6
4/27/2025 11:00,avenue41_to_harrisln,NB,0.03,0.6,35.7
4/27/2025 12:00,avenue41_to_harrisln,NB,0.05,0.62,35
4/27/2025 13:00,avenue41_to_harrisln,NB,0.01,0.56,38.5
4/27/2025 14:00,avenue41_to_harrisln,NB,0.03,0.58,37.1
4/27/2025 15:00,avenue41_to_harrisln,NB,0.01,0.56,38.3
4/27/2025 16:00,avenue41_to_harrisln,NB,0.01,0.54,39.3
4/27/2025 17:00,avenue41_to_harrisln,NB,0.04,0.59,36.6
4/27/2025 18:00,avenue41_to_harrisln,NB,0.04,0.58,37.7
4/27/2025 19:00,avenue41_to_harrisln,NB,0.04,0.6,35.9
4/27/2025 20:00,avenue41_to_harrisln,NB,0.08,0.62,36.8
4/27/2025 21:00,avenue41_to_harrisln,NB,0.01,0.54,39.9
4/27/2025 22:00,avenue41_to_harrisln,NB,0.02,0.56,38.7
4/27/2025 23:00,avenue41_to_harrisln,NB,0.01,0.52,41.2
4/28/2025 0:00,avenue41_to_harrisln,NB,0,0.52,41.1
4/28/2025 1:00,avenue41_to_harrisln,NB,0,0.51,41.8
4/28/2025 2:00,avenue41_to_harrisln,NB,0,0.52,41.7
4/28/2025 3:00,avenue41_to_harrisln,NB,0,0.5,43.4
4/28/2025 4:00,avenue41_to_harrisln,NB,0.07,0.57,39.5
4/28/2025 5:00,avenue41_to_harrisln,NB,0,0.5,43.2
4/28/2025 6:00,avenue41_to_harrisln,NB,0.01,0.5,43.2
4/28/2025 7:00,avenue41_to_harrisln,NB,0.11,0.65,33.3
4/28/2025 8:00,avenue41_to_harrisln,NB,0.43,1.01,21.8
4/28/2025 9:00,avenue41_to_harrisln,NB,2.01,2.61,13.6
4/28/2025 10:00,avenue41_to_harrisln,NB,0.15,0.74,29.5
4/28/2025 11:00,avenue41_to_harrisln,NB,0.14,0.72,30.2
4/28/2025 12:00,avenue41_to_harrisln,NB,0.12,0.7,31.3
4/28/2025 13:00,avenue41_to_harrisln,NB,0.05,0.61,35.2
4/28/2025 14:00,avenue41_to_harrisln,NB,0.12,0.68,31.9
4/28/2025 15:00,avenue41_to_harrisln,NB,0.09,0.66,32.9
4/28/2025 16:00,avenue41_to_harrisln,NB,0.07,0.62,34.9
4/28/2025 17:00,avenue41_to_harrisln,NB,0.05,0.6,35.9
4/28/2025 18:00,avenue41_to_harrisln,NB,0.03,0.57,37.7
4/28/2025 19:00,avenue41_to_harrisln,NB,0.03,0.54,40.1
4/28/2025 20:00,avenue41_to_harrisln,NB,0.03,0.56,39.1
4/28/2025 21:00,avenue41_to_harrisln,NB,0.03,0.55,38.8
4/28/2025 22:00,avenue41_to_harrisln,NB,0.01,0.5,42.9
4/28/2025 23:00,avenue41_to_harrisln,NB,0,0.47,45.4
4/29/2025 0:00,avenue41_to_harrisln,NB,0.04,0.5,43.8
4/29/2025 1:00,avenue41_to_harrisln,NB,0.01,0.49,43.8
4/29/2025 2:00,avenue41_to_harrisln,NB,0,0.48,45.2
4/29/2025 3:00,avenue41_to_harrisln,NB,0,0.49,44.1
4/29/2025 4:00,avenue41_to_harrisln,NB,0,0.45,47.2
4/29/2025 5:00,avenue41_to_harrisln,NB,0,0.54,39.9
4/29/2025 6:00,avenue41_to_harrisln,NB,0.03,0.52,42.4
4/29/2025 7:00,avenue41_to_harrisln,NB,0.07,0.61,35.6
4/29/2025 8:00,avenue41_to_harrisln,NB,0.08,0.63,34.5
4/29/2025 9:00,avenue41_to_harrisln,NB,0.07,0.62,35.2
4/29/2025 10:00,avenue41_to_harrisln,NB,0.04,0.58,36.9
4/29/2025 11:00,avenue41_to_harrisln,NB,0.07,0.62,35.6
4/29/2025 12:00,avenue41_to_harrisln,NB,0.04,0.6,36.1
4/29/2025 13:00,avenue41_to_harrisln,NB,0.05,0.6,35.9
4/29/2025 14:00,avenue41_to_harrisln,NB,0.09,0.66,32.5
4/29/2025 15:00,avenue41_to_harrisln,NB,0.14,0.71,31.2
4/29/2025 16:00,avenue41_to_harrisln,NB,0.09,0.65,33.4
4/29/2025 17:00,avenue41_to_harrisln,NB,0.03,0.58,37
4/29/2025 18:00,avenue41_to_harrisln,NB,0.03,0.56,38.7
4/29/2025 19:00,avenue41_to_harrisln,NB,0.08,0.63,34
4/29/2025 20:00,avenue41_to_harrisln,NB,0,0.52,40.9
4/29/2025 21:00,avenue41_to_harrisln,NB,0.01,0.51,42.6
4/29/2025 22:00,avenue41_to_harrisln,NB,0.01,0.52,41.1
4/29/2025 23:00,avenue41_to_harrisln,NB,0,0.49,44.4
4/30/2025 0:00,avenue41_to_harrisln,NB,0,0.49,43.9
4/30/2025 1:00,avenue41_to_harrisln,NB,0,0.49,43.9
4/30/2025 2:00,avenue41_to_harrisln,NB,0,0.52,41.4
4/30/2025 3:00,avenue41_to_harrisln,NB,0,0.48,45.1
4/30/2025 4:00,avenue41_to_harrisln,NB,0,0.45,47.8
4/30/2025 5:00,avenue41_to_harrisln,NB,0.01,0.54,40.2
4/30/2025 6:00,avenue41_to_harrisln,NB,0.01,0.5,43
4/30/2025 7:00,avenue41_to_harrisln,NB,0.1,0.63,34.6
4/30/2025 8:00,avenue41_to_harrisln,NB,0.08,0.63,34.5
4/30/2025 9:00,avenue41_to_harrisln,NB,0.02,0.56,38.6
4/30/2025 10:00,avenue41_to_harrisln,NB,0.04,0.59,36.8
4/30/2025 11:00,avenue41_to_harrisln,NB,0.06,0.62,34.9
4/30/2025 12:00,avenue41_to_harrisln,NB,0.07,0.63,34.9
4/30/2025 13:00,avenue41_to_harrisln,NB,0.05,0.6,36.1
4/30/2025 14:00,avenue41_to_harrisln,NB,0.08,0.65,33.4
4/30/2025 15:00,avenue41_to_harrisln,NB,0.14,0.7,31.4
4/30/2025 16:00,avenue41_to_harrisln,NB,0.14,0.68,33.4
4/30/2025 17:00,avenue41_to_harrisln,NB,0.11,0.67,32.7
4/30/2025 18:00,avenue41_to_harrisln,NB,0.04,0.57,37.5
4/30/2025 19:00,avenue41_to_harrisln,NB,0.02,0.55,39.3
4/30/2025 20:00,avenue41_to_harrisln,NB,0.05,0.57,37.9
4/30/2025 21:00,avenue41_to_harrisln,NB,0.03,0.54,40.1
4/30/2025 22:00,avenue41_to_harrisln,NB,0.02,0.55,39.5
4/30/2025 23:00,avenue41_to_harrisln,NB,0.03,0.54,39.9
5/1/2025 0:00,avenue41_to_harrisln,NB,0.03,0.52,41.7
5/1/2025 1:00,avenue41_to_harrisln,NB,0,0.46,46.6
5/1/2025 2:00,avenue41_to_harrisln,NB,0,0.5,42.7
5/1/2025 3:00,avenue41_to_harrisln,NB,0,0.44,48.7
5/1/2025 4:00,avenue41_to_harrisln,NB,0,0.46,46.8
5/1/2025 5:00,avenue41_to_harrisln,NB,0,0.46,46.6
5/1/2025 6:00,avenue41_to_harrisln,NB,0.02,0.51,42.4
5/1/2025 7:00,avenue41_to_harrisln,NB,0.08,0.61,36
5/1/2025 8:00,avenue41_to_harrisln,NB,0.07,0.63,34.5
5/1/2025 9:00,avenue41_to_harrisln,NB,0.02,0.55,39.5
5/1/2025 10:00,avenue41_to_harrisln,NB,0.05,0.61,35.4
5/1/2025 11:00,avenue41_to_harrisln,NB,0.05,0.62,35.1
5/1/2025 12:00,avenue41_to_harrisln,NB,0.06,0.61,35.3
5/1/2025 13:00,avenue41_to_harrisln,NB,0.02,0.58,36.8
5/1/2025 14:00,avenue41_to_harrisln,NB,0.11,0.68,31.9
5/1/2025 15:00,avenue41_to_harrisln,NB,0.12,0.68,31.6
5/1/2025 16:00,avenue41_to_harrisln,NB,0.09,0.63,34.3
5/1/2025 17:00,avenue41_to_harrisln,NB,0.06,0.59,36.4
5/1/2025 18:00,avenue41_to_harrisln,NB,0.02,0.56,38.5
5/1/2025 19:00,avenue41_to_harrisln,NB,0.04,0.57,38.3
5/1/2025 20:00,avenue41_to_harrisln,NB,0.04,0.6,35.7
5/1/2025 21:00,avenue41_to_harrisln,NB,0,0.54,40.1
5/1/2025 22:00,avenue41_to_harrisln,NB,0.02,0.53,41.1
5/1/2025 23:00,avenue41_to_harrisln,NB,0,0.5,42.8
5/2/2025 0:00,avenue41_to_harrisln,NB,0,0.49,43.9
5/2/2025 1:00,avenue41_to_harrisln,NB,0.01,0.5,42.7
5/2/2025 2:00,avenue41_to_harrisln,NB,0,0.51,42
5/2/2025 3:00,avenue41_to_harrisln,NB,0,0.45,47.8
5/2/2025 4:00,avenue41_to_harrisln,NB,0,0.46,46.8
5/2/2025 5:00,avenue41_to_harrisln,NB,0,0.49,44
5/2/2025 6:00,avenue41_to_harrisln,NB,0,0.47,45.7
5/2/2025 7:00,avenue41_to_harrisln,NB,0.06,0.59,36.7
5/2/2025 8:00,avenue41_to_harrisln,NB,0.05,0.6,36
5/2/2025 9:00,avenue41_to_harrisln,NB,0.06,0.59,36.9
5/2/2025 10:00,avenue41_to_harrisln,NB,0.06,0.6,36.1
5/2/2025 11:00,avenue41_to_harrisln,NB,0.06,0.6,36
5/2/2025 12:00,avenue41_to_harrisln,NB,0.04,0.61,35
5/2/2025 13:00,avenue41_to_harrisln,NB,0.09,0.67,32.3
5/2/2025 14:00,avenue41_to_harrisln,NB,0.11,0.67,32.9
5/2/2025 15:00,avenue41_to_harrisln,NB,0.18,0.74,29.3
5/2/2025 16:00,avenue41_to_harrisln,NB,0.08,0.64,34
5/2/2025 17:00,avenue41_to_harrisln,NB,0.05,0.6,35.8
5/2/2025 18:00,avenue41_to_harrisln,NB,0.03,0.57,38.1
5/2/2025 19:00,avenue41_to_harrisln,NB,0.04,0.57,37.9
5/2/2025 20:00,avenue41_to_harrisln,NB,0.04,0.59,36.4
5/2/2025 21:00,avenue41_to_harrisln,NB,0.02,0.55,39.1
5/2/2025 22:00,avenue41_to_harrisln,NB,0.01,0.51,41.9
5/2/2025 23:00,avenue41_to_harrisln,NB,0,0.5,42.6
5/3/2025 0:00,avenue41_to_harrisln,NB,0,0.49,44
5/3/2025 1:00,avenue41_to_harrisln,NB,0,0.48,44.7
5/3/2025 2:00,avenue41_to_harrisln,NB,0.02,0.51,42.6
5/3/2025 3:00,avenue41_to_harrisln,NB,0,0.48,44.9
5/3/2025 4:00,avenue41_to_harrisln,NB,0,0.52,41.3
5/3/2025 5:00,avenue41_to_harrisln,NB,0,0.5,43
5/3/2025 6:00,avenue41_to_harrisln,NB,0,0.48,44.7
5/3/2025 7:00,avenue41_to_harrisln,NB,0.03,0.55,39.7
5/3/2025 8:00,avenue41_to_harrisln,NB,0.01,0.54,39.7
5/3/2025 9:00,avenue41_to_harrisln,NB,0.04,0.57,38
5/3/2025 10:00,avenue41_to_harrisln,NB,0.02,0.58,36.9
5/3/2025 11:00,avenue41_to_harrisln,NB,0.03,0.58,37.2
5/3/2025 12:00,avenue41_to_harrisln,NB,0.01,0.55,38.8
5/3/2025 13:00,avenue41_to_harrisln,NB,0.01,0.56,38.1
5/3/2025 14:00,avenue41_to_harrisln,NB,0.01,0.56,38.1
5/3/2025 15:00,avenue41_to_harrisln,NB,0.05,0.59,36.6
5/3/2025 16:00,avenue41_to_harrisln,NB,0.04,0.6,35.9
5/3/2025 17:00,avenue41_to_harrisln,NB,0.04,0.58,36.8
5/3/2025 18:00,avenue41_to_harrisln,NB,0.02,0.57,37.6
5/3/2025 19:00,avenue41_to_harrisln,NB,0.01,0.53,40.2
5/3/2025 20:00,avenue41_to_harrisln,NB,0.03,0.58,37.1
5/3/2025 21:00,avenue41_to_harrisln,NB,0.05,0.58,37.9
5/3/2025 22:00,avenue41_to_harrisln,NB,0.04,0.58,37
5/3/2025 23:00,avenue41_to_harrisln,NB,0,0.54,40
5/4/2025 0:00,avenue41_to_harrisln,NB,0,0.53,40.7
5/4/2025 1:00,avenue41_to_harrisln,NB,0.02,0.52,41.6
5/4/2025 2:00,avenue41_to_harrisln,NB,0.01,0.55,39.2
5/4/2025 3:00,avenue41_to_harrisln,NB,0.03,0.58,37.4
5/4/2025 4:00,avenue41_to_harrisln,NB,0.01,0.48,45.2
5/4/2025 5:00,avenue41_to_harrisln,NB,0,0.49,43.8
5/4/2025 6:00,avenue41_to_harrisln,NB,0,0.5,43.4
5/4/2025 7:00,avenue41_to_harrisln,NB,0.03,0.54,40.2
5/4/2025 8:00,avenue41_to_harrisln,NB,0.02,0.53,40.6
5/4/2025 9:00,avenue41_to_harrisln,NB,0.01,0.51,41.7
5/4/2025 10:00,avenue41_to_harrisln,NB,0.08,0.63,34.8
5/4/2025 11:00,avenue41_to_harrisln,NB,0.02,0.54,39.4
5/4/2025 12:00,avenue41_to_harrisln,NB,0.07,0.59,37.1
5/4/2025 13:00,avenue41_to_harrisln,NB,0.04,0.58,37.4
5/4/2025 14:00,avenue41_to_harrisln,NB,0.03,0.55,39.5
5/4/2025 15:00,avenue41_to_harrisln,NB,0.05,0.57,38.1
5/4/2025 16:00,avenue41_to_harrisln,NB,0.03,0.55,38.9
5/4/2025 17:00,avenue41_to_harrisln,NB,0.04,0.55,38.9
5/4/2025 18:00,avenue41_to_harrisln,NB,0.04,0.55,39.5
5/4/2025 19:00,avenue41_to_harrisln,NB,0.01,0.52,41.8
5/4/2025 20:00,avenue41_to_harrisln,NB,0.01,0.54,39.5
5/4/2025 21:00,avenue41_to_harrisln,NB,0.01,0.54,40
5/4/2025 22:00,avenue41_to_harrisln,NB,0.01,0.5,42.7
5/4/2025 23:00,avenue41_to_harrisln,NB,0.01,0.52,41.5
5/5/2025 0:00,avenue41_to_harrisln,NB,0,0.5,43.4
5/5/2025 1:00,avenue41_to_harrisln,NB,0,0.49,43.4
5/5/2025 2:00,avenue41_to_harrisln,NB,0,0.48,44.2
5/5/2025 3:00,avenue41_to_harrisln,NB,0,0.49,43.4
5/5/2025 4:00,avenue41_to_harrisln,NB,0,0.5,42.9
5/5/2025 5:00,avenue41_to_harrisln,NB,0,0.48,45.2
5/5/2025 6:00,avenue41_to_harrisln,NB,0.02,0.53,41
5/5/2025 7:00,avenue41_to_harrisln,NB,0.06,0.6,36.3
5/5/2025 8:00,avenue41_to_harrisln,NB,0.15,0.72,31.1
5/5/2025 9:00,avenue41_to_harrisln,NB,0.07,0.6,36.3
5/5/2025 10:00,avenue41_to_harrisln,NB,0.03,0.58,37.4
5/5/2025 11:00,avenue41_to_harrisln,NB,0.04,0.6,35.9
5/5/2025 12:00,avenue41_to_harrisln,NB,0.02,0.58,37.4
5/5/2025 13:00,avenue41_to_harrisln,NB,0.03,0.56,38.3
5/5/2025 14:00,avenue41_to_harrisln,NB,0.1,0.68,32
5/5/2025 15:00,avenue41_to_harrisln,NB,0.11,0.67,32.4
5/5/2025 16:00,avenue41_to_harrisln,NB,0.07,0.63,34.6
5/5/2025 17:00,avenue41_to_harrisln,NB,0.06,0.59,36.3
5/5/2025 18:00,avenue41_to_harrisln,NB,0,0.54,39.7
5/5/2025 19:00,avenue41_to_harrisln,NB,0.02,0.56,38.6
5/5/2025 20:00,avenue41_to_harrisln,NB,0.03,0.55,39.6
5/5/2025 21:00,avenue41_to_harrisln,NB,0.01,0.53,40.5
5/5/2025 22:00,avenue41_to_harrisln,NB,0.01,0.51,42.5
5/5/2025 23:00,avenue41_to_harrisln,NB,0,0.5,43.1
5/6/2025 0:00,avenue41_to_harrisln,NB,0,0.46,46.3
5/6/2025 1:00,avenue41_to_harrisln,NB,0,0.46,46.9
5/6/2025 2:00,avenue41_to_harrisln,NB,0.04,0.51,42.6
5/6/2025 3:00,avenue41_to_harrisln,NB,0,0.46,47.7
5/6/2025 4:00,avenue41_to_harrisln,NB,0,0.47,46.1
5/6/2025 5:00,avenue41_to_harrisln,NB,0.01,0.48,44.8
5/6/2025 6:00,avenue41_to_harrisln,NB,0.02,0.52,41.2
5/6/2025 7:00,avenue41_to_harrisln,NB,0.08,0.62,35.3
5/6/2025 8:00,avenue41_to_harrisln,NB,0.1,0.65,33.5
5/6/2025 9:00,avenue41_to_harrisln,NB,0.05,0.61,35
5/6/2025 10:00,avenue41_to_harrisln,NB,0.03,0.58,37.1
5/6/2025 11:00,avenue41_to_harrisln,NB,0.09,0.64,34
5/6/2025 12:00,avenue41_to_harrisln,NB,0.04,0.59,37
5/6/2025 13:00,avenue41_to_harrisln,NB,0.03,0.59,36.7
5/6/2025 14:00,avenue41_to_harrisln,NB,0.12,0.69,31.9
5/6/2025 15:00,avenue41_to_harrisln,NB,0.15,0.72,30.2
5/6/2025 16:00,avenue41_to_harrisln,NB,0.08,0.63,34.6
5/6/2025 17:00,avenue41_to_harrisln,NB,0.08,0.64,33.9
5/6/2025 18:00,avenue41_to_harrisln,NB,0.08,0.61,35.9
5/6/2025 19:00,avenue41_to_harrisln,NB,0.02,0.54,40.3
5/6/2025 20:00,avenue41_to_harrisln,NB,0.04,0.57,37.7
5/6/2025 21:00,avenue41_to_harrisln,NB,0.05,0.58,37.7
5/6/2025 22:00,avenue41_to_harrisln,NB,0.01,0.53,40.1
5/6/2025 23:00,avenue41_to_harrisln,NB,0.04,0.54,40
5/7/2025 0:00,avenue41_to_harrisln,NB,0,0.45,48
5/7/2025 1:00,avenue41_to_harrisln,NB,0,0.51,41.9
5/7/2025 2:00,avenue41_to_harrisln,NB,0.02,0.5,42.7
5/7/2025 3:00,avenue41_to_harrisln,NB,0,0.49,43.5
5/7/2025 4:00,avenue41_to_harrisln,NB,0,0.48,44.8
5/7/2025 5:00,avenue41_to_harrisln,NB,0.02,0.53,41.6
5/7/2025 6:00,avenue41_to_harrisln,NB,0.03,0.53,41.3
5/7/2025 7:00,avenue41_to_harrisln,NB,0.08,0.62,35.3
5/7/2025 8:00,avenue41_to_harrisln,NB,0.08,0.63,34.4
5/7/2025 9:00,avenue41_to_harrisln,NB,0.04,0.59,36.8
5/7/2025 10:00,avenue41_to_harrisln,NB,0.04,0.6,36.1
5/7/2025 11:00,avenue41_to_harrisln,NB,0.03,0.58,37
5/7/2025 12:00,avenue41_to_harrisln,NB,0.06,0.61,35.6
5/7/2025 13:00,avenue41_to_harrisln,NB,0.09,0.63,34
5/7/2025 14:00,avenue41_to_harrisln,NB,0.09,0.66,32.5
5/7/2025 15:00,avenue41_to_harrisln,NB,0.17,0.73,29.9
5/7/2025 16:00,avenue41_to_harrisln,NB,0.06,0.62,34.9
5/7/2025 17:00,avenue41_to_harrisln,NB,0.08,0.61,35.3
5/7/2025 18:00,avenue41_to_harrisln,NB,0.04,0.6,36.1
5/7/2025 19:00,avenue41_to_harrisln,NB,0.04,0.59,36.4
5/7/2025 20:00,avenue41_to_harrisln,NB,0.01,0.53,40.7
5/7/2025 21:00,avenue41_to_harrisln,NB,0,0.51,42
5/7/2025 22:00,avenue41_to_harrisln,NB,0.01,0.52,41.6
5/7/2025 23:00,avenue41_to_harrisln,NB,0.09,0.6,35.7
5/8/2025 0:00,avenue41_to_harrisln,NB,0,0.52,41.1
5/8/2025 1:00,avenue41_to_harrisln,NB,0,0.46,46.9
5/8/2025 2:00,avenue41_to_harrisln,NB,0,0.51,42.4
5/8/2025 3:00,avenue41_to_harrisln,NB,0,0.49,43.7
5/8/2025 4:00,avenue41_to_harrisln,NB,0,0.44,48.9
5/8/2025 5:00,avenue41_to_harrisln,NB,0.01,0.5,43.2
5/8/2025 6:00,avenue41_to_harrisln,NB,0.01,0.49,43.8
5/8/2025 7:00,avenue41_to_harrisln,NB,0.1,0.64,34.3
5/8/2025 8:00,avenue41_to_harrisln,NB,0.03,0.59,36.2
5/8/2025 9:00,avenue41_to_harrisln,NB,0.04,0.59,36.5
5/8/2025 10:00,avenue41_to_harrisln,NB,0.01,0.57,37.7
5/8/2025 11:00,avenue41_to_harrisln,NB,0.04,0.58,37.4
5/8/2025 12:00,avenue41_to_harrisln,NB,0.06,0.61,35.8
5/8/2025 13:00,avenue41_to_harrisln,NB,0.06,0.6,36
5/8/2025 14:00,avenue41_to_harrisln,NB,0.11,0.67,32.4
5/8/2025 15:00,avenue41_to_harrisln,NB,0.14,0.71,31.2
5/8/2025 16:00,avenue41_to_harrisln,NB,0.07,0.61,35.4
5/8/2025 17:00,avenue41_to_harrisln,NB,0.09,0.63,34.5
5/8/2025 18:00,avenue41_to_harrisln,NB,0.08,0.63,34.5
5/8/2025 19:00,avenue41_to_harrisln,NB,0.1,0.65,33.8
5/8/2025 20:00,avenue41_to_harrisln,NB,0.07,0.62,35.3
5/8/2025 21:00,avenue41_to_harrisln,NB,0.13,0.66,33.6
5/8/2025 22:00,avenue41_to_harrisln,NB,0.02,0.53,41
5/8/2025 23:00,avenue41_to_harrisln,NB,0.1,0.59,37.6
5/9/2025 0:00,avenue41_to_harrisln,NB,0,0.45,47.3
5/9/2025 1:00,avenue41_to_harrisln,NB,0,0.52,41.3
5/9/2025 2:00,avenue41_to_harrisln,NB,0,0.51,42
5/9/2025 3:00,avenue41_to_harrisln,NB,0,0.49,43.6
5/9/2025 4:00,avenue41_to_harrisln,NB,0,0.48,44.2
5/9/2025 5:00,avenue41_to_harrisln,NB,0.01,0.53,40.8
5/9/2025 6:00,avenue41_to_harrisln,NB,0.03,0.51,42.5
5/9/2025 7:00,avenue41_to_harrisln,NB,0.08,0.62,34.7
5/9/2025 8:00,avenue41_to_harrisln,NB,0.08,0.64,33.6
5/9/2025 9:00,avenue41_to_harrisln,NB,0.04,0.58,37.2
5/9/2025 10:00,avenue41_to_harrisln,NB,0.02,0.58,36.9
5/9/2025 11:00,avenue41_to_harrisln,NB,0.05,0.6,36.3
5/9/2025 12:00,avenue41_to_harrisln,NB,0.09,0.66,32.8
5/9/2025 13:00,avenue41_to_harrisln,NB,0.03,0.58,36.8
5/9/2025 14:00,avenue41_to_harrisln,NB,0.13,0.69,32.7
5/9/2025 15:00,avenue41_to_harrisln,NB,0.15,0.7,31.1
5/9/2025 16:00,avenue41_to_harrisln,NB,0.05,0.6,35.9
5/9/2025 17:00,avenue41_to_harrisln,NB,0.02,0.54,39.5
5/9/2025 18:00,avenue41_to_harrisln,NB,0.04,0.58,37
5/9/2025 19:00,avenue41_to_harrisln,NB,0.11,0.64,34
5/9/2025 20:00,avenue41_to_harrisln,NB,0.03,0.57,37.8
5/9/2025 21:00,avenue41_to_harrisln,NB,0.01,0.54,39.5
5/9/2025 22:00,avenue41_to_harrisln,NB,0,0.51,41.8
5/9/2025 23:00,avenue41_to_harrisln,NB,0.01,0.52,41.3
5/10/2025 0:00,avenue41_to_harrisln,NB,0,0.5,42.8
5/10/2025 1:00,avenue41_to_harrisln,NB,0,0.53,40.7
5/10/2025 2:00,avenue41_to_harrisln,NB,0,0.51,42.8
5/10/2025 3:00,avenue41_to_harrisln,NB,0,0.5,42.7
5/10/2025 4:00,avenue41_to_harrisln,NB,0,0.45,47.6
5/10/2025 5:00,avenue41_to_harrisln,NB,0,0.44,48.4
5/10/2025 6:00,avenue41_to_harrisln,NB,0.01,0.49,44.1
5/10/2025 7:00,avenue41_to_harrisln,NB,0.01,0.53,40.4
5/10/2025 8:00,avenue41_to_harrisln,NB,0.05,0.57,38.1
5/10/2025 9:00,avenue41_to_harrisln,NB,0.03,0.57,38.1
5/10/2025 10:00,avenue41_to_harrisln,NB,0,0.55,38.9
5/10/2025 11:00,avenue41_to_harrisln,NB,0.01,0.55,38.7
5/10/2025 12:00,avenue41_to_harrisln,NB,0.05,0.59,37.2
5/10/2025 13:00,avenue41_to_harrisln,NB,0.02,0.54,39.5
5/10/2025 14:00,avenue41_to_harrisln,NB,0.03,0.57,37.9
5/10/2025 15:00,avenue41_to_harrisln,NB,0,0.54,39.7
5/10/2025 16:00,avenue41_to_harrisln,NB,0.05,0.59,37.2
5/10/2025 17:00,avenue41_to_harrisln,NB,0.04,0.54,40
5/10/2025 18:00,avenue41_to_harrisln,NB,0.07,0.61,35.7
5/10/2025 19:00,avenue41_to_harrisln,NB,0.04,0.58,37.5
5/10/2025 20:00,avenue41_to_harrisln,NB,0.1,0.65,33.6
5/10/2025 21:00,avenue41_to_harrisln,NB,0.01,0.54,40.3
5/10/2025 22:00,avenue41_to_harrisln,NB,0.01,0.5,43.3
5/10/2025 23:00,avenue41_to_harrisln,NB,0.02,0.51,41.9
5/11/2025 0:00,avenue41_to_harrisln,NB,0,0.5,43.5
5/11/2025 1:00,avenue41_to_harrisln,NB,0,0.47,45.4
5/11/2025 2:00,avenue41_to_harrisln,NB,0,0.51,42.1
5/11/2025 3:00,avenue41_to_harrisln,NB,0.01,0.51,42.8
5/11/2025 4:00,avenue41_to_harrisln,NB,0,0.51,42.1
5/11/2025 5:00,avenue41_to_harrisln,NB,0.01,0.49,44
5/11/2025 6:00,avenue41_to_harrisln,NB,0.01,0.52,41.7
5/11/2025 7:00,avenue41_to_harrisln,NB,0.01,0.52,41.4
5/11/2025 8:00,avenue41_to_harrisln,NB,0.01,0.51,42.1
5/11/2025 9:00,avenue41_to_harrisln,NB,0.02,0.55,39.3
5/11/2025 10:00,avenue41_to_harrisln,NB,0.01,0.54,39.7
5/11/2025 11:00,avenue41_to_harrisln,NB,0.01,0.53,40.6
5/11/2025 12:00,avenue41_to_harrisln,NB,0.06,0.6,36.4
5/11/2025 13:00,avenue41_to_harrisln,NB,0.05,0.57,37.9
5/11/2025 14:00,avenue41_to_harrisln,NB,0.01,0.55,39.3
5/11/2025 15:00,avenue41_to_harrisln,NB,0.04,0.56,38.7
5/11/2025 16:00,avenue41_to_harrisln,NB,0.03,0.57,38.2
5/11/2025 17:00,avenue41_to_harrisln,NB,0.04,0.56,38.4
5/11/2025 18:00,avenue41_to_harrisln,NB,0.03,0.57,38
5/11/2025 19:00,avenue41_to_harrisln,NB,0.03,0.55,39
5/11/2025 20:00,avenue41_to_harrisln,NB,0.02,0.56,38.4
5/11/2025 21:00,avenue41_to_harrisln,NB,0.07,0.59,37
5/11/2025 22:00,avenue41_to_harrisln,NB,0.07,0.59,36.5
5/11/2025 23:00,avenue41_to_harrisln,NB,0.05,0.55,39.9
5/12/2025 0:00,avenue41_to_harrisln,NB,0,0.47,46
5/12/2025 1:00,avenue41_to_harrisln,NB,0.08,0.6,36
5/12/2025 2:00,avenue41_to_harrisln,NB,0,0.52,41.1
5/12/2025 3:00,avenue41_to_harrisln,NB,0,0.46,46.3
5/12/2025 4:00,avenue41_to_harrisln,NB,0,0.47,45.4
5/12/2025 5:00,avenue41_to_harrisln,NB,0,0.44,49
5/12/2025 6:00,avenue41_to_harrisln,NB,0.01,0.48,44.8
5/12/2025 7:00,avenue41_to_harrisln,NB,0.04,0.6,36
5/12/2025 8:00,avenue41_to_harrisln,NB,0.04,0.59,36.5
5/12/2025 9:00,avenue41_to_harrisln,NB,0.02,0.57,37.8
5/12/2025 10:00,avenue41_to_harrisln,NB,0.06,0.59,36.4
5/12/2025 11:00,avenue41_to_harrisln,NB,0.04,0.59,36.6
5/12/2025 12:00,avenue41_to_harrisln,NB,0.1,0.66,32.9
5/12/2025 13:00,avenue41_to_harrisln,NB,0.09,0.67,32.9
5/12/2025 14:00,avenue41_to_harrisln,NB,0.06,0.62,34.4
5/12/2025 15:00,avenue41_to_harrisln,NB,0.11,0.67,32.4
5/12/2025 16:00,avenue41_to_harrisln,NB,0.09,0.65,34
5/12/2025 17:00,avenue41_to_harrisln,NB,0.07,0.61,35.4
5/12/2025 18:00,avenue41_to_harrisln,NB,0.03,0.56,38.8
5/12/2025 19:00,avenue41_to_harrisln,NB,0.02,0.56,38.8
5/12/2025 20:00,avenue41_to_harrisln,NB,0.01,0.54,39.6
5/12/2025 21:00,avenue41_to_harrisln,NB,0.04,0.55,39.8
5/12/2025 22:00,avenue41_to_harrisln,NB,0.03,0.55,39.4
5/12/2025 23:00,avenue41_to_harrisln,NB,0.03,0.56,38.6
5/13/2025 0:00,avenue41_to_harrisln,NB,0,0.49,44.1
5/13/2025 1:00,avenue41_to_harrisln,NB,0,0.47,45.9
5/13/2025 2:00,avenue41_to_harrisln,NB,0,0.48,44.9
5/13/2025 3:00,avenue41_to_harrisln,NB,0,0.48,45.1
5/13/2025 4:00,avenue41_to_harrisln,NB,0,0.47,45.5
5/13/2025 5:00,avenue41_to_harrisln,NB,0,0.48,44.8
5/13/2025 6:00,avenue41_to_harrisln,NB,0.01,0.5,43.1
5/13/2025 7:00,avenue41_to_harrisln,NB,0.07,0.61,35.9
5/13/2025 8:00,avenue41_to_harrisln,NB,0.07,0.61,35.4
5/13/2025 9:00,avenue41_to_harrisln,NB,0.06,0.6,35.9
5/13/2025 10:00,avenue41_to_harrisln,NB,0.11,0.65,33.7
5/13/2025 11:00,avenue41_to_harrisln,NB,0.01,0.56,38.2
5/13/2025 12:00,avenue41_to_harrisln,NB,0.05,0.6,36.1
5/13/2025 13:00,avenue41_to_harrisln,NB,0.04,0.6,35.7
5/13/2025 14:00,avenue41_to_harrisln,NB,0.09,0.65,33.8
5/13/2025 15:00,avenue41_to_harrisln,NB,0.12,0.67,33.2
5/13/2025 16:00,avenue41_to_harrisln,NB,0.09,0.65,33.3
5/13/2025 17:00,avenue41_to_harrisln,NB,0.14,0.68,32.3
5/13/2025 18:00,avenue41_to_harrisln,NB,0.03,0.56,38.2
5/13/2025 19:00,avenue41_to_harrisln,NB,0.02,0.56,38.7
5/13/2025 20:00,avenue41_to_harrisln,NB,0.02,0.54,39.7
5/13/2025 21:00,avenue41_to_harrisln,NB,0,0.51,41.9
5/13/2025 22:00,avenue41_to_harrisln,NB,0.04,0.57,38.2
5/13/2025 23:00,avenue41_to_harrisln,NB,0.04,0.56,39
5/14/2025 0:00,avenue41_to_harrisln,NB,0,0.48,44.5
5/14/2025 1:00,avenue41_to_harrisln,NB,0,0.5,43.2
5/14/2025 2:00,avenue41_to_harrisln,NB,0.01,0.51,42.7
5/14/2025 3:00,avenue41_to_harrisln,NB,0,0.49,43.8
5/14/2025 4:00,avenue41_to_harrisln,NB,0,0.47,45.9
5/14/2025 5:00,avenue41_to_harrisln,NB,0,0.47,45.4
5/14/2025 6:00,avenue41_to_harrisln,NB,0.06,0.56,39.4
5/14/2025 7:00,avenue41_to_harrisln,NB,0.05,0.58,37.4
5/14/2025 8:00,avenue41_to_harrisln,NB,0.04,0.59,36.3
5/14/2025 9:00,avenue41_to_harrisln,NB,0.03,0.57,38
5/14/2025 10:00,avenue41_to_harrisln,NB,0.05,0.59,37
5/14/2025 11:00,avenue41_to_harrisln,NB,0.03,0.57,37.7
5/14/2025 12:00,avenue41_to_harrisln,NB,0.02,0.57,37.8
5/14/2025 13:00,avenue41_to_harrisln,NB,0.07,0.63,34.4
5/14/2025 14:00,avenue41_to_harrisln,NB,0.12,0.67,33.2
5/14/2025 15:00,avenue41_to_harrisln,NB,0.11,0.68,31.7
5/14/2025 16:00,avenue41_to_harrisln,NB,0.09,0.64,33.4
5/14/2025 17:00,avenue41_to_harrisln,NB,0.08,0.62,34.7
5/14/2025 18:00,avenue41_to_harrisln,NB,0.06,0.59,36.5
5/14/2025 19:00,avenue41_to_harrisln,NB,0.05,0.58,37.2
5/14/2025 20:00,avenue41_to_harrisln,NB,0.01,0.55,38.8
5/14/2025 21:00,avenue41_to_harrisln,NB,0.02,0.56,38.4
5/14/2025 22:00,avenue41_to_harrisln,NB,0,0.5,43.1
5/14/2025 23:00,avenue41_to_harrisln,NB,0.02,0.51,42.3
5/15/2025 0:00,avenue41_to_harrisln,NB,0.02,0.58,37.3
5/15/2025 1:00,avenue41_to_harrisln,NB,0,0.5,43.1
5/15/2025 2:00,avenue41_to_harrisln,NB,0,0.46,46.8
5/15/2025 3:00,avenue41_to_harrisln,NB,0,0.47,45.8
5/15/2025 4:00,avenue41_to_harrisln,NB,0,0.46,46.4
5/15/2025 5:00,avenue41_to_harrisln,NB,0,0.49,43.8
5/15/2025 6:00,avenue41_to_harrisln,NB,0.01,0.48,44.6
5/15/2025 7:00,avenue41_to_harrisln,NB,0.05,0.57,38.3
5/15/2025 8:00,avenue41_to_harrisln,NB,0.06,0.61,35.3
5/15/2025 9:00,avenue41_to_harrisln,NB,0.04,0.58,37.7
5/15/2025 10:00,avenue41_to_harrisln,NB,0.01,0.54,39.5
5/15/2025 11:00,avenue41_to_harrisln,NB,0.05,0.59,36.5
5/15/2025 12:00,avenue41_to_harrisln,NB,0.08,0.64,33.9
5/15/2025 13:00,avenue41_to_harrisln,NB,0.02,0.57,37.9
5/15/2025 14:00,avenue41_to_harrisln,NB,0.1,0.66,33.1
5/15/2025 15:00,avenue41_to_harrisln,NB,0.21,0.78,29.4
5/15/2025 16:00,avenue41_to_harrisln,NB,0.05,0.59,36.5
5/15/2025 17:00,avenue41_to_harrisln,NB,0.1,0.64,33.8
5/15/2025 18:00,avenue41_to_harrisln,NB,0.04,0.57,37.9
5/15/2025 19:00,avenue41_to_harrisln,NB,0.06,0.59,36.7
5/15/2025 20:00,avenue41_to_harrisln,NB,0.03,0.56,38.3
5/15/2025 21:00,avenue41_to_harrisln,NB,0,0.52,41.1
5/15/2025 22:00,avenue41_to_harrisln,NB,0.01,0.54,40.2
5/15/2025 23:00,avenue41_to_harrisln,NB,0.02,0.52,41.5
5/16/2025 0:00,avenue41_to_harrisln,NB,0,0.49,43.9
5/16/2025 1:00,avenue41_to_harrisln,NB,0,0.48,44.8
5/16/2025 2:00,avenue41_to_harrisln,NB,0,0.55,38.8
5/16/2025 3:00,avenue41_to_harrisln,NB,0,0.48,44.4
5/16/2025 4:00,avenue41_to_harrisln,NB,0,0.47,46.2
5/16/2025 5:00,avenue41_to_harrisln,NB,0,0.46,47
5/16/2025 6:00,avenue41_to_harrisln,NB,0.01,0.49,44.1
5/16/2025 7:00,avenue41_to_harrisln,NB,0.05,0.58,37.7
5/16/2025 8:00,avenue41_to_harrisln,NB,0.02,0.57,37.9
5/16/2025 9:00,avenue41_to_harrisln,NB,0.05,0.59,36.8
5/16/2025 10:00,avenue41_to_harrisln,NB,0.05,0.59,36.8
5/16/2025 11:00,avenue41_to_harrisln,NB,0.04,0.58,37
5/16/2025 12:00,avenue41_to_harrisln,NB,0.09,0.63,34.5
5/16/2025 13:00,avenue41_to_harrisln,NB,0.08,0.62,35.3
5/16/2025 14:00,avenue41_to_harrisln,NB,0.09,0.65,33.2
5/16/2025 15:00,avenue41_to_harrisln,NB,0.14,0.71,30.4
5/16/2025 16:00,avenue41_to_harrisln,NB,0.07,0.62,35.2
5/16/2025 17:00,avenue41_to_harrisln,NB,0.06,0.59,36.5
5/16/2025 18:00,avenue41_to_harrisln,NB,0.06,0.6,36
5/16/2025 19:00,avenue41_to_harrisln,NB,0.03,0.57,38.1
5/16/2025 20:00,avenue41_to_harrisln,NB,0.01,0.56,38.5
5/16/2025 21:00,avenue41_to_harrisln,NB,0.02,0.56,38.3
5/16/2025 22:00,avenue41_to_harrisln,NB,0.01,0.55,39.1
5/16/2025 23:00,avenue41_to_harrisln,NB,0.02,0.48,44.4
5/17/2025 0:00,avenue41_to_harrisln,NB,0,0.48,44.7
5/17/2025 1:00,avenue41_to_harrisln,NB,0.01,0.49,44.1
5/17/2025 2:00,avenue41_to_harrisln,NB,0.06,0.58,38
5/17/2025 3:00,avenue41_to_harrisln,NB,0,0.5,43.7
5/17/2025 4:00,avenue41_to_harrisln,NB,0,0.45,48.2
5/17/2025 5:00,avenue41_to_harrisln,NB,0.01,0.5,43.3
5/17/2025 6:00,avenue41_to_harrisln,NB,0,0.48,44.3
5/17/2025 7:00,avenue41_to_harrisln,NB,0,0.51,42.5
5/17/2025 8:00,avenue41_to_harrisln,NB,0.02,0.57,38.1
5/17/2025 9:00,avenue41_to_harrisln,NB,0.02,0.56,38.8
5/17/2025 10:00,avenue41_to_harrisln,NB,0.02,0.55,39
5/17/2025 11:00,avenue41_to_harrisln,NB,0.02,0.56,38.5
5/17/2025 12:00,avenue41_to_harrisln,NB,0.04,0.58,37.3
5/17/2025 13:00,avenue41_to_harrisln,NB,0.04,0.58,37
5/17/2025 14:00,avenue41_to_harrisln,NB,0.03,0.59,36.8
5/17/2025 15:00,avenue41_to_harrisln,NB,0.05,0.57,37.9
5/17/2025 16:00,avenue41_to_harrisln,NB,0.04,0.58,37.4
5/17/2025 17:00,avenue41_to_harrisln,NB,0.01,0.53,40.4
5/17/2025 18:00,avenue41_to_harrisln,NB,0.02,0.54,39.5
5/17/2025 19:00,avenue41_to_harrisln,NB,0.02,0.55,39.4
5/17/2025 20:00,avenue41_to_harrisln,NB,0.01,0.53,40.7
5/17/2025 21:00,avenue41_to_harrisln,NB,0.01,0.56,38.4
5/17/2025 22:00,avenue41_to_harrisln,NB,0,0.54,39.9
5/17/2025 23:00,avenue41_to_harrisln,NB,0,0.51,41.9
5/18/2025 0:00,avenue41_to_harrisln,NB,0.03,0.54,40
5/18/2025 1:00,avenue41_to_harrisln,NB,0.01,0.53,41
5/18/2025 2:00,avenue41_to_harrisln,NB,0.01,0.49,43.8
5/18/2025 3:00,avenue41_to_harrisln,NB,0,0.55,38.8
5/18/2025 4:00,avenue41_to_harrisln,NB,0,0.48,45
5/18/2025 5:00,avenue41_to_harrisln,NB,0,0.45,48.2
5/18/2025 6:00,avenue41_to_harrisln,NB,0,0.48,44.9
5/18/2025 7:00,avenue41_to_harrisln,NB,0.01,0.51,42.3
5/18/2025 8:00,avenue41_to_harrisln,NB,0,0.53,40.8
5/18/2025 9:00,avenue41_to_harrisln,NB,0,0.53,40.7
5/18/2025 10:00,avenue41_to_harrisln,NB,0.05,0.59,36.7
5/18/2025 11:00,avenue41_to_harrisln,NB,0.08,0.62,34.9
5/18/2025 12:00,avenue41_to_harrisln,NB,0.02,0.57,37.8
5/18/2025 13:00,avenue41_to_harrisln,NB,0.06,0.6,36.4
5/18/2025 14:00,avenue41_to_harrisln,NB,0.01,0.54,39.5
5/18/2025 15:00,avenue41_to_harrisln,NB,0.02,0.54,39.8
5/18/2025 16:00,avenue41_to_harrisln,NB,0.02,0.55,39
5/18/2025 17:00,avenue41_to_harrisln,NB,0.04,0.57,37.9
5/18/2025 18:00,avenue41_to_harrisln,NB,0.09,0.62,36.1
5/18/2025 19:00,avenue41_to_harrisln,NB,0.01,0.53,40.6
5/18/2025 20:00,avenue41_to_harrisln,NB,0.02,0.54,40.1
5/18/2025 21:00,avenue41_to_harrisln,NB,0.02,0.55,39.2
5/18/2025 22:00,avenue41_to_harrisln,NB,0.01,0.53,40.8
5/18/2025 23:00,avenue41_to_harrisln,NB,0.02,0.5,43
5/19/2025 0:00,avenue41_to_harrisln,NB,0,0.48,44.7
5/19/2025 1:00,avenue41_to_harrisln,NB,0,0.48,45
5/19/2025 2:00,avenue41_to_harrisln,NB,0,0.51,42.1
5/19/2025 3:00,avenue41_to_harrisln,NB,0,0.46,46.2
5/19/2025 4:00,avenue41_to_harrisln,NB,0,0.48,45.4
5/19/2025 5:00,avenue41_to_harrisln,NB,0.01,0.47,45.7
5/19/2025 6:00,avenue41_to_harrisln,NB,0,0.48,44.6
5/19/2025 7:00,avenue41_to_harrisln,NB,0.07,0.6,36.6
5/19/2025 8:00,avenue41_to_harrisln,NB,0.1,0.65,33
5/19/2025 9:00,avenue41_to_harrisln,NB,0.02,0.58,37
5/19/2025 10:00,avenue41_to_harrisln,NB,0.04,0.58,37.4
5/19/2025 11:00,avenue41_to_harrisln,NB,0.01,0.57,37.9
5/19/2025 12:00,avenue41_to_harrisln,NB,0.05,0.59,36.6
5/19/2025 13:00,avenue41_to_harrisln,NB,0.06,0.6,36.3
5/19/2025 14:00,avenue41_to_harrisln,NB,0.09,0.66,32.8
5/19/2025 15:00,avenue41_to_harrisln,NB,0.08,0.64,34.1
5/19/2025 16:00,avenue41_to_harrisln,NB,0.07,0.62,35.2
5/19/2025 17:00,avenue41_to_harrisln,NB,0.06,0.6,36.2
5/19/2025 18:00,avenue41_to_harrisln,NB,0.05,0.58,37.7
5/19/2025 19:00,avenue41_to_harrisln,NB,0.06,0.59,37.3
5/19/2025 20:00,avenue41_to_harrisln,NB,0.01,0.52,41.3
5/19/2025 21:00,avenue41_to_harrisln,NB,0.02,0.56,39.3
5/19/2025 22:00,avenue41_to_harrisln,NB,0.01,0.52,41.2
5/19/2025 23:00,avenue41_to_harrisln,NB,0,0.5,43.2
5/20/2025 0:00,avenue41_to_harrisln,NB,0,0.53,40.7
5/20/2025 1:00,avenue41_to_harrisln,NB,0,0.49,43.6
5/20/2025 2:00,avenue41_to_harrisln,NB,0,0.48,44.7
5/20/2025 3:00,avenue41_to_harrisln,NB,0,0.47,45.7
5/20/2025 4:00,avenue41_to_harrisln,NB,0.01,0.48,44.4
5/20/2025 5:00,avenue41_to_harrisln,NB,0.02,0.51,42.4
5/20/2025 6:00,avenue41_to_harrisln,NB,0.04,0.52,41.6
5/20/2025 7:00,avenue41_to_harrisln,NB,0.06,0.59,36.8
5/20/2025 8:00,avenue41_to_harrisln,NB,0.06,0.6,35.8
5/20/2025 9:00,avenue41_to_harrisln,NB,0.07,0.61,35.7
5/20/2025 10:00,avenue41_to_harrisln,NB,0.03,0.58,37.3
5/20/2025 11:00,avenue41_to_harrisln,NB,0.02,0.56,38.2
5/20/2025 12:00,avenue41_to_harrisln,NB,0.08,0.61,35.9
5/20/2025 13:00,avenue41_to_harrisln,NB,0.07,0.6,35.8
5/20/2025 14:00,avenue41_to_harrisln,NB,0.1,0.65,33.4
5/20/2025 15:00,avenue41_to_harrisln,NB,0.09,0.65,33.4
5/20/2025 16:00,avenue41_to_harrisln,NB,0.09,0.63,34.6
5/20/2025 17:00,avenue41_to_harrisln,NB,0.06,0.59,36.8
5/20/2025 18:00,avenue41_to_harrisln,NB,0.01,0.52,41.6
5/20/2025 19:00,avenue41_to_harrisln,NB,0.02,0.53,40.3
5/20/2025 20:00,avenue41_to_harrisln,NB,0.01,0.52,41
5/20/2025 21:00,avenue41_to_harrisln,NB,0.02,0.52,41.2
5/20/2025 22:00,avenue41_to_harrisln,NB,0,0.51,42.7
5/20/2025 23:00,avenue41_to_harrisln,NB,0,0.5,42.5
5/21/2025 0:00,avenue41_to_harrisln,NB,0,0.5,42.9
5/21/2025 1:00,avenue41_to_harrisln,NB,0.02,0.55,39.8
5/21/2025 2:00,avenue41_to_harrisln,NB,0,0.51,42.5
5/21/2025 3:00,avenue41_to_harrisln,NB,0,0.49,43.8
5/21/2025 4:00,avenue41_to_harrisln,NB,0,0.47,45.4
5/21/2025 5:00,avenue41_to_harrisln,NB,0,0.5,43
5/21/2025 6:00,avenue41_to_harrisln,NB,0,0.49,43.6
5/21/2025 7:00,avenue41_to_harrisln,NB,0.04,0.56,38.5
5/21/2025 8:00,avenue41_to_harrisln,NB,0.04,0.6,36
5/21/2025 9:00,avenue41_to_harrisln,NB,0.02,0.55,38.9
5/21/2025 10:00,avenue41_to_harrisln,NB,0.09,0.64,34.3
5/21/2025 11:00,avenue41_to_harrisln,NB,0.02,0.56,38.2
5/21/2025 12:00,avenue41_to_harrisln,NB,0.1,0.64,34.6
5/21/2025 13:00,avenue41_to_harrisln,NB,0.1,0.65,34.1
5/21/2025 14:00,avenue41_to_harrisln,NB,0.08,0.62,35
5/21/2025 15:00,avenue41_to_harrisln,NB,0.11,0.65,33.5
5/21/2025 16:00,avenue41_to_harrisln,NB,0.07,0.61,35.5
5/21/2025 17:00,avenue41_to_harrisln,NB,0.03,0.57,37.8
5/21/2025 18:00,avenue41_to_harrisln,NB,0.04,0.55,39.6
5/21/2025 19:00,avenue41_to_harrisln,NB,0.03,0.56,38.7
5/21/2025 20:00,avenue41_to_harrisln,NB,0.03,0.57,38.1
5/21/2025 21:00,avenue41_to_harrisln,NB,0,0.5,42.9
5/21/2025 22:00,avenue41_to_harrisln,NB,0,0.5,43.1
5/21/2025 23:00,avenue41_to_harrisln,NB,0,0.48,44.8
5/22/2025 0:00,avenue41_to_harrisln,NB,0.01,0.51,42.5
5/22/2025 1:00,avenue41_to_harrisln,NB,0.01,0.55,39.2
5/22/2025 2:00,avenue41_to_harrisln,NB,0.01,0.57,37.3
5/22/2025 3:00,avenue41_to_harrisln,NB,0.02,0.53,41.3
5/22/2025 4:00,avenue41_to_harrisln,NB,0,0.46,46.4
5/22/2025 5:00,avenue41_to_harrisln,NB,0,0.49,43.8
5/22/2025 6:00,avenue41_to_harrisln,NB,0.02,0.54,40.1
5/22/2025 7:00,avenue41_to_harrisln,NB,0.1,0.63,34.6
5/22/2025 8:00,avenue41_to_harrisln,NB,0.06,0.62,35.1
5/22/2025 9:00,avenue41_to_harrisln,NB,0.03,0.57,37.9
5/22/2025 10:00,avenue41_to_harrisln,NB,0.04,0.6,35.9
5/22/2025 11:00,avenue41_to_harrisln,NB,0.07,0.61,35.2
5/22/2025 12:00,avenue41_to_harrisln,NB,0.04,0.59,36.6
5/22/2025 13:00,avenue41_to_harrisln,NB,0.05,0.6,36.2
5/22/2025 14:00,avenue41_to_harrisln,NB,0.08,0.64,33.7
5/22/2025 15:00,avenue41_to_harrisln,NB,0.09,0.65,33.5
5/22/2025 16:00,avenue41_to_harrisln,NB,0.11,0.65,33.2
5/22/2025 17:00,avenue41_to_harrisln,NB,0.05,0.58,37.4
5/22/2025 18:00,avenue41_to_harrisln,NB,0.06,0.6,36.3
5/22/2025 19:00,avenue41_to_harrisln,NB,0.05,0.58,37.5
5/22/2025 20:00,avenue41_to_harrisln,NB,0.02,0.55,39.1
5/22/2025 21:00,avenue41_to_harrisln,NB,0.01,0.55,39.2
5/22/2025 22:00,avenue41_to_harrisln,NB,0,0.5,43
5/22/2025 23:00,avenue41_to_harrisln,NB,0,0.44,49
5/23/2025 0:00,avenue41_to_harrisln,NB,0.04,0.52,42
5/23/2025 1:00,avenue41_to_harrisln,NB,0.03,0.56,38.7
5/23/2025 2:00,avenue41_to_harrisln,NB,0.02,0.57,38
5/23/2025 3:00,avenue41_to_harrisln,NB,0.05,0.62,35.2
5/23/2025 4:00,avenue41_to_harrisln,NB,0,0.46,46.2
5/23/2025 5:00,avenue41_to_harrisln,NB,0,0.48,44.6
5/23/2025 6:00,avenue41_to_harrisln,NB,0.03,0.49,44.4
5/23/2025 7:00,avenue41_to_harrisln,NB,0.07,0.59,37.2
5/23/2025 8:00,avenue41_to_harrisln,NB,0.05,0.6,35.5
5/23/2025 9:00,avenue41_to_harrisln,NB,0.05,0.59,36.5
5/23/2025 10:00,avenue41_to_harrisln,NB,0.05,0.61,35.3
5/23/2025 11:00,avenue41_to_harrisln,NB,0.05,0.6,36.6
5/23/2025 12:00,avenue41_to_harrisln,NB,0.06,0.6,36.2
5/23/2025 13:00,avenue41_to_harrisln,NB,0.13,0.7,31.1
5/23/2025 14:00,avenue41_to_harrisln,NB,0.08,0.63,34.4
5/23/2025 15:00,avenue41_to_harrisln,NB,0.1,0.66,32.8
5/23/2025 16:00,avenue41_to_harrisln,NB,0.06,0.6,35.9
5/23/2025 17:00,avenue41_to_harrisln,NB,0.06,0.6,36
5/23/2025 18:00,avenue41_to_harrisln,NB,0.03,0.56,38.4
5/23/2025 19:00,avenue41_to_harrisln,NB,0.03,0.55,39.3
5/23/2025 20:00,avenue41_to_harrisln,NB,0.02,0.56,38.6
5/23/2025 21:00,avenue41_to_harrisln,NB,0.02,0.55,39.2
5/23/2025 22:00,avenue41_to_harrisln,NB,0.03,0.53,40.9
5/23/2025 23:00,avenue41_to_harrisln,NB,0.03,0.55,39.2
5/24/2025 0:00,avenue41_to_harrisln,NB,0.01,0.51,42.6
5/24/2025 1:00,avenue41_to_harrisln,NB,0,0.47,45.2
5/24/2025 2:00,avenue41_to_harrisln,NB,0,0.48,45.1
5/24/2025 3:00,avenue41_to_harrisln,NB,0,0.47,45.5
5/24/2025 4:00,avenue41_to_harrisln,NB,0,0.48,45.1
5/24/2025 5:00,avenue41_to_harrisln,NB,0,0.49,43.5
5/24/2025 6:00,avenue41_to_harrisln,NB,0,0.49,43.7
5/24/2025 7:00,avenue41_to_harrisln,NB,0,0.51,42.1
5/24/2025 8:00,avenue41_to_harrisln,NB,0,0.54,39.7
5/24/2025 9:00,avenue41_to_harrisln,NB,0.03,0.59,36.5
5/24/2025 10:00,avenue41_to_harrisln,NB,0.05,0.6,36
5/24/2025 11:00,avenue41_to_harrisln,NB,0.04,0.58,36.8
5/24/2025 12:00,avenue41_to_harrisln,NB,0.01,0.54,39.7
5/24/2025 13:00,avenue41_to_harrisln,NB,0.03,0.55,39.2
5/24/2025 14:00,avenue41_to_harrisln,NB,0.06,0.6,35.9
5/24/2025 15:00,avenue41_to_harrisln,NB,0.09,0.62,37.1
5/24/2025 16:00,avenue41_to_harrisln,NB,0.04,0.59,37
5/24/2025 17:00,avenue41_to_harrisln,NB,0.04,0.58,36.9
5/24/2025 18:00,avenue41_to_harrisln,NB,0.03,0.55,38.8
5/24/2025 19:00,avenue41_to_harrisln,NB,0.04,0.59,36.6
5/24/2025 20:00,avenue41_to_harrisln,NB,0.06,0.6,35.8
5/24/2025 21:00,avenue41_to_harrisln,NB,0,0.54,39.9
5/24/2025 22:00,avenue41_to_harrisln,NB,0,0.52,41.1
5/24/2025 23:00,avenue41_to_harrisln,NB,0,0.5,42.9
5/25/2025 0:00,avenue41_to_harrisln,NB,0,0.49,44.1
5/25/2025 1:00,avenue41_to_harrisln,NB,0,0.48,44.5
5/25/2025 2:00,avenue41_to_harrisln,NB,0.01,0.51,42.3
5/25/2025 3:00,avenue41_to_harrisln,NB,0,0.47,45.7
5/25/2025 4:00,avenue41_to_harrisln,NB,0,0.47,45.7
5/25/2025 5:00,avenue41_to_harrisln,NB,0.01,0.51,41.9
5/25/2025 6:00,avenue41_to_harrisln,NB,0,0.47,45.9
5/25/2025 7:00,avenue41_to_harrisln,NB,0,0.48,44.8
5/25/2025 8:00,avenue41_to_harrisln,NB,0,0.5,43
5/25/2025 9:00,avenue41_to_harrisln,NB,0.01,0.54,39.7
5/25/2025 10:00,avenue41_to_harrisln,NB,0.01,0.56,38.6
5/25/2025 11:00,avenue41_to_harrisln,NB,0.02,0.57,37.8
5/25/2025 12:00,avenue41_to_harrisln,NB,0.03,0.56,38.5
5/25/2025 13:00,avenue41_to_harrisln,NB,0.01,0.54,39.7
5/25/2025 14:00,avenue41_to_harrisln,NB,0.09,0.63,35.3
5/25/2025 15:00,avenue41_to_harrisln,NB,0.02,0.55,39.3
5/25/2025 16:00,avenue41_to_harrisln,NB,0.05,0.59,37
5/25/2025 17:00,avenue41_to_harrisln,NB,0.02,0.53,40.6
5/25/2025 18:00,avenue41_to_harrisln,NB,0.01,0.52,41.1
5/25/2025 19:00,avenue41_to_harrisln,NB,0.01,0.54,40.1
5/25/2025 20:00,avenue41_to_harrisln,NB,0.01,0.54,39.7
5/25/2025 21:00,avenue41_to_harrisln,NB,0,0.54,39.7
5/25/2025 22:00,avenue41_to_harrisln,NB,0,0.53,41.1
5/25/2025 23:00,avenue41_to_harrisln,NB,0.01,0.54,39.9
5/26/2025 0:00,avenue41_to_harrisln,NB,0,0.5,43.4
5/26/2025 1:00,avenue41_to_harrisln,NB,0,0.46,46.2
5/26/2025 2:00,avenue41_to_harrisln,NB,0.05,0.55,39.7
5/26/2025 3:00,avenue41_to_harrisln,NB,0,0.45,47.3
5/26/2025 4:00,avenue41_to_harrisln,NB,0,0.5,43
5/26/2025 5:00,avenue41_to_harrisln,NB,0,0.47,46.2
5/26/2025 6:00,avenue41_to_harrisln,NB,0.02,0.5,42.7
5/26/2025 7:00,avenue41_to_harrisln,NB,0.01,0.54,39.8
5/26/2025 8:00,avenue41_to_harrisln,NB,0.03,0.56,38.4
5/26/2025 9:00,avenue41_to_harrisln,NB,0.02,0.57,37.8
5/26/2025 10:00,avenue41_to_harrisln,NB,0.01,0.54,39.5
5/26/2025 11:00,avenue41_to_harrisln,NB,0.01,0.53,40.3
5/26/2025 12:00,avenue41_to_harrisln,NB,0.01,0.56,38.6
5/26/2025 13:00,avenue41_to_harrisln,NB,0.04,0.56,38.5
5/26/2025 14:00,avenue41_to_harrisln,NB,0.03,0.56,38.8
5/26/2025 15:00,avenue41_to_harrisln,NB,0.04,0.56,38.7
5/26/2025 16:00,avenue41_to_harrisln,NB,0.01,0.52,41.4
5/26/2025 17:00,avenue41_to_harrisln,NB,0.01,0.54,39.4
5/26/2025 18:00,avenue41_to_harrisln,NB,0.01,0.51,42.1
5/26/2025 19:00,avenue41_to_harrisln,NB,0.06,0.6,36.4
5/26/2025 20:00,avenue41_to_harrisln,NB,0.07,0.6,36.2
5/26/2025 21:00,avenue41_to_harrisln,NB,0.02,0.53,40.3
5/26/2025 22:00,avenue41_to_harrisln,NB,0.06,0.57,38.1
5/26/2025 23:00,avenue41_to_harrisln,NB,0,0.46,46.6
5/27/2025 0:00,avenue41_to_harrisln,NB,0,0.48,44.5
5/27/2025 1:00,avenue41_to_harrisln,NB,0,0.49,43.6
5/27/2025 2:00,avenue41_to_harrisln,NB,0,0.45,48.1
5/27/2025 3:00,avenue41_to_harrisln,NB,0,0.45,48
5/27/2025 4:00,avenue41_to_harrisln,NB,0,0.48,44.9
5/27/2025 5:00,avenue41_to_harrisln,NB,0.01,0.49,44.2
5/27/2025 6:00,avenue41_to_harrisln,NB,0,0.49,43.9
5/27/2025 7:00,avenue41_to_harrisln,NB,0.07,0.61,35.6
5/27/2025 8:00,avenue41_to_harrisln,NB,0.06,0.61,35.3
5/27/2025 9:00,avenue41_to_harrisln,NB,0.04,0.59,36.4
5/27/2025 10:00,avenue41_to_harrisln,NB,0.05,0.61,36
5/27/2025 11:00,avenue41_to_harrisln,NB,0.02,0.56,38.6
5/27/2025 12:00,avenue41_to_harrisln,NB,0.03,0.56,38.3
5/27/2025 13:00,avenue41_to_harrisln,NB,0.06,0.6,35.7
5/27/2025 14:00,avenue41_to_harrisln,NB,0.19,0.74,29.7
5/27/2025 15:00,avenue41_to_harrisln,NB,0.3,0.85,27.2
5/27/2025 16:00,avenue41_to_harrisln,NB,0.08,0.61,36
5/27/2025 17:00,avenue41_to_harrisln,NB,0.08,0.62,34.7
5/27/2025 18:00,avenue41_to_harrisln,NB,0.1,0.61,36.2
5/27/2025 19:00,avenue41_to_harrisln,NB,0.01,0.52,41.6
5/27/2025 20:00,avenue41_to_harrisln,NB,0.03,0.54,39.5
5/27/2025 21:00,avenue41_to_harrisln,NB,0,0.49,44
5/27/2025 22:00,avenue41_to_harrisln,NB,0,0.53,40.8
5/27/2025 23:00,avenue41_to_harrisln,NB,0,0.48,44.5
5/28/2025 0:00,avenue41_to_harrisln,NB,0,0.49,43.7
5/28/2025 1:00,avenue41_to_harrisln,NB,0,0.49,43.5
5/28/2025 2:00,avenue41_to_harrisln,NB,0,0.56,38.9
5/28/2025 3:00,avenue41_to_harrisln,NB,0,0.53,40.9
5/28/2025 4:00,avenue41_to_harrisln,NB,0,0.48,44.7
5/28/2025 5:00,avenue41_to_harrisln,NB,0,0.51,42.7
5/28/2025 6:00,avenue41_to_harrisln,NB,0.02,0.51,42
5/28/2025 7:00,avenue41_to_harrisln,NB,0.1,0.64,33.9
5/28/2025 8:00,avenue41_to_harrisln,NB,0.04,0.58,37.1
5/28/2025 9:00,avenue41_to_harrisln,NB,0.01,0.56,38.4
5/28/2025 10:00,avenue41_to_harrisln,NB,0.04,0.59,36.7
5/28/2025 11:00,avenue41_to_harrisln,NB,0.07,0.62,34.8
5/28/2025 12:00,avenue41_to_harrisln,NB,0.08,0.65,33.3
5/28/2025 13:00,avenue41_to_harrisln,NB,0.05,0.59,36.4
5/28/2025 14:00,avenue41_to_harrisln,NB,0.07,0.61,35.2
5/28/2025 15:00,avenue41_to_harrisln,NB,0.13,0.69,31.5
5/28/2025 16:00,avenue41_to_harrisln,NB,0.08,0.64,34
5/28/2025 17:00,avenue41_to_harrisln,NB,0.12,0.66,33.3
5/28/2025 18:00,avenue41_to_harrisln,NB,0.04,0.57,37.8
5/28/2025 19:00,avenue41_to_harrisln,NB,0.02,0.54,39.5
5/28/2025 20:00,avenue41_to_harrisln,NB,0.02,0.57,37.9
5/28/2025 21:00,avenue41_to_harrisln,NB,0.01,0.53,40.4
5/28/2025 22:00,avenue41_to_harrisln,NB,0.01,0.49,44.2
5/28/2025 23:00,avenue41_to_harrisln,NB,0,0.5,43.2
5/29/2025 0:00,avenue41_to_harrisln,NB,0,0.49,45.1
5/29/2025 1:00,avenue41_to_harrisln,NB,0,0.5,43.9
5/29/2025 2:00,avenue41_to_harrisln,NB,0,0.52,41.3
5/29/2025 3:00,avenue41_to_harrisln,NB,0,0.5,43
5/29/2025 4:00,avenue41_to_harrisln,NB,0,0.45,47.3
5/29/2025 5:00,avenue41_to_harrisln,NB,0.01,0.5,43.3
5/29/2025 6:00,avenue41_to_harrisln,NB,0,0.48,44.9
5/29/2025 7:00,avenue41_to_harrisln,NB,0.04,0.57,37.9
5/29/2025 8:00,avenue41_to_harrisln,NB,0.04,0.61,35.4
5/29/2025 9:00,avenue41_to_harrisln,NB,0.04,0.57,37.8
5/29/2025 10:00,avenue41_to_harrisln,NB,0.04,0.59,36.4
5/29/2025 11:00,avenue41_to_harrisln,NB,0.03,0.56,38.4
5/29/2025 12:00,avenue41_to_harrisln,NB,0.09,0.63,34.5
5/29/2025 13:00,avenue41_to_harrisln,NB,0.07,0.63,35
5/29/2025 14:00,avenue41_to_harrisln,NB,0.12,0.67,32.4
5/29/2025 15:00,avenue41_to_harrisln,NB,0.08,0.63,34.1
5/29/2025 16:00,avenue41_to_harrisln,NB,0.06,0.61,35.5
5/29/2025 17:00,avenue41_to_harrisln,NB,0.05,0.59,36.2
5/29/2025 18:00,avenue41_to_harrisln,NB,0,0.52,40.9
5/29/2025 19:00,avenue41_to_harrisln,NB,0.01,0.54,40.1
5/29/2025 20:00,avenue41_to_harrisln,NB,0.03,0.56,38.4
5/29/2025 21:00,avenue41_to_harrisln,NB,0.04,0.57,38.1
5/29/2025 22:00,avenue41_to_harrisln,NB,0.01,0.53,40.7
5/29/2025 23:00,avenue41_to_harrisln,NB,0,0.49,43.5
5/30/2025 0:00,avenue41_to_harrisln,NB,0,0.53,40.8
5/30/2025 1:00,avenue41_to_harrisln,NB,0,0.55,39.3
5/30/2025 2:00,avenue41_to_harrisln,NB,0,0.5,43.2
5/30/2025 3:00,avenue41_to_harrisln,NB,0,0.48,44.8
5/30/2025 4:00,avenue41_to_harrisln,NB,0,0.48,44.5
5/30/2025 5:00,avenue41_to_harrisln,NB,0,0.46,46.6
5/30/2025 6:00,avenue41_to_harrisln,NB,0.01,0.5,43
5/30/2025 7:00,avenue41_to_harrisln,NB,0.03,0.55,38.9
5/30/2025 8:00,avenue41_to_harrisln,NB,0.04,0.58,37.2
5/30/2025 9:00,avenue41_to_harrisln,NB,0.03,0.57,37.5
5/30/2025 10:00,avenue41_to_harrisln,NB,0.05,0.6,36.2
5/30/2025 11:00,avenue41_to_harrisln,NB,0.07,0.62,35.1
5/30/2025 12:00,avenue41_to_harrisln,NB,0.03,0.57,37.8
5/30/2025 13:00,avenue41_to_harrisln,NB,0.02,0.57,37.5
5/30/2025 14:00,avenue41_to_harrisln,NB,0.1,0.66,33.5
5/30/2025 15:00,avenue41_to_harrisln,NB,0.25,0.81,27.7
5/30/2025 16:00,avenue41_to_harrisln,NB,0.09,0.63,34.7
5/30/2025 17:00,avenue41_to_harrisln,NB,0.07,0.63,34.6
5/30/2025 18:00,avenue41_to_harrisln,NB,0.04,0.58,37.2
5/30/2025 19:00,avenue41_to_harrisln,NB,0.06,0.57,37.5
5/30/2025 20:00,avenue41_to_harrisln,NB,0.02,0.54,39.6
5/30/2025 21:00,avenue41_to_harrisln,NB,0.03,0.58,37.6
5/30/2025 22:00,avenue41_to_harrisln,NB,0.03,0.55,39.4
5/30/2025 23:00,avenue41_to_harrisln,NB,0,0.51,42.5
5/31/2025 0:00,avenue41_to_harrisln,NB,0,0.53,40.8
5/31/2025 1:00,avenue41_to_harrisln,NB,0.04,0.55,39.4
5/31/2025 2:00,avenue41_to_harrisln,NB,0,0.49,44
5/31/2025 3:00,avenue41_to_harrisln,NB,0,0.46,46.4
5/31/2025 4:00,avenue41_to_harrisln,NB,0,0.48,44.5
5/31/2025 5:00,avenue41_to_harrisln,NB,0.02,0.48,45.1
5/31/2025 6:00,avenue41_to_harrisln,NB,0,0.48,44.7
5/31/2025 7:00,avenue41_to_harrisln,NB,0.01,0.55,39.5
5/31/2025 8:00,avenue41_to_harrisln,NB,0.07,0.59,36.8
5/31/2025 9:00,avenue41_to_harrisln,NB,0.02,0.57,37.5
5/31/2025 10:00,avenue41_to_harrisln,NB,0.04,0.58,37.2
5/31/2025 11:00,avenue41_to_harrisln,NB,0.01,0.58,37
5/31/2025 12:00,avenue41_to_harrisln,NB,0.02,0.57,37.8
5/31/2025 13:00,avenue41_to_harrisln,NB,0.03,0.58,37.5
5/31/2025 14:00,avenue41_to_harrisln,NB,0.04,0.6,36.1
5/31/2025 15:00,avenue41_to_harrisln,NB,0.04,0.57,37.8
5/31/2025 16:00,avenue41_to_harrisln,NB,0.01,0.54,40.3
5/31/2025 17:00,avenue41_to_harrisln,NB,0.1,0.63,35.6
5/31/2025 18:00,avenue41_to_harrisln,NB,0.01,0.56,38.7
5/31/2025 19:00,avenue41_to_harrisln,NB,0.03,0.56,38.4
5/31/2025 20:00,avenue41_to_harrisln,NB,0.09,0.6,37.3
5/31/2025 21:00,avenue41_to_harrisln,NB,0.05,0.6,36.7
5/31/2025 22:00,avenue41_to_harrisln,NB,0.03,0.57,37.6
5/31/2025 23:00,avenue41_to_harrisln,NB,0.03,0.55,39.6
6/1/2025 0:00,avenue41_to_harrisln,NB,0.01,0.52,41
6/1/2025 1:00,avenue41_to_harrisln,NB,0,0.54,39.5
6/1/2025 2:00,avenue41_to_harrisln,NB,0,0.53,40.7
6/1/2025 3:00,avenue41_to_harrisln,NB,0,0.5,43
6/1/2025 4:00,avenue41_to_harrisln,NB,0,0.49,44.2
6/1/2025 5:00,avenue41_to_harrisln,NB,0,0.49,43.6
6/1/2025 6:00,avenue41_to_harrisln,NB,0,0.49,43.9
6/1/2025 7:00,avenue41_to_harrisln,NB,0,0.49,43.8
6/1/2025 8:00,avenue41_to_harrisln,NB,0.02,0.54,39.7
6/1/2025 9:00,avenue41_to_harrisln,NB,0,0.52,41.3
6/1/2025 10:00,avenue41_to_harrisln,NB,0.02,0.55,39.6
6/1/2025 11:00,avenue41_to_harrisln,NB,0.04,0.56,38.3
6/1/2025 12:00,avenue41_to_harrisln,NB,0.01,0.54,39.9
6/1/2025 13:00,avenue41_to_harrisln,NB,0.02,0.56,38.7
6/1/2025 14:00,avenue41_to_harrisln,NB,0,0.52,40.8
6/1/2025 15:00,avenue41_to_harrisln,NB,0.02,0.55,38.9
6/1/2025 16:00,avenue41_to_harrisln,NB,0.01,0.54,40.1
6/1/2025 17:00,avenue41_to_harrisln,NB,0.04,0.55,39
6/1/2025 18:00,avenue41_to_harrisln,NB,0.01,0.55,39.4
6/1/2025 19:00,avenue41_to_harrisln,NB,0.06,0.57,38.1
6/1/2025 20:00,avenue41_to_harrisln,NB,0.06,0.59,36.9
6/1/2025 21:00,avenue41_to_harrisln,NB,0.01,0.54,40
6/1/2025 22:00,avenue41_to_harrisln,NB,0.01,0.51,42.9
6/1/2025 23:00,avenue41_to_harrisln,NB,0,0.5,43
6/2/2025 0:00,avenue41_to_harrisln,NB,0,0.51,42.3
6/2/2025 1:00,avenue41_to_harrisln,NB,0,0.46,47.4
6/2/2025 2:00,avenue41_to_harrisln,NB,0,0.46,46.6
6/2/2025 3:00,avenue41_to_harrisln,NB,0,0.48,44.8
6/2/2025 4:00,avenue41_to_harrisln,NB,0,0.49,44.1
6/2/2025 5:00,avenue41_to_harrisln,NB,0,0.47,45.5
6/2/2025 6:00,avenue41_to_harrisln,NB,0,0.47,46.1
6/2/2025 7:00,avenue41_to_harrisln,NB,0.04,0.55,39.1
6/2/2025 8:00,avenue41_to_harrisln,NB,0.04,0.58,37.2
6/2/2025 9:00,avenue41_to_harrisln,NB,0.02,0.57,37.7
6/2/2025 10:00,avenue41_to_harrisln,NB,0.02,0.58,37
6/2/2025 11:00,avenue41_to_harrisln,NB,0.05,0.6,35.9
6/2/2025 12:00,avenue41_to_harrisln,NB,0.04,0.58,37
6/2/2025 13:00,avenue41_to_harrisln,NB,0.04,0.59,36.2
6/2/2025 14:00,avenue41_to_harrisln,NB,0.04,0.61,35
6/2/2025 15:00,avenue41_to_harrisln,NB,0.07,0.62,34.6
6/2/2025 16:00,avenue41_to_harrisln,NB,0.04,0.59,36.7
6/2/2025 17:00,avenue41_to_harrisln,NB,0.05,0.58,37.2
6/2/2025 18:00,avenue41_to_harrisln,NB,0.08,0.6,36.7
6/2/2025 19:00,avenue41_to_harrisln,NB,0.03,0.55,39
6/2/2025 20:00,avenue41_to_harrisln,NB,0.03,0.55,39.4
6/2/2025 21:00,avenue41_to_harrisln,NB,0.01,0.52,41.8
6/2/2025 22:00,avenue41_to_harrisln,NB,0.02,0.5,42.8
6/2/2025 23:00,avenue41_to_harrisln,NB,0.01,0.46,46.9
6/3/2025 0:00,avenue41_to_harrisln,NB,0.04,0.52,41
6/3/2025 1:00,avenue41_to_harrisln,NB,0,0.49,44
6/3/2025 2:00,avenue41_to_harrisln,NB,0,0.46,46.7
6/3/2025 3:00,avenue41_to_harrisln,NB,0,0.45,48.1
6/3/2025 4:00,avenue41_to_harrisln,NB,0,0.46,46.3
6/3/2025 5:00,avenue41_to_harrisln,NB,0,0.47,46.1
6/3/2025 6:00,avenue41_to_harrisln,NB,0.01,0.51,41.8
6/3/2025 7:00,avenue41_to_harrisln,NB,0.1,0.63,35.1
6/3/2025 8:00,avenue41_to_harrisln,NB,0.05,0.58,37.3
6/3/2025 9:00,avenue41_to_harrisln,NB,0.02,0.57,38
6/3/2025 10:00,avenue41_to_harrisln,NB,0.06,0.6,36
6/3/2025 11:00,avenue41_to_harrisln,NB,0.04,0.6,36.3
6/3/2025 12:00,avenue41_to_harrisln,NB,0.04,0.6,36
6/3/2025 13:00,avenue41_to_harrisln,NB,0.03,0.57,37.5
6/3/2025 14:00,avenue41_to_harrisln,NB,0.05,0.62,34.5
6/3/2025 15:00,avenue41_to_harrisln,NB,0.06,0.62,34.7
6/3/2025 16:00,avenue41_to_harrisln,NB,0.06,0.61,35.2
6/3/2025 17:00,avenue41_to_harrisln,NB,0.03,0.57,37.8
6/3/2025 18:00,avenue41_to_harrisln,NB,0.03,0.58,37.6
6/3/2025 19:00,avenue41_to_harrisln,NB,0.01,0.55,39.4
6/3/2025 20:00,avenue41_to_harrisln,NB,0,0.55,39.3
6/3/2025 21:00,avenue41_to_harrisln,NB,0,0.54,40
6/3/2025 22:00,avenue41_to_harrisln,NB,0.03,0.54,40.6
6/3/2025 23:00,avenue41_to_harrisln,NB,0,0.5,43
6/4/2025 0:00,avenue41_to_harrisln,NB,0,0.49,44.2
6/4/2025 1:00,avenue41_to_harrisln,NB,0,0.46,46.3
6/4/2025 2:00,avenue41_to_harrisln,NB,0,0.48,44.6
6/4/2025 3:00,avenue41_to_harrisln,NB,0,0.5,43
6/4/2025 4:00,avenue41_to_harrisln,NB,0,0.48,45.1
6/4/2025 5:00,avenue41_to_harrisln,NB,0,0.47,46
6/4/2025 6:00,avenue41_to_harrisln,NB,0.04,0.52,41.5
6/4/2025 7:00,avenue41_to_harrisln,NB,0.09,0.61,35.5
6/4/2025 8:00,avenue41_to_harrisln,NB,0.04,0.59,36.5
6/4/2025 9:00,avenue41_to_harrisln,NB,0.02,0.57,37.7
6/4/2025 10:00,avenue41_to_harrisln,NB,0.06,0.59,37
6/4/2025 11:00,avenue41_to_harrisln,NB,0.02,0.59,36.5
6/4/2025 12:00,avenue41_to_harrisln,NB,0.03,0.6,35.8
6/4/2025 13:00,avenue41_to_harrisln,NB,0.07,0.63,34.9
6/4/2025 14:00,avenue41_to_harrisln,NB,0.05,0.6,36.5
6/4/2025 15:00,avenue41_to_harrisln,NB,0.08,0.65,33.3
6/4/2025 16:00,avenue41_to_harrisln,NB,0.04,0.57,37.7
6/4/2025 17:00,avenue41_to_harrisln,NB,0.06,0.6,36.5
6/4/2025 18:00,avenue41_to_harrisln,NB,0.01,0.54,40.2
6/4/2025 19:00,avenue41_to_harrisln,NB,0.05,0.59,36.9
6/4/2025 20:00,avenue41_to_harrisln,NB,0.02,0.57,38
6/4/2025 21:00,avenue41_to_harrisln,NB,0.03,0.58,37.4
6/4/2025 22:00,avenue41_to_harrisln,NB,0,0.51,42.5
6/4/2025 23:00,avenue41_to_harrisln,NB,0,0.53,40.4
6/5/2025 0:00,avenue41_to_harrisln,NB,0.02,0.52,41.5
6/5/2025 1:00,avenue41_to_harrisln,NB,0.03,0.51,42.7
6/5/2025 2:00,avenue41_to_harrisln,NB,0,0.48,44.7
6/5/2025 3:00,avenue41_to_harrisln,NB,0.01,0.49,44.2
6/5/2025 4:00,avenue41_to_harrisln,NB,0,0.49,44
6/5/2025 5:00,avenue41_to_harrisln,NB,0.02,0.51,42.6
6/5/2025 6:00,avenue41_to_harrisln,NB,0.01,0.5,43.2
6/5/2025 7:00,avenue41_to_harrisln,NB,0.04,0.56,38.3
6/5/2025 8:00,avenue41_to_harrisln,NB,0.06,0.61,35.4
6/5/2025 9:00,avenue41_to_harrisln,NB,0.01,0.55,39.3
6/5/2025 10:00,avenue41_to_harrisln,NB,0.05,0.59,36.6
6/5/2025 11:00,avenue41_to_harrisln,NB,0.04,0.61,35.6
6/5/2025 12:00,avenue41_to_harrisln,NB,0.04,0.58,37.1
6/5/2025 13:00,avenue41_to_harrisln,NB,0.06,0.63,34.1
6/5/2025 14:00,avenue41_to_harrisln,NB,0.06,0.61,35.1
6/5/2025 15:00,avenue41_to_harrisln,NB,0.09,0.65,33.1
6/5/2025 16:00,avenue41_to_harrisln,NB,0.04,0.58,37
6/5/2025 17:00,avenue41_to_harrisln,NB,0.03,0.59,36.6
6/5/2025 18:00,avenue41_to_harrisln,NB,0.02,0.55,39.1
6/5/2025 19:00,avenue41_to_harrisln,NB,0.1,0.63,35.1
6/5/2025 20:00,avenue41_to_harrisln,NB,0.05,0.59,37
6/5/2025 21:00,avenue41_to_harrisln,NB,0.03,0.55,38.9
6/5/2025 22:00,avenue41_to_harrisln,NB,0,0.52,41.2
6/5/2025 23:00,avenue41_to_harrisln,NB,0.04,0.55,39.2
6/6/2025 0:00,avenue41_to_harrisln,NB,0,0.49,43.9
6/6/2025 1:00,avenue41_to_harrisln,NB,0,0.47,45.8
6/6/2025 2:00,avenue41_to_harrisln,NB,0,0.49,43.8
6/6/2025 3:00,avenue41_to_harrisln,NB,0,0.48,44.3
6/6/2025 4:00,avenue41_to_harrisln,NB,0,0.48,44.7
6/6/2025 5:00,avenue41_to_harrisln,NB,0,0.52,42
6/6/2025 6:00,avenue41_to_harrisln,NB,0.02,0.51,42.8
6/6/2025 7:00,avenue41_to_harrisln,NB,0.02,0.53,40.9
6/6/2025 8:00,avenue41_to_harrisln,NB,0.01,0.53,40.7
6/6/2025 9:00,avenue41_to_harrisln,NB,0.06,0.59,37
6/6/2025 10:00,avenue41_to_harrisln,NB,0.04,0.59,36.5
6/6/2025 11:00,avenue41_to_harrisln,NB,0.03,0.57,37.9
6/6/2025 12:00,avenue41_to_harrisln,NB,0.03,0.57,37.6
6/6/2025 13:00,avenue41_to_harrisln,NB,0.07,0.61,35.4
6/6/2025 14:00,avenue41_to_harrisln,NB,0.07,0.63,34.4
6/6/2025 15:00,avenue41_to_harrisln,NB,0.05,0.61,35
6/6/2025 16:00,avenue41_to_harrisln,NB,0.03,0.58,37.5
6/6/2025 17:00,avenue41_to_harrisln,NB,0.05,0.59,36.7
6/6/2025 18:00,avenue41_to_harrisln,NB,0.02,0.56,38.4
6/6/2025 19:00,avenue41_to_harrisln,NB,0.01,0.54,40.1
6/6/2025 20:00,avenue41_to_harrisln,NB,0.04,0.58,37.8
6/6/2025 21:00,avenue41_to_harrisln,NB,0.01,0.55,39.1
6/6/2025 22:00,avenue41_to_harrisln,NB,0.02,0.51,43
6/6/2025 23:00,avenue41_to_harrisln,NB,0.03,0.51,42
6/7/2025 0:00,avenue41_to_harrisln,NB,0,0.48,45.3
6/7/2025 1:00,avenue41_to_harrisln,NB,0.01,0.57,38.1
6/7/2025 2:00,avenue41_to_harrisln,NB,0,0.5,43
6/7/2025 3:00,avenue41_to_harrisln,NB,0.01,0.54,40.4
6/7/2025 4:00,avenue41_to_harrisln,NB,0,0.43,50
6/7/2025 5:00,avenue41_to_harrisln,NB,0,0.45,47.4
6/7/2025 6:00,avenue41_to_harrisln,NB,0,0.49,43.6
6/7/2025 7:00,avenue41_to_harrisln,NB,0,0.5,42.7
6/7/2025 8:00,avenue41_to_harrisln,NB,0.01,0.52,41.1
6/7/2025 9:00,avenue41_to_harrisln,NB,0,0.53,40.8
6/7/2025 10:00,avenue41_to_harrisln,NB,0.05,0.58,37.5
6/7/2025 11:00,avenue41_to_harrisln,NB,0.05,0.58,37
6/7/2025 12:00,avenue41_to_harrisln,NB,0.04,0.58,36.9
6/7/2025 13:00,avenue41_to_harrisln,NB,0.02,0.56,38.4
6/7/2025 14:00,avenue41_to_harrisln,NB,0.02,0.55,39.3
6/7/2025 15:00,avenue41_to_harrisln,NB,0.01,0.52,41
6/7/2025 16:00,avenue41_to_harrisln,NB,0.05,0.58,38
6/7/2025 17:00,avenue41_to_harrisln,NB,0.01,0.52,41.1
6/7/2025 18:00,avenue41_to_harrisln,NB,0.02,0.55,39.5
6/7/2025 19:00,avenue41_to_harrisln,NB,0.01,0.52,41.1
6/7/2025 20:00,avenue41_to_harrisln,NB,0.03,0.55,39.3
6/7/2025 21:00,avenue41_to_harrisln,NB,0.01,0.54,39.9
6/7/2025 22:00,avenue41_to_harrisln,NB,0,0.54,40
6/7/2025 23:00,avenue41_to_harrisln,NB,0.01,0.51,42.6
6/8/2025 0:00,avenue41_to_harrisln,NB,0,0.48,44.4
6/8/2025 1:00,avenue41_to_harrisln,NB,0,0.51,41.6
6/8/2025 2:00,avenue41_to_harrisln,NB,0.02,0.54,39.6
6/8/2025 3:00,avenue41_to_harrisln,NB,0,0.49,44
6/8/2025 4:00,avenue41_to_harrisln,NB,0,0.5,42.8
6/8/2025 5:00,avenue41_to_harrisln,NB,0,0.49,43.6
6/8/2025 6:00,avenue41_to_harrisln,NB,0,0.47,45.9
6/8/2025 7:00,avenue41_to_harrisln,NB,0,0.5,43.2
6/8/2025 8:00,avenue41_to_harrisln,NB,0.02,0.53,40.8
6/8/2025 9:00,avenue41_to_harrisln,NB,0.01,0.53,40.4
6/8/2025 10:00,avenue41_to_harrisln,NB,0.01,0.56,38.5
6/8/2025 11:00,avenue41_to_harrisln,NB,0.01,0.54,40
6/8/2025 12:00,avenue41_to_harrisln,NB,0.01,0.54,39.6
6/8/2025 13:00,avenue41_to_harrisln,NB,0.02,0.56,38.5
6/8/2025 14:00,avenue41_to_harrisln,NB,0.07,0.6,36.6
6/8/2025 15:00,avenue41_to_harrisln,NB,0.02,0.56,38.4
6/8/2025 16:00,avenue41_to_harrisln,NB,0,0.52,41.5
6/8/2025 17:00,avenue41_to_harrisln,NB,0.02,0.54,39.6
6/8/2025 18:00,avenue41_to_harrisln,NB,0.02,0.54,39.8
6/8/2025 19:00,avenue41_to_harrisln,NB,0,0.52,40.9
6/8/2025 20:00,avenue41_to_harrisln,NB,0.03,0.54,40.4
6/8/2025 21:00,avenue41_to_harrisln,NB,0.01,0.52,41.3
6/8/2025 22:00,avenue41_to_harrisln,NB,0.02,0.52,41.6
6/8/2025 23:00,avenue41_to_harrisln,NB,0,0.48,44.4
6/9/2025 0:00,avenue41_to_harrisln,NB,0.1,0.61,38.4
6/9/2025 1:00,avenue41_to_harrisln,NB,0.03,0.49,45.1
6/9/2025 2:00,avenue41_to_harrisln,NB,0,0.51,41.8
6/9/2025 3:00,avenue41_to_harrisln,NB,0.01,0.52,41.6
6/9/2025 4:00,avenue41_to_harrisln,NB,0.03,0.52,41.7
6/9/2025 5:00,avenue41_to_harrisln,NB,0.01,0.47,45.8
6/9/2025 6:00,avenue41_to_harrisln,NB,0,0.48,44.9
6/9/2025 7:00,avenue41_to_harrisln,NB,0.02,0.54,40.2
6/9/2025 8:00,avenue41_to_harrisln,NB,0.02,0.55,39.1
6/9/2025 9:00,avenue41_to_harrisln,NB,0.03,0.56,38.3
6/9/2025 10:00,avenue41_to_harrisln,NB,0.03,0.57,37.9
6/9/2025 11:00,avenue41_to_harrisln,NB,0.03,0.57,38
6/9/2025 12:00,avenue41_to_harrisln,NB,0.05,0.6,36
6/9/2025 13:00,avenue41_to_harrisln,NB,0.02,0.55,39
6/9/2025 14:00,avenue41_to_harrisln,NB,0.02,0.58,37.3
6/9/2025 15:00,avenue41_to_harrisln,NB,0.04,0.59,36.1
6/9/2025 16:00,avenue41_to_harrisln,NB,0.02,0.56,38.5
6/9/2025 17:00,avenue41_to_harrisln,NB,0.07,0.59,36.4
6/9/2025 18:00,avenue41_to_harrisln,NB,0.03,0.55,39.3
6/9/2025 19:00,avenue41_to_harrisln,NB,0.04,0.57,38.2
6/9/2025 20:00,avenue41_to_harrisln,NB,0.04,0.56,39.4
6/9/2025 21:00,avenue41_to_harrisln,NB,0.02,0.55,39.7
6/9/2025 22:00,avenue41_to_harrisln,NB,0.02,0.55,39.2
6/9/2025 23:00,avenue41_to_harrisln,NB,0.01,0.47,46
6/10/2025 0:00,avenue41_to_harrisln,NB,0,0.51,41.6
6/10/2025 1:00,avenue41_to_harrisln,NB,0,0.53,40.1
6/10/2025 2:00,avenue41_to_harrisln,NB,0,0.48,44.3
6/10/2025 3:00,avenue41_to_harrisln,NB,0,0.45,47.1
6/10/2025 4:00,avenue41_to_harrisln,NB,0,0.49,43.9
6/10/2025 5:00,avenue41_to_harrisln,NB,0,0.48,44.3
6/10/2025 6:00,avenue41_to_harrisln,NB,0.02,0.52,42
6/10/2025 7:00,avenue41_to_harrisln,NB,0.05,0.56,38.8
6/10/2025 8:00,avenue41_to_harrisln,NB,0.05,0.59,36.7
6/10/2025 9:00,avenue41_to_harrisln,NB,0.01,0.57,37.5
6/10/2025 10:00,avenue41_to_harrisln,NB,0.02,0.56,38.1
6/10/2025 11:00,avenue41_to_harrisln,NB,0.05,0.59,36.5
6/10/2025 12:00,avenue41_to_harrisln,NB,0.05,0.61,35.6
6/10/2025 13:00,avenue41_to_harrisln,NB,0.04,0.59,36.3
6/10/2025 14:00,avenue41_to_harrisln,NB,0.07,0.63,34.1
6/10/2025 15:00,avenue41_to_harrisln,NB,0.04,0.59,36.4
6/10/2025 16:00,avenue41_to_harrisln,NB,0.08,0.62,35.4
6/10/2025 17:00,avenue41_to_harrisln,NB,0.01,0.53,40.5
6/10/2025 18:00,avenue41_to_harrisln,NB,0.04,0.55,39.7
6/10/2025 19:00,avenue41_to_harrisln,NB,0.02,0.54,39.6
6/10/2025 20:00,avenue41_to_harrisln,NB,0.01,0.52,41.2
6/10/2025 21:00,avenue41_to_harrisln,NB,0.02,0.53,40.5
6/10/2025 22:00,avenue41_to_harrisln,NB,0,0.47,45.5
6/10/2025 23:00,avenue41_to_harrisln,NB,0.01,0.52,41.5
6/11/2025 0:00,avenue41_to_harrisln,NB,0,0.49,44.4
6/11/2025 1:00,avenue41_to_harrisln,NB,0,0.44,48.9
6/11/2025 2:00,avenue41_to_harrisln,NB,0,0.51,42
6/11/2025 3:00,avenue41_to_harrisln,NB,0,0.48,44.9
6/11/2025 4:00,avenue41_to_harrisln,NB,0,0.46,46.7
6/11/2025 5:00,avenue41_to_harrisln,NB,0,0.5,43.2
6/11/2025 6:00,avenue41_to_harrisln,NB,0.01,0.5,43
6/11/2025 7:00,avenue41_to_harrisln,NB,0.01,0.51,42
6/11/2025 8:00,avenue41_to_harrisln,NB,0.01,0.54,40
6/11/2025 9:00,avenue41_to_harrisln,NB,0.01,0.56,38.7
6/11/2025 10:00,avenue41_to_harrisln,NB,0.06,0.59,37.1
6/11/2025 11:00,avenue41_to_harrisln,NB,0.04,0.57,37.8
6/11/2025 12:00,avenue41_to_harrisln,NB,0.06,0.62,34.8
6/11/2025 13:00,avenue41_to_harrisln,NB,0.04,0.58,37
6/11/2025 14:00,avenue41_to_harrisln,NB,0.06,0.62,35.3
6/11/2025 15:00,avenue41_to_harrisln,NB,0.05,0.6,36.6
6/11/2025 16:00,avenue41_to_harrisln,NB,0.05,0.61,35.5
6/11/2025 17:00,avenue41_to_harrisln,NB,0.04,0.59,36.6
6/11/2025 18:00,avenue41_to_harrisln,NB,0.01,0.53,40.5
6/11/2025 19:00,avenue41_to_harrisln,NB,0.03,0.55,39.5
6/11/2025 20:00,avenue41_to_harrisln,NB,0.05,0.58,37.6
6/11/2025 21:00,avenue41_to_harrisln,NB,0.05,0.59,36.6
6/11/2025 22:00,avenue41_to_harrisln,NB,0,0.51,42.4
6/11/2025 23:00,avenue41_to_harrisln,NB,0.03,0.55,39
6/12/2025 0:00,avenue41_to_harrisln,NB,0.04,0.53,41.4
6/12/2025 1:00,avenue41_to_harrisln,NB,0,0.49,43.8
6/12/2025 2:00,avenue41_to_harrisln,NB,0,0.53,40.3
6/12/2025 3:00,avenue41_to_harrisln,NB,0,0.49,44
6/12/2025 4:00,avenue41_to_harrisln,NB,0,0.51,42.4
6/12/2025 5:00,avenue41_to_harrisln,NB,0.03,0.52,41.9
6/12/2025 6:00,avenue41_to_harrisln,NB,0.04,0.52,41.7
6/12/2025 7:00,avenue41_to_harrisln,NB,0.03,0.57,38.5
6/12/2025 8:00,avenue41_to_harrisln,NB,0.02,0.56,38.9
6/12/2025 9:00,avenue41_to_harrisln,NB,0.03,0.56,38.5
6/12/2025 10:00,avenue41_to_harrisln,NB,0.06,0.62,35.2
6/12/2025 11:00,avenue41_to_harrisln,NB,0.04,0.6,35.9
6/12/2025 12:00,avenue41_to_harrisln,NB,0.02,0.59,36.5
6/12/2025 13:00,avenue41_to_harrisln,NB,0.03,0.58,37.3
6/12/2025 14:00,avenue41_to_harrisln,NB,0.04,0.59,36.5
6/12/2025 15:00,avenue41_to_harrisln,NB,0.07,0.61,35.1
6/12/2025 16:00,avenue41_to_harrisln,NB,0.03,0.58,37.2
6/12/2025 17:00,avenue41_to_harrisln,NB,0.04,0.58,37.3
6/12/2025 18:00,avenue41_to_harrisln,NB,0.02,0.55,39.3
6/12/2025 19:00,avenue41_to_harrisln,NB,0.03,0.56,38.4
6/12/2025 20:00,avenue41_to_harrisln,NB,0.04,0.58,37.7
6/12/2025 21:00,avenue41_to_harrisln,NB,0.02,0.55,38.8
6/12/2025 22:00,avenue41_to_harrisln,NB,0,0.5,43
6/12/2025 23:00,avenue41_to_harrisln,NB,0.02,0.56,38.2
6/13/2025 0:00,avenue41_to_harrisln,NB,0,0.51,42.4
6/13/2025 1:00,avenue41_to_harrisln,NB,0,0.49,43.6
6/13/2025 2:00,avenue41_to_harrisln,NB,0,0.51,42.4
6/13/2025 3:00,avenue41_to_harrisln,NB,0,0.54,39.9
6/13/2025 4:00,avenue41_to_harrisln,NB,0,0.47,45.3
6/13/2025 5:00,avenue41_to_harrisln,NB,0.01,0.49,44.1
6/13/2025 6:00,avenue41_to_harrisln,NB,0.01,0.5,43.3
6/13/2025 7:00,avenue41_to_harrisln,NB,0.01,0.54,40.2
6/13/2025 8:00,avenue41_to_harrisln,NB,0.04,0.58,37
6/13/2025 9:00,avenue41_to_harrisln,NB,0.01,0.57,37.4
6/13/2025 10:00,avenue41_to_harrisln,NB,0,0.57,37.7
6/13/2025 11:00,avenue41_to_harrisln,NB,0.01,0.58,37.2
6/13/2025 12:00,avenue41_to_harrisln,NB,0.02,0.58,36.9
6/13/2025 13:00,avenue41_to_harrisln,NB,0.02,0.57,37.4
6/13/2025 14:00,avenue41_to_harrisln,NB,0.04,0.59,36.4
6/13/2025 15:00,avenue41_to_harrisln,NB,0.06,0.61,35.9
6/13/2025 16:00,avenue41_to_harrisln,NB,0.05,0.61,35.3
6/13/2025 17:00,avenue41_to_harrisln,NB,0.04,0.59,36.6
6/13/2025 18:00,avenue41_to_harrisln,NB,0.04,0.61,35.6
6/13/2025 19:00,avenue41_to_harrisln,NB,0.05,0.63,34.3
6/13/2025 20:00,avenue41_to_harrisln,NB,0.03,0.57,38.4
6/13/2025 21:00,avenue41_to_harrisln,NB,0.03,0.58,37.6
6/13/2025 22:00,avenue41_to_harrisln,NB,0.01,0.54,39.6
6/13/2025 23:00,avenue41_to_harrisln,NB,0.03,0.56,38.9
6/14/2025 0:00,avenue41_to_harrisln,NB,0,0.46,47.3
6/14/2025 1:00,avenue41_to_harrisln,NB,0,0.49,43.9
6/14/2025 2:00,avenue41_to_harrisln,NB,0,0.46,47.1
6/14/2025 3:00,avenue41_to_harrisln,NB,0,0.54,39.6
6/14/2025 4:00,avenue41_to_harrisln,NB,0,0.46,46.7
6/14/2025 5:00,avenue41_to_harrisln,NB,0,0.47,45.8
6/14/2025 6:00,avenue41_to_harrisln,NB,0.01,0.49,43.8
6/14/2025 7:00,avenue41_to_harrisln,NB,0.02,0.51,42.7
6/14/2025 8:00,avenue41_to_harrisln,NB,0.01,0.55,38.9
6/14/2025 9:00,avenue41_to_harrisln,NB,0.06,0.57,38.1
6/14/2025 10:00,avenue41_to_harrisln,NB,0.02,0.57,37.5
6/14/2025 11:00,avenue41_to_harrisln,NB,0.01,0.53,40.1
6/14/2025 12:00,avenue41_to_harrisln,NB,0.01,0.54,40.1
6/14/2025 13:00,avenue41_to_harrisln,NB,0.03,0.56,38.4
6/14/2025 14:00,avenue41_to_harrisln,NB,0.01,0.56,38.6
6/14/2025 15:00,avenue41_to_harrisln,NB,0.02,0.55,39.2
6/14/2025 16:00,avenue41_to_harrisln,NB,0.01,0.53,40.2
6/14/2025 17:00,avenue41_to_harrisln,NB,0,0.52,41.7
6/14/2025 18:00,avenue41_to_harrisln,NB,0.01,0.53,40.3
6/14/2025 19:00,avenue41_to_harrisln,NB,0.04,0.57,38
6/14/2025 20:00,avenue41_to_harrisln,NB,0.02,0.58,37
6/14/2025 21:00,avenue41_to_harrisln,NB,0.01,0.52,41.5
6/14/2025 22:00,avenue41_to_harrisln,NB,0.04,0.54,39.9
6/14/2025 23:00,avenue41_to_harrisln,NB,0.03,0.56,38.3
6/15/2025 0:00,avenue41_to_harrisln,NB,0,0.46,46.7
6/15/2025 1:00,avenue41_to_harrisln,NB,0,0.49,43.5
6/15/2025 2:00,avenue41_to_harrisln,NB,0,0.51,42.3
6/15/2025 3:00,avenue41_to_harrisln,NB,0,0.49,43.6
6/15/2025 4:00,avenue41_to_harrisln,NB,0,0.44,49.2
6/15/2025 5:00,avenue41_to_harrisln,NB,0,0.5,43.2
6/15/2025 6:00,avenue41_to_harrisln,NB,0,0.5,43.3
6/15/2025 7:00,avenue41_to_harrisln,NB,0.01,0.53,40.7
6/15/2025 8:00,avenue41_to_harrisln,NB,0.05,0.55,39.3
6/15/2025 9:00,avenue41_to_harrisln,NB,0,0.52,41.6
6/15/2025 10:00,avenue41_to_harrisln,NB,0.01,0.52,41.3
6/15/2025 11:00,avenue41_to_harrisln,NB,0.04,0.57,38.1
6/15/2025 12:00,avenue41_to_harrisln,NB,0,0.53,40.7
6/15/2025 13:00,avenue41_to_harrisln,NB,0.04,0.55,39.4
6/15/2025 14:00,avenue41_to_harrisln,NB,0,0.52,41.1
6/15/2025 15:00,avenue41_to_harrisln,NB,0,0.5,42.7
6/15/2025 16:00,avenue41_to_harrisln,NB,0,0.51,42.5
6/15/2025 17:00,avenue41_to_harrisln,NB,0.05,0.57,38.4
6/15/2025 18:00,avenue41_to_harrisln,NB,0.04,0.55,39
6/15/2025 19:00,avenue41_to_harrisln,NB,0.01,0.53,40.5
6/15/2025 20:00,avenue41_to_harrisln,NB,0.03,0.55,39.4
6/15/2025 21:00,avenue41_to_harrisln,NB,0,0.53,40.5
6/15/2025 22:00,avenue41_to_harrisln,NB,0.01,0.52,41
6/15/2025 23:00,avenue41_to_harrisln,NB,0.03,0.55,39.4
6/16/2025 0:00,avenue41_to_harrisln,NB,0,0.48,44.8
6/16/2025 1:00,avenue41_to_harrisln,NB,0.02,0.54,40.4
6/16/2025 2:00,avenue41_to_harrisln,NB,0,0.44,48.4
6/16/2025 3:00,avenue41_to_harrisln,NB,0,0.45,48
6/16/2025 4:00,avenue41_to_harrisln,NB,0,0.47,46
6/16/2025 5:00,avenue41_to_harrisln,NB,0,0.49,43.6
6/16/2025 6:00,avenue41_to_harrisln,NB,0.01,0.5,43.4
6/16/2025 7:00,avenue41_to_harrisln,NB,0,0.52,41.1
6/16/2025 8:00,avenue41_to_harrisln,NB,0.01,0.55,39.5
6/16/2025 9:00,avenue41_to_harrisln,NB,0.01,0.56,38.7
6/16/2025 10:00,avenue41_to_harrisln,NB,0.05,0.6,36.2
6/16/2025 11:00,avenue41_to_harrisln,NB,0.01,0.55,38.8
6/16/2025 12:00,avenue41_to_harrisln,NB,0.02,0.56,38.2
6/16/2025 13:00,avenue41_to_harrisln,NB,0.02,0.55,38.9
6/16/2025 14:00,avenue41_to_harrisln,NB,0.02,0.58,36.8
6/16/2025 15:00,avenue41_to_harrisln,NB,0.02,0.58,37.4
6/16/2025 16:00,avenue41_to_harrisln,NB,0.02,0.54,39.5
6/16/2025 17:00,avenue41_to_harrisln,NB,0.07,0.6,36.6
6/16/2025 18:00,avenue41_to_harrisln,NB,0.02,0.52,41.8
6/16/2025 19:00,avenue41_to_harrisln,NB,0.04,0.57,38.4
6/16/2025 20:00,avenue41_to_harrisln,NB,0.04,0.57,37.8
6/16/2025 21:00,avenue41_to_harrisln,NB,0,0.52,41.1
6/16/2025 22:00,avenue41_to_harrisln,NB,0,0.53,40.6
6/16/2025 23:00,avenue41_to_harrisln,NB,0,0.47,45.4
6/17/2025 0:00,avenue41_to_harrisln,NB,0,0.46,46.3
6/17/2025 1:00,avenue41_to_harrisln,NB,0,0.48,44.6
6/17/2025 2:00,avenue41_to_harrisln,NB,0,0.55,39.2
6/17/2025 3:00,avenue41_to_harrisln,NB,0,0.47,45.7
6/17/2025 4:00,avenue41_to_harrisln,NB,0.01,0.53,41.1
6/17/2025 5:00,avenue41_to_harrisln,NB,0,0.51,42
6/17/2025 6:00,avenue41_to_harrisln,NB,0.01,0.52,41.3
6/17/2025 7:00,avenue41_to_harrisln,NB,0.08,0.61,35.6
6/17/2025 8:00,avenue41_to_harrisln,NB,0.04,0.58,37.3
6/17/2025 9:00,avenue41_to_harrisln,NB,0.04,0.6,36.5
6/17/2025 10:00,avenue41_to_harrisln,NB,0.03,0.56,38.2
6/17/2025 11:00,avenue41_to_harrisln,NB,0.04,0.58,37.1
6/17/2025 12:00,avenue41_to_harrisln,NB,0.03,0.58,37
6/17/2025 13:00,avenue41_to_harrisln,NB,0.05,0.59,36.8
6/17/2025 14:00,avenue41_to_harrisln,NB,0.04,0.58,37.1
6/17/2025 15:00,avenue41_to_harrisln,NB,0.04,0.59,36.9
6/17/2025 16:00,avenue41_to_harrisln,NB,0.03,0.57,37.9
6/17/2025 17:00,avenue41_to_harrisln,NB,0.04,0.59,36.7
6/17/2025 18:00,avenue41_to_harrisln,NB,0.03,0.56,38.3
6/17/2025 19:00,avenue41_to_harrisln,NB,0.02,0.53,40.9
6/17/2025 20:00,avenue41_to_harrisln,NB,0,0.51,41.9
6/17/2025 21:00,avenue41_to_harrisln,NB,0.02,0.51,42.2
6/17/2025 22:00,avenue41_to_harrisln,NB,0,0.48,45
6/17/2025 23:00,avenue41_to_harrisln,NB,0.02,0.53,40.9
6/18/2025 0:00,avenue41_to_harrisln,NB,0,0.52,41
6/18/2025 1:00,avenue41_to_harrisln,NB,0,0.52,41.1
6/18/2025 2:00,avenue41_to_harrisln,NB,0,0.49,44
6/18/2025 3:00,avenue41_to_harrisln,NB,0,0.49,44
6/18/2025 4:00,avenue41_to_harrisln,NB,0,0.51,41.8
6/18/2025 5:00,avenue41_to_harrisln,NB,0.01,0.53,40.6
6/18/2025 6:00,avenue41_to_harrisln,NB,0.02,0.54,40
6/18/2025 7:00,avenue41_to_harrisln,NB,0.01,0.52,41.1
6/18/2025 8:00,avenue41_to_harrisln,NB,0,0.54,40
6/18/2025 9:00,avenue41_to_harrisln,NB,0.01,0.54,39.6
6/18/2025 10:00,avenue41_to_harrisln,NB,0.01,0.57,37.8
6/18/2025 11:00,avenue41_to_harrisln,NB,0.01,0.57,37.9
6/18/2025 12:00,avenue41_to_harrisln,NB,0.03,0.58,36.9
6/18/2025 13:00,avenue41_to_harrisln,NB,0.02,0.57,37.6
6/18/2025 14:00,avenue41_to_harrisln,NB,0.08,0.63,34.8
6/18/2025 15:00,avenue41_to_harrisln,NB,0.02,0.55,38.8
6/18/2025 16:00,avenue41_to_harrisln,NB,0.04,0.59,36.2
6/18/2025 17:00,avenue41_to_harrisln,NB,0.06,0.59,36.8
6/18/2025 18:00,avenue41_to_harrisln,NB,0.02,0.54,39.7
6/18/2025 19:00,avenue41_to_harrisln,NB,0.02,0.56,38.6
6/18/2025 20:00,avenue41_to_harrisln,NB,0.07,0.62,35.1
6/18/2025 21:00,avenue41_to_harrisln,NB,0.03,0.55,39
6/18/2025 22:00,avenue41_to_harrisln,NB,0.04,0.56,38.6
6/18/2025 23:00,avenue41_to_harrisln,NB,0.01,0.54,39.8
6/19/2025 0:00,avenue41_to_harrisln,NB,0,0.5,42.9
6/19/2025 1:00,avenue41_to_harrisln,NB,0.02,0.54,39.9
6/19/2025 2:00,avenue41_to_harrisln,NB,0.01,0.56,38.3
6/19/2025 3:00,avenue41_to_harrisln,NB,0.02,0.55,40.2
6/19/2025 4:00,avenue41_to_harrisln,NB,0.03,0.5,43.3
6/19/2025 5:00,avenue41_to_harrisln,NB,0,0.49,44
6/19/2025 6:00,avenue41_to_harrisln,NB,0.01,0.49,44
6/19/2025 7:00,avenue41_to_harrisln,NB,0.02,0.54,40.3
6/19/2025 8:00,avenue41_to_harrisln,NB,0.07,0.61,35.5
6/19/2025 9:00,avenue41_to_harrisln,NB,0.02,0.57,37.7
6/19/2025 10:00,avenue41_to_harrisln,NB,0.04,0.59,36.6
6/19/2025 11:00,avenue41_to_harrisln,NB,0.04,0.6,36.3
6/19/2025 12:00,avenue41_to_harrisln,NB,0.02,0.59,36.3
6/19/2025 13:00,avenue41_to_harrisln,NB,0.02,0.58,37.5
6/19/2025 14:00,avenue41_to_harrisln,NB,0.05,0.6,35.8
6/19/2025 15:00,avenue41_to_harrisln,NB,0.05,0.6,35.8
6/19/2025 16:00,avenue41_to_harrisln,NB,0.03,0.56,38.5
6/19/2025 17:00,avenue41_to_harrisln,NB,0.05,0.6,36.1
6/19/2025 18:00,avenue41_to_harrisln,NB,0.07,0.59,36.7
6/19/2025 19:00,avenue41_to_harrisln,NB,0.05,0.58,37.6
6/19/2025 20:00,avenue41_to_harrisln,NB,0.02,0.55,39.4
6/19/2025 21:00,avenue41_to_harrisln,NB,0.04,0.58,37.5
6/19/2025 22:00,avenue41_to_harrisln,NB,0.04,0.57,38.2
6/19/2025 23:00,avenue41_to_harrisln,NB,0,0.5,43.3
6/20/2025 0:00,avenue41_to_harrisln,NB,0,0.51,41.9
6/20/2025 1:00,avenue41_to_harrisln,NB,0,0.53,40.5
6/20/2025 2:00,avenue41_to_harrisln,NB,0,0.52,41.5
6/20/2025 3:00,avenue41_to_harrisln,NB,0,0.48,45.1
6/20/2025 4:00,avenue41_to_harrisln,NB,0.02,0.51,42.1
6/20/2025 5:00,avenue41_to_harrisln,NB,0.01,0.52,42.1
6/20/2025 6:00,avenue41_to_harrisln,NB,0,0.49,43.3
6/20/2025 7:00,avenue41_to_harrisln,NB,0.01,0.53,40.8
6/20/2025 8:00,avenue41_to_harrisln,NB,0.02,0.55,39.1
6/20/2025 9:00,avenue41_to_harrisln,NB,0.03,0.58,37.5
6/20/2025 10:00,avenue41_to_harrisln,NB,0.05,0.59,36.4
6/20/2025 11:00,avenue41_to_harrisln,NB,0.02,0.58,36.9
6/20/2025 12:00,avenue41_to_harrisln,NB,0.04,0.6,35.8
6/20/2025 13:00,avenue41_to_harrisln,NB,0.05,0.61,35.4
6/20/2025 14:00,avenue41_to_harrisln,NB,0.06,0.61,35.2
6/20/2025 15:00,avenue41_to_harrisln,NB,0.05,0.61,35.7
6/20/2025 16:00,avenue41_to_harrisln,NB,0.04,0.58,37.2
6/20/2025 17:00,avenue41_to_harrisln,NB,0.02,0.57,37.5
6/20/2025 18:00,avenue41_to_harrisln,NB,0.05,0.58,37.4
6/20/2025 19:00,avenue41_to_harrisln,NB,0.05,0.6,36.1
6/20/2025 20:00,avenue41_to_harrisln,NB,0.05,0.59,36.8
6/20/2025 21:00,avenue41_to_harrisln,NB,0.04,0.58,37.4
6/20/2025 22:00,avenue41_to_harrisln,NB,0.01,0.52,41
6/20/2025 23:00,avenue41_to_harrisln,NB,0,0.5,43.3
6/21/2025 0:00,avenue41_to_harrisln,NB,0.01,0.49,44.6
6/21/2025 1:00,avenue41_to_harrisln,NB,0.02,0.51,42.2
6/21/2025 2:00,avenue41_to_harrisln,NB,0,0.49,43.5
6/21/2025 3:00,avenue41_to_harrisln,NB,0.05,0.56,39.6
6/21/2025 4:00,avenue41_to_harrisln,NB,0,0.48,44.7
6/21/2025 5:00,avenue41_to_harrisln,NB,0.01,0.53,41.2
6/21/2025 6:00,avenue41_to_harrisln,NB,0,0.48,44.7
6/21/2025 7:00,avenue41_to_harrisln,NB,0,0.51,42.3
6/21/2025 8:00,avenue41_to_harrisln,NB,0,0.52,41.4
6/21/2025 9:00,avenue41_to_harrisln,NB,0.03,0.56,38.5
6/21/2025 10:00,avenue41_to_harrisln,NB,0.03,0.55,39.5
6/21/2025 11:00,avenue41_to_harrisln,NB,0.01,0.56,38
6/21/2025 12:00,avenue41_to_harrisln,NB,0.04,0.55,39.3
6/21/2025 13:00,avenue41_to_harrisln,NB,0.01,0.54,40.1
6/21/2025 14:00,avenue41_to_harrisln,NB,0.04,0.57,37.9
6/21/2025 15:00,avenue41_to_harrisln,NB,0.02,0.55,39.1
6/21/2025 16:00,avenue41_to_harrisln,NB,0.06,0.59,37.6
6/21/2025 17:00,avenue41_to_harrisln,NB,0.01,0.52,41.9
6/21/2025 18:00,avenue41_to_harrisln,NB,0.04,0.55,39.2
6/21/2025 19:00,avenue41_to_harrisln,NB,0.06,0.59,37
6/21/2025 20:00,avenue41_to_harrisln,NB,0.05,0.6,36.4
6/21/2025 21:00,avenue41_to_harrisln,NB,0.03,0.57,37.8
6/21/2025 22:00,avenue41_to_harrisln,NB,0.01,0.53,40.7
6/21/2025 23:00,avenue41_to_harrisln,NB,0.03,0.55,39.1
6/22/2025 0:00,avenue41_to_harrisln,NB,0.07,0.56,40.4
6/22/2025 1:00,avenue41_to_harrisln,NB,0.07,0.6,36.3
6/22/2025 2:00,avenue41_to_harrisln,NB,0.03,0.53,40.9
6/22/2025 3:00,avenue41_to_harrisln,NB,0,0.5,42.7
6/22/2025 4:00,avenue41_to_harrisln,NB,0,0.48,45.1
6/22/2025 5:00,avenue41_to_harrisln,NB,0,0.52,41.6
6/22/2025 6:00,avenue41_to_harrisln,NB,0,0.45,47.7
6/22/2025 7:00,avenue41_to_harrisln,NB,0.02,0.54,39.7
6/22/2025 8:00,avenue41_to_harrisln,NB,0.02,0.53,40.5
6/22/2025 9:00,avenue41_to_harrisln,NB,0.02,0.53,40.7
6/22/2025 10:00,avenue41_to_harrisln,NB,0.07,0.61,35.7
6/22/2025 11:00,avenue41_to_harrisln,NB,0.05,0.58,37.1
6/22/2025 12:00,avenue41_to_harrisln,NB,0.01,0.54,39.7
6/22/2025 13:00,avenue41_to_harrisln,NB,0.01,0.54,39.9
6/22/2025 14:00,avenue41_to_harrisln,NB,0.02,0.54,40.1
6/22/2025 15:00,avenue41_to_harrisln,NB,0.02,0.53,40.5
6/22/2025 16:00,avenue41_to_harrisln,NB,0.03,0.54,40.1
6/22/2025 17:00,avenue41_to_harrisln,NB,0.01,0.52,41.4
6/22/2025 18:00,avenue41_to_harrisln,NB,0,0.51,42
6/22/2025 19:00,avenue41_to_harrisln,NB,0.01,0.54,40
6/22/2025 20:00,avenue41_to_harrisln,NB,0,0.55,39.4
6/22/2025 21:00,avenue41_to_harrisln,NB,0,0.51,42.4
6/22/2025 22:00,avenue41_to_harrisln,NB,0.01,0.52,41.6
6/22/2025 23:00,avenue41_to_harrisln,NB,0.01,0.54,39.7
6/23/2025 0:00,avenue41_to_harrisln,NB,0,0.52,41.1
6/23/2025 1:00,avenue41_to_harrisln,NB,0,0.49,44
6/23/2025 2:00,avenue41_to_harrisln,NB,0,0.51,42.3
6/23/2025 3:00,avenue41_to_harrisln,NB,0,0.45,47.2
6/23/2025 4:00,avenue41_to_harrisln,NB,0,0.48,45.2
6/23/2025 5:00,avenue41_to_harrisln,NB,0.01,0.51,42.7
6/23/2025 6:00,avenue41_to_harrisln,NB,0,0.5,42.8
6/23/2025 7:00,avenue41_to_harrisln,NB,0.01,0.52,41.5
6/23/2025 8:00,avenue41_to_harrisln,NB,0.02,0.55,39.3
6/23/2025 9:00,avenue41_to_harrisln,NB,0.03,0.56,38.3
6/23/2025 10:00,avenue41_to_harrisln,NB,0.05,0.62,34.9
6/23/2025 11:00,avenue41_to_harrisln,NB,0.04,0.59,36.9
6/23/2025 12:00,avenue41_to_harrisln,NB,0.05,0.6,36.1
6/23/2025 13:00,avenue41_to_harrisln,NB,0.03,0.57,37.7
6/23/2025 14:00,avenue41_to_harrisln,NB,0.05,0.59,36.2
6/23/2025 15:00,avenue41_to_harrisln,NB,0.03,0.59,36.4
6/23/2025 16:00,avenue41_to_harrisln,NB,0.03,0.57,38
6/23/2025 17:00,avenue41_to_harrisln,NB,0.03,0.56,38.6
6/23/2025 18:00,avenue41_to_harrisln,NB,0.01,0.52,41.7
6/23/2025 19:00,avenue41_to_harrisln,NB,0.02,0.54,40.1
6/23/2025 20:00,avenue41_to_harrisln,NB,0.01,0.54,39.9
6/23/2025 21:00,avenue41_to_harrisln,NB,0.01,0.51,42
6/23/2025 22:00,avenue41_to_harrisln,NB,0,0.54,39.5
6/23/2025 23:00,avenue41_to_harrisln,NB,0,0.54,40.2
6/24/2025 0:00,avenue41_to_harrisln,NB,0,0.53,40.9
6/24/2025 1:00,avenue41_to_harrisln,NB,0,0.51,42.4
6/24/2025 2:00,avenue41_to_harrisln,NB,0.02,0.5,42.5
6/24/2025 3:00,avenue41_to_harrisln,NB,0,0.47,45.8
6/24/2025 4:00,avenue41_to_harrisln,NB,0,0.45,47.6
6/24/2025 5:00,avenue41_to_harrisln,NB,0,0.49,43.7
6/24/2025 6:00,avenue41_to_harrisln,NB,0.03,0.52,41.9
6/24/2025 7:00,avenue41_to_harrisln,NB,0.01,0.53,40.8
6/24/2025 8:00,avenue41_to_harrisln,NB,0.01,0.53,40.9
6/24/2025 9:00,avenue41_to_harrisln,NB,0.02,0.55,39.4
6/24/2025 10:00,avenue41_to_harrisln,NB,0.01,0.55,39
6/24/2025 11:00,avenue41_to_harrisln,NB,0.02,0.57,37.5
6/24/2025 12:00,avenue41_to_harrisln,NB,0.04,0.59,36.3
6/24/2025 13:00,avenue41_to_harrisln,NB,0.05,0.59,37
6/24/2025 14:00,avenue41_to_harrisln,NB,0.06,0.61,35.4
6/24/2025 15:00,avenue41_to_harrisln,NB,0.04,0.59,36.8
6/24/2025 16:00,avenue41_to_harrisln,NB,0.08,0.62,35.7
6/24/2025 17:00,avenue41_to_harrisln,NB,0.02,0.55,39.2
6/24/2025 18:00,avenue41_to_harrisln,NB,0.07,0.62,35.2
6/24/2025 19:00,avenue41_to_harrisln,NB,0.02,0.55,39.2
6/24/2025 20:00,avenue41_to_harrisln,NB,0.01,0.54,39.6
6/24/2025 21:00,avenue41_to_harrisln,NB,0,0.53,40.5
6/24/2025 22:00,avenue41_to_harrisln,NB,0,0.5,42.9
6/24/2025 23:00,avenue41_to_harrisln,NB,0,0.53,40.3
6/25/2025 0:00,avenue41_to_harrisln,NB,0,0.49,43.4
6/25/2025 1:00,avenue41_to_harrisln,NB,0,0.49,44.1
6/25/2025 2:00,avenue41_to_harrisln,NB,0,0.51,42.4
6/25/2025 3:00,avenue41_to_harrisln,NB,0.01,0.56,38.9
6/25/2025 4:00,avenue41_to_harrisln,NB,0,0.51,42.4
6/25/2025 5:00,avenue41_to_harrisln,NB,0,0.49,43.4
6/25/2025 6:00,avenue41_to_harrisln,NB,0.02,0.52,41.3
6/25/2025 7:00,avenue41_to_harrisln,NB,0.02,0.54,39.7
6/25/2025 8:00,avenue41_to_harrisln,NB,0.01,0.55,39
6/25/2025 9:00,avenue41_to_harrisln,NB,0.03,0.59,36.7
6/25/2025 10:00,avenue41_to_harrisln,NB,0.06,0.61,35.4
6/25/2025 11:00,avenue41_to_harrisln,NB,0.01,0.58,37
6/25/2025 12:00,avenue41_to_harrisln,NB,0.03,0.6,35.9
6/25/2025 13:00,avenue41_to_harrisln,NB,0.02,0.57,37.5
6/25/2025 14:00,avenue41_to_harrisln,NB,0.05,0.6,35.8
6/25/2025 15:00,avenue41_to_harrisln,NB,0.04,0.59,36.5
6/25/2025 16:00,avenue41_to_harrisln,NB,0.06,0.6,36.4
6/25/2025 17:00,avenue41_to_harrisln,NB,0.04,0.6,36
6/25/2025 18:00,avenue41_to_harrisln,NB,0.08,0.59,37.3
6/25/2025 19:00,avenue41_to_harrisln,NB,0.03,0.57,37.7
6/25/2025 20:00,avenue41_to_harrisln,NB,0.03,0.58,37
6/25/2025 21:00,avenue41_to_harrisln,NB,0.01,0.56,38.7
6/25/2025 22:00,avenue41_to_harrisln,NB,0.04,0.56,38.6
6/25/2025 23:00,avenue41_to_harrisln,NB,0.03,0.53,41.4
6/26/2025 0:00,avenue41_to_harrisln,NB,0,0.47,45.9
6/26/2025 1:00,avenue41_to_harrisln,NB,0,0.45,47.7
6/26/2025 2:00,avenue41_to_harrisln,NB,0.02,0.51,42.5
6/26/2025 3:00,avenue41_to_harrisln,NB,0,0.48,44.9
6/26/2025 4:00,avenue41_to_harrisln,NB,0.03,0.56,39.2
6/26/2025 5:00,avenue41_to_harrisln,NB,0.01,0.52,41.2
6/26/2025 6:00,avenue41_to_harrisln,NB,0,0.48,44.7
6/26/2025 7:00,avenue41_to_harrisln,NB,0.05,0.56,39.5
6/26/2025 8:00,avenue41_to_harrisln,NB,0.06,0.59,36.7
6/26/2025 9:00,avenue41_to_harrisln,NB,0.12,0.69,32.8
6/26/2025 10:00,avenue41_to_harrisln,NB,0.06,0.64,34
6/26/2025 11:00,avenue41_to_harrisln,NB,0.18,0.76,29
6/26/2025 12:00,avenue41_to_harrisln,NB,0.37,0.94,24
6/26/2025 13:00,avenue41_to_harrisln,NB,0.26,0.83,27.5
6/26/2025 14:00,avenue41_to_harrisln,NB,0.07,0.63,34.9
6/26/2025 15:00,avenue41_to_harrisln,NB,0.05,0.61,35.6
6/26/2025 16:00,avenue41_to_harrisln,NB,0.07,0.62,35.1
6/26/2025 17:00,avenue41_to_harrisln,NB,0.03,0.58,37.3
6/26/2025 18:00,avenue41_to_harrisln,NB,0.03,0.56,38.6
6/26/2025 19:00,avenue41_to_harrisln,NB,0.06,0.61,35.7
6/26/2025 20:00,avenue41_to_harrisln,NB,0.03,0.57,37.9
6/26/2025 21:00,avenue41_to_harrisln,NB,0.01,0.52,41.9
6/26/2025 22:00,avenue41_to_harrisln,NB,0.08,0.61,35.4
6/26/2025 23:00,avenue41_to_harrisln,NB,0.01,0.5,42.6
6/27/2025 0:00,avenue41_to_harrisln,NB,0,0.47,45.2
6/27/2025 1:00,avenue41_to_harrisln,NB,0.01,0.47,45.6
6/27/2025 2:00,avenue41_to_harrisln,NB,0.01,0.51,42.4
6/27/2025 3:00,avenue41_to_harrisln,NB,0,0.47,45.4
6/27/2025 4:00,avenue41_to_harrisln,NB,0,0.51,42
6/27/2025 5:00,avenue41_to_harrisln,NB,0,0.51,42.5
6/27/2025 6:00,avenue41_to_harrisln,NB,0.03,0.52,42
6/27/2025 7:00,avenue41_to_harrisln,NB,0.05,0.58,37.6
6/27/2025 8:00,avenue41_to_harrisln,NB,0.05,0.58,37.4
6/27/2025 9:00,avenue41_to_harrisln,NB,0.06,0.6,36
6/27/2025 10:00,avenue41_to_harrisln,NB,0.04,0.61,35.4
6/27/2025 11:00,avenue41_to_harrisln,NB,0.06,0.62,35.2
6/27/2025 12:00,avenue41_to_harrisln,NB,0.02,0.58,37
6/27/2025 13:00,avenue41_to_harrisln,NB,0.05,0.6,36
6/27/2025 14:00,avenue41_to_harrisln,NB,0.03,0.59,36.4
6/27/2025 15:00,avenue41_to_harrisln,NB,0.03,0.58,36.9
6/27/2025 16:00,avenue41_to_harrisln,NB,0.06,0.59,37.3
6/27/2025 17:00,avenue41_to_harrisln,NB,0.04,0.58,36.8
6/27/2025 18:00,avenue41_to_harrisln,NB,0.07,0.62,35.1
6/27/2025 19:00,avenue41_to_harrisln,NB,0.02,0.57,38.1
6/27/2025 20:00,avenue41_to_harrisln,NB,0.02,0.55,39
6/27/2025 21:00,avenue41_to_harrisln,NB,0.02,0.54,39.7
6/27/2025 22:00,avenue41_to_harrisln,NB,0.04,0.58,37.4
6/27/2025 23:00,avenue41_to_harrisln,NB,0.04,0.56,38.6
6/28/2025 0:00,avenue41_to_harrisln,NB,0.06,0.57,37.5
6/28/2025 1:00,avenue41_to_harrisln,NB,0.03,0.5,43.4
6/28/2025 2:00,avenue41_to_harrisln,NB,0,0.47,46.3
6/28/2025 3:00,avenue41_to_harrisln,NB,0,0.44,48.3
6/28/2025 4:00,avenue41_to_harrisln,NB,0,0.5,42.8
6/28/2025 5:00,avenue41_to_harrisln,NB,0,0.5,42.7
6/28/2025 6:00,avenue41_to_harrisln,NB,0,0.48,44.8
6/28/2025 7:00,avenue41_to_harrisln,NB,0,0.49,43.4
6/28/2025 8:00,avenue41_to_harrisln,NB,0.02,0.53,41.1
6/28/2025 9:00,avenue41_to_harrisln,NB,0.07,0.6,36.8
6/28/2025 10:00,avenue41_to_harrisln,NB,0.01,0.55,39.2
6/28/2025 11:00,avenue41_to_harrisln,NB,0.08,0.64,34.3
6/28/2025 12:00,avenue41_to_harrisln,NB,0.06,0.59,37.5
6/28/2025 13:00,avenue41_to_harrisln,NB,0.08,0.6,35.9
6/28/2025 14:00,avenue41_to_harrisln,NB,0.03,0.57,38.1
6/28/2025 15:00,avenue41_to_harrisln,NB,0.01,0.54,39.6
6/28/2025 16:00,avenue41_to_harrisln,NB,0.05,0.6,36.5
6/28/2025 17:00,avenue41_to_harrisln,NB,0.01,0.53,40.1
6/28/2025 18:00,avenue41_to_harrisln,NB,0.04,0.58,37.5
6/28/2025 19:00,avenue41_to_harrisln,NB,0.07,0.59,36.7
6/28/2025 20:00,avenue41_to_harrisln,NB,0.06,0.59,36.5
6/28/2025 21:00,avenue41_to_harrisln,NB,0.07,0.6,36.3
6/28/2025 22:00,avenue41_to_harrisln,NB,0.08,0.59,37.5
6/28/2025 23:00,avenue41_to_harrisln,NB,0,0.48,44.6
6/29/2025 0:00,avenue41_to_harrisln,NB,0.04,0.54,40.7
6/29/2025 1:00,avenue41_to_harrisln,NB,0.01,0.53,40.2
6/29/2025 2:00,avenue41_to_harrisln,NB,0,0.53,40.9
6/29/2025 3:00,avenue41_to_harrisln,NB,0,0.49,43.4
6/29/2025 4:00,avenue41_to_harrisln,NB,0,0.49,43.7
6/29/2025 5:00,avenue41_to_harrisln,NB,0,0.46,46.2
6/29/2025 6:00,avenue41_to_harrisln,NB,0,0.5,42.9
6/29/2025 7:00,avenue41_to_harrisln,NB,0.01,0.51,42.1
6/29/2025 8:00,avenue41_to_harrisln,NB,0.02,0.51,43.2
6/29/2025 9:00,avenue41_to_harrisln,NB,0.05,0.58,37.6
6/29/2025 10:00,avenue41_to_harrisln,NB,0.07,0.59,37.1
6/29/2025 11:00,avenue41_to_harrisln,NB,0.02,0.57,37.5
6/29/2025 12:00,avenue41_to_harrisln,NB,0.01,0.56,38.1
6/29/2025 13:00,avenue41_to_harrisln,NB,0.02,0.57,37.4
6/29/2025 14:00,avenue41_to_harrisln,NB,0.02,0.56,38.7
6/29/2025 15:00,avenue41_to_harrisln,NB,0.03,0.57,37.8
6/29/2025 16:00,avenue41_to_harrisln,NB,0.02,0.54,39.8
6/29/2025 17:00,avenue41_to_harrisln,NB,0.02,0.54,39.7
6/29/2025 18:00,avenue41_to_harrisln,NB,0.08,0.61,36
6/29/2025 19:00,avenue41_to_harrisln,NB,0.06,0.59,37.1
6/29/2025 20:00,avenue41_to_harrisln,NB,0.03,0.55,39
6/29/2025 21:00,avenue41_to_harrisln,NB,0.07,0.59,36.8
6/29/2025 22:00,avenue41_to_harrisln,NB,0,0.51,42.6
6/29/2025 23:00,avenue41_to_harrisln,NB,0,0.52,41.4
6/30/2025 0:00,avenue41_to_harrisln,NB,0,0.52,41.2
6/30/2025 1:00,avenue41_to_harrisln,NB,0,0.51,42.3
6/30/2025 2:00,avenue41_to_harrisln,NB,0,0.49,44.2
6/30/2025 3:00,avenue41_to_harrisln,NB,0,0.49,43.8
6/30/2025 4:00,avenue41_to_harrisln,NB,0,0.46,47.1
6/30/2025 5:00,avenue41_to_harrisln,NB,0,0.47,45.6
6/30/2025 6:00,avenue41_to_harrisln,NB,0.03,0.53,41.1
6/30/2025 7:00,avenue41_to_harrisln,NB,0.01,0.53,40.8
6/30/2025 8:00,avenue41_to_harrisln,NB,0.04,0.58,37.7
6/30/2025 9:00,avenue41_to_harrisln,NB,0.03,0.58,37.3
6/30/2025 10:00,avenue41_to_harrisln,NB,0.05,0.61,35.2
6/30/2025 11:00,avenue41_to_harrisln,NB,0.13,0.69,31.7
6/30/2025 12:00,avenue41_to_harrisln,NB,0.1,0.67,32.9
6/30/2025 13:00,avenue41_to_harrisln,NB,0.07,0.63,34.5
6/30/2025 14:00,avenue41_to_harrisln,NB,0.02,0.59,36.4
6/30/2025 15:00,avenue41_to_harrisln,NB,0.07,0.61,35.2
6/30/2025 16:00,avenue41_to_harrisln,NB,0.04,0.58,37.2
6/30/2025 17:00,avenue41_to_harrisln,NB,0.06,0.59,36.6
6/30/2025 18:00,avenue41_to_harrisln,NB,0.06,0.61,35.7
6/30/2025 19:00,avenue41_to_harrisln,NB,0.05,0.57,38
6/30/2025 20:00,avenue41_to_harrisln,NB,0.04,0.56,38.5
6/30/2025 21:00,avenue41_to_harrisln,NB,0.01,0.53,40.7
6/30/2025 22:00,avenue41_to_harrisln,NB,0,0.51,42
6/30/2025 23:00,avenue41_to_harrisln,NB,0.01,0.48,44.4
7/1/2025 0:00,avenue41_to_harrisln,NB,0,0.49,44.4
7/1/2025 1:00,avenue41_to_harrisln,NB,0,0.49,43.8
7/1/2025 2:00,avenue41_to_harrisln,NB,0,0.51,41.8
7/1/2025 3:00,avenue41_to_harrisln,NB,0,0.51,41.8
7/1/2025 4:00,avenue41_to_harrisln,NB,0,0.49,44.1
7/1/2025 5:00,avenue41_to_harrisln,NB,0,0.48,44.5
7/1/2025 6:00,avenue41_to_harrisln,NB,0.05,0.56,38.9
7/1/2025 7:00,avenue41_to_harrisln,NB,0.05,0.57,37.8
7/1/2025 8:00,avenue41_to_harrisln,NB,0.08,0.62,35.1
7/1/2025 9:00,avenue41_to_harrisln,NB,0.02,0.57,37.6
7/1/2025 10:00,avenue41_to_harrisln,NB,0.07,0.61,35.3
7/1/2025 11:00,avenue41_to_harrisln,NB,0.02,0.59,36.4
7/1/2025 12:00,avenue41_to_harrisln,NB,0.06,0.62,34.7
7/1/2025 13:00,avenue41_to_harrisln,NB,0.04,0.6,36
7/1/2025 14:00,avenue41_to_harrisln,NB,0.07,0.63,34.3
7/1/2025 15:00,avenue41_to_harrisln,NB,0.04,0.58,37.2
7/1/2025 16:00,avenue41_to_harrisln,NB,0.05,0.59,36.7
7/1/2025 17:00,avenue41_to_harrisln,NB,0.05,0.59,36.7
7/1/2025 18:00,avenue41_to_harrisln,NB,0.07,0.61,36.2
7/1/2025 19:00,avenue41_to_harrisln,NB,0.03,0.57,38.2
7/1/2025 20:00,avenue41_to_harrisln,NB,0.01,0.54,39.4
7/1/2025 21:00,avenue41_to_harrisln,NB,0.08,0.62,35.1
7/1/2025 22:00,avenue41_to_harrisln,NB,0.01,0.53,40.8
7/1/2025 23:00,avenue41_to_harrisln,NB,0,0.49,44
7/2/2025 0:00,avenue41_to_harrisln,NB,0.01,0.52,41.1
7/2/2025 1:00,avenue41_to_harrisln,NB,0.01,0.51,42.3
7/2/2025 2:00,avenue41_to_harrisln,NB,0,0.48,45.1
7/2/2025 3:00,avenue41_to_harrisln,NB,0,0.47,45.8
7/2/2025 4:00,avenue41_to_harrisln,NB,0,0.47,45.4
7/2/2025 5:00,avenue41_to_harrisln,NB,0.03,0.51,42.4
7/2/2025 6:00,avenue41_to_harrisln,NB,0.01,0.51,41.8
7/2/2025 7:00,avenue41_to_harrisln,NB,0.07,0.59,36.8
7/2/2025 8:00,avenue41_to_harrisln,NB,0.03,0.57,37.9
7/2/2025 9:00,avenue41_to_harrisln,NB,0.03,0.57,37.8
7/2/2025 10:00,avenue41_to_harrisln,NB,0.03,0.61,35.4
7/2/2025 11:00,avenue41_to_harrisln,NB,0.03,0.59,36.7
7/2/2025 12:00,avenue41_to_harrisln,NB,0.05,0.58,36.9
7/2/2025 13:00,avenue41_to_harrisln,NB,0.03,0.57,38
7/2/2025 14:00,avenue41_to_harrisln,NB,0.06,0.6,36.3
7/2/2025 15:00,avenue41_to_harrisln,NB,0.05,0.6,35.9
7/2/2025 16:00,avenue41_to_harrisln,NB,0.03,0.57,38
7/2/2025 17:00,avenue41_to_harrisln,NB,0.07,0.61,36.1
7/2/2025 18:00,avenue41_to_harrisln,NB,0.07,0.61,35.5
7/2/2025 19:00,avenue41_to_harrisln,NB,0.06,0.62,35.2
7/2/2025 20:00,avenue41_to_harrisln,NB,0.04,0.57,37.8
7/2/2025 21:00,avenue41_to_harrisln,NB,0.03,0.56,38.1
7/2/2025 22:00,avenue41_to_harrisln,NB,0.01,0.52,41.3
7/2/2025 23:00,avenue41_to_harrisln,NB,0.01,0.54,39.7
7/3/2025 0:00,avenue41_to_harrisln,NB,0.01,0.49,44.1
7/3/2025 1:00,avenue41_to_harrisln,NB,0,0.44,49
7/3/2025 2:00,avenue41_to_harrisln,NB,0,0.5,43.5
7/3/2025 3:00,avenue41_to_harrisln,NB,0,0.5,43
7/3/2025 4:00,avenue41_to_harrisln,NB,0,0.49,44.2
7/3/2025 5:00,avenue41_to_harrisln,NB,0,0.49,43.4
7/3/2025 6:00,avenue41_to_harrisln,NB,0.01,0.51,42.4
7/3/2025 7:00,avenue41_to_harrisln,NB,0.03,0.54,39.9
7/3/2025 8:00,avenue41_to_harrisln,NB,0.03,0.57,37.9
7/3/2025 9:00,avenue41_to_harrisln,NB,0.02,0.56,38.5
7/3/2025 10:00,avenue41_to_harrisln,NB,0.05,0.58,37.2
7/3/2025 11:00,avenue41_to_harrisln,NB,0.03,0.58,37
7/3/2025 12:00,avenue41_to_harrisln,NB,0.02,0.57,38
7/3/2025 13:00,avenue41_to_harrisln,NB,0.08,0.64,34.2
7/3/2025 14:00,avenue41_to_harrisln,NB,0.05,0.61,35.3
7/3/2025 15:00,avenue41_to_harrisln,NB,0.07,0.61,35.2
7/3/2025 16:00,avenue41_to_harrisln,NB,0.02,0.58,37.2
7/3/2025 17:00,avenue41_to_harrisln,NB,0.06,0.59,36.7
7/3/2025 18:00,avenue41_to_harrisln,NB,0.03,0.56,38.3
7/3/2025 19:00,avenue41_to_harrisln,NB,0.06,0.61,36.1
7/3/2025 20:00,avenue41_to_harrisln,NB,0.03,0.56,38.5
7/3/2025 21:00,avenue41_to_harrisln,NB,0.03,0.57,38.2
7/3/2025 22:00,avenue41_to_harrisln,NB,0.06,0.59,37.2
7/3/2025 23:00,avenue41_to_harrisln,NB,0.03,0.53,40.8
7/4/2025 0:00,avenue41_to_harrisln,NB,0.02,0.55,39.4
7/4/2025 1:00,avenue41_to_harrisln,NB,0,0.48,45
7/4/2025 2:00,avenue41_to_harrisln,NB,0,0.52,41.9
7/4/2025 3:00,avenue41_to_harrisln,NB,0,0.51,42.1
7/4/2025 4:00,avenue41_to_harrisln,NB,0.01,0.51,42.1
7/4/2025 5:00,avenue41_to_harrisln,NB,0,0.5,43.2
7/4/2025 6:00,avenue41_to_harrisln,NB,0,0.46,46.7
7/4/2025 7:00,avenue41_to_harrisln,NB,0.01,0.52,41.3
7/4/2025 8:00,avenue41_to_harrisln,NB,0,0.5,43.1
7/4/2025 9:00,avenue41_to_harrisln,NB,0.03,0.57,38.1
7/4/2025 10:00,avenue41_to_harrisln,NB,0.08,0.61,36
7/4/2025 11:00,avenue41_to_harrisln,NB,0.04,0.56,38.9
7/4/2025 12:00,avenue41_to_harrisln,NB,0.01,0.54,39.5
7/4/2025 13:00,avenue41_to_harrisln,NB,0.01,0.54,39.9
7/4/2025 14:00,avenue41_to_harrisln,NB,0.05,0.58,37.4
7/4/2025 15:00,avenue41_to_harrisln,NB,0.04,0.55,39.2
7/4/2025 16:00,avenue41_to_harrisln,NB,0.01,0.52,40.8
7/4/2025 17:00,avenue41_to_harrisln,NB,0.03,0.55,39.1
7/4/2025 18:00,avenue41_to_harrisln,NB,0.06,0.57,38.2
7/4/2025 19:00,avenue41_to_harrisln,NB,0.06,0.58,37.1
7/4/2025 20:00,avenue41_to_harrisln,NB,0.02,0.56,38.4
7/4/2025 21:00,avenue41_to_harrisln,NB,0.01,0.54,39.7
7/4/2025 22:00,avenue41_to_harrisln,NB,0.11,0.63,35.8
7/4/2025 23:00,avenue41_to_harrisln,NB,0.01,0.55,38.9
7/5/2025 0:00,avenue41_to_harrisln,NB,0.02,0.51,42
7/5/2025 1:00,avenue41_to_harrisln,NB,0,0.49,44.1
7/5/2025 2:00,avenue41_to_harrisln,NB,0,0.55,39.3
7/5/2025 3:00,avenue41_to_harrisln,NB,0,0.54,40.2
7/5/2025 4:00,avenue41_to_harrisln,NB,0,0.47,45.4
7/5/2025 5:00,avenue41_to_harrisln,NB,0,0.48,44.7
7/5/2025 6:00,avenue41_to_harrisln,NB,0,0.48,45
7/5/2025 7:00,avenue41_to_harrisln,NB,0.02,0.5,42.7
7/5/2025 8:00,avenue41_to_harrisln,NB,0.01,0.52,41.1
7/5/2025 9:00,avenue41_to_harrisln,NB,0.05,0.56,39.2
7/5/2025 10:00,avenue41_to_harrisln,NB,0.02,0.53,40.8
7/5/2025 11:00,avenue41_to_harrisln,NB,0.01,0.55,39
7/5/2025 12:00,avenue41_to_harrisln,NB,0.03,0.58,37.6
7/5/2025 13:00,avenue41_to_harrisln,NB,0.02,0.55,38.7
7/5/2025 14:00,avenue41_to_harrisln,NB,0.05,0.59,36.9
7/5/2025 15:00,avenue41_to_harrisln,NB,0.01,0.54,39.9
7/5/2025 16:00,avenue41_to_harrisln,NB,0.03,0.56,38.5
7/5/2025 17:00,avenue41_to_harrisln,NB,0.01,0.52,41
7/5/2025 18:00,avenue41_to_harrisln,NB,0.03,0.55,39.1
7/5/2025 19:00,avenue41_to_harrisln,NB,0.06,0.59,36.6
7/5/2025 20:00,avenue41_to_harrisln,NB,0.02,0.55,39.2
7/5/2025 21:00,avenue41_to_harrisln,NB,0.04,0.56,38.6
7/5/2025 22:00,avenue41_to_harrisln,NB,0,0.51,41.8
7/5/2025 23:00,avenue41_to_harrisln,NB,0.05,0.58,37.5
7/6/2025 0:00,avenue41_to_harrisln,NB,0.01,0.51,41.9
7/6/2025 1:00,avenue41_to_harrisln,NB,0,0.49,44.2
7/6/2025 2:00,avenue41_to_harrisln,NB,0,0.52,41.8
7/6/2025 3:00,avenue41_to_harrisln,NB,0.01,0.49,43.4
7/6/2025 4:00,avenue41_to_harrisln,NB,0.01,0.5,42.7
7/6/2025 5:00,avenue41_to_harrisln,NB,0,0.49,43.9
7/6/2025 6:00,avenue41_to_harrisln,NB,0.02,0.51,42.5
7/6/2025 7:00,avenue41_to_harrisln,NB,0,0.48,44.7
7/6/2025 8:00,avenue41_to_harrisln,NB,0.02,0.54,40.1
7/6/2025 9:00,avenue41_to_harrisln,NB,0.01,0.55,39.1
7/6/2025 10:00,avenue41_to_harrisln,NB,0.03,0.59,37
7/6/2025 11:00,avenue41_to_harrisln,NB,0.02,0.58,37.3
7/6/2025 12:00,avenue41_to_harrisln,NB,0.02,0.53,40.2
7/6/2025 13:00,avenue41_to_harrisln,NB,0.02,0.55,39.2
7/6/2025 14:00,avenue41_to_harrisln,NB,0.08,0.61,37
7/6/2025 15:00,avenue41_to_harrisln,NB,0,0.51,41.9
7/6/2025 16:00,avenue41_to_harrisln,NB,0.01,0.53,40.4
7/6/2025 17:00,avenue41_to_harrisln,NB,0,0.52,41.4
7/6/2025 18:00,avenue41_to_harrisln,NB,0.05,0.57,37.8
7/6/2025 19:00,avenue41_to_harrisln,NB,0.04,0.57,38.4
7/6/2025 20:00,avenue41_to_harrisln,NB,0.02,0.56,38.6
7/6/2025 21:00,avenue41_to_harrisln,NB,0.02,0.55,39.5
7/6/2025 22:00,avenue41_to_harrisln,NB,0.01,0.54,39.8
7/6/2025 23:00,avenue41_to_harrisln,NB,0.03,0.53,40.8
7/7/2025 0:00,avenue41_to_harrisln,NB,0.01,0.46,47
7/7/2025 1:00,avenue41_to_harrisln,NB,0,0.49,43.7
7/7/2025 2:00,avenue41_to_harrisln,NB,0,0.48,44.6
7/7/2025 3:00,avenue41_to_harrisln,NB,0,0.43,50
7/7/2025 4:00,avenue41_to_harrisln,NB,0,0.44,48.5
7/7/2025 5:00,avenue41_to_harrisln,NB,0,0.47,45.5
7/7/2025 6:00,avenue41_to_harrisln,NB,0.03,0.5,43.7
7/7/2025 7:00,avenue41_to_harrisln,NB,0.04,0.56,38.8
7/7/2025 8:00,avenue41_to_harrisln,NB,0.04,0.57,38.1
7/7/2025 9:00,avenue41_to_harrisln,NB,0.03,0.58,37.3
7/7/2025 10:00,avenue41_to_harrisln,NB,0.05,0.6,35.7
7/7/2025 11:00,avenue41_to_harrisln,NB,0.03,0.57,37.5
7/7/2025 12:00,avenue41_to_harrisln,NB,0.08,0.64,33.6
7/7/2025 13:00,avenue41_to_harrisln,NB,0.04,0.57,38.1
7/7/2025 14:00,avenue41_to_harrisln,NB,0.06,0.61,35.6
7/7/2025 15:00,avenue41_to_harrisln,NB,0.03,0.57,37.7
7/7/2025 16:00,avenue41_to_harrisln,NB,0.06,0.59,38
7/7/2025 17:00,avenue41_to_harrisln,NB,0.02,0.55,38.8
7/7/2025 18:00,avenue41_to_harrisln,NB,0.02,0.53,40.8
7/7/2025 19:00,avenue41_to_harrisln,NB,0.07,0.59,37.1
7/7/2025 20:00,avenue41_to_harrisln,NB,0.05,0.6,36.1
7/7/2025 21:00,avenue41_to_harrisln,NB,0.05,0.59,36.9
7/7/2025 22:00,avenue41_to_harrisln,NB,0,0.52,41.1
7/7/2025 23:00,avenue41_to_harrisln,NB,0,0.52,41.5
7/8/2025 0:00,avenue41_to_harrisln,NB,0.01,0.49,43.9
7/8/2025 1:00,avenue41_to_harrisln,NB,0,0.48,44.5
7/8/2025 2:00,avenue41_to_harrisln,NB,0.03,0.48,45.2
7/8/2025 3:00,avenue41_to_harrisln,NB,0,0.44,48.5
7/8/2025 4:00,avenue41_to_harrisln,NB,0,0.51,42.4
7/8/2025 5:00,avenue41_to_harrisln,NB,0,0.49,44.1
7/8/2025 6:00,avenue41_to_harrisln,NB,0.01,0.52,41.9
7/8/2025 7:00,avenue41_to_harrisln,NB,0.07,0.58,38.1
7/8/2025 8:00,avenue41_to_harrisln,NB,0,0.52,41
7/8/2025 9:00,avenue41_to_harrisln,NB,0.03,0.57,37.6
7/8/2025 10:00,avenue41_to_harrisln,NB,0.03,0.57,37.4
7/8/2025 11:00,avenue41_to_harrisln,NB,0.02,0.57,37.9
7/8/2025 12:00,avenue41_to_harrisln,NB,0.02,0.57,37.5
7/8/2025 13:00,avenue41_to_harrisln,NB,0.03,0.59,36.6
7/8/2025 14:00,avenue41_to_harrisln,NB,0.05,0.59,36.4
7/8/2025 15:00,avenue41_to_harrisln,NB,0.01,0.55,39.1
7/8/2025 16:00,avenue41_to_harrisln,NB,0.06,0.6,36.2
7/8/2025 17:00,avenue41_to_harrisln,NB,0.04,0.56,38.3
7/8/2025 18:00,avenue41_to_harrisln,NB,0.04,0.56,39
7/8/2025 19:00,avenue41_to_harrisln,NB,0.04,0.57,37.9
7/8/2025 20:00,avenue41_to_harrisln,NB,0.01,0.54,39.6
7/8/2025 21:00,avenue41_to_harrisln,NB,0.01,0.54,39.7
7/8/2025 22:00,avenue41_to_harrisln,NB,0.01,0.51,42.5
7/8/2025 23:00,avenue41_to_harrisln,NB,0.06,0.54,40.6
7/9/2025 0:00,avenue41_to_harrisln,NB,0.01,0.48,44.4
7/9/2025 1:00,avenue41_to_harrisln,NB,0,0.53,40.5
7/9/2025 2:00,avenue41_to_harrisln,NB,0,0.49,43.9
7/9/2025 3:00,avenue41_to_harrisln,NB,0,0.48,44.8
7/9/2025 4:00,avenue41_to_harrisln,NB,0,0.51,42.4
7/9/2025 5:00,avenue41_to_harrisln,NB,0,0.51,41.9
7/9/2025 6:00,avenue41_to_harrisln,NB,0.02,0.51,41.8
7/9/2025 7:00,avenue41_to_harrisln,NB,0.03,0.55,39.7
7/9/2025 8:00,avenue41_to_harrisln,NB,0,0.53,40.4
7/9/2025 9:00,avenue41_to_harrisln,NB,0.07,0.63,34.5
7/9/2025 10:00,avenue41_to_harrisln,NB,0.02,0.56,38.3
7/9/2025 11:00,avenue41_to_harrisln,NB,0.04,0.61,35.4
7/9/2025 12:00,avenue41_to_harrisln,NB,0.05,0.61,35.1
7/9/2025 13:00,avenue41_to_harrisln,NB,0.04,0.59,36.3
7/9/2025 14:00,avenue41_to_harrisln,NB,0.01,0.55,39
7/9/2025 15:00,avenue41_to_harrisln,NB,0.04,0.57,37.5
7/9/2025 16:00,avenue41_to_harrisln,NB,0.05,0.58,37
7/9/2025 17:00,avenue41_to_harrisln,NB,0.03,0.56,38.4
7/9/2025 18:00,avenue41_to_harrisln,NB,0.04,0.57,37.6
7/9/2025 19:00,avenue41_to_harrisln,NB,0.05,0.62,35.1
7/9/2025 20:00,avenue41_to_harrisln,NB,0.02,0.57,37.8
7/9/2025 21:00,avenue41_to_harrisln,NB,0.01,0.54,39.8
7/9/2025 22:00,avenue41_to_harrisln,NB,0.01,0.51,42.1
7/9/2025 23:00,avenue41_to_harrisln,NB,0.01,0.49,43.7
7/10/2025 0:00,avenue41_to_harrisln,NB,0,0.49,43.5
7/10/2025 1:00,avenue41_to_harrisln,NB,0,0.49,43.4
7/10/2025 2:00,avenue41_to_harrisln,NB,0,0.46,46.7
7/10/2025 3:00,avenue41_to_harrisln,NB,0,0.46,46.7
7/10/2025 4:00,avenue41_to_harrisln,NB,0,0.47,45.8
7/10/2025 5:00,avenue41_to_harrisln,NB,0,0.48,45.1
7/10/2025 6:00,avenue41_to_harrisln,NB,0.03,0.53,40.5
7/10/2025 7:00,avenue41_to_harrisln,NB,0.02,0.53,40.4
7/10/2025 8:00,avenue41_to_harrisln,NB,0.03,0.54,39.9
7/10/2025 9:00,avenue41_to_harrisln,NB,0.01,0.53,40.5
7/10/2025 10:00,avenue41_to_harrisln,NB,0.09,0.63,34.2
7/10/2025 11:00,avenue41_to_harrisln,NB,0.06,0.61,35.7
7/10/2025 12:00,avenue41_to_harrisln,NB,0.02,0.57,37.7
7/10/2025 13:00,avenue41_to_harrisln,NB,0.02,0.56,38.1
7/10/2025 14:00,avenue41_to_harrisln,NB,0.05,0.61,35.5
7/10/2025 15:00,avenue41_to_harrisln,NB,0.03,0.58,37.1
7/10/2025 16:00,avenue41_to_harrisln,NB,0.04,0.58,37.2
7/10/2025 17:00,avenue41_to_harrisln,NB,0.04,0.56,39
7/10/2025 18:00,avenue41_to_harrisln,NB,0.06,0.58,38
7/10/2025 19:00,avenue41_to_harrisln,NB,0.01,0.54,39.9
7/10/2025 20:00,avenue41_to_harrisln,NB,0.05,0.6,36.6
7/10/2025 21:00,avenue41_to_harrisln,NB,0.01,0.52,41.3
7/10/2025 22:00,avenue41_to_harrisln,NB,0.01,0.54,40.3
7/10/2025 23:00,avenue41_to_harrisln,NB,0.01,0.52,40.9
7/11/2025 0:00,avenue41_to_harrisln,NB,0,0.51,42.2
7/11/2025 1:00,avenue41_to_harrisln,NB,0.01,0.52,41.6
7/11/2025 2:00,avenue41_to_harrisln,NB,0,0.5,43.6
7/11/2025 3:00,avenue41_to_harrisln,NB,0,0.47,45.7
7/11/2025 4:00,avenue41_to_harrisln,NB,0,0.49,43.8
7/11/2025 5:00,avenue41_to_harrisln,NB,0,0.51,42
7/11/2025 6:00,avenue41_to_harrisln,NB,0.01,0.49,44.1
7/11/2025 7:00,avenue41_to_harrisln,NB,0.1,0.63,35.1
7/11/2025 8:00,avenue41_to_harrisln,NB,0.06,0.6,36.3
7/11/2025 9:00,avenue41_to_harrisln,NB,0.02,0.54,39.5
7/11/2025 10:00,avenue41_to_harrisln,NB,0.03,0.6,35.8
7/11/2025 11:00,avenue41_to_harrisln,NB,0.06,0.62,35
7/11/2025 12:00,avenue41_to_harrisln,NB,0.03,0.59,36.7
7/11/2025 13:00,avenue41_to_harrisln,NB,0.03,0.57,37.8
7/11/2025 14:00,avenue41_to_harrisln,NB,0.04,0.59,36.8
7/11/2025 15:00,avenue41_to_harrisln,NB,0.04,0.59,36.4
7/11/2025 16:00,avenue41_to_harrisln,NB,0.03,0.55,39.3
7/11/2025 17:00,avenue41_to_harrisln,NB,0.03,0.56,38.7
7/11/2025 18:00,avenue41_to_harrisln,NB,0.06,0.59,36.8
7/11/2025 19:00,avenue41_to_harrisln,NB,0.03,0.54,40.5
7/11/2025 20:00,avenue41_to_harrisln,NB,0.03,0.56,38.4
7/11/2025 21:00,avenue41_to_harrisln,NB,0.01,0.54,40.1
7/11/2025 22:00,avenue41_to_harrisln,NB,0.03,0.54,40.3
7/11/2025 23:00,avenue41_to_harrisln,NB,0,0.48,45.2
7/12/2025 0:00,avenue41_to_harrisln,NB,0,0.5,42.9
7/12/2025 1:00,avenue41_to_harrisln,NB,0,0.48,44.6
7/12/2025 2:00,avenue41_to_harrisln,NB,0,0.5,43.5
7/12/2025 3:00,avenue41_to_harrisln,NB,0,0.52,41.3
7/12/2025 4:00,avenue41_to_harrisln,NB,0,0.46,46.4
7/12/2025 5:00,avenue41_to_harrisln,NB,0.01,0.5,43.7
7/12/2025 6:00,avenue41_to_harrisln,NB,0,0.5,43.4
7/12/2025 7:00,avenue41_to_harrisln,NB,0.01,0.5,43.5
7/12/2025 8:00,avenue41_to_harrisln,NB,0.01,0.51,42.4
7/12/2025 9:00,avenue41_to_harrisln,NB,0.04,0.58,37
7/12/2025 10:00,avenue41_to_harrisln,NB,0.04,0.6,36.1
7/12/2025 11:00,avenue41_to_harrisln,NB,0.02,0.54,39.7
7/12/2025 12:00,avenue41_to_harrisln,NB,0.04,0.57,38
7/12/2025 13:00,avenue41_to_harrisln,NB,0.07,0.6,36.5
7/12/2025 14:00,avenue41_to_harrisln,NB,0.02,0.54,39.6
7/12/2025 15:00,avenue41_to_harrisln,NB,0.03,0.56,38.4
7/12/2025 16:00,avenue41_to_harrisln,NB,0.02,0.55,39.4
7/12/2025 17:00,avenue41_to_harrisln,NB,0.01,0.53,40.9
7/12/2025 18:00,avenue41_to_harrisln,NB,0.06,0.58,37.3
7/12/2025 19:00,avenue41_to_harrisln,NB,0.03,0.55,39.4
7/12/2025 20:00,avenue41_to_harrisln,NB,0.02,0.55,39.5
7/12/2025 21:00,avenue41_to_harrisln,NB,0.01,0.53,40.5
7/12/2025 22:00,avenue41_to_harrisln,NB,0.02,0.51,42
7/12/2025 23:00,avenue41_to_harrisln,NB,0,0.51,42.1
7/13/2025 0:00,avenue41_to_harrisln,NB,0.01,0.53,40.5
7/13/2025 1:00,avenue41_to_harrisln,NB,0,0.46,46.3
7/13/2025 2:00,avenue41_to_harrisln,NB,0.03,0.56,38.2
7/13/2025 3:00,avenue41_to_harrisln,NB,0.01,0.52,41.3
7/13/2025 4:00,avenue41_to_harrisln,NB,0,0.5,43
7/13/2025 5:00,avenue41_to_harrisln,NB,0,0.5,42.6
7/13/2025 6:00,avenue41_to_harrisln,NB,0,0.46,46.5
7/13/2025 7:00,avenue41_to_harrisln,NB,0,0.51,42.4
7/13/2025 8:00,avenue41_to_harrisln,NB,0.01,0.51,42.2
7/13/2025 9:00,avenue41_to_harrisln,NB,0.01,0.52,41.3
7/13/2025 10:00,avenue41_to_harrisln,NB,0.03,0.54,39.8
7/13/2025 11:00,avenue41_to_harrisln,NB,0.08,0.63,35.6
7/13/2025 12:00,avenue41_to_harrisln,NB,0.09,0.62,35.7
7/13/2025 13:00,avenue41_to_harrisln,NB,0.1,0.65,34.4
7/13/2025 14:00,avenue41_to_harrisln,NB,0.04,0.56,38.5
7/13/2025 15:00,avenue41_to_harrisln,NB,0.02,0.53,41.2
7/13/2025 16:00,avenue41_to_harrisln,NB,0.05,0.56,38.5
7/13/2025 17:00,avenue41_to_harrisln,NB,0.04,0.55,39.3
7/13/2025 18:00,avenue41_to_harrisln,NB,0.02,0.54,39.6
7/13/2025 19:00,avenue41_to_harrisln,NB,0.07,0.6,37.3
7/13/2025 20:00,avenue41_to_harrisln,NB,0.04,0.57,38
7/13/2025 21:00,avenue41_to_harrisln,NB,0.06,0.6,36.6
7/13/2025 22:00,avenue41_to_harrisln,NB,0.05,0.58,38.1
7/13/2025 23:00,avenue41_to_harrisln,NB,0.02,0.53,41.2
7/14/2025 0:00,avenue41_to_harrisln,NB,0.04,0.51,42.6
7/14/2025 1:00,avenue41_to_harrisln,NB,0,0.43,50.3
7/14/2025 2:00,avenue41_to_harrisln,NB,0,0.51,42.1
7/14/2025 3:00,avenue41_to_harrisln,NB,0,0.47,45.4
7/14/2025 4:00,avenue41_to_harrisln,NB,0,0.46,46.5
7/14/2025 5:00,avenue41_to_harrisln,NB,0,0.49,44
7/14/2025 6:00,avenue41_to_harrisln,NB,0.04,0.51,42.4
7/14/2025 7:00,avenue41_to_harrisln,NB,0.02,0.53,40.4
7/14/2025 8:00,avenue41_to_harrisln,NB,0.03,0.56,38
7/14/2025 9:00,avenue41_to_harrisln,NB,0.03,0.57,37.6
7/14/2025 10:00,avenue41_to_harrisln,NB,0.03,0.59,36.1
7/14/2025 11:00,avenue41_to_harrisln,NB,0.06,0.61,35.3
7/14/2025 12:00,avenue41_to_harrisln,NB,0.02,0.56,38.1
7/14/2025 13:00,avenue41_to_harrisln,NB,0.03,0.57,37.6
7/14/2025 14:00,avenue41_to_harrisln,NB,0.04,0.59,36.9
7/14/2025 15:00,avenue41_to_harrisln,NB,0.05,0.61,35.7
7/14/2025 16:00,avenue41_to_harrisln,NB,0.03,0.57,38
7/14/2025 17:00,avenue41_to_harrisln,NB,0.01,0.56,38.6
7/14/2025 18:00,avenue41_to_harrisln,NB,0.05,0.57,37.5
7/14/2025 19:00,avenue41_to_harrisln,NB,0.04,0.55,39.4
7/14/2025 20:00,avenue41_to_harrisln,NB,0,0.54,39.5
7/14/2025 21:00,avenue41_to_harrisln,NB,0.02,0.56,38.7
7/14/2025 22:00,avenue41_to_harrisln,NB,0.03,0.55,39.7
7/14/2025 23:00,avenue41_to_harrisln,NB,0.06,0.54,40.5
7/15/2025 0:00,avenue41_to_harrisln,NB,0.01,0.52,41.6
7/15/2025 1:00,avenue41_to_harrisln,NB,0,0.47,46
7/15/2025 2:00,avenue41_to_harrisln,NB,0,0.45,47.3
7/15/2025 3:00,avenue41_to_harrisln,NB,0,0.47,45.2
7/15/2025 4:00,avenue41_to_harrisln,NB,0,0.51,42.4
7/15/2025 5:00,avenue41_to_harrisln,NB,0,0.51,42.4
7/15/2025 6:00,avenue41_to_harrisln,NB,0.02,0.53,40.6
7/15/2025 7:00,avenue41_to_harrisln,NB,0.01,0.54,40
7/15/2025 8:00,avenue41_to_harrisln,NB,0.02,0.55,39.1
7/15/2025 9:00,avenue41_to_harrisln,NB,0.02,0.54,40
7/15/2025 10:00,avenue41_to_harrisln,NB,0.05,0.58,37.5
7/15/2025 11:00,avenue41_to_harrisln,NB,0.01,0.56,38.5
7/15/2025 12:00,avenue41_to_harrisln,NB,0.04,0.58,36.8
7/15/2025 13:00,avenue41_to_harrisln,NB,0.02,0.58,37.3
7/15/2025 14:00,avenue41_to_harrisln,NB,0.05,0.61,35.5
7/15/2025 15:00,avenue41_to_harrisln,NB,0.07,0.62,34.7
7/15/2025 16:00,avenue41_to_harrisln,NB,0.06,0.59,36.5
7/15/2025 17:00,avenue41_to_harrisln,NB,0.03,0.56,38.2
7/15/2025 18:00,avenue41_to_harrisln,NB,0.02,0.54,39.9
7/15/2025 19:00,avenue41_to_harrisln,NB,0.07,0.58,38.8
7/15/2025 20:00,avenue41_to_harrisln,NB,0.02,0.55,39
7/15/2025 21:00,avenue41_to_harrisln,NB,0.03,0.56,38.4
7/15/2025 22:00,avenue41_to_harrisln,NB,0.03,0.54,40.4
7/15/2025 23:00,avenue41_to_harrisln,NB,0.01,0.51,42
7/16/2025 0:00,avenue41_to_harrisln,NB,0,0.55,39.1
7/16/2025 1:00,avenue41_to_harrisln,NB,0,0.5,43.2
7/16/2025 2:00,avenue41_to_harrisln,NB,0,0.48,44.7
7/16/2025 3:00,avenue41_to_harrisln,NB,0.01,0.46,47.4
7/16/2025 4:00,avenue41_to_harrisln,NB,0,0.48,45.2
7/16/2025 5:00,avenue41_to_harrisln,NB,0,0.47,45.2
7/16/2025 6:00,avenue41_to_harrisln,NB,0.01,0.49,44.2
7/16/2025 7:00,avenue41_to_harrisln,NB,0.01,0.51,41.7
7/16/2025 8:00,avenue41_to_harrisln,NB,0.02,0.55,39
7/16/2025 9:00,avenue41_to_harrisln,NB,0.05,0.59,37.2
7/16/2025 10:00,avenue41_to_harrisln,NB,0.02,0.57,38
7/16/2025 11:00,avenue41_to_harrisln,NB,0.04,0.59,36.6
7/16/2025 12:00,avenue41_to_harrisln,NB,0.04,0.57,37.9
7/16/2025 13:00,avenue41_to_harrisln,NB,0.02,0.57,37.3
7/16/2025 14:00,avenue41_to_harrisln,NB,0.02,0.57,37.4
7/16/2025 15:00,avenue41_to_harrisln,NB,0.05,0.59,36.9
7/16/2025 16:00,avenue41_to_harrisln,NB,0.07,0.61,35.6
7/16/2025 17:00,avenue41_to_harrisln,NB,0.02,0.55,38.7
7/16/2025 18:00,avenue41_to_harrisln,NB,0.03,0.56,38.5
7/16/2025 19:00,avenue41_to_harrisln,NB,0.02,0.53,40.7
7/16/2025 20:00,avenue41_to_harrisln,NB,0.02,0.54,40.2
7/16/2025 21:00,avenue41_to_harrisln,NB,0.01,0.53,40.8
7/16/2025 22:00,avenue41_to_harrisln,NB,0.01,0.52,41.5
7/16/2025 23:00,avenue41_to_harrisln,NB,0.01,0.53,40.2
7/17/2025 0:00,avenue41_to_harrisln,NB,0.02,0.55,39.9
7/17/2025 1:00,avenue41_to_harrisln,NB,0,0.47,45.2
7/17/2025 2:00,avenue41_to_harrisln,NB,0,0.48,44.2
7/17/2025 3:00,avenue41_to_harrisln,NB,0,0.48,44.3
7/17/2025 4:00,avenue41_to_harrisln,NB,0,0.46,46.7
7/17/2025 5:00,avenue41_to_harrisln,NB,0.01,0.53,41.5
7/17/2025 6:00,avenue41_to_harrisln,NB,0,0.51,42.3
7/17/2025 7:00,avenue41_to_harrisln,NB,0.05,0.59,36.6
7/17/2025 8:00,avenue41_to_harrisln,NB,0.04,0.57,37.8
7/17/2025 9:00,avenue41_to_harrisln,NB,0.04,0.59,36.9
7/17/2025 10:00,avenue41_to_harrisln,NB,0.04,0.59,36.6
7/17/2025 11:00,avenue41_to_harrisln,NB,0.04,0.6,35.8
7/17/2025 12:00,avenue41_to_harrisln,NB,0.02,0.57,37.9
7/17/2025 13:00,avenue41_to_harrisln,NB,0.04,0.58,37.2
7/17/2025 14:00,avenue41_to_harrisln,NB,0.08,0.63,34
7/17/2025 15:00,avenue41_to_harrisln,NB,0.07,0.63,34
7/17/2025 16:00,avenue41_to_harrisln,NB,0.06,0.61,35.4
7/17/2025 17:00,avenue41_to_harrisln,NB,0.04,0.57,38.2
7/17/2025 18:00,avenue41_to_harrisln,NB,0.01,0.56,38.2
7/17/2025 19:00,avenue41_to_harrisln,NB,0.05,0.6,36.2
7/17/2025 20:00,avenue41_to_harrisln,NB,0.01,0.52,41
7/17/2025 21:00,avenue41_to_harrisln,NB,0.01,0.52,41.4
7/17/2025 22:00,avenue41_to_harrisln,NB,0.03,0.52,41.6
7/17/2025 23:00,avenue41_to_harrisln,NB,0.05,0.53,42.1
7/18/2025 0:00,avenue41_to_harrisln,NB,0,0.5,43.2
7/18/2025 1:00,avenue41_to_harrisln,NB,0,0.51,41.7
7/18/2025 2:00,avenue41_to_harrisln,NB,0,0.47,45.3
7/18/2025 3:00,avenue41_to_harrisln,NB,0,0.47,45.6
7/18/2025 4:00,avenue41_to_harrisln,NB,0.01,0.51,41.8
7/18/2025 5:00,avenue41_to_harrisln,NB,0,0.49,44
7/18/2025 6:00,avenue41_to_harrisln,NB,0.08,0.58,38.6
7/18/2025 7:00,avenue41_to_harrisln,NB,0.03,0.54,40
7/18/2025 8:00,avenue41_to_harrisln,NB,0.01,0.54,39.8
7/18/2025 9:00,avenue41_to_harrisln,NB,0.04,0.6,36.1
7/18/2025 10:00,avenue41_to_harrisln,NB,0.02,0.56,38.1
7/18/2025 11:00,avenue41_to_harrisln,NB,0.04,0.59,36.4
7/18/2025 12:00,avenue41_to_harrisln,NB,0.06,0.61,35
7/18/2025 13:00,avenue41_to_harrisln,NB,0.03,0.59,36.6
7/18/2025 14:00,avenue41_to_harrisln,NB,0.07,0.64,34.4
7/18/2025 15:00,avenue41_to_harrisln,NB,0.06,0.61,35.8
7/18/2025 16:00,avenue41_to_harrisln,NB,0.03,0.55,38.9
7/18/2025 17:00,avenue41_to_harrisln,NB,0.03,0.56,38.2
7/18/2025 18:00,avenue41_to_harrisln,NB,0.05,0.58,37.2
7/18/2025 19:00,avenue41_to_harrisln,NB,0.03,0.57,37.6
7/18/2025 20:00,avenue41_to_harrisln,NB,0.07,0.63,34.3
7/18/2025 21:00,avenue41_to_harrisln,NB,0,0.52,41.1
7/18/2025 22:00,avenue41_to_harrisln,NB,0,0.49,43.5
7/18/2025 23:00,avenue41_to_harrisln,NB,0,0.49,44.3
7/19/2025 0:00,avenue41_to_harrisln,NB,0.02,0.53,41
7/19/2025 1:00,avenue41_to_harrisln,NB,0,0.51,42.3
7/19/2025 2:00,avenue41_to_harrisln,NB,0,0.47,45.6
7/19/2025 3:00,avenue41_to_harrisln,NB,0,0.5,42.7
7/19/2025 4:00,avenue41_to_harrisln,NB,0.01,0.51,42.4
7/19/2025 5:00,avenue41_to_harrisln,NB,0,0.46,47
7/19/2025 6:00,avenue41_to_harrisln,NB,0,0.49,43.5
7/19/2025 7:00,avenue41_to_harrisln,NB,0.01,0.51,42.3
7/19/2025 8:00,avenue41_to_harrisln,NB,0.04,0.55,38.9
7/19/2025 9:00,avenue41_to_harrisln,NB,0.02,0.55,39.1
7/19/2025 10:00,avenue41_to_harrisln,NB,0.01,0.54,39.8
7/19/2025 11:00,avenue41_to_harrisln,NB,0,0.51,41.8
7/19/2025 12:00,avenue41_to_harrisln,NB,0.01,0.53,40.3
7/19/2025 13:00,avenue41_to_harrisln,NB,0.02,0.55,39.1
7/19/2025 14:00,avenue41_to_harrisln,NB,0.02,0.56,38.7
7/19/2025 15:00,avenue41_to_harrisln,NB,0,0.53,40.3
7/19/2025 16:00,avenue41_to_harrisln,NB,0.06,0.58,37.9
7/19/2025 17:00,avenue41_to_harrisln,NB,0.02,0.53,40.1
7/19/2025 18:00,avenue41_to_harrisln,NB,0.01,0.52,40.9
7/19/2025 19:00,avenue41_to_harrisln,NB,0.02,0.53,40.4
7/19/2025 20:00,avenue41_to_harrisln,NB,0.02,0.56,38.5
7/19/2025 21:00,avenue41_to_harrisln,NB,0.02,0.55,39.4
7/19/2025 22:00,avenue41_to_harrisln,NB,0,0.52,41.3
7/19/2025 23:00,avenue41_to_harrisln,NB,0,0.48,44.5
7/20/2025 0:00,avenue41_to_harrisln,NB,0.02,0.54,40.4
7/20/2025 1:00,avenue41_to_harrisln,NB,0,0.48,44.7
7/20/2025 2:00,avenue41_to_harrisln,NB,0.02,0.55,39.1
7/20/2025 3:00,avenue41_to_harrisln,NB,0,0.49,43.5
7/20/2025 4:00,avenue41_to_harrisln,NB,0.04,0.58,37.3
7/20/2025 5:00,avenue41_to_harrisln,NB,0.01,0.48,45
7/20/2025 6:00,avenue41_to_harrisln,NB,0,0.51,42.2
7/20/2025 7:00,avenue41_to_harrisln,NB,0.01,0.53,40.5
7/20/2025 8:00,avenue41_to_harrisln,NB,0.03,0.54,40.5
7/20/2025 9:00,avenue41_to_harrisln,NB,0.04,0.56,38.8
7/20/2025 10:00,avenue41_to_harrisln,NB,0.01,0.54,40
7/20/2025 11:00,avenue41_to_harrisln,NB,0.03,0.58,36.7
7/20/2025 12:00,avenue41_to_harrisln,NB,0.02,0.58,37
7/20/2025 13:00,avenue41_to_harrisln,NB,0.01,0.55,39.2
7/20/2025 14:00,avenue41_to_harrisln,NB,0.05,0.59,37
7/20/2025 15:00,avenue41_to_harrisln,NB,0,0.5,43
7/20/2025 16:00,avenue41_to_harrisln,NB,0.02,0.56,38.1
7/20/2025 17:00,avenue41_to_harrisln,NB,0.01,0.51,42.3
7/20/2025 18:00,avenue41_to_harrisln,NB,0.03,0.56,39.1
7/20/2025 19:00,avenue41_to_harrisln,NB,0.07,0.6,36.1
7/20/2025 20:00,avenue41_to_harrisln,NB,0.05,0.58,38.1
7/20/2025 21:00,avenue41_to_harrisln,NB,0,0.51,42
7/20/2025 22:00,avenue41_to_harrisln,NB,0.02,0.53,40.9
7/20/2025 23:00,avenue41_to_harrisln,NB,0.04,0.56,39.2
7/21/2025 0:00,avenue41_to_harrisln,NB,0,0.48,45.4
7/21/2025 1:00,avenue41_to_harrisln,NB,0,0.49,44
7/21/2025 2:00,avenue41_to_harrisln,NB,0,0.49,44.5
7/21/2025 3:00,avenue41_to_harrisln,NB,0,0.44,49
7/21/2025 4:00,avenue41_to_harrisln,NB,0,0.49,43.7
7/21/2025 5:00,avenue41_to_harrisln,NB,0,0.48,44.8
7/21/2025 6:00,avenue41_to_harrisln,NB,0.04,0.53,41.3
7/21/2025 7:00,avenue41_to_harrisln,NB,0.01,0.52,40.9
7/21/2025 8:00,avenue41_to_harrisln,NB,0.04,0.56,38.2
7/21/2025 9:00,avenue41_to_harrisln,NB,0.05,0.59,36.7
7/21/2025 10:00,avenue41_to_harrisln,NB,0.03,0.57,37.8
7/21/2025 11:00,avenue41_to_harrisln,NB,0.04,0.62,34.8
7/21/2025 12:00,avenue41_to_harrisln,NB,0.02,0.57,37.6
7/21/2025 13:00,avenue41_to_harrisln,NB,0.02,0.57,37.5
7/21/2025 14:00,avenue41_to_harrisln,NB,0.02,0.55,38.9
7/21/2025 15:00,avenue41_to_harrisln,NB,0.05,0.6,36.1
7/21/2025 16:00,avenue41_to_harrisln,NB,0.05,0.59,36.9
7/21/2025 17:00,avenue41_to_harrisln,NB,0.02,0.55,38.7
7/21/2025 18:00,avenue41_to_harrisln,NB,0.03,0.56,38.4
7/21/2025 19:00,avenue41_to_harrisln,NB,0.02,0.55,39
7/21/2025 20:00,avenue41_to_harrisln,NB,0.04,0.58,37.3
7/21/2025 21:00,avenue41_to_harrisln,NB,0.02,0.55,39.3
7/21/2025 22:00,avenue41_to_harrisln,NB,0.03,0.54,40.2
7/21/2025 23:00,avenue41_to_harrisln,NB,0,0.52,41.1
7/22/2025 0:00,avenue41_to_harrisln,NB,0,0.48,44.7
7/22/2025 1:00,avenue41_to_harrisln,NB,0.01,0.51,41.9
7/22/2025 2:00,avenue41_to_harrisln,NB,0,0.47,45.6
7/22/2025 3:00,avenue41_to_harrisln,NB,0,0.47,45.6
7/22/2025 4:00,avenue41_to_harrisln,NB,0,0.49,43.7
7/22/2025 5:00,avenue41_to_harrisln,NB,0,0.5,43
7/22/2025 6:00,avenue41_to_harrisln,NB,0.03,0.49,44.7
7/22/2025 7:00,avenue41_to_harrisln,NB,0.01,0.52,41.5
7/22/2025 8:00,avenue41_to_harrisln,NB,0.01,0.54,39.7
7/22/2025 9:00,avenue41_to_harrisln,NB,0.05,0.59,37.1
7/22/2025 10:00,avenue41_to_harrisln,NB,0.06,0.62,35.5
7/22/2025 11:00,avenue41_to_harrisln,NB,0.04,0.6,36.1
7/22/2025 12:00,avenue41_to_harrisln,NB,0.04,0.6,36.2
7/22/2025 13:00,avenue41_to_harrisln,NB,0.04,0.58,37.2
7/22/2025 14:00,avenue41_to_harrisln,NB,0.02,0.56,38.1
7/22/2025 15:00,avenue41_to_harrisln,NB,0.04,0.59,36.5
7/22/2025 16:00,avenue41_to_harrisln,NB,0.01,0.54,39.4
7/22/2025 17:00,avenue41_to_harrisln,NB,0.02,0.55,39.1
7/22/2025 18:00,avenue41_to_harrisln,NB,0.04,0.57,37.6
7/22/2025 19:00,avenue41_to_harrisln,NB,0.04,0.55,38.8
7/22/2025 20:00,avenue41_to_harrisln,NB,0.04,0.59,36.4
7/22/2025 21:00,avenue41_to_harrisln,NB,0.02,0.54,40.4
7/22/2025 22:00,avenue41_to_harrisln,NB,0.01,0.5,43.3
7/22/2025 23:00,avenue41_to_harrisln,NB,0.02,0.49,44.5
7/23/2025 0:00,avenue41_to_harrisln,NB,0,0.53,40.5
7/23/2025 1:00,avenue41_to_harrisln,NB,0.01,0.52,42.4
7/23/2025 2:00,avenue41_to_harrisln,NB,0,0.47,45.5
7/23/2025 3:00,avenue41_to_harrisln,NB,0,0.47,46.3
7/23/2025 4:00,avenue41_to_harrisln,NB,0,0.45,47.2
7/23/2025 5:00,avenue41_to_harrisln,NB,0,0.48,44.3
7/23/2025 6:00,avenue41_to_harrisln,NB,0.07,0.56,38.9
7/23/2025 7:00,avenue41_to_harrisln,NB,0.04,0.56,38.6
7/23/2025 8:00,avenue41_to_harrisln,NB,0.03,0.56,38.3
7/23/2025 9:00,avenue41_to_harrisln,NB,0.01,0.55,39.3
7/23/2025 10:00,avenue41_to_harrisln,NB,0.01,0.57,37.8
7/23/2025 11:00,avenue41_to_harrisln,NB,0.03,0.58,36.9
7/23/2025 12:00,avenue41_to_harrisln,NB,0.04,0.59,36.5
7/23/2025 13:00,avenue41_to_harrisln,NB,0.04,0.59,36.7
7/23/2025 14:00,avenue41_to_harrisln,NB,0.09,0.65,34.1
7/23/2025 15:00,avenue41_to_harrisln,NB,0.04,0.59,36.7
7/23/2025 16:00,avenue41_to_harrisln,NB,0.04,0.59,36.2
7/23/2025 17:00,avenue41_to_harrisln,NB,0.02,0.56,38.5
7/23/2025 18:00,avenue41_to_harrisln,NB,0.02,0.56,38.5
7/23/2025 19:00,avenue41_to_harrisln,NB,0.07,0.61,35.1
7/23/2025 20:00,avenue41_to_harrisln,NB,0.04,0.58,37.2
7/23/2025 21:00,avenue41_to_harrisln,NB,0.04,0.58,37.5
7/23/2025 22:00,avenue41_to_harrisln,NB,0.06,0.58,37.7
7/23/2025 23:00,avenue41_to_harrisln,NB,0,0.54,40.2
7/24/2025 0:00,avenue41_to_harrisln,NB,0,0.51,42
7/24/2025 1:00,avenue41_to_harrisln,NB,0,0.51,41.9
7/24/2025 2:00,avenue41_to_harrisln,NB,0,0.52,41.5
7/24/2025 3:00,avenue41_to_harrisln,NB,0,0.48,45.5
7/24/2025 4:00,avenue41_to_harrisln,NB,0,0.48,44.7
7/24/2025 5:00,avenue41_to_harrisln,NB,0,0.46,46.4
7/24/2025 6:00,avenue41_to_harrisln,NB,0.04,0.54,40.4
7/24/2025 7:00,avenue41_to_harrisln,NB,0.05,0.58,37.2
7/24/2025 8:00,avenue41_to_harrisln,NB,0.03,0.58,37.2
7/24/2025 9:00,avenue41_to_harrisln,NB,0.04,0.59,36.3
7/24/2025 10:00,avenue41_to_harrisln,NB,0.04,0.59,36.7
7/24/2025 11:00,avenue41_to_harrisln,NB,0.05,0.6,36
7/24/2025 12:00,avenue41_to_harrisln,NB,0.06,0.6,36.3
7/24/2025 13:00,avenue41_to_harrisln,NB,0.02,0.6,35.7
7/24/2025 14:00,avenue41_to_harrisln,NB,0.02,0.58,37.1
7/24/2025 15:00,avenue41_to_harrisln,NB,0.03,0.59,36.1
7/24/2025 16:00,avenue41_to_harrisln,NB,0.06,0.62,35.3
7/24/2025 17:00,avenue41_to_harrisln,NB,0.03,0.57,38
7/24/2025 18:00,avenue41_to_harrisln,NB,0.02,0.57,37.9
7/24/2025 19:00,avenue41_to_harrisln,NB,0.04,0.56,38.8
7/24/2025 20:00,avenue41_to_harrisln,NB,0.04,0.59,36.6
7/24/2025 21:00,avenue41_to_harrisln,NB,0.04,0.59,36.6
7/24/2025 22:00,avenue41_to_harrisln,NB,0.01,0.55,39.2
7/24/2025 23:00,avenue41_to_harrisln,NB,0.04,0.55,40.1
7/25/2025 0:00,avenue41_to_harrisln,NB,0.01,0.51,42.8
7/25/2025 1:00,avenue41_to_harrisln,NB,0,0.48,44.3
7/25/2025 2:00,avenue41_to_harrisln,NB,0.04,0.53,41.2
7/25/2025 3:00,avenue41_to_harrisln,NB,0.03,0.53,41.1
7/25/2025 4:00,avenue41_to_harrisln,NB,0.01,0.49,44.1
7/25/2025 5:00,avenue41_to_harrisln,NB,0.01,0.52,41.5
7/25/2025 6:00,avenue41_to_harrisln,NB,0,0.48,45.2
7/25/2025 7:00,avenue41_to_harrisln,NB,0.03,0.55,39
7/25/2025 8:00,avenue41_to_harrisln,NB,0.05,0.57,37.7
7/25/2025 9:00,avenue41_to_harrisln,NB,0.05,0.58,37.2
7/25/2025 10:00,avenue41_to_harrisln,NB,0.01,0.56,38.5
7/25/2025 11:00,avenue41_to_harrisln,NB,0.01,0.58,36.9
7/25/2025 12:00,avenue41_to_harrisln,NB,0.09,0.65,34.5
7/25/2025 13:00,avenue41_to_harrisln,NB,0.02,0.58,37.3
7/25/2025 14:00,avenue41_to_harrisln,NB,0.07,0.63,34.5
7/25/2025 15:00,avenue41_to_harrisln,NB,0.03,0.57,37.6
7/25/2025 16:00,avenue41_to_harrisln,NB,0.03,0.57,37.4
7/25/2025 17:00,avenue41_to_harrisln,NB,0.06,0.61,35.7
7/25/2025 18:00,avenue41_to_harrisln,NB,0.06,0.61,35.5
7/25/2025 19:00,avenue41_to_harrisln,NB,0.02,0.57,37.7
7/25/2025 20:00,avenue41_to_harrisln,NB,0.04,0.57,37.8
7/25/2025 21:00,avenue41_to_harrisln,NB,0.05,0.6,36.1
7/25/2025 22:00,avenue41_to_harrisln,NB,0.04,0.54,40
7/25/2025 23:00,avenue41_to_harrisln,NB,0.01,0.48,44.5
7/26/2025 0:00,avenue41_to_harrisln,NB,0,0.51,41.9
7/26/2025 1:00,avenue41_to_harrisln,NB,0,0.5,43
7/26/2025 2:00,avenue41_to_harrisln,NB,0,0.49,44
7/26/2025 3:00,avenue41_to_harrisln,NB,0,0.54,40.1
7/26/2025 4:00,avenue41_to_harrisln,NB,0,0.45,48
7/26/2025 5:00,avenue41_to_harrisln,NB,0,0.48,44.9
7/26/2025 6:00,avenue41_to_harrisln,NB,0.02,0.52,42.3
7/26/2025 7:00,avenue41_to_harrisln,NB,0.01,0.51,41.8
7/26/2025 8:00,avenue41_to_harrisln,NB,0,0.53,40.6
7/26/2025 9:00,avenue41_to_harrisln,NB,0.03,0.56,38.1
7/26/2025 10:00,avenue41_to_harrisln,NB,0.18,0.73,31.1
7/26/2025 11:00,avenue41_to_harrisln,NB,0.12,0.69,32
7/26/2025 12:00,avenue41_to_harrisln,NB,0.19,0.75,29
7/26/2025 13:00,avenue41_to_harrisln,NB,0.05,0.61,36
7/26/2025 14:00,avenue41_to_harrisln,NB,0.02,0.54,40.1
7/26/2025 15:00,avenue41_to_harrisln,NB,0.01,0.54,39.7
7/26/2025 16:00,avenue41_to_harrisln,NB,0,0.53,40.4
7/26/2025 17:00,avenue41_to_harrisln,NB,0.04,0.55,39.8
7/26/2025 18:00,avenue41_to_harrisln,NB,0.05,0.59,36.6
7/26/2025 19:00,avenue41_to_harrisln,NB,0.03,0.56,38.3
7/26/2025 20:00,avenue41_to_harrisln,NB,0.04,0.57,37.9
7/26/2025 21:00,avenue41_to_harrisln,NB,0.05,0.59,36.4
7/26/2025 22:00,avenue41_to_harrisln,NB,0.04,0.58,37.4
7/26/2025 23:00,avenue41_to_harrisln,NB,0,0.52,41.6
7/27/2025 0:00,avenue41_to_harrisln,NB,0.01,0.54,40.3
7/27/2025 1:00,avenue41_to_harrisln,NB,0,0.5,43
7/27/2025 2:00,avenue41_to_harrisln,NB,0.06,0.62,35.8
7/27/2025 3:00,avenue41_to_harrisln,NB,0,0.51,42.6
7/27/2025 4:00,avenue41_to_harrisln,NB,0,0.48,45.2
7/27/2025 5:00,avenue41_to_harrisln,NB,0,0.47,45.7
7/27/2025 6:00,avenue41_to_harrisln,NB,0,0.48,45.1
7/27/2025 7:00,avenue41_to_harrisln,NB,0.03,0.55,39.3
7/27/2025 8:00,avenue41_to_harrisln,NB,0,0.53,40.8
7/27/2025 9:00,avenue41_to_harrisln,NB,0.05,0.57,38.2
7/27/2025 10:00,avenue41_to_harrisln,NB,0.02,0.55,38.8
7/27/2025 11:00,avenue41_to_harrisln,NB,0.02,0.56,38.5
7/27/2025 12:00,avenue41_to_harrisln,NB,0.04,0.56,38.8
7/27/2025 13:00,avenue41_to_harrisln,NB,0.05,0.58,37.3
7/27/2025 14:00,avenue41_to_harrisln,NB,0.04,0.57,37.7
7/27/2025 15:00,avenue41_to_harrisln,NB,0.01,0.53,40.3
7/27/2025 16:00,avenue41_to_harrisln,NB,0.02,0.54,40.1
7/27/2025 17:00,avenue41_to_harrisln,NB,0.01,0.53,40.9
7/27/2025 18:00,avenue41_to_harrisln,NB,0.03,0.56,38.9
7/27/2025 19:00,avenue41_to_harrisln,NB,0.03,0.54,39.7
7/27/2025 20:00,avenue41_to_harrisln,NB,0.02,0.55,39.4
7/27/2025 21:00,avenue41_to_harrisln,NB,0.01,0.54,40
7/27/2025 22:00,avenue41_to_harrisln,NB,0.03,0.56,38.3
7/27/2025 23:00,avenue41_to_harrisln,NB,0.01,0.5,43.5
7/28/2025 0:00,avenue41_to_harrisln,NB,0,0.49,44.1
7/28/2025 1:00,avenue41_to_harrisln,NB,0.01,0.49,43.8
7/28/2025 2:00,avenue41_to_harrisln,NB,0,0.44,48.6
7/28/2025 3:00,avenue41_to_harrisln,NB,0.04,0.51,43.4
7/28/2025 4:00,avenue41_to_harrisln,NB,0,0.5,43.4
7/28/2025 5:00,avenue41_to_harrisln,NB,0,0.48,44.7
7/28/2025 6:00,avenue41_to_harrisln,NB,0.03,0.52,42
7/28/2025 7:00,avenue41_to_harrisln,NB,0.02,0.54,40
7/28/2025 8:00,avenue41_to_harrisln,NB,0.01,0.54,39.5
7/28/2025 9:00,avenue41_to_harrisln,NB,0.05,0.61,35.9
7/28/2025 10:00,avenue41_to_harrisln,NB,0.05,0.61,35.8
7/28/2025 11:00,avenue41_to_harrisln,NB,0.06,0.61,35.4
7/28/2025 12:00,avenue41_to_harrisln,NB,0.03,0.6,35.6
7/28/2025 13:00,avenue41_to_harrisln,NB,0.04,0.57,37.7
7/28/2025 14:00,avenue41_to_harrisln,NB,0.05,0.62,34.7
7/28/2025 15:00,avenue41_to_harrisln,NB,0.05,0.59,36.6
7/28/2025 16:00,avenue41_to_harrisln,NB,0.04,0.59,36.4
7/28/2025 17:00,avenue41_to_harrisln,NB,0.04,0.58,37
7/28/2025 18:00,avenue41_to_harrisln,NB,0.08,0.61,35.4
7/28/2025 19:00,avenue41_to_harrisln,NB,0.06,0.57,39
7/28/2025 20:00,avenue41_to_harrisln,NB,0.02,0.56,38
7/28/2025 21:00,avenue41_to_harrisln,NB,0.02,0.56,38.2
7/28/2025 22:00,avenue41_to_harrisln,NB,0.03,0.54,39.7
7/28/2025 23:00,avenue41_to_harrisln,NB,0.01,0.5,43.1
7/29/2025 0:00,avenue41_to_harrisln,NB,0,0.54,40.1
7/29/2025 1:00,avenue41_to_harrisln,NB,0,0.48,44.7
7/29/2025 2:00,avenue41_to_harrisln,NB,0,0.53,40
7/29/2025 3:00,avenue41_to_harrisln,NB,0,0.5,43.2
7/29/2025 4:00,avenue41_to_harrisln,NB,0,0.5,42.8
7/29/2025 5:00,avenue41_to_harrisln,NB,0.01,0.5,42.8
7/29/2025 6:00,avenue41_to_harrisln,NB,0.01,0.51,41.8
7/29/2025 7:00,avenue41_to_harrisln,NB,0.03,0.56,38.7
7/29/2025 8:00,avenue41_to_harrisln,NB,0.02,0.54,39.6
7/29/2025 9:00,avenue41_to_harrisln,NB,0.08,0.63,34.8
7/29/2025 10:00,avenue41_to_harrisln,NB,0.07,0.61,35.4
7/29/2025 11:00,avenue41_to_harrisln,NB,0.03,0.6,36.1
7/29/2025 12:00,avenue41_to_harrisln,NB,0.04,0.61,35.7
7/29/2025 13:00,avenue41_to_harrisln,NB,0.04,0.59,36.7
7/29/2025 14:00,avenue41_to_harrisln,NB,0.07,0.63,34.3
7/29/2025 15:00,avenue41_to_harrisln,NB,0.04,0.59,36.5
7/29/2025 16:00,avenue41_to_harrisln,NB,0.06,0.6,36.1
7/29/2025 17:00,avenue41_to_harrisln,NB,0.07,0.61,35.7
7/29/2025 18:00,avenue41_to_harrisln,NB,0.08,0.61,35.6
7/29/2025 19:00,avenue41_to_harrisln,NB,0.04,0.57,38
7/29/2025 20:00,avenue41_to_harrisln,NB,0.01,0.56,38.6
7/29/2025 21:00,avenue41_to_harrisln,NB,0.04,0.59,36.5
7/29/2025 22:00,avenue41_to_harrisln,NB,0.03,0.55,39.4
7/29/2025 23:00,avenue41_to_harrisln,NB,0.01,0.54,39.9
7/30/2025 0:00,avenue41_to_harrisln,NB,0,0.48,45.3
7/30/2025 1:00,avenue41_to_harrisln,NB,0,0.5,43.1
7/30/2025 2:00,avenue41_to_harrisln,NB,0,0.49,44.3
7/30/2025 3:00,avenue41_to_harrisln,NB,0,0.51,42.1
7/30/2025 4:00,avenue41_to_harrisln,NB,0,0.47,45.5
7/30/2025 5:00,avenue41_to_harrisln,NB,0,0.45,47.6
7/30/2025 6:00,avenue41_to_harrisln,NB,0,0.5,42.9
7/30/2025 7:00,avenue41_to_harrisln,NB,0.05,0.57,37.9
7/30/2025 8:00,avenue41_to_harrisln,NB,0.08,0.61,35.7
7/30/2025 9:00,avenue41_to_harrisln,NB,0.04,0.6,35.7
7/30/2025 10:00,avenue41_to_harrisln,NB,0.03,0.58,37.2
7/30/2025 11:00,avenue41_to_harrisln,NB,0.08,0.63,34.8
7/30/2025 12:00,avenue41_to_harrisln,NB,0.02,0.58,37.2
7/30/2025 13:00,avenue41_to_harrisln,NB,0.07,0.62,35.2
7/30/2025 14:00,avenue41_to_harrisln,NB,0.08,0.63,34.5
7/30/2025 15:00,avenue41_to_harrisln,NB,0.08,0.62,35.7
7/30/2025 16:00,avenue41_to_harrisln,NB,0.01,0.55,38.7
7/30/2025 17:00,avenue41_to_harrisln,NB,0.08,0.62,35.2
7/30/2025 18:00,avenue41_to_harrisln,NB,0.1,0.62,35.6
7/30/2025 19:00,avenue41_to_harrisln,NB,0.09,0.63,34.2
7/30/2025 20:00,avenue41_to_harrisln,NB,0.05,0.58,36.7
7/30/2025 21:00,avenue41_to_harrisln,NB,0.04,0.55,39.7
7/30/2025 22:00,avenue41_to_harrisln,NB,0.01,0.54,40
7/30/2025 23:00,avenue41_to_harrisln,NB,0.02,0.51,42
7/31/2025 0:00,avenue41_to_harrisln,NB,0.01,0.52,41.2
7/31/2025 1:00,avenue41_to_harrisln,NB,0.02,0.52,41.7
7/31/2025 2:00,avenue41_to_harrisln,NB,0,0.51,41.9
7/31/2025 3:00,avenue41_to_harrisln,NB,0,0.49,43.8
7/31/2025 4:00,avenue41_to_harrisln,NB,0,0.49,43.8
7/31/2025 5:00,avenue41_to_harrisln,NB,0,0.52,41.6
7/31/2025 6:00,avenue41_to_harrisln,NB,0.02,0.52,41.3
7/31/2025 7:00,avenue41_to_harrisln,NB,0.06,0.59,37.1
7/31/2025 8:00,avenue41_to_harrisln,NB,0.03,0.56,38.2
7/31/2025 9:00,avenue41_to_harrisln,NB,0.01,0.55,38.8
7/31/2025 10:00,avenue41_to_harrisln,NB,0.03,0.58,36.8
7/31/2025 11:00,avenue41_to_harrisln,NB,0.03,0.58,37.2
7/31/2025 12:00,avenue41_to_harrisln,NB,0.04,0.62,34.6
7/31/2025 13:00,avenue41_to_harrisln,NB,0.09,0.64,33.7
7/31/2025 14:00,avenue41_to_harrisln,NB,0.04,0.59,36.7
7/31/2025 15:00,avenue41_to_harrisln,NB,0.07,0.6,36
7/31/2025 16:00,avenue41_to_harrisln,NB,0.02,0.57,38
7/31/2025 17:00,avenue41_to_harrisln,NB,0.05,0.6,36
7/31/2025 18:00,avenue41_to_harrisln,NB,0.05,0.59,37.4
7/31/2025 19:00,avenue41_to_harrisln,NB,0.09,0.63,35
7/31/2025 20:00,avenue41_to_harrisln,NB,0.02,0.56,38.6
7/31/2025 21:00,avenue41_to_harrisln,NB,0.02,0.53,41
7/31/2025 22:00,avenue41_to_harrisln,NB,0.01,0.53,40.5
7/31/2025 23:00,avenue41_to_harrisln,NB,0.01,0.56,38.7
8/1/2025 0:00,avenue41_to_harrisln,NB,0,0.54,39.7
8/1/2025 1:00,avenue41_to_harrisln,NB,0,0.51,42
8/1/2025 2:00,avenue41_to_harrisln,NB,0,0.48,45.1
8/1/2025 3:00,avenue41_to_harrisln,NB,0,0.51,42.1
8/1/2025 4:00,avenue41_to_harrisln,NB,0,0.48,44.6
8/1/2025 5:00,avenue41_to_harrisln,NB,0,0.5,43.1
8/1/2025 6:00,avenue41_to_harrisln,NB,0.01,0.49,43.9
8/1/2025 7:00,avenue41_to_harrisln,NB,0.05,0.55,39.4
8/1/2025 8:00,avenue41_to_harrisln,NB,0.03,0.56,38.6
8/1/2025 9:00,avenue41_to_harrisln,NB,0.03,0.59,36.6
8/1/2025 10:00,avenue41_to_harrisln,NB,0.05,0.61,35.4
8/1/2025 11:00,avenue41_to_harrisln,NB,0.05,0.61,35.2
8/1/2025 12:00,avenue41_to_harrisln,NB,0.04,0.59,36.3
8/1/2025 13:00,avenue41_to_harrisln,NB,0.06,0.62,35.2
8/1/2025 14:00,avenue41_to_harrisln,NB,0.1,0.66,32.9
8/1/2025 15:00,avenue41_to_harrisln,NB,0.05,0.62,35
8/1/2025 16:00,avenue41_to_harrisln,NB,0.07,0.61,35.4
8/1/2025 17:00,avenue41_to_harrisln,NB,0.03,0.56,38.7
8/1/2025 18:00,avenue41_to_harrisln,NB,0.03,0.57,37.7
8/1/2025 19:00,avenue41_to_harrisln,NB,0.04,0.58,37.8
8/1/2025 20:00,avenue41_to_harrisln,NB,0.04,0.57,37.9
8/1/2025 21:00,avenue41_to_harrisln,NB,0.05,0.59,36.6
8/1/2025 22:00,avenue41_to_harrisln,NB,0.03,0.53,40.7
8/1/2025 23:00,avenue41_to_harrisln,NB,0.01,0.55,39.6
8/2/2025 0:00,avenue41_to_harrisln,NB,0.04,0.55,39.1
8/2/2025 1:00,avenue41_to_harrisln,NB,0,0.52,41.5
8/2/2025 2:00,avenue41_to_harrisln,NB,0,0.53,40.9
8/2/2025 3:00,avenue41_to_harrisln,NB,0,0.49,43.5
8/2/2025 4:00,avenue41_to_harrisln,NB,0,0.47,45.6
8/2/2025 5:00,avenue41_to_harrisln,NB,0,0.5,42.7
8/2/2025 6:00,avenue41_to_harrisln,NB,0,0.49,43.9
8/2/2025 7:00,avenue41_to_harrisln,NB,0.01,0.51,41.9
8/2/2025 8:00,avenue41_to_harrisln,NB,0.03,0.55,39.8
8/2/2025 9:00,avenue41_to_harrisln,NB,0.02,0.54,39.5
8/2/2025 10:00,avenue41_to_harrisln,NB,0.09,0.63,34.5
8/2/2025 11:00,avenue41_to_harrisln,NB,0.01,0.54,39.6
8/2/2025 12:00,avenue41_to_harrisln,NB,0.02,0.55,39.4
8/2/2025 13:00,avenue41_to_harrisln,NB,0.01,0.53,40.4
8/2/2025 14:00,avenue41_to_harrisln,NB,0.05,0.57,37.8
8/2/2025 15:00,avenue41_to_harrisln,NB,0.02,0.54,39.8
8/2/2025 16:00,avenue41_to_harrisln,NB,0,0.52,41.3
8/2/2025 17:00,avenue41_to_harrisln,NB,0.03,0.55,39.5
8/2/2025 18:00,avenue41_to_harrisln,NB,0.02,0.53,40.8
8/2/2025 19:00,avenue41_to_harrisln,NB,0.01,0.54,39.5
8/2/2025 20:00,avenue41_to_harrisln,NB,0.01,0.54,39.7
8/2/2025 21:00,avenue41_to_harrisln,NB,0.02,0.55,39.3
8/2/2025 22:00,avenue41_to_harrisln,NB,0.05,0.56,39.4
8/2/2025 23:00,avenue41_to_harrisln,NB,0.01,0.53,40.8
8/3/2025 0:00,avenue41_to_harrisln,NB,0,0.46,46.6
8/3/2025 1:00,avenue41_to_harrisln,NB,0,0.49,43.9
8/3/2025 2:00,avenue41_to_harrisln,NB,0,0.49,43.9
8/3/2025 3:00,avenue41_to_harrisln,NB,0,0.53,40.8
8/3/2025 4:00,avenue41_to_harrisln,NB,0,0.51,42.1
8/3/2025 5:00,avenue41_to_harrisln,NB,0,0.48,44.2
8/3/2025 6:00,avenue41_to_harrisln,NB,0,0.49,44
8/3/2025 7:00,avenue41_to_harrisln,NB,0,0.51,42.1
8/3/2025 8:00,avenue41_to_harrisln,NB,0.01,0.49,43.5
8/3/2025 9:00,avenue41_to_harrisln,NB,0,0.51,42.3
8/3/2025 10:00,avenue41_to_harrisln,NB,0.01,0.54,39.4
8/3/2025 11:00,avenue41_to_harrisln,NB,0.03,0.57,38
8/3/2025 12:00,avenue41_to_harrisln,NB,0.03,0.56,38.7
8/3/2025 13:00,avenue41_to_harrisln,NB,0.02,0.54,39.8
8/3/2025 14:00,avenue41_to_harrisln,NB,0,0.52,41.6
8/3/2025 15:00,avenue41_to_harrisln,NB,0.01,0.53,40.6
8/3/2025 16:00,avenue41_to_harrisln,NB,0,0.53,40.5
8/3/2025 17:00,avenue41_to_harrisln,NB,0.04,0.55,39.6
8/3/2025 18:00,avenue41_to_harrisln,NB,0.03,0.56,38.3
8/3/2025 19:00,avenue41_to_harrisln,NB,0.03,0.56,38.3
8/3/2025 20:00,avenue41_to_harrisln,NB,0.05,0.59,37.8
8/3/2025 21:00,avenue41_to_harrisln,NB,0.03,0.56,38.2
8/3/2025 22:00,avenue41_to_harrisln,NB,0.01,0.53,40.7
8/3/2025 23:00,avenue41_to_harrisln,NB,0,0.46,46.4
8/4/2025 0:00,avenue41_to_harrisln,NB,0,0.5,42.9
8/4/2025 1:00,avenue41_to_harrisln,NB,0,0.49,44
8/4/2025 2:00,avenue41_to_harrisln,NB,0,0.5,43.2
8/4/2025 3:00,avenue41_to_harrisln,NB,0,0.51,42.1
8/4/2025 4:00,avenue41_to_harrisln,NB,0,0.5,43.2
8/4/2025 5:00,avenue41_to_harrisln,NB,0,0.5,43.3
8/4/2025 6:00,avenue41_to_harrisln,NB,0.01,0.49,44.2
8/4/2025 7:00,avenue41_to_harrisln,NB,0.03,0.55,39.3
8/4/2025 8:00,avenue41_to_harrisln,NB,0.01,0.54,39.9
8/4/2025 9:00,avenue41_to_harrisln,NB,0.04,0.56,39.2
8/4/2025 10:00,avenue41_to_harrisln,NB,0.04,0.59,36.8
8/4/2025 11:00,avenue41_to_harrisln,NB,0.04,0.58,37.2
8/4/2025 12:00,avenue41_to_harrisln,NB,0.04,0.59,36.2
8/4/2025 13:00,avenue41_to_harrisln,NB,0.09,0.64,33.5
8/4/2025 14:00,avenue41_to_harrisln,NB,0.06,0.6,35.7
8/4/2025 15:00,avenue41_to_harrisln,NB,0.05,0.6,36.1
8/4/2025 16:00,avenue41_to_harrisln,NB,0.05,0.57,37.5
8/4/2025 17:00,avenue41_to_harrisln,NB,0.08,0.62,35.2
8/4/2025 18:00,avenue41_to_harrisln,NB,0.1,0.63,34.5
8/4/2025 19:00,avenue41_to_harrisln,NB,0.04,0.57,38.2
8/4/2025 20:00,avenue41_to_harrisln,NB,0,0.53,40.6
8/4/2025 21:00,avenue41_to_harrisln,NB,0.05,0.56,38.7
8/4/2025 22:00,avenue41_to_harrisln,NB,0.02,0.52,41.9
8/4/2025 23:00,avenue41_to_harrisln,NB,0,0.49,44.2
8/5/2025 0:00,avenue41_to_harrisln,NB,0,0.51,42.3
8/5/2025 1:00,avenue41_to_harrisln,NB,0,0.47,45.2
8/5/2025 2:00,avenue41_to_harrisln,NB,0,0.49,44
8/5/2025 3:00,avenue41_to_harrisln,NB,0,0.49,44.1
8/5/2025 4:00,avenue41_to_harrisln,NB,0,0.47,46.1
8/5/2025 5:00,avenue41_to_harrisln,NB,0,0.48,44.7
8/5/2025 6:00,avenue41_to_harrisln,NB,0.02,0.51,42.6
8/5/2025 7:00,avenue41_to_harrisln,NB,0.06,0.58,37.4
8/5/2025 8:00,avenue41_to_harrisln,NB,0.03,0.57,37.8
8/5/2025 9:00,avenue41_to_harrisln,NB,0.05,0.59,37.1
8/5/2025 10:00,avenue41_to_harrisln,NB,0.04,0.58,37.2
8/5/2025 11:00,avenue41_to_harrisln,NB,0.04,0.59,36.4
8/5/2025 12:00,avenue41_to_harrisln,NB,0.02,0.57,37.8
8/5/2025 13:00,avenue41_to_harrisln,NB,0.05,0.59,36.6
8/5/2025 14:00,avenue41_to_harrisln,NB,0.1,0.65,33.6
8/5/2025 15:00,avenue41_to_harrisln,NB,0.06,0.62,34.5
8/5/2025 16:00,avenue41_to_harrisln,NB,0.06,0.6,35.8
8/5/2025 17:00,avenue41_to_harrisln,NB,0.08,0.62,35
8/5/2025 18:00,avenue41_to_harrisln,NB,0.03,0.56,38.6
8/5/2025 19:00,avenue41_to_harrisln,NB,0.12,0.66,33.8
8/5/2025 20:00,avenue41_to_harrisln,NB,0.04,0.56,38.7
8/5/2025 21:00,avenue41_to_harrisln,NB,0.03,0.54,40.4
8/5/2025 22:00,avenue41_to_harrisln,NB,0.03,0.56,38.7
8/5/2025 23:00,avenue41_to_harrisln,NB,0,0.55,39.2
8/6/2025 0:00,avenue41_to_harrisln,NB,0.04,0.62,34.8
8/6/2025 1:00,avenue41_to_harrisln,NB,0,0.51,42.2
8/6/2025 2:00,avenue41_to_harrisln,NB,0,0.45,47.3
8/6/2025 3:00,avenue41_to_harrisln,NB,0,0.49,43.6
8/6/2025 4:00,avenue41_to_harrisln,NB,0,0.45,47.4
8/6/2025 5:00,avenue41_to_harrisln,NB,0.02,0.49,44
8/6/2025 6:00,avenue41_to_harrisln,NB,0.01,0.48,44.7
8/6/2025 7:00,avenue41_to_harrisln,NB,0.04,0.57,37.8
8/6/2025 8:00,avenue41_to_harrisln,NB,0.02,0.55,39
8/6/2025 9:00,avenue41_to_harrisln,NB,0.03,0.58,37
8/6/2025 10:00,avenue41_to_harrisln,NB,0.02,0.57,37.9
8/6/2025 11:00,avenue41_to_harrisln,NB,0.03,0.58,37
8/6/2025 12:00,avenue41_to_harrisln,NB,0.04,0.61,35.5
8/6/2025 13:00,avenue41_to_harrisln,NB,0.06,0.61,35.3
8/6/2025 14:00,avenue41_to_harrisln,NB,0.09,0.63,34.7
8/6/2025 15:00,avenue41_to_harrisln,NB,0.04,0.58,37.2
8/6/2025 16:00,avenue41_to_harrisln,NB,0.06,0.6,35.8
8/6/2025 17:00,avenue41_to_harrisln,NB,0.06,0.61,35.2
8/6/2025 18:00,avenue41_to_harrisln,NB,0.05,0.58,37.5
8/6/2025 19:00,avenue41_to_harrisln,NB,0.01,0.52,41.2
8/6/2025 20:00,avenue41_to_harrisln,NB,0.03,0.57,38.2
8/6/2025 21:00,avenue41_to_harrisln,NB,0.01,0.54,39.8
8/6/2025 22:00,avenue41_to_harrisln,NB,0.05,0.58,37.8
8/6/2025 23:00,avenue41_to_harrisln,NB,0.05,0.59,37
8/7/2025 0:00,avenue41_to_harrisln,NB,0.01,0.55,38.9
8/7/2025 1:00,avenue41_to_harrisln,NB,0,0.55,39.7
8/7/2025 2:00,avenue41_to_harrisln,NB,0,0.5,42.7
8/7/2025 3:00,avenue41_to_harrisln,NB,0,0.47,45.2
8/7/2025 4:00,avenue41_to_harrisln,NB,0,0.47,45.7
8/7/2025 5:00,avenue41_to_harrisln,NB,0,0.5,42.6
8/7/2025 6:00,avenue41_to_harrisln,NB,0.05,0.56,39
8/7/2025 7:00,avenue41_to_harrisln,NB,0.03,0.57,37.6
8/7/2025 8:00,avenue41_to_harrisln,NB,0.08,0.61,35.3
8/7/2025 9:00,avenue41_to_harrisln,NB,0.01,0.55,39.2
8/7/2025 10:00,avenue41_to_harrisln,NB,0.03,0.58,37.3
8/7/2025 11:00,avenue41_to_harrisln,NB,0.03,0.58,37
8/7/2025 12:00,avenue41_to_harrisln,NB,0.06,0.62,34.8
8/7/2025 13:00,avenue41_to_harrisln,NB,0.04,0.6,35.9
8/7/2025 14:00,avenue41_to_harrisln,NB,0.04,0.61,35.4
8/7/2025 15:00,avenue41_to_harrisln,NB,0.08,0.62,35.4
8/7/2025 16:00,avenue41_to_harrisln,NB,0.05,0.6,36.4
8/7/2025 17:00,avenue41_to_harrisln,NB,0.04,0.58,37.5
8/7/2025 18:00,avenue41_to_harrisln,NB,0.04,0.57,37.6
8/7/2025 19:00,avenue41_to_harrisln,NB,0.01,0.55,39.1
8/7/2025 20:00,avenue41_to_harrisln,NB,0.03,0.57,37.6
8/7/2025 21:00,avenue41_to_harrisln,NB,0.02,0.56,38.8
8/7/2025 22:00,avenue41_to_harrisln,NB,0.03,0.55,39.4
8/7/2025 23:00,avenue41_to_harrisln,NB,0,0.48,45.4
8/8/2025 0:00,avenue41_to_harrisln,NB,0.01,0.49,44
8/8/2025 1:00,avenue41_to_harrisln,NB,0,0.51,41.9
8/8/2025 2:00,avenue41_to_harrisln,NB,0,0.51,41.9
8/8/2025 3:00,avenue41_to_harrisln,NB,0,0.48,44.6
8/8/2025 4:00,avenue41_to_harrisln,NB,0,0.49,43.9
8/8/2025 5:00,avenue41_to_harrisln,NB,0.01,0.51,42.2
8/8/2025 6:00,avenue41_to_harrisln,NB,0.02,0.5,43
8/8/2025 7:00,avenue41_to_harrisln,NB,0.03,0.54,40.4
8/8/2025 8:00,avenue41_to_harrisln,NB,0.03,0.57,37.8
8/8/2025 9:00,avenue41_to_harrisln,NB,0.03,0.58,36.9
8/8/2025 10:00,avenue41_to_harrisln,NB,0.04,0.6,35.9
8/8/2025 11:00,avenue41_to_harrisln,NB,0.04,0.61,35.4
8/8/2025 12:00,avenue41_to_harrisln,NB,0.05,0.6,36.2
8/8/2025 13:00,avenue41_to_harrisln,NB,0.03,0.59,37
8/8/2025 14:00,avenue41_to_harrisln,NB,0.04,0.61,35
8/8/2025 15:00,avenue41_to_harrisln,NB,0.04,0.59,36.5
8/8/2025 16:00,avenue41_to_harrisln,NB,0.09,0.62,34.9
8/8/2025 17:00,avenue41_to_harrisln,NB,0.03,0.57,37.9
8/8/2025 18:00,avenue41_to_harrisln,NB,0.02,0.56,38.7
8/8/2025 19:00,avenue41_to_harrisln,NB,0.09,0.64,34.6
8/8/2025 20:00,avenue41_to_harrisln,NB,0.05,0.6,35.8
8/8/2025 21:00,avenue41_to_harrisln,NB,0.05,0.59,37
8/8/2025 22:00,avenue41_to_harrisln,NB,0.02,0.56,38.9
8/8/2025 23:00,avenue41_to_harrisln,NB,0,0.53,40.5
8/9/2025 0:00,avenue41_to_harrisln,NB,0.02,0.53,40.6
8/9/2025 1:00,avenue41_to_harrisln,NB,0,0.48,45.2
8/9/2025 2:00,avenue41_to_harrisln,NB,0,0.53,40.2
8/9/2025 3:00,avenue41_to_harrisln,NB,0,0.46,46.8
8/9/2025 4:00,avenue41_to_harrisln,NB,0.01,0.57,38.3
8/9/2025 5:00,avenue41_to_harrisln,NB,0.03,0.51,42.7
8/9/2025 6:00,avenue41_to_harrisln,NB,0.04,0.54,40.6
8/9/2025 7:00,avenue41_to_harrisln,NB,0.04,0.54,40.5
8/9/2025 8:00,avenue41_to_harrisln,NB,0.05,0.56,39.3
8/9/2025 9:00,avenue41_to_harrisln,NB,0.03,0.54,39.5
8/9/2025 10:00,avenue41_to_harrisln,NB,0.04,0.57,38
8/9/2025 11:00,avenue41_to_harrisln,NB,0.03,0.58,37.2
8/9/2025 12:00,avenue41_to_harrisln,NB,0.02,0.58,37.3
8/9/2025 13:00,avenue41_to_harrisln,NB,0.02,0.55,39.2
8/9/2025 14:00,avenue41_to_harrisln,NB,0.01,0.54,39.6
8/9/2025 15:00,avenue41_to_harrisln,NB,0.01,0.55,39.4
8/9/2025 16:00,avenue41_to_harrisln,NB,0.02,0.54,39.9
8/9/2025 17:00,avenue41_to_harrisln,NB,0.02,0.55,39.4
8/9/2025 18:00,avenue41_to_harrisln,NB,0.02,0.56,38.5
8/9/2025 19:00,avenue41_to_harrisln,NB,0.03,0.55,39.1
8/9/2025 20:00,avenue41_to_harrisln,NB,0.01,0.57,37.6
8/9/2025 21:00,avenue41_to_harrisln,NB,0.02,0.54,39.6
8/9/2025 22:00,avenue41_to_harrisln,NB,0.02,0.53,40.7
8/9/2025 23:00,avenue41_to_harrisln,NB,0.02,0.54,40.2
8/10/2025 0:00,avenue41_to_harrisln,NB,0.02,0.5,42.8
8/10/2025 1:00,avenue41_to_harrisln,NB,0,0.48,45
8/10/2025 2:00,avenue41_to_harrisln,NB,0,0.49,43.9
8/10/2025 3:00,avenue41_to_harrisln,NB,0.01,0.57,38.3
8/10/2025 4:00,avenue41_to_harrisln,NB,0,0.46,46.4
8/10/2025 5:00,avenue41_to_harrisln,NB,0,0.49,44.1
8/10/2025 6:00,avenue41_to_harrisln,NB,0,0.53,40.4
8/10/2025 7:00,avenue41_to_harrisln,NB,0,0.48,44.5
8/10/2025 8:00,avenue41_to_harrisln,NB,0,0.51,42
8/10/2025 9:00,avenue41_to_harrisln,NB,0.05,0.57,38.5
8/10/2025 10:00,avenue41_to_harrisln,NB,0.01,0.54,39.9
8/10/2025 11:00,avenue41_to_harrisln,NB,0.01,0.55,38.8
8/10/2025 12:00,avenue41_to_harrisln,NB,0.03,0.58,37.7
8/10/2025 13:00,avenue41_to_harrisln,NB,0.02,0.56,38.6
8/10/2025 14:00,avenue41_to_harrisln,NB,0.1,0.62,37.2
8/10/2025 15:00,avenue41_to_harrisln,NB,0.03,0.53,40.8
8/10/2025 16:00,avenue41_to_harrisln,NB,0.03,0.53,40.8
8/10/2025 17:00,avenue41_to_harrisln,NB,0,0.51,42.5
8/10/2025 18:00,avenue41_to_harrisln,NB,0.04,0.55,39.7
8/10/2025 19:00,avenue41_to_harrisln,NB,0.04,0.56,38.8
8/10/2025 20:00,avenue41_to_harrisln,NB,0.02,0.54,40.3
8/10/2025 21:00,avenue41_to_harrisln,NB,0.06,0.6,36
8/10/2025 22:00,avenue41_to_harrisln,NB,0.01,0.54,40.3
8/10/2025 23:00,avenue41_to_harrisln,NB,0,0.49,43.6
8/11/2025 0:00,avenue41_to_harrisln,NB,0.01,0.53,40.9
8/11/2025 1:00,avenue41_to_harrisln,NB,0,0.52,41.8
8/11/2025 2:00,avenue41_to_harrisln,NB,0,0.49,44
8/11/2025 3:00,avenue41_to_harrisln,NB,0,0.45,47.2
8/11/2025 4:00,avenue41_to_harrisln,NB,0,0.52,41.1
8/11/2025 5:00,avenue41_to_harrisln,NB,0,0.5,43.3
8/11/2025 6:00,avenue41_to_harrisln,NB,0.01,0.52,41.5
8/11/2025 7:00,avenue41_to_harrisln,NB,0.04,0.58,37.3
8/11/2025 8:00,avenue41_to_harrisln,NB,0.02,0.54,40.1
8/11/2025 9:00,avenue41_to_harrisln,NB,0.02,0.57,37.8
8/11/2025 10:00,avenue41_to_harrisln,NB,0.03,0.58,36.9
8/11/2025 11:00,avenue41_to_harrisln,NB,0.05,0.61,35.4
8/11/2025 12:00,avenue41_to_harrisln,NB,0.03,0.58,37.1
8/11/2025 13:00,avenue41_to_harrisln,NB,0.04,0.6,35.8
8/11/2025 14:00,avenue41_to_harrisln,NB,0.06,0.61,35.5
8/11/2025 15:00,avenue41_to_harrisln,NB,0.05,0.6,36.5
8/11/2025 16:00,avenue41_to_harrisln,NB,0.03,0.57,37.8
8/11/2025 17:00,avenue41_to_harrisln,NB,0.02,0.55,39.3
8/11/2025 18:00,avenue41_to_harrisln,NB,0.02,0.56,38.8
8/11/2025 19:00,avenue41_to_harrisln,NB,0.03,0.56,38.8
8/11/2025 20:00,avenue41_to_harrisln,NB,0.03,0.57,37.4
8/11/2025 21:00,avenue41_to_harrisln,NB,0.03,0.57,37.9
8/11/2025 22:00,avenue41_to_harrisln,NB,0.03,0.53,40.6
8/11/2025 23:00,avenue41_to_harrisln,NB,0.02,0.55,39.6
8/12/2025 0:00,avenue41_to_harrisln,NB,0,0.52,41.9
8/12/2025 1:00,avenue41_to_harrisln,NB,0,0.49,43.4
8/12/2025 2:00,avenue41_to_harrisln,NB,0,0.5,43.1
8/12/2025 3:00,avenue41_to_harrisln,NB,0,0.44,48.5
8/12/2025 4:00,avenue41_to_harrisln,NB,0.01,0.5,43.2
8/12/2025 5:00,avenue41_to_harrisln,NB,0,0.49,44.2
8/12/2025 6:00,avenue41_to_harrisln,NB,0.01,0.53,40.4
8/12/2025 7:00,avenue41_to_harrisln,NB,0.02,0.52,41.3
8/12/2025 8:00,avenue41_to_harrisln,NB,0.02,0.57,37.8
8/12/2025 9:00,avenue41_to_harrisln,NB,0.01,0.55,39.3
8/12/2025 10:00,avenue41_to_harrisln,NB,0.04,0.57,37.8
8/12/2025 11:00,avenue41_to_harrisln,NB,0.02,0.58,37.1
8/12/2025 12:00,avenue41_to_harrisln,NB,0.02,0.58,37
8/12/2025 13:00,avenue41_to_harrisln,NB,0.05,0.59,36.9
8/12/2025 14:00,avenue41_to_harrisln,NB,0.06,0.62,35.2
8/12/2025 15:00,avenue41_to_harrisln,NB,0.05,0.6,35.8
8/12/2025 16:00,avenue41_to_harrisln,NB,0.08,0.63,34.3
8/12/2025 17:00,avenue41_to_harrisln,NB,0.07,0.6,36.1
8/12/2025 18:00,avenue41_to_harrisln,NB,0.02,0.55,39.6
8/12/2025 19:00,avenue41_to_harrisln,NB,0.02,0.55,38.8
8/12/2025 20:00,avenue41_to_harrisln,NB,0.04,0.57,38.4
8/12/2025 21:00,avenue41_to_harrisln,NB,0.01,0.56,38.7
8/12/2025 22:00,avenue41_to_harrisln,NB,0.01,0.52,41.3
8/12/2025 23:00,avenue41_to_harrisln,NB,0,0.51,42.2
8/13/2025 0:00,avenue41_to_harrisln,NB,0,0.51,42.4
8/13/2025 1:00,avenue41_to_harrisln,NB,0,0.52,41.6
8/13/2025 2:00,avenue41_to_harrisln,NB,0,0.47,45.6
8/13/2025 3:00,avenue41_to_harrisln,NB,0,0.5,43.1
8/13/2025 4:00,avenue41_to_harrisln,NB,0,0.45,47.4
8/13/2025 5:00,avenue41_to_harrisln,NB,0,0.5,42.7
8/13/2025 6:00,avenue41_to_harrisln,NB,0.02,0.54,39.9
8/13/2025 7:00,avenue41_to_harrisln,NB,0.06,0.59,37
8/13/2025 8:00,avenue41_to_harrisln,NB,0.02,0.54,39.7
8/13/2025 9:00,avenue41_to_harrisln,NB,0.06,0.6,36.3
8/13/2025 10:00,avenue41_to_harrisln,NB,0.04,0.58,37.1
8/13/2025 11:00,avenue41_to_harrisln,NB,0.03,0.58,37.1
8/13/2025 12:00,avenue41_to_harrisln,NB,0.05,0.6,35.9
8/13/2025 13:00,avenue41_to_harrisln,NB,0.04,0.59,36.6
8/13/2025 14:00,avenue41_to_harrisln,NB,0.05,0.6,35.8
8/13/2025 15:00,avenue41_to_harrisln,NB,0.03,0.57,37.7
8/13/2025 16:00,avenue41_to_harrisln,NB,0.04,0.58,37.5
8/13/2025 17:00,avenue41_to_harrisln,NB,0.04,0.59,36.6
8/13/2025 18:00,avenue41_to_harrisln,NB,0.02,0.54,40.1
8/13/2025 19:00,avenue41_to_harrisln,NB,0.05,0.57,38.8
8/13/2025 20:00,avenue41_to_harrisln,NB,0.02,0.58,36.9
8/13/2025 21:00,avenue41_to_harrisln,NB,0.05,0.59,36.5
8/13/2025 22:00,avenue41_to_harrisln,NB,0.03,0.53,40.8
8/13/2025 23:00,avenue41_to_harrisln,NB,0.01,0.53,40.6
8/14/2025 0:00,avenue41_to_harrisln,NB,0.02,0.53,40.7
8/14/2025 1:00,avenue41_to_harrisln,NB,0.02,0.51,42
8/14/2025 2:00,avenue41_to_harrisln,NB,0,0.49,44.3
8/14/2025 3:00,avenue41_to_harrisln,NB,0.01,0.52,42
8/14/2025 4:00,avenue41_to_harrisln,NB,0,0.51,42
8/14/2025 5:00,avenue41_to_harrisln,NB,0,0.51,42.1
8/14/2025 6:00,avenue41_to_harrisln,NB,0.02,0.53,41
8/14/2025 7:00,avenue41_to_harrisln,NB,0.02,0.55,39.2
8/14/2025 8:00,avenue41_to_harrisln,NB,0.03,0.57,37.9
8/14/2025 9:00,avenue41_to_harrisln,NB,0.02,0.55,39
8/14/2025 10:00,avenue41_to_harrisln,NB,0.02,0.58,36.8
8/14/2025 11:00,avenue41_to_harrisln,NB,0.07,0.63,34.5
8/14/2025 12:00,avenue41_to_harrisln,NB,0.02,0.59,36.4
8/14/2025 13:00,avenue41_to_harrisln,NB,0.02,0.58,37
8/14/2025 14:00,avenue41_to_harrisln,NB,0.04,0.59,36.4
8/14/2025 15:00,avenue41_to_harrisln,NB,0.06,0.6,36.5
8/14/2025 16:00,avenue41_to_harrisln,NB,0.06,0.6,36.3
8/14/2025 17:00,avenue41_to_harrisln,NB,0.03,0.57,37.9
8/14/2025 18:00,avenue41_to_harrisln,NB,0.03,0.55,39
8/14/2025 19:00,avenue41_to_harrisln,NB,0.07,0.6,36.7
8/14/2025 20:00,avenue41_to_harrisln,NB,0.05,0.58,37.4
8/14/2025 21:00,avenue41_to_harrisln,NB,0.04,0.55,39.5
8/14/2025 22:00,avenue41_to_harrisln,NB,0.13,0.64,35.8
8/14/2025 23:00,avenue41_to_harrisln,NB,0.07,0.61,35.8
8/15/2025 0:00,avenue41_to_harrisln,NB,0,0.48,44.8
8/15/2025 1:00,avenue41_to_harrisln,NB,0,0.48,44.3
8/15/2025 2:00,avenue41_to_harrisln,NB,0,0.48,44.9
8/15/2025 3:00,avenue41_to_harrisln,NB,0,0.46,46.3
8/15/2025 4:00,avenue41_to_harrisln,NB,0,0.46,46.7
8/15/2025 5:00,avenue41_to_harrisln,NB,0,0.48,44.7
8/15/2025 6:00,avenue41_to_harrisln,NB,0.03,0.55,39.1
8/15/2025 7:00,avenue41_to_harrisln,NB,0.04,0.58,37.4
8/15/2025 8:00,avenue41_to_harrisln,NB,0.03,0.54,39.7
8/15/2025 9:00,avenue41_to_harrisln,NB,0.05,0.61,35.8
8/15/2025 10:00,avenue41_to_harrisln,NB,0.03,0.57,37.7
8/15/2025 11:00,avenue41_to_harrisln,NB,0.07,0.62,35
8/15/2025 12:00,avenue41_to_harrisln,NB,0.05,0.6,36.2
8/15/2025 13:00,avenue41_to_harrisln,NB,0.04,0.57,37.7
8/15/2025 14:00,avenue41_to_harrisln,NB,0.04,0.59,36.6
8/15/2025 15:00,avenue41_to_harrisln,NB,0.03,0.59,36.3
8/15/2025 16:00,avenue41_to_harrisln,NB,0.05,0.59,36.3
8/15/2025 17:00,avenue41_to_harrisln,NB,0.03,0.57,37.8
8/15/2025 18:00,avenue41_to_harrisln,NB,0.06,0.61,35.8
8/15/2025 19:00,avenue41_to_harrisln,NB,0.03,0.56,38.5
8/15/2025 20:00,avenue41_to_harrisln,NB,0.01,0.54,40
8/15/2025 21:00,avenue41_to_harrisln,NB,0.09,0.65,34.3
8/15/2025 22:00,avenue41_to_harrisln,NB,0.02,0.54,39.9
8/15/2025 23:00,avenue41_to_harrisln,NB,0.01,0.53,40.1
8/16/2025 0:00,avenue41_to_harrisln,NB,0,0.53,40.7
8/16/2025 1:00,avenue41_to_harrisln,NB,0,0.48,44.4
8/16/2025 2:00,avenue41_to_harrisln,NB,0,0.45,47.4
8/16/2025 3:00,avenue41_to_harrisln,NB,0,0.46,46.6
8/16/2025 4:00,avenue41_to_harrisln,NB,0,0.51,42.3
8/16/2025 5:00,avenue41_to_harrisln,NB,0.01,0.49,43.9
8/16/2025 6:00,avenue41_to_harrisln,NB,0,0.48,44.9
8/16/2025 7:00,avenue41_to_harrisln,NB,0,0.51,42.2
8/16/2025 8:00,avenue41_to_harrisln,NB,0.07,0.57,38.6
8/16/2025 9:00,avenue41_to_harrisln,NB,0.04,0.55,39.2
8/16/2025 10:00,avenue41_to_harrisln,NB,0.02,0.57,38.1
8/16/2025 11:00,avenue41_to_harrisln,NB,0.03,0.56,38.2
8/16/2025 12:00,avenue41_to_harrisln,NB,0.01,0.56,38.5
8/16/2025 13:00,avenue41_to_harrisln,NB,0.03,0.56,38.4
8/16/2025 14:00,avenue41_to_harrisln,NB,0.06,0.62,35
8/16/2025 15:00,avenue41_to_harrisln,NB,0.06,0.61,35.4
8/16/2025 16:00,avenue41_to_harrisln,NB,0.02,0.57,37.8
8/16/2025 17:00,avenue41_to_harrisln,NB,0.07,0.6,36.2
8/16/2025 18:00,avenue41_to_harrisln,NB,0.03,0.55,38.8
8/16/2025 19:00,avenue41_to_harrisln,NB,0.07,0.6,36.8
8/16/2025 20:00,avenue41_to_harrisln,NB,0.04,0.61,35.5
8/16/2025 21:00,avenue41_to_harrisln,NB,0.02,0.56,38.4
8/16/2025 22:00,avenue41_to_harrisln,NB,0.03,0.55,39.3
8/16/2025 23:00,avenue41_to_harrisln,NB,0,0.53,40.5
8/17/2025 0:00,avenue41_to_harrisln,NB,0,0.49,43.4
8/17/2025 1:00,avenue41_to_harrisln,NB,0,0.49,44
8/17/2025 2:00,avenue41_to_harrisln,NB,0,0.49,43.5
8/17/2025 3:00,avenue41_to_harrisln,NB,0.03,0.55,39.7
8/17/2025 4:00,avenue41_to_harrisln,NB,0,0.5,43.3
8/17/2025 5:00,avenue41_to_harrisln,NB,0.02,0.52,41.8
8/17/2025 6:00,avenue41_to_harrisln,NB,0,0.46,46.9
8/17/2025 7:00,avenue41_to_harrisln,NB,0.03,0.54,40
8/17/2025 8:00,avenue41_to_harrisln,NB,0,0.49,44.1
8/17/2025 9:00,avenue41_to_harrisln,NB,0.04,0.56,38.4
8/17/2025 10:00,avenue41_to_harrisln,NB,0.01,0.55,39.3
8/17/2025 11:00,avenue41_to_harrisln,NB,0.01,0.52,41.3
8/17/2025 12:00,avenue41_to_harrisln,NB,0.02,0.55,39.3
8/17/2025 13:00,avenue41_to_harrisln,NB,0,0.53,40.6
8/17/2025 14:00,avenue41_to_harrisln,NB,0.02,0.53,40.5
8/17/2025 15:00,avenue41_to_harrisln,NB,0.01,0.53,40.4
8/17/2025 16:00,avenue41_to_harrisln,NB,0.04,0.56,38.4
8/17/2025 17:00,avenue41_to_harrisln,NB,0.02,0.54,39.5
8/17/2025 18:00,avenue41_to_harrisln,NB,0.04,0.56,38.8
8/17/2025 19:00,avenue41_to_harrisln,NB,0.02,0.55,39
8/17/2025 20:00,avenue41_to_harrisln,NB,0.05,0.57,38.4
8/17/2025 21:00,avenue41_to_harrisln,NB,0,0.54,39.8
8/17/2025 22:00,avenue41_to_harrisln,NB,0.01,0.56,38.6
8/17/2025 23:00,avenue41_to_harrisln,NB,0.01,0.53,40.8
8/18/2025 0:00,avenue41_to_harrisln,NB,0,0.45,47.7
8/18/2025 1:00,avenue41_to_harrisln,NB,0,0.47,45.4
8/18/2025 2:00,avenue41_to_harrisln,NB,0,0.47,45.1
8/18/2025 3:00,avenue41_to_harrisln,NB,0,0.47,46
8/18/2025 4:00,avenue41_to_harrisln,NB,0,0.47,45.9
8/18/2025 5:00,avenue41_to_harrisln,NB,0,0.48,44.3
8/18/2025 6:00,avenue41_to_harrisln,NB,0,0.49,43.6
8/18/2025 7:00,avenue41_to_harrisln,NB,0.02,0.53,40.4
8/18/2025 8:00,avenue41_to_harrisln,NB,0.02,0.57,37.5
8/18/2025 9:00,avenue41_to_harrisln,NB,0.02,0.57,37.9
8/18/2025 10:00,avenue41_to_harrisln,NB,0.01,0.56,38.5
8/18/2025 11:00,avenue41_to_harrisln,NB,0.05,0.61,35.7
8/18/2025 12:00,avenue41_to_harrisln,NB,0.04,0.59,36.2
8/18/2025 13:00,avenue41_to_harrisln,NB,0.02,0.59,36.8
8/18/2025 14:00,avenue41_to_harrisln,NB,0.04,0.6,35.8
8/18/2025 15:00,avenue41_to_harrisln,NB,0.05,0.59,36.8
8/18/2025 16:00,avenue41_to_harrisln,NB,0.06,0.6,35.8
8/18/2025 17:00,avenue41_to_harrisln,NB,0.04,0.58,37.3
8/18/2025 18:00,avenue41_to_harrisln,NB,0.01,0.53,40.3
8/18/2025 19:00,avenue41_to_harrisln,NB,0.08,0.6,36.6
8/18/2025 20:00,avenue41_to_harrisln,NB,0,0.54,40.1
8/18/2025 21:00,avenue41_to_harrisln,NB,0.02,0.54,39.8
8/18/2025 22:00,avenue41_to_harrisln,NB,0.03,0.53,41.7
8/18/2025 23:00,avenue41_to_harrisln,NB,0.01,0.52,41.6
8/19/2025 0:00,avenue41_to_harrisln,NB,0,0.54,39.5
8/19/2025 1:00,avenue41_to_harrisln,NB,0,0.45,48.1
8/19/2025 2:00,avenue41_to_harrisln,NB,0,0.5,43.3
8/19/2025 3:00,avenue41_to_harrisln,NB,0.05,0.53,42.2
8/19/2025 4:00,avenue41_to_harrisln,NB,0,0.46,46.6
8/19/2025 5:00,avenue41_to_harrisln,NB,0.03,0.54,40.8
8/19/2025 6:00,avenue41_to_harrisln,NB,0.02,0.54,40.4
8/19/2025 7:00,avenue41_to_harrisln,NB,0.05,0.59,36.6
8/19/2025 8:00,avenue41_to_harrisln,NB,0.01,0.55,38.7
8/19/2025 9:00,avenue41_to_harrisln,NB,0.03,0.6,36
8/19/2025 10:00,avenue41_to_harrisln,NB,0.04,0.64,33.9
8/19/2025 11:00,avenue41_to_harrisln,NB,0.09,0.68,31.4
8/19/2025 12:00,avenue41_to_harrisln,NB,0.08,0.64,34.3
8/19/2025 13:00,avenue41_to_harrisln,NB,0.03,0.59,36.5
8/19/2025 14:00,avenue41_to_harrisln,NB,0.06,0.62,34.9
8/19/2025 15:00,avenue41_to_harrisln,NB,0.07,0.63,34.5
8/19/2025 16:00,avenue41_to_harrisln,NB,0.08,0.64,34.1
8/19/2025 17:00,avenue41_to_harrisln,NB,0.05,0.61,35.5
8/19/2025 18:00,avenue41_to_harrisln,NB,0.02,0.54,40
8/19/2025 19:00,avenue41_to_harrisln,NB,0.03,0.58,37.5
8/19/2025 20:00,avenue41_to_harrisln,NB,0.03,0.56,39
8/19/2025 21:00,avenue41_to_harrisln,NB,0.02,0.53,40.9
8/19/2025 22:00,avenue41_to_harrisln,NB,0.06,0.57,38.9
8/19/2025 23:00,avenue41_to_harrisln,NB,0,0.52,41.6
8/20/2025 0:00,avenue41_to_harrisln,NB,0,0.55,39.5
8/20/2025 1:00,avenue41_to_harrisln,NB,0,0.46,46.6
8/20/2025 2:00,avenue41_to_harrisln,NB,0,0.49,44
8/20/2025 3:00,avenue41_to_harrisln,NB,0,0.49,43.5
8/20/2025 4:00,avenue41_to_harrisln,NB,0,0.46,46.6
8/20/2025 5:00,avenue41_to_harrisln,NB,0.01,0.52,42.1
8/20/2025 6:00,avenue41_to_harrisln,NB,0,0.49,43.5
8/20/2025 7:00,avenue41_to_harrisln,NB,0.03,0.56,38.2
8/20/2025 8:00,avenue41_to_harrisln,NB,0.03,0.57,37.5
8/20/2025 9:00,avenue41_to_harrisln,NB,0.03,0.58,37.3
8/20/2025 10:00,avenue41_to_harrisln,NB,0.02,0.58,37.1
8/20/2025 11:00,avenue41_to_harrisln,NB,0.09,0.66,33.3
8/20/2025 12:00,avenue41_to_harrisln,NB,0.03,0.57,37.8
8/20/2025 13:00,avenue41_to_harrisln,NB,0.04,0.62,34.9
8/20/2025 14:00,avenue41_to_harrisln,NB,0.07,0.62,35.2
8/20/2025 15:00,avenue41_to_harrisln,NB,0.05,0.6,35.7
8/20/2025 16:00,avenue41_to_harrisln,NB,0.02,0.56,38.4
8/20/2025 17:00,avenue41_to_harrisln,NB,0.03,0.55,39.2
8/20/2025 18:00,avenue41_to_harrisln,NB,0.04,0.57,38.3
8/20/2025 19:00,avenue41_to_harrisln,NB,0.12,0.66,34.1
8/20/2025 20:00,avenue41_to_harrisln,NB,0.03,0.58,37.2
8/20/2025 21:00,avenue41_to_harrisln,NB,0.05,0.59,37.2
8/20/2025 22:00,avenue41_to_harrisln,NB,0.02,0.52,41.2
8/20/2025 23:00,avenue41_to_harrisln,NB,0.02,0.52,41.2
8/21/2025 0:00,avenue41_to_harrisln,NB,0,0.5,43
8/21/2025 1:00,avenue41_to_harrisln,NB,0,0.49,43.3
8/21/2025 2:00,avenue41_to_harrisln,NB,0,0.53,40.7
8/21/2025 3:00,avenue41_to_harrisln,NB,0,0.51,42
8/21/2025 4:00,avenue41_to_harrisln,NB,0,0.45,47.9
8/21/2025 5:00,avenue41_to_harrisln,NB,0,0.5,42.8
8/21/2025 6:00,avenue41_to_harrisln,NB,0.01,0.52,41.2
8/21/2025 7:00,avenue41_to_harrisln,NB,0.06,0.59,36.5
8/21/2025 8:00,avenue41_to_harrisln,NB,0.07,0.61,35.6
8/21/2025 9:00,avenue41_to_harrisln,NB,0.03,0.56,38.6
8/21/2025 10:00,avenue41_to_harrisln,NB,0.07,0.62,35
8/21/2025 11:00,avenue41_to_harrisln,NB,0.04,0.63,34.5
8/21/2025 12:00,avenue41_to_harrisln,NB,0.03,0.59,36.8
8/21/2025 13:00,avenue41_to_harrisln,NB,0.03,0.6,35.8
8/21/2025 14:00,avenue41_to_harrisln,NB,0.08,0.65,33.4
8/21/2025 15:00,avenue41_to_harrisln,NB,0.07,0.64,33.9
8/21/2025 16:00,avenue41_to_harrisln,NB,0.05,0.59,36.9
8/21/2025 17:00,avenue41_to_harrisln,NB,0.03,0.57,37.9
8/21/2025 18:00,avenue41_to_harrisln,NB,0.04,0.57,37.8
8/21/2025 19:00,avenue41_to_harrisln,NB,0.03,0.55,39
8/21/2025 20:00,avenue41_to_harrisln,NB,0.04,0.58,37.4
8/21/2025 21:00,avenue41_to_harrisln,NB,0.03,0.54,40.3
8/21/2025 22:00,avenue41_to_harrisln,NB,0.1,0.6,36.3
8/21/2025 23:00,avenue41_to_harrisln,NB,0,0.51,42.4
8/22/2025 0:00,avenue41_to_harrisln,NB,0,0.47,45.6
8/22/2025 1:00,avenue41_to_harrisln,NB,0,0.48,44.6
8/22/2025 2:00,avenue41_to_harrisln,NB,0,0.51,42.2
8/22/2025 3:00,avenue41_to_harrisln,NB,0,0.47,45.8
8/22/2025 4:00,avenue41_to_harrisln,NB,0,0.48,44.8
8/22/2025 5:00,avenue41_to_harrisln,NB,0,0.52,41.5
8/22/2025 6:00,avenue41_to_harrisln,NB,0,0.48,44.5
8/22/2025 7:00,avenue41_to_harrisln,NB,0.02,0.57,37.7
8/22/2025 8:00,avenue41_to_harrisln,NB,0.03,0.59,36.2
8/22/2025 9:00,avenue41_to_harrisln,NB,0.03,0.57,38
8/22/2025 10:00,avenue41_to_harrisln,NB,0.04,0.58,37.3
8/22/2025 11:00,avenue41_to_harrisln,NB,0.06,0.62,35.9
8/22/2025 12:00,avenue41_to_harrisln,NB,0.05,0.63,34.2
8/22/2025 13:00,avenue41_to_harrisln,NB,0.08,0.65,33.4
8/22/2025 14:00,avenue41_to_harrisln,NB,0.08,0.63,34
8/22/2025 15:00,avenue41_to_harrisln,NB,0.08,0.64,33.8
8/22/2025 16:00,avenue41_to_harrisln,NB,0.04,0.59,36.4
8/22/2025 17:00,avenue41_to_harrisln,NB,0.05,0.58,37.8
8/22/2025 18:00,avenue41_to_harrisln,NB,0.04,0.59,36.8
8/22/2025 19:00,avenue41_to_harrisln,NB,0.03,0.57,38
8/22/2025 20:00,avenue41_to_harrisln,NB,0.03,0.56,38.6
8/22/2025 21:00,avenue41_to_harrisln,NB,0.03,0.55,39.4
8/22/2025 22:00,avenue41_to_harrisln,NB,0.01,0.52,41.3
8/22/2025 23:00,avenue41_to_harrisln,NB,0.05,0.56,39
8/23/2025 0:00,avenue41_to_harrisln,NB,0.02,0.54,39.5
8/23/2025 1:00,avenue41_to_harrisln,NB,0,0.49,43.5
8/23/2025 2:00,avenue41_to_harrisln,NB,0,0.51,41.9
8/23/2025 3:00,avenue41_to_harrisln,NB,0,0.48,44.3
8/23/2025 4:00,avenue41_to_harrisln,NB,0,0.55,39.5
8/23/2025 5:00,avenue41_to_harrisln,NB,0,0.46,47
8/23/2025 6:00,avenue41_to_harrisln,NB,0.06,0.54,40.5
8/23/2025 7:00,avenue41_to_harrisln,NB,0.01,0.52,41.6
8/23/2025 8:00,avenue41_to_harrisln,NB,0,0.51,42.3
8/23/2025 9:00,avenue41_to_harrisln,NB,0.04,0.57,37.7
8/23/2025 10:00,avenue41_to_harrisln,NB,0.01,0.57,37.4
8/23/2025 11:00,avenue41_to_harrisln,NB,0.02,0.57,37.6
8/23/2025 12:00,avenue41_to_harrisln,NB,0.02,0.54,39.8
8/23/2025 13:00,avenue41_to_harrisln,NB,0.02,0.58,37.2
8/23/2025 14:00,avenue41_to_harrisln,NB,0.01,0.55,39.1
8/23/2025 15:00,avenue41_to_harrisln,NB,0.02,0.56,38.7
8/23/2025 16:00,avenue41_to_harrisln,NB,0.02,0.56,38.4
8/23/2025 17:00,avenue41_to_harrisln,NB,0.06,0.59,36.9
8/23/2025 18:00,avenue41_to_harrisln,NB,0.03,0.57,37.8
8/23/2025 19:00,avenue41_to_harrisln,NB,0.02,0.57,37.9
8/23/2025 20:00,avenue41_to_harrisln,NB,0.04,0.56,38.5
8/23/2025 21:00,avenue41_to_harrisln,NB,0.02,0.57,37.9
8/23/2025 22:00,avenue41_to_harrisln,NB,0.05,0.57,38.4
8/23/2025 23:00,avenue41_to_harrisln,NB,0.01,0.52,41.6
8/24/2025 0:00,avenue41_to_harrisln,NB,0.03,0.54,40.5
8/24/2025 1:00,avenue41_to_harrisln,NB,0.02,0.52,41.7
8/24/2025 2:00,avenue41_to_harrisln,NB,0.02,0.5,43.1
8/24/2025 3:00,avenue41_to_harrisln,NB,0,0.51,41.9
8/24/2025 4:00,avenue41_to_harrisln,NB,0,0.49,43.9
8/24/2025 5:00,avenue41_to_harrisln,NB,0,0.47,45.5
8/24/2025 6:00,avenue41_to_harrisln,NB,0.02,0.52,41.2
8/24/2025 7:00,avenue41_to_harrisln,NB,0,0.5,42.9
8/24/2025 8:00,avenue41_to_harrisln,NB,0.02,0.52,41.3
8/24/2025 9:00,avenue41_to_harrisln,NB,0,0.5,42.6
8/24/2025 10:00,avenue41_to_harrisln,NB,0.02,0.57,38.4
8/24/2025 11:00,avenue41_to_harrisln,NB,0.02,0.57,37.4
8/24/2025 12:00,avenue41_to_harrisln,NB,0.03,0.55,38.9
8/24/2025 13:00,avenue41_to_harrisln,NB,0.01,0.53,40.4
8/24/2025 14:00,avenue41_to_harrisln,NB,0.05,0.59,36.9
8/24/2025 15:00,avenue41_to_harrisln,NB,0.02,0.55,39.1
8/24/2025 16:00,avenue41_to_harrisln,NB,0.02,0.53,40.7
8/24/2025 17:00,avenue41_to_harrisln,NB,0.02,0.53,40.4
8/24/2025 18:00,avenue41_to_harrisln,NB,0.03,0.55,39.1
8/24/2025 19:00,avenue41_to_harrisln,NB,0.01,0.54,40.2
8/24/2025 20:00,avenue41_to_harrisln,NB,0.01,0.53,40.9
8/24/2025 21:00,avenue41_to_harrisln,NB,0.01,0.53,40.8
8/24/2025 22:00,avenue41_to_harrisln,NB,0,0.51,41.8
8/24/2025 23:00,avenue41_to_harrisln,NB,0.12,0.63,36.6
8/25/2025 0:00,avenue41_to_harrisln,NB,0,0.51,41.8
8/25/2025 1:00,avenue41_to_harrisln,NB,0,0.49,43.7
8/25/2025 2:00,avenue41_to_harrisln,NB,0,0.46,46.6
8/25/2025 3:00,avenue41_to_harrisln,NB,0,0.44,48.6
8/25/2025 4:00,avenue41_to_harrisln,NB,0,0.45,47.1
8/25/2025 5:00,avenue41_to_harrisln,NB,0.01,0.53,40.8
8/25/2025 6:00,avenue41_to_harrisln,NB,0.01,0.49,43.7
8/25/2025 7:00,avenue41_to_harrisln,NB,0.02,0.57,38.1
8/25/2025 8:00,avenue41_to_harrisln,NB,0.05,0.6,35.8
8/25/2025 9:00,avenue41_to_harrisln,NB,0.11,0.66,34
8/25/2025 10:00,avenue41_to_harrisln,NB,0.02,0.55,39.1
8/25/2025 11:00,avenue41_to_harrisln,NB,0.01,0.57,38
8/25/2025 12:00,avenue41_to_harrisln,NB,0.03,0.58,36.9
8/25/2025 13:00,avenue41_to_harrisln,NB,0.04,0.59,36.8
8/25/2025 14:00,avenue41_to_harrisln,NB,0.06,0.62,34.8
8/25/2025 15:00,avenue41_to_harrisln,NB,0.1,0.67,32.5
8/25/2025 16:00,avenue41_to_harrisln,NB,0.1,0.67,32.7
8/25/2025 17:00,avenue41_to_harrisln,NB,0.06,0.6,36.2
8/25/2025 18:00,avenue41_to_harrisln,NB,0.06,0.58,37.5
8/25/2025 19:00,avenue41_to_harrisln,NB,0.08,0.6,36.3
8/25/2025 20:00,avenue41_to_harrisln,NB,0.02,0.54,40
8/25/2025 21:00,avenue41_to_harrisln,NB,0.01,0.51,41.7
8/25/2025 22:00,avenue41_to_harrisln,NB,0,0.49,43.7
8/25/2025 23:00,avenue41_to_harrisln,NB,0,0.47,46
8/26/2025 0:00,avenue41_to_harrisln,NB,0,0.49,44.2
8/26/2025 1:00,avenue41_to_harrisln,NB,0,0.52,41.2
8/26/2025 2:00,avenue41_to_harrisln,NB,0,0.49,44.1
8/26/2025 3:00,avenue41_to_harrisln,NB,0.03,0.53,41.1
8/26/2025 4:00,avenue41_to_harrisln,NB,0,0.49,43.4
8/26/2025 5:00,avenue41_to_harrisln,NB,0,0.51,42.2
8/26/2025 6:00,avenue41_to_harrisln,NB,0.02,0.49,44
8/26/2025 7:00,avenue41_to_harrisln,NB,0.04,0.57,37.6
8/26/2025 8:00,avenue41_to_harrisln,NB,0.04,0.58,37.3
8/26/2025 9:00,avenue41_to_harrisln,NB,0.02,0.55,39
8/26/2025 10:00,avenue41_to_harrisln,NB,0.07,0.63,34.8
8/26/2025 11:00,avenue41_to_harrisln,NB,0.04,0.59,36.4
8/26/2025 12:00,avenue41_to_harrisln,NB,0.02,0.58,37.1
8/26/2025 13:00,avenue41_to_harrisln,NB,0.03,0.57,37.8
8/26/2025 14:00,avenue41_to_harrisln,NB,0.08,0.64,34.1
8/26/2025 15:00,avenue41_to_harrisln,NB,0.28,0.84,29.2
8/26/2025 16:00,avenue41_to_harrisln,NB,0.09,0.64,34.3
8/26/2025 17:00,avenue41_to_harrisln,NB,0.05,0.58,37
8/26/2025 18:00,avenue41_to_harrisln,NB,0.02,0.54,39.8
8/26/2025 19:00,avenue41_to_harrisln,NB,0.03,0.55,39.3
8/26/2025 20:00,avenue41_to_harrisln,NB,0.07,0.61,35.5
8/26/2025 21:00,avenue41_to_harrisln,NB,0.06,0.58,38.2
8/26/2025 22:00,avenue41_to_harrisln,NB,0.01,0.55,39.5
8/26/2025 23:00,avenue41_to_harrisln,NB,0.04,0.53,41.1
8/27/2025 0:00,avenue41_to_harrisln,NB,0.1,0.57,40.4
8/27/2025 1:00,avenue41_to_harrisln,NB,0,0.48,44.9
8/27/2025 2:00,avenue41_to_harrisln,NB,0,0.42,51
8/27/2025 3:00,avenue41_to_harrisln,NB,0,0.49,43.7
8/27/2025 4:00,avenue41_to_harrisln,NB,0,0.49,43.9
8/27/2025 5:00,avenue41_to_harrisln,NB,0,0.49,43.4
8/27/2025 6:00,avenue41_to_harrisln,NB,0.01,0.52,41.2
8/27/2025 7:00,avenue41_to_harrisln,NB,0.04,0.56,38.5
8/27/2025 8:00,avenue41_to_harrisln,NB,0.07,0.6,36
8/27/2025 9:00,avenue41_to_harrisln,NB,0.04,0.57,37.9
8/27/2025 10:00,avenue41_to_harrisln,NB,0.03,0.56,38.5
8/27/2025 11:00,avenue41_to_harrisln,NB,0.03,0.59,36.6
8/27/2025 12:00,avenue41_to_harrisln,NB,0.06,0.6,35.8
8/27/2025 13:00,avenue41_to_harrisln,NB,0.06,0.58,37.1
8/27/2025 14:00,avenue41_to_harrisln,NB,0.05,0.61,35.4
8/27/2025 15:00,avenue41_to_harrisln,NB,0.1,0.65,33.4
8/27/2025 16:00,avenue41_to_harrisln,NB,0.07,0.6,35.8
8/27/2025 17:00,avenue41_to_harrisln,NB,0.06,0.59,36.6
8/27/2025 18:00,avenue41_to_harrisln,NB,0.09,0.62,35.3
8/27/2025 19:00,avenue41_to_harrisln,NB,0.05,0.58,37.5
8/27/2025 20:00,avenue41_to_harrisln,NB,0.04,0.55,39.2
8/27/2025 21:00,avenue41_to_harrisln,NB,0.03,0.57,37.7
8/27/2025 22:00,avenue41_to_harrisln,NB,0.02,0.56,39
8/27/2025 23:00,avenue41_to_harrisln,NB,0,0.54,40
8/28/2025 0:00,avenue41_to_harrisln,NB,0,0.54,39.7
8/28/2025 1:00,avenue41_to_harrisln,NB,0,0.47,45.8
8/28/2025 2:00,avenue41_to_harrisln,NB,0,0.49,43.7
8/28/2025 3:00,avenue41_to_harrisln,NB,0,0.49,44.2
8/28/2025 4:00,avenue41_to_harrisln,NB,0,0.51,42.6
8/28/2025 5:00,avenue41_to_harrisln,NB,0,0.48,45.1
8/28/2025 6:00,avenue41_to_harrisln,NB,0,0.53,40.7
8/28/2025 7:00,avenue41_to_harrisln,NB,0.05,0.57,37.4
8/28/2025 8:00,avenue41_to_harrisln,NB,0.06,0.62,34.8
8/28/2025 9:00,avenue41_to_harrisln,NB,0.01,0.55,38.7
8/28/2025 10:00,avenue41_to_harrisln,NB,0.03,0.57,37.6
8/28/2025 11:00,avenue41_to_harrisln,NB,0.02,0.56,38.3
8/28/2025 12:00,avenue41_to_harrisln,NB,0.06,0.63,34.6
8/28/2025 13:00,avenue41_to_harrisln,NB,0.02,0.58,36.7
8/28/2025 14:00,avenue41_to_harrisln,NB,0.04,0.6,36
8/28/2025 15:00,avenue41_to_harrisln,NB,0.1,0.67,32.3
8/28/2025 16:00,avenue41_to_harrisln,NB,0.13,0.68,32
8/28/2025 17:00,avenue41_to_harrisln,NB,0.05,0.6,35.7
8/28/2025 18:00,avenue41_to_harrisln,NB,0.07,0.62,34.9
8/28/2025 19:00,avenue41_to_harrisln,NB,0.04,0.58,37.2
8/28/2025 20:00,avenue41_to_harrisln,NB,0.01,0.53,41
8/28/2025 21:00,avenue41_to_harrisln,NB,0.02,0.58,37.3
8/28/2025 22:00,avenue41_to_harrisln,NB,0,0.48,44.6
8/28/2025 23:00,avenue41_to_harrisln,NB,0,0.52,41.3
8/29/2025 0:00,avenue41_to_harrisln,NB,0,0.48,44.5
8/29/2025 1:00,avenue41_to_harrisln,NB,0,0.5,43.2
8/29/2025 2:00,avenue41_to_harrisln,NB,0,0.5,43
8/29/2025 3:00,avenue41_to_harrisln,NB,0,0.45,47.3
8/29/2025 4:00,avenue41_to_harrisln,NB,0,0.45,47.3
8/29/2025 5:00,avenue41_to_harrisln,NB,0.01,0.51,42.8
8/29/2025 6:00,avenue41_to_harrisln,NB,0.03,0.53,41.4
8/29/2025 7:00,avenue41_to_harrisln,NB,0.03,0.56,38.6
8/29/2025 8:00,avenue41_to_harrisln,NB,0.02,0.56,38.2
8/29/2025 9:00,avenue41_to_harrisln,NB,0.15,0.71,31.6
8/29/2025 10:00,avenue41_to_harrisln,NB,0.04,0.6,36.2
8/29/2025 11:00,avenue41_to_harrisln,NB,0.1,0.65,34.1
8/29/2025 12:00,avenue41_to_harrisln,NB,0.08,0.62,34.7
8/29/2025 13:00,avenue41_to_harrisln,NB,0.03,0.59,36.7
8/29/2025 14:00,avenue41_to_harrisln,NB,0.06,0.61,35.9
8/29/2025 15:00,avenue41_to_harrisln,NB,0.08,0.64,33.5
8/29/2025 16:00,avenue41_to_harrisln,NB,0.05,0.59,36.4
8/29/2025 17:00,avenue41_to_harrisln,NB,0.06,0.62,35.3
8/29/2025 18:00,avenue41_to_harrisln,NB,0.02,0.55,38.8
8/29/2025 19:00,avenue41_to_harrisln,NB,0.05,0.58,37.4
8/29/2025 20:00,avenue41_to_harrisln,NB,0.05,0.56,39
8/29/2025 21:00,avenue41_to_harrisln,NB,0.02,0.55,38.8
8/29/2025 22:00,avenue41_to_harrisln,NB,0,0.52,41.3
8/29/2025 23:00,avenue41_to_harrisln,NB,0,0.56,38.4
8/30/2025 0:00,avenue41_to_harrisln,NB,0,0.5,42.8
8/30/2025 1:00,avenue41_to_harrisln,NB,0.01,0.53,41.2
8/30/2025 2:00,avenue41_to_harrisln,NB,0,0.48,44.5
8/30/2025 3:00,avenue41_to_harrisln,NB,0,0.5,43.4
8/30/2025 4:00,avenue41_to_harrisln,NB,0,0.5,43.2
8/30/2025 5:00,avenue41_to_harrisln,NB,0,0.47,45.2
8/30/2025 6:00,avenue41_to_harrisln,NB,0,0.48,45
8/30/2025 7:00,avenue41_to_harrisln,NB,0.04,0.52,41.6
8/30/2025 8:00,avenue41_to_harrisln,NB,0,0.51,41.6
8/30/2025 9:00,avenue41_to_harrisln,NB,0.01,0.53,40.2
8/30/2025 10:00,avenue41_to_harrisln,NB,0.11,0.66,33.6
8/30/2025 11:00,avenue41_to_harrisln,NB,0.06,0.59,37
8/30/2025 12:00,avenue41_to_harrisln,NB,0.02,0.56,38.3
8/30/2025 13:00,avenue41_to_harrisln,NB,0.06,0.61,35.4
8/30/2025 14:00,avenue41_to_harrisln,NB,0.03,0.56,38.7
8/30/2025 15:00,avenue41_to_harrisln,NB,0.03,0.57,38.6
8/30/2025 16:00,avenue41_to_harrisln,NB,0.02,0.56,38.4
8/30/2025 17:00,avenue41_to_harrisln,NB,0.04,0.57,38.1
8/30/2025 18:00,avenue41_to_harrisln,NB,0.01,0.54,40.1
8/30/2025 19:00,avenue41_to_harrisln,NB,0.04,0.58,37.5
8/30/2025 20:00,avenue41_to_harrisln,NB,0.02,0.54,40
8/30/2025 21:00,avenue41_to_harrisln,NB,0.04,0.58,37.2
8/30/2025 22:00,avenue41_to_harrisln,NB,0.01,0.51,42.2
8/30/2025 23:00,avenue41_to_harrisln,NB,0.02,0.52,41.7
8/31/2025 0:00,avenue41_to_harrisln,NB,0,0.51,42.4
8/31/2025 1:00,avenue41_to_harrisln,NB,0.03,0.54,40.3
8/31/2025 2:00,avenue41_to_harrisln,NB,0,0.48,44.9
8/31/2025 3:00,avenue41_to_harrisln,NB,0,0.5,42.6
8/31/2025 4:00,avenue41_to_harrisln,NB,0,0.52,41.3
8/31/2025 5:00,avenue41_to_harrisln,NB,0,0.48,44.7
8/31/2025 6:00,avenue41_to_harrisln,NB,0,0.47,45.5
8/31/2025 7:00,avenue41_to_harrisln,NB,0,0.5,43.2
8/31/2025 8:00,avenue41_to_harrisln,NB,0,0.53,41
8/31/2025 9:00,avenue41_to_harrisln,NB,0.01,0.51,42.5
8/31/2025 10:00,avenue41_to_harrisln,NB,0.02,0.55,39.5
8/31/2025 11:00,avenue41_to_harrisln,NB,0.01,0.53,40.9
8/31/2025 12:00,avenue41_to_harrisln,NB,0.01,0.55,38.9
8/31/2025 13:00,avenue41_to_harrisln,NB,0.04,0.56,38.5
8/31/2025 14:00,avenue41_to_harrisln,NB,0.02,0.55,39.3
8/31/2025 15:00,avenue41_to_harrisln,NB,0.01,0.54,39.3
8/31/2025 16:00,avenue41_to_harrisln,NB,0.04,0.55,39.7
8/31/2025 17:00,avenue41_to_harrisln,NB,0,0.52,41.3
8/31/2025 18:00,avenue41_to_harrisln,NB,0.02,0.56,38.4
8/31/2025 19:00,avenue41_to_harrisln,NB,0.02,0.55,39
8/31/2025 20:00,avenue41_to_harrisln,NB,0.02,0.57,38.1
8/31/2025 21:00,avenue41_to_harrisln,NB,0.02,0.52,41.8
8/31/2025 22:00,avenue41_to_harrisln,NB,0.05,0.57,38.2
8/31/2025 23:00,avenue41_to_harrisln,NB,0.06,0.59,37.2
9/1/2025 0:00,avenue41_to_harrisln,NB,0.01,0.53,40.6
9/1/2025 1:00,avenue41_to_harrisln,NB,0,0.49,43.4
9/1/2025 2:00,avenue41_to_harrisln,NB,0,0.49,44.2
9/1/2025 3:00,avenue41_to_harrisln,NB,0,0.49,43.5
9/1/2025 4:00,avenue41_to_harrisln,NB,0,0.48,44.6
9/1/2025 5:00,avenue41_to_harrisln,NB,0.01,0.5,42.7
9/1/2025 6:00,avenue41_to_harrisln,NB,0,0.48,44.3
9/1/2025 7:00,avenue41_to_harrisln,NB,0,0.51,42.4
9/1/2025 8:00,avenue41_to_harrisln,NB,0.01,0.53,40.8
9/1/2025 9:00,avenue41_to_harrisln,NB,0.02,0.54,39.5
9/1/2025 10:00,avenue41_to_harrisln,NB,0.02,0.57,37.9
9/1/2025 11:00,avenue41_to_harrisln,NB,0.02,0.56,38.8
9/1/2025 12:00,avenue41_to_harrisln,NB,0.01,0.54,39.6
9/1/2025 13:00,avenue41_to_harrisln,NB,0.01,0.52,41
9/1/2025 14:00,avenue41_to_harrisln,NB,0.01,0.55,39.2
9/1/2025 15:00,avenue41_to_harrisln,NB,0.01,0.52,41.5
9/1/2025 16:00,avenue41_to_harrisln,NB,0.01,0.53,40.6
9/1/2025 17:00,avenue41_to_harrisln,NB,0.04,0.54,40.8
9/1/2025 18:00,avenue41_to_harrisln,NB,0.01,0.51,41.8
9/1/2025 19:00,avenue41_to_harrisln,NB,0.05,0.59,36.6
9/1/2025 20:00,avenue41_to_harrisln,NB,0,0.52,41.7
9/1/2025 21:00,avenue41_to_harrisln,NB,0.01,0.54,40
9/1/2025 22:00,avenue41_to_harrisln,NB,0,0.49,44.1
9/1/2025 23:00,avenue41_to_harrisln,NB,0.03,0.54,40.4
9/2/2025 0:00,avenue41_to_harrisln,NB,0,0.46,47.3
9/2/2025 1:00,avenue41_to_harrisln,NB,0,0.51,42.5
9/2/2025 2:00,avenue41_to_harrisln,NB,0,0.52,41.7
9/2/2025 3:00,avenue41_to_harrisln,NB,0,0.46,46.2
9/2/2025 4:00,avenue41_to_harrisln,NB,0,0.47,45.7
9/2/2025 5:00,avenue41_to_harrisln,NB,0,0.5,43.5
9/2/2025 6:00,avenue41_to_harrisln,NB,0,0.51,42.3
9/2/2025 7:00,avenue41_to_harrisln,NB,0.1,0.63,34.5
9/2/2025 8:00,avenue41_to_harrisln,NB,0.07,0.63,34.5
9/2/2025 9:00,avenue41_to_harrisln,NB,0.04,0.6,35.7
9/2/2025 10:00,avenue41_to_harrisln,NB,0.09,0.65,33.5
9/2/2025 11:00,avenue41_to_harrisln,NB,0.07,0.64,34.1
9/2/2025 12:00,avenue41_to_harrisln,NB,0.07,0.62,35
9/2/2025 13:00,avenue41_to_harrisln,NB,0.03,0.57,38
9/2/2025 14:00,avenue41_to_harrisln,NB,0.03,0.59,36.7
9/2/2025 15:00,avenue41_to_harrisln,NB,0.07,0.63,34.3
9/2/2025 16:00,avenue41_to_harrisln,NB,0.08,0.62,34.7
9/2/2025 17:00,avenue41_to_harrisln,NB,0.04,0.57,37.9
9/2/2025 18:00,avenue41_to_harrisln,NB,0.01,0.52,41.2
9/2/2025 19:00,avenue41_to_harrisln,NB,0.09,0.62,34.7
9/2/2025 20:00,avenue41_to_harrisln,NB,0.04,0.56,38.3
9/2/2025 21:00,avenue41_to_harrisln,NB,0.01,0.51,42.3
9/2/2025 22:00,avenue41_to_harrisln,NB,0,0.51,41.8
9/2/2025 23:00,avenue41_to_harrisln,NB,0,0.53,40.2
9/3/2025 0:00,avenue41_to_harrisln,NB,0,0.5,43.3
9/3/2025 1:00,avenue41_to_harrisln,NB,0.01,0.54,40
9/3/2025 2:00,avenue41_to_harrisln,NB,0.04,0.59,36.7
9/3/2025 3:00,avenue41_to_harrisln,NB,0,0.48,45.1
9/3/2025 4:00,avenue41_to_harrisln,NB,0,0.44,48.5
9/3/2025 5:00,avenue41_to_harrisln,NB,0,0.47,45.3
9/3/2025 6:00,avenue41_to_harrisln,NB,0.01,0.54,39.9
9/3/2025 7:00,avenue41_to_harrisln,NB,0.04,0.58,37.2
9/3/2025 8:00,avenue41_to_harrisln,NB,0.08,0.61,35.5
9/3/2025 9:00,avenue41_to_harrisln,NB,0.05,0.58,37.6
9/3/2025 10:00,avenue41_to_harrisln,NB,0.05,0.59,36.3
9/3/2025 11:00,avenue41_to_harrisln,NB,0.02,0.58,37.1
9/3/2025 12:00,avenue41_to_harrisln,NB,0.05,0.58,37.5
9/3/2025 13:00,avenue41_to_harrisln,NB,0.09,0.64,34.5
9/3/2025 14:00,avenue41_to_harrisln,NB,0.08,0.64,34
9/3/2025 15:00,avenue41_to_harrisln,NB,0.1,0.65,33.5
9/3/2025 16:00,avenue41_to_harrisln,NB,0.04,0.6,36.1
9/3/2025 17:00,avenue41_to_harrisln,NB,0.07,0.61,35.4
9/3/2025 18:00,avenue41_to_harrisln,NB,0.05,0.59,36.7
9/3/2025 19:00,avenue41_to_harrisln,NB,0.03,0.55,39.3
9/3/2025 20:00,avenue41_to_harrisln,NB,0,0.52,41.3
9/3/2025 21:00,avenue41_to_harrisln,NB,0.01,0.51,42
9/3/2025 22:00,avenue41_to_harrisln,NB,0,0.49,43.8
9/3/2025 23:00,avenue41_to_harrisln,NB,0.01,0.53,40.8
9/4/2025 0:00,avenue41_to_harrisln,NB,0.02,0.52,41.9
9/4/2025 1:00,avenue41_to_harrisln,NB,0,0.46,46.1
9/4/2025 2:00,avenue41_to_harrisln,NB,0,0.47,45.8
9/4/2025 3:00,avenue41_to_harrisln,NB,0,0.49,44.1
9/4/2025 4:00,avenue41_to_harrisln,NB,0.12,0.64,35.1
9/4/2025 5:00,avenue41_to_harrisln,NB,0.27,0.83,26.1
9/4/2025 6:00,avenue41_to_harrisln,NB,0.15,0.67,32.2
9/4/2025 7:00,avenue41_to_harrisln,NB,0.35,0.88,25.3
9/4/2025 8:00,avenue41_to_harrisln,NB,0.33,0.87,26.7
9/4/2025 9:00,avenue41_to_harrisln,NB,0.02,0.55,39.1
9/4/2025 10:00,avenue41_to_harrisln,NB,0.05,0.59,36.5
9/4/2025 11:00,avenue41_to_harrisln,NB,0.02,0.54,39.4
9/4/2025 12:00,avenue41_to_harrisln,NB,0.02,0.56,38.6
9/4/2025 13:00,avenue41_to_harrisln,NB,0.04,0.59,37.1
9/4/2025 14:00,avenue41_to_harrisln,NB,0.06,0.62,34.8
9/4/2025 15:00,avenue41_to_harrisln,NB,0.11,0.67,32.1
9/4/2025 16:00,avenue41_to_harrisln,NB,0.06,0.6,36
9/4/2025 17:00,avenue41_to_harrisln,NB,0.04,0.59,36.6
9/4/2025 18:00,avenue41_to_harrisln,NB,0.04,0.56,38.8
9/4/2025 19:00,avenue41_to_harrisln,NB,0.12,0.66,34.3
9/4/2025 20:00,avenue41_to_harrisln,NB,0.17,0.69,32.1
9/4/2025 21:00,avenue41_to_harrisln,NB,0.29,0.82,27
9/4/2025 22:00,avenue41_to_harrisln,NB,0.11,0.64,34.7
9/4/2025 23:00,avenue41_to_harrisln,NB,0.12,0.63,36.3
9/5/2025 0:00,avenue41_to_harrisln,NB,0.01,0.51,41.9
9/5/2025 1:00,avenue41_to_harrisln,NB,0.04,0.56,38.8
9/5/2025 2:00,avenue41_to_harrisln,NB,0.22,0.75,29
9/5/2025 3:00,avenue41_to_harrisln,NB,0.12,0.64,34.2
9/5/2025 4:00,avenue41_to_harrisln,NB,0.09,0.61,35.5
9/5/2025 5:00,avenue41_to_harrisln,NB,0.21,0.73,29.7
9/5/2025 6:00,avenue41_to_harrisln,NB,0.13,0.65,33.9
9/5/2025 7:00,avenue41_to_harrisln,NB,0.28,0.81,27.3
9/5/2025 8:00,avenue41_to_harrisln,NB,0.24,0.78,27.9
9/5/2025 9:00,avenue41_to_harrisln,NB,0.06,0.6,36.8
9/5/2025 10:00,avenue41_to_harrisln,NB,0.03,0.58,37.6
9/5/2025 11:00,avenue41_to_harrisln,NB,0.04,0.59,36.6
9/5/2025 12:00,avenue41_to_harrisln,NB,0.1,0.65,33.3
9/5/2025 13:00,avenue41_to_harrisln,NB,0.04,0.59,36.2
9/5/2025 14:00,avenue41_to_harrisln,NB,0.12,0.68,31.8
9/5/2025 15:00,avenue41_to_harrisln,NB,0.06,0.62,34.8
9/5/2025 16:00,avenue41_to_harrisln,NB,0.15,0.7,31.1
9/5/2025 17:00,avenue41_to_harrisln,NB,0.05,0.58,37.1
9/5/2025 18:00,avenue41_to_harrisln,NB,0.04,0.58,37.6
9/5/2025 19:00,avenue41_to_harrisln,NB,0.02,0.55,38.7
9/5/2025 20:00,avenue41_to_harrisln,NB,0.02,0.56,38.5
9/5/2025 21:00,avenue41_to_harrisln,NB,0.03,0.56,38.9
9/5/2025 22:00,avenue41_to_harrisln,NB,0.06,0.6,36.3
9/5/2025 23:00,avenue41_to_harrisln,NB,0.05,0.55,39.9
9/6/2025 0:00,avenue41_to_harrisln,NB,0.05,0.56,39.6
9/6/2025 1:00,avenue41_to_harrisln,NB,0,0.49,44.1
9/6/2025 2:00,avenue41_to_harrisln,NB,0,0.5,43.3
9/6/2025 3:00,avenue41_to_harrisln,NB,0,0.55,39.3
9/6/2025 4:00,avenue41_to_harrisln,NB,0,0.51,42
9/6/2025 5:00,avenue41_to_harrisln,NB,0,0.48,44.8
9/6/2025 6:00,avenue41_to_harrisln,NB,0.01,0.5,43
9/6/2025 7:00,avenue41_to_harrisln,NB,0.02,0.52,41.8
9/6/2025 8:00,avenue41_to_harrisln,NB,0.01,0.51,42
9/6/2025 9:00,avenue41_to_harrisln,NB,0.01,0.54,40
9/6/2025 10:00,avenue41_to_harrisln,NB,0.03,0.56,38.4
9/6/2025 11:00,avenue41_to_harrisln,NB,0.03,0.55,39.2
9/6/2025 12:00,avenue41_to_harrisln,NB,0.04,0.57,38.1
9/6/2025 13:00,avenue41_to_harrisln,NB,0.04,0.57,37.8
9/6/2025 14:00,avenue41_to_harrisln,NB,0.01,0.53,40.6
9/6/2025 15:00,avenue41_to_harrisln,NB,0.04,0.58,37.2
9/6/2025 16:00,avenue41_to_harrisln,NB,0.01,0.52,41
9/6/2025 17:00,avenue41_to_harrisln,NB,0.01,0.54,39.9
9/6/2025 18:00,avenue41_to_harrisln,NB,0.04,0.58,37.6
9/6/2025 19:00,avenue41_to_harrisln,NB,0.04,0.57,37.9
9/6/2025 20:00,avenue41_to_harrisln,NB,0.02,0.56,38.7
9/6/2025 21:00,avenue41_to_harrisln,NB,0.04,0.55,38.8
9/6/2025 22:00,avenue41_to_harrisln,NB,0.01,0.52,41.7
9/6/2025 23:00,avenue41_to_harrisln,NB,0,0.5,43
9/7/2025 0:00,avenue41_to_harrisln,NB,0,0.48,44.9
9/7/2025 1:00,avenue41_to_harrisln,NB,0,0.52,41.5
9/7/2025 2:00,avenue41_to_harrisln,NB,0,0.48,44.3
9/7/2025 3:00,avenue41_to_harrisln,NB,0,0.5,42.5
9/7/2025 4:00,avenue41_to_harrisln,NB,0,0.54,40.1
9/7/2025 5:00,avenue41_to_harrisln,NB,0.01,0.54,40
9/7/2025 6:00,avenue41_to_harrisln,NB,0.01,0.5,43
9/7/2025 7:00,avenue41_to_harrisln,NB,0.01,0.53,40.6
9/7/2025 8:00,avenue41_to_harrisln,NB,0.04,0.54,40.3
9/7/2025 9:00,avenue41_to_harrisln,NB,0.03,0.56,38.7
9/7/2025 10:00,avenue41_to_harrisln,NB,0.03,0.56,38.7
9/7/2025 11:00,avenue41_to_harrisln,NB,0.06,0.59,37.2
9/7/2025 12:00,avenue41_to_harrisln,NB,0.04,0.56,39.1
9/7/2025 13:00,avenue41_to_harrisln,NB,0.02,0.57,38
9/7/2025 14:00,avenue41_to_harrisln,NB,0.07,0.57,38.9
9/7/2025 15:00,avenue41_to_harrisln,NB,0.01,0.51,41.8
9/7/2025 16:00,avenue41_to_harrisln,NB,0.01,0.53,40.6
9/7/2025 17:00,avenue41_to_harrisln,NB,0.01,0.53,40.3
9/7/2025 18:00,avenue41_to_harrisln,NB,0.01,0.53,40.4
9/7/2025 19:00,avenue41_to_harrisln,NB,0.14,0.68,33
9/7/2025 20:00,avenue41_to_harrisln,NB,0.03,0.56,38.2
9/7/2025 21:00,avenue41_to_harrisln,NB,0.02,0.53,40.9
9/7/2025 22:00,avenue41_to_harrisln,NB,0.01,0.52,40.8
9/7/2025 23:00,avenue41_to_harrisln,NB,0.01,0.53,40.4
9/8/2025 0:00,avenue41_to_harrisln,NB,0,0.52,41
9/8/2025 1:00,avenue41_to_harrisln,NB,0,0.48,45.1
9/8/2025 2:00,avenue41_to_harrisln,NB,0,0.46,46.4
9/8/2025 3:00,avenue41_to_harrisln,NB,0,0.51,42.7
9/8/2025 4:00,avenue41_to_harrisln,NB,0,0.47,45.7
9/8/2025 5:00,avenue41_to_harrisln,NB,0,0.49,43.7
9/8/2025 6:00,avenue41_to_harrisln,NB,0,0.5,42.7
9/8/2025 7:00,avenue41_to_harrisln,NB,0.08,0.6,36
9/8/2025 8:00,avenue41_to_harrisln,NB,0.04,0.6,36.1
9/8/2025 9:00,avenue41_to_harrisln,NB,0.03,0.57,37.7
9/8/2025 10:00,avenue41_to_harrisln,NB,0.02,0.56,38.7
9/8/2025 11:00,avenue41_to_harrisln,NB,0.05,0.59,36.6
9/8/2025 12:00,avenue41_to_harrisln,NB,0.07,0.62,35.3
9/8/2025 13:00,avenue41_to_harrisln,NB,0.09,0.64,33.9
9/8/2025 14:00,avenue41_to_harrisln,NB,0.1,0.66,32.8
9/8/2025 15:00,avenue41_to_harrisln,NB,0.09,0.65,33.2
9/8/2025 16:00,avenue41_to_harrisln,NB,0.08,0.62,35.1
9/8/2025 17:00,avenue41_to_harrisln,NB,0.04,0.58,37.3
9/8/2025 18:00,avenue41_to_harrisln,NB,0.05,0.58,37.3
9/8/2025 19:00,avenue41_to_harrisln,NB,0.12,0.65,33.9
9/8/2025 20:00,avenue41_to_harrisln,NB,0.01,0.55,39.1
9/8/2025 21:00,avenue41_to_harrisln,NB,0.03,0.56,38.3
9/8/2025 22:00,avenue41_to_harrisln,NB,0.02,0.52,41.3
9/8/2025 23:00,avenue41_to_harrisln,NB,0,0.49,43.9
9/9/2025 0:00,avenue41_to_harrisln,NB,0,0.5,43.1
9/9/2025 1:00,avenue41_to_harrisln,NB,0,0.51,42.5
9/9/2025 2:00,avenue41_to_harrisln,NB,0,0.5,43
9/9/2025 3:00,avenue41_to_harrisln,NB,0,0.5,43
9/9/2025 4:00,avenue41_to_harrisln,NB,0.04,0.51,43
9/9/2025 5:00,avenue41_to_harrisln,NB,0,0.51,42.2
9/9/2025 6:00,avenue41_to_harrisln,NB,0.06,0.57,38.5
9/9/2025 7:00,avenue41_to_harrisln,NB,0.07,0.61,36.1
9/9/2025 8:00,avenue41_to_harrisln,NB,0.06,0.6,35.8
9/9/2025 9:00,avenue41_to_harrisln,NB,0.03,0.58,37
9/9/2025 10:00,avenue41_to_harrisln,NB,0.03,0.57,37.7
9/9/2025 11:00,avenue41_to_harrisln,NB,0.03,0.59,36.6
9/9/2025 12:00,avenue41_to_harrisln,NB,0.04,0.58,36.9
9/9/2025 13:00,avenue41_to_harrisln,NB,0.02,0.54,39.6
9/9/2025 14:00,avenue41_to_harrisln,NB,0.07,0.63,34.5
9/9/2025 15:00,avenue41_to_harrisln,NB,0.29,0.87,28.1
9/9/2025 16:00,avenue41_to_harrisln,NB,0.13,0.7,31.5
9/9/2025 17:00,avenue41_to_harrisln,NB,0.05,0.57,38
9/9/2025 18:00,avenue41_to_harrisln,NB,0.08,0.61,35.4
9/9/2025 19:00,avenue41_to_harrisln,NB,0.01,0.54,39.7
9/9/2025 20:00,avenue41_to_harrisln,NB,0.05,0.58,37.1
9/9/2025 21:00,avenue41_to_harrisln,NB,0.01,0.53,40.8
9/9/2025 22:00,avenue41_to_harrisln,NB,0.01,0.52,41.5
9/9/2025 23:00,avenue41_to_harrisln,NB,0,0.49,43.8
9/10/2025 0:00,avenue41_to_harrisln,NB,0,0.46,46.5
9/10/2025 1:00,avenue41_to_harrisln,NB,0,0.47,45.4
9/10/2025 2:00,avenue41_to_harrisln,NB,0,0.49,43.9
9/10/2025 3:00,avenue41_to_harrisln,NB,0,0.47,45.5
9/10/2025 4:00,avenue41_to_harrisln,NB,0,0.47,45.5
9/10/2025 5:00,avenue41_to_harrisln,NB,0.02,0.51,43
9/10/2025 6:00,avenue41_to_harrisln,NB,0.01,0.5,42.6
9/10/2025 7:00,avenue41_to_harrisln,NB,0.12,0.67,32.5
9/10/2025 8:00,avenue41_to_harrisln,NB,0.07,0.61,35.4
9/10/2025 9:00,avenue41_to_harrisln,NB,0.06,0.61,36.1
9/10/2025 10:00,avenue41_to_harrisln,NB,0.04,0.59,36.6
9/10/2025 11:00,avenue41_to_harrisln,NB,0.07,0.62,35.2
9/10/2025 12:00,avenue41_to_harrisln,NB,0.08,0.63,34.4
9/10/2025 13:00,avenue41_to_harrisln,NB,0.08,0.63,34.1
9/10/2025 14:00,avenue41_to_harrisln,NB,0.04,0.6,35.8
9/10/2025 15:00,avenue41_to_harrisln,NB,0.06,0.61,35
9/10/2025 16:00,avenue41_to_harrisln,NB,0.07,0.62,34.7
9/10/2025 17:00,avenue41_to_harrisln,NB,0.08,0.62,35
9/10/2025 18:00,avenue41_to_harrisln,NB,0.04,0.56,38.4
9/10/2025 19:00,avenue41_to_harrisln,NB,0.01,0.54,40
9/10/2025 20:00,avenue41_to_harrisln,NB,0.07,0.62,35.2
9/10/2025 21:00,avenue41_to_harrisln,NB,0.03,0.56,38.8
9/10/2025 22:00,avenue41_to_harrisln,NB,0.03,0.55,39
9/10/2025 23:00,avenue41_to_harrisln,NB,0.02,0.49,43.5
9/11/2025 0:00,avenue41_to_harrisln,NB,0.01,0.52,41.6
9/11/2025 1:00,avenue41_to_harrisln,NB,0,0.47,45.8
9/11/2025 2:00,avenue41_to_harrisln,NB,0,0.49,43.8
9/11/2025 3:00,avenue41_to_harrisln,NB,0,0.5,43.1
9/11/2025 4:00,avenue41_to_harrisln,NB,0,0.46,46.7
9/11/2025 5:00,avenue41_to_harrisln,NB,0,0.53,41
9/11/2025 6:00,avenue41_to_harrisln,NB,0.02,0.52,41.2
9/11/2025 7:00,avenue41_to_harrisln,NB,0.09,0.63,35
9/11/2025 8:00,avenue41_to_harrisln,NB,0.05,0.61,35.8
9/11/2025 9:00,avenue41_to_harrisln,NB,0.03,0.57,38.3
9/11/2025 10:00,avenue41_to_harrisln,NB,0.01,0.56,38.4
9/11/2025 11:00,avenue41_to_harrisln,NB,0.06,0.61,35.4
9/11/2025 12:00,avenue41_to_harrisln,NB,0.05,0.61,35.8
9/11/2025 13:00,avenue41_to_harrisln,NB,0.04,0.6,36.1
9/11/2025 14:00,avenue41_to_harrisln,NB,0.06,0.63,34.3
9/11/2025 15:00,avenue41_to_harrisln,NB,0.1,0.67,32.5
9/11/2025 16:00,avenue41_to_harrisln,NB,0.12,0.67,32.8
9/11/2025 17:00,avenue41_to_harrisln,NB,0.06,0.61,35.2
9/11/2025 18:00,avenue41_to_harrisln,NB,0.04,0.6,36.1
9/11/2025 19:00,avenue41_to_harrisln,NB,0.02,0.55,38.9
9/11/2025 20:00,avenue41_to_harrisln,NB,0.02,0.56,38.5
9/11/2025 21:00,avenue41_to_harrisln,NB,0.02,0.53,41
9/11/2025 22:00,avenue41_to_harrisln,NB,0.02,0.52,41.1
9/11/2025 23:00,avenue41_to_harrisln,NB,0.02,0.54,40
9/12/2025 0:00,avenue41_to_harrisln,NB,0.04,0.57,37.6
9/12/2025 1:00,avenue41_to_harrisln,NB,0,0.48,44.5
9/12/2025 2:00,avenue41_to_harrisln,NB,0,0.49,44.1
9/12/2025 3:00,avenue41_to_harrisln,NB,0,0.48,44.7
9/12/2025 4:00,avenue41_to_harrisln,NB,0,0.44,49
9/12/2025 5:00,avenue41_to_harrisln,NB,0,0.5,43.5
9/12/2025 6:00,avenue41_to_harrisln,NB,0.01,0.49,44.2
9/12/2025 7:00,avenue41_to_harrisln,NB,0.05,0.59,37.2
9/12/2025 8:00,avenue41_to_harrisln,NB,0.06,0.61,35.7
9/12/2025 9:00,avenue41_to_harrisln,NB,0.03,0.57,37.4
9/12/2025 10:00,avenue41_to_harrisln,NB,0.03,0.57,37.8
9/12/2025 11:00,avenue41_to_harrisln,NB,0.08,0.63,34.6
9/12/2025 12:00,avenue41_to_harrisln,NB,0.06,0.62,34.7
9/12/2025 13:00,avenue41_to_harrisln,NB,0.04,0.59,36.2
9/12/2025 14:00,avenue41_to_harrisln,NB,0.16,0.72,30.1
9/12/2025 15:00,avenue41_to_harrisln,NB,0.12,0.68,32.4
9/12/2025 16:00,avenue41_to_harrisln,NB,0.1,0.67,32.1
9/12/2025 17:00,avenue41_to_harrisln,NB,0.07,0.62,34.5
9/12/2025 18:00,avenue41_to_harrisln,NB,0.02,0.57,37.7
9/12/2025 19:00,avenue41_to_harrisln,NB,0.01,0.57,37.7
9/12/2025 20:00,avenue41_to_harrisln,NB,0.02,0.56,38.4
9/12/2025 21:00,avenue41_to_harrisln,NB,0.02,0.57,37.7
9/12/2025 22:00,avenue41_to_harrisln,NB,0.03,0.55,39.2
9/12/2025 23:00,avenue41_to_harrisln,NB,0.01,0.53,40.7
9/13/2025 0:00,avenue41_to_harrisln,NB,0,0.51,41.7
9/13/2025 1:00,avenue41_to_harrisln,NB,0,0.49,43.6
9/13/2025 2:00,avenue41_to_harrisln,NB,0.04,0.54,40.3
9/13/2025 3:00,avenue41_to_harrisln,NB,0,0.48,44.7
9/13/2025 4:00,avenue41_to_harrisln,NB,0,0.52,41.5
9/13/2025 5:00,avenue41_to_harrisln,NB,0,0.48,44.4
9/13/2025 6:00,avenue41_to_harrisln,NB,0.01,0.5,43.2
9/13/2025 7:00,avenue41_to_harrisln,NB,0.06,0.59,36.4
9/13/2025 8:00,avenue41_to_harrisln,NB,0.03,0.54,39.9
9/13/2025 9:00,avenue41_to_harrisln,NB,0.03,0.56,38.8
9/13/2025 10:00,avenue41_to_harrisln,NB,0.02,0.56,38.6
9/13/2025 11:00,avenue41_to_harrisln,NB,0.06,0.61,35.8
9/13/2025 12:00,avenue41_to_harrisln,NB,0.02,0.57,37.8
9/13/2025 13:00,avenue41_to_harrisln,NB,0.04,0.57,37.6
9/13/2025 14:00,avenue41_to_harrisln,NB,0.09,0.62,35.6
9/13/2025 15:00,avenue41_to_harrisln,NB,0.05,0.57,39.1
9/13/2025 16:00,avenue41_to_harrisln,NB,0.09,0.64,34.9
9/13/2025 17:00,avenue41_to_harrisln,NB,0.06,0.57,38.1
9/13/2025 18:00,avenue41_to_harrisln,NB,0.04,0.56,39
9/13/2025 19:00,avenue41_to_harrisln,NB,0.04,0.56,38.4
9/13/2025 20:00,avenue41_to_harrisln,NB,0.06,0.6,36.8
9/13/2025 21:00,avenue41_to_harrisln,NB,0.04,0.56,38.6
9/13/2025 22:00,avenue41_to_harrisln,NB,0.01,0.54,39.8
9/13/2025 23:00,avenue41_to_harrisln,NB,0.02,0.55,39.3
9/14/2025 0:00,avenue41_to_harrisln,NB,0.01,0.52,41.3
9/14/2025 1:00,avenue41_to_harrisln,NB,0,0.51,42.1
9/14/2025 2:00,avenue41_to_harrisln,NB,0,0.49,43.5
9/14/2025 3:00,avenue41_to_harrisln,NB,0,0.47,45.6
9/14/2025 4:00,avenue41_to_harrisln,NB,0,0.45,47.7
9/14/2025 5:00,avenue41_to_harrisln,NB,0,0.49,44
9/14/2025 6:00,avenue41_to_harrisln,NB,0,0.48,44.4
9/14/2025 7:00,avenue41_to_harrisln,NB,0.06,0.56,39.4
9/14/2025 8:00,avenue41_to_harrisln,NB,0.02,0.52,41.6
9/14/2025 9:00,avenue41_to_harrisln,NB,0.02,0.53,40.6
9/14/2025 10:00,avenue41_to_harrisln,NB,0.02,0.54,40
9/14/2025 11:00,avenue41_to_harrisln,NB,0.05,0.58,37.3
9/14/2025 12:00,avenue41_to_harrisln,NB,0,0.53,40.7
9/14/2025 13:00,avenue41_to_harrisln,NB,0.02,0.56,38.7
9/14/2025 14:00,avenue41_to_harrisln,NB,0.04,0.56,38.9
9/14/2025 15:00,avenue41_to_harrisln,NB,0.01,0.52,41.2
9/14/2025 16:00,avenue41_to_harrisln,NB,0.02,0.52,41.4
9/14/2025 17:00,avenue41_to_harrisln,NB,0.04,0.57,38.1
9/14/2025 18:00,avenue41_to_harrisln,NB,0.02,0.54,39.8
9/14/2025 19:00,avenue41_to_harrisln,NB,0.03,0.57,37.7
9/14/2025 20:00,avenue41_to_harrisln,NB,0.01,0.54,40.1
9/14/2025 21:00,avenue41_to_harrisln,NB,0.02,0.54,39.8
9/14/2025 22:00,avenue41_to_harrisln,NB,0.02,0.5,42.6
9/14/2025 23:00,avenue41_to_harrisln,NB,0,0.5,43.3
9/15/2025 0:00,avenue41_to_harrisln,NB,0,0.49,43.5
9/15/2025 1:00,avenue41_to_harrisln,NB,0,0.44,49.2
9/15/2025 2:00,avenue41_to_harrisln,NB,0,0.41,52.5
9/15/2025 3:00,avenue41_to_harrisln,NB,0.04,0.51,43.1
9/15/2025 4:00,avenue41_to_harrisln,NB,0,0.49,43.9
9/15/2025 5:00,avenue41_to_harrisln,NB,0.01,0.47,45.3
9/15/2025 6:00,avenue41_to_harrisln,NB,0.01,0.5,43.3
9/15/2025 7:00,avenue41_to_harrisln,NB,0.07,0.6,36
9/15/2025 8:00,avenue41_to_harrisln,NB,0.05,0.6,35.7
9/15/2025 9:00,avenue41_to_harrisln,NB,0.02,0.56,38.2
9/15/2025 10:00,avenue41_to_harrisln,NB,0.07,0.62,34.9
9/15/2025 11:00,avenue41_to_harrisln,NB,0.01,0.56,38.2
9/15/2025 12:00,avenue41_to_harrisln,NB,0.01,0.57,37.6
9/15/2025 13:00,avenue41_to_harrisln,NB,0.04,0.58,37.4
9/15/2025 14:00,avenue41_to_harrisln,NB,0.08,0.63,34.5
9/15/2025 15:00,avenue41_to_harrisln,NB,0.11,0.67,32.6
9/15/2025 16:00,avenue41_to_harrisln,NB,0.07,0.61,35.3
9/15/2025 17:00,avenue41_to_harrisln,NB,0.09,0.63,34.7
9/15/2025 18:00,avenue41_to_harrisln,NB,0.07,0.59,37.6
9/15/2025 19:00,avenue41_to_harrisln,NB,0.04,0.57,38.1
9/15/2025 20:00,avenue41_to_harrisln,NB,0,0.54,39.5
9/15/2025 21:00,avenue41_to_harrisln,NB,0.03,0.57,38
9/15/2025 22:00,avenue41_to_harrisln,NB,0.06,0.6,36.3
9/15/2025 23:00,avenue41_to_harrisln,NB,0.01,0.54,40.4
9/16/2025 0:00,avenue41_to_harrisln,NB,0,0.49,44.2
9/16/2025 1:00,avenue41_to_harrisln,NB,0,0.47,45.3
9/16/2025 2:00,avenue41_to_harrisln,NB,0.02,0.53,41.4
9/16/2025 3:00,avenue41_to_harrisln,NB,0.01,0.48,44.7
9/16/2025 4:00,avenue41_to_harrisln,NB,0,0.48,44.4
9/16/2025 5:00,avenue41_to_harrisln,NB,0,0.5,43.1
9/16/2025 6:00,avenue41_to_harrisln,NB,0.04,0.52,41.9
9/16/2025 7:00,avenue41_to_harrisln,NB,0.04,0.57,37.8
9/16/2025 8:00,avenue41_to_harrisln,NB,0.05,0.6,35.8
9/16/2025 9:00,avenue41_to_harrisln,NB,0.05,0.59,36.9
9/16/2025 10:00,avenue41_to_harrisln,NB,0.03,0.57,37.8
9/16/2025 11:00,avenue41_to_harrisln,NB,0.03,0.57,37.5
9/16/2025 12:00,avenue41_to_harrisln,NB,0.04,0.58,36.9
9/16/2025 13:00,avenue41_to_harrisln,NB,0.08,0.63,34.2
9/16/2025 14:00,avenue41_to_harrisln,NB,0.09,0.66,33.3
9/16/2025 15:00,avenue41_to_harrisln,NB,0.05,0.61,35.1
9/16/2025 16:00,avenue41_to_harrisln,NB,0.08,0.64,34
9/16/2025 17:00,avenue41_to_harrisln,NB,0.04,0.59,36.4
9/16/2025 18:00,avenue41_to_harrisln,NB,0.03,0.56,38.2
9/16/2025 19:00,avenue41_to_harrisln,NB,0.02,0.54,39.4
9/16/2025 20:00,avenue41_to_harrisln,NB,0.02,0.53,40.1
9/16/2025 21:00,avenue41_to_harrisln,NB,0.06,0.57,39
9/16/2025 22:00,avenue41_to_harrisln,NB,0.05,0.57,38.3
9/16/2025 23:00,avenue41_to_harrisln,NB,0.02,0.56,38.8
9/17/2025 0:00,avenue41_to_harrisln,NB,0,0.48,44.8
9/17/2025 1:00,avenue41_to_harrisln,NB,0,0.45,47.8
9/17/2025 2:00,avenue41_to_harrisln,NB,0,0.53,40.7
9/17/2025 3:00,avenue41_to_harrisln,NB,0,0.47,45.5
9/17/2025 4:00,avenue41_to_harrisln,NB,0,0.45,47.9
9/17/2025 5:00,avenue41_to_harrisln,NB,0.01,0.49,44.1
9/17/2025 6:00,avenue41_to_harrisln,NB,0.04,0.54,40
9/17/2025 7:00,avenue41_to_harrisln,NB,0.04,0.57,37.6
9/17/2025 8:00,avenue41_to_harrisln,NB,0.07,0.62,34.9
9/17/2025 9:00,avenue41_to_harrisln,NB,0.03,0.55,39.4
9/17/2025 10:00,avenue41_to_harrisln,NB,0.07,0.63,34.8
9/17/2025 11:00,avenue41_to_harrisln,NB,0.03,0.58,37.5
9/17/2025 12:00,avenue41_to_harrisln,NB,0.04,0.58,37.6
9/17/2025 13:00,avenue41_to_harrisln,NB,0.06,0.61,35.5
9/17/2025 14:00,avenue41_to_harrisln,NB,0.06,0.63,34.3
9/17/2025 15:00,avenue41_to_harrisln,NB,0.05,0.61,35
9/17/2025 16:00,avenue41_to_harrisln,NB,0.05,0.6,35.6
9/17/2025 17:00,avenue41_to_harrisln,NB,0.05,0.6,36.5
9/17/2025 18:00,avenue41_to_harrisln,NB,0.03,0.56,38.5
9/17/2025 19:00,avenue41_to_harrisln,NB,0.05,0.59,37
9/17/2025 20:00,avenue41_to_harrisln,NB,0.03,0.58,37.5
9/17/2025 21:00,avenue41_to_harrisln,NB,0,0.51,42.3
9/17/2025 22:00,avenue41_to_harrisln,NB,0.01,0.5,43.5
9/17/2025 23:00,avenue41_to_harrisln,NB,0.04,0.56,39.1
9/18/2025 0:00,avenue41_to_harrisln,NB,0.03,0.54,40.4
9/18/2025 1:00,avenue41_to_harrisln,NB,0,0.5,43
9/18/2025 2:00,avenue41_to_harrisln,NB,0.04,0.55,40.3
9/18/2025 3:00,avenue41_to_harrisln,NB,0.07,0.61,36.9
9/18/2025 4:00,avenue41_to_harrisln,NB,0,0.48,44.6
9/18/2025 5:00,avenue41_to_harrisln,NB,0,0.49,43.4
9/18/2025 6:00,avenue41_to_harrisln,NB,0.02,0.54,40.1
9/18/2025 7:00,avenue41_to_harrisln,NB,0.05,0.59,36.4
9/18/2025 8:00,avenue41_to_harrisln,NB,0.03,0.59,36.2
9/18/2025 9:00,avenue41_to_harrisln,NB,0.05,0.6,35.8
9/18/2025 10:00,avenue41_to_harrisln,NB,0.02,0.55,38.8
9/18/2025 11:00,avenue41_to_harrisln,NB,0.06,0.61,35.4
9/18/2025 12:00,avenue41_to_harrisln,NB,0.08,0.63,34.4
9/18/2025 13:00,avenue41_to_harrisln,NB,0.05,0.58,37.4
9/18/2025 14:00,avenue41_to_harrisln,NB,0.11,0.68,32.4
9/18/2025 15:00,avenue41_to_harrisln,NB,0.08,0.66,33.3
9/18/2025 16:00,avenue41_to_harrisln,NB,0.09,0.67,32.4
9/18/2025 17:00,avenue41_to_harrisln,NB,0.08,0.65,33
9/18/2025 18:00,avenue41_to_harrisln,NB,0.04,0.58,37
9/18/2025 19:00,avenue41_to_harrisln,NB,0.01,0.57,37.9
9/18/2025 20:00,avenue41_to_harrisln,NB,0.02,0.54,39.7
9/18/2025 21:00,avenue41_to_harrisln,NB,0.03,0.57,38.3
9/18/2025 22:00,avenue41_to_harrisln,NB,0.03,0.55,39.8
9/18/2025 23:00,avenue41_to_harrisln,NB,0,0.47,45.3
9/19/2025 0:00,avenue41_to_harrisln,NB,0.02,0.56,38.6
9/19/2025 1:00,avenue41_to_harrisln,NB,0.01,0.5,43.2
9/19/2025 2:00,avenue41_to_harrisln,NB,0.04,0.56,38.6
9/19/2025 3:00,avenue41_to_harrisln,NB,0,0.49,44.3
9/19/2025 4:00,avenue41_to_harrisln,NB,0,0.52,41.5
9/19/2025 5:00,avenue41_to_harrisln,NB,0,0.49,43.7
9/19/2025 6:00,avenue41_to_harrisln,NB,0.02,0.51,42.3
9/19/2025 7:00,avenue41_to_harrisln,NB,0.12,0.66,34.1
9/19/2025 8:00,avenue41_to_harrisln,NB,0.09,0.64,33.8
9/19/2025 9:00,avenue41_to_harrisln,NB,0.01,0.55,39
9/19/2025 10:00,avenue41_to_harrisln,NB,0.03,0.59,36.8
9/19/2025 11:00,avenue41_to_harrisln,NB,0.04,0.59,36.8
9/19/2025 12:00,avenue41_to_harrisln,NB,0.07,0.61,35.5
9/19/2025 13:00,avenue41_to_harrisln,NB,0.03,0.6,35.9
9/19/2025 14:00,avenue41_to_harrisln,NB,0.19,0.74,30.6
9/19/2025 15:00,avenue41_to_harrisln,NB,0.15,0.72,30.3
9/19/2025 16:00,avenue41_to_harrisln,NB,0.1,0.67,32.5
9/19/2025 17:00,avenue41_to_harrisln,NB,0.04,0.59,36.8
9/19/2025 18:00,avenue41_to_harrisln,NB,0.02,0.57,38
9/19/2025 19:00,avenue41_to_harrisln,NB,0.04,0.57,38.1
9/19/2025 20:00,avenue41_to_harrisln,NB,0.06,0.57,38.3
9/19/2025 21:00,avenue41_to_harrisln,NB,0.01,0.51,42
9/19/2025 22:00,avenue41_to_harrisln,NB,0.01,0.54,40.2
9/19/2025 23:00,avenue41_to_harrisln,NB,0.03,0.56,38.9
9/20/2025 0:00,avenue41_to_harrisln,NB,0.01,0.5,42.5
9/20/2025 1:00,avenue41_to_harrisln,NB,0,0.47,46
9/20/2025 2:00,avenue41_to_harrisln,NB,0.01,0.54,39.9
9/20/2025 3:00,avenue41_to_harrisln,NB,0,0.5,42.6
9/20/2025 4:00,avenue41_to_harrisln,NB,0,0.46,46.9
9/20/2025 5:00,avenue41_to_harrisln,NB,0.01,0.52,41.2
9/20/2025 6:00,avenue41_to_harrisln,NB,0,0.48,44.8
9/20/2025 7:00,avenue41_to_harrisln,NB,0.02,0.53,40.8
9/20/2025 8:00,avenue41_to_harrisln,NB,0.01,0.52,41.2
9/20/2025 9:00,avenue41_to_harrisln,NB,0.03,0.55,39.7
9/20/2025 10:00,avenue41_to_harrisln,NB,0.02,0.55,38.6
9/20/2025 11:00,avenue41_to_harrisln,NB,0.02,0.57,37.6
9/20/2025 12:00,avenue41_to_harrisln,NB,0.02,0.56,38.6
9/20/2025 13:00,avenue41_to_harrisln,NB,0.04,0.57,37.7
9/20/2025 14:00,avenue41_to_harrisln,NB,0.01,0.54,39.6
9/20/2025 15:00,avenue41_to_harrisln,NB,0.02,0.55,39
9/20/2025 16:00,avenue41_to_harrisln,NB,0.04,0.6,35.8
9/20/2025 17:00,avenue41_to_harrisln,NB,0.04,0.59,36.2
9/20/2025 18:00,avenue41_to_harrisln,NB,0,0.53,40.4
9/20/2025 19:00,avenue41_to_harrisln,NB,0.06,0.59,36.7
9/20/2025 20:00,avenue41_to_harrisln,NB,0.02,0.55,39
9/20/2025 21:00,avenue41_to_harrisln,NB,0.02,0.55,38.9
9/20/2025 22:00,avenue41_to_harrisln,NB,0,0.5,42.8
9/20/2025 23:00,avenue41_to_harrisln,NB,0.01,0.51,42.3
9/21/2025 0:00,avenue41_to_harrisln,NB,0.01,0.49,44.6
9/21/2025 1:00,avenue41_to_harrisln,NB,0.09,0.61,35.7
9/21/2025 2:00,avenue41_to_harrisln,NB,0.04,0.55,39.3
9/21/2025 3:00,avenue41_to_harrisln,NB,0.02,0.53,40.6
9/21/2025 4:00,avenue41_to_harrisln,NB,0,0.48,44.9
9/21/2025 5:00,avenue41_to_harrisln,NB,0,0.51,41.9
9/21/2025 6:00,avenue41_to_harrisln,NB,0.01,0.52,41.1
9/21/2025 7:00,avenue41_to_harrisln,NB,0.02,0.52,41.5
9/21/2025 8:00,avenue41_to_harrisln,NB,0.02,0.54,39.8
9/21/2025 9:00,avenue41_to_harrisln,NB,0.01,0.52,41.3
9/21/2025 10:00,avenue41_to_harrisln,NB,0.03,0.56,38.6
9/21/2025 11:00,avenue41_to_harrisln,NB,0,0.55,39.3
9/21/2025 12:00,avenue41_to_harrisln,NB,0.07,0.6,36.8
9/21/2025 13:00,avenue41_to_harrisln,NB,0.05,0.59,37
9/21/2025 14:00,avenue41_to_harrisln,NB,0.02,0.54,39.6
9/21/2025 15:00,avenue41_to_harrisln,NB,0.04,0.55,39
9/21/2025 16:00,avenue41_to_harrisln,NB,0.04,0.57,37.7
9/21/2025 17:00,avenue41_to_harrisln,NB,0,0.53,40.6
9/21/2025 18:00,avenue41_to_harrisln,NB,0.04,0.56,38.3
9/21/2025 19:00,avenue41_to_harrisln,NB,0.02,0.54,40
9/21/2025 20:00,avenue41_to_harrisln,NB,0.01,0.54,40
9/21/2025 21:00,avenue41_to_harrisln,NB,0,0.5,43.2
9/21/2025 22:00,avenue41_to_harrisln,NB,0.04,0.52,42
9/21/2025 23:00,avenue41_to_harrisln,NB,0.02,0.51,41.9
9/22/2025 0:00,avenue41_to_harrisln,NB,0.02,0.52,41.9
9/22/2025 1:00,avenue41_to_harrisln,NB,0,0.47,45.7
9/22/2025 2:00,avenue41_to_harrisln,NB,0,0.47,46.2
9/22/2025 3:00,avenue41_to_harrisln,NB,0,0.45,47.4
9/22/2025 4:00,avenue41_to_harrisln,NB,0,0.47,46
9/22/2025 5:00,avenue41_to_harrisln,NB,0.01,0.5,43.3
9/22/2025 6:00,avenue41_to_harrisln,NB,0.03,0.53,40.7
9/22/2025 7:00,avenue41_to_harrisln,NB,0.04,0.57,38.2
9/22/2025 8:00,avenue41_to_harrisln,NB,0.03,0.58,37.4
9/22/2025 9:00,avenue41_to_harrisln,NB,0.05,0.59,36.8
9/22/2025 10:00,avenue41_to_harrisln,NB,0.05,0.59,36.6
9/22/2025 11:00,avenue41_to_harrisln,NB,0.03,0.58,37.3
9/22/2025 12:00,avenue41_to_harrisln,NB,0.03,0.58,37
9/22/2025 13:00,avenue41_to_harrisln,NB,0.07,0.61,35.7
9/22/2025 14:00,avenue41_to_harrisln,NB,0.08,0.63,34.4
9/22/2025 15:00,avenue41_to_harrisln,NB,0.08,0.65,33.4
9/22/2025 16:00,avenue41_to_harrisln,NB,0.05,0.59,36.5
9/22/2025 17:00,avenue41_to_harrisln,NB,0.06,0.6,35.9
9/22/2025 18:00,avenue41_to_harrisln,NB,0.04,0.56,38.5
9/22/2025 19:00,avenue41_to_harrisln,NB,0.03,0.56,38.5
9/22/2025 20:00,avenue41_to_harrisln,NB,0.01,0.53,40.6
9/22/2025 21:00,avenue41_to_harrisln,NB,0.01,0.53,40.2
9/22/2025 22:00,avenue41_to_harrisln,NB,0.05,0.54,40.6
9/22/2025 23:00,avenue41_to_harrisln,NB,0,0.46,46.6
9/23/2025 0:00,avenue41_to_harrisln,NB,0,0.44,48.5
9/23/2025 1:00,avenue41_to_harrisln,NB,0,0.51,42.3
9/23/2025 2:00,avenue41_to_harrisln,NB,0.07,0.56,39.8
9/23/2025 3:00,avenue41_to_harrisln,NB,0,0.52,41.9
9/23/2025 4:00,avenue41_to_harrisln,NB,0,0.46,46.4
9/23/2025 5:00,avenue41_to_harrisln,NB,0,0.49,43.8
9/23/2025 6:00,avenue41_to_harrisln,NB,0.02,0.55,39.5
9/23/2025 7:00,avenue41_to_harrisln,NB,0.06,0.6,36.5
9/23/2025 8:00,avenue41_to_harrisln,NB,0.09,0.64,34.7
9/23/2025 9:00,avenue41_to_harrisln,NB,0.02,0.56,38.4
9/23/2025 10:00,avenue41_to_harrisln,NB,0.05,0.59,36.9
9/23/2025 11:00,avenue41_to_harrisln,NB,0.09,0.64,34.4
9/23/2025 12:00,avenue41_to_harrisln,NB,0.05,0.61,35.5
9/23/2025 13:00,avenue41_to_harrisln,NB,0.08,0.62,34.9
9/23/2025 14:00,avenue41_to_harrisln,NB,0.09,0.66,33
9/23/2025 15:00,avenue41_to_harrisln,NB,0.12,0.68,31.8
9/23/2025 16:00,avenue41_to_harrisln,NB,0.11,0.67,32.1
9/23/2025 17:00,avenue41_to_harrisln,NB,0.03,0.59,36.4
9/23/2025 18:00,avenue41_to_harrisln,NB,0.05,0.6,36
9/23/2025 19:00,avenue41_to_harrisln,NB,0.04,0.57,38.3
9/23/2025 20:00,avenue41_to_harrisln,NB,0.08,0.62,35.6
9/23/2025 21:00,avenue41_to_harrisln,NB,0.01,0.55,39.1
9/23/2025 22:00,avenue41_to_harrisln,NB,0.03,0.54,40.3
9/23/2025 23:00,avenue41_to_harrisln,NB,0.03,0.5,43.6
9/24/2025 0:00,avenue41_to_harrisln,NB,0,0.45,48.2
9/24/2025 1:00,avenue41_to_harrisln,NB,0,0.51,42.4
9/24/2025 2:00,avenue41_to_harrisln,NB,0,0.46,46.3
9/24/2025 3:00,avenue41_to_harrisln,NB,0,0.49,43.8
9/24/2025 4:00,avenue41_to_harrisln,NB,0,0.47,45.9
9/24/2025 5:00,avenue41_to_harrisln,NB,0.01,0.49,44.1
9/24/2025 6:00,avenue41_to_harrisln,NB,0.03,0.54,40.8
9/24/2025 7:00,avenue41_to_harrisln,NB,0.05,0.58,37
9/24/2025 8:00,avenue41_to_harrisln,NB,0.03,0.57,37.5
9/24/2025 9:00,avenue41_to_harrisln,NB,0.03,0.57,37.7
9/24/2025 10:00,avenue41_to_harrisln,NB,0.05,0.61,35.5
9/24/2025 11:00,avenue41_to_harrisln,NB,0.05,0.6,36.1
9/24/2025 12:00,avenue41_to_harrisln,NB,0.04,0.6,36.3
9/24/2025 13:00,avenue41_to_harrisln,NB,0.11,0.66,33
9/24/2025 14:00,avenue41_to_harrisln,NB,0.04,0.62,34.7
9/24/2025 15:00,avenue41_to_harrisln,NB,0.1,0.66,32.8
9/24/2025 16:00,avenue41_to_harrisln,NB,0.07,0.61,35.7
9/24/2025 17:00,avenue41_to_harrisln,NB,0.05,0.6,36.1
9/24/2025 18:00,avenue41_to_harrisln,NB,0.05,0.58,37
9/24/2025 19:00,avenue41_to_harrisln,NB,0.07,0.62,35.1
9/24/2025 20:00,avenue41_to_harrisln,NB,0.03,0.58,37.3
9/24/2025 21:00,avenue41_to_harrisln,NB,0.01,0.54,39.7
9/24/2025 22:00,avenue41_to_harrisln,NB,0.02,0.53,40.9
9/24/2025 23:00,avenue41_to_harrisln,NB,0.01,0.56,38.9
9/25/2025 0:00,avenue41_to_harrisln,NB,0.01,0.52,41.9
9/25/2025 1:00,avenue41_to_harrisln,NB,0,0.48,44.6
9/25/2025 2:00,avenue41_to_harrisln,NB,0,0.5,42.8
9/25/2025 3:00,avenue41_to_harrisln,NB,0,0.48,44.2
9/25/2025 4:00,avenue41_to_harrisln,NB,0,0.49,44
9/25/2025 5:00,avenue41_to_harrisln,NB,0,0.49,44.2
9/25/2025 6:00,avenue41_to_harrisln,NB,0.01,0.52,41.6
9/25/2025 7:00,avenue41_to_harrisln,NB,0.04,0.58,37.5
9/25/2025 8:00,avenue41_to_harrisln,NB,0.04,0.58,37.4
9/25/2025 9:00,avenue41_to_harrisln,NB,0.03,0.58,37.3
9/25/2025 10:00,avenue41_to_harrisln,NB,0.03,0.59,36.6
9/25/2025 11:00,avenue41_to_harrisln,NB,0.04,0.59,36.7
9/25/2025 12:00,avenue41_to_harrisln,NB,0.03,0.58,36.9
9/25/2025 13:00,avenue41_to_harrisln,NB,0.03,0.57,37.5
9/25/2025 14:00,avenue41_to_harrisln,NB,0.09,0.67,32.3
9/25/2025 15:00,avenue41_to_harrisln,NB,0.14,0.7,31.4
9/25/2025 16:00,avenue41_to_harrisln,NB,0.09,0.66,32.7
9/25/2025 17:00,avenue41_to_harrisln,NB,0.1,0.66,33.3
9/25/2025 18:00,avenue41_to_harrisln,NB,0.04,0.59,36.9
9/25/2025 19:00,avenue41_to_harrisln,NB,0.04,0.59,36.8
9/25/2025 20:00,avenue41_to_harrisln,NB,0.11,0.65,34.4
9/25/2025 21:00,avenue41_to_harrisln,NB,0.06,0.61,35.5
9/25/2025 22:00,avenue41_to_harrisln,NB,0.05,0.57,38.1
9/25/2025 23:00,avenue41_to_harrisln,NB,0.08,0.61,35.8
9/26/2025 0:00,avenue41_to_harrisln,NB,0.02,0.56,38.3
9/26/2025 1:00,avenue41_to_harrisln,NB,0,0.53,40.8
9/26/2025 2:00,avenue41_to_harrisln,NB,0,0.55,39.1
9/26/2025 3:00,avenue41_to_harrisln,NB,0,0.5,42.7
9/26/2025 4:00,avenue41_to_harrisln,NB,0,0.48,44.9
9/26/2025 5:00,avenue41_to_harrisln,NB,0,0.49,44.1
9/26/2025 6:00,avenue41_to_harrisln,NB,0,0.5,42.8
9/26/2025 7:00,avenue41_to_harrisln,NB,0.06,0.6,36
9/26/2025 8:00,avenue41_to_harrisln,NB,0.11,0.67,33.1
9/26/2025 9:00,avenue41_to_harrisln,NB,0.02,0.57,37.4
9/26/2025 10:00,avenue41_to_harrisln,NB,0.07,0.6,36.3
9/26/2025 11:00,avenue41_to_harrisln,NB,0.02,0.58,37
9/26/2025 12:00,avenue41_to_harrisln,NB,0.06,0.61,35.6
9/26/2025 13:00,avenue41_to_harrisln,NB,0.08,0.63,34.4
9/26/2025 14:00,avenue41_to_harrisln,NB,0.15,0.71,31.2
9/26/2025 15:00,avenue41_to_harrisln,NB,0.16,0.74,29.7
9/26/2025 16:00,avenue41_to_harrisln,NB,0.09,0.66,33.2
9/26/2025 17:00,avenue41_to_harrisln,NB,0.06,0.62,35
9/26/2025 18:00,avenue41_to_harrisln,NB,0.04,0.6,36.2
9/26/2025 19:00,avenue41_to_harrisln,NB,0.03,0.57,38.1
9/26/2025 20:00,avenue41_to_harrisln,NB,0.06,0.61,35.6
9/26/2025 21:00,avenue41_to_harrisln,NB,0.05,0.57,38.7
9/26/2025 22:00,avenue41_to_harrisln,NB,0.04,0.55,39.8
9/26/2025 23:00,avenue41_to_harrisln,NB,0.01,0.54,39.9
9/27/2025 0:00,avenue41_to_harrisln,NB,0.02,0.51,42
9/27/2025 1:00,avenue41_to_harrisln,NB,0.06,0.56,40.6
9/27/2025 2:00,avenue41_to_harrisln,NB,0.09,0.61,36.1
9/27/2025 3:00,avenue41_to_harrisln,NB,0.01,0.49,44.6
9/27/2025 4:00,avenue41_to_harrisln,NB,0,0.48,44.6
9/27/2025 5:00,avenue41_to_harrisln,NB,0.02,0.49,43.9
9/27/2025 6:00,avenue41_to_harrisln,NB,0,0.5,43
9/27/2025 7:00,avenue41_to_harrisln,NB,0.01,0.52,41.4
9/27/2025 8:00,avenue41_to_harrisln,NB,0.04,0.58,37.5
9/27/2025 9:00,avenue41_to_harrisln,NB,0.03,0.54,39.6
9/27/2025 10:00,avenue41_to_harrisln,NB,0.01,0.54,39.5
9/27/2025 11:00,avenue41_to_harrisln,NB,0.05,0.57,38
9/27/2025 12:00,avenue41_to_harrisln,NB,0.03,0.56,38.1
9/27/2025 13:00,avenue41_to_harrisln,NB,0.02,0.56,38.4
9/27/2025 14:00,avenue41_to_harrisln,NB,0.05,0.57,38.1
9/27/2025 15:00,avenue41_to_harrisln,NB,0.02,0.56,38.4
9/27/2025 16:00,avenue41_to_harrisln,NB,0.02,0.54,40
9/27/2025 17:00,avenue41_to_harrisln,NB,0.03,0.58,37.4
9/27/2025 18:00,avenue41_to_harrisln,NB,0.04,0.61,35.3
9/27/2025 19:00,avenue41_to_harrisln,NB,0.01,0.56,38
9/27/2025 20:00,avenue41_to_harrisln,NB,0.03,0.58,37.4
9/27/2025 21:00,avenue41_to_harrisln,NB,0.01,0.55,39.1
9/27/2025 22:00,avenue41_to_harrisln,NB,0.02,0.53,40.9
9/27/2025 23:00,avenue41_to_harrisln,NB,0,0.5,43.3
9/28/2025 0:00,avenue41_to_harrisln,NB,0.05,0.57,37.9
9/28/2025 1:00,avenue41_to_harrisln,NB,0,0.47,45.4
9/28/2025 2:00,avenue41_to_harrisln,NB,0,0.48,44.5
9/28/2025 3:00,avenue41_to_harrisln,NB,0,0.46,47.2
9/28/2025 4:00,avenue41_to_harrisln,NB,0,0.46,46.1
9/28/2025 5:00,avenue41_to_harrisln,NB,0,0.49,44.1
9/28/2025 6:00,avenue41_to_harrisln,NB,0,0.48,44.3
9/28/2025 7:00,avenue41_to_harrisln,NB,0,0.48,45
9/28/2025 8:00,avenue41_to_harrisln,NB,0.02,0.55,39.6
9/28/2025 9:00,avenue41_to_harrisln,NB,0.01,0.53,40.4
9/28/2025 10:00,avenue41_to_harrisln,NB,0.01,0.54,40.1
9/28/2025 11:00,avenue41_to_harrisln,NB,0.01,0.55,38.8
9/28/2025 12:00,avenue41_to_harrisln,NB,0.02,0.56,38.2
9/28/2025 13:00,avenue41_to_harrisln,NB,0.03,0.55,39.4
9/28/2025 14:00,avenue41_to_harrisln,NB,0.01,0.54,39.9
9/28/2025 15:00,avenue41_to_harrisln,NB,0.01,0.53,40.5
9/28/2025 16:00,avenue41_to_harrisln,NB,0.01,0.53,40.4
9/28/2025 17:00,avenue41_to_harrisln,NB,0.05,0.58,37.1
9/28/2025 18:00,avenue41_to_harrisln,NB,0.04,0.56,39.1
9/28/2025 19:00,avenue41_to_harrisln,NB,0.05,0.59,36.6
9/28/2025 20:00,avenue41_to_harrisln,NB,0,0.53,40.4
9/28/2025 21:00,avenue41_to_harrisln,NB,0.02,0.54,40.3
9/28/2025 22:00,avenue41_to_harrisln,NB,0.05,0.56,38.9
9/28/2025 23:00,avenue41_to_harrisln,NB,0.01,0.5,43
9/29/2025 0:00,avenue41_to_harrisln,NB,0,0.5,43.3
9/29/2025 1:00,avenue41_to_harrisln,NB,0,0.46,46.9
9/29/2025 2:00,avenue41_to_harrisln,NB,0,0.46,46.4
9/29/2025 3:00,avenue41_to_harrisln,NB,0,0.46,46.7
9/29/2025 4:00,avenue41_to_harrisln,NB,0,0.47,45.7
9/29/2025 5:00,avenue41_to_harrisln,NB,0.01,0.49,43.7
9/29/2025 6:00,avenue41_to_harrisln,NB,0.01,0.51,41.9
9/29/2025 7:00,avenue41_to_harrisln,NB,0.05,0.59,36.7
9/29/2025 8:00,avenue41_to_harrisln,NB,0.06,0.61,35.5
9/29/2025 9:00,avenue41_to_harrisln,NB,0.03,0.57,37.4
9/29/2025 10:00,avenue41_to_harrisln,NB,0.06,0.59,36.7
9/29/2025 11:00,avenue41_to_harrisln,NB,0.01,0.55,39.3
9/29/2025 12:00,avenue41_to_harrisln,NB,0.08,0.63,34.6
9/29/2025 13:00,avenue41_to_harrisln,NB,0.06,0.61,35.7
9/29/2025 14:00,avenue41_to_harrisln,NB,0.1,0.67,32.7
9/29/2025 15:00,avenue41_to_harrisln,NB,0.1,0.66,32.9
9/29/2025 16:00,avenue41_to_harrisln,NB,0.06,0.63,34
9/29/2025 17:00,avenue41_to_harrisln,NB,0.06,0.61,35.2
9/29/2025 18:00,avenue41_to_harrisln,NB,0.03,0.59,36.6
9/29/2025 19:00,avenue41_to_harrisln,NB,0.03,0.58,37.2
9/29/2025 20:00,avenue41_to_harrisln,NB,0.01,0.53,40.9
9/29/2025 21:00,avenue41_to_harrisln,NB,0.02,0.54,40.3
9/29/2025 22:00,avenue41_to_harrisln,NB,0.03,0.55,39.3
9/29/2025 23:00,avenue41_to_harrisln,NB,0.02,0.52,41.7
9/30/2025 0:00,avenue41_to_harrisln,NB,0.02,0.56,39
9/30/2025 1:00,avenue41_to_harrisln,NB,0,0.55,39.4
9/30/2025 2:00,avenue41_to_harrisln,NB,0,0.54,39.8
9/30/2025 3:00,avenue41_to_harrisln,NB,0,0.49,44.1
9/30/2025 4:00,avenue41_to_harrisln,NB,0,0.47,46.1
9/30/2025 5:00,avenue41_to_harrisln,NB,0.02,0.52,41.5
9/30/2025 6:00,avenue41_to_harrisln,NB,0,0.53,40.6
9/30/2025 7:00,avenue41_to_harrisln,NB,0.1,0.63,35.6
9/30/2025 8:00,avenue41_to_harrisln,NB,0.07,0.62,34.9
9/30/2025 9:00,avenue41_to_harrisln,NB,0.06,0.63,34.5
9/30/2025 10:00,avenue41_to_harrisln,NB,0.1,0.65,34
9/30/2025 11:00,avenue41_to_harrisln,NB,0.1,0.66,34.4
9/30/2025 12:00,avenue41_to_harrisln,NB,0.07,0.62,35.1
9/30/2025 13:00,avenue41_to_harrisln,NB,0.01,0.58,37.2
9/30/2025 14:00,avenue41_to_harrisln,NB,0.25,0.82,29.2
9/30/2025 15:00,avenue41_to_harrisln,NB,0.11,0.67,32.3
9/30/2025 16:00,avenue41_to_harrisln,NB,0.15,0.71,30.9
9/30/2025 17:00,avenue41_to_harrisln,NB,0.06,0.62,35.1
9/30/2025 18:00,avenue41_to_harrisln,NB,0.09,0.65,33.9
9/30/2025 19:00,avenue41_to_harrisln,NB,0.06,0.61,35.8
9/30/2025 20:00,avenue41_to_harrisln,NB,0.04,0.57,38.4
9/30/2025 21:00,avenue41_to_harrisln,NB,0.04,0.57,39
9/30/2025 22:00,avenue41_to_harrisln,NB,0.08,0.63,34.5
9/30/2025 23:00,avenue41_to_harrisln,NB,0.01,0.53,40.8
10/1/2025 0:00,avenue41_to_harrisln,NB,0,0.49,43.5
10/1/2025 1:00,avenue41_to_harrisln,NB,0.01,0.49,44.2
10/1/2025 2:00,avenue41_to_harrisln,NB,0,0.53,40.8
10/1/2025 3:00,avenue41_to_harrisln,NB,0,0.46,47.1
10/1/2025 4:00,avenue41_to_harrisln,NB,0,0.51,42.4
10/1/2025 5:00,avenue41_to_harrisln,NB,0.01,0.51,42.3
10/1/2025 6:00,avenue41_to_harrisln,NB,0.01,0.51,42.2
10/1/2025 7:00,avenue41_to_harrisln,NB,0.06,0.58,38.1
10/1/2025 8:00,avenue41_to_harrisln,NB,0.04,0.59,36.6
10/1/2025 9:00,avenue41_to_harrisln,NB,0.03,0.58,37.4
10/1/2025 10:00,avenue41_to_harrisln,NB,0.06,0.58,38.3
10/1/2025 11:00,avenue41_to_harrisln,NB,0.06,0.6,35.9
10/1/2025 12:00,avenue41_to_harrisln,NB,0.03,0.59,36.7
10/1/2025 13:00,avenue41_to_harrisln,NB,0.06,0.61,35.2
10/1/2025 14:00,avenue41_to_harrisln,NB,0.08,0.64,33.7
10/1/2025 15:00,avenue41_to_harrisln,NB,0.11,0.67,32.7
10/1/2025 16:00,avenue41_to_harrisln,NB,0.05,0.6,35.6
10/1/2025 17:00,avenue41_to_harrisln,NB,0.04,0.59,36.4
10/1/2025 18:00,avenue41_to_harrisln,NB,0.02,0.56,38.3
10/1/2025 19:00,avenue41_to_harrisln,NB,0.03,0.55,39.2
10/1/2025 20:00,avenue41_to_harrisln,NB,0.05,0.59,36.7
10/1/2025 21:00,avenue41_to_harrisln,NB,0.03,0.55,39.3
10/1/2025 22:00,avenue41_to_harrisln,NB,0.03,0.54,39.9
10/1/2025 23:00,avenue41_to_harrisln,NB,0.04,0.53,41.5
10/2/2025 0:00,avenue41_to_harrisln,NB,0,0.5,43.1
10/2/2025 1:00,avenue41_to_harrisln,NB,0,0.54,39.6
10/2/2025 2:00,avenue41_to_harrisln,NB,0.09,0.59,38
10/2/2025 3:00,avenue41_to_harrisln,NB,0.01,0.56,38.6
10/2/2025 4:00,avenue41_to_harrisln,NB,0.01,0.51,42.3
10/2/2025 5:00,avenue41_to_harrisln,NB,0,0.5,43.4
10/2/2025 6:00,avenue41_to_harrisln,NB,0.03,0.55,39.6
10/2/2025 7:00,avenue41_to_harrisln,NB,0.07,0.61,36
10/2/2025 8:00,avenue41_to_harrisln,NB,0.09,0.62,35.1
10/2/2025 9:00,avenue41_to_harrisln,NB,0.08,0.63,35.2
10/2/2025 10:00,avenue41_to_harrisln,NB,0.02,0.55,39.1
10/2/2025 11:00,avenue41_to_harrisln,NB,0.06,0.62,35.2
10/2/2025 12:00,avenue41_to_harrisln,NB,0.06,0.6,36.4
10/2/2025 13:00,avenue41_to_harrisln,NB,0.02,0.59,36.7
10/2/2025 14:00,avenue41_to_harrisln,NB,0.06,0.62,34.8
10/2/2025 15:00,avenue41_to_harrisln,NB,0.13,0.68,32
10/2/2025 16:00,avenue41_to_harrisln,NB,0.07,0.63,34.3
10/2/2025 17:00,avenue41_to_harrisln,NB,0.08,0.64,33.7
10/2/2025 18:00,avenue41_to_harrisln,NB,0.04,0.59,36.9
10/2/2025 19:00,avenue41_to_harrisln,NB,0.01,0.53,40.9
10/2/2025 20:00,avenue41_to_harrisln,NB,0.03,0.56,38.5
10/2/2025 21:00,avenue41_to_harrisln,NB,0.02,0.54,40.2
10/2/2025 22:00,avenue41_to_harrisln,NB,0,0.52,41
10/2/2025 23:00,avenue41_to_harrisln,NB,0,0.49,44.1
10/3/2025 0:00,avenue41_to_harrisln,NB,0,0.52,40.9
10/3/2025 1:00,avenue41_to_harrisln,NB,0,0.5,43.3
10/3/2025 2:00,avenue41_to_harrisln,NB,0,0.46,46.6
10/3/2025 3:00,avenue41_to_harrisln,NB,0,0.48,44.4
10/3/2025 4:00,avenue41_to_harrisln,NB,0,0.46,46.1
10/3/2025 5:00,avenue41_to_harrisln,NB,0,0.48,44.8
10/3/2025 6:00,avenue41_to_harrisln,NB,0.01,0.51,41.9
10/3/2025 7:00,avenue41_to_harrisln,NB,0.07,0.6,36.2
10/3/2025 8:00,avenue41_to_harrisln,NB,0.04,0.59,36.5
10/3/2025 9:00,avenue41_to_harrisln,NB,0.06,0.6,36.2
10/3/2025 10:00,avenue41_to_harrisln,NB,0.05,0.6,36.4
10/3/2025 11:00,avenue41_to_harrisln,NB,0.04,0.61,35.6
10/3/2025 12:00,avenue41_to_harrisln,NB,0.05,0.62,34.8
10/3/2025 13:00,avenue41_to_harrisln,NB,0.05,0.61,35.8
10/3/2025 14:00,avenue41_to_harrisln,NB,0.14,0.7,31.3
10/3/2025 15:00,avenue41_to_harrisln,NB,0.14,0.71,30.8
10/3/2025 16:00,avenue41_to_harrisln,NB,0.18,0.73,30
10/3/2025 17:00,avenue41_to_harrisln,NB,0.07,0.63,34.2
10/3/2025 18:00,avenue41_to_harrisln,NB,0.03,0.59,36.3
10/3/2025 19:00,avenue41_to_harrisln,NB,0.01,0.56,38.3
10/3/2025 20:00,avenue41_to_harrisln,NB,0.04,0.59,37.2
10/3/2025 21:00,avenue41_to_harrisln,NB,0.01,0.56,38.7
10/3/2025 22:00,avenue41_to_harrisln,NB,0.06,0.59,36.8
10/3/2025 23:00,avenue41_to_harrisln,NB,0.04,0.58,37.3
10/4/2025 0:00,avenue41_to_harrisln,NB,0,0.52,41.3
10/4/2025 1:00,avenue41_to_harrisln,NB,0,0.49,43.6
10/4/2025 2:00,avenue41_to_harrisln,NB,0,0.49,43.8
10/4/2025 3:00,avenue41_to_harrisln,NB,0,0.51,42
10/4/2025 4:00,avenue41_to_harrisln,NB,0.05,0.58,37.4
10/4/2025 5:00,avenue41_to_harrisln,NB,0.01,0.48,44.8
10/4/2025 6:00,avenue41_to_harrisln,NB,0.03,0.52,42.2
10/4/2025 7:00,avenue41_to_harrisln,NB,0.08,0.6,37
10/4/2025 8:00,avenue41_to_harrisln,NB,0,0.51,42.1
10/4/2025 9:00,avenue41_to_harrisln,NB,0.04,0.56,38.6
10/4/2025 10:00,avenue41_to_harrisln,NB,0.02,0.56,38.4
10/4/2025 11:00,avenue41_to_harrisln,NB,0.02,0.56,38.5
10/4/2025 12:00,avenue41_to_harrisln,NB,0.06,0.61,35.9
10/4/2025 13:00,avenue41_to_harrisln,NB,0.03,0.56,38.3
10/4/2025 14:00,avenue41_to_harrisln,NB,0.02,0.56,38.4
10/4/2025 15:00,avenue41_to_harrisln,NB,0.02,0.57,37.7
10/4/2025 16:00,avenue41_to_harrisln,NB,0.1,0.65,33.8
10/4/2025 17:00,avenue41_to_harrisln,NB,0.03,0.57,38.2
10/4/2025 18:00,avenue41_to_harrisln,NB,0.03,0.59,36.7
10/4/2025 19:00,avenue41_to_harrisln,NB,0.04,0.59,36.6
10/4/2025 20:00,avenue41_to_harrisln,NB,0.02,0.54,39.5
10/4/2025 21:00,avenue41_to_harrisln,NB,0.05,0.58,37.8
10/4/2025 22:00,avenue41_to_harrisln,NB,0.02,0.55,39.5
10/4/2025 23:00,avenue41_to_harrisln,NB,0.03,0.52,41.5
10/5/2025 0:00,avenue41_to_harrisln,NB,0.03,0.57,38.3
10/5/2025 1:00,avenue41_to_harrisln,NB,0,0.51,42
10/5/2025 2:00,avenue41_to_harrisln,NB,0,0.5,43
10/5/2025 3:00,avenue41_to_harrisln,NB,0,0.48,44.5
10/5/2025 4:00,avenue41_to_harrisln,NB,0,0.51,42.4
10/5/2025 5:00,avenue41_to_harrisln,NB,0,0.48,44.6
10/5/2025 6:00,avenue41_to_harrisln,NB,0,0.51,41.9
10/5/2025 7:00,avenue41_to_harrisln,NB,0,0.48,44.4
10/5/2025 8:00,avenue41_to_harrisln,NB,0.02,0.54,40.3
10/5/2025 9:00,avenue41_to_harrisln,NB,0,0.5,42.7
10/5/2025 10:00,avenue41_to_harrisln,NB,0.01,0.54,39.8
10/5/2025 11:00,avenue41_to_harrisln,NB,0.02,0.55,38.9
10/5/2025 12:00,avenue41_to_harrisln,NB,0.04,0.57,38
10/5/2025 13:00,avenue41_to_harrisln,NB,0.01,0.57,37.8
10/5/2025 14:00,avenue41_to_harrisln,NB,0,0.5,42.5
10/5/2025 15:00,avenue41_to_harrisln,NB,0.01,0.52,41
10/5/2025 16:00,avenue41_to_harrisln,NB,0.01,0.54,40
10/5/2025 17:00,avenue41_to_harrisln,NB,0.04,0.57,38.3
10/5/2025 18:00,avenue41_to_harrisln,NB,0.02,0.53,40.7
10/5/2025 19:00,avenue41_to_harrisln,NB,0,0.53,40.2
10/5/2025 20:00,avenue41_to_harrisln,NB,0.01,0.54,39.6
10/5/2025 21:00,avenue41_to_harrisln,NB,0.01,0.53,40.5
10/5/2025 22:00,avenue41_to_harrisln,NB,0,0.48,44.3
10/5/2025 23:00,avenue41_to_harrisln,NB,0,0.5,43.1
10/6/2025 0:00,avenue41_to_harrisln,NB,0,0.51,42.4
10/6/2025 1:00,avenue41_to_harrisln,NB,0,0.52,41.2
10/6/2025 2:00,avenue41_to_harrisln,NB,0,0.47,45.2
10/6/2025 3:00,avenue41_to_harrisln,NB,0,0.48,44.3
10/6/2025 4:00,avenue41_to_harrisln,NB,0,0.48,44.6
10/6/2025 5:00,avenue41_to_harrisln,NB,0,0.47,45.7
10/6/2025 6:00,avenue41_to_harrisln,NB,0.02,0.53,40.7
10/6/2025 7:00,avenue41_to_harrisln,NB,0.05,0.58,37.6
10/6/2025 8:00,avenue41_to_harrisln,NB,0.04,0.6,36.2
10/6/2025 9:00,avenue41_to_harrisln,NB,0.03,0.57,37.7
10/6/2025 10:00,avenue41_to_harrisln,NB,0.02,0.57,37.4
10/6/2025 11:00,avenue41_to_harrisln,NB,0.05,0.59,36.6
10/6/2025 12:00,avenue41_to_harrisln,NB,0.09,0.65,33.6
10/6/2025 13:00,avenue41_to_harrisln,NB,0.06,0.6,35.6
10/6/2025 14:00,avenue41_to_harrisln,NB,0.06,0.62,34.9
10/6/2025 15:00,avenue41_to_harrisln,NB,0.09,0.66,32.4
10/6/2025 16:00,avenue41_to_harrisln,NB,0.04,0.6,35.6
10/6/2025 17:00,avenue41_to_harrisln,NB,0.1,0.65,33.7
10/6/2025 18:00,avenue41_to_harrisln,NB,0.05,0.6,36.1
10/6/2025 19:00,avenue41_to_harrisln,NB,0.04,0.6,36.4
10/6/2025 20:00,avenue41_to_harrisln,NB,0.01,0.53,41.1
10/6/2025 21:00,avenue41_to_harrisln,NB,0.05,0.57,37.9
10/6/2025 22:00,avenue41_to_harrisln,NB,0.01,0.52,41.7
10/6/2025 23:00,avenue41_to_harrisln,NB,0.09,0.6,36
10/7/2025 0:00,avenue41_to_harrisln,NB,0,0.5,43.2
10/7/2025 1:00,avenue41_to_harrisln,NB,0,0.47,45.6
10/7/2025 2:00,avenue41_to_harrisln,NB,0,0.49,43.4
10/7/2025 3:00,avenue41_to_harrisln,NB,0,0.49,43.6
10/7/2025 4:00,avenue41_to_harrisln,NB,0,0.5,42.9
10/7/2025 5:00,avenue41_to_harrisln,NB,0,0.51,41.9
10/7/2025 6:00,avenue41_to_harrisln,NB,0.01,0.54,39.7
10/7/2025 7:00,avenue41_to_harrisln,NB,0.08,0.61,36.8
10/7/2025 8:00,avenue41_to_harrisln,NB,0.1,0.64,34.1
10/7/2025 9:00,avenue41_to_harrisln,NB,0.02,0.54,39.6
10/7/2025 10:00,avenue41_to_harrisln,NB,0.05,0.61,35.6
10/7/2025 11:00,avenue41_to_harrisln,NB,0.04,0.59,36.7
10/7/2025 12:00,avenue41_to_harrisln,NB,0.04,0.58,37
10/7/2025 13:00,avenue41_to_harrisln,NB,0.04,0.61,35.7
10/7/2025 14:00,avenue41_to_harrisln,NB,0.09,0.64,33.6
10/7/2025 15:00,avenue41_to_harrisln,NB,0.09,0.66,33
10/7/2025 16:00,avenue41_to_harrisln,NB,0.16,0.72,29.9
10/7/2025 17:00,avenue41_to_harrisln,NB,0.08,0.63,34.3
10/7/2025 18:00,avenue41_to_harrisln,NB,0.05,0.59,36.5
10/7/2025 19:00,avenue41_to_harrisln,NB,0.07,0.59,36.9
10/7/2025 20:00,avenue41_to_harrisln,NB,0.03,0.55,39
10/7/2025 21:00,avenue41_to_harrisln,NB,0.02,0.55,38.9
10/7/2025 22:00,avenue41_to_harrisln,NB,0,0.49,43.7
10/7/2025 23:00,avenue41_to_harrisln,NB,0,0.47,46.4
10/8/2025 0:00,avenue41_to_harrisln,NB,0,0.49,43.9
10/8/2025 1:00,avenue41_to_harrisln,NB,0.01,0.53,41.1
10/8/2025 2:00,avenue41_to_harrisln,NB,0.01,0.53,40.7
10/8/2025 3:00,avenue41_to_harrisln,NB,0,0.46,46.6
10/8/2025 4:00,avenue41_to_harrisln,NB,0,0.48,45.1
10/8/2025 5:00,avenue41_to_harrisln,NB,0.01,0.53,40.4
10/8/2025 6:00,avenue41_to_harrisln,NB,0.02,0.52,41.4
10/8/2025 7:00,avenue41_to_harrisln,NB,0.05,0.58,37.2
10/8/2025 8:00,avenue41_to_harrisln,NB,0.04,0.58,37.3
10/8/2025 9:00,avenue41_to_harrisln,NB,0.05,0.59,36.7
10/8/2025 10:00,avenue41_to_harrisln,NB,0.01,0.54,40
10/8/2025 11:00,avenue41_to_harrisln,NB,0.09,0.65,33.9
10/8/2025 12:00,avenue41_to_harrisln,NB,0.06,0.61,35.3
10/8/2025 13:00,avenue41_to_harrisln,NB,0.07,0.62,35
10/8/2025 14:00,avenue41_to_harrisln,NB,0.06,0.64,33.5
10/8/2025 15:00,avenue41_to_harrisln,NB,0.39,0.96,27
10/8/2025 16:00,avenue41_to_harrisln,NB,0.08,0.66,32.8
10/8/2025 17:00,avenue41_to_harrisln,NB,0.1,0.65,33.6
10/8/2025 18:00,avenue41_to_harrisln,NB,0.08,0.6,35.9
10/8/2025 19:00,avenue41_to_harrisln,NB,0.04,0.57,38.4
10/8/2025 20:00,avenue41_to_harrisln,NB,0.06,0.6,36.6
10/8/2025 21:00,avenue41_to_harrisln,NB,0.02,0.54,40.2
10/8/2025 22:00,avenue41_to_harrisln,NB,0.02,0.55,39.6
10/8/2025 23:00,avenue41_to_harrisln,NB,0,0.54,39.8
10/9/2025 0:00,avenue41_to_harrisln,NB,0.04,0.54,40.3
10/9/2025 1:00,avenue41_to_harrisln,NB,0,0.5,42.8
10/9/2025 2:00,avenue41_to_harrisln,NB,0.09,0.61,36
10/9/2025 3:00,avenue41_to_harrisln,NB,0,0.48,44.7
10/9/2025 4:00,avenue41_to_harrisln,NB,0,0.49,44
10/9/2025 5:00,avenue41_to_harrisln,NB,0,0.48,44.8
10/9/2025 6:00,avenue41_to_harrisln,NB,0.03,0.55,39.2
10/9/2025 7:00,avenue41_to_harrisln,NB,0.07,0.61,35.5
10/9/2025 8:00,avenue41_to_harrisln,NB,0.07,0.62,35.2
10/9/2025 9:00,avenue41_to_harrisln,NB,0.03,0.56,38.7
10/9/2025 10:00,avenue41_to_harrisln,NB,0.02,0.58,37.3
10/9/2025 11:00,avenue41_to_harrisln,NB,0.03,0.59,36.6
10/9/2025 12:00,avenue41_to_harrisln,NB,0.03,0.58,37.3
10/9/2025 13:00,avenue41_to_harrisln,NB,0.12,0.68,32.1
10/9/2025 14:00,avenue41_to_harrisln,NB,0.06,0.63,34.5
10/9/2025 15:00,avenue41_to_harrisln,NB,0.18,0.75,28.8
10/9/2025 16:00,avenue41_to_harrisln,NB,0.12,0.69,32.1
10/9/2025 17:00,avenue41_to_harrisln,NB,0.03,0.58,36.9
10/9/2025 18:00,avenue41_to_harrisln,NB,0.09,0.63,34.8
10/9/2025 19:00,avenue41_to_harrisln,NB,0.08,0.64,34.1
10/9/2025 20:00,avenue41_to_harrisln,NB,0.04,0.57,38.1
10/9/2025 21:00,avenue41_to_harrisln,NB,0.07,0.6,35.8
10/9/2025 22:00,avenue41_to_harrisln,NB,0.05,0.58,37.5
10/9/2025 23:00,avenue41_to_harrisln,NB,0,0.52,41.6
10/10/2025 0:00,avenue41_to_harrisln,NB,0,0.47,45.9
10/10/2025 1:00,avenue41_to_harrisln,NB,0.01,0.48,44.4
10/10/2025 2:00,avenue41_to_harrisln,NB,0,0.49,43.7
10/10/2025 3:00,avenue41_to_harrisln,NB,0,0.45,48
10/10/2025 4:00,avenue41_to_harrisln,NB,0,0.49,43.7
10/10/2025 5:00,avenue41_to_harrisln,NB,0,0.52,41.5
10/10/2025 6:00,avenue41_to_harrisln,NB,0.01,0.5,42.7
10/10/2025 7:00,avenue41_to_harrisln,NB,0.12,0.65,34.5
10/10/2025 8:00,avenue41_to_harrisln,NB,0.03,0.57,37.4
10/10/2025 9:00,avenue41_to_harrisln,NB,0.03,0.6,36
10/10/2025 10:00,avenue41_to_harrisln,NB,0.05,0.61,35.1
10/10/2025 11:00,avenue41_to_harrisln,NB,0.06,0.61,35.2
10/10/2025 12:00,avenue41_to_harrisln,NB,0.07,0.63,34.8
10/10/2025 13:00,avenue41_to_harrisln,NB,0.07,0.63,34.8
10/10/2025 14:00,avenue41_to_harrisln,NB,0.11,0.68,32.1
10/10/2025 15:00,avenue41_to_harrisln,NB,0.14,0.7,31.5
10/10/2025 16:00,avenue41_to_harrisln,NB,0.15,0.72,30.7
10/10/2025 17:00,avenue41_to_harrisln,NB,0.12,0.67,33.3
10/10/2025 18:00,avenue41_to_harrisln,NB,0.05,0.62,35.1
10/10/2025 19:00,avenue41_to_harrisln,NB,0.01,0.54,39.5
10/10/2025 20:00,avenue41_to_harrisln,NB,0.04,0.59,36.7
10/10/2025 21:00,avenue41_to_harrisln,NB,0.02,0.56,38.4
10/10/2025 22:00,avenue41_to_harrisln,NB,0.01,0.54,40.1
10/10/2025 23:00,avenue41_to_harrisln,NB,0,0.54,40.1
10/11/2025 0:00,avenue41_to_harrisln,NB,0,0.52,41.2
10/11/2025 1:00,avenue41_to_harrisln,NB,0,0.46,47
10/11/2025 2:00,avenue41_to_harrisln,NB,0,0.5,42.6
10/11/2025 3:00,avenue41_to_harrisln,NB,0,0.51,41.6
10/11/2025 4:00,avenue41_to_harrisln,NB,0,0.5,43.1
10/11/2025 5:00,avenue41_to_harrisln,NB,0.01,0.52,41.9
10/11/2025 6:00,avenue41_to_harrisln,NB,0.01,0.52,41.3
10/11/2025 7:00,avenue41_to_harrisln,NB,0.03,0.53,40.9
10/11/2025 8:00,avenue41_to_harrisln,NB,0.06,0.57,37.8
10/11/2025 9:00,avenue41_to_harrisln,NB,0.02,0.53,40.4
10/11/2025 10:00,avenue41_to_harrisln,NB,0.05,0.6,35.9
10/11/2025 11:00,avenue41_to_harrisln,NB,0.06,0.6,36.6
10/11/2025 12:00,avenue41_to_harrisln,NB,0.01,0.51,42.9
10/11/2025 13:00,avenue41_to_harrisln,NB,0,0.43,50
10/11/2025 14:00,avenue41_to_harrisln,NB,0,0.43,50
10/11/2025 15:00,avenue41_to_harrisln,NB,0,0.43,50
10/11/2025 16:00,avenue41_to_harrisln,NB,0.07,0.61,36
10/11/2025 17:00,avenue41_to_harrisln,NB,0.03,0.55,39.1
10/11/2025 18:00,avenue41_to_harrisln,NB,0.02,0.55,38.8
10/11/2025 19:00,avenue41_to_harrisln,NB,0.02,0.55,38.8
10/11/2025 20:00,avenue41_to_harrisln,NB,0.02,0.59,36.5
10/11/2025 21:00,avenue41_to_harrisln,NB,0.02,0.54,39.6
10/11/2025 22:00,avenue41_to_harrisln,NB,0,0.53,40.5
10/11/2025 23:00,avenue41_to_harrisln,NB,0.02,0.55,39.3
10/12/2025 0:00,avenue41_to_harrisln,NB,0,0.5,42.9
10/12/2025 1:00,avenue41_to_harrisln,NB,0,0.53,40.6
10/12/2025 2:00,avenue41_to_harrisln,NB,0,0.46,46.9
10/12/2025 3:00,avenue41_to_harrisln,NB,0,0.45,47.5
10/12/2025 4:00,avenue41_to_harrisln,NB,0,0.46,46.6
10/12/2025 5:00,avenue41_to_harrisln,NB,0,0.52,41.8
10/12/2025 6:00,avenue41_to_harrisln,NB,0,0.49,44.2
10/12/2025 7:00,avenue41_to_harrisln,NB,0.01,0.49,43.6
10/12/2025 8:00,avenue41_to_harrisln,NB,0.01,0.52,41.5
10/12/2025 9:00,avenue41_to_harrisln,NB,0.03,0.57,38.1
10/12/2025 10:00,avenue41_to_harrisln,NB,0.01,0.52,41.1
10/12/2025 11:00,avenue41_to_harrisln,NB,0,0.54,39.6
10/12/2025 12:00,avenue41_to_harrisln,NB,0.05,0.57,38.1
10/12/2025 13:00,avenue41_to_harrisln,NB,0.04,0.55,39.2
10/12/2025 14:00,avenue41_to_harrisln,NB,0.04,0.57,38.1
10/12/2025 15:00,avenue41_to_harrisln,NB,0.02,0.55,39.4
10/12/2025 16:00,avenue41_to_harrisln,NB,0.01,0.57,37.8
10/12/2025 17:00,avenue41_to_harrisln,NB,0.03,0.57,38
10/12/2025 18:00,avenue41_to_harrisln,NB,0.02,0.53,40.4
10/12/2025 19:00,avenue41_to_harrisln,NB,0.04,0.57,38.2
10/12/2025 20:00,avenue41_to_harrisln,NB,0.02,0.56,38.4
10/12/2025 21:00,avenue41_to_harrisln,NB,0.03,0.56,38.3
10/12/2025 22:00,avenue41_to_harrisln,NB,0,0.5,43.3
10/12/2025 23:00,avenue41_to_harrisln,NB,0.01,0.5,42.9
10/13/2025 0:00,avenue41_to_harrisln,NB,0.05,0.57,37.8
10/13/2025 1:00,avenue41_to_harrisln,NB,0.01,0.5,43
10/13/2025 2:00,avenue41_to_harrisln,NB,0,0.47,45.6
10/13/2025 3:00,avenue41_to_harrisln,NB,0,0.45,47.4
10/13/2025 4:00,avenue41_to_harrisln,NB,0,0.49,44
10/13/2025 5:00,avenue41_to_harrisln,NB,0,0.48,45
10/13/2025 6:00,avenue41_to_harrisln,NB,0.01,0.55,39.1
10/13/2025 7:00,avenue41_to_harrisln,NB,0.07,0.6,36
10/13/2025 8:00,avenue41_to_harrisln,NB,0.09,0.64,34.1
10/13/2025 9:00,avenue41_to_harrisln,NB,0.09,0.63,34.1
10/13/2025 10:00,avenue41_to_harrisln,NB,0.05,0.6,35.8
10/13/2025 11:00,avenue41_to_harrisln,NB,0.02,0.58,37.4
10/13/2025 12:00,avenue41_to_harrisln,NB,0.08,0.63,34.8
10/13/2025 13:00,avenue41_to_harrisln,NB,0.07,0.62,35
10/13/2025 14:00,avenue41_to_harrisln,NB,0.07,0.64,33.8
10/13/2025 15:00,avenue41_to_harrisln,NB,0.08,0.65,32.9
10/13/2025 16:00,avenue41_to_harrisln,NB,0.09,0.65,33.2
10/13/2025 17:00,avenue41_to_harrisln,NB,0.05,0.6,35.9
10/13/2025 18:00,avenue41_to_harrisln,NB,0.05,0.59,36.7
10/13/2025 19:00,avenue41_to_harrisln,NB,0.03,0.56,38.4
10/13/2025 20:00,avenue41_to_harrisln,NB,0.05,0.59,37.1
10/13/2025 21:00,avenue41_to_harrisln,NB,0.01,0.55,38.9
10/13/2025 22:00,avenue41_to_harrisln,NB,0.01,0.52,41.4
10/13/2025 23:00,avenue41_to_harrisln,NB,0.02,0.53,41
10/14/2025 0:00,avenue41_to_harrisln,NB,0,0.48,45
10/14/2025 1:00,avenue41_to_harrisln,NB,0,0.53,40.8
10/14/2025 2:00,avenue41_to_harrisln,NB,0,0.46,47.3
10/14/2025 3:00,avenue41_to_harrisln,NB,0,0.49,43.2
10/14/2025 4:00,avenue41_to_harrisln,NB,0,0.44,48.3
10/14/2025 5:00,avenue41_to_harrisln,NB,0.03,0.55,40
10/14/2025 6:00,avenue41_to_harrisln,NB,0.01,0.51,42.1
10/14/2025 7:00,avenue41_to_harrisln,NB,0.05,0.59,36.9
10/14/2025 8:00,avenue41_to_harrisln,NB,0.07,0.61,35.6
10/14/2025 9:00,avenue41_to_harrisln,NB,0.03,0.57,37.6
10/14/2025 10:00,avenue41_to_harrisln,NB,0.01,0.55,38.8
10/14/2025 11:00,avenue41_to_harrisln,NB,0.04,0.58,36.9
10/14/2025 12:00,avenue41_to_harrisln,NB,0.1,0.66,33.3
10/14/2025 13:00,avenue41_to_harrisln,NB,0.05,0.62,35
10/14/2025 14:00,avenue41_to_harrisln,NB,0.08,0.64,33.7
10/14/2025 15:00,avenue41_to_harrisln,NB,0.14,0.71,30.6
10/14/2025 16:00,avenue41_to_harrisln,NB,0.1,0.64,34.4
10/14/2025 17:00,avenue41_to_harrisln,NB,0.07,0.64,33.6
10/14/2025 18:00,avenue41_to_harrisln,NB,0.03,0.56,38.1
10/14/2025 19:00,avenue41_to_harrisln,NB,0.02,0.55,39.2
10/14/2025 20:00,avenue41_to_harrisln,NB,0.02,0.56,38.4
10/14/2025 21:00,avenue41_to_harrisln,NB,0.02,0.53,40.8
10/14/2025 22:00,avenue41_to_harrisln,NB,0.01,0.52,41.2
10/14/2025 23:00,avenue41_to_harrisln,NB,0.01,0.52,41.8
10/15/2025 0:00,avenue41_to_harrisln,NB,0,0.51,42.7
10/15/2025 1:00,avenue41_to_harrisln,NB,0,0.51,42.2
10/15/2025 2:00,avenue41_to_harrisln,NB,0,0.48,45
10/15/2025 3:00,avenue41_to_harrisln,NB,0,0.45,47.9
10/15/2025 4:00,avenue41_to_harrisln,NB,0,0.5,43.3
10/15/2025 5:00,avenue41_to_harrisln,NB,0.01,0.48,45
10/15/2025 6:00,avenue41_to_harrisln,NB,0.01,0.51,41.9
10/15/2025 7:00,avenue41_to_harrisln,NB,0.06,0.58,37.6
10/15/2025 8:00,avenue41_to_harrisln,NB,0.07,0.63,34.2
10/15/2025 9:00,avenue41_to_harrisln,NB,0.03,0.58,37.2
10/15/2025 10:00,avenue41_to_harrisln,NB,0.03,0.58,37.3
10/15/2025 11:00,avenue41_to_harrisln,NB,0.04,0.59,36.3
10/15/2025 12:00,avenue41_to_harrisln,NB,0.05,0.6,35.8
10/15/2025 13:00,avenue41_to_harrisln,NB,0.1,0.67,32.6
10/15/2025 14:00,avenue41_to_harrisln,NB,0.1,0.68,32
10/15/2025 15:00,avenue41_to_harrisln,NB,0.11,0.67,32.3
10/15/2025 16:00,avenue41_to_harrisln,NB,0.08,0.65,33.4
10/15/2025 17:00,avenue41_to_harrisln,NB,0.09,0.64,34.6
10/15/2025 18:00,avenue41_to_harrisln,NB,0.03,0.58,36.8
10/15/2025 19:00,avenue41_to_harrisln,NB,0.02,0.56,38.3
10/15/2025 20:00,avenue41_to_harrisln,NB,0.04,0.56,38.2
10/15/2025 21:00,avenue41_to_harrisln,NB,0.07,0.58,38
10/15/2025 22:00,avenue41_to_harrisln,NB,0.02,0.52,41.1
10/15/2025 23:00,avenue41_to_harrisln,NB,0.03,0.54,40.4
10/16/2025 0:00,avenue41_to_harrisln,NB,0,0.47,45.8
10/16/2025 1:00,avenue41_to_harrisln,NB,0,0.47,45.9
10/16/2025 2:00,avenue41_to_harrisln,NB,0,0.47,45.1
10/16/2025 3:00,avenue41_to_harrisln,NB,0,0.49,43.4
10/16/2025 4:00,avenue41_to_harrisln,NB,0,0.51,42.1
10/16/2025 5:00,avenue41_to_harrisln,NB,0.05,0.56,39
10/16/2025 6:00,avenue41_to_harrisln,NB,0.07,0.59,37.1
10/16/2025 7:00,avenue41_to_harrisln,NB,0.1,0.64,34.5
10/16/2025 8:00,avenue41_to_harrisln,NB,0.05,0.61,35.4
10/16/2025 9:00,avenue41_to_harrisln,NB,0.03,0.56,38.4
10/16/2025 10:00,avenue41_to_harrisln,NB,0.05,0.59,36.5
10/16/2025 11:00,avenue41_to_harrisln,NB,0.05,0.6,35.7
10/16/2025 12:00,avenue41_to_harrisln,NB,0.08,0.65,33.1
10/16/2025 13:00,avenue41_to_harrisln,NB,0.04,0.6,35.8
10/16/2025 14:00,avenue41_to_harrisln,NB,0.14,0.71,31.6
10/16/2025 15:00,avenue41_to_harrisln,NB,0.15,0.71,30.8
10/16/2025 16:00,avenue41_to_harrisln,NB,0.12,0.69,31.6
10/16/2025 17:00,avenue41_to_harrisln,NB,0.06,0.64,33.9
10/16/2025 18:00,avenue41_to_harrisln,NB,0.09,0.63,34.8
10/16/2025 19:00,avenue41_to_harrisln,NB,0.04,0.58,37.6
10/16/2025 20:00,avenue41_to_harrisln,NB,0.03,0.56,38.6
10/16/2025 21:00,avenue41_to_harrisln,NB,0.01,0.52,41
10/16/2025 22:00,avenue41_to_harrisln,NB,0.02,0.52,41.6
10/16/2025 23:00,avenue41_to_harrisln,NB,0,0.5,43.2
10/17/2025 0:00,avenue41_to_harrisln,NB,0,0.48,44.8
10/17/2025 1:00,avenue41_to_harrisln,NB,0.01,0.54,40.3
10/17/2025 2:00,avenue41_to_harrisln,NB,0.01,0.5,43.3
10/17/2025 3:00,avenue41_to_harrisln,NB,0,0.51,42.2
10/17/2025 4:00,avenue41_to_harrisln,NB,0,0.5,43.3
10/17/2025 5:00,avenue41_to_harrisln,NB,0,0.46,47.1
10/17/2025 6:00,avenue41_to_harrisln,NB,0.01,0.52,41.3
10/17/2025 7:00,avenue41_to_harrisln,NB,0.05,0.58,37.8
10/17/2025 8:00,avenue41_to_harrisln,NB,0.04,0.57,37.7
10/17/2025 9:00,avenue41_to_harrisln,NB,0.06,0.61,35.5
10/17/2025 10:00,avenue41_to_harrisln,NB,0.04,0.59,36.6
10/17/2025 11:00,avenue41_to_harrisln,NB,0.07,0.65,33.2
10/17/2025 12:00,avenue41_to_harrisln,NB,0.06,0.61,36.4
10/17/2025 13:00,avenue41_to_harrisln,NB,0.11,0.64,34.9
10/17/2025 14:00,avenue41_to_harrisln,NB,0.08,0.65,33.5
10/17/2025 15:00,avenue41_to_harrisln,NB,0.13,0.7,31.1
10/17/2025 16:00,avenue41_to_harrisln,NB,0.07,0.63,34.8
10/17/2025 17:00,avenue41_to_harrisln,NB,0.07,0.64,34.2
10/17/2025 18:00,avenue41_to_harrisln,NB,0.03,0.58,36.9
10/17/2025 19:00,avenue41_to_harrisln,NB,0.03,0.56,38.5
10/17/2025 20:00,avenue41_to_harrisln,NB,0.05,0.61,35.2
10/17/2025 21:00,avenue41_to_harrisln,NB,0.01,0.55,39
10/17/2025 22:00,avenue41_to_harrisln,NB,0.05,0.56,39.2
10/17/2025 23:00,avenue41_to_harrisln,NB,0,0.5,43.4
10/18/2025 0:00,avenue41_to_harrisln,NB,0.09,0.61,36.1
10/18/2025 1:00,avenue41_to_harrisln,NB,0,0.5,42.6
10/18/2025 2:00,avenue41_to_harrisln,NB,0,0.51,42.3
10/18/2025 3:00,avenue41_to_harrisln,NB,0.01,0.49,43.5
10/18/2025 4:00,avenue41_to_harrisln,NB,0,0.47,45.9
10/18/2025 5:00,avenue41_to_harrisln,NB,0.01,0.49,43.4
10/18/2025 6:00,avenue41_to_harrisln,NB,0.03,0.52,41.5
10/18/2025 7:00,avenue41_to_harrisln,NB,0.03,0.55,39.1
10/18/2025 8:00,avenue41_to_harrisln,NB,0.03,0.55,39.5
10/18/2025 9:00,avenue41_to_harrisln,NB,0.06,0.61,35.6
10/18/2025 10:00,avenue41_to_harrisln,NB,0.01,0.55,39.1
10/18/2025 11:00,avenue41_to_harrisln,NB,0.03,0.57,37.4
10/18/2025 12:00,avenue41_to_harrisln,NB,0.07,0.62,34.7
10/18/2025 13:00,avenue41_to_harrisln,NB,0.03,0.59,36.6
10/18/2025 14:00,avenue41_to_harrisln,NB,0.05,0.6,36.3
10/18/2025 15:00,avenue41_to_harrisln,NB,0.02,0.55,38.9
10/18/2025 16:00,avenue41_to_harrisln,NB,0.02,0.56,38.9
10/18/2025 17:00,avenue41_to_harrisln,NB,0.01,0.55,39.3
10/18/2025 18:00,avenue41_to_harrisln,NB,0.09,0.64,34.2
10/18/2025 19:00,avenue41_to_harrisln,NB,0.03,0.57,37.7
10/18/2025 20:00,avenue41_to_harrisln,NB,0.07,0.61,35.7
10/18/2025 21:00,avenue41_to_harrisln,NB,0.01,0.54,39.9
10/18/2025 22:00,avenue41_to_harrisln,NB,0.02,0.55,39.1
10/18/2025 23:00,avenue41_to_harrisln,NB,0,0.56,38.4
10/19/2025 0:00,avenue41_to_harrisln,NB,0.09,0.59,37.2
10/19/2025 1:00,avenue41_to_harrisln,NB,0.09,0.58,38
10/19/2025 2:00,avenue41_to_harrisln,NB,0.02,0.53,40.6
10/19/2025 3:00,avenue41_to_harrisln,NB,0,0.46,47
10/19/2025 4:00,avenue41_to_harrisln,NB,0,0.47,45.2
10/19/2025 5:00,avenue41_to_harrisln,NB,0,0.5,43.3
10/19/2025 6:00,avenue41_to_harrisln,NB,0,0.47,45.6
10/19/2025 7:00,avenue41_to_harrisln,NB,0.01,0.53,41
10/19/2025 8:00,avenue41_to_harrisln,NB,0.03,0.55,39.2
10/19/2025 9:00,avenue41_to_harrisln,NB,0.07,0.59,37.4
10/19/2025 10:00,avenue41_to_harrisln,NB,0.02,0.55,38.9
10/19/2025 11:00,avenue41_to_harrisln,NB,0.03,0.56,38.6
10/19/2025 12:00,avenue41_to_harrisln,NB,0.01,0.55,39.3
10/19/2025 13:00,avenue41_to_harrisln,NB,0.05,0.59,36.5
10/19/2025 14:00,avenue41_to_harrisln,NB,0.02,0.56,38.2
10/19/2025 15:00,avenue41_to_harrisln,NB,0.09,0.62,36.1
10/19/2025 16:00,avenue41_to_harrisln,NB,0.06,0.58,37.6
10/19/2025 17:00,avenue41_to_harrisln,NB,0.04,0.57,37.9
10/19/2025 18:00,avenue41_to_harrisln,NB,0.04,0.55,39
10/19/2025 19:00,avenue41_to_harrisln,NB,0.02,0.54,39.5
10/19/2025 20:00,avenue41_to_harrisln,NB,0.01,0.54,40.1
10/19/2025 21:00,avenue41_to_harrisln,NB,0.06,0.58,37.6
10/19/2025 22:00,avenue41_to_harrisln,NB,0.04,0.55,39.4
10/19/2025 23:00,avenue41_to_harrisln,NB,0.01,0.49,43.9
10/20/2025 0:00,avenue41_to_harrisln,NB,0,0.43,50
10/20/2025 1:00,avenue41_to_harrisln,NB,0,0.43,50
10/20/2025 2:00,avenue41_to_harrisln,NB,0,0.45,48
10/20/2025 3:00,avenue41_to_harrisln,NB,0,0.47,45.1
10/20/2025 4:00,avenue41_to_harrisln,NB,0,0.5,43
10/20/2025 5:00,avenue41_to_harrisln,NB,0,0.49,44
10/20/2025 6:00,avenue41_to_harrisln,NB,0.03,0.57,38.7
10/20/2025 7:00,avenue41_to_harrisln,NB,0.07,0.61,36.9
10/20/2025 8:00,avenue41_to_harrisln,NB,0.14,0.72,30.7
10/20/2025 9:00,avenue41_to_harrisln,NB,0.02,0.52,42.9
10/20/2025 10:00,avenue41_to_harrisln,NB,0,0.43,50
10/20/2025 11:00,avenue41_to_harrisln,NB,0,0.43,50
10/20/2025 12:00,avenue41_to_harrisln,NB,0.02,0.52,42.2
10/20/2025 13:00,avenue41_to_harrisln,NB,0.09,0.62,35.7
10/20/2025 14:00,avenue41_to_harrisln,NB,0.08,0.6,37.6
10/20/2025 15:00,avenue41_to_harrisln,NB,0.1,0.64,35.6
10/20/2025 16:00,avenue41_to_harrisln,NB,0.06,0.58,38.8
10/20/2025 17:00,avenue41_to_harrisln,NB,0,0.46,47.1
10/20/2025 18:00,avenue41_to_harrisln,NB,0.02,0.58,37.5
10/20/2025 19:00,avenue41_to_harrisln,NB,0.01,0.53,40.9
10/20/2025 20:00,avenue41_to_harrisln,NB,0.05,0.6,36.4
10/20/2025 21:00,avenue41_to_harrisln,NB,0.01,0.52,41.1
10/20/2025 22:00,avenue41_to_harrisln,NB,0,0.49,43.4
10/20/2025 23:00,avenue41_to_harrisln,NB,0.02,0.51,41.8
10/21/2025 0:00,avenue41_to_harrisln,NB,0,0.54,40
10/21/2025 1:00,avenue41_to_harrisln,NB,0.01,0.52,41.6
10/21/2025 2:00,avenue41_to_harrisln,NB,0.03,0.51,43.2
10/21/2025 3:00,avenue41_to_harrisln,NB,0,0.49,43.4
10/21/2025 4:00,avenue41_to_harrisln,NB,0.03,0.51,42.4
10/21/2025 5:00,avenue41_to_harrisln,NB,0,0.49,43.9
10/21/2025 6:00,avenue41_to_harrisln,NB,0.02,0.53,40.4
10/21/2025 7:00,avenue41_to_harrisln,NB,0.08,0.62,34.9
10/21/2025 8:00,avenue41_to_harrisln,NB,0.09,0.65,33.8
10/21/2025 9:00,avenue41_to_harrisln,NB,0.02,0.55,39.2
10/21/2025 10:00,avenue41_to_harrisln,NB,0.04,0.58,37
10/21/2025 11:00,avenue41_to_harrisln,NB,0.12,0.67,33.8
10/21/2025 12:00,avenue41_to_harrisln,NB,0.1,0.64,34.6
10/21/2025 13:00,avenue41_to_harrisln,NB,0.04,0.59,36.2
10/21/2025 14:00,avenue41_to_harrisln,NB,0.09,0.66,32.6
10/21/2025 15:00,avenue41_to_harrisln,NB,0.28,0.85,25.8
10/21/2025 16:00,avenue41_to_harrisln,NB,0.08,0.65,33.4
10/21/2025 17:00,avenue41_to_harrisln,NB,0.07,0.63,34.4
10/21/2025 18:00,avenue41_to_harrisln,NB,0.02,0.53,41.2
10/21/2025 19:00,avenue41_to_harrisln,NB,0.04,0.55,39.8
10/21/2025 20:00,avenue41_to_harrisln,NB,0.08,0.61,35.6
10/21/2025 21:00,avenue41_to_harrisln,NB,0.01,0.51,42.3
10/21/2025 22:00,avenue41_to_harrisln,NB,0.01,0.51,42.4
10/21/2025 23:00,avenue41_to_harrisln,NB,0,0.5,42.8
10/22/2025 0:00,avenue41_to_harrisln,NB,0,0.51,41.8
10/22/2025 1:00,avenue41_to_harrisln,NB,0,0.48,44.8
10/22/2025 2:00,avenue41_to_harrisln,NB,0,0.51,42.3
10/22/2025 3:00,avenue41_to_harrisln,NB,0,0.48,45.2
10/22/2025 4:00,avenue41_to_harrisln,NB,0,0.45,47.3
10/22/2025 5:00,avenue41_to_harrisln,NB,0.02,0.53,40.6
10/22/2025 6:00,avenue41_to_harrisln,NB,0,0.49,43.6
10/22/2025 7:00,avenue41_to_harrisln,NB,0.05,0.58,37.1
10/22/2025 8:00,avenue41_to_harrisln,NB,0.08,0.64,33.6
10/22/2025 9:00,avenue41_to_harrisln,NB,0.05,0.59,36.8
10/22/2025 10:00,avenue41_to_harrisln,NB,0.02,0.58,37
10/22/2025 11:00,avenue41_to_harrisln,NB,0.05,0.61,35.4
10/22/2025 12:00,avenue41_to_harrisln,NB,0.06,0.6,36.3
10/22/2025 13:00,avenue41_to_harrisln,NB,0.05,0.61,35.3
10/22/2025 14:00,avenue41_to_harrisln,NB,0.11,0.68,31.8
10/22/2025 15:00,avenue41_to_harrisln,NB,1.26,1.84,14.4
10/22/2025 16:00,avenue41_to_harrisln,NB,1.35,1.93,12.9
10/22/2025 17:00,avenue41_to_harrisln,NB,0.07,0.62,35.1
10/22/2025 18:00,avenue41_to_harrisln,NB,0.07,0.63,34.6
10/22/2025 19:00,avenue41_to_harrisln,NB,0.02,0.55,39.1
10/22/2025 20:00,avenue41_to_harrisln,NB,0.03,0.58,37.1
10/22/2025 21:00,avenue41_to_harrisln,NB,0.01,0.54,39.8
10/22/2025 22:00,avenue41_to_harrisln,NB,0.02,0.55,39.3
10/22/2025 23:00,avenue41_to_harrisln,NB,0.02,0.5,43
10/23/2025 0:00,avenue41_to_harrisln,NB,0.02,0.52,41.3
10/23/2025 1:00,avenue41_to_harrisln,NB,0,0.5,43.3
10/23/2025 2:00,avenue41_to_harrisln,NB,0,0.46,47.4
10/23/2025 3:00,avenue41_to_harrisln,NB,0,0.53,40.4
10/23/2025 4:00,avenue41_to_harrisln,NB,0,0.48,45.3
10/23/2025 5:00,avenue41_to_harrisln,NB,0.01,0.5,43.4
10/23/2025 6:00,avenue41_to_harrisln,NB,0.01,0.51,42.3
10/23/2025 7:00,avenue41_to_harrisln,NB,0.06,0.6,36.5
10/23/2025 8:00,avenue41_to_harrisln,NB,0.08,0.64,33.9
10/23/2025 9:00,avenue41_to_harrisln,NB,0.06,0.6,35.7
10/23/2025 10:00,avenue41_to_harrisln,NB,0.01,0.58,36.7
10/23/2025 11:00,avenue41_to_harrisln,NB,0.02,0.56,38.7
10/23/2025 12:00,avenue41_to_harrisln,NB,0.03,0.57,38.1
10/23/2025 13:00,avenue41_to_harrisln,NB,0.06,0.62,34.9
10/23/2025 14:00,avenue41_to_harrisln,NB,0.1,0.67,32.6
10/23/2025 15:00,avenue41_to_harrisln,NB,0.08,0.65,33.2
10/23/2025 16:00,avenue41_to_harrisln,NB,0.13,0.7,32.1
10/23/2025 17:00,avenue41_to_harrisln,NB,0.1,0.66,33.3
10/23/2025 18:00,avenue41_to_harrisln,NB,0.03,0.57,38.1
10/23/2025 19:00,avenue41_to_harrisln,NB,0.04,0.58,37.4
10/23/2025 20:00,avenue41_to_harrisln,NB,0.03,0.57,38.1
10/23/2025 21:00,avenue41_to_harrisln,NB,0.08,0.62,35.4
10/23/2025 22:00,avenue41_to_harrisln,NB,0.01,0.54,40.3
10/23/2025 23:00,avenue41_to_harrisln,NB,0,0.48,44.3
10/24/2025 0:00,avenue41_to_harrisln,NB,0,0.48,45.1
10/24/2025 1:00,avenue41_to_harrisln,NB,0,0.49,44.5
10/24/2025 2:00,avenue41_to_harrisln,NB,0,0.49,44.5
10/24/2025 3:00,avenue41_to_harrisln,NB,0,0.5,43.2
10/24/2025 4:00,avenue41_to_harrisln,NB,0,0.48,44.3
10/24/2025 5:00,avenue41_to_harrisln,NB,0,0.51,42.5
10/24/2025 6:00,avenue41_to_harrisln,NB,0.03,0.54,39.9
10/24/2025 7:00,avenue41_to_harrisln,NB,0.06,0.6,36.6
10/24/2025 8:00,avenue41_to_harrisln,NB,0.09,0.65,33.9
10/24/2025 9:00,avenue41_to_harrisln,NB,0.04,0.59,37.1
10/24/2025 10:00,avenue41_to_harrisln,NB,0.07,0.62,35.1
10/24/2025 11:00,avenue41_to_harrisln,NB,0.08,0.64,33.5
10/24/2025 12:00,avenue41_to_harrisln,NB,0.02,0.59,36.6
10/24/2025 13:00,avenue41_to_harrisln,NB,0.07,0.63,34.5
10/24/2025 14:00,avenue41_to_harrisln,NB,0.12,0.69,31.4
10/24/2025 15:00,avenue41_to_harrisln,NB,0.26,0.84,26.6
10/24/2025 16:00,avenue41_to_harrisln,NB,0.09,0.67,32.4
10/24/2025 17:00,avenue41_to_harrisln,NB,0.08,0.63,34.3
10/24/2025 18:00,avenue41_to_harrisln,NB,0.07,0.63,34.5
10/24/2025 19:00,avenue41_to_harrisln,NB,0.04,0.59,36.4
10/24/2025 20:00,avenue41_to_harrisln,NB,0.04,0.6,35.8
10/24/2025 21:00,avenue41_to_harrisln,NB,0.03,0.56,38.9
10/24/2025 22:00,avenue41_to_harrisln,NB,0.01,0.49,43.4
10/24/2025 23:00,avenue41_to_harrisln,NB,0,0.47,45.8
10/25/2025 0:00,avenue41_to_harrisln,NB,0,0.53,40.4
10/25/2025 1:00,avenue41_to_harrisln,NB,0,0.54,40.1
10/25/2025 2:00,avenue41_to_harrisln,NB,0,0.44,48.5
10/25/2025 3:00,avenue41_to_harrisln,NB,0,0.45,48.1
10/25/2025 4:00,avenue41_to_harrisln,NB,0,0.49,44
10/25/2025 5:00,avenue41_to_harrisln,NB,0.02,0.52,41.5
10/25/2025 6:00,avenue41_to_harrisln,NB,0,0.5,42.6
10/25/2025 7:00,avenue41_to_harrisln,NB,0.01,0.52,41.7
10/25/2025 8:00,avenue41_to_harrisln,NB,0.04,0.59,36.2
10/25/2025 9:00,avenue41_to_harrisln,NB,0.03,0.55,39.2
10/25/2025 10:00,avenue41_to_harrisln,NB,0.08,0.62,35.6
10/25/2025 11:00,avenue41_to_harrisln,NB,0.03,0.57,37.6
10/25/2025 12:00,avenue41_to_harrisln,NB,0.02,0.56,38.1
10/25/2025 13:00,avenue41_to_harrisln,NB,0.05,0.59,37
10/25/2025 14:00,avenue41_to_harrisln,NB,0.01,0.55,39.3
10/25/2025 15:00,avenue41_to_harrisln,NB,0.03,0.57,37.9
10/25/2025 16:00,avenue41_to_harrisln,NB,0.03,0.56,38.8
10/25/2025 17:00,avenue41_to_harrisln,NB,0.02,0.55,39
10/25/2025 18:00,avenue41_to_harrisln,NB,0.03,0.57,37.9
10/25/2025 19:00,avenue41_to_harrisln,NB,0.02,0.55,39.1
10/25/2025 20:00,avenue41_to_harrisln,NB,0.03,0.59,36.7
10/25/2025 21:00,avenue41_to_harrisln,NB,0.01,0.55,39.3
10/25/2025 22:00,avenue41_to_harrisln,NB,0.02,0.53,40.5
10/25/2025 23:00,avenue41_to_harrisln,NB,0.01,0.56,38.5
10/26/2025 0:00,avenue41_to_harrisln,NB,0.02,0.54,40.4
10/26/2025 1:00,avenue41_to_harrisln,NB,0.02,0.54,40.1
10/26/2025 2:00,avenue41_to_harrisln,NB,0,0.54,40
10/26/2025 3:00,avenue41_to_harrisln,NB,0,0.5,43
10/26/2025 4:00,avenue41_to_harrisln,NB,0,0.43,50.4
10/26/2025 5:00,avenue41_to_harrisln,NB,0,0.47,46
10/26/2025 6:00,avenue41_to_harrisln,NB,0,0.49,44.1
10/26/2025 7:00,avenue41_to_harrisln,NB,0.01,0.5,42.9
10/26/2025 8:00,avenue41_to_harrisln,NB,0.01,0.52,41.4
10/26/2025 9:00,avenue41_to_harrisln,NB,0.01,0.52,41.5
10/26/2025 10:00,avenue41_to_harrisln,NB,0.05,0.6,36.7
10/26/2025 11:00,avenue41_to_harrisln,NB,0.04,0.58,37.8
10/26/2025 12:00,avenue41_to_harrisln,NB,0.04,0.57,38.2
10/26/2025 13:00,avenue41_to_harrisln,NB,0.05,0.58,37.8
10/26/2025 14:00,avenue41_to_harrisln,NB,0.03,0.58,37.3
10/26/2025 15:00,avenue41_to_harrisln,NB,0.02,0.55,39.5
10/26/2025 16:00,avenue41_to_harrisln,NB,0.03,0.56,38.4
10/26/2025 17:00,avenue41_to_harrisln,NB,0.03,0.56,38.6
10/26/2025 18:00,avenue41_to_harrisln,NB,0.11,0.65,33.5
10/26/2025 19:00,avenue41_to_harrisln,NB,0.01,0.56,38.5
10/26/2025 20:00,avenue41_to_harrisln,NB,0.03,0.56,38.6
10/26/2025 21:00,avenue41_to_harrisln,NB,0.03,0.55,39.5
10/26/2025 22:00,avenue41_to_harrisln,NB,0.07,0.57,38.5
10/26/2025 23:00,avenue41_to_harrisln,NB,0.05,0.59,36.8
10/27/2025 0:00,avenue41_to_harrisln,NB,0,0.46,47.2
10/27/2025 1:00,avenue41_to_harrisln,NB,0.01,0.54,40.2
10/27/2025 2:00,avenue41_to_harrisln,NB,0,0.47,46
10/27/2025 3:00,avenue41_to_harrisln,NB,0,0.47,46.2
10/27/2025 4:00,avenue41_to_harrisln,NB,0,0.45,47.7
10/27/2025 5:00,avenue41_to_harrisln,NB,0,0.48,44.4
10/27/2025 6:00,avenue41_to_harrisln,NB,0.02,0.55,39.7
10/27/2025 7:00,avenue41_to_harrisln,NB,0.04,0.56,39
10/27/2025 8:00,avenue41_to_harrisln,NB,0.08,0.63,34.7
10/27/2025 9:00,avenue41_to_harrisln,NB,0.04,0.57,38.1
10/27/2025 10:00,avenue41_to_harrisln,NB,0.06,0.6,36.9
10/27/2025 11:00,avenue41_to_harrisln,NB,0.03,0.58,37.2
10/27/2025 12:00,avenue41_to_harrisln,NB,0.05,0.62,34.9
10/27/2025 13:00,avenue41_to_harrisln,NB,0.06,0.61,35.3
10/27/2025 14:00,avenue41_to_harrisln,NB,0.08,0.64,34
10/27/2025 15:00,avenue41_to_harrisln,NB,0.15,0.73,30.1
10/27/2025 16:00,avenue41_to_harrisln,NB,0.1,0.66,32.9
10/27/2025 17:00,avenue41_to_harrisln,NB,0.07,0.63,34.5
10/27/2025 18:00,avenue41_to_harrisln,NB,0.03,0.53,40.9
10/27/2025 19:00,avenue41_to_harrisln,NB,0.05,0.58,37.3
10/27/2025 20:00,avenue41_to_harrisln,NB,0.02,0.55,38.9
10/27/2025 21:00,avenue41_to_harrisln,NB,0.02,0.53,40.9
10/27/2025 22:00,avenue41_to_harrisln,NB,0.05,0.56,38.8
10/27/2025 23:00,avenue41_to_harrisln,NB,0.03,0.55,39.3
10/28/2025 0:00,avenue41_to_harrisln,NB,0,0.5,42.8
10/28/2025 1:00,avenue41_to_harrisln,NB,0,0.5,43
10/28/2025 2:00,avenue41_to_harrisln,NB,0,0.52,41.7
10/28/2025 3:00,avenue41_to_harrisln,NB,0,0.47,45.4
10/28/2025 4:00,avenue41_to_harrisln,NB,0,0.44,49.2
10/28/2025 5:00,avenue41_to_harrisln,NB,0,0.52,41.7
10/28/2025 6:00,avenue41_to_harrisln,NB,0.02,0.53,40.3
10/28/2025 7:00,avenue41_to_harrisln,NB,0.04,0.56,38.7
10/28/2025 8:00,avenue41_to_harrisln,NB,0.05,0.62,34.8
10/28/2025 9:00,avenue41_to_harrisln,NB,0.07,0.59,36.4
10/28/2025 10:00,avenue41_to_harrisln,NB,0.06,0.6,36.3
10/28/2025 11:00,avenue41_to_harrisln,NB,0.04,0.6,36
10/28/2025 12:00,avenue41_to_harrisln,NB,0.05,0.59,36.3
10/28/2025 13:00,avenue41_to_harrisln,NB,0.04,0.6,35.7
10/28/2025 14:00,avenue41_to_harrisln,NB,0.14,0.7,32.4
10/28/2025 15:00,avenue41_to_harrisln,NB,0.16,0.73,30.4
10/28/2025 16:00,avenue41_to_harrisln,NB,0.1,0.65,33.6
10/28/2025 17:00,avenue41_to_harrisln,NB,0.09,0.65,33.7
10/28/2025 18:00,avenue41_to_harrisln,NB,0.05,0.6,36
10/28/2025 19:00,avenue41_to_harrisln,NB,0.07,0.6,36.4
10/28/2025 20:00,avenue41_to_harrisln,NB,0.03,0.56,38.2
10/28/2025 21:00,avenue41_to_harrisln,NB,0.02,0.52,41.3
10/28/2025 22:00,avenue41_to_harrisln,NB,0.02,0.53,40.8
10/28/2025 23:00,avenue41_to_harrisln,NB,0,0.47,45.7
10/29/2025 0:00,avenue41_to_harrisln,NB,0,0.47,45.5
10/29/2025 1:00,avenue41_to_harrisln,NB,0,0.54,39.7
10/29/2025 2:00,avenue41_to_harrisln,NB,0,0.45,47.7
10/29/2025 3:00,avenue41_to_harrisln,NB,0.03,0.59,36.7
10/29/2025 4:00,avenue41_to_harrisln,NB,0,0.51,42.5
10/29/2025 5:00,avenue41_to_harrisln,NB,0.02,0.53,40.5
10/29/2025 6:00,avenue41_to_harrisln,NB,0.01,0.5,42.7
10/29/2025 7:00,avenue41_to_harrisln,NB,0.07,0.62,35.2
10/29/2025 8:00,avenue41_to_harrisln,NB,0.08,0.63,34.8
10/29/2025 9:00,avenue41_to_harrisln,NB,0.03,0.56,38.8
10/29/2025 10:00,avenue41_to_harrisln,NB,0.02,0.58,37.3
10/29/2025 11:00,avenue41_to_harrisln,NB,0.03,0.59,36.6
10/29/2025 12:00,avenue41_to_harrisln,NB,0.06,0.61,35.5
10/29/2025 13:00,avenue41_to_harrisln,NB,0.05,0.61,35.4
10/29/2025 14:00,avenue41_to_harrisln,NB,0.14,0.71,30.9
10/29/2025 15:00,avenue41_to_harrisln,NB,0.23,0.81,27.2
10/29/2025 16:00,avenue41_to_harrisln,NB,0.08,0.65,33.6
10/29/2025 17:00,avenue41_to_harrisln,NB,0.06,0.61,34.9
10/29/2025 18:00,avenue41_to_harrisln,NB,0.05,0.59,37
10/29/2025 19:00,avenue41_to_harrisln,NB,0.07,0.59,37.1
10/29/2025 20:00,avenue41_to_harrisln,NB,0.02,0.55,38.8
10/29/2025 21:00,avenue41_to_harrisln,NB,0.02,0.53,40.3
10/29/2025 22:00,avenue41_to_harrisln,NB,0.02,0.56,38.5
10/29/2025 23:00,avenue41_to_harrisln,NB,0,0.53,40.5
10/30/2025 0:00,avenue41_to_harrisln,NB,0.01,0.51,42.6
10/30/2025 1:00,avenue41_to_harrisln,NB,0.01,0.46,46.7
10/30/2025 2:00,avenue41_to_harrisln,NB,0,0.47,46
10/30/2025 3:00,avenue41_to_harrisln,NB,0.01,0.49,44.7
10/30/2025 4:00,avenue41_to_harrisln,NB,0,0.52,41.7
10/30/2025 5:00,avenue41_to_harrisln,NB,0,0.5,43
10/30/2025 6:00,avenue41_to_harrisln,NB,0.01,0.51,42.1
10/30/2025 7:00,avenue41_to_harrisln,NB,0.05,0.59,36.7
10/30/2025 8:00,avenue41_to_harrisln,NB,0.07,0.64,33.7
10/30/2025 9:00,avenue41_to_harrisln,NB,0.07,0.63,34.5
10/30/2025 10:00,avenue41_to_harrisln,NB,0.02,0.56,38.6
10/30/2025 11:00,avenue41_to_harrisln,NB,0.06,0.62,35.3
10/30/2025 12:00,avenue41_to_harrisln,NB,0.06,0.63,34.3
10/30/2025 13:00,avenue41_to_harrisln,NB,0.1,0.67,32
10/30/2025 14:00,avenue41_to_harrisln,NB,0.4,0.99,25
10/30/2025 15:00,avenue41_to_harrisln,NB,0.71,1.3,16.9
10/30/2025 16:00,avenue41_to_harrisln,NB,0.19,0.76,31.2
10/30/2025 17:00,avenue41_to_harrisln,NB,0.1,0.65,33
10/30/2025 18:00,avenue41_to_harrisln,NB,0.01,0.58,36.8
10/30/2025 19:00,avenue41_to_harrisln,NB,0.05,0.6,36.7
10/30/2025 20:00,avenue41_to_harrisln,NB,0.06,0.6,36.2
10/30/2025 21:00,avenue41_to_harrisln,NB,0.02,0.53,41
10/30/2025 22:00,avenue41_to_harrisln,NB,0.01,0.55,39.1
10/30/2025 23:00,avenue41_to_harrisln,NB,0,0.49,44
10/31/2025 0:00,avenue41_to_harrisln,NB,0.02,0.53,40.7
10/31/2025 1:00,avenue41_to_harrisln,NB,0.01,0.51,42
10/31/2025 2:00,avenue41_to_harrisln,NB,0,0.48,45.2
10/31/2025 3:00,avenue41_to_harrisln,NB,0,0.49,43.4
10/31/2025 4:00,avenue41_to_harrisln,NB,0,0.46,46.1
10/31/2025 5:00,avenue41_to_harrisln,NB,0,0.49,43.4
10/31/2025 6:00,avenue41_to_harrisln,NB,0,0.49,43.3
10/31/2025 7:00,avenue41_to_harrisln,NB,0.05,0.58,36.9
10/31/2025 8:00,avenue41_to_harrisln,NB,0.13,0.71,30.9
10/31/2025 9:00,avenue41_to_harrisln,NB,0.14,0.72,30.3
10/31/2025 10:00,avenue41_to_harrisln,NB,0.05,0.65,33.4
10/31/2025 11:00,avenue41_to_harrisln,NB,0.11,0.68,31.8
10/31/2025 12:00,avenue41_to_harrisln,NB,0.13,0.71,30.5
10/31/2025 13:00,avenue41_to_harrisln,NB,0.15,0.75,29
10/31/2025 14:00,avenue41_to_harrisln,NB,0.11,0.68,31.6
10/31/2025 15:00,avenue41_to_harrisln,NB,0.27,0.84,26.6
10/31/2025 16:00,avenue41_to_harrisln,NB,0.13,0.68,32.2
10/31/2025 17:00,avenue41_to_harrisln,NB,0.07,0.6,36.2
10/31/2025 18:00,avenue41_to_harrisln,NB,0.04,0.59,36.8
10/31/2025 19:00,avenue41_to_harrisln,NB,0.03,0.56,38.2
10/31/2025 20:00,avenue41_to_harrisln,NB,0.07,0.6,36.2
10/31/2025 21:00,avenue41_to_harrisln,NB,0.07,0.6,36.3
10/31/2025 22:00,avenue41_to_harrisln,NB,0.02,0.53,40.4
10/31/2025 23:00,avenue41_to_harrisln,NB,0.02,0.54,39.9
11/1/2025 0:00,avenue41_to_harrisln,NB,0.01,0.56,38.3
11/1/2025 1:00,avenue41_to_harrisln,NB,0.01,0.52,41.1
11/1/2025 2:00,avenue41_to_harrisln,NB,0,0.5,43.2
11/1/2025 3:00,avenue41_to_harrisln,NB,0,0.53,40.8
11/1/2025 4:00,avenue41_to_harrisln,NB,0.01,0.54,40.6
11/1/2025 5:00,avenue41_to_harrisln,NB,0.01,0.53,40.5
11/1/2025 6:00,avenue41_to_harrisln,NB,0.03,0.54,40.1
11/1/2025 7:00,avenue41_to_harrisln,NB,0.04,0.54,40.2
11/1/2025 8:00,avenue41_to_harrisln,NB,0.02,0.56,38.6
11/1/2025 9:00,avenue41_to_harrisln,NB,0.05,0.59,37
11/1/2025 10:00,avenue41_to_harrisln,NB,0.05,0.61,36.4
11/1/2025 11:00,avenue41_to_harrisln,NB,0.01,0.55,38.7
11/1/2025 12:00,avenue41_to_harrisln,NB,0.02,0.56,38.6
11/1/2025 13:00,avenue41_to_harrisln,NB,0.02,0.56,38.2
11/1/2025 14:00,avenue41_to_harrisln,NB,0.08,0.62,35.4
11/1/2025 15:00,avenue41_to_harrisln,NB,0.04,0.59,36.4
11/1/2025 16:00,avenue41_to_harrisln,NB,0.03,0.58,37.2
11/1/2025 17:00,avenue41_to_harrisln,NB,0.01,0.55,39.3
11/1/2025 18:00,avenue41_to_harrisln,NB,0.03,0.59,36.8
11/1/2025 19:00,avenue41_to_harrisln,NB,0.03,0.58,37
11/1/2025 20:00,avenue41_to_harrisln,NB,0.01,0.55,38.9
11/1/2025 21:00,avenue41_to_harrisln,NB,0.02,0.55,39.2
11/1/2025 22:00,avenue41_to_harrisln,NB,0.03,0.57,38.2
11/1/2025 23:00,avenue41_to_harrisln,NB,0.06,0.58,37.4
11/2/2025 0:00,avenue41_to_harrisln,NB,0.01,0.49,43.9
11/2/2025 1:00,avenue41_to_harrisln,NB,0.01,0.52,41
11/2/2025 1:00,avenue41_to_harrisln,NB,0,0.52,41.2
11/2/2025 2:00,avenue41_to_harrisln,NB,0,0.51,42.2
11/2/2025 3:00,avenue41_to_harrisln,NB,0.05,0.61,36.1
11/2/2025 4:00,avenue41_to_harrisln,NB,0,0.47,45.4
11/2/2025 5:00,avenue41_to_harrisln,NB,0,0.49,44.3
11/2/2025 6:00,avenue41_to_harrisln,NB,0,0.48,44.6
11/2/2025 7:00,avenue41_to_harrisln,NB,0.01,0.51,42.1
11/2/2025 8:00,avenue41_to_harrisln,NB,0,0.53,40.1
11/2/2025 9:00,avenue41_to_harrisln,NB,0.03,0.56,38.5
11/2/2025 10:00,avenue41_to_harrisln,NB,0.05,0.59,36.9
11/2/2025 11:00,avenue41_to_harrisln,NB,0.06,0.61,35.7
11/2/2025 12:00,avenue41_to_harrisln,NB,0.04,0.57,38.3
11/2/2025 13:00,avenue41_to_harrisln,NB,0.08,0.63,34.2
11/2/2025 14:00,avenue41_to_harrisln,NB,0.07,0.62,35.6
11/2/2025 15:00,avenue41_to_harrisln,NB,0.01,0.54,39.8
11/2/2025 16:00,avenue41_to_harrisln,NB,0.07,0.6,36.4
11/2/2025 17:00,avenue41_to_harrisln,NB,0.01,0.57,37.8
11/2/2025 18:00,avenue41_to_harrisln,NB,0.04,0.58,37.4
11/2/2025 19:00,avenue41_to_harrisln,NB,0.05,0.59,36.9
11/2/2025 20:00,avenue41_to_harrisln,NB,0.01,0.55,39.2
11/2/2025 21:00,avenue41_to_harrisln,NB,0.01,0.5,42.7
11/2/2025 22:00,avenue41_to_harrisln,NB,0.01,0.52,41.6
11/2/2025 23:00,avenue41_to_harrisln,NB,0.06,0.59,37.7
11/3/2025 0:00,avenue41_to_harrisln,NB,0,0.54,40.2
11/3/2025 1:00,avenue41_to_harrisln,NB,0,0.47,45.3
11/3/2025 2:00,avenue41_to_harrisln,NB,0,0.48,45.1
11/3/2025 3:00,avenue41_to_harrisln,NB,0,0.48,45.5
11/3/2025 4:00,avenue41_to_harrisln,NB,0.02,0.51,42.4
11/3/2025 5:00,avenue41_to_harrisln,NB,0,0.46,46.6
11/3/2025 6:00,avenue41_to_harrisln,NB,0.06,0.55,40.4
11/3/2025 7:00,avenue41_to_harrisln,NB,0.07,0.62,35.3
11/3/2025 8:00,avenue41_to_harrisln,NB,0.1,0.65,33.6
11/3/2025 9:00,avenue41_to_harrisln,NB,0.03,0.58,37.1
11/3/2025 10:00,avenue41_to_harrisln,NB,0.06,0.63,34.4
11/3/2025 11:00,avenue41_to_harrisln,NB,0.07,0.61,35.6
11/3/2025 12:00,avenue41_to_harrisln,NB,0.08,0.62,34.7
11/3/2025 13:00,avenue41_to_harrisln,NB,0.04,0.59,36.3
11/3/2025 14:00,avenue41_to_harrisln,NB,0.17,0.74,30
11/3/2025 15:00,avenue41_to_harrisln,NB,0.29,0.87,26.2
11/3/2025 16:00,avenue41_to_harrisln,NB,0.14,0.7,31.2
11/3/2025 17:00,avenue41_to_harrisln,NB,0.1,0.67,32.4
11/3/2025 18:00,avenue41_to_harrisln,NB,0.03,0.58,37.3
11/3/2025 19:00,avenue41_to_harrisln,NB,0.05,0.57,38
11/3/2025 20:00,avenue41_to_harrisln,NB,0.05,0.58,37.3
11/3/2025 21:00,avenue41_to_harrisln,NB,0.01,0.56,38.3
11/3/2025 22:00,avenue41_to_harrisln,NB,0.02,0.57,37.5
11/3/2025 23:00,avenue41_to_harrisln,NB,0.05,0.56,38.6
11/4/2025 0:00,avenue41_to_harrisln,NB,0.05,0.59,37.1
11/4/2025 1:00,avenue41_to_harrisln,NB,0.01,0.51,42.2
11/4/2025 2:00,avenue41_to_harrisln,NB,0,0.5,42.7
11/4/2025 3:00,avenue41_to_harrisln,NB,0.01,0.51,42.4
11/4/2025 4:00,avenue41_to_harrisln,NB,0,0.46,46.6
11/4/2025 5:00,avenue41_to_harrisln,NB,0,0.48,44.9
11/4/2025 6:00,avenue41_to_harrisln,NB,0.02,0.52,41.7
11/4/2025 7:00,avenue41_to_harrisln,NB,0.04,0.57,37.7
11/4/2025 8:00,avenue41_to_harrisln,NB,0.1,0.66,34.2
11/4/2025 9:00,avenue41_to_harrisln,NB,0.06,0.59,36.4
11/4/2025 10:00,avenue41_to_harrisln,NB,0.07,0.63,34.1
11/4/2025 11:00,avenue41_to_harrisln,NB,0.03,0.57,38
11/4/2025 12:00,avenue41_to_harrisln,NB,0.06,0.63,34.6
11/4/2025 13:00,avenue41_to_harrisln,NB,0.04,0.59,36.1
11/4/2025 14:00,avenue41_to_harrisln,NB,0.12,0.7,31.5
11/4/2025 15:00,avenue41_to_harrisln,NB,0.23,0.79,28.1
11/4/2025 16:00,avenue41_to_harrisln,NB,0.29,0.87,27.6
11/4/2025 17:00,avenue41_to_harrisln,NB,0.1,0.67,32.2
11/4/2025 18:00,avenue41_to_harrisln,NB,0.05,0.6,36
11/4/2025 19:00,avenue41_to_harrisln,NB,0.01,0.53,40.4
11/4/2025 20:00,avenue41_to_harrisln,NB,0.02,0.55,39.1
11/4/2025 21:00,avenue41_to_harrisln,NB,0.02,0.55,39.5
11/4/2025 22:00,avenue41_to_harrisln,NB,0.01,0.53,40.7
11/4/2025 23:00,avenue41_to_harrisln,NB,0.01,0.59,36.4
11/5/2025 0:00,avenue41_to_harrisln,NB,0.04,0.6,36.2
11/5/2025 1:00,avenue41_to_harrisln,NB,0.01,0.5,43.3
11/5/2025 2:00,avenue41_to_harrisln,NB,0,0.47,45.5
11/5/2025 3:00,avenue41_to_harrisln,NB,0,0.47,46
11/5/2025 4:00,avenue41_to_harrisln,NB,0,0.46,46.3
11/5/2025 5:00,avenue41_to_harrisln,NB,0,0.47,45.7
11/5/2025 6:00,avenue41_to_harrisln,NB,0.01,0.51,42.3
11/5/2025 7:00,avenue41_to_harrisln,NB,0.1,0.65,33.5
11/5/2025 8:00,avenue41_to_harrisln,NB,0.11,0.66,33
11/5/2025 9:00,avenue41_to_harrisln,NB,0.09,0.64,34.4
11/5/2025 10:00,avenue41_to_harrisln,NB,0.03,0.59,36.7
11/5/2025 11:00,avenue41_to_harrisln,NB,0.07,0.62,35.1
11/5/2025 12:00,avenue41_to_harrisln,NB,0.09,0.64,35
11/5/2025 13:00,avenue41_to_harrisln,NB,0.08,0.65,33.2
11/5/2025 14:00,avenue41_to_harrisln,NB,0.15,0.74,29.5
11/5/2025 15:00,avenue41_to_harrisln,NB,0.17,0.74,29.7
11/5/2025 16:00,avenue41_to_harrisln,NB,0.1,0.67,32.6
11/5/2025 17:00,avenue41_to_harrisln,NB,0.08,0.64,33.8
11/5/2025 18:00,avenue41_to_harrisln,NB,0.02,0.57,38.1
11/5/2025 19:00,avenue41_to_harrisln,NB,0.02,0.54,39.7
11/5/2025 20:00,avenue41_to_harrisln,NB,0.01,0.55,38.9
11/5/2025 21:00,avenue41_to_harrisln,NB,0.01,0.53,40.4
11/5/2025 22:00,avenue41_to_harrisln,NB,0.03,0.55,38.7
11/5/2025 23:00,avenue41_to_harrisln,NB,0,0.5,42.7
11/6/2025 0:00,avenue41_to_harrisln,NB,0.01,0.51,42.2
11/6/2025 1:00,avenue41_to_harrisln,NB,0,0.46,46.7
11/6/2025 2:00,avenue41_to_harrisln,NB,0,0.53,40.4
11/6/2025 3:00,avenue41_to_harrisln,NB,0,0.49,43.4
11/6/2025 4:00,avenue41_to_harrisln,NB,0,0.47,46.1
11/6/2025 5:00,avenue41_to_harrisln,NB,0,0.5,43.3
11/6/2025 6:00,avenue41_to_harrisln,NB,0.01,0.52,41.1
11/6/2025 7:00,avenue41_to_harrisln,NB,0.09,0.63,35.4
11/6/2025 8:00,avenue41_to_harrisln,NB,0.08,0.65,33.6
11/6/2025 9:00,avenue41_to_harrisln,NB,0.08,0.6,36
11/6/2025 10:00,avenue41_to_harrisln,NB,0.07,0.62,34.9
11/6/2025 11:00,avenue41_to_harrisln,NB,0.08,0.65,33.1
11/6/2025 12:00,avenue41_to_harrisln,NB,0.06,0.62,35.3
11/6/2025 13:00,avenue41_to_harrisln,NB,0.03,0.59,36.1
11/6/2025 14:00,avenue41_to_harrisln,NB,0.12,0.69,31.8
11/6/2025 15:00,avenue41_to_harrisln,NB,0.14,0.71,30.3
11/6/2025 16:00,avenue41_to_harrisln,NB,0.11,0.68,31.5
11/6/2025 17:00,avenue41_to_harrisln,NB,0.37,0.94,25.9
11/6/2025 18:00,avenue41_to_harrisln,NB,0.33,0.89,31.2
11/6/2025 19:00,avenue41_to_harrisln,NB,0.05,0.61,35.7
11/6/2025 20:00,avenue41_to_harrisln,NB,0.03,0.57,38.1
11/6/2025 21:00,avenue41_to_harrisln,NB,0.04,0.57,38
11/6/2025 22:00,avenue41_to_harrisln,NB,0.02,0.54,39.9
11/6/2025 23:00,avenue41_to_harrisln,NB,0.01,0.55,38.8
11/7/2025 0:00,avenue41_to_harrisln,NB,0,0.46,46.8
11/7/2025 1:00,avenue41_to_harrisln,NB,0,0.47,46.2
11/7/2025 2:00,avenue41_to_harrisln,NB,0.05,0.55,39.8
11/7/2025 3:00,avenue41_to_harrisln,NB,0.01,0.56,38.9
11/7/2025 4:00,avenue41_to_harrisln,NB,0,0.5,42.7
11/7/2025 5:00,avenue41_to_harrisln,NB,0.01,0.56,38.5
11/7/2025 6:00,avenue41_to_harrisln,NB,0.02,0.55,39.4
11/7/2025 7:00,avenue41_to_harrisln,NB,0.09,0.63,35.2
11/7/2025 8:00,avenue41_to_harrisln,NB,0.09,0.65,33.4
11/7/2025 9:00,avenue41_to_harrisln,NB,0.04,0.6,35.7
11/7/2025 10:00,avenue41_to_harrisln,NB,0.05,0.62,34.8
11/7/2025 11:00,avenue41_to_harrisln,NB,0.1,0.66,33
11/7/2025 12:00,avenue41_to_harrisln,NB,0.09,0.65,33.5
11/7/2025 13:00,avenue41_to_harrisln,NB,0.07,0.62,34.7
11/7/2025 14:00,avenue41_to_harrisln,NB,0.17,0.74,29.4
11/7/2025 15:00,avenue41_to_harrisln,NB,0.14,0.72,29.8
11/7/2025 16:00,avenue41_to_harrisln,NB,0.21,0.79,28.1
11/7/2025 17:00,avenue41_to_harrisln,NB,0.07,0.64,33.7
11/7/2025 18:00,avenue41_to_harrisln,NB,0.07,0.62,35.3
11/7/2025 19:00,avenue41_to_harrisln,NB,0.02,0.57,37.7
11/7/2025 20:00,avenue41_to_harrisln,NB,0,0.55,38.8
11/7/2025 21:00,avenue41_to_harrisln,NB,0.08,0.62,35.2
11/7/2025 22:00,avenue41_to_harrisln,NB,0,0.52,41.5
11/7/2025 23:00,avenue41_to_harrisln,NB,0.02,0.53,41
11/8/2025 0:00,avenue41_to_harrisln,NB,0,0.54,39.9
11/8/2025 1:00,avenue41_to_harrisln,NB,0.01,0.54,40.1
11/8/2025 2:00,avenue41_to_harrisln,NB,0.01,0.55,39.3
11/8/2025 3:00,avenue41_to_harrisln,NB,0,0.5,43.1
11/8/2025 4:00,avenue41_to_harrisln,NB,0,0.49,43.9
11/8/2025 5:00,avenue41_to_harrisln,NB,0,0.49,43.7
11/8/2025 6:00,avenue41_to_harrisln,NB,0.04,0.54,40.6
11/8/2025 7:00,avenue41_to_harrisln,NB,0.08,0.61,35.8
11/8/2025 8:00,avenue41_to_harrisln,NB,0.01,0.55,39.1
11/8/2025 9:00,avenue41_to_harrisln,NB,0.04,0.58,36.9
11/8/2025 10:00,avenue41_to_harrisln,NB,0.05,0.59,36.8
11/8/2025 11:00,avenue41_to_harrisln,NB,0.03,0.57,37.7
11/8/2025 12:00,avenue41_to_harrisln,NB,0.04,0.59,36.6
11/8/2025 13:00,avenue41_to_harrisln,NB,0.02,0.57,37.3
11/8/2025 14:00,avenue41_to_harrisln,NB,0.03,0.59,36.4
11/8/2025 15:00,avenue41_to_harrisln,NB,0.02,0.58,37.2
11/8/2025 16:00,avenue41_to_harrisln,NB,0.04,0.59,36.4
11/8/2025 17:00,avenue41_to_harrisln,NB,0.07,0.61,36.1
11/8/2025 18:00,avenue41_to_harrisln,NB,0.05,0.58,37.5
11/8/2025 19:00,avenue41_to_harrisln,NB,0.02,0.57,37.9
11/8/2025 20:00,avenue41_to_harrisln,NB,0.02,0.55,39.5
11/8/2025 21:00,avenue41_to_harrisln,NB,0.05,0.58,37
11/8/2025 22:00,avenue41_to_harrisln,NB,0.02,0.52,41.1
11/8/2025 23:00,avenue41_to_harrisln,NB,0,0.52,40.9
11/9/2025 0:00,avenue41_to_harrisln,NB,0,0.48,44.2
11/9/2025 1:00,avenue41_to_harrisln,NB,0.02,0.54,39.8
11/9/2025 2:00,avenue41_to_harrisln,NB,0.02,0.51,42.1
11/9/2025 3:00,avenue41_to_harrisln,NB,0,0.48,44.9
11/9/2025 4:00,avenue41_to_harrisln,NB,0,0.46,46.6
11/9/2025 5:00,avenue41_to_harrisln,NB,0,0.47,45.8
11/9/2025 6:00,avenue41_to_harrisln,NB,0,0.5,43.3
11/9/2025 7:00,avenue41_to_harrisln,NB,0.01,0.55,39.4
11/9/2025 8:00,avenue41_to_harrisln,NB,0,0.55,39.4
11/9/2025 9:00,avenue41_to_harrisln,NB,0.03,0.55,39.2
11/9/2025 10:00,avenue41_to_harrisln,NB,0.01,0.55,39.3
11/9/2025 11:00,avenue41_to_harrisln,NB,0.02,0.58,37.4
11/9/2025 12:00,avenue41_to_harrisln,NB,0.06,0.61,35.3
11/9/2025 13:00,avenue41_to_harrisln,NB,0.03,0.57,37.8
11/9/2025 14:00,avenue41_to_harrisln,NB,0.02,0.56,38.5
11/9/2025 15:00,avenue41_to_harrisln,NB,0.05,0.6,36.4
11/9/2025 16:00,avenue41_to_harrisln,NB,0.02,0.55,39.2
11/9/2025 17:00,avenue41_to_harrisln,NB,0.1,0.64,34.4
11/9/2025 18:00,avenue41_to_harrisln,NB,0.06,0.6,36
11/9/2025 19:00,avenue41_to_harrisln,NB,0.07,0.63,34.4
11/9/2025 20:00,avenue41_to_harrisln,NB,0.04,0.56,38.7
11/9/2025 21:00,avenue41_to_harrisln,NB,0.07,0.6,35.7
11/9/2025 22:00,avenue41_to_harrisln,NB,0.08,0.6,35.8
11/9/2025 23:00,avenue41_to_harrisln,NB,0.01,0.51,41.7
11/10/2025 0:00,avenue41_to_harrisln,NB,0.03,0.54,40
11/10/2025 1:00,avenue41_to_harrisln,NB,0.04,0.53,40.9
11/10/2025 2:00,avenue41_to_harrisln,NB,0,0.51,41.9
11/10/2025 3:00,avenue41_to_harrisln,NB,0,0.47,45.8
11/10/2025 4:00,avenue41_to_harrisln,NB,0,0.47,45.6
11/10/2025 5:00,avenue41_to_harrisln,NB,0,0.48,45
11/10/2025 6:00,avenue41_to_harrisln,NB,0.02,0.54,40.2
11/10/2025 7:00,avenue41_to_harrisln,NB,0.13,0.67,34.1
11/10/2025 8:00,avenue41_to_harrisln,NB,0.22,0.78,29.3
11/10/2025 9:00,avenue41_to_harrisln,NB,0.07,0.63,34.3
11/10/2025 10:00,avenue41_to_harrisln,NB,0.05,0.6,36.1
11/10/2025 11:00,avenue41_to_harrisln,NB,0.07,0.63,34.7
11/10/2025 12:00,avenue41_to_harrisln,NB,0.04,0.59,36.3
11/10/2025 13:00,avenue41_to_harrisln,NB,0.02,0.57,37.4
11/10/2025 14:00,avenue41_to_harrisln,NB,0.12,0.69,31.7
11/10/2025 15:00,avenue41_to_harrisln,NB,0.28,0.85,26.2
11/10/2025 16:00,avenue41_to_harrisln,NB,0.14,0.71,30.6
11/10/2025 17:00,avenue41_to_harrisln,NB,0.13,0.7,30.9
11/10/2025 18:00,avenue41_to_harrisln,NB,0.01,0.56,38.1
11/10/2025 19:00,avenue41_to_harrisln,NB,0.03,0.54,39.8
11/10/2025 20:00,avenue41_to_harrisln,NB,0.03,0.58,37.2
11/10/2025 21:00,avenue41_to_harrisln,NB,0.02,0.55,39.2
11/10/2025 22:00,avenue41_to_harrisln,NB,0.03,0.54,40.1
11/10/2025 23:00,avenue41_to_harrisln,NB,0,0.48,45
11/11/2025 0:00,avenue41_to_harrisln,NB,0,0.52,41.4
11/11/2025 1:00,avenue41_to_harrisln,NB,0,0.49,44
11/11/2025 2:00,avenue41_to_harrisln,NB,0.04,0.54,41.1
11/11/2025 3:00,avenue41_to_harrisln,NB,0,0.47,46.1
11/11/2025 4:00,avenue41_to_harrisln,NB,0,0.44,48.2
11/11/2025 5:00,avenue41_to_harrisln,NB,0,0.48,45
11/11/2025 6:00,avenue41_to_harrisln,NB,0.03,0.53,40.8
11/11/2025 7:00,avenue41_to_harrisln,NB,0.02,0.55,38.9
11/11/2025 8:00,avenue41_to_harrisln,NB,0.01,0.55,38.8
11/11/2025 9:00,avenue41_to_harrisln,NB,0.03,0.58,37.4
11/11/2025 10:00,avenue41_to_harrisln,NB,0.03,0.58,37.1
11/11/2025 11:00,avenue41_to_harrisln,NB,0.06,0.63,34.1
11/11/2025 12:00,avenue41_to_harrisln,NB,0.04,0.61,35.2
11/11/2025 13:00,avenue41_to_harrisln,NB,0.06,0.62,34.7
11/11/2025 14:00,avenue41_to_harrisln,NB,0.05,0.63,34.1
11/11/2025 15:00,avenue41_to_harrisln,NB,0.09,0.67,32.3
11/11/2025 16:00,avenue41_to_harrisln,NB,0.04,0.6,35.8
11/11/2025 17:00,avenue41_to_harrisln,NB,0.08,0.64,33.8
11/11/2025 18:00,avenue41_to_harrisln,NB,0.11,0.65,33.2
11/11/2025 19:00,avenue41_to_harrisln,NB,0.1,0.66,33.5
11/11/2025 20:00,avenue41_to_harrisln,NB,0.05,0.6,36.4
11/11/2025 21:00,avenue41_to_harrisln,NB,0.01,0.52,41
11/11/2025 22:00,avenue41_to_harrisln,NB,0.04,0.54,40.2
11/11/2025 23:00,avenue41_to_harrisln,NB,0.04,0.54,40.5
11/12/2025 0:00,avenue41_to_harrisln,NB,0,0.51,42.4
11/12/2025 1:00,avenue41_to_harrisln,NB,0.01,0.55,38.9
11/12/2025 2:00,avenue41_to_harrisln,NB,0.02,0.56,39.7
11/12/2025 3:00,avenue41_to_harrisln,NB,0,0.5,42.8
11/12/2025 4:00,avenue41_to_harrisln,NB,0,0.47,46.1
11/12/2025 5:00,avenue41_to_harrisln,NB,0.01,0.52,41.9
11/12/2025 6:00,avenue41_to_harrisln,NB,0.02,0.54,40.1
11/12/2025 7:00,avenue41_to_harrisln,NB,0.06,0.59,36.8
11/12/2025 8:00,avenue41_to_harrisln,NB,0.13,0.69,31.6
11/12/2025 9:00,avenue41_to_harrisln,NB,0.03,0.57,37.8
11/12/2025 10:00,avenue41_to_harrisln,NB,0.1,0.66,33.4
11/12/2025 11:00,avenue41_to_harrisln,NB,0.03,0.6,35.8
11/12/2025 12:00,avenue41_to_harrisln,NB,0.05,0.61,35.4
11/12/2025 13:00,avenue41_to_harrisln,NB,0.05,0.61,35.5
11/12/2025 14:00,avenue41_to_harrisln,NB,0.08,0.66,32.8
11/12/2025 15:00,avenue41_to_harrisln,NB,0.15,0.72,30.1
11/12/2025 16:00,avenue41_to_harrisln,NB,0.12,0.69,31.2
11/12/2025 17:00,avenue41_to_harrisln,NB,0.13,0.69,31.7
11/12/2025 18:00,avenue41_to_harrisln,NB,0.05,0.61,35.9
11/12/2025 19:00,avenue41_to_harrisln,NB,0.02,0.56,38.5
11/12/2025 20:00,avenue41_to_harrisln,NB,0.04,0.56,38.3
11/12/2025 21:00,avenue41_to_harrisln,NB,0.04,0.57,38.4
11/12/2025 22:00,avenue41_to_harrisln,NB,0.01,0.49,43.5
11/12/2025 23:00,avenue41_to_harrisln,NB,0.01,0.55,39.2
11/13/2025 0:00,avenue41_to_harrisln,NB,0,0.5,42.8
11/13/2025 1:00,avenue41_to_harrisln,NB,0,0.48,45.3
11/13/2025 2:00,avenue41_to_harrisln,NB,0,0.47,45.6
11/13/2025 3:00,avenue41_to_harrisln,NB,0,0.43,49.4
11/13/2025 4:00,avenue41_to_harrisln,NB,0,0.49,43.7
11/13/2025 5:00,avenue41_to_harrisln,NB,0,0.47,45.6
11/13/2025 6:00,avenue41_to_harrisln,NB,0.01,0.5,43.1
11/13/2025 7:00,avenue41_to_harrisln,NB,0.05,0.56,38.7
11/13/2025 8:00,avenue41_to_harrisln,NB,0.1,0.66,33.5
11/13/2025 9:00,avenue41_to_harrisln,NB,0.04,0.57,37.6
11/13/2025 10:00,avenue41_to_harrisln,NB,0.07,0.62,35
11/13/2025 11:00,avenue41_to_harrisln,NB,0.1,0.66,32.7
11/13/2025 12:00,avenue41_to_harrisln,NB,0.07,0.63,34.7
11/13/2025 13:00,avenue41_to_harrisln,NB,0.09,0.65,33.1
11/13/2025 14:00,avenue41_to_harrisln,NB,0.21,0.78,29.4
11/13/2025 15:00,avenue41_to_harrisln,NB,0.27,0.84,26.4
11/13/2025 16:00,avenue41_to_harrisln,NB,0.18,0.76,29
11/13/2025 17:00,avenue41_to_harrisln,NB,0.16,0.75,28.9
11/13/2025 18:00,avenue41_to_harrisln,NB,0.06,0.63,34
11/13/2025 19:00,avenue41_to_harrisln,NB,0.06,0.61,35.7
11/13/2025 20:00,avenue41_to_harrisln,NB,0.05,0.59,36.7
11/13/2025 21:00,avenue41_to_harrisln,NB,0.03,0.56,38.8
11/13/2025 22:00,avenue41_to_harrisln,NB,0.02,0.54,39.9
11/13/2025 23:00,avenue41_to_harrisln,NB,0,0.52,41.6
11/14/2025 0:00,avenue41_to_harrisln,NB,0.02,0.58,37.5
11/14/2025 1:00,avenue41_to_harrisln,NB,0,0.53,40.7
11/14/2025 2:00,avenue41_to_harrisln,NB,0,0.51,42.2
11/14/2025 3:00,avenue41_to_harrisln,NB,0.01,0.53,40.3
11/14/2025 4:00,avenue41_to_harrisln,NB,0.02,0.53,40.4
11/14/2025 5:00,avenue41_to_harrisln,NB,0.02,0.53,41.1
11/14/2025 6:00,avenue41_to_harrisln,NB,0.04,0.54,40.1
11/14/2025 7:00,avenue41_to_harrisln,NB,0.1,0.66,33.3
11/14/2025 8:00,avenue41_to_harrisln,NB,0.1,0.66,33.3
11/14/2025 9:00,avenue41_to_harrisln,NB,0.07,0.61,35.6
11/14/2025 10:00,avenue41_to_harrisln,NB,0.04,0.6,36.2
11/14/2025 11:00,avenue41_to_harrisln,NB,0.06,0.63,34.2
11/14/2025 12:00,avenue41_to_harrisln,NB,0.09,0.67,32.4
11/14/2025 13:00,avenue41_to_harrisln,NB,0.1,0.66,32.9
11/14/2025 14:00,avenue41_to_harrisln,NB,0.19,0.76,29.4
11/14/2025 15:00,avenue41_to_harrisln,NB,0.29,0.87,25
11/14/2025 16:00,avenue41_to_harrisln,NB,0.14,0.71,30.7
11/14/2025 17:00,avenue41_to_harrisln,NB,0.09,0.67,32.3
11/14/2025 18:00,avenue41_to_harrisln,NB,0.06,0.61,35.5
11/14/2025 19:00,avenue41_to_harrisln,NB,0.04,0.59,36.9
11/14/2025 20:00,avenue41_to_harrisln,NB,0.05,0.58,37.4
11/14/2025 21:00,avenue41_to_harrisln,NB,0.05,0.56,38.2
11/14/2025 22:00,avenue41_to_harrisln,NB,0.04,0.56,39.2
11/14/2025 23:00,avenue41_to_harrisln,NB,0.09,0.61,35.7
11/15/2025 0:00,avenue41_to_harrisln,NB,0.01,0.53,41.1
11/15/2025 1:00,avenue41_to_harrisln,NB,0.01,0.48,45.4
11/15/2025 2:00,avenue41_to_harrisln,NB,0.01,0.51,42.5
11/15/2025 3:00,avenue41_to_harrisln,NB,0.05,0.54,40.9
11/15/2025 4:00,avenue41_to_harrisln,NB,0.02,0.51,42.2
11/15/2025 5:00,avenue41_to_harrisln,NB,0,0.48,44.2
11/15/2025 6:00,avenue41_to_harrisln,NB,0.01,0.49,43.6
11/15/2025 7:00,avenue41_to_harrisln,NB,0.01,0.53,40.8
11/15/2025 8:00,avenue41_to_harrisln,NB,0.05,0.58,38.9
11/15/2025 9:00,avenue41_to_harrisln,NB,0.15,0.68,33.2
11/15/2025 10:00,avenue41_to_harrisln,NB,0.02,0.56,38.2
11/15/2025 11:00,avenue41_to_harrisln,NB,0.04,0.61,35.3
11/15/2025 12:00,avenue41_to_harrisln,NB,0.02,0.6,35.7
11/15/2025 13:00,avenue41_to_harrisln,NB,0.01,0.58,36.8
11/15/2025 14:00,avenue41_to_harrisln,NB,0.08,0.66,32.9
11/15/2025 15:00,avenue41_to_harrisln,NB,0.53,1.14,20
11/15/2025 16:00,avenue41_to_harrisln,NB,0.46,1.07,20.7
11/15/2025 17:00,avenue41_to_harrisln,NB,0.12,0.73,29.8
11/15/2025 18:00,avenue41_to_harrisln,NB,0.05,0.64,33.3
11/15/2025 19:00,avenue41_to_harrisln,NB,0.07,0.65,33.5
11/15/2025 20:00,avenue41_to_harrisln,NB,0.03,0.61,35.2
11/15/2025 21:00,avenue41_to_harrisln,NB,0.01,0.57,37.6
11/15/2025 22:00,avenue41_to_harrisln,NB,0.01,0.56,38.5
11/15/2025 23:00,avenue41_to_harrisln,NB,0.01,0.52,41.7
11/16/2025 0:00,avenue41_to_harrisln,NB,0.02,0.54,40.1
11/16/2025 1:00,avenue41_to_harrisln,NB,0.03,0.56,38.9
11/16/2025 2:00,avenue41_to_harrisln,NB,0.04,0.54,39.8
11/16/2025 3:00,avenue41_to_harrisln,NB,0,0.51,42.5
11/16/2025 4:00,avenue41_to_harrisln,NB,0,0.51,42.1
11/16/2025 5:00,avenue41_to_harrisln,NB,0,0.51,42.3
11/16/2025 6:00,avenue41_to_harrisln,NB,0,0.54,40
11/16/2025 7:00,avenue41_to_harrisln,NB,0.04,0.58,37.5
11/16/2025 8:00,avenue41_to_harrisln,NB,0,0.53,40.3
11/16/2025 9:00,avenue41_to_harrisln,NB,0.05,0.59,36.9
11/16/2025 10:00,avenue41_to_harrisln,NB,0.05,0.61,35.5
11/16/2025 11:00,avenue41_to_harrisln,NB,0.06,0.62,34.9
11/16/2025 12:00,avenue41_to_harrisln,NB,0.05,0.63,34.3
11/16/2025 13:00,avenue41_to_harrisln,NB,0.01,0.58,37.2
11/16/2025 14:00,avenue41_to_harrisln,NB,0.07,0.62,35.5
11/16/2025 15:00,avenue41_to_harrisln,NB,0.03,0.57,37.5
11/16/2025 16:00,avenue41_to_harrisln,NB,0.06,0.62,35.3
11/16/2025 17:00,avenue41_to_harrisln,NB,0.03,0.6,36
11/16/2025 18:00,avenue41_to_harrisln,NB,0,0.54,39.6
11/16/2025 19:00,avenue41_to_harrisln,NB,0.06,0.61,35.7
11/16/2025 20:00,avenue41_to_harrisln,NB,0.03,0.57,37.7
11/16/2025 21:00,avenue41_to_harrisln,NB,0.01,0.53,40.9
11/16/2025 22:00,avenue41_to_harrisln,NB,0.01,0.51,42
11/16/2025 23:00,avenue41_to_harrisln,NB,0.02,0.55,39.4
11/17/2025 0:00,avenue41_to_harrisln,NB,0.01,0.49,43.7
11/17/2025 1:00,avenue41_to_harrisln,NB,0.01,0.54,40.5
11/17/2025 2:00,avenue41_to_harrisln,NB,0,0.47,45.7
11/17/2025 3:00,avenue41_to_harrisln,NB,0,0.48,45
11/17/2025 4:00,avenue41_to_harrisln,NB,0,0.46,46.5
11/17/2025 5:00,avenue41_to_harrisln,NB,0,0.51,42.3
11/17/2025 6:00,avenue41_to_harrisln,NB,0,0.5,42.8
11/17/2025 7:00,avenue41_to_harrisln,NB,0.08,0.63,34.5
11/17/2025 8:00,avenue41_to_harrisln,NB,0.08,0.64,33.9
11/17/2025 9:00,avenue41_to_harrisln,NB,0.03,0.6,36
11/17/2025 10:00,avenue41_to_harrisln,NB,0.03,0.6,35.9
11/17/2025 11:00,avenue41_to_harrisln,NB,0.03,0.59,36.3
11/17/2025 12:00,avenue41_to_harrisln,NB,0.05,0.62,34.8
11/17/2025 13:00,avenue41_to_harrisln,NB,0.09,0.64,33.8
11/17/2025 14:00,avenue41_to_harrisln,NB,0.08,0.64,34.1
11/17/2025 15:00,avenue41_to_harrisln,NB,0.22,0.8,27
11/17/2025 16:00,avenue41_to_harrisln,NB,0.2,0.78,28.8
11/17/2025 17:00,avenue41_to_harrisln,NB,0.09,0.66,32.6
11/17/2025 18:00,avenue41_to_harrisln,NB,0.07,0.63,34.4
11/17/2025 19:00,avenue41_to_harrisln,NB,0,0.53,40.2
11/17/2025 20:00,avenue41_to_harrisln,NB,0.03,0.55,39.2
11/17/2025 21:00,avenue41_to_harrisln,NB,0.01,0.53,40.8
11/17/2025 22:00,avenue41_to_harrisln,NB,0.01,0.52,41.4
11/17/2025 23:00,avenue41_to_harrisln,NB,0,0.49,43.6
11/18/2025 0:00,avenue41_to_harrisln,NB,0,0.44,49.3
11/18/2025 1:00,avenue41_to_harrisln,NB,0.01,0.52,41.7
11/18/2025 2:00,avenue41_to_harrisln,NB,0,0.49,44.1
11/18/2025 3:00,avenue41_to_harrisln,NB,0,0.5,42.7
11/18/2025 4:00,avenue41_to_harrisln,NB,0,0.5,42.6
11/18/2025 5:00,avenue41_to_harrisln,NB,0.04,0.58,37.4
11/18/2025 6:00,avenue41_to_harrisln,NB,0.04,0.56,38.8
11/18/2025 7:00,avenue41_to_harrisln,NB,0.09,0.63,35
11/18/2025 8:00,avenue41_to_harrisln,NB,0.12,0.69,31.5
11/18/2025 9:00,avenue41_to_harrisln,NB,0.07,0.64,34.1
11/18/2025 10:00,avenue41_to_harrisln,NB,0.06,0.63,34.7
11/18/2025 11:00,avenue41_to_harrisln,NB,0.06,0.63,34.6
11/18/2025 12:00,avenue41_to_harrisln,NB,0.07,0.62,34.7
11/18/2025 13:00,avenue41_to_harrisln,NB,0.06,0.63,34.3
11/18/2025 14:00,avenue41_to_harrisln,NB,0.16,0.73,29.8
11/18/2025 15:00,avenue41_to_harrisln,NB,0.27,0.86,26.1
11/18/2025 16:00,avenue41_to_harrisln,NB,0.15,0.73,29.8
11/18/2025 17:00,avenue41_to_harrisln,NB,0.13,0.72,30.2
11/18/2025 18:00,avenue41_to_harrisln,NB,0.06,0.64,33.9
11/18/2025 19:00,avenue41_to_harrisln,NB,0.07,0.6,36.3
11/18/2025 20:00,avenue41_to_harrisln,NB,0.06,0.59,36.3
11/18/2025 21:00,avenue41_to_harrisln,NB,0.01,0.52,41.5
11/18/2025 22:00,avenue41_to_harrisln,NB,0,0.51,42.4
11/18/2025 23:00,avenue41_to_harrisln,NB,0,0.49,44
11/19/2025 0:00,avenue41_to_harrisln,NB,0,0.45,47.8
11/19/2025 1:00,avenue41_to_harrisln,NB,0,0.44,48.4
11/19/2025 2:00,avenue41_to_harrisln,NB,0,0.46,46.2
11/19/2025 3:00,avenue41_to_harrisln,NB,0.02,0.5,43.8
11/19/2025 4:00,avenue41_to_harrisln,NB,0.02,0.57,38
11/19/2025 5:00,avenue41_to_harrisln,NB,0.05,0.56,39.1
11/19/2025 6:00,avenue41_to_harrisln,NB,0.02,0.51,41.8
11/19/2025 7:00,avenue41_to_harrisln,NB,0.05,0.59,36.7
11/19/2025 8:00,avenue41_to_harrisln,NB,0.08,0.66,32.8
11/19/2025 9:00,avenue41_to_harrisln,NB,0.04,0.61,35.5
11/19/2025 10:00,avenue41_to_harrisln,NB,0.15,0.72,31
11/19/2025 11:00,avenue41_to_harrisln,NB,0.03,0.61,35.7
11/19/2025 12:00,avenue41_to_harrisln,NB,0.11,0.68,31.9
11/19/2025 13:00,avenue41_to_harrisln,NB,0.06,0.63,34.2
11/19/2025 14:00,avenue41_to_harrisln,NB,0.15,0.74,30.6
11/19/2025 15:00,avenue41_to_harrisln,NB,0.5,1.08,22.3
11/19/2025 16:00,avenue41_to_harrisln,NB,0.15,0.73,29.7
11/19/2025 17:00,avenue41_to_harrisln,NB,0.14,0.72,30.5
11/19/2025 18:00,avenue41_to_harrisln,NB,0.05,0.59,36.8
11/19/2025 19:00,avenue41_to_harrisln,NB,0.06,0.61,35.3
11/19/2025 20:00,avenue41_to_harrisln,NB,0.05,0.61,35.6
11/19/2025 21:00,avenue41_to_harrisln,NB,0.06,0.57,39.2
11/19/2025 22:00,avenue41_to_harrisln,NB,0.05,0.59,36.4
11/19/2025 23:00,avenue41_to_harrisln,NB,0.01,0.52,41.5
11/20/2025 0:00,avenue41_to_harrisln,NB,0,0.48,44.7
11/20/2025 1:00,avenue41_to_harrisln,NB,0,0.48,44.8
11/20/2025 2:00,avenue41_to_harrisln,NB,0,0.49,43.7
11/20/2025 3:00,avenue41_to_harrisln,NB,0,0.5,43.1
11/20/2025 4:00,avenue41_to_harrisln,NB,0.01,0.5,43.3
11/20/2025 5:00,avenue41_to_harrisln,NB,0,0.48,44.3
11/20/2025 6:00,avenue41_to_harrisln,NB,0.01,0.5,43.7
11/20/2025 7:00,avenue41_to_harrisln,NB,0.06,0.58,37.7
11/20/2025 8:00,avenue41_to_harrisln,NB,0.07,0.63,34
11/20/2025 9:00,avenue41_to_harrisln,NB,0.04,0.59,36.3
11/20/2025 10:00,avenue41_to_harrisln,NB,0.09,0.63,34.8
11/20/2025 11:00,avenue41_to_harrisln,NB,0.05,0.6,36.2
11/20/2025 12:00,avenue41_to_harrisln,NB,0.08,0.63,34.6
11/20/2025 13:00,avenue41_to_harrisln,NB,0.06,0.62,34.8
11/20/2025 14:00,avenue41_to_harrisln,NB,0.08,0.66,33.3
11/20/2025 15:00,avenue41_to_harrisln,NB,0.39,0.96,24.2
11/20/2025 16:00,avenue41_to_harrisln,NB,0.11,0.69,31.4
11/20/2025 17:00,avenue41_to_harrisln,NB,0.14,0.71,30.5
11/20/2025 18:00,avenue41_to_harrisln,NB,0.12,0.67,32.1
11/20/2025 19:00,avenue41_to_harrisln,NB,0.05,0.6,36.4
11/20/2025 20:00,avenue41_to_harrisln,NB,0.02,0.59,36.4
11/20/2025 21:00,avenue41_to_harrisln,NB,0.01,0.55,39.2
11/20/2025 22:00,avenue41_to_harrisln,NB,0.02,0.52,41.3
11/20/2025 23:00,avenue41_to_harrisln,NB,0.02,0.55,39.3
11/21/2025 0:00,avenue41_to_harrisln,NB,0.05,0.57,39.2
11/21/2025 1:00,avenue41_to_harrisln,NB,0,0.54,39.8
11/21/2025 2:00,avenue41_to_harrisln,NB,0,0.5,42.5
11/21/2025 3:00,avenue41_to_harrisln,NB,0,0.49,43.9
11/21/2025 4:00,avenue41_to_harrisln,NB,0,0.5,43.1
11/21/2025 5:00,avenue41_to_harrisln,NB,0,0.53,40.6
11/21/2025 6:00,avenue41_to_harrisln,NB,0.02,0.54,39.9
11/21/2025 7:00,avenue41_to_harrisln,NB,0.06,0.61,35.5
11/21/2025 8:00,avenue41_to_harrisln,NB,0.09,0.66,32.6
11/21/2025 9:00,avenue41_to_harrisln,NB,0.04,0.6,35.9
11/21/2025 10:00,avenue41_to_harrisln,NB,0.1,0.65,33.5
11/21/2025 11:00,avenue41_to_harrisln,NB,0.25,0.83,26.6
11/21/2025 12:00,avenue41_to_harrisln,NB,0.28,0.87,25.6
11/21/2025 13:00,avenue41_to_harrisln,NB,0.2,0.79,28.1
11/21/2025 14:00,avenue41_to_harrisln,NB,0.18,0.75,29.8
11/21/2025 15:00,avenue41_to_harrisln,NB,0.08,0.64,33.3
11/21/2025 16:00,avenue41_to_harrisln,NB,0.13,0.72,30.1
11/21/2025 17:00,avenue41_to_harrisln,NB,0.08,0.66,33
11/21/2025 18:00,avenue41_to_harrisln,NB,0.04,0.61,35.2
11/21/2025 19:00,avenue41_to_harrisln,NB,0.04,0.6,36.1
11/21/2025 20:00,avenue41_to_harrisln,NB,0.03,0.58,37.3
11/21/2025 21:00,avenue41_to_harrisln,NB,0.02,0.53,40.9
11/21/2025 22:00,avenue41_to_harrisln,NB,0.03,0.55,39.1
11/21/2025 23:00,avenue41_to_harrisln,NB,0.05,0.59,36.9
11/22/2025 0:00,avenue41_to_harrisln,NB,0.01,0.51,42
11/22/2025 1:00,avenue41_to_harrisln,NB,0,0.49,43.9
11/22/2025 2:00,avenue41_to_harrisln,NB,0,0.46,47
11/22/2025 3:00,avenue41_to_harrisln,NB,0.05,0.57,38.7
11/22/2025 4:00,avenue41_to_harrisln,NB,0,0.53,40.9
11/22/2025 5:00,avenue41_to_harrisln,NB,0,0.51,41.8
11/22/2025 6:00,avenue41_to_harrisln,NB,0.01,0.53,40.9
11/22/2025 7:00,avenue41_to_harrisln,NB,0.01,0.54,39.6
11/22/2025 8:00,avenue41_to_harrisln,NB,0.01,0.56,38.6
11/22/2025 9:00,avenue41_to_harrisln,NB,0.08,0.63,34.8
11/22/2025 10:00,avenue41_to_harrisln,NB,0.04,0.59,36.8
11/22/2025 11:00,avenue41_to_harrisln,NB,0.03,0.59,36.3
11/22/2025 12:00,avenue41_to_harrisln,NB,0.06,0.61,35.8
11/22/2025 13:00,avenue41_to_harrisln,NB,0.04,0.61,35.4
11/22/2025 14:00,avenue41_to_harrisln,NB,0.05,0.61,35.3
11/22/2025 15:00,avenue41_to_harrisln,NB,0.05,0.59,36.4
11/22/2025 16:00,avenue41_to_harrisln,NB,0.04,0.58,37
11/22/2025 17:00,avenue41_to_harrisln,NB,0.02,0.58,36.8
11/22/2025 18:00,avenue41_to_harrisln,NB,0.03,0.58,37.1
11/22/2025 19:00,avenue41_to_harrisln,NB,0.02,0.57,37.5
11/22/2025 20:00,avenue41_to_harrisln,NB,0.04,0.57,38
11/22/2025 21:00,avenue41_to_harrisln,NB,0.04,0.58,37.3
11/22/2025 22:00,avenue41_to_harrisln,NB,0.02,0.53,40.4
11/22/2025 23:00,avenue41_to_harrisln,NB,0,0.54,40
11/23/2025 0:00,avenue41_to_harrisln,NB,0.03,0.52,42.2
11/23/2025 1:00,avenue41_to_harrisln,NB,0,0.5,43.3
11/23/2025 2:00,avenue41_to_harrisln,NB,0,0.51,42.2
11/23/2025 3:00,avenue41_to_harrisln,NB,0.02,0.56,38.9
11/23/2025 4:00,avenue41_to_harrisln,NB,0.01,0.5,43.5
11/23/2025 5:00,avenue41_to_harrisln,NB,0.02,0.54,40.3
11/23/2025 6:00,avenue41_to_harrisln,NB,0,0.46,46.1
11/23/2025 7:00,avenue41_to_harrisln,NB,0.03,0.55,39
11/23/2025 8:00,avenue41_to_harrisln,NB,0.03,0.55,39
11/23/2025 9:00,avenue41_to_harrisln,NB,0.03,0.55,39.7
11/23/2025 10:00,avenue41_to_harrisln,NB,0.02,0.57,37.7
11/23/2025 11:00,avenue41_to_harrisln,NB,0.03,0.6,35.9
11/23/2025 12:00,avenue41_to_harrisln,NB,0.04,0.59,36.8
11/23/2025 13:00,avenue41_to_harrisln,NB,0.06,0.62,34.9
11/23/2025 14:00,avenue41_to_harrisln,NB,0.06,0.61,35.8
11/23/2025 15:00,avenue41_to_harrisln,NB,0.02,0.58,37
11/23/2025 16:00,avenue41_to_harrisln,NB,0.04,0.59,36.8
11/23/2025 17:00,avenue41_to_harrisln,NB,0.01,0.57,37.6
11/23/2025 18:00,avenue41_to_harrisln,NB,0.11,0.67,32.9
11/23/2025 19:00,avenue41_to_harrisln,NB,0.09,0.64,34.3
11/23/2025 20:00,avenue41_to_harrisln,NB,0.05,0.58,37.1
11/23/2025 21:00,avenue41_to_harrisln,NB,0.01,0.53,41
11/23/2025 22:00,avenue41_to_harrisln,NB,0,0.51,42.2
11/23/2025 23:00,avenue41_to_harrisln,NB,0.03,0.53,40.9
11/24/2025 0:00,avenue41_to_harrisln,NB,0.09,0.64,34.7
11/24/2025 1:00,avenue41_to_harrisln,NB,0.01,0.51,41.8
11/24/2025 2:00,avenue41_to_harrisln,NB,0,0.51,41.9
11/24/2025 3:00,avenue41_to_harrisln,NB,0,0.45,47.4
11/24/2025 4:00,avenue41_to_harrisln,NB,0,0.47,45.8
11/24/2025 5:00,avenue41_to_harrisln,NB,0,0.48,44.7
11/24/2025 6:00,avenue41_to_harrisln,NB,0.02,0.52,41.1
11/24/2025 7:00,avenue41_to_harrisln,NB,0.02,0.53,40.3
11/24/2025 8:00,avenue41_to_harrisln,NB,0.04,0.6,35.9
11/24/2025 9:00,avenue41_to_harrisln,NB,0.05,0.61,35.6
11/24/2025 10:00,avenue41_to_harrisln,NB,0.08,0.62,34.9
11/24/2025 11:00,avenue41_to_harrisln,NB,0.09,0.65,33.2
11/24/2025 12:00,avenue41_to_harrisln,NB,0.06,0.64,33.7
11/24/2025 13:00,avenue41_to_harrisln,NB,0.07,0.63,34.6
11/24/2025 14:00,avenue41_to_harrisln,NB,0.12,0.68,31.7
11/24/2025 15:00,avenue41_to_harrisln,NB,0.2,0.77,28
11/24/2025 16:00,avenue41_to_harrisln,NB,0.17,0.75,29
11/24/2025 17:00,avenue41_to_harrisln,NB,0.09,0.66,32.6
11/24/2025 18:00,avenue41_to_harrisln,NB,0.03,0.57,37.5
11/24/2025 19:00,avenue41_to_harrisln,NB,0.05,0.59,36.6
11/24/2025 20:00,avenue41_to_harrisln,NB,0.03,0.55,39.2
11/24/2025 21:00,avenue41_to_harrisln,NB,0.02,0.53,40.8
11/24/2025 22:00,avenue41_to_harrisln,NB,0.02,0.52,41.3
11/24/2025 23:00,avenue41_to_harrisln,NB,0.02,0.51,42.1
11/25/2025 0:00,avenue41_to_harrisln,NB,0.01,0.52,41.3
11/25/2025 1:00,avenue41_to_harrisln,NB,0,0.49,43.4
11/25/2025 2:00,avenue41_to_harrisln,NB,0,0.46,46.3
11/25/2025 3:00,avenue41_to_harrisln,NB,0,0.48,44.4
11/25/2025 4:00,avenue41_to_harrisln,NB,0,0.48,44.5
11/25/2025 5:00,avenue41_to_harrisln,NB,0,0.46,46.4
11/25/2025 6:00,avenue41_to_harrisln,NB,0.03,0.53,40.7
11/25/2025 7:00,avenue41_to_harrisln,NB,0.02,0.55,38.7
11/25/2025 8:00,avenue41_to_harrisln,NB,0.05,0.59,36.2
11/25/2025 9:00,avenue41_to_harrisln,NB,0.07,0.62,35
11/25/2025 10:00,avenue41_to_harrisln,NB,0.06,0.62,34.8
11/25/2025 11:00,avenue41_to_harrisln,NB,0.05,0.61,34.9
11/25/2025 12:00,avenue41_to_harrisln,NB,0.08,0.65,33.5
11/25/2025 13:00,avenue41_to_harrisln,NB,0.07,0.64,33.4
11/25/2025 14:00,avenue41_to_harrisln,NB,0.24,0.82,26.8
11/25/2025 15:00,avenue41_to_harrisln,NB,0.19,0.78,27.7
11/25/2025 16:00,avenue41_to_harrisln,NB,0.33,0.91,25.7
11/25/2025 17:00,avenue41_to_harrisln,NB,0.11,0.69,31.1
11/25/2025 18:00,avenue41_to_harrisln,NB,0.03,0.59,36.7
11/25/2025 19:00,avenue41_to_harrisln,NB,0.06,0.61,35.1
11/25/2025 20:00,avenue41_to_harrisln,NB,0.02,0.57,38
11/25/2025 21:00,avenue41_to_harrisln,NB,0.04,0.55,39.5
11/25/2025 22:00,avenue41_to_harrisln,NB,0.01,0.52,41.2
11/25/2025 23:00,avenue41_to_harrisln,NB,0.02,0.53,40.7
11/26/2025 0:00,avenue41_to_harrisln,NB,0,0.47,45.7
11/26/2025 1:00,avenue41_to_harrisln,NB,0,0.54,39.9
11/26/2025 2:00,avenue41_to_harrisln,NB,0,0.47,45.6
11/26/2025 3:00,avenue41_to_harrisln,NB,0,0.46,46.9
11/26/2025 4:00,avenue41_to_harrisln,NB,0,0.52,41.1
11/26/2025 5:00,avenue41_to_harrisln,NB,0,0.51,42.4
11/26/2025 6:00,avenue41_to_harrisln,NB,0.04,0.55,39.3
11/26/2025 7:00,avenue41_to_harrisln,NB,0.08,0.61,35.8
11/26/2025 8:00,avenue41_to_harrisln,NB,0.07,0.63,34.7
11/26/2025 9:00,avenue41_to_harrisln,NB,0.1,0.67,32.6
11/26/2025 10:00,avenue41_to_harrisln,NB,0.08,0.66,32.6
11/26/2025 11:00,avenue41_to_harrisln,NB,0.1,0.68,31.6
11/26/2025 12:00,avenue41_to_harrisln,NB,0.24,0.8,27.5
11/26/2025 13:00,avenue41_to_harrisln,NB,0.11,0.68,31.7
11/26/2025 14:00,avenue41_to_harrisln,NB,0.15,0.71,31.3
11/26/2025 15:00,avenue41_to_harrisln,NB,0.19,0.76,29.2
11/26/2025 16:00,avenue41_to_harrisln,NB,0.11,0.68,32.1
11/26/2025 17:00,avenue41_to_harrisln,NB,0.09,0.66,32.7
11/26/2025 18:00,avenue41_to_harrisln,NB,0.07,0.64,33.5
11/26/2025 19:00,avenue41_to_harrisln,NB,0.06,0.61,35.6
11/26/2025 20:00,avenue41_to_harrisln,NB,0.05,0.58,37.5
11/26/2025 21:00,avenue41_to_harrisln,NB,0.02,0.56,38.5
11/26/2025 22:00,avenue41_to_harrisln,NB,0.01,0.51,41.8
11/26/2025 23:00,avenue41_to_harrisln,NB,0.01,0.55,38.9
11/27/2025 0:00,avenue41_to_harrisln,NB,0,0.49,43.8
11/27/2025 1:00,avenue41_to_harrisln,NB,0,0.49,43.5
11/27/2025 2:00,avenue41_to_harrisln,NB,0,0.49,43.8
11/27/2025 3:00,avenue41_to_harrisln,NB,0.02,0.49,44.3
11/27/2025 4:00,avenue41_to_harrisln,NB,0.01,0.49,44
11/27/2025 5:00,avenue41_to_harrisln,NB,0.02,0.51,42.1
11/27/2025 6:00,avenue41_to_harrisln,NB,0.01,0.51,42.6
11/27/2025 7:00,avenue41_to_harrisln,NB,0.04,0.54,40.2
11/27/2025 8:00,avenue41_to_harrisln,NB,0.05,0.58,37.4
11/27/2025 9:00,avenue41_to_harrisln,NB,0.02,0.56,38.5
11/27/2025 10:00,avenue41_to_harrisln,NB,0.03,0.55,39.4
11/27/2025 11:00,avenue41_to_harrisln,NB,0.04,0.56,38.3
11/27/2025 12:00,avenue41_to_harrisln,NB,0.07,0.61,36.1
11/27/2025 13:00,avenue41_to_harrisln,NB,0.03,0.56,38.6
11/27/2025 14:00,avenue41_to_harrisln,NB,0,0.5,42.5
11/27/2025 15:00,avenue41_to_harrisln,NB,0.05,0.57,38
11/27/2025 16:00,avenue41_to_harrisln,NB,0.01,0.54,39.6
11/27/2025 17:00,avenue41_to_harrisln,NB,0.01,0.54,39.9
11/27/2025 18:00,avenue41_to_harrisln,NB,0.03,0.55,38.8
11/27/2025 19:00,avenue41_to_harrisln,NB,0.02,0.56,38.6
11/27/2025 20:00,avenue41_to_harrisln,NB,0.02,0.54,39.4
11/27/2025 21:00,avenue41_to_harrisln,NB,0,0.54,39.6
11/27/2025 22:00,avenue41_to_harrisln,NB,0.03,0.53,40.5
11/27/2025 23:00,avenue41_to_harrisln,NB,0.01,0.5,42.7
11/28/2025 0:00,avenue41_to_harrisln,NB,0,0.56,38.7
11/28/2025 1:00,avenue41_to_harrisln,NB,0,0.48,45.3
11/28/2025 2:00,avenue41_to_harrisln,NB,0,0.49,43.9
11/28/2025 3:00,avenue41_to_harrisln,NB,0,0.48,44.5
11/28/2025 4:00,avenue41_to_harrisln,NB,0.02,0.51,42.8
11/28/2025 5:00,avenue41_to_harrisln,NB,0.02,0.5,43.3
11/28/2025 6:00,avenue41_to_harrisln,NB,0.01,0.5,43.3
11/28/2025 7:00,avenue41_to_harrisln,NB,0.03,0.54,39.8
11/28/2025 8:00,avenue41_to_harrisln,NB,0.02,0.57,37.8
11/28/2025 9:00,avenue41_to_harrisln,NB,0.05,0.6,35.9
11/28/2025 10:00,avenue41_to_harrisln,NB,0.05,0.59,36.3
11/28/2025 11:00,avenue41_to_harrisln,NB,0.08,0.64,33.7
11/28/2025 12:00,avenue41_to_harrisln,NB,0.03,0.58,37.2
11/28/2025 13:00,avenue41_to_harrisln,NB,0.04,0.59,36.8
11/28/2025 14:00,avenue41_to_harrisln,NB,0.04,0.61,35.1
11/28/2025 15:00,avenue41_to_harrisln,NB,0.04,0.61,35
11/28/2025 16:00,avenue41_to_harrisln,NB,0.04,0.6,35.8
11/28/2025 17:00,avenue41_to_harrisln,NB,0.06,0.61,35.6
11/28/2025 18:00,avenue41_to_harrisln,NB,0.04,0.6,36.1
11/28/2025 19:00,avenue41_to_harrisln,NB,0.05,0.59,36.9
11/28/2025 20:00,avenue41_to_harrisln,NB,0.03,0.56,38.5
11/28/2025 21:00,avenue41_to_harrisln,NB,0.05,0.58,37.9
11/28/2025 22:00,avenue41_to_harrisln,NB,0,0.52,41.2
11/28/2025 23:00,avenue41_to_harrisln,NB,0.03,0.54,40.3
11/29/2025 0:00,avenue41_to_harrisln,NB,0.01,0.5,42.8
11/29/2025 1:00,avenue41_to_harrisln,NB,0,0.52,41.8
11/29/2025 2:00,avenue41_to_harrisln,NB,0,0.48,44.7
11/29/2025 3:00,avenue41_to_harrisln,NB,0,0.49,44.3
11/29/2025 4:00,avenue41_to_harrisln,NB,0.1,0.6,38.7
11/29/2025 5:00,avenue41_to_harrisln,NB,0,0.47,45.3
11/29/2025 6:00,avenue41_to_harrisln,NB,0,0.5,43.2
11/29/2025 7:00,avenue41_to_harrisln,NB,0.05,0.56,38.7
11/29/2025 8:00,avenue41_to_harrisln,NB,0.01,0.54,39.8
11/29/2025 9:00,avenue41_to_harrisln,NB,0.03,0.58,37.4
11/29/2025 10:00,avenue41_to_harrisln,NB,0.07,0.63,34.5
11/29/2025 11:00,avenue41_to_harrisln,NB,0.02,0.57,37.5
11/29/2025 12:00,avenue41_to_harrisln,NB,0.03,0.58,37.7
11/29/2025 13:00,avenue41_to_harrisln,NB,0.02,0.59,36.6
11/29/2025 14:00,avenue41_to_harrisln,NB,0.03,0.58,36.9
11/29/2025 15:00,avenue41_to_harrisln,NB,0.09,0.65,34.2
11/29/2025 16:00,avenue41_to_harrisln,NB,0.03,0.59,36.6
11/29/2025 17:00,avenue41_to_harrisln,NB,0.03,0.57,37.4
11/29/2025 18:00,avenue41_to_harrisln,NB,0.04,0.58,36.7
11/29/2025 19:00,avenue41_to_harrisln,NB,0.03,0.59,36.5
11/29/2025 20:00,avenue41_to_harrisln,NB,0.03,0.56,38.7
11/29/2025 21:00,avenue41_to_harrisln,NB,0.02,0.54,40.1
11/29/2025 22:00,avenue41_to_harrisln,NB,0.01,0.52,41.1
11/29/2025 23:00,avenue41_to_harrisln,NB,0.01,0.54,40.2
11/30/2025 0:00,avenue41_to_harrisln,NB,0.02,0.52,41.5
11/30/2025 1:00,avenue41_to_harrisln,NB,0,0.49,43.8
11/30/2025 2:00,avenue41_to_harrisln,NB,0.06,0.57,37.9
11/30/2025 3:00,avenue41_to_harrisln,NB,0.04,0.57,39.1
11/30/2025 4:00,avenue41_to_harrisln,NB,0,0.55,39
11/30/2025 5:00,avenue41_to_harrisln,NB,0,0.47,45.6
11/30/2025 6:00,avenue41_to_harrisln,NB,0,0.49,43.7
11/30/2025 7:00,avenue41_to_harrisln,NB,0,0.51,42.4
11/30/2025 8:00,avenue41_to_harrisln,NB,0.01,0.52,41.1
11/30/2025 9:00,avenue41_to_harrisln,NB,0.02,0.56,38.5
11/30/2025 10:00,avenue41_to_harrisln,NB,0.01,0.55,39.2
11/30/2025 11:00,avenue41_to_harrisln,NB,0.02,0.57,37.9
11/30/2025 12:00,avenue41_to_harrisln,NB,0.01,0.55,38.8
11/30/2025 13:00,avenue41_to_harrisln,NB,0.04,0.57,38.1
11/30/2025 14:00,avenue41_to_harrisln,NB,0.01,0.54,40
11/30/2025 15:00,avenue41_to_harrisln,NB,0.02,0.57,37.9
11/30/2025 16:00,avenue41_to_harrisln,NB,0.05,0.61,35.5
11/30/2025 17:00,avenue41_to_harrisln,NB,0.04,0.59,36.3
11/30/2025 18:00,avenue41_to_harrisln,NB,0.04,0.58,37
11/30/2025 19:00,avenue41_to_harrisln,NB,0.04,0.57,37.5
11/30/2025 20:00,avenue41_to_harrisln,NB,0.02,0.52,41.1
11/30/2025 21:00,avenue41_to_harrisln,NB,0.04,0.56,38.7
11/30/2025 22:00,avenue41_to_harrisln,NB,0,0.5,42.5
11/30/2025 23:00,avenue41_to_harrisln,NB,0.02,0.53,40.6
12/1/2025 0:00,avenue41_to_harrisln,NB,0,0.51,42.5
12/1/2025 1:00,avenue41_to_harrisln,NB,0,0.49,44.4
12/1/2025 2:00,avenue41_to_harrisln,NB,0,0.51,42.1
12/1/2025 3:00,avenue41_to_harrisln,NB,0,0.47,46.3
12/1/2025 4:00,avenue41_to_harrisln,NB,0.01,0.51,42
12/1/2025 5:00,avenue41_to_harrisln,NB,0.03,0.52,41.8
12/1/2025 6:00,avenue41_to_harrisln,NB,0.02,0.53,41.2
12/1/2025 7:00,avenue41_to_harrisln,NB,0.05,0.58,37.3
12/1/2025 8:00,avenue41_to_harrisln,NB,0.08,0.62,34.8
12/1/2025 9:00,avenue41_to_harrisln,NB,0.05,0.61,35.3
12/1/2025 10:00,avenue41_to_harrisln,NB,0.08,0.64,34.1
12/1/2025 11:00,avenue41_to_harrisln,NB,0.08,0.64,34
12/1/2025 12:00,avenue41_to_harrisln,NB,0.03,0.58,37.2
12/1/2025 13:00,avenue41_to_harrisln,NB,0.07,0.62,35
12/1/2025 14:00,avenue41_to_harrisln,NB,0.16,0.74,29.8
12/1/2025 15:00,avenue41_to_harrisln,NB,0.34,0.91,24.2
12/1/2025 16:00,avenue41_to_harrisln,NB,0.11,0.68,31.5
12/1/2025 17:00,avenue41_to_harrisln,NB,0.08,0.66,33.1
12/1/2025 18:00,avenue41_to_harrisln,NB,0.05,0.6,36
12/1/2025 19:00,avenue41_to_harrisln,NB,0.01,0.52,41.4
12/1/2025 20:00,avenue41_to_harrisln,NB,0,0.53,40.1
12/1/2025 21:00,avenue41_to_harrisln,NB,0.04,0.58,37.3
12/1/2025 22:00,avenue41_to_harrisln,NB,0.01,0.56,38.7
12/1/2025 23:00,avenue41_to_harrisln,NB,0.01,0.5,42.9
12/2/2025 0:00,avenue41_to_harrisln,NB,0,0.51,42.3
12/2/2025 1:00,avenue41_to_harrisln,NB,0,0.5,43.3
12/2/2025 2:00,avenue41_to_harrisln,NB,0,0.49,43.9
12/2/2025 3:00,avenue41_to_harrisln,NB,0,0.55,39
12/2/2025 4:00,avenue41_to_harrisln,NB,0,0.53,41.2
12/2/2025 5:00,avenue41_to_harrisln,NB,0.02,0.51,42.6
12/2/2025 6:00,avenue41_to_harrisln,NB,0.01,0.51,41.9
12/2/2025 7:00,avenue41_to_harrisln,NB,0.14,0.67,32.6
12/2/2025 8:00,avenue41_to_harrisln,NB,0.11,0.65,33.5
12/2/2025 9:00,avenue41_to_harrisln,NB,0.14,0.71,31.2
12/2/2025 10:00,avenue41_to_harrisln,NB,0.03,0.6,35.6
12/2/2025 11:00,avenue41_to_harrisln,NB,0.06,0.63,34.1
12/2/2025 12:00,avenue41_to_harrisln,NB,0.07,0.64,34.2
12/2/2025 13:00,avenue41_to_harrisln,NB,0.06,0.62,35.5
12/2/2025 14:00,avenue41_to_harrisln,NB,0.1,0.69,31
12/2/2025 15:00,avenue41_to_harrisln,NB,0.27,0.85,25.5
12/2/2025 16:00,avenue41_to_harrisln,NB,0.17,0.75,28.8
12/2/2025 17:00,avenue41_to_harrisln,NB,0.07,0.63,34.2
12/2/2025 18:00,avenue41_to_harrisln,NB,0.02,0.58,37.2
12/2/2025 19:00,avenue41_to_harrisln,NB,0.04,0.6,36
12/2/2025 20:00,avenue41_to_harrisln,NB,0.02,0.55,39
12/2/2025 21:00,avenue41_to_harrisln,NB,0.01,0.55,39.5
12/2/2025 22:00,avenue41_to_harrisln,NB,0.01,0.54,39.9
12/2/2025 23:00,avenue41_to_harrisln,NB,0.02,0.57,38.2
12/3/2025 0:00,avenue41_to_harrisln,NB,0,0.47,45.1
12/3/2025 1:00,avenue41_to_harrisln,NB,0,0.49,43.4
12/3/2025 2:00,avenue41_to_harrisln,NB,0,0.5,43
12/3/2025 3:00,avenue41_to_harrisln,NB,0,0.49,44
12/3/2025 4:00,avenue41_to_harrisln,NB,0,0.49,43.6
12/3/2025 5:00,avenue41_to_harrisln,NB,0,0.51,42.5
12/3/2025 6:00,avenue41_to_harrisln,NB,0,0.51,41.8
12/3/2025 7:00,avenue41_to_harrisln,NB,0.06,0.6,35.9
12/3/2025 8:00,avenue41_to_harrisln,NB,0.1,0.65,32.8
12/3/2025 9:00,avenue41_to_harrisln,NB,0.06,0.6,35.8
12/3/2025 10:00,avenue41_to_harrisln,NB,0.06,0.63,34
12/3/2025 11:00,avenue41_to_harrisln,NB,0.04,0.6,35.7
12/3/2025 12:00,avenue41_to_harrisln,NB,0.05,0.62,34.9
12/3/2025 13:00,avenue41_to_harrisln,NB,0.08,0.66,32.8
12/3/2025 14:00,avenue41_to_harrisln,NB,0.15,0.73,29.9
12/3/2025 15:00,avenue41_to_harrisln,NB,0.27,0.85,25.9
12/3/2025 16:00,avenue41_to_harrisln,NB,0.11,0.7,30.8
12/3/2025 17:00,avenue41_to_harrisln,NB,0.09,0.66,32.6
12/3/2025 18:00,avenue41_to_harrisln,NB,0.04,0.58,36.8
12/3/2025 19:00,avenue41_to_harrisln,NB,0.04,0.58,37.4
12/3/2025 20:00,avenue41_to_harrisln,NB,0.03,0.57,37.8
12/3/2025 21:00,avenue41_to_harrisln,NB,0,0.54,39.9
12/3/2025 22:00,avenue41_to_harrisln,NB,0.03,0.56,38.8
12/3/2025 23:00,avenue41_to_harrisln,NB,0.01,0.55,39
12/4/2025 0:00,avenue41_to_harrisln,NB,0.02,0.55,39.2
12/4/2025 1:00,avenue41_to_harrisln,NB,0,0.51,42.2
12/4/2025 2:00,avenue41_to_harrisln,NB,0,0.51,42.6
12/4/2025 3:00,avenue41_to_harrisln,NB,0,0.51,42.7
12/4/2025 4:00,avenue41_to_harrisln,NB,0,0.52,41.6
12/4/2025 5:00,avenue41_to_harrisln,NB,0,0.49,43.8
12/4/2025 6:00,avenue41_to_harrisln,NB,0.05,0.57,38.1
12/4/2025 7:00,avenue41_to_harrisln,NB,0.04,0.57,37.9
12/4/2025 8:00,avenue41_to_harrisln,NB,0.15,0.7,31.8
12/4/2025 9:00,avenue41_to_harrisln,NB,0.04,0.6,35.5
12/4/2025 10:00,avenue41_to_harrisln,NB,0.05,0.62,35
12/4/2025 11:00,avenue41_to_harrisln,NB,0.06,0.6,36.1
12/4/2025 12:00,avenue41_to_harrisln,NB,0.04,0.59,36.7
12/4/2025 13:00,avenue41_to_harrisln,NB,0.06,0.63,34.1
12/4/2025 14:00,avenue41_to_harrisln,NB,0.1,0.69,31
12/4/2025 15:00,avenue41_to_harrisln,NB,0.43,1.02,21.7
12/4/2025 16:00,avenue41_to_harrisln,NB,0.11,0.69,31.3
12/4/2025 17:00,avenue41_to_harrisln,NB,0.14,0.71,30.7
12/4/2025 18:00,avenue41_to_harrisln,NB,0.03,0.59,36.3
12/4/2025 19:00,avenue41_to_harrisln,NB,0.02,0.57,38.1
12/4/2025 20:00,avenue41_to_harrisln,NB,0.02,0.56,38.7
12/4/2025 21:00,avenue41_to_harrisln,NB,0.01,0.53,40.6
12/4/2025 22:00,avenue41_to_harrisln,NB,0.01,0.53,40.2
12/4/2025 23:00,avenue41_to_harrisln,NB,0,0.51,42.7
12/5/2025 0:00,avenue41_to_harrisln,NB,0.02,0.54,40.1
12/5/2025 1:00,avenue41_to_harrisln,NB,0,0.48,44.2
12/5/2025 2:00,avenue41_to_harrisln,NB,0,0.51,42.2
12/5/2025 3:00,avenue41_to_harrisln,NB,0,0.52,41.5
12/5/2025 4:00,avenue41_to_harrisln,NB,0,0.48,44.5
12/5/2025 5:00,avenue41_to_harrisln,NB,0.04,0.53,40.3
12/5/2025 6:00,avenue41_to_harrisln,NB,0.01,0.5,42.6
12/5/2025 7:00,avenue41_to_harrisln,NB,0.07,0.61,35.4
12/5/2025 8:00,avenue41_to_harrisln,NB,0.09,0.65,33.1
12/5/2025 9:00,avenue41_to_harrisln,NB,0.05,0.61,35.9
12/5/2025 10:00,avenue41_to_harrisln,NB,0.04,0.61,35.4
12/5/2025 11:00,avenue41_to_harrisln,NB,0.04,0.61,35.4
12/5/2025 12:00,avenue41_to_harrisln,NB,0.09,0.66,32.6
12/5/2025 13:00,avenue41_to_harrisln,NB,0.05,0.63,34
12/5/2025 14:00,avenue41_to_harrisln,NB,0.15,0.73,30.5
12/5/2025 15:00,avenue41_to_harrisln,NB,0.6,1.19,18.9
12/5/2025 16:00,avenue41_to_harrisln,NB,0.28,0.85,26.2
12/5/2025 17:00,avenue41_to_harrisln,NB,0.12,0.69,31.5
12/5/2025 18:00,avenue41_to_harrisln,NB,0.03,0.57,37.6
12/5/2025 19:00,avenue41_to_harrisln,NB,0.06,0.61,35.5
12/5/2025 20:00,avenue41_to_harrisln,NB,0.03,0.59,37
12/5/2025 21:00,avenue41_to_harrisln,NB,0.01,0.55,39
12/5/2025 22:00,avenue41_to_harrisln,NB,0.01,0.53,40.6
12/5/2025 23:00,avenue41_to_harrisln,NB,0.01,0.53,40.8
12/6/2025 0:00,avenue41_to_harrisln,NB,0.02,0.54,40
12/6/2025 1:00,avenue41_to_harrisln,NB,0,0.5,43
12/6/2025 2:00,avenue41_to_harrisln,NB,0.01,0.54,40.4
12/6/2025 3:00,avenue41_to_harrisln,NB,0,0.5,43
12/6/2025 4:00,avenue41_to_harrisln,NB,0,0.5,43.1
12/6/2025 5:00,avenue41_to_harrisln,NB,0,0.51,42.3
12/6/2025 6:00,avenue41_to_harrisln,NB,0,0.5,42.6
12/6/2025 7:00,avenue41_to_harrisln,NB,0.01,0.52,41.3
12/6/2025 8:00,avenue41_to_harrisln,NB,0.02,0.55,38.9
12/6/2025 9:00,avenue41_to_harrisln,NB,0.01,0.54,39.6
12/6/2025 10:00,avenue41_to_harrisln,NB,0.01,0.57,38
12/6/2025 11:00,avenue41_to_harrisln,NB,0.05,0.58,37.3
12/6/2025 12:00,avenue41_to_harrisln,NB,0.06,0.63,34.3
12/6/2025 13:00,avenue41_to_harrisln,NB,0.04,0.59,36.5
12/6/2025 14:00,avenue41_to_harrisln,NB,0.05,0.62,34.9
12/6/2025 15:00,avenue41_to_harrisln,NB,0.02,0.58,37.3
12/6/2025 16:00,avenue41_to_harrisln,NB,0.02,0.56,38.3
12/6/2025 17:00,avenue41_to_harrisln,NB,0.04,0.59,36.7
12/6/2025 18:00,avenue41_to_harrisln,NB,0.04,0.59,37.1
12/6/2025 19:00,avenue41_to_harrisln,NB,0.02,0.56,38.5
12/6/2025 20:00,avenue41_to_harrisln,NB,0.02,0.56,38.5
12/6/2025 21:00,avenue41_to_harrisln,NB,0.01,0.54,39.5
12/6/2025 22:00,avenue41_to_harrisln,NB,0,0.52,41.1
12/6/2025 23:00,avenue41_to_harrisln,NB,0.01,0.56,38.9
12/7/2025 0:00,avenue41_to_harrisln,NB,0.03,0.56,38.8
12/7/2025 1:00,avenue41_to_harrisln,NB,0.02,0.54,40.3
12/7/2025 2:00,avenue41_to_harrisln,NB,0,0.49,43.7
12/7/2025 3:00,avenue41_to_harrisln,NB,0,0.48,44.4
12/7/2025 4:00,avenue41_to_harrisln,NB,0,0.48,44.5
12/7/2025 5:00,avenue41_to_harrisln,NB,0,0.5,43.2
12/7/2025 6:00,avenue41_to_harrisln,NB,0,0.48,44.8
12/7/2025 7:00,avenue41_to_harrisln,NB,0.03,0.54,40.1
12/7/2025 8:00,avenue41_to_harrisln,NB,0.03,0.56,38.7
12/7/2025 9:00,avenue41_to_harrisln,NB,0.03,0.57,38
12/7/2025 10:00,avenue41_to_harrisln,NB,0.03,0.58,37
12/7/2025 11:00,avenue41_to_harrisln,NB,0.02,0.56,38.3
12/7/2025 12:00,avenue41_to_harrisln,NB,0.03,0.58,37.2
12/7/2025 13:00,avenue41_to_harrisln,NB,0.04,0.58,36.9
12/7/2025 14:00,avenue41_to_harrisln,NB,0.04,0.6,36.1
12/7/2025 15:00,avenue41_to_harrisln,NB,0.04,0.59,36.7
12/7/2025 16:00,avenue41_to_harrisln,NB,0.02,0.57,37.5
12/7/2025 17:00,avenue41_to_harrisln,NB,0.05,0.61,35.7
12/7/2025 18:00,avenue41_to_harrisln,NB,0.04,0.59,36.6
12/7/2025 19:00,avenue41_to_harrisln,NB,0.02,0.56,38.3
12/7/2025 20:00,avenue41_to_harrisln,NB,0.02,0.57,38
12/7/2025 21:00,avenue41_to_harrisln,NB,0,0.51,42.2
12/7/2025 22:00,avenue41_to_harrisln,NB,0.01,0.53,40.9
12/7/2025 23:00,avenue41_to_harrisln,NB,0.01,0.51,41.8
12/8/2025 0:00,avenue41_to_harrisln,NB,0.01,0.52,41.8
12/8/2025 1:00,avenue41_to_harrisln,NB,0,0.51,42.4
12/8/2025 2:00,avenue41_to_harrisln,NB,0,0.49,43.8
12/8/2025 3:00,avenue41_to_harrisln,NB,0,0.5,43.1
12/8/2025 4:00,avenue41_to_harrisln,NB,0.01,0.47,45.5
12/8/2025 5:00,avenue41_to_harrisln,NB,0,0.48,45.1
12/8/2025 6:00,avenue41_to_harrisln,NB,0.03,0.53,40.3
12/8/2025 7:00,avenue41_to_harrisln,NB,0.04,0.58,37.3
12/8/2025 8:00,avenue41_to_harrisln,NB,0.07,0.64,33.7
12/8/2025 9:00,avenue41_to_harrisln,NB,0.05,0.6,35.8
12/8/2025 10:00,avenue41_to_harrisln,NB,0.02,0.58,37.2
12/8/2025 11:00,avenue41_to_harrisln,NB,0.03,0.58,37.1
12/8/2025 12:00,avenue41_to_harrisln,NB,0.06,0.62,34.6
12/8/2025 13:00,avenue41_to_harrisln,NB,0.06,0.64,34
12/8/2025 14:00,avenue41_to_harrisln,NB,0.09,0.66,33.3
12/8/2025 15:00,avenue41_to_harrisln,NB,0.22,0.81,26.8
12/8/2025 16:00,avenue41_to_harrisln,NB,0.23,0.8,27.3
12/8/2025 17:00,avenue41_to_harrisln,NB,0.08,0.64,33.7
12/8/2025 18:00,avenue41_to_harrisln,NB,0.07,0.62,34.8
12/8/2025 19:00,avenue41_to_harrisln,NB,0.03,0.57,38.2
12/8/2025 20:00,avenue41_to_harrisln,NB,0.03,0.58,36.9
12/8/2025 21:00,avenue41_to_harrisln,NB,0.01,0.55,39
12/8/2025 22:00,avenue41_to_harrisln,NB,0,0.52,41.4
12/8/2025 23:00,avenue41_to_harrisln,NB,0,0.49,43.8
12/9/2025 0:00,avenue41_to_harrisln,NB,0,0.5,43
12/9/2025 1:00,avenue41_to_harrisln,NB,0,0.51,42.1
12/9/2025 2:00,avenue41_to_harrisln,NB,0,0.48,44.3
12/9/2025 3:00,avenue41_to_harrisln,NB,0,0.49,43.7
12/9/2025 4:00,avenue41_to_harrisln,NB,0,0.48,44.3
12/9/2025 5:00,avenue41_to_harrisln,NB,0.01,0.49,43.6
12/9/2025 6:00,avenue41_to_harrisln,NB,0,0.5,43.1
12/9/2025 7:00,avenue41_to_harrisln,NB,0.04,0.57,37.7
12/9/2025 8:00,avenue41_to_harrisln,NB,0.07,0.62,34.5
12/9/2025 9:00,avenue41_to_harrisln,NB,0.05,0.62,34.7
12/9/2025 10:00,avenue41_to_harrisln,NB,0.04,0.61,35.5
12/9/2025 11:00,avenue41_to_harrisln,NB,0.04,0.61,35
12/9/2025 12:00,avenue41_to_harrisln,NB,0.08,0.66,32.4
12/9/2025 13:00,avenue41_to_harrisln,NB,0.06,0.63,34.6
12/9/2025 14:00,avenue41_to_harrisln,NB,0.12,0.71,30.5
12/9/2025 15:00,avenue41_to_harrisln,NB,0.28,0.86,25.6
12/9/2025 16:00,avenue41_to_harrisln,NB,0.12,0.7,30.8
12/9/2025 17:00,avenue41_to_harrisln,NB,0.07,0.65,33.2
12/9/2025 18:00,avenue41_to_harrisln,NB,0.01,0.56,38.2
12/9/2025 19:00,avenue41_to_harrisln,NB,0.01,0.53,40.2
12/9/2025 20:00,avenue41_to_harrisln,NB,0.03,0.54,39.7
12/9/2025 21:00,avenue41_to_harrisln,NB,0.01,0.53,40.6
12/9/2025 22:00,avenue41_to_harrisln,NB,0.01,0.52,41.6
12/9/2025 23:00,avenue41_to_harrisln,NB,0,0.48,44.2
12/10/2025 0:00,avenue41_to_harrisln,NB,0,0.49,43.7
12/10/2025 1:00,avenue41_to_harrisln,NB,0,0.5,42.6
12/10/2025 2:00,avenue41_to_harrisln,NB,0,0.49,44
12/10/2025 3:00,avenue41_to_harrisln,NB,0,0.48,44.6
12/10/2025 4:00,avenue41_to_harrisln,NB,0,0.49,43.5
12/10/2025 5:00,avenue41_to_harrisln,NB,0.01,0.51,42.6
12/10/2025 6:00,avenue41_to_harrisln,NB,0.03,0.53,40.3
12/10/2025 7:00,avenue41_to_harrisln,NB,0.05,0.59,36.9
12/10/2025 8:00,avenue41_to_harrisln,NB,0.06,0.62,35
12/10/2025 9:00,avenue41_to_harrisln,NB,0.07,0.62,35.1
12/10/2025 10:00,avenue41_to_harrisln,NB,0.05,0.6,36
12/10/2025 11:00,avenue41_to_harrisln,NB,0.06,0.61,35.8
12/10/2025 12:00,avenue41_to_harrisln,NB,0.07,0.63,34.1
12/10/2025 13:00,avenue41_to_harrisln,NB,0.08,0.66,32.8
12/10/2025 14:00,avenue41_to_harrisln,NB,0.07,0.64,33.5
12/10/2025 15:00,avenue41_to_harrisln,NB,0.25,0.83,26.3
12/10/2025 16:00,avenue41_to_harrisln,NB,0.06,0.62,34.7
12/10/2025 17:00,avenue41_to_harrisln,NB,0.09,0.66,32.5
12/10/2025 18:00,avenue41_to_harrisln,NB,0.05,0.6,35.6
12/10/2025 19:00,avenue41_to_harrisln,NB,0.04,0.6,36.1
12/10/2025 20:00,avenue41_to_harrisln,NB,0.03,0.56,38.8
12/10/2025 21:00,avenue41_to_harrisln,NB,0.02,0.57,37.7
12/10/2025 22:00,avenue41_to_harrisln,NB,0.01,0.51,42.4
12/10/2025 23:00,avenue41_to_harrisln,NB,0.01,0.53,40.4
12/11/2025 0:00,avenue41_to_harrisln,NB,0,0.49,43.6
12/11/2025 1:00,avenue41_to_harrisln,NB,0,0.49,43.9
12/11/2025 2:00,avenue41_to_harrisln,NB,0,0.49,43.7
12/11/2025 3:00,avenue41_to_harrisln,NB,0,0.48,45
12/11/2025 4:00,avenue41_to_harrisln,NB,0,0.5,43.1
12/11/2025 5:00,avenue41_to_harrisln,NB,0,0.47,45.5
12/11/2025 6:00,avenue41_to_harrisln,NB,0,0.49,43.5
12/11/2025 7:00,avenue41_to_harrisln,NB,0.04,0.59,36.7
12/11/2025 8:00,avenue41_to_harrisln,NB,0.06,0.63,34.2
12/11/2025 9:00,avenue41_to_harrisln,NB,0.06,0.61,35.6
12/11/2025 10:00,avenue41_to_harrisln,NB,0.04,0.59,36.2
12/11/2025 11:00,avenue41_to_harrisln,NB,0.05,0.6,35.8
12/11/2025 12:00,avenue41_to_harrisln,NB,0.04,0.6,35.7
12/11/2025 13:00,avenue41_to_harrisln,NB,0.05,0.62,34.9
12/11/2025 14:00,avenue41_to_harrisln,NB,0.15,0.73,29.5
12/11/2025 15:00,avenue41_to_harrisln,NB,0.23,0.8,27.2
12/11/2025 16:00,avenue41_to_harrisln,NB,0.12,0.7,31
12/11/2025 17:00,avenue41_to_harrisln,NB,0.07,0.64,33.5
12/11/2025 18:00,avenue41_to_harrisln,NB,0.04,0.61,35.4
12/11/2025 19:00,avenue41_to_harrisln,NB,0.06,0.6,36
12/11/2025 20:00,avenue41_to_harrisln,NB,0.01,0.55,38.7
12/11/2025 21:00,avenue41_to_harrisln,NB,0.01,0.53,40.5
12/11/2025 22:00,avenue41_to_harrisln,NB,0.01,0.55,38.9
12/11/2025 23:00,avenue41_to_harrisln,NB,0.01,0.53,40.1
12/12/2025 0:00,avenue41_to_harrisln,NB,0.01,0.52,41.4
12/12/2025 1:00,avenue41_to_harrisln,NB,0,0.48,44.8
12/12/2025 2:00,avenue41_to_harrisln,NB,0,0.5,42.8
12/12/2025 3:00,avenue41_to_harrisln,NB,0,0.47,45.2
12/12/2025 4:00,avenue41_to_harrisln,NB,0,0.5,42.8
12/12/2025 5:00,avenue41_to_harrisln,NB,0,0.52,41.7
12/12/2025 6:00,avenue41_to_harrisln,NB,0,0.49,43.9
12/12/2025 7:00,avenue41_to_harrisln,NB,0.05,0.61,35.7
12/12/2025 8:00,avenue41_to_harrisln,NB,0.07,0.65,33.5
12/12/2025 9:00,avenue41_to_harrisln,NB,0.04,0.61,34.9
12/12/2025 10:00,avenue41_to_harrisln,NB,0.03,0.58,36.8
12/12/2025 11:00,avenue41_to_harrisln,NB,0.07,0.64,33.9
12/12/2025 12:00,avenue41_to_harrisln,NB,0.06,0.62,34.7
12/12/2025 13:00,avenue41_to_harrisln,NB,0.08,0.65,32.9
12/12/2025 14:00,avenue41_to_harrisln,NB,0.17,0.75,29.3
12/12/2025 15:00,avenue41_to_harrisln,NB,0.13,0.71,30.5
12/12/2025 16:00,avenue41_to_harrisln,NB,0.12,0.69,31
12/12/2025 17:00,avenue41_to_harrisln,NB,0.08,0.65,33.5
12/12/2025 18:00,avenue41_to_harrisln,NB,0.03,0.59,36.7
12/12/2025 19:00,avenue41_to_harrisln,NB,0.02,0.59,36.9
12/12/2025 20:00,avenue41_to_harrisln,NB,0.02,0.58,37.2
12/12/2025 21:00,avenue41_to_harrisln,NB,0.01,0.54,40.1
12/12/2025 22:00,avenue41_to_harrisln,NB,0.03,0.55,39.2
12/12/2025 23:00,avenue41_to_harrisln,NB,0,0.51,42.4
12/13/2025 0:00,avenue41_to_harrisln,NB,0,0.47,45.5
12/13/2025 1:00,avenue41_to_harrisln,NB,0,0.48,44.8
12/13/2025 2:00,avenue41_to_harrisln,NB,0,0.48,44.8
12/13/2025 3:00,avenue41_to_harrisln,NB,0,0.49,44
12/13/2025 4:00,avenue41_to_harrisln,NB,0,0.49,44.2
12/13/2025 5:00,avenue41_to_harrisln,NB,0.02,0.5,43.1
12/13/2025 6:00,avenue41_to_harrisln,NB,0,0.53,40.8
12/13/2025 7:00,avenue41_to_harrisln,NB,0.01,0.51,41.7
12/13/2025 8:00,avenue41_to_harrisln,NB,0.01,0.52,41.1
12/13/2025 9:00,avenue41_to_harrisln,NB,0.03,0.59,36.9
12/13/2025 10:00,avenue41_to_harrisln,NB,0.03,0.58,37.1
12/13/2025 11:00,avenue41_to_harrisln,NB,0.03,0.59,36.4
12/13/2025 12:00,avenue41_to_harrisln,NB,0.06,0.62,34.9
12/13/2025 13:00,avenue41_to_harrisln,NB,0.06,0.63,34.4
12/13/2025 14:00,avenue41_to_harrisln,NB,0.03,0.6,36
12/13/2025 15:00,avenue41_to_harrisln,NB,0.02,0.56,38.3
12/13/2025 16:00,avenue41_to_harrisln,NB,0.03,0.6,36.2
12/13/2025 17:00,avenue41_to_harrisln,NB,0.04,0.61,35.5
12/13/2025 18:00,avenue41_to_harrisln,NB,0.03,0.59,36.7
12/13/2025 19:00,avenue41_to_harrisln,NB,0.03,0.56,38.3
12/13/2025 20:00,avenue41_to_harrisln,NB,0.01,0.55,39.3
12/13/2025 21:00,avenue41_to_harrisln,NB,0.01,0.57,37.9
12/13/2025 22:00,avenue41_to_harrisln,NB,0.02,0.53,40.9
12/13/2025 23:00,avenue41_to_harrisln,NB,0.02,0.53,40.3
12/14/2025 0:00,avenue41_to_harrisln,NB,0,0.51,41.6
12/14/2025 1:00,avenue41_to_harrisln,NB,0,0.49,43.9
12/14/2025 2:00,avenue41_to_harrisln,NB,0,0.5,43.6
12/14/2025 3:00,avenue41_to_harrisln,NB,0,0.49,43.3
12/14/2025 4:00,avenue41_to_harrisln,NB,0,0.46,46.4
12/14/2025 5:00,avenue41_to_harrisln,NB,0,0.48,45
12/14/2025 6:00,avenue41_to_harrisln,NB,0,0.52,41.1
12/14/2025 7:00,avenue41_to_harrisln,NB,0.03,0.55,39
12/14/2025 8:00,avenue41_to_harrisln,NB,0.01,0.55,39.2
12/14/2025 9:00,avenue41_to_harrisln,NB,0.02,0.56,38.5
12/14/2025 10:00,avenue41_to_harrisln,NB,0.02,0.57,37.9
12/14/2025 11:00,avenue41_to_harrisln,NB,0.05,0.6,36.2
12/14/2025 12:00,avenue41_to_harrisln,NB,0.06,0.61,36
12/14/2025 13:00,avenue41_to_harrisln,NB,0.03,0.57,37.7
12/14/2025 14:00,avenue41_to_harrisln,NB,0.03,0.58,37.4
12/14/2025 15:00,avenue41_to_harrisln,NB,0.02,0.57,37.9
12/14/2025 16:00,avenue41_to_harrisln,NB,0.01,0.55,39
12/14/2025 17:00,avenue41_to_harrisln,NB,0.03,0.57,37.5
12/14/2025 18:00,avenue41_to_harrisln,NB,0.01,0.57,37.8
12/14/2025 19:00,avenue41_to_harrisln,NB,0.03,0.56,38
12/14/2025 20:00,avenue41_to_harrisln,NB,0.03,0.54,40.2
12/14/2025 21:00,avenue41_to_harrisln,NB,0,0.51,41.9
12/14/2025 22:00,avenue41_to_harrisln,NB,0.02,0.56,38.5
12/14/2025 23:00,avenue41_to_harrisln,NB,0,0.5,43.2
12/15/2025 0:00,avenue41_to_harrisln,NB,0,0.52,41.4
12/15/2025 1:00,avenue41_to_harrisln,NB,0,0.51,42.3
12/15/2025 2:00,avenue41_to_harrisln,NB,0,0.5,42.6
12/15/2025 3:00,avenue41_to_harrisln,NB,0,0.5,42.8
12/15/2025 4:00,avenue41_to_harrisln,NB,0,0.48,44.4
12/15/2025 5:00,avenue41_to_harrisln,NB,0,0.46,46.3
12/15/2025 6:00,avenue41_to_harrisln,NB,0.01,0.51,42.5
12/15/2025 7:00,avenue41_to_harrisln,NB,0.06,0.59,36.5
12/15/2025 8:00,avenue41_to_harrisln,NB,0.05,0.6,35.6
12/15/2025 9:00,avenue41_to_harrisln,NB,0.07,0.64,33.6
12/15/2025 10:00,avenue41_to_harrisln,NB,0.05,0.6,36.2
12/15/2025 11:00,avenue41_to_harrisln,NB,0.08,0.64,33.9
12/15/2025 12:00,avenue41_to_harrisln,NB,0.08,0.64,33.9
12/15/2025 13:00,avenue41_to_harrisln,NB,0.03,0.58,37.2
12/15/2025 14:00,avenue41_to_harrisln,NB,0.08,0.66,32.4
12/15/2025 15:00,avenue41_to_harrisln,NB,0.12,0.7,30.7
12/15/2025 16:00,avenue41_to_harrisln,NB,0.11,0.7,31.1
12/15/2025 17:00,avenue41_to_harrisln,NB,0.06,0.64,33.7
12/15/2025 18:00,avenue41_to_harrisln,NB,0.03,0.58,37
12/15/2025 19:00,avenue41_to_harrisln,NB,0.03,0.57,38
12/15/2025 20:00,avenue41_to_harrisln,NB,0.03,0.57,37.6
12/15/2025 21:00,avenue41_to_harrisln,NB,0.01,0.52,41.2
12/15/2025 22:00,avenue41_to_harrisln,NB,0.01,0.53,40.8
12/15/2025 23:00,avenue41_to_harrisln,NB,0,0.52,41.7
12/16/2025 0:00,avenue41_to_harrisln,NB,0,0.51,42.6
12/16/2025 1:00,avenue41_to_harrisln,NB,0,0.48,44.8
12/16/2025 2:00,avenue41_to_harrisln,NB,0,0.5,43.1
12/16/2025 3:00,avenue41_to_harrisln,NB,0.01,0.5,42.9
12/16/2025 4:00,avenue41_to_harrisln,NB,0,0.5,43
12/16/2025 5:00,avenue41_to_harrisln,NB,0,0.52,41.5
12/16/2025 6:00,avenue41_to_harrisln,NB,0.02,0.54,39.4
12/16/2025 7:00,avenue41_to_harrisln,NB,0.07,0.61,35.3
12/16/2025 8:00,avenue41_to_harrisln,NB,0.03,0.59,36.3
12/16/2025 9:00,avenue41_to_harrisln,NB,0.05,0.61,35.5
12/16/2025 10:00,avenue41_to_harrisln,NB,0.05,0.61,35.4
12/16/2025 11:00,avenue41_to_harrisln,NB,0.04,0.6,35.6
12/16/2025 12:00,avenue41_to_harrisln,NB,0.1,0.66,33
12/16/2025 13:00,avenue41_to_harrisln,NB,0.02,0.47,46.2
12/16/2025 14:00,avenue41_to_harrisln,NB,0,0.43,50
12/16/2025 15:00,avenue41_to_harrisln,NB,0.18,0.71,33.1
12/16/2025 16:00,avenue41_to_harrisln,NB,0.08,0.67,32.2
12/16/2025 17:00,avenue41_to_harrisln,NB,0.07,0.65,33.2
12/16/2025 18:00,avenue41_to_harrisln,NB,0.05,0.61,34.9
12/16/2025 19:00,avenue41_to_harrisln,NB,0.02,0.56,38.2
12/16/2025 20:00,avenue41_to_harrisln,NB,0.02,0.56,38.4
12/16/2025 21:00,avenue41_to_harrisln,NB,0.06,0.59,36.3
12/16/2025 22:00,avenue41_to_harrisln,NB,0,0.54,40
12/16/2025 23:00,avenue41_to_harrisln,NB,0,0.5,42.7
12/17/2025 0:00,avenue41_to_harrisln,NB,0,0.48,44.9
12/17/2025 1:00,avenue41_to_harrisln,NB,0,0.49,43.5
12/17/2025 2:00,avenue41_to_harrisln,NB,0,0.49,44
12/17/2025 3:00,avenue41_to_harrisln,NB,0.01,0.51,42.2
12/17/2025 4:00,avenue41_to_harrisln,NB,0,0.47,45.5
12/17/2025 5:00,avenue41_to_harrisln,NB,0.01,0.49,43.7
12/17/2025 6:00,avenue41_to_harrisln,NB,0,0.5,43.2
12/17/2025 7:00,avenue41_to_harrisln,NB,0.03,0.56,38.7
12/17/2025 8:00,avenue41_to_harrisln,NB,0.06,0.63,34.4
12/17/2025 9:00,avenue41_to_harrisln,NB,0.03,0.59,36.2
12/17/2025 10:00,avenue41_to_harrisln,NB,0.06,0.61,35.2
12/17/2025 11:00,avenue41_to_harrisln,NB,0.06,0.61,35.1
12/17/2025 12:00,avenue41_to_harrisln,NB,0.08,0.65,33
12/17/2025 13:00,avenue41_to_harrisln,NB,0.06,0.63,34.2
12/17/2025 14:00,avenue41_to_harrisln,NB,0.1,0.68,31.5
12/17/2025 15:00,avenue41_to_harrisln,NB,0.2,0.78,28.5
12/17/2025 16:00,avenue41_to_harrisln,NB,0.1,0.68,31.7
12/17/2025 17:00,avenue41_to_harrisln,NB,0.09,0.66,32.8
12/17/2025 18:00,avenue41_to_harrisln,NB,0.08,0.64,34.2
12/17/2025 19:00,avenue41_to_harrisln,NB,0.05,0.59,36.5
12/17/2025 20:00,avenue41_to_harrisln,NB,0.01,0.53,40.6
12/17/2025 21:00,avenue41_to_harrisln,NB,0.03,0.57,37.7
12/17/2025 22:00,avenue41_to_harrisln,NB,0.03,0.54,39.6
12/17/2025 23:00,avenue41_to_harrisln,NB,0,0.53,40.6
12/18/2025 0:00,avenue41_to_harrisln,NB,0.02,0.53,40.6
12/18/2025 1:00,avenue41_to_harrisln,NB,0,0.51,41.9
12/18/2025 2:00,avenue41_to_harrisln,NB,0,0.49,43.9
12/18/2025 3:00,avenue41_to_harrisln,NB,0.01,0.54,39.9
12/18/2025 4:00,avenue41_to_harrisln,NB,0,0.5,42.7
12/18/2025 5:00,avenue41_to_harrisln,NB,0,0.46,46.3
12/18/2025 6:00,avenue41_to_harrisln,NB,0.01,0.52,41
12/18/2025 7:00,avenue41_to_harrisln,NB,0.06,0.6,36.6
12/18/2025 8:00,avenue41_to_harrisln,NB,0.04,0.6,35.8
12/18/2025 9:00,avenue41_to_harrisln,NB,0.06,0.62,35.1
12/18/2025 10:00,avenue41_to_harrisln,NB,0.05,0.61,35.6
12/18/2025 11:00,avenue41_to_harrisln,NB,0.02,0.58,36.9
12/18/2025 12:00,avenue41_to_harrisln,NB,0.06,0.6,35.7
12/18/2025 13:00,avenue41_to_harrisln,NB,0.06,0.63,34.3
12/18/2025 14:00,avenue41_to_harrisln,NB,0.08,0.65,33.1
12/18/2025 15:00,avenue41_to_harrisln,NB,0.2,0.79,28
12/18/2025 16:00,avenue41_to_harrisln,NB,0.12,0.71,30.1
12/18/2025 17:00,avenue41_to_harrisln,NB,0.1,0.69,31.4
12/18/2025 18:00,avenue41_to_harrisln,NB,0.05,0.61,35.2
12/18/2025 19:00,avenue41_to_harrisln,NB,0.01,0.53,40.7
12/18/2025 20:00,avenue41_to_harrisln,NB,0.02,0.55,38.8
12/18/2025 21:00,avenue41_to_harrisln,NB,0.01,0.52,41.5
12/18/2025 22:00,avenue41_to_harrisln,NB,0,0.52,41.4
12/18/2025 23:00,avenue41_to_harrisln,NB,0.01,0.53,40.8
12/19/2025 0:00,avenue41_to_harrisln,NB,0.01,0.51,42.1
12/19/2025 1:00,avenue41_to_harrisln,NB,0,0.52,41
12/19/2025 2:00,avenue41_to_harrisln,NB,0,0.47,45.5
12/19/2025 3:00,avenue41_to_harrisln,NB,0,0.47,45.4
12/19/2025 4:00,avenue41_to_harrisln,NB,0.01,0.5,42.5
12/19/2025 5:00,avenue41_to_harrisln,NB,0,0.47,45.6
12/19/2025 6:00,avenue41_to_harrisln,NB,0.01,0.52,41.6
12/19/2025 7:00,avenue41_to_harrisln,NB,0.05,0.6,35.8
12/19/2025 8:00,avenue41_to_harrisln,NB,0.05,0.62,34.7
12/19/2025 9:00,avenue41_to_harrisln,NB,0.02,0.57,37.7
12/19/2025 10:00,avenue41_to_harrisln,NB,0.03,0.56,38.4
12/19/2025 11:00,avenue41_to_harrisln,NB,0.06,0.62,34.9
12/19/2025 12:00,avenue41_to_harrisln,NB,0.07,0.63,34.1
12/19/2025 13:00,avenue41_to_harrisln,NB,0.07,0.64,34.2
12/19/2025 14:00,avenue41_to_harrisln,NB,0.23,0.81,28.3
12/19/2025 15:00,avenue41_to_harrisln,NB,0.19,0.77,29.2
12/19/2025 16:00,avenue41_to_harrisln,NB,0.05,0.62,34.6
12/19/2025 17:00,avenue41_to_harrisln,NB,0.08,0.66,32.6
12/19/2025 18:00,avenue41_to_harrisln,NB,0.06,0.62,34.9
12/19/2025 19:00,avenue41_to_harrisln,NB,0.05,0.59,36.4
12/19/2025 20:00,avenue41_to_harrisln,NB,0.02,0.54,39.8
12/19/2025 21:00,avenue41_to_harrisln,NB,0.02,0.54,40.1
12/19/2025 22:00,avenue41_to_harrisln,NB,0.03,0.54,39.6
12/19/2025 23:00,avenue41_to_harrisln,NB,0.02,0.54,39.5
12/20/2025 0:00,avenue41_to_harrisln,NB,0.01,0.51,42.2
12/20/2025 1:00,avenue41_to_harrisln,NB,0,0.49,43.9
12/20/2025 2:00,avenue41_to_harrisln,NB,0,0.5,43.5
12/20/2025 3:00,avenue41_to_harrisln,NB,0.01,0.53,40.5
12/20/2025 4:00,avenue41_to_harrisln,NB,0,0.51,42.3
12/20/2025 5:00,avenue41_to_harrisln,NB,0,0.51,42.1
12/20/2025 6:00,avenue41_to_harrisln,NB,0,0.5,42.6
12/20/2025 7:00,avenue41_to_harrisln,NB,0,0.52,41.3
12/20/2025 8:00,avenue41_to_harrisln,NB,0.03,0.54,40.1
12/20/2025 9:00,avenue41_to_harrisln,NB,0,0.55,38.9
12/20/2025 10:00,avenue41_to_harrisln,NB,0.02,0.57,37.6
12/20/2025 11:00,avenue41_to_harrisln,NB,0.01,0.56,38.1
12/20/2025 12:00,avenue41_to_harrisln,NB,0.03,0.57,37.5
12/20/2025 13:00,avenue41_to_harrisln,NB,0.04,0.6,35.8
12/20/2025 14:00,avenue41_to_harrisln,NB,0.02,0.6,35.5
12/20/2025 15:00,avenue41_to_harrisln,NB,0.03,0.62,34.8
12/20/2025 16:00,avenue41_to_harrisln,NB,0.02,0.59,36.3
12/20/2025 17:00,avenue41_to_harrisln,NB,0.02,0.58,37
12/20/2025 18:00,avenue41_to_harrisln,NB,0.02,0.58,37.1
12/20/2025 19:00,avenue41_to_harrisln,NB,0.03,0.59,36.8
12/20/2025 20:00,avenue41_to_harrisln,NB,0.03,0.57,37.6
12/20/2025 21:00,avenue41_to_harrisln,NB,0.02,0.56,38.7
12/20/2025 22:00,avenue41_to_harrisln,NB,0.06,0.58,37.4
12/20/2025 23:00,avenue41_to_harrisln,NB,0.03,0.56,38.5
12/21/2025 0:00,avenue41_to_harrisln,NB,0,0.51,41.7
12/21/2025 1:00,avenue41_to_harrisln,NB,0,0.5,42.5
12/21/2025 2:00,avenue41_to_harrisln,NB,0,0.5,42.9
12/21/2025 3:00,avenue41_to_harrisln,NB,0,0.48,44.5
12/21/2025 4:00,avenue41_to_harrisln,NB,0,0.46,46.6
12/21/2025 5:00,avenue41_to_harrisln,NB,0,0.48,44.7
12/21/2025 6:00,avenue41_to_harrisln,NB,0.01,0.51,42
12/21/2025 7:00,avenue41_to_harrisln,NB,0.03,0.52,42.1
12/21/2025 8:00,avenue41_to_harrisln,NB,0.02,0.52,41.3
12/21/2025 9:00,avenue41_to_harrisln,NB,0.05,0.58,37.7
12/21/2025 10:00,avenue41_to_harrisln,NB,0.01,0.56,38.4
12/21/2025 11:00,avenue41_to_harrisln,NB,0.04,0.59,36.3
12/21/2025 12:00,avenue41_to_harrisln,NB,0.05,0.62,35.3
12/21/2025 13:00,avenue41_to_harrisln,NB,0.06,0.61,35.1
12/21/2025 14:00,avenue41_to_harrisln,NB,0.02,0.56,38.6
12/21/2025 15:00,avenue41_to_harrisln,NB,0.04,0.59,36.5
12/21/2025 16:00,avenue41_to_harrisln,NB,0.03,0.57,37.5
12/21/2025 17:00,avenue41_to_harrisln,NB,0.03,0.6,36
12/21/2025 18:00,avenue41_to_harrisln,NB,0.02,0.56,38
12/21/2025 19:00,avenue41_to_harrisln,NB,0.01,0.57,37.7
12/21/2025 20:00,avenue41_to_harrisln,NB,0.02,0.54,39.6
12/21/2025 21:00,avenue41_to_harrisln,NB,0.01,0.53,40.8
12/21/2025 22:00,avenue41_to_harrisln,NB,0.01,0.52,41.2
12/21/2025 23:00,avenue41_to_harrisln,NB,0.01,0.5,42.9
12/22/2025 0:00,avenue41_to_harrisln,NB,0,0.49,43.8
12/22/2025 1:00,avenue41_to_harrisln,NB,0,0.48,44.6
12/22/2025 2:00,avenue41_to_harrisln,NB,0,0.5,43
12/22/2025 3:00,avenue41_to_harrisln,NB,0,0.47,45.6
12/22/2025 4:00,avenue41_to_harrisln,NB,0,0.48,44.4
12/22/2025 5:00,avenue41_to_harrisln,NB,0,0.49,43.7
12/22/2025 6:00,avenue41_to_harrisln,NB,0.01,0.51,42.3
12/22/2025 7:00,avenue41_to_harrisln,NB,0.04,0.56,38.2
12/22/2025 8:00,avenue41_to_harrisln,NB,0.05,0.59,36.7
12/22/2025 9:00,avenue41_to_harrisln,NB,0.03,0.59,36.6
12/22/2025 10:00,avenue41_to_harrisln,NB,0.05,0.62,34.7
12/22/2025 11:00,avenue41_to_harrisln,NB,0.05,0.61,35
12/22/2025 12:00,avenue41_to_harrisln,NB,0.06,0.64,33.5
12/22/2025 13:00,avenue41_to_harrisln,NB,0.08,0.66,32.5
12/22/2025 14:00,avenue41_to_harrisln,NB,0.1,0.68,31.4
12/22/2025 15:00,avenue41_to_harrisln,NB,0.13,0.71,30.3
12/22/2025 16:00,avenue41_to_harrisln,NB,0.11,0.69,31.3
12/22/2025 17:00,avenue41_to_harrisln,NB,0.06,0.62,34.8
12/22/2025 18:00,avenue41_to_harrisln,NB,0.04,0.6,36
12/22/2025 19:00,avenue41_to_harrisln,NB,0.02,0.58,36.9
12/22/2025 20:00,avenue41_to_harrisln,NB,0.02,0.56,38
12/22/2025 21:00,avenue41_to_harrisln,NB,0.03,0.57,38
12/22/2025 22:00,avenue41_to_harrisln,NB,0.01,0.51,42.2
12/22/2025 23:00,avenue41_to_harrisln,NB,0.01,0.5,43.2
12/23/2025 0:00,avenue41_to_harrisln,NB,0,0.49,43.8
12/23/2025 1:00,avenue41_to_harrisln,NB,0,0.48,44.9
12/23/2025 2:00,avenue41_to_harrisln,NB,0,0.48,44.2
12/23/2025 3:00,avenue41_to_harrisln,NB,0,0.49,43.8
12/23/2025 4:00,avenue41_to_harrisln,NB,0,0.49,43.9
12/23/2025 5:00,avenue41_to_harrisln,NB,0,0.5,42.8
12/23/2025 6:00,avenue41_to_harrisln,NB,0,0.49,44.2
12/23/2025 7:00,avenue41_to_harrisln,NB,0.04,0.56,38.9
12/23/2025 8:00,avenue41_to_harrisln,NB,0.01,0.56,38.2
12/23/2025 9:00,avenue41_to_harrisln,NB,0.06,0.62,34.7
12/23/2025 10:00,avenue41_to_harrisln,NB,0.06,0.63,34
12/23/2025 11:00,avenue41_to_harrisln,NB,0.18,0.76,29.3
12/23/2025 12:00,avenue41_to_harrisln,NB,0.79,1.39,15.7
12/23/2025 13:00,avenue41_to_harrisln,NB,0.16,0.75,29
12/23/2025 14:00,avenue41_to_harrisln,NB,0.08,0.66,32.5
12/23/2025 15:00,avenue41_to_harrisln,NB,0.07,0.66,32.7
12/23/2025 16:00,avenue41_to_harrisln,NB,0.05,0.6,35.7
12/23/2025 17:00,avenue41_to_harrisln,NB,0.04,0.61,35
12/23/2025 18:00,avenue41_to_harrisln,NB,0.04,0.61,35.5
12/23/2025 19:00,avenue41_to_harrisln,NB,0.04,0.59,36.4
12/23/2025 20:00,avenue41_to_harrisln,NB,0.05,0.6,35.6
12/23/2025 21:00,avenue41_to_harrisln,NB,0.01,0.56,38
12/23/2025 22:00,avenue41_to_harrisln,NB,0.02,0.54,39.6
12/23/2025 23:00,avenue41_to_harrisln,NB,0.04,0.56,38.5
12/24/2025 0:00,avenue41_to_harrisln,NB,0,0.52,41
12/24/2025 1:00,avenue41_to_harrisln,NB,0,0.49,43.9
12/24/2025 2:00,avenue41_to_harrisln,NB,0,0.49,44
12/24/2025 3:00,avenue41_to_harrisln,NB,0,0.49,43.8
12/24/2025 4:00,avenue41_to_harrisln,NB,0,0.52,41.2
12/24/2025 5:00,avenue41_to_harrisln,NB,0,0.49,43.6
12/24/2025 6:00,avenue41_to_harrisln,NB,0.03,0.52,41.6
12/24/2025 7:00,avenue41_to_harrisln,NB,0.03,0.58,37.4
12/24/2025 8:00,avenue41_to_harrisln,NB,0.02,0.57,37.5
12/24/2025 9:00,avenue41_to_harrisln,NB,0.03,0.58,37
12/24/2025 10:00,avenue41_to_harrisln,NB,0.09,0.66,32.6
12/24/2025 11:00,avenue41_to_harrisln,NB,0.05,0.63,33.8
12/24/2025 12:00,avenue41_to_harrisln,NB,0.06,0.63,34.4
12/24/2025 13:00,avenue41_to_harrisln,NB,0.06,0.64,33.6
12/24/2025 14:00,avenue41_to_harrisln,NB,0.04,0.6,35.8
12/24/2025 15:00,avenue41_to_harrisln,NB,0.04,0.62,34.8
12/24/2025 16:00,avenue41_to_harrisln,NB,0.01,0.57,37.7
12/24/2025 17:00,avenue41_to_harrisln,NB,0.02,0.61,35.4
12/24/2025 18:00,avenue41_to_harrisln,NB,0.04,0.61,35.4
12/24/2025 19:00,avenue41_to_harrisln,NB,0,0.56,38
12/24/2025 20:00,avenue41_to_harrisln,NB,0,0.57,38
12/24/2025 21:00,avenue41_to_harrisln,NB,0.01,0.55,39.1
12/24/2025 22:00,avenue41_to_harrisln,NB,0,0.53,40.8
12/24/2025 23:00,avenue41_to_harrisln,NB,0,0.54,39.9
12/25/2025 0:00,avenue41_to_harrisln,NB,0,0.51,41.9
12/25/2025 1:00,avenue41_to_harrisln,NB,0.01,0.53,40.8
12/25/2025 2:00,avenue41_to_harrisln,NB,0,0.47,45.8
12/25/2025 3:00,avenue41_to_harrisln,NB,0,0.5,43
12/25/2025 4:00,avenue41_to_harrisln,NB,0,0.5,43.2
12/25/2025 5:00,avenue41_to_harrisln,NB,0,0.5,42.9
12/25/2025 6:00,avenue41_to_harrisln,NB,0,0.48,44.2
12/25/2025 7:00,avenue41_to_harrisln,NB,0.03,0.51,42.2
12/25/2025 8:00,avenue41_to_harrisln,NB,0.03,0.53,41.1
12/25/2025 9:00,avenue41_to_harrisln,NB,0.03,0.54,40.2
12/25/2025 10:00,avenue41_to_harrisln,NB,0.03,0.56,38.1
12/25/2025 11:00,avenue41_to_harrisln,NB,0.03,0.56,38.2
12/25/2025 12:00,avenue41_to_harrisln,NB,0.03,0.56,38.7
12/25/2025 13:00,avenue41_to_harrisln,NB,0.04,0.57,37.8
12/25/2025 14:00,avenue41_to_harrisln,NB,0.02,0.54,39.8
12/25/2025 15:00,avenue41_to_harrisln,NB,0.03,0.56,38.4
12/25/2025 16:00,avenue41_to_harrisln,NB,0.04,0.57,38.1
12/25/2025 17:00,avenue41_to_harrisln,NB,0.02,0.56,38.6
12/25/2025 18:00,avenue41_to_harrisln,NB,0.01,0.56,38.6
12/25/2025 19:00,avenue41_to_harrisln,NB,0.01,0.53,40.6
12/25/2025 20:00,avenue41_to_harrisln,NB,0.02,0.56,38.4
12/25/2025 21:00,avenue41_to_harrisln,NB,0.01,0.53,40.7
12/25/2025 22:00,avenue41_to_harrisln,NB,0.02,0.52,41
12/25/2025 23:00,avenue41_to_harrisln,NB,0,0.49,43.7
12/26/2025 0:00,avenue41_to_harrisln,NB,0.01,0.53,40.3
12/26/2025 1:00,avenue41_to_harrisln,NB,0,0.51,42.5
12/26/2025 2:00,avenue41_to_harrisln,NB,0,0.47,45.9
12/26/2025 3:00,avenue41_to_harrisln,NB,0,0.48,44.3
12/26/2025 4:00,avenue41_to_harrisln,NB,0,0.47,45.8
12/26/2025 5:00,avenue41_to_harrisln,NB,0,0.48,44.7
12/26/2025 6:00,avenue41_to_harrisln,NB,0.01,0.52,41.5
12/26/2025 7:00,avenue41_to_harrisln,NB,0.05,0.57,37.8
12/26/2025 8:00,avenue41_to_harrisln,NB,0.05,0.58,37.3
12/26/2025 9:00,avenue41_to_harrisln,NB,0.05,0.6,36.1
12/26/2025 10:00,avenue41_to_harrisln,NB,0.03,0.57,37.5
12/26/2025 11:00,avenue41_to_harrisln,NB,0.03,0.6,35.8
12/26/2025 12:00,avenue41_to_harrisln,NB,0.08,0.65,33.2
12/26/2025 13:00,avenue41_to_harrisln,NB,0.04,0.6,35.7
12/26/2025 14:00,avenue41_to_harrisln,NB,0.07,0.63,34.2
12/26/2025 15:00,avenue41_to_harrisln,NB,0.06,0.62,34.5
12/26/2025 16:00,avenue41_to_harrisln,NB,0.03,0.6,36
12/26/2025 17:00,avenue41_to_harrisln,NB,0.02,0.58,37
12/26/2025 18:00,avenue41_to_harrisln,NB,0.03,0.58,36.9
12/26/2025 19:00,avenue41_to_harrisln,NB,0.02,0.56,38.5
12/26/2025 20:00,avenue41_to_harrisln,NB,0.04,0.58,37.2
12/26/2025 21:00,avenue41_to_harrisln,NB,0.01,0.54,39.7
12/26/2025 22:00,avenue41_to_harrisln,NB,0.01,0.52,41.3
12/26/2025 23:00,avenue41_to_harrisln,NB,0.02,0.53,40.4
12/27/2025 0:00,avenue41_to_harrisln,NB,0.01,0.54,39.7
12/27/2025 1:00,avenue41_to_harrisln,NB,0,0.49,43.8
12/27/2025 2:00,avenue41_to_harrisln,NB,0,0.49,43.4
12/27/2025 3:00,avenue41_to_harrisln,NB,0,0.49,43.9
12/27/2025 4:00,avenue41_to_harrisln,NB,0,0.45,47.2
12/27/2025 5:00,avenue41_to_harrisln,NB,0,0.5,43.5
12/27/2025 6:00,avenue41_to_harrisln,NB,0.01,0.53,40.9
12/27/2025 7:00,avenue41_to_harrisln,NB,0.01,0.53,40.8
12/27/2025 8:00,avenue41_to_harrisln,NB,0,0.53,40.5
12/27/2025 9:00,avenue41_to_harrisln,NB,0.07,0.61,35.5
12/27/2025 10:00,avenue41_to_harrisln,NB,0.03,0.59,36.5
12/27/2025 11:00,avenue41_to_harrisln,NB,0.03,0.59,36.5
12/27/2025 12:00,avenue41_to_harrisln,NB,0.02,0.57,37.7
12/27/2025 13:00,avenue41_to_harrisln,NB,0.04,0.59,36.5
12/27/2025 14:00,avenue41_to_harrisln,NB,0.04,0.61,35.5
12/27/2025 15:00,avenue41_to_harrisln,NB,0.02,0.59,36.3
12/27/2025 16:00,avenue41_to_harrisln,NB,0.05,0.61,35.7
12/27/2025 17:00,avenue41_to_harrisln,NB,0.02,0.6,35.6
12/27/2025 18:00,avenue41_to_harrisln,NB,0.01,0.56,38.2
12/27/2025 19:00,avenue41_to_harrisln,NB,0.01,0.56,38.4
12/27/2025 20:00,avenue41_to_harrisln,NB,0.01,0.56,38.5
12/27/2025 21:00,avenue41_to_harrisln,NB,0.05,0.57,37.4
12/27/2025 22:00,avenue41_to_harrisln,NB,0.01,0.53,40.7
12/27/2025 23:00,avenue41_to_harrisln,NB,0.01,0.55,38.7
12/28/2025 0:00,avenue41_to_harrisln,NB,0.03,0.57,38.2
12/28/2025 1:00,avenue41_to_harrisln,NB,0,0.51,42.2
12/28/2025 2:00,avenue41_to_harrisln,NB,0,0.5,43.1
12/28/2025 3:00,avenue41_to_harrisln,NB,0,0.47,46.1
12/28/2025 4:00,avenue41_to_harrisln,NB,0,0.49,43.6
12/28/2025 5:00,avenue41_to_harrisln,NB,0,0.5,42.6
12/28/2025 6:00,avenue41_to_harrisln,NB,0,0.51,41.9
12/28/2025 7:00,avenue41_to_harrisln,NB,0.01,0.51,41.9
12/28/2025 8:00,avenue41_to_harrisln,NB,0.01,0.55,39.2
12/28/2025 9:00,avenue41_to_harrisln,NB,0.03,0.59,36.9
12/28/2025 10:00,avenue41_to_harrisln,NB,0.04,0.6,36.1
12/28/2025 11:00,avenue41_to_harrisln,NB,0.02,0.58,37
12/28/2025 12:00,avenue41_to_harrisln,NB,0.05,0.6,36.2
12/28/2025 13:00,avenue41_to_harrisln,NB,0.04,0.6,35.6
12/28/2025 14:00,avenue41_to_harrisln,NB,0.03,0.58,37.3
12/28/2025 15:00,avenue41_to_harrisln,NB,0.06,0.63,34
12/28/2025 16:00,avenue41_to_harrisln,NB,0.02,0.58,37
12/28/2025 17:00,avenue41_to_harrisln,NB,0.03,0.58,37.3
12/28/2025 18:00,avenue41_to_harrisln,NB,0.02,0.58,36.8
12/28/2025 19:00,avenue41_to_harrisln,NB,0.03,0.56,38.4
12/28/2025 20:00,avenue41_to_harrisln,NB,0.01,0.55,39.2
12/28/2025 21:00,avenue41_to_harrisln,NB,0.01,0.55,38.8
12/28/2025 22:00,avenue41_to_harrisln,NB,0.01,0.53,40.8
12/28/2025 23:00,avenue41_to_harrisln,NB,0,0.54,39.9
12/29/2025 0:00,avenue41_to_harrisln,NB,0,0.52,41
12/29/2025 1:00,avenue41_to_harrisln,NB,0,0.53,40.6
12/29/2025 2:00,avenue41_to_harrisln,NB,0,0.47,45.5
12/29/2025 3:00,avenue41_to_harrisln,NB,0,0.51,41.7
12/29/2025 4:00,avenue41_to_harrisln,NB,0,0.5,42.8
12/29/2025 5:00,avenue41_to_harrisln,NB,0,0.51,42.5
12/29/2025 6:00,avenue41_to_harrisln,NB,0.02,0.53,41.2
12/29/2025 7:00,avenue41_to_harrisln,NB,0.04,0.58,37.2
12/29/2025 8:00,avenue41_to_harrisln,NB,0.04,0.58,36.8
12/29/2025 9:00,avenue41_to_harrisln,NB,0.03,0.59,36.2
12/29/2025 10:00,avenue41_to_harrisln,NB,0.04,0.61,35.4
12/29/2025 11:00,avenue41_to_harrisln,NB,0.07,0.64,33.9
12/29/2025 12:00,avenue41_to_harrisln,NB,0.07,0.64,33.5
12/29/2025 13:00,avenue41_to_harrisln,NB,0.04,0.61,35.3
12/29/2025 14:00,avenue41_to_harrisln,NB,0.08,0.66,33.5
12/29/2025 15:00,avenue41_to_harrisln,NB,0.13,0.7,30.7
12/29/2025 16:00,avenue41_to_harrisln,NB,0.08,0.66,32.5
12/29/2025 17:00,avenue41_to_harrisln,NB,0.06,0.63,34.2
12/29/2025 18:00,avenue41_to_harrisln,NB,0.04,0.59,36.4
12/29/2025 19:00,avenue41_to_harrisln,NB,0.05,0.59,36.2
12/29/2025 20:00,avenue41_to_harrisln,NB,0.02,0.56,38.8
12/29/2025 21:00,avenue41_to_harrisln,NB,0.03,0.57,37.4
12/29/2025 22:00,avenue41_to_harrisln,NB,0.01,0.52,41.5
12/29/2025 23:00,avenue41_to_harrisln,NB,0,0.49,44.1
12/30/2025 0:00,avenue41_to_harrisln,NB,0,0.48,44.3
12/30/2025 1:00,avenue41_to_harrisln,NB,0,0.47,45.2
12/30/2025 2:00,avenue41_to_harrisln,NB,0,0.5,43.2
12/30/2025 3:00,avenue41_to_harrisln,NB,0,0.49,43.8
12/30/2025 4:00,avenue41_to_harrisln,NB,0,0.51,42.1
12/30/2025 5:00,avenue41_to_harrisln,NB,0,0.5,43.2
12/30/2025 6:00,avenue41_to_harrisln,NB,0.01,0.52,41.4
12/30/2025 7:00,avenue41_to_harrisln,NB,0.02,0.55,39
12/30/2025 8:00,avenue41_to_harrisln,NB,0.02,0.57,37.5
12/30/2025 9:00,avenue41_to_harrisln,NB,0.05,0.61,35.5
12/30/2025 10:00,avenue41_to_harrisln,NB,0.04,0.61,35.5
12/30/2025 11:00,avenue41_to_harrisln,NB,0.1,0.67,32.4
12/30/2025 12:00,avenue41_to_harrisln,NB,0.07,0.65,33.3
12/30/2025 13:00,avenue41_to_harrisln,NB,0.09,0.66,32.7
12/30/2025 14:00,avenue41_to_harrisln,NB,0.07,0.66,32.8
12/30/2025 15:00,avenue41_to_harrisln,NB,0.1,0.69,31.1
12/30/2025 16:00,avenue41_to_harrisln,NB,0.06,0.63,34.4
12/30/2025 17:00,avenue41_to_harrisln,NB,0.08,0.66,32.4
12/30/2025 18:00,avenue41_to_harrisln,NB,0.03,0.6,36
12/30/2025 19:00,avenue41_to_harrisln,NB,0.03,0.57,37.7
12/30/2025 20:00,avenue41_to_harrisln,NB,0.02,0.55,38.7
12/30/2025 21:00,avenue41_to_harrisln,NB,0.05,0.59,36.6
12/30/2025 22:00,avenue41_to_harrisln,NB,0.02,0.53,41.1
12/30/2025 23:00,avenue41_to_harrisln,NB,0.01,0.53,40.8
12/31/2025 0:00,avenue41_to_harrisln,NB,0.02,0.53,40.8
12/31/2025 1:00,avenue41_to_harrisln,NB,0,0.5,42.5
12/31/2025 2:00,avenue41_to_harrisln,NB,0,0.48,44.3
12/31/2025 3:00,avenue41_to_harrisln,NB,0,0.51,42.7
12/31/2025 4:00,avenue41_to_harrisln,NB,0,0.48,44.2
12/31/2025 5:00,avenue41_to_harrisln,NB,0.01,0.49,43.7
12/31/2025 6:00,avenue41_to_harrisln,NB,0.01,0.52,41.6
12/31/2025 7:00,avenue41_to_harrisln,NB,0.02,0.55,39.3
12/31/2025 8:00,avenue41_to_harrisln,NB,0.03,0.57,37.5
12/31/2025 9:00,avenue41_to_harrisln,NB,0.04,0.6,36.1
12/31/2025 10:00,avenue41_to_harrisln,NB,0.08,0.65,33
12/31/2025 11:00,avenue41_to_harrisln,NB,0.06,0.64,33.7
12/31/2025 12:00,avenue41_to_harrisln,NB,0.1,0.68,31.9
12/31/2025 13:00,avenue41_to_harrisln,NB,0.1,0.68,31.7
12/31/2025 14:00,avenue41_to_harrisln,NB,0.05,0.64,33.7
12/31/2025 15:00,avenue41_to_harrisln,NB,0.05,0.64,33.8
12/31/2025 16:00,avenue41_to_harrisln,NB,0.04,0.63,33.9
12/31/2025 17:00,avenue41_to_harrisln,NB,0.05,0.64,33.5
12/31/2025 18:00,avenue41_to_harrisln,NB,0.05,0.63,34.5
12/31/2025 19:00,avenue41_to_harrisln,NB,0.01,0.56,38.3
12/31/2025 20:00,avenue41_to_harrisln,NB,0.02,0.57,37.6
12/31/2025 21:00,avenue41_to_harrisln,NB,0.02,0.58,37.1
12/31/2025 22:00,avenue41_to_harrisln,NB,0.01,0.54,40.3
12/31/2025 23:00,avenue41_to_harrisln,NB,0,0.52,41.2
1/1/2026 0:00,avenue41_to_harrisln,NB,0,0.52,41.8
1/1/2026 1:00,avenue41_to_harrisln,NB,0.01,0.53,41
1/1/2026 2:00,avenue41_to_harrisln,NB,0,0.52,41.1
1/1/2026 3:00,avenue41_to_harrisln,NB,0.03,0.52,41.3
1/1/2026 4:00,avenue41_to_harrisln,NB,0,0.48,44.4
1/1/2026 5:00,avenue41_to_harrisln,NB,0.02,0.57,38.3
1/1/2026 6:00,avenue41_to_harrisln,NB,0.01,0.51,42.4
1/1/2026 7:00,avenue41_to_harrisln,NB,0,0.51,42.1
1/1/2026 8:00,avenue41_to_harrisln,NB,0,0.52,41.3
1/1/2026 9:00,avenue41_to_harrisln,NB,0.01,0.55,39.1
1/1/2026 10:00,avenue41_to_harrisln,NB,0.04,0.6,35.8
1/1/2026 11:00,avenue41_to_harrisln,NB,0.03,0.58,37.5
1/1/2026 12:00,avenue41_to_harrisln,NB,0.02,0.56,38
1/1/2026 13:00,avenue41_to_harrisln,NB,0.01,0.56,38.4
1/1/2026 14:00,avenue41_to_harrisln,NB,0.01,0.54,39.4
1/1/2026 15:00,avenue41_to_harrisln,NB,0.01,0.55,39.5
1/1/2026 16:00,avenue41_to_harrisln,NB,0.03,0.58,37.4
1/1/2026 17:00,avenue41_to_harrisln,NB,0.01,0.56,38.2
1/1/2026 18:00,avenue41_to_harrisln,NB,0.02,0.55,39
1/1/2026 19:00,avenue41_to_harrisln,NB,0.04,0.59,36.7
1/1/2026 20:00,avenue41_to_harrisln,NB,0,0.53,40.4
1/1/2026 21:00,avenue41_to_harrisln,NB,0.01,0.52,41.4
1/1/2026 22:00,avenue41_to_harrisln,NB,0.02,0.54,40.1
1/1/2026 23:00,avenue41_to_harrisln,NB,0,0.51,42.3
1/2/2026 0:00,avenue41_to_harrisln,NB,0,0.52,41.2
1/2/2026 1:00,avenue41_to_harrisln,NB,0.01,0.53,41.1
1/2/2026 2:00,avenue41_to_harrisln,NB,0,0.49,43.6
1/2/2026 3:00,avenue41_to_harrisln,NB,0,0.5,43.2
1/2/2026 4:00,avenue41_to_harrisln,NB,0,0.46,46.4
1/2/2026 5:00,avenue41_to_harrisln,NB,0,0.5,43.3
1/2/2026 6:00,avenue41_to_harrisln,NB,0.01,0.51,42.3
1/2/2026 7:00,avenue41_to_harrisln,NB,0.03,0.56,38.3
1/2/2026 8:00,avenue41_to_harrisln,NB,0.01,0.55,38.8
1/2/2026 9:00,avenue41_to_harrisln,NB,0.01,0.57,37.7
1/2/2026 10:00,avenue41_to_harrisln,NB,0.07,0.63,34.1
1/2/2026 11:00,avenue41_to_harrisln,NB,0.07,0.65,33.5
1/2/2026 12:00,avenue41_to_harrisln,NB,0.06,0.63,34.3
1/2/2026 13:00,avenue41_to_harrisln,NB,0.04,0.61,35.4
1/2/2026 14:00,avenue41_to_harrisln,NB,0.06,0.64,33.3
1/2/2026 15:00,avenue41_to_harrisln,NB,0.06,0.63,34.2
1/2/2026 16:00,avenue41_to_harrisln,NB,0.05,0.62,34.6
1/2/2026 17:00,avenue41_to_harrisln,NB,0.02,0.58,37.3
1/2/2026 18:00,avenue41_to_harrisln,NB,0.04,0.6,36
1/2/2026 19:00,avenue41_to_harrisln,NB,0.02,0.57,38.2
1/2/2026 20:00,avenue41_to_harrisln,NB,0.03,0.56,38.3
1/2/2026 21:00,avenue41_to_harrisln,NB,0.02,0.53,40.4
1/2/2026 22:00,avenue41_to_harrisln,NB,0.01,0.55,38.9
1/2/2026 23:00,avenue41_to_harrisln,NB,0.02,0.51,42.2
1/3/2026 0:00,avenue41_to_harrisln,NB,0,0.49,43.8
1/3/2026 1:00,avenue41_to_harrisln,NB,0,0.51,42.2
1/3/2026 2:00,avenue41_to_harrisln,NB,0,0.54,39.6
1/3/2026 3:00,avenue41_to_harrisln,NB,0,0.49,43.4
1/3/2026 4:00,avenue41_to_harrisln,NB,0,0.49,44.1
1/3/2026 5:00,avenue41_to_harrisln,NB,0,0.47,45.6
1/3/2026 6:00,avenue41_to_harrisln,NB,0.01,0.52,41.3
1/3/2026 7:00,avenue41_to_harrisln,NB,0,0.53,40.5
1/3/2026 8:00,avenue41_to_harrisln,NB,0.01,0.52,41
1/3/2026 9:00,avenue41_to_harrisln,NB,0.02,0.57,37.9
1/3/2026 10:00,avenue41_to_harrisln,NB,0.03,0.58,37
1/3/2026 11:00,avenue41_to_harrisln,NB,0.02,0.57,37.5
1/3/2026 12:00,avenue41_to_harrisln,NB,0.05,0.61,35.1
1/3/2026 13:00,avenue41_to_harrisln,NB,0.05,0.62,35.1
1/3/2026 14:00,avenue41_to_harrisln,NB,0.01,0.58,37
1/3/2026 15:00,avenue41_to_harrisln,NB,0.03,0.59,36.6
1/3/2026 16:00,avenue41_to_harrisln,NB,0.01,0.57,37.5
1/3/2026 17:00,avenue41_to_harrisln,NB,0.04,0.61,35.5
1/3/2026 18:00,avenue41_to_harrisln,NB,0.04,0.59,36.7
1/3/2026 19:00,avenue41_to_harrisln,NB,0.04,0.58,37.3
1/3/2026 20:00,avenue41_to_harrisln,NB,0.01,0.57,37.8
1/3/2026 21:00,avenue41_to_harrisln,NB,0.02,0.54,39.9
1/3/2026 22:00,avenue41_to_harrisln,NB,0.04,0.56,38.5
1/3/2026 23:00,avenue41_to_harrisln,NB,0.01,0.52,41.2
1/4/2026 0:00,avenue41_to_harrisln,NB,0.01,0.53,40.9
1/4/2026 1:00,avenue41_to_harrisln,NB,0.02,0.52,41.5
1/4/2026 2:00,avenue41_to_harrisln,NB,0,0.51,42.2
1/4/2026 3:00,avenue41_to_harrisln,NB,0,0.5,42.9
1/4/2026 4:00,avenue41_to_harrisln,NB,0,0.5,43.2
1/4/2026 5:00,avenue41_to_harrisln,NB,0,0.49,44.1
1/4/2026 6:00,avenue41_to_harrisln,NB,0,0.49,43.9
1/4/2026 7:00,avenue41_to_harrisln,NB,0.01,0.5,42.7
1/4/2026 8:00,avenue41_to_harrisln,NB,0,0.52,41.8
1/4/2026 9:00,avenue41_to_harrisln,NB,0.03,0.56,38.9
1/4/2026 10:00,avenue41_to_harrisln,NB,0.02,0.55,39.1
1/4/2026 11:00,avenue41_to_harrisln,NB,0.01,0.56,38.6
1/4/2026 12:00,avenue41_to_harrisln,NB,0.01,0.56,38.3
1/4/2026 13:00,avenue41_to_harrisln,NB,0.01,0.55,39.2
1/4/2026 14:00,avenue41_to_harrisln,NB,0.03,0.58,37
1/4/2026 15:00,avenue41_to_harrisln,NB,0.03,0.59,36.7
1/4/2026 16:00,avenue41_to_harrisln,NB,0,0.56,38.3
1/4/2026 17:00,avenue41_to_harrisln,NB,0.02,0.58,37.1
1/4/2026 18:00,avenue41_to_harrisln,NB,0.05,0.6,35.8
1/4/2026 19:00,avenue41_to_harrisln,NB,0.03,0.58,37.2
1/4/2026 20:00,avenue41_to_harrisln,NB,0.01,0.52,41
1/4/2026 21:00,avenue41_to_harrisln,NB,0.01,0.49,43.6
1/4/2026 22:00,avenue41_to_harrisln,NB,0.02,0.55,39.7
1/4/2026 23:00,avenue41_to_harrisln,NB,0.01,0.52,41.4
1/5/2026 0:00,avenue41_to_harrisln,NB,0,0.52,41.5
1/5/2026 1:00,avenue41_to_harrisln,NB,0,0.47,45.9
1/5/2026 2:00,avenue41_to_harrisln,NB,0,0.5,42.5
1/5/2026 3:00,avenue41_to_harrisln,NB,0.01,0.53,41
1/5/2026 4:00,avenue41_to_harrisln,NB,0,0.48,44.7
1/5/2026 5:00,avenue41_to_harrisln,NB,0.01,0.49,43.4
1/5/2026 6:00,avenue41_to_harrisln,NB,0.01,0.53,40.8
1/5/2026 7:00,avenue41_to_harrisln,NB,0.03,0.56,38.4
1/5/2026 8:00,avenue41_to_harrisln,NB,0.04,0.58,36.8
1/5/2026 9:00,avenue41_to_harrisln,NB,0.03,0.58,36.9
1/5/2026 10:00,avenue41_to_harrisln,NB,0.03,0.58,37.2
1/5/2026 11:00,avenue41_to_harrisln,NB,0.04,0.6,35.8
1/5/2026 12:00,avenue41_to_harrisln,NB,0.06,0.61,35.2
1/5/2026 13:00,avenue41_to_harrisln,NB,0.06,0.61,35.5
1/5/2026 14:00,avenue41_to_harrisln,NB,0.09,0.65,32.9
1/5/2026 15:00,avenue41_to_harrisln,NB,0.17,0.74,28.9
1/5/2026 16:00,avenue41_to_harrisln,NB,0.22,0.79,28
1/5/2026 17:00,avenue41_to_harrisln,NB,0.1,0.68,31.7
1/5/2026 18:00,avenue41_to_harrisln,NB,0.06,0.62,34.9
1/5/2026 19:00,avenue41_to_harrisln,NB,0.03,0.57,37.9
1/5/2026 20:00,avenue41_to_harrisln,NB,0.01,0.54,40.1
1/5/2026 21:00,avenue41_to_harrisln,NB,0.05,0.59,36.4
1/5/2026 22:00,avenue41_to_harrisln,NB,0.02,0.57,37.5
1/5/2026 23:00,avenue41_to_harrisln,NB,0.03,0.52,41.5
1/6/2026 0:00,avenue41_to_harrisln,NB,0.01,0.49,43.9
1/6/2026 1:00,avenue41_to_harrisln,NB,0,0.48,44.8
1/6/2026 2:00,avenue41_to_harrisln,NB,0,0.5,43.3
1/6/2026 3:00,avenue41_to_harrisln,NB,0,0.49,43.4
1/6/2026 4:00,avenue41_to_harrisln,NB,0,0.46,46.4
1/6/2026 5:00,avenue41_to_harrisln,NB,0,0.49,44
1/6/2026 6:00,avenue41_to_harrisln,NB,0.01,0.53,40.4
1/6/2026 7:00,avenue41_to_harrisln,NB,0.02,0.55,39.2
1/6/2026 8:00,avenue41_to_harrisln,NB,0.05,0.61,35.6
1/6/2026 9:00,avenue41_to_harrisln,NB,0.02,0.59,36.5
1/6/2026 10:00,avenue41_to_harrisln,NB,0.05,0.59,36.6
1/6/2026 11:00,avenue41_to_harrisln,NB,0.06,0.63,34.5
1/6/2026 12:00,avenue41_to_harrisln,NB,0.04,0.6,36
1/6/2026 13:00,avenue41_to_harrisln,NB,0.05,0.64,33.6
1/6/2026 14:00,avenue41_to_harrisln,NB,0.1,0.67,32.3
1/6/2026 15:00,avenue41_to_harrisln,NB,0.26,0.84,26.2
1/6/2026 16:00,avenue41_to_harrisln,NB,0.25,0.83,27.1
1/6/2026 17:00,avenue41_to_harrisln,NB,0.09,0.66,32.8
1/6/2026 18:00,avenue41_to_harrisln,NB,0.03,0.58,36.8
1/6/2026 19:00,avenue41_to_harrisln,NB,0.01,0.56,38.2
1/6/2026 20:00,avenue41_to_harrisln,NB,0.01,0.57,38
1/6/2026 21:00,avenue41_to_harrisln,NB,0.02,0.55,38.9
1/6/2026 22:00,avenue41_to_harrisln,NB,0,0.52,41.5
1/6/2026 23:00,avenue41_to_harrisln,NB,0,0.54,39.6
1/7/2026 0:00,avenue41_to_harrisln,NB,0,0.5,43
1/7/2026 1:00,avenue41_to_harrisln,NB,0,0.48,44.7
1/7/2026 2:00,avenue41_to_harrisln,NB,0,0.48,44.4
1/7/2026 3:00,avenue41_to_harrisln,NB,0.02,0.51,42
1/7/2026 4:00,avenue41_to_harrisln,NB,0,0.5,43.2
1/7/2026 5:00,avenue41_to_harrisln,NB,0,0.48,44.5
1/7/2026 6:00,avenue41_to_harrisln,NB,0.02,0.51,42
1/7/2026 7:00,avenue41_to_harrisln,NB,0.03,0.58,37.4
1/7/2026 8:00,avenue41_to_harrisln,NB,0.07,0.64,33.5
1/7/2026 9:00,avenue41_to_harrisln,NB,0.04,0.58,36.8
1/7/2026 10:00,avenue41_to_harrisln,NB,0.05,0.61,35.3
1/7/2026 11:00,avenue41_to_harrisln,NB,0.04,0.59,36.3
1/7/2026 12:00,avenue41_to_harrisln,NB,0.04,0.63,34.2
1/7/2026 13:00,avenue41_to_harrisln,NB,0.07,0.64,33.6
1/7/2026 14:00,avenue41_to_harrisln,NB,0.08,0.67,32.2
1/7/2026 15:00,avenue41_to_harrisln,NB,0.22,0.8,27.4
1/7/2026 16:00,avenue41_to_harrisln,NB,0.1,0.68,32
1/7/2026 17:00,avenue41_to_harrisln,NB,0.1,0.67,32.1
1/7/2026 18:00,avenue41_to_harrisln,NB,0.05,0.61,35.5
1/7/2026 19:00,avenue41_to_harrisln,NB,0.02,0.54,39.5
1/7/2026 20:00,avenue41_to_harrisln,NB,0.04,0.58,37.7
1/7/2026 21:00,avenue41_to_harrisln,NB,0.01,0.53,40.6
1/7/2026 22:00,avenue41_to_harrisln,NB,0.04,0.56,38.1
1/7/2026 23:00,avenue41_to_harrisln,NB,0,0.5,42.9
1/8/2026 0:00,avenue41_to_harrisln,NB,0,0.5,42.8
1/8/2026 1:00,avenue41_to_harrisln,NB,0,0.49,44.2
1/8/2026 2:00,avenue41_to_harrisln,NB,0,0.48,44.4
1/8/2026 3:00,avenue41_to_harrisln,NB,0,0.49,43.8
1/8/2026 4:00,avenue41_to_harrisln,NB,0.01,0.5,43.3
1/8/2026 5:00,avenue41_to_harrisln,NB,0.01,0.51,41.8
1/8/2026 6:00,avenue41_to_harrisln,NB,0.01,0.49,43.9
1/8/2026 7:00,avenue41_to_harrisln,NB,0.03,0.56,38.4
1/8/2026 8:00,avenue41_to_harrisln,NB,0.03,0.58,36.8
1/8/2026 9:00,avenue41_to_harrisln,NB,0.04,0.59,36.5
1/8/2026 10:00,avenue41_to_harrisln,NB,0.06,0.61,35.3
1/8/2026 11:00,avenue41_to_harrisln,NB,0.03,0.58,36.8
1/8/2026 12:00,avenue41_to_harrisln,NB,0.08,0.65,33.2
1/8/2026 13:00,avenue41_to_harrisln,NB,0.05,0.61,35
1/8/2026 14:00,avenue41_to_harrisln,NB,0.1,0.68,31.5
1/8/2026 15:00,avenue41_to_harrisln,NB,0.32,0.91,24.3
1/8/2026 16:00,avenue41_to_harrisln,NB,0.16,0.74,29
1/8/2026 17:00,avenue41_to_harrisln,NB,0.08,0.66,32.8
1/8/2026 18:00,avenue41_to_harrisln,NB,0.02,0.58,37.2
1/8/2026 19:00,avenue41_to_harrisln,NB,0.07,0.6,36
1/8/2026 20:00,avenue41_to_harrisln,NB,0.01,0.55,39.3
1/8/2026 21:00,avenue41_to_harrisln,NB,0.01,0.55,38.9
1/8/2026 22:00,avenue41_to_harrisln,NB,0.03,0.58,37
1/8/2026 23:00,avenue41_to_harrisln,NB,0.03,0.55,38.7
1/9/2026 0:00,avenue41_to_harrisln,NB,0,0.53,40.8
1/9/2026 1:00,avenue41_to_harrisln,NB,0,0.5,43.3
1/9/2026 2:00,avenue41_to_harrisln,NB,0,0.48,44.9
1/9/2026 3:00,avenue41_to_harrisln,NB,0,0.48,44.7
1/9/2026 4:00,avenue41_to_harrisln,NB,0,0.48,44.4
1/9/2026 5:00,avenue41_to_harrisln,NB,0,0.5,42.5
1/9/2026 6:00,avenue41_to_harrisln,NB,0,0.51,42.4
1/9/2026 7:00,avenue41_to_harrisln,NB,0.02,0.56,39
1/9/2026 8:00,avenue41_to_harrisln,NB,0.08,0.64,33.7
1/9/2026 9:00,avenue41_to_harrisln,NB,0.04,0.59,36.4
1/9/2026 10:00,avenue41_to_harrisln,NB,0.09,0.66,32.9
1/9/2026 11:00,avenue41_to_harrisln,NB,0.07,0.62,34.9
1/9/2026 12:00,avenue41_to_harrisln,NB,0.07,0.63,34
1/9/2026 13:00,avenue41_to_harrisln,NB,0.09,0.66,32.7
1/9/2026 14:00,avenue41_to_harrisln,NB,0.16,0.75,29
1/9/2026 15:00,avenue41_to_harrisln,NB,0.26,0.83,26
1/9/2026 16:00,avenue41_to_harrisln,NB,0.12,0.7,31.3
1/9/2026 17:00,avenue41_to_harrisln,NB,0.08,0.65,33.3
1/9/2026 18:00,avenue41_to_harrisln,NB,0.01,0.57,37.5
1/9/2026 19:00,avenue41_to_harrisln,NB,0.03,0.59,36.5
1/9/2026 20:00,avenue41_to_harrisln,NB,0.02,0.57,37.7
1/9/2026 21:00,avenue41_to_harrisln,NB,0.03,0.55,38.8
1/9/2026 22:00,avenue41_to_harrisln,NB,0.01,0.55,39.2
1/9/2026 23:00,avenue41_to_harrisln,NB,0.02,0.55,39.4
1/10/2026 0:00,avenue41_to_harrisln,NB,0,0.5,42.7
1/10/2026 1:00,avenue41_to_harrisln,NB,0,0.49,43.7
1/10/2026 2:00,avenue41_to_harrisln,NB,0,0.48,45
1/10/2026 3:00,avenue41_to_harrisln,NB,0,0.48,44.5
1/10/2026 4:00,avenue41_to_harrisln,NB,0,0.49,43.5
1/10/2026 5:00,avenue41_to_harrisln,NB,0,0.49,43.8
1/10/2026 6:00,avenue41_to_harrisln,NB,0,0.5,43.3
1/10/2026 7:00,avenue41_to_harrisln,NB,0.01,0.51,42.5
1/10/2026 8:00,avenue41_to_harrisln,NB,0.03,0.57,37.9
1/10/2026 9:00,avenue41_to_harrisln,NB,0.03,0.56,38.3
1/10/2026 10:00,avenue41_to_harrisln,NB,0.01,0.57,37.8
1/10/2026 11:00,avenue41_to_harrisln,NB,0.02,0.57,37.7
1/10/2026 12:00,avenue41_to_harrisln,NB,0.13,0.7,30.9
1/10/2026 13:00,avenue41_to_harrisln,NB,0.09,0.65,33.3
1/10/2026 14:00,avenue41_to_harrisln,NB,0.06,0.61,35.2
1/10/2026 15:00,avenue41_to_harrisln,NB,0.06,0.64,34
1/10/2026 16:00,avenue41_to_harrisln,NB,0.06,0.63,34.5
1/10/2026 17:00,avenue41_to_harrisln,NB,0.09,0.67,32.4
1/10/2026 18:00,avenue41_to_harrisln,NB,0.02,0.56,38.6
1/10/2026 19:00,avenue41_to_harrisln,NB,0.01,0.54,40
1/10/2026 20:00,avenue41_to_harrisln,NB,0.03,0.56,38.7
1/10/2026 21:00,avenue41_to_harrisln,NB,0,0.53,40.2
1/10/2026 22:00,avenue41_to_harrisln,NB,0.01,0.53,40.2
1/10/2026 23:00,avenue41_to_harrisln,NB,0.01,0.52,41.4
1/11/2026 0:00,avenue41_to_harrisln,NB,0.04,0.6,35.9
1/11/2026 1:00,avenue41_to_harrisln,NB,0,0.49,44
1/11/2026 2:00,avenue41_to_harrisln,NB,0,0.49,43.8
1/11/2026 3:00,avenue41_to_harrisln,NB,0,0.48,44.6
1/11/2026 4:00,avenue41_to_harrisln,NB,0,0.47,45.7
1/11/2026 5:00,avenue41_to_harrisln,NB,0,0.49,43.9
1/11/2026 6:00,avenue41_to_harrisln,NB,0.01,0.54,39.8
1/11/2026 7:00,avenue41_to_harrisln,NB,0.01,0.51,42
1/11/2026 8:00,avenue41_to_harrisln,NB,0.02,0.55,39.4
1/11/2026 9:00,avenue41_to_harrisln,NB,0.01,0.53,40.2
1/11/2026 10:00,avenue41_to_harrisln,NB,0.02,0.57,37.5
1/11/2026 11:00,avenue41_to_harrisln,NB,0,0.54,39.7
1/11/2026 12:00,avenue41_to_harrisln,NB,0.05,0.59,36.3
1/11/2026 13:00,avenue41_to_harrisln,NB,0.02,0.58,37
1/11/2026 14:00,avenue41_to_harrisln,NB,0.03,0.58,37.4
1/11/2026 15:00,avenue41_to_harrisln,NB,0.03,0.57,37.6
1/11/2026 16:00,avenue41_to_harrisln,NB,0.02,0.57,37.9
1/11/2026 17:00,avenue41_to_harrisln,NB,0.05,0.6,36
1/11/2026 18:00,avenue41_to_harrisln,NB,0.02,0.57,37.6
1/11/2026 19:00,avenue41_to_harrisln,NB,0.03,0.58,37.3
1/11/2026 20:00,avenue41_to_harrisln,NB,0.02,0.55,38.8
1/11/2026 21:00,avenue41_to_harrisln,NB,0.01,0.53,40.2
1/11/2026 22:00,avenue41_to_harrisln,NB,0,0.49,43.8
1/11/2026 23:00,avenue41_to_harrisln,NB,0,0.46,46.2
1/12/2026 0:00,avenue41_to_harrisln,NB,0.01,0.51,42.7
1/12/2026 1:00,avenue41_to_harrisln,NB,0,0.51,42.1
1/12/2026 2:00,avenue41_to_harrisln,NB,0,0.46,46.1
1/12/2026 3:00,avenue41_to_harrisln,NB,0,0.47,45.3
1/12/2026 4:00,avenue41_to_harrisln,NB,0,0.49,44.1
1/12/2026 5:00,avenue41_to_harrisln,NB,0.02,0.53,41.1
1/12/2026 6:00,avenue41_to_harrisln,NB,0.01,0.52,41.1
1/12/2026 7:00,avenue41_to_harrisln,NB,0.06,0.61,35.4
1/12/2026 8:00,avenue41_to_harrisln,NB,0.05,0.61,35.3
1/12/2026 9:00,avenue41_to_harrisln,NB,0.03,0.57,37.8
1/12/2026 10:00,avenue41_to_harrisln,NB,0.05,0.62,34.6
1/12/2026 11:00,avenue41_to_harrisln,NB,0.04,0.6,35.6
1/12/2026 12:00,avenue41_to_harrisln,NB,0.08,0.63,34.2
1/12/2026 13:00,avenue41_to_harrisln,NB,0.04,0.6,35.6
1/12/2026 14:00,avenue41_to_harrisln,NB,0.11,0.7,30.9
1/12/2026 15:00,avenue41_to_harrisln,NB,0.15,0.73,29.6
1/12/2026 16:00,avenue41_to_harrisln,NB,0.11,0.69,31.1
1/12/2026 17:00,avenue41_to_harrisln,NB,0.06,0.63,34.2
1/12/2026 18:00,avenue41_to_harrisln,NB,0.05,0.62,34.9
1/12/2026 19:00,avenue41_to_harrisln,NB,0.01,0.55,39.2
1/12/2026 20:00,avenue41_to_harrisln,NB,0.05,0.59,36.8
1/12/2026 21:00,avenue41_to_harrisln,NB,0.02,0.55,39.2
1/12/2026 22:00,avenue41_to_harrisln,NB,0,0.5,42.5
1/12/2026 23:00,avenue41_to_harrisln,NB,0.01,0.51,42
1/13/2026 0:00,avenue41_to_harrisln,NB,0,0.48,44.8
1/13/2026 1:00,avenue41_to_harrisln,NB,0,0.48,44.8
1/13/2026 2:00,avenue41_to_harrisln,NB,0,0.48,45
1/13/2026 3:00,avenue41_to_harrisln,NB,0,0.49,43.9
1/13/2026 4:00,avenue41_to_harrisln,NB,0,0.5,43.1
1/13/2026 5:00,avenue41_to_harrisln,NB,0.01,0.51,42.4
1/13/2026 6:00,avenue41_to_harrisln,NB,0,0.51,41.8
1/13/2026 7:00,avenue41_to_harrisln,NB,0.03,0.56,38.3
1/13/2026 8:00,avenue41_to_harrisln,NB,0.06,0.61,35.4
1/13/2026 9:00,avenue41_to_harrisln,NB,0.04,0.59,36.8
1/13/2026 10:00,avenue41_to_harrisln,NB,0.03,0.59,36.8
1/13/2026 11:00,avenue41_to_harrisln,NB,0.07,0.62,34.8
1/13/2026 12:00,avenue41_to_harrisln,NB,0.06,0.6,36.3
1/13/2026 13:00,avenue41_to_harrisln,NB,0.05,0.6,36
1/13/2026 14:00,avenue41_to_harrisln,NB,0.09,0.67,32.4
1/13/2026 15:00,avenue41_to_harrisln,NB,0.49,1.07,21.1
1/13/2026 16:00,avenue41_to_harrisln,NB,0.18,0.75,28.9
1/13/2026 17:00,avenue41_to_harrisln,NB,0.09,0.66,32.5
1/13/2026 18:00,avenue41_to_harrisln,NB,0.04,0.59,36.6
1/13/2026 19:00,avenue41_to_harrisln,NB,0.04,0.58,37.3
1/13/2026 20:00,avenue41_to_harrisln,NB,0.01,0.57,38.1
1/13/2026 21:00,avenue41_to_harrisln,NB,0.03,0.55,39.5
1/13/2026 22:00,avenue41_to_harrisln,NB,0.01,0.51,42.2
1/13/2026 23:00,avenue41_to_harrisln,NB,0,0.51,42.3
1/14/2026 0:00,avenue41_to_harrisln,NB,0,0.48,44.2
1/14/2026 1:00,avenue41_to_harrisln,NB,0.02,0.51,42.5
1/14/2026 2:00,avenue41_to_harrisln,NB,0,0.49,43.8
1/14/2026 3:00,avenue41_to_harrisln,NB,0,0.5,42.6
1/14/2026 4:00,avenue41_to_harrisln,NB,0,0.47,45.8
1/14/2026 5:00,avenue41_to_harrisln,NB,0,0.47,45.2
1/14/2026 6:00,avenue41_to_harrisln,NB,0.03,0.54,40.1
1/14/2026 7:00,avenue41_to_harrisln,NB,0.04,0.59,36.7
1/14/2026 8:00,avenue41_to_harrisln,NB,0.09,0.65,33.3
1/14/2026 9:00,avenue41_to_harrisln,NB,0.06,0.62,35.3
1/14/2026 10:00,avenue41_to_harrisln,NB,0.05,0.59,36.4
1/14/2026 11:00,avenue41_to_harrisln,NB,0.04,0.61,35.4
1/14/2026 12:00,avenue41_to_harrisln,NB,0.08,0.65,33.2
1/14/2026 13:00,avenue41_to_harrisln,NB,0.04,0.61,35.6
1/14/2026 14:00,avenue41_to_harrisln,NB,0.1,0.68,31.8
1/14/2026 15:00,avenue41_to_harrisln,NB,0.16,0.75,29
1/14/2026 16:00,avenue41_to_harrisln,NB,0.07,0.64,33.8
1/14/2026 17:00,avenue41_to_harrisln,NB,0.07,0.64,34
1/14/2026 18:00,avenue41_to_harrisln,NB,0.04,0.59,36.8
1/14/2026 19:00,avenue41_to_harrisln,NB,0.01,0.56,38
1/14/2026 20:00,avenue41_to_harrisln,NB,0.03,0.58,37.1
1/14/2026 21:00,avenue41_to_harrisln,NB,0.03,0.56,38.7
1/14/2026 22:00,avenue41_to_harrisln,NB,0,0.51,41.9
1/14/2026 23:00,avenue41_to_harrisln,NB,0.01,0.51,42.4
1/15/2026 0:00,avenue41_to_harrisln,NB,0.01,0.5,43.5
1/15/2026 1:00,avenue41_to_harrisln,NB,0,0.47,46
1/15/2026 2:00,avenue41_to_harrisln,NB,0,0.48,44.5
1/15/2026 3:00,avenue41_to_harrisln,NB,0,0.5,43.2
1/15/2026 4:00,avenue41_to_harrisln,NB,0,0.51,42.4
1/15/2026 5:00,avenue41_to_harrisln,NB,0,0.49,44
1/15/2026 6:00,avenue41_to_harrisln,NB,0.02,0.52,41.1
1/15/2026 7:00,avenue41_to_harrisln,NB,0.05,0.6,35.9
1/15/2026 8:00,avenue41_to_harrisln,NB,0.06,0.62,34.8
1/15/2026 9:00,avenue41_to_harrisln,NB,0.04,0.61,35.2
1/15/2026 10:00,avenue41_to_harrisln,NB,0.05,0.61,35.5
1/15/2026 11:00,avenue41_to_harrisln,NB,0.04,0.6,35.8
1/15/2026 12:00,avenue41_to_harrisln,NB,0.06,0.63,34.2
1/15/2026 13:00,avenue41_to_harrisln,NB,0.04,0.59,36.6
1/15/2026 14:00,avenue41_to_harrisln,NB,0.11,0.7,31
1/15/2026 15:00,avenue41_to_harrisln,NB,0.46,1.04,21.4
1/15/2026 16:00,avenue41_to_harrisln,NB,0.19,0.78,27.9
1/15/2026 17:00,avenue41_to_harrisln,NB,0.13,0.71,30.9
1/15/2026 18:00,avenue41_to_harrisln,NB,0.04,0.58,37
1/15/2026 19:00,avenue41_to_harrisln,NB,0.03,0.52,42.1
1/15/2026 20:00,avenue41_to_harrisln,NB,0.02,0.53,40.8
1/15/2026 21:00,avenue41_to_harrisln,NB,0,0.51,42.5
1/15/2026 22:00,avenue41_to_harrisln,NB,0.04,0.57,37.9
1/15/2026 23:00,avenue41_to_harrisln,NB,0.01,0.5,42.9
1/16/2026 0:00,avenue41_to_harrisln,NB,0.01,0.49,44
1/16/2026 1:00,avenue41_to_harrisln,NB,0,0.48,44.8
1/16/2026 2:00,avenue41_to_harrisln,NB,0,0.49,44.1
1/16/2026 3:00,avenue41_to_harrisln,NB,0,0.48,44.7
1/16/2026 4:00,avenue41_to_harrisln,NB,0,0.47,45.9
1/16/2026 5:00,avenue41_to_harrisln,NB,0,0.51,42
1/16/2026 6:00,avenue41_to_harrisln,NB,0.01,0.49,43.6
1/16/2026 7:00,avenue41_to_harrisln,NB,0.06,0.58,37.5
1/16/2026 8:00,avenue41_to_harrisln,NB,0.02,0.58,37
1/16/2026 9:00,avenue41_to_harrisln,NB,0.03,0.58,36.8
1/16/2026 10:00,avenue41_to_harrisln,NB,0.04,0.59,36.2
1/16/2026 11:00,avenue41_to_harrisln,NB,0.07,0.64,33.4
1/16/2026 12:00,avenue41_to_harrisln,NB,0.1,0.67,32.2
1/16/2026 13:00,avenue41_to_harrisln,NB,0.1,0.67,32.5
1/16/2026 14:00,avenue41_to_harrisln,NB,0.21,0.79,28.3
1/16/2026 15:00,avenue41_to_harrisln,NB,0.2,0.78,28
1/16/2026 16:00,avenue41_to_harrisln,NB,0.13,0.71,30.4
1/16/2026 17:00,avenue41_to_harrisln,NB,0.12,0.7,31.2
1/16/2026 18:00,avenue41_to_harrisln,NB,0.04,0.6,35.6
1/16/2026 19:00,avenue41_to_harrisln,NB,0.01,0.57,37.9
1/16/2026 20:00,avenue41_to_harrisln,NB,0.02,0.58,37.3
1/16/2026 21:00,avenue41_to_harrisln,NB,0.02,0.54,39.7
1/16/2026 22:00,avenue41_to_harrisln,NB,0.02,0.55,38.9
1/16/2026 23:00,avenue41_to_harrisln,NB,0.02,0.54,40.2
1/17/2026 0:00,avenue41_to_harrisln,NB,0,0.5,43.2
1/17/2026 1:00,avenue41_to_harrisln,NB,0,0.51,42
1/17/2026 2:00,avenue41_to_harrisln,NB,0,0.49,43.3
1/17/2026 3:00,avenue41_to_harrisln,NB,0,0.48,44.6
1/17/2026 4:00,avenue41_to_harrisln,NB,0,0.48,44.7
1/17/2026 5:00,avenue41_to_harrisln,NB,0,0.51,42.1
1/17/2026 6:00,avenue41_to_harrisln,NB,0.03,0.54,40
1/17/2026 7:00,avenue41_to_harrisln,NB,0,0.53,40.5
1/17/2026 8:00,avenue41_to_harrisln,NB,0.01,0.54,40
1/17/2026 9:00,avenue41_to_harrisln,NB,0.01,0.55,39.3
1/17/2026 10:00,avenue41_to_harrisln,NB,0.03,0.59,36.4
1/17/2026 11:00,avenue41_to_harrisln,NB,0.03,0.59,36.4
1/17/2026 12:00,avenue41_to_harrisln,NB,0.03,0.58,37.2
1/17/2026 13:00,avenue41_to_harrisln,NB,0.02,0.57,37.9
1/17/2026 14:00,avenue41_to_harrisln,NB,0.02,0.58,37.4
1/17/2026 15:00,avenue41_to_harrisln,NB,0.03,0.59,36.3
1/17/2026 16:00,avenue41_to_harrisln,NB,0.05,0.6,35.9
1/17/2026 17:00,avenue41_to_harrisln,NB,0.02,0.59,36.5
1/17/2026 18:00,avenue41_to_harrisln,NB,0.02,0.58,37.2
1/17/2026 19:00,avenue41_to_harrisln,NB,0.03,0.56,38.6
1/17/2026 20:00,avenue41_to_harrisln,NB,0.04,0.61,35.6
1/17/2026 21:00,avenue41_to_harrisln,NB,0.01,0.55,38.9
1/17/2026 22:00,avenue41_to_harrisln,NB,0.03,0.56,38.9
1/17/2026 23:00,avenue41_to_harrisln,NB,0.01,0.52,40.9
1/18/2026 0:00,avenue41_to_harrisln,NB,0,0.53,40.3
1/18/2026 1:00,avenue41_to_harrisln,NB,0,0.52,41.7
1/18/2026 2:00,avenue41_to_harrisln,NB,0,0.51,42.1
1/18/2026 3:00,avenue41_to_harrisln,NB,0,0.49,43.4
1/18/2026 4:00,avenue41_to_harrisln,NB,0,0.47,45.3
1/18/2026 5:00,avenue41_to_harrisln,NB,0,0.55,39.4
1/18/2026 6:00,avenue41_to_harrisln,NB,0.01,0.52,41.4
1/18/2026 7:00,avenue41_to_harrisln,NB,0,0.5,42.8
1/18/2026 8:00,avenue41_to_harrisln,NB,0.01,0.53,40.2
1/18/2026 9:00,avenue41_to_harrisln,NB,0.03,0.55,39.4
1/18/2026 10:00,avenue41_to_harrisln,NB,0.02,0.55,39.1
1/18/2026 11:00,avenue41_to_harrisln,NB,0.02,0.56,38.6
1/18/2026 12:00,avenue41_to_harrisln,NB,0.01,0.55,39.1
1/18/2026 13:00,avenue41_to_harrisln,NB,0.01,0.55,39.2
1/18/2026 14:00,avenue41_to_harrisln,NB,0.02,0.58,37.3
1/18/2026 15:00,avenue41_to_harrisln,NB,0,0.56,38.4
1/18/2026 16:00,avenue41_to_harrisln,NB,0.02,0.55,38.8
1/18/2026 17:00,avenue41_to_harrisln,NB,0.02,0.58,36.7
1/18/2026 18:00,avenue41_to_harrisln,NB,0.03,0.59,36.5
1/18/2026 19:00,avenue41_to_harrisln,NB,0.02,0.56,38.3
1/18/2026 20:00,avenue41_to_harrisln,NB,0.04,0.55,39
1/18/2026 21:00,avenue41_to_harrisln,NB,0.02,0.54,39.9
1/18/2026 22:00,avenue41_to_harrisln,NB,0,0.51,42.2
1/18/2026 23:00,avenue41_to_harrisln,NB,0.02,0.52,41.4
1/19/2026 0:00,avenue41_to_harrisln,NB,0,0.5,43.1
1/19/2026 1:00,avenue41_to_harrisln,NB,0,0.49,43.9
1/19/2026 2:00,avenue41_to_harrisln,NB,0,0.5,42.8
1/19/2026 3:00,avenue41_to_harrisln,NB,0,0.48,45
1/19/2026 4:00,avenue41_to_harrisln,NB,0,0.49,44
1/19/2026 5:00,avenue41_to_harrisln,NB,0.01,0.52,41.6
1/19/2026 6:00,avenue41_to_harrisln,NB,0.02,0.58,36.9
1/19/2026 7:00,avenue41_to_harrisln,NB,0.01,0.56,38.7
1/19/2026 8:00,avenue41_to_harrisln,NB,0.04,0.6,35.6
1/19/2026 9:00,avenue41_to_harrisln,NB,0.02,0.58,37.3
1/19/2026 10:00,avenue41_to_harrisln,NB,0.06,0.63,33.7
1/19/2026 11:00,avenue41_to_harrisln,NB,0.06,0.62,34.7
1/19/2026 12:00,avenue41_to_harrisln,NB,0.06,0.63,34.3
1/19/2026 13:00,avenue41_to_harrisln,NB,0.05,0.62,34.7
1/19/2026 14:00,avenue41_to_harrisln,NB,0.07,0.63,34
1/19/2026 15:00,avenue41_to_harrisln,NB,0.08,0.65,33.2
1/19/2026 16:00,avenue41_to_harrisln,NB,0.04,0.58,36.8
1/19/2026 17:00,avenue41_to_harrisln,NB,0.05,0.61,35.1
1/19/2026 18:00,avenue41_to_harrisln,NB,0.06,0.62,34.9
1/19/2026 19:00,avenue41_to_harrisln,NB,0.01,0.54,40.1
1/19/2026 20:00,avenue41_to_harrisln,NB,0.03,0.55,38.9
1/19/2026 21:00,avenue41_to_harrisln,NB,0.02,0.56,38.6
1/19/2026 22:00,avenue41_to_harrisln,NB,0,0.54,39.8
1/19/2026 23:00,avenue41_to_harrisln,NB,0,0.51,42.1
1/20/2026 0:00,avenue41_to_harrisln,NB,0,0.48,45
1/20/2026 1:00,avenue41_to_harrisln,NB,0,0.48,44.5
1/20/2026 2:00,avenue41_to_harrisln,NB,0,0.47,45.3
1/20/2026 3:00,avenue41_to_harrisln,NB,0.01,0.5,43.5
1/20/2026 4:00,avenue41_to_harrisln,NB,0.01,0.51,42.6
1/20/2026 5:00,avenue41_to_harrisln,NB,0,0.5,43.2
1/20/2026 6:00,avenue41_to_harrisln,NB,0,0.54,39.6
1/20/2026 7:00,avenue41_to_harrisln,NB,0.05,0.6,36.3
1/20/2026 8:00,avenue41_to_harrisln,NB,0.08,0.64,33.9
1/20/2026 9:00,avenue41_to_harrisln,NB,0.15,0.73,32
1/20/2026 10:00,avenue41_to_harrisln,NB,0.49,1.08,23.7
1/20/2026 11:00,avenue41_to_harrisln,NB,0.11,0.69,31.7
1/20/2026 12:00,avenue41_to_harrisln,NB,0.05,0.62,35.1
1/20/2026 13:00,avenue41_to_harrisln,NB,0.1,0.66,32.9
1/20/2026 14:00,avenue41_to_harrisln,NB,0.08,0.66,32.7
1/20/2026 15:00,avenue41_to_harrisln,NB,0.38,0.96,22.7
1/20/2026 16:00,avenue41_to_harrisln,NB,0.16,0.75,29.9
1/20/2026 17:00,avenue41_to_harrisln,NB,0.12,0.69,31.2
1/20/2026 18:00,avenue41_to_harrisln,NB,0.01,0.55,38.7
1/20/2026 19:00,avenue41_to_harrisln,NB,0.02,0.58,37.3
1/20/2026 20:00,avenue41_to_harrisln,NB,0,0.53,40.9
1/20/2026 21:00,avenue41_to_harrisln,NB,0.02,0.58,37.1
1/20/2026 22:00,avenue41_to_harrisln,NB,0.03,0.54,40.1
1/20/2026 23:00,avenue41_to_harrisln,NB,0,0.49,43.4
1/21/2026 0:00,avenue41_to_harrisln,NB,0,0.49,43.9
1/21/2026 1:00,avenue41_to_harrisln,NB,0,0.5,42.8
1/21/2026 2:00,avenue41_to_harrisln,NB,0,0.51,42.4
1/21/2026 3:00,avenue41_to_harrisln,NB,0,0.49,43.8
1/21/2026 4:00,avenue41_to_harrisln,NB,0,0.5,42.7
1/21/2026 5:00,avenue41_to_harrisln,NB,0.02,0.5,43.6
1/21/2026 6:00,avenue41_to_harrisln,NB,0.01,0.52,41.6
1/21/2026 7:00,avenue41_to_harrisln,NB,0.07,0.61,35.7
1/21/2026 8:00,avenue41_to_harrisln,NB,0.09,0.65,33.2
1/21/2026 9:00,avenue41_to_harrisln,NB,0.07,0.62,35.5
1/21/2026 10:00,avenue41_to_harrisln,NB,0.99,1.58,14
1/21/2026 11:00,avenue41_to_harrisln,NB,0.09,0.65,33.2
1/21/2026 12:00,avenue41_to_harrisln,NB,0.1,0.67,32.8
1/21/2026 13:00,avenue41_to_harrisln,NB,0.13,0.7,31.2
1/21/2026 14:00,avenue41_to_harrisln,NB,0.11,0.7,31.3
1/21/2026 15:00,avenue41_to_harrisln,NB,0.62,1.2,18.4
1/21/2026 16:00,avenue41_to_harrisln,NB,0.19,0.77,28.2
1/21/2026 17:00,avenue41_to_harrisln,NB,0.12,0.71,30.7
1/21/2026 18:00,avenue41_to_harrisln,NB,0.04,0.59,36.2
1/21/2026 19:00,avenue41_to_harrisln,NB,0.03,0.57,37.9
1/21/2026 20:00,avenue41_to_harrisln,NB,0.02,0.56,38.5
1/21/2026 21:00,avenue41_to_harrisln,NB,0.02,0.54,39.9
1/21/2026 22:00,avenue41_to_harrisln,NB,0.01,0.51,42.1
1/21/2026 23:00,avenue41_to_harrisln,NB,0.02,0.53,40.8
1/22/2026 0:00,avenue41_to_harrisln,NB,0.01,0.53,41
1/22/2026 1:00,avenue41_to_harrisln,NB,0,0.52,41.7
1/22/2026 2:00,avenue41_to_harrisln,NB,0,0.51,41.9
1/22/2026 3:00,avenue41_to_harrisln,NB,0,0.48,44.7
1/22/2026 4:00,avenue41_to_harrisln,NB,0,0.48,44.8
1/22/2026 5:00,avenue41_to_harrisln,NB,0,0.48,44.4
1/22/2026 6:00,avenue41_to_harrisln,NB,0.01,0.51,42.6
1/22/2026 7:00,avenue41_to_harrisln,NB,0.04,0.6,35.8
1/22/2026 8:00,avenue41_to_harrisln,NB,0.05,0.62,34.9
1/22/2026 9:00,avenue41_to_harrisln,NB,0.03,0.59,36.7
1/22/2026 10:00,avenue41_to_harrisln,NB,0.07,0.62,34.7
1/22/2026 11:00,avenue41_to_harrisln,NB,0.03,0.58,37.1
1/22/2026 12:00,avenue41_to_harrisln,NB,0.02,0.59,36.6
1/22/2026 13:00,avenue41_to_harrisln,NB,0.05,0.61,35.3
1/22/2026 14:00,avenue41_to_harrisln,NB,0.1,0.68,32
1/22/2026 15:00,avenue41_to_harrisln,NB,0.31,0.88,25.9
1/22/2026 16:00,avenue41_to_harrisln,NB,0.19,0.77,29
1/22/2026 17:00,avenue41_to_harrisln,NB,0.12,0.7,31.3
1/22/2026 18:00,avenue41_to_harrisln,NB,0.05,0.61,35.1
1/22/2026 19:00,avenue41_to_harrisln,NB,0.05,0.62,34.9
1/22/2026 20:00,avenue41_to_harrisln,NB,0.01,0.57,37.6
1/22/2026 21:00,avenue41_to_harrisln,NB,0.01,0.55,39.1
1/22/2026 22:00,avenue41_to_harrisln,NB,0.01,0.5,42.8
1/22/2026 23:00,avenue41_to_harrisln,NB,0,0.5,43.2
1/23/2026 0:00,avenue41_to_harrisln,NB,0,0.49,44.2
1/23/2026 1:00,avenue41_to_harrisln,NB,0,0.53,40.4
1/23/2026 2:00,avenue41_to_harrisln,NB,0,0.53,40.8
1/23/2026 3:00,avenue41_to_harrisln,NB,0,0.47,45.4
1/23/2026 4:00,avenue41_to_harrisln,NB,0,0.49,44.1
1/23/2026 5:00,avenue41_to_harrisln,NB,0.01,0.51,42.2
1/23/2026 6:00,avenue41_to_harrisln,NB,0.02,0.52,41.7
1/23/2026 7:00,avenue41_to_harrisln,NB,0.05,0.59,36.7
1/23/2026 8:00,avenue41_to_harrisln,NB,0.07,0.63,34.4
1/23/2026 9:00,avenue41_to_harrisln,NB,0.03,0.58,36.7
1/23/2026 10:00,avenue41_to_harrisln,NB,0.04,0.61,34.9
1/23/2026 11:00,avenue41_to_harrisln,NB,0.07,0.63,34.2
1/23/2026 12:00,avenue41_to_harrisln,NB,0.09,0.66,33
1/23/2026 13:00,avenue41_to_harrisln,NB,0.06,0.63,34.1
1/23/2026 14:00,avenue41_to_harrisln,NB,0.16,0.73,29.9
1/23/2026 15:00,avenue41_to_harrisln,NB,0.24,0.82,26.6
1/23/2026 16:00,avenue41_to_harrisln,NB,0.29,0.87,26.6
1/23/2026 17:00,avenue41_to_harrisln,NB,0.08,0.66,32.5
1/23/2026 18:00,avenue41_to_harrisln,NB,0.05,0.6,35.8
1/23/2026 19:00,avenue41_to_harrisln,NB,0,0.55,39.3
1/23/2026 20:00,avenue41_to_harrisln,NB,0.02,0.59,36.5
1/23/2026 21:00,avenue41_to_harrisln,NB,0.02,0.55,39.3
1/23/2026 22:00,avenue41_to_harrisln,NB,0.03,0.54,39.5
1/23/2026 23:00,avenue41_to_harrisln,NB,0.03,0.56,38.4
1/24/2026 0:00,avenue41_to_harrisln,NB,0,0.51,41.9
1/24/2026 1:00,avenue41_to_harrisln,NB,0,0.49,43.4
1/24/2026 2:00,avenue41_to_harrisln,NB,0,0.51,42
1/24/2026 3:00,avenue41_to_harrisln,NB,0,0.48,45
1/24/2026 4:00,avenue41_to_harrisln,NB,0,0.46,46.3
1/24/2026 5:00,avenue41_to_harrisln,NB,0,0.49,43.8
1/24/2026 6:00,avenue41_to_harrisln,NB,0,0.51,42.5
1/24/2026 7:00,avenue41_to_harrisln,NB,0.01,0.52,41.3
1/24/2026 8:00,avenue41_to_harrisln,NB,0.04,0.57,37.7
1/24/2026 9:00,avenue41_to_harrisln,NB,0.03,0.56,38.3
1/24/2026 10:00,avenue41_to_harrisln,NB,0.04,0.59,36.2
1/24/2026 11:00,avenue41_to_harrisln,NB,0.04,0.61,35.2
1/24/2026 12:00,avenue41_to_harrisln,NB,0.02,0.58,37.1
1/24/2026 13:00,avenue41_to_harrisln,NB,0.03,0.58,36.9
1/24/2026 14:00,avenue41_to_harrisln,NB,0.02,0.58,36.8
1/24/2026 15:00,avenue41_to_harrisln,NB,0.02,0.58,37
1/24/2026 16:00,avenue41_to_harrisln,NB,0.04,0.61,35.5
1/24/2026 17:00,avenue41_to_harrisln,NB,0.03,0.6,35.9
1/24/2026 18:00,avenue41_to_harrisln,NB,0.03,0.58,36.7
1/24/2026 19:00,avenue41_to_harrisln,NB,0.02,0.56,38.7
1/24/2026 20:00,avenue41_to_harrisln,NB,0.04,0.57,37.8
1/24/2026 21:00,avenue41_to_harrisln,NB,0.03,0.56,38.1
1/24/2026 22:00,avenue41_to_harrisln,NB,0.02,0.56,38.1
1/24/2026 23:00,avenue41_to_harrisln,NB,0.04,0.58,37.2
1/25/2026 0:00,avenue41_to_harrisln,NB,0,0.51,42.3
1/25/2026 1:00,avenue41_to_harrisln,NB,0.01,0.52,41.7
1/25/2026 2:00,avenue41_to_harrisln,NB,0,0.49,43.8
1/25/2026 3:00,avenue41_to_harrisln,NB,0,0.49,43.4
1/25/2026 4:00,avenue41_to_harrisln,NB,0,0.47,45.5
1/25/2026 5:00,avenue41_to_harrisln,NB,0,0.5,43.2
1/25/2026 6:00,avenue41_to_harrisln,NB,0,0.5,42.5
1/25/2026 7:00,avenue41_to_harrisln,NB,0.01,0.52,41.7
1/25/2026 8:00,avenue41_to_harrisln,NB,0.02,0.55,39.1
1/25/2026 9:00,avenue41_to_harrisln,NB,0.01,0.54,39.6
1/25/2026 10:00,avenue41_to_harrisln,NB,0.02,0.57,38
1/25/2026 11:00,avenue41_to_harrisln,NB,0.04,0.6,36.2
1/25/2026 12:00,avenue41_to_harrisln,NB,0.01,0.57,37.4
1/25/2026 13:00,avenue41_to_harrisln,NB,0.02,0.57,37.8
1/25/2026 14:00,avenue41_to_harrisln,NB,0.01,0.56,38.5
1/25/2026 15:00,avenue41_to_harrisln,NB,0.01,0.56,38.4
1/25/2026 16:00,avenue41_to_harrisln,NB,0.03,0.59,36.4
1/25/2026 17:00,avenue41_to_harrisln,NB,0.02,0.57,37.5
1/25/2026 18:00,avenue41_to_harrisln,NB,0.02,0.56,38.1
1/25/2026 19:00,avenue41_to_harrisln,NB,0.04,0.6,36
1/25/2026 20:00,avenue41_to_harrisln,NB,0.02,0.56,38.7
1/25/2026 21:00,avenue41_to_harrisln,NB,0.02,0.55,39.5
1/25/2026 22:00,avenue41_to_harrisln,NB,0.03,0.56,38.7
1/25/2026 23:00,avenue41_to_harrisln,NB,0.01,0.51,41.8
1/26/2026 0:00,avenue41_to_harrisln,NB,0,0.51,42.1
1/26/2026 1:00,avenue41_to_harrisln,NB,0,0.5,43.1
1/26/2026 2:00,avenue41_to_harrisln,NB,0,0.49,44
1/26/2026 3:00,avenue41_to_harrisln,NB,0,0.47,45.3
1/26/2026 4:00,avenue41_to_harrisln,NB,0,0.46,46.3
1/26/2026 5:00,avenue41_to_harrisln,NB,0,0.51,42.3
1/26/2026 6:00,avenue41_to_harrisln,NB,0.02,0.55,38.9
1/26/2026 7:00,avenue41_to_harrisln,NB,0.06,0.6,35.7
1/26/2026 8:00,avenue41_to_harrisln,NB,0.05,0.62,34.9
1/26/2026 9:00,avenue41_to_harrisln,NB,0.03,0.59,36.3
1/26/2026 10:00,avenue41_to_harrisln,NB,0.05,0.61,35.5
1/26/2026 11:00,avenue41_to_harrisln,NB,0.04,0.6,36
1/26/2026 12:00,avenue41_to_harrisln,NB,0.03,0.58,36.7
1/26/2026 13:00,avenue41_to_harrisln,NB,0.04,0.59,36.3
1/26/2026 14:00,avenue41_to_harrisln,NB,0.16,0.74,29.7
1/26/2026 15:00,avenue41_to_harrisln,NB,0.28,0.84,27.1
1/26/2026 16:00,avenue41_to_harrisln,NB,0.12,0.69,31.2
1/26/2026 17:00,avenue41_to_harrisln,NB,0.11,0.66,32.6
1/26/2026 18:00,avenue41_to_harrisln,NB,0.07,0.62,35.1
1/26/2026 19:00,avenue41_to_harrisln,NB,0.02,0.57,38
1/26/2026 20:00,avenue41_to_harrisln,NB,0.03,0.57,38.1
1/26/2026 21:00,avenue41_to_harrisln,NB,0.02,0.55,39
1/26/2026 22:00,avenue41_to_harrisln,NB,0,0.52,41.3
1/26/2026 23:00,avenue41_to_harrisln,NB,0.02,0.52,41.8
1/27/2026 0:00,avenue41_to_harrisln,NB,0,0.5,43.3
1/27/2026 1:00,avenue41_to_harrisln,NB,0,0.49,44.1
1/27/2026 2:00,avenue41_to_harrisln,NB,0,0.49,43.9
1/27/2026 3:00,avenue41_to_harrisln,NB,0,0.49,44
1/27/2026 4:00,avenue41_to_harrisln,NB,0,0.5,43
1/27/2026 5:00,avenue41_to_harrisln,NB,0,0.52,41.8
1/27/2026 6:00,avenue41_to_harrisln,NB,0.02,0.51,42.3
1/27/2026 7:00,avenue41_to_harrisln,NB,0.02,0.55,39
1/27/2026 8:00,avenue41_to_harrisln,NB,0.05,0.6,35.5
1/27/2026 9:00,avenue41_to_harrisln,NB,0.03,0.6,35.7
1/27/2026 10:00,avenue41_to_harrisln,NB,0.05,0.61,35.4
1/27/2026 11:00,avenue41_to_harrisln,NB,0.06,0.62,35
1/27/2026 12:00,avenue41_to_harrisln,NB,0.04,0.61,35.4
1/27/2026 13:00,avenue41_to_harrisln,NB,0.03,0.6,35.5
1/27/2026 14:00,avenue41_to_harrisln,NB,0.09,0.66,33.1
1/27/2026 15:00,avenue41_to_harrisln,NB,0.19,0.78,28
1/27/2026 16:00,avenue41_to_harrisln,NB,0.12,0.7,30.9
1/27/2026 17:00,avenue41_to_harrisln,NB,0.1,0.66,32.6
1/27/2026 18:00,avenue41_to_harrisln,NB,0.04,0.58,37.3
1/27/2026 19:00,avenue41_to_harrisln,NB,0.02,0.57,37.5
1/27/2026 20:00,avenue41_to_harrisln,NB,0.03,0.59,36.8
1/27/2026 21:00,avenue41_to_harrisln,NB,0.03,0.57,37.8
1/27/2026 22:00,avenue41_to_harrisln,NB,0,0.5,43
1/27/2026 23:00,avenue41_to_harrisln,NB,0,0.52,41.5
1/28/2026 0:00,avenue41_to_harrisln,NB,0,0.48,44.9
1/28/2026 1:00,avenue41_to_harrisln,NB,0,0.49,43.8
1/28/2026 2:00,avenue41_to_harrisln,NB,0,0.49,43.5
1/28/2026 3:00,avenue41_to_harrisln,NB,0,0.48,45.2
1/28/2026 4:00,avenue41_to_harrisln,NB,0,0.5,42.9
1/28/2026 5:00,avenue41_to_harrisln,NB,0,0.53,40.6
1/28/2026 6:00,avenue41_to_harrisln,NB,0.03,0.53,40.7
1/28/2026 7:00,avenue41_to_harrisln,NB,0.05,0.58,37.2
1/28/2026 8:00,avenue41_to_harrisln,NB,0.08,0.63,34.3
1/28/2026 9:00,avenue41_to_harrisln,NB,0.04,0.6,36.1
1/28/2026 10:00,avenue41_to_harrisln,NB,0.04,0.6,35.6
1/28/2026 11:00,avenue41_to_harrisln,NB,0.02,0.58,37.2
1/28/2026 12:00,avenue41_to_harrisln,NB,0.06,0.63,34.2
1/28/2026 13:00,avenue41_to_harrisln,NB,0.1,0.66,33
1/28/2026 14:00,avenue41_to_harrisln,NB,0.47,1.06,23.9
1/28/2026 15:00,avenue41_to_harrisln,NB,1.23,1.83,12.5
1/28/2026 16:00,avenue41_to_harrisln,NB,0.36,0.93,26.1
1/28/2026 17:00,avenue41_to_harrisln,NB,0.37,0.95,25.5
1/28/2026 18:00,avenue41_to_harrisln,NB,0.07,0.62,34.7
1/28/2026 19:00,avenue41_to_harrisln,NB,0.01,0.55,39.3
1/28/2026 20:00,avenue41_to_harrisln,NB,0.02,0.56,38.6
1/28/2026 21:00,avenue41_to_harrisln,NB,0.02,0.55,39.4
1/28/2026 22:00,avenue41_to_harrisln,NB,0.06,0.59,36.4
1/28/2026 23:00,avenue41_to_harrisln,NB,0.01,0.52,41.5
1/29/2026 0:00,avenue41_to_harrisln,NB,0,0.49,43.9
1/29/2026 1:00,avenue41_to_harrisln,NB,0,0.49,43.6
1/29/2026 2:00,avenue41_to_harrisln,NB,0.01,0.5,43.3
1/29/2026 3:00,avenue41_to_harrisln,NB,0,0.49,43.9
1/29/2026 4:00,avenue41_to_harrisln,NB,0,0.46,46.2
1/29/2026 5:00,avenue41_to_harrisln,NB,0,0.49,43.9
1/29/2026 6:00,avenue41_to_harrisln,NB,0.02,0.53,40.5
1/29/2026 7:00,avenue41_to_harrisln,NB,0.05,0.59,36.7
1/29/2026 8:00,avenue41_to_harrisln,NB,0.08,0.64,33.6
1/29/2026 9:00,avenue41_to_harrisln,NB,0.04,0.6,36
1/29/2026 10:00,avenue41_to_harrisln,NB,0.03,0.58,36.7
1/29/2026 11:00,avenue41_to_harrisln,NB,0.06,0.63,34.5
1/29/2026 12:00,avenue41_to_harrisln,NB,0.1,0.67,32.1
1/29/2026 13:00,avenue41_to_harrisln,NB,0.07,0.65,33.1
1/29/2026 14:00,avenue41_to_harrisln,NB,0.13,0.72,30.1
1/29/2026 15:00,avenue41_to_harrisln,NB,0.36,0.94,23.6
1/29/2026 16:00,avenue41_to_harrisln,NB,0.53,1.12,23.1
1/29/2026 17:00,avenue41_to_harrisln,NB,0.14,0.71,30.4
1/29/2026 18:00,avenue41_to_harrisln,NB,0.05,0.6,35.6
1/29/2026 19:00,avenue41_to_harrisln,NB,0.02,0.57,37.5
1/29/2026 20:00,avenue41_to_harrisln,NB,0.04,0.59,36.7
1/29/2026 21:00,avenue41_to_harrisln,NB,0.01,0.5,42.8
1/29/2026 22:00,avenue41_to_harrisln,NB,0.01,0.51,42.3
1/29/2026 23:00,avenue41_to_harrisln,NB,0.01,0.51,42
1/30/2026 0:00,avenue41_to_harrisln,NB,0,0.51,42
1/30/2026 1:00,avenue41_to_harrisln,NB,0,0.49,43.6
1/30/2026 2:00,avenue41_to_harrisln,NB,0,0.48,44.4
1/30/2026 3:00,avenue41_to_harrisln,NB,0,0.49,43.6
1/30/2026 4:00,avenue41_to_harrisln,NB,0,0.51,41.8
1/30/2026 5:00,avenue41_to_harrisln,NB,0,0.5,43.3
1/30/2026 6:00,avenue41_to_harrisln,NB,0.01,0.53,40.2
1/30/2026 7:00,avenue41_to_harrisln,NB,0.03,0.57,38.1
1/30/2026 8:00,avenue41_to_harrisln,NB,0.08,0.64,34
1/30/2026 9:00,avenue41_to_harrisln,NB,0.05,0.61,35.5
1/30/2026 10:00,avenue41_to_harrisln,NB,0.06,0.62,35.2
1/30/2026 11:00,avenue41_to_harrisln,NB,0.06,0.63,34.3
1/30/2026 12:00,avenue41_to_harrisln,NB,0.1,0.67,31.9
1/30/2026 13:00,avenue41_to_harrisln,NB,0.35,0.93,27.9
1/30/2026 14:00,avenue41_to_harrisln,NB,0.82,1.42,16.6
1/30/2026 15:00,avenue41_to_harrisln,NB,0.66,1.24,18.6
1/30/2026 16:00,avenue41_to_harrisln,NB,0.47,1.05,22.6
1/30/2026 17:00,avenue41_to_harrisln,NB,0.09,0.66,32.7
1/30/2026 18:00,avenue41_to_harrisln,NB,0.06,0.63,34.4
1/30/2026 19:00,avenue41_to_harrisln,NB,0.07,0.63,34.3
1/30/2026 20:00,avenue41_to_harrisln,NB,0.01,0.56,38.6
1/30/2026 21:00,avenue41_to_harrisln,NB,0.02,0.56,38.4
1/30/2026 22:00,avenue41_to_harrisln,NB,0.03,0.56,38.4
1/30/2026 23:00,avenue41_to_harrisln,NB,0.05,0.55,39.9
1/31/2026 0:00,avenue41_to_harrisln,NB,0,0.49,43.5
1/31/2026 1:00,avenue41_to_harrisln,NB,0,0.49,44.3
1/31/2026 2:00,avenue41_to_harrisln,NB,0,0.5,42.9
1/31/2026 3:00,avenue41_to_harrisln,NB,0,0.48,44.4
1/31/2026 4:00,avenue41_to_harrisln,NB,0,0.51,42.3
1/31/2026 5:00,avenue41_to_harrisln,NB,0,0.51,42
1/31/2026 6:00,avenue41_to_harrisln,NB,0,0.5,43.1
1/31/2026 7:00,avenue41_to_harrisln,NB,0.01,0.52,41
1/31/2026 8:00,avenue41_to_harrisln,NB,0.01,0.54,39.4
1/31/2026 9:00,avenue41_to_harrisln,NB,0.06,0.61,35.6
1/31/2026 10:00,avenue41_to_harrisln,NB,0.02,0.56,38.5
1/31/2026 11:00,avenue41_to_harrisln,NB,0.02,0.57,37.9
1/31/2026 12:00,avenue41_to_harrisln,NB,0.04,0.59,36.5
1/31/2026 13:00,avenue41_to_harrisln,NB,0.05,0.6,36
1/31/2026 14:00,avenue41_to_harrisln,NB,0.04,0.61,35.6
1/31/2026 15:00,avenue41_to_harrisln,NB,0.02,0.59,36.4
1/31/2026 16:00,avenue41_to_harrisln,NB,0.02,0.58,37.6
1/31/2026 17:00,avenue41_to_harrisln,NB,0.03,0.6,35.8
1/31/2026 18:00,avenue41_to_harrisln,NB,0.03,0.6,35.6
1/31/2026 19:00,avenue41_to_harrisln,NB,0.04,0.6,36.1
1/31/2026 20:00,avenue41_to_harrisln,NB,0,0.56,38.4
1/31/2026 21:00,avenue41_to_harrisln,NB,0.01,0.53,40.6
1/31/2026 22:00,avenue41_to_harrisln,NB,0.01,0.54,39.6
1/31/2026 23:00,avenue41_to_harrisln,NB,0,0.51,42
2/1/2026 0:00,avenue41_to_harrisln,NB,0,0.53,40.2
2/1/2026 1:00,avenue41_to_harrisln,NB,0,0.48,44.4
2/1/2026 2:00,avenue41_to_harrisln,NB,0,0.48,44.7
2/1/2026 3:00,avenue41_to_harrisln,NB,0,0.48,44.3
2/1/2026 4:00,avenue41_to_harrisln,NB,0,0.48,44.9
2/1/2026 5:00,avenue41_to_harrisln,NB,0,0.5,43.2
2/1/2026 6:00,avenue41_to_harrisln,NB,0,0.51,41.6
2/1/2026 7:00,avenue41_to_harrisln,NB,0,0.51,41.9
2/1/2026 8:00,avenue41_to_harrisln,NB,0.02,0.55,39.3
2/1/2026 9:00,avenue41_to_harrisln,NB,0.02,0.55,38.7
2/1/2026 10:00,avenue41_to_harrisln,NB,0.01,0.56,38.5
2/1/2026 11:00,avenue41_to_harrisln,NB,0.07,0.64,34.3
2/1/2026 12:00,avenue41_to_harrisln,NB,0.06,0.62,34.5
2/1/2026 13:00,avenue41_to_harrisln,NB,0.02,0.58,36.8
2/1/2026 14:00,avenue41_to_harrisln,NB,0.02,0.59,36.6
2/1/2026 15:00,avenue41_to_harrisln,NB,0.03,0.58,37.3
2/1/2026 16:00,avenue41_to_harrisln,NB,0.03,0.59,36.8
2/1/2026 17:00,avenue41_to_harrisln,NB,0.07,0.62,35.3
2/1/2026 18:00,avenue41_to_harrisln,NB,0.03,0.59,36.4
2/1/2026 19:00,avenue41_to_harrisln,NB,0.03,0.58,37.2
2/1/2026 20:00,avenue41_to_harrisln,NB,0.02,0.56,38.4
2/1/2026 21:00,avenue41_to_harrisln,NB,0.05,0.59,37.1
2/1/2026 22:00,avenue41_to_harrisln,NB,0.02,0.53,40.4
2/1/2026 23:00,avenue41_to_harrisln,NB,0.01,0.52,41.9
2/2/2026 0:00,avenue41_to_harrisln,NB,0,0.48,44.6
2/2/2026 1:00,avenue41_to_harrisln,NB,0,0.5,43
2/2/2026 2:00,avenue41_to_harrisln,NB,0,0.48,44.4
2/2/2026 3:00,avenue41_to_harrisln,NB,0,0.5,42.9
2/2/2026 4:00,avenue41_to_harrisln,NB,0,0.48,44.5
2/2/2026 5:00,avenue41_to_harrisln,NB,0,0.5,43
2/2/2026 6:00,avenue41_to_harrisln,NB,0.01,0.52,41.7
2/2/2026 7:00,avenue41_to_harrisln,NB,0.05,0.61,35.6
2/2/2026 8:00,avenue41_to_harrisln,NB,0.07,0.63,34.3
2/2/2026 9:00,avenue41_to_harrisln,NB,0.04,0.6,36.1
2/2/2026 10:00,avenue41_to_harrisln,NB,0.07,0.64,33.5
2/2/2026 11:00,avenue41_to_harrisln,NB,0.08,0.64,33.7
2/2/2026 12:00,avenue41_to_harrisln,NB,0.07,0.62,34.6
2/2/2026 13:00,avenue41_to_harrisln,NB,0.05,0.61,35.1
2/2/2026 14:00,avenue41_to_harrisln,NB,0.17,0.75,30.1
2/2/2026 15:00,avenue41_to_harrisln,NB,0.52,1.11,21.1
2/2/2026 16:00,avenue41_to_harrisln,NB,0.21,0.78,29.7
2/2/2026 17:00,avenue41_to_harrisln,NB,0.11,0.68,31.5
2/2/2026 18:00,avenue41_to_harrisln,NB,0.05,0.61,35.3
2/2/2026 19:00,avenue41_to_harrisln,NB,0.03,0.56,38.7
2/2/2026 20:00,avenue41_to_harrisln,NB,0.04,0.58,36.9
2/2/2026 21:00,avenue41_to_harrisln,NB,0,0.52,41.2
2/2/2026 22:00,avenue41_to_harrisln,NB,0.01,0.53,40.5
2/2/2026 23:00,avenue41_to_harrisln,NB,0,0.5,42.7
2/3/2026 0:00,avenue41_to_harrisln,NB,0,0.52,41.7
2/3/2026 1:00,avenue41_to_harrisln,NB,0.01,0.52,41.7
2/3/2026 2:00,avenue41_to_harrisln,NB,0,0.49,44
2/3/2026 3:00,avenue41_to_harrisln,NB,0,0.48,44.6
2/3/2026 4:00,avenue41_to_harrisln,NB,0,0.48,44.7
2/3/2026 5:00,avenue41_to_harrisln,NB,0,0.49,43.6
2/3/2026 6:00,avenue41_to_harrisln,NB,0.01,0.51,42.3
2/3/2026 7:00,avenue41_to_harrisln,NB,0.05,0.58,37.7
2/3/2026 8:00,avenue41_to_harrisln,NB,0.03,0.6,35.9
2/3/2026 9:00,avenue41_to_harrisln,NB,0.05,0.6,35.7
2/3/2026 10:00,avenue41_to_harrisln,NB,0.05,0.62,35
2/3/2026 11:00,avenue41_to_harrisln,NB,0.06,0.61,35.1
2/3/2026 12:00,avenue41_to_harrisln,NB,0.05,0.62,34.7
2/3/2026 13:00,avenue41_to_harrisln,NB,0.04,0.61,35.4
2/3/2026 14:00,avenue41_to_harrisln,NB,0.12,0.69,31.7
2/3/2026 15:00,avenue41_to_harrisln,NB,0.39,0.97,22.7
2/3/2026 16:00,avenue41_to_harrisln,NB,0.23,0.8,27.4
2/3/2026 17:00,avenue41_to_harrisln,NB,0.1,0.68,31.9
2/3/2026 18:00,avenue41_to_harrisln,NB,0.05,0.6,35.8
2/3/2026 19:00,avenue41_to_harrisln,NB,0.05,0.61,35.6
2/3/2026 20:00,avenue41_to_harrisln,NB,0.02,0.57,37.6
2/3/2026 21:00,avenue41_to_harrisln,NB,0.01,0.54,40.2
2/3/2026 22:00,avenue41_to_harrisln,NB,0,0.51,41.6
2/3/2026 23:00,avenue41_to_harrisln,NB,0,0.54,40.2
2/4/2026 0:00,avenue41_to_harrisln,NB,0,0.53,40.7
2/4/2026 1:00,avenue41_to_harrisln,NB,0,0.49,43.8
2/4/2026 2:00,avenue41_to_harrisln,NB,0,0.5,42.9
2/4/2026 3:00,avenue41_to_harrisln,NB,0,0.49,43.4
2/4/2026 4:00,avenue41_to_harrisln,NB,0,0.49,43.8
2/4/2026 5:00,avenue41_to_harrisln,NB,0.01,0.51,42.1
2/4/2026 6:00,avenue41_to_harrisln,NB,0,0.51,42.5
2/4/2026 7:00,avenue41_to_harrisln,NB,0.05,0.6,35.5
2/4/2026 8:00,avenue41_to_harrisln,NB,0.11,0.69,31.7
2/4/2026 9:00,avenue41_to_harrisln,NB,0.03,0.58,37
2/4/2026 10:00,avenue41_to_harrisln,NB,0.05,0.61,35.2
2/4/2026 11:00,avenue41_to_harrisln,NB,0.07,0.64,33.8
2/4/2026 12:00,avenue41_to_harrisln,NB,0.05,0.62,34.5
2/4/2026 13:00,avenue41_to_harrisln,NB,0.07,0.65,33.1
2/4/2026 14:00,avenue41_to_harrisln,NB,0.11,0.68,31.7
2/4/2026 15:00,avenue41_to_harrisln,NB,0.39,0.97,22.3
2/4/2026 16:00,avenue41_to_harrisln,NB,0.17,0.74,29.2
2/4/2026 17:00,avenue41_to_harrisln,NB,0.12,0.71,30.5
2/4/2026 18:00,avenue41_to_harrisln,NB,0.04,0.61,35.3
2/4/2026 19:00,avenue41_to_harrisln,NB,0.08,0.63,34.8
2/4/2026 20:00,avenue41_to_harrisln,NB,0.01,0.55,39.3
2/4/2026 21:00,avenue41_to_harrisln,NB,0.02,0.54,39.5
2/4/2026 22:00,avenue41_to_harrisln,NB,0,0.53,40.3
2/4/2026 23:00,avenue41_to_harrisln,NB,0.02,0.54,40
2/5/2026 0:00,avenue41_to_harrisln,NB,0,0.51,41.8
2/5/2026 1:00,avenue41_to_harrisln,NB,0,0.5,42.8
2/5/2026 2:00,avenue41_to_harrisln,NB,0,0.49,43.9
2/5/2026 3:00,avenue41_to_harrisln,NB,0,0.49,44
2/5/2026 4:00,avenue41_to_harrisln,NB,0,0.5,43.2
2/5/2026 5:00,avenue41_to_harrisln,NB,0.03,0.52,41.6
2/5/2026 6:00,avenue41_to_harrisln,NB,0.02,0.53,40.4
2/5/2026 7:00,avenue41_to_harrisln,NB,0.07,0.61,35.9
2/5/2026 8:00,avenue41_to_harrisln,NB,0.05,0.62,34.9
2/5/2026 9:00,avenue41_to_harrisln,NB,0.03,0.58,36.9
2/5/2026 10:00,avenue41_to_harrisln,NB,0.08,0.65,33.2
2/5/2026 11:00,avenue41_to_harrisln,NB,0.04,0.59,36.3
2/5/2026 12:00,avenue41_to_harrisln,NB,0.06,0.63,34.1
2/5/2026 13:00,avenue41_to_harrisln,NB,0.07,0.63,34.1
2/5/2026 14:00,avenue41_to_harrisln,NB,0.15,0.74,29.5
2/5/2026 15:00,avenue41_to_harrisln,NB,0.65,1.24,18.9
2/5/2026 16:00,avenue41_to_harrisln,NB,0.46,1.04,22.8
2/5/2026 17:00,avenue41_to_harrisln,NB,0.14,0.71,30.2
2/5/2026 18:00,avenue41_to_harrisln,NB,0.05,0.61,35.2
2/5/2026 19:00,avenue41_to_harrisln,NB,0.02,0.55,39.3
2/5/2026 20:00,avenue41_to_harrisln,NB,0.02,0.57,37.6
2/5/2026 21:00,avenue41_to_harrisln,NB,0,0.54,39.7
2/5/2026 22:00,avenue41_to_harrisln,NB,0.02,0.52,41.1
2/5/2026 23:00,avenue41_to_harrisln,NB,0.02,0.57,38.1
2/6/2026 0:00,avenue41_to_harrisln,NB,0,0.51,42.4
2/6/2026 1:00,avenue41_to_harrisln,NB,0,0.5,43.2
2/6/2026 2:00,avenue41_to_harrisln,NB,0,0.49,43.9
2/6/2026 3:00,avenue41_to_harrisln,NB,0.01,0.52,41.7
2/6/2026 4:00,avenue41_to_harrisln,NB,0,0.52,41.5
2/6/2026 5:00,avenue41_to_harrisln,NB,0,0.49,43.5
2/6/2026 6:00,avenue41_to_harrisln,NB,0,0.49,43.7
2/6/2026 7:00,avenue41_to_harrisln,NB,0.07,0.6,35.8
2/6/2026 8:00,avenue41_to_harrisln,NB,0.05,0.62,34.6
2/6/2026 9:00,avenue41_to_harrisln,NB,0.05,0.61,35.2
2/6/2026 10:00,avenue41_to_harrisln,NB,0.04,0.59,36.2
2/6/2026 11:00,avenue41_to_harrisln,NB,0.06,0.64,33.9
2/6/2026 12:00,avenue41_to_harrisln,NB,0.07,0.62,34.4
2/6/2026 13:00,avenue41_to_harrisln,NB,0.09,0.66,32.8
2/6/2026 14:00,avenue41_to_harrisln,NB,0.23,0.82,27.2
2/6/2026 15:00,avenue41_to_harrisln,NB,0.94,1.54,14
2/6/2026 16:00,avenue41_to_harrisln,NB,0.46,1.04,21.6
2/6/2026 17:00,avenue41_to_harrisln,NB,0.11,0.68,31.6
2/6/2026 18:00,avenue41_to_harrisln,NB,0.02,0.58,36.9
2/6/2026 19:00,avenue41_to_harrisln,NB,0.03,0.59,36.5
2/6/2026 20:00,avenue41_to_harrisln,NB,0.02,0.56,38.1
2/6/2026 21:00,avenue41_to_harrisln,NB,0.02,0.55,38.8
2/6/2026 22:00,avenue41_to_harrisln,NB,0.03,0.53,40.4
2/6/2026 23:00,avenue41_to_harrisln,NB,0.01,0.54,40.2
2/7/2026 0:00,avenue41_to_harrisln,NB,0,0.51,42
2/7/2026 1:00,avenue41_to_harrisln,NB,0,0.5,43.1
2/7/2026 2:00,avenue41_to_harrisln,NB,0,0.53,40.3
2/7/2026 3:00,avenue41_to_harrisln,NB,0,0.5,42.7
2/7/2026 4:00,avenue41_to_harrisln,NB,0.01,0.5,42.8
2/7/2026 5:00,avenue41_to_harrisln,NB,0,0.51,42.3
2/7/2026 6:00,avenue41_to_harrisln,NB,0,0.49,43.9
2/7/2026 7:00,avenue41_to_harrisln,NB,0.02,0.56,38.6
2/7/2026 8:00,avenue41_to_harrisln,NB,0.06,0.59,36.5
2/7/2026 9:00,avenue41_to_harrisln,NB,0.02,0.57,37.4
2/7/2026 10:00,avenue41_to_harrisln,NB,0.03,0.59,36.5
2/7/2026 11:00,avenue41_to_harrisln,NB,0.04,0.61,35.1
2/7/2026 12:00,avenue41_to_harrisln,NB,0.06,0.63,34.5
2/7/2026 13:00,avenue41_to_harrisln,NB,0.04,0.6,36.1
2/7/2026 14:00,avenue41_to_harrisln,NB,0.03,0.59,36.2
2/7/2026 15:00,avenue41_to_harrisln,NB,0.03,0.6,36.1
2/7/2026 16:00,avenue41_to_harrisln,NB,0.05,0.62,35
2/7/2026 17:00,avenue41_to_harrisln,NB,0.04,0.6,35.8
2/7/2026 18:00,avenue41_to_harrisln,NB,0.04,0.59,36.6
2/7/2026 19:00,avenue41_to_harrisln,NB,0.02,0.56,38.4
2/7/2026 20:00,avenue41_to_harrisln,NB,0.05,0.61,35.4
2/7/2026 21:00,avenue41_to_harrisln,NB,0.02,0.55,38.8
2/7/2026 22:00,avenue41_to_harrisln,NB,0,0.52,41.4
2/7/2026 23:00,avenue41_to_harrisln,NB,0.01,0.53,40.5
2/8/2026 0:00,avenue41_to_harrisln,NB,0.02,0.56,38.9
2/8/2026 1:00,avenue41_to_harrisln,NB,0,0.5,43.1
2/8/2026 2:00,avenue41_to_harrisln,NB,0,0.53,41
2/8/2026 3:00,avenue41_to_harrisln,NB,0,0.49,43.8
2/8/2026 4:00,avenue41_to_harrisln,NB,0,0.46,46.2
2/8/2026 5:00,avenue41_to_harrisln,NB,0,0.46,46.8
2/8/2026 6:00,avenue41_to_harrisln,NB,0,0.5,42.8
2/8/2026 7:00,avenue41_to_harrisln,NB,0.02,0.53,40.4
2/8/2026 8:00,avenue41_to_harrisln,NB,0.01,0.53,40.3
2/8/2026 9:00,avenue41_to_harrisln,NB,0.04,0.59,36.7
2/8/2026 10:00,avenue41_to_harrisln,NB,0.01,0.56,38.2
2/8/2026 11:00,avenue41_to_harrisln,NB,0.05,0.6,36
2/8/2026 12:00,avenue41_to_harrisln,NB,0.02,0.58,37.1
2/8/2026 13:00,avenue41_to_harrisln,NB,0.07,0.62,34.6
2/8/2026 14:00,avenue41_to_harrisln,NB,0.05,0.6,36.4
2/8/2026 15:00,avenue41_to_harrisln,NB,0.03,0.57,38
2/8/2026 16:00,avenue41_to_harrisln,NB,0.04,0.55,38.8
2/8/2026 17:00,avenue41_to_harrisln,NB,0.03,0.56,38.6
2/8/2026 18:00,avenue41_to_harrisln,NB,0.03,0.56,38.7
2/8/2026 19:00,avenue41_to_harrisln,NB,0.03,0.59,36.6
2/8/2026 20:00,avenue41_to_harrisln,NB,0.01,0.55,38.7
2/8/2026 21:00,avenue41_to_harrisln,NB,0.04,0.57,38.2
2/8/2026 22:00,avenue41_to_harrisln,NB,0.02,0.56,38.6
2/8/2026 23:00,avenue41_to_harrisln,NB,0,0.51,42.2
2/9/2026 0:00,avenue41_to_harrisln,NB,0,0.48,44.7
2/9/2026 1:00,avenue41_to_harrisln,NB,0,0.5,42.6
2/9/2026 2:00,avenue41_to_harrisln,NB,0,0.49,44
2/9/2026 3:00,avenue41_to_harrisln,NB,0,0.5,43.2
2/9/2026 4:00,avenue41_to_harrisln,NB,0,0.46,47
2/9/2026 5:00,avenue41_to_harrisln,NB,0,0.5,43.3
2/9/2026 6:00,avenue41_to_harrisln,NB,0.02,0.5,42.6
2/9/2026 7:00,avenue41_to_harrisln,NB,0.02,0.56,38.5
2/9/2026 8:00,avenue41_to_harrisln,NB,0.05,0.59,36.3
2/9/2026 9:00,avenue41_to_harrisln,NB,0.05,0.61,35.5
2/9/2026 10:00,avenue41_to_harrisln,NB,0.06,0.6,35.8
2/9/2026 11:00,avenue41_to_harrisln,NB,0.06,0.63,34.2
2/9/2026 12:00,avenue41_to_harrisln,NB,0.05,0.61,35
2/9/2026 13:00,avenue41_to_harrisln,NB,0.07,0.63,33.8
2/9/2026 14:00,avenue41_to_harrisln,NB,0.05,0.62,34.6
2/9/2026 15:00,avenue41_to_harrisln,NB,0.2,0.77,28.3
2/9/2026 16:00,avenue41_to_harrisln,NB,0.05,0.62,34.9
2/9/2026 17:00,avenue41_to_harrisln,NB,0.1,0.67,32.4
2/9/2026 18:00,avenue41_to_harrisln,NB,0.02,0.57,37.6
2/9/2026 19:00,avenue41_to_harrisln,NB,0.02,0.56,38.6
2/9/2026 20:00,avenue41_to_harrisln,NB,0.02,0.56,38.7
2/9/2026 21:00,avenue41_to_harrisln,NB,0.02,0.58,36.9
2/9/2026 22:00,avenue41_to_harrisln,NB,0.02,0.55,39
2/9/2026 23:00,avenue41_to_harrisln,NB,0.01,0.54,40
2/10/2026 0:00,avenue41_to_harrisln,NB,0,0.48,44.4
2/10/2026 1:00,avenue41_to_harrisln,NB,0,0.5,43.1
2/10/2026 2:00,avenue41_to_harrisln,NB,0,0.5,42.9
2/10/2026 3:00,avenue41_to_harrisln,NB,0,0.49,44
2/10/2026 4:00,avenue41_to_harrisln,NB,0,0.49,44.1
2/10/2026 5:00,avenue41_to_harrisln,NB,0,0.5,43.5
2/10/2026 6:00,avenue41_to_harrisln,NB,0,0.48,44.2
2/10/2026 7:00,avenue41_to_harrisln,NB,0,0.49,44
2/10/2026 8:00,avenue41_to_harrisln,NB,0,0.49,44
2/10/2026 9:00,avenue41_to_harrisln,NB,0,0.49,44
2/10/2026 10:00,avenue41_to_harrisln,NB,0,0.49,44
2/10/2026 11:00,avenue41_to_harrisln,NB,0.03,0.56,39.1
2/10/2026 12:00,avenue41_to_harrisln,NB,0.06,0.62,34.7
2/10/2026 13:00,avenue41_to_harrisln,NB,0.06,0.62,35.1
2/10/2026 14:00,avenue41_to_harrisln,NB,0.09,0.66,33
2/10/2026 15:00,avenue41_to_harrisln,NB,0.81,1.4,16.6
2/10/2026 16:00,avenue41_to_harrisln,NB,0.51,1.09,22.6
2/10/2026 17:00,avenue41_to_harrisln,NB,0.12,0.7,30.9
2/10/2026 18:00,avenue41_to_harrisln,NB,0.03,0.58,36.9
2/10/2026 19:00,avenue41_to_harrisln,NB,0.02,0.54,39.5
2/10/2026 20:00,avenue41_to_harrisln,NB,0.01,0.57,37.9
2/10/2026 21:00,avenue41_to_harrisln,NB,0.01,0.53,40.4
2/10/2026 22:00,avenue41_to_harrisln,NB,0,0.53,40.9
2/10/2026 23:00,avenue41_to_harrisln,NB,0.01,0.52,41.1
2/11/2026 0:00,avenue41_to_harrisln,NB,0,0.5,42.7
2/11/2026 1:00,avenue41_to_harrisln,NB,0,0.52,41.2
2/11/2026 2:00,avenue41_to_harrisln,NB,0,0.51,42.3
2/11/2026 3:00,avenue41_to_harrisln,NB,0,0.49,43.9
2/11/2026 4:00,avenue41_to_harrisln,NB,0,0.48,44.4
2/11/2026 5:00,avenue41_to_harrisln,NB,0,0.51,42.4
2/11/2026 6:00,avenue41_to_harrisln,NB,0,0.5,43.1
2/11/2026 7:00,avenue41_to_harrisln,NB,0.06,0.61,35.8
2/11/2026 8:00,avenue41_to_harrisln,NB,0.08,0.64,34.1
2/11/2026 9:00,avenue41_to_harrisln,NB,0.05,0.61,35.2
2/11/2026 10:00,avenue41_to_harrisln,NB,0.04,0.61,35.2
2/11/2026 11:00,avenue41_to_harrisln,NB,0.04,0.61,35.3
2/11/2026 12:00,avenue41_to_harrisln,NB,0.07,0.65,33
2/11/2026 13:00,avenue41_to_harrisln,NB,0.09,0.66,32.7
2/11/2026 14:00,avenue41_to_harrisln,NB,0.11,0.69,31.5
2/11/2026 15:00,avenue41_to_harrisln,NB,1.21,1.81,14.2
2/11/2026 16:00,avenue41_to_harrisln,NB,0.77,1.36,20.5
2/11/2026 17:00,avenue41_to_harrisln,NB,0.12,0.71,30.5
2/11/2026 18:00,avenue41_to_harrisln,NB,0.05,0.62,34.5
2/11/2026 19:00,avenue41_to_harrisln,NB,0.02,0.57,38
2/11/2026 20:00,avenue41_to_harrisln,NB,0.01,0.55,38.9
2/11/2026 21:00,avenue41_to_harrisln,NB,0.02,0.57,38.1
2/11/2026 22:00,avenue41_to_harrisln,NB,0,0.52,41.8
2/11/2026 23:00,avenue41_to_harrisln,NB,0.01,0.54,39.7
2/12/2026 0:00,avenue41_to_harrisln,NB,0,0.51,42.4
2/12/2026 1:00,avenue41_to_harrisln,NB,0,0.52,41.7
2/12/2026 2:00,avenue41_to_harrisln,NB,0,0.49,43.4
2/12/2026 3:00,avenue41_to_harrisln,NB,0,0.49,43.6
2/12/2026 4:00,avenue41_to_harrisln,NB,0,0.47,45.5
2/12/2026 5:00,avenue41_to_harrisln,NB,0.01,0.51,41.9
2/12/2026 6:00,avenue41_to_harrisln,NB,0.01,0.53,40.7
2/12/2026 7:00,avenue41_to_harrisln,NB,0.06,0.6,36.2
2/12/2026 8:00,avenue41_to_harrisln,NB,0.04,0.61,34.9
2/12/2026 9:00,avenue41_to_harrisln,NB,0.03,0.59,36.6
2/12/2026 10:00,avenue41_to_harrisln,NB,0.09,0.68,31.6
2/12/2026 11:00,avenue41_to_harrisln,NB,0.07,0.66,32.7
2/12/2026 12:00,avenue41_to_harrisln,NB,0.05,0.62,34.8
2/12/2026 13:00,avenue41_to_harrisln,NB,0.08,0.65,33.4
2/12/2026 14:00,avenue41_to_harrisln,NB,0.26,0.84,28.3
2/12/2026 15:00,avenue41_to_harrisln,NB,1.23,1.83,12
2/12/2026 16:00,avenue41_to_harrisln,NB,0.44,1.02,23.7
2/12/2026 17:00,avenue41_to_harrisln,NB,0.3,0.89,25.7
2/12/2026 18:00,avenue41_to_harrisln,NB,0.07,0.63,34.1
2/12/2026 19:00,avenue41_to_harrisln,NB,0.05,0.6,36.1
2/12/2026 20:00,avenue41_to_harrisln,NB,0.02,0.57,37.6
2/12/2026 21:00,avenue41_to_harrisln,NB,0.02,0.55,39
2/12/2026 22:00,avenue41_to_harrisln,NB,0.01,0.55,39
2/12/2026 23:00,avenue41_to_harrisln,NB,0,0.48,45.1
2/13/2026 0:00,avenue41_to_harrisln,NB,0.04,0.54,40.8
2/13/2026 1:00,avenue41_to_harrisln,NB,0,0.48,44.5
2/13/2026 2:00,avenue41_to_harrisln,NB,0,0.48,44.2
2/13/2026 3:00,avenue41_to_harrisln,NB,0,0.53,40.8
2/13/2026 4:00,avenue41_to_harrisln,NB,0,0.48,44.6
2/13/2026 5:00,avenue41_to_harrisln,NB,0,0.49,44.2
2/13/2026 6:00,avenue41_to_harrisln,NB,0,0.5,42.8
2/13/2026 7:00,avenue41_to_harrisln,NB,0.03,0.58,37.3
2/13/2026 8:00,avenue41_to_harrisln,NB,0.12,0.69,31.1
2/13/2026 9:00,avenue41_to_harrisln,NB,0.04,0.61,35.5
2/13/2026 10:00,avenue41_to_harrisln,NB,0.08,0.66,33
2/13/2026 11:00,avenue41_to_harrisln,NB,0.11,0.68,31.3
2/13/2026 12:00,avenue41_to_harrisln,NB,0.1,0.67,32.2
2/13/2026 13:00,avenue41_to_harrisln,NB,0.08,0.66,32.8
2/13/2026 14:00,avenue41_to_harrisln,NB,0.43,1,22.4
2/13/2026 15:00,avenue41_to_harrisln,NB,1.28,1.88,11.7
2/13/2026 16:00,avenue41_to_harrisln,NB,1.68,2.29,9.4
2/13/2026 17:00,avenue41_to_harrisln,NB,0.26,0.84,27.4
2/13/2026 18:00,avenue41_to_harrisln,NB,0.04,0.62,34.6
2/13/2026 19:00,avenue41_to_harrisln,NB,0.01,0.57,37.7
2/13/2026 20:00,avenue41_to_harrisln,NB,0.03,0.59,36.3
2/13/2026 21:00,avenue41_to_harrisln,NB,0.02,0.57,37.9
2/13/2026 22:00,avenue41_to_harrisln,NB,0.04,0.58,37.1
2/13/2026 23:00,avenue41_to_harrisln,NB,0.01,0.55,39.2
2/14/2026 0:00,avenue41_to_harrisln,NB,0.01,0.52,41.3
2/14/2026 1:00,avenue41_to_harrisln,NB,0.01,0.51,41.8
2/14/2026 2:00,avenue41_to_harrisln,NB,0.02,0.55,39.1
2/14/2026 3:00,avenue41_to_harrisln,NB,0.01,0.5,43
2/14/2026 4:00,avenue41_to_harrisln,NB,0,0.47,45.1
2/14/2026 5:00,avenue41_to_harrisln,NB,0,0.49,44.1
2/14/2026 6:00,avenue41_to_harrisln,NB,0,0.49,43.8
2/14/2026 7:00,avenue41_to_harrisln,NB,0.01,0.53,40.7
2/14/2026 8:00,avenue41_to_harrisln,NB,0.02,0.56,38.6
2/14/2026 9:00,avenue41_to_harrisln,NB,0.03,0.58,36.9
2/14/2026 10:00,avenue41_to_harrisln,NB,0.02,0.58,37.3
2/14/2026 11:00,avenue41_to_harrisln,NB,0.04,0.62,34.9
2/14/2026 12:00,avenue41_to_harrisln,NB,0.04,0.62,34.9
2/14/2026 13:00,avenue41_to_harrisln,NB,0.03,0.59,36.3
2/14/2026 14:00,avenue41_to_harrisln,NB,0.03,0.59,36.2
2/14/2026 15:00,avenue41_to_harrisln,NB,0.16,0.74,30.5
2/14/2026 16:00,avenue41_to_harrisln,NB,0.05,0.63,34.2
2/14/2026 17:00,avenue41_to_harrisln,NB,0.02,0.59,36.5
2/14/2026 18:00,avenue41_to_harrisln,NB,0.02,0.58,37.3
2/14/2026 19:00,avenue41_to_harrisln,NB,0.01,0.57,37.8
2/14/2026 20:00,avenue41_to_harrisln,NB,0.02,0.57,37.5
2/14/2026 21:00,avenue41_to_harrisln,NB,0.02,0.56,38.6
2/14/2026 22:00,avenue41_to_harrisln,NB,0.02,0.56,38.4
2/14/2026 23:00,avenue41_to_harrisln,NB,0.01,0.51,41.7
2/15/2026 0:00,avenue41_to_harrisln,NB,0,0.5,42.6
2/15/2026 1:00,avenue41_to_harrisln,NB,0.01,0.53,40.9
2/15/2026 2:00,avenue41_to_harrisln,NB,0,0.5,42.4
2/15/2026 3:00,avenue41_to_harrisln,NB,0,0.48,44.8
2/15/2026 4:00,avenue41_to_harrisln,NB,0,0.48,44.2
2/15/2026 5:00,avenue41_to_harrisln,NB,0,0.5,42.7
2/15/2026 6:00,avenue41_to_harrisln,NB,0.01,0.53,40.9
2/15/2026 7:00,avenue41_to_harrisln,NB,0.03,0.56,38.7
2/15/2026 8:00,avenue41_to_harrisln,NB,0.02,0.56,38.1
2/15/2026 9:00,avenue41_to_harrisln,NB,0.01,0.57,37.9
2/15/2026 10:00,avenue41_to_harrisln,NB,0.03,0.59,36.6
2/15/2026 11:00,avenue41_to_harrisln,NB,0.02,0.6,35.8
2/15/2026 12:00,avenue41_to_harrisln,NB,0.03,0.6,35.5
2/15/2026 13:00,avenue41_to_harrisln,NB,0.02,0.56,38.1
2/15/2026 14:00,avenue41_to_harrisln,NB,0.06,0.62,34.9
2/15/2026 15:00,avenue41_to_harrisln,NB,0.03,0.59,36.5
2/15/2026 16:00,avenue41_to_harrisln,NB,0.02,0.58,37.1
2/15/2026 17:00,avenue41_to_harrisln,NB,0.01,0.54,39.4
2/15/2026 18:00,avenue41_to_harrisln,NB,0.05,0.61,35.1
2/15/2026 19:00,avenue41_to_harrisln,NB,0.03,0.56,38.2
2/15/2026 20:00,avenue41_to_harrisln,NB,0.01,0.55,39.4
2/15/2026 21:00,avenue41_to_harrisln,NB,0.02,0.56,38.1
2/15/2026 22:00,avenue41_to_harrisln,NB,0.02,0.55,39.5
2/15/2026 23:00,avenue41_to_harrisln,NB,0.01,0.52,41.9
2/16/2026 0:00,avenue41_to_harrisln,NB,0,0.52,41.3
2/16/2026 1:00,avenue41_to_harrisln,NB,0,0.5,43.2
2/16/2026 2:00,avenue41_to_harrisln,NB,0,0.49,43.9
2/16/2026 3:00,avenue41_to_harrisln,NB,0,0.49,43.6
2/16/2026 4:00,avenue41_to_harrisln,NB,0,0.49,43.7
2/16/2026 5:00,avenue41_to_harrisln,NB,0,0.48,44.5
2/16/2026 6:00,avenue41_to_harrisln,NB,0.01,0.52,41.7
2/16/2026 7:00,avenue41_to_harrisln,NB,0.01,0.53,40.6
2/16/2026 8:00,avenue41_to_harrisln,NB,0.03,0.58,37.2
2/16/2026 9:00,avenue41_to_harrisln,NB,0.05,0.6,35.9
2/16/2026 10:00,avenue41_to_harrisln,NB,0.04,0.62,34.9
2/16/2026 11:00,avenue41_to_harrisln,NB,0.1,0.68,31.6
2/16/2026 12:00,avenue41_to_harrisln,NB,0.07,0.65,32.9
2/16/2026 13:00,avenue41_to_harrisln,NB,0.04,0.61,35.3
2/16/2026 14:00,avenue41_to_harrisln,NB,0.09,0.66,32.6
2/16/2026 15:00,avenue41_to_harrisln,NB,0.05,0.61,35.1
2/16/2026 16:00,avenue41_to_harrisln,NB,0.06,0.61,35.8
2/16/2026 17:00,avenue41_to_harrisln,NB,0.05,0.63,34
2/16/2026 18:00,avenue41_to_harrisln,NB,0.08,0.64,34
2/16/2026 19:00,avenue41_to_harrisln,NB,0.03,0.57,37.8
2/16/2026 20:00,avenue41_to_harrisln,NB,0.01,0.56,38.5
2/16/2026 21:00,avenue41_to_harrisln,NB,0.03,0.55,39.8
2/16/2026 22:00,avenue41_to_harrisln,NB,0.01,0.53,41.1
2/16/2026 23:00,avenue41_to_harrisln,NB,0,0.51,41.9
2/17/2026 0:00,avenue41_to_harrisln,NB,0,0.51,42.6
2/17/2026 1:00,avenue41_to_harrisln,NB,0,0.5,43
2/17/2026 2:00,avenue41_to_harrisln,NB,0,0.49,44
2/17/2026 3:00,avenue41_to_harrisln,NB,0,0.48,44.9
2/17/2026 4:00,avenue41_to_harrisln,NB,0,0.5,42.6
2/17/2026 5:00,avenue41_to_harrisln,NB,0,0.51,41.8
2/17/2026 6:00,avenue41_to_harrisln,NB,0.01,0.5,43.5
2/17/2026 7:00,avenue41_to_harrisln,NB,0.04,0.59,36.4
2/17/2026 8:00,avenue41_to_harrisln,NB,0.06,0.61,35.3
2/17/2026 9:00,avenue41_to_harrisln,NB,0.02,0.57,37.8
2/17/2026 10:00,avenue41_to_harrisln,NB,0.05,0.61,35.7
2/17/2026 11:00,avenue41_to_harrisln,NB,0.05,0.63,33.8
2/17/2026 12:00,avenue41_to_harrisln,NB,0.06,0.65,33.2
2/17/2026 13:00,avenue41_to_harrisln,NB,0.03,0.61,35.4
2/17/2026 14:00,avenue41_to_harrisln,NB,0.12,0.69,31.2
2/17/2026 15:00,avenue41_to_harrisln,NB,0.51,1.09,20.6
2/17/2026 16:00,avenue41_to_harrisln,NB,1.21,1.81,12.2
2/17/2026 17:00,avenue41_to_harrisln,NB,0.21,0.78,28.2
2/17/2026 18:00,avenue41_to_harrisln,NB,0.07,0.62,34.7
2/17/2026 19:00,avenue41_to_harrisln,NB,0.04,0.59,36.7
2/17/2026 20:00,avenue41_to_harrisln,NB,0.02,0.55,38.7
2/17/2026 21:00,avenue41_to_harrisln,NB,0.02,0.56,38.6
2/17/2026 22:00,avenue41_to_harrisln,NB,0,0.51,42.4
2/17/2026 23:00,avenue41_to_harrisln,NB,0.03,0.57,38.6
2/18/2026 0:00,avenue41_to_harrisln,NB,0,0.49,43.5
2/18/2026 1:00,avenue41_to_harrisln,NB,0,0.48,44.4
2/18/2026 2:00,avenue41_to_harrisln,NB,0,0.49,44.2
2/18/2026 3:00,avenue41_to_harrisln,NB,0,0.49,43.9
2/18/2026 4:00,avenue41_to_harrisln,NB,0,0.51,42.1
2/18/2026 5:00,avenue41_to_harrisln,NB,0,0.51,41.8
2/18/2026 6:00,avenue41_to_harrisln,NB,0,0.51,42.5
2/18/2026 7:00,avenue41_to_harrisln,NB,0.07,0.63,34.5
2/18/2026 8:00,avenue41_to_harrisln,NB,0.09,0.66,33.1
2/18/2026 9:00,avenue41_to_harrisln,NB,0.07,0.63,34.3
2/18/2026 10:00,avenue41_to_harrisln,NB,0.04,0.62,34.7
2/18/2026 11:00,avenue41_to_harrisln,NB,0.02,0.6,36.1
2/18/2026 12:00,avenue41_to_harrisln,NB,0.08,0.64,33.7
2/18/2026 13:00,avenue41_to_harrisln,NB,0.09,0.66,32.8
2/18/2026 14:00,avenue41_to_harrisln,NB,0.13,0.7,30.7
2/18/2026 15:00,avenue41_to_harrisln,NB,0.2,0.79,27.5
2/18/2026 16:00,avenue41_to_harrisln,NB,0.14,0.72,30.2
2/18/2026 17:00,avenue41_to_harrisln,NB,0.1,0.68,31.7
2/18/2026 18:00,avenue41_to_harrisln,NB,0.02,0.59,36.5
2/18/2026 19:00,avenue41_to_harrisln,NB,0.02,0.56,38.3
2/18/2026 20:00,avenue41_to_harrisln,NB,0.05,0.6,36
2/18/2026 21:00,avenue41_to_harrisln,NB,0.03,0.54,40
2/18/2026 22:00,avenue41_to_harrisln,NB,0,0.51,41.7
2/18/2026 23:00,avenue41_to_harrisln,NB,0,0.49,44.1
