local_datetime,corridor_id,direction,average_delay,average_traveltime,average_speed
9/1/2024 0:00,countryclubdrive_to_I10interchange,NB,0.09,0.36,27.9
9/1/2024 1:00,countryclubdrive_to_I10interchange,NB,0.13,0.4,25
9/1/2024 2:00,countryclubdrive_to_I10interchange,NB,0.03,0.3,32.8
9/1/2024 3:00,countryclubdrive_to_I10interchange,NB,0.04,0.3,32.1
9/1/2024 4:00,countryclubdrive_to_I10interchange,NB,0.01,0.27,35.5
9/1/2024 5:00,countryclubdrive_to_I10interchange,NB,0.04,0.31,31.3
9/1/2024 6:00,countryclubdrive_to_I10interchange,NB,0.19,0.47,22.1
9/1/2024 7:00,countryclubdrive_to_I10interchange,NB,0.19,0.47,21.8
9/1/2024 8:00,countryclubdrive_to_I10interchange,NB,0.36,0.63,16.3
9/1/2024 9:00,countryclubdrive_to_I10interchange,NB,0.32,0.6,17.8
9/1/2024 10:00,countryclubdrive_to_I10interchange,NB,0.32,0.6,17.3
9/1/2024 11:00,countryclubdrive_to_I10interchange,NB,0.34,0.61,16.8
9/1/2024 12:00,countryclubdrive_to_I10interchange,NB,0.3,0.58,17
9/1/2024 13:00,countryclubdrive_to_I10interchange,NB,0.43,0.7,15.1
9/1/2024 14:00,countryclubdrive_to_I10interchange,NB,0.23,0.51,20
9/1/2024 15:00,countryclubdrive_to_I10interchange,NB,0.25,0.52,19.7
9/1/2024 16:00,countryclubdrive_to_I10interchange,NB,0.2,0.48,21.5
9/1/2024 17:00,countryclubdrive_to_I10interchange,NB,0.33,0.6,17.2
9/1/2024 18:00,countryclubdrive_to_I10interchange,NB,0.15,0.43,23.3
9/1/2024 19:00,countryclubdrive_to_I10interchange,NB,0.21,0.49,21.6
9/1/2024 20:00,countryclubdrive_to_I10interchange,NB,0.29,0.57,18
9/1/2024 21:00,countryclubdrive_to_I10interchange,NB,0.23,0.51,20.3
9/1/2024 22:00,countryclubdrive_to_I10interchange,NB,0.17,0.44,23.1
9/1/2024 23:00,countryclubdrive_to_I10interchange,NB,0.36,0.64,16
9/2/2024 0:00,countryclubdrive_to_I10interchange,NB,0.15,0.43,23.2
9/2/2024 1:00,countryclubdrive_to_I10interchange,NB,0.07,0.34,28.9
9/2/2024 2:00,countryclubdrive_to_I10interchange,NB,0.03,0.3,32.9
9/2/2024 3:00,countryclubdrive_to_I10interchange,NB,0.04,0.31,32.6
9/2/2024 4:00,countryclubdrive_to_I10interchange,NB,0.18,0.45,23.3
9/2/2024 5:00,countryclubdrive_to_I10interchange,NB,0.04,0.3,32.8
9/2/2024 6:00,countryclubdrive_to_I10interchange,NB,0.11,0.39,26.1
9/2/2024 7:00,countryclubdrive_to_I10interchange,NB,0.19,0.46,23.4
9/2/2024 8:00,countryclubdrive_to_I10interchange,NB,0.17,0.45,22.5
9/2/2024 9:00,countryclubdrive_to_I10interchange,NB,0.26,0.53,19.2
9/2/2024 10:00,countryclubdrive_to_I10interchange,NB,0.36,0.64,16.1
9/2/2024 11:00,countryclubdrive_to_I10interchange,NB,0.36,0.64,16.1
9/2/2024 12:00,countryclubdrive_to_I10interchange,NB,0.32,0.6,16.9
9/2/2024 13:00,countryclubdrive_to_I10interchange,NB,0.38,0.65,16.1
9/2/2024 14:00,countryclubdrive_to_I10interchange,NB,0.35,0.63,16.5
9/2/2024 15:00,countryclubdrive_to_I10interchange,NB,0.26,0.53,19.1
9/2/2024 16:00,countryclubdrive_to_I10interchange,NB,0.3,0.58,17.1
9/2/2024 17:00,countryclubdrive_to_I10interchange,NB,0.29,0.57,18.1
9/2/2024 18:00,countryclubdrive_to_I10interchange,NB,0.24,0.51,19.9
9/2/2024 19:00,countryclubdrive_to_I10interchange,NB,0.19,0.46,21.7
9/2/2024 20:00,countryclubdrive_to_I10interchange,NB,0.21,0.48,21.7
9/2/2024 21:00,countryclubdrive_to_I10interchange,NB,0.15,0.43,23.4
9/2/2024 22:00,countryclubdrive_to_I10interchange,NB,0.14,0.41,24.1
9/2/2024 23:00,countryclubdrive_to_I10interchange,NB,0.13,0.4,24.5
9/3/2024 0:00,countryclubdrive_to_I10interchange,NB,0.08,0.35,27.7
9/3/2024 1:00,countryclubdrive_to_I10interchange,NB,0.01,0.27,36.2
9/3/2024 2:00,countryclubdrive_to_I10interchange,NB,0.06,0.33,30.3
9/3/2024 3:00,countryclubdrive_to_I10interchange,NB,0,0.24,39.9
9/3/2024 4:00,countryclubdrive_to_I10interchange,NB,0.07,0.34,28.5
9/3/2024 5:00,countryclubdrive_to_I10interchange,NB,0.12,0.39,26.3
9/3/2024 6:00,countryclubdrive_to_I10interchange,NB,0.31,0.59,17.5
9/3/2024 7:00,countryclubdrive_to_I10interchange,NB,0.47,0.75,13.7
9/3/2024 8:00,countryclubdrive_to_I10interchange,NB,0.38,0.66,15.2
9/3/2024 9:00,countryclubdrive_to_I10interchange,NB,0.29,0.57,17.6
9/3/2024 10:00,countryclubdrive_to_I10interchange,NB,0.3,0.58,17.3
9/3/2024 11:00,countryclubdrive_to_I10interchange,NB,0.44,0.71,14.3
9/3/2024 12:00,countryclubdrive_to_I10interchange,NB,0.42,0.7,15.1
9/3/2024 13:00,countryclubdrive_to_I10interchange,NB,0.44,0.71,13.7
9/3/2024 14:00,countryclubdrive_to_I10interchange,NB,0.48,0.75,13.4
9/3/2024 15:00,countryclubdrive_to_I10interchange,NB,0.53,0.8,12.5
9/3/2024 16:00,countryclubdrive_to_I10interchange,NB,0.46,0.74,13.5
9/3/2024 17:00,countryclubdrive_to_I10interchange,NB,0.47,0.74,13.3
9/3/2024 18:00,countryclubdrive_to_I10interchange,NB,0.32,0.59,16.8
9/3/2024 19:00,countryclubdrive_to_I10interchange,NB,0.16,0.44,23
9/3/2024 20:00,countryclubdrive_to_I10interchange,NB,0.2,0.47,21.8
9/3/2024 21:00,countryclubdrive_to_I10interchange,NB,0.18,0.46,21.6
9/3/2024 22:00,countryclubdrive_to_I10interchange,NB,0.18,0.46,22.3
9/3/2024 23:00,countryclubdrive_to_I10interchange,NB,0.14,0.42,24.6
9/4/2024 0:00,countryclubdrive_to_I10interchange,NB,0.05,0.3,34.5
9/4/2024 1:00,countryclubdrive_to_I10interchange,NB,0.01,0.26,37.3
9/4/2024 2:00,countryclubdrive_to_I10interchange,NB,0.01,0.26,38.2
9/4/2024 3:00,countryclubdrive_to_I10interchange,NB,0.03,0.28,35
9/4/2024 4:00,countryclubdrive_to_I10interchange,NB,0.03,0.31,31.8
9/4/2024 5:00,countryclubdrive_to_I10interchange,NB,0.08,0.35,28.3
9/4/2024 6:00,countryclubdrive_to_I10interchange,NB,0.33,0.6,17.5
9/4/2024 7:00,countryclubdrive_to_I10interchange,NB,0.38,0.66,15.4
9/4/2024 8:00,countryclubdrive_to_I10interchange,NB,0.44,0.71,14.1
9/4/2024 9:00,countryclubdrive_to_I10interchange,NB,0.43,0.71,14
9/4/2024 10:00,countryclubdrive_to_I10interchange,NB,0.37,0.65,15.4
9/4/2024 11:00,countryclubdrive_to_I10interchange,NB,0.37,0.64,15.5
9/4/2024 12:00,countryclubdrive_to_I10interchange,NB,0.57,0.85,12.8
9/4/2024 13:00,countryclubdrive_to_I10interchange,NB,0.41,0.69,14.7
9/4/2024 14:00,countryclubdrive_to_I10interchange,NB,0.47,0.75,13.5
9/4/2024 15:00,countryclubdrive_to_I10interchange,NB,0.46,0.73,13.8
9/4/2024 16:00,countryclubdrive_to_I10interchange,NB,0.38,0.66,15.1
9/4/2024 17:00,countryclubdrive_to_I10interchange,NB,0.42,0.69,14.9
9/4/2024 18:00,countryclubdrive_to_I10interchange,NB,0.28,0.56,18.1
9/4/2024 19:00,countryclubdrive_to_I10interchange,NB,0.23,0.51,20
9/4/2024 20:00,countryclubdrive_to_I10interchange,NB,0.3,0.57,18.4
9/4/2024 21:00,countryclubdrive_to_I10interchange,NB,0.2,0.48,21.2
9/4/2024 22:00,countryclubdrive_to_I10interchange,NB,0.18,0.45,24.3
9/4/2024 23:00,countryclubdrive_to_I10interchange,NB,0.13,0.4,26.8
9/5/2024 0:00,countryclubdrive_to_I10interchange,NB,0.02,0.29,33.3
9/5/2024 1:00,countryclubdrive_to_I10interchange,NB,0.03,0.29,34
9/5/2024 2:00,countryclubdrive_to_I10interchange,NB,0,0.25,39.7
9/5/2024 3:00,countryclubdrive_to_I10interchange,NB,0.06,0.32,30.7
9/5/2024 4:00,countryclubdrive_to_I10interchange,NB,0.08,0.35,28.8
9/5/2024 5:00,countryclubdrive_to_I10interchange,NB,0.09,0.36,27.8
9/5/2024 6:00,countryclubdrive_to_I10interchange,NB,0.34,0.62,17.3
9/5/2024 7:00,countryclubdrive_to_I10interchange,NB,0.36,0.63,15.6
9/5/2024 8:00,countryclubdrive_to_I10interchange,NB,0.46,0.74,14.3
9/5/2024 9:00,countryclubdrive_to_I10interchange,NB,0.37,0.64,15.7
9/5/2024 10:00,countryclubdrive_to_I10interchange,NB,0.36,0.64,15.5
9/5/2024 11:00,countryclubdrive_to_I10interchange,NB,0.5,0.77,13.9
9/5/2024 12:00,countryclubdrive_to_I10interchange,NB,0.46,0.74,13.8
9/5/2024 13:00,countryclubdrive_to_I10interchange,NB,0.54,0.82,12.4
9/5/2024 14:00,countryclubdrive_to_I10interchange,NB,0.53,0.81,12.4
9/5/2024 15:00,countryclubdrive_to_I10interchange,NB,0.49,0.76,13.3
9/5/2024 16:00,countryclubdrive_to_I10interchange,NB,0.41,0.68,14.9
9/5/2024 17:00,countryclubdrive_to_I10interchange,NB,0.43,0.71,14.8
9/5/2024 18:00,countryclubdrive_to_I10interchange,NB,0.3,0.58,17.3
9/5/2024 19:00,countryclubdrive_to_I10interchange,NB,0.19,0.46,23
9/5/2024 20:00,countryclubdrive_to_I10interchange,NB,0.24,0.51,21.5
9/5/2024 21:00,countryclubdrive_to_I10interchange,NB,0.24,0.51,19.6
9/5/2024 22:00,countryclubdrive_to_I10interchange,NB,0.19,0.47,21
9/5/2024 23:00,countryclubdrive_to_I10interchange,NB,0.03,0.29,33.8
9/6/2024 0:00,countryclubdrive_to_I10interchange,NB,0.04,0.3,32.8
9/6/2024 1:00,countryclubdrive_to_I10interchange,NB,0.02,0.29,34.1
9/6/2024 2:00,countryclubdrive_to_I10interchange,NB,0.01,0.28,35.5
9/6/2024 3:00,countryclubdrive_to_I10interchange,NB,0.06,0.3,34.4
9/6/2024 4:00,countryclubdrive_to_I10interchange,NB,0.18,0.45,22.1
9/6/2024 5:00,countryclubdrive_to_I10interchange,NB,0.21,0.48,21
9/6/2024 6:00,countryclubdrive_to_I10interchange,NB,0.2,0.47,21.2
9/6/2024 7:00,countryclubdrive_to_I10interchange,NB,0.52,0.8,12.4
9/6/2024 8:00,countryclubdrive_to_I10interchange,NB,0.55,0.83,12.2
9/6/2024 9:00,countryclubdrive_to_I10interchange,NB,0.3,0.57,17.3
9/6/2024 10:00,countryclubdrive_to_I10interchange,NB,0.45,0.72,13.9
9/6/2024 11:00,countryclubdrive_to_I10interchange,NB,0.42,0.69,15
9/6/2024 12:00,countryclubdrive_to_I10interchange,NB,0.42,0.7,15.1
9/6/2024 13:00,countryclubdrive_to_I10interchange,NB,0.47,0.74,13.3
9/6/2024 14:00,countryclubdrive_to_I10interchange,NB,0.54,0.81,12.1
9/6/2024 15:00,countryclubdrive_to_I10interchange,NB,0.47,0.74,13.5
9/6/2024 16:00,countryclubdrive_to_I10interchange,NB,0.46,0.73,13.6
9/6/2024 17:00,countryclubdrive_to_I10interchange,NB,0.43,0.7,14.3
9/6/2024 18:00,countryclubdrive_to_I10interchange,NB,0.33,0.61,17.5
9/6/2024 19:00,countryclubdrive_to_I10interchange,NB,0.4,0.67,15.5
9/6/2024 20:00,countryclubdrive_to_I10interchange,NB,0.29,0.56,17.6
9/6/2024 21:00,countryclubdrive_to_I10interchange,NB,0.22,0.49,21.5
9/6/2024 22:00,countryclubdrive_to_I10interchange,NB,0.24,0.52,19.9
9/6/2024 23:00,countryclubdrive_to_I10interchange,NB,0.26,0.54,18.2
9/7/2024 0:00,countryclubdrive_to_I10interchange,NB,0.31,0.59,17.5
9/7/2024 1:00,countryclubdrive_to_I10interchange,NB,0.1,0.37,28
9/7/2024 2:00,countryclubdrive_to_I10interchange,NB,0.07,0.34,28.4
9/7/2024 3:00,countryclubdrive_to_I10interchange,NB,0.03,0.31,31.5
9/7/2024 4:00,countryclubdrive_to_I10interchange,NB,0.06,0.33,29.9
9/7/2024 5:00,countryclubdrive_to_I10interchange,NB,0.08,0.34,30.3
9/7/2024 6:00,countryclubdrive_to_I10interchange,NB,0.31,0.58,17.4
9/7/2024 7:00,countryclubdrive_to_I10interchange,NB,0.24,0.51,19.5
9/7/2024 8:00,countryclubdrive_to_I10interchange,NB,0.26,0.53,19.2
9/7/2024 9:00,countryclubdrive_to_I10interchange,NB,0.32,0.6,17.8
9/7/2024 10:00,countryclubdrive_to_I10interchange,NB,0.24,0.52,19.9
9/7/2024 11:00,countryclubdrive_to_I10interchange,NB,0.32,0.59,16.5
9/7/2024 12:00,countryclubdrive_to_I10interchange,NB,0.34,0.62,16.1
9/7/2024 13:00,countryclubdrive_to_I10interchange,NB,0.34,0.62,16.3
9/7/2024 14:00,countryclubdrive_to_I10interchange,NB,0.41,0.68,14.6
9/7/2024 15:00,countryclubdrive_to_I10interchange,NB,0.41,0.69,14.8
9/7/2024 16:00,countryclubdrive_to_I10interchange,NB,0.25,0.52,19.2
9/7/2024 17:00,countryclubdrive_to_I10interchange,NB,0.36,0.64,15.6
9/7/2024 18:00,countryclubdrive_to_I10interchange,NB,0.31,0.58,17.7
9/7/2024 19:00,countryclubdrive_to_I10interchange,NB,0.17,0.44,24.4
9/7/2024 20:00,countryclubdrive_to_I10interchange,NB,0.26,0.53,19.2
9/7/2024 21:00,countryclubdrive_to_I10interchange,NB,0.21,0.48,21.9
9/7/2024 22:00,countryclubdrive_to_I10interchange,NB,0.15,0.43,23.6
9/7/2024 23:00,countryclubdrive_to_I10interchange,NB,0.15,0.43,24.1
9/8/2024 0:00,countryclubdrive_to_I10interchange,NB,0.17,0.45,22.9
9/8/2024 1:00,countryclubdrive_to_I10interchange,NB,0.04,0.31,31.3
9/8/2024 2:00,countryclubdrive_to_I10interchange,NB,0,0.24,40.9
9/8/2024 3:00,countryclubdrive_to_I10interchange,NB,0.02,0.28,35.7
9/8/2024 4:00,countryclubdrive_to_I10interchange,NB,0.02,0.26,37.9
9/8/2024 5:00,countryclubdrive_to_I10interchange,NB,0.01,0.26,37.6
9/8/2024 6:00,countryclubdrive_to_I10interchange,NB,0.26,0.54,20.9
9/8/2024 7:00,countryclubdrive_to_I10interchange,NB,0.14,0.42,23.5
9/8/2024 8:00,countryclubdrive_to_I10interchange,NB,0.19,0.47,22.5
9/8/2024 9:00,countryclubdrive_to_I10interchange,NB,0.16,0.44,23.4
9/8/2024 10:00,countryclubdrive_to_I10interchange,NB,0.28,0.55,18.1
9/8/2024 11:00,countryclubdrive_to_I10interchange,NB,0.44,0.71,14.8
9/8/2024 12:00,countryclubdrive_to_I10interchange,NB,0.23,0.51,20
9/8/2024 13:00,countryclubdrive_to_I10interchange,NB,0.24,0.52,20
9/8/2024 14:00,countryclubdrive_to_I10interchange,NB,0.19,0.47,21.7
9/8/2024 15:00,countryclubdrive_to_I10interchange,NB,0.27,0.54,18.4
9/8/2024 16:00,countryclubdrive_to_I10interchange,NB,0.25,0.52,19.9
9/8/2024 17:00,countryclubdrive_to_I10interchange,NB,0.23,0.51,20
9/8/2024 18:00,countryclubdrive_to_I10interchange,NB,0.25,0.53,19.7
9/8/2024 19:00,countryclubdrive_to_I10interchange,NB,0.16,0.43,22.5
9/8/2024 20:00,countryclubdrive_to_I10interchange,NB,0.22,0.5,20.2
9/8/2024 21:00,countryclubdrive_to_I10interchange,NB,0.12,0.4,25.5
9/8/2024 22:00,countryclubdrive_to_I10interchange,NB,0.13,0.4,24.5
9/8/2024 23:00,countryclubdrive_to_I10interchange,NB,0.19,0.47,23.1
9/9/2024 0:00,countryclubdrive_to_I10interchange,NB,0.09,0.37,28.7
9/9/2024 1:00,countryclubdrive_to_I10interchange,NB,0,0.23,42.3
9/9/2024 2:00,countryclubdrive_to_I10interchange,NB,0,0.23,42
9/9/2024 3:00,countryclubdrive_to_I10interchange,NB,0.03,0.3,32
9/9/2024 4:00,countryclubdrive_to_I10interchange,NB,0.06,0.32,32
9/9/2024 5:00,countryclubdrive_to_I10interchange,NB,0.2,0.47,21
9/9/2024 6:00,countryclubdrive_to_I10interchange,NB,0.28,0.55,18.8
9/9/2024 7:00,countryclubdrive_to_I10interchange,NB,0.36,0.64,16.2
9/9/2024 8:00,countryclubdrive_to_I10interchange,NB,0.56,0.84,11.9
9/9/2024 9:00,countryclubdrive_to_I10interchange,NB,0.27,0.55,18.3
9/9/2024 10:00,countryclubdrive_to_I10interchange,NB,0.51,0.78,14
9/9/2024 11:00,countryclubdrive_to_I10interchange,NB,0.37,0.64,15.4
9/9/2024 12:00,countryclubdrive_to_I10interchange,NB,0.46,0.74,13.5
9/9/2024 13:00,countryclubdrive_to_I10interchange,NB,0.37,0.64,15.9
9/9/2024 14:00,countryclubdrive_to_I10interchange,NB,0.45,0.73,13.6
9/9/2024 15:00,countryclubdrive_to_I10interchange,NB,0.43,0.7,14
9/9/2024 16:00,countryclubdrive_to_I10interchange,NB,0.37,0.65,15.2
9/9/2024 17:00,countryclubdrive_to_I10interchange,NB,0.32,0.6,16.6
9/9/2024 18:00,countryclubdrive_to_I10interchange,NB,0.32,0.6,17.1
9/9/2024 19:00,countryclubdrive_to_I10interchange,NB,0.3,0.57,18
9/9/2024 20:00,countryclubdrive_to_I10interchange,NB,0.19,0.46,21.7
9/9/2024 21:00,countryclubdrive_to_I10interchange,NB,0.13,0.41,24.3
9/9/2024 22:00,countryclubdrive_to_I10interchange,NB,0.17,0.45,22.6
9/9/2024 23:00,countryclubdrive_to_I10interchange,NB,0.08,0.34,31.1
9/10/2024 0:00,countryclubdrive_to_I10interchange,NB,0.05,0.32,30.5
9/10/2024 1:00,countryclubdrive_to_I10interchange,NB,0.06,0.33,29.6
9/10/2024 2:00,countryclubdrive_to_I10interchange,NB,0.02,0.27,36.9
9/10/2024 3:00,countryclubdrive_to_I10interchange,NB,0.07,0.34,29
9/10/2024 4:00,countryclubdrive_to_I10interchange,NB,0.09,0.36,28.5
9/10/2024 5:00,countryclubdrive_to_I10interchange,NB,0.19,0.46,23.3
9/10/2024 6:00,countryclubdrive_to_I10interchange,NB,0.42,0.7,14.5
9/10/2024 7:00,countryclubdrive_to_I10interchange,NB,0.61,0.89,11.6
9/10/2024 8:00,countryclubdrive_to_I10interchange,NB,0.46,0.73,13.4
9/10/2024 9:00,countryclubdrive_to_I10interchange,NB,0.44,0.72,14.9
9/10/2024 10:00,countryclubdrive_to_I10interchange,NB,0.36,0.64,16.7
9/10/2024 11:00,countryclubdrive_to_I10interchange,NB,0.4,0.68,15.5
9/10/2024 12:00,countryclubdrive_to_I10interchange,NB,0.42,0.7,14.2
9/10/2024 13:00,countryclubdrive_to_I10interchange,NB,0.47,0.74,14.4
9/10/2024 14:00,countryclubdrive_to_I10interchange,NB,0.53,0.81,12.7
9/10/2024 15:00,countryclubdrive_to_I10interchange,NB,0.54,0.81,12.4
9/10/2024 16:00,countryclubdrive_to_I10interchange,NB,0.47,0.74,13.4
9/10/2024 17:00,countryclubdrive_to_I10interchange,NB,0.45,0.73,13.8
9/10/2024 18:00,countryclubdrive_to_I10interchange,NB,0.22,0.5,20
9/10/2024 19:00,countryclubdrive_to_I10interchange,NB,0.27,0.55,19
9/10/2024 20:00,countryclubdrive_to_I10interchange,NB,0.23,0.5,20.3
9/10/2024 21:00,countryclubdrive_to_I10interchange,NB,0.15,0.43,23.5
9/10/2024 22:00,countryclubdrive_to_I10interchange,NB,0.14,0.42,23.6
9/10/2024 23:00,countryclubdrive_to_I10interchange,NB,0.1,0.38,25.9
9/11/2024 0:00,countryclubdrive_to_I10interchange,NB,0.07,0.34,30.2
9/11/2024 1:00,countryclubdrive_to_I10interchange,NB,0.01,0.27,36.3
9/11/2024 2:00,countryclubdrive_to_I10interchange,NB,0.03,0.29,34.6
9/11/2024 3:00,countryclubdrive_to_I10interchange,NB,0.04,0.29,35.1
9/11/2024 4:00,countryclubdrive_to_I10interchange,NB,0.04,0.29,36.7
9/11/2024 5:00,countryclubdrive_to_I10interchange,NB,0.26,0.53,19.3
9/11/2024 6:00,countryclubdrive_to_I10interchange,NB,0.33,0.6,17.4
9/11/2024 7:00,countryclubdrive_to_I10interchange,NB,0.41,0.69,15.3
9/11/2024 8:00,countryclubdrive_to_I10interchange,NB,0.46,0.73,14.4
9/11/2024 9:00,countryclubdrive_to_I10interchange,NB,0.39,0.66,15.3
9/11/2024 10:00,countryclubdrive_to_I10interchange,NB,0.42,0.7,14.8
9/11/2024 11:00,countryclubdrive_to_I10interchange,NB,0.42,0.69,14.8
9/11/2024 12:00,countryclubdrive_to_I10interchange,NB,0.46,0.74,14.2
9/11/2024 13:00,countryclubdrive_to_I10interchange,NB,0.41,0.69,14.5
9/11/2024 14:00,countryclubdrive_to_I10interchange,NB,0.52,0.8,12.6
9/11/2024 15:00,countryclubdrive_to_I10interchange,NB,0.4,0.68,14.7
9/11/2024 16:00,countryclubdrive_to_I10interchange,NB,0.31,0.58,17
9/11/2024 17:00,countryclubdrive_to_I10interchange,NB,0.48,0.76,13.5
9/11/2024 18:00,countryclubdrive_to_I10interchange,NB,0.24,0.51,20.4
9/11/2024 19:00,countryclubdrive_to_I10interchange,NB,0.19,0.47,21.9
9/11/2024 20:00,countryclubdrive_to_I10interchange,NB,0.17,0.44,22.8
9/11/2024 21:00,countryclubdrive_to_I10interchange,NB,0.21,0.49,20.7
9/11/2024 22:00,countryclubdrive_to_I10interchange,NB,0.18,0.46,22.1
9/11/2024 23:00,countryclubdrive_to_I10interchange,NB,0.06,0.33,30.3
9/12/2024 0:00,countryclubdrive_to_I10interchange,NB,0.01,0.27,35.7
9/12/2024 1:00,countryclubdrive_to_I10interchange,NB,0.07,0.33,30.1
9/12/2024 2:00,countryclubdrive_to_I10interchange,NB,0.02,0.28,35.1
9/12/2024 3:00,countryclubdrive_to_I10interchange,NB,0.05,0.31,32.6
9/12/2024 4:00,countryclubdrive_to_I10interchange,NB,0.21,0.48,21.2
9/12/2024 5:00,countryclubdrive_to_I10interchange,NB,0.05,0.32,31.7
9/12/2024 6:00,countryclubdrive_to_I10interchange,NB,0.28,0.55,18.8
9/12/2024 7:00,countryclubdrive_to_I10interchange,NB,0.46,0.74,14.1
9/12/2024 8:00,countryclubdrive_to_I10interchange,NB,0.57,0.85,12.2
9/12/2024 9:00,countryclubdrive_to_I10interchange,NB,0.35,0.62,17
9/12/2024 10:00,countryclubdrive_to_I10interchange,NB,0.29,0.57,17.8
9/12/2024 11:00,countryclubdrive_to_I10interchange,NB,0.43,0.71,14
9/12/2024 12:00,countryclubdrive_to_I10interchange,NB,0.45,0.72,14.9
9/12/2024 13:00,countryclubdrive_to_I10interchange,NB,0.38,0.65,15.7
9/12/2024 14:00,countryclubdrive_to_I10interchange,NB,0.51,0.79,12.8
9/12/2024 15:00,countryclubdrive_to_I10interchange,NB,0.43,0.71,14
9/12/2024 16:00,countryclubdrive_to_I10interchange,NB,0.5,0.78,12.8
9/12/2024 17:00,countryclubdrive_to_I10interchange,NB,0.46,0.73,13.7
9/12/2024 18:00,countryclubdrive_to_I10interchange,NB,0.24,0.52,19.9
9/12/2024 19:00,countryclubdrive_to_I10interchange,NB,0.15,0.43,23
9/12/2024 20:00,countryclubdrive_to_I10interchange,NB,0.26,0.53,18.9
9/12/2024 21:00,countryclubdrive_to_I10interchange,NB,0.3,0.57,17.6
9/12/2024 22:00,countryclubdrive_to_I10interchange,NB,0.19,0.47,21.5
9/12/2024 23:00,countryclubdrive_to_I10interchange,NB,0.08,0.35,28.8
9/13/2024 0:00,countryclubdrive_to_I10interchange,NB,0.01,0.26,37.4
9/13/2024 1:00,countryclubdrive_to_I10interchange,NB,0,0.23,42.3
9/13/2024 2:00,countryclubdrive_to_I10interchange,NB,0.04,0.28,37.8
9/13/2024 3:00,countryclubdrive_to_I10interchange,NB,0.03,0.28,36
9/13/2024 4:00,countryclubdrive_to_I10interchange,NB,0.12,0.39,25.1
9/13/2024 5:00,countryclubdrive_to_I10interchange,NB,0.17,0.44,23.3
9/13/2024 6:00,countryclubdrive_to_I10interchange,NB,0.33,0.61,17.5
9/13/2024 7:00,countryclubdrive_to_I10interchange,NB,0.41,0.68,14.5
9/13/2024 8:00,countryclubdrive_to_I10interchange,NB,0.5,0.78,13
9/13/2024 9:00,countryclubdrive_to_I10interchange,NB,0.28,0.56,17.7
9/13/2024 10:00,countryclubdrive_to_I10interchange,NB,0.46,0.73,13.8
9/13/2024 11:00,countryclubdrive_to_I10interchange,NB,0.38,0.66,15.8
9/13/2024 12:00,countryclubdrive_to_I10interchange,NB,0.4,0.68,15.3
9/13/2024 13:00,countryclubdrive_to_I10interchange,NB,0.38,0.65,15.6
9/13/2024 14:00,countryclubdrive_to_I10interchange,NB,0.5,0.78,13
9/13/2024 15:00,countryclubdrive_to_I10interchange,NB,0.57,0.84,11.9
9/13/2024 16:00,countryclubdrive_to_I10interchange,NB,0.42,0.69,14.6
9/13/2024 17:00,countryclubdrive_to_I10interchange,NB,0.34,0.61,16.2
9/13/2024 18:00,countryclubdrive_to_I10interchange,NB,0.34,0.62,16.9
9/13/2024 19:00,countryclubdrive_to_I10interchange,NB,0.28,0.55,18.2
9/13/2024 20:00,countryclubdrive_to_I10interchange,NB,0.21,0.49,20.9
9/13/2024 21:00,countryclubdrive_to_I10interchange,NB,0.28,0.56,19.1
9/13/2024 22:00,countryclubdrive_to_I10interchange,NB,0.15,0.42,24.6
9/13/2024 23:00,countryclubdrive_to_I10interchange,NB,0.14,0.42,23.9
9/14/2024 0:00,countryclubdrive_to_I10interchange,NB,0.08,0.35,28.7
9/14/2024 1:00,countryclubdrive_to_I10interchange,NB,0.06,0.33,29.4
9/14/2024 2:00,countryclubdrive_to_I10interchange,NB,0.06,0.32,31.6
9/14/2024 3:00,countryclubdrive_to_I10interchange,NB,0.05,0.31,31.8
9/14/2024 4:00,countryclubdrive_to_I10interchange,NB,0.01,0.27,35.8
9/14/2024 5:00,countryclubdrive_to_I10interchange,NB,0,0.24,40.4
9/14/2024 6:00,countryclubdrive_to_I10interchange,NB,0.2,0.46,23.8
9/14/2024 7:00,countryclubdrive_to_I10interchange,NB,0.31,0.58,17.5
9/14/2024 8:00,countryclubdrive_to_I10interchange,NB,0.18,0.45,23.3
9/14/2024 9:00,countryclubdrive_to_I10interchange,NB,0.37,0.64,15.8
9/14/2024 10:00,countryclubdrive_to_I10interchange,NB,0.23,0.51,20
9/14/2024 11:00,countryclubdrive_to_I10interchange,NB,0.35,0.63,16.3
9/14/2024 12:00,countryclubdrive_to_I10interchange,NB,0.35,0.62,16.3
9/14/2024 13:00,countryclubdrive_to_I10interchange,NB,0.31,0.58,17.1
9/14/2024 14:00,countryclubdrive_to_I10interchange,NB,0.39,0.67,15.6
9/14/2024 15:00,countryclubdrive_to_I10interchange,NB,0.42,0.69,14.9
9/14/2024 16:00,countryclubdrive_to_I10interchange,NB,0.33,0.6,17.4
9/14/2024 17:00,countryclubdrive_to_I10interchange,NB,0.38,0.65,15.6
9/14/2024 18:00,countryclubdrive_to_I10interchange,NB,0.26,0.53,19
9/14/2024 19:00,countryclubdrive_to_I10interchange,NB,0.13,0.4,24.4
9/14/2024 20:00,countryclubdrive_to_I10interchange,NB,0.23,0.5,20.4
9/14/2024 21:00,countryclubdrive_to_I10interchange,NB,0.34,0.62,16.4
9/14/2024 22:00,countryclubdrive_to_I10interchange,NB,0.22,0.5,20
9/14/2024 23:00,countryclubdrive_to_I10interchange,NB,0.22,0.5,21
9/15/2024 0:00,countryclubdrive_to_I10interchange,NB,0.1,0.37,27.3
9/15/2024 1:00,countryclubdrive_to_I10interchange,NB,0.11,0.38,26.1
9/15/2024 2:00,countryclubdrive_to_I10interchange,NB,0.01,0.27,35.9
9/15/2024 3:00,countryclubdrive_to_I10interchange,NB,0.01,0.25,38.5
9/15/2024 4:00,countryclubdrive_to_I10interchange,NB,0.01,0.27,36.4
9/15/2024 5:00,countryclubdrive_to_I10interchange,NB,0.03,0.3,33.3
9/15/2024 6:00,countryclubdrive_to_I10interchange,NB,0.17,0.44,24.4
9/15/2024 7:00,countryclubdrive_to_I10interchange,NB,0.15,0.43,24.2
9/15/2024 8:00,countryclubdrive_to_I10interchange,NB,0.33,0.6,17.6
9/15/2024 9:00,countryclubdrive_to_I10interchange,NB,0.22,0.5,20.1
9/15/2024 10:00,countryclubdrive_to_I10interchange,NB,0.2,0.47,21.2
9/15/2024 11:00,countryclubdrive_to_I10interchange,NB,0.36,0.63,15.6
9/15/2024 12:00,countryclubdrive_to_I10interchange,NB,0.35,0.63,16.5
9/15/2024 13:00,countryclubdrive_to_I10interchange,NB,0.4,0.67,15.7
9/15/2024 14:00,countryclubdrive_to_I10interchange,NB,0.28,0.55,18.2
9/15/2024 15:00,countryclubdrive_to_I10interchange,NB,0.17,0.44,22.7
9/15/2024 16:00,countryclubdrive_to_I10interchange,NB,0.26,0.53,18.9
9/15/2024 17:00,countryclubdrive_to_I10interchange,NB,0.28,0.56,18
9/15/2024 18:00,countryclubdrive_to_I10interchange,NB,0.32,0.6,18.1
9/15/2024 19:00,countryclubdrive_to_I10interchange,NB,0.19,0.47,21.1
9/15/2024 20:00,countryclubdrive_to_I10interchange,NB,0.14,0.41,24
9/15/2024 21:00,countryclubdrive_to_I10interchange,NB,0.2,0.48,20.8
9/15/2024 22:00,countryclubdrive_to_I10interchange,NB,0.15,0.42,24.2
9/15/2024 23:00,countryclubdrive_to_I10interchange,NB,0.11,0.38,25.6
9/16/2024 0:00,countryclubdrive_to_I10interchange,NB,0.04,0.3,33.6
9/16/2024 1:00,countryclubdrive_to_I10interchange,NB,0.04,0.29,35.7
9/16/2024 2:00,countryclubdrive_to_I10interchange,NB,0.06,0.32,32.5
9/16/2024 3:00,countryclubdrive_to_I10interchange,NB,0.01,0.25,39.7
9/16/2024 4:00,countryclubdrive_to_I10interchange,NB,0.06,0.34,28.8
9/16/2024 5:00,countryclubdrive_to_I10interchange,NB,0.21,0.48,21
9/16/2024 6:00,countryclubdrive_to_I10interchange,NB,0.29,0.57,19.3
9/16/2024 7:00,countryclubdrive_to_I10interchange,NB,0.41,0.69,14.8
9/16/2024 8:00,countryclubdrive_to_I10interchange,NB,0.49,0.76,13.5
9/16/2024 9:00,countryclubdrive_to_I10interchange,NB,0.31,0.59,17.7
9/16/2024 10:00,countryclubdrive_to_I10interchange,NB,0.41,0.68,14.6
9/16/2024 11:00,countryclubdrive_to_I10interchange,NB,0.35,0.63,15.8
9/16/2024 12:00,countryclubdrive_to_I10interchange,NB,0.43,0.7,14.4
9/16/2024 13:00,countryclubdrive_to_I10interchange,NB,0.41,0.68,14.8
9/16/2024 14:00,countryclubdrive_to_I10interchange,NB,0.47,0.75,13.6
9/16/2024 15:00,countryclubdrive_to_I10interchange,NB,0.58,0.85,11.7
9/16/2024 16:00,countryclubdrive_to_I10interchange,NB,0.47,0.74,14.1
9/16/2024 17:00,countryclubdrive_to_I10interchange,NB,0.48,0.75,13.3
9/16/2024 18:00,countryclubdrive_to_I10interchange,NB,0.28,0.56,18.6
9/16/2024 19:00,countryclubdrive_to_I10interchange,NB,0.27,0.54,18.3
9/16/2024 20:00,countryclubdrive_to_I10interchange,NB,0.27,0.54,18.9
9/16/2024 21:00,countryclubdrive_to_I10interchange,NB,0.14,0.42,23.9
9/16/2024 22:00,countryclubdrive_to_I10interchange,NB,0.08,0.35,27.8
9/16/2024 23:00,countryclubdrive_to_I10interchange,NB,0.07,0.35,28.4
9/17/2024 0:00,countryclubdrive_to_I10interchange,NB,0.03,0.29,34.2
9/17/2024 1:00,countryclubdrive_to_I10interchange,NB,0.02,0.29,33.8
9/17/2024 2:00,countryclubdrive_to_I10interchange,NB,0.01,0.25,39.2
9/17/2024 3:00,countryclubdrive_to_I10interchange,NB,0.02,0.28,35.1
9/17/2024 4:00,countryclubdrive_to_I10interchange,NB,0.11,0.39,25.7
9/17/2024 5:00,countryclubdrive_to_I10interchange,NB,0.14,0.41,24.9
9/17/2024 6:00,countryclubdrive_to_I10interchange,NB,0.25,0.53,19.6
9/17/2024 7:00,countryclubdrive_to_I10interchange,NB,0.34,0.62,16.2
9/17/2024 8:00,countryclubdrive_to_I10interchange,NB,0.46,0.74,13.4
9/17/2024 9:00,countryclubdrive_to_I10interchange,NB,0.3,0.58,18.2
9/17/2024 10:00,countryclubdrive_to_I10interchange,NB,0.44,0.72,13.8
9/17/2024 11:00,countryclubdrive_to_I10interchange,NB,0.39,0.66,17.4
9/17/2024 12:00,countryclubdrive_to_I10interchange,NB,0.4,0.68,15
9/17/2024 13:00,countryclubdrive_to_I10interchange,NB,0.52,0.8,13.5
9/17/2024 14:00,countryclubdrive_to_I10interchange,NB,0.42,0.69,14.2
9/17/2024 15:00,countryclubdrive_to_I10interchange,NB,0.54,0.81,12.3
9/17/2024 16:00,countryclubdrive_to_I10interchange,NB,0.41,0.69,14.8
9/17/2024 17:00,countryclubdrive_to_I10interchange,NB,0.43,0.7,14
9/17/2024 18:00,countryclubdrive_to_I10interchange,NB,0.28,0.56,18.1
9/17/2024 19:00,countryclubdrive_to_I10interchange,NB,0.21,0.48,21
9/17/2024 20:00,countryclubdrive_to_I10interchange,NB,0.25,0.52,19.3
9/17/2024 21:00,countryclubdrive_to_I10interchange,NB,0.24,0.51,20.5
9/17/2024 22:00,countryclubdrive_to_I10interchange,NB,0.12,0.4,25
9/17/2024 23:00,countryclubdrive_to_I10interchange,NB,0.16,0.44,22.6
9/18/2024 0:00,countryclubdrive_to_I10interchange,NB,0.1,0.38,26.4
9/18/2024 1:00,countryclubdrive_to_I10interchange,NB,0.06,0.34,29.3
9/18/2024 2:00,countryclubdrive_to_I10interchange,NB,0.01,0.25,39
9/18/2024 3:00,countryclubdrive_to_I10interchange,NB,0.01,0.26,37.2
9/18/2024 4:00,countryclubdrive_to_I10interchange,NB,0.04,0.31,32
9/18/2024 5:00,countryclubdrive_to_I10interchange,NB,0.11,0.38,26
9/18/2024 6:00,countryclubdrive_to_I10interchange,NB,0.23,0.51,20.3
9/18/2024 7:00,countryclubdrive_to_I10interchange,NB,0.31,0.59,16.9
9/18/2024 8:00,countryclubdrive_to_I10interchange,NB,0.45,0.73,14
9/18/2024 9:00,countryclubdrive_to_I10interchange,NB,0.32,0.6,16.6
9/18/2024 10:00,countryclubdrive_to_I10interchange,NB,0.48,0.76,13.9
9/18/2024 11:00,countryclubdrive_to_I10interchange,NB,0.43,0.71,14.2
9/18/2024 12:00,countryclubdrive_to_I10interchange,NB,0.52,0.8,12.5
9/18/2024 13:00,countryclubdrive_to_I10interchange,NB,0.46,0.74,13.7
9/18/2024 14:00,countryclubdrive_to_I10interchange,NB,0.43,0.71,14.4
9/18/2024 15:00,countryclubdrive_to_I10interchange,NB,0.42,0.7,14.2
9/18/2024 16:00,countryclubdrive_to_I10interchange,NB,0.38,0.65,15.6
9/18/2024 17:00,countryclubdrive_to_I10interchange,NB,0.42,0.69,14.2
9/18/2024 18:00,countryclubdrive_to_I10interchange,NB,0.29,0.57,17.7
9/18/2024 19:00,countryclubdrive_to_I10interchange,NB,0.22,0.49,20.4
9/18/2024 20:00,countryclubdrive_to_I10interchange,NB,0.22,0.5,20.7
9/18/2024 21:00,countryclubdrive_to_I10interchange,NB,0.17,0.45,22.4
9/18/2024 22:00,countryclubdrive_to_I10interchange,NB,0.15,0.43,23.1
9/18/2024 23:00,countryclubdrive_to_I10interchange,NB,0.09,0.36,27.2
9/19/2024 0:00,countryclubdrive_to_I10interchange,NB,0.03,0.27,36.3
9/19/2024 1:00,countryclubdrive_to_I10interchange,NB,0.1,0.37,26.9
9/19/2024 2:00,countryclubdrive_to_I10interchange,NB,0.09,0.33,33.8
9/19/2024 3:00,countryclubdrive_to_I10interchange,NB,0.01,0.26,38
9/19/2024 4:00,countryclubdrive_to_I10interchange,NB,0.05,0.32,32.3
9/19/2024 5:00,countryclubdrive_to_I10interchange,NB,0.14,0.42,24.4
9/19/2024 6:00,countryclubdrive_to_I10interchange,NB,0.33,0.6,17.5
9/19/2024 7:00,countryclubdrive_to_I10interchange,NB,0.43,0.7,14.3
9/19/2024 8:00,countryclubdrive_to_I10interchange,NB,0.49,0.76,13.3
9/19/2024 9:00,countryclubdrive_to_I10interchange,NB,0.37,0.64,16.3
9/19/2024 10:00,countryclubdrive_to_I10interchange,NB,0.44,0.72,13.9
9/19/2024 11:00,countryclubdrive_to_I10interchange,NB,0.32,0.6,16.7
9/19/2024 12:00,countryclubdrive_to_I10interchange,NB,0.43,0.71,14.8
9/19/2024 13:00,countryclubdrive_to_I10interchange,NB,0.41,0.69,14.6
9/19/2024 14:00,countryclubdrive_to_I10interchange,NB,0.41,0.68,15.1
9/19/2024 15:00,countryclubdrive_to_I10interchange,NB,0.51,0.78,13
9/19/2024 16:00,countryclubdrive_to_I10interchange,NB,0.49,0.76,13.2
9/19/2024 17:00,countryclubdrive_to_I10interchange,NB,0.46,0.73,13.8
9/19/2024 18:00,countryclubdrive_to_I10interchange,NB,0.25,0.52,19.1
9/19/2024 19:00,countryclubdrive_to_I10interchange,NB,0.32,0.59,18.1
9/19/2024 20:00,countryclubdrive_to_I10interchange,NB,0.29,0.56,18.5
9/19/2024 21:00,countryclubdrive_to_I10interchange,NB,0.25,0.52,19.7
9/19/2024 22:00,countryclubdrive_to_I10interchange,NB,0.22,0.49,21.1
9/19/2024 23:00,countryclubdrive_to_I10interchange,NB,0.24,0.51,19.7
9/20/2024 0:00,countryclubdrive_to_I10interchange,NB,0.12,0.4,25.4
9/20/2024 1:00,countryclubdrive_to_I10interchange,NB,0.01,0.26,38.2
9/20/2024 2:00,countryclubdrive_to_I10interchange,NB,0.03,0.29,34.1
9/20/2024 3:00,countryclubdrive_to_I10interchange,NB,0.02,0.27,36.3
9/20/2024 4:00,countryclubdrive_to_I10interchange,NB,0.09,0.36,27.9
9/20/2024 5:00,countryclubdrive_to_I10interchange,NB,0.18,0.45,23.8
9/20/2024 6:00,countryclubdrive_to_I10interchange,NB,0.35,0.62,16.5
9/20/2024 7:00,countryclubdrive_to_I10interchange,NB,0.38,0.66,15.4
9/20/2024 8:00,countryclubdrive_to_I10interchange,NB,0.48,0.75,13.5
9/20/2024 9:00,countryclubdrive_to_I10interchange,NB,0.35,0.63,16.8
9/20/2024 10:00,countryclubdrive_to_I10interchange,NB,0.41,0.68,14.9
9/20/2024 11:00,countryclubdrive_to_I10interchange,NB,0.46,0.74,13.7
9/20/2024 12:00,countryclubdrive_to_I10interchange,NB,0.43,0.7,14.4
9/20/2024 13:00,countryclubdrive_to_I10interchange,NB,0.49,0.76,13.4
9/20/2024 14:00,countryclubdrive_to_I10interchange,NB,0.5,0.78,12.6
9/20/2024 15:00,countryclubdrive_to_I10interchange,NB,0.55,0.82,12.2
9/20/2024 16:00,countryclubdrive_to_I10interchange,NB,0.46,0.74,13.6
9/20/2024 17:00,countryclubdrive_to_I10interchange,NB,0.49,0.76,13.6
9/20/2024 18:00,countryclubdrive_to_I10interchange,NB,0.31,0.58,17.1
9/20/2024 19:00,countryclubdrive_to_I10interchange,NB,0.3,0.57,17.4
9/20/2024 20:00,countryclubdrive_to_I10interchange,NB,0.28,0.55,19.1
9/20/2024 21:00,countryclubdrive_to_I10interchange,NB,0.19,0.46,21.6
9/20/2024 22:00,countryclubdrive_to_I10interchange,NB,0.33,0.6,16.8
9/20/2024 23:00,countryclubdrive_to_I10interchange,NB,0.18,0.45,22.4
9/21/2024 0:00,countryclubdrive_to_I10interchange,NB,0.11,0.39,25.8
9/21/2024 1:00,countryclubdrive_to_I10interchange,NB,0.1,0.37,27.7
9/21/2024 2:00,countryclubdrive_to_I10interchange,NB,0.07,0.34,28.9
9/21/2024 3:00,countryclubdrive_to_I10interchange,NB,0.01,0.25,39.7
9/21/2024 4:00,countryclubdrive_to_I10interchange,NB,0.03,0.29,33.4
9/21/2024 5:00,countryclubdrive_to_I10interchange,NB,0.06,0.33,31.2
9/21/2024 6:00,countryclubdrive_to_I10interchange,NB,0.22,0.49,21.9
9/21/2024 7:00,countryclubdrive_to_I10interchange,NB,0.24,0.51,20.6
9/21/2024 8:00,countryclubdrive_to_I10interchange,NB,0.19,0.45,25.8
9/21/2024 9:00,countryclubdrive_to_I10interchange,NB,0,0.22,44
9/21/2024 10:00,countryclubdrive_to_I10interchange,NB,0,0.22,44
9/21/2024 11:00,countryclubdrive_to_I10interchange,NB,0,0.22,44
9/21/2024 12:00,countryclubdrive_to_I10interchange,NB,0.36,0.63,18.9
9/21/2024 13:00,countryclubdrive_to_I10interchange,NB,0.39,0.66,15
9/21/2024 14:00,countryclubdrive_to_I10interchange,NB,0.31,0.59,17.5
9/21/2024 15:00,countryclubdrive_to_I10interchange,NB,0.37,0.65,16
9/21/2024 16:00,countryclubdrive_to_I10interchange,NB,0.29,0.57,17.6
9/21/2024 17:00,countryclubdrive_to_I10interchange,NB,0.32,0.59,18.2
9/21/2024 18:00,countryclubdrive_to_I10interchange,NB,0.26,0.54,20.3
9/21/2024 19:00,countryclubdrive_to_I10interchange,NB,0.27,0.54,20.1
9/21/2024 20:00,countryclubdrive_to_I10interchange,NB,0.19,0.47,21.8
9/21/2024 21:00,countryclubdrive_to_I10interchange,NB,0.17,0.44,23
9/21/2024 22:00,countryclubdrive_to_I10interchange,NB,0.14,0.41,24.3
9/21/2024 23:00,countryclubdrive_to_I10interchange,NB,0.12,0.4,24.6
9/22/2024 0:00,countryclubdrive_to_I10interchange,NB,0.14,0.41,25.9
9/22/2024 1:00,countryclubdrive_to_I10interchange,NB,0.08,0.36,28.1
9/22/2024 2:00,countryclubdrive_to_I10interchange,NB,0.12,0.39,26.8
9/22/2024 3:00,countryclubdrive_to_I10interchange,NB,0.02,0.28,35.2
9/22/2024 4:00,countryclubdrive_to_I10interchange,NB,0.02,0.28,34.7
9/22/2024 5:00,countryclubdrive_to_I10interchange,NB,0.02,0.28,34.8
9/22/2024 6:00,countryclubdrive_to_I10interchange,NB,0.22,0.49,20.5
9/22/2024 7:00,countryclubdrive_to_I10interchange,NB,0.19,0.47,21.9
9/22/2024 8:00,countryclubdrive_to_I10interchange,NB,0.13,0.41,25.3
9/22/2024 9:00,countryclubdrive_to_I10interchange,NB,0.24,0.52,19.4
9/22/2024 10:00,countryclubdrive_to_I10interchange,NB,0.22,0.49,20.8
9/22/2024 11:00,countryclubdrive_to_I10interchange,NB,0.26,0.54,19.2
9/22/2024 12:00,countryclubdrive_to_I10interchange,NB,0.36,0.63,15.9
9/22/2024 13:00,countryclubdrive_to_I10interchange,NB,0.26,0.53,19.5
9/22/2024 14:00,countryclubdrive_to_I10interchange,NB,0.24,0.51,20.2
9/22/2024 15:00,countryclubdrive_to_I10interchange,NB,0.31,0.59,18
9/22/2024 16:00,countryclubdrive_to_I10interchange,NB,0.23,0.5,19.9
9/22/2024 17:00,countryclubdrive_to_I10interchange,NB,0.49,0.76,13.7
9/22/2024 18:00,countryclubdrive_to_I10interchange,NB,0.24,0.51,20.1
9/22/2024 19:00,countryclubdrive_to_I10interchange,NB,0.26,0.54,19.3
9/22/2024 20:00,countryclubdrive_to_I10interchange,NB,0.19,0.46,21.3
9/22/2024 21:00,countryclubdrive_to_I10interchange,NB,0.2,0.48,21
9/22/2024 22:00,countryclubdrive_to_I10interchange,NB,0.1,0.38,26.1
9/22/2024 23:00,countryclubdrive_to_I10interchange,NB,0.11,0.39,25.6
9/23/2024 0:00,countryclubdrive_to_I10interchange,NB,0.06,0.33,29.7
9/23/2024 1:00,countryclubdrive_to_I10interchange,NB,0,0.25,39.4
9/23/2024 2:00,countryclubdrive_to_I10interchange,NB,0.05,0.31,31.9
9/23/2024 3:00,countryclubdrive_to_I10interchange,NB,0.03,0.3,32.8
9/23/2024 4:00,countryclubdrive_to_I10interchange,NB,0.08,0.35,27.8
9/23/2024 5:00,countryclubdrive_to_I10interchange,NB,0.1,0.38,26.5
9/23/2024 6:00,countryclubdrive_to_I10interchange,NB,0.2,0.48,21.6
9/23/2024 7:00,countryclubdrive_to_I10interchange,NB,0.52,0.79,13.3
9/23/2024 8:00,countryclubdrive_to_I10interchange,NB,0.54,0.82,12
9/23/2024 9:00,countryclubdrive_to_I10interchange,NB,0.47,0.74,13.5
9/23/2024 10:00,countryclubdrive_to_I10interchange,NB,0.4,0.68,14.8
9/23/2024 11:00,countryclubdrive_to_I10interchange,NB,0.47,0.75,13.4
9/23/2024 12:00,countryclubdrive_to_I10interchange,NB,0.5,0.78,12.8
9/23/2024 13:00,countryclubdrive_to_I10interchange,NB,0.37,0.65,16.2
9/23/2024 14:00,countryclubdrive_to_I10interchange,NB,0.58,0.86,12.2
9/23/2024 15:00,countryclubdrive_to_I10interchange,NB,0.6,0.88,11.2
9/23/2024 16:00,countryclubdrive_to_I10interchange,NB,0.5,0.77,12.9
9/23/2024 17:00,countryclubdrive_to_I10interchange,NB,0.38,0.65,15.3
9/23/2024 18:00,countryclubdrive_to_I10interchange,NB,0.26,0.54,18.6
9/23/2024 19:00,countryclubdrive_to_I10interchange,NB,0.24,0.52,19.7
9/23/2024 20:00,countryclubdrive_to_I10interchange,NB,0.26,0.54,18.9
9/23/2024 21:00,countryclubdrive_to_I10interchange,NB,0.25,0.52,19.3
9/23/2024 22:00,countryclubdrive_to_I10interchange,NB,0.09,0.36,27
9/23/2024 23:00,countryclubdrive_to_I10interchange,NB,0.11,0.38,26.8
9/24/2024 0:00,countryclubdrive_to_I10interchange,NB,0.06,0.34,30.8
9/24/2024 1:00,countryclubdrive_to_I10interchange,NB,0.01,0.27,36.6
9/24/2024 2:00,countryclubdrive_to_I10interchange,NB,0.01,0.26,38.1
9/24/2024 3:00,countryclubdrive_to_I10interchange,NB,0,0.24,41.4
9/24/2024 4:00,countryclubdrive_to_I10interchange,NB,0.06,0.33,30.2
9/24/2024 5:00,countryclubdrive_to_I10interchange,NB,0.15,0.43,24.7
9/24/2024 6:00,countryclubdrive_to_I10interchange,NB,0.22,0.49,20.8
9/24/2024 7:00,countryclubdrive_to_I10interchange,NB,0.38,0.66,15.2
9/24/2024 8:00,countryclubdrive_to_I10interchange,NB,0.44,0.71,14.3
9/24/2024 9:00,countryclubdrive_to_I10interchange,NB,0.45,0.72,14
9/24/2024 10:00,countryclubdrive_to_I10interchange,NB,0.51,0.79,12.6
9/24/2024 11:00,countryclubdrive_to_I10interchange,NB,0.54,0.82,12.6
9/24/2024 12:00,countryclubdrive_to_I10interchange,NB,0.47,0.74,13.5
9/24/2024 13:00,countryclubdrive_to_I10interchange,NB,0.44,0.71,14.2
9/24/2024 14:00,countryclubdrive_to_I10interchange,NB,0.43,0.71,14.4
9/24/2024 15:00,countryclubdrive_to_I10interchange,NB,0.52,0.8,12.4
9/24/2024 16:00,countryclubdrive_to_I10interchange,NB,0.44,0.72,14.6
9/24/2024 17:00,countryclubdrive_to_I10interchange,NB,0.5,0.78,13.3
9/24/2024 18:00,countryclubdrive_to_I10interchange,NB,0.27,0.55,18.6
9/24/2024 19:00,countryclubdrive_to_I10interchange,NB,0.34,0.62,16.3
9/24/2024 20:00,countryclubdrive_to_I10interchange,NB,0.31,0.58,18.1
9/24/2024 21:00,countryclubdrive_to_I10interchange,NB,0.28,0.56,18
9/24/2024 22:00,countryclubdrive_to_I10interchange,NB,0.16,0.43,23.2
9/24/2024 23:00,countryclubdrive_to_I10interchange,NB,0.21,0.48,22.6
9/25/2024 0:00,countryclubdrive_to_I10interchange,NB,0.05,0.31,31.7
9/25/2024 1:00,countryclubdrive_to_I10interchange,NB,0.05,0.32,30.8
9/25/2024 2:00,countryclubdrive_to_I10interchange,NB,0.04,0.31,31.5
9/25/2024 3:00,countryclubdrive_to_I10interchange,NB,0.01,0.27,36.5
9/25/2024 4:00,countryclubdrive_to_I10interchange,NB,0.03,0.28,35.1
9/25/2024 5:00,countryclubdrive_to_I10interchange,NB,0.19,0.47,21.4
9/25/2024 6:00,countryclubdrive_to_I10interchange,NB,0.24,0.52,19.3
9/25/2024 7:00,countryclubdrive_to_I10interchange,NB,0.46,0.73,14.4
9/25/2024 8:00,countryclubdrive_to_I10interchange,NB,0.39,0.66,15
9/25/2024 9:00,countryclubdrive_to_I10interchange,NB,0.45,0.72,14
9/25/2024 10:00,countryclubdrive_to_I10interchange,NB,0.42,0.69,14.3
9/25/2024 11:00,countryclubdrive_to_I10interchange,NB,0.46,0.74,13.6
9/25/2024 12:00,countryclubdrive_to_I10interchange,NB,0.55,0.83,12.3
9/25/2024 13:00,countryclubdrive_to_I10interchange,NB,0.57,0.84,12.2
9/25/2024 14:00,countryclubdrive_to_I10interchange,NB,0.46,0.74,13.3
9/25/2024 15:00,countryclubdrive_to_I10interchange,NB,0.49,0.76,13
9/25/2024 16:00,countryclubdrive_to_I10interchange,NB,0.37,0.64,15.5
9/25/2024 17:00,countryclubdrive_to_I10interchange,NB,0.31,0.59,17
9/25/2024 18:00,countryclubdrive_to_I10interchange,NB,0.29,0.56,17.4
9/25/2024 19:00,countryclubdrive_to_I10interchange,NB,0.21,0.49,20.4
9/25/2024 20:00,countryclubdrive_to_I10interchange,NB,0.32,0.6,17.4
9/25/2024 21:00,countryclubdrive_to_I10interchange,NB,0.23,0.51,21.8
9/25/2024 22:00,countryclubdrive_to_I10interchange,NB,0.1,0.38,26.2
9/25/2024 23:00,countryclubdrive_to_I10interchange,NB,0.05,0.32,30.2
9/26/2024 0:00,countryclubdrive_to_I10interchange,NB,0.07,0.34,28.7
9/26/2024 1:00,countryclubdrive_to_I10interchange,NB,0.02,0.29,34.2
9/26/2024 2:00,countryclubdrive_to_I10interchange,NB,0.07,0.34,30.6
9/26/2024 3:00,countryclubdrive_to_I10interchange,NB,0.04,0.3,33
9/26/2024 4:00,countryclubdrive_to_I10interchange,NB,0.1,0.36,28.1
9/26/2024 5:00,countryclubdrive_to_I10interchange,NB,0.13,0.41,24.7
9/26/2024 6:00,countryclubdrive_to_I10interchange,NB,0.36,0.63,16
9/26/2024 7:00,countryclubdrive_to_I10interchange,NB,0.45,0.72,14.5
9/26/2024 8:00,countryclubdrive_to_I10interchange,NB,0.5,0.77,12.6
9/26/2024 9:00,countryclubdrive_to_I10interchange,NB,0.42,0.69,14.3
9/26/2024 10:00,countryclubdrive_to_I10interchange,NB,0.52,0.8,12.8
9/26/2024 11:00,countryclubdrive_to_I10interchange,NB,0.35,0.62,16
9/26/2024 12:00,countryclubdrive_to_I10interchange,NB,0.54,0.82,12.6
9/26/2024 13:00,countryclubdrive_to_I10interchange,NB,0.47,0.75,13.4
9/26/2024 14:00,countryclubdrive_to_I10interchange,NB,0.51,0.79,12.7
9/26/2024 15:00,countryclubdrive_to_I10interchange,NB,0.43,0.7,14.3
9/26/2024 16:00,countryclubdrive_to_I10interchange,NB,0.37,0.65,15.7
9/26/2024 17:00,countryclubdrive_to_I10interchange,NB,0.41,0.69,14.5
9/26/2024 18:00,countryclubdrive_to_I10interchange,NB,0.24,0.51,19.6
9/26/2024 19:00,countryclubdrive_to_I10interchange,NB,0.2,0.48,21.3
9/26/2024 20:00,countryclubdrive_to_I10interchange,NB,0.3,0.58,17.4
9/26/2024 21:00,countryclubdrive_to_I10interchange,NB,0.2,0.47,21
9/26/2024 22:00,countryclubdrive_to_I10interchange,NB,0.13,0.4,24.4
9/26/2024 23:00,countryclubdrive_to_I10interchange,NB,0.24,0.52,19.8
9/27/2024 0:00,countryclubdrive_to_I10interchange,NB,0.13,0.4,25.7
9/27/2024 1:00,countryclubdrive_to_I10interchange,NB,0.04,0.31,32.5
9/27/2024 2:00,countryclubdrive_to_I10interchange,NB,0,0.22,44.1
9/27/2024 3:00,countryclubdrive_to_I10interchange,NB,0,0.24,39.9
9/27/2024 4:00,countryclubdrive_to_I10interchange,NB,0.04,0.31,31
9/27/2024 5:00,countryclubdrive_to_I10interchange,NB,0.12,0.39,25.6
9/27/2024 6:00,countryclubdrive_to_I10interchange,NB,0.22,0.5,20.4
9/27/2024 7:00,countryclubdrive_to_I10interchange,NB,0.45,0.72,14.9
9/27/2024 8:00,countryclubdrive_to_I10interchange,NB,0.49,0.76,13.2
9/27/2024 9:00,countryclubdrive_to_I10interchange,NB,0.37,0.65,15.9
9/27/2024 10:00,countryclubdrive_to_I10interchange,NB,0.41,0.69,14.6
9/27/2024 11:00,countryclubdrive_to_I10interchange,NB,0.52,0.8,13.1
9/27/2024 12:00,countryclubdrive_to_I10interchange,NB,0.51,0.79,12.8
9/27/2024 13:00,countryclubdrive_to_I10interchange,NB,0.62,0.89,11.2
9/27/2024 14:00,countryclubdrive_to_I10interchange,NB,0.43,0.7,14.1
9/27/2024 15:00,countryclubdrive_to_I10interchange,NB,0.48,0.76,13
9/27/2024 16:00,countryclubdrive_to_I10interchange,NB,0.37,0.65,15.3
9/27/2024 17:00,countryclubdrive_to_I10interchange,NB,0.32,0.59,17
9/27/2024 18:00,countryclubdrive_to_I10interchange,NB,0.32,0.6,17.1
9/27/2024 19:00,countryclubdrive_to_I10interchange,NB,0.29,0.57,18.8
9/27/2024 20:00,countryclubdrive_to_I10interchange,NB,0.22,0.49,21.3
9/27/2024 21:00,countryclubdrive_to_I10interchange,NB,0.22,0.5,20.4
9/27/2024 22:00,countryclubdrive_to_I10interchange,NB,0.2,0.47,21.1
9/27/2024 23:00,countryclubdrive_to_I10interchange,NB,0.17,0.44,23.9
9/28/2024 0:00,countryclubdrive_to_I10interchange,NB,0.13,0.41,24.2
9/28/2024 1:00,countryclubdrive_to_I10interchange,NB,0.14,0.42,24.3
9/28/2024 2:00,countryclubdrive_to_I10interchange,NB,0.05,0.32,30.4
9/28/2024 3:00,countryclubdrive_to_I10interchange,NB,0.01,0.23,42
9/28/2024 4:00,countryclubdrive_to_I10interchange,NB,0.06,0.31,33.1
9/28/2024 5:00,countryclubdrive_to_I10interchange,NB,0.07,0.35,28.1
9/28/2024 6:00,countryclubdrive_to_I10interchange,NB,0.09,0.36,27.6
9/28/2024 7:00,countryclubdrive_to_I10interchange,NB,0.19,0.46,22.5
9/28/2024 8:00,countryclubdrive_to_I10interchange,NB,0.2,0.48,21.3
9/28/2024 9:00,countryclubdrive_to_I10interchange,NB,0.37,0.64,15.6
9/28/2024 10:00,countryclubdrive_to_I10interchange,NB,0.25,0.52,20
9/28/2024 11:00,countryclubdrive_to_I10interchange,NB,0.34,0.61,16.7
9/28/2024 12:00,countryclubdrive_to_I10interchange,NB,0.29,0.56,18.5
9/28/2024 13:00,countryclubdrive_to_I10interchange,NB,0.39,0.67,14.7
9/28/2024 14:00,countryclubdrive_to_I10interchange,NB,0.3,0.57,17.4
9/28/2024 15:00,countryclubdrive_to_I10interchange,NB,0.3,0.58,17.3
9/28/2024 16:00,countryclubdrive_to_I10interchange,NB,0.29,0.56,18.1
9/28/2024 17:00,countryclubdrive_to_I10interchange,NB,0.35,0.63,16.1
9/28/2024 18:00,countryclubdrive_to_I10interchange,NB,0.31,0.58,17.1
9/28/2024 19:00,countryclubdrive_to_I10interchange,NB,0.2,0.48,20.5
9/28/2024 20:00,countryclubdrive_to_I10interchange,NB,0.19,0.46,22
9/28/2024 21:00,countryclubdrive_to_I10interchange,NB,0.21,0.48,21.6
9/28/2024 22:00,countryclubdrive_to_I10interchange,NB,0.27,0.54,18.6
9/28/2024 23:00,countryclubdrive_to_I10interchange,NB,0.24,0.52,20.1
9/29/2024 0:00,countryclubdrive_to_I10interchange,NB,0.12,0.4,25.2
9/29/2024 1:00,countryclubdrive_to_I10interchange,NB,0.13,0.4,25.2
9/29/2024 2:00,countryclubdrive_to_I10interchange,NB,0,0.27,35.8
9/29/2024 3:00,countryclubdrive_to_I10interchange,NB,0.01,0.27,36.7
9/29/2024 4:00,countryclubdrive_to_I10interchange,NB,0.02,0.28,35.3
9/29/2024 5:00,countryclubdrive_to_I10interchange,NB,0.04,0.3,33.3
9/29/2024 6:00,countryclubdrive_to_I10interchange,NB,0.12,0.4,26.4
9/29/2024 7:00,countryclubdrive_to_I10interchange,NB,0.12,0.4,25.2
9/29/2024 8:00,countryclubdrive_to_I10interchange,NB,0.17,0.45,22.2
9/29/2024 9:00,countryclubdrive_to_I10interchange,NB,0.22,0.5,20.3
9/29/2024 10:00,countryclubdrive_to_I10interchange,NB,0.29,0.57,19
9/29/2024 11:00,countryclubdrive_to_I10interchange,NB,0.35,0.62,16.5
9/29/2024 12:00,countryclubdrive_to_I10interchange,NB,0.3,0.58,18.2
9/29/2024 13:00,countryclubdrive_to_I10interchange,NB,0.32,0.6,16.6
9/29/2024 14:00,countryclubdrive_to_I10interchange,NB,0.26,0.54,18.4
9/29/2024 15:00,countryclubdrive_to_I10interchange,NB,0.22,0.5,20.6
9/29/2024 16:00,countryclubdrive_to_I10interchange,NB,0.2,0.48,20.8
9/29/2024 17:00,countryclubdrive_to_I10interchange,NB,0.29,0.57,17.9
9/29/2024 18:00,countryclubdrive_to_I10interchange,NB,0.23,0.51,20.7
9/29/2024 19:00,countryclubdrive_to_I10interchange,NB,0.32,0.59,17.6
9/29/2024 20:00,countryclubdrive_to_I10interchange,NB,0.21,0.49,20.9
9/29/2024 21:00,countryclubdrive_to_I10interchange,NB,0.18,0.45,22.2
9/29/2024 22:00,countryclubdrive_to_I10interchange,NB,0.17,0.44,22.6
9/29/2024 23:00,countryclubdrive_to_I10interchange,NB,0.21,0.49,20.4
9/30/2024 0:00,countryclubdrive_to_I10interchange,NB,0.36,0.63,16
9/30/2024 1:00,countryclubdrive_to_I10interchange,NB,0.07,0.34,28.7
9/30/2024 2:00,countryclubdrive_to_I10interchange,NB,0.01,0.25,38.5
9/30/2024 3:00,countryclubdrive_to_I10interchange,NB,0.08,0.33,30.8
9/30/2024 4:00,countryclubdrive_to_I10interchange,NB,0.13,0.4,24.6
9/30/2024 5:00,countryclubdrive_to_I10interchange,NB,0.16,0.43,23.1
9/30/2024 6:00,countryclubdrive_to_I10interchange,NB,0.45,0.73,14.3
9/30/2024 7:00,countryclubdrive_to_I10interchange,NB,0.48,0.76,14.2
9/30/2024 8:00,countryclubdrive_to_I10interchange,NB,0.54,0.82,12.6
9/30/2024 9:00,countryclubdrive_to_I10interchange,NB,0.28,0.56,18
9/30/2024 10:00,countryclubdrive_to_I10interchange,NB,0.43,0.71,14.9
9/30/2024 11:00,countryclubdrive_to_I10interchange,NB,0.37,0.64,15.7
9/30/2024 12:00,countryclubdrive_to_I10interchange,NB,0.42,0.69,14.6
9/30/2024 13:00,countryclubdrive_to_I10interchange,NB,0.47,0.74,13.4
9/30/2024 14:00,countryclubdrive_to_I10interchange,NB,0.34,0.62,16.4
9/30/2024 15:00,countryclubdrive_to_I10interchange,NB,0.43,0.7,14.2
9/30/2024 16:00,countryclubdrive_to_I10interchange,NB,0.35,0.63,15.9
9/30/2024 17:00,countryclubdrive_to_I10interchange,NB,0.35,0.62,16
9/30/2024 18:00,countryclubdrive_to_I10interchange,NB,0.3,0.57,17.3
9/30/2024 19:00,countryclubdrive_to_I10interchange,NB,0.17,0.45,22.4
9/30/2024 20:00,countryclubdrive_to_I10interchange,NB,0.24,0.52,20.1
9/30/2024 21:00,countryclubdrive_to_I10interchange,NB,0.26,0.54,19.9
9/30/2024 22:00,countryclubdrive_to_I10interchange,NB,0.16,0.44,22.3
9/30/2024 23:00,countryclubdrive_to_I10interchange,NB,0.06,0.33,29.7
10/1/2024 0:00,countryclubdrive_to_I10interchange,NB,0.05,0.31,31.7
10/1/2024 1:00,countryclubdrive_to_I10interchange,NB,0.04,0.31,32
10/1/2024 2:00,countryclubdrive_to_I10interchange,NB,0.03,0.28,35.5
10/1/2024 3:00,countryclubdrive_to_I10interchange,NB,0.04,0.31,31.5
10/1/2024 4:00,countryclubdrive_to_I10interchange,NB,0.19,0.45,21.9
10/1/2024 5:00,countryclubdrive_to_I10interchange,NB,0.12,0.39,26.2
10/1/2024 6:00,countryclubdrive_to_I10interchange,NB,0.22,0.49,21
10/1/2024 7:00,countryclubdrive_to_I10interchange,NB,0.46,0.74,13.8
10/1/2024 8:00,countryclubdrive_to_I10interchange,NB,0.34,0.62,16.5
10/1/2024 9:00,countryclubdrive_to_I10interchange,NB,0.4,0.67,15.1
10/1/2024 10:00,countryclubdrive_to_I10interchange,NB,0.4,0.68,14.7
10/1/2024 11:00,countryclubdrive_to_I10interchange,NB,0.43,0.7,14.1
10/1/2024 12:00,countryclubdrive_to_I10interchange,NB,0.42,0.7,14.5
10/1/2024 13:00,countryclubdrive_to_I10interchange,NB,0.3,0.58,17.9
10/1/2024 14:00,countryclubdrive_to_I10interchange,NB,0.41,0.69,14.7
10/1/2024 15:00,countryclubdrive_to_I10interchange,NB,0.42,0.7,14
10/1/2024 16:00,countryclubdrive_to_I10interchange,NB,0.37,0.64,15.4
10/1/2024 17:00,countryclubdrive_to_I10interchange,NB,0.34,0.62,16
10/1/2024 18:00,countryclubdrive_to_I10interchange,NB,0.27,0.54,18.3
10/1/2024 19:00,countryclubdrive_to_I10interchange,NB,0.23,0.51,19.5
10/1/2024 20:00,countryclubdrive_to_I10interchange,NB,0.18,0.45,22.2
10/1/2024 21:00,countryclubdrive_to_I10interchange,NB,0.27,0.55,18.4
10/1/2024 22:00,countryclubdrive_to_I10interchange,NB,0.16,0.44,23.4
10/1/2024 23:00,countryclubdrive_to_I10interchange,NB,0.11,0.38,28
10/2/2024 0:00,countryclubdrive_to_I10interchange,NB,0.06,0.33,29.9
10/2/2024 1:00,countryclubdrive_to_I10interchange,NB,0,0.25,38.7
10/2/2024 2:00,countryclubdrive_to_I10interchange,NB,0,0.22,43.2
10/2/2024 3:00,countryclubdrive_to_I10interchange,NB,0.02,0.25,40.3
10/2/2024 4:00,countryclubdrive_to_I10interchange,NB,0.08,0.35,28.8
10/2/2024 5:00,countryclubdrive_to_I10interchange,NB,0.26,0.54,18.8
10/2/2024 6:00,countryclubdrive_to_I10interchange,NB,0.22,0.49,20.7
10/2/2024 7:00,countryclubdrive_to_I10interchange,NB,0.41,0.68,14.8
10/2/2024 8:00,countryclubdrive_to_I10interchange,NB,0.46,0.73,13.6
10/2/2024 9:00,countryclubdrive_to_I10interchange,NB,0.35,0.63,15.7
10/2/2024 10:00,countryclubdrive_to_I10interchange,NB,0.47,0.74,14
10/2/2024 11:00,countryclubdrive_to_I10interchange,NB,0.4,0.68,15.3
10/2/2024 12:00,countryclubdrive_to_I10interchange,NB,0.42,0.7,14.6
10/2/2024 13:00,countryclubdrive_to_I10interchange,NB,0.39,0.66,15.3
10/2/2024 14:00,countryclubdrive_to_I10interchange,NB,0.36,0.64,15.5
10/2/2024 15:00,countryclubdrive_to_I10interchange,NB,0.36,0.64,15.6
10/2/2024 16:00,countryclubdrive_to_I10interchange,NB,0.43,0.71,13.9
10/2/2024 17:00,countryclubdrive_to_I10interchange,NB,0.41,0.69,14.7
10/2/2024 18:00,countryclubdrive_to_I10interchange,NB,0.31,0.58,17.7
10/2/2024 19:00,countryclubdrive_to_I10interchange,NB,0.23,0.51,19.6
10/2/2024 20:00,countryclubdrive_to_I10interchange,NB,0.36,0.63,15.9
10/2/2024 21:00,countryclubdrive_to_I10interchange,NB,0.15,0.42,23.2
10/2/2024 22:00,countryclubdrive_to_I10interchange,NB,0.14,0.42,23.6
10/2/2024 23:00,countryclubdrive_to_I10interchange,NB,0.23,0.5,20.3
10/3/2024 0:00,countryclubdrive_to_I10interchange,NB,0.1,0.37,27.6
10/3/2024 1:00,countryclubdrive_to_I10interchange,NB,0.03,0.3,33.4
10/3/2024 2:00,countryclubdrive_to_I10interchange,NB,0.05,0.31,31.6
10/3/2024 3:00,countryclubdrive_to_I10interchange,NB,0.05,0.31,31.7
10/3/2024 4:00,countryclubdrive_to_I10interchange,NB,0.13,0.39,26.3
10/3/2024 5:00,countryclubdrive_to_I10interchange,NB,0.05,0.32,30.3
10/3/2024 6:00,countryclubdrive_to_I10interchange,NB,0.26,0.53,18.8
10/3/2024 7:00,countryclubdrive_to_I10interchange,NB,0.54,0.82,12.4
10/3/2024 8:00,countryclubdrive_to_I10interchange,NB,0.42,0.69,14.5
10/3/2024 9:00,countryclubdrive_to_I10interchange,NB,0.44,0.72,13.9
10/3/2024 10:00,countryclubdrive_to_I10interchange,NB,0.41,0.69,14.9
10/3/2024 11:00,countryclubdrive_to_I10interchange,NB,0.52,0.8,12.6
10/3/2024 12:00,countryclubdrive_to_I10interchange,NB,0.36,0.64,15.6
10/3/2024 13:00,countryclubdrive_to_I10interchange,NB,0.47,0.75,13.1
10/3/2024 14:00,countryclubdrive_to_I10interchange,NB,0.42,0.69,14.5
10/3/2024 15:00,countryclubdrive_to_I10interchange,NB,0.45,0.73,13.4
10/3/2024 16:00,countryclubdrive_to_I10interchange,NB,0.41,0.69,14.7
10/3/2024 17:00,countryclubdrive_to_I10interchange,NB,0.36,0.63,15.7
10/3/2024 18:00,countryclubdrive_to_I10interchange,NB,0.29,0.56,17.8
10/3/2024 19:00,countryclubdrive_to_I10interchange,NB,0.31,0.58,17.6
10/3/2024 20:00,countryclubdrive_to_I10interchange,NB,0.29,0.56,18.5
10/3/2024 21:00,countryclubdrive_to_I10interchange,NB,0.23,0.5,19.9
10/3/2024 22:00,countryclubdrive_to_I10interchange,NB,0.19,0.46,21.8
10/3/2024 23:00,countryclubdrive_to_I10interchange,NB,0.1,0.37,26.4
10/4/2024 0:00,countryclubdrive_to_I10interchange,NB,0.08,0.35,28.1
10/4/2024 1:00,countryclubdrive_to_I10interchange,NB,0.01,0.28,34.7
10/4/2024 2:00,countryclubdrive_to_I10interchange,NB,0.04,0.3,33.3
10/4/2024 3:00,countryclubdrive_to_I10interchange,NB,0.05,0.32,30.4
10/4/2024 4:00,countryclubdrive_to_I10interchange,NB,0.08,0.36,28.9
10/4/2024 5:00,countryclubdrive_to_I10interchange,NB,0.21,0.48,21.2
10/4/2024 6:00,countryclubdrive_to_I10interchange,NB,0.2,0.48,21.1
10/4/2024 7:00,countryclubdrive_to_I10interchange,NB,0.48,0.75,13.4
10/4/2024 8:00,countryclubdrive_to_I10interchange,NB,0.46,0.73,13.5
10/4/2024 9:00,countryclubdrive_to_I10interchange,NB,0.33,0.6,17.2
10/4/2024 10:00,countryclubdrive_to_I10interchange,NB,0.44,0.71,14.1
10/4/2024 11:00,countryclubdrive_to_I10interchange,NB,0.45,0.72,14.2
10/4/2024 12:00,countryclubdrive_to_I10interchange,NB,0.53,0.8,12.7
10/4/2024 13:00,countryclubdrive_to_I10interchange,NB,0.51,0.78,13.2
10/4/2024 14:00,countryclubdrive_to_I10interchange,NB,0.44,0.72,13.9
10/4/2024 15:00,countryclubdrive_to_I10interchange,NB,0.45,0.72,13.7
10/4/2024 16:00,countryclubdrive_to_I10interchange,NB,0.45,0.72,13.7
10/4/2024 17:00,countryclubdrive_to_I10interchange,NB,0.44,0.72,13.7
10/4/2024 18:00,countryclubdrive_to_I10interchange,NB,0.29,0.57,17.7
10/4/2024 19:00,countryclubdrive_to_I10interchange,NB,0.27,0.55,18.4
10/4/2024 20:00,countryclubdrive_to_I10interchange,NB,0.23,0.5,20.3
10/4/2024 21:00,countryclubdrive_to_I10interchange,NB,0.28,0.55,18.9
10/4/2024 22:00,countryclubdrive_to_I10interchange,NB,0.43,0.71,14.7
10/4/2024 23:00,countryclubdrive_to_I10interchange,NB,0.12,0.39,26
10/5/2024 0:00,countryclubdrive_to_I10interchange,NB,0.11,0.38,25.4
10/5/2024 1:00,countryclubdrive_to_I10interchange,NB,0.05,0.32,31.6
10/5/2024 2:00,countryclubdrive_to_I10interchange,NB,0.03,0.29,34
10/5/2024 3:00,countryclubdrive_to_I10interchange,NB,0.07,0.34,29.4
10/5/2024 4:00,countryclubdrive_to_I10interchange,NB,0.03,0.29,33.3
10/5/2024 5:00,countryclubdrive_to_I10interchange,NB,0.04,0.3,32.2
10/5/2024 6:00,countryclubdrive_to_I10interchange,NB,0.17,0.44,23.2
10/5/2024 7:00,countryclubdrive_to_I10interchange,NB,0.28,0.56,18.6
10/5/2024 8:00,countryclubdrive_to_I10interchange,NB,0.36,0.64,16.4
10/5/2024 9:00,countryclubdrive_to_I10interchange,NB,0.33,0.61,16.6
10/5/2024 10:00,countryclubdrive_to_I10interchange,NB,0.36,0.63,15.9
10/5/2024 11:00,countryclubdrive_to_I10interchange,NB,0.28,0.56,18.4
10/5/2024 12:00,countryclubdrive_to_I10interchange,NB,0.41,0.68,14.8
10/5/2024 13:00,countryclubdrive_to_I10interchange,NB,0.35,0.62,16.1
10/5/2024 14:00,countryclubdrive_to_I10interchange,NB,0.32,0.6,16.3
10/5/2024 15:00,countryclubdrive_to_I10interchange,NB,0.27,0.54,18.4
10/5/2024 16:00,countryclubdrive_to_I10interchange,NB,0.25,0.53,19.3
10/5/2024 17:00,countryclubdrive_to_I10interchange,NB,0.31,0.58,17
10/5/2024 18:00,countryclubdrive_to_I10interchange,NB,0.28,0.56,18.1
10/5/2024 19:00,countryclubdrive_to_I10interchange,NB,0.26,0.54,18.9
10/5/2024 20:00,countryclubdrive_to_I10interchange,NB,0.3,0.57,17.7
10/5/2024 21:00,countryclubdrive_to_I10interchange,NB,0.26,0.53,18.9
10/5/2024 22:00,countryclubdrive_to_I10interchange,NB,0.27,0.55,18.4
10/5/2024 23:00,countryclubdrive_to_I10interchange,NB,0.16,0.43,22.6
10/6/2024 0:00,countryclubdrive_to_I10interchange,NB,0.25,0.53,19.2
10/6/2024 1:00,countryclubdrive_to_I10interchange,NB,0.15,0.42,25.3
10/6/2024 2:00,countryclubdrive_to_I10interchange,NB,0.08,0.35,28.7
10/6/2024 3:00,countryclubdrive_to_I10interchange,NB,0.01,0.26,37.7
10/6/2024 4:00,countryclubdrive_to_I10interchange,NB,0.01,0.27,35.6
10/6/2024 5:00,countryclubdrive_to_I10interchange,NB,0.04,0.31,32.4
10/6/2024 6:00,countryclubdrive_to_I10interchange,NB,0.16,0.43,23.9
10/6/2024 7:00,countryclubdrive_to_I10interchange,NB,0.2,0.48,21.1
10/6/2024 8:00,countryclubdrive_to_I10interchange,NB,0.23,0.5,20.6
10/6/2024 9:00,countryclubdrive_to_I10interchange,NB,0.22,0.5,20.5
10/6/2024 10:00,countryclubdrive_to_I10interchange,NB,0.23,0.5,19.8
10/6/2024 11:00,countryclubdrive_to_I10interchange,NB,0.39,0.66,15.2
10/6/2024 12:00,countryclubdrive_to_I10interchange,NB,0.36,0.64,15.9
10/6/2024 13:00,countryclubdrive_to_I10interchange,NB,0.31,0.59,17.4
10/6/2024 14:00,countryclubdrive_to_I10interchange,NB,0.28,0.56,18
10/6/2024 15:00,countryclubdrive_to_I10interchange,NB,0.27,0.55,18.8
10/6/2024 16:00,countryclubdrive_to_I10interchange,NB,0.29,0.57,18.2
10/6/2024 17:00,countryclubdrive_to_I10interchange,NB,0.3,0.58,17.5
10/6/2024 18:00,countryclubdrive_to_I10interchange,NB,0.26,0.54,19.1
10/6/2024 19:00,countryclubdrive_to_I10interchange,NB,0.24,0.51,20.4
10/6/2024 20:00,countryclubdrive_to_I10interchange,NB,0.27,0.55,18.7
10/6/2024 21:00,countryclubdrive_to_I10interchange,NB,0.24,0.51,20.1
10/6/2024 22:00,countryclubdrive_to_I10interchange,NB,0.13,0.41,24.2
10/6/2024 23:00,countryclubdrive_to_I10interchange,NB,0.11,0.38,25.5
10/7/2024 0:00,countryclubdrive_to_I10interchange,NB,0.08,0.34,30
10/7/2024 1:00,countryclubdrive_to_I10interchange,NB,0.02,0.28,34.4
10/7/2024 2:00,countryclubdrive_to_I10interchange,NB,0,0.24,40.3
10/7/2024 3:00,countryclubdrive_to_I10interchange,NB,0.02,0.25,40.8
10/7/2024 4:00,countryclubdrive_to_I10interchange,NB,0.13,0.41,24.5
10/7/2024 5:00,countryclubdrive_to_I10interchange,NB,0.07,0.35,28.9
10/7/2024 6:00,countryclubdrive_to_I10interchange,NB,0.29,0.56,17.8
10/7/2024 7:00,countryclubdrive_to_I10interchange,NB,0.33,0.6,17.1
10/7/2024 8:00,countryclubdrive_to_I10interchange,NB,0.43,0.7,14.3
10/7/2024 9:00,countryclubdrive_to_I10interchange,NB,0.41,0.68,14.4
10/7/2024 10:00,countryclubdrive_to_I10interchange,NB,0.34,0.61,16
10/7/2024 11:00,countryclubdrive_to_I10interchange,NB,0.42,0.7,14.5
10/7/2024 12:00,countryclubdrive_to_I10interchange,NB,0.43,0.71,14
10/7/2024 13:00,countryclubdrive_to_I10interchange,NB,0.4,0.67,15.4
10/7/2024 14:00,countryclubdrive_to_I10interchange,NB,0.35,0.62,16.1
10/7/2024 15:00,countryclubdrive_to_I10interchange,NB,0.37,0.64,15.5
10/7/2024 16:00,countryclubdrive_to_I10interchange,NB,0.39,0.66,15.3
10/7/2024 17:00,countryclubdrive_to_I10interchange,NB,0.28,0.56,17.8
10/7/2024 18:00,countryclubdrive_to_I10interchange,NB,0.26,0.53,18.5
10/7/2024 19:00,countryclubdrive_to_I10interchange,NB,0.21,0.48,21
10/7/2024 20:00,countryclubdrive_to_I10interchange,NB,0.14,0.42,25.1
10/7/2024 21:00,countryclubdrive_to_I10interchange,NB,0.2,0.47,22.7
10/7/2024 22:00,countryclubdrive_to_I10interchange,NB,0.16,0.43,23.1
10/7/2024 23:00,countryclubdrive_to_I10interchange,NB,0.16,0.43,23.3
10/8/2024 0:00,countryclubdrive_to_I10interchange,NB,0.07,0.35,28.2
10/8/2024 1:00,countryclubdrive_to_I10interchange,NB,0.01,0.26,38.4
10/8/2024 2:00,countryclubdrive_to_I10interchange,NB,0,0.26,37.9
10/8/2024 3:00,countryclubdrive_to_I10interchange,NB,0,0.24,39.7
10/8/2024 4:00,countryclubdrive_to_I10interchange,NB,0.08,0.34,29.5
10/8/2024 5:00,countryclubdrive_to_I10interchange,NB,0.23,0.5,20.5
10/8/2024 6:00,countryclubdrive_to_I10interchange,NB,0.3,0.57,18.9
10/8/2024 7:00,countryclubdrive_to_I10interchange,NB,0.5,0.78,13
10/8/2024 8:00,countryclubdrive_to_I10interchange,NB,0.41,0.69,14.5
10/8/2024 9:00,countryclubdrive_to_I10interchange,NB,0.45,0.73,13.6
10/8/2024 10:00,countryclubdrive_to_I10interchange,NB,0.25,0.52,18.8
10/8/2024 11:00,countryclubdrive_to_I10interchange,NB,0.41,0.69,14.5
10/8/2024 12:00,countryclubdrive_to_I10interchange,NB,0.52,0.79,12.7
10/8/2024 13:00,countryclubdrive_to_I10interchange,NB,0.43,0.71,14.4
10/8/2024 14:00,countryclubdrive_to_I10interchange,NB,0.58,0.85,11.9
10/8/2024 15:00,countryclubdrive_to_I10interchange,NB,0.43,0.7,14
10/8/2024 16:00,countryclubdrive_to_I10interchange,NB,0.38,0.65,15.3
10/8/2024 17:00,countryclubdrive_to_I10interchange,NB,0.38,0.65,15.1
10/8/2024 18:00,countryclubdrive_to_I10interchange,NB,0.24,0.52,19.1
10/8/2024 19:00,countryclubdrive_to_I10interchange,NB,0.18,0.45,22
10/8/2024 20:00,countryclubdrive_to_I10interchange,NB,0.25,0.52,20.5
10/8/2024 21:00,countryclubdrive_to_I10interchange,NB,0.24,0.51,20.2
10/8/2024 22:00,countryclubdrive_to_I10interchange,NB,0.23,0.5,19.8
10/8/2024 23:00,countryclubdrive_to_I10interchange,NB,0.08,0.35,28.6
10/9/2024 0:00,countryclubdrive_to_I10interchange,NB,0.09,0.35,29.2
10/9/2024 1:00,countryclubdrive_to_I10interchange,NB,0.01,0.26,36.8
10/9/2024 2:00,countryclubdrive_to_I10interchange,NB,0.02,0.27,37
10/9/2024 3:00,countryclubdrive_to_I10interchange,NB,0,0.24,40.5
10/9/2024 4:00,countryclubdrive_to_I10interchange,NB,0.08,0.35,29.5
10/9/2024 5:00,countryclubdrive_to_I10interchange,NB,0.17,0.45,23.8
10/9/2024 6:00,countryclubdrive_to_I10interchange,NB,0.33,0.61,16.3
10/9/2024 7:00,countryclubdrive_to_I10interchange,NB,0.42,0.7,14.6
10/9/2024 8:00,countryclubdrive_to_I10interchange,NB,0.47,0.74,13.7
10/9/2024 9:00,countryclubdrive_to_I10interchange,NB,0.4,0.67,14.6
10/9/2024 10:00,countryclubdrive_to_I10interchange,NB,0.28,0.55,18
10/9/2024 11:00,countryclubdrive_to_I10interchange,NB,0.33,0.61,16.9
10/9/2024 12:00,countryclubdrive_to_I10interchange,NB,0.57,0.84,12.2
10/9/2024 13:00,countryclubdrive_to_I10interchange,NB,0.49,0.77,13.2
10/9/2024 14:00,countryclubdrive_to_I10interchange,NB,0.43,0.71,14.1
10/9/2024 15:00,countryclubdrive_to_I10interchange,NB,0.39,0.66,14.9
10/9/2024 16:00,countryclubdrive_to_I10interchange,NB,0.38,0.66,14.8
10/9/2024 17:00,countryclubdrive_to_I10interchange,NB,0.44,0.71,14
10/9/2024 18:00,countryclubdrive_to_I10interchange,NB,0.29,0.57,17.7
10/9/2024 19:00,countryclubdrive_to_I10interchange,NB,0.29,0.56,18.6
10/9/2024 20:00,countryclubdrive_to_I10interchange,NB,0.13,0.4,24.7
10/9/2024 21:00,countryclubdrive_to_I10interchange,NB,0.21,0.49,21
10/9/2024 22:00,countryclubdrive_to_I10interchange,NB,0.11,0.38,26.3
10/9/2024 23:00,countryclubdrive_to_I10interchange,NB,0.22,0.49,20.7
10/10/2024 0:00,countryclubdrive_to_I10interchange,NB,0.05,0.3,35.5
10/10/2024 1:00,countryclubdrive_to_I10interchange,NB,0.01,0.24,39.9
10/10/2024 2:00,countryclubdrive_to_I10interchange,NB,0.07,0.34,29.8
10/10/2024 3:00,countryclubdrive_to_I10interchange,NB,0.02,0.28,34.7
10/10/2024 4:00,countryclubdrive_to_I10interchange,NB,0.07,0.34,30
10/10/2024 5:00,countryclubdrive_to_I10interchange,NB,0.03,0.3,33.4
10/10/2024 6:00,countryclubdrive_to_I10interchange,NB,0.21,0.49,21.4
10/10/2024 7:00,countryclubdrive_to_I10interchange,NB,0.41,0.68,15.1
10/10/2024 8:00,countryclubdrive_to_I10interchange,NB,0.41,0.68,14.8
10/10/2024 9:00,countryclubdrive_to_I10interchange,NB,0.38,0.65,15.3
10/10/2024 10:00,countryclubdrive_to_I10interchange,NB,0.47,0.75,13.7
10/10/2024 11:00,countryclubdrive_to_I10interchange,NB,0.56,0.84,12.2
10/10/2024 12:00,countryclubdrive_to_I10interchange,NB,0.41,0.69,14.4
10/10/2024 13:00,countryclubdrive_to_I10interchange,NB,0.43,0.7,14.2
10/10/2024 14:00,countryclubdrive_to_I10interchange,NB,0.34,0.62,15.8
10/10/2024 15:00,countryclubdrive_to_I10interchange,NB,0.46,0.73,13.5
10/10/2024 16:00,countryclubdrive_to_I10interchange,NB,0.42,0.7,14.3
10/10/2024 17:00,countryclubdrive_to_I10interchange,NB,0.42,0.69,14.2
10/10/2024 18:00,countryclubdrive_to_I10interchange,NB,0.32,0.59,16.5
10/10/2024 19:00,countryclubdrive_to_I10interchange,NB,0.28,0.56,18
10/10/2024 20:00,countryclubdrive_to_I10interchange,NB,0.25,0.52,19.8
10/10/2024 21:00,countryclubdrive_to_I10interchange,NB,0.31,0.59,19
10/10/2024 22:00,countryclubdrive_to_I10interchange,NB,0.17,0.45,22.4
10/10/2024 23:00,countryclubdrive_to_I10interchange,NB,0.21,0.48,21.2
10/11/2024 0:00,countryclubdrive_to_I10interchange,NB,0.02,0.29,34.5
10/11/2024 1:00,countryclubdrive_to_I10interchange,NB,0.02,0.3,33
10/11/2024 2:00,countryclubdrive_to_I10interchange,NB,0.01,0.28,35.1
10/11/2024 3:00,countryclubdrive_to_I10interchange,NB,0.06,0.31,34.1
10/11/2024 4:00,countryclubdrive_to_I10interchange,NB,0.08,0.36,28
10/11/2024 5:00,countryclubdrive_to_I10interchange,NB,0.16,0.44,23.1
10/11/2024 6:00,countryclubdrive_to_I10interchange,NB,0.29,0.57,18.6
10/11/2024 7:00,countryclubdrive_to_I10interchange,NB,0.43,0.71,14.9
10/11/2024 8:00,countryclubdrive_to_I10interchange,NB,0.4,0.68,14.6
10/11/2024 9:00,countryclubdrive_to_I10interchange,NB,0.34,0.61,16.4
10/11/2024 10:00,countryclubdrive_to_I10interchange,NB,0.54,0.82,12.6
10/11/2024 11:00,countryclubdrive_to_I10interchange,NB,0.52,0.79,12.6
10/11/2024 12:00,countryclubdrive_to_I10interchange,NB,0.46,0.74,13.7
10/11/2024 13:00,countryclubdrive_to_I10interchange,NB,0.43,0.71,14.5
10/11/2024 14:00,countryclubdrive_to_I10interchange,NB,0.39,0.66,15
10/11/2024 15:00,countryclubdrive_to_I10interchange,NB,0.42,0.69,14.3
10/11/2024 16:00,countryclubdrive_to_I10interchange,NB,0.38,0.66,14.9
10/11/2024 17:00,countryclubdrive_to_I10interchange,NB,0.37,0.65,15.3
10/11/2024 18:00,countryclubdrive_to_I10interchange,NB,0.42,0.7,14.5
10/11/2024 19:00,countryclubdrive_to_I10interchange,NB,0.25,0.53,20
10/11/2024 20:00,countryclubdrive_to_I10interchange,NB,0.29,0.56,18
10/11/2024 21:00,countryclubdrive_to_I10interchange,NB,0.25,0.52,19.1
10/11/2024 22:00,countryclubdrive_to_I10interchange,NB,0.38,0.66,15
10/11/2024 23:00,countryclubdrive_to_I10interchange,NB,0.18,0.46,22.2
10/12/2024 0:00,countryclubdrive_to_I10interchange,NB,0.14,0.41,23.8
10/12/2024 1:00,countryclubdrive_to_I10interchange,NB,0.08,0.36,28.5
10/12/2024 2:00,countryclubdrive_to_I10interchange,NB,0.06,0.33,29.8
10/12/2024 3:00,countryclubdrive_to_I10interchange,NB,0.01,0.28,35
10/12/2024 4:00,countryclubdrive_to_I10interchange,NB,0.01,0.27,36.3
10/12/2024 5:00,countryclubdrive_to_I10interchange,NB,0.1,0.37,27.7
10/12/2024 6:00,countryclubdrive_to_I10interchange,NB,0.25,0.53,18.7
10/12/2024 7:00,countryclubdrive_to_I10interchange,NB,0.31,0.58,17.2
10/12/2024 8:00,countryclubdrive_to_I10interchange,NB,0.25,0.52,19.2
10/12/2024 9:00,countryclubdrive_to_I10interchange,NB,0.35,0.62,16.1
10/12/2024 10:00,countryclubdrive_to_I10interchange,NB,0.33,0.6,17.3
10/12/2024 11:00,countryclubdrive_to_I10interchange,NB,0.34,0.62,16.3
10/12/2024 12:00,countryclubdrive_to_I10interchange,NB,0.36,0.64,15.6
10/12/2024 13:00,countryclubdrive_to_I10interchange,NB,0.33,0.6,16.2
10/12/2024 14:00,countryclubdrive_to_I10interchange,NB,0.37,0.65,15.5
10/12/2024 15:00,countryclubdrive_to_I10interchange,NB,0.38,0.65,15
10/12/2024 16:00,countryclubdrive_to_I10interchange,NB,0.5,0.78,13.4
10/12/2024 17:00,countryclubdrive_to_I10interchange,NB,0.4,0.67,15.1
10/12/2024 18:00,countryclubdrive_to_I10interchange,NB,0.3,0.57,17.7
10/12/2024 19:00,countryclubdrive_to_I10interchange,NB,0.75,1.03,12
10/12/2024 20:00,countryclubdrive_to_I10interchange,NB,0.24,0.51,21
10/12/2024 21:00,countryclubdrive_to_I10interchange,NB,0.26,0.53,18.6
10/12/2024 22:00,countryclubdrive_to_I10interchange,NB,0.2,0.48,20.6
10/12/2024 23:00,countryclubdrive_to_I10interchange,NB,0.2,0.48,21.6
10/13/2024 0:00,countryclubdrive_to_I10interchange,NB,0.12,0.39,25.8
10/13/2024 1:00,countryclubdrive_to_I10interchange,NB,0.05,0.32,30.5
10/13/2024 2:00,countryclubdrive_to_I10interchange,NB,0.15,0.42,23.7
10/13/2024 3:00,countryclubdrive_to_I10interchange,NB,0.05,0.32,30.5
10/13/2024 4:00,countryclubdrive_to_I10interchange,NB,0.02,0.28,34.8
10/13/2024 5:00,countryclubdrive_to_I10interchange,NB,0.01,0.26,37.5
10/13/2024 6:00,countryclubdrive_to_I10interchange,NB,0.12,0.38,27.1
10/13/2024 7:00,countryclubdrive_to_I10interchange,NB,0.23,0.51,20.4
10/13/2024 8:00,countryclubdrive_to_I10interchange,NB,0.19,0.46,21.6
10/13/2024 9:00,countryclubdrive_to_I10interchange,NB,0.19,0.47,21.4
10/13/2024 10:00,countryclubdrive_to_I10interchange,NB,0.41,0.68,15.7
10/13/2024 11:00,countryclubdrive_to_I10interchange,NB,0.35,0.63,15.9
10/13/2024 12:00,countryclubdrive_to_I10interchange,NB,0.27,0.54,18.3
10/13/2024 13:00,countryclubdrive_to_I10interchange,NB,0.37,0.64,15.8
10/13/2024 14:00,countryclubdrive_to_I10interchange,NB,0.35,0.62,16.6
10/13/2024 15:00,countryclubdrive_to_I10interchange,NB,0.33,0.61,16.6
10/13/2024 16:00,countryclubdrive_to_I10interchange,NB,0.21,0.48,20.8
10/13/2024 17:00,countryclubdrive_to_I10interchange,NB,0.27,0.55,18.7
10/13/2024 18:00,countryclubdrive_to_I10interchange,NB,0.14,0.42,23.8
10/13/2024 19:00,countryclubdrive_to_I10interchange,NB,0.16,0.44,22.9
10/13/2024 20:00,countryclubdrive_to_I10interchange,NB,0.28,0.56,18.6
10/13/2024 21:00,countryclubdrive_to_I10interchange,NB,0.23,0.5,20.6
10/13/2024 22:00,countryclubdrive_to_I10interchange,NB,0.16,0.43,23.6
10/13/2024 23:00,countryclubdrive_to_I10interchange,NB,0.2,0.47,21.5
10/14/2024 0:00,countryclubdrive_to_I10interchange,NB,0.14,0.41,23.9
10/14/2024 1:00,countryclubdrive_to_I10interchange,NB,0.07,0.33,30.2
10/14/2024 2:00,countryclubdrive_to_I10interchange,NB,0.04,0.3,33.1
10/14/2024 3:00,countryclubdrive_to_I10interchange,NB,0.02,0.26,37.4
10/14/2024 4:00,countryclubdrive_to_I10interchange,NB,0.06,0.33,30
10/14/2024 5:00,countryclubdrive_to_I10interchange,NB,0.13,0.4,26.6
10/14/2024 6:00,countryclubdrive_to_I10interchange,NB,0.28,0.56,19
10/14/2024 7:00,countryclubdrive_to_I10interchange,NB,0.44,0.72,13.8
10/14/2024 8:00,countryclubdrive_to_I10interchange,NB,0.4,0.68,15.5
10/14/2024 9:00,countryclubdrive_to_I10interchange,NB,0.4,0.68,15.1
10/14/2024 10:00,countryclubdrive_to_I10interchange,NB,0.39,0.66,15.7
10/14/2024 11:00,countryclubdrive_to_I10interchange,NB,0.47,0.75,13.6
10/14/2024 12:00,countryclubdrive_to_I10interchange,NB,0.45,0.73,13.7
10/14/2024 13:00,countryclubdrive_to_I10interchange,NB,0.53,0.81,12.9
10/14/2024 14:00,countryclubdrive_to_I10interchange,NB,0.37,0.64,15.3
10/14/2024 15:00,countryclubdrive_to_I10interchange,NB,0.45,0.72,14.3
10/14/2024 16:00,countryclubdrive_to_I10interchange,NB,0.35,0.63,16
10/14/2024 17:00,countryclubdrive_to_I10interchange,NB,0.31,0.59,16.7
10/14/2024 18:00,countryclubdrive_to_I10interchange,NB,0.27,0.54,18.2
10/14/2024 19:00,countryclubdrive_to_I10interchange,NB,0.2,0.47,21.9
10/14/2024 20:00,countryclubdrive_to_I10interchange,NB,0.24,0.52,20.1
10/14/2024 21:00,countryclubdrive_to_I10interchange,NB,0.25,0.53,19.4
10/14/2024 22:00,countryclubdrive_to_I10interchange,NB,0.24,0.52,19.7
10/14/2024 23:00,countryclubdrive_to_I10interchange,NB,0.06,0.34,29.1
10/15/2024 0:00,countryclubdrive_to_I10interchange,NB,0.01,0.27,35.9
10/15/2024 1:00,countryclubdrive_to_I10interchange,NB,0,0.23,42.1
10/15/2024 2:00,countryclubdrive_to_I10interchange,NB,0.02,0.26,39.3
10/15/2024 3:00,countryclubdrive_to_I10interchange,NB,0.09,0.36,28.7
10/15/2024 4:00,countryclubdrive_to_I10interchange,NB,0.07,0.34,28.6
10/15/2024 5:00,countryclubdrive_to_I10interchange,NB,0.2,0.48,21.8
10/15/2024 6:00,countryclubdrive_to_I10interchange,NB,0.33,0.61,17.4
10/15/2024 7:00,countryclubdrive_to_I10interchange,NB,0.34,0.62,16.5
10/15/2024 8:00,countryclubdrive_to_I10interchange,NB,0.41,0.69,14.4
10/15/2024 9:00,countryclubdrive_to_I10interchange,NB,0.37,0.64,15.5
10/15/2024 10:00,countryclubdrive_to_I10interchange,NB,0.41,0.68,14.7
10/15/2024 11:00,countryclubdrive_to_I10interchange,NB,0.43,0.71,14.9
10/15/2024 12:00,countryclubdrive_to_I10interchange,NB,0.52,0.8,12.9
10/15/2024 13:00,countryclubdrive_to_I10interchange,NB,0.52,0.8,12.7
10/15/2024 14:00,countryclubdrive_to_I10interchange,NB,0.49,0.77,12.8
10/15/2024 15:00,countryclubdrive_to_I10interchange,NB,0.46,0.74,13.4
10/15/2024 16:00,countryclubdrive_to_I10interchange,NB,0.35,0.63,15.7
10/15/2024 17:00,countryclubdrive_to_I10interchange,NB,0.33,0.61,16.3
10/15/2024 18:00,countryclubdrive_to_I10interchange,NB,0.23,0.51,19.3
10/15/2024 19:00,countryclubdrive_to_I10interchange,NB,0.3,0.58,17.8
10/15/2024 20:00,countryclubdrive_to_I10interchange,NB,0.31,0.58,18.9
10/15/2024 21:00,countryclubdrive_to_I10interchange,NB,0.25,0.52,20
10/15/2024 22:00,countryclubdrive_to_I10interchange,NB,0.14,0.41,24.9
10/15/2024 23:00,countryclubdrive_to_I10interchange,NB,0.1,0.37,26.9
10/16/2024 0:00,countryclubdrive_to_I10interchange,NB,0.05,0.32,30.5
10/16/2024 1:00,countryclubdrive_to_I10interchange,NB,0.03,0.29,34.4
10/16/2024 2:00,countryclubdrive_to_I10interchange,NB,0,0.22,43.3
10/16/2024 3:00,countryclubdrive_to_I10interchange,NB,0,0.22,44.5
10/16/2024 4:00,countryclubdrive_to_I10interchange,NB,0.05,0.31,31.7
10/16/2024 5:00,countryclubdrive_to_I10interchange,NB,0.13,0.41,24.4
10/16/2024 6:00,countryclubdrive_to_I10interchange,NB,0.43,0.7,14.7
10/16/2024 7:00,countryclubdrive_to_I10interchange,NB,0.37,0.65,15.5
10/16/2024 8:00,countryclubdrive_to_I10interchange,NB,0.54,0.82,12.3
10/16/2024 9:00,countryclubdrive_to_I10interchange,NB,0.45,0.72,13.7
10/16/2024 10:00,countryclubdrive_to_I10interchange,NB,0.38,0.66,15.6
10/16/2024 11:00,countryclubdrive_to_I10interchange,NB,0.38,0.66,16.1
10/16/2024 12:00,countryclubdrive_to_I10interchange,NB,0.54,0.82,12.7
10/16/2024 13:00,countryclubdrive_to_I10interchange,NB,0.53,0.8,12.8
10/16/2024 14:00,countryclubdrive_to_I10interchange,NB,0.42,0.7,14.7
10/16/2024 15:00,countryclubdrive_to_I10interchange,NB,0.48,0.76,13.3
10/16/2024 16:00,countryclubdrive_to_I10interchange,NB,0.4,0.67,14.7
10/16/2024 17:00,countryclubdrive_to_I10interchange,NB,0.36,0.64,15.6
10/16/2024 18:00,countryclubdrive_to_I10interchange,NB,0.29,0.56,17.7
10/16/2024 19:00,countryclubdrive_to_I10interchange,NB,0.24,0.51,20.1
10/16/2024 20:00,countryclubdrive_to_I10interchange,NB,0.25,0.53,20.4
10/16/2024 21:00,countryclubdrive_to_I10interchange,NB,0.24,0.51,21.2
10/16/2024 22:00,countryclubdrive_to_I10interchange,NB,0.2,0.47,22.8
10/16/2024 23:00,countryclubdrive_to_I10interchange,NB,0.11,0.39,26.1
10/17/2024 0:00,countryclubdrive_to_I10interchange,NB,0.06,0.33,29.6
10/17/2024 1:00,countryclubdrive_to_I10interchange,NB,0.01,0.26,38.5
10/17/2024 2:00,countryclubdrive_to_I10interchange,NB,0.06,0.32,30.3
10/17/2024 3:00,countryclubdrive_to_I10interchange,NB,0.02,0.28,35.8
10/17/2024 4:00,countryclubdrive_to_I10interchange,NB,0.03,0.3,32.6
10/17/2024 5:00,countryclubdrive_to_I10interchange,NB,0.16,0.44,23.4
10/17/2024 6:00,countryclubdrive_to_I10interchange,NB,0.25,0.52,20.3
10/17/2024 7:00,countryclubdrive_to_I10interchange,NB,0.38,0.66,15
10/17/2024 8:00,countryclubdrive_to_I10interchange,NB,0.49,0.77,12.9
10/17/2024 9:00,countryclubdrive_to_I10interchange,NB,0.48,0.75,13.3
10/17/2024 10:00,countryclubdrive_to_I10interchange,NB,0.37,0.65,15.4
10/17/2024 11:00,countryclubdrive_to_I10interchange,NB,0.47,0.75,13.2
10/17/2024 12:00,countryclubdrive_to_I10interchange,NB,0.44,0.72,14
10/17/2024 13:00,countryclubdrive_to_I10interchange,NB,0.47,0.75,13.4
10/17/2024 14:00,countryclubdrive_to_I10interchange,NB,0.37,0.65,15.3
10/17/2024 15:00,countryclubdrive_to_I10interchange,NB,0.39,0.66,14.8
10/17/2024 16:00,countryclubdrive_to_I10interchange,NB,0.48,0.75,13.1
10/17/2024 17:00,countryclubdrive_to_I10interchange,NB,0.38,0.65,15.3
10/17/2024 18:00,countryclubdrive_to_I10interchange,NB,0.28,0.56,18.2
10/17/2024 19:00,countryclubdrive_to_I10interchange,NB,0.23,0.5,20.4
10/17/2024 20:00,countryclubdrive_to_I10interchange,NB,0.28,0.55,18.4
10/17/2024 21:00,countryclubdrive_to_I10interchange,NB,0.36,0.63,16.3
10/17/2024 22:00,countryclubdrive_to_I10interchange,NB,0.24,0.51,19.8
10/17/2024 23:00,countryclubdrive_to_I10interchange,NB,0.1,0.37,26.4
10/18/2024 0:00,countryclubdrive_to_I10interchange,NB,0.16,0.43,25.6
10/18/2024 1:00,countryclubdrive_to_I10interchange,NB,0.01,0.25,38.9
10/18/2024 2:00,countryclubdrive_to_I10interchange,NB,0.07,0.33,31.2
10/18/2024 3:00,countryclubdrive_to_I10interchange,NB,0.08,0.35,27.7
10/18/2024 4:00,countryclubdrive_to_I10interchange,NB,0.09,0.35,29.9
10/18/2024 5:00,countryclubdrive_to_I10interchange,NB,0.17,0.44,22.8
10/18/2024 6:00,countryclubdrive_to_I10interchange,NB,0.2,0.48,21.7
10/18/2024 7:00,countryclubdrive_to_I10interchange,NB,0.39,0.67,15
10/18/2024 8:00,countryclubdrive_to_I10interchange,NB,0.48,0.76,13.3
10/18/2024 9:00,countryclubdrive_to_I10interchange,NB,0.48,0.75,13.2
10/18/2024 10:00,countryclubdrive_to_I10interchange,NB,0.48,0.76,13.4
10/18/2024 11:00,countryclubdrive_to_I10interchange,NB,0.5,0.78,13.3
10/18/2024 12:00,countryclubdrive_to_I10interchange,NB,0.52,0.8,12.4
10/18/2024 13:00,countryclubdrive_to_I10interchange,NB,0.49,0.76,12.9
10/18/2024 14:00,countryclubdrive_to_I10interchange,NB,0.43,0.71,14.1
10/18/2024 15:00,countryclubdrive_to_I10interchange,NB,0.44,0.71,13.8
10/18/2024 16:00,countryclubdrive_to_I10interchange,NB,0.5,0.77,13
10/18/2024 17:00,countryclubdrive_to_I10interchange,NB,0.41,0.68,14.4
10/18/2024 18:00,countryclubdrive_to_I10interchange,NB,0.3,0.58,17.5
10/18/2024 19:00,countryclubdrive_to_I10interchange,NB,0.26,0.53,19.3
10/18/2024 20:00,countryclubdrive_to_I10interchange,NB,0.26,0.54,18.8
10/18/2024 21:00,countryclubdrive_to_I10interchange,NB,0.21,0.49,21.1
10/18/2024 22:00,countryclubdrive_to_I10interchange,NB,0.25,0.52,19.6
10/18/2024 23:00,countryclubdrive_to_I10interchange,NB,0.18,0.46,22.6
10/19/2024 0:00,countryclubdrive_to_I10interchange,NB,0.18,0.46,21.7
10/19/2024 1:00,countryclubdrive_to_I10interchange,NB,0.13,0.4,25.4
10/19/2024 2:00,countryclubdrive_to_I10interchange,NB,0.04,0.29,35.9
10/19/2024 3:00,countryclubdrive_to_I10interchange,NB,0.12,0.39,27.7
10/19/2024 4:00,countryclubdrive_to_I10interchange,NB,0.02,0.29,34.1
10/19/2024 5:00,countryclubdrive_to_I10interchange,NB,0.05,0.32,32
10/19/2024 6:00,countryclubdrive_to_I10interchange,NB,0.29,0.56,18.2
10/19/2024 7:00,countryclubdrive_to_I10interchange,NB,0.26,0.54,18.6
10/19/2024 8:00,countryclubdrive_to_I10interchange,NB,0.24,0.52,19.8
10/19/2024 9:00,countryclubdrive_to_I10interchange,NB,0.2,0.48,20.7
10/19/2024 10:00,countryclubdrive_to_I10interchange,NB,0.33,0.6,16.7
10/19/2024 11:00,countryclubdrive_to_I10interchange,NB,0.35,0.63,16.1
10/19/2024 12:00,countryclubdrive_to_I10interchange,NB,0.4,0.68,14.5
10/19/2024 13:00,countryclubdrive_to_I10interchange,NB,0.31,0.58,17.1
10/19/2024 14:00,countryclubdrive_to_I10interchange,NB,0.32,0.59,16.9
10/19/2024 15:00,countryclubdrive_to_I10interchange,NB,0.33,0.6,16.5
10/19/2024 16:00,countryclubdrive_to_I10interchange,NB,0.27,0.55,18.2
10/19/2024 17:00,countryclubdrive_to_I10interchange,NB,0.32,0.59,17.1
10/19/2024 18:00,countryclubdrive_to_I10interchange,NB,0.21,0.48,20.9
10/19/2024 19:00,countryclubdrive_to_I10interchange,NB,0.17,0.45,22.6
10/19/2024 20:00,countryclubdrive_to_I10interchange,NB,0.31,0.58,17.4
10/19/2024 21:00,countryclubdrive_to_I10interchange,NB,0.29,0.57,17.7
10/19/2024 22:00,countryclubdrive_to_I10interchange,NB,0.13,0.4,24.9
10/19/2024 23:00,countryclubdrive_to_I10interchange,NB,0.09,0.36,27
10/20/2024 0:00,countryclubdrive_to_I10interchange,NB,0.19,0.47,21.7
10/20/2024 1:00,countryclubdrive_to_I10interchange,NB,0.08,0.35,28.8
10/20/2024 2:00,countryclubdrive_to_I10interchange,NB,0.1,0.38,26.1
10/20/2024 3:00,countryclubdrive_to_I10interchange,NB,0.01,0.28,34.3
10/20/2024 4:00,countryclubdrive_to_I10interchange,NB,0.07,0.35,28.6
10/20/2024 5:00,countryclubdrive_to_I10interchange,NB,0.05,0.33,30
10/20/2024 6:00,countryclubdrive_to_I10interchange,NB,0.11,0.39,26.7
10/20/2024 7:00,countryclubdrive_to_I10interchange,NB,0.14,0.42,24.7
10/20/2024 8:00,countryclubdrive_to_I10interchange,NB,0.2,0.48,20.8
10/20/2024 9:00,countryclubdrive_to_I10interchange,NB,0.21,0.49,20.4
10/20/2024 10:00,countryclubdrive_to_I10interchange,NB,0.32,0.59,17.4
10/20/2024 11:00,countryclubdrive_to_I10interchange,NB,0.41,0.69,14.6
10/20/2024 12:00,countryclubdrive_to_I10interchange,NB,0.31,0.59,17.3
10/20/2024 13:00,countryclubdrive_to_I10interchange,NB,0.24,0.51,20.3
10/20/2024 14:00,countryclubdrive_to_I10interchange,NB,0.34,0.61,16.5
10/20/2024 15:00,countryclubdrive_to_I10interchange,NB,0.36,0.64,15.9
10/20/2024 16:00,countryclubdrive_to_I10interchange,NB,0.27,0.55,18.1
10/20/2024 17:00,countryclubdrive_to_I10interchange,NB,0.36,0.64,15.8
10/20/2024 18:00,countryclubdrive_to_I10interchange,NB,0.25,0.52,19.2
10/20/2024 19:00,countryclubdrive_to_I10interchange,NB,0.24,0.52,19.6
10/20/2024 20:00,countryclubdrive_to_I10interchange,NB,0.24,0.51,20.1
10/20/2024 21:00,countryclubdrive_to_I10interchange,NB,0.22,0.5,20.1
10/20/2024 22:00,countryclubdrive_to_I10interchange,NB,0.24,0.51,20.2
10/20/2024 23:00,countryclubdrive_to_I10interchange,NB,0.25,0.52,19.1
10/21/2024 0:00,countryclubdrive_to_I10interchange,NB,0.02,0.29,33.1
10/21/2024 1:00,countryclubdrive_to_I10interchange,NB,0.01,0.27,36.9
10/21/2024 2:00,countryclubdrive_to_I10interchange,NB,0.02,0.28,35.5
10/21/2024 3:00,countryclubdrive_to_I10interchange,NB,0,0.26,37.2
10/21/2024 4:00,countryclubdrive_to_I10interchange,NB,0.07,0.33,30.6
10/21/2024 5:00,countryclubdrive_to_I10interchange,NB,0.15,0.43,23.5
10/21/2024 6:00,countryclubdrive_to_I10interchange,NB,0.32,0.6,17.1
10/21/2024 7:00,countryclubdrive_to_I10interchange,NB,0.44,0.72,14.1
10/21/2024 8:00,countryclubdrive_to_I10interchange,NB,0.41,0.68,14.5
10/21/2024 9:00,countryclubdrive_to_I10interchange,NB,0.4,0.68,14.8
10/21/2024 10:00,countryclubdrive_to_I10interchange,NB,0.4,0.68,14.8
10/21/2024 11:00,countryclubdrive_to_I10interchange,NB,0.42,0.69,14.5
10/21/2024 12:00,countryclubdrive_to_I10interchange,NB,0.57,0.84,12.1
10/21/2024 13:00,countryclubdrive_to_I10interchange,NB,0.64,0.92,11.8
10/21/2024 14:00,countryclubdrive_to_I10interchange,NB,0.61,0.89,12.2
10/21/2024 15:00,countryclubdrive_to_I10interchange,NB,0.41,0.69,14.5
10/21/2024 16:00,countryclubdrive_to_I10interchange,NB,0.36,0.64,15.4
10/21/2024 17:00,countryclubdrive_to_I10interchange,NB,0.38,0.65,15.2
10/21/2024 18:00,countryclubdrive_to_I10interchange,NB,0.32,0.59,16.9
10/21/2024 19:00,countryclubdrive_to_I10interchange,NB,0.27,0.55,18.6
10/21/2024 20:00,countryclubdrive_to_I10interchange,NB,0.21,0.49,21.1
10/21/2024 21:00,countryclubdrive_to_I10interchange,NB,0.24,0.52,20.4
10/21/2024 22:00,countryclubdrive_to_I10interchange,NB,0.11,0.39,25.9
10/21/2024 23:00,countryclubdrive_to_I10interchange,NB,0.03,0.3,32.9
10/22/2024 0:00,countryclubdrive_to_I10interchange,NB,0.03,0.29,34
10/22/2024 1:00,countryclubdrive_to_I10interchange,NB,0,0.23,42.5
10/22/2024 2:00,countryclubdrive_to_I10interchange,NB,0,0.26,37.1
10/22/2024 3:00,countryclubdrive_to_I10interchange,NB,0.02,0.27,35.8
10/22/2024 4:00,countryclubdrive_to_I10interchange,NB,0.1,0.37,27.6
10/22/2024 5:00,countryclubdrive_to_I10interchange,NB,0.19,0.46,21.3
10/22/2024 6:00,countryclubdrive_to_I10interchange,NB,0.22,0.49,22.3
10/22/2024 7:00,countryclubdrive_to_I10interchange,NB,0.42,0.69,14.5
10/22/2024 8:00,countryclubdrive_to_I10interchange,NB,0.41,0.68,14.6
10/22/2024 9:00,countryclubdrive_to_I10interchange,NB,0.39,0.67,15
10/22/2024 10:00,countryclubdrive_to_I10interchange,NB,0.45,0.73,15.1
10/22/2024 11:00,countryclubdrive_to_I10interchange,NB,0.45,0.73,14
10/22/2024 12:00,countryclubdrive_to_I10interchange,NB,0.45,0.73,14.2
10/22/2024 13:00,countryclubdrive_to_I10interchange,NB,0.4,0.68,14.7
10/22/2024 14:00,countryclubdrive_to_I10interchange,NB,0.33,0.6,16.5
10/22/2024 15:00,countryclubdrive_to_I10interchange,NB,0.51,0.78,12.7
10/22/2024 16:00,countryclubdrive_to_I10interchange,NB,0.38,0.66,15.1
10/22/2024 17:00,countryclubdrive_to_I10interchange,NB,0.42,0.7,14.1
10/22/2024 18:00,countryclubdrive_to_I10interchange,NB,0.24,0.5,22.1
10/22/2024 19:00,countryclubdrive_to_I10interchange,NB,0.27,0.54,18.7
10/22/2024 20:00,countryclubdrive_to_I10interchange,NB,0.24,0.52,19.3
10/22/2024 21:00,countryclubdrive_to_I10interchange,NB,0.2,0.47,21.5
10/22/2024 22:00,countryclubdrive_to_I10interchange,NB,0.24,0.52,19.3
10/22/2024 23:00,countryclubdrive_to_I10interchange,NB,0.05,0.32,32.3
10/23/2024 0:00,countryclubdrive_to_I10interchange,NB,0.08,0.35,28.3
10/23/2024 1:00,countryclubdrive_to_I10interchange,NB,0.01,0.25,39
10/23/2024 2:00,countryclubdrive_to_I10interchange,NB,0.01,0.27,36.1
10/23/2024 3:00,countryclubdrive_to_I10interchange,NB,0.03,0.28,36.1
10/23/2024 4:00,countryclubdrive_to_I10interchange,NB,0.04,0.31,32.7
10/23/2024 5:00,countryclubdrive_to_I10interchange,NB,0.09,0.36,28.2
10/23/2024 6:00,countryclubdrive_to_I10interchange,NB,0.29,0.57,18.2
10/23/2024 7:00,countryclubdrive_to_I10interchange,NB,0.57,0.85,12.5
10/23/2024 8:00,countryclubdrive_to_I10interchange,NB,0.58,0.86,11.9
10/23/2024 9:00,countryclubdrive_to_I10interchange,NB,0.4,0.67,14.8
10/23/2024 10:00,countryclubdrive_to_I10interchange,NB,0.41,0.69,14.8
10/23/2024 11:00,countryclubdrive_to_I10interchange,NB,0.43,0.7,14.8
10/23/2024 12:00,countryclubdrive_to_I10interchange,NB,0.45,0.73,13.9
10/23/2024 13:00,countryclubdrive_to_I10interchange,NB,0.49,0.77,13.4
10/23/2024 14:00,countryclubdrive_to_I10interchange,NB,0.59,0.87,11.8
10/23/2024 15:00,countryclubdrive_to_I10interchange,NB,0.59,0.87,11.6
10/23/2024 16:00,countryclubdrive_to_I10interchange,NB,0.54,0.81,12.5
10/23/2024 17:00,countryclubdrive_to_I10interchange,NB,0.38,0.66,15.1
10/23/2024 18:00,countryclubdrive_to_I10interchange,NB,0.36,0.63,15.9
10/23/2024 19:00,countryclubdrive_to_I10interchange,NB,0.26,0.53,19
10/23/2024 20:00,countryclubdrive_to_I10interchange,NB,0.32,0.6,18.4
10/23/2024 21:00,countryclubdrive_to_I10interchange,NB,0.28,0.55,18.4
10/23/2024 22:00,countryclubdrive_to_I10interchange,NB,0.08,0.36,27.2
10/23/2024 23:00,countryclubdrive_to_I10interchange,NB,0.13,0.4,25.6
10/24/2024 0:00,countryclubdrive_to_I10interchange,NB,0.02,0.29,34.6
10/24/2024 1:00,countryclubdrive_to_I10interchange,NB,0.04,0.28,36.8
10/24/2024 2:00,countryclubdrive_to_I10interchange,NB,0.06,0.32,30.3
10/24/2024 3:00,countryclubdrive_to_I10interchange,NB,0.1,0.36,29.2
10/24/2024 4:00,countryclubdrive_to_I10interchange,NB,0.07,0.34,29
10/24/2024 5:00,countryclubdrive_to_I10interchange,NB,0.11,0.38,26.5
10/24/2024 6:00,countryclubdrive_to_I10interchange,NB,0.35,0.63,19.3
10/24/2024 7:00,countryclubdrive_to_I10interchange,NB,0.47,0.75,13.5
10/24/2024 8:00,countryclubdrive_to_I10interchange,NB,0.59,0.87,11.8
10/24/2024 9:00,countryclubdrive_to_I10interchange,NB,0.4,0.67,14.9
10/24/2024 10:00,countryclubdrive_to_I10interchange,NB,0.47,0.74,13.8
10/24/2024 11:00,countryclubdrive_to_I10interchange,NB,0.32,0.6,17
10/24/2024 12:00,countryclubdrive_to_I10interchange,NB,0.46,0.74,14
10/24/2024 13:00,countryclubdrive_to_I10interchange,NB,0.42,0.7,14.2
10/24/2024 14:00,countryclubdrive_to_I10interchange,NB,0.45,0.73,13.4
10/24/2024 15:00,countryclubdrive_to_I10interchange,NB,0.6,0.87,11.4
10/24/2024 16:00,countryclubdrive_to_I10interchange,NB,0.49,0.76,13.1
10/24/2024 17:00,countryclubdrive_to_I10interchange,NB,0.49,0.76,13.3
10/24/2024 18:00,countryclubdrive_to_I10interchange,NB,0.47,0.75,14.2
10/24/2024 19:00,countryclubdrive_to_I10interchange,NB,0.18,0.46,21.8
10/24/2024 20:00,countryclubdrive_to_I10interchange,NB,0.35,0.63,17.4
10/24/2024 21:00,countryclubdrive_to_I10interchange,NB,0.26,0.54,19.3
10/24/2024 22:00,countryclubdrive_to_I10interchange,NB,0.37,0.64,16.7
10/24/2024 23:00,countryclubdrive_to_I10interchange,NB,0.1,0.38,26.9
10/25/2024 0:00,countryclubdrive_to_I10interchange,NB,0.11,0.39,26.3
10/25/2024 1:00,countryclubdrive_to_I10interchange,NB,0.06,0.32,32.6
10/25/2024 2:00,countryclubdrive_to_I10interchange,NB,0.03,0.29,34.1
10/25/2024 3:00,countryclubdrive_to_I10interchange,NB,0.04,0.31,32.5
10/25/2024 4:00,countryclubdrive_to_I10interchange,NB,0.06,0.34,29.5
10/25/2024 5:00,countryclubdrive_to_I10interchange,NB,0.19,0.46,22.4
10/25/2024 6:00,countryclubdrive_to_I10interchange,NB,0.28,0.56,18.5
10/25/2024 7:00,countryclubdrive_to_I10interchange,NB,0.5,0.77,13.5
10/25/2024 8:00,countryclubdrive_to_I10interchange,NB,0.71,0.99,10.3
10/25/2024 9:00,countryclubdrive_to_I10interchange,NB,0.56,0.83,12.2
10/25/2024 10:00,countryclubdrive_to_I10interchange,NB,0.63,0.9,11.4
10/25/2024 11:00,countryclubdrive_to_I10interchange,NB,0.47,0.75,13.2
10/25/2024 12:00,countryclubdrive_to_I10interchange,NB,0.57,0.85,11.6
10/25/2024 13:00,countryclubdrive_to_I10interchange,NB,0.51,0.79,12.7
10/25/2024 14:00,countryclubdrive_to_I10interchange,NB,0.52,0.79,12.5
10/25/2024 15:00,countryclubdrive_to_I10interchange,NB,0.57,0.85,11.7
10/25/2024 16:00,countryclubdrive_to_I10interchange,NB,0.47,0.75,13.5
10/25/2024 17:00,countryclubdrive_to_I10interchange,NB,0.37,0.64,15.2
10/25/2024 18:00,countryclubdrive_to_I10interchange,NB,0.37,0.64,15.9
10/25/2024 19:00,countryclubdrive_to_I10interchange,NB,0.37,0.65,16
10/25/2024 20:00,countryclubdrive_to_I10interchange,NB,0.27,0.54,19.1
10/25/2024 21:00,countryclubdrive_to_I10interchange,NB,0.27,0.54,18.9
10/25/2024 22:00,countryclubdrive_to_I10interchange,NB,0.25,0.52,20.4
10/25/2024 23:00,countryclubdrive_to_I10interchange,NB,0.16,0.43,23.7
10/26/2024 0:00,countryclubdrive_to_I10interchange,NB,0.15,0.42,23.5
10/26/2024 1:00,countryclubdrive_to_I10interchange,NB,0.05,0.32,30.6
10/26/2024 2:00,countryclubdrive_to_I10interchange,NB,0.04,0.3,33.5
10/26/2024 3:00,countryclubdrive_to_I10interchange,NB,0.02,0.28,35
10/26/2024 4:00,countryclubdrive_to_I10interchange,NB,0.11,0.38,25.9
10/26/2024 5:00,countryclubdrive_to_I10interchange,NB,0.16,0.44,23
10/26/2024 6:00,countryclubdrive_to_I10interchange,NB,0.27,0.55,18
10/26/2024 7:00,countryclubdrive_to_I10interchange,NB,0.37,0.64,17.1
10/26/2024 8:00,countryclubdrive_to_I10interchange,NB,0.28,0.56,18
10/26/2024 9:00,countryclubdrive_to_I10interchange,NB,0.28,0.56,18.4
10/26/2024 10:00,countryclubdrive_to_I10interchange,NB,0.27,0.54,18.9
10/26/2024 11:00,countryclubdrive_to_I10interchange,NB,0.49,0.76,13.1
10/26/2024 12:00,countryclubdrive_to_I10interchange,NB,0.32,0.6,17.3
10/26/2024 13:00,countryclubdrive_to_I10interchange,NB,0.31,0.58,17.2
10/26/2024 14:00,countryclubdrive_to_I10interchange,NB,0.41,0.69,14.5
10/26/2024 15:00,countryclubdrive_to_I10interchange,NB,0.44,0.71,14.3
10/26/2024 16:00,countryclubdrive_to_I10interchange,NB,0.39,0.67,15.2
10/26/2024 17:00,countryclubdrive_to_I10interchange,NB,0.42,0.7,14.6
10/26/2024 18:00,countryclubdrive_to_I10interchange,NB,0.3,0.58,17.6
10/26/2024 19:00,countryclubdrive_to_I10interchange,NB,0.34,0.61,17.3
10/26/2024 20:00,countryclubdrive_to_I10interchange,NB,0.25,0.52,19.6
10/26/2024 21:00,countryclubdrive_to_I10interchange,NB,0.23,0.51,20.3
10/26/2024 22:00,countryclubdrive_to_I10interchange,NB,0.24,0.52,19.8
10/26/2024 23:00,countryclubdrive_to_I10interchange,NB,0.2,0.47,21.6
10/27/2024 0:00,countryclubdrive_to_I10interchange,NB,0.21,0.48,21.2
10/27/2024 1:00,countryclubdrive_to_I10interchange,NB,0.05,0.3,34.1
10/27/2024 2:00,countryclubdrive_to_I10interchange,NB,0.05,0.32,31.7
10/27/2024 3:00,countryclubdrive_to_I10interchange,NB,0.1,0.37,27.6
10/27/2024 4:00,countryclubdrive_to_I10interchange,NB,0.03,0.3,32.8
10/27/2024 5:00,countryclubdrive_to_I10interchange,NB,0.09,0.35,30.1
10/27/2024 6:00,countryclubdrive_to_I10interchange,NB,0.06,0.33,29.8
10/27/2024 7:00,countryclubdrive_to_I10interchange,NB,0.18,0.45,23.8
10/27/2024 8:00,countryclubdrive_to_I10interchange,NB,0.28,0.56,19.5
10/27/2024 9:00,countryclubdrive_to_I10interchange,NB,0.24,0.52,19
10/27/2024 10:00,countryclubdrive_to_I10interchange,NB,0.34,0.61,16.6
10/27/2024 11:00,countryclubdrive_to_I10interchange,NB,0.39,0.66,15.7
10/27/2024 12:00,countryclubdrive_to_I10interchange,NB,0.37,0.64,16.3
10/27/2024 13:00,countryclubdrive_to_I10interchange,NB,0.35,0.63,16.2
10/27/2024 14:00,countryclubdrive_to_I10interchange,NB,0.3,0.57,17.8
10/27/2024 15:00,countryclubdrive_to_I10interchange,NB,0.28,0.56,17.9
10/27/2024 16:00,countryclubdrive_to_I10interchange,NB,0.3,0.57,18.3
10/27/2024 17:00,countryclubdrive_to_I10interchange,NB,0.25,0.53,19
10/27/2024 18:00,countryclubdrive_to_I10interchange,NB,0.23,0.5,20
10/27/2024 19:00,countryclubdrive_to_I10interchange,NB,0.28,0.55,18.7
10/27/2024 20:00,countryclubdrive_to_I10interchange,NB,0.18,0.45,21.9
10/27/2024 21:00,countryclubdrive_to_I10interchange,NB,0.22,0.5,20
10/27/2024 22:00,countryclubdrive_to_I10interchange,NB,0.1,0.37,26.5
10/27/2024 23:00,countryclubdrive_to_I10interchange,NB,0.08,0.36,27.3
10/28/2024 0:00,countryclubdrive_to_I10interchange,NB,0.03,0.29,34.5
10/28/2024 1:00,countryclubdrive_to_I10interchange,NB,0.05,0.3,33.2
10/28/2024 2:00,countryclubdrive_to_I10interchange,NB,0.07,0.33,29.8
10/28/2024 3:00,countryclubdrive_to_I10interchange,NB,0.07,0.33,31.1
10/28/2024 4:00,countryclubdrive_to_I10interchange,NB,0.07,0.34,29.1
10/28/2024 5:00,countryclubdrive_to_I10interchange,NB,0.16,0.44,23.4
10/28/2024 6:00,countryclubdrive_to_I10interchange,NB,0.3,0.58,17.4
10/28/2024 7:00,countryclubdrive_to_I10interchange,NB,0.33,0.6,16.7
10/28/2024 8:00,countryclubdrive_to_I10interchange,NB,0.53,0.8,12.4
10/28/2024 9:00,countryclubdrive_to_I10interchange,NB,0.47,0.75,13.5
10/28/2024 10:00,countryclubdrive_to_I10interchange,NB,0.34,0.62,16.4
10/28/2024 11:00,countryclubdrive_to_I10interchange,NB,0.41,0.69,15.5
10/28/2024 12:00,countryclubdrive_to_I10interchange,NB,0.5,0.77,12.9
10/28/2024 13:00,countryclubdrive_to_I10interchange,NB,0.39,0.67,15.3
10/28/2024 14:00,countryclubdrive_to_I10interchange,NB,0.52,0.8,13
10/28/2024 15:00,countryclubdrive_to_I10interchange,NB,0.42,0.69,14.5
10/28/2024 16:00,countryclubdrive_to_I10interchange,NB,0.38,0.66,15.4
10/28/2024 17:00,countryclubdrive_to_I10interchange,NB,0.39,0.67,14.9
10/28/2024 18:00,countryclubdrive_to_I10interchange,NB,0.18,0.46,22.5
10/28/2024 19:00,countryclubdrive_to_I10interchange,NB,0.23,0.5,20.1
10/28/2024 20:00,countryclubdrive_to_I10interchange,NB,0.12,0.39,25.5
10/28/2024 21:00,countryclubdrive_to_I10interchange,NB,0.25,0.52,19.3
10/28/2024 22:00,countryclubdrive_to_I10interchange,NB,0.19,0.47,21.6
10/28/2024 23:00,countryclubdrive_to_I10interchange,NB,0.12,0.39,26.1
10/29/2024 0:00,countryclubdrive_to_I10interchange,NB,0.03,0.31,31.7
10/29/2024 1:00,countryclubdrive_to_I10interchange,NB,0.02,0.28,35.7
10/29/2024 2:00,countryclubdrive_to_I10interchange,NB,0.05,0.3,32.5
10/29/2024 3:00,countryclubdrive_to_I10interchange,NB,0.05,0.28,34.7
10/29/2024 4:00,countryclubdrive_to_I10interchange,NB,0.14,0.4,27.4
10/29/2024 5:00,countryclubdrive_to_I10interchange,NB,0.07,0.34,29.6
10/29/2024 6:00,countryclubdrive_to_I10interchange,NB,0.39,0.66,15.9
10/29/2024 7:00,countryclubdrive_to_I10interchange,NB,0.42,0.7,14.7
10/29/2024 8:00,countryclubdrive_to_I10interchange,NB,0.52,0.8,12.5
10/29/2024 9:00,countryclubdrive_to_I10interchange,NB,0.53,0.8,12.7
10/29/2024 10:00,countryclubdrive_to_I10interchange,NB,0.49,0.76,13.1
10/29/2024 11:00,countryclubdrive_to_I10interchange,NB,0.38,0.66,15.5
10/29/2024 12:00,countryclubdrive_to_I10interchange,NB,0.45,0.72,13.9
10/29/2024 13:00,countryclubdrive_to_I10interchange,NB,0.43,0.71,14
10/29/2024 14:00,countryclubdrive_to_I10interchange,NB,0.53,0.8,12.4
10/29/2024 15:00,countryclubdrive_to_I10interchange,NB,0.5,0.78,12.7
10/29/2024 16:00,countryclubdrive_to_I10interchange,NB,0.45,0.72,13.7
10/29/2024 17:00,countryclubdrive_to_I10interchange,NB,0.36,0.64,15.6
10/29/2024 18:00,countryclubdrive_to_I10interchange,NB,0.25,0.52,19.6
10/29/2024 19:00,countryclubdrive_to_I10interchange,NB,0.24,0.51,19.5
10/29/2024 20:00,countryclubdrive_to_I10interchange,NB,0.18,0.46,22
10/29/2024 21:00,countryclubdrive_to_I10interchange,NB,0.23,0.5,20.7
10/29/2024 22:00,countryclubdrive_to_I10interchange,NB,0.15,0.43,24.7
10/29/2024 23:00,countryclubdrive_to_I10interchange,NB,0.08,0.35,27.9
10/30/2024 0:00,countryclubdrive_to_I10interchange,NB,0.16,0.44,22.7
10/30/2024 1:00,countryclubdrive_to_I10interchange,NB,0.06,0.33,29.8
10/30/2024 2:00,countryclubdrive_to_I10interchange,NB,0.01,0.26,38.3
10/30/2024 3:00,countryclubdrive_to_I10interchange,NB,0.04,0.3,33.1
10/30/2024 4:00,countryclubdrive_to_I10interchange,NB,0.04,0.31,31.5
10/30/2024 5:00,countryclubdrive_to_I10interchange,NB,0.1,0.37,26.9
10/30/2024 6:00,countryclubdrive_to_I10interchange,NB,0.3,0.58,17.5
10/30/2024 7:00,countryclubdrive_to_I10interchange,NB,0.46,0.74,13.8
10/30/2024 8:00,countryclubdrive_to_I10interchange,NB,0.51,0.78,13.1
10/30/2024 9:00,countryclubdrive_to_I10interchange,NB,0.39,0.67,16.5
10/30/2024 10:00,countryclubdrive_to_I10interchange,NB,0.46,0.73,13.6
10/30/2024 11:00,countryclubdrive_to_I10interchange,NB,0.4,0.67,15.2
10/30/2024 12:00,countryclubdrive_to_I10interchange,NB,0.49,0.76,12.9
10/30/2024 13:00,countryclubdrive_to_I10interchange,NB,0.53,0.81,12.6
10/30/2024 14:00,countryclubdrive_to_I10interchange,NB,0.43,0.7,14.3
10/30/2024 15:00,countryclubdrive_to_I10interchange,NB,0.49,0.76,13.1
10/30/2024 16:00,countryclubdrive_to_I10interchange,NB,0.5,0.77,13.3
10/30/2024 17:00,countryclubdrive_to_I10interchange,NB,0.47,0.75,13.5
10/30/2024 18:00,countryclubdrive_to_I10interchange,NB,0.23,0.51,19.8
10/30/2024 19:00,countryclubdrive_to_I10interchange,NB,0.2,0.47,21.5
10/30/2024 20:00,countryclubdrive_to_I10interchange,NB,0.29,0.56,18.9
10/30/2024 21:00,countryclubdrive_to_I10interchange,NB,0.18,0.46,22.1
10/30/2024 22:00,countryclubdrive_to_I10interchange,NB,0.22,0.5,20.2
10/30/2024 23:00,countryclubdrive_to_I10interchange,NB,0.15,0.43,23.3
10/31/2024 0:00,countryclubdrive_to_I10interchange,NB,0.07,0.35,28.5
10/31/2024 1:00,countryclubdrive_to_I10interchange,NB,0.01,0.25,39.4
10/31/2024 2:00,countryclubdrive_to_I10interchange,NB,0,0.23,42.9
10/31/2024 3:00,countryclubdrive_to_I10interchange,NB,0,0.25,38.5
10/31/2024 4:00,countryclubdrive_to_I10interchange,NB,0.03,0.3,33.3
10/31/2024 5:00,countryclubdrive_to_I10interchange,NB,0.06,0.33,31.1
10/31/2024 6:00,countryclubdrive_to_I10interchange,NB,0.3,0.57,17.7
10/31/2024 7:00,countryclubdrive_to_I10interchange,NB,0.57,0.85,12.9
10/31/2024 8:00,countryclubdrive_to_I10interchange,NB,0.55,0.82,12
10/31/2024 9:00,countryclubdrive_to_I10interchange,NB,0.37,0.64,15.4
10/31/2024 10:00,countryclubdrive_to_I10interchange,NB,0.37,0.64,15.5
10/31/2024 11:00,countryclubdrive_to_I10interchange,NB,0.45,0.72,13.7
10/31/2024 12:00,countryclubdrive_to_I10interchange,NB,0.51,0.78,12.7
10/31/2024 13:00,countryclubdrive_to_I10interchange,NB,0.55,0.82,12.1
10/31/2024 14:00,countryclubdrive_to_I10interchange,NB,0.5,0.78,13.3
10/31/2024 15:00,countryclubdrive_to_I10interchange,NB,0.59,0.86,11.6
10/31/2024 16:00,countryclubdrive_to_I10interchange,NB,0.5,0.77,13
10/31/2024 17:00,countryclubdrive_to_I10interchange,NB,0.49,0.77,13
10/31/2024 18:00,countryclubdrive_to_I10interchange,NB,0.3,0.58,17.5
10/31/2024 19:00,countryclubdrive_to_I10interchange,NB,0.38,0.65,17.6
10/31/2024 20:00,countryclubdrive_to_I10interchange,NB,0.26,0.54,18.9
10/31/2024 21:00,countryclubdrive_to_I10interchange,NB,0.26,0.54,18.7
10/31/2024 22:00,countryclubdrive_to_I10interchange,NB,0.19,0.46,22.3
10/31/2024 23:00,countryclubdrive_to_I10interchange,NB,0.15,0.42,24.1
11/1/2024 0:00,countryclubdrive_to_I10interchange,NB,0.06,0.33,30
11/1/2024 1:00,countryclubdrive_to_I10interchange,NB,0,0.24,40.4
11/1/2024 2:00,countryclubdrive_to_I10interchange,NB,0.05,0.31,31.3
11/1/2024 3:00,countryclubdrive_to_I10interchange,NB,0.07,0.34,28.9
11/1/2024 4:00,countryclubdrive_to_I10interchange,NB,0.1,0.37,27.4
11/1/2024 5:00,countryclubdrive_to_I10interchange,NB,0.1,0.37,26.7
11/1/2024 6:00,countryclubdrive_to_I10interchange,NB,0.32,0.59,18.2
11/1/2024 7:00,countryclubdrive_to_I10interchange,NB,0.5,0.77,13.1
11/1/2024 8:00,countryclubdrive_to_I10interchange,NB,0.64,0.91,11.3
11/1/2024 9:00,countryclubdrive_to_I10interchange,NB,0.44,0.72,14.2
11/1/2024 10:00,countryclubdrive_to_I10interchange,NB,0.42,0.7,15.3
11/1/2024 11:00,countryclubdrive_to_I10interchange,NB,0.44,0.72,14.2
11/1/2024 12:00,countryclubdrive_to_I10interchange,NB,0.66,0.93,10.6
11/1/2024 13:00,countryclubdrive_to_I10interchange,NB,0.54,0.82,13.3
11/1/2024 14:00,countryclubdrive_to_I10interchange,NB,0.44,0.71,14.2
11/1/2024 15:00,countryclubdrive_to_I10interchange,NB,0.62,0.89,11.1
11/1/2024 16:00,countryclubdrive_to_I10interchange,NB,0.55,0.82,12.3
11/1/2024 17:00,countryclubdrive_to_I10interchange,NB,0.45,0.73,14.4
11/1/2024 18:00,countryclubdrive_to_I10interchange,NB,0.33,0.6,17.4
11/1/2024 19:00,countryclubdrive_to_I10interchange,NB,0.24,0.51,21.1
11/1/2024 20:00,countryclubdrive_to_I10interchange,NB,0.31,0.59,17
11/1/2024 21:00,countryclubdrive_to_I10interchange,NB,0.25,0.53,20
11/1/2024 22:00,countryclubdrive_to_I10interchange,NB,0.21,0.48,21.1
11/1/2024 23:00,countryclubdrive_to_I10interchange,NB,0.23,0.51,19.9
11/2/2024 0:00,countryclubdrive_to_I10interchange,NB,0.13,0.41,24.3
11/2/2024 1:00,countryclubdrive_to_I10interchange,NB,0.06,0.33,29.2
11/2/2024 2:00,countryclubdrive_to_I10interchange,NB,0.09,0.36,27.8
11/2/2024 3:00,countryclubdrive_to_I10interchange,NB,0.03,0.3,32.5
11/2/2024 4:00,countryclubdrive_to_I10interchange,NB,0.02,0.3,32.8
11/2/2024 5:00,countryclubdrive_to_I10interchange,NB,0.12,0.38,30.2
11/2/2024 6:00,countryclubdrive_to_I10interchange,NB,0.27,0.55,19.2
11/2/2024 7:00,countryclubdrive_to_I10interchange,NB,0.51,0.79,12.8
11/2/2024 8:00,countryclubdrive_to_I10interchange,NB,0.26,0.54,19.3
11/2/2024 9:00,countryclubdrive_to_I10interchange,NB,0.31,0.59,17.6
11/2/2024 10:00,countryclubdrive_to_I10interchange,NB,0.44,0.72,13.8
11/2/2024 11:00,countryclubdrive_to_I10interchange,NB,0.51,0.78,13.3
11/2/2024 12:00,countryclubdrive_to_I10interchange,NB,0.39,0.67,15.3
11/2/2024 13:00,countryclubdrive_to_I10interchange,NB,0.42,0.7,14.2
11/2/2024 14:00,countryclubdrive_to_I10interchange,NB,0.43,0.71,14.5
11/2/2024 15:00,countryclubdrive_to_I10interchange,NB,0.34,0.62,16.3
11/2/2024 16:00,countryclubdrive_to_I10interchange,NB,0.35,0.63,16.2
11/2/2024 17:00,countryclubdrive_to_I10interchange,NB,0.37,0.65,16
11/2/2024 18:00,countryclubdrive_to_I10interchange,NB,0.34,0.62,17.1
11/2/2024 19:00,countryclubdrive_to_I10interchange,NB,0.22,0.49,20.5
11/2/2024 20:00,countryclubdrive_to_I10interchange,NB,0.26,0.53,19.6
11/2/2024 21:00,countryclubdrive_to_I10interchange,NB,0.33,0.6,17
11/2/2024 22:00,countryclubdrive_to_I10interchange,NB,0.32,0.59,17
11/2/2024 23:00,countryclubdrive_to_I10interchange,NB,0.12,0.4,24.8
11/3/2024 0:00,countryclubdrive_to_I10interchange,NB,0.04,0.32,31
11/3/2024 1:00,countryclubdrive_to_I10interchange,NB,0.1,0.38,26.1
11/3/2024 1:00,countryclubdrive_to_I10interchange,NB,0.07,0.35,28.2
11/3/2024 2:00,countryclubdrive_to_I10interchange,NB,0.05,0.33,29.6
11/3/2024 3:00,countryclubdrive_to_I10interchange,NB,0.04,0.32,31.3
11/3/2024 4:00,countryclubdrive_to_I10interchange,NB,0.04,0.29,34.1
11/3/2024 5:00,countryclubdrive_to_I10interchange,NB,0.16,0.43,23.7
11/3/2024 6:00,countryclubdrive_to_I10interchange,NB,0.29,0.57,18.1
11/3/2024 7:00,countryclubdrive_to_I10interchange,NB,0.15,0.43,24.1
11/3/2024 8:00,countryclubdrive_to_I10interchange,NB,0.19,0.46,22.6
11/3/2024 9:00,countryclubdrive_to_I10interchange,NB,0.25,0.53,19.6
11/3/2024 10:00,countryclubdrive_to_I10interchange,NB,0.27,0.55,18.4
11/3/2024 11:00,countryclubdrive_to_I10interchange,NB,0.41,0.69,15.2
11/3/2024 12:00,countryclubdrive_to_I10interchange,NB,0.31,0.59,18
11/3/2024 13:00,countryclubdrive_to_I10interchange,NB,0.36,0.63,16.4
11/3/2024 14:00,countryclubdrive_to_I10interchange,NB,0.38,0.65,15.8
11/3/2024 15:00,countryclubdrive_to_I10interchange,NB,0.32,0.6,16.7
11/3/2024 16:00,countryclubdrive_to_I10interchange,NB,0.3,0.57,17.2
11/3/2024 17:00,countryclubdrive_to_I10interchange,NB,0.28,0.55,18.5
11/3/2024 18:00,countryclubdrive_to_I10interchange,NB,0.2,0.47,21.9
11/3/2024 19:00,countryclubdrive_to_I10interchange,NB,0.23,0.51,21.1
11/3/2024 20:00,countryclubdrive_to_I10interchange,NB,0.13,0.41,24.8
11/3/2024 21:00,countryclubdrive_to_I10interchange,NB,0.12,0.39,25.6
11/3/2024 22:00,countryclubdrive_to_I10interchange,NB,0.13,0.41,24.4
11/3/2024 23:00,countryclubdrive_to_I10interchange,NB,0.11,0.38,26.3
11/4/2024 0:00,countryclubdrive_to_I10interchange,NB,0.02,0.29,34.4
11/4/2024 1:00,countryclubdrive_to_I10interchange,NB,0,0.26,37.1
11/4/2024 2:00,countryclubdrive_to_I10interchange,NB,0,0.24,40.3
11/4/2024 3:00,countryclubdrive_to_I10interchange,NB,0.06,0.32,32.3
11/4/2024 4:00,countryclubdrive_to_I10interchange,NB,0.03,0.29,34.7
11/4/2024 5:00,countryclubdrive_to_I10interchange,NB,0.3,0.57,17.9
11/4/2024 6:00,countryclubdrive_to_I10interchange,NB,0.36,0.64,16.9
11/4/2024 7:00,countryclubdrive_to_I10interchange,NB,0.53,0.81,12.3
11/4/2024 8:00,countryclubdrive_to_I10interchange,NB,0.52,0.8,12.8
11/4/2024 9:00,countryclubdrive_to_I10interchange,NB,0.46,0.74,13.4
11/4/2024 10:00,countryclubdrive_to_I10interchange,NB,0.54,0.81,12.4
11/4/2024 11:00,countryclubdrive_to_I10interchange,NB,0.44,0.72,13.9
11/4/2024 12:00,countryclubdrive_to_I10interchange,NB,0.49,0.77,13.6
11/4/2024 13:00,countryclubdrive_to_I10interchange,NB,0.6,0.87,11.3
11/4/2024 14:00,countryclubdrive_to_I10interchange,NB,0.55,0.83,12.2
11/4/2024 15:00,countryclubdrive_to_I10interchange,NB,0.64,0.92,10.9
11/4/2024 16:00,countryclubdrive_to_I10interchange,NB,0.51,0.78,12.5
11/4/2024 17:00,countryclubdrive_to_I10interchange,NB,0.38,0.65,15.1
11/4/2024 18:00,countryclubdrive_to_I10interchange,NB,0.41,0.68,15.4
11/4/2024 19:00,countryclubdrive_to_I10interchange,NB,0.37,0.64,19.4
11/4/2024 20:00,countryclubdrive_to_I10interchange,NB,0.14,0.42,24
11/4/2024 21:00,countryclubdrive_to_I10interchange,NB,0.2,0.47,22.3
11/4/2024 22:00,countryclubdrive_to_I10interchange,NB,0.1,0.38,26.9
11/4/2024 23:00,countryclubdrive_to_I10interchange,NB,0.16,0.43,23.6
11/5/2024 0:00,countryclubdrive_to_I10interchange,NB,0.12,0.38,31.1
11/5/2024 1:00,countryclubdrive_to_I10interchange,NB,0.02,0.27,37.6
11/5/2024 2:00,countryclubdrive_to_I10interchange,NB,0.01,0.25,39.4
11/5/2024 3:00,countryclubdrive_to_I10interchange,NB,0.02,0.27,37.3
11/5/2024 4:00,countryclubdrive_to_I10interchange,NB,0.06,0.33,29.6
11/5/2024 5:00,countryclubdrive_to_I10interchange,NB,0.16,0.43,23.7
11/5/2024 6:00,countryclubdrive_to_I10interchange,NB,0.36,0.63,16.2
11/5/2024 7:00,countryclubdrive_to_I10interchange,NB,0.45,0.72,13.9
11/5/2024 8:00,countryclubdrive_to_I10interchange,NB,0.47,0.75,13.5
11/5/2024 9:00,countryclubdrive_to_I10interchange,NB,0.47,0.74,13.3
11/5/2024 10:00,countryclubdrive_to_I10interchange,NB,0.55,0.82,12
11/5/2024 11:00,countryclubdrive_to_I10interchange,NB,0.54,0.81,12.4
11/5/2024 12:00,countryclubdrive_to_I10interchange,NB,0.52,0.8,12.7
11/5/2024 13:00,countryclubdrive_to_I10interchange,NB,0.5,0.77,12.9
11/5/2024 14:00,countryclubdrive_to_I10interchange,NB,0.55,0.83,12.4
11/5/2024 15:00,countryclubdrive_to_I10interchange,NB,0.61,0.88,11.2
11/5/2024 16:00,countryclubdrive_to_I10interchange,NB,0.5,0.77,12.9
11/5/2024 17:00,countryclubdrive_to_I10interchange,NB,0.51,0.78,12.9
11/5/2024 18:00,countryclubdrive_to_I10interchange,NB,0.33,0.61,16.9
11/5/2024 19:00,countryclubdrive_to_I10interchange,NB,0.21,0.49,21.1
11/5/2024 20:00,countryclubdrive_to_I10interchange,NB,0.17,0.44,22.3
11/5/2024 21:00,countryclubdrive_to_I10interchange,NB,0.15,0.42,23.6
11/5/2024 22:00,countryclubdrive_to_I10interchange,NB,0.11,0.38,26.7
11/5/2024 23:00,countryclubdrive_to_I10interchange,NB,0.1,0.37,26.8
11/6/2024 0:00,countryclubdrive_to_I10interchange,NB,0.03,0.3,32.2
11/6/2024 1:00,countryclubdrive_to_I10interchange,NB,0.02,0.28,36.2
11/6/2024 2:00,countryclubdrive_to_I10interchange,NB,0,0.22,44
11/6/2024 3:00,countryclubdrive_to_I10interchange,NB,0,0.23,41.7
11/6/2024 4:00,countryclubdrive_to_I10interchange,NB,0.04,0.31,32.7
11/6/2024 5:00,countryclubdrive_to_I10interchange,NB,0.21,0.48,21.6
11/6/2024 6:00,countryclubdrive_to_I10interchange,NB,0.41,0.68,14.6
11/6/2024 7:00,countryclubdrive_to_I10interchange,NB,0.51,0.78,13
11/6/2024 8:00,countryclubdrive_to_I10interchange,NB,0.51,0.78,12.7
11/6/2024 9:00,countryclubdrive_to_I10interchange,NB,0.51,0.79,13.4
11/6/2024 10:00,countryclubdrive_to_I10interchange,NB,0.47,0.75,13.4
11/6/2024 11:00,countryclubdrive_to_I10interchange,NB,0.49,0.76,13.1
11/6/2024 12:00,countryclubdrive_to_I10interchange,NB,0.43,0.7,14.4
11/6/2024 13:00,countryclubdrive_to_I10interchange,NB,0.5,0.77,13
11/6/2024 14:00,countryclubdrive_to_I10interchange,NB,0.56,0.83,11.8
11/6/2024 15:00,countryclubdrive_to_I10interchange,NB,0.69,0.96,10.8
11/6/2024 16:00,countryclubdrive_to_I10interchange,NB,0.61,0.89,11.5
11/6/2024 17:00,countryclubdrive_to_I10interchange,NB,0.45,0.72,13.9
11/6/2024 18:00,countryclubdrive_to_I10interchange,NB,0.26,0.54,18.6
11/6/2024 19:00,countryclubdrive_to_I10interchange,NB,0.23,0.5,20.2
11/6/2024 20:00,countryclubdrive_to_I10interchange,NB,0.34,0.61,16.6
11/6/2024 21:00,countryclubdrive_to_I10interchange,NB,0.18,0.45,22.9
11/6/2024 22:00,countryclubdrive_to_I10interchange,NB,0.13,0.4,25.2
11/6/2024 23:00,countryclubdrive_to_I10interchange,NB,0.08,0.36,27.7
11/7/2024 0:00,countryclubdrive_to_I10interchange,NB,0.07,0.34,30.9
11/7/2024 1:00,countryclubdrive_to_I10interchange,NB,0.02,0.29,34.1
11/7/2024 2:00,countryclubdrive_to_I10interchange,NB,0.04,0.31,32
11/7/2024 3:00,countryclubdrive_to_I10interchange,NB,0.08,0.32,32.5
11/7/2024 4:00,countryclubdrive_to_I10interchange,NB,0.07,0.34,28.9
11/7/2024 5:00,countryclubdrive_to_I10interchange,NB,0.21,0.48,22.2
11/7/2024 6:00,countryclubdrive_to_I10interchange,NB,0.29,0.56,18.4
11/7/2024 7:00,countryclubdrive_to_I10interchange,NB,0.44,0.72,13.7
11/7/2024 8:00,countryclubdrive_to_I10interchange,NB,0.63,0.9,11.2
11/7/2024 9:00,countryclubdrive_to_I10interchange,NB,0.57,0.84,11.9
11/7/2024 10:00,countryclubdrive_to_I10interchange,NB,0.5,0.77,13.5
11/7/2024 11:00,countryclubdrive_to_I10interchange,NB,0.5,0.78,13.3
11/7/2024 12:00,countryclubdrive_to_I10interchange,NB,0.5,0.77,13
11/7/2024 13:00,countryclubdrive_to_I10interchange,NB,0.54,0.82,12.1
11/7/2024 14:00,countryclubdrive_to_I10interchange,NB,0.52,0.8,12.5
11/7/2024 15:00,countryclubdrive_to_I10interchange,NB,0.65,0.93,11
11/7/2024 16:00,countryclubdrive_to_I10interchange,NB,0.53,0.8,12.6
11/7/2024 17:00,countryclubdrive_to_I10interchange,NB,0.62,0.89,11.3
11/7/2024 18:00,countryclubdrive_to_I10interchange,NB,0.27,0.55,18.6
11/7/2024 19:00,countryclubdrive_to_I10interchange,NB,0.23,0.5,19.9
11/7/2024 20:00,countryclubdrive_to_I10interchange,NB,0.24,0.52,20.3
11/7/2024 21:00,countryclubdrive_to_I10interchange,NB,0.26,0.54,18.6
11/7/2024 22:00,countryclubdrive_to_I10interchange,NB,0.11,0.38,26.2
11/7/2024 23:00,countryclubdrive_to_I10interchange,NB,0.12,0.39,25.4
11/8/2024 0:00,countryclubdrive_to_I10interchange,NB,0.04,0.31,32.1
11/8/2024 1:00,countryclubdrive_to_I10interchange,NB,0.02,0.29,33.4
11/8/2024 2:00,countryclubdrive_to_I10interchange,NB,0.07,0.33,30.6
11/8/2024 3:00,countryclubdrive_to_I10interchange,NB,0.01,0.26,37.9
11/8/2024 4:00,countryclubdrive_to_I10interchange,NB,0.11,0.38,27.7
11/8/2024 5:00,countryclubdrive_to_I10interchange,NB,0.16,0.43,25.4
11/8/2024 6:00,countryclubdrive_to_I10interchange,NB,0.35,0.62,16.4
11/8/2024 7:00,countryclubdrive_to_I10interchange,NB,0.39,0.66,15.5
11/8/2024 8:00,countryclubdrive_to_I10interchange,NB,0.57,0.84,12
11/8/2024 9:00,countryclubdrive_to_I10interchange,NB,0.41,0.69,15.5
11/8/2024 10:00,countryclubdrive_to_I10interchange,NB,0.42,0.69,14.7
11/8/2024 11:00,countryclubdrive_to_I10interchange,NB,0.43,0.71,14.2
11/8/2024 12:00,countryclubdrive_to_I10interchange,NB,0.7,0.97,10.7
11/8/2024 13:00,countryclubdrive_to_I10interchange,NB,0.76,1.03,9.8
11/8/2024 14:00,countryclubdrive_to_I10interchange,NB,0.65,0.92,10.6
11/8/2024 15:00,countryclubdrive_to_I10interchange,NB,0.74,1.01,9.8
11/8/2024 16:00,countryclubdrive_to_I10interchange,NB,0.59,0.86,11.7
11/8/2024 17:00,countryclubdrive_to_I10interchange,NB,0.42,0.7,14.2
11/8/2024 18:00,countryclubdrive_to_I10interchange,NB,0.34,0.62,16.6
11/8/2024 19:00,countryclubdrive_to_I10interchange,NB,0.3,0.57,17.6
11/8/2024 20:00,countryclubdrive_to_I10interchange,NB,0.22,0.5,20.7
11/8/2024 21:00,countryclubdrive_to_I10interchange,NB,0.17,0.45,23
11/8/2024 22:00,countryclubdrive_to_I10interchange,NB,0.28,0.56,18.8
11/8/2024 23:00,countryclubdrive_to_I10interchange,NB,0.21,0.49,20.8
11/9/2024 0:00,countryclubdrive_to_I10interchange,NB,0.13,0.41,25
11/9/2024 1:00,countryclubdrive_to_I10interchange,NB,0.07,0.35,29
11/9/2024 2:00,countryclubdrive_to_I10interchange,NB,0.03,0.3,32.6
11/9/2024 3:00,countryclubdrive_to_I10interchange,NB,0.06,0.34,28.8
11/9/2024 4:00,countryclubdrive_to_I10interchange,NB,0.02,0.27,38.1
11/9/2024 5:00,countryclubdrive_to_I10interchange,NB,0.1,0.38,26.3
11/9/2024 6:00,countryclubdrive_to_I10interchange,NB,0.22,0.5,20.1
11/9/2024 7:00,countryclubdrive_to_I10interchange,NB,0.26,0.54,20.2
11/9/2024 8:00,countryclubdrive_to_I10interchange,NB,0.33,0.6,16.9
11/9/2024 9:00,countryclubdrive_to_I10interchange,NB,0.24,0.52,19.8
11/9/2024 10:00,countryclubdrive_to_I10interchange,NB,0.49,0.77,13.7
11/9/2024 11:00,countryclubdrive_to_I10interchange,NB,0.53,0.8,12.6
11/9/2024 12:00,countryclubdrive_to_I10interchange,NB,0.4,0.68,14.7
11/9/2024 13:00,countryclubdrive_to_I10interchange,NB,0.52,0.8,12.7
11/9/2024 14:00,countryclubdrive_to_I10interchange,NB,0.44,0.71,13.8
11/9/2024 15:00,countryclubdrive_to_I10interchange,NB,0.47,0.74,13.5
11/9/2024 16:00,countryclubdrive_to_I10interchange,NB,0.39,0.67,15.1
11/9/2024 17:00,countryclubdrive_to_I10interchange,NB,0.3,0.58,17.2
11/9/2024 18:00,countryclubdrive_to_I10interchange,NB,0.23,0.51,20
11/9/2024 19:00,countryclubdrive_to_I10interchange,NB,0.39,0.67,15.9
11/9/2024 20:00,countryclubdrive_to_I10interchange,NB,0.26,0.53,19.1
11/9/2024 21:00,countryclubdrive_to_I10interchange,NB,0.23,0.5,21.1
11/9/2024 22:00,countryclubdrive_to_I10interchange,NB,0.19,0.47,21.7
11/9/2024 23:00,countryclubdrive_to_I10interchange,NB,0.22,0.5,19.8
11/10/2024 0:00,countryclubdrive_to_I10interchange,NB,0.13,0.4,24.9
11/10/2024 1:00,countryclubdrive_to_I10interchange,NB,0.06,0.33,29.7
11/10/2024 2:00,countryclubdrive_to_I10interchange,NB,0.08,0.36,27.6
11/10/2024 3:00,countryclubdrive_to_I10interchange,NB,0.13,0.41,24.5
11/10/2024 4:00,countryclubdrive_to_I10interchange,NB,0.03,0.28,34.4
11/10/2024 5:00,countryclubdrive_to_I10interchange,NB,0.11,0.39,26.8
11/10/2024 6:00,countryclubdrive_to_I10interchange,NB,0.17,0.44,24.7
11/10/2024 7:00,countryclubdrive_to_I10interchange,NB,0.15,0.43,22.9
11/10/2024 8:00,countryclubdrive_to_I10interchange,NB,0.25,0.53,20.1
11/10/2024 9:00,countryclubdrive_to_I10interchange,NB,0.28,0.56,18.9
11/10/2024 10:00,countryclubdrive_to_I10interchange,NB,0.34,0.61,16.2
11/10/2024 11:00,countryclubdrive_to_I10interchange,NB,0.43,0.7,15.1
11/10/2024 12:00,countryclubdrive_to_I10interchange,NB,0.54,0.82,12.5
11/10/2024 13:00,countryclubdrive_to_I10interchange,NB,0.43,0.71,15
11/10/2024 14:00,countryclubdrive_to_I10interchange,NB,0.53,0.81,12.5
11/10/2024 15:00,countryclubdrive_to_I10interchange,NB,0.41,0.69,14.6
11/10/2024 16:00,countryclubdrive_to_I10interchange,NB,0.36,0.64,16.8
11/10/2024 17:00,countryclubdrive_to_I10interchange,NB,0.35,0.63,16.2
11/10/2024 18:00,countryclubdrive_to_I10interchange,NB,0.39,0.67,15.8
11/10/2024 19:00,countryclubdrive_to_I10interchange,NB,0.32,0.59,17.3
11/10/2024 20:00,countryclubdrive_to_I10interchange,NB,0.22,0.5,20.6
11/10/2024 21:00,countryclubdrive_to_I10interchange,NB,0.17,0.45,23.5
11/10/2024 22:00,countryclubdrive_to_I10interchange,NB,0.1,0.38,26.2
11/10/2024 23:00,countryclubdrive_to_I10interchange,NB,0.19,0.47,21.6
11/11/2024 0:00,countryclubdrive_to_I10interchange,NB,0.08,0.35,27.8
11/11/2024 1:00,countryclubdrive_to_I10interchange,NB,0.02,0.28,34.8
11/11/2024 2:00,countryclubdrive_to_I10interchange,NB,0.03,0.28,35.2
11/11/2024 3:00,countryclubdrive_to_I10interchange,NB,0,0.23,41.8
11/11/2024 4:00,countryclubdrive_to_I10interchange,NB,0.02,0.27,36.1
11/11/2024 5:00,countryclubdrive_to_I10interchange,NB,0.09,0.36,28.5
11/11/2024 6:00,countryclubdrive_to_I10interchange,NB,0.3,0.58,18.1
11/11/2024 7:00,countryclubdrive_to_I10interchange,NB,0.32,0.6,17.1
11/11/2024 8:00,countryclubdrive_to_I10interchange,NB,0.39,0.66,14.8
11/11/2024 9:00,countryclubdrive_to_I10interchange,NB,0.52,0.79,13.1
11/11/2024 10:00,countryclubdrive_to_I10interchange,NB,0.44,0.71,14
11/11/2024 11:00,countryclubdrive_to_I10interchange,NB,0.44,0.71,14
11/11/2024 12:00,countryclubdrive_to_I10interchange,NB,0.41,0.69,14.3
11/11/2024 13:00,countryclubdrive_to_I10interchange,NB,0.59,0.87,11.6
11/11/2024 14:00,countryclubdrive_to_I10interchange,NB,0.53,0.8,12.5
11/11/2024 15:00,countryclubdrive_to_I10interchange,NB,0.51,0.79,12.9
11/11/2024 16:00,countryclubdrive_to_I10interchange,NB,0.46,0.73,13.4
11/11/2024 17:00,countryclubdrive_to_I10interchange,NB,0.43,0.7,15.9
11/11/2024 18:00,countryclubdrive_to_I10interchange,NB,0.31,0.58,17.4
11/11/2024 19:00,countryclubdrive_to_I10interchange,NB,0.27,0.55,19.3
11/11/2024 20:00,countryclubdrive_to_I10interchange,NB,0.17,0.45,23
11/11/2024 21:00,countryclubdrive_to_I10interchange,NB,0.18,0.45,23.4
11/11/2024 22:00,countryclubdrive_to_I10interchange,NB,0.19,0.47,21
11/11/2024 23:00,countryclubdrive_to_I10interchange,NB,0.15,0.42,23.4
11/12/2024 0:00,countryclubdrive_to_I10interchange,NB,0.04,0.31,32.7
11/12/2024 1:00,countryclubdrive_to_I10interchange,NB,0.06,0.33,29.5
11/12/2024 2:00,countryclubdrive_to_I10interchange,NB,0.02,0.28,35.3
11/12/2024 3:00,countryclubdrive_to_I10interchange,NB,0.02,0.28,34.6
11/12/2024 4:00,countryclubdrive_to_I10interchange,NB,0.04,0.31,32.1
11/12/2024 5:00,countryclubdrive_to_I10interchange,NB,0.12,0.4,25.2
11/12/2024 6:00,countryclubdrive_to_I10interchange,NB,0.28,0.56,18.5
11/12/2024 7:00,countryclubdrive_to_I10interchange,NB,0.41,0.69,15.4
11/12/2024 8:00,countryclubdrive_to_I10interchange,NB,0.44,0.72,13.9
11/12/2024 9:00,countryclubdrive_to_I10interchange,NB,0.33,0.61,16.4
11/12/2024 10:00,countryclubdrive_to_I10interchange,NB,0.45,0.73,13.9
11/12/2024 11:00,countryclubdrive_to_I10interchange,NB,0.55,0.82,12.4
11/12/2024 12:00,countryclubdrive_to_I10interchange,NB,0.55,0.82,12.2
11/12/2024 13:00,countryclubdrive_to_I10interchange,NB,0.52,0.79,12.6
11/12/2024 14:00,countryclubdrive_to_I10interchange,NB,0.58,0.86,12.1
11/12/2024 15:00,countryclubdrive_to_I10interchange,NB,0.64,0.92,11.4
11/12/2024 16:00,countryclubdrive_to_I10interchange,NB,0.59,0.87,11.7
11/12/2024 17:00,countryclubdrive_to_I10interchange,NB,0.48,0.75,13.3
11/12/2024 18:00,countryclubdrive_to_I10interchange,NB,0.31,0.58,17.8
11/12/2024 19:00,countryclubdrive_to_I10interchange,NB,0.2,0.47,22
11/12/2024 20:00,countryclubdrive_to_I10interchange,NB,0.22,0.49,21.3
11/12/2024 21:00,countryclubdrive_to_I10interchange,NB,0.22,0.49,20.2
11/12/2024 22:00,countryclubdrive_to_I10interchange,NB,0.17,0.44,22.4
11/12/2024 23:00,countryclubdrive_to_I10interchange,NB,0.03,0.29,33.9
11/13/2024 0:00,countryclubdrive_to_I10interchange,NB,0.13,0.41,24.1
11/13/2024 1:00,countryclubdrive_to_I10interchange,NB,0.05,0.33,30.7
11/13/2024 2:00,countryclubdrive_to_I10interchange,NB,0.02,0.24,42.1
11/13/2024 3:00,countryclubdrive_to_I10interchange,NB,0.01,0.25,39.1
11/13/2024 4:00,countryclubdrive_to_I10interchange,NB,0.09,0.35,30.5
11/13/2024 5:00,countryclubdrive_to_I10interchange,NB,0.14,0.41,24.6
11/13/2024 6:00,countryclubdrive_to_I10interchange,NB,0.4,0.67,14.8
11/13/2024 7:00,countryclubdrive_to_I10interchange,NB,0.42,0.7,15.5
11/13/2024 8:00,countryclubdrive_to_I10interchange,NB,0.5,0.78,12.8
11/13/2024 9:00,countryclubdrive_to_I10interchange,NB,0.42,0.7,14.4
11/13/2024 10:00,countryclubdrive_to_I10interchange,NB,0.46,0.74,13.9
11/13/2024 11:00,countryclubdrive_to_I10interchange,NB,0.46,0.74,14.2
11/13/2024 12:00,countryclubdrive_to_I10interchange,NB,0.48,0.76,13.2
11/13/2024 13:00,countryclubdrive_to_I10interchange,NB,0.52,0.79,12.5
11/13/2024 14:00,countryclubdrive_to_I10interchange,NB,0.53,0.81,12.7
11/13/2024 15:00,countryclubdrive_to_I10interchange,NB,0.58,0.85,12
11/13/2024 16:00,countryclubdrive_to_I10interchange,NB,0.48,0.75,13.2
11/13/2024 17:00,countryclubdrive_to_I10interchange,NB,0.15,0.39,33
11/13/2024 18:00,countryclubdrive_to_I10interchange,NB,0.41,0.68,14.6
11/13/2024 19:00,countryclubdrive_to_I10interchange,NB,0.19,0.46,22
11/13/2024 20:00,countryclubdrive_to_I10interchange,NB,0.26,0.54,19.3
11/13/2024 21:00,countryclubdrive_to_I10interchange,NB,0.27,0.55,18.4
11/13/2024 22:00,countryclubdrive_to_I10interchange,NB,0.27,0.55,18.7
11/13/2024 23:00,countryclubdrive_to_I10interchange,NB,0.24,0.51,20.4
11/14/2024 0:00,countryclubdrive_to_I10interchange,NB,0.07,0.34,28.8
11/14/2024 1:00,countryclubdrive_to_I10interchange,NB,0.05,0.31,31.6
11/14/2024 2:00,countryclubdrive_to_I10interchange,NB,0.06,0.33,30.1
11/14/2024 3:00,countryclubdrive_to_I10interchange,NB,0.01,0.26,38.4
11/14/2024 4:00,countryclubdrive_to_I10interchange,NB,0.04,0.31,32.6
11/14/2024 5:00,countryclubdrive_to_I10interchange,NB,0.13,0.41,25.4
11/14/2024 6:00,countryclubdrive_to_I10interchange,NB,0.32,0.6,17.4
11/14/2024 7:00,countryclubdrive_to_I10interchange,NB,0.47,0.75,14.2
11/14/2024 8:00,countryclubdrive_to_I10interchange,NB,0.55,0.82,12.4
11/14/2024 9:00,countryclubdrive_to_I10interchange,NB,0.63,0.91,11.2
11/14/2024 10:00,countryclubdrive_to_I10interchange,NB,0.47,0.75,13.8
11/14/2024 11:00,countryclubdrive_to_I10interchange,NB,0.48,0.76,13.6
11/14/2024 12:00,countryclubdrive_to_I10interchange,NB,0.61,0.89,12
11/14/2024 13:00,countryclubdrive_to_I10interchange,NB,0.46,0.74,13.5
11/14/2024 14:00,countryclubdrive_to_I10interchange,NB,0.52,0.79,12.4
11/14/2024 15:00,countryclubdrive_to_I10interchange,NB,0.6,0.88,11.7
11/14/2024 16:00,countryclubdrive_to_I10interchange,NB,0.52,0.79,12.6
11/14/2024 17:00,countryclubdrive_to_I10interchange,NB,0.44,0.71,14
11/14/2024 18:00,countryclubdrive_to_I10interchange,NB,0.2,0.48,20.9
11/14/2024 19:00,countryclubdrive_to_I10interchange,NB,0.19,0.47,21.4
11/14/2024 20:00,countryclubdrive_to_I10interchange,NB,0.35,0.62,18.7
11/14/2024 21:00,countryclubdrive_to_I10interchange,NB,0.21,0.48,21.3
11/14/2024 22:00,countryclubdrive_to_I10interchange,NB,0.17,0.45,22.9
11/14/2024 23:00,countryclubdrive_to_I10interchange,NB,0.11,0.38,26.4
11/15/2024 0:00,countryclubdrive_to_I10interchange,NB,0.07,0.34,28.5
11/15/2024 1:00,countryclubdrive_to_I10interchange,NB,0.06,0.32,32.5
11/15/2024 2:00,countryclubdrive_to_I10interchange,NB,0,0.24,40.1
11/15/2024 3:00,countryclubdrive_to_I10interchange,NB,0,0.25,39
11/15/2024 4:00,countryclubdrive_to_I10interchange,NB,0.07,0.34,28.8
11/15/2024 5:00,countryclubdrive_to_I10interchange,NB,0.08,0.35,28.5
11/15/2024 6:00,countryclubdrive_to_I10interchange,NB,0.27,0.54,18.7
11/15/2024 7:00,countryclubdrive_to_I10interchange,NB,0.46,0.73,14.9
11/15/2024 8:00,countryclubdrive_to_I10interchange,NB,0.55,0.83,12.3
11/15/2024 9:00,countryclubdrive_to_I10interchange,NB,0.49,0.77,12.9
11/15/2024 10:00,countryclubdrive_to_I10interchange,NB,0.46,0.73,14.6
11/15/2024 11:00,countryclubdrive_to_I10interchange,NB,0.72,0.99,10.7
11/15/2024 12:00,countryclubdrive_to_I10interchange,NB,0.62,0.9,11.6
11/15/2024 13:00,countryclubdrive_to_I10interchange,NB,0.55,0.83,12.1
11/15/2024 14:00,countryclubdrive_to_I10interchange,NB,0.5,0.78,12.9
11/15/2024 15:00,countryclubdrive_to_I10interchange,NB,0.59,0.87,11.3
11/15/2024 16:00,countryclubdrive_to_I10interchange,NB,0.52,0.79,12.8
11/15/2024 17:00,countryclubdrive_to_I10interchange,NB,0.51,0.79,12.5
11/15/2024 18:00,countryclubdrive_to_I10interchange,NB,0.35,0.63,17
11/15/2024 19:00,countryclubdrive_to_I10interchange,NB,0.41,0.69,15.3
11/15/2024 20:00,countryclubdrive_to_I10interchange,NB,0.27,0.55,19.7
11/15/2024 21:00,countryclubdrive_to_I10interchange,NB,0.27,0.55,19.1
11/15/2024 22:00,countryclubdrive_to_I10interchange,NB,0.19,0.47,21.9
11/15/2024 23:00,countryclubdrive_to_I10interchange,NB,0.18,0.45,22.5
11/16/2024 0:00,countryclubdrive_to_I10interchange,NB,0.17,0.45,22.2
11/16/2024 1:00,countryclubdrive_to_I10interchange,NB,0.02,0.29,34
11/16/2024 2:00,countryclubdrive_to_I10interchange,NB,0.05,0.3,34.6
11/16/2024 3:00,countryclubdrive_to_I10interchange,NB,0.05,0.32,31
11/16/2024 4:00,countryclubdrive_to_I10interchange,NB,0.07,0.32,32.9
11/16/2024 5:00,countryclubdrive_to_I10interchange,NB,0.06,0.34,28.9
11/16/2024 6:00,countryclubdrive_to_I10interchange,NB,0.24,0.51,20.2
11/16/2024 7:00,countryclubdrive_to_I10interchange,NB,0.4,0.67,16.9
11/16/2024 8:00,countryclubdrive_to_I10interchange,NB,0.32,0.6,16.9
11/16/2024 9:00,countryclubdrive_to_I10interchange,NB,0.32,0.6,17.3
11/16/2024 10:00,countryclubdrive_to_I10interchange,NB,0.3,0.58,17.2
11/16/2024 11:00,countryclubdrive_to_I10interchange,NB,0.52,0.79,12.6
11/16/2024 12:00,countryclubdrive_to_I10interchange,NB,0.47,0.75,13.5
11/16/2024 13:00,countryclubdrive_to_I10interchange,NB,0.49,0.77,13.2
11/16/2024 14:00,countryclubdrive_to_I10interchange,NB,0.52,0.8,12.7
11/16/2024 15:00,countryclubdrive_to_I10interchange,NB,0.48,0.75,13.4
11/16/2024 16:00,countryclubdrive_to_I10interchange,NB,0.36,0.64,16.8
11/16/2024 17:00,countryclubdrive_to_I10interchange,NB,0.49,0.76,14.3
11/16/2024 18:00,countryclubdrive_to_I10interchange,NB,0.24,0.52,20
11/16/2024 19:00,countryclubdrive_to_I10interchange,NB,0.26,0.54,19.5
11/16/2024 20:00,countryclubdrive_to_I10interchange,NB,0.21,0.49,21.8
11/16/2024 21:00,countryclubdrive_to_I10interchange,NB,0.34,0.62,16.2
11/16/2024 22:00,countryclubdrive_to_I10interchange,NB,0.19,0.47,21.1
11/16/2024 23:00,countryclubdrive_to_I10interchange,NB,0.31,0.58,18
11/17/2024 0:00,countryclubdrive_to_I10interchange,NB,0.22,0.49,22
11/17/2024 1:00,countryclubdrive_to_I10interchange,NB,0.14,0.42,25.1
11/17/2024 2:00,countryclubdrive_to_I10interchange,NB,0.03,0.3,32.9
11/17/2024 3:00,countryclubdrive_to_I10interchange,NB,0.03,0.3,32.4
11/17/2024 4:00,countryclubdrive_to_I10interchange,NB,0.04,0.31,31.9
11/17/2024 5:00,countryclubdrive_to_I10interchange,NB,0.11,0.39,26
11/17/2024 6:00,countryclubdrive_to_I10interchange,NB,0.1,0.36,28.8
11/17/2024 7:00,countryclubdrive_to_I10interchange,NB,0.32,0.6,17.4
11/17/2024 8:00,countryclubdrive_to_I10interchange,NB,0.36,0.64,17
11/17/2024 9:00,countryclubdrive_to_I10interchange,NB,0.25,0.53,20.1
11/17/2024 10:00,countryclubdrive_to_I10interchange,NB,0.38,0.65,15.3
11/17/2024 11:00,countryclubdrive_to_I10interchange,NB,0.29,0.57,17.8
11/17/2024 12:00,countryclubdrive_to_I10interchange,NB,0.37,0.65,15.4
11/17/2024 13:00,countryclubdrive_to_I10interchange,NB,0.44,0.71,14.3
11/17/2024 14:00,countryclubdrive_to_I10interchange,NB,0.39,0.67,15.2
11/17/2024 15:00,countryclubdrive_to_I10interchange,NB,0.29,0.56,18.3
11/17/2024 16:00,countryclubdrive_to_I10interchange,NB,0.33,0.6,16.8
11/17/2024 17:00,countryclubdrive_to_I10interchange,NB,0.22,0.49,21
11/17/2024 18:00,countryclubdrive_to_I10interchange,NB,0.25,0.52,19.6
11/17/2024 19:00,countryclubdrive_to_I10interchange,NB,0.19,0.46,22.1
11/17/2024 20:00,countryclubdrive_to_I10interchange,NB,0.18,0.46,21.8
11/17/2024 21:00,countryclubdrive_to_I10interchange,NB,0.23,0.5,19.7
11/17/2024 22:00,countryclubdrive_to_I10interchange,NB,0.17,0.45,23.6
11/17/2024 23:00,countryclubdrive_to_I10interchange,NB,0.24,0.51,19.3
11/18/2024 0:00,countryclubdrive_to_I10interchange,NB,0.04,0.3,32.5
11/18/2024 1:00,countryclubdrive_to_I10interchange,NB,0.02,0.28,35.9
11/18/2024 2:00,countryclubdrive_to_I10interchange,NB,0,0.22,43.7
11/18/2024 3:00,countryclubdrive_to_I10interchange,NB,0.03,0.27,37.1
11/18/2024 4:00,countryclubdrive_to_I10interchange,NB,0.03,0.29,34.1
11/18/2024 5:00,countryclubdrive_to_I10interchange,NB,0.18,0.45,23.6
11/18/2024 6:00,countryclubdrive_to_I10interchange,NB,0.38,0.65,16.9
11/18/2024 7:00,countryclubdrive_to_I10interchange,NB,0.48,0.75,13.4
11/18/2024 8:00,countryclubdrive_to_I10interchange,NB,0.61,0.89,11.2
11/18/2024 9:00,countryclubdrive_to_I10interchange,NB,0.35,0.63,15.8
11/18/2024 10:00,countryclubdrive_to_I10interchange,NB,0.54,0.82,13.2
11/18/2024 11:00,countryclubdrive_to_I10interchange,NB,0.53,0.81,12.7
11/18/2024 12:00,countryclubdrive_to_I10interchange,NB,0.68,0.95,10.5
11/18/2024 13:00,countryclubdrive_to_I10interchange,NB,0.54,0.81,12.4
11/18/2024 14:00,countryclubdrive_to_I10interchange,NB,0.46,0.73,13.4
11/18/2024 15:00,countryclubdrive_to_I10interchange,NB,0.59,0.87,11.5
11/18/2024 16:00,countryclubdrive_to_I10interchange,NB,0.47,0.74,13.4
11/18/2024 17:00,countryclubdrive_to_I10interchange,NB,0.37,0.65,15.7
11/18/2024 18:00,countryclubdrive_to_I10interchange,NB,0.38,0.65,16.2
11/18/2024 19:00,countryclubdrive_to_I10interchange,NB,0.19,0.47,22
11/18/2024 20:00,countryclubdrive_to_I10interchange,NB,0.17,0.45,22.2
11/18/2024 21:00,countryclubdrive_to_I10interchange,NB,0.2,0.48,20.9
11/18/2024 22:00,countryclubdrive_to_I10interchange,NB,0.21,0.48,21.3
11/18/2024 23:00,countryclubdrive_to_I10interchange,NB,0.1,0.36,29.3
11/19/2024 0:00,countryclubdrive_to_I10interchange,NB,0.02,0.28,35.3
11/19/2024 1:00,countryclubdrive_to_I10interchange,NB,0.06,0.32,32.7
11/19/2024 2:00,countryclubdrive_to_I10interchange,NB,0.03,0.28,35.6
11/19/2024 3:00,countryclubdrive_to_I10interchange,NB,0.04,0.3,33
11/19/2024 4:00,countryclubdrive_to_I10interchange,NB,0.04,0.31,32.3
11/19/2024 5:00,countryclubdrive_to_I10interchange,NB,0.14,0.41,25.2
11/19/2024 6:00,countryclubdrive_to_I10interchange,NB,0.2,0.48,21.1
11/19/2024 7:00,countryclubdrive_to_I10interchange,NB,0.43,0.71,14.3
11/19/2024 8:00,countryclubdrive_to_I10interchange,NB,0.66,0.94,11.2
11/19/2024 9:00,countryclubdrive_to_I10interchange,NB,0.45,0.73,14.3
11/19/2024 10:00,countryclubdrive_to_I10interchange,NB,0.56,0.84,12.5
11/19/2024 11:00,countryclubdrive_to_I10interchange,NB,0.54,0.81,12.7
11/19/2024 12:00,countryclubdrive_to_I10interchange,NB,0.5,0.78,13.1
11/19/2024 13:00,countryclubdrive_to_I10interchange,NB,0.46,0.73,13.8
11/19/2024 14:00,countryclubdrive_to_I10interchange,NB,0.54,0.81,12.4
11/19/2024 15:00,countryclubdrive_to_I10interchange,NB,0.59,0.87,11.5
11/19/2024 16:00,countryclubdrive_to_I10interchange,NB,0.55,0.83,11.9
11/19/2024 17:00,countryclubdrive_to_I10interchange,NB,0.44,0.71,14.1
11/19/2024 18:00,countryclubdrive_to_I10interchange,NB,0.25,0.53,19.1
11/19/2024 19:00,countryclubdrive_to_I10interchange,NB,0.26,0.54,19
11/19/2024 20:00,countryclubdrive_to_I10interchange,NB,0.21,0.49,20.7
11/19/2024 21:00,countryclubdrive_to_I10interchange,NB,0.22,0.5,20.8
11/19/2024 22:00,countryclubdrive_to_I10interchange,NB,0.21,0.49,20.9
11/19/2024 23:00,countryclubdrive_to_I10interchange,NB,0.13,0.4,24.5
11/20/2024 0:00,countryclubdrive_to_I10interchange,NB,0.11,0.38,26.6
11/20/2024 1:00,countryclubdrive_to_I10interchange,NB,0.04,0.31,31.3
11/20/2024 2:00,countryclubdrive_to_I10interchange,NB,0,0.25,38.6
11/20/2024 3:00,countryclubdrive_to_I10interchange,NB,0.07,0.33,30.7
11/20/2024 4:00,countryclubdrive_to_I10interchange,NB,0.03,0.31,31.7
11/20/2024 5:00,countryclubdrive_to_I10interchange,NB,0.08,0.35,27.9
11/20/2024 6:00,countryclubdrive_to_I10interchange,NB,0.33,0.61,17.8
11/20/2024 7:00,countryclubdrive_to_I10interchange,NB,0.46,0.73,14.3
11/20/2024 8:00,countryclubdrive_to_I10interchange,NB,0.59,0.87,11.4
11/20/2024 9:00,countryclubdrive_to_I10interchange,NB,0.49,0.77,13
11/20/2024 10:00,countryclubdrive_to_I10interchange,NB,0.44,0.71,14
11/20/2024 11:00,countryclubdrive_to_I10interchange,NB,0.43,0.71,13.9
11/20/2024 12:00,countryclubdrive_to_I10interchange,NB,0.57,0.85,12
11/20/2024 13:00,countryclubdrive_to_I10interchange,NB,0.66,0.94,10.8
11/20/2024 14:00,countryclubdrive_to_I10interchange,NB,0.53,0.8,12.5
11/20/2024 15:00,countryclubdrive_to_I10interchange,NB,0.63,0.91,11.2
11/20/2024 16:00,countryclubdrive_to_I10interchange,NB,0.56,0.83,12.1
11/20/2024 17:00,countryclubdrive_to_I10interchange,NB,0.44,0.72,13.9
11/20/2024 18:00,countryclubdrive_to_I10interchange,NB,0.31,0.58,17.8
11/20/2024 19:00,countryclubdrive_to_I10interchange,NB,0.2,0.48,21
11/20/2024 20:00,countryclubdrive_to_I10interchange,NB,0.35,0.62,16.9
11/20/2024 21:00,countryclubdrive_to_I10interchange,NB,0.33,0.6,17
11/20/2024 22:00,countryclubdrive_to_I10interchange,NB,0.14,0.42,23.7
11/20/2024 23:00,countryclubdrive_to_I10interchange,NB,0.09,0.36,27.9
11/21/2024 0:00,countryclubdrive_to_I10interchange,NB,0.15,0.43,23.7
11/21/2024 1:00,countryclubdrive_to_I10interchange,NB,0.05,0.3,34.6
11/21/2024 2:00,countryclubdrive_to_I10interchange,NB,0.06,0.3,35
11/21/2024 3:00,countryclubdrive_to_I10interchange,NB,0.04,0.32,31.1
11/21/2024 4:00,countryclubdrive_to_I10interchange,NB,0.07,0.34,28.9
11/21/2024 5:00,countryclubdrive_to_I10interchange,NB,0.18,0.46,23.8
11/21/2024 6:00,countryclubdrive_to_I10interchange,NB,0.34,0.61,17.3
11/21/2024 7:00,countryclubdrive_to_I10interchange,NB,0.47,0.74,14.1
11/21/2024 8:00,countryclubdrive_to_I10interchange,NB,0.53,0.81,12.5
11/21/2024 9:00,countryclubdrive_to_I10interchange,NB,0.45,0.72,14.8
11/21/2024 10:00,countryclubdrive_to_I10interchange,NB,0.43,0.71,14.3
11/21/2024 11:00,countryclubdrive_to_I10interchange,NB,0.46,0.74,13.4
11/21/2024 12:00,countryclubdrive_to_I10interchange,NB,0.55,0.83,12.1
11/21/2024 13:00,countryclubdrive_to_I10interchange,NB,0.43,0.71,14.4
11/21/2024 14:00,countryclubdrive_to_I10interchange,NB,0.48,0.76,13.3
11/21/2024 15:00,countryclubdrive_to_I10interchange,NB,0.62,0.89,11
11/21/2024 16:00,countryclubdrive_to_I10interchange,NB,0.49,0.76,13.3
11/21/2024 17:00,countryclubdrive_to_I10interchange,NB,0.44,0.72,14.4
11/21/2024 18:00,countryclubdrive_to_I10interchange,NB,0.31,0.58,17.7
11/21/2024 19:00,countryclubdrive_to_I10interchange,NB,0.26,0.53,18.8
11/21/2024 20:00,countryclubdrive_to_I10interchange,NB,0.18,0.44,24.8
11/21/2024 21:00,countryclubdrive_to_I10interchange,NB,0.2,0.47,21.3
11/21/2024 22:00,countryclubdrive_to_I10interchange,NB,0.21,0.49,20.9
11/21/2024 23:00,countryclubdrive_to_I10interchange,NB,0.14,0.41,25.4
11/22/2024 0:00,countryclubdrive_to_I10interchange,NB,0.16,0.44,23.1
11/22/2024 1:00,countryclubdrive_to_I10interchange,NB,0.11,0.39,26.8
11/22/2024 2:00,countryclubdrive_to_I10interchange,NB,0.05,0.3,33.6
11/22/2024 3:00,countryclubdrive_to_I10interchange,NB,0.02,0.27,36.5
11/22/2024 4:00,countryclubdrive_to_I10interchange,NB,0.08,0.35,30.2
11/22/2024 5:00,countryclubdrive_to_I10interchange,NB,0.1,0.38,27.3
11/22/2024 6:00,countryclubdrive_to_I10interchange,NB,0.18,0.46,22
11/22/2024 7:00,countryclubdrive_to_I10interchange,NB,0.46,0.74,14.2
11/22/2024 8:00,countryclubdrive_to_I10interchange,NB,0.62,0.89,11.6
11/22/2024 9:00,countryclubdrive_to_I10interchange,NB,0.43,0.71,14.2
11/22/2024 10:00,countryclubdrive_to_I10interchange,NB,0.59,0.86,11.7
11/22/2024 11:00,countryclubdrive_to_I10interchange,NB,0.68,0.95,10.4
11/22/2024 12:00,countryclubdrive_to_I10interchange,NB,0.69,0.96,10.6
11/22/2024 13:00,countryclubdrive_to_I10interchange,NB,0.58,0.85,11.6
11/22/2024 14:00,countryclubdrive_to_I10interchange,NB,0.5,0.78,12.9
11/22/2024 15:00,countryclubdrive_to_I10interchange,NB,0.67,0.94,10.7
11/22/2024 16:00,countryclubdrive_to_I10interchange,NB,0.57,0.84,11.8
11/22/2024 17:00,countryclubdrive_to_I10interchange,NB,0.59,0.87,11.4
11/22/2024 18:00,countryclubdrive_to_I10interchange,NB,0.48,0.75,13.4
11/22/2024 19:00,countryclubdrive_to_I10interchange,NB,0.37,0.65,15.8
11/22/2024 20:00,countryclubdrive_to_I10interchange,NB,0.32,0.6,16.5
11/22/2024 21:00,countryclubdrive_to_I10interchange,NB,0.39,0.66,16.8
11/22/2024 22:00,countryclubdrive_to_I10interchange,NB,0.33,0.61,17.3
11/22/2024 23:00,countryclubdrive_to_I10interchange,NB,0.15,0.43,22.8
11/23/2024 0:00,countryclubdrive_to_I10interchange,NB,0.13,0.4,27.1
11/23/2024 1:00,countryclubdrive_to_I10interchange,NB,0.06,0.33,32
11/23/2024 2:00,countryclubdrive_to_I10interchange,NB,0.05,0.3,34.3
11/23/2024 3:00,countryclubdrive_to_I10interchange,NB,0.03,0.3,32.9
11/23/2024 4:00,countryclubdrive_to_I10interchange,NB,0.02,0.27,36.4
11/23/2024 5:00,countryclubdrive_to_I10interchange,NB,0.06,0.33,29.9
11/23/2024 6:00,countryclubdrive_to_I10interchange,NB,0.25,0.52,19.8
11/23/2024 7:00,countryclubdrive_to_I10interchange,NB,0.35,0.63,16.6
11/23/2024 8:00,countryclubdrive_to_I10interchange,NB,0.34,0.61,16.4
11/23/2024 9:00,countryclubdrive_to_I10interchange,NB,0.4,0.68,15.4
11/23/2024 10:00,countryclubdrive_to_I10interchange,NB,0.41,0.69,14.4
11/23/2024 11:00,countryclubdrive_to_I10interchange,NB,0.46,0.74,13.4
11/23/2024 12:00,countryclubdrive_to_I10interchange,NB,0.47,0.75,14.3
11/23/2024 13:00,countryclubdrive_to_I10interchange,NB,0.47,0.74,14.2
11/23/2024 14:00,countryclubdrive_to_I10interchange,NB,0.54,0.82,12.5
11/23/2024 15:00,countryclubdrive_to_I10interchange,NB,0.58,0.85,12.1
11/23/2024 16:00,countryclubdrive_to_I10interchange,NB,0.44,0.72,14.2
11/23/2024 17:00,countryclubdrive_to_I10interchange,NB,0.44,0.72,14.2
11/23/2024 18:00,countryclubdrive_to_I10interchange,NB,0.35,0.63,16.3
11/23/2024 19:00,countryclubdrive_to_I10interchange,NB,0.2,0.48,20.7
11/23/2024 20:00,countryclubdrive_to_I10interchange,NB,0.23,0.5,20
11/23/2024 21:00,countryclubdrive_to_I10interchange,NB,0.29,0.57,18.5
11/23/2024 22:00,countryclubdrive_to_I10interchange,NB,0.17,0.45,22.8
11/23/2024 23:00,countryclubdrive_to_I10interchange,NB,0.26,0.53,20.6
11/24/2024 0:00,countryclubdrive_to_I10interchange,NB,0.08,0.36,27.3
11/24/2024 1:00,countryclubdrive_to_I10interchange,NB,0.05,0.33,30.2
11/24/2024 2:00,countryclubdrive_to_I10interchange,NB,0.03,0.29,33.1
11/24/2024 3:00,countryclubdrive_to_I10interchange,NB,0.03,0.3,32.5
11/24/2024 4:00,countryclubdrive_to_I10interchange,NB,0.01,0.28,34.6
11/24/2024 5:00,countryclubdrive_to_I10interchange,NB,0.13,0.39,26.2
11/24/2024 6:00,countryclubdrive_to_I10interchange,NB,0.18,0.46,22.4
11/24/2024 7:00,countryclubdrive_to_I10interchange,NB,0.17,0.44,22.6
11/24/2024 8:00,countryclubdrive_to_I10interchange,NB,0.34,0.62,18.8
11/24/2024 9:00,countryclubdrive_to_I10interchange,NB,0.3,0.57,19.4
11/24/2024 10:00,countryclubdrive_to_I10interchange,NB,0.35,0.63,16.4
11/24/2024 11:00,countryclubdrive_to_I10interchange,NB,0.36,0.64,15.5
11/24/2024 12:00,countryclubdrive_to_I10interchange,NB,0.32,0.59,16.9
11/24/2024 13:00,countryclubdrive_to_I10interchange,NB,0.4,0.67,15
11/24/2024 14:00,countryclubdrive_to_I10interchange,NB,0.37,0.64,15.8
11/24/2024 15:00,countryclubdrive_to_I10interchange,NB,0.38,0.65,16.7
11/24/2024 16:00,countryclubdrive_to_I10interchange,NB,0.3,0.58,17.1
11/24/2024 17:00,countryclubdrive_to_I10interchange,NB,0.38,0.66,17.1
11/24/2024 18:00,countryclubdrive_to_I10interchange,NB,0.43,0.71,14.4
11/24/2024 19:00,countryclubdrive_to_I10interchange,NB,0.23,0.5,20.5
11/24/2024 20:00,countryclubdrive_to_I10interchange,NB,0.12,0.4,25.5
11/24/2024 21:00,countryclubdrive_to_I10interchange,NB,0.23,0.5,21.3
11/24/2024 22:00,countryclubdrive_to_I10interchange,NB,0.16,0.43,23.6
11/24/2024 23:00,countryclubdrive_to_I10interchange,NB,0.17,0.44,22.5
11/25/2024 0:00,countryclubdrive_to_I10interchange,NB,0.15,0.43,23.3
11/25/2024 1:00,countryclubdrive_to_I10interchange,NB,0.12,0.38,25.9
11/25/2024 2:00,countryclubdrive_to_I10interchange,NB,0.04,0.28,36.3
11/25/2024 3:00,countryclubdrive_to_I10interchange,NB,0.12,0.39,26.1
11/25/2024 4:00,countryclubdrive_to_I10interchange,NB,0.13,0.41,25.1
11/25/2024 5:00,countryclubdrive_to_I10interchange,NB,0.29,0.56,18.7
11/25/2024 6:00,countryclubdrive_to_I10interchange,NB,0.17,0.45,21.9
11/25/2024 7:00,countryclubdrive_to_I10interchange,NB,0.49,0.77,13.8
11/25/2024 8:00,countryclubdrive_to_I10interchange,NB,0.53,0.81,12.7
11/25/2024 9:00,countryclubdrive_to_I10interchange,NB,0.47,0.75,13.4
11/25/2024 10:00,countryclubdrive_to_I10interchange,NB,0.62,0.9,11.3
11/25/2024 11:00,countryclubdrive_to_I10interchange,NB,0.63,0.9,11.4
11/25/2024 12:00,countryclubdrive_to_I10interchange,NB,0.71,0.98,10.4
11/25/2024 13:00,countryclubdrive_to_I10interchange,NB,0.58,0.86,11.8
11/25/2024 14:00,countryclubdrive_to_I10interchange,NB,0.38,0.66,16.1
11/25/2024 15:00,countryclubdrive_to_I10interchange,NB,0.5,0.78,13.3
11/25/2024 16:00,countryclubdrive_to_I10interchange,NB,0.54,0.82,12.2
11/25/2024 17:00,countryclubdrive_to_I10interchange,NB,0.5,0.78,13.1
11/25/2024 18:00,countryclubdrive_to_I10interchange,NB,0.31,0.59,17.7
11/25/2024 19:00,countryclubdrive_to_I10interchange,NB,0.29,0.56,18.3
11/25/2024 20:00,countryclubdrive_to_I10interchange,NB,0.26,0.53,18.9
11/25/2024 21:00,countryclubdrive_to_I10interchange,NB,0.19,0.46,22
11/25/2024 22:00,countryclubdrive_to_I10interchange,NB,0.13,0.4,25
11/25/2024 23:00,countryclubdrive_to_I10interchange,NB,0.09,0.35,29.1
11/26/2024 0:00,countryclubdrive_to_I10interchange,NB,0.07,0.33,30.4
11/26/2024 1:00,countryclubdrive_to_I10interchange,NB,0.1,0.38,26
11/26/2024 2:00,countryclubdrive_to_I10interchange,NB,0.04,0.3,32.5
11/26/2024 3:00,countryclubdrive_to_I10interchange,NB,0.05,0.29,35.7
11/26/2024 4:00,countryclubdrive_to_I10interchange,NB,0.1,0.37,27.5
11/26/2024 5:00,countryclubdrive_to_I10interchange,NB,0.2,0.48,23
11/26/2024 6:00,countryclubdrive_to_I10interchange,NB,0.32,0.6,16.8
11/26/2024 7:00,countryclubdrive_to_I10interchange,NB,0.38,0.66,15
11/26/2024 8:00,countryclubdrive_to_I10interchange,NB,0.52,0.8,12.7
11/26/2024 9:00,countryclubdrive_to_I10interchange,NB,0.55,0.83,12.4
11/26/2024 10:00,countryclubdrive_to_I10interchange,NB,0.68,0.96,10.4
11/26/2024 11:00,countryclubdrive_to_I10interchange,NB,0.61,0.88,11.4
11/26/2024 12:00,countryclubdrive_to_I10interchange,NB,0.64,0.91,10.9
11/26/2024 13:00,countryclubdrive_to_I10interchange,NB,0.58,0.85,11.8
11/26/2024 14:00,countryclubdrive_to_I10interchange,NB,0.6,0.88,11.3
11/26/2024 15:00,countryclubdrive_to_I10interchange,NB,0.57,0.84,11.8
11/26/2024 16:00,countryclubdrive_to_I10interchange,NB,0.63,0.91,11.1
11/26/2024 17:00,countryclubdrive_to_I10interchange,NB,0.45,0.73,13.8
11/26/2024 18:00,countryclubdrive_to_I10interchange,NB,0.29,0.56,17.8
11/26/2024 19:00,countryclubdrive_to_I10interchange,NB,0.3,0.57,17.9
11/26/2024 20:00,countryclubdrive_to_I10interchange,NB,0.25,0.52,19.1
11/26/2024 21:00,countryclubdrive_to_I10interchange,NB,0.23,0.51,20.2
11/26/2024 22:00,countryclubdrive_to_I10interchange,NB,0.25,0.53,19.9
11/26/2024 23:00,countryclubdrive_to_I10interchange,NB,0.21,0.49,21.1
11/27/2024 0:00,countryclubdrive_to_I10interchange,NB,0.06,0.33,29.2
11/27/2024 1:00,countryclubdrive_to_I10interchange,NB,0.05,0.31,34
11/27/2024 2:00,countryclubdrive_to_I10interchange,NB,0.02,0.29,34
11/27/2024 3:00,countryclubdrive_to_I10interchange,NB,0.01,0.27,35.7
11/27/2024 4:00,countryclubdrive_to_I10interchange,NB,0.02,0.29,33.6
11/27/2024 5:00,countryclubdrive_to_I10interchange,NB,0.1,0.37,28.8
11/27/2024 6:00,countryclubdrive_to_I10interchange,NB,0.35,0.62,16
11/27/2024 7:00,countryclubdrive_to_I10interchange,NB,0.33,0.6,17
11/27/2024 8:00,countryclubdrive_to_I10interchange,NB,0.58,0.86,12.7
11/27/2024 9:00,countryclubdrive_to_I10interchange,NB,0.5,0.77,13.1
11/27/2024 10:00,countryclubdrive_to_I10interchange,NB,0.75,1.03,9.6
11/27/2024 11:00,countryclubdrive_to_I10interchange,NB,0.65,0.92,10.9
11/27/2024 12:00,countryclubdrive_to_I10interchange,NB,0.72,0.99,10.2
11/27/2024 13:00,countryclubdrive_to_I10interchange,NB,0.6,0.87,11.3
11/27/2024 14:00,countryclubdrive_to_I10interchange,NB,0.67,0.95,10.7
11/27/2024 15:00,countryclubdrive_to_I10interchange,NB,0.65,0.92,10.6
11/27/2024 16:00,countryclubdrive_to_I10interchange,NB,0.6,0.87,11.5
11/27/2024 17:00,countryclubdrive_to_I10interchange,NB,0.37,0.65,15.2
11/27/2024 18:00,countryclubdrive_to_I10interchange,NB,0.33,0.6,16.2
11/27/2024 19:00,countryclubdrive_to_I10interchange,NB,0.38,0.66,15.7
11/27/2024 20:00,countryclubdrive_to_I10interchange,NB,0.32,0.59,17
11/27/2024 21:00,countryclubdrive_to_I10interchange,NB,0.3,0.58,18.9
11/27/2024 22:00,countryclubdrive_to_I10interchange,NB,0.29,0.56,18
11/27/2024 23:00,countryclubdrive_to_I10interchange,NB,0.2,0.48,21.9
11/28/2024 0:00,countryclubdrive_to_I10interchange,NB,0.19,0.46,21.7
11/28/2024 1:00,countryclubdrive_to_I10interchange,NB,0.02,0.28,36.4
11/28/2024 2:00,countryclubdrive_to_I10interchange,NB,0.07,0.34,29.2
11/28/2024 3:00,countryclubdrive_to_I10interchange,NB,0.02,0.28,36.3
11/28/2024 4:00,countryclubdrive_to_I10interchange,NB,0.03,0.3,32.4
11/28/2024 5:00,countryclubdrive_to_I10interchange,NB,0.03,0.29,33.5
11/28/2024 6:00,countryclubdrive_to_I10interchange,NB,0.17,0.44,23
11/28/2024 7:00,countryclubdrive_to_I10interchange,NB,0.18,0.46,22.5
11/28/2024 8:00,countryclubdrive_to_I10interchange,NB,0.39,0.67,15.2
11/28/2024 9:00,countryclubdrive_to_I10interchange,NB,0.33,0.61,16.3
11/28/2024 10:00,countryclubdrive_to_I10interchange,NB,0.36,0.63,16.2
11/28/2024 11:00,countryclubdrive_to_I10interchange,NB,0.3,0.57,18.3
11/28/2024 12:00,countryclubdrive_to_I10interchange,NB,0.27,0.55,19
11/28/2024 13:00,countryclubdrive_to_I10interchange,NB,0.38,0.65,16.6
11/28/2024 14:00,countryclubdrive_to_I10interchange,NB,0.32,0.6,17
11/28/2024 15:00,countryclubdrive_to_I10interchange,NB,0.27,0.55,18.4
11/28/2024 16:00,countryclubdrive_to_I10interchange,NB,0.2,0.48,21.4
11/28/2024 17:00,countryclubdrive_to_I10interchange,NB,0.23,0.5,20.1
11/28/2024 18:00,countryclubdrive_to_I10interchange,NB,0.2,0.47,21.3
11/28/2024 19:00,countryclubdrive_to_I10interchange,NB,0.34,0.61,17.6
11/28/2024 20:00,countryclubdrive_to_I10interchange,NB,0.32,0.59,18.1
11/28/2024 21:00,countryclubdrive_to_I10interchange,NB,0.26,0.54,19.4
11/28/2024 22:00,countryclubdrive_to_I10interchange,NB,0.17,0.45,22.1
11/28/2024 23:00,countryclubdrive_to_I10interchange,NB,0.1,0.38,26.7
11/29/2024 0:00,countryclubdrive_to_I10interchange,NB,0.05,0.32,31
11/29/2024 1:00,countryclubdrive_to_I10interchange,NB,0.04,0.31,31.8
11/29/2024 2:00,countryclubdrive_to_I10interchange,NB,0.04,0.28,37.1
11/29/2024 3:00,countryclubdrive_to_I10interchange,NB,0.01,0.24,41.3
11/29/2024 4:00,countryclubdrive_to_I10interchange,NB,0.02,0.28,34.9
11/29/2024 5:00,countryclubdrive_to_I10interchange,NB,0.12,0.39,26.5
11/29/2024 6:00,countryclubdrive_to_I10interchange,NB,0.22,0.5,20.8
11/29/2024 7:00,countryclubdrive_to_I10interchange,NB,0.28,0.56,18.2
11/29/2024 8:00,countryclubdrive_to_I10interchange,NB,0.34,0.62,16.9
11/29/2024 9:00,countryclubdrive_to_I10interchange,NB,0.47,0.74,14.4
11/29/2024 10:00,countryclubdrive_to_I10interchange,NB,0.34,0.61,16
11/29/2024 11:00,countryclubdrive_to_I10interchange,NB,0.45,0.73,13.7
11/29/2024 12:00,countryclubdrive_to_I10interchange,NB,0.54,0.81,12.4
11/29/2024 13:00,countryclubdrive_to_I10interchange,NB,0.56,0.83,12.5
11/29/2024 14:00,countryclubdrive_to_I10interchange,NB,0.43,0.71,14.5
11/29/2024 15:00,countryclubdrive_to_I10interchange,NB,0.47,0.75,13.8
11/29/2024 16:00,countryclubdrive_to_I10interchange,NB,0.39,0.67,15.3
11/29/2024 17:00,countryclubdrive_to_I10interchange,NB,0.35,0.63,16
11/29/2024 18:00,countryclubdrive_to_I10interchange,NB,0.37,0.65,15.9
11/29/2024 19:00,countryclubdrive_to_I10interchange,NB,0.27,0.54,19.6
11/29/2024 20:00,countryclubdrive_to_I10interchange,NB,0.3,0.57,17.7
11/29/2024 21:00,countryclubdrive_to_I10interchange,NB,0.34,0.61,16.5
11/29/2024 22:00,countryclubdrive_to_I10interchange,NB,0.14,0.42,24.4
11/29/2024 23:00,countryclubdrive_to_I10interchange,NB,0.16,0.44,23.3
11/30/2024 0:00,countryclubdrive_to_I10interchange,NB,0.15,0.42,24
11/30/2024 1:00,countryclubdrive_to_I10interchange,NB,0.08,0.35,28.8
11/30/2024 2:00,countryclubdrive_to_I10interchange,NB,0.02,0.29,33.5
11/30/2024 3:00,countryclubdrive_to_I10interchange,NB,0.12,0.39,27.2
11/30/2024 4:00,countryclubdrive_to_I10interchange,NB,0.08,0.34,30.3
11/30/2024 5:00,countryclubdrive_to_I10interchange,NB,0.13,0.39,28.6
11/30/2024 6:00,countryclubdrive_to_I10interchange,NB,0.2,0.48,21.6
11/30/2024 7:00,countryclubdrive_to_I10interchange,NB,0.25,0.53,19.7
11/30/2024 8:00,countryclubdrive_to_I10interchange,NB,0.37,0.64,16
11/30/2024 9:00,countryclubdrive_to_I10interchange,NB,0.37,0.65,15.6
11/30/2024 10:00,countryclubdrive_to_I10interchange,NB,0.55,0.82,12.8
11/30/2024 11:00,countryclubdrive_to_I10interchange,NB,0.6,0.87,11.6
11/30/2024 12:00,countryclubdrive_to_I10interchange,NB,0.5,0.77,13.1
11/30/2024 13:00,countryclubdrive_to_I10interchange,NB,0.56,0.84,11.9
11/30/2024 14:00,countryclubdrive_to_I10interchange,NB,0.44,0.72,14
11/30/2024 15:00,countryclubdrive_to_I10interchange,NB,0.39,0.67,15.3
11/30/2024 16:00,countryclubdrive_to_I10interchange,NB,0.4,0.67,15.3
11/30/2024 17:00,countryclubdrive_to_I10interchange,NB,0.57,0.85,12
11/30/2024 18:00,countryclubdrive_to_I10interchange,NB,0.36,0.64,16.8
11/30/2024 19:00,countryclubdrive_to_I10interchange,NB,0.31,0.58,17.7
11/30/2024 20:00,countryclubdrive_to_I10interchange,NB,0.28,0.55,18.8
11/30/2024 21:00,countryclubdrive_to_I10interchange,NB,0.33,0.6,16.7
11/30/2024 22:00,countryclubdrive_to_I10interchange,NB,0.24,0.52,19.3
11/30/2024 23:00,countryclubdrive_to_I10interchange,NB,0.14,0.41,24.4
12/1/2024 0:00,countryclubdrive_to_I10interchange,NB,0.08,0.35,28.2
12/1/2024 1:00,countryclubdrive_to_I10interchange,NB,0.07,0.34,28.7
12/1/2024 2:00,countryclubdrive_to_I10interchange,NB,0.02,0.29,32.9
12/1/2024 3:00,countryclubdrive_to_I10interchange,NB,0.05,0.3,34
12/1/2024 4:00,countryclubdrive_to_I10interchange,NB,0,0.27,36.5
12/1/2024 5:00,countryclubdrive_to_I10interchange,NB,0.05,0.3,33.6
12/1/2024 6:00,countryclubdrive_to_I10interchange,NB,0.12,0.39,25.2
12/1/2024 7:00,countryclubdrive_to_I10interchange,NB,0.19,0.46,21.3
12/1/2024 8:00,countryclubdrive_to_I10interchange,NB,0.39,0.66,15.5
12/1/2024 9:00,countryclubdrive_to_I10interchange,NB,0.24,0.51,19.4
12/1/2024 10:00,countryclubdrive_to_I10interchange,NB,0.24,0.52,19.6
12/1/2024 11:00,countryclubdrive_to_I10interchange,NB,0.39,0.67,15.5
12/1/2024 12:00,countryclubdrive_to_I10interchange,NB,0.38,0.66,15.3
12/1/2024 13:00,countryclubdrive_to_I10interchange,NB,0.36,0.64,16.1
12/1/2024 14:00,countryclubdrive_to_I10interchange,NB,0.33,0.6,17
12/1/2024 15:00,countryclubdrive_to_I10interchange,NB,0.27,0.54,20.3
12/1/2024 16:00,countryclubdrive_to_I10interchange,NB,0.36,0.64,17.1
12/1/2024 17:00,countryclubdrive_to_I10interchange,NB,0.31,0.59,17.3
12/1/2024 18:00,countryclubdrive_to_I10interchange,NB,0.34,0.62,16.9
12/1/2024 19:00,countryclubdrive_to_I10interchange,NB,0.26,0.53,19.3
12/1/2024 20:00,countryclubdrive_to_I10interchange,NB,0.26,0.53,19.6
12/1/2024 21:00,countryclubdrive_to_I10interchange,NB,0.21,0.49,20.9
12/1/2024 22:00,countryclubdrive_to_I10interchange,NB,0.39,0.66,16.3
12/1/2024 23:00,countryclubdrive_to_I10interchange,NB,0.29,0.56,18.7
12/2/2024 0:00,countryclubdrive_to_I10interchange,NB,0.13,0.4,25.8
12/2/2024 1:00,countryclubdrive_to_I10interchange,NB,0.06,0.34,29.2
12/2/2024 2:00,countryclubdrive_to_I10interchange,NB,0.18,0.45,24.5
12/2/2024 3:00,countryclubdrive_to_I10interchange,NB,0.01,0.27,35.6
12/2/2024 4:00,countryclubdrive_to_I10interchange,NB,0.07,0.34,30
12/2/2024 5:00,countryclubdrive_to_I10interchange,NB,0.08,0.35,29.4
12/2/2024 6:00,countryclubdrive_to_I10interchange,NB,0.26,0.53,19.2
12/2/2024 7:00,countryclubdrive_to_I10interchange,NB,0.44,0.72,14.2
12/2/2024 8:00,countryclubdrive_to_I10interchange,NB,0.42,0.7,14.5
12/2/2024 9:00,countryclubdrive_to_I10interchange,NB,0.34,0.62,16.3
12/2/2024 10:00,countryclubdrive_to_I10interchange,NB,0.5,0.77,12.9
12/2/2024 11:00,countryclubdrive_to_I10interchange,NB,0.48,0.76,12.9
12/2/2024 12:00,countryclubdrive_to_I10interchange,NB,0.54,0.82,12.9
12/2/2024 13:00,countryclubdrive_to_I10interchange,NB,0.42,0.69,14.6
12/2/2024 14:00,countryclubdrive_to_I10interchange,NB,0.46,0.74,13.6
12/2/2024 15:00,countryclubdrive_to_I10interchange,NB,0.61,0.88,11.4
12/2/2024 16:00,countryclubdrive_to_I10interchange,NB,0.53,0.81,12.3
12/2/2024 17:00,countryclubdrive_to_I10interchange,NB,0.52,0.8,12.7
12/2/2024 18:00,countryclubdrive_to_I10interchange,NB,0.34,0.62,16.1
12/2/2024 19:00,countryclubdrive_to_I10interchange,NB,0.37,0.65,16.4
12/2/2024 20:00,countryclubdrive_to_I10interchange,NB,0.22,0.5,20.5
12/2/2024 21:00,countryclubdrive_to_I10interchange,NB,0.24,0.51,20.9
12/2/2024 22:00,countryclubdrive_to_I10interchange,NB,0.13,0.41,24.1
12/2/2024 23:00,countryclubdrive_to_I10interchange,NB,0.03,0.3,33.4
12/3/2024 0:00,countryclubdrive_to_I10interchange,NB,0.03,0.3,32.8
12/3/2024 1:00,countryclubdrive_to_I10interchange,NB,0.01,0.27,36
12/3/2024 2:00,countryclubdrive_to_I10interchange,NB,0.01,0.27,36.3
12/3/2024 3:00,countryclubdrive_to_I10interchange,NB,0.03,0.29,34.8
12/3/2024 4:00,countryclubdrive_to_I10interchange,NB,0.11,0.38,26.4
12/3/2024 5:00,countryclubdrive_to_I10interchange,NB,0.15,0.42,24.3
12/3/2024 6:00,countryclubdrive_to_I10interchange,NB,0.36,0.63,17
12/3/2024 7:00,countryclubdrive_to_I10interchange,NB,0.58,0.85,12.4
12/3/2024 8:00,countryclubdrive_to_I10interchange,NB,0.51,0.78,12.8
12/3/2024 9:00,countryclubdrive_to_I10interchange,NB,0.38,0.66,15.5
12/3/2024 10:00,countryclubdrive_to_I10interchange,NB,0.54,0.82,12.8
12/3/2024 11:00,countryclubdrive_to_I10interchange,NB,0.45,0.73,13.5
12/3/2024 12:00,countryclubdrive_to_I10interchange,NB,0.5,0.78,13
12/3/2024 13:00,countryclubdrive_to_I10interchange,NB,0.47,0.75,13.7
12/3/2024 14:00,countryclubdrive_to_I10interchange,NB,0.54,0.81,12.3
12/3/2024 15:00,countryclubdrive_to_I10interchange,NB,0.59,0.86,11.5
12/3/2024 16:00,countryclubdrive_to_I10interchange,NB,0.61,0.89,11.4
12/3/2024 17:00,countryclubdrive_to_I10interchange,NB,0.49,0.76,13.1
12/3/2024 18:00,countryclubdrive_to_I10interchange,NB,0.32,0.6,16.8
12/3/2024 19:00,countryclubdrive_to_I10interchange,NB,0.32,0.59,17.6
12/3/2024 20:00,countryclubdrive_to_I10interchange,NB,0.15,0.42,24
12/3/2024 21:00,countryclubdrive_to_I10interchange,NB,0.23,0.51,20.1
12/3/2024 22:00,countryclubdrive_to_I10interchange,NB,0.23,0.51,19.7
12/3/2024 23:00,countryclubdrive_to_I10interchange,NB,0.14,0.42,24.6
12/4/2024 0:00,countryclubdrive_to_I10interchange,NB,0.04,0.31,31.2
12/4/2024 1:00,countryclubdrive_to_I10interchange,NB,0.06,0.33,30.5
12/4/2024 2:00,countryclubdrive_to_I10interchange,NB,0,0.26,37.6
12/4/2024 3:00,countryclubdrive_to_I10interchange,NB,0.01,0.25,39.9
12/4/2024 4:00,countryclubdrive_to_I10interchange,NB,0.06,0.33,30.7
12/4/2024 5:00,countryclubdrive_to_I10interchange,NB,0.12,0.4,26
12/4/2024 6:00,countryclubdrive_to_I10interchange,NB,0.41,0.69,15.9
12/4/2024 7:00,countryclubdrive_to_I10interchange,NB,0.43,0.71,14.4
12/4/2024 8:00,countryclubdrive_to_I10interchange,NB,0.63,0.9,11.4
12/4/2024 9:00,countryclubdrive_to_I10interchange,NB,0.46,0.73,13.9
12/4/2024 10:00,countryclubdrive_to_I10interchange,NB,0.47,0.74,13.9
12/4/2024 11:00,countryclubdrive_to_I10interchange,NB,0.54,0.81,13.5
12/4/2024 12:00,countryclubdrive_to_I10interchange,NB,0.49,0.77,12.8
12/4/2024 13:00,countryclubdrive_to_I10interchange,NB,0.53,0.81,12.9
12/4/2024 14:00,countryclubdrive_to_I10interchange,NB,0.55,0.82,12.2
12/4/2024 15:00,countryclubdrive_to_I10interchange,NB,0.6,0.87,11.5
12/4/2024 16:00,countryclubdrive_to_I10interchange,NB,0.51,0.78,12.8
12/4/2024 17:00,countryclubdrive_to_I10interchange,NB,0.5,0.77,13.1
12/4/2024 18:00,countryclubdrive_to_I10interchange,NB,0.29,0.57,17.9
12/4/2024 19:00,countryclubdrive_to_I10interchange,NB,0.27,0.55,18.7
12/4/2024 20:00,countryclubdrive_to_I10interchange,NB,0.23,0.5,20.4
12/4/2024 21:00,countryclubdrive_to_I10interchange,NB,0.18,0.45,21.9
12/4/2024 22:00,countryclubdrive_to_I10interchange,NB,0.19,0.46,22
12/4/2024 23:00,countryclubdrive_to_I10interchange,NB,0.26,0.54,18.6
12/5/2024 0:00,countryclubdrive_to_I10interchange,NB,0.08,0.35,27.9
12/5/2024 1:00,countryclubdrive_to_I10interchange,NB,0.1,0.34,30
12/5/2024 2:00,countryclubdrive_to_I10interchange,NB,0.07,0.33,30.7
12/5/2024 3:00,countryclubdrive_to_I10interchange,NB,0.01,0.27,36.5
12/5/2024 4:00,countryclubdrive_to_I10interchange,NB,0.06,0.33,31.1
12/5/2024 5:00,countryclubdrive_to_I10interchange,NB,0.14,0.4,25.9
12/5/2024 6:00,countryclubdrive_to_I10interchange,NB,0.31,0.59,17
12/5/2024 7:00,countryclubdrive_to_I10interchange,NB,0.53,0.81,12.2
12/5/2024 8:00,countryclubdrive_to_I10interchange,NB,0.69,0.96,10.8
12/5/2024 9:00,countryclubdrive_to_I10interchange,NB,0.46,0.74,13.6
12/5/2024 10:00,countryclubdrive_to_I10interchange,NB,0.33,0.61,16.7
12/5/2024 11:00,countryclubdrive_to_I10interchange,NB,0.47,0.74,13.8
12/5/2024 12:00,countryclubdrive_to_I10interchange,NB,0.57,0.85,12.1
12/5/2024 13:00,countryclubdrive_to_I10interchange,NB,0.51,0.78,13
12/5/2024 14:00,countryclubdrive_to_I10interchange,NB,0.56,0.84,12.1
12/5/2024 15:00,countryclubdrive_to_I10interchange,NB,0.65,0.92,10.6
12/5/2024 16:00,countryclubdrive_to_I10interchange,NB,0.56,0.84,12
12/5/2024 17:00,countryclubdrive_to_I10interchange,NB,0.45,0.72,13.8
12/5/2024 18:00,countryclubdrive_to_I10interchange,NB,0.32,0.6,16.6
12/5/2024 19:00,countryclubdrive_to_I10interchange,NB,0.17,0.44,23.2
12/5/2024 20:00,countryclubdrive_to_I10interchange,NB,0.25,0.53,19.8
12/5/2024 21:00,countryclubdrive_to_I10interchange,NB,0.23,0.5,21.3
12/5/2024 22:00,countryclubdrive_to_I10interchange,NB,0.28,0.55,18.2
12/5/2024 23:00,countryclubdrive_to_I10interchange,NB,0.1,0.38,26.4
12/6/2024 0:00,countryclubdrive_to_I10interchange,NB,0.05,0.32,31.2
12/6/2024 1:00,countryclubdrive_to_I10interchange,NB,0.02,0.27,35.5
12/6/2024 2:00,countryclubdrive_to_I10interchange,NB,0.04,0.31,31.7
12/6/2024 3:00,countryclubdrive_to_I10interchange,NB,0.02,0.26,38.5
12/6/2024 4:00,countryclubdrive_to_I10interchange,NB,0,0.22,44
12/6/2024 5:00,countryclubdrive_to_I10interchange,NB,0.11,0.38,27.1
12/6/2024 6:00,countryclubdrive_to_I10interchange,NB,0.25,0.52,19.3
12/6/2024 7:00,countryclubdrive_to_I10interchange,NB,0.46,0.73,14.3
12/6/2024 8:00,countryclubdrive_to_I10interchange,NB,0.64,0.91,10.9
12/6/2024 9:00,countryclubdrive_to_I10interchange,NB,0.53,0.81,12.8
12/6/2024 10:00,countryclubdrive_to_I10interchange,NB,0.47,0.74,13.4
12/6/2024 11:00,countryclubdrive_to_I10interchange,NB,0.5,0.77,13
12/6/2024 12:00,countryclubdrive_to_I10interchange,NB,0.64,0.92,10.9
12/6/2024 13:00,countryclubdrive_to_I10interchange,NB,0.74,1.01,10.2
12/6/2024 14:00,countryclubdrive_to_I10interchange,NB,0.71,0.99,10.1
12/6/2024 15:00,countryclubdrive_to_I10interchange,NB,0.64,0.92,10.8
12/6/2024 16:00,countryclubdrive_to_I10interchange,NB,0.56,0.83,12.2
12/6/2024 17:00,countryclubdrive_to_I10interchange,NB,0.52,0.79,13
12/6/2024 18:00,countryclubdrive_to_I10interchange,NB,0.44,0.71,14.4
12/6/2024 19:00,countryclubdrive_to_I10interchange,NB,0.33,0.61,17.6
12/6/2024 20:00,countryclubdrive_to_I10interchange,NB,0.33,0.61,16.9
12/6/2024 21:00,countryclubdrive_to_I10interchange,NB,0.38,0.65,16
12/6/2024 22:00,countryclubdrive_to_I10interchange,NB,0.21,0.49,20.6
12/6/2024 23:00,countryclubdrive_to_I10interchange,NB,0.12,0.39,25.3
12/7/2024 0:00,countryclubdrive_to_I10interchange,NB,0.16,0.42,25.6
12/7/2024 1:00,countryclubdrive_to_I10interchange,NB,0.04,0.31,31.9
12/7/2024 2:00,countryclubdrive_to_I10interchange,NB,0.04,0.29,34.9
12/7/2024 3:00,countryclubdrive_to_I10interchange,NB,0.03,0.29,35.1
12/7/2024 4:00,countryclubdrive_to_I10interchange,NB,0.03,0.3,32
12/7/2024 5:00,countryclubdrive_to_I10interchange,NB,0.13,0.4,26.1
12/7/2024 6:00,countryclubdrive_to_I10interchange,NB,0.18,0.46,21.5
12/7/2024 7:00,countryclubdrive_to_I10interchange,NB,0.35,0.63,16.2
12/7/2024 8:00,countryclubdrive_to_I10interchange,NB,0.35,0.62,16.9
12/7/2024 9:00,countryclubdrive_to_I10interchange,NB,0.38,0.65,16.2
12/7/2024 10:00,countryclubdrive_to_I10interchange,NB,0.41,0.68,15.4
12/7/2024 11:00,countryclubdrive_to_I10interchange,NB,0.39,0.67,15.3
12/7/2024 12:00,countryclubdrive_to_I10interchange,NB,0.44,0.71,14.8
12/7/2024 13:00,countryclubdrive_to_I10interchange,NB,0.45,0.72,13.9
12/7/2024 14:00,countryclubdrive_to_I10interchange,NB,0.41,0.69,14.7
12/7/2024 15:00,countryclubdrive_to_I10interchange,NB,0.47,0.75,13.2
12/7/2024 16:00,countryclubdrive_to_I10interchange,NB,0.4,0.67,15.3
12/7/2024 17:00,countryclubdrive_to_I10interchange,NB,0.33,0.6,16.9
12/7/2024 18:00,countryclubdrive_to_I10interchange,NB,0.28,0.56,18.5
12/7/2024 19:00,countryclubdrive_to_I10interchange,NB,0.29,0.56,17.8
12/7/2024 20:00,countryclubdrive_to_I10interchange,NB,0.28,0.55,19.4
12/7/2024 21:00,countryclubdrive_to_I10interchange,NB,0.28,0.55,18.5
12/7/2024 22:00,countryclubdrive_to_I10interchange,NB,0.24,0.51,19.9
12/7/2024 23:00,countryclubdrive_to_I10interchange,NB,0.22,0.5,20.3
12/8/2024 0:00,countryclubdrive_to_I10interchange,NB,0.15,0.42,24.8
12/8/2024 1:00,countryclubdrive_to_I10interchange,NB,0.04,0.31,31.9
12/8/2024 2:00,countryclubdrive_to_I10interchange,NB,0.09,0.36,27.5
12/8/2024 3:00,countryclubdrive_to_I10interchange,NB,0.15,0.42,24.9
12/8/2024 4:00,countryclubdrive_to_I10interchange,NB,0,0.25,38.5
12/8/2024 5:00,countryclubdrive_to_I10interchange,NB,0.1,0.37,27
12/8/2024 6:00,countryclubdrive_to_I10interchange,NB,0.15,0.43,23.6
12/8/2024 7:00,countryclubdrive_to_I10interchange,NB,0.21,0.49,21
12/8/2024 8:00,countryclubdrive_to_I10interchange,NB,0.25,0.53,19.5
12/8/2024 9:00,countryclubdrive_to_I10interchange,NB,0.23,0.51,19.7
12/8/2024 10:00,countryclubdrive_to_I10interchange,NB,0.22,0.5,20.4
12/8/2024 11:00,countryclubdrive_to_I10interchange,NB,0.3,0.58,18.2
12/8/2024 12:00,countryclubdrive_to_I10interchange,NB,0.47,0.75,14.3
12/8/2024 13:00,countryclubdrive_to_I10interchange,NB,0.38,0.66,15.6
12/8/2024 14:00,countryclubdrive_to_I10interchange,NB,0.45,0.73,14.6
12/8/2024 15:00,countryclubdrive_to_I10interchange,NB,0.38,0.65,15.3
12/8/2024 16:00,countryclubdrive_to_I10interchange,NB,0.51,0.78,13
12/8/2024 17:00,countryclubdrive_to_I10interchange,NB,0.28,0.56,19.1
12/8/2024 18:00,countryclubdrive_to_I10interchange,NB,0.24,0.52,19.4
12/8/2024 19:00,countryclubdrive_to_I10interchange,NB,0.19,0.46,21.9
12/8/2024 20:00,countryclubdrive_to_I10interchange,NB,0.23,0.51,20.2
12/8/2024 21:00,countryclubdrive_to_I10interchange,NB,0.19,0.46,23.8
12/8/2024 22:00,countryclubdrive_to_I10interchange,NB,0.17,0.45,22.6
12/8/2024 23:00,countryclubdrive_to_I10interchange,NB,0.07,0.35,28.5
12/9/2024 0:00,countryclubdrive_to_I10interchange,NB,0.04,0.31,32.4
12/9/2024 1:00,countryclubdrive_to_I10interchange,NB,0.04,0.29,35.3
12/9/2024 2:00,countryclubdrive_to_I10interchange,NB,0,0.24,41.4
12/9/2024 3:00,countryclubdrive_to_I10interchange,NB,0,0.24,40.8
12/9/2024 4:00,countryclubdrive_to_I10interchange,NB,0.07,0.33,32.8
12/9/2024 5:00,countryclubdrive_to_I10interchange,NB,0.16,0.43,24.6
12/9/2024 6:00,countryclubdrive_to_I10interchange,NB,0.28,0.55,20
12/9/2024 7:00,countryclubdrive_to_I10interchange,NB,0.47,0.75,14.1
12/9/2024 8:00,countryclubdrive_to_I10interchange,NB,0.51,0.79,12.7
12/9/2024 9:00,countryclubdrive_to_I10interchange,NB,0.61,0.89,11.4
12/9/2024 10:00,countryclubdrive_to_I10interchange,NB,0.53,0.8,12.8
12/9/2024 11:00,countryclubdrive_to_I10interchange,NB,0.52,0.8,12.4
12/9/2024 12:00,countryclubdrive_to_I10interchange,NB,0.52,0.79,12.7
12/9/2024 13:00,countryclubdrive_to_I10interchange,NB,0.5,0.78,13
12/9/2024 14:00,countryclubdrive_to_I10interchange,NB,0.51,0.79,13.2
12/9/2024 15:00,countryclubdrive_to_I10interchange,NB,0.6,0.88,11.5
12/9/2024 16:00,countryclubdrive_to_I10interchange,NB,0.51,0.78,12.9
12/9/2024 17:00,countryclubdrive_to_I10interchange,NB,0.35,0.62,15.8
12/9/2024 18:00,countryclubdrive_to_I10interchange,NB,0.28,0.55,18.5
12/9/2024 19:00,countryclubdrive_to_I10interchange,NB,0.25,0.52,20.1
12/9/2024 20:00,countryclubdrive_to_I10interchange,NB,0.22,0.49,20.8
12/9/2024 21:00,countryclubdrive_to_I10interchange,NB,0.16,0.44,22.6
12/9/2024 22:00,countryclubdrive_to_I10interchange,NB,0.14,0.41,24.3
12/9/2024 23:00,countryclubdrive_to_I10interchange,NB,0.1,0.37,26.1
12/10/2024 0:00,countryclubdrive_to_I10interchange,NB,0.08,0.36,27.5
12/10/2024 1:00,countryclubdrive_to_I10interchange,NB,0.05,0.29,35
12/10/2024 2:00,countryclubdrive_to_I10interchange,NB,0,0.24,40.5
12/10/2024 3:00,countryclubdrive_to_I10interchange,NB,0,0.24,41.6
12/10/2024 4:00,countryclubdrive_to_I10interchange,NB,0.04,0.31,31.6
12/10/2024 5:00,countryclubdrive_to_I10interchange,NB,0.19,0.46,22.3
12/10/2024 6:00,countryclubdrive_to_I10interchange,NB,0.33,0.61,17.2
12/10/2024 7:00,countryclubdrive_to_I10interchange,NB,0.37,0.65,15.6
12/10/2024 8:00,countryclubdrive_to_I10interchange,NB,0.55,0.83,12.7
12/10/2024 9:00,countryclubdrive_to_I10interchange,NB,0.38,0.66,15.4
12/10/2024 10:00,countryclubdrive_to_I10interchange,NB,0.48,0.76,13.3
12/10/2024 11:00,countryclubdrive_to_I10interchange,NB,0.49,0.76,13.2
12/10/2024 12:00,countryclubdrive_to_I10interchange,NB,0.43,0.7,14.1
12/10/2024 13:00,countryclubdrive_to_I10interchange,NB,0.46,0.74,13.6
12/10/2024 14:00,countryclubdrive_to_I10interchange,NB,0.63,0.91,11.3
12/10/2024 15:00,countryclubdrive_to_I10interchange,NB,0.66,0.93,10.8
12/10/2024 16:00,countryclubdrive_to_I10interchange,NB,0.5,0.77,12.8
12/10/2024 17:00,countryclubdrive_to_I10interchange,NB,0.51,0.78,13
12/10/2024 18:00,countryclubdrive_to_I10interchange,NB,0.37,0.64,16.4
12/10/2024 19:00,countryclubdrive_to_I10interchange,NB,0.21,0.49,20.5
12/10/2024 20:00,countryclubdrive_to_I10interchange,NB,0.2,0.47,21.4
12/10/2024 21:00,countryclubdrive_to_I10interchange,NB,0.3,0.57,17.2
12/10/2024 22:00,countryclubdrive_to_I10interchange,NB,0.16,0.43,23.6
12/10/2024 23:00,countryclubdrive_to_I10interchange,NB,0.06,0.33,29.8
12/11/2024 0:00,countryclubdrive_to_I10interchange,NB,0.07,0.34,29.3
12/11/2024 1:00,countryclubdrive_to_I10interchange,NB,0.11,0.38,27
12/11/2024 2:00,countryclubdrive_to_I10interchange,NB,0.01,0.25,38.8
12/11/2024 3:00,countryclubdrive_to_I10interchange,NB,0.01,0.27,35.9
12/11/2024 4:00,countryclubdrive_to_I10interchange,NB,0.07,0.34,28.7
12/11/2024 5:00,countryclubdrive_to_I10interchange,NB,0.11,0.39,25.7
12/11/2024 6:00,countryclubdrive_to_I10interchange,NB,0.37,0.64,16.8
12/11/2024 7:00,countryclubdrive_to_I10interchange,NB,0.44,0.71,13.9
12/11/2024 8:00,countryclubdrive_to_I10interchange,NB,0.53,0.81,12.2
12/11/2024 9:00,countryclubdrive_to_I10interchange,NB,0.47,0.75,13.5
12/11/2024 10:00,countryclubdrive_to_I10interchange,NB,0.52,0.79,12.6
12/11/2024 11:00,countryclubdrive_to_I10interchange,NB,0.56,0.84,12.1
12/11/2024 12:00,countryclubdrive_to_I10interchange,NB,0.56,0.84,12.2
12/11/2024 13:00,countryclubdrive_to_I10interchange,NB,0.64,0.92,11.1
12/11/2024 14:00,countryclubdrive_to_I10interchange,NB,0.66,0.94,10.8
12/11/2024 15:00,countryclubdrive_to_I10interchange,NB,0.59,0.86,11.6
12/11/2024 16:00,countryclubdrive_to_I10interchange,NB,0.48,0.76,13.4
12/11/2024 17:00,countryclubdrive_to_I10interchange,NB,0.37,0.65,15.6
12/11/2024 18:00,countryclubdrive_to_I10interchange,NB,0.3,0.58,18.1
12/11/2024 19:00,countryclubdrive_to_I10interchange,NB,0.29,0.57,18.9
12/11/2024 20:00,countryclubdrive_to_I10interchange,NB,0.17,0.43,28.3
12/11/2024 21:00,countryclubdrive_to_I10interchange,NB,0.16,0.43,23.8
12/11/2024 22:00,countryclubdrive_to_I10interchange,NB,0.22,0.49,20
12/11/2024 23:00,countryclubdrive_to_I10interchange,NB,0.11,0.38,26.8
12/12/2024 0:00,countryclubdrive_to_I10interchange,NB,0.02,0.28,35
12/12/2024 1:00,countryclubdrive_to_I10interchange,NB,0.06,0.33,30.1
12/12/2024 2:00,countryclubdrive_to_I10interchange,NB,0.07,0.32,33.6
12/12/2024 3:00,countryclubdrive_to_I10interchange,NB,0.01,0.26,38.9
12/12/2024 4:00,countryclubdrive_to_I10interchange,NB,0.04,0.31,31
12/12/2024 5:00,countryclubdrive_to_I10interchange,NB,0.07,0.34,28.7
12/12/2024 6:00,countryclubdrive_to_I10interchange,NB,0.28,0.56,18.8
12/12/2024 7:00,countryclubdrive_to_I10interchange,NB,0.48,0.76,13.6
12/12/2024 8:00,countryclubdrive_to_I10interchange,NB,0.48,0.76,13.8
12/12/2024 9:00,countryclubdrive_to_I10interchange,NB,0.38,0.66,15.3
12/12/2024 10:00,countryclubdrive_to_I10interchange,NB,0.53,0.81,13.4
12/12/2024 11:00,countryclubdrive_to_I10interchange,NB,0.44,0.72,14
12/12/2024 12:00,countryclubdrive_to_I10interchange,NB,0.46,0.73,14.2
12/12/2024 13:00,countryclubdrive_to_I10interchange,NB,0.54,0.82,12.4
12/12/2024 14:00,countryclubdrive_to_I10interchange,NB,0.56,0.83,12
12/12/2024 15:00,countryclubdrive_to_I10interchange,NB,0.63,0.9,11.2
12/12/2024 16:00,countryclubdrive_to_I10interchange,NB,0.57,0.85,11.9
12/12/2024 17:00,countryclubdrive_to_I10interchange,NB,0.46,0.73,13.6
12/12/2024 18:00,countryclubdrive_to_I10interchange,NB,0.34,0.61,17
12/12/2024 19:00,countryclubdrive_to_I10interchange,NB,0.26,0.54,20.3
12/12/2024 20:00,countryclubdrive_to_I10interchange,NB,0.26,0.54,19.3
12/12/2024 21:00,countryclubdrive_to_I10interchange,NB,0.23,0.51,19.6
12/12/2024 22:00,countryclubdrive_to_I10interchange,NB,0.22,0.49,20.3
12/12/2024 23:00,countryclubdrive_to_I10interchange,NB,0.17,0.45,21.8
12/13/2024 0:00,countryclubdrive_to_I10interchange,NB,0.1,0.37,27
12/13/2024 1:00,countryclubdrive_to_I10interchange,NB,0.05,0.29,34.9
12/13/2024 2:00,countryclubdrive_to_I10interchange,NB,0,0.23,42.7
12/13/2024 3:00,countryclubdrive_to_I10interchange,NB,0.03,0.28,35
12/13/2024 4:00,countryclubdrive_to_I10interchange,NB,0.03,0.28,34.8
12/13/2024 5:00,countryclubdrive_to_I10interchange,NB,0.13,0.41,24.5
12/13/2024 6:00,countryclubdrive_to_I10interchange,NB,0.34,0.62,16.2
12/13/2024 7:00,countryclubdrive_to_I10interchange,NB,0.36,0.64,15.6
12/13/2024 8:00,countryclubdrive_to_I10interchange,NB,0.52,0.79,12.7
12/13/2024 9:00,countryclubdrive_to_I10interchange,NB,0.52,0.8,12.7
12/13/2024 10:00,countryclubdrive_to_I10interchange,NB,0.48,0.75,13.4
12/13/2024 11:00,countryclubdrive_to_I10interchange,NB,0.47,0.75,13.9
12/13/2024 12:00,countryclubdrive_to_I10interchange,NB,0.51,0.78,13
12/13/2024 13:00,countryclubdrive_to_I10interchange,NB,0.48,0.76,13.9
12/13/2024 14:00,countryclubdrive_to_I10interchange,NB,0.67,0.95,10.5
12/13/2024 15:00,countryclubdrive_to_I10interchange,NB,0.63,0.91,11
12/13/2024 16:00,countryclubdrive_to_I10interchange,NB,0.53,0.81,12.4
12/13/2024 17:00,countryclubdrive_to_I10interchange,NB,0.49,0.76,13.1
12/13/2024 18:00,countryclubdrive_to_I10interchange,NB,0.33,0.6,16.5
12/13/2024 19:00,countryclubdrive_to_I10interchange,NB,0.38,0.65,16.2
12/13/2024 20:00,countryclubdrive_to_I10interchange,NB,0.4,0.67,16.7
12/13/2024 21:00,countryclubdrive_to_I10interchange,NB,0.31,0.59,17.3
12/13/2024 22:00,countryclubdrive_to_I10interchange,NB,0.24,0.52,20.2
12/13/2024 23:00,countryclubdrive_to_I10interchange,NB,0.17,0.44,23.1
12/14/2024 0:00,countryclubdrive_to_I10interchange,NB,0.21,0.48,20.5
12/14/2024 1:00,countryclubdrive_to_I10interchange,NB,0.13,0.4,24.4
12/14/2024 2:00,countryclubdrive_to_I10interchange,NB,0.04,0.31,32.1
12/14/2024 3:00,countryclubdrive_to_I10interchange,NB,0.03,0.3,33.2
12/14/2024 4:00,countryclubdrive_to_I10interchange,NB,0,0.25,38.7
12/14/2024 5:00,countryclubdrive_to_I10interchange,NB,0.09,0.36,29.3
12/14/2024 6:00,countryclubdrive_to_I10interchange,NB,0.2,0.47,21.1
12/14/2024 7:00,countryclubdrive_to_I10interchange,NB,0.39,0.66,15.3
12/14/2024 8:00,countryclubdrive_to_I10interchange,NB,0.39,0.67,16.5
12/14/2024 9:00,countryclubdrive_to_I10interchange,NB,0.28,0.56,18.2
12/14/2024 10:00,countryclubdrive_to_I10interchange,NB,0.39,0.66,15
12/14/2024 11:00,countryclubdrive_to_I10interchange,NB,0.48,0.75,13.4
12/14/2024 12:00,countryclubdrive_to_I10interchange,NB,0.57,0.85,12.7
12/14/2024 13:00,countryclubdrive_to_I10interchange,NB,0.38,0.65,15.3
12/14/2024 14:00,countryclubdrive_to_I10interchange,NB,0.5,0.77,13.1
12/14/2024 15:00,countryclubdrive_to_I10interchange,NB,0.36,0.64,15.6
12/14/2024 16:00,countryclubdrive_to_I10interchange,NB,0.35,0.62,16.6
12/14/2024 17:00,countryclubdrive_to_I10interchange,NB,0.38,0.66,15.8
12/14/2024 18:00,countryclubdrive_to_I10interchange,NB,0.3,0.58,18.2
12/14/2024 19:00,countryclubdrive_to_I10interchange,NB,0.34,0.61,16.2
12/14/2024 20:00,countryclubdrive_to_I10interchange,NB,0.33,0.61,17.1
12/14/2024 21:00,countryclubdrive_to_I10interchange,NB,0.23,0.5,20.5
12/14/2024 22:00,countryclubdrive_to_I10interchange,NB,0.16,0.43,23.1
12/14/2024 23:00,countryclubdrive_to_I10interchange,NB,0.15,0.42,24.1
12/15/2024 0:00,countryclubdrive_to_I10interchange,NB,0.07,0.34,28.6
12/15/2024 1:00,countryclubdrive_to_I10interchange,NB,0.07,0.35,28.3
12/15/2024 2:00,countryclubdrive_to_I10interchange,NB,0.05,0.32,30.4
12/15/2024 3:00,countryclubdrive_to_I10interchange,NB,0.02,0.29,34.2
12/15/2024 4:00,countryclubdrive_to_I10interchange,NB,0.02,0.29,34.6
12/15/2024 5:00,countryclubdrive_to_I10interchange,NB,0.02,0.3,32.7
12/15/2024 6:00,countryclubdrive_to_I10interchange,NB,0.21,0.49,20.9
12/15/2024 7:00,countryclubdrive_to_I10interchange,NB,0.24,0.51,20
12/15/2024 8:00,countryclubdrive_to_I10interchange,NB,0.25,0.52,19.9
12/15/2024 9:00,countryclubdrive_to_I10interchange,NB,0.21,0.49,20.9
12/15/2024 10:00,countryclubdrive_to_I10interchange,NB,0.35,0.62,16.6
12/15/2024 11:00,countryclubdrive_to_I10interchange,NB,0.47,0.75,13.9
12/15/2024 12:00,countryclubdrive_to_I10interchange,NB,0.41,0.69,14.8
12/15/2024 13:00,countryclubdrive_to_I10interchange,NB,0.32,0.59,16.7
12/15/2024 14:00,countryclubdrive_to_I10interchange,NB,0.39,0.66,15.8
12/15/2024 15:00,countryclubdrive_to_I10interchange,NB,0.33,0.61,16.3
12/15/2024 16:00,countryclubdrive_to_I10interchange,NB,0.32,0.6,17
12/15/2024 17:00,countryclubdrive_to_I10interchange,NB,0.45,0.73,14.4
12/15/2024 18:00,countryclubdrive_to_I10interchange,NB,0.38,0.66,15.7
12/15/2024 19:00,countryclubdrive_to_I10interchange,NB,0.26,0.53,19.5
12/15/2024 20:00,countryclubdrive_to_I10interchange,NB,0.26,0.53,18.9
12/15/2024 21:00,countryclubdrive_to_I10interchange,NB,0.31,0.58,18.4
12/15/2024 22:00,countryclubdrive_to_I10interchange,NB,0.11,0.38,25.8
12/15/2024 23:00,countryclubdrive_to_I10interchange,NB,0.12,0.39,25.6
12/16/2024 0:00,countryclubdrive_to_I10interchange,NB,0.05,0.31,31.9
12/16/2024 1:00,countryclubdrive_to_I10interchange,NB,0.11,0.38,27.4
12/16/2024 2:00,countryclubdrive_to_I10interchange,NB,0.02,0.27,36.5
12/16/2024 3:00,countryclubdrive_to_I10interchange,NB,0.01,0.26,37.8
12/16/2024 4:00,countryclubdrive_to_I10interchange,NB,0.11,0.38,27.6
12/16/2024 5:00,countryclubdrive_to_I10interchange,NB,0.13,0.41,24.2
12/16/2024 6:00,countryclubdrive_to_I10interchange,NB,0.25,0.52,19.5
12/16/2024 7:00,countryclubdrive_to_I10interchange,NB,0.47,0.75,13.4
12/16/2024 8:00,countryclubdrive_to_I10interchange,NB,0.58,0.85,12.1
12/16/2024 9:00,countryclubdrive_to_I10interchange,NB,0.45,0.73,14.1
12/16/2024 10:00,countryclubdrive_to_I10interchange,NB,0.44,0.71,14.4
12/16/2024 11:00,countryclubdrive_to_I10interchange,NB,0.42,0.7,14.7
12/16/2024 12:00,countryclubdrive_to_I10interchange,NB,0.59,0.87,12
12/16/2024 13:00,countryclubdrive_to_I10interchange,NB,0.63,0.91,11.3
12/16/2024 14:00,countryclubdrive_to_I10interchange,NB,0.49,0.76,13.1
12/16/2024 15:00,countryclubdrive_to_I10interchange,NB,0.56,0.84,12.1
12/16/2024 16:00,countryclubdrive_to_I10interchange,NB,0.54,0.82,12
12/16/2024 17:00,countryclubdrive_to_I10interchange,NB,0.53,0.81,12.5
12/16/2024 18:00,countryclubdrive_to_I10interchange,NB,0.27,0.54,18.6
12/16/2024 19:00,countryclubdrive_to_I10interchange,NB,0.31,0.58,17.4
12/16/2024 20:00,countryclubdrive_to_I10interchange,NB,0.19,0.47,22.5
12/16/2024 21:00,countryclubdrive_to_I10interchange,NB,0.19,0.47,21.5
12/16/2024 22:00,countryclubdrive_to_I10interchange,NB,0.08,0.35,28.4
12/16/2024 23:00,countryclubdrive_to_I10interchange,NB,0.16,0.44,22.9
12/17/2024 0:00,countryclubdrive_to_I10interchange,NB,0.04,0.3,33.3
12/17/2024 1:00,countryclubdrive_to_I10interchange,NB,0.04,0.31,32.3
12/17/2024 2:00,countryclubdrive_to_I10interchange,NB,0.03,0.31,31.5
12/17/2024 3:00,countryclubdrive_to_I10interchange,NB,0.02,0.3,32.8
12/17/2024 4:00,countryclubdrive_to_I10interchange,NB,0.09,0.36,28.7
12/17/2024 5:00,countryclubdrive_to_I10interchange,NB,0.13,0.4,25
12/17/2024 6:00,countryclubdrive_to_I10interchange,NB,0.37,0.65,16.5
12/17/2024 7:00,countryclubdrive_to_I10interchange,NB,0.46,0.74,13.9
12/17/2024 8:00,countryclubdrive_to_I10interchange,NB,0.59,0.87,11.5
12/17/2024 9:00,countryclubdrive_to_I10interchange,NB,0.58,0.86,11.9
12/17/2024 10:00,countryclubdrive_to_I10interchange,NB,0.52,0.8,12.7
12/17/2024 11:00,countryclubdrive_to_I10interchange,NB,0.44,0.72,13.9
12/17/2024 12:00,countryclubdrive_to_I10interchange,NB,0.57,0.84,12
12/17/2024 13:00,countryclubdrive_to_I10interchange,NB,0.54,0.82,12.3
12/17/2024 14:00,countryclubdrive_to_I10interchange,NB,0.5,0.77,13.1
12/17/2024 15:00,countryclubdrive_to_I10interchange,NB,0.69,0.96,10.7
12/17/2024 16:00,countryclubdrive_to_I10interchange,NB,0.55,0.82,12
12/17/2024 17:00,countryclubdrive_to_I10interchange,NB,0.46,0.74,13.4
12/17/2024 18:00,countryclubdrive_to_I10interchange,NB,0.35,0.62,16.6
12/17/2024 19:00,countryclubdrive_to_I10interchange,NB,0.23,0.51,20.7
12/17/2024 20:00,countryclubdrive_to_I10interchange,NB,0.21,0.49,20.5
12/17/2024 21:00,countryclubdrive_to_I10interchange,NB,0.15,0.43,23.6
12/17/2024 22:00,countryclubdrive_to_I10interchange,NB,0.14,0.42,23.8
12/17/2024 23:00,countryclubdrive_to_I10interchange,NB,0.14,0.41,25.8
12/18/2024 0:00,countryclubdrive_to_I10interchange,NB,0.04,0.3,32.8
12/18/2024 1:00,countryclubdrive_to_I10interchange,NB,0.01,0.27,36.3
12/18/2024 2:00,countryclubdrive_to_I10interchange,NB,0.03,0.29,33.5
12/18/2024 3:00,countryclubdrive_to_I10interchange,NB,0.02,0.26,38
12/18/2024 4:00,countryclubdrive_to_I10interchange,NB,0.08,0.35,28.2
12/18/2024 5:00,countryclubdrive_to_I10interchange,NB,0.19,0.47,22.8
12/18/2024 6:00,countryclubdrive_to_I10interchange,NB,0.41,0.69,14.7
12/18/2024 7:00,countryclubdrive_to_I10interchange,NB,0.35,0.63,16.3
12/18/2024 8:00,countryclubdrive_to_I10interchange,NB,0.57,0.84,11.8
12/18/2024 9:00,countryclubdrive_to_I10interchange,NB,0.44,0.72,14.9
12/18/2024 10:00,countryclubdrive_to_I10interchange,NB,0.5,0.78,13
12/18/2024 11:00,countryclubdrive_to_I10interchange,NB,0.64,0.92,11.2
12/18/2024 12:00,countryclubdrive_to_I10interchange,NB,0.5,0.77,13
12/18/2024 13:00,countryclubdrive_to_I10interchange,NB,0.46,0.73,13.8
12/18/2024 14:00,countryclubdrive_to_I10interchange,NB,0.54,0.82,12.3
12/18/2024 15:00,countryclubdrive_to_I10interchange,NB,0.56,0.83,12.1
12/18/2024 16:00,countryclubdrive_to_I10interchange,NB,0.53,0.81,12.7
12/18/2024 17:00,countryclubdrive_to_I10interchange,NB,0.64,0.92,10.9
12/18/2024 18:00,countryclubdrive_to_I10interchange,NB,0.35,0.63,16
12/18/2024 19:00,countryclubdrive_to_I10interchange,NB,0.27,0.54,19.4
12/18/2024 20:00,countryclubdrive_to_I10interchange,NB,0.35,0.63,16.3
12/18/2024 21:00,countryclubdrive_to_I10interchange,NB,0.3,0.57,18.5
12/18/2024 22:00,countryclubdrive_to_I10interchange,NB,0.28,0.56,19.6
12/18/2024 23:00,countryclubdrive_to_I10interchange,NB,0.1,0.37,26.2
12/19/2024 0:00,countryclubdrive_to_I10interchange,NB,0.1,0.38,26.2
12/19/2024 1:00,countryclubdrive_to_I10interchange,NB,0.09,0.36,28.7
12/19/2024 2:00,countryclubdrive_to_I10interchange,NB,0.08,0.32,33.5
12/19/2024 3:00,countryclubdrive_to_I10interchange,NB,0.09,0.35,28
12/19/2024 4:00,countryclubdrive_to_I10interchange,NB,0.08,0.36,27.5
12/19/2024 5:00,countryclubdrive_to_I10interchange,NB,0.13,0.4,25.1
12/19/2024 6:00,countryclubdrive_to_I10interchange,NB,0.24,0.51,19.3
12/19/2024 7:00,countryclubdrive_to_I10interchange,NB,0.37,0.65,15.7
12/19/2024 8:00,countryclubdrive_to_I10interchange,NB,0.59,0.87,12.3
12/19/2024 9:00,countryclubdrive_to_I10interchange,NB,0.54,0.81,12.3
12/19/2024 10:00,countryclubdrive_to_I10interchange,NB,0.54,0.82,12.4
12/19/2024 11:00,countryclubdrive_to_I10interchange,NB,0.55,0.82,12.2
12/19/2024 12:00,countryclubdrive_to_I10interchange,NB,0.56,0.83,12.1
12/19/2024 13:00,countryclubdrive_to_I10interchange,NB,0.48,0.75,13.7
12/19/2024 14:00,countryclubdrive_to_I10interchange,NB,0.48,0.76,13.3
12/19/2024 15:00,countryclubdrive_to_I10interchange,NB,0.62,0.9,11.3
12/19/2024 16:00,countryclubdrive_to_I10interchange,NB,0.5,0.77,12.8
12/19/2024 17:00,countryclubdrive_to_I10interchange,NB,0.45,0.72,13.8
12/19/2024 18:00,countryclubdrive_to_I10interchange,NB,0.32,0.59,16.7
12/19/2024 19:00,countryclubdrive_to_I10interchange,NB,0.3,0.57,17.5
12/19/2024 20:00,countryclubdrive_to_I10interchange,NB,0.28,0.56,18.9
12/19/2024 21:00,countryclubdrive_to_I10interchange,NB,0.31,0.58,17.2
12/19/2024 22:00,countryclubdrive_to_I10interchange,NB,0.13,0.4,24.4
12/19/2024 23:00,countryclubdrive_to_I10interchange,NB,0.09,0.36,28.9
12/20/2024 0:00,countryclubdrive_to_I10interchange,NB,0.03,0.29,33.2
12/20/2024 1:00,countryclubdrive_to_I10interchange,NB,0.02,0.29,33.9
12/20/2024 2:00,countryclubdrive_to_I10interchange,NB,0.01,0.24,41.4
12/20/2024 3:00,countryclubdrive_to_I10interchange,NB,0.01,0.23,42.2
12/20/2024 4:00,countryclubdrive_to_I10interchange,NB,0.01,0.26,37
12/20/2024 5:00,countryclubdrive_to_I10interchange,NB,0.15,0.41,28
12/20/2024 6:00,countryclubdrive_to_I10interchange,NB,0.44,0.71,15.2
12/20/2024 7:00,countryclubdrive_to_I10interchange,NB,0.41,0.68,14.9
12/20/2024 8:00,countryclubdrive_to_I10interchange,NB,0.45,0.73,14
12/20/2024 9:00,countryclubdrive_to_I10interchange,NB,0.51,0.78,12.8
12/20/2024 10:00,countryclubdrive_to_I10interchange,NB,0.49,0.77,13.3
12/20/2024 11:00,countryclubdrive_to_I10interchange,NB,0.59,0.86,12.1
12/20/2024 12:00,countryclubdrive_to_I10interchange,NB,0.69,0.96,10.4
12/20/2024 13:00,countryclubdrive_to_I10interchange,NB,0.59,0.86,11.8
12/20/2024 14:00,countryclubdrive_to_I10interchange,NB,0.52,0.79,12.7
12/20/2024 15:00,countryclubdrive_to_I10interchange,NB,0.58,0.86,12
12/20/2024 16:00,countryclubdrive_to_I10interchange,NB,0.57,0.84,12.2
12/20/2024 17:00,countryclubdrive_to_I10interchange,NB,0.49,0.76,13.2
12/20/2024 18:00,countryclubdrive_to_I10interchange,NB,0.35,0.63,16.3
12/20/2024 19:00,countryclubdrive_to_I10interchange,NB,0.42,0.7,15.6
12/20/2024 20:00,countryclubdrive_to_I10interchange,NB,0.37,0.65,16.5
12/20/2024 21:00,countryclubdrive_to_I10interchange,NB,0.3,0.58,18
12/20/2024 22:00,countryclubdrive_to_I10interchange,NB,0.23,0.51,21.1
12/20/2024 23:00,countryclubdrive_to_I10interchange,NB,0.16,0.43,23.7
12/21/2024 0:00,countryclubdrive_to_I10interchange,NB,0.17,0.44,22.5
12/21/2024 1:00,countryclubdrive_to_I10interchange,NB,0.06,0.33,29.4
12/21/2024 2:00,countryclubdrive_to_I10interchange,NB,0.05,0.3,34.6
12/21/2024 3:00,countryclubdrive_to_I10interchange,NB,0.02,0.27,37.1
12/21/2024 4:00,countryclubdrive_to_I10interchange,NB,0.11,0.37,27.9
12/21/2024 5:00,countryclubdrive_to_I10interchange,NB,0.05,0.31,32.3
12/21/2024 6:00,countryclubdrive_to_I10interchange,NB,0.18,0.45,23.1
12/21/2024 7:00,countryclubdrive_to_I10interchange,NB,0.26,0.54,19.8
12/21/2024 8:00,countryclubdrive_to_I10interchange,NB,0.26,0.53,19
12/21/2024 9:00,countryclubdrive_to_I10interchange,NB,0.32,0.59,17.3
12/21/2024 10:00,countryclubdrive_to_I10interchange,NB,0.41,0.68,15.2
12/21/2024 11:00,countryclubdrive_to_I10interchange,NB,0.55,0.82,12.6
12/21/2024 12:00,countryclubdrive_to_I10interchange,NB,0.52,0.8,12.9
12/21/2024 13:00,countryclubdrive_to_I10interchange,NB,0.44,0.71,15.2
12/21/2024 14:00,countryclubdrive_to_I10interchange,NB,0.45,0.73,13.5
12/21/2024 15:00,countryclubdrive_to_I10interchange,NB,0.38,0.66,15.7
12/21/2024 16:00,countryclubdrive_to_I10interchange,NB,0.38,0.66,16.1
12/21/2024 17:00,countryclubdrive_to_I10interchange,NB,0.39,0.66,16.1
12/21/2024 18:00,countryclubdrive_to_I10interchange,NB,0.29,0.56,18.6
12/21/2024 19:00,countryclubdrive_to_I10interchange,NB,0.37,0.65,15.8
12/21/2024 20:00,countryclubdrive_to_I10interchange,NB,0.25,0.53,18.9
12/21/2024 21:00,countryclubdrive_to_I10interchange,NB,0.27,0.54,21.9
12/21/2024 22:00,countryclubdrive_to_I10interchange,NB,0.2,0.48,21.5
12/21/2024 23:00,countryclubdrive_to_I10interchange,NB,0.12,0.4,26.2
12/22/2024 0:00,countryclubdrive_to_I10interchange,NB,0.19,0.46,23.5
12/22/2024 1:00,countryclubdrive_to_I10interchange,NB,0.07,0.34,28.5
12/22/2024 2:00,countryclubdrive_to_I10interchange,NB,0.02,0.28,35.8
12/22/2024 3:00,countryclubdrive_to_I10interchange,NB,0.02,0.28,36
12/22/2024 4:00,countryclubdrive_to_I10interchange,NB,0.03,0.31,31.8
12/22/2024 5:00,countryclubdrive_to_I10interchange,NB,0.11,0.38,26.4
12/22/2024 6:00,countryclubdrive_to_I10interchange,NB,0.09,0.36,29.1
12/22/2024 7:00,countryclubdrive_to_I10interchange,NB,0.25,0.52,19.7
12/22/2024 8:00,countryclubdrive_to_I10interchange,NB,0.26,0.53,19.6
12/22/2024 9:00,countryclubdrive_to_I10interchange,NB,0.28,0.55,18.5
12/22/2024 10:00,countryclubdrive_to_I10interchange,NB,0.29,0.56,18
12/22/2024 11:00,countryclubdrive_to_I10interchange,NB,0.43,0.71,15
12/22/2024 12:00,countryclubdrive_to_I10interchange,NB,0.36,0.63,15.6
12/22/2024 13:00,countryclubdrive_to_I10interchange,NB,0.46,0.73,14.3
12/22/2024 14:00,countryclubdrive_to_I10interchange,NB,0.39,0.66,15
12/22/2024 15:00,countryclubdrive_to_I10interchange,NB,0.34,0.62,16.2
12/22/2024 16:00,countryclubdrive_to_I10interchange,NB,0.43,0.7,14.7
12/22/2024 17:00,countryclubdrive_to_I10interchange,NB,0.31,0.59,19.2
12/22/2024 18:00,countryclubdrive_to_I10interchange,NB,0.45,0.72,16.5
12/22/2024 19:00,countryclubdrive_to_I10interchange,NB,0.26,0.54,19.5
12/22/2024 20:00,countryclubdrive_to_I10interchange,NB,0.24,0.52,19.7
12/22/2024 21:00,countryclubdrive_to_I10interchange,NB,0.23,0.51,19.7
12/22/2024 22:00,countryclubdrive_to_I10interchange,NB,0.15,0.43,23.1
12/22/2024 23:00,countryclubdrive_to_I10interchange,NB,0.25,0.52,19.6
12/23/2024 0:00,countryclubdrive_to_I10interchange,NB,0.11,0.39,28
12/23/2024 1:00,countryclubdrive_to_I10interchange,NB,0.05,0.32,32.3
12/23/2024 2:00,countryclubdrive_to_I10interchange,NB,0.09,0.35,28.1
12/23/2024 3:00,countryclubdrive_to_I10interchange,NB,0.02,0.28,34.4
12/23/2024 4:00,countryclubdrive_to_I10interchange,NB,0.03,0.3,33.1
12/23/2024 5:00,countryclubdrive_to_I10interchange,NB,0.12,0.39,26.2
12/23/2024 6:00,countryclubdrive_to_I10interchange,NB,0.18,0.46,22.1
12/23/2024 7:00,countryclubdrive_to_I10interchange,NB,0.38,0.65,16.1
12/23/2024 8:00,countryclubdrive_to_I10interchange,NB,0.45,0.73,14.5
12/23/2024 9:00,countryclubdrive_to_I10interchange,NB,0.44,0.71,14
12/23/2024 10:00,countryclubdrive_to_I10interchange,NB,0.5,0.77,13.1
12/23/2024 11:00,countryclubdrive_to_I10interchange,NB,0.61,0.89,11.3
12/23/2024 12:00,countryclubdrive_to_I10interchange,NB,0.7,0.98,10.4
12/23/2024 13:00,countryclubdrive_to_I10interchange,NB,0.56,0.84,12
12/23/2024 14:00,countryclubdrive_to_I10interchange,NB,0.57,0.84,11.8
12/23/2024 15:00,countryclubdrive_to_I10interchange,NB,0.55,0.83,12.1
12/23/2024 16:00,countryclubdrive_to_I10interchange,NB,0.4,0.68,14.5
12/23/2024 17:00,countryclubdrive_to_I10interchange,NB,0.48,0.76,13.1
12/23/2024 18:00,countryclubdrive_to_I10interchange,NB,0.35,0.62,15.9
12/23/2024 19:00,countryclubdrive_to_I10interchange,NB,0.3,0.58,18.1
12/23/2024 20:00,countryclubdrive_to_I10interchange,NB,0.39,0.67,16
12/23/2024 21:00,countryclubdrive_to_I10interchange,NB,0.35,0.62,16.1
12/23/2024 22:00,countryclubdrive_to_I10interchange,NB,0.2,0.47,21.3
12/23/2024 23:00,countryclubdrive_to_I10interchange,NB,0.1,0.37,27.6
12/24/2024 0:00,countryclubdrive_to_I10interchange,NB,0.09,0.36,27.2
12/24/2024 1:00,countryclubdrive_to_I10interchange,NB,0.09,0.35,29.7
12/24/2024 2:00,countryclubdrive_to_I10interchange,NB,0.01,0.27,35.6
12/24/2024 3:00,countryclubdrive_to_I10interchange,NB,0.03,0.26,38.6
12/24/2024 4:00,countryclubdrive_to_I10interchange,NB,0.06,0.33,29.3
12/24/2024 5:00,countryclubdrive_to_I10interchange,NB,0.14,0.41,24.5
12/24/2024 6:00,countryclubdrive_to_I10interchange,NB,0.15,0.43,23.3
12/24/2024 7:00,countryclubdrive_to_I10interchange,NB,0.3,0.58,17.8
12/24/2024 8:00,countryclubdrive_to_I10interchange,NB,0.45,0.73,13.9
12/24/2024 9:00,countryclubdrive_to_I10interchange,NB,0.48,0.76,13.5
12/24/2024 10:00,countryclubdrive_to_I10interchange,NB,0.48,0.76,13.5
12/24/2024 11:00,countryclubdrive_to_I10interchange,NB,0.51,0.78,13
12/24/2024 12:00,countryclubdrive_to_I10interchange,NB,0.56,0.84,11.8
12/24/2024 13:00,countryclubdrive_to_I10interchange,NB,0.51,0.78,13.1
12/24/2024 14:00,countryclubdrive_to_I10interchange,NB,0.44,0.71,14.1
12/24/2024 15:00,countryclubdrive_to_I10interchange,NB,0.44,0.72,14
12/24/2024 16:00,countryclubdrive_to_I10interchange,NB,0.39,0.67,15.6
12/24/2024 17:00,countryclubdrive_to_I10interchange,NB,0.35,0.62,16.8
12/24/2024 18:00,countryclubdrive_to_I10interchange,NB,0.31,0.58,17.3
12/24/2024 19:00,countryclubdrive_to_I10interchange,NB,0.27,0.54,18.4
12/24/2024 20:00,countryclubdrive_to_I10interchange,NB,0.29,0.57,18.6
12/24/2024 21:00,countryclubdrive_to_I10interchange,NB,0.2,0.48,21
12/24/2024 22:00,countryclubdrive_to_I10interchange,NB,0.2,0.47,21.2
12/24/2024 23:00,countryclubdrive_to_I10interchange,NB,0.12,0.4,25.3
12/25/2024 0:00,countryclubdrive_to_I10interchange,NB,0.12,0.39,25.3
12/25/2024 1:00,countryclubdrive_to_I10interchange,NB,0.13,0.4,27
12/25/2024 2:00,countryclubdrive_to_I10interchange,NB,0.04,0.31,32.2
12/25/2024 3:00,countryclubdrive_to_I10interchange,NB,0.01,0.28,34.9
12/25/2024 4:00,countryclubdrive_to_I10interchange,NB,0.1,0.36,28.7
12/25/2024 5:00,countryclubdrive_to_I10interchange,NB,0.01,0.26,37.3
12/25/2024 6:00,countryclubdrive_to_I10interchange,NB,0.05,0.31,33.1
12/25/2024 7:00,countryclubdrive_to_I10interchange,NB,0.24,0.51,22.2
12/25/2024 8:00,countryclubdrive_to_I10interchange,NB,0.15,0.43,23.3
12/25/2024 9:00,countryclubdrive_to_I10interchange,NB,0.22,0.49,22.4
12/25/2024 10:00,countryclubdrive_to_I10interchange,NB,0.27,0.55,18.9
12/25/2024 11:00,countryclubdrive_to_I10interchange,NB,0.32,0.6,17.5
12/25/2024 12:00,countryclubdrive_to_I10interchange,NB,0.3,0.57,17.7
12/25/2024 13:00,countryclubdrive_to_I10interchange,NB,0.26,0.54,19.4
12/25/2024 14:00,countryclubdrive_to_I10interchange,NB,0.23,0.51,20.5
12/25/2024 15:00,countryclubdrive_to_I10interchange,NB,0.18,0.45,22
12/25/2024 16:00,countryclubdrive_to_I10interchange,NB,0.21,0.49,20.3
12/25/2024 17:00,countryclubdrive_to_I10interchange,NB,0.3,0.57,17.8
12/25/2024 18:00,countryclubdrive_to_I10interchange,NB,0.27,0.55,19.5
12/25/2024 19:00,countryclubdrive_to_I10interchange,NB,0.24,0.51,20
12/25/2024 20:00,countryclubdrive_to_I10interchange,NB,0.18,0.45,22.4
12/25/2024 21:00,countryclubdrive_to_I10interchange,NB,0.17,0.45,23.1
12/25/2024 22:00,countryclubdrive_to_I10interchange,NB,0.2,0.48,22.6
12/25/2024 23:00,countryclubdrive_to_I10interchange,NB,0.06,0.33,29.6
12/26/2024 0:00,countryclubdrive_to_I10interchange,NB,0.06,0.33,29.3
12/26/2024 1:00,countryclubdrive_to_I10interchange,NB,0.03,0.29,34.4
12/26/2024 2:00,countryclubdrive_to_I10interchange,NB,0.01,0.27,35.7
12/26/2024 3:00,countryclubdrive_to_I10interchange,NB,0,0.24,41
12/26/2024 4:00,countryclubdrive_to_I10interchange,NB,0.04,0.29,33.5
12/26/2024 5:00,countryclubdrive_to_I10interchange,NB,0.07,0.35,27.9
12/26/2024 6:00,countryclubdrive_to_I10interchange,NB,0.17,0.45,23.2
12/26/2024 7:00,countryclubdrive_to_I10interchange,NB,0.31,0.58,18.1
12/26/2024 8:00,countryclubdrive_to_I10interchange,NB,0.44,0.72,14.9
12/26/2024 9:00,countryclubdrive_to_I10interchange,NB,0.31,0.58,17.3
12/26/2024 10:00,countryclubdrive_to_I10interchange,NB,0.38,0.66,15.5
12/26/2024 11:00,countryclubdrive_to_I10interchange,NB,0.5,0.78,12.7
12/26/2024 12:00,countryclubdrive_to_I10interchange,NB,0.63,0.9,11.1
12/26/2024 13:00,countryclubdrive_to_I10interchange,NB,0.5,0.78,13
12/26/2024 14:00,countryclubdrive_to_I10interchange,NB,0.44,0.71,13.8
12/26/2024 15:00,countryclubdrive_to_I10interchange,NB,0.5,0.77,13.3
12/26/2024 16:00,countryclubdrive_to_I10interchange,NB,0.41,0.69,14.5
12/26/2024 17:00,countryclubdrive_to_I10interchange,NB,0.4,0.68,14.6
12/26/2024 18:00,countryclubdrive_to_I10interchange,NB,0.36,0.63,15.9
12/26/2024 19:00,countryclubdrive_to_I10interchange,NB,0.35,0.62,16.7
12/26/2024 20:00,countryclubdrive_to_I10interchange,NB,0.34,0.61,17.2
12/26/2024 21:00,countryclubdrive_to_I10interchange,NB,0.19,0.47,22.2
12/26/2024 22:00,countryclubdrive_to_I10interchange,NB,0.11,0.38,27.8
12/26/2024 23:00,countryclubdrive_to_I10interchange,NB,0.12,0.4,25.1
12/27/2024 0:00,countryclubdrive_to_I10interchange,NB,0.05,0.33,29.8
12/27/2024 1:00,countryclubdrive_to_I10interchange,NB,0.03,0.3,32
12/27/2024 2:00,countryclubdrive_to_I10interchange,NB,0.01,0.26,37.8
12/27/2024 3:00,countryclubdrive_to_I10interchange,NB,0.06,0.33,29.5
12/27/2024 4:00,countryclubdrive_to_I10interchange,NB,0.02,0.29,34.2
12/27/2024 5:00,countryclubdrive_to_I10interchange,NB,0.1,0.37,27.2
12/27/2024 6:00,countryclubdrive_to_I10interchange,NB,0.22,0.5,21.2
12/27/2024 7:00,countryclubdrive_to_I10interchange,NB,0.35,0.63,16.9
12/27/2024 8:00,countryclubdrive_to_I10interchange,NB,0.39,0.66,15.3
12/27/2024 9:00,countryclubdrive_to_I10interchange,NB,0.54,0.82,12.3
12/27/2024 10:00,countryclubdrive_to_I10interchange,NB,0.45,0.73,13.5
12/27/2024 11:00,countryclubdrive_to_I10interchange,NB,0.6,0.87,11.9
12/27/2024 12:00,countryclubdrive_to_I10interchange,NB,0.5,0.78,13.1
12/27/2024 13:00,countryclubdrive_to_I10interchange,NB,0.58,0.86,11.8
12/27/2024 14:00,countryclubdrive_to_I10interchange,NB,0.49,0.77,12.9
12/27/2024 15:00,countryclubdrive_to_I10interchange,NB,0.52,0.79,12.7
12/27/2024 16:00,countryclubdrive_to_I10interchange,NB,0.47,0.74,13.8
12/27/2024 17:00,countryclubdrive_to_I10interchange,NB,0.48,0.75,13.5
12/27/2024 18:00,countryclubdrive_to_I10interchange,NB,0.32,0.59,16.7
12/27/2024 19:00,countryclubdrive_to_I10interchange,NB,0.33,0.6,17.8
12/27/2024 20:00,countryclubdrive_to_I10interchange,NB,0.21,0.49,20.8
12/27/2024 21:00,countryclubdrive_to_I10interchange,NB,0.28,0.55,18.9
12/27/2024 22:00,countryclubdrive_to_I10interchange,NB,0.23,0.5,20.5
12/27/2024 23:00,countryclubdrive_to_I10interchange,NB,0.09,0.36,27.6
12/28/2024 0:00,countryclubdrive_to_I10interchange,NB,0.1,0.37,26.9
12/28/2024 1:00,countryclubdrive_to_I10interchange,NB,0.04,0.31,31.2
12/28/2024 2:00,countryclubdrive_to_I10interchange,NB,0.07,0.33,30
12/28/2024 3:00,countryclubdrive_to_I10interchange,NB,0.02,0.27,36.7
12/28/2024 4:00,countryclubdrive_to_I10interchange,NB,0.05,0.32,32.3
12/28/2024 5:00,countryclubdrive_to_I10interchange,NB,0.05,0.31,31.8
12/28/2024 6:00,countryclubdrive_to_I10interchange,NB,0.32,0.6,20.4
12/28/2024 7:00,countryclubdrive_to_I10interchange,NB,0.41,0.69,15.9
12/28/2024 8:00,countryclubdrive_to_I10interchange,NB,0.34,0.62,16.7
12/28/2024 9:00,countryclubdrive_to_I10interchange,NB,0.31,0.59,17.5
12/28/2024 10:00,countryclubdrive_to_I10interchange,NB,0.55,0.82,13.5
12/28/2024 11:00,countryclubdrive_to_I10interchange,NB,0.49,0.77,13
12/28/2024 12:00,countryclubdrive_to_I10interchange,NB,0.48,0.75,13.3
12/28/2024 13:00,countryclubdrive_to_I10interchange,NB,0.61,0.88,11.7
12/28/2024 14:00,countryclubdrive_to_I10interchange,NB,0.5,0.78,12.9
12/28/2024 15:00,countryclubdrive_to_I10interchange,NB,0.43,0.7,14.9
12/28/2024 16:00,countryclubdrive_to_I10interchange,NB,0.42,0.7,14.3
12/28/2024 17:00,countryclubdrive_to_I10interchange,NB,0.59,0.87,11.6
12/28/2024 18:00,countryclubdrive_to_I10interchange,NB,0.41,0.69,15.1
12/28/2024 19:00,countryclubdrive_to_I10interchange,NB,0.32,0.6,17.7
12/28/2024 20:00,countryclubdrive_to_I10interchange,NB,0.41,0.68,15.7
12/28/2024 21:00,countryclubdrive_to_I10interchange,NB,0.3,0.57,17.7
12/28/2024 22:00,countryclubdrive_to_I10interchange,NB,0.21,0.49,20.5
12/28/2024 23:00,countryclubdrive_to_I10interchange,NB,0.2,0.47,21.6
12/29/2024 0:00,countryclubdrive_to_I10interchange,NB,0.06,0.34,29
12/29/2024 1:00,countryclubdrive_to_I10interchange,NB,0.05,0.31,31.2
12/29/2024 2:00,countryclubdrive_to_I10interchange,NB,0.06,0.33,31
12/29/2024 3:00,countryclubdrive_to_I10interchange,NB,0.03,0.29,33.9
12/29/2024 4:00,countryclubdrive_to_I10interchange,NB,0.09,0.36,28.7
12/29/2024 5:00,countryclubdrive_to_I10interchange,NB,0.04,0.31,31.7
12/29/2024 6:00,countryclubdrive_to_I10interchange,NB,0.14,0.41,26
12/29/2024 7:00,countryclubdrive_to_I10interchange,NB,0.21,0.48,21.5
12/29/2024 8:00,countryclubdrive_to_I10interchange,NB,0.3,0.57,17.7
12/29/2024 9:00,countryclubdrive_to_I10interchange,NB,0.39,0.66,15.6
12/29/2024 10:00,countryclubdrive_to_I10interchange,NB,0.4,0.67,15
12/29/2024 11:00,countryclubdrive_to_I10interchange,NB,0.46,0.73,13.7
12/29/2024 12:00,countryclubdrive_to_I10interchange,NB,0.45,0.72,14.8
12/29/2024 13:00,countryclubdrive_to_I10interchange,NB,0.4,0.67,14.8
12/29/2024 14:00,countryclubdrive_to_I10interchange,NB,0.37,0.65,15.5
12/29/2024 15:00,countryclubdrive_to_I10interchange,NB,0.34,0.61,16.3
12/29/2024 16:00,countryclubdrive_to_I10interchange,NB,0.41,0.69,14.9
12/29/2024 17:00,countryclubdrive_to_I10interchange,NB,0.4,0.68,15.4
12/29/2024 18:00,countryclubdrive_to_I10interchange,NB,0.38,0.66,15.1
12/29/2024 19:00,countryclubdrive_to_I10interchange,NB,0.27,0.55,20.1
12/29/2024 20:00,countryclubdrive_to_I10interchange,NB,0.3,0.58,18.2
12/29/2024 21:00,countryclubdrive_to_I10interchange,NB,0.18,0.45,22.2
12/29/2024 22:00,countryclubdrive_to_I10interchange,NB,0.21,0.49,21.6
12/29/2024 23:00,countryclubdrive_to_I10interchange,NB,0.1,0.38,26.1
12/30/2024 0:00,countryclubdrive_to_I10interchange,NB,0.06,0.34,29.3
12/30/2024 1:00,countryclubdrive_to_I10interchange,NB,0.02,0.28,35.6
12/30/2024 2:00,countryclubdrive_to_I10interchange,NB,0.03,0.29,34.2
12/30/2024 3:00,countryclubdrive_to_I10interchange,NB,0.03,0.3,32.7
12/30/2024 4:00,countryclubdrive_to_I10interchange,NB,0.03,0.3,32.3
12/30/2024 5:00,countryclubdrive_to_I10interchange,NB,0.12,0.4,25.2
12/30/2024 6:00,countryclubdrive_to_I10interchange,NB,0.21,0.48,20.8
12/30/2024 7:00,countryclubdrive_to_I10interchange,NB,0.32,0.6,17.1
12/30/2024 8:00,countryclubdrive_to_I10interchange,NB,0.43,0.71,14
12/30/2024 9:00,countryclubdrive_to_I10interchange,NB,0.42,0.69,14.5
12/30/2024 10:00,countryclubdrive_to_I10interchange,NB,0.54,0.82,12
12/30/2024 11:00,countryclubdrive_to_I10interchange,NB,0.61,0.88,11.6
12/30/2024 12:00,countryclubdrive_to_I10interchange,NB,0.62,0.89,11.3
12/30/2024 13:00,countryclubdrive_to_I10interchange,NB,0.57,0.85,12.1
12/30/2024 14:00,countryclubdrive_to_I10interchange,NB,0.62,0.9,11.1
12/30/2024 15:00,countryclubdrive_to_I10interchange,NB,0.56,0.84,12.1
12/30/2024 16:00,countryclubdrive_to_I10interchange,NB,0.49,0.76,13.1
12/30/2024 17:00,countryclubdrive_to_I10interchange,NB,0.52,0.8,12.8
12/30/2024 18:00,countryclubdrive_to_I10interchange,NB,0.31,0.58,17.1
12/30/2024 19:00,countryclubdrive_to_I10interchange,NB,0.34,0.61,17.3
12/30/2024 20:00,countryclubdrive_to_I10interchange,NB,0.26,0.53,19.8
12/30/2024 21:00,countryclubdrive_to_I10interchange,NB,0.18,0.46,22.8
12/30/2024 22:00,countryclubdrive_to_I10interchange,NB,0.18,0.46,22.5
12/30/2024 23:00,countryclubdrive_to_I10interchange,NB,0.16,0.43,22.7
12/31/2024 0:00,countryclubdrive_to_I10interchange,NB,0.11,0.38,26.4
12/31/2024 1:00,countryclubdrive_to_I10interchange,NB,0.03,0.31,32.1
12/31/2024 2:00,countryclubdrive_to_I10interchange,NB,0.02,0.29,33.7
12/31/2024 3:00,countryclubdrive_to_I10interchange,NB,0.01,0.27,36
12/31/2024 4:00,countryclubdrive_to_I10interchange,NB,0.09,0.36,28.4
12/31/2024 5:00,countryclubdrive_to_I10interchange,NB,0.09,0.36,28
12/31/2024 6:00,countryclubdrive_to_I10interchange,NB,0.3,0.57,17.7
12/31/2024 7:00,countryclubdrive_to_I10interchange,NB,0.3,0.57,17.6
12/31/2024 8:00,countryclubdrive_to_I10interchange,NB,0.42,0.69,14.8
12/31/2024 9:00,countryclubdrive_to_I10interchange,NB,0.46,0.73,14.4
12/31/2024 10:00,countryclubdrive_to_I10interchange,NB,0.48,0.75,13.7
12/31/2024 11:00,countryclubdrive_to_I10interchange,NB,0.56,0.83,12.2
12/31/2024 12:00,countryclubdrive_to_I10interchange,NB,0.64,0.92,10.8
12/31/2024 13:00,countryclubdrive_to_I10interchange,NB,0.53,0.81,12.5
12/31/2024 14:00,countryclubdrive_to_I10interchange,NB,0.48,0.76,13.3
12/31/2024 15:00,countryclubdrive_to_I10interchange,NB,0.48,0.76,14.1
12/31/2024 16:00,countryclubdrive_to_I10interchange,NB,0.43,0.7,14.1
12/31/2024 17:00,countryclubdrive_to_I10interchange,NB,0.36,0.63,16.1
12/31/2024 18:00,countryclubdrive_to_I10interchange,NB,0.34,0.62,17
12/31/2024 19:00,countryclubdrive_to_I10interchange,NB,0.29,0.56,18.2
12/31/2024 20:00,countryclubdrive_to_I10interchange,NB,0.3,0.57,17.8
12/31/2024 21:00,countryclubdrive_to_I10interchange,NB,0.18,0.45,22.8
12/31/2024 22:00,countryclubdrive_to_I10interchange,NB,0.2,0.47,21.7
12/31/2024 23:00,countryclubdrive_to_I10interchange,NB,0.14,0.41,25.5
1/1/2025 0:00,countryclubdrive_to_I10interchange,NB,0.15,0.42,24.5
1/1/2025 1:00,countryclubdrive_to_I10interchange,NB,0.16,0.44,23
1/1/2025 2:00,countryclubdrive_to_I10interchange,NB,0.07,0.34,29.3
1/1/2025 3:00,countryclubdrive_to_I10interchange,NB,0.03,0.29,33.8
1/1/2025 4:00,countryclubdrive_to_I10interchange,NB,0.01,0.27,36.6
1/1/2025 5:00,countryclubdrive_to_I10interchange,NB,0.09,0.36,27.8
1/1/2025 6:00,countryclubdrive_to_I10interchange,NB,0.11,0.38,27.3
1/1/2025 7:00,countryclubdrive_to_I10interchange,NB,0.06,0.33,30.5
1/1/2025 8:00,countryclubdrive_to_I10interchange,NB,0.11,0.38,27.2
1/1/2025 9:00,countryclubdrive_to_I10interchange,NB,0.25,0.53,19.1
1/1/2025 10:00,countryclubdrive_to_I10interchange,NB,0.36,0.64,16.8
1/1/2025 11:00,countryclubdrive_to_I10interchange,NB,0.33,0.6,16.7
1/1/2025 12:00,countryclubdrive_to_I10interchange,NB,0.36,0.63,16.4
1/1/2025 13:00,countryclubdrive_to_I10interchange,NB,0.45,0.72,14.3
1/1/2025 14:00,countryclubdrive_to_I10interchange,NB,0.34,0.61,17.1
1/1/2025 15:00,countryclubdrive_to_I10interchange,NB,0.31,0.59,17.4
1/1/2025 16:00,countryclubdrive_to_I10interchange,NB,0.27,0.54,18.3
1/1/2025 17:00,countryclubdrive_to_I10interchange,NB,0.3,0.57,18.1
1/1/2025 18:00,countryclubdrive_to_I10interchange,NB,0.26,0.53,19.4
1/1/2025 19:00,countryclubdrive_to_I10interchange,NB,0.25,0.52,20.1
1/1/2025 20:00,countryclubdrive_to_I10interchange,NB,0.22,0.5,20.5
1/1/2025 21:00,countryclubdrive_to_I10interchange,NB,0.2,0.48,21.4
1/1/2025 22:00,countryclubdrive_to_I10interchange,NB,0.14,0.41,25.5
1/1/2025 23:00,countryclubdrive_to_I10interchange,NB,0.16,0.44,23.1
1/2/2025 0:00,countryclubdrive_to_I10interchange,NB,0.05,0.31,32.3
1/2/2025 1:00,countryclubdrive_to_I10interchange,NB,0.03,0.29,33.6
1/2/2025 2:00,countryclubdrive_to_I10interchange,NB,0,0.24,41.2
1/2/2025 3:00,countryclubdrive_to_I10interchange,NB,0.03,0.29,35.1
1/2/2025 4:00,countryclubdrive_to_I10interchange,NB,0.08,0.34,30
1/2/2025 5:00,countryclubdrive_to_I10interchange,NB,0.19,0.46,22.4
1/2/2025 6:00,countryclubdrive_to_I10interchange,NB,0.25,0.53,20.2
1/2/2025 7:00,countryclubdrive_to_I10interchange,NB,0.35,0.62,16.6
1/2/2025 8:00,countryclubdrive_to_I10interchange,NB,0.53,0.81,12.8
1/2/2025 9:00,countryclubdrive_to_I10interchange,NB,0.61,0.88,11.4
1/2/2025 10:00,countryclubdrive_to_I10interchange,NB,0.55,0.82,12
1/2/2025 11:00,countryclubdrive_to_I10interchange,NB,0.62,0.89,11.5
1/2/2025 12:00,countryclubdrive_to_I10interchange,NB,0.53,0.81,12.8
1/2/2025 13:00,countryclubdrive_to_I10interchange,NB,0.61,0.89,11.5
1/2/2025 14:00,countryclubdrive_to_I10interchange,NB,0.5,0.77,12.7
1/2/2025 15:00,countryclubdrive_to_I10interchange,NB,0.47,0.74,13.4
1/2/2025 16:00,countryclubdrive_to_I10interchange,NB,0.58,0.85,12.1
1/2/2025 17:00,countryclubdrive_to_I10interchange,NB,0.4,0.67,14.6
1/2/2025 18:00,countryclubdrive_to_I10interchange,NB,0.35,0.63,15.9
1/2/2025 19:00,countryclubdrive_to_I10interchange,NB,0.29,0.56,18.4
1/2/2025 20:00,countryclubdrive_to_I10interchange,NB,0.22,0.5,20.2
1/2/2025 21:00,countryclubdrive_to_I10interchange,NB,0.25,0.52,19.2
1/2/2025 22:00,countryclubdrive_to_I10interchange,NB,0.14,0.41,24.3
1/2/2025 23:00,countryclubdrive_to_I10interchange,NB,0.17,0.45,24.9
1/3/2025 0:00,countryclubdrive_to_I10interchange,NB,0.13,0.4,24.6
1/3/2025 1:00,countryclubdrive_to_I10interchange,NB,0.03,0.29,34.3
1/3/2025 2:00,countryclubdrive_to_I10interchange,NB,0.15,0.41,26.4
1/3/2025 3:00,countryclubdrive_to_I10interchange,NB,0.03,0.3,32.9
1/3/2025 4:00,countryclubdrive_to_I10interchange,NB,0.05,0.32,30.9
1/3/2025 5:00,countryclubdrive_to_I10interchange,NB,0.09,0.35,28.5
1/3/2025 6:00,countryclubdrive_to_I10interchange,NB,0.25,0.53,19.4
1/3/2025 7:00,countryclubdrive_to_I10interchange,NB,0.36,0.63,15.7
1/3/2025 8:00,countryclubdrive_to_I10interchange,NB,0.47,0.74,13.8
1/3/2025 9:00,countryclubdrive_to_I10interchange,NB,0.5,0.77,13.1
1/3/2025 10:00,countryclubdrive_to_I10interchange,NB,0.61,0.88,11.1
1/3/2025 11:00,countryclubdrive_to_I10interchange,NB,0.5,0.77,13.4
1/3/2025 12:00,countryclubdrive_to_I10interchange,NB,0.61,0.89,11.3
1/3/2025 13:00,countryclubdrive_to_I10interchange,NB,0.71,0.99,10.7
1/3/2025 14:00,countryclubdrive_to_I10interchange,NB,0.6,0.87,11.8
1/3/2025 15:00,countryclubdrive_to_I10interchange,NB,0.58,0.85,11.7
1/3/2025 16:00,countryclubdrive_to_I10interchange,NB,0.61,0.88,11.5
1/3/2025 17:00,countryclubdrive_to_I10interchange,NB,0.47,0.75,13.5
1/3/2025 18:00,countryclubdrive_to_I10interchange,NB,0.29,0.56,17.9
1/3/2025 19:00,countryclubdrive_to_I10interchange,NB,0.2,0.48,20.8
1/3/2025 20:00,countryclubdrive_to_I10interchange,NB,0.35,0.63,16.3
1/3/2025 21:00,countryclubdrive_to_I10interchange,NB,0.21,0.49,21.1
1/3/2025 22:00,countryclubdrive_to_I10interchange,NB,0.19,0.47,22.6
1/3/2025 23:00,countryclubdrive_to_I10interchange,NB,0.12,0.4,25.5
1/4/2025 0:00,countryclubdrive_to_I10interchange,NB,0.14,0.41,23.8
1/4/2025 1:00,countryclubdrive_to_I10interchange,NB,0.07,0.35,27.9
1/4/2025 2:00,countryclubdrive_to_I10interchange,NB,0.09,0.35,30
1/4/2025 3:00,countryclubdrive_to_I10interchange,NB,0.02,0.29,33.2
1/4/2025 4:00,countryclubdrive_to_I10interchange,NB,0.04,0.32,30.5
1/4/2025 5:00,countryclubdrive_to_I10interchange,NB,0.02,0.28,35.7
1/4/2025 6:00,countryclubdrive_to_I10interchange,NB,0.17,0.44,23.3
1/4/2025 7:00,countryclubdrive_to_I10interchange,NB,0.26,0.53,19.7
1/4/2025 8:00,countryclubdrive_to_I10interchange,NB,0.4,0.68,15
1/4/2025 9:00,countryclubdrive_to_I10interchange,NB,0.3,0.57,17.1
1/4/2025 10:00,countryclubdrive_to_I10interchange,NB,0.51,0.79,13.1
1/4/2025 11:00,countryclubdrive_to_I10interchange,NB,0.42,0.7,14.2
1/4/2025 12:00,countryclubdrive_to_I10interchange,NB,0.51,0.79,13.2
1/4/2025 13:00,countryclubdrive_to_I10interchange,NB,0.6,0.87,11.6
1/4/2025 14:00,countryclubdrive_to_I10interchange,NB,0.53,0.81,13.1
1/4/2025 15:00,countryclubdrive_to_I10interchange,NB,0.44,0.72,14
1/4/2025 16:00,countryclubdrive_to_I10interchange,NB,0.39,0.67,15.4
1/4/2025 17:00,countryclubdrive_to_I10interchange,NB,0.33,0.6,16.8
1/4/2025 18:00,countryclubdrive_to_I10interchange,NB,0.25,0.52,19.5
1/4/2025 19:00,countryclubdrive_to_I10interchange,NB,0.17,0.44,23
1/4/2025 20:00,countryclubdrive_to_I10interchange,NB,0.3,0.58,17.7
1/4/2025 21:00,countryclubdrive_to_I10interchange,NB,0.17,0.45,22.2
1/4/2025 22:00,countryclubdrive_to_I10interchange,NB,0.25,0.52,19.4
1/4/2025 23:00,countryclubdrive_to_I10interchange,NB,0.15,0.43,24.3
1/5/2025 0:00,countryclubdrive_to_I10interchange,NB,0.15,0.43,23.2
1/5/2025 1:00,countryclubdrive_to_I10interchange,NB,0.03,0.3,32.3
1/5/2025 2:00,countryclubdrive_to_I10interchange,NB,0,0.25,39
1/5/2025 3:00,countryclubdrive_to_I10interchange,NB,0.01,0.26,37.1
1/5/2025 4:00,countryclubdrive_to_I10interchange,NB,0.01,0.27,35.4
1/5/2025 5:00,countryclubdrive_to_I10interchange,NB,0.07,0.33,31.1
1/5/2025 6:00,countryclubdrive_to_I10interchange,NB,0.15,0.41,25.8
1/5/2025 7:00,countryclubdrive_to_I10interchange,NB,0.21,0.49,20.8
1/5/2025 8:00,countryclubdrive_to_I10interchange,NB,0.33,0.6,19.1
1/5/2025 9:00,countryclubdrive_to_I10interchange,NB,0.27,0.55,18.1
1/5/2025 10:00,countryclubdrive_to_I10interchange,NB,0.38,0.65,16
1/5/2025 11:00,countryclubdrive_to_I10interchange,NB,0.46,0.73,13.7
1/5/2025 12:00,countryclubdrive_to_I10interchange,NB,0.37,0.65,15.5
1/5/2025 13:00,countryclubdrive_to_I10interchange,NB,0.35,0.63,15.9
1/5/2025 14:00,countryclubdrive_to_I10interchange,NB,0.28,0.55,18.3
1/5/2025 15:00,countryclubdrive_to_I10interchange,NB,0.4,0.68,15.4
1/5/2025 16:00,countryclubdrive_to_I10interchange,NB,0.4,0.67,15.1
1/5/2025 17:00,countryclubdrive_to_I10interchange,NB,0.28,0.56,19.9
1/5/2025 18:00,countryclubdrive_to_I10interchange,NB,0.39,0.66,15.8
1/5/2025 19:00,countryclubdrive_to_I10interchange,NB,0.41,0.68,15.2
1/5/2025 20:00,countryclubdrive_to_I10interchange,NB,0.27,0.54,19.3
1/5/2025 21:00,countryclubdrive_to_I10interchange,NB,0.18,0.46,22.3
1/5/2025 22:00,countryclubdrive_to_I10interchange,NB,0.13,0.41,24.7
1/5/2025 23:00,countryclubdrive_to_I10interchange,NB,0.17,0.45,22.5
1/6/2025 0:00,countryclubdrive_to_I10interchange,NB,0.05,0.32,30.9
1/6/2025 1:00,countryclubdrive_to_I10interchange,NB,0.03,0.29,34.3
1/6/2025 2:00,countryclubdrive_to_I10interchange,NB,0,0.24,40.6
1/6/2025 3:00,countryclubdrive_to_I10interchange,NB,0.04,0.29,34.4
1/6/2025 4:00,countryclubdrive_to_I10interchange,NB,0.03,0.3,33.1
1/6/2025 5:00,countryclubdrive_to_I10interchange,NB,0.08,0.36,27.9
1/6/2025 6:00,countryclubdrive_to_I10interchange,NB,0.31,0.59,18.1
1/6/2025 7:00,countryclubdrive_to_I10interchange,NB,0.45,0.72,14.2
1/6/2025 8:00,countryclubdrive_to_I10interchange,NB,0.47,0.75,13.6
1/6/2025 9:00,countryclubdrive_to_I10interchange,NB,0.41,0.69,14.4
1/6/2025 10:00,countryclubdrive_to_I10interchange,NB,0.54,0.81,12.5
1/6/2025 11:00,countryclubdrive_to_I10interchange,NB,0.45,0.73,14.1
1/6/2025 12:00,countryclubdrive_to_I10interchange,NB,0.45,0.73,14
1/6/2025 13:00,countryclubdrive_to_I10interchange,NB,0.53,0.81,12.6
1/6/2025 14:00,countryclubdrive_to_I10interchange,NB,0.5,0.78,13.1
1/6/2025 15:00,countryclubdrive_to_I10interchange,NB,0.47,0.74,13.4
1/6/2025 16:00,countryclubdrive_to_I10interchange,NB,0.59,0.86,11.6
1/6/2025 17:00,countryclubdrive_to_I10interchange,NB,0.55,0.82,12.4
1/6/2025 18:00,countryclubdrive_to_I10interchange,NB,0.34,0.62,16.3
1/6/2025 19:00,countryclubdrive_to_I10interchange,NB,0.2,0.48,21
1/6/2025 20:00,countryclubdrive_to_I10interchange,NB,0.18,0.46,22.5
1/6/2025 21:00,countryclubdrive_to_I10interchange,NB,0.19,0.46,23.2
1/6/2025 22:00,countryclubdrive_to_I10interchange,NB,0.16,0.44,23.5
1/6/2025 23:00,countryclubdrive_to_I10interchange,NB,0.08,0.34,29.7
1/7/2025 0:00,countryclubdrive_to_I10interchange,NB,0.08,0.35,28.2
1/7/2025 1:00,countryclubdrive_to_I10interchange,NB,0.01,0.24,41.3
1/7/2025 2:00,countryclubdrive_to_I10interchange,NB,0,0.25,39.9
1/7/2025 3:00,countryclubdrive_to_I10interchange,NB,0.01,0.26,38.4
1/7/2025 4:00,countryclubdrive_to_I10interchange,NB,0.02,0.28,35.5
1/7/2025 5:00,countryclubdrive_to_I10interchange,NB,0.15,0.42,25.1
1/7/2025 6:00,countryclubdrive_to_I10interchange,NB,0.19,0.47,22.4
1/7/2025 7:00,countryclubdrive_to_I10interchange,NB,0.32,0.6,17.2
1/7/2025 8:00,countryclubdrive_to_I10interchange,NB,0.49,0.76,13
1/7/2025 9:00,countryclubdrive_to_I10interchange,NB,0.44,0.71,14.6
1/7/2025 10:00,countryclubdrive_to_I10interchange,NB,0.44,0.71,14
1/7/2025 11:00,countryclubdrive_to_I10interchange,NB,0.56,0.84,12.4
1/7/2025 12:00,countryclubdrive_to_I10interchange,NB,0.62,0.89,11.7
1/7/2025 13:00,countryclubdrive_to_I10interchange,NB,0.59,0.86,11.5
1/7/2025 14:00,countryclubdrive_to_I10interchange,NB,0.54,0.81,12.3
1/7/2025 15:00,countryclubdrive_to_I10interchange,NB,0.5,0.78,12.8
1/7/2025 16:00,countryclubdrive_to_I10interchange,NB,0.53,0.8,12.5
1/7/2025 17:00,countryclubdrive_to_I10interchange,NB,0.46,0.73,13.4
1/7/2025 18:00,countryclubdrive_to_I10interchange,NB,0.37,0.65,15.6
1/7/2025 19:00,countryclubdrive_to_I10interchange,NB,0.17,0.41,31.8
1/7/2025 20:00,countryclubdrive_to_I10interchange,NB,0.29,0.56,19.1
1/7/2025 21:00,countryclubdrive_to_I10interchange,NB,0.25,0.53,19.1
1/7/2025 22:00,countryclubdrive_to_I10interchange,NB,0.14,0.42,23.8
1/7/2025 23:00,countryclubdrive_to_I10interchange,NB,0.1,0.38,26.4
1/8/2025 0:00,countryclubdrive_to_I10interchange,NB,0.07,0.34,29.3
1/8/2025 1:00,countryclubdrive_to_I10interchange,NB,0.03,0.3,31.9
1/8/2025 2:00,countryclubdrive_to_I10interchange,NB,0,0.23,42.7
1/8/2025 3:00,countryclubdrive_to_I10interchange,NB,0.01,0.26,37.8
1/8/2025 4:00,countryclubdrive_to_I10interchange,NB,0.07,0.33,29.3
1/8/2025 5:00,countryclubdrive_to_I10interchange,NB,0.08,0.35,29.1
1/8/2025 6:00,countryclubdrive_to_I10interchange,NB,0.36,0.63,16.7
1/8/2025 7:00,countryclubdrive_to_I10interchange,NB,0.41,0.68,14.7
1/8/2025 8:00,countryclubdrive_to_I10interchange,NB,0.51,0.78,12.8
1/8/2025 9:00,countryclubdrive_to_I10interchange,NB,0.44,0.72,14.8
1/8/2025 10:00,countryclubdrive_to_I10interchange,NB,0.37,0.64,15.4
1/8/2025 11:00,countryclubdrive_to_I10interchange,NB,0.49,0.77,13.4
1/8/2025 12:00,countryclubdrive_to_I10interchange,NB,0.6,0.88,11.6
1/8/2025 13:00,countryclubdrive_to_I10interchange,NB,0.5,0.78,12.9
1/8/2025 14:00,countryclubdrive_to_I10interchange,NB,0.53,0.81,12.6
1/8/2025 15:00,countryclubdrive_to_I10interchange,NB,0.5,0.78,12.6
1/8/2025 16:00,countryclubdrive_to_I10interchange,NB,0.46,0.74,14
1/8/2025 17:00,countryclubdrive_to_I10interchange,NB,0.53,0.81,12.5
1/8/2025 18:00,countryclubdrive_to_I10interchange,NB,0.41,0.68,15.5
1/8/2025 19:00,countryclubdrive_to_I10interchange,NB,0.29,0.57,18.5
1/8/2025 20:00,countryclubdrive_to_I10interchange,NB,0.4,0.68,16
1/8/2025 21:00,countryclubdrive_to_I10interchange,NB,0.29,0.57,18
1/8/2025 22:00,countryclubdrive_to_I10interchange,NB,0.31,0.59,17.2
1/8/2025 23:00,countryclubdrive_to_I10interchange,NB,0.1,0.38,26.5
1/9/2025 0:00,countryclubdrive_to_I10interchange,NB,0.04,0.32,30.9
1/9/2025 1:00,countryclubdrive_to_I10interchange,NB,0.01,0.27,35.8
1/9/2025 2:00,countryclubdrive_to_I10interchange,NB,0,0.23,41.5
1/9/2025 3:00,countryclubdrive_to_I10interchange,NB,0.04,0.28,37.1
1/9/2025 4:00,countryclubdrive_to_I10interchange,NB,0.03,0.3,32.2
1/9/2025 5:00,countryclubdrive_to_I10interchange,NB,0.05,0.32,30.8
1/9/2025 6:00,countryclubdrive_to_I10interchange,NB,0.21,0.48,20.9
1/9/2025 7:00,countryclubdrive_to_I10interchange,NB,0.48,0.76,13.5
1/9/2025 8:00,countryclubdrive_to_I10interchange,NB,0.53,0.81,13.2
1/9/2025 9:00,countryclubdrive_to_I10interchange,NB,0.43,0.71,13.9
1/9/2025 10:00,countryclubdrive_to_I10interchange,NB,0.47,0.75,13.6
1/9/2025 11:00,countryclubdrive_to_I10interchange,NB,0.57,0.84,11.8
1/9/2025 12:00,countryclubdrive_to_I10interchange,NB,0.68,0.95,10.6
1/9/2025 13:00,countryclubdrive_to_I10interchange,NB,0.65,0.92,11.3
1/9/2025 14:00,countryclubdrive_to_I10interchange,NB,0.57,0.84,11.8
1/9/2025 15:00,countryclubdrive_to_I10interchange,NB,0.63,0.9,11.1
1/9/2025 16:00,countryclubdrive_to_I10interchange,NB,0.57,0.84,12.3
1/9/2025 17:00,countryclubdrive_to_I10interchange,NB,0.55,0.82,12
1/9/2025 18:00,countryclubdrive_to_I10interchange,NB,0.4,0.67,14.8
1/9/2025 19:00,countryclubdrive_to_I10interchange,NB,0.37,0.64,16.2
1/9/2025 20:00,countryclubdrive_to_I10interchange,NB,0.32,0.6,18.7
1/9/2025 21:00,countryclubdrive_to_I10interchange,NB,0.29,0.56,18.3
1/9/2025 22:00,countryclubdrive_to_I10interchange,NB,0.14,0.42,24
1/9/2025 23:00,countryclubdrive_to_I10interchange,NB,0.06,0.33,29.3
1/10/2025 0:00,countryclubdrive_to_I10interchange,NB,0.1,0.37,26.9
1/10/2025 1:00,countryclubdrive_to_I10interchange,NB,0.02,0.27,37.5
1/10/2025 2:00,countryclubdrive_to_I10interchange,NB,0.04,0.31,31.9
1/10/2025 3:00,countryclubdrive_to_I10interchange,NB,0.02,0.29,34
1/10/2025 4:00,countryclubdrive_to_I10interchange,NB,0.03,0.3,33.2
1/10/2025 5:00,countryclubdrive_to_I10interchange,NB,0.08,0.36,27.3
1/10/2025 6:00,countryclubdrive_to_I10interchange,NB,0.26,0.54,18.7
1/10/2025 7:00,countryclubdrive_to_I10interchange,NB,0.4,0.68,15
1/10/2025 8:00,countryclubdrive_to_I10interchange,NB,0.51,0.79,12.8
1/10/2025 9:00,countryclubdrive_to_I10interchange,NB,0.59,0.86,11.6
1/10/2025 10:00,countryclubdrive_to_I10interchange,NB,0.61,0.88,11.9
1/10/2025 11:00,countryclubdrive_to_I10interchange,NB,0.61,0.89,11.1
1/10/2025 12:00,countryclubdrive_to_I10interchange,NB,0.53,0.81,12.5
1/10/2025 13:00,countryclubdrive_to_I10interchange,NB,0.69,0.97,10.4
1/10/2025 14:00,countryclubdrive_to_I10interchange,NB,0.59,0.87,11.6
1/10/2025 15:00,countryclubdrive_to_I10interchange,NB,0.62,0.9,11.1
1/10/2025 16:00,countryclubdrive_to_I10interchange,NB,0.59,0.87,11.5
1/10/2025 17:00,countryclubdrive_to_I10interchange,NB,0.49,0.77,13.1
1/10/2025 18:00,countryclubdrive_to_I10interchange,NB,0.4,0.68,15.1
1/10/2025 19:00,countryclubdrive_to_I10interchange,NB,0.26,0.53,19.4
1/10/2025 20:00,countryclubdrive_to_I10interchange,NB,0.37,0.65,16
1/10/2025 21:00,countryclubdrive_to_I10interchange,NB,0.28,0.55,19.3
1/10/2025 22:00,countryclubdrive_to_I10interchange,NB,0.14,0.42,23.5
1/10/2025 23:00,countryclubdrive_to_I10interchange,NB,0.18,0.46,22
1/11/2025 0:00,countryclubdrive_to_I10interchange,NB,0.05,0.32,30.6
1/11/2025 1:00,countryclubdrive_to_I10interchange,NB,0.04,0.32,30.7
1/11/2025 2:00,countryclubdrive_to_I10interchange,NB,0.02,0.29,33.5
1/11/2025 3:00,countryclubdrive_to_I10interchange,NB,0.01,0.26,38.4
1/11/2025 4:00,countryclubdrive_to_I10interchange,NB,0.09,0.37,26.9
1/11/2025 5:00,countryclubdrive_to_I10interchange,NB,0.05,0.32,30.3
1/11/2025 6:00,countryclubdrive_to_I10interchange,NB,0.21,0.49,21.9
1/11/2025 7:00,countryclubdrive_to_I10interchange,NB,0.22,0.5,20.4
1/11/2025 8:00,countryclubdrive_to_I10interchange,NB,0.26,0.53,18.5
1/11/2025 9:00,countryclubdrive_to_I10interchange,NB,0.41,0.69,15.5
1/11/2025 10:00,countryclubdrive_to_I10interchange,NB,0.45,0.72,14.5
1/11/2025 11:00,countryclubdrive_to_I10interchange,NB,0.44,0.72,13.6
1/11/2025 12:00,countryclubdrive_to_I10interchange,NB,0.51,0.78,13.1
1/11/2025 13:00,countryclubdrive_to_I10interchange,NB,0.38,0.65,15.1
1/11/2025 14:00,countryclubdrive_to_I10interchange,NB,0.42,0.7,14.9
1/11/2025 15:00,countryclubdrive_to_I10interchange,NB,0.53,0.8,12.7
1/11/2025 16:00,countryclubdrive_to_I10interchange,NB,0.49,0.77,13
1/11/2025 17:00,countryclubdrive_to_I10interchange,NB,0.4,0.67,14.9
1/11/2025 18:00,countryclubdrive_to_I10interchange,NB,0.39,0.67,15.8
1/11/2025 19:00,countryclubdrive_to_I10interchange,NB,0.22,0.5,20.4
1/11/2025 20:00,countryclubdrive_to_I10interchange,NB,0.32,0.6,17.2
1/11/2025 21:00,countryclubdrive_to_I10interchange,NB,0.24,0.52,19.3
1/11/2025 22:00,countryclubdrive_to_I10interchange,NB,0.23,0.5,20.6
1/11/2025 23:00,countryclubdrive_to_I10interchange,NB,0.19,0.47,22.4
1/12/2025 0:00,countryclubdrive_to_I10interchange,NB,0.1,0.38,26
1/12/2025 1:00,countryclubdrive_to_I10interchange,NB,0.09,0.35,29.7
1/12/2025 2:00,countryclubdrive_to_I10interchange,NB,0.04,0.29,33.8
1/12/2025 3:00,countryclubdrive_to_I10interchange,NB,0.04,0.3,33.2
1/12/2025 4:00,countryclubdrive_to_I10interchange,NB,0.01,0.28,35.3
1/12/2025 5:00,countryclubdrive_to_I10interchange,NB,0.02,0.28,34.7
1/12/2025 6:00,countryclubdrive_to_I10interchange,NB,0.15,0.43,23.4
1/12/2025 7:00,countryclubdrive_to_I10interchange,NB,0.23,0.5,21.2
1/12/2025 8:00,countryclubdrive_to_I10interchange,NB,0.28,0.55,18.7
1/12/2025 9:00,countryclubdrive_to_I10interchange,NB,0.27,0.55,18.9
1/12/2025 10:00,countryclubdrive_to_I10interchange,NB,0.33,0.6,17
1/12/2025 11:00,countryclubdrive_to_I10interchange,NB,0.43,0.7,14.4
1/12/2025 12:00,countryclubdrive_to_I10interchange,NB,0.37,0.65,16.1
1/12/2025 13:00,countryclubdrive_to_I10interchange,NB,0.48,0.76,13.2
1/12/2025 14:00,countryclubdrive_to_I10interchange,NB,0.47,0.74,13.9
1/12/2025 15:00,countryclubdrive_to_I10interchange,NB,0.41,0.68,14.9
1/12/2025 16:00,countryclubdrive_to_I10interchange,NB,0.33,0.61,16.6
1/12/2025 17:00,countryclubdrive_to_I10interchange,NB,0.36,0.64,15.4
1/12/2025 18:00,countryclubdrive_to_I10interchange,NB,0.33,0.61,18.6
1/12/2025 19:00,countryclubdrive_to_I10interchange,NB,0.37,0.64,16
1/12/2025 20:00,countryclubdrive_to_I10interchange,NB,0.13,0.4,24.5
1/12/2025 21:00,countryclubdrive_to_I10interchange,NB,0.24,0.51,19.4
1/12/2025 22:00,countryclubdrive_to_I10interchange,NB,0.12,0.39,26.2
1/12/2025 23:00,countryclubdrive_to_I10interchange,NB,0.12,0.39,28.1
1/13/2025 0:00,countryclubdrive_to_I10interchange,NB,0.05,0.32,30.6
1/13/2025 1:00,countryclubdrive_to_I10interchange,NB,0.02,0.27,36.9
1/13/2025 2:00,countryclubdrive_to_I10interchange,NB,0.02,0.27,36.3
1/13/2025 3:00,countryclubdrive_to_I10interchange,NB,0,0.23,42.6
1/13/2025 4:00,countryclubdrive_to_I10interchange,NB,0.01,0.27,36.2
1/13/2025 5:00,countryclubdrive_to_I10interchange,NB,0.08,0.36,28.4
1/13/2025 6:00,countryclubdrive_to_I10interchange,NB,0.3,0.58,17.4
1/13/2025 7:00,countryclubdrive_to_I10interchange,NB,0.45,0.73,14
1/13/2025 8:00,countryclubdrive_to_I10interchange,NB,0.57,0.85,12.7
1/13/2025 9:00,countryclubdrive_to_I10interchange,NB,0.51,0.79,12.8
1/13/2025 10:00,countryclubdrive_to_I10interchange,NB,0.47,0.75,13.9
1/13/2025 11:00,countryclubdrive_to_I10interchange,NB,0.52,0.8,12.6
1/13/2025 12:00,countryclubdrive_to_I10interchange,NB,0.6,0.88,11.6
1/13/2025 13:00,countryclubdrive_to_I10interchange,NB,0.64,0.92,11.6
1/13/2025 14:00,countryclubdrive_to_I10interchange,NB,0.51,0.79,12.8
1/13/2025 15:00,countryclubdrive_to_I10interchange,NB,0.66,0.93,10.9
1/13/2025 16:00,countryclubdrive_to_I10interchange,NB,0.58,0.85,11.8
1/13/2025 17:00,countryclubdrive_to_I10interchange,NB,0.47,0.74,13.5
1/13/2025 18:00,countryclubdrive_to_I10interchange,NB,0.28,0.55,17.9
1/13/2025 19:00,countryclubdrive_to_I10interchange,NB,0.41,0.69,14.9
1/13/2025 20:00,countryclubdrive_to_I10interchange,NB,0.21,0.49,20.3
1/13/2025 21:00,countryclubdrive_to_I10interchange,NB,0.19,0.47,20.9
1/13/2025 22:00,countryclubdrive_to_I10interchange,NB,0.15,0.42,24.3
1/13/2025 23:00,countryclubdrive_to_I10interchange,NB,0.09,0.37,26.7
1/14/2025 0:00,countryclubdrive_to_I10interchange,NB,0.21,0.48,21.2
1/14/2025 1:00,countryclubdrive_to_I10interchange,NB,0.04,0.3,32.8
1/14/2025 2:00,countryclubdrive_to_I10interchange,NB,0.01,0.23,42.1
1/14/2025 3:00,countryclubdrive_to_I10interchange,NB,0.02,0.27,37.3
1/14/2025 4:00,countryclubdrive_to_I10interchange,NB,0.03,0.28,35.4
1/14/2025 5:00,countryclubdrive_to_I10interchange,NB,0.01,0.28,35.4
1/14/2025 6:00,countryclubdrive_to_I10interchange,NB,0.22,0.49,21
1/14/2025 7:00,countryclubdrive_to_I10interchange,NB,0.49,0.77,13.1
1/14/2025 8:00,countryclubdrive_to_I10interchange,NB,0.51,0.79,12.7
1/14/2025 9:00,countryclubdrive_to_I10interchange,NB,0.52,0.8,12.7
1/14/2025 10:00,countryclubdrive_to_I10interchange,NB,0.46,0.74,13.6
1/14/2025 11:00,countryclubdrive_to_I10interchange,NB,0.5,0.77,13.1
1/14/2025 12:00,countryclubdrive_to_I10interchange,NB,0.57,0.85,11.8
1/14/2025 13:00,countryclubdrive_to_I10interchange,NB,0.47,0.75,13.7
1/14/2025 14:00,countryclubdrive_to_I10interchange,NB,0.57,0.84,11.9
1/14/2025 15:00,countryclubdrive_to_I10interchange,NB,0.59,0.86,11.7
1/14/2025 16:00,countryclubdrive_to_I10interchange,NB,0.59,0.87,11.5
1/14/2025 17:00,countryclubdrive_to_I10interchange,NB,0.47,0.75,13.2
1/14/2025 18:00,countryclubdrive_to_I10interchange,NB,0.3,0.57,17.6
1/14/2025 19:00,countryclubdrive_to_I10interchange,NB,0.24,0.51,20.1
1/14/2025 20:00,countryclubdrive_to_I10interchange,NB,0.2,0.47,21.9
1/14/2025 21:00,countryclubdrive_to_I10interchange,NB,0.22,0.5,20
1/14/2025 22:00,countryclubdrive_to_I10interchange,NB,0.15,0.42,23.5
1/14/2025 23:00,countryclubdrive_to_I10interchange,NB,0.09,0.36,27.3
1/15/2025 0:00,countryclubdrive_to_I10interchange,NB,0.05,0.32,30.5
1/15/2025 1:00,countryclubdrive_to_I10interchange,NB,0.04,0.3,33.6
1/15/2025 2:00,countryclubdrive_to_I10interchange,NB,0.02,0.29,33.5
1/15/2025 3:00,countryclubdrive_to_I10interchange,NB,0.01,0.25,39.7
1/15/2025 4:00,countryclubdrive_to_I10interchange,NB,0.08,0.35,27.9
1/15/2025 5:00,countryclubdrive_to_I10interchange,NB,0.07,0.34,28.8
1/15/2025 6:00,countryclubdrive_to_I10interchange,NB,0.3,0.57,18.3
1/15/2025 7:00,countryclubdrive_to_I10interchange,NB,0.43,0.71,14.2
1/15/2025 8:00,countryclubdrive_to_I10interchange,NB,0.56,0.84,11.7
1/15/2025 9:00,countryclubdrive_to_I10interchange,NB,0.35,0.62,15.8
1/15/2025 10:00,countryclubdrive_to_I10interchange,NB,0.64,0.92,11.3
1/15/2025 11:00,countryclubdrive_to_I10interchange,NB,0.51,0.78,12.6
1/15/2025 12:00,countryclubdrive_to_I10interchange,NB,0.57,0.84,11.7
1/15/2025 13:00,countryclubdrive_to_I10interchange,NB,0.57,0.84,12
1/15/2025 14:00,countryclubdrive_to_I10interchange,NB,0.5,0.78,12.7
1/15/2025 15:00,countryclubdrive_to_I10interchange,NB,0.56,0.83,12.4
1/15/2025 16:00,countryclubdrive_to_I10interchange,NB,0.64,0.91,11
1/15/2025 17:00,countryclubdrive_to_I10interchange,NB,0.5,0.77,13.1
1/15/2025 18:00,countryclubdrive_to_I10interchange,NB,0.29,0.57,18.1
1/15/2025 19:00,countryclubdrive_to_I10interchange,NB,0.36,0.63,17.2
1/15/2025 20:00,countryclubdrive_to_I10interchange,NB,0.26,0.53,19.1
1/15/2025 21:00,countryclubdrive_to_I10interchange,NB,0.15,0.43,23.8
1/15/2025 22:00,countryclubdrive_to_I10interchange,NB,0.11,0.39,25.8
1/15/2025 23:00,countryclubdrive_to_I10interchange,NB,0.12,0.4,25.1
1/16/2025 0:00,countryclubdrive_to_I10interchange,NB,0.12,0.39,26.8
1/16/2025 1:00,countryclubdrive_to_I10interchange,NB,0.04,0.29,34.9
1/16/2025 2:00,countryclubdrive_to_I10interchange,NB,0.02,0.28,35.4
1/16/2025 3:00,countryclubdrive_to_I10interchange,NB,0,0.24,39.9
1/16/2025 4:00,countryclubdrive_to_I10interchange,NB,0.02,0.28,34.4
1/16/2025 5:00,countryclubdrive_to_I10interchange,NB,0.15,0.42,25.1
1/16/2025 6:00,countryclubdrive_to_I10interchange,NB,0.43,0.7,14.9
1/16/2025 7:00,countryclubdrive_to_I10interchange,NB,0.6,0.87,11.6
1/16/2025 8:00,countryclubdrive_to_I10interchange,NB,0.52,0.8,12.7
1/16/2025 9:00,countryclubdrive_to_I10interchange,NB,0.5,0.78,12.7
1/16/2025 10:00,countryclubdrive_to_I10interchange,NB,0.49,0.77,13.1
1/16/2025 11:00,countryclubdrive_to_I10interchange,NB,0.62,0.9,11.3
1/16/2025 12:00,countryclubdrive_to_I10interchange,NB,0.62,0.89,11.3
1/16/2025 13:00,countryclubdrive_to_I10interchange,NB,0.54,0.81,12.5
1/16/2025 14:00,countryclubdrive_to_I10interchange,NB,0.57,0.85,11.8
1/16/2025 15:00,countryclubdrive_to_I10interchange,NB,0.67,0.94,10.5
1/16/2025 16:00,countryclubdrive_to_I10interchange,NB,0.61,0.89,11.2
1/16/2025 17:00,countryclubdrive_to_I10interchange,NB,0.48,0.76,13.4
1/16/2025 18:00,countryclubdrive_to_I10interchange,NB,0.4,0.68,15.3
1/16/2025 19:00,countryclubdrive_to_I10interchange,NB,0.3,0.58,18.4
1/16/2025 20:00,countryclubdrive_to_I10interchange,NB,0.31,0.58,17.5
1/16/2025 21:00,countryclubdrive_to_I10interchange,NB,0.2,0.47,22.2
1/16/2025 22:00,countryclubdrive_to_I10interchange,NB,0.42,0.69,15.9
1/16/2025 23:00,countryclubdrive_to_I10interchange,NB,0.1,0.37,27.7
1/17/2025 0:00,countryclubdrive_to_I10interchange,NB,0.08,0.35,28.7
1/17/2025 1:00,countryclubdrive_to_I10interchange,NB,0.02,0.27,36.2
1/17/2025 2:00,countryclubdrive_to_I10interchange,NB,0,0.25,39.5
1/17/2025 3:00,countryclubdrive_to_I10interchange,NB,0.02,0.27,36.2
1/17/2025 4:00,countryclubdrive_to_I10interchange,NB,0.06,0.32,32.2
1/17/2025 5:00,countryclubdrive_to_I10interchange,NB,0.07,0.34,28.6
1/17/2025 6:00,countryclubdrive_to_I10interchange,NB,0.24,0.51,20.5
1/17/2025 7:00,countryclubdrive_to_I10interchange,NB,0.27,0.54,18.2
1/17/2025 8:00,countryclubdrive_to_I10interchange,NB,0.51,0.78,13.5
1/17/2025 9:00,countryclubdrive_to_I10interchange,NB,0.44,0.71,13.9
1/17/2025 10:00,countryclubdrive_to_I10interchange,NB,0.51,0.79,13.5
1/17/2025 11:00,countryclubdrive_to_I10interchange,NB,0.59,0.87,11.8
1/17/2025 12:00,countryclubdrive_to_I10interchange,NB,0.61,0.88,11.3
1/17/2025 13:00,countryclubdrive_to_I10interchange,NB,0.59,0.86,11.5
1/17/2025 14:00,countryclubdrive_to_I10interchange,NB,0.53,0.81,12.2
1/17/2025 15:00,countryclubdrive_to_I10interchange,NB,0.6,0.88,11.5
1/17/2025 16:00,countryclubdrive_to_I10interchange,NB,0.59,0.87,11.4
1/17/2025 17:00,countryclubdrive_to_I10interchange,NB,0.53,0.81,13
1/17/2025 18:00,countryclubdrive_to_I10interchange,NB,0.4,0.67,15
1/17/2025 19:00,countryclubdrive_to_I10interchange,NB,0.31,0.59,17
1/17/2025 20:00,countryclubdrive_to_I10interchange,NB,0.24,0.52,20.1
1/17/2025 21:00,countryclubdrive_to_I10interchange,NB,0.21,0.48,20.5
1/17/2025 22:00,countryclubdrive_to_I10interchange,NB,0.25,0.53,19.5
1/17/2025 23:00,countryclubdrive_to_I10interchange,NB,0.07,0.33,30.3
1/18/2025 0:00,countryclubdrive_to_I10interchange,NB,0.11,0.38,26.1
1/18/2025 1:00,countryclubdrive_to_I10interchange,NB,0.1,0.37,27.4
1/18/2025 2:00,countryclubdrive_to_I10interchange,NB,0.04,0.31,32.2
1/18/2025 3:00,countryclubdrive_to_I10interchange,NB,0.02,0.29,33.5
1/18/2025 4:00,countryclubdrive_to_I10interchange,NB,0.01,0.26,37.3
1/18/2025 5:00,countryclubdrive_to_I10interchange,NB,0.03,0.28,35.8
1/18/2025 6:00,countryclubdrive_to_I10interchange,NB,0.32,0.59,16.7
1/18/2025 7:00,countryclubdrive_to_I10interchange,NB,0.27,0.54,18.6
1/18/2025 8:00,countryclubdrive_to_I10interchange,NB,0.32,0.6,16.5
1/18/2025 9:00,countryclubdrive_to_I10interchange,NB,0.36,0.63,15.5
1/18/2025 10:00,countryclubdrive_to_I10interchange,NB,0.44,0.72,14
1/18/2025 11:00,countryclubdrive_to_I10interchange,NB,0.53,0.8,13.2
1/18/2025 12:00,countryclubdrive_to_I10interchange,NB,0.46,0.73,13.4
1/18/2025 13:00,countryclubdrive_to_I10interchange,NB,0.37,0.64,15.5
1/18/2025 14:00,countryclubdrive_to_I10interchange,NB,0.42,0.69,14.6
1/18/2025 15:00,countryclubdrive_to_I10interchange,NB,0.44,0.72,14
1/18/2025 16:00,countryclubdrive_to_I10interchange,NB,0.48,0.75,13.3
1/18/2025 17:00,countryclubdrive_to_I10interchange,NB,0.48,0.76,13.6
1/18/2025 18:00,countryclubdrive_to_I10interchange,NB,0.3,0.58,18
1/18/2025 19:00,countryclubdrive_to_I10interchange,NB,0.26,0.54,19.2
1/18/2025 20:00,countryclubdrive_to_I10interchange,NB,0.21,0.48,21.5
1/18/2025 21:00,countryclubdrive_to_I10interchange,NB,0.26,0.53,19.2
1/18/2025 22:00,countryclubdrive_to_I10interchange,NB,0.23,0.5,20.6
1/18/2025 23:00,countryclubdrive_to_I10interchange,NB,0.14,0.41,24.4
1/19/2025 0:00,countryclubdrive_to_I10interchange,NB,0.03,0.3,33.2
1/19/2025 1:00,countryclubdrive_to_I10interchange,NB,0.11,0.39,26.4
1/19/2025 2:00,countryclubdrive_to_I10interchange,NB,0.02,0.28,35.5
1/19/2025 3:00,countryclubdrive_to_I10interchange,NB,0.03,0.28,34.7
1/19/2025 4:00,countryclubdrive_to_I10interchange,NB,0.02,0.28,35.7
1/19/2025 5:00,countryclubdrive_to_I10interchange,NB,0.13,0.41,24.6
1/19/2025 6:00,countryclubdrive_to_I10interchange,NB,0.17,0.45,22.4
1/19/2025 7:00,countryclubdrive_to_I10interchange,NB,0.29,0.56,17.8
1/19/2025 8:00,countryclubdrive_to_I10interchange,NB,0.27,0.55,18.1
1/19/2025 9:00,countryclubdrive_to_I10interchange,NB,0.33,0.6,16.7
1/19/2025 10:00,countryclubdrive_to_I10interchange,NB,0.3,0.58,17.5
1/19/2025 11:00,countryclubdrive_to_I10interchange,NB,0.49,0.76,13.5
1/19/2025 12:00,countryclubdrive_to_I10interchange,NB,0.41,0.69,14.4
1/19/2025 13:00,countryclubdrive_to_I10interchange,NB,0.42,0.69,14.7
1/19/2025 14:00,countryclubdrive_to_I10interchange,NB,0.44,0.72,13.9
1/19/2025 15:00,countryclubdrive_to_I10interchange,NB,0.43,0.7,14.7
1/19/2025 16:00,countryclubdrive_to_I10interchange,NB,0.43,0.71,14.8
1/19/2025 17:00,countryclubdrive_to_I10interchange,NB,0.26,0.54,19.2
1/19/2025 18:00,countryclubdrive_to_I10interchange,NB,0.23,0.5,21.8
1/19/2025 19:00,countryclubdrive_to_I10interchange,NB,0.25,0.52,18.9
1/19/2025 20:00,countryclubdrive_to_I10interchange,NB,0.22,0.5,21.3
1/19/2025 21:00,countryclubdrive_to_I10interchange,NB,0.12,0.4,24.8
1/19/2025 22:00,countryclubdrive_to_I10interchange,NB,0.22,0.5,20.5
1/19/2025 23:00,countryclubdrive_to_I10interchange,NB,0.14,0.41,24.2
1/20/2025 0:00,countryclubdrive_to_I10interchange,NB,0.03,0.3,32.6
1/20/2025 1:00,countryclubdrive_to_I10interchange,NB,0.03,0.29,33.4
1/20/2025 2:00,countryclubdrive_to_I10interchange,NB,0.02,0.29,33.7
1/20/2025 3:00,countryclubdrive_to_I10interchange,NB,0.11,0.38,25.9
1/20/2025 4:00,countryclubdrive_to_I10interchange,NB,0.08,0.34,29.4
1/20/2025 5:00,countryclubdrive_to_I10interchange,NB,0.1,0.37,26.5
1/20/2025 6:00,countryclubdrive_to_I10interchange,NB,0.29,0.56,19.1
1/20/2025 7:00,countryclubdrive_to_I10interchange,NB,0.37,0.65,15.9
1/20/2025 8:00,countryclubdrive_to_I10interchange,NB,0.43,0.71,14.4
1/20/2025 9:00,countryclubdrive_to_I10interchange,NB,0.41,0.68,14.7
1/20/2025 10:00,countryclubdrive_to_I10interchange,NB,0.51,0.78,12.9
1/20/2025 11:00,countryclubdrive_to_I10interchange,NB,0.49,0.76,13.4
1/20/2025 12:00,countryclubdrive_to_I10interchange,NB,0.47,0.74,13.3
1/20/2025 13:00,countryclubdrive_to_I10interchange,NB,0.48,0.75,13.8
1/20/2025 14:00,countryclubdrive_to_I10interchange,NB,0.47,0.74,13.5
1/20/2025 15:00,countryclubdrive_to_I10interchange,NB,0.46,0.74,13.7
1/20/2025 16:00,countryclubdrive_to_I10interchange,NB,0.45,0.72,14.3
1/20/2025 17:00,countryclubdrive_to_I10interchange,NB,0.36,0.63,16.4
1/20/2025 18:00,countryclubdrive_to_I10interchange,NB,0.3,0.58,17.2
1/20/2025 19:00,countryclubdrive_to_I10interchange,NB,0.19,0.47,21.5
1/20/2025 20:00,countryclubdrive_to_I10interchange,NB,0.37,0.64,18.3
1/20/2025 21:00,countryclubdrive_to_I10interchange,NB,0.26,0.54,19.7
1/20/2025 22:00,countryclubdrive_to_I10interchange,NB,0.2,0.47,21.6
1/20/2025 23:00,countryclubdrive_to_I10interchange,NB,0.17,0.45,23.4
1/21/2025 0:00,countryclubdrive_to_I10interchange,NB,0.17,0.45,22.5
1/21/2025 1:00,countryclubdrive_to_I10interchange,NB,0.01,0.26,37.9
1/21/2025 2:00,countryclubdrive_to_I10interchange,NB,0.02,0.27,37.7
1/21/2025 3:00,countryclubdrive_to_I10interchange,NB,0.02,0.28,34.6
1/21/2025 4:00,countryclubdrive_to_I10interchange,NB,0.07,0.35,28.8
1/21/2025 5:00,countryclubdrive_to_I10interchange,NB,0.08,0.35,28.8
1/21/2025 6:00,countryclubdrive_to_I10interchange,NB,0.23,0.5,21.3
1/21/2025 7:00,countryclubdrive_to_I10interchange,NB,0.47,0.75,14
1/21/2025 8:00,countryclubdrive_to_I10interchange,NB,0.56,0.83,12.9
1/21/2025 9:00,countryclubdrive_to_I10interchange,NB,0.4,0.67,14.9
1/21/2025 10:00,countryclubdrive_to_I10interchange,NB,0.47,0.74,13.3
1/21/2025 11:00,countryclubdrive_to_I10interchange,NB,0.49,0.77,13.4
1/21/2025 12:00,countryclubdrive_to_I10interchange,NB,0.53,0.81,12.4
1/21/2025 13:00,countryclubdrive_to_I10interchange,NB,0.48,0.76,13.1
1/21/2025 14:00,countryclubdrive_to_I10interchange,NB,0.56,0.83,12.6
1/21/2025 15:00,countryclubdrive_to_I10interchange,NB,0.57,0.85,11.8
1/21/2025 16:00,countryclubdrive_to_I10interchange,NB,0.62,0.9,11.2
1/21/2025 17:00,countryclubdrive_to_I10interchange,NB,0.59,0.86,11.8
1/21/2025 18:00,countryclubdrive_to_I10interchange,NB,0.34,0.61,16.5
1/21/2025 19:00,countryclubdrive_to_I10interchange,NB,0.33,0.61,16.8
1/21/2025 20:00,countryclubdrive_to_I10interchange,NB,0.3,0.58,18.5
1/21/2025 21:00,countryclubdrive_to_I10interchange,NB,0.22,0.5,20.1
1/21/2025 22:00,countryclubdrive_to_I10interchange,NB,0.14,0.42,24.6
1/21/2025 23:00,countryclubdrive_to_I10interchange,NB,0.15,0.42,24
1/22/2025 0:00,countryclubdrive_to_I10interchange,NB,0.02,0.27,36.1
1/22/2025 1:00,countryclubdrive_to_I10interchange,NB,0,0.24,40.9
1/22/2025 2:00,countryclubdrive_to_I10interchange,NB,0.02,0.27,37.1
1/22/2025 3:00,countryclubdrive_to_I10interchange,NB,0.01,0.27,36.6
1/22/2025 4:00,countryclubdrive_to_I10interchange,NB,0.02,0.27,37.6
1/22/2025 5:00,countryclubdrive_to_I10interchange,NB,0.16,0.43,23.1
1/22/2025 6:00,countryclubdrive_to_I10interchange,NB,0.29,0.57,18
1/22/2025 7:00,countryclubdrive_to_I10interchange,NB,0.47,0.74,14
1/22/2025 8:00,countryclubdrive_to_I10interchange,NB,0.51,0.78,12.8
1/22/2025 9:00,countryclubdrive_to_I10interchange,NB,0.49,0.76,13
1/22/2025 10:00,countryclubdrive_to_I10interchange,NB,0.45,0.72,14.2
1/22/2025 11:00,countryclubdrive_to_I10interchange,NB,0.48,0.76,13.1
1/22/2025 12:00,countryclubdrive_to_I10interchange,NB,0.35,0.63,16
1/22/2025 13:00,countryclubdrive_to_I10interchange,NB,0.51,0.79,13.1
1/22/2025 14:00,countryclubdrive_to_I10interchange,NB,0.5,0.78,12.8
1/22/2025 15:00,countryclubdrive_to_I10interchange,NB,0.62,0.89,11.2
1/22/2025 16:00,countryclubdrive_to_I10interchange,NB,0.51,0.78,12.9
1/22/2025 17:00,countryclubdrive_to_I10interchange,NB,0.56,0.83,12.1
1/22/2025 18:00,countryclubdrive_to_I10interchange,NB,0.28,0.56,18.1
1/22/2025 19:00,countryclubdrive_to_I10interchange,NB,0.23,0.51,20.7
1/22/2025 20:00,countryclubdrive_to_I10interchange,NB,0.2,0.47,21.4
1/22/2025 21:00,countryclubdrive_to_I10interchange,NB,0.18,0.45,22
1/22/2025 22:00,countryclubdrive_to_I10interchange,NB,0.13,0.41,24.6
1/22/2025 23:00,countryclubdrive_to_I10interchange,NB,0.06,0.34,28.9
1/23/2025 0:00,countryclubdrive_to_I10interchange,NB,0.08,0.36,27.4
1/23/2025 1:00,countryclubdrive_to_I10interchange,NB,0.08,0.35,28
1/23/2025 2:00,countryclubdrive_to_I10interchange,NB,0.01,0.23,42.2
1/23/2025 3:00,countryclubdrive_to_I10interchange,NB,0.01,0.27,37
1/23/2025 4:00,countryclubdrive_to_I10interchange,NB,0.02,0.28,35
1/23/2025 5:00,countryclubdrive_to_I10interchange,NB,0.18,0.46,23.1
1/23/2025 6:00,countryclubdrive_to_I10interchange,NB,0.37,0.65,17.5
1/23/2025 7:00,countryclubdrive_to_I10interchange,NB,0.41,0.69,14.5
1/23/2025 8:00,countryclubdrive_to_I10interchange,NB,0.55,0.83,12
1/23/2025 9:00,countryclubdrive_to_I10interchange,NB,0.46,0.73,13.8
1/23/2025 10:00,countryclubdrive_to_I10interchange,NB,0.49,0.76,13
1/23/2025 11:00,countryclubdrive_to_I10interchange,NB,0.48,0.75,13.8
1/23/2025 12:00,countryclubdrive_to_I10interchange,NB,0.59,0.87,11.6
1/23/2025 13:00,countryclubdrive_to_I10interchange,NB,0.53,0.81,12.3
1/23/2025 14:00,countryclubdrive_to_I10interchange,NB,0.67,0.95,10.9
1/23/2025 15:00,countryclubdrive_to_I10interchange,NB,0.61,0.88,11.3
1/23/2025 16:00,countryclubdrive_to_I10interchange,NB,0.61,0.88,11.4
1/23/2025 17:00,countryclubdrive_to_I10interchange,NB,0.47,0.74,13.7
1/23/2025 18:00,countryclubdrive_to_I10interchange,NB,0.36,0.64,16.8
1/23/2025 19:00,countryclubdrive_to_I10interchange,NB,0.4,0.68,15.6
1/23/2025 20:00,countryclubdrive_to_I10interchange,NB,0.35,0.62,16.2
1/23/2025 21:00,countryclubdrive_to_I10interchange,NB,0.27,0.55,18
1/23/2025 22:00,countryclubdrive_to_I10interchange,NB,0.12,0.39,25
1/23/2025 23:00,countryclubdrive_to_I10interchange,NB,0.1,0.37,26.5
1/24/2025 0:00,countryclubdrive_to_I10interchange,NB,0.1,0.37,28.8
1/24/2025 1:00,countryclubdrive_to_I10interchange,NB,0.04,0.31,31.9
1/24/2025 2:00,countryclubdrive_to_I10interchange,NB,0,0.23,43
1/24/2025 3:00,countryclubdrive_to_I10interchange,NB,0.02,0.29,34.3
1/24/2025 4:00,countryclubdrive_to_I10interchange,NB,0.03,0.29,33.1
1/24/2025 5:00,countryclubdrive_to_I10interchange,NB,0.26,0.53,20.5
1/24/2025 6:00,countryclubdrive_to_I10interchange,NB,0.4,0.68,15.2
1/24/2025 7:00,countryclubdrive_to_I10interchange,NB,0.36,0.63,17.6
1/24/2025 8:00,countryclubdrive_to_I10interchange,NB,0.5,0.77,13.2
1/24/2025 9:00,countryclubdrive_to_I10interchange,NB,0.58,0.85,12
1/24/2025 10:00,countryclubdrive_to_I10interchange,NB,0.48,0.75,13.3
1/24/2025 11:00,countryclubdrive_to_I10interchange,NB,0.48,0.76,13.4
1/24/2025 12:00,countryclubdrive_to_I10interchange,NB,0.66,0.94,10.9
1/24/2025 13:00,countryclubdrive_to_I10interchange,NB,0.63,0.9,11.3
1/24/2025 14:00,countryclubdrive_to_I10interchange,NB,0.46,0.74,13.5
1/24/2025 15:00,countryclubdrive_to_I10interchange,NB,0.59,0.86,11.6
1/24/2025 16:00,countryclubdrive_to_I10interchange,NB,0.55,0.83,12.2
1/24/2025 17:00,countryclubdrive_to_I10interchange,NB,0.48,0.76,13.5
1/24/2025 18:00,countryclubdrive_to_I10interchange,NB,0.38,0.66,15.4
1/24/2025 19:00,countryclubdrive_to_I10interchange,NB,0.29,0.56,18.5
1/24/2025 20:00,countryclubdrive_to_I10interchange,NB,0.23,0.5,20.1
1/24/2025 21:00,countryclubdrive_to_I10interchange,NB,0.31,0.58,17.5
1/24/2025 22:00,countryclubdrive_to_I10interchange,NB,0.14,0.42,23.8
1/24/2025 23:00,countryclubdrive_to_I10interchange,NB,0.15,0.42,24.4
1/25/2025 0:00,countryclubdrive_to_I10interchange,NB,0.11,0.39,25.6
1/25/2025 1:00,countryclubdrive_to_I10interchange,NB,0.04,0.31,31.8
1/25/2025 2:00,countryclubdrive_to_I10interchange,NB,0.08,0.34,30
1/25/2025 3:00,countryclubdrive_to_I10interchange,NB,0,0.26,38.1
1/25/2025 4:00,countryclubdrive_to_I10interchange,NB,0.02,0.29,33.7
1/25/2025 5:00,countryclubdrive_to_I10interchange,NB,0.08,0.35,28.6
1/25/2025 6:00,countryclubdrive_to_I10interchange,NB,0.16,0.44,23.7
1/25/2025 7:00,countryclubdrive_to_I10interchange,NB,0.42,0.69,15.3
1/25/2025 8:00,countryclubdrive_to_I10interchange,NB,0.35,0.63,17.3
1/25/2025 9:00,countryclubdrive_to_I10interchange,NB,0.51,0.79,13
1/25/2025 10:00,countryclubdrive_to_I10interchange,NB,0.3,0.58,17.6
1/25/2025 11:00,countryclubdrive_to_I10interchange,NB,0.39,0.67,14.9
1/25/2025 12:00,countryclubdrive_to_I10interchange,NB,0.41,0.69,15.2
1/25/2025 13:00,countryclubdrive_to_I10interchange,NB,0.53,0.81,12.8
1/25/2025 14:00,countryclubdrive_to_I10interchange,NB,0.48,0.75,13.8
1/25/2025 15:00,countryclubdrive_to_I10interchange,NB,0.52,0.8,12.5
1/25/2025 16:00,countryclubdrive_to_I10interchange,NB,0.37,0.65,15.9
1/25/2025 17:00,countryclubdrive_to_I10interchange,NB,0.45,0.72,13.7
1/25/2025 18:00,countryclubdrive_to_I10interchange,NB,0.26,0.54,19.4
1/25/2025 19:00,countryclubdrive_to_I10interchange,NB,0.24,0.52,19.7
1/25/2025 20:00,countryclubdrive_to_I10interchange,NB,0.22,0.49,20.9
1/25/2025 21:00,countryclubdrive_to_I10interchange,NB,0.18,0.46,21.5
1/25/2025 22:00,countryclubdrive_to_I10interchange,NB,0.23,0.5,20
1/25/2025 23:00,countryclubdrive_to_I10interchange,NB,0.17,0.44,22.5
1/26/2025 0:00,countryclubdrive_to_I10interchange,NB,0.11,0.38,25.9
1/26/2025 1:00,countryclubdrive_to_I10interchange,NB,0.12,0.4,25.6
1/26/2025 2:00,countryclubdrive_to_I10interchange,NB,0.03,0.3,32.7
1/26/2025 3:00,countryclubdrive_to_I10interchange,NB,0.01,0.26,37.5
1/26/2025 4:00,countryclubdrive_to_I10interchange,NB,0,0.24,41.4
1/26/2025 5:00,countryclubdrive_to_I10interchange,NB,0.03,0.29,34.3
1/26/2025 6:00,countryclubdrive_to_I10interchange,NB,0.1,0.38,26.1
1/26/2025 7:00,countryclubdrive_to_I10interchange,NB,0.16,0.43,22.7
1/26/2025 8:00,countryclubdrive_to_I10interchange,NB,0.17,0.44,22.8
1/26/2025 9:00,countryclubdrive_to_I10interchange,NB,0.33,0.61,17.5
1/26/2025 10:00,countryclubdrive_to_I10interchange,NB,0.36,0.64,15.9
1/26/2025 11:00,countryclubdrive_to_I10interchange,NB,0.37,0.64,16.3
1/26/2025 12:00,countryclubdrive_to_I10interchange,NB,0.44,0.71,14.3
1/26/2025 13:00,countryclubdrive_to_I10interchange,NB,0.34,0.62,16.6
1/26/2025 14:00,countryclubdrive_to_I10interchange,NB,0.39,0.67,15.4
1/26/2025 15:00,countryclubdrive_to_I10interchange,NB,0.3,0.58,18
1/26/2025 16:00,countryclubdrive_to_I10interchange,NB,0.35,0.62,16.7
1/26/2025 17:00,countryclubdrive_to_I10interchange,NB,0.32,0.6,17.2
1/26/2025 18:00,countryclubdrive_to_I10interchange,NB,0.3,0.58,18.1
1/26/2025 19:00,countryclubdrive_to_I10interchange,NB,0.3,0.57,17.8
1/26/2025 20:00,countryclubdrive_to_I10interchange,NB,0.22,0.5,20
1/26/2025 21:00,countryclubdrive_to_I10interchange,NB,0.14,0.42,24.5
1/26/2025 22:00,countryclubdrive_to_I10interchange,NB,0.1,0.37,27
1/26/2025 23:00,countryclubdrive_to_I10interchange,NB,0.1,0.37,26.5
1/27/2025 0:00,countryclubdrive_to_I10interchange,NB,0.1,0.37,26.9
1/27/2025 1:00,countryclubdrive_to_I10interchange,NB,0.02,0.27,36.2
1/27/2025 2:00,countryclubdrive_to_I10interchange,NB,0.01,0.27,37.1
1/27/2025 3:00,countryclubdrive_to_I10interchange,NB,0.07,0.35,28.1
1/27/2025 4:00,countryclubdrive_to_I10interchange,NB,0.04,0.31,31.7
1/27/2025 5:00,countryclubdrive_to_I10interchange,NB,0.26,0.53,20.1
1/27/2025 6:00,countryclubdrive_to_I10interchange,NB,0.35,0.63,16.7
1/27/2025 7:00,countryclubdrive_to_I10interchange,NB,0.5,0.77,13.3
1/27/2025 8:00,countryclubdrive_to_I10interchange,NB,0.4,0.68,14.5
1/27/2025 9:00,countryclubdrive_to_I10interchange,NB,0.46,0.74,14
1/27/2025 10:00,countryclubdrive_to_I10interchange,NB,0.46,0.74,13.7
1/27/2025 11:00,countryclubdrive_to_I10interchange,NB,0.39,0.67,15.5
1/27/2025 12:00,countryclubdrive_to_I10interchange,NB,0.58,0.86,11.7
1/27/2025 13:00,countryclubdrive_to_I10interchange,NB,0.49,0.77,13.6
1/27/2025 14:00,countryclubdrive_to_I10interchange,NB,0.39,0.67,14.9
1/27/2025 15:00,countryclubdrive_to_I10interchange,NB,0.48,0.75,13
1/27/2025 16:00,countryclubdrive_to_I10interchange,NB,0.5,0.77,12.8
1/27/2025 17:00,countryclubdrive_to_I10interchange,NB,0.53,0.8,12.6
1/27/2025 18:00,countryclubdrive_to_I10interchange,NB,0.25,0.53,18.7
1/27/2025 19:00,countryclubdrive_to_I10interchange,NB,0.19,0.47,22.1
1/27/2025 20:00,countryclubdrive_to_I10interchange,NB,0.23,0.5,20.4
1/27/2025 21:00,countryclubdrive_to_I10interchange,NB,0.17,0.45,22.2
1/27/2025 22:00,countryclubdrive_to_I10interchange,NB,0.19,0.47,22.6
1/27/2025 23:00,countryclubdrive_to_I10interchange,NB,0.05,0.32,30.2
1/28/2025 0:00,countryclubdrive_to_I10interchange,NB,0.02,0.3,33
1/28/2025 1:00,countryclubdrive_to_I10interchange,NB,0.05,0.32,31.8
1/28/2025 2:00,countryclubdrive_to_I10interchange,NB,0.05,0.31,33.6
1/28/2025 3:00,countryclubdrive_to_I10interchange,NB,0.05,0.29,36.1
1/28/2025 4:00,countryclubdrive_to_I10interchange,NB,0.01,0.26,37.6
1/28/2025 5:00,countryclubdrive_to_I10interchange,NB,0.17,0.45,24.3
1/28/2025 6:00,countryclubdrive_to_I10interchange,NB,0.19,0.47,21.5
1/28/2025 7:00,countryclubdrive_to_I10interchange,NB,0.43,0.71,14.3
1/28/2025 8:00,countryclubdrive_to_I10interchange,NB,0.61,0.89,11.7
1/28/2025 9:00,countryclubdrive_to_I10interchange,NB,0.41,0.69,14.5
1/28/2025 10:00,countryclubdrive_to_I10interchange,NB,0.42,0.69,15.4
1/28/2025 11:00,countryclubdrive_to_I10interchange,NB,0.4,0.68,15.3
1/28/2025 12:00,countryclubdrive_to_I10interchange,NB,0.48,0.76,12.9
1/28/2025 13:00,countryclubdrive_to_I10interchange,NB,0.47,0.74,13.4
1/28/2025 14:00,countryclubdrive_to_I10interchange,NB,0.49,0.77,13.5
1/28/2025 15:00,countryclubdrive_to_I10interchange,NB,0.6,0.87,11.9
1/28/2025 16:00,countryclubdrive_to_I10interchange,NB,0.54,0.81,12.5
1/28/2025 17:00,countryclubdrive_to_I10interchange,NB,0.48,0.76,13.3
1/28/2025 18:00,countryclubdrive_to_I10interchange,NB,0.32,0.6,17.1
1/28/2025 19:00,countryclubdrive_to_I10interchange,NB,0.23,0.5,21.6
1/28/2025 20:00,countryclubdrive_to_I10interchange,NB,0.21,0.48,20.6
1/28/2025 21:00,countryclubdrive_to_I10interchange,NB,0.31,0.59,16.8
1/28/2025 22:00,countryclubdrive_to_I10interchange,NB,0.15,0.43,23.3
1/28/2025 23:00,countryclubdrive_to_I10interchange,NB,0.09,0.37,28.8
1/29/2025 0:00,countryclubdrive_to_I10interchange,NB,0.05,0.32,30.7
1/29/2025 1:00,countryclubdrive_to_I10interchange,NB,0.05,0.32,30
1/29/2025 2:00,countryclubdrive_to_I10interchange,NB,0.03,0.31,31.7
1/29/2025 3:00,countryclubdrive_to_I10interchange,NB,0.02,0.26,38
1/29/2025 4:00,countryclubdrive_to_I10interchange,NB,0.03,0.29,34.5
1/29/2025 5:00,countryclubdrive_to_I10interchange,NB,0.28,0.56,18.5
1/29/2025 6:00,countryclubdrive_to_I10interchange,NB,0.28,0.55,18.7
1/29/2025 7:00,countryclubdrive_to_I10interchange,NB,0.45,0.73,13.7
1/29/2025 8:00,countryclubdrive_to_I10interchange,NB,0.49,0.77,13.3
1/29/2025 9:00,countryclubdrive_to_I10interchange,NB,0.46,0.74,13.6
1/29/2025 10:00,countryclubdrive_to_I10interchange,NB,0.36,0.63,16.4
1/29/2025 11:00,countryclubdrive_to_I10interchange,NB,0.72,0.99,10.5
1/29/2025 12:00,countryclubdrive_to_I10interchange,NB,0.44,0.72,13.6
1/29/2025 13:00,countryclubdrive_to_I10interchange,NB,0.56,0.83,12.2
1/29/2025 14:00,countryclubdrive_to_I10interchange,NB,0.53,0.81,12.3
1/29/2025 15:00,countryclubdrive_to_I10interchange,NB,0.67,0.95,10.3
1/29/2025 16:00,countryclubdrive_to_I10interchange,NB,0.57,0.84,12.1
1/29/2025 17:00,countryclubdrive_to_I10interchange,NB,0.6,0.87,11.5
1/29/2025 18:00,countryclubdrive_to_I10interchange,NB,0.37,0.65,15.6
1/29/2025 19:00,countryclubdrive_to_I10interchange,NB,0.32,0.6,18.1
1/29/2025 20:00,countryclubdrive_to_I10interchange,NB,0.23,0.51,21.2
1/29/2025 21:00,countryclubdrive_to_I10interchange,NB,0.34,0.62,18
1/29/2025 22:00,countryclubdrive_to_I10interchange,NB,0.24,0.52,19.6
1/29/2025 23:00,countryclubdrive_to_I10interchange,NB,0.2,0.47,21.5
1/30/2025 0:00,countryclubdrive_to_I10interchange,NB,0.09,0.36,27.7
1/30/2025 1:00,countryclubdrive_to_I10interchange,NB,0.02,0.28,34.5
1/30/2025 2:00,countryclubdrive_to_I10interchange,NB,0.01,0.27,36.9
1/30/2025 3:00,countryclubdrive_to_I10interchange,NB,0.02,0.26,38
1/30/2025 4:00,countryclubdrive_to_I10interchange,NB,0.05,0.32,30.8
1/30/2025 5:00,countryclubdrive_to_I10interchange,NB,0.2,0.46,26.2
1/30/2025 6:00,countryclubdrive_to_I10interchange,NB,0.3,0.58,18.6
1/30/2025 7:00,countryclubdrive_to_I10interchange,NB,0.52,0.79,13
1/30/2025 8:00,countryclubdrive_to_I10interchange,NB,0.55,0.82,12.5
1/30/2025 9:00,countryclubdrive_to_I10interchange,NB,0.42,0.7,15.1
1/30/2025 10:00,countryclubdrive_to_I10interchange,NB,0.45,0.73,14.2
1/30/2025 11:00,countryclubdrive_to_I10interchange,NB,0.52,0.79,12.8
1/30/2025 12:00,countryclubdrive_to_I10interchange,NB,0.53,0.8,14.1
1/30/2025 13:00,countryclubdrive_to_I10interchange,NB,0.6,0.87,11.9
1/30/2025 14:00,countryclubdrive_to_I10interchange,NB,0.53,0.81,12.2
1/30/2025 15:00,countryclubdrive_to_I10interchange,NB,0.6,0.88,11.3
1/30/2025 16:00,countryclubdrive_to_I10interchange,NB,0.59,0.86,12.2
1/30/2025 17:00,countryclubdrive_to_I10interchange,NB,0.49,0.76,13.2
1/30/2025 18:00,countryclubdrive_to_I10interchange,NB,0.33,0.61,16.8
1/30/2025 19:00,countryclubdrive_to_I10interchange,NB,0.33,0.6,17.7
1/30/2025 20:00,countryclubdrive_to_I10interchange,NB,0.27,0.54,18.6
1/30/2025 21:00,countryclubdrive_to_I10interchange,NB,0.21,0.49,20.7
1/30/2025 22:00,countryclubdrive_to_I10interchange,NB,0.33,0.61,16.6
1/30/2025 23:00,countryclubdrive_to_I10interchange,NB,0.17,0.45,23.1
1/31/2025 0:00,countryclubdrive_to_I10interchange,NB,0.06,0.33,30
1/31/2025 1:00,countryclubdrive_to_I10interchange,NB,0.02,0.29,34
1/31/2025 2:00,countryclubdrive_to_I10interchange,NB,0.02,0.27,36
1/31/2025 3:00,countryclubdrive_to_I10interchange,NB,0.04,0.32,30.7
1/31/2025 4:00,countryclubdrive_to_I10interchange,NB,0.08,0.34,29.6
1/31/2025 5:00,countryclubdrive_to_I10interchange,NB,0.15,0.42,24.7
1/31/2025 6:00,countryclubdrive_to_I10interchange,NB,0.26,0.54,18.6
1/31/2025 7:00,countryclubdrive_to_I10interchange,NB,0.34,0.61,16.8
1/31/2025 8:00,countryclubdrive_to_I10interchange,NB,0.5,0.77,12.8
1/31/2025 9:00,countryclubdrive_to_I10interchange,NB,0.48,0.76,13.5
1/31/2025 10:00,countryclubdrive_to_I10interchange,NB,0.51,0.79,12.5
1/31/2025 11:00,countryclubdrive_to_I10interchange,NB,0.55,0.83,12.3
1/31/2025 12:00,countryclubdrive_to_I10interchange,NB,0.52,0.79,12.5
1/31/2025 13:00,countryclubdrive_to_I10interchange,NB,0.55,0.83,12.3
1/31/2025 14:00,countryclubdrive_to_I10interchange,NB,0.49,0.77,12.9
1/31/2025 15:00,countryclubdrive_to_I10interchange,NB,0.49,0.77,12.9
1/31/2025 16:00,countryclubdrive_to_I10interchange,NB,0.6,0.88,11.3
1/31/2025 17:00,countryclubdrive_to_I10interchange,NB,0.47,0.75,13.7
1/31/2025 18:00,countryclubdrive_to_I10interchange,NB,0.33,0.6,16.4
1/31/2025 19:00,countryclubdrive_to_I10interchange,NB,0.29,0.57,18.1
1/31/2025 20:00,countryclubdrive_to_I10interchange,NB,0.38,0.66,16.5
1/31/2025 21:00,countryclubdrive_to_I10interchange,NB,0.22,0.5,20.3
1/31/2025 22:00,countryclubdrive_to_I10interchange,NB,0.31,0.58,17.6
1/31/2025 23:00,countryclubdrive_to_I10interchange,NB,0.2,0.47,21.5
2/1/2025 0:00,countryclubdrive_to_I10interchange,NB,0.09,0.37,26.4
2/1/2025 1:00,countryclubdrive_to_I10interchange,NB,0.04,0.31,31.7
2/1/2025 2:00,countryclubdrive_to_I10interchange,NB,0.06,0.33,30.3
2/1/2025 3:00,countryclubdrive_to_I10interchange,NB,0.01,0.27,37.1
2/1/2025 4:00,countryclubdrive_to_I10interchange,NB,0.01,0.26,37.3
2/1/2025 5:00,countryclubdrive_to_I10interchange,NB,0.1,0.38,26.4
2/1/2025 6:00,countryclubdrive_to_I10interchange,NB,0.27,0.54,19.5
2/1/2025 7:00,countryclubdrive_to_I10interchange,NB,0.28,0.55,19.5
2/1/2025 8:00,countryclubdrive_to_I10interchange,NB,0.33,0.6,16.9
2/1/2025 9:00,countryclubdrive_to_I10interchange,NB,0.3,0.57,17.8
2/1/2025 10:00,countryclubdrive_to_I10interchange,NB,0.41,0.68,15.1
2/1/2025 11:00,countryclubdrive_to_I10interchange,NB,0.5,0.78,13.4
2/1/2025 12:00,countryclubdrive_to_I10interchange,NB,0.56,0.84,12.4
2/1/2025 13:00,countryclubdrive_to_I10interchange,NB,0.43,0.71,14
2/1/2025 14:00,countryclubdrive_to_I10interchange,NB,0.5,0.78,12.8
2/1/2025 15:00,countryclubdrive_to_I10interchange,NB,0.37,0.65,15.9
2/1/2025 16:00,countryclubdrive_to_I10interchange,NB,0.41,0.69,15
2/1/2025 17:00,countryclubdrive_to_I10interchange,NB,0.45,0.72,13.8
2/1/2025 18:00,countryclubdrive_to_I10interchange,NB,0.31,0.59,17.3
2/1/2025 19:00,countryclubdrive_to_I10interchange,NB,0.37,0.65,16
2/1/2025 20:00,countryclubdrive_to_I10interchange,NB,0.27,0.55,19.7
2/1/2025 21:00,countryclubdrive_to_I10interchange,NB,0.25,0.53,20.1
2/1/2025 22:00,countryclubdrive_to_I10interchange,NB,0.15,0.43,23.1
2/1/2025 23:00,countryclubdrive_to_I10interchange,NB,0.15,0.43,22.8
2/2/2025 0:00,countryclubdrive_to_I10interchange,NB,0.08,0.35,28.1
2/2/2025 1:00,countryclubdrive_to_I10interchange,NB,0.16,0.43,23
2/2/2025 2:00,countryclubdrive_to_I10interchange,NB,0.06,0.34,29
2/2/2025 3:00,countryclubdrive_to_I10interchange,NB,0.02,0.28,35.7
2/2/2025 4:00,countryclubdrive_to_I10interchange,NB,0.01,0.27,36
2/2/2025 5:00,countryclubdrive_to_I10interchange,NB,0.07,0.34,30.1
2/2/2025 6:00,countryclubdrive_to_I10interchange,NB,0.09,0.36,27.6
2/2/2025 7:00,countryclubdrive_to_I10interchange,NB,0.36,0.64,15.7
2/2/2025 8:00,countryclubdrive_to_I10interchange,NB,0.31,0.59,17.4
2/2/2025 9:00,countryclubdrive_to_I10interchange,NB,0.28,0.55,19.2
2/2/2025 10:00,countryclubdrive_to_I10interchange,NB,0.35,0.62,16.1
2/2/2025 11:00,countryclubdrive_to_I10interchange,NB,0.42,0.7,14.5
2/2/2025 12:00,countryclubdrive_to_I10interchange,NB,0.32,0.6,17.5
2/2/2025 13:00,countryclubdrive_to_I10interchange,NB,0.34,0.61,16.7
2/2/2025 14:00,countryclubdrive_to_I10interchange,NB,0.44,0.71,14.1
2/2/2025 15:00,countryclubdrive_to_I10interchange,NB,0.31,0.58,17.3
2/2/2025 16:00,countryclubdrive_to_I10interchange,NB,0.36,0.64,15.8
2/2/2025 17:00,countryclubdrive_to_I10interchange,NB,0.26,0.53,19
2/2/2025 18:00,countryclubdrive_to_I10interchange,NB,0.18,0.45,23.1
2/2/2025 19:00,countryclubdrive_to_I10interchange,NB,0.32,0.59,19.5
2/2/2025 20:00,countryclubdrive_to_I10interchange,NB,0.28,0.55,18.6
2/2/2025 21:00,countryclubdrive_to_I10interchange,NB,0.17,0.44,23
2/2/2025 22:00,countryclubdrive_to_I10interchange,NB,0.18,0.46,22.5
2/2/2025 23:00,countryclubdrive_to_I10interchange,NB,0.07,0.34,28.7
2/3/2025 0:00,countryclubdrive_to_I10interchange,NB,0.08,0.36,28
2/3/2025 1:00,countryclubdrive_to_I10interchange,NB,0,0.24,41.7
2/3/2025 2:00,countryclubdrive_to_I10interchange,NB,0.02,0.27,37.5
2/3/2025 3:00,countryclubdrive_to_I10interchange,NB,0,0.22,44.5
2/3/2025 4:00,countryclubdrive_to_I10interchange,NB,0.04,0.31,32.3
2/3/2025 5:00,countryclubdrive_to_I10interchange,NB,0.1,0.37,26.4
2/3/2025 6:00,countryclubdrive_to_I10interchange,NB,0.25,0.52,19.8
2/3/2025 7:00,countryclubdrive_to_I10interchange,NB,0.45,0.73,14.9
2/3/2025 8:00,countryclubdrive_to_I10interchange,NB,0.55,0.83,12.3
2/3/2025 9:00,countryclubdrive_to_I10interchange,NB,0.41,0.69,14.6
2/3/2025 10:00,countryclubdrive_to_I10interchange,NB,0.48,0.76,13.6
2/3/2025 11:00,countryclubdrive_to_I10interchange,NB,0.62,0.9,11.3
2/3/2025 12:00,countryclubdrive_to_I10interchange,NB,0.49,0.77,13
2/3/2025 13:00,countryclubdrive_to_I10interchange,NB,0.47,0.75,13.4
2/3/2025 14:00,countryclubdrive_to_I10interchange,NB,0.46,0.73,13.6
2/3/2025 15:00,countryclubdrive_to_I10interchange,NB,0.58,0.86,11.4
2/3/2025 16:00,countryclubdrive_to_I10interchange,NB,0.47,0.75,13.1
2/3/2025 17:00,countryclubdrive_to_I10interchange,NB,0.44,0.72,13.7
2/3/2025 18:00,countryclubdrive_to_I10interchange,NB,0.28,0.56,17.8
2/3/2025 19:00,countryclubdrive_to_I10interchange,NB,0.26,0.54,18.9
2/3/2025 20:00,countryclubdrive_to_I10interchange,NB,0.29,0.56,18.3
2/3/2025 21:00,countryclubdrive_to_I10interchange,NB,0.26,0.54,19.1
2/3/2025 22:00,countryclubdrive_to_I10interchange,NB,0.15,0.42,23.7
2/3/2025 23:00,countryclubdrive_to_I10interchange,NB,0.22,0.49,20.4
2/4/2025 0:00,countryclubdrive_to_I10interchange,NB,0.06,0.32,31.1
2/4/2025 1:00,countryclubdrive_to_I10interchange,NB,0.01,0.24,40
2/4/2025 2:00,countryclubdrive_to_I10interchange,NB,0.01,0.25,38.7
2/4/2025 3:00,countryclubdrive_to_I10interchange,NB,0.02,0.27,37.7
2/4/2025 4:00,countryclubdrive_to_I10interchange,NB,0.13,0.4,26.1
2/4/2025 5:00,countryclubdrive_to_I10interchange,NB,0.32,0.6,17.7
2/4/2025 6:00,countryclubdrive_to_I10interchange,NB,0.27,0.54,18.6
2/4/2025 7:00,countryclubdrive_to_I10interchange,NB,0.39,0.67,15.2
2/4/2025 8:00,countryclubdrive_to_I10interchange,NB,0.58,0.86,11.9
2/4/2025 9:00,countryclubdrive_to_I10interchange,NB,0.42,0.7,14.6
2/4/2025 10:00,countryclubdrive_to_I10interchange,NB,0.42,0.69,14.1
2/4/2025 11:00,countryclubdrive_to_I10interchange,NB,0.52,0.79,12.5
2/4/2025 12:00,countryclubdrive_to_I10interchange,NB,0.5,0.78,12.7
2/4/2025 13:00,countryclubdrive_to_I10interchange,NB,0.64,0.91,11.2
2/4/2025 14:00,countryclubdrive_to_I10interchange,NB,0.59,0.86,12.2
2/4/2025 15:00,countryclubdrive_to_I10interchange,NB,0.71,0.99,10.1
2/4/2025 16:00,countryclubdrive_to_I10interchange,NB,0.63,0.91,10.9
2/4/2025 17:00,countryclubdrive_to_I10interchange,NB,0.52,0.8,12.6
2/4/2025 18:00,countryclubdrive_to_I10interchange,NB,0.44,0.72,14.2
2/4/2025 19:00,countryclubdrive_to_I10interchange,NB,0.27,0.54,21
2/4/2025 20:00,countryclubdrive_to_I10interchange,NB,0.27,0.55,18.1
2/4/2025 21:00,countryclubdrive_to_I10interchange,NB,0.21,0.49,20.6
2/4/2025 22:00,countryclubdrive_to_I10interchange,NB,0.15,0.43,24.5
2/4/2025 23:00,countryclubdrive_to_I10interchange,NB,0.04,0.32,30.9
2/5/2025 0:00,countryclubdrive_to_I10interchange,NB,0.08,0.35,28.1
2/5/2025 1:00,countryclubdrive_to_I10interchange,NB,0.03,0.29,34.6
2/5/2025 2:00,countryclubdrive_to_I10interchange,NB,0.09,0.37,26.9
2/5/2025 3:00,countryclubdrive_to_I10interchange,NB,0.01,0.25,40
2/5/2025 4:00,countryclubdrive_to_I10interchange,NB,0.05,0.31,32.3
2/5/2025 5:00,countryclubdrive_to_I10interchange,NB,0.11,0.39,26.2
2/5/2025 6:00,countryclubdrive_to_I10interchange,NB,0.32,0.59,16.6
2/5/2025 7:00,countryclubdrive_to_I10interchange,NB,0.4,0.67,15
2/5/2025 8:00,countryclubdrive_to_I10interchange,NB,0.56,0.84,11.9
2/5/2025 9:00,countryclubdrive_to_I10interchange,NB,0.45,0.72,14.2
2/5/2025 10:00,countryclubdrive_to_I10interchange,NB,0.36,0.63,15.7
2/5/2025 11:00,countryclubdrive_to_I10interchange,NB,0.45,0.72,13.9
2/5/2025 12:00,countryclubdrive_to_I10interchange,NB,0.42,0.7,14.4
2/5/2025 13:00,countryclubdrive_to_I10interchange,NB,0.57,0.85,11.7
2/5/2025 14:00,countryclubdrive_to_I10interchange,NB,0.47,0.74,13.4
2/5/2025 15:00,countryclubdrive_to_I10interchange,NB,0.65,0.93,10.8
2/5/2025 16:00,countryclubdrive_to_I10interchange,NB,0.48,0.75,13.5
2/5/2025 17:00,countryclubdrive_to_I10interchange,NB,0.45,0.72,13.9
2/5/2025 18:00,countryclubdrive_to_I10interchange,NB,0.38,0.66,15.9
2/5/2025 19:00,countryclubdrive_to_I10interchange,NB,0.25,0.52,19.5
2/5/2025 20:00,countryclubdrive_to_I10interchange,NB,0.22,0.49,20.7
2/5/2025 21:00,countryclubdrive_to_I10interchange,NB,0.32,0.59,17.2
2/5/2025 22:00,countryclubdrive_to_I10interchange,NB,0.23,0.51,19.6
2/5/2025 23:00,countryclubdrive_to_I10interchange,NB,0.05,0.32,31
2/6/2025 0:00,countryclubdrive_to_I10interchange,NB,0.02,0.28,34.5
2/6/2025 1:00,countryclubdrive_to_I10interchange,NB,0.04,0.32,30.5
2/6/2025 2:00,countryclubdrive_to_I10interchange,NB,0.04,0.29,35.7
2/6/2025 3:00,countryclubdrive_to_I10interchange,NB,0.02,0.29,33.4
2/6/2025 4:00,countryclubdrive_to_I10interchange,NB,0.04,0.3,32.9
2/6/2025 5:00,countryclubdrive_to_I10interchange,NB,0.22,0.5,21.2
2/6/2025 6:00,countryclubdrive_to_I10interchange,NB,0.37,0.64,17
2/6/2025 7:00,countryclubdrive_to_I10interchange,NB,0.44,0.71,14.1
2/6/2025 8:00,countryclubdrive_to_I10interchange,NB,0.5,0.78,13
2/6/2025 9:00,countryclubdrive_to_I10interchange,NB,0.46,0.74,13.6
2/6/2025 10:00,countryclubdrive_to_I10interchange,NB,0.55,0.82,12.2
2/6/2025 11:00,countryclubdrive_to_I10interchange,NB,0.5,0.78,13.2
2/6/2025 12:00,countryclubdrive_to_I10interchange,NB,0.54,0.82,12.5
2/6/2025 13:00,countryclubdrive_to_I10interchange,NB,0.51,0.79,13.3
2/6/2025 14:00,countryclubdrive_to_I10interchange,NB,0.59,0.86,12.1
2/6/2025 15:00,countryclubdrive_to_I10interchange,NB,0.59,0.87,11.5
2/6/2025 16:00,countryclubdrive_to_I10interchange,NB,0.61,0.89,11.3
2/6/2025 17:00,countryclubdrive_to_I10interchange,NB,0.7,0.97,10.8
2/6/2025 18:00,countryclubdrive_to_I10interchange,NB,0.41,0.69,14.6
2/6/2025 19:00,countryclubdrive_to_I10interchange,NB,0.61,0.88,12.2
2/6/2025 20:00,countryclubdrive_to_I10interchange,NB,0.31,0.59,18
2/6/2025 21:00,countryclubdrive_to_I10interchange,NB,0.21,0.49,21.3
2/6/2025 22:00,countryclubdrive_to_I10interchange,NB,0.25,0.52,20.4
2/6/2025 23:00,countryclubdrive_to_I10interchange,NB,0.23,0.5,19.6
2/7/2025 0:00,countryclubdrive_to_I10interchange,NB,0.05,0.32,31.3
2/7/2025 1:00,countryclubdrive_to_I10interchange,NB,0.04,0.31,31.3
2/7/2025 2:00,countryclubdrive_to_I10interchange,NB,0.02,0.28,34.6
2/7/2025 3:00,countryclubdrive_to_I10interchange,NB,0.01,0.28,34.8
2/7/2025 4:00,countryclubdrive_to_I10interchange,NB,0.06,0.33,29.7
2/7/2025 5:00,countryclubdrive_to_I10interchange,NB,0.07,0.34,29.4
2/7/2025 6:00,countryclubdrive_to_I10interchange,NB,0.26,0.53,19.5
2/7/2025 7:00,countryclubdrive_to_I10interchange,NB,0.47,0.75,13.9
2/7/2025 8:00,countryclubdrive_to_I10interchange,NB,0.64,0.92,11
2/7/2025 9:00,countryclubdrive_to_I10interchange,NB,0.42,0.7,14.2
2/7/2025 10:00,countryclubdrive_to_I10interchange,NB,0.46,0.73,15
2/7/2025 11:00,countryclubdrive_to_I10interchange,NB,0.52,0.8,12.9
2/7/2025 12:00,countryclubdrive_to_I10interchange,NB,0.65,0.93,11.3
2/7/2025 13:00,countryclubdrive_to_I10interchange,NB,0.54,0.82,12.2
2/7/2025 14:00,countryclubdrive_to_I10interchange,NB,0.57,0.84,12.3
2/7/2025 15:00,countryclubdrive_to_I10interchange,NB,0.55,0.82,12.3
2/7/2025 16:00,countryclubdrive_to_I10interchange,NB,0.55,0.83,12.9
2/7/2025 17:00,countryclubdrive_to_I10interchange,NB,0.52,0.8,12.5
2/7/2025 18:00,countryclubdrive_to_I10interchange,NB,0.36,0.64,15.7
2/7/2025 19:00,countryclubdrive_to_I10interchange,NB,0.44,0.72,14.6
2/7/2025 20:00,countryclubdrive_to_I10interchange,NB,0.22,0.49,21
2/7/2025 21:00,countryclubdrive_to_I10interchange,NB,0.18,0.45,23.4
2/7/2025 22:00,countryclubdrive_to_I10interchange,NB,0.29,0.57,17.5
2/7/2025 23:00,countryclubdrive_to_I10interchange,NB,0.12,0.39,25.4
2/8/2025 0:00,countryclubdrive_to_I10interchange,NB,0.12,0.39,25.2
2/8/2025 1:00,countryclubdrive_to_I10interchange,NB,0.08,0.36,27.8
2/8/2025 2:00,countryclubdrive_to_I10interchange,NB,0.05,0.32,30.9
2/8/2025 3:00,countryclubdrive_to_I10interchange,NB,0.15,0.42,24.8
2/8/2025 4:00,countryclubdrive_to_I10interchange,NB,0.05,0.31,32.2
2/8/2025 5:00,countryclubdrive_to_I10interchange,NB,0.05,0.32,30.2
2/8/2025 6:00,countryclubdrive_to_I10interchange,NB,0.37,0.64,17.5
2/8/2025 7:00,countryclubdrive_to_I10interchange,NB,0.21,0.48,21.1
2/8/2025 8:00,countryclubdrive_to_I10interchange,NB,0.36,0.64,16
2/8/2025 9:00,countryclubdrive_to_I10interchange,NB,0.36,0.64,15.6
2/8/2025 10:00,countryclubdrive_to_I10interchange,NB,0.41,0.68,14.6
2/8/2025 11:00,countryclubdrive_to_I10interchange,NB,0.46,0.74,13.4
2/8/2025 12:00,countryclubdrive_to_I10interchange,NB,0.49,0.76,13.1
2/8/2025 13:00,countryclubdrive_to_I10interchange,NB,0.46,0.73,14.2
2/8/2025 14:00,countryclubdrive_to_I10interchange,NB,0.53,0.8,12.9
2/8/2025 15:00,countryclubdrive_to_I10interchange,NB,0.62,0.9,11.4
2/8/2025 16:00,countryclubdrive_to_I10interchange,NB,0.38,0.66,15.4
2/8/2025 17:00,countryclubdrive_to_I10interchange,NB,0.45,0.72,14.3
2/8/2025 18:00,countryclubdrive_to_I10interchange,NB,0.48,0.76,13.4
2/8/2025 19:00,countryclubdrive_to_I10interchange,NB,0.3,0.57,17.4
2/8/2025 20:00,countryclubdrive_to_I10interchange,NB,0.28,0.56,18.4
2/8/2025 21:00,countryclubdrive_to_I10interchange,NB,0.2,0.47,21.4
2/8/2025 22:00,countryclubdrive_to_I10interchange,NB,0.24,0.52,19.3
2/8/2025 23:00,countryclubdrive_to_I10interchange,NB,0.13,0.41,24.8
2/9/2025 0:00,countryclubdrive_to_I10interchange,NB,0.08,0.36,28.6
2/9/2025 1:00,countryclubdrive_to_I10interchange,NB,0.06,0.33,29.8
2/9/2025 2:00,countryclubdrive_to_I10interchange,NB,0.04,0.31,32.1
2/9/2025 3:00,countryclubdrive_to_I10interchange,NB,0.02,0.29,33.4
2/9/2025 4:00,countryclubdrive_to_I10interchange,NB,0,0.24,41.1
2/9/2025 5:00,countryclubdrive_to_I10interchange,NB,0.01,0.27,36.9
2/9/2025 6:00,countryclubdrive_to_I10interchange,NB,0.12,0.39,26.4
2/9/2025 7:00,countryclubdrive_to_I10interchange,NB,0.13,0.4,24.6
2/9/2025 8:00,countryclubdrive_to_I10interchange,NB,0.22,0.49,20.3
2/9/2025 9:00,countryclubdrive_to_I10interchange,NB,0.31,0.59,17.9
2/9/2025 10:00,countryclubdrive_to_I10interchange,NB,0.38,0.66,15.2
2/9/2025 11:00,countryclubdrive_to_I10interchange,NB,0.33,0.61,17.1
2/9/2025 12:00,countryclubdrive_to_I10interchange,NB,0.36,0.64,16.1
2/9/2025 13:00,countryclubdrive_to_I10interchange,NB,0.46,0.73,13.9
2/9/2025 14:00,countryclubdrive_to_I10interchange,NB,0.37,0.64,15.7
2/9/2025 15:00,countryclubdrive_to_I10interchange,NB,0.34,0.62,16.3
2/9/2025 16:00,countryclubdrive_to_I10interchange,NB,0.19,0.46,22.5
2/9/2025 17:00,countryclubdrive_to_I10interchange,NB,0.21,0.49,21.3
2/9/2025 18:00,countryclubdrive_to_I10interchange,NB,0.16,0.44,23
2/9/2025 19:00,countryclubdrive_to_I10interchange,NB,0.39,0.67,16.2
2/9/2025 20:00,countryclubdrive_to_I10interchange,NB,0.41,0.68,15.1
2/9/2025 21:00,countryclubdrive_to_I10interchange,NB,0.23,0.51,19.8
2/9/2025 22:00,countryclubdrive_to_I10interchange,NB,0.16,0.43,22.9
2/9/2025 23:00,countryclubdrive_to_I10interchange,NB,0.12,0.39,25.8
2/10/2025 0:00,countryclubdrive_to_I10interchange,NB,0.11,0.39,25.9
2/10/2025 1:00,countryclubdrive_to_I10interchange,NB,0.05,0.32,30.5
2/10/2025 2:00,countryclubdrive_to_I10interchange,NB,0,0.25,39.3
2/10/2025 3:00,countryclubdrive_to_I10interchange,NB,0.01,0.27,36.8
2/10/2025 4:00,countryclubdrive_to_I10interchange,NB,0.04,0.31,32.2
2/10/2025 5:00,countryclubdrive_to_I10interchange,NB,0.14,0.4,26.4
2/10/2025 6:00,countryclubdrive_to_I10interchange,NB,0.29,0.57,17.7
2/10/2025 7:00,countryclubdrive_to_I10interchange,NB,0.5,0.77,13.3
2/10/2025 8:00,countryclubdrive_to_I10interchange,NB,0.44,0.72,13.8
2/10/2025 9:00,countryclubdrive_to_I10interchange,NB,0.38,0.65,15.8
2/10/2025 10:00,countryclubdrive_to_I10interchange,NB,0.39,0.67,15
2/10/2025 11:00,countryclubdrive_to_I10interchange,NB,0.67,0.95,11.6
2/10/2025 12:00,countryclubdrive_to_I10interchange,NB,0.59,0.86,11.6
2/10/2025 13:00,countryclubdrive_to_I10interchange,NB,0.53,0.81,12.2
2/10/2025 14:00,countryclubdrive_to_I10interchange,NB,0.53,0.81,12.4
2/10/2025 15:00,countryclubdrive_to_I10interchange,NB,0.55,0.82,12.2
2/10/2025 16:00,countryclubdrive_to_I10interchange,NB,0.45,0.72,13.9
2/10/2025 17:00,countryclubdrive_to_I10interchange,NB,0.38,0.66,14.9
2/10/2025 18:00,countryclubdrive_to_I10interchange,NB,0.46,0.73,14.6
2/10/2025 19:00,countryclubdrive_to_I10interchange,NB,0.53,0.81,14
2/10/2025 20:00,countryclubdrive_to_I10interchange,NB,0.33,0.61,17.5
2/10/2025 21:00,countryclubdrive_to_I10interchange,NB,0.21,0.48,22.1
2/10/2025 22:00,countryclubdrive_to_I10interchange,NB,0.08,0.35,27.9
2/10/2025 23:00,countryclubdrive_to_I10interchange,NB,0.05,0.32,30.9
2/11/2025 0:00,countryclubdrive_to_I10interchange,NB,0.03,0.31,31.8
2/11/2025 1:00,countryclubdrive_to_I10interchange,NB,0.07,0.34,28.4
2/11/2025 2:00,countryclubdrive_to_I10interchange,NB,0.01,0.25,38.7
2/11/2025 3:00,countryclubdrive_to_I10interchange,NB,0.03,0.28,35.3
2/11/2025 4:00,countryclubdrive_to_I10interchange,NB,0.09,0.35,29.4
2/11/2025 5:00,countryclubdrive_to_I10interchange,NB,0.07,0.34,29.1
2/11/2025 6:00,countryclubdrive_to_I10interchange,NB,0.31,0.58,17.4
2/11/2025 7:00,countryclubdrive_to_I10interchange,NB,0.49,0.76,13.4
2/11/2025 8:00,countryclubdrive_to_I10interchange,NB,0.45,0.73,13.9
2/11/2025 9:00,countryclubdrive_to_I10interchange,NB,0.47,0.74,13.6
2/11/2025 10:00,countryclubdrive_to_I10interchange,NB,0.42,0.7,14.3
2/11/2025 11:00,countryclubdrive_to_I10interchange,NB,0.49,0.76,13.5
2/11/2025 12:00,countryclubdrive_to_I10interchange,NB,0.49,0.76,12.9
2/11/2025 13:00,countryclubdrive_to_I10interchange,NB,0.53,0.81,12.3
2/11/2025 14:00,countryclubdrive_to_I10interchange,NB,0.44,0.72,14
2/11/2025 15:00,countryclubdrive_to_I10interchange,NB,0.6,0.88,11.3
2/11/2025 16:00,countryclubdrive_to_I10interchange,NB,0.49,0.76,13.2
2/11/2025 17:00,countryclubdrive_to_I10interchange,NB,0.37,0.65,15.5
2/11/2025 18:00,countryclubdrive_to_I10interchange,NB,0.28,0.55,18.3
2/11/2025 19:00,countryclubdrive_to_I10interchange,NB,0.26,0.54,19.3
2/11/2025 20:00,countryclubdrive_to_I10interchange,NB,0.31,0.59,18
2/11/2025 21:00,countryclubdrive_to_I10interchange,NB,0.27,0.55,18.8
2/11/2025 22:00,countryclubdrive_to_I10interchange,NB,0.1,0.38,26.1
2/11/2025 23:00,countryclubdrive_to_I10interchange,NB,0.08,0.35,28
2/12/2025 0:00,countryclubdrive_to_I10interchange,NB,0.06,0.32,30.5
2/12/2025 1:00,countryclubdrive_to_I10interchange,NB,0.02,0.28,35.2
2/12/2025 2:00,countryclubdrive_to_I10interchange,NB,0,0.26,37.7
2/12/2025 3:00,countryclubdrive_to_I10interchange,NB,0.05,0.32,30.6
2/12/2025 4:00,countryclubdrive_to_I10interchange,NB,0.04,0.3,33.2
2/12/2025 5:00,countryclubdrive_to_I10interchange,NB,0.1,0.37,27.4
2/12/2025 6:00,countryclubdrive_to_I10interchange,NB,0.25,0.53,19.3
2/12/2025 7:00,countryclubdrive_to_I10interchange,NB,0.46,0.74,14.7
2/12/2025 8:00,countryclubdrive_to_I10interchange,NB,0.51,0.79,13.1
2/12/2025 9:00,countryclubdrive_to_I10interchange,NB,0.55,0.83,12.7
2/12/2025 10:00,countryclubdrive_to_I10interchange,NB,0.45,0.72,14
2/12/2025 11:00,countryclubdrive_to_I10interchange,NB,0.62,0.89,11.4
2/12/2025 12:00,countryclubdrive_to_I10interchange,NB,0.72,0.99,10.1
2/12/2025 13:00,countryclubdrive_to_I10interchange,NB,0.57,0.84,11.9
2/12/2025 14:00,countryclubdrive_to_I10interchange,NB,0.5,0.77,13
2/12/2025 15:00,countryclubdrive_to_I10interchange,NB,0.58,0.86,11.4
2/12/2025 16:00,countryclubdrive_to_I10interchange,NB,0.57,0.85,11.8
2/12/2025 17:00,countryclubdrive_to_I10interchange,NB,0.49,0.76,12.9
2/12/2025 18:00,countryclubdrive_to_I10interchange,NB,0.37,0.64,16.3
2/12/2025 19:00,countryclubdrive_to_I10interchange,NB,0.27,0.54,19.2
2/12/2025 20:00,countryclubdrive_to_I10interchange,NB,0.24,0.52,19.6
2/12/2025 21:00,countryclubdrive_to_I10interchange,NB,0.27,0.55,18.7
2/12/2025 22:00,countryclubdrive_to_I10interchange,NB,0.18,0.45,22.8
2/12/2025 23:00,countryclubdrive_to_I10interchange,NB,0.05,0.33,30.1
2/13/2025 0:00,countryclubdrive_to_I10interchange,NB,0.04,0.31,32.2
2/13/2025 1:00,countryclubdrive_to_I10interchange,NB,0.04,0.3,33.4
2/13/2025 2:00,countryclubdrive_to_I10interchange,NB,0.01,0.26,38.2
2/13/2025 3:00,countryclubdrive_to_I10interchange,NB,0.02,0.27,36.5
2/13/2025 4:00,countryclubdrive_to_I10interchange,NB,0.01,0.26,36.9
2/13/2025 5:00,countryclubdrive_to_I10interchange,NB,0.15,0.42,25
2/13/2025 6:00,countryclubdrive_to_I10interchange,NB,0.24,0.52,19.9
2/13/2025 7:00,countryclubdrive_to_I10interchange,NB,0.45,0.73,14.6
2/13/2025 8:00,countryclubdrive_to_I10interchange,NB,0.54,0.82,12.6
2/13/2025 9:00,countryclubdrive_to_I10interchange,NB,0.49,0.77,13.1
2/13/2025 10:00,countryclubdrive_to_I10interchange,NB,0.4,0.68,14.9
2/13/2025 11:00,countryclubdrive_to_I10interchange,NB,0.38,0.66,15.2
2/13/2025 12:00,countryclubdrive_to_I10interchange,NB,0.48,0.76,13.7
2/13/2025 13:00,countryclubdrive_to_I10interchange,NB,0.49,0.77,13.4
2/13/2025 14:00,countryclubdrive_to_I10interchange,NB,0.51,0.79,12.6
2/13/2025 15:00,countryclubdrive_to_I10interchange,NB,0.51,0.78,12.7
2/13/2025 16:00,countryclubdrive_to_I10interchange,NB,0.47,0.75,13.3
2/13/2025 17:00,countryclubdrive_to_I10interchange,NB,0.55,0.83,12.4
2/13/2025 18:00,countryclubdrive_to_I10interchange,NB,0.3,0.57,17.5
2/13/2025 19:00,countryclubdrive_to_I10interchange,NB,0.42,0.7,14.5
2/13/2025 20:00,countryclubdrive_to_I10interchange,NB,0.2,0.47,22.4
2/13/2025 21:00,countryclubdrive_to_I10interchange,NB,0.39,0.67,16.4
2/13/2025 22:00,countryclubdrive_to_I10interchange,NB,0.22,0.49,20.9
2/13/2025 23:00,countryclubdrive_to_I10interchange,NB,0.2,0.48,21.2
2/14/2025 0:00,countryclubdrive_to_I10interchange,NB,0.05,0.33,29.6
2/14/2025 1:00,countryclubdrive_to_I10interchange,NB,0.03,0.3,32.5
2/14/2025 2:00,countryclubdrive_to_I10interchange,NB,0.01,0.25,40
2/14/2025 3:00,countryclubdrive_to_I10interchange,NB,0,0.24,41.1
2/14/2025 4:00,countryclubdrive_to_I10interchange,NB,0.07,0.32,32.8
2/14/2025 5:00,countryclubdrive_to_I10interchange,NB,0.12,0.39,25.2
2/14/2025 6:00,countryclubdrive_to_I10interchange,NB,0.27,0.55,18.4
2/14/2025 7:00,countryclubdrive_to_I10interchange,NB,0.45,0.73,13.5
2/14/2025 8:00,countryclubdrive_to_I10interchange,NB,0.6,0.87,12
2/14/2025 9:00,countryclubdrive_to_I10interchange,NB,0.44,0.71,14.6
2/14/2025 10:00,countryclubdrive_to_I10interchange,NB,0.53,0.81,12.5
2/14/2025 11:00,countryclubdrive_to_I10interchange,NB,0.61,0.89,11.6
2/14/2025 12:00,countryclubdrive_to_I10interchange,NB,0.58,0.85,11.7
2/14/2025 13:00,countryclubdrive_to_I10interchange,NB,0.66,0.94,10.9
2/14/2025 14:00,countryclubdrive_to_I10interchange,NB,0.48,0.75,13.4
2/14/2025 15:00,countryclubdrive_to_I10interchange,NB,0.7,0.98,10.2
2/14/2025 16:00,countryclubdrive_to_I10interchange,NB,0.49,0.76,13.4
2/14/2025 17:00,countryclubdrive_to_I10interchange,NB,0.49,0.76,13.2
2/14/2025 18:00,countryclubdrive_to_I10interchange,NB,0.39,0.66,15.5
2/14/2025 19:00,countryclubdrive_to_I10interchange,NB,0.37,0.65,15.6
2/14/2025 20:00,countryclubdrive_to_I10interchange,NB,0.25,0.52,19
2/14/2025 21:00,countryclubdrive_to_I10interchange,NB,0.33,0.61,16.2
2/14/2025 22:00,countryclubdrive_to_I10interchange,NB,0.32,0.6,17.5
2/14/2025 23:00,countryclubdrive_to_I10interchange,NB,0.32,0.59,17.8
2/15/2025 0:00,countryclubdrive_to_I10interchange,NB,0.23,0.5,20.9
2/15/2025 1:00,countryclubdrive_to_I10interchange,NB,0.05,0.32,30.5
2/15/2025 2:00,countryclubdrive_to_I10interchange,NB,0.02,0.3,32.9
2/15/2025 3:00,countryclubdrive_to_I10interchange,NB,0.13,0.4,26.3
2/15/2025 4:00,countryclubdrive_to_I10interchange,NB,0,0.25,39.6
2/15/2025 5:00,countryclubdrive_to_I10interchange,NB,0.04,0.3,33.1
2/15/2025 6:00,countryclubdrive_to_I10interchange,NB,0.13,0.4,25.3
2/15/2025 7:00,countryclubdrive_to_I10interchange,NB,0.19,0.47,21.3
2/15/2025 8:00,countryclubdrive_to_I10interchange,NB,0.3,0.58,17.6
2/15/2025 9:00,countryclubdrive_to_I10interchange,NB,0.45,0.72,14
2/15/2025 10:00,countryclubdrive_to_I10interchange,NB,0.49,0.76,13.2
2/15/2025 11:00,countryclubdrive_to_I10interchange,NB,0.56,0.83,12.3
2/15/2025 12:00,countryclubdrive_to_I10interchange,NB,0.42,0.7,14.6
2/15/2025 13:00,countryclubdrive_to_I10interchange,NB,0.47,0.75,13.1
2/15/2025 14:00,countryclubdrive_to_I10interchange,NB,0.53,0.8,12.7
2/15/2025 15:00,countryclubdrive_to_I10interchange,NB,0.52,0.79,12.6
2/15/2025 16:00,countryclubdrive_to_I10interchange,NB,0.46,0.74,13.8
2/15/2025 17:00,countryclubdrive_to_I10interchange,NB,0.58,0.86,11.5
2/15/2025 18:00,countryclubdrive_to_I10interchange,NB,0.42,0.69,14.8
2/15/2025 19:00,countryclubdrive_to_I10interchange,NB,0.33,0.61,18.4
2/15/2025 20:00,countryclubdrive_to_I10interchange,NB,0.5,0.77,14
2/15/2025 21:00,countryclubdrive_to_I10interchange,NB,0.29,0.57,17.4
2/15/2025 22:00,countryclubdrive_to_I10interchange,NB,0.18,0.46,22.1
2/15/2025 23:00,countryclubdrive_to_I10interchange,NB,0.21,0.49,21.7
2/16/2025 0:00,countryclubdrive_to_I10interchange,NB,0.09,0.36,27.3
2/16/2025 1:00,countryclubdrive_to_I10interchange,NB,0.05,0.32,30.2
2/16/2025 2:00,countryclubdrive_to_I10interchange,NB,0.09,0.36,27.8
2/16/2025 3:00,countryclubdrive_to_I10interchange,NB,0.11,0.36,29.1
2/16/2025 4:00,countryclubdrive_to_I10interchange,NB,0.06,0.33,30.1
2/16/2025 5:00,countryclubdrive_to_I10interchange,NB,0.02,0.28,35.3
2/16/2025 6:00,countryclubdrive_to_I10interchange,NB,0.13,0.4,27.3
2/16/2025 7:00,countryclubdrive_to_I10interchange,NB,0.16,0.43,22.8
2/16/2025 8:00,countryclubdrive_to_I10interchange,NB,0.36,0.64,16.2
2/16/2025 9:00,countryclubdrive_to_I10interchange,NB,0.35,0.63,16.7
2/16/2025 10:00,countryclubdrive_to_I10interchange,NB,0.51,0.78,13.2
2/16/2025 11:00,countryclubdrive_to_I10interchange,NB,0.46,0.74,13.5
2/16/2025 12:00,countryclubdrive_to_I10interchange,NB,0.37,0.65,15.4
2/16/2025 13:00,countryclubdrive_to_I10interchange,NB,0.43,0.7,14.2
2/16/2025 14:00,countryclubdrive_to_I10interchange,NB,0.48,0.76,13.3
2/16/2025 15:00,countryclubdrive_to_I10interchange,NB,0.36,0.64,15.9
2/16/2025 16:00,countryclubdrive_to_I10interchange,NB,0.33,0.61,16.4
2/16/2025 17:00,countryclubdrive_to_I10interchange,NB,0.32,0.6,17.6
2/16/2025 18:00,countryclubdrive_to_I10interchange,NB,0.3,0.57,18.5
2/16/2025 19:00,countryclubdrive_to_I10interchange,NB,0.37,0.64,16.4
2/16/2025 20:00,countryclubdrive_to_I10interchange,NB,0.48,0.76,13.8
2/16/2025 21:00,countryclubdrive_to_I10interchange,NB,0.2,0.47,21.8
2/16/2025 22:00,countryclubdrive_to_I10interchange,NB,0.19,0.46,21.8
2/16/2025 23:00,countryclubdrive_to_I10interchange,NB,0.21,0.49,21.2
2/17/2025 0:00,countryclubdrive_to_I10interchange,NB,0.04,0.31,31.9
2/17/2025 1:00,countryclubdrive_to_I10interchange,NB,0.01,0.26,38
2/17/2025 2:00,countryclubdrive_to_I10interchange,NB,0.02,0.28,35.9
2/17/2025 3:00,countryclubdrive_to_I10interchange,NB,0.02,0.27,37.4
2/17/2025 4:00,countryclubdrive_to_I10interchange,NB,0.08,0.35,28.4
2/17/2025 5:00,countryclubdrive_to_I10interchange,NB,0.09,0.37,27.1
2/17/2025 6:00,countryclubdrive_to_I10interchange,NB,0.29,0.56,19.6
2/17/2025 7:00,countryclubdrive_to_I10interchange,NB,0.32,0.59,17.9
2/17/2025 8:00,countryclubdrive_to_I10interchange,NB,0.38,0.66,15
2/17/2025 9:00,countryclubdrive_to_I10interchange,NB,0.53,0.81,12.8
2/17/2025 10:00,countryclubdrive_to_I10interchange,NB,0.55,0.82,12.5
2/17/2025 11:00,countryclubdrive_to_I10interchange,NB,0.52,0.8,12.8
2/17/2025 12:00,countryclubdrive_to_I10interchange,NB,0.5,0.78,12.9
2/17/2025 13:00,countryclubdrive_to_I10interchange,NB,0.52,0.8,12.9
2/17/2025 14:00,countryclubdrive_to_I10interchange,NB,0.43,0.71,14.6
2/17/2025 15:00,countryclubdrive_to_I10interchange,NB,0.52,0.79,12.7
2/17/2025 16:00,countryclubdrive_to_I10interchange,NB,0.36,0.64,15.9
2/17/2025 17:00,countryclubdrive_to_I10interchange,NB,0.32,0.6,16.6
2/17/2025 18:00,countryclubdrive_to_I10interchange,NB,0.38,0.65,16.7
2/17/2025 19:00,countryclubdrive_to_I10interchange,NB,0.29,0.56,19.7
2/17/2025 20:00,countryclubdrive_to_I10interchange,NB,0.24,0.51,20.4
2/17/2025 21:00,countryclubdrive_to_I10interchange,NB,0.22,0.49,20.8
2/17/2025 22:00,countryclubdrive_to_I10interchange,NB,0.22,0.5,20.5
2/17/2025 23:00,countryclubdrive_to_I10interchange,NB,0.12,0.39,25.7
2/18/2025 0:00,countryclubdrive_to_I10interchange,NB,0.11,0.39,26.8
2/18/2025 1:00,countryclubdrive_to_I10interchange,NB,0.06,0.33,29.4
2/18/2025 2:00,countryclubdrive_to_I10interchange,NB,0.04,0.3,34.2
2/18/2025 3:00,countryclubdrive_to_I10interchange,NB,0.01,0.25,39.8
2/18/2025 4:00,countryclubdrive_to_I10interchange,NB,0.09,0.35,29.7
2/18/2025 5:00,countryclubdrive_to_I10interchange,NB,0.11,0.39,25.7
2/18/2025 6:00,countryclubdrive_to_I10interchange,NB,0.38,0.65,15.7
2/18/2025 7:00,countryclubdrive_to_I10interchange,NB,0.45,0.72,13.6
2/18/2025 8:00,countryclubdrive_to_I10interchange,NB,0.6,0.87,12.6
2/18/2025 9:00,countryclubdrive_to_I10interchange,NB,0.48,0.75,14.1
2/18/2025 10:00,countryclubdrive_to_I10interchange,NB,0.52,0.8,12.7
2/18/2025 11:00,countryclubdrive_to_I10interchange,NB,0.57,0.85,11.9
2/18/2025 12:00,countryclubdrive_to_I10interchange,NB,0.51,0.78,12.8
2/18/2025 13:00,countryclubdrive_to_I10interchange,NB,0.6,0.87,11.6
2/18/2025 14:00,countryclubdrive_to_I10interchange,NB,0.49,0.77,13.1
2/18/2025 15:00,countryclubdrive_to_I10interchange,NB,0.59,0.86,11.6
2/18/2025 16:00,countryclubdrive_to_I10interchange,NB,0.5,0.78,13
2/18/2025 17:00,countryclubdrive_to_I10interchange,NB,0.51,0.78,13.1
2/18/2025 18:00,countryclubdrive_to_I10interchange,NB,0.32,0.6,16.9
2/18/2025 19:00,countryclubdrive_to_I10interchange,NB,0.38,0.65,16.7
2/18/2025 20:00,countryclubdrive_to_I10interchange,NB,0.24,0.51,19.8
2/18/2025 21:00,countryclubdrive_to_I10interchange,NB,0.28,0.55,18.5
2/18/2025 22:00,countryclubdrive_to_I10interchange,NB,0.08,0.36,27.4
2/18/2025 23:00,countryclubdrive_to_I10interchange,NB,0.12,0.4,25.6
2/19/2025 0:00,countryclubdrive_to_I10interchange,NB,0.07,0.35,28.2
2/19/2025 1:00,countryclubdrive_to_I10interchange,NB,0.09,0.36,27.3
2/19/2025 2:00,countryclubdrive_to_I10interchange,NB,0,0.23,42.9
2/19/2025 3:00,countryclubdrive_to_I10interchange,NB,0,0.24,39.8
2/19/2025 4:00,countryclubdrive_to_I10interchange,NB,0.07,0.34,30.5
2/19/2025 5:00,countryclubdrive_to_I10interchange,NB,0.15,0.43,23.7
2/19/2025 6:00,countryclubdrive_to_I10interchange,NB,0.3,0.58,17.2
2/19/2025 7:00,countryclubdrive_to_I10interchange,NB,0.43,0.71,14.4
2/19/2025 8:00,countryclubdrive_to_I10interchange,NB,0.65,0.93,11.1
2/19/2025 9:00,countryclubdrive_to_I10interchange,NB,0.5,0.77,13.8
2/19/2025 10:00,countryclubdrive_to_I10interchange,NB,0.47,0.75,14
2/19/2025 11:00,countryclubdrive_to_I10interchange,NB,0.61,0.88,11.5
2/19/2025 12:00,countryclubdrive_to_I10interchange,NB,0.57,0.85,11.8
2/19/2025 13:00,countryclubdrive_to_I10interchange,NB,0.53,0.81,12.3
2/19/2025 14:00,countryclubdrive_to_I10interchange,NB,0.52,0.8,12.3
2/19/2025 15:00,countryclubdrive_to_I10interchange,NB,0.58,0.86,12
2/19/2025 16:00,countryclubdrive_to_I10interchange,NB,0.5,0.77,13.2
2/19/2025 17:00,countryclubdrive_to_I10interchange,NB,0.48,0.76,13.3
2/19/2025 18:00,countryclubdrive_to_I10interchange,NB,0.47,0.74,14.3
2/19/2025 19:00,countryclubdrive_to_I10interchange,NB,0.34,0.61,16.8
2/19/2025 20:00,countryclubdrive_to_I10interchange,NB,0.2,0.48,20.8
2/19/2025 21:00,countryclubdrive_to_I10interchange,NB,0.2,0.47,21.6
2/19/2025 22:00,countryclubdrive_to_I10interchange,NB,0.21,0.49,20.6
2/19/2025 23:00,countryclubdrive_to_I10interchange,NB,0.19,0.46,22.3
2/20/2025 0:00,countryclubdrive_to_I10interchange,NB,0.07,0.34,28.7
2/20/2025 1:00,countryclubdrive_to_I10interchange,NB,0.03,0.29,35
2/20/2025 2:00,countryclubdrive_to_I10interchange,NB,0.01,0.26,38.5
2/20/2025 3:00,countryclubdrive_to_I10interchange,NB,0.03,0.29,34.9
2/20/2025 4:00,countryclubdrive_to_I10interchange,NB,0.06,0.33,31.3
2/20/2025 5:00,countryclubdrive_to_I10interchange,NB,0.08,0.35,28.6
2/20/2025 6:00,countryclubdrive_to_I10interchange,NB,0.33,0.6,17.8
2/20/2025 7:00,countryclubdrive_to_I10interchange,NB,0.42,0.7,15.7
2/20/2025 8:00,countryclubdrive_to_I10interchange,NB,0.6,0.88,11.6
2/20/2025 9:00,countryclubdrive_to_I10interchange,NB,0.52,0.8,12.9
2/20/2025 10:00,countryclubdrive_to_I10interchange,NB,0.46,0.73,13.7
2/20/2025 11:00,countryclubdrive_to_I10interchange,NB,0.53,0.81,12.6
2/20/2025 12:00,countryclubdrive_to_I10interchange,NB,0.56,0.84,12
2/20/2025 13:00,countryclubdrive_to_I10interchange,NB,0.54,0.81,12.5
2/20/2025 14:00,countryclubdrive_to_I10interchange,NB,0.52,0.8,12.6
2/20/2025 15:00,countryclubdrive_to_I10interchange,NB,0.56,0.84,11.9
2/20/2025 16:00,countryclubdrive_to_I10interchange,NB,0.51,0.79,12.6
2/20/2025 17:00,countryclubdrive_to_I10interchange,NB,0.51,0.79,13.3
2/20/2025 18:00,countryclubdrive_to_I10interchange,NB,0.3,0.57,17.5
2/20/2025 19:00,countryclubdrive_to_I10interchange,NB,0.25,0.53,19.6
2/20/2025 20:00,countryclubdrive_to_I10interchange,NB,0.34,0.62,16
2/20/2025 21:00,countryclubdrive_to_I10interchange,NB,0.36,0.63,17
2/20/2025 22:00,countryclubdrive_to_I10interchange,NB,0.23,0.51,20
2/20/2025 23:00,countryclubdrive_to_I10interchange,NB,0.12,0.39,25.5
2/21/2025 0:00,countryclubdrive_to_I10interchange,NB,0.07,0.34,29.7
2/21/2025 1:00,countryclubdrive_to_I10interchange,NB,0,0.24,41.2
2/21/2025 2:00,countryclubdrive_to_I10interchange,NB,0.03,0.3,32.9
2/21/2025 3:00,countryclubdrive_to_I10interchange,NB,0.04,0.32,31.4
2/21/2025 4:00,countryclubdrive_to_I10interchange,NB,0.02,0.29,34.2
2/21/2025 5:00,countryclubdrive_to_I10interchange,NB,0.14,0.41,25.5
2/21/2025 6:00,countryclubdrive_to_I10interchange,NB,0.33,0.61,16.6
2/21/2025 7:00,countryclubdrive_to_I10interchange,NB,0.5,0.77,13.2
2/21/2025 8:00,countryclubdrive_to_I10interchange,NB,0.53,0.81,12.8
2/21/2025 9:00,countryclubdrive_to_I10interchange,NB,0.47,0.74,14.1
2/21/2025 10:00,countryclubdrive_to_I10interchange,NB,0.56,0.84,12
2/21/2025 11:00,countryclubdrive_to_I10interchange,NB,0.55,0.82,12
2/21/2025 12:00,countryclubdrive_to_I10interchange,NB,0.67,0.95,11.2
2/21/2025 13:00,countryclubdrive_to_I10interchange,NB,0.54,0.82,12.2
2/21/2025 14:00,countryclubdrive_to_I10interchange,NB,0.57,0.85,11.9
2/21/2025 15:00,countryclubdrive_to_I10interchange,NB,0.62,0.89,11
2/21/2025 16:00,countryclubdrive_to_I10interchange,NB,0.57,0.84,11.8
2/21/2025 17:00,countryclubdrive_to_I10interchange,NB,0.45,0.73,14.1
2/21/2025 18:00,countryclubdrive_to_I10interchange,NB,0.42,0.7,14.7
2/21/2025 19:00,countryclubdrive_to_I10interchange,NB,0.32,0.59,17.1
2/21/2025 20:00,countryclubdrive_to_I10interchange,NB,0.38,0.65,15.5
2/21/2025 21:00,countryclubdrive_to_I10interchange,NB,0.24,0.52,20.3
2/21/2025 22:00,countryclubdrive_to_I10interchange,NB,0.17,0.44,22.6
2/21/2025 23:00,countryclubdrive_to_I10interchange,NB,0.14,0.41,24.4
2/22/2025 0:00,countryclubdrive_to_I10interchange,NB,0.14,0.41,23.9
2/22/2025 1:00,countryclubdrive_to_I10interchange,NB,0.03,0.3,32.8
2/22/2025 2:00,countryclubdrive_to_I10interchange,NB,0.05,0.32,30.7
2/22/2025 3:00,countryclubdrive_to_I10interchange,NB,0.02,0.28,35.8
2/22/2025 4:00,countryclubdrive_to_I10interchange,NB,0.03,0.29,33.6
2/22/2025 5:00,countryclubdrive_to_I10interchange,NB,0.16,0.43,23.9
2/22/2025 6:00,countryclubdrive_to_I10interchange,NB,0.29,0.57,18.2
2/22/2025 7:00,countryclubdrive_to_I10interchange,NB,0.34,0.61,17.2
2/22/2025 8:00,countryclubdrive_to_I10interchange,NB,0.37,0.65,15.5
2/22/2025 9:00,countryclubdrive_to_I10interchange,NB,0.37,0.65,15.7
2/22/2025 10:00,countryclubdrive_to_I10interchange,NB,0.52,0.8,12.7
2/22/2025 11:00,countryclubdrive_to_I10interchange,NB,0.64,0.92,11.2
2/22/2025 12:00,countryclubdrive_to_I10interchange,NB,0.67,0.94,11.1
2/22/2025 13:00,countryclubdrive_to_I10interchange,NB,0.49,0.77,13.4
2/22/2025 14:00,countryclubdrive_to_I10interchange,NB,0.47,0.75,13.7
2/22/2025 15:00,countryclubdrive_to_I10interchange,NB,0.52,0.79,12.6
2/22/2025 16:00,countryclubdrive_to_I10interchange,NB,0.46,0.74,13.9
2/22/2025 17:00,countryclubdrive_to_I10interchange,NB,0.44,0.72,13.9
2/22/2025 18:00,countryclubdrive_to_I10interchange,NB,0.4,0.68,16.5
2/22/2025 19:00,countryclubdrive_to_I10interchange,NB,0.34,0.62,17
2/22/2025 20:00,countryclubdrive_to_I10interchange,NB,0.3,0.57,18.2
2/22/2025 21:00,countryclubdrive_to_I10interchange,NB,0.37,0.64,17.2
2/22/2025 22:00,countryclubdrive_to_I10interchange,NB,0.23,0.5,20.7
2/22/2025 23:00,countryclubdrive_to_I10interchange,NB,0.18,0.45,22.1
2/23/2025 0:00,countryclubdrive_to_I10interchange,NB,0.11,0.38,26.2
2/23/2025 1:00,countryclubdrive_to_I10interchange,NB,0.04,0.31,31.6
2/23/2025 2:00,countryclubdrive_to_I10interchange,NB,0.07,0.34,28.9
2/23/2025 3:00,countryclubdrive_to_I10interchange,NB,0.04,0.32,30.7
2/23/2025 4:00,countryclubdrive_to_I10interchange,NB,0.08,0.35,29
2/23/2025 5:00,countryclubdrive_to_I10interchange,NB,0.05,0.32,30.4
2/23/2025 6:00,countryclubdrive_to_I10interchange,NB,0.12,0.39,25.2
2/23/2025 7:00,countryclubdrive_to_I10interchange,NB,0.2,0.47,21.4
2/23/2025 8:00,countryclubdrive_to_I10interchange,NB,0.21,0.49,21.1
2/23/2025 9:00,countryclubdrive_to_I10interchange,NB,0.32,0.6,17.4
2/23/2025 10:00,countryclubdrive_to_I10interchange,NB,0.35,0.63,16.4
2/23/2025 11:00,countryclubdrive_to_I10interchange,NB,0.53,0.81,12.7
2/23/2025 12:00,countryclubdrive_to_I10interchange,NB,0.47,0.75,14.1
2/23/2025 13:00,countryclubdrive_to_I10interchange,NB,0.39,0.66,15.5
2/23/2025 14:00,countryclubdrive_to_I10interchange,NB,0.48,0.76,13.4
2/23/2025 15:00,countryclubdrive_to_I10interchange,NB,0.35,0.63,16.2
2/23/2025 16:00,countryclubdrive_to_I10interchange,NB,0.36,0.63,16
2/23/2025 17:00,countryclubdrive_to_I10interchange,NB,0.25,0.52,20.5
2/23/2025 18:00,countryclubdrive_to_I10interchange,NB,0.36,0.64,16.8
2/23/2025 19:00,countryclubdrive_to_I10interchange,NB,0.23,0.51,20.2
2/23/2025 20:00,countryclubdrive_to_I10interchange,NB,0.34,0.62,16.2
2/23/2025 21:00,countryclubdrive_to_I10interchange,NB,0.16,0.44,22.4
2/23/2025 22:00,countryclubdrive_to_I10interchange,NB,0.1,0.38,26
2/23/2025 23:00,countryclubdrive_to_I10interchange,NB,0.09,0.36,26.9
2/24/2025 0:00,countryclubdrive_to_I10interchange,NB,0.08,0.36,27.9
2/24/2025 1:00,countryclubdrive_to_I10interchange,NB,0.01,0.25,40.1
2/24/2025 2:00,countryclubdrive_to_I10interchange,NB,0.03,0.28,35
2/24/2025 3:00,countryclubdrive_to_I10interchange,NB,0.01,0.27,36.9
2/24/2025 4:00,countryclubdrive_to_I10interchange,NB,0.07,0.33,31.6
2/24/2025 5:00,countryclubdrive_to_I10interchange,NB,0.12,0.39,25.9
2/24/2025 6:00,countryclubdrive_to_I10interchange,NB,0.24,0.52,20
2/24/2025 7:00,countryclubdrive_to_I10interchange,NB,0.47,0.75,13.8
2/24/2025 8:00,countryclubdrive_to_I10interchange,NB,0.47,0.74,13.6
2/24/2025 9:00,countryclubdrive_to_I10interchange,NB,0.51,0.78,13.3
2/24/2025 10:00,countryclubdrive_to_I10interchange,NB,0.53,0.81,13
2/24/2025 11:00,countryclubdrive_to_I10interchange,NB,0.51,0.78,12.7
2/24/2025 12:00,countryclubdrive_to_I10interchange,NB,0.59,0.87,11.8
2/24/2025 13:00,countryclubdrive_to_I10interchange,NB,0.49,0.77,13
2/24/2025 14:00,countryclubdrive_to_I10interchange,NB,0.56,0.83,12.5
2/24/2025 15:00,countryclubdrive_to_I10interchange,NB,0.48,0.76,12.9
2/24/2025 16:00,countryclubdrive_to_I10interchange,NB,0.51,0.79,13
2/24/2025 17:00,countryclubdrive_to_I10interchange,NB,0.42,0.69,14.4
2/24/2025 18:00,countryclubdrive_to_I10interchange,NB,0.27,0.54,18.6
2/24/2025 19:00,countryclubdrive_to_I10interchange,NB,0.36,0.64,16.6
2/24/2025 20:00,countryclubdrive_to_I10interchange,NB,0.25,0.53,20.1
2/24/2025 21:00,countryclubdrive_to_I10interchange,NB,0.18,0.45,21.9
2/24/2025 22:00,countryclubdrive_to_I10interchange,NB,0.17,0.45,23.1
2/24/2025 23:00,countryclubdrive_to_I10interchange,NB,0.12,0.39,26.2
2/25/2025 0:00,countryclubdrive_to_I10interchange,NB,0.03,0.31,31.6
2/25/2025 1:00,countryclubdrive_to_I10interchange,NB,0.04,0.3,32.3
2/25/2025 2:00,countryclubdrive_to_I10interchange,NB,0.06,0.32,31
2/25/2025 3:00,countryclubdrive_to_I10interchange,NB,0.13,0.39,27.5
2/25/2025 4:00,countryclubdrive_to_I10interchange,NB,0.05,0.31,32.3
2/25/2025 5:00,countryclubdrive_to_I10interchange,NB,0.11,0.38,26
2/25/2025 6:00,countryclubdrive_to_I10interchange,NB,0.4,0.67,15.6
2/25/2025 7:00,countryclubdrive_to_I10interchange,NB,0.46,0.73,14.6
2/25/2025 8:00,countryclubdrive_to_I10interchange,NB,0.6,0.87,11.8
2/25/2025 9:00,countryclubdrive_to_I10interchange,NB,0.48,0.75,13.7
2/25/2025 10:00,countryclubdrive_to_I10interchange,NB,0.47,0.75,13.5
2/25/2025 11:00,countryclubdrive_to_I10interchange,NB,0.47,0.75,13.8
2/25/2025 12:00,countryclubdrive_to_I10interchange,NB,0.59,0.86,11.6
2/25/2025 13:00,countryclubdrive_to_I10interchange,NB,0.52,0.8,12.4
2/25/2025 14:00,countryclubdrive_to_I10interchange,NB,0.54,0.81,12.3
2/25/2025 15:00,countryclubdrive_to_I10interchange,NB,0.6,0.88,11.4
2/25/2025 16:00,countryclubdrive_to_I10interchange,NB,0.55,0.82,11.9
2/25/2025 17:00,countryclubdrive_to_I10interchange,NB,0.47,0.75,13.5
2/25/2025 18:00,countryclubdrive_to_I10interchange,NB,0.36,0.64,16.1
2/25/2025 19:00,countryclubdrive_to_I10interchange,NB,0.23,0.5,21.1
2/25/2025 20:00,countryclubdrive_to_I10interchange,NB,0.22,0.5,20.2
2/25/2025 21:00,countryclubdrive_to_I10interchange,NB,0.24,0.51,20.9
2/25/2025 22:00,countryclubdrive_to_I10interchange,NB,0.17,0.44,26.3
2/25/2025 23:00,countryclubdrive_to_I10interchange,NB,0.16,0.43,24.6
2/26/2025 0:00,countryclubdrive_to_I10interchange,NB,0.04,0.3,33.2
2/26/2025 1:00,countryclubdrive_to_I10interchange,NB,0.04,0.3,33.3
2/26/2025 2:00,countryclubdrive_to_I10interchange,NB,0.06,0.3,34.5
2/26/2025 3:00,countryclubdrive_to_I10interchange,NB,0.01,0.26,37.6
2/26/2025 4:00,countryclubdrive_to_I10interchange,NB,0.07,0.34,30.6
2/26/2025 5:00,countryclubdrive_to_I10interchange,NB,0.07,0.34,28.9
2/26/2025 6:00,countryclubdrive_to_I10interchange,NB,0.4,0.68,14.7
2/26/2025 7:00,countryclubdrive_to_I10interchange,NB,0.49,0.76,13.9
2/26/2025 8:00,countryclubdrive_to_I10interchange,NB,0.51,0.79,12.7
2/26/2025 9:00,countryclubdrive_to_I10interchange,NB,0.4,0.68,14.6
2/26/2025 10:00,countryclubdrive_to_I10interchange,NB,0.5,0.78,13.4
2/26/2025 11:00,countryclubdrive_to_I10interchange,NB,0.5,0.78,13.2
2/26/2025 12:00,countryclubdrive_to_I10interchange,NB,0.63,0.91,11.3
2/26/2025 13:00,countryclubdrive_to_I10interchange,NB,0.6,0.88,11.3
2/26/2025 14:00,countryclubdrive_to_I10interchange,NB,0.49,0.77,13.1
2/26/2025 15:00,countryclubdrive_to_I10interchange,NB,0.6,0.87,11.8
2/26/2025 16:00,countryclubdrive_to_I10interchange,NB,0.58,0.86,11.6
2/26/2025 17:00,countryclubdrive_to_I10interchange,NB,0.49,0.76,12.9
2/26/2025 18:00,countryclubdrive_to_I10interchange,NB,0.32,0.6,17.6
2/26/2025 19:00,countryclubdrive_to_I10interchange,NB,0.42,0.7,14.8
2/26/2025 20:00,countryclubdrive_to_I10interchange,NB,0.36,0.63,16.3
2/26/2025 21:00,countryclubdrive_to_I10interchange,NB,0.23,0.51,20.2
2/26/2025 22:00,countryclubdrive_to_I10interchange,NB,0.21,0.48,20.8
2/26/2025 23:00,countryclubdrive_to_I10interchange,NB,0.08,0.35,27.7
2/27/2025 0:00,countryclubdrive_to_I10interchange,NB,0.07,0.35,28.2
2/27/2025 1:00,countryclubdrive_to_I10interchange,NB,0.02,0.27,36
2/27/2025 2:00,countryclubdrive_to_I10interchange,NB,0.04,0.29,35.4
2/27/2025 3:00,countryclubdrive_to_I10interchange,NB,0.07,0.34,29.1
2/27/2025 4:00,countryclubdrive_to_I10interchange,NB,0.11,0.38,26.7
2/27/2025 5:00,countryclubdrive_to_I10interchange,NB,0.23,0.51,20.4
2/27/2025 6:00,countryclubdrive_to_I10interchange,NB,0.38,0.65,16.1
2/27/2025 7:00,countryclubdrive_to_I10interchange,NB,0.54,0.81,12.3
2/27/2025 8:00,countryclubdrive_to_I10interchange,NB,0.58,0.85,11.8
2/27/2025 9:00,countryclubdrive_to_I10interchange,NB,0.47,0.75,14
2/27/2025 10:00,countryclubdrive_to_I10interchange,NB,0.56,0.84,12.5
2/27/2025 11:00,countryclubdrive_to_I10interchange,NB,0.58,0.86,11.6
2/27/2025 12:00,countryclubdrive_to_I10interchange,NB,0.62,0.89,11.4
2/27/2025 13:00,countryclubdrive_to_I10interchange,NB,0.57,0.84,11.8
2/27/2025 14:00,countryclubdrive_to_I10interchange,NB,0.51,0.79,12.7
2/27/2025 15:00,countryclubdrive_to_I10interchange,NB,0.54,0.82,12.3
2/27/2025 16:00,countryclubdrive_to_I10interchange,NB,0.63,0.91,11
2/27/2025 17:00,countryclubdrive_to_I10interchange,NB,0.48,0.76,13.1
2/27/2025 18:00,countryclubdrive_to_I10interchange,NB,0.37,0.65,15.4
2/27/2025 19:00,countryclubdrive_to_I10interchange,NB,0.29,0.57,18.3
2/27/2025 20:00,countryclubdrive_to_I10interchange,NB,0.38,0.66,15.4
2/27/2025 21:00,countryclubdrive_to_I10interchange,NB,0.16,0.43,23
2/27/2025 22:00,countryclubdrive_to_I10interchange,NB,0.15,0.42,23.7
2/27/2025 23:00,countryclubdrive_to_I10interchange,NB,0.12,0.4,25
2/28/2025 0:00,countryclubdrive_to_I10interchange,NB,0.05,0.32,30.4
2/28/2025 1:00,countryclubdrive_to_I10interchange,NB,0.09,0.36,28.8
2/28/2025 2:00,countryclubdrive_to_I10interchange,NB,0.04,0.3,33.1
2/28/2025 3:00,countryclubdrive_to_I10interchange,NB,0.03,0.29,34.2
2/28/2025 4:00,countryclubdrive_to_I10interchange,NB,0.04,0.31,31.9
2/28/2025 5:00,countryclubdrive_to_I10interchange,NB,0.19,0.47,23.2
2/28/2025 6:00,countryclubdrive_to_I10interchange,NB,0.39,0.67,15.5
2/28/2025 7:00,countryclubdrive_to_I10interchange,NB,0.37,0.65,15.7
2/28/2025 8:00,countryclubdrive_to_I10interchange,NB,0.56,0.83,12.3
2/28/2025 9:00,countryclubdrive_to_I10interchange,NB,0.52,0.79,12.5
2/28/2025 10:00,countryclubdrive_to_I10interchange,NB,0.51,0.78,12.7
2/28/2025 11:00,countryclubdrive_to_I10interchange,NB,0.54,0.82,12.6
2/28/2025 12:00,countryclubdrive_to_I10interchange,NB,0.61,0.89,11.1
2/28/2025 13:00,countryclubdrive_to_I10interchange,NB,0.74,1.02,9.8
2/28/2025 14:00,countryclubdrive_to_I10interchange,NB,0.48,0.76,13.2
2/28/2025 15:00,countryclubdrive_to_I10interchange,NB,0.66,0.94,10.8
2/28/2025 16:00,countryclubdrive_to_I10interchange,NB,0.56,0.83,12
2/28/2025 17:00,countryclubdrive_to_I10interchange,NB,0.52,0.79,12.6
2/28/2025 18:00,countryclubdrive_to_I10interchange,NB,0.34,0.62,16.3
2/28/2025 19:00,countryclubdrive_to_I10interchange,NB,0.25,0.53,19.8
2/28/2025 20:00,countryclubdrive_to_I10interchange,NB,0.32,0.6,17.6
2/28/2025 21:00,countryclubdrive_to_I10interchange,NB,0.28,0.55,18.3
2/28/2025 22:00,countryclubdrive_to_I10interchange,NB,0.22,0.49,21.7
2/28/2025 23:00,countryclubdrive_to_I10interchange,NB,0.18,0.46,22.5
3/1/2025 0:00,countryclubdrive_to_I10interchange,NB,0.13,0.41,24.6
3/1/2025 1:00,countryclubdrive_to_I10interchange,NB,0.04,0.31,31.8
3/1/2025 2:00,countryclubdrive_to_I10interchange,NB,0.14,0.4,26.6
3/1/2025 3:00,countryclubdrive_to_I10interchange,NB,0.01,0.25,40.3
3/1/2025 4:00,countryclubdrive_to_I10interchange,NB,0.14,0.41,24.1
3/1/2025 5:00,countryclubdrive_to_I10interchange,NB,0.09,0.36,27.6
3/1/2025 6:00,countryclubdrive_to_I10interchange,NB,0.21,0.49,20.6
3/1/2025 7:00,countryclubdrive_to_I10interchange,NB,0.24,0.51,20.1
3/1/2025 8:00,countryclubdrive_to_I10interchange,NB,0.37,0.64,16.6
3/1/2025 9:00,countryclubdrive_to_I10interchange,NB,0.35,0.63,15.9
3/1/2025 10:00,countryclubdrive_to_I10interchange,NB,0.46,0.74,13.9
3/1/2025 11:00,countryclubdrive_to_I10interchange,NB,0.49,0.77,13.4
3/1/2025 12:00,countryclubdrive_to_I10interchange,NB,0.48,0.75,13.3
3/1/2025 13:00,countryclubdrive_to_I10interchange,NB,0.45,0.73,13.8
3/1/2025 14:00,countryclubdrive_to_I10interchange,NB,0.47,0.75,13.8
3/1/2025 15:00,countryclubdrive_to_I10interchange,NB,0.45,0.73,14
3/1/2025 16:00,countryclubdrive_to_I10interchange,NB,0.43,0.71,14.3
3/1/2025 17:00,countryclubdrive_to_I10interchange,NB,0.36,0.64,16.1
3/1/2025 18:00,countryclubdrive_to_I10interchange,NB,0.28,0.56,18.9
3/1/2025 19:00,countryclubdrive_to_I10interchange,NB,0.28,0.56,18.4
3/1/2025 20:00,countryclubdrive_to_I10interchange,NB,0.2,0.48,20.7
3/1/2025 21:00,countryclubdrive_to_I10interchange,NB,0.27,0.55,18.6
3/1/2025 22:00,countryclubdrive_to_I10interchange,NB,0.26,0.54,19.6
3/1/2025 23:00,countryclubdrive_to_I10interchange,NB,0.16,0.44,23
3/2/2025 0:00,countryclubdrive_to_I10interchange,NB,0.05,0.33,30.2
3/2/2025 1:00,countryclubdrive_to_I10interchange,NB,0.04,0.3,32.8
3/2/2025 2:00,countryclubdrive_to_I10interchange,NB,0.08,0.35,28
3/2/2025 3:00,countryclubdrive_to_I10interchange,NB,0.06,0.33,30.1
3/2/2025 4:00,countryclubdrive_to_I10interchange,NB,0.03,0.3,33.3
3/2/2025 5:00,countryclubdrive_to_I10interchange,NB,0.03,0.29,34.2
3/2/2025 6:00,countryclubdrive_to_I10interchange,NB,0.11,0.39,25.5
3/2/2025 7:00,countryclubdrive_to_I10interchange,NB,0.26,0.53,19
3/2/2025 8:00,countryclubdrive_to_I10interchange,NB,0.36,0.64,16.4
3/2/2025 9:00,countryclubdrive_to_I10interchange,NB,0.42,0.69,15.1
3/2/2025 10:00,countryclubdrive_to_I10interchange,NB,0.45,0.72,13.7
3/2/2025 11:00,countryclubdrive_to_I10interchange,NB,0.48,0.76,13.1
3/2/2025 12:00,countryclubdrive_to_I10interchange,NB,0.37,0.64,15.7
3/2/2025 13:00,countryclubdrive_to_I10interchange,NB,0.45,0.73,14
3/2/2025 14:00,countryclubdrive_to_I10interchange,NB,0.45,0.73,14
3/2/2025 15:00,countryclubdrive_to_I10interchange,NB,0.44,0.72,14
3/2/2025 16:00,countryclubdrive_to_I10interchange,NB,0.41,0.68,15.3
3/2/2025 17:00,countryclubdrive_to_I10interchange,NB,0.48,0.75,14
3/2/2025 18:00,countryclubdrive_to_I10interchange,NB,0.33,0.6,16.6
3/2/2025 19:00,countryclubdrive_to_I10interchange,NB,0.33,0.61,18.3
3/2/2025 20:00,countryclubdrive_to_I10interchange,NB,0.31,0.58,17.4
3/2/2025 21:00,countryclubdrive_to_I10interchange,NB,0.16,0.44,23
3/2/2025 22:00,countryclubdrive_to_I10interchange,NB,0.13,0.41,25.2
3/2/2025 23:00,countryclubdrive_to_I10interchange,NB,0.05,0.32,31.8
3/3/2025 0:00,countryclubdrive_to_I10interchange,NB,0.03,0.3,33
3/3/2025 1:00,countryclubdrive_to_I10interchange,NB,0,0.25,38.4
3/3/2025 2:00,countryclubdrive_to_I10interchange,NB,0.01,0.26,37.2
3/3/2025 3:00,countryclubdrive_to_I10interchange,NB,0.01,0.26,38.8
3/3/2025 4:00,countryclubdrive_to_I10interchange,NB,0.06,0.33,30.1
3/3/2025 5:00,countryclubdrive_to_I10interchange,NB,0.06,0.33,29.4
3/3/2025 6:00,countryclubdrive_to_I10interchange,NB,0.23,0.51,21.2
3/3/2025 7:00,countryclubdrive_to_I10interchange,NB,0.46,0.73,13.5
3/3/2025 8:00,countryclubdrive_to_I10interchange,NB,0.59,0.86,11.8
3/3/2025 9:00,countryclubdrive_to_I10interchange,NB,0.44,0.71,14.3
3/3/2025 10:00,countryclubdrive_to_I10interchange,NB,0.46,0.74,13.5
3/3/2025 11:00,countryclubdrive_to_I10interchange,NB,0.52,0.79,12.4
3/3/2025 12:00,countryclubdrive_to_I10interchange,NB,0.51,0.78,13
3/3/2025 13:00,countryclubdrive_to_I10interchange,NB,0.53,0.81,12.3
3/3/2025 14:00,countryclubdrive_to_I10interchange,NB,0.51,0.78,13
3/3/2025 15:00,countryclubdrive_to_I10interchange,NB,0.49,0.77,12.9
3/3/2025 16:00,countryclubdrive_to_I10interchange,NB,0.6,0.87,11.4
3/3/2025 17:00,countryclubdrive_to_I10interchange,NB,0.6,0.88,11.6
3/3/2025 18:00,countryclubdrive_to_I10interchange,NB,0.36,0.63,15.9
3/3/2025 19:00,countryclubdrive_to_I10interchange,NB,0.28,0.56,18.6
3/3/2025 20:00,countryclubdrive_to_I10interchange,NB,0.2,0.48,21.2
3/3/2025 21:00,countryclubdrive_to_I10interchange,NB,0.27,0.55,18.7
3/3/2025 22:00,countryclubdrive_to_I10interchange,NB,0.18,0.45,22
3/3/2025 23:00,countryclubdrive_to_I10interchange,NB,0.04,0.31,31
3/4/2025 0:00,countryclubdrive_to_I10interchange,NB,0.01,0.25,38.9
3/4/2025 1:00,countryclubdrive_to_I10interchange,NB,0.02,0.28,35.1
3/4/2025 2:00,countryclubdrive_to_I10interchange,NB,0,0.25,38.6
3/4/2025 3:00,countryclubdrive_to_I10interchange,NB,0.07,0.33,30.5
3/4/2025 4:00,countryclubdrive_to_I10interchange,NB,0.03,0.28,36.5
3/4/2025 5:00,countryclubdrive_to_I10interchange,NB,0.2,0.47,22.7
3/4/2025 6:00,countryclubdrive_to_I10interchange,NB,0.25,0.52,20.2
3/4/2025 7:00,countryclubdrive_to_I10interchange,NB,0.43,0.7,15
3/4/2025 8:00,countryclubdrive_to_I10interchange,NB,0.57,0.85,12.1
3/4/2025 9:00,countryclubdrive_to_I10interchange,NB,0.53,0.8,12.2
3/4/2025 10:00,countryclubdrive_to_I10interchange,NB,0.49,0.76,15.4
3/4/2025 11:00,countryclubdrive_to_I10interchange,NB,0.27,0.53,23.3
3/4/2025 12:00,countryclubdrive_to_I10interchange,NB,0.59,0.87,11.4
3/4/2025 13:00,countryclubdrive_to_I10interchange,NB,0.52,0.8,12.6
3/4/2025 14:00,countryclubdrive_to_I10interchange,NB,0.54,0.82,12.1
3/4/2025 15:00,countryclubdrive_to_I10interchange,NB,0.59,0.86,11.8
3/4/2025 16:00,countryclubdrive_to_I10interchange,NB,0.57,0.84,11.9
3/4/2025 17:00,countryclubdrive_to_I10interchange,NB,0.54,0.82,12.4
3/4/2025 18:00,countryclubdrive_to_I10interchange,NB,0.44,0.72,14.3
3/4/2025 19:00,countryclubdrive_to_I10interchange,NB,0.31,0.59,17.8
3/4/2025 20:00,countryclubdrive_to_I10interchange,NB,0.23,0.51,20.9
3/4/2025 21:00,countryclubdrive_to_I10interchange,NB,0.22,0.49,21
3/4/2025 22:00,countryclubdrive_to_I10interchange,NB,0.18,0.46,21.8
3/4/2025 23:00,countryclubdrive_to_I10interchange,NB,0.14,0.42,23.5
3/5/2025 0:00,countryclubdrive_to_I10interchange,NB,0.08,0.35,28.5
3/5/2025 1:00,countryclubdrive_to_I10interchange,NB,0.02,0.28,35.9
3/5/2025 2:00,countryclubdrive_to_I10interchange,NB,0.03,0.29,33.8
3/5/2025 3:00,countryclubdrive_to_I10interchange,NB,0.02,0.29,33.5
3/5/2025 4:00,countryclubdrive_to_I10interchange,NB,0.06,0.33,30.4
3/5/2025 5:00,countryclubdrive_to_I10interchange,NB,0.2,0.47,21.2
3/5/2025 6:00,countryclubdrive_to_I10interchange,NB,0.34,0.62,16.5
3/5/2025 7:00,countryclubdrive_to_I10interchange,NB,0.44,0.72,14.5
3/5/2025 8:00,countryclubdrive_to_I10interchange,NB,0.53,0.81,12.3
3/5/2025 9:00,countryclubdrive_to_I10interchange,NB,0.54,0.82,12.4
3/5/2025 10:00,countryclubdrive_to_I10interchange,NB,0.65,0.93,10.8
3/5/2025 11:00,countryclubdrive_to_I10interchange,NB,0.67,0.95,10.7
3/5/2025 12:00,countryclubdrive_to_I10interchange,NB,0.5,0.78,13.4
3/5/2025 13:00,countryclubdrive_to_I10interchange,NB,0.59,0.87,11.4
3/5/2025 14:00,countryclubdrive_to_I10interchange,NB,0.6,0.88,11.3
3/5/2025 15:00,countryclubdrive_to_I10interchange,NB,0.79,1.07,9.8
3/5/2025 16:00,countryclubdrive_to_I10interchange,NB,0.62,0.9,11
3/5/2025 17:00,countryclubdrive_to_I10interchange,NB,0.61,0.89,11.4
3/5/2025 18:00,countryclubdrive_to_I10interchange,NB,0.48,0.76,13.3
3/5/2025 19:00,countryclubdrive_to_I10interchange,NB,0.36,0.64,17.4
3/5/2025 20:00,countryclubdrive_to_I10interchange,NB,0.28,0.56,18.4
3/5/2025 21:00,countryclubdrive_to_I10interchange,NB,0.27,0.54,18.2
3/5/2025 22:00,countryclubdrive_to_I10interchange,NB,0.21,0.48,21.1
3/5/2025 23:00,countryclubdrive_to_I10interchange,NB,0.12,0.39,24.8
3/6/2025 0:00,countryclubdrive_to_I10interchange,NB,0.07,0.35,28.5
3/6/2025 1:00,countryclubdrive_to_I10interchange,NB,0.02,0.28,34.5
3/6/2025 2:00,countryclubdrive_to_I10interchange,NB,0.08,0.36,28
3/6/2025 3:00,countryclubdrive_to_I10interchange,NB,0,0.26,37.4
3/6/2025 4:00,countryclubdrive_to_I10interchange,NB,0.13,0.4,25.7
3/6/2025 5:00,countryclubdrive_to_I10interchange,NB,0.15,0.43,26.3
3/6/2025 6:00,countryclubdrive_to_I10interchange,NB,0.33,0.61,16.9
3/6/2025 7:00,countryclubdrive_to_I10interchange,NB,0.38,0.66,15.3
3/6/2025 8:00,countryclubdrive_to_I10interchange,NB,0.54,0.81,12.4
3/6/2025 9:00,countryclubdrive_to_I10interchange,NB,0.6,0.87,12.3
3/6/2025 10:00,countryclubdrive_to_I10interchange,NB,0.57,0.85,12.1
3/6/2025 11:00,countryclubdrive_to_I10interchange,NB,0.5,0.78,13.1
3/6/2025 12:00,countryclubdrive_to_I10interchange,NB,0.63,0.91,11.2
3/6/2025 13:00,countryclubdrive_to_I10interchange,NB,0.54,0.82,12.2
3/6/2025 14:00,countryclubdrive_to_I10interchange,NB,0.49,0.77,13.2
3/6/2025 15:00,countryclubdrive_to_I10interchange,NB,0.62,0.89,11
3/6/2025 16:00,countryclubdrive_to_I10interchange,NB,0.63,0.9,11.2
3/6/2025 17:00,countryclubdrive_to_I10interchange,NB,0.72,0.99,10
3/6/2025 18:00,countryclubdrive_to_I10interchange,NB,0.53,0.8,12.4
3/6/2025 19:00,countryclubdrive_to_I10interchange,NB,0.41,0.68,14.6
3/6/2025 20:00,countryclubdrive_to_I10interchange,NB,0.41,0.68,14.7
3/6/2025 21:00,countryclubdrive_to_I10interchange,NB,0.49,0.76,13.3
3/6/2025 22:00,countryclubdrive_to_I10interchange,NB,0.26,0.53,19.4
3/6/2025 23:00,countryclubdrive_to_I10interchange,NB,0.19,0.46,22.3
3/7/2025 0:00,countryclubdrive_to_I10interchange,NB,0.13,0.41,24.6
3/7/2025 1:00,countryclubdrive_to_I10interchange,NB,0.06,0.33,29.7
3/7/2025 2:00,countryclubdrive_to_I10interchange,NB,0.06,0.33,29.3
3/7/2025 3:00,countryclubdrive_to_I10interchange,NB,0.03,0.28,36.2
3/7/2025 4:00,countryclubdrive_to_I10interchange,NB,0.21,0.49,22.2
3/7/2025 5:00,countryclubdrive_to_I10interchange,NB,0.19,0.46,24.3
3/7/2025 6:00,countryclubdrive_to_I10interchange,NB,0.35,0.62,16.2
3/7/2025 7:00,countryclubdrive_to_I10interchange,NB,0.43,0.71,14.4
3/7/2025 8:00,countryclubdrive_to_I10interchange,NB,0.5,0.78,12.8
3/7/2025 9:00,countryclubdrive_to_I10interchange,NB,0.53,0.81,12.5
3/7/2025 10:00,countryclubdrive_to_I10interchange,NB,0.8,1.07,9.3
3/7/2025 11:00,countryclubdrive_to_I10interchange,NB,0.72,0.99,10.5
3/7/2025 12:00,countryclubdrive_to_I10interchange,NB,0.64,0.92,10.7
3/7/2025 13:00,countryclubdrive_to_I10interchange,NB,0.58,0.85,11.8
3/7/2025 14:00,countryclubdrive_to_I10interchange,NB,0.58,0.85,11.6
3/7/2025 15:00,countryclubdrive_to_I10interchange,NB,0.78,1.05,9.8
3/7/2025 16:00,countryclubdrive_to_I10interchange,NB,0.63,0.91,11.2
3/7/2025 17:00,countryclubdrive_to_I10interchange,NB,0.83,1.1,9.2
3/7/2025 18:00,countryclubdrive_to_I10interchange,NB,0.57,0.85,11.7
3/7/2025 19:00,countryclubdrive_to_I10interchange,NB,0.46,0.73,13.9
3/7/2025 20:00,countryclubdrive_to_I10interchange,NB,0.41,0.69,15.4
3/7/2025 21:00,countryclubdrive_to_I10interchange,NB,0.29,0.56,20.7
3/7/2025 22:00,countryclubdrive_to_I10interchange,NB,0.2,0.47,21.1
3/7/2025 23:00,countryclubdrive_to_I10interchange,NB,0.2,0.48,22
3/8/2025 0:00,countryclubdrive_to_I10interchange,NB,0.18,0.46,22.1
3/8/2025 1:00,countryclubdrive_to_I10interchange,NB,0.21,0.48,22.4
3/8/2025 2:00,countryclubdrive_to_I10interchange,NB,0.12,0.39,25.8
3/8/2025 3:00,countryclubdrive_to_I10interchange,NB,0.03,0.28,35
3/8/2025 4:00,countryclubdrive_to_I10interchange,NB,0.09,0.35,31.7
3/8/2025 5:00,countryclubdrive_to_I10interchange,NB,0.03,0.29,36.1
3/8/2025 6:00,countryclubdrive_to_I10interchange,NB,0.27,0.54,19.1
3/8/2025 7:00,countryclubdrive_to_I10interchange,NB,0.32,0.6,17.8
3/8/2025 8:00,countryclubdrive_to_I10interchange,NB,0.43,0.71,14.3
3/8/2025 9:00,countryclubdrive_to_I10interchange,NB,0.44,0.72,15
3/8/2025 10:00,countryclubdrive_to_I10interchange,NB,0.67,0.94,10.9
3/8/2025 11:00,countryclubdrive_to_I10interchange,NB,0.44,0.72,14.1
3/8/2025 12:00,countryclubdrive_to_I10interchange,NB,0.5,0.78,12.7
3/8/2025 13:00,countryclubdrive_to_I10interchange,NB,0.45,0.73,13.7
3/8/2025 14:00,countryclubdrive_to_I10interchange,NB,0.58,0.86,12.1
3/8/2025 15:00,countryclubdrive_to_I10interchange,NB,0.59,0.86,12.2
3/8/2025 16:00,countryclubdrive_to_I10interchange,NB,0.62,0.9,11.4
3/8/2025 17:00,countryclubdrive_to_I10interchange,NB,0.8,1.07,9.5
3/8/2025 18:00,countryclubdrive_to_I10interchange,NB,0.53,0.81,12.7
3/8/2025 19:00,countryclubdrive_to_I10interchange,NB,0.46,0.73,13.8
3/8/2025 20:00,countryclubdrive_to_I10interchange,NB,0.43,0.71,14.2
3/8/2025 21:00,countryclubdrive_to_I10interchange,NB,0.36,0.63,16.4
3/8/2025 22:00,countryclubdrive_to_I10interchange,NB,0.27,0.54,18.3
3/8/2025 23:00,countryclubdrive_to_I10interchange,NB,0.14,0.41,24.6
3/9/2025 0:00,countryclubdrive_to_I10interchange,NB,0.07,0.34,29.3
3/9/2025 1:00,countryclubdrive_to_I10interchange,NB,0.06,0.33,29.6
3/9/2025 3:00,countryclubdrive_to_I10interchange,NB,0.06,0.33,30.6
3/9/2025 4:00,countryclubdrive_to_I10interchange,NB,0.04,0.31,31.4
3/9/2025 5:00,countryclubdrive_to_I10interchange,NB,0.11,0.38,26.1
3/9/2025 6:00,countryclubdrive_to_I10interchange,NB,0.05,0.32,32.2
3/9/2025 7:00,countryclubdrive_to_I10interchange,NB,0.17,0.44,22.6
3/9/2025 8:00,countryclubdrive_to_I10interchange,NB,0.49,0.76,13.9
3/9/2025 9:00,countryclubdrive_to_I10interchange,NB,0.52,0.8,13.4
3/9/2025 10:00,countryclubdrive_to_I10interchange,NB,0.48,0.75,13.4
3/9/2025 11:00,countryclubdrive_to_I10interchange,NB,0.45,0.72,14.4
3/9/2025 12:00,countryclubdrive_to_I10interchange,NB,0.42,0.69,14.5
3/9/2025 13:00,countryclubdrive_to_I10interchange,NB,0.51,0.78,13.1
3/9/2025 14:00,countryclubdrive_to_I10interchange,NB,0.47,0.75,13.9
3/9/2025 15:00,countryclubdrive_to_I10interchange,NB,0.64,0.91,11.1
3/9/2025 16:00,countryclubdrive_to_I10interchange,NB,0.47,0.75,13.8
3/9/2025 17:00,countryclubdrive_to_I10interchange,NB,0.6,0.87,11.5
3/9/2025 18:00,countryclubdrive_to_I10interchange,NB,0.47,0.74,13.6
3/9/2025 19:00,countryclubdrive_to_I10interchange,NB,0.51,0.79,13.8
3/9/2025 20:00,countryclubdrive_to_I10interchange,NB,0.42,0.7,14.8
3/9/2025 21:00,countryclubdrive_to_I10interchange,NB,0.25,0.53,19.4
3/9/2025 22:00,countryclubdrive_to_I10interchange,NB,0.19,0.46,22
3/9/2025 23:00,countryclubdrive_to_I10interchange,NB,0.13,0.4,25.3
3/10/2025 0:00,countryclubdrive_to_I10interchange,NB,0.04,0.31,31
3/10/2025 1:00,countryclubdrive_to_I10interchange,NB,0.04,0.31,32.2
3/10/2025 2:00,countryclubdrive_to_I10interchange,NB,0.02,0.28,34.8
3/10/2025 3:00,countryclubdrive_to_I10interchange,NB,0.04,0.3,33.1
3/10/2025 4:00,countryclubdrive_to_I10interchange,NB,0.06,0.33,31
3/10/2025 5:00,countryclubdrive_to_I10interchange,NB,0.17,0.45,22.4
3/10/2025 6:00,countryclubdrive_to_I10interchange,NB,0.32,0.59,17.1
3/10/2025 7:00,countryclubdrive_to_I10interchange,NB,0.38,0.66,15.1
3/10/2025 8:00,countryclubdrive_to_I10interchange,NB,0.58,0.85,11.8
3/10/2025 9:00,countryclubdrive_to_I10interchange,NB,0.49,0.76,13.3
3/10/2025 10:00,countryclubdrive_to_I10interchange,NB,0.51,0.78,12.9
3/10/2025 11:00,countryclubdrive_to_I10interchange,NB,0.59,0.87,12.2
3/10/2025 12:00,countryclubdrive_to_I10interchange,NB,0.51,0.78,12.7
3/10/2025 13:00,countryclubdrive_to_I10interchange,NB,0.54,0.82,12.3
3/10/2025 14:00,countryclubdrive_to_I10interchange,NB,0.6,0.87,11.6
3/10/2025 15:00,countryclubdrive_to_I10interchange,NB,0.67,0.94,10.7
3/10/2025 16:00,countryclubdrive_to_I10interchange,NB,0.61,0.88,11.1
3/10/2025 17:00,countryclubdrive_to_I10interchange,NB,0.66,0.94,10.5
3/10/2025 18:00,countryclubdrive_to_I10interchange,NB,0.46,0.74,13.5
3/10/2025 19:00,countryclubdrive_to_I10interchange,NB,0.44,0.72,14.3
3/10/2025 20:00,countryclubdrive_to_I10interchange,NB,0.34,0.61,16.7
3/10/2025 21:00,countryclubdrive_to_I10interchange,NB,0.17,0.45,22.3
3/10/2025 22:00,countryclubdrive_to_I10interchange,NB,0.15,0.43,23.4
3/10/2025 23:00,countryclubdrive_to_I10interchange,NB,0.18,0.46,22.7
3/11/2025 0:00,countryclubdrive_to_I10interchange,NB,0.07,0.34,28.4
3/11/2025 1:00,countryclubdrive_to_I10interchange,NB,0.11,0.36,28.5
3/11/2025 2:00,countryclubdrive_to_I10interchange,NB,0.05,0.28,36
3/11/2025 3:00,countryclubdrive_to_I10interchange,NB,0.03,0.3,32.9
3/11/2025 4:00,countryclubdrive_to_I10interchange,NB,0.07,0.34,28.5
3/11/2025 5:00,countryclubdrive_to_I10interchange,NB,0.13,0.4,24.7
3/11/2025 6:00,countryclubdrive_to_I10interchange,NB,0.3,0.58,18.7
3/11/2025 7:00,countryclubdrive_to_I10interchange,NB,0.42,0.69,14.2
3/11/2025 8:00,countryclubdrive_to_I10interchange,NB,0.6,0.88,11.7
3/11/2025 9:00,countryclubdrive_to_I10interchange,NB,0.49,0.77,12.9
3/11/2025 10:00,countryclubdrive_to_I10interchange,NB,0.52,0.8,13
3/11/2025 11:00,countryclubdrive_to_I10interchange,NB,0.52,0.79,12.5
3/11/2025 12:00,countryclubdrive_to_I10interchange,NB,0.45,0.72,13.8
3/11/2025 13:00,countryclubdrive_to_I10interchange,NB,0.53,0.8,12.5
3/11/2025 14:00,countryclubdrive_to_I10interchange,NB,0.45,0.73,13.6
3/11/2025 15:00,countryclubdrive_to_I10interchange,NB,0.65,0.93,10.8
3/11/2025 16:00,countryclubdrive_to_I10interchange,NB,0.64,0.92,10.9
3/11/2025 17:00,countryclubdrive_to_I10interchange,NB,0.69,0.97,10.9
3/11/2025 18:00,countryclubdrive_to_I10interchange,NB,0.3,0.58,17.6
3/11/2025 19:00,countryclubdrive_to_I10interchange,NB,0.28,0.55,18.1
3/11/2025 20:00,countryclubdrive_to_I10interchange,NB,0.3,0.57,17.8
3/11/2025 21:00,countryclubdrive_to_I10interchange,NB,0.26,0.54,19.1
3/11/2025 22:00,countryclubdrive_to_I10interchange,NB,0.26,0.54,18.8
3/11/2025 23:00,countryclubdrive_to_I10interchange,NB,0.14,0.41,24.6
3/12/2025 0:00,countryclubdrive_to_I10interchange,NB,0.08,0.35,29.3
3/12/2025 1:00,countryclubdrive_to_I10interchange,NB,0.04,0.28,37.1
3/12/2025 2:00,countryclubdrive_to_I10interchange,NB,0.03,0.28,35.3
3/12/2025 3:00,countryclubdrive_to_I10interchange,NB,0.01,0.26,37.1
3/12/2025 4:00,countryclubdrive_to_I10interchange,NB,0.03,0.3,32
3/12/2025 5:00,countryclubdrive_to_I10interchange,NB,0.18,0.45,22.5
3/12/2025 6:00,countryclubdrive_to_I10interchange,NB,0.38,0.66,16
3/12/2025 7:00,countryclubdrive_to_I10interchange,NB,0.43,0.71,14.6
3/12/2025 8:00,countryclubdrive_to_I10interchange,NB,0.57,0.85,11.6
3/12/2025 9:00,countryclubdrive_to_I10interchange,NB,0.51,0.79,12.9
3/12/2025 10:00,countryclubdrive_to_I10interchange,NB,0.55,0.83,12.1
3/12/2025 11:00,countryclubdrive_to_I10interchange,NB,0.55,0.82,12.3
3/12/2025 12:00,countryclubdrive_to_I10interchange,NB,0.5,0.78,12.6
3/12/2025 13:00,countryclubdrive_to_I10interchange,NB,0.48,0.76,13.2
3/12/2025 14:00,countryclubdrive_to_I10interchange,NB,0.53,0.81,12.3
3/12/2025 15:00,countryclubdrive_to_I10interchange,NB,0.58,0.86,11.4
3/12/2025 16:00,countryclubdrive_to_I10interchange,NB,0.59,0.87,11.4
3/12/2025 17:00,countryclubdrive_to_I10interchange,NB,0.5,0.78,12.7
3/12/2025 18:00,countryclubdrive_to_I10interchange,NB,0.53,0.8,12.4
3/12/2025 19:00,countryclubdrive_to_I10interchange,NB,0.4,0.68,15.7
3/12/2025 20:00,countryclubdrive_to_I10interchange,NB,0.3,0.57,18.3
3/12/2025 21:00,countryclubdrive_to_I10interchange,NB,0.37,0.65,15.4
3/12/2025 22:00,countryclubdrive_to_I10interchange,NB,0.18,0.46,21.9
3/12/2025 23:00,countryclubdrive_to_I10interchange,NB,0.11,0.38,25.6
3/13/2025 0:00,countryclubdrive_to_I10interchange,NB,0.11,0.38,26.5
3/13/2025 1:00,countryclubdrive_to_I10interchange,NB,0.02,0.29,33.3
3/13/2025 2:00,countryclubdrive_to_I10interchange,NB,0.01,0.26,37.5
3/13/2025 3:00,countryclubdrive_to_I10interchange,NB,0.03,0.29,33.4
3/13/2025 4:00,countryclubdrive_to_I10interchange,NB,0.01,0.27,36.3
3/13/2025 5:00,countryclubdrive_to_I10interchange,NB,0.15,0.41,27.6
3/13/2025 6:00,countryclubdrive_to_I10interchange,NB,0.28,0.56,18
3/13/2025 7:00,countryclubdrive_to_I10interchange,NB,0.44,0.71,14.1
3/13/2025 8:00,countryclubdrive_to_I10interchange,NB,0.54,0.81,12.2
3/13/2025 9:00,countryclubdrive_to_I10interchange,NB,0.52,0.79,13.3
3/13/2025 10:00,countryclubdrive_to_I10interchange,NB,0.51,0.78,12.7
3/13/2025 11:00,countryclubdrive_to_I10interchange,NB,0.54,0.81,12.6
3/13/2025 12:00,countryclubdrive_to_I10interchange,NB,0.53,0.81,12.5
3/13/2025 13:00,countryclubdrive_to_I10interchange,NB,0.58,0.86,11.7
3/13/2025 14:00,countryclubdrive_to_I10interchange,NB,0.41,0.68,14.7
3/13/2025 15:00,countryclubdrive_to_I10interchange,NB,0.62,0.9,11.1
3/13/2025 16:00,countryclubdrive_to_I10interchange,NB,0.53,0.8,12.4
3/13/2025 17:00,countryclubdrive_to_I10interchange,NB,0.57,0.85,11.7
3/13/2025 18:00,countryclubdrive_to_I10interchange,NB,0.43,0.71,14.5
3/13/2025 19:00,countryclubdrive_to_I10interchange,NB,0.43,0.71,14.7
3/13/2025 20:00,countryclubdrive_to_I10interchange,NB,0.3,0.58,17.8
3/13/2025 21:00,countryclubdrive_to_I10interchange,NB,0.34,0.62,16.2
3/13/2025 22:00,countryclubdrive_to_I10interchange,NB,0.19,0.46,22
3/13/2025 23:00,countryclubdrive_to_I10interchange,NB,0.1,0.37,27.5
3/14/2025 0:00,countryclubdrive_to_I10interchange,NB,0.07,0.35,28.3
3/14/2025 1:00,countryclubdrive_to_I10interchange,NB,0.08,0.35,27.5
3/14/2025 2:00,countryclubdrive_to_I10interchange,NB,0.02,0.29,33.4
3/14/2025 3:00,countryclubdrive_to_I10interchange,NB,0.02,0.26,38
3/14/2025 4:00,countryclubdrive_to_I10interchange,NB,0.01,0.25,38.9
3/14/2025 5:00,countryclubdrive_to_I10interchange,NB,0.11,0.38,26.7
3/14/2025 6:00,countryclubdrive_to_I10interchange,NB,0.27,0.55,18.6
3/14/2025 7:00,countryclubdrive_to_I10interchange,NB,0.54,0.82,13.6
3/14/2025 8:00,countryclubdrive_to_I10interchange,NB,0.59,0.87,11.9
3/14/2025 9:00,countryclubdrive_to_I10interchange,NB,0.56,0.83,12.4
3/14/2025 10:00,countryclubdrive_to_I10interchange,NB,0.54,0.82,12.3
3/14/2025 11:00,countryclubdrive_to_I10interchange,NB,0.69,0.97,10.1
3/14/2025 12:00,countryclubdrive_to_I10interchange,NB,0.54,0.81,12.5
3/14/2025 13:00,countryclubdrive_to_I10interchange,NB,0.63,0.9,11
3/14/2025 14:00,countryclubdrive_to_I10interchange,NB,0.6,0.88,11.4
3/14/2025 15:00,countryclubdrive_to_I10interchange,NB,0.67,0.94,10.6
3/14/2025 16:00,countryclubdrive_to_I10interchange,NB,0.58,0.85,11.5
3/14/2025 17:00,countryclubdrive_to_I10interchange,NB,0.48,0.75,13
3/14/2025 18:00,countryclubdrive_to_I10interchange,NB,0.39,0.67,14.9
3/14/2025 19:00,countryclubdrive_to_I10interchange,NB,0.45,0.73,14.7
3/14/2025 20:00,countryclubdrive_to_I10interchange,NB,0.35,0.62,16.7
3/14/2025 21:00,countryclubdrive_to_I10interchange,NB,0.25,0.53,19.7
3/14/2025 22:00,countryclubdrive_to_I10interchange,NB,0.22,0.49,22.5
3/14/2025 23:00,countryclubdrive_to_I10interchange,NB,0.19,0.47,22.1
3/15/2025 0:00,countryclubdrive_to_I10interchange,NB,0.03,0.29,35.1
3/15/2025 1:00,countryclubdrive_to_I10interchange,NB,0.07,0.34,29.6
3/15/2025 2:00,countryclubdrive_to_I10interchange,NB,0.16,0.43,23.3
3/15/2025 3:00,countryclubdrive_to_I10interchange,NB,0,0.27,36.8
3/15/2025 4:00,countryclubdrive_to_I10interchange,NB,0.09,0.36,29.6
3/15/2025 5:00,countryclubdrive_to_I10interchange,NB,0.11,0.38,26.9
3/15/2025 6:00,countryclubdrive_to_I10interchange,NB,0.13,0.41,24.2
3/15/2025 7:00,countryclubdrive_to_I10interchange,NB,0.1,0.38,26.3
3/15/2025 8:00,countryclubdrive_to_I10interchange,NB,0.33,0.6,16.5
3/15/2025 9:00,countryclubdrive_to_I10interchange,NB,0.38,0.65,15.9
3/15/2025 10:00,countryclubdrive_to_I10interchange,NB,0.47,0.74,13.8
3/15/2025 11:00,countryclubdrive_to_I10interchange,NB,0.55,0.83,12.4
3/15/2025 12:00,countryclubdrive_to_I10interchange,NB,0.63,0.9,11.2
3/15/2025 13:00,countryclubdrive_to_I10interchange,NB,0.43,0.7,14.7
3/15/2025 14:00,countryclubdrive_to_I10interchange,NB,0.49,0.77,13
3/15/2025 15:00,countryclubdrive_to_I10interchange,NB,0.5,0.78,13.2
3/15/2025 16:00,countryclubdrive_to_I10interchange,NB,0.45,0.72,13.9
3/15/2025 17:00,countryclubdrive_to_I10interchange,NB,0.5,0.78,12.9
3/15/2025 18:00,countryclubdrive_to_I10interchange,NB,0.41,0.69,15.2
3/15/2025 19:00,countryclubdrive_to_I10interchange,NB,0.49,0.77,13.9
3/15/2025 20:00,countryclubdrive_to_I10interchange,NB,0.4,0.68,16
3/15/2025 21:00,countryclubdrive_to_I10interchange,NB,0.35,0.63,16.6
3/15/2025 22:00,countryclubdrive_to_I10interchange,NB,0.25,0.53,19.2
3/15/2025 23:00,countryclubdrive_to_I10interchange,NB,0.15,0.42,23.4
3/16/2025 0:00,countryclubdrive_to_I10interchange,NB,0.15,0.42,24.2
3/16/2025 1:00,countryclubdrive_to_I10interchange,NB,0.09,0.36,27
3/16/2025 2:00,countryclubdrive_to_I10interchange,NB,0.03,0.3,33.5
3/16/2025 3:00,countryclubdrive_to_I10interchange,NB,0.04,0.31,32.5
3/16/2025 4:00,countryclubdrive_to_I10interchange,NB,0.09,0.36,27.8
3/16/2025 5:00,countryclubdrive_to_I10interchange,NB,0.01,0.25,38.6
3/16/2025 6:00,countryclubdrive_to_I10interchange,NB,0.14,0.41,26.6
3/16/2025 7:00,countryclubdrive_to_I10interchange,NB,0.19,0.46,24.3
3/16/2025 8:00,countryclubdrive_to_I10interchange,NB,0.25,0.52,20.1
3/16/2025 9:00,countryclubdrive_to_I10interchange,NB,0.34,0.62,17.3
3/16/2025 10:00,countryclubdrive_to_I10interchange,NB,0.39,0.66,15.1
3/16/2025 11:00,countryclubdrive_to_I10interchange,NB,0.43,0.7,14.7
3/16/2025 12:00,countryclubdrive_to_I10interchange,NB,0.38,0.65,15.2
3/16/2025 13:00,countryclubdrive_to_I10interchange,NB,0.42,0.69,15
3/16/2025 14:00,countryclubdrive_to_I10interchange,NB,0.44,0.71,14.1
3/16/2025 15:00,countryclubdrive_to_I10interchange,NB,0.6,0.87,12.7
3/16/2025 16:00,countryclubdrive_to_I10interchange,NB,0.79,1.06,9.7
3/16/2025 17:00,countryclubdrive_to_I10interchange,NB,0.43,0.7,14.3
3/16/2025 18:00,countryclubdrive_to_I10interchange,NB,0.33,0.61,16.7
3/16/2025 19:00,countryclubdrive_to_I10interchange,NB,0.27,0.54,19.1
3/16/2025 20:00,countryclubdrive_to_I10interchange,NB,0.27,0.54,18.3
3/16/2025 21:00,countryclubdrive_to_I10interchange,NB,0.09,0.37,26.9
3/16/2025 22:00,countryclubdrive_to_I10interchange,NB,0.28,0.55,20
3/16/2025 23:00,countryclubdrive_to_I10interchange,NB,0.09,0.36,28
3/17/2025 0:00,countryclubdrive_to_I10interchange,NB,0.08,0.35,28.4
3/17/2025 1:00,countryclubdrive_to_I10interchange,NB,0.11,0.38,26.8
3/17/2025 2:00,countryclubdrive_to_I10interchange,NB,0.02,0.27,36.6
3/17/2025 3:00,countryclubdrive_to_I10interchange,NB,0,0.24,41.1
3/17/2025 4:00,countryclubdrive_to_I10interchange,NB,0,0.28,35.3
3/17/2025 5:00,countryclubdrive_to_I10interchange,NB,0.18,0.46,21.7
3/17/2025 6:00,countryclubdrive_to_I10interchange,NB,0.28,0.56,19.1
3/17/2025 7:00,countryclubdrive_to_I10interchange,NB,0.45,0.73,13.9
3/17/2025 8:00,countryclubdrive_to_I10interchange,NB,0.49,0.77,12.9
3/17/2025 9:00,countryclubdrive_to_I10interchange,NB,0.46,0.73,14.1
3/17/2025 10:00,countryclubdrive_to_I10interchange,NB,0.45,0.72,14.6
3/17/2025 11:00,countryclubdrive_to_I10interchange,NB,0.48,0.75,13.3
3/17/2025 12:00,countryclubdrive_to_I10interchange,NB,0.51,0.78,12.9
3/17/2025 13:00,countryclubdrive_to_I10interchange,NB,0.42,0.7,14.5
3/17/2025 14:00,countryclubdrive_to_I10interchange,NB,0.47,0.75,13.2
3/17/2025 15:00,countryclubdrive_to_I10interchange,NB,0.55,0.83,12.3
3/17/2025 16:00,countryclubdrive_to_I10interchange,NB,0.48,0.76,13.1
3/17/2025 17:00,countryclubdrive_to_I10interchange,NB,0.49,0.77,13.4
3/17/2025 18:00,countryclubdrive_to_I10interchange,NB,0.32,0.59,16.8
3/17/2025 19:00,countryclubdrive_to_I10interchange,NB,0.29,0.57,18.8
3/17/2025 20:00,countryclubdrive_to_I10interchange,NB,0.35,0.63,16.4
3/17/2025 21:00,countryclubdrive_to_I10interchange,NB,0.2,0.48,21
3/17/2025 22:00,countryclubdrive_to_I10interchange,NB,0.18,0.45,21.9
3/17/2025 23:00,countryclubdrive_to_I10interchange,NB,0.07,0.35,28.7
3/18/2025 0:00,countryclubdrive_to_I10interchange,NB,0.04,0.31,31.2
3/18/2025 1:00,countryclubdrive_to_I10interchange,NB,0.03,0.25,41.3
3/18/2025 2:00,countryclubdrive_to_I10interchange,NB,0,0.22,44.5
3/18/2025 3:00,countryclubdrive_to_I10interchange,NB,0.01,0.26,38.1
3/18/2025 4:00,countryclubdrive_to_I10interchange,NB,0.04,0.31,31.5
3/18/2025 5:00,countryclubdrive_to_I10interchange,NB,0.11,0.38,27.8
3/18/2025 6:00,countryclubdrive_to_I10interchange,NB,0.42,0.7,14.7
3/18/2025 7:00,countryclubdrive_to_I10interchange,NB,0.43,0.7,14
3/18/2025 8:00,countryclubdrive_to_I10interchange,NB,0.52,0.79,12.7
3/18/2025 9:00,countryclubdrive_to_I10interchange,NB,0.34,0.62,16.5
3/18/2025 10:00,countryclubdrive_to_I10interchange,NB,0.48,0.75,13.5
3/18/2025 11:00,countryclubdrive_to_I10interchange,NB,0.51,0.78,13.6
3/18/2025 12:00,countryclubdrive_to_I10interchange,NB,0.55,0.82,12.2
3/18/2025 13:00,countryclubdrive_to_I10interchange,NB,0.57,0.85,12.2
3/18/2025 14:00,countryclubdrive_to_I10interchange,NB,0.51,0.78,12.9
3/18/2025 15:00,countryclubdrive_to_I10interchange,NB,0.61,0.89,11.2
3/18/2025 16:00,countryclubdrive_to_I10interchange,NB,0.6,0.87,11.7
3/18/2025 17:00,countryclubdrive_to_I10interchange,NB,0.43,0.7,14.2
3/18/2025 18:00,countryclubdrive_to_I10interchange,NB,0.42,0.7,14.9
3/18/2025 19:00,countryclubdrive_to_I10interchange,NB,0.42,0.7,14.8
3/18/2025 20:00,countryclubdrive_to_I10interchange,NB,0.2,0.48,21.5
3/18/2025 21:00,countryclubdrive_to_I10interchange,NB,0.29,0.56,18.3
3/18/2025 22:00,countryclubdrive_to_I10interchange,NB,0.21,0.48,20.6
3/18/2025 23:00,countryclubdrive_to_I10interchange,NB,0.11,0.39,26
3/19/2025 0:00,countryclubdrive_to_I10interchange,NB,0.09,0.37,29.3
3/19/2025 1:00,countryclubdrive_to_I10interchange,NB,0.07,0.34,29.4
3/19/2025 2:00,countryclubdrive_to_I10interchange,NB,0.02,0.25,39.7
3/19/2025 3:00,countryclubdrive_to_I10interchange,NB,0,0.23,43
3/19/2025 4:00,countryclubdrive_to_I10interchange,NB,0.03,0.3,33.3
3/19/2025 5:00,countryclubdrive_to_I10interchange,NB,0.1,0.38,27.1
3/19/2025 6:00,countryclubdrive_to_I10interchange,NB,0.24,0.51,19.9
3/19/2025 7:00,countryclubdrive_to_I10interchange,NB,0.4,0.67,15.1
3/19/2025 8:00,countryclubdrive_to_I10interchange,NB,0.49,0.77,12.9
3/19/2025 9:00,countryclubdrive_to_I10interchange,NB,0.41,0.68,15.2
3/19/2025 10:00,countryclubdrive_to_I10interchange,NB,0.52,0.79,12.6
3/19/2025 11:00,countryclubdrive_to_I10interchange,NB,0.61,0.89,11.5
3/19/2025 12:00,countryclubdrive_to_I10interchange,NB,0.62,0.9,12.1
3/19/2025 13:00,countryclubdrive_to_I10interchange,NB,0.7,0.98,10.3
3/19/2025 14:00,countryclubdrive_to_I10interchange,NB,0.54,0.82,12.4
3/19/2025 15:00,countryclubdrive_to_I10interchange,NB,0.57,0.85,11.8
3/19/2025 16:00,countryclubdrive_to_I10interchange,NB,0.54,0.81,12.1
3/19/2025 17:00,countryclubdrive_to_I10interchange,NB,0.43,0.7,14.6
3/19/2025 18:00,countryclubdrive_to_I10interchange,NB,0.47,0.75,13.7
3/19/2025 19:00,countryclubdrive_to_I10interchange,NB,0.25,0.52,19.5
3/19/2025 20:00,countryclubdrive_to_I10interchange,NB,0.37,0.65,16.3
3/19/2025 21:00,countryclubdrive_to_I10interchange,NB,0.25,0.52,19.6
3/19/2025 22:00,countryclubdrive_to_I10interchange,NB,0.21,0.49,20.6
3/19/2025 23:00,countryclubdrive_to_I10interchange,NB,0.18,0.45,22.7
3/20/2025 0:00,countryclubdrive_to_I10interchange,NB,0.07,0.34,28.3
3/20/2025 1:00,countryclubdrive_to_I10interchange,NB,0.05,0.33,30
3/20/2025 2:00,countryclubdrive_to_I10interchange,NB,0.04,0.29,34.6
3/20/2025 3:00,countryclubdrive_to_I10interchange,NB,0.08,0.35,29.3
3/20/2025 4:00,countryclubdrive_to_I10interchange,NB,0.11,0.38,26.5
3/20/2025 5:00,countryclubdrive_to_I10interchange,NB,0.08,0.36,27.6
3/20/2025 6:00,countryclubdrive_to_I10interchange,NB,0.23,0.5,20.2
3/20/2025 7:00,countryclubdrive_to_I10interchange,NB,0.43,0.71,14.3
3/20/2025 8:00,countryclubdrive_to_I10interchange,NB,0.5,0.78,12.7
3/20/2025 9:00,countryclubdrive_to_I10interchange,NB,0.48,0.76,13.4
3/20/2025 10:00,countryclubdrive_to_I10interchange,NB,0.55,0.82,12.4
3/20/2025 11:00,countryclubdrive_to_I10interchange,NB,0.5,0.77,12.8
3/20/2025 12:00,countryclubdrive_to_I10interchange,NB,0.53,0.8,12.5
3/20/2025 13:00,countryclubdrive_to_I10interchange,NB,0.64,0.91,11.3
3/20/2025 14:00,countryclubdrive_to_I10interchange,NB,0.63,0.9,11.1
3/20/2025 15:00,countryclubdrive_to_I10interchange,NB,0.59,0.86,11.5
3/20/2025 16:00,countryclubdrive_to_I10interchange,NB,0.5,0.78,12.9
3/20/2025 17:00,countryclubdrive_to_I10interchange,NB,0.51,0.78,12.6
3/20/2025 18:00,countryclubdrive_to_I10interchange,NB,0.32,0.6,16.9
3/20/2025 19:00,countryclubdrive_to_I10interchange,NB,0.28,0.55,18.8
3/20/2025 20:00,countryclubdrive_to_I10interchange,NB,0.35,0.63,16.9
3/20/2025 21:00,countryclubdrive_to_I10interchange,NB,0.3,0.57,17.7
3/20/2025 22:00,countryclubdrive_to_I10interchange,NB,0.27,0.55,18.5
3/20/2025 23:00,countryclubdrive_to_I10interchange,NB,0.13,0.41,24.9
3/21/2025 0:00,countryclubdrive_to_I10interchange,NB,0.09,0.37,27.1
3/21/2025 1:00,countryclubdrive_to_I10interchange,NB,0.09,0.36,27.5
3/21/2025 2:00,countryclubdrive_to_I10interchange,NB,0.15,0.4,28.6
3/21/2025 3:00,countryclubdrive_to_I10interchange,NB,0.03,0.29,34.9
3/21/2025 4:00,countryclubdrive_to_I10interchange,NB,0.01,0.26,38.2
3/21/2025 5:00,countryclubdrive_to_I10interchange,NB,0.18,0.46,23.6
3/21/2025 6:00,countryclubdrive_to_I10interchange,NB,0.21,0.49,20.4
3/21/2025 7:00,countryclubdrive_to_I10interchange,NB,0.41,0.69,15.2
3/21/2025 8:00,countryclubdrive_to_I10interchange,NB,0.58,0.85,12
3/21/2025 9:00,countryclubdrive_to_I10interchange,NB,0.48,0.76,13.4
3/21/2025 10:00,countryclubdrive_to_I10interchange,NB,0.5,0.77,13
3/21/2025 11:00,countryclubdrive_to_I10interchange,NB,0.52,0.79,13.5
3/21/2025 12:00,countryclubdrive_to_I10interchange,NB,0.64,0.92,11.1
3/21/2025 13:00,countryclubdrive_to_I10interchange,NB,0.68,0.96,10.6
3/21/2025 14:00,countryclubdrive_to_I10interchange,NB,0.57,0.84,12.2
3/21/2025 15:00,countryclubdrive_to_I10interchange,NB,0.64,0.91,11
3/21/2025 16:00,countryclubdrive_to_I10interchange,NB,0.54,0.82,12.1
3/21/2025 17:00,countryclubdrive_to_I10interchange,NB,0.52,0.8,12.9
3/21/2025 18:00,countryclubdrive_to_I10interchange,NB,0.49,0.76,13.6
3/21/2025 19:00,countryclubdrive_to_I10interchange,NB,0.31,0.59,16.7
3/21/2025 20:00,countryclubdrive_to_I10interchange,NB,0.29,0.56,18.8
3/21/2025 21:00,countryclubdrive_to_I10interchange,NB,0.32,0.6,16.9
3/21/2025 22:00,countryclubdrive_to_I10interchange,NB,0.31,0.58,19.3
3/21/2025 23:00,countryclubdrive_to_I10interchange,NB,0.17,0.44,22.3
3/22/2025 0:00,countryclubdrive_to_I10interchange,NB,0.1,0.38,26.3
3/22/2025 1:00,countryclubdrive_to_I10interchange,NB,0.05,0.33,30.8
3/22/2025 2:00,countryclubdrive_to_I10interchange,NB,0.03,0.3,32.9
3/22/2025 3:00,countryclubdrive_to_I10interchange,NB,0.17,0.45,23.7
3/22/2025 4:00,countryclubdrive_to_I10interchange,NB,0.04,0.3,32.9
3/22/2025 5:00,countryclubdrive_to_I10interchange,NB,0.12,0.39,25.4
3/22/2025 6:00,countryclubdrive_to_I10interchange,NB,0.2,0.47,23.5
3/22/2025 7:00,countryclubdrive_to_I10interchange,NB,0.21,0.49,20.2
3/22/2025 8:00,countryclubdrive_to_I10interchange,NB,0.36,0.63,16
3/22/2025 9:00,countryclubdrive_to_I10interchange,NB,0.45,0.72,14.5
3/22/2025 10:00,countryclubdrive_to_I10interchange,NB,0.48,0.75,14
3/22/2025 11:00,countryclubdrive_to_I10interchange,NB,0.65,0.92,11.2
3/22/2025 12:00,countryclubdrive_to_I10interchange,NB,0.59,0.86,12.1
3/22/2025 13:00,countryclubdrive_to_I10interchange,NB,0.56,0.83,12.6
3/22/2025 14:00,countryclubdrive_to_I10interchange,NB,0.54,0.81,12.5
3/22/2025 15:00,countryclubdrive_to_I10interchange,NB,0.44,0.71,14
3/22/2025 16:00,countryclubdrive_to_I10interchange,NB,0.5,0.78,13.3
3/22/2025 17:00,countryclubdrive_to_I10interchange,NB,0.4,0.67,15.3
3/22/2025 18:00,countryclubdrive_to_I10interchange,NB,0.31,0.59,17.1
3/22/2025 19:00,countryclubdrive_to_I10interchange,NB,0.42,0.69,15
3/22/2025 20:00,countryclubdrive_to_I10interchange,NB,0.33,0.6,16.8
3/22/2025 21:00,countryclubdrive_to_I10interchange,NB,0.39,0.67,15.1
3/22/2025 22:00,countryclubdrive_to_I10interchange,NB,0.31,0.58,18
3/22/2025 23:00,countryclubdrive_to_I10interchange,NB,0.23,0.51,19.6
3/23/2025 0:00,countryclubdrive_to_I10interchange,NB,0.26,0.54,18.7
3/23/2025 1:00,countryclubdrive_to_I10interchange,NB,0.07,0.35,28
3/23/2025 2:00,countryclubdrive_to_I10interchange,NB,0.07,0.33,30.4
3/23/2025 3:00,countryclubdrive_to_I10interchange,NB,0.05,0.32,30.5
3/23/2025 4:00,countryclubdrive_to_I10interchange,NB,0.05,0.31,32.6
3/23/2025 5:00,countryclubdrive_to_I10interchange,NB,0.02,0.27,36.4
3/23/2025 6:00,countryclubdrive_to_I10interchange,NB,0.15,0.42,24
3/23/2025 7:00,countryclubdrive_to_I10interchange,NB,0.29,0.57,18.2
3/23/2025 8:00,countryclubdrive_to_I10interchange,NB,0.34,0.62,16.4
3/23/2025 9:00,countryclubdrive_to_I10interchange,NB,0.48,0.75,14.2
3/23/2025 10:00,countryclubdrive_to_I10interchange,NB,0.4,0.67,15.4
3/23/2025 11:00,countryclubdrive_to_I10interchange,NB,0.42,0.69,14.8
3/23/2025 12:00,countryclubdrive_to_I10interchange,NB,0.31,0.59,17
3/23/2025 13:00,countryclubdrive_to_I10interchange,NB,0.46,0.73,13.8
3/23/2025 14:00,countryclubdrive_to_I10interchange,NB,0.37,0.64,15.6
3/23/2025 15:00,countryclubdrive_to_I10interchange,NB,0.37,0.65,16.2
3/23/2025 16:00,countryclubdrive_to_I10interchange,NB,0.34,0.62,17
3/23/2025 17:00,countryclubdrive_to_I10interchange,NB,0.44,0.72,15.3
3/23/2025 18:00,countryclubdrive_to_I10interchange,NB,0.34,0.62,18.4
3/23/2025 19:00,countryclubdrive_to_I10interchange,NB,0.41,0.68,15.8
3/23/2025 20:00,countryclubdrive_to_I10interchange,NB,0.24,0.51,20
3/23/2025 21:00,countryclubdrive_to_I10interchange,NB,0.24,0.52,19.6
3/23/2025 22:00,countryclubdrive_to_I10interchange,NB,0.13,0.4,25.2
3/23/2025 23:00,countryclubdrive_to_I10interchange,NB,0.16,0.43,23.4
3/24/2025 0:00,countryclubdrive_to_I10interchange,NB,0.11,0.38,25.5
3/24/2025 1:00,countryclubdrive_to_I10interchange,NB,0.01,0.28,35.3
3/24/2025 2:00,countryclubdrive_to_I10interchange,NB,0.01,0.27,36.2
3/24/2025 3:00,countryclubdrive_to_I10interchange,NB,0.01,0.26,38.8
3/24/2025 4:00,countryclubdrive_to_I10interchange,NB,0.08,0.34,29.1
3/24/2025 5:00,countryclubdrive_to_I10interchange,NB,0.11,0.37,27.1
3/24/2025 6:00,countryclubdrive_to_I10interchange,NB,0.33,0.61,16.9
3/24/2025 7:00,countryclubdrive_to_I10interchange,NB,0.49,0.77,13.2
3/24/2025 8:00,countryclubdrive_to_I10interchange,NB,0.67,0.94,10.5
3/24/2025 9:00,countryclubdrive_to_I10interchange,NB,0.63,0.9,11.2
3/24/2025 10:00,countryclubdrive_to_I10interchange,NB,0.63,0.91,11.4
3/24/2025 11:00,countryclubdrive_to_I10interchange,NB,0.64,0.92,10.8
3/24/2025 12:00,countryclubdrive_to_I10interchange,NB,0.75,1.03,10.3
3/24/2025 13:00,countryclubdrive_to_I10interchange,NB,0.59,0.87,11.8
3/24/2025 14:00,countryclubdrive_to_I10interchange,NB,0.63,0.9,11.5
3/24/2025 15:00,countryclubdrive_to_I10interchange,NB,0.51,0.78,12.7
3/24/2025 16:00,countryclubdrive_to_I10interchange,NB,0.49,0.77,13.2
3/24/2025 17:00,countryclubdrive_to_I10interchange,NB,0.39,0.66,15.2
3/24/2025 18:00,countryclubdrive_to_I10interchange,NB,0.29,0.56,17.9
3/24/2025 19:00,countryclubdrive_to_I10interchange,NB,0.23,0.51,19.8
3/24/2025 20:00,countryclubdrive_to_I10interchange,NB,0.34,0.61,16.7
3/24/2025 21:00,countryclubdrive_to_I10interchange,NB,0.2,0.47,21.5
3/24/2025 22:00,countryclubdrive_to_I10interchange,NB,0.12,0.4,25.2
3/24/2025 23:00,countryclubdrive_to_I10interchange,NB,0.14,0.41,24.8
3/25/2025 0:00,countryclubdrive_to_I10interchange,NB,0.07,0.34,28.5
3/25/2025 1:00,countryclubdrive_to_I10interchange,NB,0.04,0.29,35.1
3/25/2025 2:00,countryclubdrive_to_I10interchange,NB,0.02,0.28,35.4
3/25/2025 3:00,countryclubdrive_to_I10interchange,NB,0.01,0.26,38.4
3/25/2025 4:00,countryclubdrive_to_I10interchange,NB,0.06,0.33,29.7
3/25/2025 5:00,countryclubdrive_to_I10interchange,NB,0.07,0.34,29.4
3/25/2025 6:00,countryclubdrive_to_I10interchange,NB,0.21,0.48,21.6
3/25/2025 7:00,countryclubdrive_to_I10interchange,NB,0.41,0.69,15
3/25/2025 8:00,countryclubdrive_to_I10interchange,NB,0.54,0.82,12
3/25/2025 9:00,countryclubdrive_to_I10interchange,NB,0.5,0.77,13
3/25/2025 10:00,countryclubdrive_to_I10interchange,NB,0.45,0.73,13.7
3/25/2025 11:00,countryclubdrive_to_I10interchange,NB,0.55,0.83,12.2
3/25/2025 12:00,countryclubdrive_to_I10interchange,NB,0.45,0.73,13.9
3/25/2025 13:00,countryclubdrive_to_I10interchange,NB,0.56,0.83,12
3/25/2025 14:00,countryclubdrive_to_I10interchange,NB,0.52,0.79,12.5
3/25/2025 15:00,countryclubdrive_to_I10interchange,NB,0.48,0.75,13.2
3/25/2025 16:00,countryclubdrive_to_I10interchange,NB,0.49,0.77,13.2
3/25/2025 17:00,countryclubdrive_to_I10interchange,NB,0.43,0.7,14.5
3/25/2025 18:00,countryclubdrive_to_I10interchange,NB,0.4,0.68,14.6
3/25/2025 19:00,countryclubdrive_to_I10interchange,NB,0.31,0.59,17.3
3/25/2025 20:00,countryclubdrive_to_I10interchange,NB,0.26,0.54,18.7
3/25/2025 21:00,countryclubdrive_to_I10interchange,NB,0.16,0.44,22.8
3/25/2025 22:00,countryclubdrive_to_I10interchange,NB,0.22,0.5,20.4
3/25/2025 23:00,countryclubdrive_to_I10interchange,NB,0.13,0.4,24.7
3/26/2025 0:00,countryclubdrive_to_I10interchange,NB,0.04,0.31,31.3
3/26/2025 1:00,countryclubdrive_to_I10interchange,NB,0.09,0.36,27.4
3/26/2025 2:00,countryclubdrive_to_I10interchange,NB,0.01,0.25,40.3
3/26/2025 3:00,countryclubdrive_to_I10interchange,NB,0,0.23,43.1
3/26/2025 4:00,countryclubdrive_to_I10interchange,NB,0.04,0.31,33.2
3/26/2025 5:00,countryclubdrive_to_I10interchange,NB,0.23,0.5,21.2
3/26/2025 6:00,countryclubdrive_to_I10interchange,NB,0.3,0.57,17.2
3/26/2025 7:00,countryclubdrive_to_I10interchange,NB,0.41,0.69,14.3
3/26/2025 8:00,countryclubdrive_to_I10interchange,NB,0.51,0.78,12.7
3/26/2025 9:00,countryclubdrive_to_I10interchange,NB,0.46,0.73,13.9
3/26/2025 10:00,countryclubdrive_to_I10interchange,NB,0.46,0.73,13.7
3/26/2025 11:00,countryclubdrive_to_I10interchange,NB,0.5,0.78,13.1
3/26/2025 12:00,countryclubdrive_to_I10interchange,NB,0.62,0.89,11
3/26/2025 13:00,countryclubdrive_to_I10interchange,NB,0.48,0.75,13.6
3/26/2025 14:00,countryclubdrive_to_I10interchange,NB,0.49,0.77,13
3/26/2025 15:00,countryclubdrive_to_I10interchange,NB,0.58,0.85,11.5
3/26/2025 16:00,countryclubdrive_to_I10interchange,NB,0.44,0.72,14.1
3/26/2025 17:00,countryclubdrive_to_I10interchange,NB,0.53,0.8,12.4
3/26/2025 18:00,countryclubdrive_to_I10interchange,NB,0.35,0.62,16.1
3/26/2025 19:00,countryclubdrive_to_I10interchange,NB,0.3,0.57,18.3
3/26/2025 20:00,countryclubdrive_to_I10interchange,NB,0.17,0.45,22.2
3/26/2025 21:00,countryclubdrive_to_I10interchange,NB,0.31,0.59,18.2
3/26/2025 22:00,countryclubdrive_to_I10interchange,NB,0.17,0.45,23.2
3/26/2025 23:00,countryclubdrive_to_I10interchange,NB,0.08,0.36,28
3/27/2025 0:00,countryclubdrive_to_I10interchange,NB,0.03,0.31,31.9
3/27/2025 1:00,countryclubdrive_to_I10interchange,NB,0.04,0.3,33.7
3/27/2025 2:00,countryclubdrive_to_I10interchange,NB,0,0.25,38.9
3/27/2025 3:00,countryclubdrive_to_I10interchange,NB,0.02,0.25,40.6
3/27/2025 4:00,countryclubdrive_to_I10interchange,NB,0.05,0.33,29.7
3/27/2025 5:00,countryclubdrive_to_I10interchange,NB,0.1,0.37,27.7
3/27/2025 6:00,countryclubdrive_to_I10interchange,NB,0.35,0.63,16.5
3/27/2025 7:00,countryclubdrive_to_I10interchange,NB,0.39,0.67,15.8
3/27/2025 8:00,countryclubdrive_to_I10interchange,NB,0.43,0.7,14.2
3/27/2025 9:00,countryclubdrive_to_I10interchange,NB,0.54,0.82,12.2
3/27/2025 10:00,countryclubdrive_to_I10interchange,NB,0.46,0.74,13.4
3/27/2025 11:00,countryclubdrive_to_I10interchange,NB,0.51,0.78,12.9
3/27/2025 12:00,countryclubdrive_to_I10interchange,NB,0.54,0.82,12.2
3/27/2025 13:00,countryclubdrive_to_I10interchange,NB,0.6,0.88,12.2
3/27/2025 14:00,countryclubdrive_to_I10interchange,NB,0.48,0.76,13.1
3/27/2025 15:00,countryclubdrive_to_I10interchange,NB,0.65,0.92,10.9
3/27/2025 16:00,countryclubdrive_to_I10interchange,NB,0.45,0.73,13.7
3/27/2025 17:00,countryclubdrive_to_I10interchange,NB,0.48,0.76,13.2
3/27/2025 18:00,countryclubdrive_to_I10interchange,NB,0.32,0.6,16.7
3/27/2025 19:00,countryclubdrive_to_I10interchange,NB,0.36,0.63,16.8
3/27/2025 20:00,countryclubdrive_to_I10interchange,NB,0.36,0.64,16.3
3/27/2025 21:00,countryclubdrive_to_I10interchange,NB,0.16,0.44,22.7
3/27/2025 22:00,countryclubdrive_to_I10interchange,NB,0.18,0.46,23.6
3/27/2025 23:00,countryclubdrive_to_I10interchange,NB,0.04,0.3,32.9
3/28/2025 0:00,countryclubdrive_to_I10interchange,NB,0.03,0.3,32.2
3/28/2025 1:00,countryclubdrive_to_I10interchange,NB,0.02,0.28,35.5
3/28/2025 2:00,countryclubdrive_to_I10interchange,NB,0.06,0.33,29.9
3/28/2025 3:00,countryclubdrive_to_I10interchange,NB,0.03,0.28,36.6
3/28/2025 4:00,countryclubdrive_to_I10interchange,NB,0.12,0.39,25.9
3/28/2025 5:00,countryclubdrive_to_I10interchange,NB,0.18,0.45,21.8
3/28/2025 6:00,countryclubdrive_to_I10interchange,NB,0.36,0.63,16.5
3/28/2025 7:00,countryclubdrive_to_I10interchange,NB,0.47,0.75,13.8
3/28/2025 8:00,countryclubdrive_to_I10interchange,NB,0.59,0.87,11.4
3/28/2025 9:00,countryclubdrive_to_I10interchange,NB,0.62,0.9,11.6
3/28/2025 10:00,countryclubdrive_to_I10interchange,NB,0.58,0.85,11.7
3/28/2025 11:00,countryclubdrive_to_I10interchange,NB,0.65,0.92,11.3
3/28/2025 12:00,countryclubdrive_to_I10interchange,NB,0.58,0.85,11.8
3/28/2025 13:00,countryclubdrive_to_I10interchange,NB,0.64,0.92,11.3
3/28/2025 14:00,countryclubdrive_to_I10interchange,NB,0.64,0.92,11.1
3/28/2025 15:00,countryclubdrive_to_I10interchange,NB,0.59,0.87,11.3
3/28/2025 16:00,countryclubdrive_to_I10interchange,NB,0.51,0.79,12.4
3/28/2025 17:00,countryclubdrive_to_I10interchange,NB,0.44,0.71,14
3/28/2025 18:00,countryclubdrive_to_I10interchange,NB,0.39,0.67,15.2
3/28/2025 19:00,countryclubdrive_to_I10interchange,NB,0.27,0.55,20.4
3/28/2025 20:00,countryclubdrive_to_I10interchange,NB,0.39,0.66,15.5
3/28/2025 21:00,countryclubdrive_to_I10interchange,NB,0.31,0.58,17.5
3/28/2025 22:00,countryclubdrive_to_I10interchange,NB,0.27,0.54,18.3
3/28/2025 23:00,countryclubdrive_to_I10interchange,NB,0.24,0.52,19.5
3/29/2025 0:00,countryclubdrive_to_I10interchange,NB,0.13,0.4,25.7
3/29/2025 1:00,countryclubdrive_to_I10interchange,NB,0.07,0.34,28.6
3/29/2025 2:00,countryclubdrive_to_I10interchange,NB,0.08,0.35,29.3
3/29/2025 3:00,countryclubdrive_to_I10interchange,NB,0.11,0.37,27.8
3/29/2025 4:00,countryclubdrive_to_I10interchange,NB,0.12,0.4,25.5
3/29/2025 5:00,countryclubdrive_to_I10interchange,NB,0.14,0.41,24.6
3/29/2025 6:00,countryclubdrive_to_I10interchange,NB,0.29,0.57,18.5
3/29/2025 7:00,countryclubdrive_to_I10interchange,NB,0.17,0.44,23.2
3/29/2025 8:00,countryclubdrive_to_I10interchange,NB,0.37,0.65,15.5
3/29/2025 9:00,countryclubdrive_to_I10interchange,NB,0.31,0.59,17
3/29/2025 10:00,countryclubdrive_to_I10interchange,NB,0.5,0.77,13.2
3/29/2025 11:00,countryclubdrive_to_I10interchange,NB,0.41,0.69,14.7
3/29/2025 12:00,countryclubdrive_to_I10interchange,NB,0.51,0.78,13.2
3/29/2025 13:00,countryclubdrive_to_I10interchange,NB,0.43,0.71,14.5
3/29/2025 14:00,countryclubdrive_to_I10interchange,NB,0.45,0.73,13.8
3/29/2025 15:00,countryclubdrive_to_I10interchange,NB,0.46,0.73,13.7
3/29/2025 16:00,countryclubdrive_to_I10interchange,NB,0.35,0.63,16
3/29/2025 17:00,countryclubdrive_to_I10interchange,NB,0.42,0.69,14.5
3/29/2025 18:00,countryclubdrive_to_I10interchange,NB,0.41,0.68,15.2
3/29/2025 19:00,countryclubdrive_to_I10interchange,NB,0.22,0.5,20.3
3/29/2025 20:00,countryclubdrive_to_I10interchange,NB,0.27,0.55,18.5
3/29/2025 21:00,countryclubdrive_to_I10interchange,NB,0.31,0.59,17.2
3/29/2025 22:00,countryclubdrive_to_I10interchange,NB,0.27,0.54,20.8
3/29/2025 23:00,countryclubdrive_to_I10interchange,NB,0.16,0.43,23.7
3/30/2025 0:00,countryclubdrive_to_I10interchange,NB,0.12,0.4,25.2
3/30/2025 1:00,countryclubdrive_to_I10interchange,NB,0.01,0.26,37.1
3/30/2025 2:00,countryclubdrive_to_I10interchange,NB,0.03,0.3,32.9
3/30/2025 3:00,countryclubdrive_to_I10interchange,NB,0.01,0.27,36.3
3/30/2025 4:00,countryclubdrive_to_I10interchange,NB,0.05,0.3,33.3
3/30/2025 5:00,countryclubdrive_to_I10interchange,NB,0.04,0.3,33.4
3/30/2025 6:00,countryclubdrive_to_I10interchange,NB,0.11,0.38,26.2
3/30/2025 7:00,countryclubdrive_to_I10interchange,NB,0.38,0.66,16.2
3/30/2025 8:00,countryclubdrive_to_I10interchange,NB,0.24,0.52,19.7
3/30/2025 9:00,countryclubdrive_to_I10interchange,NB,0.27,0.54,18.8
3/30/2025 10:00,countryclubdrive_to_I10interchange,NB,0.45,0.72,15.3
3/30/2025 11:00,countryclubdrive_to_I10interchange,NB,0.42,0.7,14.4
3/30/2025 12:00,countryclubdrive_to_I10interchange,NB,0.43,0.7,14.2
3/30/2025 13:00,countryclubdrive_to_I10interchange,NB,0.39,0.66,16.4
3/30/2025 14:00,countryclubdrive_to_I10interchange,NB,0.34,0.61,16.6
3/30/2025 15:00,countryclubdrive_to_I10interchange,NB,0.36,0.64,15.6
3/30/2025 16:00,countryclubdrive_to_I10interchange,NB,0.38,0.65,15.4
3/30/2025 17:00,countryclubdrive_to_I10interchange,NB,0.4,0.68,15.2
3/30/2025 18:00,countryclubdrive_to_I10interchange,NB,0.26,0.54,18.2
3/30/2025 19:00,countryclubdrive_to_I10interchange,NB,0.26,0.54,19.1
3/30/2025 20:00,countryclubdrive_to_I10interchange,NB,0.26,0.53,20.1
3/30/2025 21:00,countryclubdrive_to_I10interchange,NB,0.21,0.49,20.8
3/30/2025 22:00,countryclubdrive_to_I10interchange,NB,0.15,0.42,24.3
3/30/2025 23:00,countryclubdrive_to_I10interchange,NB,0.16,0.43,23.3
3/31/2025 0:00,countryclubdrive_to_I10interchange,NB,0.11,0.38,25.8
3/31/2025 1:00,countryclubdrive_to_I10interchange,NB,0.06,0.32,32.6
3/31/2025 2:00,countryclubdrive_to_I10interchange,NB,0.01,0.25,39.4
3/31/2025 3:00,countryclubdrive_to_I10interchange,NB,0.1,0.37,26.9
3/31/2025 4:00,countryclubdrive_to_I10interchange,NB,0.04,0.31,31.1
3/31/2025 5:00,countryclubdrive_to_I10interchange,NB,0.17,0.45,23.1
3/31/2025 6:00,countryclubdrive_to_I10interchange,NB,0.34,0.61,16.4
3/31/2025 7:00,countryclubdrive_to_I10interchange,NB,0.41,0.68,14.4
3/31/2025 8:00,countryclubdrive_to_I10interchange,NB,0.63,0.91,11.5
3/31/2025 9:00,countryclubdrive_to_I10interchange,NB,0.42,0.7,14.7
3/31/2025 10:00,countryclubdrive_to_I10interchange,NB,0.52,0.79,12.5
3/31/2025 11:00,countryclubdrive_to_I10interchange,NB,0.57,0.84,11.7
3/31/2025 12:00,countryclubdrive_to_I10interchange,NB,0.45,0.72,14.1
3/31/2025 13:00,countryclubdrive_to_I10interchange,NB,0.49,0.77,13.6
3/31/2025 14:00,countryclubdrive_to_I10interchange,NB,0.53,0.8,12.3
3/31/2025 15:00,countryclubdrive_to_I10interchange,NB,0.56,0.83,11.9
3/31/2025 16:00,countryclubdrive_to_I10interchange,NB,0.51,0.79,12.5
3/31/2025 17:00,countryclubdrive_to_I10interchange,NB,0.44,0.72,14.2
3/31/2025 18:00,countryclubdrive_to_I10interchange,NB,0.36,0.64,15.5
3/31/2025 19:00,countryclubdrive_to_I10interchange,NB,0.18,0.46,22.3
3/31/2025 20:00,countryclubdrive_to_I10interchange,NB,0.19,0.47,22.7
3/31/2025 21:00,countryclubdrive_to_I10interchange,NB,0.22,0.49,19.9
3/31/2025 22:00,countryclubdrive_to_I10interchange,NB,0.18,0.45,21.7
3/31/2025 23:00,countryclubdrive_to_I10interchange,NB,0.08,0.35,28.6
4/1/2025 0:00,countryclubdrive_to_I10interchange,NB,0.1,0.38,25.8
4/1/2025 1:00,countryclubdrive_to_I10interchange,NB,0.03,0.3,32.6
4/1/2025 2:00,countryclubdrive_to_I10interchange,NB,0.02,0.29,33.1
4/1/2025 3:00,countryclubdrive_to_I10interchange,NB,0.03,0.28,36.3
4/1/2025 4:00,countryclubdrive_to_I10interchange,NB,0.11,0.39,25.6
4/1/2025 5:00,countryclubdrive_to_I10interchange,NB,0.1,0.38,26.3
4/1/2025 6:00,countryclubdrive_to_I10interchange,NB,0.24,0.52,20.2
4/1/2025 7:00,countryclubdrive_to_I10interchange,NB,0.45,0.73,13.8
4/1/2025 8:00,countryclubdrive_to_I10interchange,NB,0.62,0.89,11
4/1/2025 9:00,countryclubdrive_to_I10interchange,NB,0.44,0.72,13.6
4/1/2025 10:00,countryclubdrive_to_I10interchange,NB,0.57,0.84,12.1
4/1/2025 11:00,countryclubdrive_to_I10interchange,NB,0.47,0.75,13.6
4/1/2025 12:00,countryclubdrive_to_I10interchange,NB,0.44,0.72,14.1
4/1/2025 13:00,countryclubdrive_to_I10interchange,NB,0.56,0.84,11.9
4/1/2025 14:00,countryclubdrive_to_I10interchange,NB,0.47,0.74,14.1
4/1/2025 15:00,countryclubdrive_to_I10interchange,NB,0.56,0.84,11.8
4/1/2025 16:00,countryclubdrive_to_I10interchange,NB,0.47,0.75,13.2
4/1/2025 17:00,countryclubdrive_to_I10interchange,NB,0.56,0.84,11.9
4/1/2025 18:00,countryclubdrive_to_I10interchange,NB,0.45,0.72,13.8
4/1/2025 19:00,countryclubdrive_to_I10interchange,NB,0.26,0.54,19.1
4/1/2025 20:00,countryclubdrive_to_I10interchange,NB,0.25,0.52,19.8
4/1/2025 21:00,countryclubdrive_to_I10interchange,NB,0.16,0.43,23.3
4/1/2025 22:00,countryclubdrive_to_I10interchange,NB,0.18,0.45,22.1
4/1/2025 23:00,countryclubdrive_to_I10interchange,NB,0.15,0.42,23.2
4/2/2025 0:00,countryclubdrive_to_I10interchange,NB,0.08,0.36,27.5
4/2/2025 1:00,countryclubdrive_to_I10interchange,NB,0.1,0.36,30.1
4/2/2025 2:00,countryclubdrive_to_I10interchange,NB,0,0.23,42.6
4/2/2025 3:00,countryclubdrive_to_I10interchange,NB,0.02,0.28,35.1
4/2/2025 4:00,countryclubdrive_to_I10interchange,NB,0.05,0.32,31.8
4/2/2025 5:00,countryclubdrive_to_I10interchange,NB,0.17,0.44,23.6
4/2/2025 6:00,countryclubdrive_to_I10interchange,NB,0.34,0.62,16.9
4/2/2025 7:00,countryclubdrive_to_I10interchange,NB,0.47,0.74,14.2
4/2/2025 8:00,countryclubdrive_to_I10interchange,NB,0.64,0.92,10.8
4/2/2025 9:00,countryclubdrive_to_I10interchange,NB,0.42,0.69,15.1
4/2/2025 10:00,countryclubdrive_to_I10interchange,NB,0.4,0.67,14.9
4/2/2025 11:00,countryclubdrive_to_I10interchange,NB,0.49,0.77,13.3
4/2/2025 12:00,countryclubdrive_to_I10interchange,NB,0.54,0.82,12.5
4/2/2025 13:00,countryclubdrive_to_I10interchange,NB,0.55,0.83,12.4
4/2/2025 14:00,countryclubdrive_to_I10interchange,NB,0.5,0.77,12.9
4/2/2025 15:00,countryclubdrive_to_I10interchange,NB,0.56,0.83,12.3
4/2/2025 16:00,countryclubdrive_to_I10interchange,NB,0.46,0.73,13.6
4/2/2025 17:00,countryclubdrive_to_I10interchange,NB,0.55,0.83,11.8
4/2/2025 18:00,countryclubdrive_to_I10interchange,NB,0.38,0.66,15.4
4/2/2025 19:00,countryclubdrive_to_I10interchange,NB,0.32,0.59,18.3
4/2/2025 20:00,countryclubdrive_to_I10interchange,NB,0.32,0.59,17.7
4/2/2025 21:00,countryclubdrive_to_I10interchange,NB,0.33,0.61,17.5
4/2/2025 22:00,countryclubdrive_to_I10interchange,NB,0.21,0.49,21.2
4/2/2025 23:00,countryclubdrive_to_I10interchange,NB,0.17,0.45,22.1
4/3/2025 0:00,countryclubdrive_to_I10interchange,NB,0.06,0.32,31.6
4/3/2025 1:00,countryclubdrive_to_I10interchange,NB,0.07,0.34,29.3
4/3/2025 2:00,countryclubdrive_to_I10interchange,NB,0.03,0.28,35.9
4/3/2025 3:00,countryclubdrive_to_I10interchange,NB,0.01,0.26,38.7
4/3/2025 4:00,countryclubdrive_to_I10interchange,NB,0.1,0.37,26.4
4/3/2025 5:00,countryclubdrive_to_I10interchange,NB,0.12,0.4,24.9
4/3/2025 6:00,countryclubdrive_to_I10interchange,NB,0.28,0.55,18.3
4/3/2025 7:00,countryclubdrive_to_I10interchange,NB,0.39,0.66,15
4/3/2025 8:00,countryclubdrive_to_I10interchange,NB,0.46,0.74,14.9
4/3/2025 9:00,countryclubdrive_to_I10interchange,NB,0.47,0.75,13.4
4/3/2025 10:00,countryclubdrive_to_I10interchange,NB,0.53,0.8,12.6
4/3/2025 11:00,countryclubdrive_to_I10interchange,NB,0.59,0.87,11.8
4/3/2025 12:00,countryclubdrive_to_I10interchange,NB,0.55,0.82,12.4
4/3/2025 13:00,countryclubdrive_to_I10interchange,NB,0.56,0.84,12
4/3/2025 14:00,countryclubdrive_to_I10interchange,NB,0.47,0.75,14.2
4/3/2025 15:00,countryclubdrive_to_I10interchange,NB,0.58,0.86,11.7
4/3/2025 16:00,countryclubdrive_to_I10interchange,NB,0.44,0.71,14
4/3/2025 17:00,countryclubdrive_to_I10interchange,NB,0.47,0.74,13.5
4/3/2025 18:00,countryclubdrive_to_I10interchange,NB,0.3,0.58,17.5
4/3/2025 19:00,countryclubdrive_to_I10interchange,NB,0.27,0.55,18.3
4/3/2025 20:00,countryclubdrive_to_I10interchange,NB,0.37,0.64,16.7
4/3/2025 21:00,countryclubdrive_to_I10interchange,NB,0.35,0.63,16.7
4/3/2025 22:00,countryclubdrive_to_I10interchange,NB,0.28,0.56,18.2
4/3/2025 23:00,countryclubdrive_to_I10interchange,NB,0.19,0.47,22
4/4/2025 0:00,countryclubdrive_to_I10interchange,NB,0.23,0.5,20.3
4/4/2025 1:00,countryclubdrive_to_I10interchange,NB,0.03,0.3,32.7
4/4/2025 2:00,countryclubdrive_to_I10interchange,NB,0.02,0.29,34.4
4/4/2025 3:00,countryclubdrive_to_I10interchange,NB,0.04,0.3,34.5
4/4/2025 4:00,countryclubdrive_to_I10interchange,NB,0.02,0.29,33.5
4/4/2025 5:00,countryclubdrive_to_I10interchange,NB,0.18,0.45,22.5
4/4/2025 6:00,countryclubdrive_to_I10interchange,NB,0.36,0.64,17
4/4/2025 7:00,countryclubdrive_to_I10interchange,NB,0.41,0.68,15.1
4/4/2025 8:00,countryclubdrive_to_I10interchange,NB,0.59,0.87,11.8
4/4/2025 9:00,countryclubdrive_to_I10interchange,NB,0.5,0.77,13.3
4/4/2025 10:00,countryclubdrive_to_I10interchange,NB,0.51,0.79,12.9
4/4/2025 11:00,countryclubdrive_to_I10interchange,NB,0.58,0.86,11.7
4/4/2025 12:00,countryclubdrive_to_I10interchange,NB,0.52,0.79,12.9
4/4/2025 13:00,countryclubdrive_to_I10interchange,NB,0.56,0.83,12.1
4/4/2025 14:00,countryclubdrive_to_I10interchange,NB,0.53,0.81,12.2
4/4/2025 15:00,countryclubdrive_to_I10interchange,NB,0.67,0.95,10.5
4/4/2025 16:00,countryclubdrive_to_I10interchange,NB,0.61,0.88,11.2
4/4/2025 17:00,countryclubdrive_to_I10interchange,NB,0.52,0.8,12.7
4/4/2025 18:00,countryclubdrive_to_I10interchange,NB,0.47,0.74,13.5
4/4/2025 19:00,countryclubdrive_to_I10interchange,NB,0.42,0.69,16.1
4/4/2025 20:00,countryclubdrive_to_I10interchange,NB,0.26,0.54,20.2
4/4/2025 21:00,countryclubdrive_to_I10interchange,NB,0.33,0.61,17.8
4/4/2025 22:00,countryclubdrive_to_I10interchange,NB,0.29,0.56,17.8
4/4/2025 23:00,countryclubdrive_to_I10interchange,NB,0.18,0.46,22.7
4/5/2025 0:00,countryclubdrive_to_I10interchange,NB,0.19,0.46,21.3
4/5/2025 1:00,countryclubdrive_to_I10interchange,NB,0.21,0.48,22.7
4/5/2025 2:00,countryclubdrive_to_I10interchange,NB,0.02,0.29,33.7
4/5/2025 3:00,countryclubdrive_to_I10interchange,NB,0.05,0.31,32.3
4/5/2025 4:00,countryclubdrive_to_I10interchange,NB,0.04,0.3,34.5
4/5/2025 5:00,countryclubdrive_to_I10interchange,NB,0.11,0.38,25.9
4/5/2025 6:00,countryclubdrive_to_I10interchange,NB,0.2,0.47,21.1
4/5/2025 7:00,countryclubdrive_to_I10interchange,NB,0.27,0.55,19.6
4/5/2025 8:00,countryclubdrive_to_I10interchange,NB,0.3,0.57,17.4
4/5/2025 9:00,countryclubdrive_to_I10interchange,NB,0.31,0.59,17.6
4/5/2025 10:00,countryclubdrive_to_I10interchange,NB,0.45,0.72,13.9
4/5/2025 11:00,countryclubdrive_to_I10interchange,NB,0.36,0.64,15.5
4/5/2025 12:00,countryclubdrive_to_I10interchange,NB,0.41,0.68,14.5
4/5/2025 13:00,countryclubdrive_to_I10interchange,NB,0.42,0.7,14.3
4/5/2025 14:00,countryclubdrive_to_I10interchange,NB,0.35,0.63,15.8
4/5/2025 15:00,countryclubdrive_to_I10interchange,NB,0.46,0.74,14.3
4/5/2025 16:00,countryclubdrive_to_I10interchange,NB,0.42,0.7,14.3
4/5/2025 17:00,countryclubdrive_to_I10interchange,NB,0.25,0.53,18.9
4/5/2025 18:00,countryclubdrive_to_I10interchange,NB,0.4,0.67,16.1
4/5/2025 19:00,countryclubdrive_to_I10interchange,NB,0.22,0.49,20.1
4/5/2025 20:00,countryclubdrive_to_I10interchange,NB,0.31,0.59,17.2
4/5/2025 21:00,countryclubdrive_to_I10interchange,NB,0.26,0.53,19
4/5/2025 22:00,countryclubdrive_to_I10interchange,NB,0.24,0.52,19.9
4/5/2025 23:00,countryclubdrive_to_I10interchange,NB,0.15,0.43,23.6
4/6/2025 0:00,countryclubdrive_to_I10interchange,NB,0.12,0.4,26.1
4/6/2025 1:00,countryclubdrive_to_I10interchange,NB,0.03,0.3,32.9
4/6/2025 2:00,countryclubdrive_to_I10interchange,NB,0.06,0.33,30.1
4/6/2025 3:00,countryclubdrive_to_I10interchange,NB,0.04,0.3,32.5
4/6/2025 4:00,countryclubdrive_to_I10interchange,NB,0.08,0.35,28.9
4/6/2025 5:00,countryclubdrive_to_I10interchange,NB,0.09,0.36,27
4/6/2025 6:00,countryclubdrive_to_I10interchange,NB,0.12,0.39,25.4
4/6/2025 7:00,countryclubdrive_to_I10interchange,NB,0.24,0.52,19.6
4/6/2025 8:00,countryclubdrive_to_I10interchange,NB,0.19,0.46,22.2
4/6/2025 9:00,countryclubdrive_to_I10interchange,NB,0.41,0.68,15.8
4/6/2025 10:00,countryclubdrive_to_I10interchange,NB,0.37,0.65,15.6
4/6/2025 11:00,countryclubdrive_to_I10interchange,NB,0.41,0.68,14.6
4/6/2025 12:00,countryclubdrive_to_I10interchange,NB,0.46,0.73,13.7
4/6/2025 13:00,countryclubdrive_to_I10interchange,NB,0.43,0.7,14.3
4/6/2025 14:00,countryclubdrive_to_I10interchange,NB,0.35,0.63,16.4
4/6/2025 15:00,countryclubdrive_to_I10interchange,NB,0.37,0.65,15.2
4/6/2025 16:00,countryclubdrive_to_I10interchange,NB,0.42,0.69,14.4
4/6/2025 17:00,countryclubdrive_to_I10interchange,NB,0.31,0.58,17.6
4/6/2025 18:00,countryclubdrive_to_I10interchange,NB,0.32,0.59,17.7
4/6/2025 19:00,countryclubdrive_to_I10interchange,NB,0.24,0.51,19.9
4/6/2025 20:00,countryclubdrive_to_I10interchange,NB,0.32,0.59,17.1
4/6/2025 21:00,countryclubdrive_to_I10interchange,NB,0.29,0.57,18.4
4/6/2025 22:00,countryclubdrive_to_I10interchange,NB,0.15,0.43,23.2
4/6/2025 23:00,countryclubdrive_to_I10interchange,NB,0.13,0.4,24.9
4/7/2025 0:00,countryclubdrive_to_I10interchange,NB,0.11,0.38,26.4
4/7/2025 1:00,countryclubdrive_to_I10interchange,NB,0.05,0.31,31.3
4/7/2025 2:00,countryclubdrive_to_I10interchange,NB,0,0.24,41
4/7/2025 3:00,countryclubdrive_to_I10interchange,NB,0.08,0.32,35.4
4/7/2025 4:00,countryclubdrive_to_I10interchange,NB,0.11,0.39,26.3
4/7/2025 5:00,countryclubdrive_to_I10interchange,NB,0.18,0.46,22.4
4/7/2025 6:00,countryclubdrive_to_I10interchange,NB,0.31,0.58,18.9
4/7/2025 7:00,countryclubdrive_to_I10interchange,NB,0.4,0.67,15.1
4/7/2025 8:00,countryclubdrive_to_I10interchange,NB,0.43,0.71,14.3
4/7/2025 9:00,countryclubdrive_to_I10interchange,NB,0.46,0.74,13.6
4/7/2025 10:00,countryclubdrive_to_I10interchange,NB,0.55,0.82,12.3
4/7/2025 11:00,countryclubdrive_to_I10interchange,NB,0.59,0.87,11.5
4/7/2025 12:00,countryclubdrive_to_I10interchange,NB,0.62,0.89,11.3
4/7/2025 13:00,countryclubdrive_to_I10interchange,NB,0.39,0.66,15.3
4/7/2025 14:00,countryclubdrive_to_I10interchange,NB,0.46,0.74,13.4
4/7/2025 15:00,countryclubdrive_to_I10interchange,NB,0.6,0.88,11.6
4/7/2025 16:00,countryclubdrive_to_I10interchange,NB,0.51,0.79,13
4/7/2025 17:00,countryclubdrive_to_I10interchange,NB,0.53,0.8,12.2
4/7/2025 18:00,countryclubdrive_to_I10interchange,NB,0.36,0.64,15.5
4/7/2025 19:00,countryclubdrive_to_I10interchange,NB,0.19,0.47,22.3
4/7/2025 20:00,countryclubdrive_to_I10interchange,NB,0.29,0.56,19.4
4/7/2025 21:00,countryclubdrive_to_I10interchange,NB,0.2,0.47,21
4/7/2025 22:00,countryclubdrive_to_I10interchange,NB,0.15,0.43,23.7
4/7/2025 23:00,countryclubdrive_to_I10interchange,NB,0.14,0.41,24.1
4/8/2025 0:00,countryclubdrive_to_I10interchange,NB,0.23,0.5,20.2
4/8/2025 1:00,countryclubdrive_to_I10interchange,NB,0.07,0.34,30.6
4/8/2025 2:00,countryclubdrive_to_I10interchange,NB,0.03,0.29,34.7
4/8/2025 3:00,countryclubdrive_to_I10interchange,NB,0.03,0.3,33.2
4/8/2025 4:00,countryclubdrive_to_I10interchange,NB,0.18,0.46,22
4/8/2025 5:00,countryclubdrive_to_I10interchange,NB,0.35,0.63,17.4
4/8/2025 6:00,countryclubdrive_to_I10interchange,NB,0.39,0.67,15.4
4/8/2025 7:00,countryclubdrive_to_I10interchange,NB,0.45,0.73,13.8
4/8/2025 8:00,countryclubdrive_to_I10interchange,NB,0.54,0.82,12.6
4/8/2025 9:00,countryclubdrive_to_I10interchange,NB,0.54,0.81,12.8
4/8/2025 10:00,countryclubdrive_to_I10interchange,NB,0.47,0.75,13.1
4/8/2025 11:00,countryclubdrive_to_I10interchange,NB,0.43,0.7,14.6
4/8/2025 12:00,countryclubdrive_to_I10interchange,NB,0.53,0.81,12.3
4/8/2025 13:00,countryclubdrive_to_I10interchange,NB,0.5,0.78,13.1
4/8/2025 14:00,countryclubdrive_to_I10interchange,NB,0.55,0.83,12.1
4/8/2025 15:00,countryclubdrive_to_I10interchange,NB,0.55,0.82,12
4/8/2025 16:00,countryclubdrive_to_I10interchange,NB,0.56,0.83,12.2
4/8/2025 17:00,countryclubdrive_to_I10interchange,NB,0.42,0.7,14.9
4/8/2025 18:00,countryclubdrive_to_I10interchange,NB,0.28,0.56,18.2
4/8/2025 19:00,countryclubdrive_to_I10interchange,NB,0.21,0.49,23.8
4/8/2025 20:00,countryclubdrive_to_I10interchange,NB,0.41,0.68,15.9
4/8/2025 21:00,countryclubdrive_to_I10interchange,NB,0.14,0.41,23.9
4/8/2025 22:00,countryclubdrive_to_I10interchange,NB,0.1,0.37,26.5
4/8/2025 23:00,countryclubdrive_to_I10interchange,NB,0.07,0.34,29.2
4/9/2025 0:00,countryclubdrive_to_I10interchange,NB,0.04,0.3,32.6
4/9/2025 1:00,countryclubdrive_to_I10interchange,NB,0.07,0.34,28.6
4/9/2025 2:00,countryclubdrive_to_I10interchange,NB,0.08,0.36,27.3
4/9/2025 3:00,countryclubdrive_to_I10interchange,NB,0.04,0.3,33.9
4/9/2025 4:00,countryclubdrive_to_I10interchange,NB,0.01,0.26,37.2
4/9/2025 5:00,countryclubdrive_to_I10interchange,NB,0.13,0.4,24.5
4/9/2025 6:00,countryclubdrive_to_I10interchange,NB,0.24,0.52,20.1
4/9/2025 7:00,countryclubdrive_to_I10interchange,NB,0.47,0.74,13.5
4/9/2025 8:00,countryclubdrive_to_I10interchange,NB,0.62,0.9,11
4/9/2025 9:00,countryclubdrive_to_I10interchange,NB,0.43,0.71,14.1
4/9/2025 10:00,countryclubdrive_to_I10interchange,NB,0.59,0.86,11.8
4/9/2025 11:00,countryclubdrive_to_I10interchange,NB,0.61,0.89,11.7
4/9/2025 12:00,countryclubdrive_to_I10interchange,NB,0.59,0.86,11.7
4/9/2025 13:00,countryclubdrive_to_I10interchange,NB,0.52,0.79,12.8
4/9/2025 14:00,countryclubdrive_to_I10interchange,NB,0.56,0.83,11.9
4/9/2025 15:00,countryclubdrive_to_I10interchange,NB,0.55,0.82,12.1
4/9/2025 16:00,countryclubdrive_to_I10interchange,NB,0.51,0.79,12.9
4/9/2025 17:00,countryclubdrive_to_I10interchange,NB,0.49,0.77,12.8
4/9/2025 18:00,countryclubdrive_to_I10interchange,NB,0.42,0.7,14.5
4/9/2025 19:00,countryclubdrive_to_I10interchange,NB,0.35,0.63,18.2
4/9/2025 20:00,countryclubdrive_to_I10interchange,NB,0.36,0.64,17.4
4/9/2025 21:00,countryclubdrive_to_I10interchange,NB,0.24,0.51,19.4
4/9/2025 22:00,countryclubdrive_to_I10interchange,NB,0.29,0.56,18.4
4/9/2025 23:00,countryclubdrive_to_I10interchange,NB,0.2,0.47,21.3
4/10/2025 0:00,countryclubdrive_to_I10interchange,NB,0.15,0.42,25.5
4/10/2025 1:00,countryclubdrive_to_I10interchange,NB,0.05,0.31,31.8
4/10/2025 2:00,countryclubdrive_to_I10interchange,NB,0.05,0.32,30.1
4/10/2025 3:00,countryclubdrive_to_I10interchange,NB,0.04,0.31,32.3
4/10/2025 4:00,countryclubdrive_to_I10interchange,NB,0.03,0.3,33
4/10/2025 5:00,countryclubdrive_to_I10interchange,NB,0.2,0.48,21.5
4/10/2025 6:00,countryclubdrive_to_I10interchange,NB,0.27,0.54,18.2
4/10/2025 7:00,countryclubdrive_to_I10interchange,NB,0.39,0.66,15
4/10/2025 8:00,countryclubdrive_to_I10interchange,NB,0.6,0.88,11.5
4/10/2025 9:00,countryclubdrive_to_I10interchange,NB,0.57,0.85,11.8
4/10/2025 10:00,countryclubdrive_to_I10interchange,NB,0.52,0.8,12.3
4/10/2025 11:00,countryclubdrive_to_I10interchange,NB,0.59,0.86,11.6
4/10/2025 12:00,countryclubdrive_to_I10interchange,NB,0.63,0.9,11.1
4/10/2025 13:00,countryclubdrive_to_I10interchange,NB,0.61,0.88,11.6
4/10/2025 14:00,countryclubdrive_to_I10interchange,NB,0.54,0.82,12.2
4/10/2025 15:00,countryclubdrive_to_I10interchange,NB,0.58,0.86,11.7
4/10/2025 16:00,countryclubdrive_to_I10interchange,NB,0.52,0.8,12.7
4/10/2025 17:00,countryclubdrive_to_I10interchange,NB,0.52,0.8,12.4
4/10/2025 18:00,countryclubdrive_to_I10interchange,NB,0.4,0.68,14.7
4/10/2025 19:00,countryclubdrive_to_I10interchange,NB,0.31,0.58,17.9
4/10/2025 20:00,countryclubdrive_to_I10interchange,NB,0.44,0.72,14.8
4/10/2025 21:00,countryclubdrive_to_I10interchange,NB,0.38,0.66,15.1
4/10/2025 22:00,countryclubdrive_to_I10interchange,NB,0.41,0.68,15
4/10/2025 23:00,countryclubdrive_to_I10interchange,NB,0.35,0.62,16.2
4/11/2025 0:00,countryclubdrive_to_I10interchange,NB,0.35,0.63,16.7
4/11/2025 1:00,countryclubdrive_to_I10interchange,NB,0.1,0.37,26.8
4/11/2025 2:00,countryclubdrive_to_I10interchange,NB,0.13,0.4,25.1
4/11/2025 3:00,countryclubdrive_to_I10interchange,NB,0.09,0.36,27.1
4/11/2025 4:00,countryclubdrive_to_I10interchange,NB,0.2,0.48,21.4
4/11/2025 5:00,countryclubdrive_to_I10interchange,NB,0.08,0.36,28.2
4/11/2025 6:00,countryclubdrive_to_I10interchange,NB,0.28,0.56,17.8
4/11/2025 7:00,countryclubdrive_to_I10interchange,NB,0.52,0.8,13.7
4/11/2025 8:00,countryclubdrive_to_I10interchange,NB,0.64,0.92,11.1
4/11/2025 9:00,countryclubdrive_to_I10interchange,NB,0.65,0.93,10.8
4/11/2025 10:00,countryclubdrive_to_I10interchange,NB,0.59,0.86,11.8
4/11/2025 11:00,countryclubdrive_to_I10interchange,NB,0.61,0.89,11.5
4/11/2025 12:00,countryclubdrive_to_I10interchange,NB,0.68,0.96,10.5
4/11/2025 13:00,countryclubdrive_to_I10interchange,NB,0.76,1.04,9.5
4/11/2025 14:00,countryclubdrive_to_I10interchange,NB,0.59,0.87,11.5
4/11/2025 15:00,countryclubdrive_to_I10interchange,NB,0.63,0.9,11
4/11/2025 16:00,countryclubdrive_to_I10interchange,NB,0.57,0.85,11.7
4/11/2025 17:00,countryclubdrive_to_I10interchange,NB,0.55,0.82,12
4/11/2025 18:00,countryclubdrive_to_I10interchange,NB,0.34,0.61,16.3
4/11/2025 19:00,countryclubdrive_to_I10interchange,NB,0.44,0.72,14.9
4/11/2025 20:00,countryclubdrive_to_I10interchange,NB,0.3,0.58,17.7
4/11/2025 21:00,countryclubdrive_to_I10interchange,NB,0.24,0.52,20.4
4/11/2025 22:00,countryclubdrive_to_I10interchange,NB,0.23,0.51,20.4
4/11/2025 23:00,countryclubdrive_to_I10interchange,NB,0.25,0.52,20.2
4/12/2025 0:00,countryclubdrive_to_I10interchange,NB,0.08,0.36,28.4
4/12/2025 1:00,countryclubdrive_to_I10interchange,NB,0.11,0.38,26
4/12/2025 2:00,countryclubdrive_to_I10interchange,NB,0.13,0.41,24.1
4/12/2025 3:00,countryclubdrive_to_I10interchange,NB,0.09,0.37,27.2
4/12/2025 4:00,countryclubdrive_to_I10interchange,NB,0.1,0.38,26.1
4/12/2025 5:00,countryclubdrive_to_I10interchange,NB,0.14,0.41,24.5
4/12/2025 6:00,countryclubdrive_to_I10interchange,NB,0.25,0.52,19
4/12/2025 7:00,countryclubdrive_to_I10interchange,NB,0.22,0.49,20.3
4/12/2025 8:00,countryclubdrive_to_I10interchange,NB,0.37,0.65,15.2
4/12/2025 9:00,countryclubdrive_to_I10interchange,NB,0.33,0.6,16.8
4/12/2025 10:00,countryclubdrive_to_I10interchange,NB,0.46,0.73,14.5
4/12/2025 11:00,countryclubdrive_to_I10interchange,NB,0.55,0.83,12.3
4/12/2025 12:00,countryclubdrive_to_I10interchange,NB,0.48,0.76,13.9
4/12/2025 13:00,countryclubdrive_to_I10interchange,NB,0.58,0.85,11.8
4/12/2025 14:00,countryclubdrive_to_I10interchange,NB,0.48,0.75,13.1
4/12/2025 15:00,countryclubdrive_to_I10interchange,NB,0.49,0.77,13
4/12/2025 16:00,countryclubdrive_to_I10interchange,NB,0.54,0.82,12.4
4/12/2025 17:00,countryclubdrive_to_I10interchange,NB,0.49,0.77,13.4
4/12/2025 18:00,countryclubdrive_to_I10interchange,NB,0.33,0.6,17.3
4/12/2025 19:00,countryclubdrive_to_I10interchange,NB,0.16,0.44,23
4/12/2025 20:00,countryclubdrive_to_I10interchange,NB,0.25,0.52,19.6
4/12/2025 21:00,countryclubdrive_to_I10interchange,NB,0.35,0.63,17.9
4/12/2025 22:00,countryclubdrive_to_I10interchange,NB,0.2,0.47,22.4
4/12/2025 23:00,countryclubdrive_to_I10interchange,NB,0.27,0.55,18.9
4/13/2025 0:00,countryclubdrive_to_I10interchange,NB,0.15,0.43,24.4
4/13/2025 1:00,countryclubdrive_to_I10interchange,NB,0.16,0.43,23
4/13/2025 2:00,countryclubdrive_to_I10interchange,NB,0.06,0.34,29.6
4/13/2025 3:00,countryclubdrive_to_I10interchange,NB,0.13,0.41,24.7
4/13/2025 4:00,countryclubdrive_to_I10interchange,NB,0.13,0.4,25.8
4/13/2025 5:00,countryclubdrive_to_I10interchange,NB,0.16,0.43,23
4/13/2025 6:00,countryclubdrive_to_I10interchange,NB,0.08,0.36,27.7
4/13/2025 7:00,countryclubdrive_to_I10interchange,NB,0.47,0.74,15.4
4/13/2025 8:00,countryclubdrive_to_I10interchange,NB,0.26,0.53,19.3
4/13/2025 9:00,countryclubdrive_to_I10interchange,NB,0.26,0.53,19.1
4/13/2025 10:00,countryclubdrive_to_I10interchange,NB,0.3,0.58,17.9
4/13/2025 11:00,countryclubdrive_to_I10interchange,NB,0.41,0.69,15.2
4/13/2025 12:00,countryclubdrive_to_I10interchange,NB,0.48,0.75,13.7
4/13/2025 13:00,countryclubdrive_to_I10interchange,NB,0.38,0.66,15.1
4/13/2025 14:00,countryclubdrive_to_I10interchange,NB,0.49,0.76,12.9
4/13/2025 15:00,countryclubdrive_to_I10interchange,NB,0.43,0.7,14.4
4/13/2025 16:00,countryclubdrive_to_I10interchange,NB,0.39,0.67,15.3
4/13/2025 17:00,countryclubdrive_to_I10interchange,NB,0.24,0.52,19.3
4/13/2025 18:00,countryclubdrive_to_I10interchange,NB,0.32,0.6,17.5
4/13/2025 19:00,countryclubdrive_to_I10interchange,NB,0.33,0.61,16.3
4/13/2025 20:00,countryclubdrive_to_I10interchange,NB,0.32,0.59,17.8
4/13/2025 21:00,countryclubdrive_to_I10interchange,NB,0.29,0.56,18.6
4/13/2025 22:00,countryclubdrive_to_I10interchange,NB,0.15,0.42,24.1
4/13/2025 23:00,countryclubdrive_to_I10interchange,NB,0.13,0.4,24.7
4/14/2025 0:00,countryclubdrive_to_I10interchange,NB,0.13,0.41,24
4/14/2025 1:00,countryclubdrive_to_I10interchange,NB,0.1,0.37,26.3
4/14/2025 2:00,countryclubdrive_to_I10interchange,NB,0.12,0.4,25.1
4/14/2025 3:00,countryclubdrive_to_I10interchange,NB,0.13,0.4,25.6
4/14/2025 4:00,countryclubdrive_to_I10interchange,NB,0.12,0.39,25.9
4/14/2025 5:00,countryclubdrive_to_I10interchange,NB,0.21,0.49,20.8
4/14/2025 6:00,countryclubdrive_to_I10interchange,NB,0.39,0.66,16.9
4/14/2025 7:00,countryclubdrive_to_I10interchange,NB,0.46,0.73,13.9
4/14/2025 8:00,countryclubdrive_to_I10interchange,NB,0.79,1.07,9.3
4/14/2025 9:00,countryclubdrive_to_I10interchange,NB,0.77,1.05,9.5
4/14/2025 10:00,countryclubdrive_to_I10interchange,NB,0.98,1.25,8.7
4/14/2025 11:00,countryclubdrive_to_I10interchange,NB,0.85,1.13,9.3
4/14/2025 12:00,countryclubdrive_to_I10interchange,NB,0.75,1.02,10.1
4/14/2025 13:00,countryclubdrive_to_I10interchange,NB,0.69,0.96,10.5
4/14/2025 14:00,countryclubdrive_to_I10interchange,NB,0.54,0.81,12.5
4/14/2025 15:00,countryclubdrive_to_I10interchange,NB,0.48,0.75,13.4
4/14/2025 16:00,countryclubdrive_to_I10interchange,NB,0.48,0.76,13.3
4/14/2025 17:00,countryclubdrive_to_I10interchange,NB,0.41,0.68,14.5
4/14/2025 18:00,countryclubdrive_to_I10interchange,NB,0.37,0.64,16.6
4/14/2025 19:00,countryclubdrive_to_I10interchange,NB,0.24,0.51,19.7
4/14/2025 20:00,countryclubdrive_to_I10interchange,NB,0.16,0.43,23.1
4/14/2025 21:00,countryclubdrive_to_I10interchange,NB,0.25,0.53,19.9
4/14/2025 22:00,countryclubdrive_to_I10interchange,NB,0.2,0.48,21.4
4/14/2025 23:00,countryclubdrive_to_I10interchange,NB,0.16,0.43,23.5
4/15/2025 0:00,countryclubdrive_to_I10interchange,NB,0.16,0.43,23.3
4/15/2025 1:00,countryclubdrive_to_I10interchange,NB,0.1,0.37,27.2
4/15/2025 2:00,countryclubdrive_to_I10interchange,NB,0.04,0.31,32
4/15/2025 3:00,countryclubdrive_to_I10interchange,NB,0.02,0.29,34.3
4/15/2025 4:00,countryclubdrive_to_I10interchange,NB,0.04,0.31,32.5
4/15/2025 5:00,countryclubdrive_to_I10interchange,NB,0.1,0.38,26.4
4/15/2025 6:00,countryclubdrive_to_I10interchange,NB,0.29,0.56,19
4/15/2025 7:00,countryclubdrive_to_I10interchange,NB,0.41,0.69,15.1
4/15/2025 8:00,countryclubdrive_to_I10interchange,NB,0.53,0.8,12.7
4/15/2025 9:00,countryclubdrive_to_I10interchange,NB,0.52,0.79,13.2
4/15/2025 10:00,countryclubdrive_to_I10interchange,NB,0.52,0.8,12.6
4/15/2025 11:00,countryclubdrive_to_I10interchange,NB,0.49,0.77,13.3
4/15/2025 12:00,countryclubdrive_to_I10interchange,NB,0.43,0.71,14
4/15/2025 13:00,countryclubdrive_to_I10interchange,NB,0.55,0.83,12.2
4/15/2025 14:00,countryclubdrive_to_I10interchange,NB,0.48,0.75,13
4/15/2025 15:00,countryclubdrive_to_I10interchange,NB,0.52,0.8,12.4
4/15/2025 16:00,countryclubdrive_to_I10interchange,NB,0.58,0.86,11.7
4/15/2025 17:00,countryclubdrive_to_I10interchange,NB,0.37,0.65,15.8
4/15/2025 18:00,countryclubdrive_to_I10interchange,NB,0.31,0.59,17.9
4/15/2025 19:00,countryclubdrive_to_I10interchange,NB,0.27,0.55,18.2
4/15/2025 20:00,countryclubdrive_to_I10interchange,NB,0.3,0.57,17.8
4/15/2025 21:00,countryclubdrive_to_I10interchange,NB,0.27,0.55,18.9
4/15/2025 22:00,countryclubdrive_to_I10interchange,NB,0.16,0.44,23.6
4/15/2025 23:00,countryclubdrive_to_I10interchange,NB,0.02,0.27,37.3
4/16/2025 0:00,countryclubdrive_to_I10interchange,NB,0.07,0.34,28.9
4/16/2025 1:00,countryclubdrive_to_I10interchange,NB,0.05,0.31,32.4
4/16/2025 2:00,countryclubdrive_to_I10interchange,NB,0,0.25,39.4
4/16/2025 3:00,countryclubdrive_to_I10interchange,NB,0.03,0.3,33.4
4/16/2025 4:00,countryclubdrive_to_I10interchange,NB,0.02,0.29,33.6
4/16/2025 5:00,countryclubdrive_to_I10interchange,NB,0.18,0.45,23.1
4/16/2025 6:00,countryclubdrive_to_I10interchange,NB,0.34,0.61,17.7
4/16/2025 7:00,countryclubdrive_to_I10interchange,NB,0.45,0.72,14.4
4/16/2025 8:00,countryclubdrive_to_I10interchange,NB,0.64,0.92,11.2
4/16/2025 9:00,countryclubdrive_to_I10interchange,NB,0.39,0.66,15.5
4/16/2025 10:00,countryclubdrive_to_I10interchange,NB,0.47,0.75,13.3
4/16/2025 11:00,countryclubdrive_to_I10interchange,NB,0.6,0.88,11.3
4/16/2025 12:00,countryclubdrive_to_I10interchange,NB,0.55,0.82,12.4
4/16/2025 13:00,countryclubdrive_to_I10interchange,NB,0.54,0.82,12.3
4/16/2025 14:00,countryclubdrive_to_I10interchange,NB,0.46,0.74,13.5
4/16/2025 15:00,countryclubdrive_to_I10interchange,NB,0.59,0.86,11.6
4/16/2025 16:00,countryclubdrive_to_I10interchange,NB,0.5,0.77,13.1
4/16/2025 17:00,countryclubdrive_to_I10interchange,NB,0.45,0.72,13.9
4/16/2025 18:00,countryclubdrive_to_I10interchange,NB,0.37,0.65,15.9
4/16/2025 19:00,countryclubdrive_to_I10interchange,NB,0.22,0.49,21.7
4/16/2025 20:00,countryclubdrive_to_I10interchange,NB,0.2,0.47,22.8
4/16/2025 21:00,countryclubdrive_to_I10interchange,NB,0.3,0.58,17.8
4/16/2025 22:00,countryclubdrive_to_I10interchange,NB,0.18,0.45,22.3
4/16/2025 23:00,countryclubdrive_to_I10interchange,NB,0.08,0.35,29.2
4/17/2025 0:00,countryclubdrive_to_I10interchange,NB,0.16,0.43,24.3
4/17/2025 1:00,countryclubdrive_to_I10interchange,NB,0.03,0.29,34.6
4/17/2025 2:00,countryclubdrive_to_I10interchange,NB,0.09,0.36,27.4
4/17/2025 3:00,countryclubdrive_to_I10interchange,NB,0.04,0.3,32.5
4/17/2025 4:00,countryclubdrive_to_I10interchange,NB,0.02,0.3,32.7
4/17/2025 5:00,countryclubdrive_to_I10interchange,NB,0.18,0.45,22.6
4/17/2025 6:00,countryclubdrive_to_I10interchange,NB,0.19,0.47,21.8
4/17/2025 7:00,countryclubdrive_to_I10interchange,NB,0.47,0.75,13.3
4/17/2025 8:00,countryclubdrive_to_I10interchange,NB,0.51,0.79,12.6
4/17/2025 9:00,countryclubdrive_to_I10interchange,NB,0.45,0.72,13.7
4/17/2025 10:00,countryclubdrive_to_I10interchange,NB,0.48,0.76,13.7
4/17/2025 11:00,countryclubdrive_to_I10interchange,NB,0.62,0.9,11.1
4/17/2025 12:00,countryclubdrive_to_I10interchange,NB,0.76,1.03,9.8
4/17/2025 13:00,countryclubdrive_to_I10interchange,NB,0.62,0.89,11.1
4/17/2025 14:00,countryclubdrive_to_I10interchange,NB,0.69,0.97,10.4
4/17/2025 15:00,countryclubdrive_to_I10interchange,NB,0.7,0.98,10.2
4/17/2025 16:00,countryclubdrive_to_I10interchange,NB,0.46,0.74,13.3
4/17/2025 17:00,countryclubdrive_to_I10interchange,NB,0.49,0.76,13.1
4/17/2025 18:00,countryclubdrive_to_I10interchange,NB,0.37,0.64,15.5
4/17/2025 19:00,countryclubdrive_to_I10interchange,NB,0.56,0.84,12.8
4/17/2025 20:00,countryclubdrive_to_I10interchange,NB,0.34,0.61,16.6
4/17/2025 21:00,countryclubdrive_to_I10interchange,NB,0.41,0.68,15.4
4/17/2025 22:00,countryclubdrive_to_I10interchange,NB,0.29,0.56,18.5
4/17/2025 23:00,countryclubdrive_to_I10interchange,NB,0.29,0.57,18.6
4/18/2025 0:00,countryclubdrive_to_I10interchange,NB,0.22,0.49,21
4/18/2025 1:00,countryclubdrive_to_I10interchange,NB,0.18,0.45,23
4/18/2025 2:00,countryclubdrive_to_I10interchange,NB,0.08,0.35,27.8
4/18/2025 3:00,countryclubdrive_to_I10interchange,NB,0.03,0.29,36
4/18/2025 4:00,countryclubdrive_to_I10interchange,NB,0.11,0.38,26.9
4/18/2025 5:00,countryclubdrive_to_I10interchange,NB,0.16,0.43,22.7
4/18/2025 6:00,countryclubdrive_to_I10interchange,NB,0.23,0.51,19.7
4/18/2025 7:00,countryclubdrive_to_I10interchange,NB,0.51,0.78,12.7
4/18/2025 8:00,countryclubdrive_to_I10interchange,NB,0.55,0.82,12.2
4/18/2025 9:00,countryclubdrive_to_I10interchange,NB,0.83,1.1,9.3
4/18/2025 10:00,countryclubdrive_to_I10interchange,NB,0.88,1.15,8.9
4/18/2025 11:00,countryclubdrive_to_I10interchange,NB,0.76,1.04,10
4/18/2025 12:00,countryclubdrive_to_I10interchange,NB,0.73,1.01,10.4
4/18/2025 13:00,countryclubdrive_to_I10interchange,NB,0.63,0.91,11
4/18/2025 14:00,countryclubdrive_to_I10interchange,NB,0.57,0.84,11.9
4/18/2025 15:00,countryclubdrive_to_I10interchange,NB,0.63,0.9,11
4/18/2025 16:00,countryclubdrive_to_I10interchange,NB,0.58,0.86,11.9
4/18/2025 17:00,countryclubdrive_to_I10interchange,NB,0.54,0.82,12.3
4/18/2025 18:00,countryclubdrive_to_I10interchange,NB,0.31,0.58,17.3
4/18/2025 19:00,countryclubdrive_to_I10interchange,NB,0.33,0.6,17
4/18/2025 20:00,countryclubdrive_to_I10interchange,NB,0.29,0.57,17.7
4/18/2025 21:00,countryclubdrive_to_I10interchange,NB,0.19,0.47,22.5
4/18/2025 22:00,countryclubdrive_to_I10interchange,NB,0.13,0.4,25.9
4/18/2025 23:00,countryclubdrive_to_I10interchange,NB,0.13,0.4,24.9
4/19/2025 0:00,countryclubdrive_to_I10interchange,NB,0.12,0.4,25.4
4/19/2025 1:00,countryclubdrive_to_I10interchange,NB,0.03,0.3,32.7
4/19/2025 2:00,countryclubdrive_to_I10interchange,NB,0.08,0.35,27.9
4/19/2025 3:00,countryclubdrive_to_I10interchange,NB,0.1,0.37,27.4
4/19/2025 4:00,countryclubdrive_to_I10interchange,NB,0.04,0.3,32.9
4/19/2025 5:00,countryclubdrive_to_I10interchange,NB,0.06,0.33,29.5
4/19/2025 6:00,countryclubdrive_to_I10interchange,NB,0.21,0.48,21.5
4/19/2025 7:00,countryclubdrive_to_I10interchange,NB,0.45,0.73,14.2
4/19/2025 8:00,countryclubdrive_to_I10interchange,NB,0.27,0.54,19.6
4/19/2025 9:00,countryclubdrive_to_I10interchange,NB,0.4,0.67,15.3
4/19/2025 10:00,countryclubdrive_to_I10interchange,NB,0.43,0.71,14.5
4/19/2025 11:00,countryclubdrive_to_I10interchange,NB,0.41,0.69,15.2
4/19/2025 12:00,countryclubdrive_to_I10interchange,NB,0.49,0.77,13.3
4/19/2025 13:00,countryclubdrive_to_I10interchange,NB,0.5,0.78,12.9
4/19/2025 14:00,countryclubdrive_to_I10interchange,NB,0.49,0.76,13.6
4/19/2025 15:00,countryclubdrive_to_I10interchange,NB,0.48,0.75,13.6
4/19/2025 16:00,countryclubdrive_to_I10interchange,NB,0.43,0.71,14.4
4/19/2025 17:00,countryclubdrive_to_I10interchange,NB,0.4,0.67,15.2
4/19/2025 18:00,countryclubdrive_to_I10interchange,NB,0.39,0.66,16.1
4/19/2025 19:00,countryclubdrive_to_I10interchange,NB,0.26,0.54,18.2
4/19/2025 20:00,countryclubdrive_to_I10interchange,NB,0.25,0.52,19.8
4/19/2025 21:00,countryclubdrive_to_I10interchange,NB,0.33,0.61,16.5
4/19/2025 22:00,countryclubdrive_to_I10interchange,NB,0.17,0.45,22
4/19/2025 23:00,countryclubdrive_to_I10interchange,NB,0.13,0.41,24.7
4/20/2025 0:00,countryclubdrive_to_I10interchange,NB,0.1,0.37,26.5
4/20/2025 1:00,countryclubdrive_to_I10interchange,NB,0.08,0.35,28.6
4/20/2025 2:00,countryclubdrive_to_I10interchange,NB,0.08,0.35,27.7
4/20/2025 3:00,countryclubdrive_to_I10interchange,NB,0.12,0.4,25.6
4/20/2025 4:00,countryclubdrive_to_I10interchange,NB,0.09,0.36,27.7
4/20/2025 5:00,countryclubdrive_to_I10interchange,NB,0.14,0.41,25
4/20/2025 6:00,countryclubdrive_to_I10interchange,NB,0.21,0.49,21.3
4/20/2025 7:00,countryclubdrive_to_I10interchange,NB,0.18,0.45,22.8
4/20/2025 8:00,countryclubdrive_to_I10interchange,NB,0.27,0.55,18.7
4/20/2025 9:00,countryclubdrive_to_I10interchange,NB,0.31,0.58,17.3
4/20/2025 10:00,countryclubdrive_to_I10interchange,NB,0.35,0.62,16.8
4/20/2025 11:00,countryclubdrive_to_I10interchange,NB,0.38,0.66,15.6
4/20/2025 12:00,countryclubdrive_to_I10interchange,NB,0.38,0.66,15.2
4/20/2025 13:00,countryclubdrive_to_I10interchange,NB,0.53,0.81,12.2
4/20/2025 14:00,countryclubdrive_to_I10interchange,NB,0.35,0.62,16.4
4/20/2025 15:00,countryclubdrive_to_I10interchange,NB,0.41,0.68,15.1
4/20/2025 16:00,countryclubdrive_to_I10interchange,NB,0.41,0.69,14.9
4/20/2025 17:00,countryclubdrive_to_I10interchange,NB,0.45,0.73,14.3
4/20/2025 18:00,countryclubdrive_to_I10interchange,NB,0.31,0.58,18.1
4/20/2025 19:00,countryclubdrive_to_I10interchange,NB,0.4,0.68,15.3
4/20/2025 20:00,countryclubdrive_to_I10interchange,NB,0.34,0.61,16.9
4/20/2025 21:00,countryclubdrive_to_I10interchange,NB,0.33,0.61,18.2
4/20/2025 22:00,countryclubdrive_to_I10interchange,NB,0.18,0.45,22.7
4/20/2025 23:00,countryclubdrive_to_I10interchange,NB,0.13,0.41,24.6
4/21/2025 0:00,countryclubdrive_to_I10interchange,NB,0.08,0.36,27.4
4/21/2025 1:00,countryclubdrive_to_I10interchange,NB,0.09,0.37,26.9
4/21/2025 2:00,countryclubdrive_to_I10interchange,NB,0.11,0.38,27.8
4/21/2025 3:00,countryclubdrive_to_I10interchange,NB,0.06,0.34,30.1
4/21/2025 4:00,countryclubdrive_to_I10interchange,NB,0.11,0.39,25.9
4/21/2025 5:00,countryclubdrive_to_I10interchange,NB,0.22,0.49,20.2
4/21/2025 6:00,countryclubdrive_to_I10interchange,NB,0.36,0.64,15.7
4/21/2025 7:00,countryclubdrive_to_I10interchange,NB,0.46,0.74,13.9
4/21/2025 8:00,countryclubdrive_to_I10interchange,NB,0.57,0.84,11.6
4/21/2025 9:00,countryclubdrive_to_I10interchange,NB,0.68,0.96,10.3
4/21/2025 10:00,countryclubdrive_to_I10interchange,NB,0.97,1.25,8.3
4/21/2025 11:00,countryclubdrive_to_I10interchange,NB,0.81,1.08,9.4
4/21/2025 12:00,countryclubdrive_to_I10interchange,NB,0.58,0.86,12.6
4/21/2025 13:00,countryclubdrive_to_I10interchange,NB,0.54,0.81,12.4
4/21/2025 14:00,countryclubdrive_to_I10interchange,NB,0.45,0.73,13.5
4/21/2025 15:00,countryclubdrive_to_I10interchange,NB,0.42,0.7,14.3
4/21/2025 16:00,countryclubdrive_to_I10interchange,NB,0.38,0.65,15.4
4/21/2025 17:00,countryclubdrive_to_I10interchange,NB,0.41,0.68,14.8
4/21/2025 18:00,countryclubdrive_to_I10interchange,NB,0.26,0.54,18.8
4/21/2025 19:00,countryclubdrive_to_I10interchange,NB,0.14,0.4,29.2
4/21/2025 20:00,countryclubdrive_to_I10interchange,NB,0.24,0.51,20
4/21/2025 21:00,countryclubdrive_to_I10interchange,NB,0.21,0.49,20.9
4/21/2025 22:00,countryclubdrive_to_I10interchange,NB,0.13,0.41,24.9
4/21/2025 23:00,countryclubdrive_to_I10interchange,NB,0.1,0.38,25.9
4/22/2025 0:00,countryclubdrive_to_I10interchange,NB,0.04,0.32,31.5
4/22/2025 1:00,countryclubdrive_to_I10interchange,NB,0.1,0.38,26
4/22/2025 2:00,countryclubdrive_to_I10interchange,NB,0.08,0.34,30.5
4/22/2025 3:00,countryclubdrive_to_I10interchange,NB,0.13,0.39,27.4
4/22/2025 4:00,countryclubdrive_to_I10interchange,NB,0.01,0.26,38.5
4/22/2025 5:00,countryclubdrive_to_I10interchange,NB,0.19,0.46,24
4/22/2025 6:00,countryclubdrive_to_I10interchange,NB,0.36,0.64,16.1
4/22/2025 7:00,countryclubdrive_to_I10interchange,NB,0.48,0.75,13.3
4/22/2025 8:00,countryclubdrive_to_I10interchange,NB,0.46,0.73,13.7
4/22/2025 9:00,countryclubdrive_to_I10interchange,NB,0.42,0.7,14.6
4/22/2025 10:00,countryclubdrive_to_I10interchange,NB,0.41,0.68,15.1
4/22/2025 11:00,countryclubdrive_to_I10interchange,NB,0.38,0.66,15
4/22/2025 12:00,countryclubdrive_to_I10interchange,NB,0.52,0.8,12.7
4/22/2025 13:00,countryclubdrive_to_I10interchange,NB,0.58,0.85,12.1
4/22/2025 14:00,countryclubdrive_to_I10interchange,NB,0.43,0.71,14.2
4/22/2025 15:00,countryclubdrive_to_I10interchange,NB,0.54,0.82,12.6
4/22/2025 16:00,countryclubdrive_to_I10interchange,NB,0.51,0.79,12.5
4/22/2025 17:00,countryclubdrive_to_I10interchange,NB,0.45,0.73,13.8
4/22/2025 18:00,countryclubdrive_to_I10interchange,NB,0.25,0.53,18.7
4/22/2025 19:00,countryclubdrive_to_I10interchange,NB,0.17,0.44,22.2
4/22/2025 20:00,countryclubdrive_to_I10interchange,NB,0.28,0.55,20.3
4/22/2025 21:00,countryclubdrive_to_I10interchange,NB,0.29,0.56,18.1
4/22/2025 22:00,countryclubdrive_to_I10interchange,NB,0.22,0.5,19.7
4/22/2025 23:00,countryclubdrive_to_I10interchange,NB,0.12,0.39,25.2
4/23/2025 0:00,countryclubdrive_to_I10interchange,NB,0.08,0.35,28
4/23/2025 1:00,countryclubdrive_to_I10interchange,NB,0.02,0.29,34
4/23/2025 2:00,countryclubdrive_to_I10interchange,NB,0.03,0.29,34.2
4/23/2025 3:00,countryclubdrive_to_I10interchange,NB,0.01,0.26,38.3
4/23/2025 4:00,countryclubdrive_to_I10interchange,NB,0.12,0.39,26.7
4/23/2025 5:00,countryclubdrive_to_I10interchange,NB,0.15,0.42,24.4
4/23/2025 6:00,countryclubdrive_to_I10interchange,NB,0.27,0.54,19
4/23/2025 7:00,countryclubdrive_to_I10interchange,NB,0.45,0.73,14
4/23/2025 8:00,countryclubdrive_to_I10interchange,NB,0.48,0.75,13.5
4/23/2025 9:00,countryclubdrive_to_I10interchange,NB,0.48,0.76,13.4
4/23/2025 10:00,countryclubdrive_to_I10interchange,NB,0.52,0.8,12.9
4/23/2025 11:00,countryclubdrive_to_I10interchange,NB,0.53,0.8,12.4
4/23/2025 12:00,countryclubdrive_to_I10interchange,NB,0.55,0.83,12.2
4/23/2025 13:00,countryclubdrive_to_I10interchange,NB,0.43,0.7,14.1
4/23/2025 14:00,countryclubdrive_to_I10interchange,NB,0.55,0.82,12.5
4/23/2025 15:00,countryclubdrive_to_I10interchange,NB,0.49,0.76,13
4/23/2025 16:00,countryclubdrive_to_I10interchange,NB,0.53,0.81,12.2
4/23/2025 17:00,countryclubdrive_to_I10interchange,NB,0.48,0.75,13.4
4/23/2025 18:00,countryclubdrive_to_I10interchange,NB,0.32,0.59,17.4
4/23/2025 19:00,countryclubdrive_to_I10interchange,NB,0.31,0.58,19.3
4/23/2025 20:00,countryclubdrive_to_I10interchange,NB,0.31,0.58,17.9
4/23/2025 21:00,countryclubdrive_to_I10interchange,NB,0.25,0.53,19.6
4/23/2025 22:00,countryclubdrive_to_I10interchange,NB,0.15,0.43,24.3
4/23/2025 23:00,countryclubdrive_to_I10interchange,NB,0.12,0.39,26.1
4/24/2025 0:00,countryclubdrive_to_I10interchange,NB,0.1,0.38,27.1
4/24/2025 1:00,countryclubdrive_to_I10interchange,NB,0.07,0.34,28.6
4/24/2025 2:00,countryclubdrive_to_I10interchange,NB,0.02,0.25,39.2
4/24/2025 3:00,countryclubdrive_to_I10interchange,NB,0.03,0.29,34.2
4/24/2025 4:00,countryclubdrive_to_I10interchange,NB,0.05,0.32,30.8
4/24/2025 5:00,countryclubdrive_to_I10interchange,NB,0.23,0.5,22.4
4/24/2025 6:00,countryclubdrive_to_I10interchange,NB,0.32,0.6,18.2
4/24/2025 7:00,countryclubdrive_to_I10interchange,NB,0.47,0.75,13.2
4/24/2025 8:00,countryclubdrive_to_I10interchange,NB,0.42,0.69,15.3
4/24/2025 9:00,countryclubdrive_to_I10interchange,NB,0.53,0.8,12.8
4/24/2025 10:00,countryclubdrive_to_I10interchange,NB,0.53,0.81,12.6
4/24/2025 11:00,countryclubdrive_to_I10interchange,NB,0.47,0.75,14
4/24/2025 12:00,countryclubdrive_to_I10interchange,NB,0.57,0.85,11.9
4/24/2025 13:00,countryclubdrive_to_I10interchange,NB,0.49,0.77,13.1
4/24/2025 14:00,countryclubdrive_to_I10interchange,NB,0.52,0.8,12.6
4/24/2025 15:00,countryclubdrive_to_I10interchange,NB,0.46,0.73,13.4
4/24/2025 16:00,countryclubdrive_to_I10interchange,NB,0.46,0.73,13.9
4/24/2025 17:00,countryclubdrive_to_I10interchange,NB,0.5,0.78,12.9
4/24/2025 18:00,countryclubdrive_to_I10interchange,NB,0.45,0.73,14.5
4/24/2025 19:00,countryclubdrive_to_I10interchange,NB,0.36,0.63,16.2
4/24/2025 20:00,countryclubdrive_to_I10interchange,NB,0.37,0.64,16
4/24/2025 21:00,countryclubdrive_to_I10interchange,NB,0.31,0.58,17.7
4/24/2025 22:00,countryclubdrive_to_I10interchange,NB,0.31,0.58,17.2
4/24/2025 23:00,countryclubdrive_to_I10interchange,NB,0.22,0.49,20.5
4/25/2025 0:00,countryclubdrive_to_I10interchange,NB,0.21,0.48,21.4
4/25/2025 1:00,countryclubdrive_to_I10interchange,NB,0.06,0.33,29.6
4/25/2025 2:00,countryclubdrive_to_I10interchange,NB,0.07,0.34,29.2
4/25/2025 3:00,countryclubdrive_to_I10interchange,NB,0.02,0.29,33.4
4/25/2025 4:00,countryclubdrive_to_I10interchange,NB,0.08,0.36,27.4
4/25/2025 5:00,countryclubdrive_to_I10interchange,NB,0.18,0.45,23.4
4/25/2025 6:00,countryclubdrive_to_I10interchange,NB,0.22,0.5,20.5
4/25/2025 7:00,countryclubdrive_to_I10interchange,NB,0.41,0.69,14.9
4/25/2025 8:00,countryclubdrive_to_I10interchange,NB,0.51,0.79,13.4
4/25/2025 9:00,countryclubdrive_to_I10interchange,NB,0.48,0.76,13.2
4/25/2025 10:00,countryclubdrive_to_I10interchange,NB,0.55,0.83,12.1
4/25/2025 11:00,countryclubdrive_to_I10interchange,NB,0.52,0.79,12.5
4/25/2025 12:00,countryclubdrive_to_I10interchange,NB,0.58,0.86,11.5
4/25/2025 13:00,countryclubdrive_to_I10interchange,NB,0.68,0.96,10.3
4/25/2025 14:00,countryclubdrive_to_I10interchange,NB,0.46,0.74,13.4
4/25/2025 15:00,countryclubdrive_to_I10interchange,NB,0.55,0.83,12.1
4/25/2025 16:00,countryclubdrive_to_I10interchange,NB,0.43,0.71,14
4/25/2025 17:00,countryclubdrive_to_I10interchange,NB,0.42,0.7,14.2
4/25/2025 18:00,countryclubdrive_to_I10interchange,NB,0.36,0.64,15.7
4/25/2025 19:00,countryclubdrive_to_I10interchange,NB,0.26,0.53,18.8
4/25/2025 20:00,countryclubdrive_to_I10interchange,NB,0.42,0.69,15.6
4/25/2025 21:00,countryclubdrive_to_I10interchange,NB,0.24,0.52,19.4
4/25/2025 22:00,countryclubdrive_to_I10interchange,NB,0.14,0.42,24
4/25/2025 23:00,countryclubdrive_to_I10interchange,NB,0.23,0.5,20
4/26/2025 0:00,countryclubdrive_to_I10interchange,NB,0.25,0.53,19.6
4/26/2025 1:00,countryclubdrive_to_I10interchange,NB,0.12,0.4,25.5
4/26/2025 2:00,countryclubdrive_to_I10interchange,NB,0.07,0.35,28.3
4/26/2025 3:00,countryclubdrive_to_I10interchange,NB,0.11,0.38,25.9
4/26/2025 4:00,countryclubdrive_to_I10interchange,NB,0.11,0.38,27.6
4/26/2025 5:00,countryclubdrive_to_I10interchange,NB,0.05,0.32,31.6
4/26/2025 6:00,countryclubdrive_to_I10interchange,NB,0.16,0.44,23.1
4/26/2025 7:00,countryclubdrive_to_I10interchange,NB,0.39,0.67,14.9
4/26/2025 8:00,countryclubdrive_to_I10interchange,NB,0.26,0.54,18.6
4/26/2025 9:00,countryclubdrive_to_I10interchange,NB,0.32,0.6,17
4/26/2025 10:00,countryclubdrive_to_I10interchange,NB,0.45,0.72,14.2
4/26/2025 11:00,countryclubdrive_to_I10interchange,NB,0.43,0.71,14.3
4/26/2025 12:00,countryclubdrive_to_I10interchange,NB,0.48,0.76,13.5
4/26/2025 13:00,countryclubdrive_to_I10interchange,NB,0.5,0.77,13
4/26/2025 14:00,countryclubdrive_to_I10interchange,NB,0.54,0.81,13
4/26/2025 15:00,countryclubdrive_to_I10interchange,NB,0.35,0.63,16.1
4/26/2025 16:00,countryclubdrive_to_I10interchange,NB,0.37,0.64,15.3
4/26/2025 17:00,countryclubdrive_to_I10interchange,NB,0.38,0.65,15.5
4/26/2025 18:00,countryclubdrive_to_I10interchange,NB,0.27,0.55,18.2
4/26/2025 19:00,countryclubdrive_to_I10interchange,NB,0.2,0.47,21.2
4/26/2025 20:00,countryclubdrive_to_I10interchange,NB,0.3,0.58,17
4/26/2025 21:00,countryclubdrive_to_I10interchange,NB,0.27,0.55,19.6
4/26/2025 22:00,countryclubdrive_to_I10interchange,NB,0.2,0.47,21.4
4/26/2025 23:00,countryclubdrive_to_I10interchange,NB,0.16,0.44,23
4/27/2025 0:00,countryclubdrive_to_I10interchange,NB,0.07,0.34,29.1
4/27/2025 1:00,countryclubdrive_to_I10interchange,NB,0.1,0.37,27.3
4/27/2025 2:00,countryclubdrive_to_I10interchange,NB,0.11,0.38,27.9
4/27/2025 3:00,countryclubdrive_to_I10interchange,NB,0.18,0.46,22.5
4/27/2025 4:00,countryclubdrive_to_I10interchange,NB,0.07,0.34,28.3
4/27/2025 5:00,countryclubdrive_to_I10interchange,NB,0.11,0.38,26
4/27/2025 6:00,countryclubdrive_to_I10interchange,NB,0.15,0.42,24.8
4/27/2025 7:00,countryclubdrive_to_I10interchange,NB,0.22,0.5,20.6
4/27/2025 8:00,countryclubdrive_to_I10interchange,NB,0.26,0.53,20.3
4/27/2025 9:00,countryclubdrive_to_I10interchange,NB,0.36,0.63,16.2
4/27/2025 10:00,countryclubdrive_to_I10interchange,NB,0.31,0.59,17
4/27/2025 11:00,countryclubdrive_to_I10interchange,NB,0.4,0.68,14.8
4/27/2025 12:00,countryclubdrive_to_I10interchange,NB,0.44,0.72,14.1
4/27/2025 13:00,countryclubdrive_to_I10interchange,NB,0.4,0.67,15.1
4/27/2025 14:00,countryclubdrive_to_I10interchange,NB,0.45,0.73,13.8
4/27/2025 15:00,countryclubdrive_to_I10interchange,NB,0.36,0.64,16
4/27/2025 16:00,countryclubdrive_to_I10interchange,NB,0.42,0.7,14.6
4/27/2025 17:00,countryclubdrive_to_I10interchange,NB,0.22,0.49,20.3
4/27/2025 18:00,countryclubdrive_to_I10interchange,NB,0.42,0.69,15.2
4/27/2025 19:00,countryclubdrive_to_I10interchange,NB,0.27,0.55,19.2
4/27/2025 20:00,countryclubdrive_to_I10interchange,NB,0.23,0.5,20
4/27/2025 21:00,countryclubdrive_to_I10interchange,NB,0.22,0.5,20.1
4/27/2025 22:00,countryclubdrive_to_I10interchange,NB,0.21,0.49,20.7
4/27/2025 23:00,countryclubdrive_to_I10interchange,NB,0.13,0.4,24.6
4/28/2025 0:00,countryclubdrive_to_I10interchange,NB,0.08,0.35,27.7
4/28/2025 1:00,countryclubdrive_to_I10interchange,NB,0.09,0.36,27
4/28/2025 2:00,countryclubdrive_to_I10interchange,NB,0.07,0.34,29.4
4/28/2025 3:00,countryclubdrive_to_I10interchange,NB,0.09,0.37,27.5
4/28/2025 4:00,countryclubdrive_to_I10interchange,NB,0.15,0.43,24.3
4/28/2025 5:00,countryclubdrive_to_I10interchange,NB,0.2,0.47,21.6
4/28/2025 6:00,countryclubdrive_to_I10interchange,NB,0.45,0.72,15.2
4/28/2025 7:00,countryclubdrive_to_I10interchange,NB,0.54,0.81,12.7
4/28/2025 8:00,countryclubdrive_to_I10interchange,NB,0.75,1.02,9.9
4/28/2025 9:00,countryclubdrive_to_I10interchange,NB,1.08,1.36,8.2
4/28/2025 10:00,countryclubdrive_to_I10interchange,NB,0.69,0.97,11.1
4/28/2025 11:00,countryclubdrive_to_I10interchange,NB,0.51,0.78,13.1
4/28/2025 12:00,countryclubdrive_to_I10interchange,NB,0.42,0.7,14.3
4/28/2025 13:00,countryclubdrive_to_I10interchange,NB,0.45,0.72,14.1
4/28/2025 14:00,countryclubdrive_to_I10interchange,NB,0.42,0.7,14.5
4/28/2025 15:00,countryclubdrive_to_I10interchange,NB,0.52,0.8,12.5
4/28/2025 16:00,countryclubdrive_to_I10interchange,NB,0.53,0.8,12.3
4/28/2025 17:00,countryclubdrive_to_I10interchange,NB,0.38,0.66,15.2
4/28/2025 18:00,countryclubdrive_to_I10interchange,NB,0.38,0.66,16.1
4/28/2025 19:00,countryclubdrive_to_I10interchange,NB,0.26,0.54,19.3
4/28/2025 20:00,countryclubdrive_to_I10interchange,NB,0.24,0.51,19.8
4/28/2025 21:00,countryclubdrive_to_I10interchange,NB,0.18,0.46,21.8
4/28/2025 22:00,countryclubdrive_to_I10interchange,NB,0.14,0.41,26.2
4/28/2025 23:00,countryclubdrive_to_I10interchange,NB,0.18,0.44,22.7
4/29/2025 0:00,countryclubdrive_to_I10interchange,NB,0.03,0.31,31.7
4/29/2025 1:00,countryclubdrive_to_I10interchange,NB,0.03,0.3,32.9
4/29/2025 2:00,countryclubdrive_to_I10interchange,NB,0,0.25,39.4
4/29/2025 3:00,countryclubdrive_to_I10interchange,NB,0.01,0.25,39.5
4/29/2025 4:00,countryclubdrive_to_I10interchange,NB,0.03,0.3,32.4
4/29/2025 5:00,countryclubdrive_to_I10interchange,NB,0.09,0.36,27.4
4/29/2025 6:00,countryclubdrive_to_I10interchange,NB,0.28,0.55,18.9
4/29/2025 7:00,countryclubdrive_to_I10interchange,NB,0.42,0.7,14.6
4/29/2025 8:00,countryclubdrive_to_I10interchange,NB,0.52,0.79,12.5
4/29/2025 9:00,countryclubdrive_to_I10interchange,NB,0.38,0.66,15.1
4/29/2025 10:00,countryclubdrive_to_I10interchange,NB,0.34,0.62,16.3
4/29/2025 11:00,countryclubdrive_to_I10interchange,NB,0.5,0.78,13
4/29/2025 12:00,countryclubdrive_to_I10interchange,NB,0.49,0.77,13.4
4/29/2025 13:00,countryclubdrive_to_I10interchange,NB,0.48,0.75,13.6
4/29/2025 14:00,countryclubdrive_to_I10interchange,NB,0.55,0.82,12
4/29/2025 15:00,countryclubdrive_to_I10interchange,NB,0.48,0.76,13.1
4/29/2025 16:00,countryclubdrive_to_I10interchange,NB,0.5,0.77,13.1
4/29/2025 17:00,countryclubdrive_to_I10interchange,NB,0.42,0.69,14.7
4/29/2025 18:00,countryclubdrive_to_I10interchange,NB,0.33,0.6,17
4/29/2025 19:00,countryclubdrive_to_I10interchange,NB,0.17,0.44,22.8
4/29/2025 20:00,countryclubdrive_to_I10interchange,NB,0.22,0.5,20.9
4/29/2025 21:00,countryclubdrive_to_I10interchange,NB,0.15,0.4,27.8
4/29/2025 22:00,countryclubdrive_to_I10interchange,NB,0.19,0.46,21.5
4/29/2025 23:00,countryclubdrive_to_I10interchange,NB,0.17,0.44,22.3
4/30/2025 0:00,countryclubdrive_to_I10interchange,NB,0.12,0.4,25
4/30/2025 1:00,countryclubdrive_to_I10interchange,NB,0.03,0.29,34.3
4/30/2025 2:00,countryclubdrive_to_I10interchange,NB,0.06,0.34,29
4/30/2025 3:00,countryclubdrive_to_I10interchange,NB,0.01,0.26,37.6
4/30/2025 4:00,countryclubdrive_to_I10interchange,NB,0.05,0.3,34
4/30/2025 5:00,countryclubdrive_to_I10interchange,NB,0.23,0.51,20.5
4/30/2025 6:00,countryclubdrive_to_I10interchange,NB,0.35,0.63,16.3
4/30/2025 7:00,countryclubdrive_to_I10interchange,NB,0.65,0.93,11.2
4/30/2025 8:00,countryclubdrive_to_I10interchange,NB,0.53,0.8,12.7
4/30/2025 9:00,countryclubdrive_to_I10interchange,NB,0.45,0.72,14.3
4/30/2025 10:00,countryclubdrive_to_I10interchange,NB,0.36,0.64,16
4/30/2025 11:00,countryclubdrive_to_I10interchange,NB,0.38,0.65,15.2
4/30/2025 12:00,countryclubdrive_to_I10interchange,NB,0.42,0.69,14.7
4/30/2025 13:00,countryclubdrive_to_I10interchange,NB,0.47,0.75,13.8
4/30/2025 14:00,countryclubdrive_to_I10interchange,NB,0.56,0.84,11.9
4/30/2025 15:00,countryclubdrive_to_I10interchange,NB,0.57,0.85,12.3
4/30/2025 16:00,countryclubdrive_to_I10interchange,NB,0.53,0.8,12.6
4/30/2025 17:00,countryclubdrive_to_I10interchange,NB,0.45,0.73,13.5
4/30/2025 18:00,countryclubdrive_to_I10interchange,NB,0.3,0.57,17.6
4/30/2025 19:00,countryclubdrive_to_I10interchange,NB,0.19,0.46,21.8
4/30/2025 20:00,countryclubdrive_to_I10interchange,NB,0.23,0.51,20.5
4/30/2025 21:00,countryclubdrive_to_I10interchange,NB,0.12,0.4,24.9
4/30/2025 22:00,countryclubdrive_to_I10interchange,NB,0.18,0.45,22
4/30/2025 23:00,countryclubdrive_to_I10interchange,NB,0.11,0.38,25.8
5/1/2025 0:00,countryclubdrive_to_I10interchange,NB,0.09,0.36,27.5
5/1/2025 1:00,countryclubdrive_to_I10interchange,NB,0,0.24,40.8
5/1/2025 2:00,countryclubdrive_to_I10interchange,NB,0.01,0.26,37.6
5/1/2025 3:00,countryclubdrive_to_I10interchange,NB,0,0.22,43.5
5/1/2025 4:00,countryclubdrive_to_I10interchange,NB,0.01,0.27,36.4
5/1/2025 5:00,countryclubdrive_to_I10interchange,NB,0.15,0.42,25.6
5/1/2025 6:00,countryclubdrive_to_I10interchange,NB,0.25,0.53,19.4
5/1/2025 7:00,countryclubdrive_to_I10interchange,NB,0.54,0.81,12.8
5/1/2025 8:00,countryclubdrive_to_I10interchange,NB,0.59,0.86,12
5/1/2025 9:00,countryclubdrive_to_I10interchange,NB,0.42,0.7,14.5
5/1/2025 10:00,countryclubdrive_to_I10interchange,NB,0.4,0.67,14.8
5/1/2025 11:00,countryclubdrive_to_I10interchange,NB,0.44,0.72,14.5
5/1/2025 12:00,countryclubdrive_to_I10interchange,NB,0.55,0.83,12.2
5/1/2025 13:00,countryclubdrive_to_I10interchange,NB,0.53,0.8,12.4
5/1/2025 14:00,countryclubdrive_to_I10interchange,NB,0.48,0.75,13.4
5/1/2025 15:00,countryclubdrive_to_I10interchange,NB,0.48,0.76,13.2
5/1/2025 16:00,countryclubdrive_to_I10interchange,NB,0.47,0.75,13.3
5/1/2025 17:00,countryclubdrive_to_I10interchange,NB,0.42,0.7,14.2
5/1/2025 18:00,countryclubdrive_to_I10interchange,NB,0.37,0.65,15.6
5/1/2025 19:00,countryclubdrive_to_I10interchange,NB,0.26,0.54,19.7
5/1/2025 20:00,countryclubdrive_to_I10interchange,NB,0.35,0.62,17.3
5/1/2025 21:00,countryclubdrive_to_I10interchange,NB,0.24,0.52,19.3
5/1/2025 22:00,countryclubdrive_to_I10interchange,NB,0.26,0.53,19.8
5/1/2025 23:00,countryclubdrive_to_I10interchange,NB,0.18,0.45,22.3
5/2/2025 0:00,countryclubdrive_to_I10interchange,NB,0.03,0.3,33.2
5/2/2025 1:00,countryclubdrive_to_I10interchange,NB,0.02,0.28,35.2
5/2/2025 2:00,countryclubdrive_to_I10interchange,NB,0.01,0.25,38.6
5/2/2025 3:00,countryclubdrive_to_I10interchange,NB,0.01,0.26,38.4
5/2/2025 4:00,countryclubdrive_to_I10interchange,NB,0.02,0.29,34.6
5/2/2025 5:00,countryclubdrive_to_I10interchange,NB,0.03,0.29,33.3
5/2/2025 6:00,countryclubdrive_to_I10interchange,NB,0.38,0.66,16
5/2/2025 7:00,countryclubdrive_to_I10interchange,NB,0.41,0.68,14.8
5/2/2025 8:00,countryclubdrive_to_I10interchange,NB,0.47,0.75,13.2
5/2/2025 9:00,countryclubdrive_to_I10interchange,NB,0.48,0.75,13.5
5/2/2025 10:00,countryclubdrive_to_I10interchange,NB,0.42,0.69,15.1
5/2/2025 11:00,countryclubdrive_to_I10interchange,NB,0.53,0.81,12.5
5/2/2025 12:00,countryclubdrive_to_I10interchange,NB,0.54,0.82,12.7
5/2/2025 13:00,countryclubdrive_to_I10interchange,NB,0.48,0.75,13.3
5/2/2025 14:00,countryclubdrive_to_I10interchange,NB,0.54,0.82,12.4
5/2/2025 15:00,countryclubdrive_to_I10interchange,NB,0.62,0.9,11.4
5/2/2025 16:00,countryclubdrive_to_I10interchange,NB,0.55,0.82,12
5/2/2025 17:00,countryclubdrive_to_I10interchange,NB,0.4,0.68,15
5/2/2025 18:00,countryclubdrive_to_I10interchange,NB,0.3,0.58,17.4
5/2/2025 19:00,countryclubdrive_to_I10interchange,NB,0.22,0.5,20
5/2/2025 20:00,countryclubdrive_to_I10interchange,NB,0.25,0.53,19.4
5/2/2025 21:00,countryclubdrive_to_I10interchange,NB,0.34,0.61,17.2
5/2/2025 22:00,countryclubdrive_to_I10interchange,NB,0.3,0.57,17.9
5/2/2025 23:00,countryclubdrive_to_I10interchange,NB,0.22,0.5,20.5
5/3/2025 0:00,countryclubdrive_to_I10interchange,NB,0.16,0.43,22.9
5/3/2025 1:00,countryclubdrive_to_I10interchange,NB,0.06,0.33,29.7
5/3/2025 2:00,countryclubdrive_to_I10interchange,NB,0.02,0.29,33.6
5/3/2025 3:00,countryclubdrive_to_I10interchange,NB,0.07,0.35,28.3
5/3/2025 4:00,countryclubdrive_to_I10interchange,NB,0.06,0.33,29.5
5/3/2025 5:00,countryclubdrive_to_I10interchange,NB,0.15,0.43,22.8
5/3/2025 6:00,countryclubdrive_to_I10interchange,NB,0.2,0.47,22.2
5/3/2025 7:00,countryclubdrive_to_I10interchange,NB,0.26,0.54,18.8
5/3/2025 8:00,countryclubdrive_to_I10interchange,NB,0.35,0.62,16.9
5/3/2025 9:00,countryclubdrive_to_I10interchange,NB,0.39,0.67,15.9
5/3/2025 10:00,countryclubdrive_to_I10interchange,NB,0.37,0.64,15.7
5/3/2025 11:00,countryclubdrive_to_I10interchange,NB,0.32,0.6,17.3
5/3/2025 12:00,countryclubdrive_to_I10interchange,NB,0.42,0.7,14.5
5/3/2025 13:00,countryclubdrive_to_I10interchange,NB,0.44,0.72,14.1
5/3/2025 14:00,countryclubdrive_to_I10interchange,NB,0.36,0.63,15.7
5/3/2025 15:00,countryclubdrive_to_I10interchange,NB,0.39,0.67,14.9
5/3/2025 16:00,countryclubdrive_to_I10interchange,NB,0.42,0.7,14.3
5/3/2025 17:00,countryclubdrive_to_I10interchange,NB,0.44,0.71,14.4
5/3/2025 18:00,countryclubdrive_to_I10interchange,NB,0.3,0.57,17.8
5/3/2025 19:00,countryclubdrive_to_I10interchange,NB,0.25,0.53,18.9
5/3/2025 20:00,countryclubdrive_to_I10interchange,NB,0.28,0.55,18.9
5/3/2025 21:00,countryclubdrive_to_I10interchange,NB,0.37,0.64,17.3
5/3/2025 22:00,countryclubdrive_to_I10interchange,NB,0.19,0.47,22
5/3/2025 23:00,countryclubdrive_to_I10interchange,NB,0.15,0.42,24.2
5/4/2025 0:00,countryclubdrive_to_I10interchange,NB,0.16,0.44,22.6
5/4/2025 1:00,countryclubdrive_to_I10interchange,NB,0.09,0.37,27.1
5/4/2025 2:00,countryclubdrive_to_I10interchange,NB,0.07,0.35,28.8
5/4/2025 3:00,countryclubdrive_to_I10interchange,NB,0.02,0.27,36.5
5/4/2025 4:00,countryclubdrive_to_I10interchange,NB,0.03,0.3,32.3
5/4/2025 5:00,countryclubdrive_to_I10interchange,NB,0.14,0.41,24.9
5/4/2025 6:00,countryclubdrive_to_I10interchange,NB,0.15,0.42,24.2
5/4/2025 7:00,countryclubdrive_to_I10interchange,NB,0.26,0.54,18.7
5/4/2025 8:00,countryclubdrive_to_I10interchange,NB,0.27,0.54,19.6
5/4/2025 9:00,countryclubdrive_to_I10interchange,NB,0.34,0.62,16.4
5/4/2025 10:00,countryclubdrive_to_I10interchange,NB,0.39,0.67,15
5/4/2025 11:00,countryclubdrive_to_I10interchange,NB,0.33,0.61,16.8
5/4/2025 12:00,countryclubdrive_to_I10interchange,NB,0.4,0.68,14.8
5/4/2025 13:00,countryclubdrive_to_I10interchange,NB,0.39,0.67,15.8
5/4/2025 14:00,countryclubdrive_to_I10interchange,NB,0.35,0.62,16.1
5/4/2025 15:00,countryclubdrive_to_I10interchange,NB,0.32,0.6,16.6
5/4/2025 16:00,countryclubdrive_to_I10interchange,NB,0.22,0.49,20.7
5/4/2025 17:00,countryclubdrive_to_I10interchange,NB,0.32,0.59,18
5/4/2025 18:00,countryclubdrive_to_I10interchange,NB,0.22,0.5,20.7
5/4/2025 19:00,countryclubdrive_to_I10interchange,NB,0.26,0.54,19.1
5/4/2025 20:00,countryclubdrive_to_I10interchange,NB,0.24,0.52,19.5
5/4/2025 21:00,countryclubdrive_to_I10interchange,NB,0.23,0.5,20.9
5/4/2025 22:00,countryclubdrive_to_I10interchange,NB,0.13,0.41,25.2
5/4/2025 23:00,countryclubdrive_to_I10interchange,NB,0.14,0.41,24.4
5/5/2025 0:00,countryclubdrive_to_I10interchange,NB,0.07,0.35,28.4
5/5/2025 1:00,countryclubdrive_to_I10interchange,NB,0.01,0.27,36.1
5/5/2025 2:00,countryclubdrive_to_I10interchange,NB,0.01,0.25,40.2
5/5/2025 3:00,countryclubdrive_to_I10interchange,NB,0.07,0.34,30.5
5/5/2025 4:00,countryclubdrive_to_I10interchange,NB,0.07,0.34,29.7
5/5/2025 5:00,countryclubdrive_to_I10interchange,NB,0.23,0.51,20.1
5/5/2025 6:00,countryclubdrive_to_I10interchange,NB,0.33,0.6,16.9
5/5/2025 7:00,countryclubdrive_to_I10interchange,NB,0.43,0.7,14.6
5/5/2025 8:00,countryclubdrive_to_I10interchange,NB,0.58,0.85,12.1
5/5/2025 9:00,countryclubdrive_to_I10interchange,NB,0.38,0.66,15
5/5/2025 10:00,countryclubdrive_to_I10interchange,NB,0.39,0.67,15.4
5/5/2025 11:00,countryclubdrive_to_I10interchange,NB,0.48,0.75,13.4
5/5/2025 12:00,countryclubdrive_to_I10interchange,NB,0.49,0.76,13.5
5/5/2025 13:00,countryclubdrive_to_I10interchange,NB,0.44,0.72,14.5
5/5/2025 14:00,countryclubdrive_to_I10interchange,NB,0.49,0.77,12.8
5/5/2025 15:00,countryclubdrive_to_I10interchange,NB,0.47,0.75,13.3
5/5/2025 16:00,countryclubdrive_to_I10interchange,NB,0.37,0.64,15.6
5/5/2025 17:00,countryclubdrive_to_I10interchange,NB,0.43,0.7,14.3
5/5/2025 18:00,countryclubdrive_to_I10interchange,NB,0.32,0.6,17.6
5/5/2025 19:00,countryclubdrive_to_I10interchange,NB,0.23,0.5,21.1
5/5/2025 20:00,countryclubdrive_to_I10interchange,NB,0.22,0.5,20.9
5/5/2025 21:00,countryclubdrive_to_I10interchange,NB,0.15,0.42,23.3
5/5/2025 22:00,countryclubdrive_to_I10interchange,NB,0.18,0.46,23.6
5/5/2025 23:00,countryclubdrive_to_I10interchange,NB,0.15,0.42,23.6
5/6/2025 0:00,countryclubdrive_to_I10interchange,NB,0.04,0.29,34.4
5/6/2025 1:00,countryclubdrive_to_I10interchange,NB,0.03,0.29,34
5/6/2025 2:00,countryclubdrive_to_I10interchange,NB,0.02,0.29,34.3
5/6/2025 3:00,countryclubdrive_to_I10interchange,NB,0,0.23,42
5/6/2025 4:00,countryclubdrive_to_I10interchange,NB,0.11,0.38,28.1
5/6/2025 5:00,countryclubdrive_to_I10interchange,NB,0.19,0.46,23.1
5/6/2025 6:00,countryclubdrive_to_I10interchange,NB,0.29,0.56,18.5
5/6/2025 7:00,countryclubdrive_to_I10interchange,NB,0.42,0.7,15.5
5/6/2025 8:00,countryclubdrive_to_I10interchange,NB,0.65,0.93,11.1
5/6/2025 9:00,countryclubdrive_to_I10interchange,NB,0.55,0.83,12.3
5/6/2025 10:00,countryclubdrive_to_I10interchange,NB,0.48,0.76,13.8
5/6/2025 11:00,countryclubdrive_to_I10interchange,NB,0.5,0.78,13.1
5/6/2025 12:00,countryclubdrive_to_I10interchange,NB,0.5,0.78,13.3
5/6/2025 13:00,countryclubdrive_to_I10interchange,NB,0.53,0.81,12.5
5/6/2025 14:00,countryclubdrive_to_I10interchange,NB,0.44,0.72,14.1
5/6/2025 15:00,countryclubdrive_to_I10interchange,NB,0.55,0.83,11.8
5/6/2025 16:00,countryclubdrive_to_I10interchange,NB,0.45,0.73,13.8
5/6/2025 17:00,countryclubdrive_to_I10interchange,NB,0.53,0.8,13.2
5/6/2025 18:00,countryclubdrive_to_I10interchange,NB,0.32,0.59,17.7
5/6/2025 19:00,countryclubdrive_to_I10interchange,NB,0.17,0.45,22.2
5/6/2025 20:00,countryclubdrive_to_I10interchange,NB,0.16,0.44,22.7
5/6/2025 21:00,countryclubdrive_to_I10interchange,NB,0.19,0.46,23.3
5/6/2025 22:00,countryclubdrive_to_I10interchange,NB,0.1,0.37,26.7
5/6/2025 23:00,countryclubdrive_to_I10interchange,NB,0.08,0.36,27.4
5/7/2025 0:00,countryclubdrive_to_I10interchange,NB,0.08,0.35,28
5/7/2025 1:00,countryclubdrive_to_I10interchange,NB,0.02,0.28,34.7
5/7/2025 2:00,countryclubdrive_to_I10interchange,NB,0.03,0.27,36.7
5/7/2025 3:00,countryclubdrive_to_I10interchange,NB,0.03,0.29,34.4
5/7/2025 4:00,countryclubdrive_to_I10interchange,NB,0.07,0.34,29.2
5/7/2025 5:00,countryclubdrive_to_I10interchange,NB,0.16,0.44,23.2
5/7/2025 6:00,countryclubdrive_to_I10interchange,NB,0.3,0.58,17.7
5/7/2025 7:00,countryclubdrive_to_I10interchange,NB,0.52,0.8,13.1
5/7/2025 8:00,countryclubdrive_to_I10interchange,NB,0.6,0.87,11.6
5/7/2025 9:00,countryclubdrive_to_I10interchange,NB,0.44,0.71,14.4
5/7/2025 10:00,countryclubdrive_to_I10interchange,NB,0.43,0.71,14.5
5/7/2025 11:00,countryclubdrive_to_I10interchange,NB,0.49,0.76,13.1
5/7/2025 12:00,countryclubdrive_to_I10interchange,NB,0.47,0.74,13.4
5/7/2025 13:00,countryclubdrive_to_I10interchange,NB,0.49,0.77,12.7
5/7/2025 14:00,countryclubdrive_to_I10interchange,NB,0.47,0.75,13.2
5/7/2025 15:00,countryclubdrive_to_I10interchange,NB,0.48,0.75,13.5
5/7/2025 16:00,countryclubdrive_to_I10interchange,NB,0.48,0.75,13.1
5/7/2025 17:00,countryclubdrive_to_I10interchange,NB,0.55,0.83,13
5/7/2025 18:00,countryclubdrive_to_I10interchange,NB,0.38,0.65,15.5
5/7/2025 19:00,countryclubdrive_to_I10interchange,NB,0.17,0.45,22
5/7/2025 20:00,countryclubdrive_to_I10interchange,NB,0.2,0.47,21.1
5/7/2025 21:00,countryclubdrive_to_I10interchange,NB,0.16,0.43,23.4
5/7/2025 22:00,countryclubdrive_to_I10interchange,NB,0.27,0.55,18.8
5/7/2025 23:00,countryclubdrive_to_I10interchange,NB,0.15,0.43,23.1
5/8/2025 0:00,countryclubdrive_to_I10interchange,NB,0.1,0.38,26.1
5/8/2025 1:00,countryclubdrive_to_I10interchange,NB,0.04,0.31,31.9
5/8/2025 2:00,countryclubdrive_to_I10interchange,NB,0,0.26,36.9
5/8/2025 3:00,countryclubdrive_to_I10interchange,NB,0.09,0.35,30.6
5/8/2025 4:00,countryclubdrive_to_I10interchange,NB,0.07,0.34,29.6
5/8/2025 5:00,countryclubdrive_to_I10interchange,NB,0.13,0.4,24.8
5/8/2025 6:00,countryclubdrive_to_I10interchange,NB,0.26,0.53,19.2
5/8/2025 7:00,countryclubdrive_to_I10interchange,NB,0.51,0.79,12.9
5/8/2025 8:00,countryclubdrive_to_I10interchange,NB,0.55,0.83,12.2
5/8/2025 9:00,countryclubdrive_to_I10interchange,NB,0.46,0.73,14.6
5/8/2025 10:00,countryclubdrive_to_I10interchange,NB,0.46,0.73,14.2
5/8/2025 11:00,countryclubdrive_to_I10interchange,NB,0.46,0.74,14.1
5/8/2025 12:00,countryclubdrive_to_I10interchange,NB,0.46,0.73,13.6
5/8/2025 13:00,countryclubdrive_to_I10interchange,NB,0.55,0.82,12.5
5/8/2025 14:00,countryclubdrive_to_I10interchange,NB,0.48,0.76,13.4
5/8/2025 15:00,countryclubdrive_to_I10interchange,NB,0.5,0.77,13.1
5/8/2025 16:00,countryclubdrive_to_I10interchange,NB,0.49,0.77,13
5/8/2025 17:00,countryclubdrive_to_I10interchange,NB,0.48,0.75,13.2
5/8/2025 18:00,countryclubdrive_to_I10interchange,NB,0.27,0.54,19.2
5/8/2025 19:00,countryclubdrive_to_I10interchange,NB,0.18,0.46,21.8
5/8/2025 20:00,countryclubdrive_to_I10interchange,NB,0.32,0.6,17.7
5/8/2025 21:00,countryclubdrive_to_I10interchange,NB,0.27,0.54,18.9
5/8/2025 22:00,countryclubdrive_to_I10interchange,NB,0.11,0.38,26
5/8/2025 23:00,countryclubdrive_to_I10interchange,NB,0.11,0.38,26.9
5/9/2025 0:00,countryclubdrive_to_I10interchange,NB,0.04,0.3,32.2
5/9/2025 1:00,countryclubdrive_to_I10interchange,NB,0.04,0.31,31.1
5/9/2025 2:00,countryclubdrive_to_I10interchange,NB,0.04,0.3,32.8
5/9/2025 3:00,countryclubdrive_to_I10interchange,NB,0.06,0.33,30.3
5/9/2025 4:00,countryclubdrive_to_I10interchange,NB,0.1,0.38,26.7
5/9/2025 5:00,countryclubdrive_to_I10interchange,NB,0.22,0.5,20.3
5/9/2025 6:00,countryclubdrive_to_I10interchange,NB,0.32,0.6,16.9
5/9/2025 7:00,countryclubdrive_to_I10interchange,NB,0.5,0.78,13.5
5/9/2025 8:00,countryclubdrive_to_I10interchange,NB,0.61,0.89,13
5/9/2025 9:00,countryclubdrive_to_I10interchange,NB,0.36,0.64,16.1
5/9/2025 10:00,countryclubdrive_to_I10interchange,NB,0.47,0.74,13.7
5/9/2025 11:00,countryclubdrive_to_I10interchange,NB,0.54,0.82,12.8
5/9/2025 12:00,countryclubdrive_to_I10interchange,NB,0.51,0.78,12.9
5/9/2025 13:00,countryclubdrive_to_I10interchange,NB,0.58,0.86,11.8
5/9/2025 14:00,countryclubdrive_to_I10interchange,NB,0.47,0.74,15.9
5/9/2025 15:00,countryclubdrive_to_I10interchange,NB,0.61,0.89,11.3
5/9/2025 16:00,countryclubdrive_to_I10interchange,NB,0.56,0.83,12.2
5/9/2025 17:00,countryclubdrive_to_I10interchange,NB,0.49,0.77,13.4
5/9/2025 18:00,countryclubdrive_to_I10interchange,NB,0.34,0.61,16.2
5/9/2025 19:00,countryclubdrive_to_I10interchange,NB,0.29,0.56,17.4
5/9/2025 20:00,countryclubdrive_to_I10interchange,NB,0.39,0.67,16.4
5/9/2025 21:00,countryclubdrive_to_I10interchange,NB,0.3,0.57,19.4
5/9/2025 22:00,countryclubdrive_to_I10interchange,NB,0.3,0.58,17.6
5/9/2025 23:00,countryclubdrive_to_I10interchange,NB,0.16,0.43,24
5/10/2025 0:00,countryclubdrive_to_I10interchange,NB,0.1,0.37,27.2
5/10/2025 1:00,countryclubdrive_to_I10interchange,NB,0.06,0.32,30.5
5/10/2025 2:00,countryclubdrive_to_I10interchange,NB,0.02,0.29,33.8
5/10/2025 3:00,countryclubdrive_to_I10interchange,NB,0.02,0.28,35.4
5/10/2025 4:00,countryclubdrive_to_I10interchange,NB,0.06,0.33,29.8
5/10/2025 5:00,countryclubdrive_to_I10interchange,NB,0.1,0.37,26.8
5/10/2025 6:00,countryclubdrive_to_I10interchange,NB,0.19,0.47,24.9
5/10/2025 7:00,countryclubdrive_to_I10interchange,NB,0.38,0.66,17.2
5/10/2025 8:00,countryclubdrive_to_I10interchange,NB,0.38,0.66,16.4
5/10/2025 9:00,countryclubdrive_to_I10interchange,NB,0.35,0.63,16.3
5/10/2025 10:00,countryclubdrive_to_I10interchange,NB,0.4,0.67,14.9
5/10/2025 11:00,countryclubdrive_to_I10interchange,NB,0.47,0.75,13.8
5/10/2025 12:00,countryclubdrive_to_I10interchange,NB,0.4,0.68,14.6
5/10/2025 13:00,countryclubdrive_to_I10interchange,NB,0.4,0.67,15.7
5/10/2025 14:00,countryclubdrive_to_I10interchange,NB,0.5,0.77,13.7
5/10/2025 15:00,countryclubdrive_to_I10interchange,NB,0.27,0.55,18.8
5/10/2025 16:00,countryclubdrive_to_I10interchange,NB,0.36,0.64,16.2
5/10/2025 17:00,countryclubdrive_to_I10interchange,NB,0.38,0.65,15.7
5/10/2025 18:00,countryclubdrive_to_I10interchange,NB,0.33,0.61,17.8
5/10/2025 19:00,countryclubdrive_to_I10interchange,NB,0.25,0.52,18.8
5/10/2025 20:00,countryclubdrive_to_I10interchange,NB,0.25,0.53,19.4
5/10/2025 21:00,countryclubdrive_to_I10interchange,NB,0.29,0.57,18.6
5/10/2025 22:00,countryclubdrive_to_I10interchange,NB,0.25,0.52,19
5/10/2025 23:00,countryclubdrive_to_I10interchange,NB,0.14,0.42,24.7
5/11/2025 0:00,countryclubdrive_to_I10interchange,NB,0.1,0.37,26.9
5/11/2025 1:00,countryclubdrive_to_I10interchange,NB,0.11,0.38,25.7
5/11/2025 2:00,countryclubdrive_to_I10interchange,NB,0.08,0.35,29.1
5/11/2025 3:00,countryclubdrive_to_I10interchange,NB,0.01,0.27,35.9
5/11/2025 4:00,countryclubdrive_to_I10interchange,NB,0.01,0.27,35.7
5/11/2025 5:00,countryclubdrive_to_I10interchange,NB,0.02,0.29,33.4
5/11/2025 6:00,countryclubdrive_to_I10interchange,NB,0.15,0.42,23.7
5/11/2025 7:00,countryclubdrive_to_I10interchange,NB,0.12,0.4,25.9
5/11/2025 8:00,countryclubdrive_to_I10interchange,NB,0.24,0.51,19.7
5/11/2025 9:00,countryclubdrive_to_I10interchange,NB,0.44,0.71,14.8
5/11/2025 10:00,countryclubdrive_to_I10interchange,NB,0.34,0.61,16.4
5/11/2025 11:00,countryclubdrive_to_I10interchange,NB,0.4,0.68,15.5
5/11/2025 12:00,countryclubdrive_to_I10interchange,NB,0.41,0.68,14.9
5/11/2025 13:00,countryclubdrive_to_I10interchange,NB,0.38,0.65,15.4
5/11/2025 14:00,countryclubdrive_to_I10interchange,NB,0.33,0.6,16.9
5/11/2025 15:00,countryclubdrive_to_I10interchange,NB,0.33,0.6,17.2
5/11/2025 16:00,countryclubdrive_to_I10interchange,NB,0.27,0.54,18.2
5/11/2025 17:00,countryclubdrive_to_I10interchange,NB,0.4,0.67,16.1
5/11/2025 18:00,countryclubdrive_to_I10interchange,NB,0.2,0.47,22
5/11/2025 19:00,countryclubdrive_to_I10interchange,NB,0.22,0.5,20.5
5/11/2025 20:00,countryclubdrive_to_I10interchange,NB,0.3,0.58,17.9
5/11/2025 21:00,countryclubdrive_to_I10interchange,NB,0.19,0.47,21.7
5/11/2025 22:00,countryclubdrive_to_I10interchange,NB,0.17,0.45,23.7
5/11/2025 23:00,countryclubdrive_to_I10interchange,NB,0.23,0.5,24.9
5/12/2025 0:00,countryclubdrive_to_I10interchange,NB,0.06,0.33,30.3
5/12/2025 1:00,countryclubdrive_to_I10interchange,NB,0,0.23,42.4
5/12/2025 2:00,countryclubdrive_to_I10interchange,NB,0.03,0.3,32.5
5/12/2025 3:00,countryclubdrive_to_I10interchange,NB,0.07,0.33,31.3
5/12/2025 4:00,countryclubdrive_to_I10interchange,NB,0.07,0.34,28.7
5/12/2025 5:00,countryclubdrive_to_I10interchange,NB,0.1,0.37,27.8
5/12/2025 6:00,countryclubdrive_to_I10interchange,NB,0.33,0.61,16.7
5/12/2025 7:00,countryclubdrive_to_I10interchange,NB,0.51,0.79,12.7
5/12/2025 8:00,countryclubdrive_to_I10interchange,NB,0.49,0.77,13
5/12/2025 9:00,countryclubdrive_to_I10interchange,NB,0.46,0.74,14.1
5/12/2025 10:00,countryclubdrive_to_I10interchange,NB,0.49,0.77,13.4
5/12/2025 11:00,countryclubdrive_to_I10interchange,NB,0.42,0.7,14.2
5/12/2025 12:00,countryclubdrive_to_I10interchange,NB,0.57,0.85,12.1
5/12/2025 13:00,countryclubdrive_to_I10interchange,NB,0.35,0.62,16.1
5/12/2025 14:00,countryclubdrive_to_I10interchange,NB,0.47,0.74,13.6
5/12/2025 15:00,countryclubdrive_to_I10interchange,NB,0.56,0.84,11.8
5/12/2025 16:00,countryclubdrive_to_I10interchange,NB,0.48,0.75,13.4
5/12/2025 17:00,countryclubdrive_to_I10interchange,NB,0.47,0.74,13.7
5/12/2025 18:00,countryclubdrive_to_I10interchange,NB,0.23,0.51,19.8
5/12/2025 19:00,countryclubdrive_to_I10interchange,NB,0.18,0.46,21.8
5/12/2025 20:00,countryclubdrive_to_I10interchange,NB,0.24,0.52,20.1
5/12/2025 21:00,countryclubdrive_to_I10interchange,NB,0.2,0.48,21.9
5/12/2025 22:00,countryclubdrive_to_I10interchange,NB,0.31,0.59,16.9
5/12/2025 23:00,countryclubdrive_to_I10interchange,NB,0.06,0.33,30.6
5/13/2025 0:00,countryclubdrive_to_I10interchange,NB,0.07,0.34,30.1
5/13/2025 1:00,countryclubdrive_to_I10interchange,NB,0.02,0.28,35.5
5/13/2025 2:00,countryclubdrive_to_I10interchange,NB,0.12,0.38,26.5
5/13/2025 3:00,countryclubdrive_to_I10interchange,NB,0.01,0.26,38.7
5/13/2025 4:00,countryclubdrive_to_I10interchange,NB,0.08,0.33,33.1
5/13/2025 5:00,countryclubdrive_to_I10interchange,NB,0.19,0.46,22.6
5/13/2025 6:00,countryclubdrive_to_I10interchange,NB,0.43,0.71,14.3
5/13/2025 7:00,countryclubdrive_to_I10interchange,NB,0.48,0.76,13.1
5/13/2025 8:00,countryclubdrive_to_I10interchange,NB,0.59,0.87,11.5
5/13/2025 9:00,countryclubdrive_to_I10interchange,NB,0.54,0.82,13.6
5/13/2025 10:00,countryclubdrive_to_I10interchange,NB,0.42,0.69,14.9
5/13/2025 11:00,countryclubdrive_to_I10interchange,NB,0.49,0.77,13.6
5/13/2025 12:00,countryclubdrive_to_I10interchange,NB,0.54,0.81,12.2
5/13/2025 13:00,countryclubdrive_to_I10interchange,NB,0.4,0.67,16.1
5/13/2025 14:00,countryclubdrive_to_I10interchange,NB,0.45,0.72,13.6
5/13/2025 15:00,countryclubdrive_to_I10interchange,NB,0.53,0.81,12.1
5/13/2025 16:00,countryclubdrive_to_I10interchange,NB,0.49,0.77,13.1
5/13/2025 17:00,countryclubdrive_to_I10interchange,NB,0.41,0.68,14.7
5/13/2025 18:00,countryclubdrive_to_I10interchange,NB,0.33,0.61,16.9
5/13/2025 19:00,countryclubdrive_to_I10interchange,NB,0.24,0.51,19.5
5/13/2025 20:00,countryclubdrive_to_I10interchange,NB,0.22,0.5,20.3
5/13/2025 21:00,countryclubdrive_to_I10interchange,NB,0.2,0.47,21.6
5/13/2025 22:00,countryclubdrive_to_I10interchange,NB,0.26,0.54,18.7
5/13/2025 23:00,countryclubdrive_to_I10interchange,NB,0.17,0.44,22.9
5/14/2025 0:00,countryclubdrive_to_I10interchange,NB,0.21,0.48,20.9
5/14/2025 1:00,countryclubdrive_to_I10interchange,NB,0.07,0.33,30.4
5/14/2025 2:00,countryclubdrive_to_I10interchange,NB,0.02,0.28,34.8
5/14/2025 3:00,countryclubdrive_to_I10interchange,NB,0.15,0.42,23.5
5/14/2025 4:00,countryclubdrive_to_I10interchange,NB,0.02,0.29,33.3
5/14/2025 5:00,countryclubdrive_to_I10interchange,NB,0.17,0.44,23.2
5/14/2025 6:00,countryclubdrive_to_I10interchange,NB,0.41,0.68,15
5/14/2025 7:00,countryclubdrive_to_I10interchange,NB,0.41,0.68,15.1
5/14/2025 8:00,countryclubdrive_to_I10interchange,NB,0.43,0.71,14.1
5/14/2025 9:00,countryclubdrive_to_I10interchange,NB,0.3,0.58,17.1
5/14/2025 10:00,countryclubdrive_to_I10interchange,NB,0.36,0.63,16
5/14/2025 11:00,countryclubdrive_to_I10interchange,NB,0.32,0.59,17
5/14/2025 12:00,countryclubdrive_to_I10interchange,NB,0.44,0.71,14.4
5/14/2025 13:00,countryclubdrive_to_I10interchange,NB,0.59,0.87,11.6
5/14/2025 14:00,countryclubdrive_to_I10interchange,NB,0.46,0.74,13.5
5/14/2025 15:00,countryclubdrive_to_I10interchange,NB,0.5,0.77,12.8
5/14/2025 16:00,countryclubdrive_to_I10interchange,NB,0.5,0.78,13.2
5/14/2025 17:00,countryclubdrive_to_I10interchange,NB,0.36,0.63,15.7
5/14/2025 18:00,countryclubdrive_to_I10interchange,NB,0.41,0.69,15.6
5/14/2025 19:00,countryclubdrive_to_I10interchange,NB,0.15,0.43,23.5
5/14/2025 20:00,countryclubdrive_to_I10interchange,NB,0.32,0.6,17.7
5/14/2025 21:00,countryclubdrive_to_I10interchange,NB,0.19,0.47,21.4
5/14/2025 22:00,countryclubdrive_to_I10interchange,NB,0.18,0.45,21.7
5/14/2025 23:00,countryclubdrive_to_I10interchange,NB,0.13,0.41,25.2
5/15/2025 0:00,countryclubdrive_to_I10interchange,NB,0.11,0.38,26.2
5/15/2025 1:00,countryclubdrive_to_I10interchange,NB,0.03,0.29,33.9
5/15/2025 2:00,countryclubdrive_to_I10interchange,NB,0.06,0.33,31.4
5/15/2025 3:00,countryclubdrive_to_I10interchange,NB,0,0.23,42.6
5/15/2025 4:00,countryclubdrive_to_I10interchange,NB,0.06,0.33,30.1
5/15/2025 5:00,countryclubdrive_to_I10interchange,NB,0.15,0.42,23.8
5/15/2025 6:00,countryclubdrive_to_I10interchange,NB,0.23,0.5,19.9
5/15/2025 7:00,countryclubdrive_to_I10interchange,NB,0.31,0.59,17.2
5/15/2025 8:00,countryclubdrive_to_I10interchange,NB,0.52,0.8,12.7
5/15/2025 9:00,countryclubdrive_to_I10interchange,NB,0.47,0.75,13.6
5/15/2025 10:00,countryclubdrive_to_I10interchange,NB,0.36,0.63,15.7
5/15/2025 11:00,countryclubdrive_to_I10interchange,NB,0.51,0.78,12.9
5/15/2025 12:00,countryclubdrive_to_I10interchange,NB,0.41,0.68,14.8
5/15/2025 13:00,countryclubdrive_to_I10interchange,NB,0.52,0.79,12.7
5/15/2025 14:00,countryclubdrive_to_I10interchange,NB,0.43,0.71,14.2
5/15/2025 15:00,countryclubdrive_to_I10interchange,NB,0.49,0.76,12.9
5/15/2025 16:00,countryclubdrive_to_I10interchange,NB,0.49,0.76,13.1
5/15/2025 17:00,countryclubdrive_to_I10interchange,NB,0.41,0.69,14.4
5/15/2025 18:00,countryclubdrive_to_I10interchange,NB,0.34,0.62,16.7
5/15/2025 19:00,countryclubdrive_to_I10interchange,NB,0.26,0.53,19.1
5/15/2025 20:00,countryclubdrive_to_I10interchange,NB,0.27,0.54,18.3
5/15/2025 21:00,countryclubdrive_to_I10interchange,NB,0.18,0.45,21.8
5/15/2025 22:00,countryclubdrive_to_I10interchange,NB,0.24,0.52,19
5/15/2025 23:00,countryclubdrive_to_I10interchange,NB,0.11,0.38,26.4
5/16/2025 0:00,countryclubdrive_to_I10interchange,NB,0.13,0.4,25.1
5/16/2025 1:00,countryclubdrive_to_I10interchange,NB,0.09,0.36,26.7
5/16/2025 2:00,countryclubdrive_to_I10interchange,NB,0.03,0.26,38.7
5/16/2025 3:00,countryclubdrive_to_I10interchange,NB,0.05,0.31,33.1
5/16/2025 4:00,countryclubdrive_to_I10interchange,NB,0.04,0.28,36.8
5/16/2025 5:00,countryclubdrive_to_I10interchange,NB,0.14,0.42,25.2
5/16/2025 6:00,countryclubdrive_to_I10interchange,NB,0.37,0.64,15.6
5/16/2025 7:00,countryclubdrive_to_I10interchange,NB,0.4,0.68,15
5/16/2025 8:00,countryclubdrive_to_I10interchange,NB,0.52,0.79,13.1
5/16/2025 9:00,countryclubdrive_to_I10interchange,NB,0.38,0.65,15.6
5/16/2025 10:00,countryclubdrive_to_I10interchange,NB,0.48,0.75,13.3
5/16/2025 11:00,countryclubdrive_to_I10interchange,NB,0.49,0.76,13.1
5/16/2025 12:00,countryclubdrive_to_I10interchange,NB,0.4,0.68,14.5
5/16/2025 13:00,countryclubdrive_to_I10interchange,NB,0.46,0.74,14.2
5/16/2025 14:00,countryclubdrive_to_I10interchange,NB,0.47,0.75,13.5
5/16/2025 15:00,countryclubdrive_to_I10interchange,NB,0.54,0.82,12.1
5/16/2025 16:00,countryclubdrive_to_I10interchange,NB,0.53,0.81,12.8
5/16/2025 17:00,countryclubdrive_to_I10interchange,NB,0.51,0.79,13
5/16/2025 18:00,countryclubdrive_to_I10interchange,NB,0.32,0.6,17.3
5/16/2025 19:00,countryclubdrive_to_I10interchange,NB,0.16,0.44,22.8
5/16/2025 20:00,countryclubdrive_to_I10interchange,NB,0.26,0.53,18.9
5/16/2025 21:00,countryclubdrive_to_I10interchange,NB,0.29,0.57,18.2
5/16/2025 22:00,countryclubdrive_to_I10interchange,NB,0.24,0.51,20.7
5/16/2025 23:00,countryclubdrive_to_I10interchange,NB,0.17,0.44,22.6
5/17/2025 0:00,countryclubdrive_to_I10interchange,NB,0.12,0.39,25.3
5/17/2025 1:00,countryclubdrive_to_I10interchange,NB,0.07,0.34,29
5/17/2025 2:00,countryclubdrive_to_I10interchange,NB,0.05,0.31,31.5
5/17/2025 3:00,countryclubdrive_to_I10interchange,NB,0.02,0.26,38.4
5/17/2025 4:00,countryclubdrive_to_I10interchange,NB,0.15,0.42,23.4
5/17/2025 5:00,countryclubdrive_to_I10interchange,NB,0.15,0.42,23.6
5/17/2025 6:00,countryclubdrive_to_I10interchange,NB,0.22,0.5,20.9
5/17/2025 7:00,countryclubdrive_to_I10interchange,NB,0.4,0.67,14.8
5/17/2025 8:00,countryclubdrive_to_I10interchange,NB,0.29,0.57,18.3
5/17/2025 9:00,countryclubdrive_to_I10interchange,NB,0.3,0.57,18
5/17/2025 10:00,countryclubdrive_to_I10interchange,NB,0.48,0.75,14.6
5/17/2025 11:00,countryclubdrive_to_I10interchange,NB,0.37,0.64,15.6
5/17/2025 12:00,countryclubdrive_to_I10interchange,NB,0.4,0.68,15
5/17/2025 13:00,countryclubdrive_to_I10interchange,NB,0.44,0.71,14.1
5/17/2025 14:00,countryclubdrive_to_I10interchange,NB,0.38,0.65,15.2
5/17/2025 15:00,countryclubdrive_to_I10interchange,NB,0.32,0.6,17
5/17/2025 16:00,countryclubdrive_to_I10interchange,NB,0.43,0.71,14.1
5/17/2025 17:00,countryclubdrive_to_I10interchange,NB,0.41,0.68,15.1
5/17/2025 18:00,countryclubdrive_to_I10interchange,NB,0.25,0.53,19.4
5/17/2025 19:00,countryclubdrive_to_I10interchange,NB,0.2,0.47,21.1
5/17/2025 20:00,countryclubdrive_to_I10interchange,NB,0.27,0.55,19.4
5/17/2025 21:00,countryclubdrive_to_I10interchange,NB,0.29,0.57,18.2
5/17/2025 22:00,countryclubdrive_to_I10interchange,NB,0.26,0.53,19.3
5/17/2025 23:00,countryclubdrive_to_I10interchange,NB,0.25,0.53,19.5
5/18/2025 0:00,countryclubdrive_to_I10interchange,NB,0.17,0.44,23.6
5/18/2025 1:00,countryclubdrive_to_I10interchange,NB,0.14,0.42,24.2
5/18/2025 2:00,countryclubdrive_to_I10interchange,NB,0.22,0.49,20.2
5/18/2025 3:00,countryclubdrive_to_I10interchange,NB,0.07,0.34,29.2
5/18/2025 4:00,countryclubdrive_to_I10interchange,NB,0.01,0.27,37.2
5/18/2025 5:00,countryclubdrive_to_I10interchange,NB,0.05,0.29,38
5/18/2025 6:00,countryclubdrive_to_I10interchange,NB,0.35,0.62,15.9
5/18/2025 7:00,countryclubdrive_to_I10interchange,NB,0.18,0.45,22.3
5/18/2025 8:00,countryclubdrive_to_I10interchange,NB,0.38,0.66,15.3
5/18/2025 9:00,countryclubdrive_to_I10interchange,NB,0.32,0.59,17.8
5/18/2025 10:00,countryclubdrive_to_I10interchange,NB,0.31,0.58,18
5/18/2025 11:00,countryclubdrive_to_I10interchange,NB,0.46,0.74,13.6
5/18/2025 12:00,countryclubdrive_to_I10interchange,NB,0.35,0.63,15.9
5/18/2025 13:00,countryclubdrive_to_I10interchange,NB,0.33,0.61,16.7
5/18/2025 14:00,countryclubdrive_to_I10interchange,NB,0.3,0.57,17.4
5/18/2025 15:00,countryclubdrive_to_I10interchange,NB,0.27,0.55,18
5/18/2025 16:00,countryclubdrive_to_I10interchange,NB,0.33,0.61,16.2
5/18/2025 17:00,countryclubdrive_to_I10interchange,NB,0.24,0.51,19.9
5/18/2025 18:00,countryclubdrive_to_I10interchange,NB,0.21,0.49,21.2
5/18/2025 19:00,countryclubdrive_to_I10interchange,NB,0.18,0.46,21.8
5/18/2025 20:00,countryclubdrive_to_I10interchange,NB,0.23,0.5,19.9
5/18/2025 21:00,countryclubdrive_to_I10interchange,NB,0.22,0.49,20.8
5/18/2025 22:00,countryclubdrive_to_I10interchange,NB,0.2,0.47,20.9
5/18/2025 23:00,countryclubdrive_to_I10interchange,NB,0.08,0.35,28.7
5/19/2025 0:00,countryclubdrive_to_I10interchange,NB,0.07,0.35,28
5/19/2025 1:00,countryclubdrive_to_I10interchange,NB,0.05,0.32,30.2
5/19/2025 2:00,countryclubdrive_to_I10interchange,NB,0.03,0.3,32.6
5/19/2025 3:00,countryclubdrive_to_I10interchange,NB,0.01,0.23,43.5
5/19/2025 4:00,countryclubdrive_to_I10interchange,NB,0.12,0.39,27.4
5/19/2025 5:00,countryclubdrive_to_I10interchange,NB,0.14,0.42,23.6
5/19/2025 6:00,countryclubdrive_to_I10interchange,NB,0.39,0.66,15.6
5/19/2025 7:00,countryclubdrive_to_I10interchange,NB,0.49,0.77,13.2
5/19/2025 8:00,countryclubdrive_to_I10interchange,NB,0.68,0.96,10.7
5/19/2025 9:00,countryclubdrive_to_I10interchange,NB,0.43,0.71,14.2
5/19/2025 10:00,countryclubdrive_to_I10interchange,NB,0.45,0.72,13.8
5/19/2025 11:00,countryclubdrive_to_I10interchange,NB,0.51,0.78,13.8
5/19/2025 12:00,countryclubdrive_to_I10interchange,NB,0.4,0.68,15
5/19/2025 13:00,countryclubdrive_to_I10interchange,NB,0.42,0.7,14.5
5/19/2025 14:00,countryclubdrive_to_I10interchange,NB,0.44,0.71,14.7
5/19/2025 15:00,countryclubdrive_to_I10interchange,NB,0.51,0.79,12.5
5/19/2025 16:00,countryclubdrive_to_I10interchange,NB,0.48,0.76,13.5
5/19/2025 17:00,countryclubdrive_to_I10interchange,NB,0.44,0.72,13.8
5/19/2025 18:00,countryclubdrive_to_I10interchange,NB,0.27,0.55,18.4
5/19/2025 19:00,countryclubdrive_to_I10interchange,NB,0.25,0.53,19.2
5/19/2025 20:00,countryclubdrive_to_I10interchange,NB,0.16,0.44,24.2
5/19/2025 21:00,countryclubdrive_to_I10interchange,NB,0.3,0.57,17.5
5/19/2025 22:00,countryclubdrive_to_I10interchange,NB,0.22,0.5,20.8
5/19/2025 23:00,countryclubdrive_to_I10interchange,NB,0.06,0.33,29.4
5/20/2025 0:00,countryclubdrive_to_I10interchange,NB,0.09,0.35,29
5/20/2025 1:00,countryclubdrive_to_I10interchange,NB,0.05,0.32,30.4
5/20/2025 2:00,countryclubdrive_to_I10interchange,NB,0.01,0.26,38.7
5/20/2025 3:00,countryclubdrive_to_I10interchange,NB,0.01,0.26,38
5/20/2025 4:00,countryclubdrive_to_I10interchange,NB,0.13,0.4,25.3
5/20/2025 5:00,countryclubdrive_to_I10interchange,NB,0.13,0.4,24.3
5/20/2025 6:00,countryclubdrive_to_I10interchange,NB,0.31,0.59,16.8
5/20/2025 7:00,countryclubdrive_to_I10interchange,NB,0.52,0.8,13
5/20/2025 8:00,countryclubdrive_to_I10interchange,NB,0.44,0.71,14
5/20/2025 9:00,countryclubdrive_to_I10interchange,NB,0.4,0.67,14.6
5/20/2025 10:00,countryclubdrive_to_I10interchange,NB,0.5,0.78,12.8
5/20/2025 11:00,countryclubdrive_to_I10interchange,NB,0.52,0.79,12.6
5/20/2025 12:00,countryclubdrive_to_I10interchange,NB,0.5,0.78,13.3
5/20/2025 13:00,countryclubdrive_to_I10interchange,NB,0.46,0.73,14.6
5/20/2025 14:00,countryclubdrive_to_I10interchange,NB,0.44,0.72,14.3
5/20/2025 15:00,countryclubdrive_to_I10interchange,NB,0.56,0.84,11.8
5/20/2025 16:00,countryclubdrive_to_I10interchange,NB,0.52,0.79,12.8
5/20/2025 17:00,countryclubdrive_to_I10interchange,NB,0.38,0.66,15.9
5/20/2025 18:00,countryclubdrive_to_I10interchange,NB,0.4,0.68,16
5/20/2025 19:00,countryclubdrive_to_I10interchange,NB,0.29,0.56,19.3
5/20/2025 20:00,countryclubdrive_to_I10interchange,NB,0.32,0.59,17.9
5/20/2025 21:00,countryclubdrive_to_I10interchange,NB,0.19,0.46,21.9
5/20/2025 22:00,countryclubdrive_to_I10interchange,NB,0.14,0.41,25.1
5/20/2025 23:00,countryclubdrive_to_I10interchange,NB,0.16,0.43,23.2
5/21/2025 0:00,countryclubdrive_to_I10interchange,NB,0.09,0.36,27.6
5/21/2025 1:00,countryclubdrive_to_I10interchange,NB,0.07,0.34,28.3
5/21/2025 2:00,countryclubdrive_to_I10interchange,NB,0.02,0.28,34.4
5/21/2025 3:00,countryclubdrive_to_I10interchange,NB,0.01,0.27,36.4
5/21/2025 4:00,countryclubdrive_to_I10interchange,NB,0.11,0.38,28
5/21/2025 5:00,countryclubdrive_to_I10interchange,NB,0.12,0.4,25.5
5/21/2025 6:00,countryclubdrive_to_I10interchange,NB,0.29,0.57,18.3
5/21/2025 7:00,countryclubdrive_to_I10interchange,NB,0.43,0.71,14.6
5/21/2025 8:00,countryclubdrive_to_I10interchange,NB,0.54,0.81,12.5
5/21/2025 9:00,countryclubdrive_to_I10interchange,NB,0.47,0.75,13.2
5/21/2025 10:00,countryclubdrive_to_I10interchange,NB,0.61,0.89,11.2
5/21/2025 11:00,countryclubdrive_to_I10interchange,NB,0.56,0.83,11.8
5/21/2025 12:00,countryclubdrive_to_I10interchange,NB,0.52,0.79,12.6
5/21/2025 13:00,countryclubdrive_to_I10interchange,NB,0.47,0.74,14.1
5/21/2025 14:00,countryclubdrive_to_I10interchange,NB,0.45,0.73,13.8
5/21/2025 15:00,countryclubdrive_to_I10interchange,NB,0.53,0.8,12.4
5/21/2025 16:00,countryclubdrive_to_I10interchange,NB,0.44,0.71,14
5/21/2025 17:00,countryclubdrive_to_I10interchange,NB,0.42,0.69,15.4
5/21/2025 18:00,countryclubdrive_to_I10interchange,NB,0.39,0.67,16.5
5/21/2025 19:00,countryclubdrive_to_I10interchange,NB,0.2,0.48,20.6
5/21/2025 20:00,countryclubdrive_to_I10interchange,NB,0.28,0.56,18.6
5/21/2025 21:00,countryclubdrive_to_I10interchange,NB,0.26,0.54,18.8
5/21/2025 22:00,countryclubdrive_to_I10interchange,NB,0.16,0.44,22.5
5/21/2025 23:00,countryclubdrive_to_I10interchange,NB,0.15,0.42,23.9
5/22/2025 0:00,countryclubdrive_to_I10interchange,NB,0.03,0.3,33.5
5/22/2025 1:00,countryclubdrive_to_I10interchange,NB,0.12,0.4,24.9
5/22/2025 2:00,countryclubdrive_to_I10interchange,NB,0.04,0.32,30.4
5/22/2025 3:00,countryclubdrive_to_I10interchange,NB,0.01,0.28,35.2
5/22/2025 4:00,countryclubdrive_to_I10interchange,NB,0.03,0.29,35.3
5/22/2025 5:00,countryclubdrive_to_I10interchange,NB,0.2,0.48,21.4
5/22/2025 6:00,countryclubdrive_to_I10interchange,NB,0.27,0.54,19.1
5/22/2025 7:00,countryclubdrive_to_I10interchange,NB,0.47,0.74,13.9
5/22/2025 8:00,countryclubdrive_to_I10interchange,NB,0.5,0.78,12.6
5/22/2025 9:00,countryclubdrive_to_I10interchange,NB,0.45,0.72,14.1
5/22/2025 10:00,countryclubdrive_to_I10interchange,NB,0.45,0.73,14
5/22/2025 11:00,countryclubdrive_to_I10interchange,NB,0.38,0.65,15.3
5/22/2025 12:00,countryclubdrive_to_I10interchange,NB,0.5,0.77,13.3
5/22/2025 13:00,countryclubdrive_to_I10interchange,NB,0.4,0.68,14.6
5/22/2025 14:00,countryclubdrive_to_I10interchange,NB,0.46,0.74,13.7
5/22/2025 15:00,countryclubdrive_to_I10interchange,NB,0.49,0.77,12.8
5/22/2025 16:00,countryclubdrive_to_I10interchange,NB,0.42,0.69,14.4
5/22/2025 17:00,countryclubdrive_to_I10interchange,NB,0.43,0.7,14.1
5/22/2025 18:00,countryclubdrive_to_I10interchange,NB,0.32,0.59,16.8
5/22/2025 19:00,countryclubdrive_to_I10interchange,NB,0.16,0.43,23.8
5/22/2025 20:00,countryclubdrive_to_I10interchange,NB,0.34,0.61,16.7
5/22/2025 21:00,countryclubdrive_to_I10interchange,NB,0.27,0.55,19.4
5/22/2025 22:00,countryclubdrive_to_I10interchange,NB,0.2,0.46,23.8
5/22/2025 23:00,countryclubdrive_to_I10interchange,NB,0.1,0.37,26.7
5/23/2025 0:00,countryclubdrive_to_I10interchange,NB,0.09,0.36,28
5/23/2025 1:00,countryclubdrive_to_I10interchange,NB,0.05,0.32,31.2
5/23/2025 2:00,countryclubdrive_to_I10interchange,NB,0.04,0.29,34.5
5/23/2025 3:00,countryclubdrive_to_I10interchange,NB,0.05,0.31,33.6
5/23/2025 4:00,countryclubdrive_to_I10interchange,NB,0.06,0.32,31.1
5/23/2025 5:00,countryclubdrive_to_I10interchange,NB,0.28,0.56,18.8
5/23/2025 6:00,countryclubdrive_to_I10interchange,NB,0.35,0.63,16.9
5/23/2025 7:00,countryclubdrive_to_I10interchange,NB,0.44,0.72,14.6
5/23/2025 8:00,countryclubdrive_to_I10interchange,NB,0.57,0.85,12
5/23/2025 9:00,countryclubdrive_to_I10interchange,NB,0.46,0.73,13.8
5/23/2025 10:00,countryclubdrive_to_I10interchange,NB,0.33,0.61,16.4
5/23/2025 11:00,countryclubdrive_to_I10interchange,NB,0.4,0.68,15.2
5/23/2025 12:00,countryclubdrive_to_I10interchange,NB,0.45,0.73,14.2
5/23/2025 13:00,countryclubdrive_to_I10interchange,NB,0.57,0.84,12.2
5/23/2025 14:00,countryclubdrive_to_I10interchange,NB,0.47,0.75,13.5
5/23/2025 15:00,countryclubdrive_to_I10interchange,NB,0.49,0.76,13
5/23/2025 16:00,countryclubdrive_to_I10interchange,NB,0.5,0.78,13
5/23/2025 17:00,countryclubdrive_to_I10interchange,NB,0.42,0.7,14.7
5/23/2025 18:00,countryclubdrive_to_I10interchange,NB,0.34,0.61,16.5
5/23/2025 19:00,countryclubdrive_to_I10interchange,NB,0.29,0.57,19.3
5/23/2025 20:00,countryclubdrive_to_I10interchange,NB,0.23,0.51,20.1
5/23/2025 21:00,countryclubdrive_to_I10interchange,NB,0.28,0.55,18.8
5/23/2025 22:00,countryclubdrive_to_I10interchange,NB,0.29,0.57,17.6
5/23/2025 23:00,countryclubdrive_to_I10interchange,NB,0.33,0.61,18.2
5/24/2025 0:00,countryclubdrive_to_I10interchange,NB,0.11,0.38,26.5
5/24/2025 1:00,countryclubdrive_to_I10interchange,NB,0.1,0.38,26.7
5/24/2025 2:00,countryclubdrive_to_I10interchange,NB,0.03,0.3,32.6
5/24/2025 3:00,countryclubdrive_to_I10interchange,NB,0.01,0.24,40.5
5/24/2025 4:00,countryclubdrive_to_I10interchange,NB,0.05,0.32,30.5
5/24/2025 5:00,countryclubdrive_to_I10interchange,NB,0.2,0.47,23.7
5/24/2025 6:00,countryclubdrive_to_I10interchange,NB,0.25,0.53,20.6
5/24/2025 7:00,countryclubdrive_to_I10interchange,NB,0.42,0.7,14.7
5/24/2025 8:00,countryclubdrive_to_I10interchange,NB,0.32,0.59,17
5/24/2025 9:00,countryclubdrive_to_I10interchange,NB,0.28,0.56,18.3
5/24/2025 10:00,countryclubdrive_to_I10interchange,NB,0.37,0.64,17.2
5/24/2025 11:00,countryclubdrive_to_I10interchange,NB,0.46,0.74,14.3
5/24/2025 12:00,countryclubdrive_to_I10interchange,NB,0.35,0.62,16.5
5/24/2025 13:00,countryclubdrive_to_I10interchange,NB,0.4,0.68,15.3
5/24/2025 14:00,countryclubdrive_to_I10interchange,NB,0.41,0.68,15.1
5/24/2025 15:00,countryclubdrive_to_I10interchange,NB,0.4,0.68,15
5/24/2025 16:00,countryclubdrive_to_I10interchange,NB,0.44,0.72,14
5/24/2025 17:00,countryclubdrive_to_I10interchange,NB,0.36,0.64,15.5
5/24/2025 18:00,countryclubdrive_to_I10interchange,NB,0.34,0.62,17.4
5/24/2025 19:00,countryclubdrive_to_I10interchange,NB,0.19,0.47,21.9
5/24/2025 20:00,countryclubdrive_to_I10interchange,NB,0.23,0.51,19.6
5/24/2025 21:00,countryclubdrive_to_I10interchange,NB,0.22,0.49,20.4
5/24/2025 22:00,countryclubdrive_to_I10interchange,NB,0.21,0.48,21
5/24/2025 23:00,countryclubdrive_to_I10interchange,NB,0.11,0.38,26.3
5/25/2025 0:00,countryclubdrive_to_I10interchange,NB,0.14,0.41,23.7
5/25/2025 1:00,countryclubdrive_to_I10interchange,NB,0.04,0.32,30.7
5/25/2025 2:00,countryclubdrive_to_I10interchange,NB,0.11,0.38,26.9
5/25/2025 3:00,countryclubdrive_to_I10interchange,NB,0.1,0.37,28.5
5/25/2025 4:00,countryclubdrive_to_I10interchange,NB,0.09,0.36,27
5/25/2025 5:00,countryclubdrive_to_I10interchange,NB,0.09,0.35,30.5
5/25/2025 6:00,countryclubdrive_to_I10interchange,NB,0.23,0.51,20.3
5/25/2025 7:00,countryclubdrive_to_I10interchange,NB,0.27,0.55,18.1
5/25/2025 8:00,countryclubdrive_to_I10interchange,NB,0.27,0.54,18.8
5/25/2025 9:00,countryclubdrive_to_I10interchange,NB,0.3,0.58,17.9
5/25/2025 10:00,countryclubdrive_to_I10interchange,NB,0.34,0.62,16.2
5/25/2025 11:00,countryclubdrive_to_I10interchange,NB,0.36,0.63,15.9
5/25/2025 12:00,countryclubdrive_to_I10interchange,NB,0.42,0.7,14.5
5/25/2025 13:00,countryclubdrive_to_I10interchange,NB,0.36,0.64,15.9
5/25/2025 14:00,countryclubdrive_to_I10interchange,NB,0.3,0.57,18.4
5/25/2025 15:00,countryclubdrive_to_I10interchange,NB,0.32,0.6,16.8
5/25/2025 16:00,countryclubdrive_to_I10interchange,NB,0.31,0.58,17
5/25/2025 17:00,countryclubdrive_to_I10interchange,NB,0.29,0.57,18
5/25/2025 18:00,countryclubdrive_to_I10interchange,NB,0.24,0.51,20.5
5/25/2025 19:00,countryclubdrive_to_I10interchange,NB,0.16,0.44,23.3
5/25/2025 20:00,countryclubdrive_to_I10interchange,NB,0.25,0.52,19
5/25/2025 21:00,countryclubdrive_to_I10interchange,NB,0.28,0.56,18.7
5/25/2025 22:00,countryclubdrive_to_I10interchange,NB,0.17,0.45,22.7
5/25/2025 23:00,countryclubdrive_to_I10interchange,NB,0.12,0.4,24.9
5/26/2025 0:00,countryclubdrive_to_I10interchange,NB,0.13,0.4,24.9
5/26/2025 1:00,countryclubdrive_to_I10interchange,NB,0.15,0.42,23.1
5/26/2025 2:00,countryclubdrive_to_I10interchange,NB,0.12,0.4,25.6
5/26/2025 3:00,countryclubdrive_to_I10interchange,NB,0.04,0.3,32.9
5/26/2025 4:00,countryclubdrive_to_I10interchange,NB,0.1,0.35,28.8
5/26/2025 5:00,countryclubdrive_to_I10interchange,NB,0.12,0.38,28.8
5/26/2025 6:00,countryclubdrive_to_I10interchange,NB,0.28,0.56,17.9
5/26/2025 7:00,countryclubdrive_to_I10interchange,NB,0.19,0.47,22
5/26/2025 8:00,countryclubdrive_to_I10interchange,NB,0.33,0.61,16.8
5/26/2025 9:00,countryclubdrive_to_I10interchange,NB,0.32,0.6,16.9
5/26/2025 10:00,countryclubdrive_to_I10interchange,NB,0.36,0.64,15.7
5/26/2025 11:00,countryclubdrive_to_I10interchange,NB,0.35,0.62,16.5
5/26/2025 12:00,countryclubdrive_to_I10interchange,NB,0.32,0.6,17.1
5/26/2025 13:00,countryclubdrive_to_I10interchange,NB,0.38,0.66,15.4
5/26/2025 14:00,countryclubdrive_to_I10interchange,NB,0.32,0.59,17.6
5/26/2025 15:00,countryclubdrive_to_I10interchange,NB,0.29,0.57,17.7
5/26/2025 16:00,countryclubdrive_to_I10interchange,NB,0.19,0.46,21.9
5/26/2025 17:00,countryclubdrive_to_I10interchange,NB,0.27,0.55,18.4
5/26/2025 18:00,countryclubdrive_to_I10interchange,NB,0.19,0.47,22.2
5/26/2025 19:00,countryclubdrive_to_I10interchange,NB,0.18,0.46,21.6
5/26/2025 20:00,countryclubdrive_to_I10interchange,NB,0.19,0.46,21.4
5/26/2025 21:00,countryclubdrive_to_I10interchange,NB,0.2,0.48,21.2
5/26/2025 22:00,countryclubdrive_to_I10interchange,NB,0.12,0.39,25.2
5/26/2025 23:00,countryclubdrive_to_I10interchange,NB,0.07,0.35,28.7
5/27/2025 0:00,countryclubdrive_to_I10interchange,NB,0.05,0.32,30.3
5/27/2025 1:00,countryclubdrive_to_I10interchange,NB,0.05,0.32,30.7
5/27/2025 2:00,countryclubdrive_to_I10interchange,NB,0.03,0.28,35.6
5/27/2025 3:00,countryclubdrive_to_I10interchange,NB,0.05,0.32,32.2
5/27/2025 4:00,countryclubdrive_to_I10interchange,NB,0.09,0.36,28.9
5/27/2025 5:00,countryclubdrive_to_I10interchange,NB,0.13,0.41,24.6
5/27/2025 6:00,countryclubdrive_to_I10interchange,NB,0.32,0.6,16.6
5/27/2025 7:00,countryclubdrive_to_I10interchange,NB,0.39,0.67,15
5/27/2025 8:00,countryclubdrive_to_I10interchange,NB,0.53,0.8,12.7
5/27/2025 9:00,countryclubdrive_to_I10interchange,NB,0.52,0.79,12.8
5/27/2025 10:00,countryclubdrive_to_I10interchange,NB,0.41,0.69,14.4
5/27/2025 11:00,countryclubdrive_to_I10interchange,NB,0.41,0.69,15.1
5/27/2025 12:00,countryclubdrive_to_I10interchange,NB,0.5,0.77,13.4
5/27/2025 13:00,countryclubdrive_to_I10interchange,NB,0.46,0.73,14
5/27/2025 14:00,countryclubdrive_to_I10interchange,NB,0.43,0.71,14.1
5/27/2025 15:00,countryclubdrive_to_I10interchange,NB,0.55,0.83,12
5/27/2025 16:00,countryclubdrive_to_I10interchange,NB,0.42,0.69,14.3
5/27/2025 17:00,countryclubdrive_to_I10interchange,NB,0.48,0.76,13.5
5/27/2025 18:00,countryclubdrive_to_I10interchange,NB,0.37,0.64,15.5
5/27/2025 19:00,countryclubdrive_to_I10interchange,NB,0.3,0.58,18
5/27/2025 20:00,countryclubdrive_to_I10interchange,NB,0.35,0.62,16.8
5/27/2025 21:00,countryclubdrive_to_I10interchange,NB,0.28,0.56,18.6
5/27/2025 22:00,countryclubdrive_to_I10interchange,NB,0.17,0.44,23.2
5/27/2025 23:00,countryclubdrive_to_I10interchange,NB,0.12,0.39,25
5/28/2025 0:00,countryclubdrive_to_I10interchange,NB,0.07,0.35,28.4
5/28/2025 1:00,countryclubdrive_to_I10interchange,NB,0.1,0.37,26.4
5/28/2025 2:00,countryclubdrive_to_I10interchange,NB,0.03,0.3,32.3
5/28/2025 3:00,countryclubdrive_to_I10interchange,NB,0.05,0.3,35.4
5/28/2025 4:00,countryclubdrive_to_I10interchange,NB,0.1,0.38,27.8
5/28/2025 5:00,countryclubdrive_to_I10interchange,NB,0.14,0.42,24.4
5/28/2025 6:00,countryclubdrive_to_I10interchange,NB,0.25,0.53,19.6
5/28/2025 7:00,countryclubdrive_to_I10interchange,NB,0.44,0.71,13.9
5/28/2025 8:00,countryclubdrive_to_I10interchange,NB,0.51,0.78,12.5
5/28/2025 9:00,countryclubdrive_to_I10interchange,NB,0.39,0.67,15.2
5/28/2025 10:00,countryclubdrive_to_I10interchange,NB,0.43,0.71,14.2
5/28/2025 11:00,countryclubdrive_to_I10interchange,NB,0.45,0.73,13.7
5/28/2025 12:00,countryclubdrive_to_I10interchange,NB,0.47,0.74,13.7
5/28/2025 13:00,countryclubdrive_to_I10interchange,NB,0.43,0.71,14.6
5/28/2025 14:00,countryclubdrive_to_I10interchange,NB,0.5,0.78,13
5/28/2025 15:00,countryclubdrive_to_I10interchange,NB,0.45,0.73,13.7
5/28/2025 16:00,countryclubdrive_to_I10interchange,NB,0.54,0.81,12.7
5/28/2025 17:00,countryclubdrive_to_I10interchange,NB,0.39,0.67,15.1
5/28/2025 18:00,countryclubdrive_to_I10interchange,NB,0.31,0.58,17.1
5/28/2025 19:00,countryclubdrive_to_I10interchange,NB,0.17,0.44,23.6
5/28/2025 20:00,countryclubdrive_to_I10interchange,NB,0.22,0.49,20.5
5/28/2025 21:00,countryclubdrive_to_I10interchange,NB,0.24,0.52,20.7
5/28/2025 22:00,countryclubdrive_to_I10interchange,NB,0.23,0.51,20.8
5/28/2025 23:00,countryclubdrive_to_I10interchange,NB,0.13,0.4,24.6
5/29/2025 0:00,countryclubdrive_to_I10interchange,NB,0.16,0.43,22.9
5/29/2025 1:00,countryclubdrive_to_I10interchange,NB,0.13,0.4,24.8
5/29/2025 2:00,countryclubdrive_to_I10interchange,NB,0,0.26,38.4
5/29/2025 3:00,countryclubdrive_to_I10interchange,NB,0.06,0.32,31.3
5/29/2025 4:00,countryclubdrive_to_I10interchange,NB,0.06,0.33,31.2
5/29/2025 5:00,countryclubdrive_to_I10interchange,NB,0.22,0.49,21.3
5/29/2025 6:00,countryclubdrive_to_I10interchange,NB,0.22,0.5,20.1
5/29/2025 7:00,countryclubdrive_to_I10interchange,NB,0.46,0.73,14.1
5/29/2025 8:00,countryclubdrive_to_I10interchange,NB,0.47,0.74,13.7
5/29/2025 9:00,countryclubdrive_to_I10interchange,NB,0.36,0.64,15.6
5/29/2025 10:00,countryclubdrive_to_I10interchange,NB,0.36,0.64,15.7
5/29/2025 11:00,countryclubdrive_to_I10interchange,NB,0.39,0.66,15.3
5/29/2025 12:00,countryclubdrive_to_I10interchange,NB,0.54,0.81,12.3
5/29/2025 13:00,countryclubdrive_to_I10interchange,NB,0.5,0.78,12.9
5/29/2025 14:00,countryclubdrive_to_I10interchange,NB,0.46,0.73,13.8
5/29/2025 15:00,countryclubdrive_to_I10interchange,NB,0.49,0.76,12.9
5/29/2025 16:00,countryclubdrive_to_I10interchange,NB,0.56,0.83,12.9
5/29/2025 17:00,countryclubdrive_to_I10interchange,NB,0.41,0.69,15
5/29/2025 18:00,countryclubdrive_to_I10interchange,NB,0.34,0.62,16.7
5/29/2025 19:00,countryclubdrive_to_I10interchange,NB,0.25,0.53,19.7
5/29/2025 20:00,countryclubdrive_to_I10interchange,NB,0.24,0.51,20
5/29/2025 21:00,countryclubdrive_to_I10interchange,NB,0.23,0.5,20.1
5/29/2025 22:00,countryclubdrive_to_I10interchange,NB,0.18,0.46,21.9
5/29/2025 23:00,countryclubdrive_to_I10interchange,NB,0.27,0.55,18.2
5/30/2025 0:00,countryclubdrive_to_I10interchange,NB,0.12,0.4,24.9
5/30/2025 1:00,countryclubdrive_to_I10interchange,NB,0.16,0.43,23.7
5/30/2025 2:00,countryclubdrive_to_I10interchange,NB,0.11,0.36,32.6
5/30/2025 3:00,countryclubdrive_to_I10interchange,NB,0.1,0.36,30.2
5/30/2025 4:00,countryclubdrive_to_I10interchange,NB,0.07,0.34,30.1
5/30/2025 5:00,countryclubdrive_to_I10interchange,NB,0.11,0.38,26.5
5/30/2025 6:00,countryclubdrive_to_I10interchange,NB,0.32,0.6,17.2
5/30/2025 7:00,countryclubdrive_to_I10interchange,NB,0.55,0.83,12.3
5/30/2025 8:00,countryclubdrive_to_I10interchange,NB,0.55,0.83,12.5
5/30/2025 9:00,countryclubdrive_to_I10interchange,NB,0.37,0.65,15.6
5/30/2025 10:00,countryclubdrive_to_I10interchange,NB,0.4,0.67,15.1
5/30/2025 11:00,countryclubdrive_to_I10interchange,NB,0.44,0.71,14.1
5/30/2025 12:00,countryclubdrive_to_I10interchange,NB,0.55,0.83,12.4
5/30/2025 13:00,countryclubdrive_to_I10interchange,NB,0.44,0.71,14.1
5/30/2025 14:00,countryclubdrive_to_I10interchange,NB,0.42,0.69,14.3
5/30/2025 15:00,countryclubdrive_to_I10interchange,NB,0.56,0.84,11.8
5/30/2025 16:00,countryclubdrive_to_I10interchange,NB,0.4,0.67,14.9
5/30/2025 17:00,countryclubdrive_to_I10interchange,NB,0.39,0.67,14.7
5/30/2025 18:00,countryclubdrive_to_I10interchange,NB,0.33,0.6,16.4
5/30/2025 19:00,countryclubdrive_to_I10interchange,NB,0.29,0.56,18.8
5/30/2025 20:00,countryclubdrive_to_I10interchange,NB,0.24,0.52,20
5/30/2025 21:00,countryclubdrive_to_I10interchange,NB,0.32,0.59,17.1
5/30/2025 22:00,countryclubdrive_to_I10interchange,NB,0.23,0.51,19.6
5/30/2025 23:00,countryclubdrive_to_I10interchange,NB,0.19,0.47,21.7
5/31/2025 0:00,countryclubdrive_to_I10interchange,NB,0.13,0.41,24.4
5/31/2025 1:00,countryclubdrive_to_I10interchange,NB,0.14,0.42,24.3
5/31/2025 2:00,countryclubdrive_to_I10interchange,NB,0.07,0.34,30.7
5/31/2025 3:00,countryclubdrive_to_I10interchange,NB,0.04,0.31,32
5/31/2025 4:00,countryclubdrive_to_I10interchange,NB,0.06,0.33,29.7
5/31/2025 5:00,countryclubdrive_to_I10interchange,NB,0.04,0.31,32.1
5/31/2025 6:00,countryclubdrive_to_I10interchange,NB,0.22,0.5,20.5
5/31/2025 7:00,countryclubdrive_to_I10interchange,NB,0.34,0.61,16.9
5/31/2025 8:00,countryclubdrive_to_I10interchange,NB,0.33,0.6,17.2
5/31/2025 9:00,countryclubdrive_to_I10interchange,NB,0.24,0.52,19.5
5/31/2025 10:00,countryclubdrive_to_I10interchange,NB,0.49,0.76,13.1
5/31/2025 11:00,countryclubdrive_to_I10interchange,NB,0.42,0.7,14.5
5/31/2025 12:00,countryclubdrive_to_I10interchange,NB,0.38,0.65,15.4
5/31/2025 13:00,countryclubdrive_to_I10interchange,NB,0.58,0.86,12.1
5/31/2025 14:00,countryclubdrive_to_I10interchange,NB,0.39,0.67,15
5/31/2025 15:00,countryclubdrive_to_I10interchange,NB,0.33,0.6,17
5/31/2025 16:00,countryclubdrive_to_I10interchange,NB,0.33,0.6,16.5
5/31/2025 17:00,countryclubdrive_to_I10interchange,NB,0.3,0.57,17.6
5/31/2025 18:00,countryclubdrive_to_I10interchange,NB,0.29,0.56,17.7
5/31/2025 19:00,countryclubdrive_to_I10interchange,NB,0.16,0.44,23.5
5/31/2025 20:00,countryclubdrive_to_I10interchange,NB,0.22,0.5,20.7
5/31/2025 21:00,countryclubdrive_to_I10interchange,NB,0.26,0.53,19.1
5/31/2025 22:00,countryclubdrive_to_I10interchange,NB,0.22,0.49,20.7
5/31/2025 23:00,countryclubdrive_to_I10interchange,NB,0.11,0.39,25.6
6/1/2025 0:00,countryclubdrive_to_I10interchange,NB,0.13,0.41,25.4
6/1/2025 1:00,countryclubdrive_to_I10interchange,NB,0.03,0.31,31.8
6/1/2025 2:00,countryclubdrive_to_I10interchange,NB,0.04,0.31,32
6/1/2025 3:00,countryclubdrive_to_I10interchange,NB,0.04,0.3,33.1
6/1/2025 4:00,countryclubdrive_to_I10interchange,NB,0.06,0.33,30.3
6/1/2025 5:00,countryclubdrive_to_I10interchange,NB,0.03,0.3,33.1
6/1/2025 6:00,countryclubdrive_to_I10interchange,NB,0.14,0.41,24.2
6/1/2025 7:00,countryclubdrive_to_I10interchange,NB,0.21,0.48,20.8
6/1/2025 8:00,countryclubdrive_to_I10interchange,NB,0.21,0.49,20.3
6/1/2025 9:00,countryclubdrive_to_I10interchange,NB,0.27,0.54,18.9
6/1/2025 10:00,countryclubdrive_to_I10interchange,NB,0.2,0.48,20.9
6/1/2025 11:00,countryclubdrive_to_I10interchange,NB,0.32,0.6,17.3
6/1/2025 12:00,countryclubdrive_to_I10interchange,NB,0.31,0.58,18.2
6/1/2025 13:00,countryclubdrive_to_I10interchange,NB,0.31,0.58,17
6/1/2025 14:00,countryclubdrive_to_I10interchange,NB,0.26,0.54,18.7
6/1/2025 15:00,countryclubdrive_to_I10interchange,NB,0.33,0.61,17
6/1/2025 16:00,countryclubdrive_to_I10interchange,NB,0.34,0.61,16.7
6/1/2025 17:00,countryclubdrive_to_I10interchange,NB,0.18,0.46,21.8
6/1/2025 18:00,countryclubdrive_to_I10interchange,NB,0.25,0.52,19.2
6/1/2025 19:00,countryclubdrive_to_I10interchange,NB,0.2,0.47,21.2
6/1/2025 20:00,countryclubdrive_to_I10interchange,NB,0.26,0.54,19.2
6/1/2025 21:00,countryclubdrive_to_I10interchange,NB,0.25,0.53,19.7
6/1/2025 22:00,countryclubdrive_to_I10interchange,NB,0.14,0.41,24.2
6/1/2025 23:00,countryclubdrive_to_I10interchange,NB,0.09,0.36,27.2
6/2/2025 0:00,countryclubdrive_to_I10interchange,NB,0.06,0.33,30.4
6/2/2025 1:00,countryclubdrive_to_I10interchange,NB,0,0.25,39.4
6/2/2025 2:00,countryclubdrive_to_I10interchange,NB,0.01,0.26,37.6
6/2/2025 3:00,countryclubdrive_to_I10interchange,NB,0.02,0.29,33.4
6/2/2025 4:00,countryclubdrive_to_I10interchange,NB,0.04,0.31,31.6
6/2/2025 5:00,countryclubdrive_to_I10interchange,NB,0.16,0.44,23.6
6/2/2025 6:00,countryclubdrive_to_I10interchange,NB,0.36,0.63,16.6
6/2/2025 7:00,countryclubdrive_to_I10interchange,NB,0.37,0.65,15.4
6/2/2025 8:00,countryclubdrive_to_I10interchange,NB,0.5,0.77,13.2
6/2/2025 9:00,countryclubdrive_to_I10interchange,NB,0.43,0.71,14
6/2/2025 10:00,countryclubdrive_to_I10interchange,NB,0.42,0.7,15.1
6/2/2025 11:00,countryclubdrive_to_I10interchange,NB,0.45,0.73,13.8
6/2/2025 12:00,countryclubdrive_to_I10interchange,NB,0.48,0.75,13.5
6/2/2025 13:00,countryclubdrive_to_I10interchange,NB,0.39,0.66,15.4
6/2/2025 14:00,countryclubdrive_to_I10interchange,NB,0.48,0.75,13.2
6/2/2025 15:00,countryclubdrive_to_I10interchange,NB,0.47,0.74,13.6
6/2/2025 16:00,countryclubdrive_to_I10interchange,NB,0.42,0.69,14.7
6/2/2025 17:00,countryclubdrive_to_I10interchange,NB,0.4,0.67,15
6/2/2025 18:00,countryclubdrive_to_I10interchange,NB,0.29,0.57,17.7
6/2/2025 19:00,countryclubdrive_to_I10interchange,NB,0.21,0.48,20.9
6/2/2025 20:00,countryclubdrive_to_I10interchange,NB,0.18,0.46,22.1
6/2/2025 21:00,countryclubdrive_to_I10interchange,NB,0.23,0.51,19.8
6/2/2025 22:00,countryclubdrive_to_I10interchange,NB,0.14,0.41,25.4
6/2/2025 23:00,countryclubdrive_to_I10interchange,NB,0.08,0.36,28.8
6/3/2025 0:00,countryclubdrive_to_I10interchange,NB,0.07,0.33,30.4
6/3/2025 1:00,countryclubdrive_to_I10interchange,NB,0.04,0.31,32.4
6/3/2025 2:00,countryclubdrive_to_I10interchange,NB,0,0.26,37.9
6/3/2025 3:00,countryclubdrive_to_I10interchange,NB,0.02,0.27,38.2
6/3/2025 4:00,countryclubdrive_to_I10interchange,NB,0.01,0.27,36.4
6/3/2025 5:00,countryclubdrive_to_I10interchange,NB,0.15,0.43,24.1
6/3/2025 6:00,countryclubdrive_to_I10interchange,NB,0.32,0.59,17.1
6/3/2025 7:00,countryclubdrive_to_I10interchange,NB,0.42,0.69,15.1
6/3/2025 8:00,countryclubdrive_to_I10interchange,NB,0.41,0.69,15.3
6/3/2025 9:00,countryclubdrive_to_I10interchange,NB,0.28,0.56,18.5
6/3/2025 10:00,countryclubdrive_to_I10interchange,NB,0.38,0.65,15.4
6/3/2025 11:00,countryclubdrive_to_I10interchange,NB,0.53,0.81,12.9
6/3/2025 12:00,countryclubdrive_to_I10interchange,NB,0.5,0.78,13
6/3/2025 13:00,countryclubdrive_to_I10interchange,NB,0.44,0.71,14
6/3/2025 14:00,countryclubdrive_to_I10interchange,NB,0.48,0.76,13.1
6/3/2025 15:00,countryclubdrive_to_I10interchange,NB,0.42,0.7,14.3
6/3/2025 16:00,countryclubdrive_to_I10interchange,NB,0.36,0.63,15.6
6/3/2025 17:00,countryclubdrive_to_I10interchange,NB,0.4,0.67,15.4
6/3/2025 18:00,countryclubdrive_to_I10interchange,NB,0.32,0.59,16.9
6/3/2025 19:00,countryclubdrive_to_I10interchange,NB,0.24,0.52,19.2
6/3/2025 20:00,countryclubdrive_to_I10interchange,NB,0.25,0.52,18.9
6/3/2025 21:00,countryclubdrive_to_I10interchange,NB,0.15,0.42,23.6
6/3/2025 22:00,countryclubdrive_to_I10interchange,NB,0.21,0.49,21.8
6/3/2025 23:00,countryclubdrive_to_I10interchange,NB,0.06,0.33,29.6
6/4/2025 0:00,countryclubdrive_to_I10interchange,NB,0.09,0.36,27.5
6/4/2025 1:00,countryclubdrive_to_I10interchange,NB,0.05,0.29,36
6/4/2025 2:00,countryclubdrive_to_I10interchange,NB,0,0.23,41.8
6/4/2025 3:00,countryclubdrive_to_I10interchange,NB,0,0.25,38.6
6/4/2025 4:00,countryclubdrive_to_I10interchange,NB,0.07,0.34,28.6
6/4/2025 5:00,countryclubdrive_to_I10interchange,NB,0.25,0.52,21
6/4/2025 6:00,countryclubdrive_to_I10interchange,NB,0.24,0.51,20
6/4/2025 7:00,countryclubdrive_to_I10interchange,NB,0.34,0.62,16.4
6/4/2025 8:00,countryclubdrive_to_I10interchange,NB,0.52,0.8,12.3
6/4/2025 9:00,countryclubdrive_to_I10interchange,NB,0.39,0.66,15
6/4/2025 10:00,countryclubdrive_to_I10interchange,NB,0.31,0.58,17.5
6/4/2025 11:00,countryclubdrive_to_I10interchange,NB,0.38,0.66,15.8
6/4/2025 12:00,countryclubdrive_to_I10interchange,NB,0.39,0.67,14.8
6/4/2025 13:00,countryclubdrive_to_I10interchange,NB,0.45,0.72,13.8
6/4/2025 14:00,countryclubdrive_to_I10interchange,NB,0.38,0.65,15.2
6/4/2025 15:00,countryclubdrive_to_I10interchange,NB,0.47,0.75,13.4
6/4/2025 16:00,countryclubdrive_to_I10interchange,NB,0.41,0.69,14.5
6/4/2025 17:00,countryclubdrive_to_I10interchange,NB,0.41,0.69,14.4
6/4/2025 18:00,countryclubdrive_to_I10interchange,NB,0.33,0.6,16.9
6/4/2025 19:00,countryclubdrive_to_I10interchange,NB,0.19,0.46,22
6/4/2025 20:00,countryclubdrive_to_I10interchange,NB,0.24,0.51,19.8
6/4/2025 21:00,countryclubdrive_to_I10interchange,NB,0.34,0.62,16.5
6/4/2025 22:00,countryclubdrive_to_I10interchange,NB,0.2,0.47,21.2
6/4/2025 23:00,countryclubdrive_to_I10interchange,NB,0.11,0.39,25.3
6/5/2025 0:00,countryclubdrive_to_I10interchange,NB,0.09,0.37,26.8
6/5/2025 1:00,countryclubdrive_to_I10interchange,NB,0.08,0.35,28.3
6/5/2025 2:00,countryclubdrive_to_I10interchange,NB,0.09,0.37,26.9
6/5/2025 3:00,countryclubdrive_to_I10interchange,NB,0,0.23,41.8
6/5/2025 4:00,countryclubdrive_to_I10interchange,NB,0.01,0.27,36.8
6/5/2025 5:00,countryclubdrive_to_I10interchange,NB,0.16,0.43,23.9
6/5/2025 6:00,countryclubdrive_to_I10interchange,NB,0.49,0.76,13.5
6/5/2025 7:00,countryclubdrive_to_I10interchange,NB,0.37,0.65,15.8
6/5/2025 8:00,countryclubdrive_to_I10interchange,NB,0.47,0.74,13.7
6/5/2025 9:00,countryclubdrive_to_I10interchange,NB,0.41,0.68,14.9
6/5/2025 10:00,countryclubdrive_to_I10interchange,NB,0.44,0.71,14.2
6/5/2025 11:00,countryclubdrive_to_I10interchange,NB,0.45,0.72,14
6/5/2025 12:00,countryclubdrive_to_I10interchange,NB,0.37,0.64,15.6
6/5/2025 13:00,countryclubdrive_to_I10interchange,NB,0.46,0.73,13.5
6/5/2025 14:00,countryclubdrive_to_I10interchange,NB,0.48,0.75,13.1
6/5/2025 15:00,countryclubdrive_to_I10interchange,NB,0.51,0.78,12.8
6/5/2025 16:00,countryclubdrive_to_I10interchange,NB,0.4,0.67,14.8
6/5/2025 17:00,countryclubdrive_to_I10interchange,NB,0.4,0.67,14.9
6/5/2025 18:00,countryclubdrive_to_I10interchange,NB,0.26,0.54,19.2
6/5/2025 19:00,countryclubdrive_to_I10interchange,NB,0.16,0.44,23.7
6/5/2025 20:00,countryclubdrive_to_I10interchange,NB,0.28,0.56,18.1
6/5/2025 21:00,countryclubdrive_to_I10interchange,NB,0.21,0.48,21.9
6/5/2025 22:00,countryclubdrive_to_I10interchange,NB,0.14,0.41,24.2
6/5/2025 23:00,countryclubdrive_to_I10interchange,NB,0.16,0.44,22.7
6/6/2025 0:00,countryclubdrive_to_I10interchange,NB,0.09,0.36,27.9
6/6/2025 1:00,countryclubdrive_to_I10interchange,NB,0.03,0.3,33.1
6/6/2025 2:00,countryclubdrive_to_I10interchange,NB,0.02,0.28,35.4
6/6/2025 3:00,countryclubdrive_to_I10interchange,NB,0.06,0.32,31.6
6/6/2025 4:00,countryclubdrive_to_I10interchange,NB,0.06,0.32,33.1
6/6/2025 5:00,countryclubdrive_to_I10interchange,NB,0.18,0.45,21.9
6/6/2025 6:00,countryclubdrive_to_I10interchange,NB,0.36,0.63,16.2
6/6/2025 7:00,countryclubdrive_to_I10interchange,NB,0.34,0.61,16
6/6/2025 8:00,countryclubdrive_to_I10interchange,NB,0.43,0.71,14.1
6/6/2025 9:00,countryclubdrive_to_I10interchange,NB,0.45,0.72,14.1
6/6/2025 10:00,countryclubdrive_to_I10interchange,NB,0.41,0.69,14.8
6/6/2025 11:00,countryclubdrive_to_I10interchange,NB,0.43,0.71,14.2
6/6/2025 12:00,countryclubdrive_to_I10interchange,NB,0.38,0.66,15.4
6/6/2025 13:00,countryclubdrive_to_I10interchange,NB,0.44,0.71,14
6/6/2025 14:00,countryclubdrive_to_I10interchange,NB,0.48,0.75,13.5
6/6/2025 15:00,countryclubdrive_to_I10interchange,NB,0.46,0.73,14.1
6/6/2025 16:00,countryclubdrive_to_I10interchange,NB,0.34,0.61,16.1
6/6/2025 17:00,countryclubdrive_to_I10interchange,NB,0.39,0.66,15.4
6/6/2025 18:00,countryclubdrive_to_I10interchange,NB,0.35,0.62,16
6/6/2025 19:00,countryclubdrive_to_I10interchange,NB,0.24,0.52,19.6
6/6/2025 20:00,countryclubdrive_to_I10interchange,NB,0.22,0.49,20.4
6/6/2025 21:00,countryclubdrive_to_I10interchange,NB,0.33,0.6,17.3
6/6/2025 22:00,countryclubdrive_to_I10interchange,NB,0.09,0.36,26.9
6/6/2025 23:00,countryclubdrive_to_I10interchange,NB,0.15,0.43,23.2
6/7/2025 0:00,countryclubdrive_to_I10interchange,NB,0.06,0.32,31.2
6/7/2025 1:00,countryclubdrive_to_I10interchange,NB,0.1,0.38,26.3
6/7/2025 2:00,countryclubdrive_to_I10interchange,NB,0.07,0.34,28.4
6/7/2025 3:00,countryclubdrive_to_I10interchange,NB,0.02,0.27,36.6
6/7/2025 4:00,countryclubdrive_to_I10interchange,NB,0.05,0.32,31.3
6/7/2025 5:00,countryclubdrive_to_I10interchange,NB,0.15,0.43,25.4
6/7/2025 6:00,countryclubdrive_to_I10interchange,NB,0.26,0.54,18.9
6/7/2025 7:00,countryclubdrive_to_I10interchange,NB,0.27,0.55,19.7
6/7/2025 8:00,countryclubdrive_to_I10interchange,NB,0.21,0.49,20.3
6/7/2025 9:00,countryclubdrive_to_I10interchange,NB,0.24,0.51,19.9
6/7/2025 10:00,countryclubdrive_to_I10interchange,NB,0.35,0.62,16.4
6/7/2025 11:00,countryclubdrive_to_I10interchange,NB,0.33,0.6,16.7
6/7/2025 12:00,countryclubdrive_to_I10interchange,NB,0.34,0.61,16.4
6/7/2025 13:00,countryclubdrive_to_I10interchange,NB,0.32,0.59,16.6
6/7/2025 14:00,countryclubdrive_to_I10interchange,NB,0.34,0.61,17.3
6/7/2025 15:00,countryclubdrive_to_I10interchange,NB,0.25,0.53,19.3
6/7/2025 16:00,countryclubdrive_to_I10interchange,NB,0.34,0.61,17.2
6/7/2025 17:00,countryclubdrive_to_I10interchange,NB,0.25,0.53,18.8
6/7/2025 18:00,countryclubdrive_to_I10interchange,NB,0.4,0.67,15.6
6/7/2025 19:00,countryclubdrive_to_I10interchange,NB,0.24,0.51,21.1
6/7/2025 20:00,countryclubdrive_to_I10interchange,NB,0.26,0.54,19.2
6/7/2025 21:00,countryclubdrive_to_I10interchange,NB,0.21,0.49,20.7
6/7/2025 22:00,countryclubdrive_to_I10interchange,NB,0.18,0.45,23.2
6/7/2025 23:00,countryclubdrive_to_I10interchange,NB,0.22,0.5,21
6/8/2025 0:00,countryclubdrive_to_I10interchange,NB,0.08,0.36,28.1
6/8/2025 1:00,countryclubdrive_to_I10interchange,NB,0.04,0.31,31.9
6/8/2025 2:00,countryclubdrive_to_I10interchange,NB,0.04,0.3,33.9
6/8/2025 3:00,countryclubdrive_to_I10interchange,NB,0.04,0.3,33
6/8/2025 4:00,countryclubdrive_to_I10interchange,NB,0.05,0.31,33
6/8/2025 5:00,countryclubdrive_to_I10interchange,NB,0.13,0.4,24.7
6/8/2025 6:00,countryclubdrive_to_I10interchange,NB,0.19,0.47,21.8
6/8/2025 7:00,countryclubdrive_to_I10interchange,NB,0.17,0.44,22.5
6/8/2025 8:00,countryclubdrive_to_I10interchange,NB,0.2,0.47,21.2
6/8/2025 9:00,countryclubdrive_to_I10interchange,NB,0.28,0.55,18
6/8/2025 10:00,countryclubdrive_to_I10interchange,NB,0.19,0.47,21.3
6/8/2025 11:00,countryclubdrive_to_I10interchange,NB,0.25,0.53,19
6/8/2025 12:00,countryclubdrive_to_I10interchange,NB,0.32,0.59,18.3
6/8/2025 13:00,countryclubdrive_to_I10interchange,NB,0.27,0.54,18.9
6/8/2025 14:00,countryclubdrive_to_I10interchange,NB,0.33,0.6,18.9
6/8/2025 15:00,countryclubdrive_to_I10interchange,NB,0.29,0.56,18.1
6/8/2025 16:00,countryclubdrive_to_I10interchange,NB,0.25,0.53,19.6
6/8/2025 17:00,countryclubdrive_to_I10interchange,NB,0.25,0.53,19.4
6/8/2025 18:00,countryclubdrive_to_I10interchange,NB,0.24,0.52,20
6/8/2025 19:00,countryclubdrive_to_I10interchange,NB,0.16,0.44,24.6
6/8/2025 20:00,countryclubdrive_to_I10interchange,NB,0.21,0.48,22.1
6/8/2025 21:00,countryclubdrive_to_I10interchange,NB,0.19,0.46,22.5
6/8/2025 22:00,countryclubdrive_to_I10interchange,NB,0.26,0.54,18.4
6/8/2025 23:00,countryclubdrive_to_I10interchange,NB,0.12,0.4,25
6/9/2025 0:00,countryclubdrive_to_I10interchange,NB,0.05,0.32,31.3
6/9/2025 1:00,countryclubdrive_to_I10interchange,NB,0.05,0.32,30.6
6/9/2025 2:00,countryclubdrive_to_I10interchange,NB,0.11,0.38,26
6/9/2025 3:00,countryclubdrive_to_I10interchange,NB,0.05,0.32,31.3
6/9/2025 4:00,countryclubdrive_to_I10interchange,NB,0.05,0.32,31.4
6/9/2025 5:00,countryclubdrive_to_I10interchange,NB,0.14,0.41,24.5
6/9/2025 6:00,countryclubdrive_to_I10interchange,NB,0.27,0.55,18.9
6/9/2025 7:00,countryclubdrive_to_I10interchange,NB,0.33,0.61,16.5
6/9/2025 8:00,countryclubdrive_to_I10interchange,NB,0.47,0.74,13.7
6/9/2025 9:00,countryclubdrive_to_I10interchange,NB,0.42,0.69,14.6
6/9/2025 10:00,countryclubdrive_to_I10interchange,NB,0.48,0.76,13.6
6/9/2025 11:00,countryclubdrive_to_I10interchange,NB,0.42,0.69,14.2
6/9/2025 12:00,countryclubdrive_to_I10interchange,NB,0.48,0.76,13.2
6/9/2025 13:00,countryclubdrive_to_I10interchange,NB,0.41,0.69,15.4
6/9/2025 14:00,countryclubdrive_to_I10interchange,NB,0.39,0.67,14.8
6/9/2025 15:00,countryclubdrive_to_I10interchange,NB,0.46,0.74,13.6
6/9/2025 16:00,countryclubdrive_to_I10interchange,NB,0.3,0.57,17.4
6/9/2025 17:00,countryclubdrive_to_I10interchange,NB,0.45,0.73,13.7
6/9/2025 18:00,countryclubdrive_to_I10interchange,NB,0.3,0.57,17.2
6/9/2025 19:00,countryclubdrive_to_I10interchange,NB,0.15,0.43,22.9
6/9/2025 20:00,countryclubdrive_to_I10interchange,NB,0.27,0.54,18.4
6/9/2025 21:00,countryclubdrive_to_I10interchange,NB,0.15,0.43,23.5
6/9/2025 22:00,countryclubdrive_to_I10interchange,NB,0.18,0.45,22.2
6/9/2025 23:00,countryclubdrive_to_I10interchange,NB,0.12,0.39,25.6
6/10/2025 0:00,countryclubdrive_to_I10interchange,NB,0.02,0.29,33.4
6/10/2025 1:00,countryclubdrive_to_I10interchange,NB,0.04,0.3,33.5
6/10/2025 2:00,countryclubdrive_to_I10interchange,NB,0.02,0.26,39.3
6/10/2025 3:00,countryclubdrive_to_I10interchange,NB,0.01,0.27,35.7
6/10/2025 4:00,countryclubdrive_to_I10interchange,NB,0.01,0.26,37.7
6/10/2025 5:00,countryclubdrive_to_I10interchange,NB,0.18,0.46,21.9
6/10/2025 6:00,countryclubdrive_to_I10interchange,NB,0.25,0.53,19
6/10/2025 7:00,countryclubdrive_to_I10interchange,NB,0.32,0.59,17.6
6/10/2025 8:00,countryclubdrive_to_I10interchange,NB,0.42,0.7,14.4
6/10/2025 9:00,countryclubdrive_to_I10interchange,NB,0.47,0.74,14
6/10/2025 10:00,countryclubdrive_to_I10interchange,NB,0.48,0.75,13.2
6/10/2025 11:00,countryclubdrive_to_I10interchange,NB,0.48,0.75,13.7
6/10/2025 12:00,countryclubdrive_to_I10interchange,NB,0.49,0.76,13
6/10/2025 13:00,countryclubdrive_to_I10interchange,NB,0.46,0.73,13.7
6/10/2025 14:00,countryclubdrive_to_I10interchange,NB,0.48,0.75,13.1
6/10/2025 15:00,countryclubdrive_to_I10interchange,NB,0.44,0.72,13.8
6/10/2025 16:00,countryclubdrive_to_I10interchange,NB,0.36,0.64,16
6/10/2025 17:00,countryclubdrive_to_I10interchange,NB,0.34,0.61,16.1
6/10/2025 18:00,countryclubdrive_to_I10interchange,NB,0.36,0.63,16.7
6/10/2025 19:00,countryclubdrive_to_I10interchange,NB,0.15,0.42,24.5
6/10/2025 20:00,countryclubdrive_to_I10interchange,NB,0.2,0.48,20.8
6/10/2025 21:00,countryclubdrive_to_I10interchange,NB,0.29,0.56,17.8
6/10/2025 22:00,countryclubdrive_to_I10interchange,NB,0.28,0.55,18.5
6/10/2025 23:00,countryclubdrive_to_I10interchange,NB,0.18,0.45,22.4
6/11/2025 0:00,countryclubdrive_to_I10interchange,NB,0.13,0.4,25.7
6/11/2025 1:00,countryclubdrive_to_I10interchange,NB,0.09,0.36,27.9
6/11/2025 2:00,countryclubdrive_to_I10interchange,NB,0.02,0.29,33.8
6/11/2025 3:00,countryclubdrive_to_I10interchange,NB,0.09,0.36,29.1
6/11/2025 4:00,countryclubdrive_to_I10interchange,NB,0.05,0.32,30.8
6/11/2025 5:00,countryclubdrive_to_I10interchange,NB,0.09,0.36,27.2
6/11/2025 6:00,countryclubdrive_to_I10interchange,NB,0.35,0.63,16.8
6/11/2025 7:00,countryclubdrive_to_I10interchange,NB,0.4,0.68,14.9
6/11/2025 8:00,countryclubdrive_to_I10interchange,NB,0.43,0.7,14.8
6/11/2025 9:00,countryclubdrive_to_I10interchange,NB,0.47,0.75,13.5
6/11/2025 10:00,countryclubdrive_to_I10interchange,NB,0.36,0.63,15.9
6/11/2025 11:00,countryclubdrive_to_I10interchange,NB,0.36,0.63,15.8
6/11/2025 12:00,countryclubdrive_to_I10interchange,NB,0.51,0.78,13.3
6/11/2025 13:00,countryclubdrive_to_I10interchange,NB,0.56,0.83,11.9
6/11/2025 14:00,countryclubdrive_to_I10interchange,NB,0.44,0.72,13.8
6/11/2025 15:00,countryclubdrive_to_I10interchange,NB,0.41,0.68,14.4
6/11/2025 16:00,countryclubdrive_to_I10interchange,NB,0.4,0.68,15
6/11/2025 17:00,countryclubdrive_to_I10interchange,NB,0.39,0.67,14.9
6/11/2025 18:00,countryclubdrive_to_I10interchange,NB,0.28,0.55,18.1
6/11/2025 19:00,countryclubdrive_to_I10interchange,NB,0.18,0.46,22.3
6/11/2025 20:00,countryclubdrive_to_I10interchange,NB,0.22,0.49,21.3
6/11/2025 21:00,countryclubdrive_to_I10interchange,NB,0.26,0.54,19.1
6/11/2025 22:00,countryclubdrive_to_I10interchange,NB,0.15,0.43,23.2
6/11/2025 23:00,countryclubdrive_to_I10interchange,NB,0.06,0.34,29
6/12/2025 0:00,countryclubdrive_to_I10interchange,NB,0.18,0.45,23.2
6/12/2025 1:00,countryclubdrive_to_I10interchange,NB,0.03,0.29,34.1
6/12/2025 2:00,countryclubdrive_to_I10interchange,NB,0.02,0.28,34.3
6/12/2025 3:00,countryclubdrive_to_I10interchange,NB,0.01,0.26,37.7
6/12/2025 4:00,countryclubdrive_to_I10interchange,NB,0.03,0.3,32.4
6/12/2025 5:00,countryclubdrive_to_I10interchange,NB,0.1,0.37,26.7
6/12/2025 6:00,countryclubdrive_to_I10interchange,NB,0.35,0.63,16.3
6/12/2025 7:00,countryclubdrive_to_I10interchange,NB,0.42,0.69,14.2
6/12/2025 8:00,countryclubdrive_to_I10interchange,NB,0.46,0.74,14.1
6/12/2025 9:00,countryclubdrive_to_I10interchange,NB,0.45,0.73,14.3
6/12/2025 10:00,countryclubdrive_to_I10interchange,NB,0.38,0.65,15.9
6/12/2025 11:00,countryclubdrive_to_I10interchange,NB,0.57,0.85,13.6
6/12/2025 12:00,countryclubdrive_to_I10interchange,NB,0.45,0.73,14
6/12/2025 13:00,countryclubdrive_to_I10interchange,NB,0.49,0.76,13.3
6/12/2025 14:00,countryclubdrive_to_I10interchange,NB,0.49,0.76,13
6/12/2025 15:00,countryclubdrive_to_I10interchange,NB,0.36,0.63,15.8
6/12/2025 16:00,countryclubdrive_to_I10interchange,NB,0.39,0.66,15.1
6/12/2025 17:00,countryclubdrive_to_I10interchange,NB,0.44,0.72,14.1
6/12/2025 18:00,countryclubdrive_to_I10interchange,NB,0.27,0.54,18.2
6/12/2025 19:00,countryclubdrive_to_I10interchange,NB,0.19,0.46,21.9
6/12/2025 20:00,countryclubdrive_to_I10interchange,NB,0.25,0.52,18.9
6/12/2025 21:00,countryclubdrive_to_I10interchange,NB,0.27,0.55,18.9
6/12/2025 22:00,countryclubdrive_to_I10interchange,NB,0.25,0.53,19.1
6/12/2025 23:00,countryclubdrive_to_I10interchange,NB,0.18,0.45,22.9
6/13/2025 0:00,countryclubdrive_to_I10interchange,NB,0.09,0.36,29
6/13/2025 1:00,countryclubdrive_to_I10interchange,NB,0.01,0.28,34.4
6/13/2025 2:00,countryclubdrive_to_I10interchange,NB,0.1,0.36,28.3
6/13/2025 3:00,countryclubdrive_to_I10interchange,NB,0.04,0.31,31.2
6/13/2025 4:00,countryclubdrive_to_I10interchange,NB,0.07,0.34,28.9
6/13/2025 5:00,countryclubdrive_to_I10interchange,NB,0.3,0.58,17.7
6/13/2025 6:00,countryclubdrive_to_I10interchange,NB,0.36,0.64,16.3
6/13/2025 7:00,countryclubdrive_to_I10interchange,NB,0.36,0.64,15.7
6/13/2025 8:00,countryclubdrive_to_I10interchange,NB,0.47,0.74,13.7
6/13/2025 9:00,countryclubdrive_to_I10interchange,NB,0.53,0.81,12.9
6/13/2025 10:00,countryclubdrive_to_I10interchange,NB,0.34,0.62,16.1
6/13/2025 11:00,countryclubdrive_to_I10interchange,NB,0.38,0.65,15.5
6/13/2025 12:00,countryclubdrive_to_I10interchange,NB,0.5,0.78,13.3
6/13/2025 13:00,countryclubdrive_to_I10interchange,NB,0.47,0.75,13.5
6/13/2025 14:00,countryclubdrive_to_I10interchange,NB,0.46,0.73,13.8
6/13/2025 15:00,countryclubdrive_to_I10interchange,NB,0.44,0.71,14
6/13/2025 16:00,countryclubdrive_to_I10interchange,NB,0.3,0.57,17.2
6/13/2025 17:00,countryclubdrive_to_I10interchange,NB,0.4,0.67,15.9
6/13/2025 18:00,countryclubdrive_to_I10interchange,NB,0.26,0.53,18.8
6/13/2025 19:00,countryclubdrive_to_I10interchange,NB,0.22,0.49,20.3
6/13/2025 20:00,countryclubdrive_to_I10interchange,NB,0.35,0.62,16.7
6/13/2025 21:00,countryclubdrive_to_I10interchange,NB,0.25,0.52,19.3
6/13/2025 22:00,countryclubdrive_to_I10interchange,NB,0.25,0.52,19.8
6/13/2025 23:00,countryclubdrive_to_I10interchange,NB,0.32,0.59,18.9
6/14/2025 0:00,countryclubdrive_to_I10interchange,NB,0.11,0.39,26.7
6/14/2025 1:00,countryclubdrive_to_I10interchange,NB,0.05,0.32,31.2
6/14/2025 2:00,countryclubdrive_to_I10interchange,NB,0.01,0.26,37.6
6/14/2025 3:00,countryclubdrive_to_I10interchange,NB,0.02,0.28,35.9
6/14/2025 4:00,countryclubdrive_to_I10interchange,NB,0.04,0.31,32.3
6/14/2025 5:00,countryclubdrive_to_I10interchange,NB,0.12,0.39,26.4
6/14/2025 6:00,countryclubdrive_to_I10interchange,NB,0.28,0.55,19.1
6/14/2025 7:00,countryclubdrive_to_I10interchange,NB,0.32,0.6,17
6/14/2025 8:00,countryclubdrive_to_I10interchange,NB,0.16,0.43,23
6/14/2025 9:00,countryclubdrive_to_I10interchange,NB,0.21,0.48,20.8
6/14/2025 10:00,countryclubdrive_to_I10interchange,NB,0.34,0.62,16.5
6/14/2025 11:00,countryclubdrive_to_I10interchange,NB,0.41,0.69,15.1
6/14/2025 12:00,countryclubdrive_to_I10interchange,NB,0.35,0.62,16.7
6/14/2025 13:00,countryclubdrive_to_I10interchange,NB,0.38,0.65,15.5
6/14/2025 14:00,countryclubdrive_to_I10interchange,NB,0.41,0.68,14.5
6/14/2025 15:00,countryclubdrive_to_I10interchange,NB,0.36,0.64,15.9
6/14/2025 16:00,countryclubdrive_to_I10interchange,NB,0.45,0.73,14.1
6/14/2025 17:00,countryclubdrive_to_I10interchange,NB,0.27,0.55,18.4
6/14/2025 18:00,countryclubdrive_to_I10interchange,NB,0.25,0.52,19.5
6/14/2025 19:00,countryclubdrive_to_I10interchange,NB,0.09,0.36,27.7
6/14/2025 20:00,countryclubdrive_to_I10interchange,NB,0.21,0.49,21.6
6/14/2025 21:00,countryclubdrive_to_I10interchange,NB,0.29,0.56,17.6
6/14/2025 22:00,countryclubdrive_to_I10interchange,NB,0.31,0.59,17.7
6/14/2025 23:00,countryclubdrive_to_I10interchange,NB,0.21,0.49,21.3
6/15/2025 0:00,countryclubdrive_to_I10interchange,NB,0.17,0.45,23.3
6/15/2025 1:00,countryclubdrive_to_I10interchange,NB,0.04,0.32,31.1
6/15/2025 2:00,countryclubdrive_to_I10interchange,NB,0.05,0.32,30.4
6/15/2025 3:00,countryclubdrive_to_I10interchange,NB,0.03,0.29,33.5
6/15/2025 4:00,countryclubdrive_to_I10interchange,NB,0.01,0.26,38.4
6/15/2025 5:00,countryclubdrive_to_I10interchange,NB,0.12,0.39,25.1
6/15/2025 6:00,countryclubdrive_to_I10interchange,NB,0.1,0.37,26.2
6/15/2025 7:00,countryclubdrive_to_I10interchange,NB,0.35,0.62,17.4
6/15/2025 8:00,countryclubdrive_to_I10interchange,NB,0.3,0.58,17.2
6/15/2025 9:00,countryclubdrive_to_I10interchange,NB,0.19,0.47,21.3
6/15/2025 10:00,countryclubdrive_to_I10interchange,NB,0.3,0.57,17.6
6/15/2025 11:00,countryclubdrive_to_I10interchange,NB,0.24,0.52,19.6
6/15/2025 12:00,countryclubdrive_to_I10interchange,NB,0.22,0.5,20.5
6/15/2025 13:00,countryclubdrive_to_I10interchange,NB,0.37,0.65,16.1
6/15/2025 14:00,countryclubdrive_to_I10interchange,NB,0.24,0.51,20.5
6/15/2025 15:00,countryclubdrive_to_I10interchange,NB,0.24,0.52,19.8
6/15/2025 16:00,countryclubdrive_to_I10interchange,NB,0.26,0.54,18.3
6/15/2025 17:00,countryclubdrive_to_I10interchange,NB,0.22,0.5,19.8
6/15/2025 18:00,countryclubdrive_to_I10interchange,NB,0.35,0.62,16.5
6/15/2025 19:00,countryclubdrive_to_I10interchange,NB,0.15,0.42,25.4
6/15/2025 20:00,countryclubdrive_to_I10interchange,NB,0.26,0.53,18.6
6/15/2025 21:00,countryclubdrive_to_I10interchange,NB,0.24,0.51,19.7
6/15/2025 22:00,countryclubdrive_to_I10interchange,NB,0.22,0.5,19.9
6/15/2025 23:00,countryclubdrive_to_I10interchange,NB,0.19,0.47,22.1
6/16/2025 0:00,countryclubdrive_to_I10interchange,NB,0.11,0.38,25.8
6/16/2025 1:00,countryclubdrive_to_I10interchange,NB,0.02,0.27,37
6/16/2025 2:00,countryclubdrive_to_I10interchange,NB,0.09,0.37,27
6/16/2025 3:00,countryclubdrive_to_I10interchange,NB,0.03,0.28,36.1
6/16/2025 4:00,countryclubdrive_to_I10interchange,NB,0.19,0.46,23.5
6/16/2025 5:00,countryclubdrive_to_I10interchange,NB,0.14,0.41,24.8
6/16/2025 6:00,countryclubdrive_to_I10interchange,NB,0.25,0.53,18.8
6/16/2025 7:00,countryclubdrive_to_I10interchange,NB,0.41,0.69,14.9
6/16/2025 8:00,countryclubdrive_to_I10interchange,NB,0.44,0.72,14
6/16/2025 9:00,countryclubdrive_to_I10interchange,NB,0.41,0.68,14.9
6/16/2025 10:00,countryclubdrive_to_I10interchange,NB,0.45,0.72,14.6
6/16/2025 11:00,countryclubdrive_to_I10interchange,NB,0.39,0.67,15.3
6/16/2025 12:00,countryclubdrive_to_I10interchange,NB,0.47,0.75,13.2
6/16/2025 13:00,countryclubdrive_to_I10interchange,NB,0.48,0.76,13.3
6/16/2025 14:00,countryclubdrive_to_I10interchange,NB,0.48,0.76,13.2
6/16/2025 15:00,countryclubdrive_to_I10interchange,NB,0.45,0.72,14.1
6/16/2025 16:00,countryclubdrive_to_I10interchange,NB,0.43,0.71,14.8
6/16/2025 17:00,countryclubdrive_to_I10interchange,NB,0.34,0.61,16.4
6/16/2025 18:00,countryclubdrive_to_I10interchange,NB,0.28,0.55,18.9
6/16/2025 19:00,countryclubdrive_to_I10interchange,NB,0.1,0.38,27.3
6/16/2025 20:00,countryclubdrive_to_I10interchange,NB,0.19,0.46,21.5
6/16/2025 21:00,countryclubdrive_to_I10interchange,NB,0.17,0.44,23.7
6/16/2025 22:00,countryclubdrive_to_I10interchange,NB,0.22,0.5,20.7
6/16/2025 23:00,countryclubdrive_to_I10interchange,NB,0.22,0.49,20.4
6/17/2025 0:00,countryclubdrive_to_I10interchange,NB,0.03,0.29,34.3
6/17/2025 1:00,countryclubdrive_to_I10interchange,NB,0.1,0.37,26.9
6/17/2025 2:00,countryclubdrive_to_I10interchange,NB,0,0.23,42
6/17/2025 3:00,countryclubdrive_to_I10interchange,NB,0,0.26,36.9
6/17/2025 4:00,countryclubdrive_to_I10interchange,NB,0.06,0.32,31.9
6/17/2025 5:00,countryclubdrive_to_I10interchange,NB,0.15,0.43,24
6/17/2025 6:00,countryclubdrive_to_I10interchange,NB,0.3,0.58,17.5
6/17/2025 7:00,countryclubdrive_to_I10interchange,NB,0.47,0.75,13.5
6/17/2025 8:00,countryclubdrive_to_I10interchange,NB,0.37,0.64,15.8
6/17/2025 9:00,countryclubdrive_to_I10interchange,NB,0.36,0.63,16.3
6/17/2025 10:00,countryclubdrive_to_I10interchange,NB,0.32,0.59,16.6
6/17/2025 11:00,countryclubdrive_to_I10interchange,NB,0.5,0.78,12.9
6/17/2025 12:00,countryclubdrive_to_I10interchange,NB,0.4,0.68,14.7
6/17/2025 13:00,countryclubdrive_to_I10interchange,NB,0.49,0.76,13.7
6/17/2025 14:00,countryclubdrive_to_I10interchange,NB,0.41,0.68,14.6
6/17/2025 15:00,countryclubdrive_to_I10interchange,NB,0.4,0.68,14.9
6/17/2025 16:00,countryclubdrive_to_I10interchange,NB,0.33,0.61,17
6/17/2025 17:00,countryclubdrive_to_I10interchange,NB,0.43,0.7,14.5
6/17/2025 18:00,countryclubdrive_to_I10interchange,NB,0.26,0.54,19.4
6/17/2025 19:00,countryclubdrive_to_I10interchange,NB,0.17,0.45,22.2
6/17/2025 20:00,countryclubdrive_to_I10interchange,NB,0.07,0.34,30.4
6/17/2025 21:00,countryclubdrive_to_I10interchange,NB,0.14,0.4,26.4
6/17/2025 22:00,countryclubdrive_to_I10interchange,NB,0.15,0.43,23.3
6/17/2025 23:00,countryclubdrive_to_I10interchange,NB,0.15,0.42,24.8
6/18/2025 0:00,countryclubdrive_to_I10interchange,NB,0.04,0.31,32.2
6/18/2025 1:00,countryclubdrive_to_I10interchange,NB,0.03,0.28,34.8
6/18/2025 2:00,countryclubdrive_to_I10interchange,NB,0.01,0.25,40.1
6/18/2025 3:00,countryclubdrive_to_I10interchange,NB,0.02,0.28,34.9
6/18/2025 4:00,countryclubdrive_to_I10interchange,NB,0.05,0.31,32.7
6/18/2025 5:00,countryclubdrive_to_I10interchange,NB,0.24,0.51,20.7
6/18/2025 6:00,countryclubdrive_to_I10interchange,NB,0.23,0.51,20.1
6/18/2025 7:00,countryclubdrive_to_I10interchange,NB,0.4,0.68,14.4
6/18/2025 8:00,countryclubdrive_to_I10interchange,NB,0.39,0.66,15.5
6/18/2025 9:00,countryclubdrive_to_I10interchange,NB,0.35,0.63,16.2
6/18/2025 10:00,countryclubdrive_to_I10interchange,NB,0.42,0.7,14.2
6/18/2025 11:00,countryclubdrive_to_I10interchange,NB,0.42,0.7,14.4
6/18/2025 12:00,countryclubdrive_to_I10interchange,NB,0.43,0.71,14
6/18/2025 13:00,countryclubdrive_to_I10interchange,NB,0.42,0.69,15
6/18/2025 14:00,countryclubdrive_to_I10interchange,NB,0.37,0.65,15.8
6/18/2025 15:00,countryclubdrive_to_I10interchange,NB,0.49,0.77,13.1
6/18/2025 16:00,countryclubdrive_to_I10interchange,NB,0.43,0.71,14.3
6/18/2025 17:00,countryclubdrive_to_I10interchange,NB,0.4,0.68,15.4
6/18/2025 18:00,countryclubdrive_to_I10interchange,NB,0.35,0.63,16.5
6/18/2025 19:00,countryclubdrive_to_I10interchange,NB,0.19,0.46,22.7
6/18/2025 20:00,countryclubdrive_to_I10interchange,NB,0.19,0.46,21.7
6/18/2025 21:00,countryclubdrive_to_I10interchange,NB,0.14,0.41,23.8
6/18/2025 22:00,countryclubdrive_to_I10interchange,NB,0.18,0.45,22.3
6/18/2025 23:00,countryclubdrive_to_I10interchange,NB,0.18,0.45,21.7
6/19/2025 0:00,countryclubdrive_to_I10interchange,NB,0.21,0.48,20.9
6/19/2025 1:00,countryclubdrive_to_I10interchange,NB,0.03,0.29,33.7
6/19/2025 2:00,countryclubdrive_to_I10interchange,NB,0.07,0.33,31.6
6/19/2025 3:00,countryclubdrive_to_I10interchange,NB,0.06,0.33,31.5
6/19/2025 4:00,countryclubdrive_to_I10interchange,NB,0.13,0.4,24.7
6/19/2025 5:00,countryclubdrive_to_I10interchange,NB,0.14,0.42,24.2
6/19/2025 6:00,countryclubdrive_to_I10interchange,NB,0.19,0.47,21.9
6/19/2025 7:00,countryclubdrive_to_I10interchange,NB,0.39,0.67,15.8
6/19/2025 8:00,countryclubdrive_to_I10interchange,NB,0.42,0.69,15.3
6/19/2025 9:00,countryclubdrive_to_I10interchange,NB,0.47,0.74,13.7
6/19/2025 10:00,countryclubdrive_to_I10interchange,NB,0.35,0.62,16.1
6/19/2025 11:00,countryclubdrive_to_I10interchange,NB,0.45,0.72,14
6/19/2025 12:00,countryclubdrive_to_I10interchange,NB,0.43,0.71,14.3
6/19/2025 13:00,countryclubdrive_to_I10interchange,NB,0.52,0.79,13.1
6/19/2025 14:00,countryclubdrive_to_I10interchange,NB,0.46,0.74,13.4
6/19/2025 15:00,countryclubdrive_to_I10interchange,NB,0.41,0.68,14.4
6/19/2025 16:00,countryclubdrive_to_I10interchange,NB,0.38,0.66,15.3
6/19/2025 17:00,countryclubdrive_to_I10interchange,NB,0.4,0.67,14.8
6/19/2025 18:00,countryclubdrive_to_I10interchange,NB,0.24,0.52,19.2
6/19/2025 19:00,countryclubdrive_to_I10interchange,NB,0.15,0.42,23.5
6/19/2025 20:00,countryclubdrive_to_I10interchange,NB,0.26,0.54,18.9
6/19/2025 21:00,countryclubdrive_to_I10interchange,NB,0.31,0.58,17
6/19/2025 22:00,countryclubdrive_to_I10interchange,NB,0.24,0.51,19.8
6/19/2025 23:00,countryclubdrive_to_I10interchange,NB,0.07,0.34,29
6/20/2025 0:00,countryclubdrive_to_I10interchange,NB,0.13,0.41,24.5
6/20/2025 1:00,countryclubdrive_to_I10interchange,NB,0.03,0.3,32.5
6/20/2025 2:00,countryclubdrive_to_I10interchange,NB,0.05,0.31,32
6/20/2025 3:00,countryclubdrive_to_I10interchange,NB,0.01,0.26,37.2
6/20/2025 4:00,countryclubdrive_to_I10interchange,NB,0.04,0.32,30.9
6/20/2025 5:00,countryclubdrive_to_I10interchange,NB,0.2,0.47,22.3
6/20/2025 6:00,countryclubdrive_to_I10interchange,NB,0.2,0.48,21.1
6/20/2025 7:00,countryclubdrive_to_I10interchange,NB,0.39,0.66,15.1
6/20/2025 8:00,countryclubdrive_to_I10interchange,NB,0.4,0.67,15
6/20/2025 9:00,countryclubdrive_to_I10interchange,NB,0.36,0.63,16.1
6/20/2025 10:00,countryclubdrive_to_I10interchange,NB,0.42,0.7,14.1
6/20/2025 11:00,countryclubdrive_to_I10interchange,NB,0.42,0.69,14.6
6/20/2025 12:00,countryclubdrive_to_I10interchange,NB,0.48,0.75,13.3
6/20/2025 13:00,countryclubdrive_to_I10interchange,NB,0.45,0.73,13.6
6/20/2025 14:00,countryclubdrive_to_I10interchange,NB,0.48,0.76,13.2
6/20/2025 15:00,countryclubdrive_to_I10interchange,NB,0.43,0.71,14.2
6/20/2025 16:00,countryclubdrive_to_I10interchange,NB,0.36,0.63,16.1
6/20/2025 17:00,countryclubdrive_to_I10interchange,NB,0.36,0.64,16.2
6/20/2025 18:00,countryclubdrive_to_I10interchange,NB,0.29,0.56,18.6
6/20/2025 19:00,countryclubdrive_to_I10interchange,NB,0.15,0.42,23.6
6/20/2025 20:00,countryclubdrive_to_I10interchange,NB,0.29,0.57,17.7
6/20/2025 21:00,countryclubdrive_to_I10interchange,NB,0.23,0.51,20.1
6/20/2025 22:00,countryclubdrive_to_I10interchange,NB,0.19,0.47,22.2
6/20/2025 23:00,countryclubdrive_to_I10interchange,NB,0.1,0.37,26.2
6/21/2025 0:00,countryclubdrive_to_I10interchange,NB,0.12,0.39,24.9
6/21/2025 1:00,countryclubdrive_to_I10interchange,NB,0.1,0.37,26.4
6/21/2025 2:00,countryclubdrive_to_I10interchange,NB,0.2,0.47,21.7
6/21/2025 3:00,countryclubdrive_to_I10interchange,NB,0.05,0.32,31.9
6/21/2025 4:00,countryclubdrive_to_I10interchange,NB,0,0.26,38.1
6/21/2025 5:00,countryclubdrive_to_I10interchange,NB,0.12,0.39,25.7
6/21/2025 6:00,countryclubdrive_to_I10interchange,NB,0.15,0.43,23.9
6/21/2025 7:00,countryclubdrive_to_I10interchange,NB,0.28,0.56,18.7
6/21/2025 8:00,countryclubdrive_to_I10interchange,NB,0.13,0.41,24.3
6/21/2025 9:00,countryclubdrive_to_I10interchange,NB,0.24,0.52,19.5
6/21/2025 10:00,countryclubdrive_to_I10interchange,NB,0.35,0.63,16.5
6/21/2025 11:00,countryclubdrive_to_I10interchange,NB,0.31,0.58,17.8
6/21/2025 12:00,countryclubdrive_to_I10interchange,NB,0.33,0.61,17
6/21/2025 13:00,countryclubdrive_to_I10interchange,NB,0.29,0.57,17.9
6/21/2025 14:00,countryclubdrive_to_I10interchange,NB,0.41,0.69,15.3
6/21/2025 15:00,countryclubdrive_to_I10interchange,NB,0.36,0.63,16.5
6/21/2025 16:00,countryclubdrive_to_I10interchange,NB,0.42,0.7,15.4
6/21/2025 17:00,countryclubdrive_to_I10interchange,NB,0.28,0.56,18.4
6/21/2025 18:00,countryclubdrive_to_I10interchange,NB,0.34,0.62,17
6/21/2025 19:00,countryclubdrive_to_I10interchange,NB,0.23,0.51,20.2
6/21/2025 20:00,countryclubdrive_to_I10interchange,NB,0.27,0.55,18.9
6/21/2025 21:00,countryclubdrive_to_I10interchange,NB,0.22,0.5,20.7
6/21/2025 22:00,countryclubdrive_to_I10interchange,NB,0.33,0.6,17.1
6/21/2025 23:00,countryclubdrive_to_I10interchange,NB,0.28,0.55,18.1
6/22/2025 0:00,countryclubdrive_to_I10interchange,NB,0.17,0.44,23.1
6/22/2025 1:00,countryclubdrive_to_I10interchange,NB,0.05,0.32,30.1
6/22/2025 2:00,countryclubdrive_to_I10interchange,NB,0.01,0.28,35.3
6/22/2025 3:00,countryclubdrive_to_I10interchange,NB,0.02,0.28,34.5
6/22/2025 4:00,countryclubdrive_to_I10interchange,NB,0.01,0.27,36.6
6/22/2025 5:00,countryclubdrive_to_I10interchange,NB,0.07,0.35,28
6/22/2025 6:00,countryclubdrive_to_I10interchange,NB,0.1,0.37,26.6
6/22/2025 7:00,countryclubdrive_to_I10interchange,NB,0.28,0.55,18.5
6/22/2025 8:00,countryclubdrive_to_I10interchange,NB,0.35,0.62,16.8
6/22/2025 9:00,countryclubdrive_to_I10interchange,NB,0.22,0.49,20.2
6/22/2025 10:00,countryclubdrive_to_I10interchange,NB,0.38,0.65,15.3
6/22/2025 11:00,countryclubdrive_to_I10interchange,NB,0.29,0.57,17.9
6/22/2025 12:00,countryclubdrive_to_I10interchange,NB,0.27,0.55,18.3
6/22/2025 13:00,countryclubdrive_to_I10interchange,NB,0.3,0.58,17.7
6/22/2025 14:00,countryclubdrive_to_I10interchange,NB,0.31,0.58,17.4
6/22/2025 15:00,countryclubdrive_to_I10interchange,NB,0.29,0.57,17.9
6/22/2025 16:00,countryclubdrive_to_I10interchange,NB,0.36,0.64,16.6
6/22/2025 17:00,countryclubdrive_to_I10interchange,NB,0.25,0.53,20.3
6/22/2025 18:00,countryclubdrive_to_I10interchange,NB,0.29,0.57,17.6
6/22/2025 19:00,countryclubdrive_to_I10interchange,NB,0.14,0.41,23.9
6/22/2025 20:00,countryclubdrive_to_I10interchange,NB,0.31,0.59,17.9
6/22/2025 21:00,countryclubdrive_to_I10interchange,NB,0.17,0.44,22.6
6/22/2025 22:00,countryclubdrive_to_I10interchange,NB,0.32,0.6,17.2
6/22/2025 23:00,countryclubdrive_to_I10interchange,NB,0.14,0.41,26.2
6/23/2025 0:00,countryclubdrive_to_I10interchange,NB,0.07,0.34,30
6/23/2025 1:00,countryclubdrive_to_I10interchange,NB,0.02,0.27,35.8
6/23/2025 2:00,countryclubdrive_to_I10interchange,NB,0.06,0.32,31
6/23/2025 3:00,countryclubdrive_to_I10interchange,NB,0.01,0.24,40.6
6/23/2025 4:00,countryclubdrive_to_I10interchange,NB,0.12,0.39,28.4
6/23/2025 5:00,countryclubdrive_to_I10interchange,NB,0.28,0.56,21.8
6/23/2025 6:00,countryclubdrive_to_I10interchange,NB,0.18,0.46,22.4
6/23/2025 7:00,countryclubdrive_to_I10interchange,NB,0.38,0.65,15.4
6/23/2025 8:00,countryclubdrive_to_I10interchange,NB,0.33,0.61,16.5
6/23/2025 9:00,countryclubdrive_to_I10interchange,NB,0.3,0.58,17.9
6/23/2025 10:00,countryclubdrive_to_I10interchange,NB,0.31,0.59,16.9
6/23/2025 11:00,countryclubdrive_to_I10interchange,NB,0.39,0.66,15.5
6/23/2025 12:00,countryclubdrive_to_I10interchange,NB,0.49,0.77,13.3
6/23/2025 13:00,countryclubdrive_to_I10interchange,NB,0.44,0.71,13.9
6/23/2025 14:00,countryclubdrive_to_I10interchange,NB,0.44,0.71,13.8
6/23/2025 15:00,countryclubdrive_to_I10interchange,NB,0.44,0.72,14.6
6/23/2025 16:00,countryclubdrive_to_I10interchange,NB,0.43,0.71,14.1
6/23/2025 17:00,countryclubdrive_to_I10interchange,NB,0.45,0.73,14.8
6/23/2025 18:00,countryclubdrive_to_I10interchange,NB,0.29,0.56,18.3
6/23/2025 19:00,countryclubdrive_to_I10interchange,NB,0.16,0.44,23.4
6/23/2025 20:00,countryclubdrive_to_I10interchange,NB,0.24,0.52,19.1
6/23/2025 21:00,countryclubdrive_to_I10interchange,NB,0.21,0.49,20.7
6/23/2025 22:00,countryclubdrive_to_I10interchange,NB,0.22,0.49,21.2
6/23/2025 23:00,countryclubdrive_to_I10interchange,NB,0.13,0.4,25.5
6/24/2025 0:00,countryclubdrive_to_I10interchange,NB,0.08,0.35,28.2
6/24/2025 1:00,countryclubdrive_to_I10interchange,NB,0.08,0.33,30.1
6/24/2025 2:00,countryclubdrive_to_I10interchange,NB,0.07,0.34,29.1
6/24/2025 3:00,countryclubdrive_to_I10interchange,NB,0.03,0.3,33.5
6/24/2025 4:00,countryclubdrive_to_I10interchange,NB,0.12,0.39,26.4
6/24/2025 5:00,countryclubdrive_to_I10interchange,NB,0.19,0.46,22.2
6/24/2025 6:00,countryclubdrive_to_I10interchange,NB,0.44,0.72,14.9
6/24/2025 7:00,countryclubdrive_to_I10interchange,NB,0.33,0.61,16.3
6/24/2025 8:00,countryclubdrive_to_I10interchange,NB,0.38,0.66,15.3
6/24/2025 9:00,countryclubdrive_to_I10interchange,NB,0.42,0.7,14.3
6/24/2025 10:00,countryclubdrive_to_I10interchange,NB,0.33,0.61,16.5
6/24/2025 11:00,countryclubdrive_to_I10interchange,NB,0.52,0.79,12.5
6/24/2025 12:00,countryclubdrive_to_I10interchange,NB,0.47,0.74,13.6
6/24/2025 13:00,countryclubdrive_to_I10interchange,NB,0.38,0.65,16.1
6/24/2025 14:00,countryclubdrive_to_I10interchange,NB,0.4,0.68,15.1
6/24/2025 15:00,countryclubdrive_to_I10interchange,NB,0.43,0.71,14.2
6/24/2025 16:00,countryclubdrive_to_I10interchange,NB,0.35,0.62,16.1
6/24/2025 17:00,countryclubdrive_to_I10interchange,NB,0.45,0.72,13.9
6/24/2025 18:00,countryclubdrive_to_I10interchange,NB,0.42,0.69,15.8
6/24/2025 19:00,countryclubdrive_to_I10interchange,NB,0.18,0.45,22
6/24/2025 20:00,countryclubdrive_to_I10interchange,NB,0.18,0.46,22.9
6/24/2025 21:00,countryclubdrive_to_I10interchange,NB,0.22,0.5,20.7
6/24/2025 22:00,countryclubdrive_to_I10interchange,NB,0.19,0.47,22.6
6/24/2025 23:00,countryclubdrive_to_I10interchange,NB,0.13,0.4,25
6/25/2025 0:00,countryclubdrive_to_I10interchange,NB,0.14,0.41,26
6/25/2025 1:00,countryclubdrive_to_I10interchange,NB,0.01,0.25,39.3
6/25/2025 2:00,countryclubdrive_to_I10interchange,NB,0.06,0.33,30.2
6/25/2025 3:00,countryclubdrive_to_I10interchange,NB,0.01,0.26,38.7
6/25/2025 4:00,countryclubdrive_to_I10interchange,NB,0.08,0.34,30.8
6/25/2025 5:00,countryclubdrive_to_I10interchange,NB,0.11,0.38,26.3
6/25/2025 6:00,countryclubdrive_to_I10interchange,NB,0.31,0.59,17.9
6/25/2025 7:00,countryclubdrive_to_I10interchange,NB,0.56,0.84,13
6/25/2025 8:00,countryclubdrive_to_I10interchange,NB,0.39,0.67,15
6/25/2025 9:00,countryclubdrive_to_I10interchange,NB,0.38,0.66,15.2
6/25/2025 10:00,countryclubdrive_to_I10interchange,NB,0.4,0.67,15.2
6/25/2025 11:00,countryclubdrive_to_I10interchange,NB,0.4,0.68,14.8
6/25/2025 12:00,countryclubdrive_to_I10interchange,NB,0.35,0.63,15.8
6/25/2025 13:00,countryclubdrive_to_I10interchange,NB,0.43,0.71,14.8
6/25/2025 14:00,countryclubdrive_to_I10interchange,NB,0.56,0.84,11.9
6/25/2025 15:00,countryclubdrive_to_I10interchange,NB,0.44,0.71,13.9
6/25/2025 16:00,countryclubdrive_to_I10interchange,NB,0.39,0.67,15
6/25/2025 17:00,countryclubdrive_to_I10interchange,NB,0.44,0.72,13.8
6/25/2025 18:00,countryclubdrive_to_I10interchange,NB,0.32,0.59,17.5
6/25/2025 19:00,countryclubdrive_to_I10interchange,NB,0.15,0.42,23.8
6/25/2025 20:00,countryclubdrive_to_I10interchange,NB,0.31,0.59,17.2
6/25/2025 21:00,countryclubdrive_to_I10interchange,NB,0.18,0.46,21.8
6/25/2025 22:00,countryclubdrive_to_I10interchange,NB,0.11,0.39,25.7
6/25/2025 23:00,countryclubdrive_to_I10interchange,NB,0.15,0.43,24.6
6/26/2025 0:00,countryclubdrive_to_I10interchange,NB,0.02,0.28,35.4
6/26/2025 1:00,countryclubdrive_to_I10interchange,NB,0.03,0.29,34.9
6/26/2025 2:00,countryclubdrive_to_I10interchange,NB,0.03,0.3,32.9
6/26/2025 3:00,countryclubdrive_to_I10interchange,NB,0.02,0.28,35.2
6/26/2025 4:00,countryclubdrive_to_I10interchange,NB,0.16,0.43,23
6/26/2025 5:00,countryclubdrive_to_I10interchange,NB,0.2,0.48,24.1
6/26/2025 6:00,countryclubdrive_to_I10interchange,NB,0.37,0.64,16.5
6/26/2025 7:00,countryclubdrive_to_I10interchange,NB,0.38,0.65,16.6
6/26/2025 8:00,countryclubdrive_to_I10interchange,NB,0.47,0.74,13.6
6/26/2025 9:00,countryclubdrive_to_I10interchange,NB,0.42,0.7,15.1
6/26/2025 10:00,countryclubdrive_to_I10interchange,NB,0.5,0.77,13.8
6/26/2025 11:00,countryclubdrive_to_I10interchange,NB,0.43,0.71,14.1
6/26/2025 12:00,countryclubdrive_to_I10interchange,NB,0.42,0.69,14.7
6/26/2025 13:00,countryclubdrive_to_I10interchange,NB,0.42,0.69,14.3
6/26/2025 14:00,countryclubdrive_to_I10interchange,NB,0.51,0.79,12.6
6/26/2025 15:00,countryclubdrive_to_I10interchange,NB,0.55,0.83,12.7
6/26/2025 16:00,countryclubdrive_to_I10interchange,NB,0.38,0.66,15.4
6/26/2025 17:00,countryclubdrive_to_I10interchange,NB,0.44,0.71,14
6/26/2025 18:00,countryclubdrive_to_I10interchange,NB,0.28,0.55,18.2
6/26/2025 19:00,countryclubdrive_to_I10interchange,NB,0.17,0.44,22.6
6/26/2025 20:00,countryclubdrive_to_I10interchange,NB,0.26,0.53,18.6
6/26/2025 21:00,countryclubdrive_to_I10interchange,NB,0.27,0.55,18.3
6/26/2025 22:00,countryclubdrive_to_I10interchange,NB,0.2,0.48,20.8
6/26/2025 23:00,countryclubdrive_to_I10interchange,NB,0.17,0.45,24.1
6/27/2025 0:00,countryclubdrive_to_I10interchange,NB,0.05,0.32,30.3
6/27/2025 1:00,countryclubdrive_to_I10interchange,NB,0.05,0.33,30
6/27/2025 2:00,countryclubdrive_to_I10interchange,NB,0.04,0.29,35.6
6/27/2025 3:00,countryclubdrive_to_I10interchange,NB,0.01,0.28,35.4
6/27/2025 4:00,countryclubdrive_to_I10interchange,NB,0.04,0.3,34.5
6/27/2025 5:00,countryclubdrive_to_I10interchange,NB,0.17,0.44,23.4
6/27/2025 6:00,countryclubdrive_to_I10interchange,NB,0.3,0.58,17.6
6/27/2025 7:00,countryclubdrive_to_I10interchange,NB,0.44,0.71,15.4
6/27/2025 8:00,countryclubdrive_to_I10interchange,NB,0.54,0.81,12.6
6/27/2025 9:00,countryclubdrive_to_I10interchange,NB,0.51,0.78,13
6/27/2025 10:00,countryclubdrive_to_I10interchange,NB,0.43,0.7,14.3
6/27/2025 11:00,countryclubdrive_to_I10interchange,NB,0.55,0.83,12.1
6/27/2025 12:00,countryclubdrive_to_I10interchange,NB,0.54,0.81,12.5
6/27/2025 13:00,countryclubdrive_to_I10interchange,NB,0.5,0.78,12.9
6/27/2025 14:00,countryclubdrive_to_I10interchange,NB,0.49,0.77,13.4
6/27/2025 15:00,countryclubdrive_to_I10interchange,NB,0.52,0.79,12.8
6/27/2025 16:00,countryclubdrive_to_I10interchange,NB,0.37,0.65,15.6
6/27/2025 17:00,countryclubdrive_to_I10interchange,NB,0.38,0.66,15.1
6/27/2025 18:00,countryclubdrive_to_I10interchange,NB,0.36,0.63,15.8
6/27/2025 19:00,countryclubdrive_to_I10interchange,NB,0.13,0.4,25.1
6/27/2025 20:00,countryclubdrive_to_I10interchange,NB,0.27,0.54,18.8
6/27/2025 21:00,countryclubdrive_to_I10interchange,NB,0.23,0.5,20.3
6/27/2025 22:00,countryclubdrive_to_I10interchange,NB,0.16,0.43,22.9
6/27/2025 23:00,countryclubdrive_to_I10interchange,NB,0.13,0.41,24.5
6/28/2025 0:00,countryclubdrive_to_I10interchange,NB,0.09,0.36,28
6/28/2025 1:00,countryclubdrive_to_I10interchange,NB,0.1,0.37,26.4
6/28/2025 2:00,countryclubdrive_to_I10interchange,NB,0.04,0.31,31.4
6/28/2025 3:00,countryclubdrive_to_I10interchange,NB,0.02,0.27,36.9
6/28/2025 4:00,countryclubdrive_to_I10interchange,NB,0.07,0.34,30.7
6/28/2025 5:00,countryclubdrive_to_I10interchange,NB,0.18,0.45,23.1
6/28/2025 6:00,countryclubdrive_to_I10interchange,NB,0.26,0.54,19.4
6/28/2025 7:00,countryclubdrive_to_I10interchange,NB,0.25,0.53,20.3
6/28/2025 8:00,countryclubdrive_to_I10interchange,NB,0.28,0.56,17.9
6/28/2025 9:00,countryclubdrive_to_I10interchange,NB,0.34,0.62,16.6
6/28/2025 10:00,countryclubdrive_to_I10interchange,NB,0.4,0.67,14.9
6/28/2025 11:00,countryclubdrive_to_I10interchange,NB,0.32,0.59,17
6/28/2025 12:00,countryclubdrive_to_I10interchange,NB,0.47,0.74,14.3
6/28/2025 13:00,countryclubdrive_to_I10interchange,NB,0.27,0.55,18.3
6/28/2025 14:00,countryclubdrive_to_I10interchange,NB,0.36,0.63,16.1
6/28/2025 15:00,countryclubdrive_to_I10interchange,NB,0.31,0.58,17.1
6/28/2025 16:00,countryclubdrive_to_I10interchange,NB,0.43,0.7,14.5
6/28/2025 17:00,countryclubdrive_to_I10interchange,NB,0.29,0.57,17.7
6/28/2025 18:00,countryclubdrive_to_I10interchange,NB,0.32,0.59,17
6/28/2025 19:00,countryclubdrive_to_I10interchange,NB,0.21,0.48,20.7
6/28/2025 20:00,countryclubdrive_to_I10interchange,NB,0.24,0.51,20.9
6/28/2025 21:00,countryclubdrive_to_I10interchange,NB,0.29,0.57,17.4
6/28/2025 22:00,countryclubdrive_to_I10interchange,NB,0.24,0.51,19.2
6/28/2025 23:00,countryclubdrive_to_I10interchange,NB,0.21,0.48,21.1
6/29/2025 0:00,countryclubdrive_to_I10interchange,NB,0.11,0.39,25.3
6/29/2025 1:00,countryclubdrive_to_I10interchange,NB,0.1,0.37,26.6
6/29/2025 2:00,countryclubdrive_to_I10interchange,NB,0.01,0.28,34.6
6/29/2025 3:00,countryclubdrive_to_I10interchange,NB,0,0.25,39.6
6/29/2025 4:00,countryclubdrive_to_I10interchange,NB,0.02,0.28,35.7
6/29/2025 5:00,countryclubdrive_to_I10interchange,NB,0.04,0.32,30.9
6/29/2025 6:00,countryclubdrive_to_I10interchange,NB,0.2,0.48,21.4
6/29/2025 7:00,countryclubdrive_to_I10interchange,NB,0.37,0.65,16.2
6/29/2025 8:00,countryclubdrive_to_I10interchange,NB,0.2,0.47,22.4
6/29/2025 9:00,countryclubdrive_to_I10interchange,NB,0.26,0.53,18.8
6/29/2025 10:00,countryclubdrive_to_I10interchange,NB,0.3,0.58,17.7
6/29/2025 11:00,countryclubdrive_to_I10interchange,NB,0.45,0.72,14
6/29/2025 12:00,countryclubdrive_to_I10interchange,NB,0.43,0.71,14.3
6/29/2025 13:00,countryclubdrive_to_I10interchange,NB,0.29,0.57,17.7
6/29/2025 14:00,countryclubdrive_to_I10interchange,NB,0.25,0.53,19.1
6/29/2025 15:00,countryclubdrive_to_I10interchange,NB,0.3,0.57,17.7
6/29/2025 16:00,countryclubdrive_to_I10interchange,NB,0.29,0.57,17.7
6/29/2025 17:00,countryclubdrive_to_I10interchange,NB,0.27,0.55,18.6
6/29/2025 18:00,countryclubdrive_to_I10interchange,NB,0.36,0.64,16.2
6/29/2025 19:00,countryclubdrive_to_I10interchange,NB,0.16,0.43,22.9
6/29/2025 20:00,countryclubdrive_to_I10interchange,NB,0.38,0.66,16
6/29/2025 21:00,countryclubdrive_to_I10interchange,NB,0.2,0.47,21
6/29/2025 22:00,countryclubdrive_to_I10interchange,NB,0.27,0.55,18.2
6/29/2025 23:00,countryclubdrive_to_I10interchange,NB,0.11,0.39,25.5
6/30/2025 0:00,countryclubdrive_to_I10interchange,NB,0.2,0.47,21.5
6/30/2025 1:00,countryclubdrive_to_I10interchange,NB,0.11,0.38,25.6
6/30/2025 2:00,countryclubdrive_to_I10interchange,NB,0.05,0.31,32.8
6/30/2025 3:00,countryclubdrive_to_I10interchange,NB,0,0.26,36.8
6/30/2025 4:00,countryclubdrive_to_I10interchange,NB,0.05,0.32,30.5
6/30/2025 5:00,countryclubdrive_to_I10interchange,NB,0.18,0.46,23.3
6/30/2025 6:00,countryclubdrive_to_I10interchange,NB,0.33,0.61,18.2
6/30/2025 7:00,countryclubdrive_to_I10interchange,NB,0.3,0.58,17.5
6/30/2025 8:00,countryclubdrive_to_I10interchange,NB,0.37,0.65,15.9
6/30/2025 9:00,countryclubdrive_to_I10interchange,NB,0.42,0.69,15
6/30/2025 10:00,countryclubdrive_to_I10interchange,NB,0.47,0.75,14
6/30/2025 11:00,countryclubdrive_to_I10interchange,NB,0.44,0.72,13.9
6/30/2025 12:00,countryclubdrive_to_I10interchange,NB,0.45,0.73,14.4
6/30/2025 13:00,countryclubdrive_to_I10interchange,NB,0.49,0.77,12.9
6/30/2025 14:00,countryclubdrive_to_I10interchange,NB,0.42,0.69,14.4
6/30/2025 15:00,countryclubdrive_to_I10interchange,NB,0.46,0.73,13.8
6/30/2025 16:00,countryclubdrive_to_I10interchange,NB,0.33,0.6,16.3
6/30/2025 17:00,countryclubdrive_to_I10interchange,NB,0.44,0.71,14.2
6/30/2025 18:00,countryclubdrive_to_I10interchange,NB,0.39,0.67,15.3
6/30/2025 19:00,countryclubdrive_to_I10interchange,NB,0.11,0.38,28
6/30/2025 20:00,countryclubdrive_to_I10interchange,NB,0.29,0.57,19
6/30/2025 21:00,countryclubdrive_to_I10interchange,NB,0.25,0.52,19.8
6/30/2025 22:00,countryclubdrive_to_I10interchange,NB,0.09,0.36,28.2
6/30/2025 23:00,countryclubdrive_to_I10interchange,NB,0.12,0.39,25.2
7/1/2025 0:00,countryclubdrive_to_I10interchange,NB,0.1,0.37,26.3
7/1/2025 1:00,countryclubdrive_to_I10interchange,NB,0.04,0.31,31.3
7/1/2025 2:00,countryclubdrive_to_I10interchange,NB,0.09,0.35,28.5
7/1/2025 3:00,countryclubdrive_to_I10interchange,NB,0.01,0.24,41.2
7/1/2025 4:00,countryclubdrive_to_I10interchange,NB,0.05,0.32,30.7
7/1/2025 5:00,countryclubdrive_to_I10interchange,NB,0.2,0.48,21.2
7/1/2025 6:00,countryclubdrive_to_I10interchange,NB,0.43,0.71,15.1
7/1/2025 7:00,countryclubdrive_to_I10interchange,NB,0.46,0.74,13.7
7/1/2025 8:00,countryclubdrive_to_I10interchange,NB,0.4,0.68,15.9
7/1/2025 9:00,countryclubdrive_to_I10interchange,NB,0.38,0.66,15.1
7/1/2025 10:00,countryclubdrive_to_I10interchange,NB,0.32,0.6,16.4
7/1/2025 11:00,countryclubdrive_to_I10interchange,NB,0.43,0.71,14.7
7/1/2025 12:00,countryclubdrive_to_I10interchange,NB,0.47,0.74,13.9
7/1/2025 13:00,countryclubdrive_to_I10interchange,NB,0.41,0.68,14.6
7/1/2025 14:00,countryclubdrive_to_I10interchange,NB,0.47,0.75,13.7
7/1/2025 15:00,countryclubdrive_to_I10interchange,NB,0.46,0.73,13.8
7/1/2025 16:00,countryclubdrive_to_I10interchange,NB,0.38,0.65,15.6
7/1/2025 17:00,countryclubdrive_to_I10interchange,NB,0.35,0.62,16.2
7/1/2025 18:00,countryclubdrive_to_I10interchange,NB,0.27,0.54,18.4
7/1/2025 19:00,countryclubdrive_to_I10interchange,NB,0.14,0.41,24.1
7/1/2025 20:00,countryclubdrive_to_I10interchange,NB,0.17,0.45,22.1
7/1/2025 21:00,countryclubdrive_to_I10interchange,NB,0.25,0.53,19.3
7/1/2025 22:00,countryclubdrive_to_I10interchange,NB,0.21,0.49,20.9
7/1/2025 23:00,countryclubdrive_to_I10interchange,NB,0.12,0.39,25.4
7/2/2025 0:00,countryclubdrive_to_I10interchange,NB,0.09,0.36,27.2
7/2/2025 1:00,countryclubdrive_to_I10interchange,NB,0.05,0.32,30
7/2/2025 2:00,countryclubdrive_to_I10interchange,NB,0.04,0.31,31.6
7/2/2025 3:00,countryclubdrive_to_I10interchange,NB,0.01,0.25,38.7
7/2/2025 4:00,countryclubdrive_to_I10interchange,NB,0.02,0.29,33.4
7/2/2025 5:00,countryclubdrive_to_I10interchange,NB,0.17,0.44,22.9
7/2/2025 6:00,countryclubdrive_to_I10interchange,NB,0.32,0.59,17.3
7/2/2025 7:00,countryclubdrive_to_I10interchange,NB,0.51,0.78,12.7
7/2/2025 8:00,countryclubdrive_to_I10interchange,NB,0.48,0.76,13.4
7/2/2025 9:00,countryclubdrive_to_I10interchange,NB,0.52,0.79,13.2
7/2/2025 10:00,countryclubdrive_to_I10interchange,NB,0.4,0.67,14.9
7/2/2025 11:00,countryclubdrive_to_I10interchange,NB,0.31,0.59,16.8
7/2/2025 12:00,countryclubdrive_to_I10interchange,NB,0.41,0.69,14.5
7/2/2025 13:00,countryclubdrive_to_I10interchange,NB,0.42,0.7,14.2
7/2/2025 14:00,countryclubdrive_to_I10interchange,NB,0.54,0.82,12.9
7/2/2025 15:00,countryclubdrive_to_I10interchange,NB,0.38,0.65,15.5
7/2/2025 16:00,countryclubdrive_to_I10interchange,NB,0.44,0.71,14.1
7/2/2025 17:00,countryclubdrive_to_I10interchange,NB,0.4,0.67,15.1
7/2/2025 18:00,countryclubdrive_to_I10interchange,NB,0.24,0.51,19.4
7/2/2025 19:00,countryclubdrive_to_I10interchange,NB,0.19,0.46,21.6
7/2/2025 20:00,countryclubdrive_to_I10interchange,NB,0.18,0.46,21.3
7/2/2025 21:00,countryclubdrive_to_I10interchange,NB,0.27,0.55,18.3
7/2/2025 22:00,countryclubdrive_to_I10interchange,NB,0.18,0.46,22.2
7/2/2025 23:00,countryclubdrive_to_I10interchange,NB,0.09,0.36,27.2
7/3/2025 0:00,countryclubdrive_to_I10interchange,NB,0.09,0.37,26.9
7/3/2025 1:00,countryclubdrive_to_I10interchange,NB,0.07,0.33,31.8
7/3/2025 2:00,countryclubdrive_to_I10interchange,NB,0.03,0.3,32.7
7/3/2025 3:00,countryclubdrive_to_I10interchange,NB,0.07,0.34,29.7
7/3/2025 4:00,countryclubdrive_to_I10interchange,NB,0.09,0.35,29.9
7/3/2025 5:00,countryclubdrive_to_I10interchange,NB,0.25,0.52,19.9
7/3/2025 6:00,countryclubdrive_to_I10interchange,NB,0.16,0.44,22.7
7/3/2025 7:00,countryclubdrive_to_I10interchange,NB,0.37,0.64,15.5
7/3/2025 8:00,countryclubdrive_to_I10interchange,NB,0.39,0.66,15.2
7/3/2025 9:00,countryclubdrive_to_I10interchange,NB,0.38,0.66,15.5
7/3/2025 10:00,countryclubdrive_to_I10interchange,NB,0.44,0.71,13.9
7/3/2025 11:00,countryclubdrive_to_I10interchange,NB,0.4,0.67,15.8
7/3/2025 12:00,countryclubdrive_to_I10interchange,NB,0.49,0.77,13.2
7/3/2025 13:00,countryclubdrive_to_I10interchange,NB,0.44,0.72,13.8
7/3/2025 14:00,countryclubdrive_to_I10interchange,NB,0.5,0.78,12.7
7/3/2025 15:00,countryclubdrive_to_I10interchange,NB,0.36,0.64,15.5
7/3/2025 16:00,countryclubdrive_to_I10interchange,NB,0.37,0.65,15.2
7/3/2025 17:00,countryclubdrive_to_I10interchange,NB,0.36,0.63,15.9
7/3/2025 18:00,countryclubdrive_to_I10interchange,NB,0.37,0.64,16.5
7/3/2025 19:00,countryclubdrive_to_I10interchange,NB,0.19,0.46,21.6
7/3/2025 20:00,countryclubdrive_to_I10interchange,NB,0.26,0.54,19
7/3/2025 21:00,countryclubdrive_to_I10interchange,NB,0.3,0.57,17.8
7/3/2025 22:00,countryclubdrive_to_I10interchange,NB,0.12,0.4,24.7
7/3/2025 23:00,countryclubdrive_to_I10interchange,NB,0.1,0.38,26.5
7/4/2025 0:00,countryclubdrive_to_I10interchange,NB,0.08,0.35,27.8
7/4/2025 1:00,countryclubdrive_to_I10interchange,NB,0.05,0.31,31.1
7/4/2025 2:00,countryclubdrive_to_I10interchange,NB,0.06,0.33,29.7
7/4/2025 3:00,countryclubdrive_to_I10interchange,NB,0.01,0.26,37.9
7/4/2025 4:00,countryclubdrive_to_I10interchange,NB,0.04,0.3,32.9
7/4/2025 5:00,countryclubdrive_to_I10interchange,NB,0.08,0.35,30.1
7/4/2025 6:00,countryclubdrive_to_I10interchange,NB,0.17,0.45,22.6
7/4/2025 7:00,countryclubdrive_to_I10interchange,NB,0.2,0.48,21.3
7/4/2025 8:00,countryclubdrive_to_I10interchange,NB,0.28,0.55,19.6
7/4/2025 9:00,countryclubdrive_to_I10interchange,NB,0.4,0.68,16.5
7/4/2025 10:00,countryclubdrive_to_I10interchange,NB,0.21,0.49,20.6
7/4/2025 11:00,countryclubdrive_to_I10interchange,NB,0.38,0.65,15.3
7/4/2025 12:00,countryclubdrive_to_I10interchange,NB,0.3,0.57,17.7
7/4/2025 13:00,countryclubdrive_to_I10interchange,NB,0.33,0.61,16.6
7/4/2025 14:00,countryclubdrive_to_I10interchange,NB,0.23,0.51,20.3
7/4/2025 15:00,countryclubdrive_to_I10interchange,NB,0.25,0.53,19.7
7/4/2025 16:00,countryclubdrive_to_I10interchange,NB,0.27,0.54,18.8
7/4/2025 17:00,countryclubdrive_to_I10interchange,NB,0.23,0.51,20
7/4/2025 18:00,countryclubdrive_to_I10interchange,NB,0.22,0.5,20.2
7/4/2025 19:00,countryclubdrive_to_I10interchange,NB,0.11,0.39,26.2
7/4/2025 20:00,countryclubdrive_to_I10interchange,NB,0.14,0.42,23.8
7/4/2025 21:00,countryclubdrive_to_I10interchange,NB,0.27,0.55,19
7/4/2025 22:00,countryclubdrive_to_I10interchange,NB,0.15,0.43,24.2
7/4/2025 23:00,countryclubdrive_to_I10interchange,NB,0.2,0.48,21.6
7/5/2025 0:00,countryclubdrive_to_I10interchange,NB,0.16,0.43,23.7
7/5/2025 1:00,countryclubdrive_to_I10interchange,NB,0.07,0.33,30.4
7/5/2025 2:00,countryclubdrive_to_I10interchange,NB,0.02,0.28,34.6
7/5/2025 3:00,countryclubdrive_to_I10interchange,NB,0.1,0.38,25.9
7/5/2025 4:00,countryclubdrive_to_I10interchange,NB,0.08,0.35,28
7/5/2025 5:00,countryclubdrive_to_I10interchange,NB,0.05,0.31,32.9
7/5/2025 6:00,countryclubdrive_to_I10interchange,NB,0.25,0.53,20
7/5/2025 7:00,countryclubdrive_to_I10interchange,NB,0.32,0.6,16.9
7/5/2025 8:00,countryclubdrive_to_I10interchange,NB,0.26,0.54,20.4
7/5/2025 9:00,countryclubdrive_to_I10interchange,NB,0.2,0.47,21.2
7/5/2025 10:00,countryclubdrive_to_I10interchange,NB,0.32,0.59,17.5
7/5/2025 11:00,countryclubdrive_to_I10interchange,NB,0.31,0.59,16.9
7/5/2025 12:00,countryclubdrive_to_I10interchange,NB,0.33,0.6,17.8
7/5/2025 13:00,countryclubdrive_to_I10interchange,NB,0.33,0.61,17.1
7/5/2025 14:00,countryclubdrive_to_I10interchange,NB,0.31,0.59,17.5
7/5/2025 15:00,countryclubdrive_to_I10interchange,NB,0.32,0.59,17.1
7/5/2025 16:00,countryclubdrive_to_I10interchange,NB,0.34,0.61,16.1
7/5/2025 17:00,countryclubdrive_to_I10interchange,NB,0.23,0.51,19.9
7/5/2025 18:00,countryclubdrive_to_I10interchange,NB,0.28,0.55,19.4
7/5/2025 19:00,countryclubdrive_to_I10interchange,NB,0.18,0.46,22.1
7/5/2025 20:00,countryclubdrive_to_I10interchange,NB,0.28,0.56,17.7
7/5/2025 21:00,countryclubdrive_to_I10interchange,NB,0.21,0.48,21.6
7/5/2025 22:00,countryclubdrive_to_I10interchange,NB,0.2,0.47,22.6
7/5/2025 23:00,countryclubdrive_to_I10interchange,NB,0.23,0.51,20.2
7/6/2025 0:00,countryclubdrive_to_I10interchange,NB,0.19,0.46,22.8
7/6/2025 1:00,countryclubdrive_to_I10interchange,NB,0.12,0.4,24.9
7/6/2025 2:00,countryclubdrive_to_I10interchange,NB,0.12,0.39,25.4
7/6/2025 3:00,countryclubdrive_to_I10interchange,NB,0.04,0.32,30.6
7/6/2025 4:00,countryclubdrive_to_I10interchange,NB,0.09,0.36,28.1
7/6/2025 5:00,countryclubdrive_to_I10interchange,NB,0.25,0.52,20.4
7/6/2025 6:00,countryclubdrive_to_I10interchange,NB,0.23,0.5,20.8
7/6/2025 7:00,countryclubdrive_to_I10interchange,NB,0.2,0.48,21.1
7/6/2025 8:00,countryclubdrive_to_I10interchange,NB,0.35,0.63,16.4
7/6/2025 9:00,countryclubdrive_to_I10interchange,NB,0.17,0.45,22.6
7/6/2025 10:00,countryclubdrive_to_I10interchange,NB,0.33,0.61,16.9
7/6/2025 11:00,countryclubdrive_to_I10interchange,NB,0.3,0.58,18.5
7/6/2025 12:00,countryclubdrive_to_I10interchange,NB,0.37,0.64,16.9
7/6/2025 13:00,countryclubdrive_to_I10interchange,NB,0.19,0.46,21.5
7/6/2025 14:00,countryclubdrive_to_I10interchange,NB,0.21,0.48,20.3
7/6/2025 15:00,countryclubdrive_to_I10interchange,NB,0.21,0.49,21.5
7/6/2025 16:00,countryclubdrive_to_I10interchange,NB,0.27,0.54,18.5
7/6/2025 17:00,countryclubdrive_to_I10interchange,NB,0.23,0.5,20.2
7/6/2025 18:00,countryclubdrive_to_I10interchange,NB,0.31,0.58,17.6
7/6/2025 19:00,countryclubdrive_to_I10interchange,NB,0.11,0.38,26
7/6/2025 20:00,countryclubdrive_to_I10interchange,NB,0.18,0.46,22.1
7/6/2025 21:00,countryclubdrive_to_I10interchange,NB,0.17,0.45,22.7
7/6/2025 22:00,countryclubdrive_to_I10interchange,NB,0.09,0.36,27.3
7/6/2025 23:00,countryclubdrive_to_I10interchange,NB,0.17,0.45,23.6
7/7/2025 0:00,countryclubdrive_to_I10interchange,NB,0.08,0.36,28
7/7/2025 1:00,countryclubdrive_to_I10interchange,NB,0.03,0.29,33.6
7/7/2025 2:00,countryclubdrive_to_I10interchange,NB,0.01,0.28,34.4
7/7/2025 3:00,countryclubdrive_to_I10interchange,NB,0.01,0.24,40.6
7/7/2025 4:00,countryclubdrive_to_I10interchange,NB,0.08,0.35,29.2
7/7/2025 5:00,countryclubdrive_to_I10interchange,NB,0.26,0.54,19.7
7/7/2025 6:00,countryclubdrive_to_I10interchange,NB,0.32,0.6,17.1
7/7/2025 7:00,countryclubdrive_to_I10interchange,NB,0.35,0.63,16.9
7/7/2025 8:00,countryclubdrive_to_I10interchange,NB,0.43,0.7,14.6
7/7/2025 9:00,countryclubdrive_to_I10interchange,NB,0.53,0.8,13.1
7/7/2025 10:00,countryclubdrive_to_I10interchange,NB,0.45,0.72,13.6
7/7/2025 11:00,countryclubdrive_to_I10interchange,NB,0.38,0.65,15.9
7/7/2025 12:00,countryclubdrive_to_I10interchange,NB,0.49,0.77,13.2
7/7/2025 13:00,countryclubdrive_to_I10interchange,NB,0.41,0.68,14.7
7/7/2025 14:00,countryclubdrive_to_I10interchange,NB,0.43,0.7,14.1
7/7/2025 15:00,countryclubdrive_to_I10interchange,NB,0.44,0.72,14
7/7/2025 16:00,countryclubdrive_to_I10interchange,NB,0.37,0.65,15.2
7/7/2025 17:00,countryclubdrive_to_I10interchange,NB,0.35,0.63,15.9
7/7/2025 18:00,countryclubdrive_to_I10interchange,NB,0.23,0.5,19.8
7/7/2025 19:00,countryclubdrive_to_I10interchange,NB,0.24,0.51,20.5
7/7/2025 20:00,countryclubdrive_to_I10interchange,NB,0.21,0.48,21.2
7/7/2025 21:00,countryclubdrive_to_I10interchange,NB,0.16,0.43,22.8
7/7/2025 22:00,countryclubdrive_to_I10interchange,NB,0.18,0.45,22.5
7/7/2025 23:00,countryclubdrive_to_I10interchange,NB,0.08,0.36,27.7
7/8/2025 0:00,countryclubdrive_to_I10interchange,NB,0.12,0.4,26.5
7/8/2025 1:00,countryclubdrive_to_I10interchange,NB,0.01,0.27,35.8
7/8/2025 2:00,countryclubdrive_to_I10interchange,NB,0.06,0.32,30.5
7/8/2025 3:00,countryclubdrive_to_I10interchange,NB,0.03,0.3,33
7/8/2025 4:00,countryclubdrive_to_I10interchange,NB,0.02,0.29,34.2
7/8/2025 5:00,countryclubdrive_to_I10interchange,NB,0.1,0.36,29.6
7/8/2025 6:00,countryclubdrive_to_I10interchange,NB,0.46,0.74,14.2
7/8/2025 7:00,countryclubdrive_to_I10interchange,NB,0.55,0.82,12.9
7/8/2025 8:00,countryclubdrive_to_I10interchange,NB,0.42,0.7,14.7
7/8/2025 9:00,countryclubdrive_to_I10interchange,NB,0.43,0.7,14.5
7/8/2025 10:00,countryclubdrive_to_I10interchange,NB,0.39,0.66,15
7/8/2025 11:00,countryclubdrive_to_I10interchange,NB,0.44,0.72,14
7/8/2025 12:00,countryclubdrive_to_I10interchange,NB,0.45,0.72,14.4
7/8/2025 13:00,countryclubdrive_to_I10interchange,NB,0.54,0.82,13
7/8/2025 14:00,countryclubdrive_to_I10interchange,NB,0.41,0.68,14.6
7/8/2025 15:00,countryclubdrive_to_I10interchange,NB,0.44,0.71,14.5
7/8/2025 16:00,countryclubdrive_to_I10interchange,NB,0.38,0.65,15.3
7/8/2025 17:00,countryclubdrive_to_I10interchange,NB,0.35,0.62,16.6
7/8/2025 18:00,countryclubdrive_to_I10interchange,NB,0.32,0.6,16.9
7/8/2025 19:00,countryclubdrive_to_I10interchange,NB,0.14,0.42,24.7
7/8/2025 20:00,countryclubdrive_to_I10interchange,NB,0.21,0.49,21.1
7/8/2025 21:00,countryclubdrive_to_I10interchange,NB,0.21,0.48,20.6
7/8/2025 22:00,countryclubdrive_to_I10interchange,NB,0.16,0.44,23
7/8/2025 23:00,countryclubdrive_to_I10interchange,NB,0.1,0.37,28.5
7/9/2025 0:00,countryclubdrive_to_I10interchange,NB,0.07,0.34,30.1
7/9/2025 1:00,countryclubdrive_to_I10interchange,NB,0.06,0.33,30.6
7/9/2025 2:00,countryclubdrive_to_I10interchange,NB,0.04,0.31,32.2
7/9/2025 3:00,countryclubdrive_to_I10interchange,NB,0.01,0.26,37.8
7/9/2025 4:00,countryclubdrive_to_I10interchange,NB,0.09,0.34,31.1
7/9/2025 5:00,countryclubdrive_to_I10interchange,NB,0.3,0.58,17.5
7/9/2025 6:00,countryclubdrive_to_I10interchange,NB,0.38,0.65,15.7
7/9/2025 7:00,countryclubdrive_to_I10interchange,NB,0.32,0.6,17.1
7/9/2025 8:00,countryclubdrive_to_I10interchange,NB,0.5,0.77,13.2
7/9/2025 9:00,countryclubdrive_to_I10interchange,NB,0.35,0.63,16.3
7/9/2025 10:00,countryclubdrive_to_I10interchange,NB,0.38,0.66,15.2
7/9/2025 11:00,countryclubdrive_to_I10interchange,NB,0.36,0.64,15.5
7/9/2025 12:00,countryclubdrive_to_I10interchange,NB,0.38,0.66,15.3
7/9/2025 13:00,countryclubdrive_to_I10interchange,NB,0.39,0.67,15.6
7/9/2025 14:00,countryclubdrive_to_I10interchange,NB,0.47,0.75,13.4
7/9/2025 15:00,countryclubdrive_to_I10interchange,NB,0.45,0.73,14.4
7/9/2025 16:00,countryclubdrive_to_I10interchange,NB,0.49,0.76,14
7/9/2025 17:00,countryclubdrive_to_I10interchange,NB,0.33,0.6,17.3
7/9/2025 18:00,countryclubdrive_to_I10interchange,NB,0.33,0.6,18.4
7/9/2025 19:00,countryclubdrive_to_I10interchange,NB,0.25,0.52,19.3
7/9/2025 20:00,countryclubdrive_to_I10interchange,NB,0.17,0.45,22.1
7/9/2025 21:00,countryclubdrive_to_I10interchange,NB,0.3,0.57,18.1
7/9/2025 22:00,countryclubdrive_to_I10interchange,NB,0.17,0.44,23.5
7/9/2025 23:00,countryclubdrive_to_I10interchange,NB,0.09,0.36,27.5
7/10/2025 0:00,countryclubdrive_to_I10interchange,NB,0.08,0.34,29
7/10/2025 1:00,countryclubdrive_to_I10interchange,NB,0.05,0.31,31.2
7/10/2025 2:00,countryclubdrive_to_I10interchange,NB,0.03,0.29,34.8
7/10/2025 3:00,countryclubdrive_to_I10interchange,NB,0,0.24,41.2
7/10/2025 4:00,countryclubdrive_to_I10interchange,NB,0.03,0.31,31.6
7/10/2025 5:00,countryclubdrive_to_I10interchange,NB,0.24,0.51,21.5
7/10/2025 6:00,countryclubdrive_to_I10interchange,NB,0.34,0.61,16.4
7/10/2025 7:00,countryclubdrive_to_I10interchange,NB,0.21,0.48,21.3
7/10/2025 8:00,countryclubdrive_to_I10interchange,NB,0.36,0.64,16
7/10/2025 9:00,countryclubdrive_to_I10interchange,NB,0.4,0.68,14.9
7/10/2025 10:00,countryclubdrive_to_I10interchange,NB,0.42,0.7,14.3
7/10/2025 11:00,countryclubdrive_to_I10interchange,NB,0.49,0.77,13.3
7/10/2025 12:00,countryclubdrive_to_I10interchange,NB,0.36,0.63,15.7
7/10/2025 13:00,countryclubdrive_to_I10interchange,NB,0.55,0.82,12.3
7/10/2025 14:00,countryclubdrive_to_I10interchange,NB,0.48,0.75,13.2
7/10/2025 15:00,countryclubdrive_to_I10interchange,NB,0.57,0.85,11.6
7/10/2025 16:00,countryclubdrive_to_I10interchange,NB,0.36,0.63,16.7
7/10/2025 17:00,countryclubdrive_to_I10interchange,NB,0.33,0.61,16.1
7/10/2025 18:00,countryclubdrive_to_I10interchange,NB,0.21,0.48,21
7/10/2025 19:00,countryclubdrive_to_I10interchange,NB,0.16,0.44,23.2
7/10/2025 20:00,countryclubdrive_to_I10interchange,NB,0.22,0.5,20.3
7/10/2025 21:00,countryclubdrive_to_I10interchange,NB,0.28,0.55,18.9
7/10/2025 22:00,countryclubdrive_to_I10interchange,NB,0.15,0.42,24.2
7/10/2025 23:00,countryclubdrive_to_I10interchange,NB,0.13,0.41,24.7
7/11/2025 0:00,countryclubdrive_to_I10interchange,NB,0.14,0.41,24.2
7/11/2025 1:00,countryclubdrive_to_I10interchange,NB,0.07,0.34,30
7/11/2025 2:00,countryclubdrive_to_I10interchange,NB,0,0.26,37.3
7/11/2025 3:00,countryclubdrive_to_I10interchange,NB,0.02,0.28,35.1
7/11/2025 4:00,countryclubdrive_to_I10interchange,NB,0.18,0.45,27.2
7/11/2025 5:00,countryclubdrive_to_I10interchange,NB,0.24,0.52,19.4
7/11/2025 6:00,countryclubdrive_to_I10interchange,NB,0.26,0.53,18.6
7/11/2025 7:00,countryclubdrive_to_I10interchange,NB,0.36,0.64,15.9
7/11/2025 8:00,countryclubdrive_to_I10interchange,NB,0.37,0.64,15.6
7/11/2025 9:00,countryclubdrive_to_I10interchange,NB,0.48,0.75,14
7/11/2025 10:00,countryclubdrive_to_I10interchange,NB,0.42,0.69,14.5
7/11/2025 11:00,countryclubdrive_to_I10interchange,NB,0.46,0.74,13.7
7/11/2025 12:00,countryclubdrive_to_I10interchange,NB,0.46,0.73,13.8
7/11/2025 13:00,countryclubdrive_to_I10interchange,NB,0.42,0.69,14.5
7/11/2025 14:00,countryclubdrive_to_I10interchange,NB,0.4,0.67,14.8
7/11/2025 15:00,countryclubdrive_to_I10interchange,NB,0.43,0.7,14.1
7/11/2025 16:00,countryclubdrive_to_I10interchange,NB,0.34,0.62,16
7/11/2025 17:00,countryclubdrive_to_I10interchange,NB,0.48,0.75,13.1
7/11/2025 18:00,countryclubdrive_to_I10interchange,NB,0.29,0.57,17.4
7/11/2025 19:00,countryclubdrive_to_I10interchange,NB,0.19,0.46,22
7/11/2025 20:00,countryclubdrive_to_I10interchange,NB,0.26,0.53,20.2
7/11/2025 21:00,countryclubdrive_to_I10interchange,NB,0.22,0.5,21.5
7/11/2025 22:00,countryclubdrive_to_I10interchange,NB,0.13,0.4,24.2
7/11/2025 23:00,countryclubdrive_to_I10interchange,NB,0.19,0.46,21.4
7/12/2025 0:00,countryclubdrive_to_I10interchange,NB,0.11,0.38,26.6
7/12/2025 1:00,countryclubdrive_to_I10interchange,NB,0.04,0.31,31.9
7/12/2025 2:00,countryclubdrive_to_I10interchange,NB,0.05,0.32,31
7/12/2025 3:00,countryclubdrive_to_I10interchange,NB,0.01,0.27,35.9
7/12/2025 4:00,countryclubdrive_to_I10interchange,NB,0.05,0.32,30.9
7/12/2025 5:00,countryclubdrive_to_I10interchange,NB,0.08,0.35,27.8
7/12/2025 6:00,countryclubdrive_to_I10interchange,NB,0.32,0.6,17.6
7/12/2025 7:00,countryclubdrive_to_I10interchange,NB,0.34,0.62,17.4
7/12/2025 8:00,countryclubdrive_to_I10interchange,NB,0.32,0.59,18.2
7/12/2025 9:00,countryclubdrive_to_I10interchange,NB,0.27,0.55,19.1
7/12/2025 10:00,countryclubdrive_to_I10interchange,NB,0.31,0.59,17.2
7/12/2025 11:00,countryclubdrive_to_I10interchange,NB,0.34,0.61,16.3
7/12/2025 12:00,countryclubdrive_to_I10interchange,NB,0.33,0.6,16.6
7/12/2025 13:00,countryclubdrive_to_I10interchange,NB,0.35,0.63,15.9
7/12/2025 14:00,countryclubdrive_to_I10interchange,NB,0.25,0.53,19
7/12/2025 15:00,countryclubdrive_to_I10interchange,NB,0.35,0.62,16.8
7/12/2025 16:00,countryclubdrive_to_I10interchange,NB,0.43,0.7,15.2
7/12/2025 17:00,countryclubdrive_to_I10interchange,NB,0.23,0.5,19.9
7/12/2025 18:00,countryclubdrive_to_I10interchange,NB,0.42,0.7,14.7
7/12/2025 19:00,countryclubdrive_to_I10interchange,NB,0.19,0.47,22.6
7/12/2025 20:00,countryclubdrive_to_I10interchange,NB,0.23,0.51,20.3
7/12/2025 21:00,countryclubdrive_to_I10interchange,NB,0.27,0.55,18.6
7/12/2025 22:00,countryclubdrive_to_I10interchange,NB,0.31,0.58,17.7
7/12/2025 23:00,countryclubdrive_to_I10interchange,NB,0.14,0.42,23.5
7/13/2025 0:00,countryclubdrive_to_I10interchange,NB,0.12,0.39,24.9
7/13/2025 1:00,countryclubdrive_to_I10interchange,NB,0.06,0.33,30.1
7/13/2025 2:00,countryclubdrive_to_I10interchange,NB,0.07,0.34,28.5
7/13/2025 3:00,countryclubdrive_to_I10interchange,NB,0.02,0.29,33.2
7/13/2025 4:00,countryclubdrive_to_I10interchange,NB,0.05,0.28,37.3
7/13/2025 5:00,countryclubdrive_to_I10interchange,NB,0.05,0.32,31.4
7/13/2025 6:00,countryclubdrive_to_I10interchange,NB,0.17,0.44,24.4
7/13/2025 7:00,countryclubdrive_to_I10interchange,NB,0.24,0.51,20.3
7/13/2025 8:00,countryclubdrive_to_I10interchange,NB,0.4,0.67,16.9
7/13/2025 9:00,countryclubdrive_to_I10interchange,NB,0.29,0.57,18.4
7/13/2025 10:00,countryclubdrive_to_I10interchange,NB,0.36,0.64,16.3
7/13/2025 11:00,countryclubdrive_to_I10interchange,NB,0.36,0.63,16.3
7/13/2025 12:00,countryclubdrive_to_I10interchange,NB,0.28,0.56,17.9
7/13/2025 13:00,countryclubdrive_to_I10interchange,NB,0.25,0.52,18.9
7/13/2025 14:00,countryclubdrive_to_I10interchange,NB,0.21,0.49,20.4
7/13/2025 15:00,countryclubdrive_to_I10interchange,NB,0.2,0.48,20.7
7/13/2025 16:00,countryclubdrive_to_I10interchange,NB,0.23,0.51,20.9
7/13/2025 17:00,countryclubdrive_to_I10interchange,NB,0.37,0.65,15.7
7/13/2025 18:00,countryclubdrive_to_I10interchange,NB,0.25,0.52,20.2
7/13/2025 19:00,countryclubdrive_to_I10interchange,NB,0.18,0.46,21.8
7/13/2025 20:00,countryclubdrive_to_I10interchange,NB,0.21,0.48,20.9
7/13/2025 21:00,countryclubdrive_to_I10interchange,NB,0.26,0.54,18.5
7/13/2025 22:00,countryclubdrive_to_I10interchange,NB,0.16,0.43,23.3
7/13/2025 23:00,countryclubdrive_to_I10interchange,NB,0.07,0.34,29.5
7/14/2025 0:00,countryclubdrive_to_I10interchange,NB,0.01,0.26,37
7/14/2025 1:00,countryclubdrive_to_I10interchange,NB,0.07,0.34,29.3
7/14/2025 2:00,countryclubdrive_to_I10interchange,NB,0.01,0.28,34.9
7/14/2025 3:00,countryclubdrive_to_I10interchange,NB,0.06,0.33,31
7/14/2025 4:00,countryclubdrive_to_I10interchange,NB,0.1,0.37,27.5
7/14/2025 5:00,countryclubdrive_to_I10interchange,NB,0.24,0.52,20.2
7/14/2025 6:00,countryclubdrive_to_I10interchange,NB,0.32,0.6,16.8
7/14/2025 7:00,countryclubdrive_to_I10interchange,NB,0.35,0.63,15.6
7/14/2025 8:00,countryclubdrive_to_I10interchange,NB,0.32,0.59,16.8
7/14/2025 9:00,countryclubdrive_to_I10interchange,NB,0.34,0.62,16.2
7/14/2025 10:00,countryclubdrive_to_I10interchange,NB,0.45,0.72,14.2
7/14/2025 11:00,countryclubdrive_to_I10interchange,NB,0.41,0.68,14.6
7/14/2025 12:00,countryclubdrive_to_I10interchange,NB,0.43,0.7,14.9
7/14/2025 13:00,countryclubdrive_to_I10interchange,NB,0.5,0.78,12.9
7/14/2025 14:00,countryclubdrive_to_I10interchange,NB,0.48,0.76,14.1
7/14/2025 15:00,countryclubdrive_to_I10interchange,NB,0.53,0.81,12.5
7/14/2025 16:00,countryclubdrive_to_I10interchange,NB,0.37,0.65,15.3
7/14/2025 17:00,countryclubdrive_to_I10interchange,NB,0.32,0.59,17
7/14/2025 18:00,countryclubdrive_to_I10interchange,NB,0.2,0.47,21.8
7/14/2025 19:00,countryclubdrive_to_I10interchange,NB,0.18,0.46,22.9
7/14/2025 20:00,countryclubdrive_to_I10interchange,NB,0.25,0.53,18.8
7/14/2025 21:00,countryclubdrive_to_I10interchange,NB,0.2,0.48,21
7/14/2025 22:00,countryclubdrive_to_I10interchange,NB,0.17,0.45,22.4
7/14/2025 23:00,countryclubdrive_to_I10interchange,NB,0.22,0.5,20.7
7/15/2025 0:00,countryclubdrive_to_I10interchange,NB,0.11,0.38,26.1
7/15/2025 1:00,countryclubdrive_to_I10interchange,NB,0.04,0.31,31.9
7/15/2025 2:00,countryclubdrive_to_I10interchange,NB,0.02,0.27,35.9
7/15/2025 3:00,countryclubdrive_to_I10interchange,NB,0.01,0.26,37.4
7/15/2025 4:00,countryclubdrive_to_I10interchange,NB,0.15,0.42,25
7/15/2025 5:00,countryclubdrive_to_I10interchange,NB,0.24,0.52,21.5
7/15/2025 6:00,countryclubdrive_to_I10interchange,NB,0.26,0.53,18.6
7/15/2025 7:00,countryclubdrive_to_I10interchange,NB,0.43,0.7,14.5
7/15/2025 8:00,countryclubdrive_to_I10interchange,NB,0.4,0.68,14.8
7/15/2025 9:00,countryclubdrive_to_I10interchange,NB,0.48,0.76,13.5
7/15/2025 10:00,countryclubdrive_to_I10interchange,NB,0.47,0.74,14.3
7/15/2025 11:00,countryclubdrive_to_I10interchange,NB,0.49,0.77,14.8
7/15/2025 12:00,countryclubdrive_to_I10interchange,NB,0.39,0.67,15
7/15/2025 13:00,countryclubdrive_to_I10interchange,NB,0.43,0.7,14.3
7/15/2025 14:00,countryclubdrive_to_I10interchange,NB,0.44,0.72,13.9
7/15/2025 15:00,countryclubdrive_to_I10interchange,NB,0.43,0.7,14.3
7/15/2025 16:00,countryclubdrive_to_I10interchange,NB,0.39,0.67,14.7
7/15/2025 17:00,countryclubdrive_to_I10interchange,NB,0.33,0.6,16.7
7/15/2025 18:00,countryclubdrive_to_I10interchange,NB,0.32,0.6,16.8
7/15/2025 19:00,countryclubdrive_to_I10interchange,NB,0.22,0.5,20.4
7/15/2025 20:00,countryclubdrive_to_I10interchange,NB,0.28,0.55,18.8
7/15/2025 21:00,countryclubdrive_to_I10interchange,NB,0.13,0.4,24.9
7/15/2025 22:00,countryclubdrive_to_I10interchange,NB,0.22,0.5,21.2
7/15/2025 23:00,countryclubdrive_to_I10interchange,NB,0.15,0.43,26.4
7/16/2025 0:00,countryclubdrive_to_I10interchange,NB,0.03,0.3,32.5
7/16/2025 1:00,countryclubdrive_to_I10interchange,NB,0.06,0.33,29.8
7/16/2025 2:00,countryclubdrive_to_I10interchange,NB,0.01,0.26,38.6
7/16/2025 3:00,countryclubdrive_to_I10interchange,NB,0,0.24,41.1
7/16/2025 4:00,countryclubdrive_to_I10interchange,NB,0.04,0.3,32.8
7/16/2025 5:00,countryclubdrive_to_I10interchange,NB,0.21,0.48,24.1
7/16/2025 6:00,countryclubdrive_to_I10interchange,NB,0.36,0.63,16.8
7/16/2025 7:00,countryclubdrive_to_I10interchange,NB,0.47,0.75,13.9
7/16/2025 8:00,countryclubdrive_to_I10interchange,NB,0.43,0.7,14.3
7/16/2025 9:00,countryclubdrive_to_I10interchange,NB,0.43,0.7,14.4
7/16/2025 10:00,countryclubdrive_to_I10interchange,NB,0.38,0.65,15.2
7/16/2025 11:00,countryclubdrive_to_I10interchange,NB,0.48,0.75,14.3
7/16/2025 12:00,countryclubdrive_to_I10interchange,NB,0.47,0.74,13.4
7/16/2025 13:00,countryclubdrive_to_I10interchange,NB,0.45,0.73,14
7/16/2025 14:00,countryclubdrive_to_I10interchange,NB,0.44,0.71,14.1
7/16/2025 15:00,countryclubdrive_to_I10interchange,NB,0.41,0.69,14.7
7/16/2025 16:00,countryclubdrive_to_I10interchange,NB,0.41,0.69,14.8
7/16/2025 17:00,countryclubdrive_to_I10interchange,NB,0.5,0.77,13.1
7/16/2025 18:00,countryclubdrive_to_I10interchange,NB,0.24,0.51,19.4
7/16/2025 19:00,countryclubdrive_to_I10interchange,NB,0.18,0.45,22.5
7/16/2025 20:00,countryclubdrive_to_I10interchange,NB,0.32,0.59,17.1
7/16/2025 21:00,countryclubdrive_to_I10interchange,NB,0.23,0.51,19.8
7/16/2025 22:00,countryclubdrive_to_I10interchange,NB,0.17,0.45,22.1
7/16/2025 23:00,countryclubdrive_to_I10interchange,NB,0.12,0.39,25.8
7/17/2025 0:00,countryclubdrive_to_I10interchange,NB,0.11,0.38,28.1
7/17/2025 1:00,countryclubdrive_to_I10interchange,NB,0,0.26,37.9
7/17/2025 2:00,countryclubdrive_to_I10interchange,NB,0,0.27,35.6
7/17/2025 3:00,countryclubdrive_to_I10interchange,NB,0.08,0.33,31.6
7/17/2025 4:00,countryclubdrive_to_I10interchange,NB,0.07,0.34,28.8
7/17/2025 5:00,countryclubdrive_to_I10interchange,NB,0.2,0.48,22
7/17/2025 6:00,countryclubdrive_to_I10interchange,NB,0.35,0.63,16.3
7/17/2025 7:00,countryclubdrive_to_I10interchange,NB,0.36,0.64,16.2
7/17/2025 8:00,countryclubdrive_to_I10interchange,NB,0.45,0.73,14.7
7/17/2025 9:00,countryclubdrive_to_I10interchange,NB,0.46,0.73,14.1
7/17/2025 10:00,countryclubdrive_to_I10interchange,NB,0.44,0.71,13.9
7/17/2025 11:00,countryclubdrive_to_I10interchange,NB,0.37,0.65,15.2
7/17/2025 12:00,countryclubdrive_to_I10interchange,NB,0.45,0.73,14.1
7/17/2025 13:00,countryclubdrive_to_I10interchange,NB,0.49,0.76,13.2
7/17/2025 14:00,countryclubdrive_to_I10interchange,NB,0.49,0.77,13.3
7/17/2025 15:00,countryclubdrive_to_I10interchange,NB,0.44,0.71,13.9
7/17/2025 16:00,countryclubdrive_to_I10interchange,NB,0.51,0.79,13.1
7/17/2025 17:00,countryclubdrive_to_I10interchange,NB,0.4,0.67,15.2
7/17/2025 18:00,countryclubdrive_to_I10interchange,NB,0.27,0.55,18.5
7/17/2025 19:00,countryclubdrive_to_I10interchange,NB,0.21,0.49,20.9
7/17/2025 20:00,countryclubdrive_to_I10interchange,NB,0.3,0.56,20.2
7/17/2025 21:00,countryclubdrive_to_I10interchange,NB,0.23,0.51,20.3
7/17/2025 22:00,countryclubdrive_to_I10interchange,NB,0.15,0.43,23.3
7/17/2025 23:00,countryclubdrive_to_I10interchange,NB,0.13,0.4,24.2
7/18/2025 0:00,countryclubdrive_to_I10interchange,NB,0.01,0.28,35.4
7/18/2025 1:00,countryclubdrive_to_I10interchange,NB,0.07,0.34,28.5
7/18/2025 2:00,countryclubdrive_to_I10interchange,NB,0.03,0.29,33.6
7/18/2025 3:00,countryclubdrive_to_I10interchange,NB,0.01,0.24,40.2
7/18/2025 4:00,countryclubdrive_to_I10interchange,NB,0.03,0.3,32.5
7/18/2025 5:00,countryclubdrive_to_I10interchange,NB,0.25,0.52,21.4
7/18/2025 6:00,countryclubdrive_to_I10interchange,NB,0.23,0.51,19.6
7/18/2025 7:00,countryclubdrive_to_I10interchange,NB,0.38,0.65,15.2
7/18/2025 8:00,countryclubdrive_to_I10interchange,NB,0.35,0.62,16.7
7/18/2025 9:00,countryclubdrive_to_I10interchange,NB,0.43,0.71,14.4
7/18/2025 10:00,countryclubdrive_to_I10interchange,NB,0.4,0.67,15.6
7/18/2025 11:00,countryclubdrive_to_I10interchange,NB,0.42,0.69,14.5
7/18/2025 12:00,countryclubdrive_to_I10interchange,NB,0.56,0.83,12.4
7/18/2025 13:00,countryclubdrive_to_I10interchange,NB,0.45,0.72,14.2
7/18/2025 14:00,countryclubdrive_to_I10interchange,NB,0.48,0.75,13
7/18/2025 15:00,countryclubdrive_to_I10interchange,NB,0.5,0.77,13
7/18/2025 16:00,countryclubdrive_to_I10interchange,NB,0.4,0.68,15.1
7/18/2025 17:00,countryclubdrive_to_I10interchange,NB,0.36,0.64,15.8
7/18/2025 18:00,countryclubdrive_to_I10interchange,NB,0.33,0.6,16.8
7/18/2025 19:00,countryclubdrive_to_I10interchange,NB,0.21,0.49,21.4
7/18/2025 20:00,countryclubdrive_to_I10interchange,NB,0.34,0.62,17.1
7/18/2025 21:00,countryclubdrive_to_I10interchange,NB,0.29,0.57,17.6
7/18/2025 22:00,countryclubdrive_to_I10interchange,NB,0.2,0.48,22.8
7/18/2025 23:00,countryclubdrive_to_I10interchange,NB,0.11,0.39,25.7
7/19/2025 0:00,countryclubdrive_to_I10interchange,NB,0.1,0.37,26.5
7/19/2025 1:00,countryclubdrive_to_I10interchange,NB,0.04,0.31,31.1
7/19/2025 2:00,countryclubdrive_to_I10interchange,NB,0.03,0.29,33.8
7/19/2025 3:00,countryclubdrive_to_I10interchange,NB,0.03,0.3,32
7/19/2025 4:00,countryclubdrive_to_I10interchange,NB,0.01,0.26,37.8
7/19/2025 5:00,countryclubdrive_to_I10interchange,NB,0.1,0.37,27.6
7/19/2025 6:00,countryclubdrive_to_I10interchange,NB,0.19,0.47,22.8
7/19/2025 7:00,countryclubdrive_to_I10interchange,NB,0.43,0.7,16.9
7/19/2025 8:00,countryclubdrive_to_I10interchange,NB,0.19,0.47,20.9
7/19/2025 9:00,countryclubdrive_to_I10interchange,NB,0.22,0.5,20.1
7/19/2025 10:00,countryclubdrive_to_I10interchange,NB,0.35,0.63,16
7/19/2025 11:00,countryclubdrive_to_I10interchange,NB,0.3,0.58,17.9
7/19/2025 12:00,countryclubdrive_to_I10interchange,NB,0.38,0.65,16.4
7/19/2025 13:00,countryclubdrive_to_I10interchange,NB,0.36,0.63,16.1
7/19/2025 14:00,countryclubdrive_to_I10interchange,NB,0.32,0.6,16.7
7/19/2025 15:00,countryclubdrive_to_I10interchange,NB,0.28,0.56,18.4
7/19/2025 16:00,countryclubdrive_to_I10interchange,NB,0.33,0.61,16.7
7/19/2025 17:00,countryclubdrive_to_I10interchange,NB,0.33,0.6,17.3
7/19/2025 18:00,countryclubdrive_to_I10interchange,NB,0.28,0.56,18.3
7/19/2025 19:00,countryclubdrive_to_I10interchange,NB,0.18,0.46,22.9
7/19/2025 20:00,countryclubdrive_to_I10interchange,NB,0.26,0.53,19
7/19/2025 21:00,countryclubdrive_to_I10interchange,NB,0.27,0.54,19.3
7/19/2025 22:00,countryclubdrive_to_I10interchange,NB,0.23,0.5,20.1
7/19/2025 23:00,countryclubdrive_to_I10interchange,NB,0.12,0.4,25
7/20/2025 0:00,countryclubdrive_to_I10interchange,NB,0.1,0.38,27
7/20/2025 1:00,countryclubdrive_to_I10interchange,NB,0.09,0.37,27.1
7/20/2025 2:00,countryclubdrive_to_I10interchange,NB,0.04,0.32,30.7
7/20/2025 3:00,countryclubdrive_to_I10interchange,NB,0.06,0.34,29.5
7/20/2025 4:00,countryclubdrive_to_I10interchange,NB,0.05,0.32,30.9
7/20/2025 5:00,countryclubdrive_to_I10interchange,NB,0.11,0.38,27.7
7/20/2025 6:00,countryclubdrive_to_I10interchange,NB,0.25,0.52,21
7/20/2025 7:00,countryclubdrive_to_I10interchange,NB,0.21,0.48,22
7/20/2025 8:00,countryclubdrive_to_I10interchange,NB,0.21,0.48,20.8
7/20/2025 9:00,countryclubdrive_to_I10interchange,NB,0.26,0.54,18.7
7/20/2025 10:00,countryclubdrive_to_I10interchange,NB,0.3,0.57,18.1
7/20/2025 11:00,countryclubdrive_to_I10interchange,NB,0.35,0.62,16.2
7/20/2025 12:00,countryclubdrive_to_I10interchange,NB,0.35,0.62,16.2
7/20/2025 13:00,countryclubdrive_to_I10interchange,NB,0.4,0.67,15.3
7/20/2025 14:00,countryclubdrive_to_I10interchange,NB,0.37,0.64,15.4
7/20/2025 15:00,countryclubdrive_to_I10interchange,NB,0.32,0.6,16.8
7/20/2025 16:00,countryclubdrive_to_I10interchange,NB,0.31,0.58,17.4
7/20/2025 17:00,countryclubdrive_to_I10interchange,NB,0.27,0.54,19.5
7/20/2025 18:00,countryclubdrive_to_I10interchange,NB,0.33,0.61,17.2
7/20/2025 19:00,countryclubdrive_to_I10interchange,NB,0.11,0.38,25.5
7/20/2025 20:00,countryclubdrive_to_I10interchange,NB,0.22,0.5,21.1
7/20/2025 21:00,countryclubdrive_to_I10interchange,NB,0.17,0.44,23.1
7/20/2025 22:00,countryclubdrive_to_I10interchange,NB,0.22,0.49,22.6
7/20/2025 23:00,countryclubdrive_to_I10interchange,NB,0.19,0.47,21.9
7/21/2025 0:00,countryclubdrive_to_I10interchange,NB,0.03,0.3,33.3
7/21/2025 1:00,countryclubdrive_to_I10interchange,NB,0.01,0.28,34.6
7/21/2025 2:00,countryclubdrive_to_I10interchange,NB,0.04,0.31,33
7/21/2025 3:00,countryclubdrive_to_I10interchange,NB,0,0.25,38.2
7/21/2025 4:00,countryclubdrive_to_I10interchange,NB,0.05,0.31,32.9
7/21/2025 5:00,countryclubdrive_to_I10interchange,NB,0.15,0.42,24.7
7/21/2025 6:00,countryclubdrive_to_I10interchange,NB,0.24,0.51,19.9
7/21/2025 7:00,countryclubdrive_to_I10interchange,NB,0.41,0.69,16
7/21/2025 8:00,countryclubdrive_to_I10interchange,NB,0.47,0.75,13.6
7/21/2025 9:00,countryclubdrive_to_I10interchange,NB,0.46,0.74,13.5
7/21/2025 10:00,countryclubdrive_to_I10interchange,NB,0.41,0.68,14.8
7/21/2025 11:00,countryclubdrive_to_I10interchange,NB,0.44,0.72,14
7/21/2025 12:00,countryclubdrive_to_I10interchange,NB,0.42,0.7,14.4
7/21/2025 13:00,countryclubdrive_to_I10interchange,NB,0.52,0.79,12.4
7/21/2025 14:00,countryclubdrive_to_I10interchange,NB,0.43,0.71,14.1
7/21/2025 15:00,countryclubdrive_to_I10interchange,NB,0.43,0.7,14.3
7/21/2025 16:00,countryclubdrive_to_I10interchange,NB,0.33,0.6,16.3
7/21/2025 17:00,countryclubdrive_to_I10interchange,NB,0.34,0.61,16.3
7/21/2025 18:00,countryclubdrive_to_I10interchange,NB,0.35,0.62,16
7/21/2025 19:00,countryclubdrive_to_I10interchange,NB,0.12,0.4,25.2
7/21/2025 20:00,countryclubdrive_to_I10interchange,NB,0.25,0.53,20.2
7/21/2025 21:00,countryclubdrive_to_I10interchange,NB,0.18,0.46,22.1
7/21/2025 22:00,countryclubdrive_to_I10interchange,NB,0.18,0.45,22.2
7/21/2025 23:00,countryclubdrive_to_I10interchange,NB,0.1,0.37,26.6
7/22/2025 0:00,countryclubdrive_to_I10interchange,NB,0.08,0.35,28.7
7/22/2025 1:00,countryclubdrive_to_I10interchange,NB,0.04,0.29,34.8
7/22/2025 2:00,countryclubdrive_to_I10interchange,NB,0.01,0.25,39.3
7/22/2025 3:00,countryclubdrive_to_I10interchange,NB,0.02,0.26,39
7/22/2025 4:00,countryclubdrive_to_I10interchange,NB,0.05,0.32,30.2
7/22/2025 5:00,countryclubdrive_to_I10interchange,NB,0.23,0.51,20.4
7/22/2025 6:00,countryclubdrive_to_I10interchange,NB,0.34,0.61,16.6
7/22/2025 7:00,countryclubdrive_to_I10interchange,NB,0.45,0.72,15.2
7/22/2025 8:00,countryclubdrive_to_I10interchange,NB,0.39,0.66,15.2
7/22/2025 9:00,countryclubdrive_to_I10interchange,NB,0.34,0.61,16.7
7/22/2025 10:00,countryclubdrive_to_I10interchange,NB,0.32,0.6,16.5
7/22/2025 11:00,countryclubdrive_to_I10interchange,NB,0.35,0.62,16.1
7/22/2025 12:00,countryclubdrive_to_I10interchange,NB,0.53,0.81,12.4
7/22/2025 13:00,countryclubdrive_to_I10interchange,NB,0.44,0.71,14.2
7/22/2025 14:00,countryclubdrive_to_I10interchange,NB,0.36,0.64,15.5
7/22/2025 15:00,countryclubdrive_to_I10interchange,NB,0.37,0.65,15.2
7/22/2025 16:00,countryclubdrive_to_I10interchange,NB,0.39,0.66,15
7/22/2025 17:00,countryclubdrive_to_I10interchange,NB,0.37,0.65,15.5
7/22/2025 18:00,countryclubdrive_to_I10interchange,NB,0.32,0.6,16.8
7/22/2025 19:00,countryclubdrive_to_I10interchange,NB,0.17,0.44,22.7
7/22/2025 20:00,countryclubdrive_to_I10interchange,NB,0.3,0.57,17.9
7/22/2025 21:00,countryclubdrive_to_I10interchange,NB,0.23,0.5,20.1
7/22/2025 22:00,countryclubdrive_to_I10interchange,NB,0.13,0.4,24.5
7/22/2025 23:00,countryclubdrive_to_I10interchange,NB,0.11,0.39,25.6
7/23/2025 0:00,countryclubdrive_to_I10interchange,NB,0.07,0.34,28.9
7/23/2025 1:00,countryclubdrive_to_I10interchange,NB,0.04,0.29,34.5
7/23/2025 2:00,countryclubdrive_to_I10interchange,NB,0.02,0.28,35.2
7/23/2025 3:00,countryclubdrive_to_I10interchange,NB,0.06,0.32,32.2
7/23/2025 4:00,countryclubdrive_to_I10interchange,NB,0.09,0.37,27.1
7/23/2025 5:00,countryclubdrive_to_I10interchange,NB,0.12,0.4,25.9
7/23/2025 6:00,countryclubdrive_to_I10interchange,NB,0.24,0.52,19.5
7/23/2025 7:00,countryclubdrive_to_I10interchange,NB,0.39,0.67,15.6
7/23/2025 8:00,countryclubdrive_to_I10interchange,NB,0.44,0.71,14
7/23/2025 9:00,countryclubdrive_to_I10interchange,NB,0.43,0.7,14.4
7/23/2025 10:00,countryclubdrive_to_I10interchange,NB,0.39,0.66,16
7/23/2025 11:00,countryclubdrive_to_I10interchange,NB,0.45,0.72,14.2
7/23/2025 12:00,countryclubdrive_to_I10interchange,NB,0.38,0.66,15
7/23/2025 13:00,countryclubdrive_to_I10interchange,NB,0.35,0.62,16.4
7/23/2025 14:00,countryclubdrive_to_I10interchange,NB,0.42,0.7,14
7/23/2025 15:00,countryclubdrive_to_I10interchange,NB,0.43,0.71,14.4
7/23/2025 16:00,countryclubdrive_to_I10interchange,NB,0.45,0.72,13.7
7/23/2025 17:00,countryclubdrive_to_I10interchange,NB,0.36,0.63,15.9
7/23/2025 18:00,countryclubdrive_to_I10interchange,NB,0.25,0.53,19.3
7/23/2025 19:00,countryclubdrive_to_I10interchange,NB,0.18,0.45,22.5
7/23/2025 20:00,countryclubdrive_to_I10interchange,NB,0.21,0.49,21.2
7/23/2025 21:00,countryclubdrive_to_I10interchange,NB,0.23,0.51,19.8
7/23/2025 22:00,countryclubdrive_to_I10interchange,NB,0.14,0.41,24.7
7/23/2025 23:00,countryclubdrive_to_I10interchange,NB,0.1,0.37,28.8
7/24/2025 0:00,countryclubdrive_to_I10interchange,NB,0.09,0.36,29.1
7/24/2025 1:00,countryclubdrive_to_I10interchange,NB,0.01,0.26,37.8
7/24/2025 2:00,countryclubdrive_to_I10interchange,NB,0.02,0.28,35.3
7/24/2025 3:00,countryclubdrive_to_I10interchange,NB,0.01,0.27,36.7
7/24/2025 4:00,countryclubdrive_to_I10interchange,NB,0.04,0.32,31.4
7/24/2025 5:00,countryclubdrive_to_I10interchange,NB,0.19,0.46,21.8
7/24/2025 6:00,countryclubdrive_to_I10interchange,NB,0.31,0.58,17.1
7/24/2025 7:00,countryclubdrive_to_I10interchange,NB,0.36,0.63,15.8
7/24/2025 8:00,countryclubdrive_to_I10interchange,NB,0.4,0.68,14.8
7/24/2025 9:00,countryclubdrive_to_I10interchange,NB,0.49,0.77,13.3
7/24/2025 10:00,countryclubdrive_to_I10interchange,NB,0.49,0.77,13.5
7/24/2025 11:00,countryclubdrive_to_I10interchange,NB,0.46,0.74,13.8
7/24/2025 12:00,countryclubdrive_to_I10interchange,NB,0.5,0.78,12.6
7/24/2025 13:00,countryclubdrive_to_I10interchange,NB,0.43,0.71,14
7/24/2025 14:00,countryclubdrive_to_I10interchange,NB,0.42,0.7,14.1
7/24/2025 15:00,countryclubdrive_to_I10interchange,NB,0.53,0.81,12.2
7/24/2025 16:00,countryclubdrive_to_I10interchange,NB,0.41,0.69,14.9
7/24/2025 17:00,countryclubdrive_to_I10interchange,NB,0.43,0.71,14.2
7/24/2025 18:00,countryclubdrive_to_I10interchange,NB,0.29,0.56,17.9
7/24/2025 19:00,countryclubdrive_to_I10interchange,NB,0.17,0.44,22.7
7/24/2025 20:00,countryclubdrive_to_I10interchange,NB,0.26,0.53,18.8
7/24/2025 21:00,countryclubdrive_to_I10interchange,NB,0.27,0.55,18.1
7/24/2025 22:00,countryclubdrive_to_I10interchange,NB,0.2,0.48,21.2
7/24/2025 23:00,countryclubdrive_to_I10interchange,NB,0.2,0.48,21
7/25/2025 0:00,countryclubdrive_to_I10interchange,NB,0.08,0.35,29.3
7/25/2025 1:00,countryclubdrive_to_I10interchange,NB,0.05,0.31,31.5
7/25/2025 2:00,countryclubdrive_to_I10interchange,NB,0.05,0.32,31.1
7/25/2025 3:00,countryclubdrive_to_I10interchange,NB,0,0.24,40.9
7/25/2025 4:00,countryclubdrive_to_I10interchange,NB,0.05,0.32,30.3
7/25/2025 5:00,countryclubdrive_to_I10interchange,NB,0.17,0.44,23
7/25/2025 6:00,countryclubdrive_to_I10interchange,NB,0.35,0.62,16.7
7/25/2025 7:00,countryclubdrive_to_I10interchange,NB,0.4,0.68,15
7/25/2025 8:00,countryclubdrive_to_I10interchange,NB,0.42,0.7,14.3
7/25/2025 9:00,countryclubdrive_to_I10interchange,NB,0.38,0.65,15.4
7/25/2025 10:00,countryclubdrive_to_I10interchange,NB,0.45,0.72,14.5
7/25/2025 11:00,countryclubdrive_to_I10interchange,NB,0.41,0.69,14.6
7/25/2025 12:00,countryclubdrive_to_I10interchange,NB,0.57,0.85,11.9
7/25/2025 13:00,countryclubdrive_to_I10interchange,NB,0.41,0.69,16
7/25/2025 14:00,countryclubdrive_to_I10interchange,NB,0.57,0.85,11.8
7/25/2025 15:00,countryclubdrive_to_I10interchange,NB,0.48,0.76,13.1
7/25/2025 16:00,countryclubdrive_to_I10interchange,NB,0.47,0.75,13.6
7/25/2025 17:00,countryclubdrive_to_I10interchange,NB,0.37,0.65,15.2
7/25/2025 18:00,countryclubdrive_to_I10interchange,NB,0.34,0.61,17.2
7/25/2025 19:00,countryclubdrive_to_I10interchange,NB,0.2,0.47,21.7
7/25/2025 20:00,countryclubdrive_to_I10interchange,NB,0.2,0.47,21.2
7/25/2025 21:00,countryclubdrive_to_I10interchange,NB,0.22,0.5,21
7/25/2025 22:00,countryclubdrive_to_I10interchange,NB,0.22,0.5,21.1
7/25/2025 23:00,countryclubdrive_to_I10interchange,NB,0.11,0.39,25.2
7/26/2025 0:00,countryclubdrive_to_I10interchange,NB,0.18,0.46,22.9
7/26/2025 1:00,countryclubdrive_to_I10interchange,NB,0.15,0.42,23.2
7/26/2025 2:00,countryclubdrive_to_I10interchange,NB,0.11,0.39,25.6
7/26/2025 3:00,countryclubdrive_to_I10interchange,NB,0.08,0.35,27.7
7/26/2025 4:00,countryclubdrive_to_I10interchange,NB,0.11,0.37,28.5
7/26/2025 5:00,countryclubdrive_to_I10interchange,NB,0.18,0.46,24.7
7/26/2025 6:00,countryclubdrive_to_I10interchange,NB,0.36,0.64,17.1
7/26/2025 7:00,countryclubdrive_to_I10interchange,NB,0.42,0.69,15.9
7/26/2025 8:00,countryclubdrive_to_I10interchange,NB,0.24,0.52,20.2
7/26/2025 9:00,countryclubdrive_to_I10interchange,NB,0.25,0.52,20.4
7/26/2025 10:00,countryclubdrive_to_I10interchange,NB,0.41,0.68,14.5
7/26/2025 11:00,countryclubdrive_to_I10interchange,NB,0.36,0.64,15.8
7/26/2025 12:00,countryclubdrive_to_I10interchange,NB,0.41,0.69,14.6
7/26/2025 13:00,countryclubdrive_to_I10interchange,NB,0.4,0.67,15.2
7/26/2025 14:00,countryclubdrive_to_I10interchange,NB,0.37,0.64,15.6
7/26/2025 15:00,countryclubdrive_to_I10interchange,NB,0.33,0.6,17.4
7/26/2025 16:00,countryclubdrive_to_I10interchange,NB,0.23,0.51,19.8
7/26/2025 17:00,countryclubdrive_to_I10interchange,NB,0.24,0.52,19.9
7/26/2025 18:00,countryclubdrive_to_I10interchange,NB,0.33,0.61,16.8
7/26/2025 19:00,countryclubdrive_to_I10interchange,NB,0.15,0.42,23.7
7/26/2025 20:00,countryclubdrive_to_I10interchange,NB,0.22,0.49,20.4
7/26/2025 21:00,countryclubdrive_to_I10interchange,NB,0.33,0.61,18.2
7/26/2025 22:00,countryclubdrive_to_I10interchange,NB,0.18,0.46,21.9
7/26/2025 23:00,countryclubdrive_to_I10interchange,NB,0.08,0.35,27.8
7/27/2025 0:00,countryclubdrive_to_I10interchange,NB,0.17,0.45,22
7/27/2025 1:00,countryclubdrive_to_I10interchange,NB,0.08,0.35,27.8
7/27/2025 2:00,countryclubdrive_to_I10interchange,NB,0.02,0.29,33.3
7/27/2025 3:00,countryclubdrive_to_I10interchange,NB,0.01,0.27,37.1
7/27/2025 4:00,countryclubdrive_to_I10interchange,NB,0.02,0.27,36
7/27/2025 5:00,countryclubdrive_to_I10interchange,NB,0.04,0.29,35.5
7/27/2025 6:00,countryclubdrive_to_I10interchange,NB,0.37,0.64,16.1
7/27/2025 7:00,countryclubdrive_to_I10interchange,NB,0.28,0.55,18.6
7/27/2025 8:00,countryclubdrive_to_I10interchange,NB,0.22,0.49,20.1
7/27/2025 9:00,countryclubdrive_to_I10interchange,NB,0.34,0.61,16.4
7/27/2025 10:00,countryclubdrive_to_I10interchange,NB,0.24,0.52,19.9
7/27/2025 11:00,countryclubdrive_to_I10interchange,NB,0.34,0.61,16.2
7/27/2025 12:00,countryclubdrive_to_I10interchange,NB,0.28,0.55,18.8
7/27/2025 13:00,countryclubdrive_to_I10interchange,NB,0.26,0.53,18.7
7/27/2025 14:00,countryclubdrive_to_I10interchange,NB,0.34,0.61,16.8
7/27/2025 15:00,countryclubdrive_to_I10interchange,NB,0.28,0.56,18
7/27/2025 16:00,countryclubdrive_to_I10interchange,NB,0.34,0.61,16.2
7/27/2025 17:00,countryclubdrive_to_I10interchange,NB,0.31,0.59,17.2
7/27/2025 18:00,countryclubdrive_to_I10interchange,NB,0.38,0.66,16.6
7/27/2025 19:00,countryclubdrive_to_I10interchange,NB,0.24,0.52,19.3
7/27/2025 20:00,countryclubdrive_to_I10interchange,NB,0.25,0.52,19.4
7/27/2025 21:00,countryclubdrive_to_I10interchange,NB,0.13,0.41,24.4
7/27/2025 22:00,countryclubdrive_to_I10interchange,NB,0.25,0.53,20.9
7/27/2025 23:00,countryclubdrive_to_I10interchange,NB,0.13,0.4,24.4
7/28/2025 0:00,countryclubdrive_to_I10interchange,NB,0.04,0.31,31.9
7/28/2025 1:00,countryclubdrive_to_I10interchange,NB,0.06,0.33,29.4
7/28/2025 2:00,countryclubdrive_to_I10interchange,NB,0.02,0.28,35.9
7/28/2025 3:00,countryclubdrive_to_I10interchange,NB,0.01,0.26,36.9
7/28/2025 4:00,countryclubdrive_to_I10interchange,NB,0.06,0.32,31.8
7/28/2025 5:00,countryclubdrive_to_I10interchange,NB,0.24,0.51,19.5
7/28/2025 6:00,countryclubdrive_to_I10interchange,NB,0.22,0.5,21.1
7/28/2025 7:00,countryclubdrive_to_I10interchange,NB,0.34,0.61,16.7
7/28/2025 8:00,countryclubdrive_to_I10interchange,NB,0.58,0.86,11.9
7/28/2025 9:00,countryclubdrive_to_I10interchange,NB,0.43,0.7,14.5
7/28/2025 10:00,countryclubdrive_to_I10interchange,NB,0.32,0.6,17
7/28/2025 11:00,countryclubdrive_to_I10interchange,NB,0.45,0.73,14.1
7/28/2025 12:00,countryclubdrive_to_I10interchange,NB,0.53,0.81,12.5
7/28/2025 13:00,countryclubdrive_to_I10interchange,NB,0.45,0.73,14.6
7/28/2025 14:00,countryclubdrive_to_I10interchange,NB,0.52,0.8,12.6
7/28/2025 15:00,countryclubdrive_to_I10interchange,NB,0.37,0.64,16.3
7/28/2025 16:00,countryclubdrive_to_I10interchange,NB,0.4,0.68,14.7
7/28/2025 17:00,countryclubdrive_to_I10interchange,NB,0.35,0.63,16
7/28/2025 18:00,countryclubdrive_to_I10interchange,NB,0.32,0.59,18.3
7/28/2025 19:00,countryclubdrive_to_I10interchange,NB,0.14,0.42,24.2
7/28/2025 20:00,countryclubdrive_to_I10interchange,NB,0.25,0.53,19.8
7/28/2025 21:00,countryclubdrive_to_I10interchange,NB,0.15,0.43,23.1
7/28/2025 22:00,countryclubdrive_to_I10interchange,NB,0.16,0.43,22.8
7/28/2025 23:00,countryclubdrive_to_I10interchange,NB,0.11,0.39,25.4
7/29/2025 0:00,countryclubdrive_to_I10interchange,NB,0.09,0.36,28.1
7/29/2025 1:00,countryclubdrive_to_I10interchange,NB,0.06,0.33,30.7
7/29/2025 2:00,countryclubdrive_to_I10interchange,NB,0.01,0.26,37.4
7/29/2025 3:00,countryclubdrive_to_I10interchange,NB,0.01,0.26,37.3
7/29/2025 4:00,countryclubdrive_to_I10interchange,NB,0.04,0.31,32.5
7/29/2025 5:00,countryclubdrive_to_I10interchange,NB,0.15,0.42,24
7/29/2025 6:00,countryclubdrive_to_I10interchange,NB,0.36,0.64,16.5
7/29/2025 7:00,countryclubdrive_to_I10interchange,NB,0.5,0.77,12.8
7/29/2025 8:00,countryclubdrive_to_I10interchange,NB,0.44,0.72,14.3
7/29/2025 9:00,countryclubdrive_to_I10interchange,NB,0.58,0.85,11.6
7/29/2025 10:00,countryclubdrive_to_I10interchange,NB,0.51,0.78,13.5
7/29/2025 11:00,countryclubdrive_to_I10interchange,NB,0.53,0.8,12.8
7/29/2025 12:00,countryclubdrive_to_I10interchange,NB,0.46,0.73,13.6
7/29/2025 13:00,countryclubdrive_to_I10interchange,NB,0.55,0.83,12.2
7/29/2025 14:00,countryclubdrive_to_I10interchange,NB,0.52,0.8,12.7
7/29/2025 15:00,countryclubdrive_to_I10interchange,NB,0.4,0.68,15.1
7/29/2025 16:00,countryclubdrive_to_I10interchange,NB,0.35,0.63,16.1
7/29/2025 17:00,countryclubdrive_to_I10interchange,NB,0.32,0.59,16.8
7/29/2025 18:00,countryclubdrive_to_I10interchange,NB,0.32,0.59,19.2
7/29/2025 19:00,countryclubdrive_to_I10interchange,NB,0.26,0.54,18.5
7/29/2025 20:00,countryclubdrive_to_I10interchange,NB,0.19,0.46,21.9
7/29/2025 21:00,countryclubdrive_to_I10interchange,NB,0.13,0.4,24.5
7/29/2025 22:00,countryclubdrive_to_I10interchange,NB,0.16,0.43,24.3
7/29/2025 23:00,countryclubdrive_to_I10interchange,NB,0.13,0.4,24.5
7/30/2025 0:00,countryclubdrive_to_I10interchange,NB,0.05,0.33,30
7/30/2025 1:00,countryclubdrive_to_I10interchange,NB,0.03,0.3,32.9
7/30/2025 2:00,countryclubdrive_to_I10interchange,NB,0,0.27,36.5
7/30/2025 3:00,countryclubdrive_to_I10interchange,NB,0.03,0.3,33.2
7/30/2025 4:00,countryclubdrive_to_I10interchange,NB,0.11,0.38,26.9
7/30/2025 5:00,countryclubdrive_to_I10interchange,NB,0.18,0.45,23.1
7/30/2025 6:00,countryclubdrive_to_I10interchange,NB,0.24,0.52,19.3
7/30/2025 7:00,countryclubdrive_to_I10interchange,NB,0.25,0.52,19.4
7/30/2025 8:00,countryclubdrive_to_I10interchange,NB,0.36,0.63,16
7/30/2025 9:00,countryclubdrive_to_I10interchange,NB,0.36,0.64,15.4
7/30/2025 10:00,countryclubdrive_to_I10interchange,NB,0.4,0.67,15.3
7/30/2025 11:00,countryclubdrive_to_I10interchange,NB,0.35,0.62,15.8
7/30/2025 12:00,countryclubdrive_to_I10interchange,NB,0.43,0.71,14.2
7/30/2025 13:00,countryclubdrive_to_I10interchange,NB,0.4,0.68,14.6
7/30/2025 14:00,countryclubdrive_to_I10interchange,NB,0.39,0.67,15.2
7/30/2025 15:00,countryclubdrive_to_I10interchange,NB,0.43,0.71,14.4
7/30/2025 16:00,countryclubdrive_to_I10interchange,NB,0.3,0.58,17.8
7/30/2025 17:00,countryclubdrive_to_I10interchange,NB,0.32,0.59,16.8
7/30/2025 18:00,countryclubdrive_to_I10interchange,NB,0.23,0.5,20.1
7/30/2025 19:00,countryclubdrive_to_I10interchange,NB,0.2,0.48,20.7
7/30/2025 20:00,countryclubdrive_to_I10interchange,NB,0.2,0.48,21.3
7/30/2025 21:00,countryclubdrive_to_I10interchange,NB,0.2,0.47,20.7
7/30/2025 22:00,countryclubdrive_to_I10interchange,NB,0.15,0.42,23.7
7/30/2025 23:00,countryclubdrive_to_I10interchange,NB,0.13,0.41,24.5
7/31/2025 0:00,countryclubdrive_to_I10interchange,NB,0.07,0.34,30.2
7/31/2025 1:00,countryclubdrive_to_I10interchange,NB,0.01,0.27,36.7
7/31/2025 2:00,countryclubdrive_to_I10interchange,NB,0.11,0.36,29.6
7/31/2025 3:00,countryclubdrive_to_I10interchange,NB,0.02,0.26,37.4
7/31/2025 4:00,countryclubdrive_to_I10interchange,NB,0.07,0.35,28.7
7/31/2025 5:00,countryclubdrive_to_I10interchange,NB,0.2,0.47,21.3
7/31/2025 6:00,countryclubdrive_to_I10interchange,NB,0.27,0.54,18.6
7/31/2025 7:00,countryclubdrive_to_I10interchange,NB,0.38,0.66,15.6
7/31/2025 8:00,countryclubdrive_to_I10interchange,NB,0.48,0.76,13.6
7/31/2025 9:00,countryclubdrive_to_I10interchange,NB,0.41,0.68,14.9
7/31/2025 10:00,countryclubdrive_to_I10interchange,NB,0.32,0.59,17.3
7/31/2025 11:00,countryclubdrive_to_I10interchange,NB,0.47,0.74,14.3
7/31/2025 12:00,countryclubdrive_to_I10interchange,NB,0.54,0.82,12.7
7/31/2025 13:00,countryclubdrive_to_I10interchange,NB,0.49,0.76,13.6
7/31/2025 14:00,countryclubdrive_to_I10interchange,NB,0.49,0.77,13.1
7/31/2025 15:00,countryclubdrive_to_I10interchange,NB,0.43,0.71,14.7
7/31/2025 16:00,countryclubdrive_to_I10interchange,NB,0.36,0.64,15.7
7/31/2025 17:00,countryclubdrive_to_I10interchange,NB,0.44,0.71,14.1
7/31/2025 18:00,countryclubdrive_to_I10interchange,NB,0.3,0.57,18.3
7/31/2025 19:00,countryclubdrive_to_I10interchange,NB,0.2,0.47,21.2
7/31/2025 20:00,countryclubdrive_to_I10interchange,NB,0.32,0.6,16.9
7/31/2025 21:00,countryclubdrive_to_I10interchange,NB,0.31,0.59,17.5
7/31/2025 22:00,countryclubdrive_to_I10interchange,NB,0.21,0.48,21.6
7/31/2025 23:00,countryclubdrive_to_I10interchange,NB,0.14,0.42,23.8
8/1/2025 0:00,countryclubdrive_to_I10interchange,NB,0.19,0.46,22.7
8/1/2025 1:00,countryclubdrive_to_I10interchange,NB,0.11,0.39,26.2
8/1/2025 2:00,countryclubdrive_to_I10interchange,NB,0.02,0.28,34.9
8/1/2025 3:00,countryclubdrive_to_I10interchange,NB,0.05,0.32,30.3
8/1/2025 4:00,countryclubdrive_to_I10interchange,NB,0.09,0.36,29.3
8/1/2025 5:00,countryclubdrive_to_I10interchange,NB,0.36,0.63,16
8/1/2025 6:00,countryclubdrive_to_I10interchange,NB,0.32,0.59,17
8/1/2025 7:00,countryclubdrive_to_I10interchange,NB,0.29,0.56,18.2
8/1/2025 8:00,countryclubdrive_to_I10interchange,NB,0.38,0.66,15.4
8/1/2025 9:00,countryclubdrive_to_I10interchange,NB,0.48,0.76,14.5
8/1/2025 10:00,countryclubdrive_to_I10interchange,NB,0.45,0.73,14.4
8/1/2025 11:00,countryclubdrive_to_I10interchange,NB,0.36,0.64,15.6
8/1/2025 12:00,countryclubdrive_to_I10interchange,NB,0.43,0.71,14.3
8/1/2025 13:00,countryclubdrive_to_I10interchange,NB,0.5,0.77,13
8/1/2025 14:00,countryclubdrive_to_I10interchange,NB,0.47,0.75,13.4
8/1/2025 15:00,countryclubdrive_to_I10interchange,NB,0.45,0.73,13.8
8/1/2025 16:00,countryclubdrive_to_I10interchange,NB,0.52,0.8,12.6
8/1/2025 17:00,countryclubdrive_to_I10interchange,NB,0.38,0.66,15.6
8/1/2025 18:00,countryclubdrive_to_I10interchange,NB,0.37,0.64,16
8/1/2025 19:00,countryclubdrive_to_I10interchange,NB,0.17,0.45,23
8/1/2025 20:00,countryclubdrive_to_I10interchange,NB,0.28,0.56,19.1
8/1/2025 21:00,countryclubdrive_to_I10interchange,NB,0.28,0.56,19.8
8/1/2025 22:00,countryclubdrive_to_I10interchange,NB,0.19,0.47,21.4
8/1/2025 23:00,countryclubdrive_to_I10interchange,NB,0.14,0.41,24.7
8/2/2025 0:00,countryclubdrive_to_I10interchange,NB,0.1,0.37,26.4
8/2/2025 1:00,countryclubdrive_to_I10interchange,NB,0.1,0.36,27.3
8/2/2025 2:00,countryclubdrive_to_I10interchange,NB,0.04,0.31,31.6
8/2/2025 3:00,countryclubdrive_to_I10interchange,NB,0,0.26,38.1
8/2/2025 4:00,countryclubdrive_to_I10interchange,NB,0.06,0.33,29.8
8/2/2025 5:00,countryclubdrive_to_I10interchange,NB,0.08,0.35,27.9
8/2/2025 6:00,countryclubdrive_to_I10interchange,NB,0.13,0.41,25.3
8/2/2025 7:00,countryclubdrive_to_I10interchange,NB,0.21,0.49,21
8/2/2025 8:00,countryclubdrive_to_I10interchange,NB,0.26,0.53,19.3
8/2/2025 9:00,countryclubdrive_to_I10interchange,NB,0.28,0.55,18.6
8/2/2025 10:00,countryclubdrive_to_I10interchange,NB,0.29,0.57,18.3
8/2/2025 11:00,countryclubdrive_to_I10interchange,NB,0.33,0.61,16.8
8/2/2025 12:00,countryclubdrive_to_I10interchange,NB,0.32,0.6,16.8
8/2/2025 13:00,countryclubdrive_to_I10interchange,NB,0.26,0.53,18.6
8/2/2025 14:00,countryclubdrive_to_I10interchange,NB,0.39,0.67,15.1
8/2/2025 15:00,countryclubdrive_to_I10interchange,NB,0.44,0.71,15.1
8/2/2025 16:00,countryclubdrive_to_I10interchange,NB,0.23,0.51,19.8
8/2/2025 17:00,countryclubdrive_to_I10interchange,NB,0.35,0.63,15.8
8/2/2025 18:00,countryclubdrive_to_I10interchange,NB,0.17,0.45,22.7
8/2/2025 19:00,countryclubdrive_to_I10interchange,NB,0.2,0.48,21.2
8/2/2025 20:00,countryclubdrive_to_I10interchange,NB,0.21,0.48,22.2
8/2/2025 21:00,countryclubdrive_to_I10interchange,NB,0.22,0.5,20.5
8/2/2025 22:00,countryclubdrive_to_I10interchange,NB,0.24,0.52,19.4
8/2/2025 23:00,countryclubdrive_to_I10interchange,NB,0.16,0.43,23.3
8/3/2025 0:00,countryclubdrive_to_I10interchange,NB,0.17,0.44,23.3
8/3/2025 1:00,countryclubdrive_to_I10interchange,NB,0.17,0.45,22.2
8/3/2025 2:00,countryclubdrive_to_I10interchange,NB,0.08,0.36,27.9
8/3/2025 3:00,countryclubdrive_to_I10interchange,NB,0.02,0.28,34.7
8/3/2025 4:00,countryclubdrive_to_I10interchange,NB,0.03,0.3,32.8
8/3/2025 5:00,countryclubdrive_to_I10interchange,NB,0.03,0.29,33.4
8/3/2025 6:00,countryclubdrive_to_I10interchange,NB,0.19,0.46,22.1
8/3/2025 7:00,countryclubdrive_to_I10interchange,NB,0.31,0.58,17.5
8/3/2025 8:00,countryclubdrive_to_I10interchange,NB,0.31,0.59,17.8
8/3/2025 9:00,countryclubdrive_to_I10interchange,NB,0.24,0.51,19.5
8/3/2025 10:00,countryclubdrive_to_I10interchange,NB,0.21,0.48,21.1
8/3/2025 11:00,countryclubdrive_to_I10interchange,NB,0.36,0.63,16.5
8/3/2025 12:00,countryclubdrive_to_I10interchange,NB,0.31,0.58,18.5
8/3/2025 13:00,countryclubdrive_to_I10interchange,NB,0.46,0.74,14.2
8/3/2025 14:00,countryclubdrive_to_I10interchange,NB,0.35,0.62,16.6
8/3/2025 15:00,countryclubdrive_to_I10interchange,NB,0.33,0.6,16.4
8/3/2025 16:00,countryclubdrive_to_I10interchange,NB,0.28,0.55,18.3
8/3/2025 17:00,countryclubdrive_to_I10interchange,NB,0.27,0.54,18.9
8/3/2025 18:00,countryclubdrive_to_I10interchange,NB,0.29,0.56,19.4
8/3/2025 19:00,countryclubdrive_to_I10interchange,NB,0.21,0.49,20.6
8/3/2025 20:00,countryclubdrive_to_I10interchange,NB,0.19,0.47,21.9
8/3/2025 21:00,countryclubdrive_to_I10interchange,NB,0.22,0.49,20.6
8/3/2025 22:00,countryclubdrive_to_I10interchange,NB,0.18,0.46,22.3
8/3/2025 23:00,countryclubdrive_to_I10interchange,NB,0.09,0.36,27.3
8/4/2025 0:00,countryclubdrive_to_I10interchange,NB,0.06,0.32,30.5
8/4/2025 1:00,countryclubdrive_to_I10interchange,NB,0.01,0.27,36
8/4/2025 2:00,countryclubdrive_to_I10interchange,NB,0.02,0.27,37.2
8/4/2025 3:00,countryclubdrive_to_I10interchange,NB,0.05,0.31,31.8
8/4/2025 4:00,countryclubdrive_to_I10interchange,NB,0.04,0.31,32.3
8/4/2025 5:00,countryclubdrive_to_I10interchange,NB,0.15,0.43,24.3
8/4/2025 6:00,countryclubdrive_to_I10interchange,NB,0.33,0.61,17
8/4/2025 7:00,countryclubdrive_to_I10interchange,NB,0.41,0.68,15.6
8/4/2025 8:00,countryclubdrive_to_I10interchange,NB,0.29,0.57,17.8
8/4/2025 9:00,countryclubdrive_to_I10interchange,NB,0.34,0.61,16.3
8/4/2025 10:00,countryclubdrive_to_I10interchange,NB,0.36,0.64,16.2
8/4/2025 11:00,countryclubdrive_to_I10interchange,NB,0.37,0.65,15.6
8/4/2025 12:00,countryclubdrive_to_I10interchange,NB,0.49,0.76,13.4
8/4/2025 13:00,countryclubdrive_to_I10interchange,NB,0.38,0.66,15.4
8/4/2025 14:00,countryclubdrive_to_I10interchange,NB,0.49,0.77,12.9
8/4/2025 15:00,countryclubdrive_to_I10interchange,NB,0.4,0.67,14.9
8/4/2025 16:00,countryclubdrive_to_I10interchange,NB,0.42,0.7,14.2
8/4/2025 17:00,countryclubdrive_to_I10interchange,NB,0.45,0.72,14.2
8/4/2025 18:00,countryclubdrive_to_I10interchange,NB,0.27,0.55,18.5
8/4/2025 19:00,countryclubdrive_to_I10interchange,NB,0.21,0.48,21
8/4/2025 20:00,countryclubdrive_to_I10interchange,NB,0.22,0.5,20.4
8/4/2025 21:00,countryclubdrive_to_I10interchange,NB,0.25,0.52,19.6
8/4/2025 22:00,countryclubdrive_to_I10interchange,NB,0.12,0.4,26
8/4/2025 23:00,countryclubdrive_to_I10interchange,NB,0.05,0.32,30.2
8/5/2025 0:00,countryclubdrive_to_I10interchange,NB,0.05,0.32,31.6
8/5/2025 1:00,countryclubdrive_to_I10interchange,NB,0.04,0.3,32.8
8/5/2025 2:00,countryclubdrive_to_I10interchange,NB,0,0.24,40.1
8/5/2025 3:00,countryclubdrive_to_I10interchange,NB,0.04,0.28,37.6
8/5/2025 4:00,countryclubdrive_to_I10interchange,NB,0.04,0.32,31.3
8/5/2025 5:00,countryclubdrive_to_I10interchange,NB,0.2,0.47,23.5
8/5/2025 6:00,countryclubdrive_to_I10interchange,NB,0.24,0.52,21.6
8/5/2025 7:00,countryclubdrive_to_I10interchange,NB,0.41,0.68,15.3
8/5/2025 8:00,countryclubdrive_to_I10interchange,NB,0.42,0.69,14.9
8/5/2025 9:00,countryclubdrive_to_I10interchange,NB,0.43,0.7,14.4
8/5/2025 10:00,countryclubdrive_to_I10interchange,NB,0.44,0.71,15.2
8/5/2025 11:00,countryclubdrive_to_I10interchange,NB,0.43,0.7,14.6
8/5/2025 12:00,countryclubdrive_to_I10interchange,NB,0.29,0.57,17.5
8/5/2025 13:00,countryclubdrive_to_I10interchange,NB,0.37,0.64,15.6
8/5/2025 14:00,countryclubdrive_to_I10interchange,NB,0.36,0.64,15.4
8/5/2025 15:00,countryclubdrive_to_I10interchange,NB,0.43,0.7,14.9
8/5/2025 16:00,countryclubdrive_to_I10interchange,NB,0.46,0.73,13.9
8/5/2025 17:00,countryclubdrive_to_I10interchange,NB,0.38,0.65,15.4
8/5/2025 18:00,countryclubdrive_to_I10interchange,NB,0.29,0.56,17.6
8/5/2025 19:00,countryclubdrive_to_I10interchange,NB,0.16,0.44,22.7
8/5/2025 20:00,countryclubdrive_to_I10interchange,NB,0.33,0.6,16.9
8/5/2025 21:00,countryclubdrive_to_I10interchange,NB,0.15,0.43,23.3
8/5/2025 22:00,countryclubdrive_to_I10interchange,NB,0.14,0.41,23.8
8/5/2025 23:00,countryclubdrive_to_I10interchange,NB,0.14,0.41,24.1
8/6/2025 0:00,countryclubdrive_to_I10interchange,NB,0.24,0.51,21.3
8/6/2025 1:00,countryclubdrive_to_I10interchange,NB,0.01,0.27,35.8
8/6/2025 2:00,countryclubdrive_to_I10interchange,NB,0.02,0.28,35.1
8/6/2025 3:00,countryclubdrive_to_I10interchange,NB,0.01,0.27,36.6
8/6/2025 4:00,countryclubdrive_to_I10interchange,NB,0.07,0.32,34
8/6/2025 5:00,countryclubdrive_to_I10interchange,NB,0.24,0.51,19.8
8/6/2025 6:00,countryclubdrive_to_I10interchange,NB,0.19,0.47,22.1
8/6/2025 7:00,countryclubdrive_to_I10interchange,NB,0.42,0.69,14.2
8/6/2025 8:00,countryclubdrive_to_I10interchange,NB,0.39,0.66,14.9
8/6/2025 9:00,countryclubdrive_to_I10interchange,NB,0.47,0.75,13.7
8/6/2025 10:00,countryclubdrive_to_I10interchange,NB,0.34,0.62,16.5
8/6/2025 11:00,countryclubdrive_to_I10interchange,NB,0.37,0.65,15.8
8/6/2025 12:00,countryclubdrive_to_I10interchange,NB,0.4,0.68,15
8/6/2025 13:00,countryclubdrive_to_I10interchange,NB,0.48,0.76,13.6
8/6/2025 14:00,countryclubdrive_to_I10interchange,NB,0.52,0.79,12.6
8/6/2025 15:00,countryclubdrive_to_I10interchange,NB,0.42,0.7,14.3
8/6/2025 16:00,countryclubdrive_to_I10interchange,NB,0.37,0.64,16.1
8/6/2025 17:00,countryclubdrive_to_I10interchange,NB,0.31,0.58,16.8
8/6/2025 18:00,countryclubdrive_to_I10interchange,NB,0.33,0.6,16.6
8/6/2025 19:00,countryclubdrive_to_I10interchange,NB,0.24,0.51,19.3
8/6/2025 20:00,countryclubdrive_to_I10interchange,NB,0.38,0.65,16
8/6/2025 21:00,countryclubdrive_to_I10interchange,NB,0.25,0.52,19.9
8/6/2025 22:00,countryclubdrive_to_I10interchange,NB,0.1,0.38,26.6
8/6/2025 23:00,countryclubdrive_to_I10interchange,NB,0.15,0.42,24.6
8/7/2025 0:00,countryclubdrive_to_I10interchange,NB,0.11,0.39,25.4
8/7/2025 1:00,countryclubdrive_to_I10interchange,NB,0.06,0.33,30.5
8/7/2025 2:00,countryclubdrive_to_I10interchange,NB,0.04,0.31,32.6
8/7/2025 3:00,countryclubdrive_to_I10interchange,NB,0.01,0.25,38.8
8/7/2025 4:00,countryclubdrive_to_I10interchange,NB,0.03,0.3,32.3
8/7/2025 5:00,countryclubdrive_to_I10interchange,NB,0.1,0.38,25.8
8/7/2025 6:00,countryclubdrive_to_I10interchange,NB,0.25,0.52,19.5
8/7/2025 7:00,countryclubdrive_to_I10interchange,NB,0.54,0.81,12.3
8/7/2025 8:00,countryclubdrive_to_I10interchange,NB,0.4,0.67,15.2
8/7/2025 9:00,countryclubdrive_to_I10interchange,NB,0.43,0.7,14.1
8/7/2025 10:00,countryclubdrive_to_I10interchange,NB,0.45,0.73,14.3
8/7/2025 11:00,countryclubdrive_to_I10interchange,NB,0.47,0.75,13.4
8/7/2025 12:00,countryclubdrive_to_I10interchange,NB,0.45,0.73,13.9
8/7/2025 13:00,countryclubdrive_to_I10interchange,NB,0.52,0.8,12.6
8/7/2025 14:00,countryclubdrive_to_I10interchange,NB,0.4,0.67,15.1
8/7/2025 15:00,countryclubdrive_to_I10interchange,NB,0.46,0.73,13.7
8/7/2025 16:00,countryclubdrive_to_I10interchange,NB,0.47,0.74,13.6
8/7/2025 17:00,countryclubdrive_to_I10interchange,NB,0.36,0.63,16.1
8/7/2025 18:00,countryclubdrive_to_I10interchange,NB,0.28,0.56,18.6
8/7/2025 19:00,countryclubdrive_to_I10interchange,NB,0.12,0.4,24.7
8/7/2025 20:00,countryclubdrive_to_I10interchange,NB,0.31,0.59,17
8/7/2025 21:00,countryclubdrive_to_I10interchange,NB,0.19,0.46,22
8/7/2025 22:00,countryclubdrive_to_I10interchange,NB,0.23,0.51,19.9
8/7/2025 23:00,countryclubdrive_to_I10interchange,NB,0.3,0.57,17.4
8/8/2025 0:00,countryclubdrive_to_I10interchange,NB,0.12,0.4,25
8/8/2025 1:00,countryclubdrive_to_I10interchange,NB,0.03,0.31,31.8
8/8/2025 2:00,countryclubdrive_to_I10interchange,NB,0.02,0.28,34.8
8/8/2025 3:00,countryclubdrive_to_I10interchange,NB,0.01,0.28,35
8/8/2025 4:00,countryclubdrive_to_I10interchange,NB,0.06,0.33,29.4
8/8/2025 5:00,countryclubdrive_to_I10interchange,NB,0.24,0.51,20.3
8/8/2025 6:00,countryclubdrive_to_I10interchange,NB,0.24,0.51,19.6
8/8/2025 7:00,countryclubdrive_to_I10interchange,NB,0.34,0.62,16.1
8/8/2025 8:00,countryclubdrive_to_I10interchange,NB,0.44,0.71,14.3
8/8/2025 9:00,countryclubdrive_to_I10interchange,NB,0.37,0.64,15.8
8/8/2025 10:00,countryclubdrive_to_I10interchange,NB,0.44,0.71,14.1
8/8/2025 11:00,countryclubdrive_to_I10interchange,NB,0.56,0.83,12
8/8/2025 12:00,countryclubdrive_to_I10interchange,NB,0.46,0.74,13.6
8/8/2025 13:00,countryclubdrive_to_I10interchange,NB,0.46,0.74,13.7
8/8/2025 14:00,countryclubdrive_to_I10interchange,NB,0.46,0.74,13.5
8/8/2025 15:00,countryclubdrive_to_I10interchange,NB,0.37,0.64,15.9
8/8/2025 16:00,countryclubdrive_to_I10interchange,NB,0.42,0.7,14.4
8/8/2025 17:00,countryclubdrive_to_I10interchange,NB,0.36,0.64,16
8/8/2025 18:00,countryclubdrive_to_I10interchange,NB,0.35,0.63,16.3
8/8/2025 19:00,countryclubdrive_to_I10interchange,NB,0.27,0.55,18
8/8/2025 20:00,countryclubdrive_to_I10interchange,NB,0.32,0.6,16.5
8/8/2025 21:00,countryclubdrive_to_I10interchange,NB,0.2,0.47,22
8/8/2025 22:00,countryclubdrive_to_I10interchange,NB,0.19,0.46,22.1
8/8/2025 23:00,countryclubdrive_to_I10interchange,NB,0.21,0.49,20.7
8/9/2025 0:00,countryclubdrive_to_I10interchange,NB,0.07,0.34,29.1
8/9/2025 1:00,countryclubdrive_to_I10interchange,NB,0.08,0.36,27.8
8/9/2025 2:00,countryclubdrive_to_I10interchange,NB,0.05,0.31,32.1
8/9/2025 3:00,countryclubdrive_to_I10interchange,NB,0.02,0.29,34.5
8/9/2025 4:00,countryclubdrive_to_I10interchange,NB,0.06,0.33,30.3
8/9/2025 5:00,countryclubdrive_to_I10interchange,NB,0.06,0.32,32.4
8/9/2025 6:00,countryclubdrive_to_I10interchange,NB,0.24,0.52,19.5
8/9/2025 7:00,countryclubdrive_to_I10interchange,NB,0.38,0.66,16.6
8/9/2025 8:00,countryclubdrive_to_I10interchange,NB,0.2,0.48,21.4
8/9/2025 9:00,countryclubdrive_to_I10interchange,NB,0.38,0.66,15.8
8/9/2025 10:00,countryclubdrive_to_I10interchange,NB,0.37,0.64,15.8
8/9/2025 11:00,countryclubdrive_to_I10interchange,NB,0.3,0.58,17.3
8/9/2025 12:00,countryclubdrive_to_I10interchange,NB,0.42,0.7,14.5
8/9/2025 13:00,countryclubdrive_to_I10interchange,NB,0.29,0.56,17.8
8/9/2025 14:00,countryclubdrive_to_I10interchange,NB,0.36,0.64,15.8
8/9/2025 15:00,countryclubdrive_to_I10interchange,NB,0.35,0.62,16.2
8/9/2025 16:00,countryclubdrive_to_I10interchange,NB,0.24,0.52,19.6
8/9/2025 17:00,countryclubdrive_to_I10interchange,NB,0.32,0.6,17.9
8/9/2025 18:00,countryclubdrive_to_I10interchange,NB,0.22,0.49,22.9
8/9/2025 19:00,countryclubdrive_to_I10interchange,NB,0.23,0.51,20
8/9/2025 20:00,countryclubdrive_to_I10interchange,NB,0.2,0.47,22.5
8/9/2025 21:00,countryclubdrive_to_I10interchange,NB,0.17,0.45,22.5
8/9/2025 22:00,countryclubdrive_to_I10interchange,NB,0.25,0.53,19.3
8/9/2025 23:00,countryclubdrive_to_I10interchange,NB,0.27,0.54,18.8
8/10/2025 0:00,countryclubdrive_to_I10interchange,NB,0.1,0.37,28.3
8/10/2025 1:00,countryclubdrive_to_I10interchange,NB,0.05,0.32,31.5
8/10/2025 2:00,countryclubdrive_to_I10interchange,NB,0.04,0.3,33.9
8/10/2025 3:00,countryclubdrive_to_I10interchange,NB,0.04,0.31,32.4
8/10/2025 4:00,countryclubdrive_to_I10interchange,NB,0.02,0.28,35.7
8/10/2025 5:00,countryclubdrive_to_I10interchange,NB,0.08,0.36,27.5
8/10/2025 6:00,countryclubdrive_to_I10interchange,NB,0.27,0.55,18.4
8/10/2025 7:00,countryclubdrive_to_I10interchange,NB,0.28,0.56,18.7
8/10/2025 8:00,countryclubdrive_to_I10interchange,NB,0.29,0.56,18.1
8/10/2025 9:00,countryclubdrive_to_I10interchange,NB,0.34,0.61,16.5
8/10/2025 10:00,countryclubdrive_to_I10interchange,NB,0.31,0.59,17.2
8/10/2025 11:00,countryclubdrive_to_I10interchange,NB,0.38,0.66,15.8
8/10/2025 12:00,countryclubdrive_to_I10interchange,NB,0.26,0.53,19.6
8/10/2025 13:00,countryclubdrive_to_I10interchange,NB,0.25,0.52,19.9
8/10/2025 14:00,countryclubdrive_to_I10interchange,NB,0.26,0.54,18.9
8/10/2025 15:00,countryclubdrive_to_I10interchange,NB,0.22,0.5,20.9
8/10/2025 16:00,countryclubdrive_to_I10interchange,NB,0.28,0.56,18.6
8/10/2025 17:00,countryclubdrive_to_I10interchange,NB,0.33,0.6,16.8
8/10/2025 18:00,countryclubdrive_to_I10interchange,NB,0.37,0.64,17.9
8/10/2025 19:00,countryclubdrive_to_I10interchange,NB,0.19,0.47,21
8/10/2025 20:00,countryclubdrive_to_I10interchange,NB,0.14,0.42,25.2
8/10/2025 21:00,countryclubdrive_to_I10interchange,NB,0.24,0.52,19.5
8/10/2025 22:00,countryclubdrive_to_I10interchange,NB,0.11,0.38,26.1
8/10/2025 23:00,countryclubdrive_to_I10interchange,NB,0.15,0.42,24.5
8/11/2025 0:00,countryclubdrive_to_I10interchange,NB,0.1,0.37,28.2
8/11/2025 1:00,countryclubdrive_to_I10interchange,NB,0.03,0.3,32
8/11/2025 2:00,countryclubdrive_to_I10interchange,NB,0.08,0.35,28.3
8/11/2025 3:00,countryclubdrive_to_I10interchange,NB,0.02,0.27,37.5
8/11/2025 4:00,countryclubdrive_to_I10interchange,NB,0.04,0.31,31.9
8/11/2025 5:00,countryclubdrive_to_I10interchange,NB,0.15,0.43,24.6
8/11/2025 6:00,countryclubdrive_to_I10interchange,NB,0.33,0.61,16.9
8/11/2025 7:00,countryclubdrive_to_I10interchange,NB,0.27,0.55,18.2
8/11/2025 8:00,countryclubdrive_to_I10interchange,NB,0.34,0.61,17.3
8/11/2025 9:00,countryclubdrive_to_I10interchange,NB,0.47,0.74,14.5
8/11/2025 10:00,countryclubdrive_to_I10interchange,NB,0.46,0.74,13.6
8/11/2025 11:00,countryclubdrive_to_I10interchange,NB,0.41,0.69,15.5
8/11/2025 12:00,countryclubdrive_to_I10interchange,NB,0.35,0.62,16.1
8/11/2025 13:00,countryclubdrive_to_I10interchange,NB,0.43,0.7,14
8/11/2025 14:00,countryclubdrive_to_I10interchange,NB,0.44,0.71,14
8/11/2025 15:00,countryclubdrive_to_I10interchange,NB,0.37,0.64,15.3
8/11/2025 16:00,countryclubdrive_to_I10interchange,NB,0.44,0.71,14.1
8/11/2025 17:00,countryclubdrive_to_I10interchange,NB,0.33,0.6,17.1
8/11/2025 18:00,countryclubdrive_to_I10interchange,NB,0.22,0.5,20.1
8/11/2025 19:00,countryclubdrive_to_I10interchange,NB,0.2,0.47,21.8
8/11/2025 20:00,countryclubdrive_to_I10interchange,NB,0.23,0.51,20.3
8/11/2025 21:00,countryclubdrive_to_I10interchange,NB,0.17,0.44,22.9
8/11/2025 22:00,countryclubdrive_to_I10interchange,NB,0.23,0.5,21
8/11/2025 23:00,countryclubdrive_to_I10interchange,NB,0.09,0.36,27.5
8/12/2025 0:00,countryclubdrive_to_I10interchange,NB,0.06,0.33,29.3
8/12/2025 1:00,countryclubdrive_to_I10interchange,NB,0.05,0.31,32.5
8/12/2025 2:00,countryclubdrive_to_I10interchange,NB,0.01,0.27,36.8
8/12/2025 3:00,countryclubdrive_to_I10interchange,NB,0.03,0.29,34.6
8/12/2025 4:00,countryclubdrive_to_I10interchange,NB,0.02,0.27,35.5
8/12/2025 5:00,countryclubdrive_to_I10interchange,NB,0.22,0.49,22.3
8/12/2025 6:00,countryclubdrive_to_I10interchange,NB,0.25,0.53,21.5
8/12/2025 7:00,countryclubdrive_to_I10interchange,NB,0.35,0.63,16.1
8/12/2025 8:00,countryclubdrive_to_I10interchange,NB,0.51,0.78,13.5
8/12/2025 9:00,countryclubdrive_to_I10interchange,NB,0.31,0.59,17.2
8/12/2025 10:00,countryclubdrive_to_I10interchange,NB,0.36,0.64,15.9
8/12/2025 11:00,countryclubdrive_to_I10interchange,NB,0.4,0.67,14.9
8/12/2025 12:00,countryclubdrive_to_I10interchange,NB,0.55,0.82,12.5
8/12/2025 13:00,countryclubdrive_to_I10interchange,NB,0.43,0.7,14.2
8/12/2025 14:00,countryclubdrive_to_I10interchange,NB,0.4,0.68,14.9
8/12/2025 15:00,countryclubdrive_to_I10interchange,NB,0.39,0.67,15
8/12/2025 16:00,countryclubdrive_to_I10interchange,NB,0.46,0.74,13.6
8/12/2025 17:00,countryclubdrive_to_I10interchange,NB,0.32,0.6,16.7
8/12/2025 18:00,countryclubdrive_to_I10interchange,NB,0.26,0.54,18.7
8/12/2025 19:00,countryclubdrive_to_I10interchange,NB,0.24,0.52,19
8/12/2025 20:00,countryclubdrive_to_I10interchange,NB,0.22,0.5,20.6
8/12/2025 21:00,countryclubdrive_to_I10interchange,NB,0.26,0.54,19
8/12/2025 22:00,countryclubdrive_to_I10interchange,NB,0.09,0.37,27.1
8/12/2025 23:00,countryclubdrive_to_I10interchange,NB,0.12,0.39,26.4
8/13/2025 0:00,countryclubdrive_to_I10interchange,NB,0.22,0.5,21.8
8/13/2025 1:00,countryclubdrive_to_I10interchange,NB,0.07,0.33,30.1
8/13/2025 2:00,countryclubdrive_to_I10interchange,NB,0.07,0.34,29.5
8/13/2025 3:00,countryclubdrive_to_I10interchange,NB,0.02,0.28,34.9
8/13/2025 4:00,countryclubdrive_to_I10interchange,NB,0.04,0.32,31.2
8/13/2025 5:00,countryclubdrive_to_I10interchange,NB,0.13,0.4,25
8/13/2025 6:00,countryclubdrive_to_I10interchange,NB,0.23,0.5,19.8
8/13/2025 7:00,countryclubdrive_to_I10interchange,NB,0.3,0.57,17.8
8/13/2025 8:00,countryclubdrive_to_I10interchange,NB,0.44,0.71,14.3
8/13/2025 9:00,countryclubdrive_to_I10interchange,NB,0.36,0.63,15.7
8/13/2025 10:00,countryclubdrive_to_I10interchange,NB,0.41,0.68,14.7
8/13/2025 11:00,countryclubdrive_to_I10interchange,NB,0.42,0.7,14.6
8/13/2025 12:00,countryclubdrive_to_I10interchange,NB,0.46,0.73,13.5
8/13/2025 13:00,countryclubdrive_to_I10interchange,NB,0.46,0.74,14
8/13/2025 14:00,countryclubdrive_to_I10interchange,NB,0.43,0.7,14.2
8/13/2025 15:00,countryclubdrive_to_I10interchange,NB,0.41,0.69,14.4
8/13/2025 16:00,countryclubdrive_to_I10interchange,NB,0.42,0.7,14.6
8/13/2025 17:00,countryclubdrive_to_I10interchange,NB,0.37,0.64,15.4
8/13/2025 18:00,countryclubdrive_to_I10interchange,NB,0.23,0.51,20.7
8/13/2025 19:00,countryclubdrive_to_I10interchange,NB,0.22,0.49,20.1
8/13/2025 20:00,countryclubdrive_to_I10interchange,NB,0.25,0.53,19.7
8/13/2025 21:00,countryclubdrive_to_I10interchange,NB,0.14,0.41,24.6
8/13/2025 22:00,countryclubdrive_to_I10interchange,NB,0.1,0.37,28
8/13/2025 23:00,countryclubdrive_to_I10interchange,NB,0.1,0.37,27.4
8/14/2025 0:00,countryclubdrive_to_I10interchange,NB,0.1,0.36,28.2
8/14/2025 1:00,countryclubdrive_to_I10interchange,NB,0.02,0.27,35.7
8/14/2025 2:00,countryclubdrive_to_I10interchange,NB,0.05,0.32,31.5
8/14/2025 3:00,countryclubdrive_to_I10interchange,NB,0.03,0.29,34.3
8/14/2025 4:00,countryclubdrive_to_I10interchange,NB,0.06,0.33,30.2
8/14/2025 5:00,countryclubdrive_to_I10interchange,NB,0.3,0.58,18.8
8/14/2025 6:00,countryclubdrive_to_I10interchange,NB,0.38,0.66,15.8
8/14/2025 7:00,countryclubdrive_to_I10interchange,NB,0.38,0.65,15.7
8/14/2025 8:00,countryclubdrive_to_I10interchange,NB,0.45,0.72,14.2
8/14/2025 9:00,countryclubdrive_to_I10interchange,NB,0.41,0.68,15.8
8/14/2025 10:00,countryclubdrive_to_I10interchange,NB,0.43,0.71,14.5
8/14/2025 11:00,countryclubdrive_to_I10interchange,NB,0.46,0.74,14.2
8/14/2025 12:00,countryclubdrive_to_I10interchange,NB,0.33,0.61,16.9
8/14/2025 13:00,countryclubdrive_to_I10interchange,NB,0.38,0.66,15
8/14/2025 14:00,countryclubdrive_to_I10interchange,NB,0.39,0.66,15
8/14/2025 15:00,countryclubdrive_to_I10interchange,NB,0.45,0.72,13.8
8/14/2025 16:00,countryclubdrive_to_I10interchange,NB,0.41,0.69,14.5
8/14/2025 17:00,countryclubdrive_to_I10interchange,NB,0.38,0.65,15.2
8/14/2025 18:00,countryclubdrive_to_I10interchange,NB,0.3,0.57,18.1
8/14/2025 19:00,countryclubdrive_to_I10interchange,NB,0.29,0.57,18.3
8/14/2025 20:00,countryclubdrive_to_I10interchange,NB,0.3,0.58,17.9
8/14/2025 21:00,countryclubdrive_to_I10interchange,NB,0.18,0.45,21.9
8/14/2025 22:00,countryclubdrive_to_I10interchange,NB,0.23,0.5,21.2
8/14/2025 23:00,countryclubdrive_to_I10interchange,NB,0.15,0.42,23.9
8/15/2025 0:00,countryclubdrive_to_I10interchange,NB,0.13,0.4,24.9
8/15/2025 1:00,countryclubdrive_to_I10interchange,NB,0.05,0.32,30.6
8/15/2025 2:00,countryclubdrive_to_I10interchange,NB,0.03,0.31,32
8/15/2025 3:00,countryclubdrive_to_I10interchange,NB,0.06,0.33,31.1
8/15/2025 4:00,countryclubdrive_to_I10interchange,NB,0.11,0.38,26.5
8/15/2025 5:00,countryclubdrive_to_I10interchange,NB,0.22,0.5,20.5
8/15/2025 6:00,countryclubdrive_to_I10interchange,NB,0.3,0.58,17.8
8/15/2025 7:00,countryclubdrive_to_I10interchange,NB,0.4,0.67,14.9
8/15/2025 8:00,countryclubdrive_to_I10interchange,NB,0.47,0.75,14.6
8/15/2025 9:00,countryclubdrive_to_I10interchange,NB,0.43,0.7,14.1
8/15/2025 10:00,countryclubdrive_to_I10interchange,NB,0.48,0.75,13.4
8/15/2025 11:00,countryclubdrive_to_I10interchange,NB,0.47,0.75,13.5
8/15/2025 12:00,countryclubdrive_to_I10interchange,NB,0.42,0.7,14.4
8/15/2025 13:00,countryclubdrive_to_I10interchange,NB,0.45,0.72,13.9
8/15/2025 14:00,countryclubdrive_to_I10interchange,NB,0.39,0.67,14.8
8/15/2025 15:00,countryclubdrive_to_I10interchange,NB,0.42,0.69,14.5
8/15/2025 16:00,countryclubdrive_to_I10interchange,NB,0.41,0.69,14.5
8/15/2025 17:00,countryclubdrive_to_I10interchange,NB,0.36,0.64,16.1
8/15/2025 18:00,countryclubdrive_to_I10interchange,NB,0.27,0.54,18.3
8/15/2025 19:00,countryclubdrive_to_I10interchange,NB,0.19,0.46,21.7
8/15/2025 20:00,countryclubdrive_to_I10interchange,NB,0.39,0.66,16.7
8/15/2025 21:00,countryclubdrive_to_I10interchange,NB,0.22,0.49,20.1
8/15/2025 22:00,countryclubdrive_to_I10interchange,NB,0.18,0.45,21.7
8/15/2025 23:00,countryclubdrive_to_I10interchange,NB,0.29,0.57,19
8/16/2025 0:00,countryclubdrive_to_I10interchange,NB,0.11,0.38,25.7
8/16/2025 1:00,countryclubdrive_to_I10interchange,NB,0.09,0.37,26.5
8/16/2025 2:00,countryclubdrive_to_I10interchange,NB,0.07,0.34,30.2
8/16/2025 3:00,countryclubdrive_to_I10interchange,NB,0.03,0.3,32.8
8/16/2025 4:00,countryclubdrive_to_I10interchange,NB,0.03,0.31,31.6
8/16/2025 5:00,countryclubdrive_to_I10interchange,NB,0.09,0.36,27.5
8/16/2025 6:00,countryclubdrive_to_I10interchange,NB,0.26,0.54,19.8
8/16/2025 7:00,countryclubdrive_to_I10interchange,NB,0.38,0.66,15.8
8/16/2025 8:00,countryclubdrive_to_I10interchange,NB,0.29,0.57,19
8/16/2025 9:00,countryclubdrive_to_I10interchange,NB,0.33,0.61,16.8
8/16/2025 10:00,countryclubdrive_to_I10interchange,NB,0.3,0.58,17.3
8/16/2025 11:00,countryclubdrive_to_I10interchange,NB,0.35,0.63,15.9
8/16/2025 12:00,countryclubdrive_to_I10interchange,NB,0.32,0.59,16.9
8/16/2025 13:00,countryclubdrive_to_I10interchange,NB,0.41,0.68,15.2
8/16/2025 14:00,countryclubdrive_to_I10interchange,NB,0.3,0.57,17.6
8/16/2025 15:00,countryclubdrive_to_I10interchange,NB,0.29,0.56,18.1
8/16/2025 16:00,countryclubdrive_to_I10interchange,NB,0.32,0.59,16.7
8/16/2025 17:00,countryclubdrive_to_I10interchange,NB,0.21,0.48,20.4
8/16/2025 18:00,countryclubdrive_to_I10interchange,NB,0.26,0.53,19.2
8/16/2025 19:00,countryclubdrive_to_I10interchange,NB,0.18,0.46,22.9
8/16/2025 20:00,countryclubdrive_to_I10interchange,NB,0.28,0.55,18.8
8/16/2025 21:00,countryclubdrive_to_I10interchange,NB,0.27,0.54,19.3
8/16/2025 22:00,countryclubdrive_to_I10interchange,NB,0.25,0.53,20.9
8/16/2025 23:00,countryclubdrive_to_I10interchange,NB,0.18,0.45,22.4
8/17/2025 0:00,countryclubdrive_to_I10interchange,NB,0.15,0.42,24
8/17/2025 1:00,countryclubdrive_to_I10interchange,NB,0.12,0.4,25.2
8/17/2025 2:00,countryclubdrive_to_I10interchange,NB,0.08,0.36,27.6
8/17/2025 3:00,countryclubdrive_to_I10interchange,NB,0.02,0.28,34.8
8/17/2025 4:00,countryclubdrive_to_I10interchange,NB,0.06,0.33,30.4
8/17/2025 5:00,countryclubdrive_to_I10interchange,NB,0.06,0.33,30.1
8/17/2025 6:00,countryclubdrive_to_I10interchange,NB,0.26,0.54,19.4
8/17/2025 7:00,countryclubdrive_to_I10interchange,NB,0.27,0.54,19.5
8/17/2025 8:00,countryclubdrive_to_I10interchange,NB,0.22,0.5,20.1
8/17/2025 9:00,countryclubdrive_to_I10interchange,NB,0.26,0.54,19.6
8/17/2025 10:00,countryclubdrive_to_I10interchange,NB,0.35,0.62,16.2
8/17/2025 11:00,countryclubdrive_to_I10interchange,NB,0.35,0.62,16.8
8/17/2025 12:00,countryclubdrive_to_I10interchange,NB,0.26,0.54,18.7
8/17/2025 13:00,countryclubdrive_to_I10interchange,NB,0.31,0.59,17.2
8/17/2025 14:00,countryclubdrive_to_I10interchange,NB,0.3,0.58,17.9
8/17/2025 15:00,countryclubdrive_to_I10interchange,NB,0.35,0.63,16.6
8/17/2025 16:00,countryclubdrive_to_I10interchange,NB,0.26,0.54,19.2
8/17/2025 17:00,countryclubdrive_to_I10interchange,NB,0.2,0.47,21.9
8/17/2025 18:00,countryclubdrive_to_I10interchange,NB,0.24,0.51,19.8
8/17/2025 19:00,countryclubdrive_to_I10interchange,NB,0.2,0.47,21.5
8/17/2025 20:00,countryclubdrive_to_I10interchange,NB,0.29,0.56,19.1
8/17/2025 21:00,countryclubdrive_to_I10interchange,NB,0.11,0.38,26.3
8/17/2025 22:00,countryclubdrive_to_I10interchange,NB,0.11,0.39,25.4
8/17/2025 23:00,countryclubdrive_to_I10interchange,NB,0.12,0.39,26.4
8/18/2025 0:00,countryclubdrive_to_I10interchange,NB,0.03,0.3,33.3
8/18/2025 1:00,countryclubdrive_to_I10interchange,NB,0.01,0.26,37.8
8/18/2025 2:00,countryclubdrive_to_I10interchange,NB,0.11,0.38,27.3
8/18/2025 3:00,countryclubdrive_to_I10interchange,NB,0.08,0.33,31.1
8/18/2025 4:00,countryclubdrive_to_I10interchange,NB,0.09,0.36,28.1
8/18/2025 5:00,countryclubdrive_to_I10interchange,NB,0.2,0.48,20.9
8/18/2025 6:00,countryclubdrive_to_I10interchange,NB,0.31,0.59,18.3
8/18/2025 7:00,countryclubdrive_to_I10interchange,NB,0.39,0.66,15.9
8/18/2025 8:00,countryclubdrive_to_I10interchange,NB,0.49,0.76,13.8
8/18/2025 9:00,countryclubdrive_to_I10interchange,NB,0.26,0.54,18.3
8/18/2025 10:00,countryclubdrive_to_I10interchange,NB,0.36,0.63,15.6
8/18/2025 11:00,countryclubdrive_to_I10interchange,NB,0.41,0.69,14.9
8/18/2025 12:00,countryclubdrive_to_I10interchange,NB,0.47,0.75,13.7
8/18/2025 13:00,countryclubdrive_to_I10interchange,NB,0.37,0.65,16
8/18/2025 14:00,countryclubdrive_to_I10interchange,NB,0.4,0.67,14.7
8/18/2025 15:00,countryclubdrive_to_I10interchange,NB,0.38,0.66,15
8/18/2025 16:00,countryclubdrive_to_I10interchange,NB,0.4,0.67,14.8
8/18/2025 17:00,countryclubdrive_to_I10interchange,NB,0.39,0.66,15.1
8/18/2025 18:00,countryclubdrive_to_I10interchange,NB,0.29,0.57,17.6
8/18/2025 19:00,countryclubdrive_to_I10interchange,NB,0.26,0.54,20.4
8/18/2025 20:00,countryclubdrive_to_I10interchange,NB,0.23,0.51,19.9
8/18/2025 21:00,countryclubdrive_to_I10interchange,NB,0.21,0.48,21.5
8/18/2025 22:00,countryclubdrive_to_I10interchange,NB,0.2,0.48,22.2
8/18/2025 23:00,countryclubdrive_to_I10interchange,NB,0.12,0.39,25.7
8/19/2025 0:00,countryclubdrive_to_I10interchange,NB,0.08,0.36,28
8/19/2025 1:00,countryclubdrive_to_I10interchange,NB,0.07,0.33,30.4
8/19/2025 2:00,countryclubdrive_to_I10interchange,NB,0.05,0.31,32.2
8/19/2025 3:00,countryclubdrive_to_I10interchange,NB,0.05,0.31,31.7
8/19/2025 4:00,countryclubdrive_to_I10interchange,NB,0.06,0.34,28.7
8/19/2025 5:00,countryclubdrive_to_I10interchange,NB,0.24,0.52,20.1
8/19/2025 6:00,countryclubdrive_to_I10interchange,NB,0.27,0.54,18.6
8/19/2025 7:00,countryclubdrive_to_I10interchange,NB,0.4,0.67,15.1
8/19/2025 8:00,countryclubdrive_to_I10interchange,NB,0.49,0.77,13.2
8/19/2025 9:00,countryclubdrive_to_I10interchange,NB,0.43,0.7,14.5
8/19/2025 10:00,countryclubdrive_to_I10interchange,NB,0.41,0.69,15.2
8/19/2025 11:00,countryclubdrive_to_I10interchange,NB,0.41,0.69,14.7
8/19/2025 12:00,countryclubdrive_to_I10interchange,NB,0.44,0.71,14.2
8/19/2025 13:00,countryclubdrive_to_I10interchange,NB,0.4,0.67,14.8
8/19/2025 14:00,countryclubdrive_to_I10interchange,NB,0.43,0.7,14.1
8/19/2025 15:00,countryclubdrive_to_I10interchange,NB,0.48,0.76,13
8/19/2025 16:00,countryclubdrive_to_I10interchange,NB,0.36,0.63,16
8/19/2025 17:00,countryclubdrive_to_I10interchange,NB,0.41,0.68,14.9
8/19/2025 18:00,countryclubdrive_to_I10interchange,NB,0.26,0.54,19.5
8/19/2025 19:00,countryclubdrive_to_I10interchange,NB,0.22,0.5,20.6
8/19/2025 20:00,countryclubdrive_to_I10interchange,NB,0.21,0.49,20.8
8/19/2025 21:00,countryclubdrive_to_I10interchange,NB,0.28,0.55,19.4
8/19/2025 22:00,countryclubdrive_to_I10interchange,NB,0.16,0.43,24.2
8/19/2025 23:00,countryclubdrive_to_I10interchange,NB,0.13,0.4,24.8
8/20/2025 0:00,countryclubdrive_to_I10interchange,NB,0.04,0.31,31.1
8/20/2025 1:00,countryclubdrive_to_I10interchange,NB,0.01,0.27,35.6
8/20/2025 2:00,countryclubdrive_to_I10interchange,NB,0.01,0.27,36.2
8/20/2025 3:00,countryclubdrive_to_I10interchange,NB,0.03,0.29,34.5
8/20/2025 4:00,countryclubdrive_to_I10interchange,NB,0.07,0.34,30.7
8/20/2025 5:00,countryclubdrive_to_I10interchange,NB,0.29,0.57,18.4
8/20/2025 6:00,countryclubdrive_to_I10interchange,NB,0.28,0.55,18.7
8/20/2025 7:00,countryclubdrive_to_I10interchange,NB,0.4,0.68,15.4
8/20/2025 8:00,countryclubdrive_to_I10interchange,NB,0.51,0.78,12.8
8/20/2025 9:00,countryclubdrive_to_I10interchange,NB,0.42,0.69,14.3
8/20/2025 10:00,countryclubdrive_to_I10interchange,NB,0.45,0.72,14.2
8/20/2025 11:00,countryclubdrive_to_I10interchange,NB,0.38,0.66,15.1
8/20/2025 12:00,countryclubdrive_to_I10interchange,NB,0.44,0.72,13.8
8/20/2025 13:00,countryclubdrive_to_I10interchange,NB,0.44,0.71,13.9
8/20/2025 14:00,countryclubdrive_to_I10interchange,NB,0.51,0.78,12.6
8/20/2025 15:00,countryclubdrive_to_I10interchange,NB,0.41,0.69,14.8
8/20/2025 16:00,countryclubdrive_to_I10interchange,NB,0.34,0.62,16
8/20/2025 17:00,countryclubdrive_to_I10interchange,NB,0.35,0.63,16.1
8/20/2025 18:00,countryclubdrive_to_I10interchange,NB,0.36,0.63,16.6
8/20/2025 19:00,countryclubdrive_to_I10interchange,NB,0.14,0.42,24.1
8/20/2025 20:00,countryclubdrive_to_I10interchange,NB,0.21,0.49,21.1
8/20/2025 21:00,countryclubdrive_to_I10interchange,NB,0.21,0.49,20.4
8/20/2025 22:00,countryclubdrive_to_I10interchange,NB,0.1,0.37,26.6
8/20/2025 23:00,countryclubdrive_to_I10interchange,NB,0.05,0.33,30.2
8/21/2025 0:00,countryclubdrive_to_I10interchange,NB,0.01,0.27,36.1
8/21/2025 1:00,countryclubdrive_to_I10interchange,NB,0.04,0.31,31.6
8/21/2025 2:00,countryclubdrive_to_I10interchange,NB,0.02,0.28,34.7
8/21/2025 3:00,countryclubdrive_to_I10interchange,NB,0,0.22,43.7
8/21/2025 4:00,countryclubdrive_to_I10interchange,NB,0.01,0.26,38.2
8/21/2025 5:00,countryclubdrive_to_I10interchange,NB,0.19,0.46,22.8
8/21/2025 6:00,countryclubdrive_to_I10interchange,NB,0.34,0.61,16.5
8/21/2025 7:00,countryclubdrive_to_I10interchange,NB,0.48,0.76,13.1
8/21/2025 8:00,countryclubdrive_to_I10interchange,NB,0.47,0.74,13.4
8/21/2025 9:00,countryclubdrive_to_I10interchange,NB,0.4,0.68,14.5
8/21/2025 10:00,countryclubdrive_to_I10interchange,NB,0.39,0.67,15.1
8/21/2025 11:00,countryclubdrive_to_I10interchange,NB,0.41,0.69,14.3
8/21/2025 12:00,countryclubdrive_to_I10interchange,NB,0.43,0.71,13.8
8/21/2025 13:00,countryclubdrive_to_I10interchange,NB,0.52,0.8,12.6
8/21/2025 14:00,countryclubdrive_to_I10interchange,NB,0.53,0.81,12.5
8/21/2025 15:00,countryclubdrive_to_I10interchange,NB,0.49,0.77,13.3
8/21/2025 16:00,countryclubdrive_to_I10interchange,NB,0.37,0.64,15.5
8/21/2025 17:00,countryclubdrive_to_I10interchange,NB,0.42,0.69,15.3
8/21/2025 18:00,countryclubdrive_to_I10interchange,NB,0.26,0.53,18.8
8/21/2025 19:00,countryclubdrive_to_I10interchange,NB,0.26,0.53,19.3
8/21/2025 20:00,countryclubdrive_to_I10interchange,NB,0.26,0.54,19.2
8/21/2025 21:00,countryclubdrive_to_I10interchange,NB,0.22,0.5,20
8/21/2025 22:00,countryclubdrive_to_I10interchange,NB,0.18,0.45,22.2
8/21/2025 23:00,countryclubdrive_to_I10interchange,NB,0.12,0.4,25
8/22/2025 0:00,countryclubdrive_to_I10interchange,NB,0.05,0.3,33.6
8/22/2025 1:00,countryclubdrive_to_I10interchange,NB,0.09,0.35,28.2
8/22/2025 2:00,countryclubdrive_to_I10interchange,NB,0.03,0.28,36.2
8/22/2025 3:00,countryclubdrive_to_I10interchange,NB,0,0.22,43.3
8/22/2025 4:00,countryclubdrive_to_I10interchange,NB,0.03,0.29,34.9
8/22/2025 5:00,countryclubdrive_to_I10interchange,NB,0.18,0.45,22.9
8/22/2025 6:00,countryclubdrive_to_I10interchange,NB,0.27,0.55,18.6
8/22/2025 7:00,countryclubdrive_to_I10interchange,NB,0.49,0.76,13
8/22/2025 8:00,countryclubdrive_to_I10interchange,NB,0.61,0.89,11.2
8/22/2025 9:00,countryclubdrive_to_I10interchange,NB,0.42,0.7,14.5
8/22/2025 10:00,countryclubdrive_to_I10interchange,NB,0.46,0.74,13.6
8/22/2025 11:00,countryclubdrive_to_I10interchange,NB,0.43,0.7,14.1
8/22/2025 12:00,countryclubdrive_to_I10interchange,NB,0.46,0.74,13.3
8/22/2025 13:00,countryclubdrive_to_I10interchange,NB,0.52,0.79,12.5
8/22/2025 14:00,countryclubdrive_to_I10interchange,NB,0.45,0.72,14.1
8/22/2025 15:00,countryclubdrive_to_I10interchange,NB,0.55,0.83,12.3
8/22/2025 16:00,countryclubdrive_to_I10interchange,NB,0.39,0.67,15.3
8/22/2025 17:00,countryclubdrive_to_I10interchange,NB,0.32,0.6,17.1
8/22/2025 18:00,countryclubdrive_to_I10interchange,NB,0.38,0.65,15.8
8/22/2025 19:00,countryclubdrive_to_I10interchange,NB,0.25,0.53,19.9
8/22/2025 20:00,countryclubdrive_to_I10interchange,NB,0.3,0.58,18.6
8/22/2025 21:00,countryclubdrive_to_I10interchange,NB,0.29,0.57,19.1
8/22/2025 22:00,countryclubdrive_to_I10interchange,NB,0.22,0.5,20
8/22/2025 23:00,countryclubdrive_to_I10interchange,NB,0.18,0.46,22.9
8/23/2025 0:00,countryclubdrive_to_I10interchange,NB,0.17,0.44,22.8
8/23/2025 1:00,countryclubdrive_to_I10interchange,NB,0.07,0.35,28.2
8/23/2025 2:00,countryclubdrive_to_I10interchange,NB,0,0.26,36.7
8/23/2025 3:00,countryclubdrive_to_I10interchange,NB,0.03,0.3,32.9
8/23/2025 4:00,countryclubdrive_to_I10interchange,NB,0.02,0.29,34.5
8/23/2025 5:00,countryclubdrive_to_I10interchange,NB,0.07,0.31,36.8
8/23/2025 6:00,countryclubdrive_to_I10interchange,NB,0.16,0.44,23.1
8/23/2025 7:00,countryclubdrive_to_I10interchange,NB,0.32,0.6,17.4
8/23/2025 8:00,countryclubdrive_to_I10interchange,NB,0.43,0.7,15.3
8/23/2025 9:00,countryclubdrive_to_I10interchange,NB,0.29,0.56,17.9
8/23/2025 10:00,countryclubdrive_to_I10interchange,NB,0.29,0.57,17.3
8/23/2025 11:00,countryclubdrive_to_I10interchange,NB,0.42,0.69,15
8/23/2025 12:00,countryclubdrive_to_I10interchange,NB,0.36,0.63,15.8
8/23/2025 13:00,countryclubdrive_to_I10interchange,NB,0.33,0.61,16.7
8/23/2025 14:00,countryclubdrive_to_I10interchange,NB,0.33,0.61,17.2
8/23/2025 15:00,countryclubdrive_to_I10interchange,NB,0.36,0.64,15.6
8/23/2025 16:00,countryclubdrive_to_I10interchange,NB,0.29,0.56,17.9
8/23/2025 17:00,countryclubdrive_to_I10interchange,NB,0.31,0.59,17.3
8/23/2025 18:00,countryclubdrive_to_I10interchange,NB,0.27,0.54,18.9
8/23/2025 19:00,countryclubdrive_to_I10interchange,NB,0.25,0.53,20.3
8/23/2025 20:00,countryclubdrive_to_I10interchange,NB,0.19,0.47,21.8
8/23/2025 21:00,countryclubdrive_to_I10interchange,NB,0.24,0.51,19.9
8/23/2025 22:00,countryclubdrive_to_I10interchange,NB,0.16,0.43,23.9
8/23/2025 23:00,countryclubdrive_to_I10interchange,NB,0.17,0.45,23.1
8/24/2025 0:00,countryclubdrive_to_I10interchange,NB,0.22,0.49,20.6
8/24/2025 1:00,countryclubdrive_to_I10interchange,NB,0.08,0.36,27.7
8/24/2025 2:00,countryclubdrive_to_I10interchange,NB,0.05,0.33,29.7
8/24/2025 3:00,countryclubdrive_to_I10interchange,NB,0.03,0.28,34.7
8/24/2025 4:00,countryclubdrive_to_I10interchange,NB,0.07,0.31,32.7
8/24/2025 5:00,countryclubdrive_to_I10interchange,NB,0.01,0.27,36.3
8/24/2025 6:00,countryclubdrive_to_I10interchange,NB,0.07,0.34,28.7
8/24/2025 7:00,countryclubdrive_to_I10interchange,NB,0.31,0.58,17.5
8/24/2025 8:00,countryclubdrive_to_I10interchange,NB,0.25,0.52,19.1
8/24/2025 9:00,countryclubdrive_to_I10interchange,NB,0.3,0.58,17.1
8/24/2025 10:00,countryclubdrive_to_I10interchange,NB,0.31,0.59,18
8/24/2025 11:00,countryclubdrive_to_I10interchange,NB,0.34,0.62,16.4
8/24/2025 12:00,countryclubdrive_to_I10interchange,NB,0.37,0.65,15.7
8/24/2025 13:00,countryclubdrive_to_I10interchange,NB,0.29,0.56,18.1
8/24/2025 14:00,countryclubdrive_to_I10interchange,NB,0.27,0.54,18.2
8/24/2025 15:00,countryclubdrive_to_I10interchange,NB,0.39,0.67,15.8
8/24/2025 16:00,countryclubdrive_to_I10interchange,NB,0.29,0.57,18.3
8/24/2025 17:00,countryclubdrive_to_I10interchange,NB,0.21,0.49,21.5
8/24/2025 18:00,countryclubdrive_to_I10interchange,NB,0.22,0.5,21.2
8/24/2025 19:00,countryclubdrive_to_I10interchange,NB,0.18,0.45,21.8
8/24/2025 20:00,countryclubdrive_to_I10interchange,NB,0.2,0.47,21.6
8/24/2025 21:00,countryclubdrive_to_I10interchange,NB,0.19,0.47,21.5
8/24/2025 22:00,countryclubdrive_to_I10interchange,NB,0.16,0.43,23.5
8/24/2025 23:00,countryclubdrive_to_I10interchange,NB,0.13,0.41,24.7
8/25/2025 0:00,countryclubdrive_to_I10interchange,NB,0.07,0.34,29.8
8/25/2025 1:00,countryclubdrive_to_I10interchange,NB,0.07,0.34,29.8
8/25/2025 2:00,countryclubdrive_to_I10interchange,NB,0.01,0.25,40.1
8/25/2025 3:00,countryclubdrive_to_I10interchange,NB,0.01,0.28,35.3
8/25/2025 4:00,countryclubdrive_to_I10interchange,NB,0.09,0.36,27.4
8/25/2025 5:00,countryclubdrive_to_I10interchange,NB,0.18,0.45,22.4
8/25/2025 6:00,countryclubdrive_to_I10interchange,NB,0.31,0.59,17.8
8/25/2025 7:00,countryclubdrive_to_I10interchange,NB,0.4,0.68,14.8
8/25/2025 8:00,countryclubdrive_to_I10interchange,NB,0.53,0.81,12.5
8/25/2025 9:00,countryclubdrive_to_I10interchange,NB,0.44,0.71,13.8
8/25/2025 10:00,countryclubdrive_to_I10interchange,NB,0.37,0.64,16.1
8/25/2025 11:00,countryclubdrive_to_I10interchange,NB,0.32,0.59,17.1
8/25/2025 12:00,countryclubdrive_to_I10interchange,NB,0.36,0.64,16
8/25/2025 13:00,countryclubdrive_to_I10interchange,NB,0.41,0.68,14.4
8/25/2025 14:00,countryclubdrive_to_I10interchange,NB,0.43,0.71,14.5
8/25/2025 15:00,countryclubdrive_to_I10interchange,NB,0.47,0.74,13.6
8/25/2025 16:00,countryclubdrive_to_I10interchange,NB,0.43,0.7,14.3
8/25/2025 17:00,countryclubdrive_to_I10interchange,NB,0.23,0.5,19.6
8/25/2025 18:00,countryclubdrive_to_I10interchange,NB,0.19,0.46,21.9
8/25/2025 19:00,countryclubdrive_to_I10interchange,NB,0.15,0.43,23.6
8/25/2025 20:00,countryclubdrive_to_I10interchange,NB,0.34,0.62,16.1
8/25/2025 21:00,countryclubdrive_to_I10interchange,NB,0.19,0.47,21.7
8/25/2025 22:00,countryclubdrive_to_I10interchange,NB,0.13,0.4,24.6
8/25/2025 23:00,countryclubdrive_to_I10interchange,NB,0.08,0.35,27.7
8/26/2025 0:00,countryclubdrive_to_I10interchange,NB,0.06,0.34,29.1
8/26/2025 1:00,countryclubdrive_to_I10interchange,NB,0.08,0.34,30.6
8/26/2025 2:00,countryclubdrive_to_I10interchange,NB,0.03,0.29,34.3
8/26/2025 3:00,countryclubdrive_to_I10interchange,NB,0.08,0.35,28.2
8/26/2025 4:00,countryclubdrive_to_I10interchange,NB,0.1,0.37,26.9
8/26/2025 5:00,countryclubdrive_to_I10interchange,NB,0.25,0.52,19.2
8/26/2025 6:00,countryclubdrive_to_I10interchange,NB,0.38,0.66,15.4
8/26/2025 7:00,countryclubdrive_to_I10interchange,NB,0.38,0.65,15.6
8/26/2025 8:00,countryclubdrive_to_I10interchange,NB,0.49,0.77,12.8
8/26/2025 9:00,countryclubdrive_to_I10interchange,NB,0.42,0.7,14.7
8/26/2025 10:00,countryclubdrive_to_I10interchange,NB,0.47,0.74,14.1
8/26/2025 11:00,countryclubdrive_to_I10interchange,NB,0.39,0.66,15.4
8/26/2025 12:00,countryclubdrive_to_I10interchange,NB,0.43,0.71,14.6
8/26/2025 13:00,countryclubdrive_to_I10interchange,NB,0.48,0.75,13.4
8/26/2025 14:00,countryclubdrive_to_I10interchange,NB,0.39,0.66,15.2
8/26/2025 15:00,countryclubdrive_to_I10interchange,NB,0.42,0.7,14.3
8/26/2025 16:00,countryclubdrive_to_I10interchange,NB,0.39,0.66,15.3
8/26/2025 17:00,countryclubdrive_to_I10interchange,NB,0.31,0.58,17.2
8/26/2025 18:00,countryclubdrive_to_I10interchange,NB,0.26,0.54,18.5
8/26/2025 19:00,countryclubdrive_to_I10interchange,NB,0.24,0.51,19.5
8/26/2025 20:00,countryclubdrive_to_I10interchange,NB,0.28,0.55,18.3
8/26/2025 21:00,countryclubdrive_to_I10interchange,NB,0.27,0.54,18.6
8/26/2025 22:00,countryclubdrive_to_I10interchange,NB,0.14,0.41,23.9
8/26/2025 23:00,countryclubdrive_to_I10interchange,NB,0.08,0.34,28.5
8/27/2025 0:00,countryclubdrive_to_I10interchange,NB,0.02,0.27,35.4
8/27/2025 1:00,countryclubdrive_to_I10interchange,NB,0.09,0.35,29.3
8/27/2025 2:00,countryclubdrive_to_I10interchange,NB,0.05,0.27,41
8/27/2025 3:00,countryclubdrive_to_I10interchange,NB,0.03,0.3,32.2
8/27/2025 4:00,countryclubdrive_to_I10interchange,NB,0.07,0.34,30.1
8/27/2025 5:00,countryclubdrive_to_I10interchange,NB,0.16,0.44,23.1
8/27/2025 6:00,countryclubdrive_to_I10interchange,NB,0.46,0.73,14.5
8/27/2025 7:00,countryclubdrive_to_I10interchange,NB,0.57,0.84,12
8/27/2025 8:00,countryclubdrive_to_I10interchange,NB,0.49,0.76,13
8/27/2025 9:00,countryclubdrive_to_I10interchange,NB,0.43,0.7,14.6
8/27/2025 10:00,countryclubdrive_to_I10interchange,NB,0.32,0.6,16.9
8/27/2025 11:00,countryclubdrive_to_I10interchange,NB,0.42,0.69,14.5
8/27/2025 12:00,countryclubdrive_to_I10interchange,NB,0.41,0.68,14.8
8/27/2025 13:00,countryclubdrive_to_I10interchange,NB,0.49,0.76,13.2
8/27/2025 14:00,countryclubdrive_to_I10interchange,NB,0.37,0.64,15.6
8/27/2025 15:00,countryclubdrive_to_I10interchange,NB,0.39,0.67,14.8
8/27/2025 16:00,countryclubdrive_to_I10interchange,NB,0.41,0.68,14.5
8/27/2025 17:00,countryclubdrive_to_I10interchange,NB,0.4,0.68,14.6
8/27/2025 18:00,countryclubdrive_to_I10interchange,NB,0.26,0.53,19
8/27/2025 19:00,countryclubdrive_to_I10interchange,NB,0.26,0.54,18.7
8/27/2025 20:00,countryclubdrive_to_I10interchange,NB,0.3,0.57,18.7
8/27/2025 21:00,countryclubdrive_to_I10interchange,NB,0.23,0.51,19.5
8/27/2025 22:00,countryclubdrive_to_I10interchange,NB,0.18,0.46,23
8/27/2025 23:00,countryclubdrive_to_I10interchange,NB,0.27,0.54,19.1
8/28/2025 0:00,countryclubdrive_to_I10interchange,NB,0.08,0.35,27.7
8/28/2025 1:00,countryclubdrive_to_I10interchange,NB,0.07,0.34,29.9
8/28/2025 2:00,countryclubdrive_to_I10interchange,NB,0.11,0.37,26.4
8/28/2025 3:00,countryclubdrive_to_I10interchange,NB,0.07,0.34,28.9
8/28/2025 4:00,countryclubdrive_to_I10interchange,NB,0.02,0.28,35.4
8/28/2025 5:00,countryclubdrive_to_I10interchange,NB,0.13,0.41,25.3
8/28/2025 6:00,countryclubdrive_to_I10interchange,NB,0.33,0.6,16.9
8/28/2025 7:00,countryclubdrive_to_I10interchange,NB,0.47,0.75,13.7
8/28/2025 8:00,countryclubdrive_to_I10interchange,NB,0.55,0.82,12.1
8/28/2025 9:00,countryclubdrive_to_I10interchange,NB,0.35,0.62,16.3
8/28/2025 10:00,countryclubdrive_to_I10interchange,NB,0.39,0.66,15.4
8/28/2025 11:00,countryclubdrive_to_I10interchange,NB,0.46,0.73,13.9
8/28/2025 12:00,countryclubdrive_to_I10interchange,NB,0.45,0.72,13.8
8/28/2025 13:00,countryclubdrive_to_I10interchange,NB,0.47,0.75,13.3
8/28/2025 14:00,countryclubdrive_to_I10interchange,NB,0.42,0.69,14.5
8/28/2025 15:00,countryclubdrive_to_I10interchange,NB,0.58,0.85,11.9
8/28/2025 16:00,countryclubdrive_to_I10interchange,NB,0.39,0.67,14.8
8/28/2025 17:00,countryclubdrive_to_I10interchange,NB,0.37,0.64,16.1
8/28/2025 18:00,countryclubdrive_to_I10interchange,NB,0.25,0.52,18.8
8/28/2025 19:00,countryclubdrive_to_I10interchange,NB,0.21,0.49,20.6
8/28/2025 20:00,countryclubdrive_to_I10interchange,NB,0.27,0.55,18.7
8/28/2025 21:00,countryclubdrive_to_I10interchange,NB,0.23,0.51,19.9
8/28/2025 22:00,countryclubdrive_to_I10interchange,NB,0.19,0.46,23.1
8/28/2025 23:00,countryclubdrive_to_I10interchange,NB,0.06,0.33,30.2
8/29/2025 0:00,countryclubdrive_to_I10interchange,NB,0.05,0.32,30.9
8/29/2025 1:00,countryclubdrive_to_I10interchange,NB,0.01,0.26,37.6
8/29/2025 2:00,countryclubdrive_to_I10interchange,NB,0,0.22,43.6
8/29/2025 3:00,countryclubdrive_to_I10interchange,NB,0.03,0.28,35.3
8/29/2025 4:00,countryclubdrive_to_I10interchange,NB,0.04,0.31,32.5
8/29/2025 5:00,countryclubdrive_to_I10interchange,NB,0.09,0.35,29.9
8/29/2025 6:00,countryclubdrive_to_I10interchange,NB,0.26,0.54,18.6
8/29/2025 7:00,countryclubdrive_to_I10interchange,NB,0.44,0.72,13.8
8/29/2025 8:00,countryclubdrive_to_I10interchange,NB,0.49,0.76,13.7
8/29/2025 9:00,countryclubdrive_to_I10interchange,NB,0.34,0.61,16.7
8/29/2025 10:00,countryclubdrive_to_I10interchange,NB,0.44,0.72,14.8
8/29/2025 11:00,countryclubdrive_to_I10interchange,NB,0.46,0.73,13.5
8/29/2025 12:00,countryclubdrive_to_I10interchange,NB,0.51,0.79,12.8
8/29/2025 13:00,countryclubdrive_to_I10interchange,NB,0.46,0.73,14
8/29/2025 14:00,countryclubdrive_to_I10interchange,NB,0.48,0.75,13.3
8/29/2025 15:00,countryclubdrive_to_I10interchange,NB,0.54,0.82,12.2
8/29/2025 16:00,countryclubdrive_to_I10interchange,NB,0.44,0.72,14.3
8/29/2025 17:00,countryclubdrive_to_I10interchange,NB,0.51,0.78,12.7
8/29/2025 18:00,countryclubdrive_to_I10interchange,NB,0.43,0.7,15
8/29/2025 19:00,countryclubdrive_to_I10interchange,NB,0.42,0.7,14.8
8/29/2025 20:00,countryclubdrive_to_I10interchange,NB,0.36,0.64,15.6
8/29/2025 21:00,countryclubdrive_to_I10interchange,NB,0.29,0.56,17.9
8/29/2025 22:00,countryclubdrive_to_I10interchange,NB,0.36,0.64,16.3
8/29/2025 23:00,countryclubdrive_to_I10interchange,NB,0.15,0.43,23.4
8/30/2025 0:00,countryclubdrive_to_I10interchange,NB,0.17,0.44,22.2
8/30/2025 1:00,countryclubdrive_to_I10interchange,NB,0.08,0.36,27.1
8/30/2025 2:00,countryclubdrive_to_I10interchange,NB,0.02,0.29,33.8
8/30/2025 3:00,countryclubdrive_to_I10interchange,NB,0,0.24,40.6
8/30/2025 4:00,countryclubdrive_to_I10interchange,NB,0.03,0.29,35.1
8/30/2025 5:00,countryclubdrive_to_I10interchange,NB,0.08,0.34,31.1
8/30/2025 6:00,countryclubdrive_to_I10interchange,NB,0.28,0.55,18.8
8/30/2025 7:00,countryclubdrive_to_I10interchange,NB,0.33,0.61,17.5
8/30/2025 8:00,countryclubdrive_to_I10interchange,NB,0.33,0.61,16.4
8/30/2025 9:00,countryclubdrive_to_I10interchange,NB,0.25,0.52,18.7
8/30/2025 10:00,countryclubdrive_to_I10interchange,NB,0.41,0.69,15.9
8/30/2025 11:00,countryclubdrive_to_I10interchange,NB,0.42,0.7,14.8
8/30/2025 12:00,countryclubdrive_to_I10interchange,NB,0.44,0.72,13.9
8/30/2025 13:00,countryclubdrive_to_I10interchange,NB,0.4,0.67,15.4
8/30/2025 14:00,countryclubdrive_to_I10interchange,NB,0.28,0.55,18.7
8/30/2025 15:00,countryclubdrive_to_I10interchange,NB,0.29,0.56,17.6
8/30/2025 16:00,countryclubdrive_to_I10interchange,NB,0.29,0.56,18.3
8/30/2025 17:00,countryclubdrive_to_I10interchange,NB,0.27,0.54,19.5
8/30/2025 18:00,countryclubdrive_to_I10interchange,NB,0.33,0.61,18.5
8/30/2025 19:00,countryclubdrive_to_I10interchange,NB,0.18,0.46,23.8
8/30/2025 20:00,countryclubdrive_to_I10interchange,NB,0.27,0.54,18.6
8/30/2025 21:00,countryclubdrive_to_I10interchange,NB,0.27,0.55,19.3
8/30/2025 22:00,countryclubdrive_to_I10interchange,NB,0.2,0.47,20.6
8/30/2025 23:00,countryclubdrive_to_I10interchange,NB,0.18,0.46,22.8
8/31/2025 0:00,countryclubdrive_to_I10interchange,NB,0.08,0.35,28
8/31/2025 1:00,countryclubdrive_to_I10interchange,NB,0.07,0.35,28.1
8/31/2025 2:00,countryclubdrive_to_I10interchange,NB,0.02,0.28,34.6
8/31/2025 3:00,countryclubdrive_to_I10interchange,NB,0.03,0.3,32.8
8/31/2025 4:00,countryclubdrive_to_I10interchange,NB,0.06,0.32,31.6
8/31/2025 5:00,countryclubdrive_to_I10interchange,NB,0.05,0.33,30.2
8/31/2025 6:00,countryclubdrive_to_I10interchange,NB,0.09,0.36,28
8/31/2025 7:00,countryclubdrive_to_I10interchange,NB,0.2,0.47,21.3
8/31/2025 8:00,countryclubdrive_to_I10interchange,NB,0.18,0.46,22.6
8/31/2025 9:00,countryclubdrive_to_I10interchange,NB,0.27,0.55,19.3
8/31/2025 10:00,countryclubdrive_to_I10interchange,NB,0.32,0.6,16.8
8/31/2025 11:00,countryclubdrive_to_I10interchange,NB,0.37,0.64,15.6
8/31/2025 12:00,countryclubdrive_to_I10interchange,NB,0.29,0.57,17.4
8/31/2025 13:00,countryclubdrive_to_I10interchange,NB,0.31,0.59,16.7
8/31/2025 14:00,countryclubdrive_to_I10interchange,NB,0.35,0.62,16.8
8/31/2025 15:00,countryclubdrive_to_I10interchange,NB,0.33,0.6,16.6
8/31/2025 16:00,countryclubdrive_to_I10interchange,NB,0.25,0.53,18.7
8/31/2025 17:00,countryclubdrive_to_I10interchange,NB,0.28,0.56,18.8
8/31/2025 18:00,countryclubdrive_to_I10interchange,NB,0.3,0.58,17.9
8/31/2025 19:00,countryclubdrive_to_I10interchange,NB,0.24,0.52,19
8/31/2025 20:00,countryclubdrive_to_I10interchange,NB,0.21,0.49,21.4
8/31/2025 21:00,countryclubdrive_to_I10interchange,NB,0.21,0.49,20.6
8/31/2025 22:00,countryclubdrive_to_I10interchange,NB,0.19,0.46,21.4
8/31/2025 23:00,countryclubdrive_to_I10interchange,NB,0.17,0.44,22.9
9/1/2025 0:00,countryclubdrive_to_I10interchange,NB,0.07,0.35,28.6
9/1/2025 1:00,countryclubdrive_to_I10interchange,NB,0.07,0.34,29
9/1/2025 2:00,countryclubdrive_to_I10interchange,NB,0.12,0.39,27.4
9/1/2025 3:00,countryclubdrive_to_I10interchange,NB,0.09,0.36,29.7
9/1/2025 4:00,countryclubdrive_to_I10interchange,NB,0.07,0.35,28.4
9/1/2025 5:00,countryclubdrive_to_I10interchange,NB,0.26,0.53,19.5
9/1/2025 6:00,countryclubdrive_to_I10interchange,NB,0.25,0.53,19.9
9/1/2025 7:00,countryclubdrive_to_I10interchange,NB,0.17,0.44,23.7
9/1/2025 8:00,countryclubdrive_to_I10interchange,NB,0.29,0.57,18.8
9/1/2025 9:00,countryclubdrive_to_I10interchange,NB,0.36,0.63,16.1
9/1/2025 10:00,countryclubdrive_to_I10interchange,NB,0.29,0.56,17.6
9/1/2025 11:00,countryclubdrive_to_I10interchange,NB,0.27,0.55,19.2
9/1/2025 12:00,countryclubdrive_to_I10interchange,NB,0.28,0.55,18.2
9/1/2025 13:00,countryclubdrive_to_I10interchange,NB,0.28,0.56,18.1
9/1/2025 14:00,countryclubdrive_to_I10interchange,NB,0.22,0.5,20.4
9/1/2025 15:00,countryclubdrive_to_I10interchange,NB,0.3,0.57,18.1
9/1/2025 16:00,countryclubdrive_to_I10interchange,NB,0.22,0.5,20
9/1/2025 17:00,countryclubdrive_to_I10interchange,NB,0.23,0.5,20.6
9/1/2025 18:00,countryclubdrive_to_I10interchange,NB,0.2,0.48,21.5
9/1/2025 19:00,countryclubdrive_to_I10interchange,NB,0.26,0.53,21.3
9/1/2025 20:00,countryclubdrive_to_I10interchange,NB,0.24,0.52,20.1
9/1/2025 21:00,countryclubdrive_to_I10interchange,NB,0.15,0.42,23.9
9/1/2025 22:00,countryclubdrive_to_I10interchange,NB,0.2,0.48,20.7
9/1/2025 23:00,countryclubdrive_to_I10interchange,NB,0.11,0.38,26
9/2/2025 0:00,countryclubdrive_to_I10interchange,NB,0.03,0.29,33.5
9/2/2025 1:00,countryclubdrive_to_I10interchange,NB,0.02,0.28,35.3
9/2/2025 2:00,countryclubdrive_to_I10interchange,NB,0.06,0.32,30.3
9/2/2025 3:00,countryclubdrive_to_I10interchange,NB,0.09,0.36,27
9/2/2025 4:00,countryclubdrive_to_I10interchange,NB,0.07,0.33,31.8
9/2/2025 5:00,countryclubdrive_to_I10interchange,NB,0.27,0.54,20
9/2/2025 6:00,countryclubdrive_to_I10interchange,NB,0.27,0.54,18.2
9/2/2025 7:00,countryclubdrive_to_I10interchange,NB,0.44,0.72,14.1
9/2/2025 8:00,countryclubdrive_to_I10interchange,NB,0.47,0.74,14.1
9/2/2025 9:00,countryclubdrive_to_I10interchange,NB,0.28,0.55,18.4
9/2/2025 10:00,countryclubdrive_to_I10interchange,NB,0.38,0.65,15.6
9/2/2025 11:00,countryclubdrive_to_I10interchange,NB,0.34,0.62,15.9
9/2/2025 12:00,countryclubdrive_to_I10interchange,NB,0.44,0.71,14.1
9/2/2025 13:00,countryclubdrive_to_I10interchange,NB,0.43,0.7,14.3
9/2/2025 14:00,countryclubdrive_to_I10interchange,NB,0.49,0.76,13.2
9/2/2025 15:00,countryclubdrive_to_I10interchange,NB,0.45,0.73,13.9
9/2/2025 16:00,countryclubdrive_to_I10interchange,NB,0.33,0.6,16.5
9/2/2025 17:00,countryclubdrive_to_I10interchange,NB,0.44,0.71,14.4
9/2/2025 18:00,countryclubdrive_to_I10interchange,NB,0.26,0.54,19.1
9/2/2025 19:00,countryclubdrive_to_I10interchange,NB,0.2,0.47,21.3
9/2/2025 20:00,countryclubdrive_to_I10interchange,NB,0.2,0.47,21.6
9/2/2025 21:00,countryclubdrive_to_I10interchange,NB,0.14,0.42,24
9/2/2025 22:00,countryclubdrive_to_I10interchange,NB,0.18,0.45,22.6
9/2/2025 23:00,countryclubdrive_to_I10interchange,NB,0.08,0.36,28.1
9/3/2025 0:00,countryclubdrive_to_I10interchange,NB,0.07,0.34,28.7
9/3/2025 1:00,countryclubdrive_to_I10interchange,NB,0.05,0.32,30.2
9/3/2025 2:00,countryclubdrive_to_I10interchange,NB,0.03,0.29,33.7
9/3/2025 3:00,countryclubdrive_to_I10interchange,NB,0.05,0.32,30.9
9/3/2025 4:00,countryclubdrive_to_I10interchange,NB,0.05,0.32,30.6
9/3/2025 5:00,countryclubdrive_to_I10interchange,NB,0.12,0.39,27.3
9/3/2025 6:00,countryclubdrive_to_I10interchange,NB,0.25,0.52,19.7
9/3/2025 7:00,countryclubdrive_to_I10interchange,NB,0.44,0.71,14.2
9/3/2025 8:00,countryclubdrive_to_I10interchange,NB,0.48,0.75,13.2
9/3/2025 9:00,countryclubdrive_to_I10interchange,NB,0.41,0.68,15
9/3/2025 10:00,countryclubdrive_to_I10interchange,NB,0.3,0.58,17
9/3/2025 11:00,countryclubdrive_to_I10interchange,NB,0.36,0.64,15.6
9/3/2025 12:00,countryclubdrive_to_I10interchange,NB,0.53,0.81,12.3
9/3/2025 13:00,countryclubdrive_to_I10interchange,NB,0.43,0.71,14
9/3/2025 14:00,countryclubdrive_to_I10interchange,NB,0.54,0.81,12.5
9/3/2025 15:00,countryclubdrive_to_I10interchange,NB,0.46,0.74,13.8
9/3/2025 16:00,countryclubdrive_to_I10interchange,NB,0.46,0.73,13.5
9/3/2025 17:00,countryclubdrive_to_I10interchange,NB,0.4,0.67,14.8
9/3/2025 18:00,countryclubdrive_to_I10interchange,NB,0.26,0.53,19.8
9/3/2025 19:00,countryclubdrive_to_I10interchange,NB,0.21,0.48,20.6
9/3/2025 20:00,countryclubdrive_to_I10interchange,NB,0.21,0.48,21
9/3/2025 21:00,countryclubdrive_to_I10interchange,NB,0.3,0.57,17.6
9/3/2025 22:00,countryclubdrive_to_I10interchange,NB,0.09,0.36,27.5
9/3/2025 23:00,countryclubdrive_to_I10interchange,NB,0.05,0.33,29.9
9/4/2025 0:00,countryclubdrive_to_I10interchange,NB,0.08,0.35,27.7
9/4/2025 1:00,countryclubdrive_to_I10interchange,NB,0.02,0.26,38.6
9/4/2025 2:00,countryclubdrive_to_I10interchange,NB,0.02,0.26,38.9
9/4/2025 3:00,countryclubdrive_to_I10interchange,NB,0.04,0.31,32.1
9/4/2025 4:00,countryclubdrive_to_I10interchange,NB,0.05,0.32,30.9
9/4/2025 5:00,countryclubdrive_to_I10interchange,NB,0.07,0.34,30.4
9/4/2025 6:00,countryclubdrive_to_I10interchange,NB,0.46,0.74,15.9
9/4/2025 7:00,countryclubdrive_to_I10interchange,NB,0.41,0.68,14.8
9/4/2025 8:00,countryclubdrive_to_I10interchange,NB,0.48,0.75,13.2
9/4/2025 9:00,countryclubdrive_to_I10interchange,NB,0.41,0.69,14.8
9/4/2025 10:00,countryclubdrive_to_I10interchange,NB,0.46,0.74,14.5
9/4/2025 11:00,countryclubdrive_to_I10interchange,NB,0.3,0.58,17.9
9/4/2025 12:00,countryclubdrive_to_I10interchange,NB,0.39,0.66,14.8
9/4/2025 13:00,countryclubdrive_to_I10interchange,NB,0.49,0.77,13
9/4/2025 14:00,countryclubdrive_to_I10interchange,NB,0.41,0.68,15
9/4/2025 15:00,countryclubdrive_to_I10interchange,NB,0.46,0.74,13.7
9/4/2025 16:00,countryclubdrive_to_I10interchange,NB,0.42,0.69,14.4
9/4/2025 17:00,countryclubdrive_to_I10interchange,NB,0.41,0.68,15
9/4/2025 18:00,countryclubdrive_to_I10interchange,NB,0.3,0.57,19.6
9/4/2025 19:00,countryclubdrive_to_I10interchange,NB,0.2,0.46,24.1
9/4/2025 20:00,countryclubdrive_to_I10interchange,NB,0.27,0.54,18.1
9/4/2025 21:00,countryclubdrive_to_I10interchange,NB,0.19,0.47,21.2
9/4/2025 22:00,countryclubdrive_to_I10interchange,NB,0.17,0.44,22.3
9/4/2025 23:00,countryclubdrive_to_I10interchange,NB,0.14,0.42,23.3
9/5/2025 0:00,countryclubdrive_to_I10interchange,NB,0.07,0.34,29.7
9/5/2025 1:00,countryclubdrive_to_I10interchange,NB,0.06,0.32,31.2
9/5/2025 2:00,countryclubdrive_to_I10interchange,NB,0.07,0.35,28
9/5/2025 3:00,countryclubdrive_to_I10interchange,NB,0.09,0.36,27.9
9/5/2025 4:00,countryclubdrive_to_I10interchange,NB,0.13,0.4,24.3
9/5/2025 5:00,countryclubdrive_to_I10interchange,NB,0.21,0.48,20.6
9/5/2025 6:00,countryclubdrive_to_I10interchange,NB,0.32,0.59,16.7
9/5/2025 7:00,countryclubdrive_to_I10interchange,NB,0.49,0.76,14.3
9/5/2025 8:00,countryclubdrive_to_I10interchange,NB,0.69,0.96,10.7
9/5/2025 9:00,countryclubdrive_to_I10interchange,NB,0.44,0.71,14.7
9/5/2025 10:00,countryclubdrive_to_I10interchange,NB,0.41,0.69,15
9/5/2025 11:00,countryclubdrive_to_I10interchange,NB,0.44,0.71,13.8
9/5/2025 12:00,countryclubdrive_to_I10interchange,NB,0.38,0.66,15.1
9/5/2025 13:00,countryclubdrive_to_I10interchange,NB,0.38,0.65,15.1
9/5/2025 14:00,countryclubdrive_to_I10interchange,NB,0.45,0.73,13.6
9/5/2025 15:00,countryclubdrive_to_I10interchange,NB,0.45,0.73,13.7
9/5/2025 16:00,countryclubdrive_to_I10interchange,NB,0.44,0.71,14.1
9/5/2025 17:00,countryclubdrive_to_I10interchange,NB,0.4,0.68,14.7
9/5/2025 18:00,countryclubdrive_to_I10interchange,NB,0.29,0.56,17.7
9/5/2025 19:00,countryclubdrive_to_I10interchange,NB,0.25,0.52,19.1
9/5/2025 20:00,countryclubdrive_to_I10interchange,NB,0.31,0.59,17.2
9/5/2025 21:00,countryclubdrive_to_I10interchange,NB,0.25,0.52,19.6
9/5/2025 22:00,countryclubdrive_to_I10interchange,NB,0.2,0.48,20.8
9/5/2025 23:00,countryclubdrive_to_I10interchange,NB,0.13,0.4,24.9
9/6/2025 0:00,countryclubdrive_to_I10interchange,NB,0.06,0.34,29.6
9/6/2025 1:00,countryclubdrive_to_I10interchange,NB,0.04,0.31,31.5
9/6/2025 2:00,countryclubdrive_to_I10interchange,NB,0.04,0.3,32.3
9/6/2025 3:00,countryclubdrive_to_I10interchange,NB,0.02,0.27,36.5
9/6/2025 4:00,countryclubdrive_to_I10interchange,NB,0.06,0.33,30
9/6/2025 5:00,countryclubdrive_to_I10interchange,NB,0.1,0.38,27.2
9/6/2025 6:00,countryclubdrive_to_I10interchange,NB,0.28,0.55,18
9/6/2025 7:00,countryclubdrive_to_I10interchange,NB,0.22,0.5,21
9/6/2025 8:00,countryclubdrive_to_I10interchange,NB,0.36,0.64,15.9
9/6/2025 9:00,countryclubdrive_to_I10interchange,NB,0.41,0.68,15.2
9/6/2025 10:00,countryclubdrive_to_I10interchange,NB,0.38,0.65,16
9/6/2025 11:00,countryclubdrive_to_I10interchange,NB,0.25,0.52,19
9/6/2025 12:00,countryclubdrive_to_I10interchange,NB,0.33,0.61,16.6
9/6/2025 13:00,countryclubdrive_to_I10interchange,NB,0.26,0.54,18.7
9/6/2025 14:00,countryclubdrive_to_I10interchange,NB,0.4,0.67,15.5
9/6/2025 15:00,countryclubdrive_to_I10interchange,NB,0.34,0.61,17
9/6/2025 16:00,countryclubdrive_to_I10interchange,NB,0.34,0.62,16.1
9/6/2025 17:00,countryclubdrive_to_I10interchange,NB,0.43,0.71,14.4
9/6/2025 18:00,countryclubdrive_to_I10interchange,NB,0.29,0.57,19
9/6/2025 19:00,countryclubdrive_to_I10interchange,NB,0.21,0.49,21.6
9/6/2025 20:00,countryclubdrive_to_I10interchange,NB,0.28,0.55,18.4
9/6/2025 21:00,countryclubdrive_to_I10interchange,NB,0.2,0.48,21.1
9/6/2025 22:00,countryclubdrive_to_I10interchange,NB,0.2,0.47,21.2
9/6/2025 23:00,countryclubdrive_to_I10interchange,NB,0.11,0.38,25.8
9/7/2025 0:00,countryclubdrive_to_I10interchange,NB,0.16,0.44,22.9
9/7/2025 1:00,countryclubdrive_to_I10interchange,NB,0.04,0.32,30.6
9/7/2025 2:00,countryclubdrive_to_I10interchange,NB,0.03,0.3,32.6
9/7/2025 3:00,countryclubdrive_to_I10interchange,NB,0.02,0.26,37.9
9/7/2025 4:00,countryclubdrive_to_I10interchange,NB,0.03,0.31,31.7
9/7/2025 5:00,countryclubdrive_to_I10interchange,NB,0.16,0.44,23.4
9/7/2025 6:00,countryclubdrive_to_I10interchange,NB,0.18,0.46,21.9
9/7/2025 7:00,countryclubdrive_to_I10interchange,NB,0.41,0.69,16.9
9/7/2025 8:00,countryclubdrive_to_I10interchange,NB,0.21,0.49,21
9/7/2025 9:00,countryclubdrive_to_I10interchange,NB,0.23,0.51,20.2
9/7/2025 10:00,countryclubdrive_to_I10interchange,NB,0.32,0.59,17.8
9/7/2025 11:00,countryclubdrive_to_I10interchange,NB,0.29,0.57,17.7
9/7/2025 12:00,countryclubdrive_to_I10interchange,NB,0.24,0.52,20.1
9/7/2025 13:00,countryclubdrive_to_I10interchange,NB,0.28,0.56,17.9
9/7/2025 14:00,countryclubdrive_to_I10interchange,NB,0.26,0.53,19.6
9/7/2025 15:00,countryclubdrive_to_I10interchange,NB,0.25,0.53,20
9/7/2025 16:00,countryclubdrive_to_I10interchange,NB,0.34,0.62,16.1
9/7/2025 17:00,countryclubdrive_to_I10interchange,NB,0.31,0.59,17.9
9/7/2025 18:00,countryclubdrive_to_I10interchange,NB,0.42,0.69,15.3
9/7/2025 19:00,countryclubdrive_to_I10interchange,NB,0.24,0.51,19.9
9/7/2025 20:00,countryclubdrive_to_I10interchange,NB,0.28,0.56,18.8
9/7/2025 21:00,countryclubdrive_to_I10interchange,NB,0.13,0.41,25.1
9/7/2025 22:00,countryclubdrive_to_I10interchange,NB,0.11,0.38,26.1
9/7/2025 23:00,countryclubdrive_to_I10interchange,NB,0.1,0.37,26.5
9/8/2025 0:00,countryclubdrive_to_I10interchange,NB,0.06,0.33,30.1
9/8/2025 1:00,countryclubdrive_to_I10interchange,NB,0.03,0.29,33.6
9/8/2025 2:00,countryclubdrive_to_I10interchange,NB,0.02,0.28,34.2
9/8/2025 3:00,countryclubdrive_to_I10interchange,NB,0,0.24,41.3
9/8/2025 4:00,countryclubdrive_to_I10interchange,NB,0.09,0.34,30.8
9/8/2025 5:00,countryclubdrive_to_I10interchange,NB,0.22,0.49,21
9/8/2025 6:00,countryclubdrive_to_I10interchange,NB,0.35,0.63,16.1
9/8/2025 7:00,countryclubdrive_to_I10interchange,NB,0.44,0.72,14.3
9/8/2025 8:00,countryclubdrive_to_I10interchange,NB,0.45,0.73,14.3
9/8/2025 9:00,countryclubdrive_to_I10interchange,NB,0.3,0.58,17.2
9/8/2025 10:00,countryclubdrive_to_I10interchange,NB,0.41,0.69,15.7
9/8/2025 11:00,countryclubdrive_to_I10interchange,NB,0.45,0.72,14.3
9/8/2025 12:00,countryclubdrive_to_I10interchange,NB,0.35,0.63,15.8
9/8/2025 13:00,countryclubdrive_to_I10interchange,NB,0.44,0.72,14.4
9/8/2025 14:00,countryclubdrive_to_I10interchange,NB,0.58,0.86,11.5
9/8/2025 15:00,countryclubdrive_to_I10interchange,NB,0.48,0.76,13
9/8/2025 16:00,countryclubdrive_to_I10interchange,NB,0.37,0.65,15.7
9/8/2025 17:00,countryclubdrive_to_I10interchange,NB,0.3,0.58,17.4
9/8/2025 18:00,countryclubdrive_to_I10interchange,NB,0.21,0.48,21.2
9/8/2025 19:00,countryclubdrive_to_I10interchange,NB,0.23,0.5,19.6
9/8/2025 20:00,countryclubdrive_to_I10interchange,NB,0.17,0.45,22.8
9/8/2025 21:00,countryclubdrive_to_I10interchange,NB,0.19,0.47,21.6
9/8/2025 22:00,countryclubdrive_to_I10interchange,NB,0.18,0.45,22.1
9/8/2025 23:00,countryclubdrive_to_I10interchange,NB,0.13,0.39,24.9
9/9/2025 0:00,countryclubdrive_to_I10interchange,NB,0.05,0.31,32.5
9/9/2025 1:00,countryclubdrive_to_I10interchange,NB,0.07,0.34,28.4
9/9/2025 2:00,countryclubdrive_to_I10interchange,NB,0.04,0.31,32
9/9/2025 3:00,countryclubdrive_to_I10interchange,NB,0.03,0.29,33.4
9/9/2025 4:00,countryclubdrive_to_I10interchange,NB,0.09,0.35,28.8
9/9/2025 5:00,countryclubdrive_to_I10interchange,NB,0.22,0.49,20.4
9/9/2025 6:00,countryclubdrive_to_I10interchange,NB,0.32,0.6,17.4
9/9/2025 7:00,countryclubdrive_to_I10interchange,NB,0.29,0.57,17.9
9/9/2025 8:00,countryclubdrive_to_I10interchange,NB,0.44,0.72,13.7
9/9/2025 9:00,countryclubdrive_to_I10interchange,NB,0.54,0.81,12.6
9/9/2025 10:00,countryclubdrive_to_I10interchange,NB,0.35,0.62,16.1
9/9/2025 11:00,countryclubdrive_to_I10interchange,NB,0.35,0.63,16.2
9/9/2025 12:00,countryclubdrive_to_I10interchange,NB,0.42,0.7,14.5
9/9/2025 13:00,countryclubdrive_to_I10interchange,NB,0.49,0.76,13.2
9/9/2025 14:00,countryclubdrive_to_I10interchange,NB,0.43,0.7,14.5
9/9/2025 15:00,countryclubdrive_to_I10interchange,NB,0.47,0.74,13.7
9/9/2025 16:00,countryclubdrive_to_I10interchange,NB,0.46,0.73,13.4
9/9/2025 17:00,countryclubdrive_to_I10interchange,NB,0.32,0.6,16.6
9/9/2025 18:00,countryclubdrive_to_I10interchange,NB,0.36,0.64,15.7
9/9/2025 19:00,countryclubdrive_to_I10interchange,NB,0.28,0.55,18
9/9/2025 20:00,countryclubdrive_to_I10interchange,NB,0.18,0.45,22.1
9/9/2025 21:00,countryclubdrive_to_I10interchange,NB,0.32,0.6,17.6
9/9/2025 22:00,countryclubdrive_to_I10interchange,NB,0.14,0.42,23.7
9/9/2025 23:00,countryclubdrive_to_I10interchange,NB,0.2,0.48,20.9
9/10/2025 0:00,countryclubdrive_to_I10interchange,NB,0.08,0.35,28.2
9/10/2025 1:00,countryclubdrive_to_I10interchange,NB,0.02,0.29,33.9
9/10/2025 2:00,countryclubdrive_to_I10interchange,NB,0.07,0.33,31.3
9/10/2025 3:00,countryclubdrive_to_I10interchange,NB,0.08,0.33,33.5
9/10/2025 4:00,countryclubdrive_to_I10interchange,NB,0.07,0.34,29.2
9/10/2025 5:00,countryclubdrive_to_I10interchange,NB,0.15,0.43,24
9/10/2025 6:00,countryclubdrive_to_I10interchange,NB,0.29,0.56,18.7
9/10/2025 7:00,countryclubdrive_to_I10interchange,NB,0.33,0.6,16.9
9/10/2025 8:00,countryclubdrive_to_I10interchange,NB,0.43,0.7,14.2
9/10/2025 9:00,countryclubdrive_to_I10interchange,NB,0.29,0.56,17.7
9/10/2025 10:00,countryclubdrive_to_I10interchange,NB,0.38,0.65,15.4
9/10/2025 11:00,countryclubdrive_to_I10interchange,NB,0.36,0.64,15.8
9/10/2025 12:00,countryclubdrive_to_I10interchange,NB,0.38,0.65,15.4
9/10/2025 13:00,countryclubdrive_to_I10interchange,NB,0.51,0.79,13.2
9/10/2025 14:00,countryclubdrive_to_I10interchange,NB,0.48,0.75,13.6
9/10/2025 15:00,countryclubdrive_to_I10interchange,NB,0.45,0.72,13.8
9/10/2025 16:00,countryclubdrive_to_I10interchange,NB,0.39,0.66,14.9
9/10/2025 17:00,countryclubdrive_to_I10interchange,NB,0.44,0.71,14.3
9/10/2025 18:00,countryclubdrive_to_I10interchange,NB,0.25,0.52,19
9/10/2025 19:00,countryclubdrive_to_I10interchange,NB,0.2,0.47,21.9
9/10/2025 20:00,countryclubdrive_to_I10interchange,NB,0.22,0.5,20.7
9/10/2025 21:00,countryclubdrive_to_I10interchange,NB,0.21,0.49,20.9
9/10/2025 22:00,countryclubdrive_to_I10interchange,NB,0.13,0.41,24.4
9/10/2025 23:00,countryclubdrive_to_I10interchange,NB,0.11,0.38,25.6
9/11/2025 0:00,countryclubdrive_to_I10interchange,NB,0.06,0.33,30.1
9/11/2025 1:00,countryclubdrive_to_I10interchange,NB,0.04,0.31,32.3
9/11/2025 2:00,countryclubdrive_to_I10interchange,NB,0.01,0.26,37.4
9/11/2025 3:00,countryclubdrive_to_I10interchange,NB,0.02,0.28,35.5
9/11/2025 4:00,countryclubdrive_to_I10interchange,NB,0.1,0.36,28
9/11/2025 5:00,countryclubdrive_to_I10interchange,NB,0.18,0.45,23.3
9/11/2025 6:00,countryclubdrive_to_I10interchange,NB,0.32,0.59,17.2
9/11/2025 7:00,countryclubdrive_to_I10interchange,NB,0.39,0.66,15
9/11/2025 8:00,countryclubdrive_to_I10interchange,NB,0.51,0.78,12.8
9/11/2025 9:00,countryclubdrive_to_I10interchange,NB,0.31,0.59,17.3
9/11/2025 10:00,countryclubdrive_to_I10interchange,NB,0.36,0.64,15.6
9/11/2025 11:00,countryclubdrive_to_I10interchange,NB,0.47,0.74,13.4
9/11/2025 12:00,countryclubdrive_to_I10interchange,NB,0.4,0.67,15
9/11/2025 13:00,countryclubdrive_to_I10interchange,NB,0.49,0.77,13.5
9/11/2025 14:00,countryclubdrive_to_I10interchange,NB,0.48,0.75,13.1
9/11/2025 15:00,countryclubdrive_to_I10interchange,NB,0.49,0.77,13.4
9/11/2025 16:00,countryclubdrive_to_I10interchange,NB,0.35,0.63,16.2
9/11/2025 17:00,countryclubdrive_to_I10interchange,NB,0.31,0.59,16.9
9/11/2025 18:00,countryclubdrive_to_I10interchange,NB,0.22,0.5,19.8
9/11/2025 19:00,countryclubdrive_to_I10interchange,NB,0.2,0.48,21.3
9/11/2025 20:00,countryclubdrive_to_I10interchange,NB,0.17,0.45,22.3
9/11/2025 21:00,countryclubdrive_to_I10interchange,NB,0.14,0.42,24.4
9/11/2025 22:00,countryclubdrive_to_I10interchange,NB,0.12,0.39,25.8
9/11/2025 23:00,countryclubdrive_to_I10interchange,NB,0.21,0.48,21
9/12/2025 0:00,countryclubdrive_to_I10interchange,NB,0.04,0.3,33.6
9/12/2025 1:00,countryclubdrive_to_I10interchange,NB,0.03,0.3,32.3
9/12/2025 2:00,countryclubdrive_to_I10interchange,NB,0,0.26,37.6
9/12/2025 3:00,countryclubdrive_to_I10interchange,NB,0.04,0.3,34
9/12/2025 4:00,countryclubdrive_to_I10interchange,NB,0.08,0.33,33.2
9/12/2025 5:00,countryclubdrive_to_I10interchange,NB,0.17,0.45,22.9
9/12/2025 6:00,countryclubdrive_to_I10interchange,NB,0.32,0.59,17.7
9/12/2025 7:00,countryclubdrive_to_I10interchange,NB,0.35,0.62,16.1
9/12/2025 8:00,countryclubdrive_to_I10interchange,NB,0.75,1.03,10.7
9/12/2025 9:00,countryclubdrive_to_I10interchange,NB,0.41,0.69,14.9
9/12/2025 10:00,countryclubdrive_to_I10interchange,NB,0.39,0.67,15.3
9/12/2025 11:00,countryclubdrive_to_I10interchange,NB,0.34,0.62,16.1
9/12/2025 12:00,countryclubdrive_to_I10interchange,NB,0.57,0.84,11.9
9/12/2025 13:00,countryclubdrive_to_I10interchange,NB,0.43,0.71,14.8
9/12/2025 14:00,countryclubdrive_to_I10interchange,NB,0.45,0.72,13.8
9/12/2025 15:00,countryclubdrive_to_I10interchange,NB,0.44,0.71,14.3
9/12/2025 16:00,countryclubdrive_to_I10interchange,NB,0.51,0.79,13
9/12/2025 17:00,countryclubdrive_to_I10interchange,NB,0.35,0.63,15.8
9/12/2025 18:00,countryclubdrive_to_I10interchange,NB,0.36,0.64,16
9/12/2025 19:00,countryclubdrive_to_I10interchange,NB,0.29,0.57,18.4
9/12/2025 20:00,countryclubdrive_to_I10interchange,NB,0.31,0.58,17.5
9/12/2025 21:00,countryclubdrive_to_I10interchange,NB,0.26,0.53,19.3
9/12/2025 22:00,countryclubdrive_to_I10interchange,NB,0.22,0.5,21.7
9/12/2025 23:00,countryclubdrive_to_I10interchange,NB,0.15,0.42,23.3
9/13/2025 0:00,countryclubdrive_to_I10interchange,NB,0.06,0.34,29.3
9/13/2025 1:00,countryclubdrive_to_I10interchange,NB,0.07,0.34,29.3
9/13/2025 2:00,countryclubdrive_to_I10interchange,NB,0.07,0.33,30.9
9/13/2025 3:00,countryclubdrive_to_I10interchange,NB,0.04,0.32,31.5
9/13/2025 4:00,countryclubdrive_to_I10interchange,NB,0.03,0.29,34.3
9/13/2025 5:00,countryclubdrive_to_I10interchange,NB,0.08,0.35,28.3
9/13/2025 6:00,countryclubdrive_to_I10interchange,NB,0.19,0.47,22.6
9/13/2025 7:00,countryclubdrive_to_I10interchange,NB,0.35,0.63,16.1
9/13/2025 8:00,countryclubdrive_to_I10interchange,NB,0.23,0.51,19.6
9/13/2025 9:00,countryclubdrive_to_I10interchange,NB,0.27,0.55,18.5
9/13/2025 10:00,countryclubdrive_to_I10interchange,NB,0.34,0.61,16.7
9/13/2025 11:00,countryclubdrive_to_I10interchange,NB,0.29,0.57,17.8
9/13/2025 12:00,countryclubdrive_to_I10interchange,NB,0.34,0.62,17.4
9/13/2025 13:00,countryclubdrive_to_I10interchange,NB,0.27,0.54,18.7
9/13/2025 14:00,countryclubdrive_to_I10interchange,NB,0.39,0.66,16
9/13/2025 15:00,countryclubdrive_to_I10interchange,NB,0.44,0.72,14.1
9/13/2025 16:00,countryclubdrive_to_I10interchange,NB,0.38,0.66,15.2
9/13/2025 17:00,countryclubdrive_to_I10interchange,NB,0.27,0.54,18.3
9/13/2025 18:00,countryclubdrive_to_I10interchange,NB,0.29,0.57,18.1
9/13/2025 19:00,countryclubdrive_to_I10interchange,NB,0.24,0.51,19.8
9/13/2025 20:00,countryclubdrive_to_I10interchange,NB,0.29,0.57,17.7
9/13/2025 21:00,countryclubdrive_to_I10interchange,NB,0.2,0.48,21.1
9/13/2025 22:00,countryclubdrive_to_I10interchange,NB,0.13,0.4,24.7
9/13/2025 23:00,countryclubdrive_to_I10interchange,NB,0.11,0.39,25.5
9/14/2025 0:00,countryclubdrive_to_I10interchange,NB,0.12,0.4,25
9/14/2025 1:00,countryclubdrive_to_I10interchange,NB,0.08,0.34,30.1
9/14/2025 2:00,countryclubdrive_to_I10interchange,NB,0.04,0.3,33
9/14/2025 3:00,countryclubdrive_to_I10interchange,NB,0.02,0.29,33.3
9/14/2025 4:00,countryclubdrive_to_I10interchange,NB,0.03,0.28,35.5
9/14/2025 5:00,countryclubdrive_to_I10interchange,NB,0.03,0.3,32.2
9/14/2025 6:00,countryclubdrive_to_I10interchange,NB,0.13,0.41,24.3
9/14/2025 7:00,countryclubdrive_to_I10interchange,NB,0.21,0.49,20.9
9/14/2025 8:00,countryclubdrive_to_I10interchange,NB,0.21,0.49,20.9
9/14/2025 9:00,countryclubdrive_to_I10interchange,NB,0.25,0.53,19
9/14/2025 10:00,countryclubdrive_to_I10interchange,NB,0.27,0.54,18.6
9/14/2025 11:00,countryclubdrive_to_I10interchange,NB,0.23,0.51,19.3
9/14/2025 12:00,countryclubdrive_to_I10interchange,NB,0.3,0.57,17.6
9/14/2025 13:00,countryclubdrive_to_I10interchange,NB,0.32,0.6,16.9
9/14/2025 14:00,countryclubdrive_to_I10interchange,NB,0.37,0.64,15.8
9/14/2025 15:00,countryclubdrive_to_I10interchange,NB,0.26,0.53,19
9/14/2025 16:00,countryclubdrive_to_I10interchange,NB,0.3,0.58,17.4
9/14/2025 17:00,countryclubdrive_to_I10interchange,NB,0.28,0.56,18.3
9/14/2025 18:00,countryclubdrive_to_I10interchange,NB,0.35,0.62,16.1
9/14/2025 19:00,countryclubdrive_to_I10interchange,NB,0.29,0.56,20.7
9/14/2025 20:00,countryclubdrive_to_I10interchange,NB,0.19,0.47,21.4
9/14/2025 21:00,countryclubdrive_to_I10interchange,NB,0.23,0.51,19.7
9/14/2025 22:00,countryclubdrive_to_I10interchange,NB,0.19,0.46,21.3
9/14/2025 23:00,countryclubdrive_to_I10interchange,NB,0.11,0.39,25.8
9/15/2025 0:00,countryclubdrive_to_I10interchange,NB,0.07,0.34,28.3
9/15/2025 1:00,countryclubdrive_to_I10interchange,NB,0.02,0.28,36
9/15/2025 2:00,countryclubdrive_to_I10interchange,NB,0.04,0.3,33.3
9/15/2025 3:00,countryclubdrive_to_I10interchange,NB,0.04,0.32,30.7
9/15/2025 4:00,countryclubdrive_to_I10interchange,NB,0.1,0.37,30.2
9/15/2025 5:00,countryclubdrive_to_I10interchange,NB,0.1,0.37,27.9
9/15/2025 6:00,countryclubdrive_to_I10interchange,NB,0.29,0.56,18.3
9/15/2025 7:00,countryclubdrive_to_I10interchange,NB,0.52,0.8,13
9/15/2025 8:00,countryclubdrive_to_I10interchange,NB,0.51,0.79,12.6
9/15/2025 9:00,countryclubdrive_to_I10interchange,NB,0.4,0.67,15.2
9/15/2025 10:00,countryclubdrive_to_I10interchange,NB,0.42,0.69,15.3
9/15/2025 11:00,countryclubdrive_to_I10interchange,NB,0.38,0.66,15.5
9/15/2025 12:00,countryclubdrive_to_I10interchange,NB,0.41,0.69,14.5
9/15/2025 13:00,countryclubdrive_to_I10interchange,NB,0.48,0.76,13.2
9/15/2025 14:00,countryclubdrive_to_I10interchange,NB,0.46,0.73,13.9
9/15/2025 15:00,countryclubdrive_to_I10interchange,NB,0.48,0.75,13
9/15/2025 16:00,countryclubdrive_to_I10interchange,NB,0.39,0.67,14.9
9/15/2025 17:00,countryclubdrive_to_I10interchange,NB,0.43,0.71,15.1
9/15/2025 18:00,countryclubdrive_to_I10interchange,NB,0.26,0.53,18.5
9/15/2025 19:00,countryclubdrive_to_I10interchange,NB,0.23,0.5,20.2
9/15/2025 20:00,countryclubdrive_to_I10interchange,NB,0.2,0.47,21.7
9/15/2025 21:00,countryclubdrive_to_I10interchange,NB,0.19,0.46,21.4
9/15/2025 22:00,countryclubdrive_to_I10interchange,NB,0.16,0.43,23.2
9/15/2025 23:00,countryclubdrive_to_I10interchange,NB,0.06,0.34,28.7
9/16/2025 0:00,countryclubdrive_to_I10interchange,NB,0.04,0.31,31.2
9/16/2025 1:00,countryclubdrive_to_I10interchange,NB,0.02,0.29,33.9
9/16/2025 2:00,countryclubdrive_to_I10interchange,NB,0.06,0.3,37.5
9/16/2025 3:00,countryclubdrive_to_I10interchange,NB,0.08,0.34,32.3
9/16/2025 4:00,countryclubdrive_to_I10interchange,NB,0.03,0.29,34.3
9/16/2025 5:00,countryclubdrive_to_I10interchange,NB,0.23,0.51,19.5
9/16/2025 6:00,countryclubdrive_to_I10interchange,NB,0.27,0.55,19.3
9/16/2025 7:00,countryclubdrive_to_I10interchange,NB,0.38,0.66,16.2
9/16/2025 8:00,countryclubdrive_to_I10interchange,NB,0.47,0.74,13.6
9/16/2025 9:00,countryclubdrive_to_I10interchange,NB,0.35,0.62,16
9/16/2025 10:00,countryclubdrive_to_I10interchange,NB,0.31,0.59,17.1
9/16/2025 11:00,countryclubdrive_to_I10interchange,NB,0.39,0.66,15.2
9/16/2025 12:00,countryclubdrive_to_I10interchange,NB,0.51,0.78,13.4
9/16/2025 13:00,countryclubdrive_to_I10interchange,NB,0.38,0.66,15.5
9/16/2025 14:00,countryclubdrive_to_I10interchange,NB,0.35,0.63,15.6
9/16/2025 15:00,countryclubdrive_to_I10interchange,NB,0.43,0.71,14.4
9/16/2025 16:00,countryclubdrive_to_I10interchange,NB,0.39,0.66,15.2
9/16/2025 17:00,countryclubdrive_to_I10interchange,NB,0.41,0.69,15.2
9/16/2025 18:00,countryclubdrive_to_I10interchange,NB,0.29,0.57,17.3
9/16/2025 19:00,countryclubdrive_to_I10interchange,NB,0.29,0.57,18.7
9/16/2025 20:00,countryclubdrive_to_I10interchange,NB,0.2,0.48,21.3
9/16/2025 21:00,countryclubdrive_to_I10interchange,NB,0.2,0.48,21.3
9/16/2025 22:00,countryclubdrive_to_I10interchange,NB,0.14,0.42,24.2
9/16/2025 23:00,countryclubdrive_to_I10interchange,NB,0.05,0.32,30.7
9/17/2025 0:00,countryclubdrive_to_I10interchange,NB,0.19,0.47,21
9/17/2025 1:00,countryclubdrive_to_I10interchange,NB,0.1,0.38,26.8
9/17/2025 2:00,countryclubdrive_to_I10interchange,NB,0.02,0.27,37.1
9/17/2025 3:00,countryclubdrive_to_I10interchange,NB,0,0.25,39.5
9/17/2025 4:00,countryclubdrive_to_I10interchange,NB,0.07,0.33,30.2
9/17/2025 5:00,countryclubdrive_to_I10interchange,NB,0.11,0.38,27.8
9/17/2025 6:00,countryclubdrive_to_I10interchange,NB,0.33,0.6,16.9
9/17/2025 7:00,countryclubdrive_to_I10interchange,NB,0.43,0.71,15
9/17/2025 8:00,countryclubdrive_to_I10interchange,NB,0.5,0.78,13.5
9/17/2025 9:00,countryclubdrive_to_I10interchange,NB,0.38,0.66,15.4
9/17/2025 10:00,countryclubdrive_to_I10interchange,NB,0.33,0.61,17.1
9/17/2025 11:00,countryclubdrive_to_I10interchange,NB,0.43,0.7,14.4
9/17/2025 12:00,countryclubdrive_to_I10interchange,NB,0.47,0.74,13.6
9/17/2025 13:00,countryclubdrive_to_I10interchange,NB,0.48,0.75,13.4
9/17/2025 14:00,countryclubdrive_to_I10interchange,NB,0.44,0.72,13.9
9/17/2025 15:00,countryclubdrive_to_I10interchange,NB,0.49,0.77,13
9/17/2025 16:00,countryclubdrive_to_I10interchange,NB,0.36,0.64,15.5
9/17/2025 17:00,countryclubdrive_to_I10interchange,NB,0.36,0.63,15.7
9/17/2025 18:00,countryclubdrive_to_I10interchange,NB,0.27,0.55,18
9/17/2025 19:00,countryclubdrive_to_I10interchange,NB,0.22,0.5,20.9
9/17/2025 20:00,countryclubdrive_to_I10interchange,NB,0.2,0.47,21.1
9/17/2025 21:00,countryclubdrive_to_I10interchange,NB,0.23,0.5,19.7
9/17/2025 22:00,countryclubdrive_to_I10interchange,NB,0.16,0.44,22.7
9/17/2025 23:00,countryclubdrive_to_I10interchange,NB,0.14,0.41,23.7
9/18/2025 0:00,countryclubdrive_to_I10interchange,NB,0.04,0.32,30.5
9/18/2025 1:00,countryclubdrive_to_I10interchange,NB,0.02,0.27,36.1
9/18/2025 2:00,countryclubdrive_to_I10interchange,NB,0.01,0.24,40.6
9/18/2025 3:00,countryclubdrive_to_I10interchange,NB,0.05,0.3,34.7
9/18/2025 4:00,countryclubdrive_to_I10interchange,NB,0.16,0.42,24.5
9/18/2025 5:00,countryclubdrive_to_I10interchange,NB,0.3,0.57,17.5
9/18/2025 6:00,countryclubdrive_to_I10interchange,NB,0.34,0.61,16.6
9/18/2025 7:00,countryclubdrive_to_I10interchange,NB,0.48,0.76,13.4
9/18/2025 8:00,countryclubdrive_to_I10interchange,NB,0.55,0.82,12.6
9/18/2025 9:00,countryclubdrive_to_I10interchange,NB,0.42,0.7,14.1
9/18/2025 10:00,countryclubdrive_to_I10interchange,NB,0.29,0.57,17.7
9/18/2025 11:00,countryclubdrive_to_I10interchange,NB,0.36,0.64,15.9
9/18/2025 12:00,countryclubdrive_to_I10interchange,NB,0.33,0.61,16.6
9/18/2025 13:00,countryclubdrive_to_I10interchange,NB,0.41,0.68,14.9
9/18/2025 14:00,countryclubdrive_to_I10interchange,NB,0.36,0.64,15.3
9/18/2025 15:00,countryclubdrive_to_I10interchange,NB,0.53,0.81,13.1
9/18/2025 16:00,countryclubdrive_to_I10interchange,NB,0.44,0.71,14
9/18/2025 17:00,countryclubdrive_to_I10interchange,NB,0.4,0.68,14.8
9/18/2025 18:00,countryclubdrive_to_I10interchange,NB,0.26,0.54,18.6
9/18/2025 19:00,countryclubdrive_to_I10interchange,NB,0.23,0.5,22.3
9/18/2025 20:00,countryclubdrive_to_I10interchange,NB,0.26,0.54,18.5
9/18/2025 21:00,countryclubdrive_to_I10interchange,NB,0.23,0.5,20.9
9/18/2025 22:00,countryclubdrive_to_I10interchange,NB,0.25,0.52,20.2
9/18/2025 23:00,countryclubdrive_to_I10interchange,NB,0.06,0.33,29.2
9/19/2025 0:00,countryclubdrive_to_I10interchange,NB,0.14,0.41,24
9/19/2025 1:00,countryclubdrive_to_I10interchange,NB,0.14,0.41,24.3
9/19/2025 2:00,countryclubdrive_to_I10interchange,NB,0.04,0.3,32.8
9/19/2025 3:00,countryclubdrive_to_I10interchange,NB,0.15,0.41,26.4
9/19/2025 4:00,countryclubdrive_to_I10interchange,NB,0.09,0.36,28.2
9/19/2025 5:00,countryclubdrive_to_I10interchange,NB,0.2,0.48,21.5
9/19/2025 6:00,countryclubdrive_to_I10interchange,NB,0.27,0.55,18.5
9/19/2025 7:00,countryclubdrive_to_I10interchange,NB,0.35,0.63,15.9
9/19/2025 8:00,countryclubdrive_to_I10interchange,NB,0.44,0.72,14.1
9/19/2025 9:00,countryclubdrive_to_I10interchange,NB,0.4,0.68,15.3
9/19/2025 10:00,countryclubdrive_to_I10interchange,NB,0.41,0.68,15.6
9/19/2025 11:00,countryclubdrive_to_I10interchange,NB,0.38,0.66,15.6
9/19/2025 12:00,countryclubdrive_to_I10interchange,NB,0.5,0.77,12.9
9/19/2025 13:00,countryclubdrive_to_I10interchange,NB,0.49,0.76,13.2
9/19/2025 14:00,countryclubdrive_to_I10interchange,NB,0.56,0.83,12.3
9/19/2025 15:00,countryclubdrive_to_I10interchange,NB,0.51,0.79,12.6
9/19/2025 16:00,countryclubdrive_to_I10interchange,NB,0.38,0.65,15.2
9/19/2025 17:00,countryclubdrive_to_I10interchange,NB,0.42,0.7,14.4
9/19/2025 18:00,countryclubdrive_to_I10interchange,NB,0.28,0.56,17.8
9/19/2025 19:00,countryclubdrive_to_I10interchange,NB,0.32,0.6,17.1
9/19/2025 20:00,countryclubdrive_to_I10interchange,NB,0.34,0.62,17
9/19/2025 21:00,countryclubdrive_to_I10interchange,NB,0.24,0.51,20.1
9/19/2025 22:00,countryclubdrive_to_I10interchange,NB,0.23,0.5,20.4
9/19/2025 23:00,countryclubdrive_to_I10interchange,NB,0.26,0.53,19.5
9/20/2025 0:00,countryclubdrive_to_I10interchange,NB,0.09,0.36,28.3
9/20/2025 1:00,countryclubdrive_to_I10interchange,NB,0.06,0.33,29.3
9/20/2025 2:00,countryclubdrive_to_I10interchange,NB,0.06,0.33,30.1
9/20/2025 3:00,countryclubdrive_to_I10interchange,NB,0.1,0.38,26.3
9/20/2025 4:00,countryclubdrive_to_I10interchange,NB,0.03,0.29,34.2
9/20/2025 5:00,countryclubdrive_to_I10interchange,NB,0.09,0.36,27
9/20/2025 6:00,countryclubdrive_to_I10interchange,NB,0.22,0.5,22
9/20/2025 7:00,countryclubdrive_to_I10interchange,NB,0.17,0.45,23.5
9/20/2025 8:00,countryclubdrive_to_I10interchange,NB,0.26,0.53,19.7
9/20/2025 9:00,countryclubdrive_to_I10interchange,NB,0.28,0.55,19.4
9/20/2025 10:00,countryclubdrive_to_I10interchange,NB,0.29,0.56,17.8
9/20/2025 11:00,countryclubdrive_to_I10interchange,NB,0.43,0.71,13.8
9/20/2025 12:00,countryclubdrive_to_I10interchange,NB,0.31,0.59,17.6
9/20/2025 13:00,countryclubdrive_to_I10interchange,NB,0.33,0.61,16.5
9/20/2025 14:00,countryclubdrive_to_I10interchange,NB,0.37,0.65,15.6
9/20/2025 15:00,countryclubdrive_to_I10interchange,NB,0.28,0.56,17.9
9/20/2025 16:00,countryclubdrive_to_I10interchange,NB,0.29,0.56,18.2
9/20/2025 17:00,countryclubdrive_to_I10interchange,NB,0.3,0.57,17.7
9/20/2025 18:00,countryclubdrive_to_I10interchange,NB,0.18,0.46,22.3
9/20/2025 19:00,countryclubdrive_to_I10interchange,NB,0.26,0.54,20
9/20/2025 20:00,countryclubdrive_to_I10interchange,NB,0.29,0.56,17.8
9/20/2025 21:00,countryclubdrive_to_I10interchange,NB,0.35,0.62,17.6
9/20/2025 22:00,countryclubdrive_to_I10interchange,NB,0.12,0.39,26.6
9/20/2025 23:00,countryclubdrive_to_I10interchange,NB,0.13,0.41,23.9
9/21/2025 0:00,countryclubdrive_to_I10interchange,NB,0.15,0.42,23.7
9/21/2025 1:00,countryclubdrive_to_I10interchange,NB,0.05,0.32,30.7
9/21/2025 2:00,countryclubdrive_to_I10interchange,NB,0.11,0.38,27.9
9/21/2025 3:00,countryclubdrive_to_I10interchange,NB,0.02,0.28,34.5
9/21/2025 4:00,countryclubdrive_to_I10interchange,NB,0.01,0.26,37.3
9/21/2025 5:00,countryclubdrive_to_I10interchange,NB,0.1,0.38,26.3
9/21/2025 6:00,countryclubdrive_to_I10interchange,NB,0.2,0.47,21.7
9/21/2025 7:00,countryclubdrive_to_I10interchange,NB,0.18,0.45,22.6
9/21/2025 8:00,countryclubdrive_to_I10interchange,NB,0.29,0.56,20
9/21/2025 9:00,countryclubdrive_to_I10interchange,NB,0.19,0.46,21.1
9/21/2025 10:00,countryclubdrive_to_I10interchange,NB,0.22,0.49,20.7
9/21/2025 11:00,countryclubdrive_to_I10interchange,NB,0.41,0.68,15.4
9/21/2025 12:00,countryclubdrive_to_I10interchange,NB,0.29,0.57,17.4
9/21/2025 13:00,countryclubdrive_to_I10interchange,NB,0.38,0.66,16.4
9/21/2025 14:00,countryclubdrive_to_I10interchange,NB,0.21,0.49,20.3
9/21/2025 15:00,countryclubdrive_to_I10interchange,NB,0.25,0.53,18.8
9/21/2025 16:00,countryclubdrive_to_I10interchange,NB,0.24,0.52,19.3
9/21/2025 17:00,countryclubdrive_to_I10interchange,NB,0.29,0.57,17.6
9/21/2025 18:00,countryclubdrive_to_I10interchange,NB,0.24,0.51,19.5
9/21/2025 19:00,countryclubdrive_to_I10interchange,NB,0.18,0.45,22
9/21/2025 20:00,countryclubdrive_to_I10interchange,NB,0.23,0.51,20
9/21/2025 21:00,countryclubdrive_to_I10interchange,NB,0.22,0.49,21.3
9/21/2025 22:00,countryclubdrive_to_I10interchange,NB,0.13,0.41,24.2
9/21/2025 23:00,countryclubdrive_to_I10interchange,NB,0.14,0.41,24.5
9/22/2025 0:00,countryclubdrive_to_I10interchange,NB,0.02,0.28,34.7
9/22/2025 1:00,countryclubdrive_to_I10interchange,NB,0.09,0.34,32.4
9/22/2025 2:00,countryclubdrive_to_I10interchange,NB,0.05,0.3,34.3
9/22/2025 3:00,countryclubdrive_to_I10interchange,NB,0.01,0.26,37.9
9/22/2025 4:00,countryclubdrive_to_I10interchange,NB,0.01,0.26,38.5
9/22/2025 5:00,countryclubdrive_to_I10interchange,NB,0.08,0.35,29.2
9/22/2025 6:00,countryclubdrive_to_I10interchange,NB,0.26,0.53,20.8
9/22/2025 7:00,countryclubdrive_to_I10interchange,NB,0.43,0.7,14.6
9/22/2025 8:00,countryclubdrive_to_I10interchange,NB,0.37,0.65,15.7
9/22/2025 9:00,countryclubdrive_to_I10interchange,NB,0.37,0.65,16.2
9/22/2025 10:00,countryclubdrive_to_I10interchange,NB,0.4,0.68,15.2
9/22/2025 11:00,countryclubdrive_to_I10interchange,NB,0.59,0.86,12.1
9/22/2025 12:00,countryclubdrive_to_I10interchange,NB,0.79,1.07,9.6
9/22/2025 13:00,countryclubdrive_to_I10interchange,NB,0.37,0.65,15.6
9/22/2025 14:00,countryclubdrive_to_I10interchange,NB,0.44,0.72,14
9/22/2025 15:00,countryclubdrive_to_I10interchange,NB,0.44,0.71,14.2
9/22/2025 16:00,countryclubdrive_to_I10interchange,NB,0.4,0.67,14.8
9/22/2025 17:00,countryclubdrive_to_I10interchange,NB,0.38,0.65,15.1
9/22/2025 18:00,countryclubdrive_to_I10interchange,NB,0.25,0.53,19.2
9/22/2025 19:00,countryclubdrive_to_I10interchange,NB,0.26,0.54,18.8
9/22/2025 20:00,countryclubdrive_to_I10interchange,NB,0.18,0.46,22
9/22/2025 21:00,countryclubdrive_to_I10interchange,NB,0.23,0.51,20.1
9/22/2025 22:00,countryclubdrive_to_I10interchange,NB,0.11,0.38,25.5
9/22/2025 23:00,countryclubdrive_to_I10interchange,NB,0.16,0.43,23.1
9/23/2025 0:00,countryclubdrive_to_I10interchange,NB,0.03,0.3,33.2
9/23/2025 1:00,countryclubdrive_to_I10interchange,NB,0.03,0.3,32.6
9/23/2025 2:00,countryclubdrive_to_I10interchange,NB,0.02,0.28,34.6
9/23/2025 3:00,countryclubdrive_to_I10interchange,NB,0.02,0.29,33.5
9/23/2025 4:00,countryclubdrive_to_I10interchange,NB,0.04,0.3,34.4
9/23/2025 5:00,countryclubdrive_to_I10interchange,NB,0.18,0.45,23
9/23/2025 6:00,countryclubdrive_to_I10interchange,NB,0.35,0.62,15.9
9/23/2025 7:00,countryclubdrive_to_I10interchange,NB,0.42,0.69,14.5
9/23/2025 8:00,countryclubdrive_to_I10interchange,NB,0.45,0.72,14.3
9/23/2025 9:00,countryclubdrive_to_I10interchange,NB,0.36,0.64,16.5
9/23/2025 10:00,countryclubdrive_to_I10interchange,NB,0.38,0.66,15.1
9/23/2025 11:00,countryclubdrive_to_I10interchange,NB,0.35,0.62,16.1
9/23/2025 12:00,countryclubdrive_to_I10interchange,NB,0.37,0.65,16
9/23/2025 13:00,countryclubdrive_to_I10interchange,NB,0.4,0.67,15.1
9/23/2025 14:00,countryclubdrive_to_I10interchange,NB,0.45,0.73,14.4
9/23/2025 15:00,countryclubdrive_to_I10interchange,NB,0.52,0.79,12.9
9/23/2025 16:00,countryclubdrive_to_I10interchange,NB,0.43,0.71,14
9/23/2025 17:00,countryclubdrive_to_I10interchange,NB,0.45,0.72,14.2
9/23/2025 18:00,countryclubdrive_to_I10interchange,NB,0.27,0.54,19.8
9/23/2025 19:00,countryclubdrive_to_I10interchange,NB,0.17,0.45,23.1
9/23/2025 20:00,countryclubdrive_to_I10interchange,NB,0.27,0.54,19.6
9/23/2025 21:00,countryclubdrive_to_I10interchange,NB,0.2,0.47,21.4
9/23/2025 22:00,countryclubdrive_to_I10interchange,NB,0.14,0.42,23.8
9/23/2025 23:00,countryclubdrive_to_I10interchange,NB,0.15,0.43,23.1
9/24/2025 0:00,countryclubdrive_to_I10interchange,NB,0.08,0.34,29
9/24/2025 1:00,countryclubdrive_to_I10interchange,NB,0.05,0.31,31.4
9/24/2025 2:00,countryclubdrive_to_I10interchange,NB,0.02,0.28,34.4
9/24/2025 3:00,countryclubdrive_to_I10interchange,NB,0.01,0.26,38.4
9/24/2025 4:00,countryclubdrive_to_I10interchange,NB,0.09,0.35,30
9/24/2025 5:00,countryclubdrive_to_I10interchange,NB,0.19,0.46,21.9
9/24/2025 6:00,countryclubdrive_to_I10interchange,NB,0.28,0.56,17.9
9/24/2025 7:00,countryclubdrive_to_I10interchange,NB,0.35,0.62,16.6
9/24/2025 8:00,countryclubdrive_to_I10interchange,NB,0.47,0.75,13.3
9/24/2025 9:00,countryclubdrive_to_I10interchange,NB,0.35,0.63,15.8
9/24/2025 10:00,countryclubdrive_to_I10interchange,NB,0.47,0.75,13.7
9/24/2025 11:00,countryclubdrive_to_I10interchange,NB,0.39,0.67,14.9
9/24/2025 12:00,countryclubdrive_to_I10interchange,NB,0.4,0.67,14.9
9/24/2025 13:00,countryclubdrive_to_I10interchange,NB,0.56,0.84,11.8
9/24/2025 14:00,countryclubdrive_to_I10interchange,NB,0.39,0.67,14.9
9/24/2025 15:00,countryclubdrive_to_I10interchange,NB,0.45,0.73,13.9
9/24/2025 16:00,countryclubdrive_to_I10interchange,NB,0.39,0.66,15
9/24/2025 17:00,countryclubdrive_to_I10interchange,NB,0.42,0.7,14.8
9/24/2025 18:00,countryclubdrive_to_I10interchange,NB,0.39,0.67,17.7
9/24/2025 19:00,countryclubdrive_to_I10interchange,NB,0.31,0.58,19.1
9/24/2025 20:00,countryclubdrive_to_I10interchange,NB,0.23,0.5,20.7
9/24/2025 21:00,countryclubdrive_to_I10interchange,NB,0.25,0.53,19.9
9/24/2025 22:00,countryclubdrive_to_I10interchange,NB,0.12,0.4,24.9
9/24/2025 23:00,countryclubdrive_to_I10interchange,NB,0.08,0.35,27.8
9/25/2025 0:00,countryclubdrive_to_I10interchange,NB,0.08,0.36,27.9
9/25/2025 1:00,countryclubdrive_to_I10interchange,NB,0.05,0.33,29.4
9/25/2025 2:00,countryclubdrive_to_I10interchange,NB,0.03,0.29,34.2
9/25/2025 3:00,countryclubdrive_to_I10interchange,NB,0.06,0.32,31.6
9/25/2025 4:00,countryclubdrive_to_I10interchange,NB,0.07,0.33,29.5
9/25/2025 5:00,countryclubdrive_to_I10interchange,NB,0.15,0.42,23.5
9/25/2025 6:00,countryclubdrive_to_I10interchange,NB,0.25,0.53,19.7
9/25/2025 7:00,countryclubdrive_to_I10interchange,NB,0.47,0.74,13.8
9/25/2025 8:00,countryclubdrive_to_I10interchange,NB,0.55,0.83,12.1
9/25/2025 9:00,countryclubdrive_to_I10interchange,NB,0.36,0.63,16.5
9/25/2025 10:00,countryclubdrive_to_I10interchange,NB,0.46,0.73,13.8
9/25/2025 11:00,countryclubdrive_to_I10interchange,NB,0.39,0.67,15.2
9/25/2025 12:00,countryclubdrive_to_I10interchange,NB,0.4,0.67,14.9
9/25/2025 13:00,countryclubdrive_to_I10interchange,NB,0.4,0.68,15.2
9/25/2025 14:00,countryclubdrive_to_I10interchange,NB,0.42,0.69,14.6
9/25/2025 15:00,countryclubdrive_to_I10interchange,NB,0.47,0.74,13.4
9/25/2025 16:00,countryclubdrive_to_I10interchange,NB,0.48,0.75,13.2
9/25/2025 17:00,countryclubdrive_to_I10interchange,NB,0.42,0.7,14.7
9/25/2025 18:00,countryclubdrive_to_I10interchange,NB,0.3,0.58,17.5
9/25/2025 19:00,countryclubdrive_to_I10interchange,NB,0.45,0.73,14.4
9/25/2025 20:00,countryclubdrive_to_I10interchange,NB,0.2,0.48,21.2
9/25/2025 21:00,countryclubdrive_to_I10interchange,NB,0.22,0.49,19.9
9/25/2025 22:00,countryclubdrive_to_I10interchange,NB,0.25,0.53,19
9/25/2025 23:00,countryclubdrive_to_I10interchange,NB,0.17,0.45,23.6
9/26/2025 0:00,countryclubdrive_to_I10interchange,NB,0.07,0.34,29.5
9/26/2025 1:00,countryclubdrive_to_I10interchange,NB,0.06,0.33,29.5
9/26/2025 2:00,countryclubdrive_to_I10interchange,NB,0.02,0.29,34.5
9/26/2025 3:00,countryclubdrive_to_I10interchange,NB,0.08,0.32,34.2
9/26/2025 4:00,countryclubdrive_to_I10interchange,NB,0.08,0.34,30.6
9/26/2025 5:00,countryclubdrive_to_I10interchange,NB,0.25,0.53,19.1
9/26/2025 6:00,countryclubdrive_to_I10interchange,NB,0.33,0.6,16.3
9/26/2025 7:00,countryclubdrive_to_I10interchange,NB,0.4,0.67,15.5
9/26/2025 8:00,countryclubdrive_to_I10interchange,NB,0.51,0.78,12.8
9/26/2025 9:00,countryclubdrive_to_I10interchange,NB,0.4,0.67,14.7
9/26/2025 10:00,countryclubdrive_to_I10interchange,NB,0.37,0.64,15.9
9/26/2025 11:00,countryclubdrive_to_I10interchange,NB,0.49,0.76,13
9/26/2025 12:00,countryclubdrive_to_I10interchange,NB,0.46,0.74,13.4
9/26/2025 13:00,countryclubdrive_to_I10interchange,NB,0.43,0.71,14.1
9/26/2025 14:00,countryclubdrive_to_I10interchange,NB,0.52,0.8,12.4
9/26/2025 15:00,countryclubdrive_to_I10interchange,NB,0.51,0.78,13
9/26/2025 16:00,countryclubdrive_to_I10interchange,NB,0.45,0.72,13.7
9/26/2025 17:00,countryclubdrive_to_I10interchange,NB,0.38,0.65,15.2
9/26/2025 18:00,countryclubdrive_to_I10interchange,NB,0.32,0.59,17.3
9/26/2025 19:00,countryclubdrive_to_I10interchange,NB,0.28,0.55,18.7
9/26/2025 20:00,countryclubdrive_to_I10interchange,NB,0.23,0.51,19.7
9/26/2025 21:00,countryclubdrive_to_I10interchange,NB,0.28,0.55,18.2
9/26/2025 22:00,countryclubdrive_to_I10interchange,NB,0.26,0.53,19.1
9/26/2025 23:00,countryclubdrive_to_I10interchange,NB,0.16,0.43,22.9
9/27/2025 0:00,countryclubdrive_to_I10interchange,NB,0.15,0.43,23.8
9/27/2025 1:00,countryclubdrive_to_I10interchange,NB,0.16,0.43,23.1
9/27/2025 2:00,countryclubdrive_to_I10interchange,NB,0.06,0.32,32.1
9/27/2025 3:00,countryclubdrive_to_I10interchange,NB,0.02,0.26,37.2
9/27/2025 4:00,countryclubdrive_to_I10interchange,NB,0.06,0.33,31.1
9/27/2025 5:00,countryclubdrive_to_I10interchange,NB,0.07,0.35,28.7
9/27/2025 6:00,countryclubdrive_to_I10interchange,NB,0.2,0.48,20.9
9/27/2025 7:00,countryclubdrive_to_I10interchange,NB,0.24,0.52,20.1
9/27/2025 8:00,countryclubdrive_to_I10interchange,NB,0.33,0.6,17.1
9/27/2025 9:00,countryclubdrive_to_I10interchange,NB,0.34,0.62,16
9/27/2025 10:00,countryclubdrive_to_I10interchange,NB,0.26,0.54,18.7
9/27/2025 11:00,countryclubdrive_to_I10interchange,NB,0.29,0.56,17.7
9/27/2025 12:00,countryclubdrive_to_I10interchange,NB,0.37,0.65,15.5
9/27/2025 13:00,countryclubdrive_to_I10interchange,NB,0.37,0.65,15.5
9/27/2025 14:00,countryclubdrive_to_I10interchange,NB,0.38,0.65,15.6
9/27/2025 15:00,countryclubdrive_to_I10interchange,NB,0.39,0.67,15.2
9/27/2025 16:00,countryclubdrive_to_I10interchange,NB,0.35,0.63,16.3
9/27/2025 17:00,countryclubdrive_to_I10interchange,NB,0.35,0.63,16
9/27/2025 18:00,countryclubdrive_to_I10interchange,NB,0.27,0.54,18.7
9/27/2025 19:00,countryclubdrive_to_I10interchange,NB,0.34,0.61,17
9/27/2025 20:00,countryclubdrive_to_I10interchange,NB,0.2,0.47,21
9/27/2025 21:00,countryclubdrive_to_I10interchange,NB,0.21,0.48,21.4
9/27/2025 22:00,countryclubdrive_to_I10interchange,NB,0.2,0.48,21.4
9/27/2025 23:00,countryclubdrive_to_I10interchange,NB,0.18,0.46,22.8
9/28/2025 0:00,countryclubdrive_to_I10interchange,NB,0.07,0.34,28.6
9/28/2025 1:00,countryclubdrive_to_I10interchange,NB,0.02,0.28,35.9
9/28/2025 2:00,countryclubdrive_to_I10interchange,NB,0.06,0.31,33.4
9/28/2025 3:00,countryclubdrive_to_I10interchange,NB,0.01,0.26,37.2
9/28/2025 4:00,countryclubdrive_to_I10interchange,NB,0.06,0.33,31.3
9/28/2025 5:00,countryclubdrive_to_I10interchange,NB,0.06,0.32,32.8
9/28/2025 6:00,countryclubdrive_to_I10interchange,NB,0.09,0.36,28.1
9/28/2025 7:00,countryclubdrive_to_I10interchange,NB,0.28,0.55,18.9
9/28/2025 8:00,countryclubdrive_to_I10interchange,NB,0.26,0.53,19.6
9/28/2025 9:00,countryclubdrive_to_I10interchange,NB,0.22,0.5,20.5
9/28/2025 10:00,countryclubdrive_to_I10interchange,NB,0.38,0.65,15.8
9/28/2025 11:00,countryclubdrive_to_I10interchange,NB,0.34,0.62,16.1
9/28/2025 12:00,countryclubdrive_to_I10interchange,NB,0.25,0.52,19.4
9/28/2025 13:00,countryclubdrive_to_I10interchange,NB,0.32,0.59,16.9
9/28/2025 14:00,countryclubdrive_to_I10interchange,NB,0.33,0.61,17.6
9/28/2025 15:00,countryclubdrive_to_I10interchange,NB,0.26,0.53,19
9/28/2025 16:00,countryclubdrive_to_I10interchange,NB,0.29,0.57,18.2
9/28/2025 17:00,countryclubdrive_to_I10interchange,NB,0.46,0.74,14
9/28/2025 18:00,countryclubdrive_to_I10interchange,NB,0.26,0.54,19.3
9/28/2025 19:00,countryclubdrive_to_I10interchange,NB,0.21,0.48,21.9
9/28/2025 20:00,countryclubdrive_to_I10interchange,NB,0.22,0.49,20.5
9/28/2025 21:00,countryclubdrive_to_I10interchange,NB,0.29,0.57,21.9
9/28/2025 22:00,countryclubdrive_to_I10interchange,NB,0.15,0.43,23.7
9/28/2025 23:00,countryclubdrive_to_I10interchange,NB,0.07,0.34,29
9/29/2025 0:00,countryclubdrive_to_I10interchange,NB,0.09,0.34,30.2
9/29/2025 1:00,countryclubdrive_to_I10interchange,NB,0.1,0.36,27.5
9/29/2025 2:00,countryclubdrive_to_I10interchange,NB,0.03,0.27,37.7
9/29/2025 3:00,countryclubdrive_to_I10interchange,NB,0.01,0.27,37.4
9/29/2025 4:00,countryclubdrive_to_I10interchange,NB,0.09,0.37,27.3
9/29/2025 5:00,countryclubdrive_to_I10interchange,NB,0.17,0.44,23
9/29/2025 6:00,countryclubdrive_to_I10interchange,NB,0.33,0.6,17.4
9/29/2025 7:00,countryclubdrive_to_I10interchange,NB,0.34,0.62,16.7
9/29/2025 8:00,countryclubdrive_to_I10interchange,NB,0.47,0.75,14.1
9/29/2025 9:00,countryclubdrive_to_I10interchange,NB,0.37,0.65,15.1
9/29/2025 10:00,countryclubdrive_to_I10interchange,NB,0.4,0.67,15
9/29/2025 11:00,countryclubdrive_to_I10interchange,NB,0.36,0.63,16
9/29/2025 12:00,countryclubdrive_to_I10interchange,NB,0.39,0.67,15.2
9/29/2025 13:00,countryclubdrive_to_I10interchange,NB,0.47,0.75,13.5
9/29/2025 14:00,countryclubdrive_to_I10interchange,NB,0.42,0.7,14.3
9/29/2025 15:00,countryclubdrive_to_I10interchange,NB,0.48,0.75,13.3
9/29/2025 16:00,countryclubdrive_to_I10interchange,NB,0.48,0.75,13.1
9/29/2025 17:00,countryclubdrive_to_I10interchange,NB,0.46,0.73,13.7
9/29/2025 18:00,countryclubdrive_to_I10interchange,NB,0.34,0.62,16.3
9/29/2025 19:00,countryclubdrive_to_I10interchange,NB,0.25,0.52,20.3
9/29/2025 20:00,countryclubdrive_to_I10interchange,NB,0.28,0.55,18.3
9/29/2025 21:00,countryclubdrive_to_I10interchange,NB,0.18,0.45,21.7
9/29/2025 22:00,countryclubdrive_to_I10interchange,NB,0.12,0.4,25.1
9/29/2025 23:00,countryclubdrive_to_I10interchange,NB,0.17,0.45,22.6
9/30/2025 0:00,countryclubdrive_to_I10interchange,NB,0.24,0.51,20.9
9/30/2025 1:00,countryclubdrive_to_I10interchange,NB,0.08,0.35,28.2
9/30/2025 2:00,countryclubdrive_to_I10interchange,NB,0.03,0.31,31.9
9/30/2025 3:00,countryclubdrive_to_I10interchange,NB,0.04,0.3,32.9
9/30/2025 4:00,countryclubdrive_to_I10interchange,NB,0.16,0.44,23.8
9/30/2025 5:00,countryclubdrive_to_I10interchange,NB,0.24,0.51,19.1
9/30/2025 6:00,countryclubdrive_to_I10interchange,NB,0.26,0.54,18.5
9/30/2025 7:00,countryclubdrive_to_I10interchange,NB,0.42,0.69,14.5
9/30/2025 8:00,countryclubdrive_to_I10interchange,NB,0.52,0.8,12.4
9/30/2025 9:00,countryclubdrive_to_I10interchange,NB,0.4,0.67,14.8
9/30/2025 10:00,countryclubdrive_to_I10interchange,NB,0.46,0.73,13.6
9/30/2025 11:00,countryclubdrive_to_I10interchange,NB,0.45,0.73,14.1
9/30/2025 12:00,countryclubdrive_to_I10interchange,NB,0.42,0.7,14.6
9/30/2025 13:00,countryclubdrive_to_I10interchange,NB,0.46,0.73,13.4
9/30/2025 14:00,countryclubdrive_to_I10interchange,NB,0.51,0.79,12.9
9/30/2025 15:00,countryclubdrive_to_I10interchange,NB,0.46,0.73,13.4
9/30/2025 16:00,countryclubdrive_to_I10interchange,NB,0.43,0.71,14
9/30/2025 17:00,countryclubdrive_to_I10interchange,NB,0.38,0.66,15.1
9/30/2025 18:00,countryclubdrive_to_I10interchange,NB,0.26,0.54,18.5
9/30/2025 19:00,countryclubdrive_to_I10interchange,NB,0.27,0.54,19.3
9/30/2025 20:00,countryclubdrive_to_I10interchange,NB,0.29,0.57,17.6
9/30/2025 21:00,countryclubdrive_to_I10interchange,NB,0.2,0.47,21
9/30/2025 22:00,countryclubdrive_to_I10interchange,NB,0.14,0.42,23.7
9/30/2025 23:00,countryclubdrive_to_I10interchange,NB,0.05,0.33,29.9
10/1/2025 0:00,countryclubdrive_to_I10interchange,NB,0.03,0.3,32.1
10/1/2025 1:00,countryclubdrive_to_I10interchange,NB,0.15,0.42,25.3
10/1/2025 2:00,countryclubdrive_to_I10interchange,NB,0.02,0.28,34.6
10/1/2025 3:00,countryclubdrive_to_I10interchange,NB,0.06,0.33,29.7
10/1/2025 4:00,countryclubdrive_to_I10interchange,NB,0.04,0.31,31.9
10/1/2025 5:00,countryclubdrive_to_I10interchange,NB,0.13,0.41,24.5
10/1/2025 6:00,countryclubdrive_to_I10interchange,NB,0.37,0.65,18.7
10/1/2025 7:00,countryclubdrive_to_I10interchange,NB,0.52,0.79,12.7
10/1/2025 8:00,countryclubdrive_to_I10interchange,NB,0.49,0.76,13.7
10/1/2025 9:00,countryclubdrive_to_I10interchange,NB,0.35,0.63,16
10/1/2025 10:00,countryclubdrive_to_I10interchange,NB,0.42,0.69,14.6
10/1/2025 11:00,countryclubdrive_to_I10interchange,NB,0.34,0.61,16.6
10/1/2025 12:00,countryclubdrive_to_I10interchange,NB,0.48,0.76,13.2
10/1/2025 13:00,countryclubdrive_to_I10interchange,NB,0.54,0.81,12.8
10/1/2025 14:00,countryclubdrive_to_I10interchange,NB,0.43,0.7,14.3
10/1/2025 15:00,countryclubdrive_to_I10interchange,NB,0.44,0.72,13.9
10/1/2025 16:00,countryclubdrive_to_I10interchange,NB,0.44,0.71,14
10/1/2025 17:00,countryclubdrive_to_I10interchange,NB,0.41,0.68,14.6
10/1/2025 18:00,countryclubdrive_to_I10interchange,NB,0.3,0.57,17.5
10/1/2025 19:00,countryclubdrive_to_I10interchange,NB,0.37,0.65,16.5
10/1/2025 20:00,countryclubdrive_to_I10interchange,NB,0.22,0.5,19.7
10/1/2025 21:00,countryclubdrive_to_I10interchange,NB,0.24,0.51,22.9
10/1/2025 22:00,countryclubdrive_to_I10interchange,NB,0.17,0.44,22.5
10/1/2025 23:00,countryclubdrive_to_I10interchange,NB,0.15,0.43,23.2
10/2/2025 0:00,countryclubdrive_to_I10interchange,NB,0.14,0.41,23.8
10/2/2025 1:00,countryclubdrive_to_I10interchange,NB,0.1,0.37,26.1
10/2/2025 2:00,countryclubdrive_to_I10interchange,NB,0.01,0.26,37
10/2/2025 3:00,countryclubdrive_to_I10interchange,NB,0.04,0.31,31.6
10/2/2025 4:00,countryclubdrive_to_I10interchange,NB,0.04,0.32,30.8
10/2/2025 5:00,countryclubdrive_to_I10interchange,NB,0.19,0.46,22
10/2/2025 6:00,countryclubdrive_to_I10interchange,NB,0.34,0.61,18.1
10/2/2025 7:00,countryclubdrive_to_I10interchange,NB,0.48,0.76,13.1
10/2/2025 8:00,countryclubdrive_to_I10interchange,NB,0.48,0.76,13.8
10/2/2025 9:00,countryclubdrive_to_I10interchange,NB,0.43,0.7,14.5
10/2/2025 10:00,countryclubdrive_to_I10interchange,NB,0.27,0.54,18.8
10/2/2025 11:00,countryclubdrive_to_I10interchange,NB,0.41,0.68,15.1
10/2/2025 12:00,countryclubdrive_to_I10interchange,NB,0.39,0.67,14.9
10/2/2025 13:00,countryclubdrive_to_I10interchange,NB,0.47,0.74,13.7
10/2/2025 14:00,countryclubdrive_to_I10interchange,NB,0.4,0.68,14.8
10/2/2025 15:00,countryclubdrive_to_I10interchange,NB,0.48,0.75,13.2
10/2/2025 16:00,countryclubdrive_to_I10interchange,NB,0.43,0.7,14.3
10/2/2025 17:00,countryclubdrive_to_I10interchange,NB,0.45,0.72,13.5
10/2/2025 18:00,countryclubdrive_to_I10interchange,NB,0.31,0.59,17.3
10/2/2025 19:00,countryclubdrive_to_I10interchange,NB,0.2,0.47,21.6
10/2/2025 20:00,countryclubdrive_to_I10interchange,NB,0.31,0.59,17.2
10/2/2025 21:00,countryclubdrive_to_I10interchange,NB,0.29,0.57,17.6
10/2/2025 22:00,countryclubdrive_to_I10interchange,NB,0.18,0.45,22.1
10/2/2025 23:00,countryclubdrive_to_I10interchange,NB,0.15,0.42,23.8
10/3/2025 0:00,countryclubdrive_to_I10interchange,NB,0.17,0.45,23.1
10/3/2025 1:00,countryclubdrive_to_I10interchange,NB,0.06,0.34,29.1
10/3/2025 2:00,countryclubdrive_to_I10interchange,NB,0.06,0.31,34.3
10/3/2025 3:00,countryclubdrive_to_I10interchange,NB,0.04,0.3,33.4
10/3/2025 4:00,countryclubdrive_to_I10interchange,NB,0.05,0.32,30.9
10/3/2025 5:00,countryclubdrive_to_I10interchange,NB,0.1,0.38,26.5
10/3/2025 6:00,countryclubdrive_to_I10interchange,NB,0.35,0.63,18
10/3/2025 7:00,countryclubdrive_to_I10interchange,NB,0.39,0.67,15.2
10/3/2025 8:00,countryclubdrive_to_I10interchange,NB,0.47,0.75,13.5
10/3/2025 9:00,countryclubdrive_to_I10interchange,NB,0.59,0.86,12.1
10/3/2025 10:00,countryclubdrive_to_I10interchange,NB,0.44,0.71,13.9
10/3/2025 11:00,countryclubdrive_to_I10interchange,NB,0.55,0.82,12.6
10/3/2025 12:00,countryclubdrive_to_I10interchange,NB,0.54,0.81,13.1
10/3/2025 13:00,countryclubdrive_to_I10interchange,NB,0.43,0.7,14.2
10/3/2025 14:00,countryclubdrive_to_I10interchange,NB,0.47,0.74,13.5
10/3/2025 15:00,countryclubdrive_to_I10interchange,NB,0.53,0.81,12.2
10/3/2025 16:00,countryclubdrive_to_I10interchange,NB,0.51,0.78,12.7
10/3/2025 17:00,countryclubdrive_to_I10interchange,NB,0.46,0.73,14.2
10/3/2025 18:00,countryclubdrive_to_I10interchange,NB,0.4,0.68,14.8
10/3/2025 19:00,countryclubdrive_to_I10interchange,NB,0.28,0.55,21.9
10/3/2025 20:00,countryclubdrive_to_I10interchange,NB,0.29,0.56,20.1
10/3/2025 21:00,countryclubdrive_to_I10interchange,NB,0.32,0.59,16.8
10/3/2025 22:00,countryclubdrive_to_I10interchange,NB,0.31,0.58,18.4
10/3/2025 23:00,countryclubdrive_to_I10interchange,NB,0.18,0.45,22.2
10/4/2025 0:00,countryclubdrive_to_I10interchange,NB,0.13,0.4,24.7
10/4/2025 1:00,countryclubdrive_to_I10interchange,NB,0.03,0.29,34.3
10/4/2025 2:00,countryclubdrive_to_I10interchange,NB,0.03,0.28,35.9
10/4/2025 3:00,countryclubdrive_to_I10interchange,NB,0.09,0.35,28
10/4/2025 4:00,countryclubdrive_to_I10interchange,NB,0.04,0.31,31.7
10/4/2025 5:00,countryclubdrive_to_I10interchange,NB,0.05,0.31,32.2
10/4/2025 6:00,countryclubdrive_to_I10interchange,NB,0.25,0.52,19.5
10/4/2025 7:00,countryclubdrive_to_I10interchange,NB,0.3,0.57,17.5
10/4/2025 8:00,countryclubdrive_to_I10interchange,NB,0.31,0.58,17.9
10/4/2025 9:00,countryclubdrive_to_I10interchange,NB,0.37,0.65,15.4
10/4/2025 10:00,countryclubdrive_to_I10interchange,NB,0.33,0.6,16.7
10/4/2025 11:00,countryclubdrive_to_I10interchange,NB,0.39,0.66,15.1
10/4/2025 12:00,countryclubdrive_to_I10interchange,NB,0.34,0.62,16.2
10/4/2025 13:00,countryclubdrive_to_I10interchange,NB,0.41,0.68,15
10/4/2025 14:00,countryclubdrive_to_I10interchange,NB,0.28,0.56,18.8
10/4/2025 15:00,countryclubdrive_to_I10interchange,NB,0.42,0.7,14.7
10/4/2025 16:00,countryclubdrive_to_I10interchange,NB,0.36,0.64,16.1
10/4/2025 17:00,countryclubdrive_to_I10interchange,NB,0.34,0.61,17
10/4/2025 18:00,countryclubdrive_to_I10interchange,NB,0.28,0.56,18
10/4/2025 19:00,countryclubdrive_to_I10interchange,NB,0.24,0.51,20.8
10/4/2025 20:00,countryclubdrive_to_I10interchange,NB,0.22,0.49,20.8
10/4/2025 21:00,countryclubdrive_to_I10interchange,NB,0.16,0.44,23.6
10/4/2025 22:00,countryclubdrive_to_I10interchange,NB,0.24,0.52,19.6
10/4/2025 23:00,countryclubdrive_to_I10interchange,NB,0.25,0.53,19.6
10/5/2025 0:00,countryclubdrive_to_I10interchange,NB,0.1,0.38,26.5
10/5/2025 1:00,countryclubdrive_to_I10interchange,NB,0.05,0.32,31.3
10/5/2025 2:00,countryclubdrive_to_I10interchange,NB,0.08,0.35,28
10/5/2025 3:00,countryclubdrive_to_I10interchange,NB,0.03,0.3,32.3
10/5/2025 4:00,countryclubdrive_to_I10interchange,NB,0.07,0.34,29
10/5/2025 5:00,countryclubdrive_to_I10interchange,NB,0.05,0.32,31.5
10/5/2025 6:00,countryclubdrive_to_I10interchange,NB,0.29,0.56,20.2
10/5/2025 7:00,countryclubdrive_to_I10interchange,NB,0.17,0.44,22.4
10/5/2025 8:00,countryclubdrive_to_I10interchange,NB,0.23,0.51,20
10/5/2025 9:00,countryclubdrive_to_I10interchange,NB,0.37,0.65,16.1
10/5/2025 10:00,countryclubdrive_to_I10interchange,NB,0.26,0.53,18.2
10/5/2025 11:00,countryclubdrive_to_I10interchange,NB,0.32,0.59,16.9
10/5/2025 12:00,countryclubdrive_to_I10interchange,NB,0.32,0.6,16.5
10/5/2025 13:00,countryclubdrive_to_I10interchange,NB,0.29,0.56,18.5
10/5/2025 14:00,countryclubdrive_to_I10interchange,NB,0.3,0.57,17.1
10/5/2025 15:00,countryclubdrive_to_I10interchange,NB,0.28,0.55,18.4
10/5/2025 16:00,countryclubdrive_to_I10interchange,NB,0.33,0.61,16.6
10/5/2025 17:00,countryclubdrive_to_I10interchange,NB,0.31,0.58,17.8
10/5/2025 18:00,countryclubdrive_to_I10interchange,NB,0.28,0.55,18.1
10/5/2025 19:00,countryclubdrive_to_I10interchange,NB,0.22,0.49,21
10/5/2025 20:00,countryclubdrive_to_I10interchange,NB,0.24,0.51,19.2
10/5/2025 21:00,countryclubdrive_to_I10interchange,NB,0.2,0.47,21.1
10/5/2025 22:00,countryclubdrive_to_I10interchange,NB,0.12,0.4,24.7
10/5/2025 23:00,countryclubdrive_to_I10interchange,NB,0.38,0.65,17
10/6/2025 0:00,countryclubdrive_to_I10interchange,NB,0.03,0.3,33.6
10/6/2025 1:00,countryclubdrive_to_I10interchange,NB,0.02,0.29,33.6
10/6/2025 2:00,countryclubdrive_to_I10interchange,NB,0.01,0.26,37.9
10/6/2025 3:00,countryclubdrive_to_I10interchange,NB,0.02,0.27,37.1
10/6/2025 4:00,countryclubdrive_to_I10interchange,NB,0.02,0.26,37.5
10/6/2025 5:00,countryclubdrive_to_I10interchange,NB,0.15,0.43,24.2
10/6/2025 6:00,countryclubdrive_to_I10interchange,NB,0.32,0.59,17.3
10/6/2025 7:00,countryclubdrive_to_I10interchange,NB,0.43,0.71,14.3
10/6/2025 8:00,countryclubdrive_to_I10interchange,NB,0.51,0.79,12.7
10/6/2025 9:00,countryclubdrive_to_I10interchange,NB,0.5,0.77,13.8
10/6/2025 10:00,countryclubdrive_to_I10interchange,NB,0.5,0.78,13.1
10/6/2025 11:00,countryclubdrive_to_I10interchange,NB,0.52,0.8,13.4
10/6/2025 12:00,countryclubdrive_to_I10interchange,NB,0.43,0.7,14.1
10/6/2025 13:00,countryclubdrive_to_I10interchange,NB,0.4,0.68,14.9
10/6/2025 14:00,countryclubdrive_to_I10interchange,NB,0.39,0.66,15
10/6/2025 15:00,countryclubdrive_to_I10interchange,NB,0.45,0.72,13.8
10/6/2025 16:00,countryclubdrive_to_I10interchange,NB,0.41,0.69,15
10/6/2025 17:00,countryclubdrive_to_I10interchange,NB,0.35,0.62,16.3
10/6/2025 18:00,countryclubdrive_to_I10interchange,NB,0.35,0.62,16.4
10/6/2025 19:00,countryclubdrive_to_I10interchange,NB,0.22,0.5,21.1
10/6/2025 20:00,countryclubdrive_to_I10interchange,NB,0.24,0.51,19.7
10/6/2025 21:00,countryclubdrive_to_I10interchange,NB,0.23,0.51,19.7
10/6/2025 22:00,countryclubdrive_to_I10interchange,NB,0.11,0.39,25.7
10/6/2025 23:00,countryclubdrive_to_I10interchange,NB,0.07,0.34,28.9
10/7/2025 0:00,countryclubdrive_to_I10interchange,NB,0.04,0.31,32
10/7/2025 1:00,countryclubdrive_to_I10interchange,NB,0.03,0.3,32.6
10/7/2025 2:00,countryclubdrive_to_I10interchange,NB,0.04,0.3,32.8
10/7/2025 3:00,countryclubdrive_to_I10interchange,NB,0.03,0.27,36.3
10/7/2025 4:00,countryclubdrive_to_I10interchange,NB,0.13,0.4,25.2
10/7/2025 5:00,countryclubdrive_to_I10interchange,NB,0.14,0.42,24.2
10/7/2025 6:00,countryclubdrive_to_I10interchange,NB,0.28,0.56,17.8
10/7/2025 7:00,countryclubdrive_to_I10interchange,NB,0.35,0.62,16.4
10/7/2025 8:00,countryclubdrive_to_I10interchange,NB,0.56,0.83,12.1
10/7/2025 9:00,countryclubdrive_to_I10interchange,NB,0.32,0.59,17.2
10/7/2025 10:00,countryclubdrive_to_I10interchange,NB,0.35,0.63,16
10/7/2025 11:00,countryclubdrive_to_I10interchange,NB,0.39,0.67,14.8
10/7/2025 12:00,countryclubdrive_to_I10interchange,NB,0.44,0.72,14.4
10/7/2025 13:00,countryclubdrive_to_I10interchange,NB,0.39,0.66,15.1
10/7/2025 14:00,countryclubdrive_to_I10interchange,NB,0.38,0.66,15.7
10/7/2025 15:00,countryclubdrive_to_I10interchange,NB,0.48,0.76,13.1
10/7/2025 16:00,countryclubdrive_to_I10interchange,NB,0.38,0.65,15.1
10/7/2025 17:00,countryclubdrive_to_I10interchange,NB,0.4,0.68,14.9
10/7/2025 18:00,countryclubdrive_to_I10interchange,NB,0.34,0.62,16.3
10/7/2025 19:00,countryclubdrive_to_I10interchange,NB,0.21,0.49,20.8
10/7/2025 20:00,countryclubdrive_to_I10interchange,NB,0.21,0.48,20.5
10/7/2025 21:00,countryclubdrive_to_I10interchange,NB,0.21,0.49,20.7
10/7/2025 22:00,countryclubdrive_to_I10interchange,NB,0.11,0.38,26.6
10/7/2025 23:00,countryclubdrive_to_I10interchange,NB,0.06,0.33,29.5
10/8/2025 0:00,countryclubdrive_to_I10interchange,NB,0.02,0.28,35.3
10/8/2025 1:00,countryclubdrive_to_I10interchange,NB,0.05,0.33,29.8
10/8/2025 2:00,countryclubdrive_to_I10interchange,NB,0.01,0.25,39.5
10/8/2025 3:00,countryclubdrive_to_I10interchange,NB,0.03,0.29,34.3
10/8/2025 4:00,countryclubdrive_to_I10interchange,NB,0.05,0.32,30.9
10/8/2025 5:00,countryclubdrive_to_I10interchange,NB,0.24,0.51,20.2
10/8/2025 6:00,countryclubdrive_to_I10interchange,NB,0.21,0.49,21.2
10/8/2025 7:00,countryclubdrive_to_I10interchange,NB,0.44,0.72,14
10/8/2025 8:00,countryclubdrive_to_I10interchange,NB,0.43,0.71,13.9
10/8/2025 9:00,countryclubdrive_to_I10interchange,NB,0.42,0.7,14.6
10/8/2025 10:00,countryclubdrive_to_I10interchange,NB,0.35,0.62,15.9
10/8/2025 11:00,countryclubdrive_to_I10interchange,NB,0.42,0.7,14.5
10/8/2025 12:00,countryclubdrive_to_I10interchange,NB,0.39,0.67,14.7
10/8/2025 13:00,countryclubdrive_to_I10interchange,NB,0.53,0.81,12.6
10/8/2025 14:00,countryclubdrive_to_I10interchange,NB,0.45,0.72,13.6
10/8/2025 15:00,countryclubdrive_to_I10interchange,NB,0.48,0.76,13.1
10/8/2025 16:00,countryclubdrive_to_I10interchange,NB,0.44,0.71,14.1
10/8/2025 17:00,countryclubdrive_to_I10interchange,NB,0.38,0.65,15.4
10/8/2025 18:00,countryclubdrive_to_I10interchange,NB,0.28,0.55,18.1
10/8/2025 19:00,countryclubdrive_to_I10interchange,NB,0.28,0.55,18.3
10/8/2025 20:00,countryclubdrive_to_I10interchange,NB,0.26,0.54,19.5
10/8/2025 21:00,countryclubdrive_to_I10interchange,NB,0.2,0.48,21.1
10/8/2025 22:00,countryclubdrive_to_I10interchange,NB,0.18,0.46,21.6
10/8/2025 23:00,countryclubdrive_to_I10interchange,NB,0.2,0.48,21.5
10/9/2025 0:00,countryclubdrive_to_I10interchange,NB,0.15,0.42,23.4
10/9/2025 1:00,countryclubdrive_to_I10interchange,NB,0.02,0.26,38.3
10/9/2025 2:00,countryclubdrive_to_I10interchange,NB,0.05,0.32,32
10/9/2025 3:00,countryclubdrive_to_I10interchange,NB,0.08,0.34,30.3
10/9/2025 4:00,countryclubdrive_to_I10interchange,NB,0.13,0.41,24.5
10/9/2025 5:00,countryclubdrive_to_I10interchange,NB,0.14,0.42,26.3
10/9/2025 6:00,countryclubdrive_to_I10interchange,NB,0.21,0.48,21.2
10/9/2025 7:00,countryclubdrive_to_I10interchange,NB,0.44,0.72,14.5
10/9/2025 8:00,countryclubdrive_to_I10interchange,NB,0.43,0.7,14.3
10/9/2025 9:00,countryclubdrive_to_I10interchange,NB,0.37,0.65,15.6
10/9/2025 10:00,countryclubdrive_to_I10interchange,NB,0.47,0.74,13.9
10/9/2025 11:00,countryclubdrive_to_I10interchange,NB,0.39,0.67,15.4
10/9/2025 12:00,countryclubdrive_to_I10interchange,NB,0.42,0.7,14.5
10/9/2025 13:00,countryclubdrive_to_I10interchange,NB,0.55,0.83,12.5
10/9/2025 14:00,countryclubdrive_to_I10interchange,NB,0.41,0.69,14.7
10/9/2025 15:00,countryclubdrive_to_I10interchange,NB,0.54,0.81,12.1
10/9/2025 16:00,countryclubdrive_to_I10interchange,NB,0.39,0.67,14.9
10/9/2025 17:00,countryclubdrive_to_I10interchange,NB,0.46,0.74,14.2
10/9/2025 18:00,countryclubdrive_to_I10interchange,NB,0.27,0.54,18.7
10/9/2025 19:00,countryclubdrive_to_I10interchange,NB,0.38,0.65,15.7
10/9/2025 20:00,countryclubdrive_to_I10interchange,NB,0.3,0.58,18.6
10/9/2025 21:00,countryclubdrive_to_I10interchange,NB,0.22,0.5,20.1
10/9/2025 22:00,countryclubdrive_to_I10interchange,NB,0.19,0.47,22.2
10/9/2025 23:00,countryclubdrive_to_I10interchange,NB,0.22,0.5,19.8
10/10/2025 0:00,countryclubdrive_to_I10interchange,NB,0.01,0.25,39.2
10/10/2025 1:00,countryclubdrive_to_I10interchange,NB,0.05,0.33,29.5
10/10/2025 2:00,countryclubdrive_to_I10interchange,NB,0.11,0.38,27.3
10/10/2025 3:00,countryclubdrive_to_I10interchange,NB,0.03,0.3,33.7
10/10/2025 4:00,countryclubdrive_to_I10interchange,NB,0.08,0.35,28.6
10/10/2025 5:00,countryclubdrive_to_I10interchange,NB,0.17,0.45,22.3
10/10/2025 6:00,countryclubdrive_to_I10interchange,NB,0.4,0.68,14.6
10/10/2025 7:00,countryclubdrive_to_I10interchange,NB,0.45,0.72,14.4
10/10/2025 8:00,countryclubdrive_to_I10interchange,NB,0.5,0.78,12.9
10/10/2025 9:00,countryclubdrive_to_I10interchange,NB,0.51,0.78,13.1
10/10/2025 10:00,countryclubdrive_to_I10interchange,NB,0.5,0.77,14.1
10/10/2025 11:00,countryclubdrive_to_I10interchange,NB,0.53,0.8,12.5
10/10/2025 12:00,countryclubdrive_to_I10interchange,NB,0.52,0.8,12.8
10/10/2025 13:00,countryclubdrive_to_I10interchange,NB,0.45,0.73,14
10/10/2025 14:00,countryclubdrive_to_I10interchange,NB,0.49,0.76,13.3
10/10/2025 15:00,countryclubdrive_to_I10interchange,NB,0.55,0.82,12
10/10/2025 16:00,countryclubdrive_to_I10interchange,NB,0.51,0.79,12.6
10/10/2025 17:00,countryclubdrive_to_I10interchange,NB,0.41,0.68,14.3
10/10/2025 18:00,countryclubdrive_to_I10interchange,NB,0.45,0.73,14.3
10/10/2025 19:00,countryclubdrive_to_I10interchange,NB,0.23,0.51,20.4
10/10/2025 20:00,countryclubdrive_to_I10interchange,NB,0.2,0.47,23.1
10/10/2025 21:00,countryclubdrive_to_I10interchange,NB,0.35,0.63,16.7
10/10/2025 22:00,countryclubdrive_to_I10interchange,NB,0.25,0.52,19.5
10/10/2025 23:00,countryclubdrive_to_I10interchange,NB,0.17,0.44,24
10/11/2025 0:00,countryclubdrive_to_I10interchange,NB,0.08,0.35,27.7
10/11/2025 1:00,countryclubdrive_to_I10interchange,NB,0.01,0.27,35.9
10/11/2025 2:00,countryclubdrive_to_I10interchange,NB,0.08,0.31,33.7
10/11/2025 3:00,countryclubdrive_to_I10interchange,NB,0.07,0.33,29.8
10/11/2025 4:00,countryclubdrive_to_I10interchange,NB,0.05,0.32,30
10/11/2025 5:00,countryclubdrive_to_I10interchange,NB,0.14,0.42,24.3
10/11/2025 6:00,countryclubdrive_to_I10interchange,NB,0.3,0.57,19
10/11/2025 7:00,countryclubdrive_to_I10interchange,NB,0.2,0.48,21.3
10/11/2025 8:00,countryclubdrive_to_I10interchange,NB,0.21,0.49,20.3
10/11/2025 9:00,countryclubdrive_to_I10interchange,NB,0.3,0.58,17.5
10/11/2025 10:00,countryclubdrive_to_I10interchange,NB,0.37,0.64,16
10/11/2025 11:00,countryclubdrive_to_I10interchange,NB,0.43,0.7,14.3
10/11/2025 12:00,countryclubdrive_to_I10interchange,NB,0.29,0.54,26.1
10/11/2025 13:00,countryclubdrive_to_I10interchange,NB,0,0.19,50
10/11/2025 14:00,countryclubdrive_to_I10interchange,NB,0,0.19,50
10/11/2025 15:00,countryclubdrive_to_I10interchange,NB,0,0.19,50
10/11/2025 16:00,countryclubdrive_to_I10interchange,NB,0.28,0.54,19.9
10/11/2025 17:00,countryclubdrive_to_I10interchange,NB,0.32,0.6,17.2
10/11/2025 18:00,countryclubdrive_to_I10interchange,NB,0.26,0.53,19.3
10/11/2025 19:00,countryclubdrive_to_I10interchange,NB,0.16,0.44,23.1
10/11/2025 20:00,countryclubdrive_to_I10interchange,NB,0.33,0.61,17.1
10/11/2025 21:00,countryclubdrive_to_I10interchange,NB,0.14,0.42,23.7
10/11/2025 22:00,countryclubdrive_to_I10interchange,NB,0.23,0.51,19.7
10/11/2025 23:00,countryclubdrive_to_I10interchange,NB,0.11,0.39,25.7
10/12/2025 0:00,countryclubdrive_to_I10interchange,NB,0.14,0.41,25.2
10/12/2025 1:00,countryclubdrive_to_I10interchange,NB,0.12,0.4,25.1
10/12/2025 2:00,countryclubdrive_to_I10interchange,NB,0.12,0.39,24.9
10/12/2025 3:00,countryclubdrive_to_I10interchange,NB,0.01,0.27,36.8
10/12/2025 4:00,countryclubdrive_to_I10interchange,NB,0.02,0.28,35.7
10/12/2025 5:00,countryclubdrive_to_I10interchange,NB,0.08,0.35,28.6
10/12/2025 6:00,countryclubdrive_to_I10interchange,NB,0.15,0.42,25.2
10/12/2025 7:00,countryclubdrive_to_I10interchange,NB,0.31,0.58,17.9
10/12/2025 8:00,countryclubdrive_to_I10interchange,NB,0.35,0.63,17.9
10/12/2025 9:00,countryclubdrive_to_I10interchange,NB,0.27,0.54,19.5
10/12/2025 10:00,countryclubdrive_to_I10interchange,NB,0.22,0.5,20
10/12/2025 11:00,countryclubdrive_to_I10interchange,NB,0.4,0.68,14.7
10/12/2025 12:00,countryclubdrive_to_I10interchange,NB,0.3,0.58,17.2
10/12/2025 13:00,countryclubdrive_to_I10interchange,NB,0.32,0.6,16.9
10/12/2025 14:00,countryclubdrive_to_I10interchange,NB,0.34,0.62,16
10/12/2025 15:00,countryclubdrive_to_I10interchange,NB,0.29,0.56,18.7
10/12/2025 16:00,countryclubdrive_to_I10interchange,NB,0.33,0.6,18.4
10/12/2025 17:00,countryclubdrive_to_I10interchange,NB,0.43,0.71,14.8
10/12/2025 18:00,countryclubdrive_to_I10interchange,NB,0.3,0.58,17.7
10/12/2025 19:00,countryclubdrive_to_I10interchange,NB,0.26,0.53,20
10/12/2025 20:00,countryclubdrive_to_I10interchange,NB,0.3,0.58,17.5
10/12/2025 21:00,countryclubdrive_to_I10interchange,NB,0.28,0.56,18.6
10/12/2025 22:00,countryclubdrive_to_I10interchange,NB,0.08,0.35,28.4
10/12/2025 23:00,countryclubdrive_to_I10interchange,NB,0.12,0.39,25.4
10/13/2025 0:00,countryclubdrive_to_I10interchange,NB,0.05,0.32,31.7
10/13/2025 1:00,countryclubdrive_to_I10interchange,NB,0.03,0.29,33.9
10/13/2025 2:00,countryclubdrive_to_I10interchange,NB,0.08,0.34,30.6
10/13/2025 3:00,countryclubdrive_to_I10interchange,NB,0.02,0.3,32.6
10/13/2025 4:00,countryclubdrive_to_I10interchange,NB,0.04,0.31,32.4
10/13/2025 5:00,countryclubdrive_to_I10interchange,NB,0.13,0.4,25.8
10/13/2025 6:00,countryclubdrive_to_I10interchange,NB,0.28,0.56,18.9
10/13/2025 7:00,countryclubdrive_to_I10interchange,NB,0.39,0.67,15.3
10/13/2025 8:00,countryclubdrive_to_I10interchange,NB,0.51,0.78,12.8
10/13/2025 9:00,countryclubdrive_to_I10interchange,NB,0.53,0.81,12.5
10/13/2025 10:00,countryclubdrive_to_I10interchange,NB,0.41,0.69,14.5
10/13/2025 11:00,countryclubdrive_to_I10interchange,NB,0.39,0.66,15.3
10/13/2025 12:00,countryclubdrive_to_I10interchange,NB,0.49,0.77,13.9
10/13/2025 13:00,countryclubdrive_to_I10interchange,NB,0.57,0.85,12.1
10/13/2025 14:00,countryclubdrive_to_I10interchange,NB,0.5,0.77,12.9
10/13/2025 15:00,countryclubdrive_to_I10interchange,NB,0.49,0.77,12.9
10/13/2025 16:00,countryclubdrive_to_I10interchange,NB,0.51,0.78,13.1
10/13/2025 17:00,countryclubdrive_to_I10interchange,NB,0.42,0.7,14.5
10/13/2025 18:00,countryclubdrive_to_I10interchange,NB,0.24,0.51,20.5
10/13/2025 19:00,countryclubdrive_to_I10interchange,NB,0.22,0.49,21
10/13/2025 20:00,countryclubdrive_to_I10interchange,NB,0.22,0.49,19.9
10/13/2025 21:00,countryclubdrive_to_I10interchange,NB,0.28,0.55,18.4
10/13/2025 22:00,countryclubdrive_to_I10interchange,NB,0.18,0.46,22.5
10/13/2025 23:00,countryclubdrive_to_I10interchange,NB,0.15,0.42,24.9
10/14/2025 0:00,countryclubdrive_to_I10interchange,NB,0.13,0.4,26.3
10/14/2025 1:00,countryclubdrive_to_I10interchange,NB,0.06,0.33,30.2
10/14/2025 2:00,countryclubdrive_to_I10interchange,NB,0.01,0.26,37.8
10/14/2025 3:00,countryclubdrive_to_I10interchange,NB,0.04,0.31,32.1
10/14/2025 4:00,countryclubdrive_to_I10interchange,NB,0.02,0.29,34.7
10/14/2025 5:00,countryclubdrive_to_I10interchange,NB,0.1,0.38,26.9
10/14/2025 6:00,countryclubdrive_to_I10interchange,NB,0.33,0.61,17.4
10/14/2025 7:00,countryclubdrive_to_I10interchange,NB,0.47,0.74,13.5
10/14/2025 8:00,countryclubdrive_to_I10interchange,NB,0.57,0.84,12.4
10/14/2025 9:00,countryclubdrive_to_I10interchange,NB,0.4,0.67,14.8
10/14/2025 10:00,countryclubdrive_to_I10interchange,NB,0.42,0.7,14.4
10/14/2025 11:00,countryclubdrive_to_I10interchange,NB,0.36,0.64,16.2
10/14/2025 12:00,countryclubdrive_to_I10interchange,NB,0.45,0.72,13.7
10/14/2025 13:00,countryclubdrive_to_I10interchange,NB,0.59,0.86,11.8
10/14/2025 14:00,countryclubdrive_to_I10interchange,NB,0.46,0.73,13.3
10/14/2025 15:00,countryclubdrive_to_I10interchange,NB,0.58,0.85,11.9
10/14/2025 16:00,countryclubdrive_to_I10interchange,NB,0.53,0.81,13
10/14/2025 17:00,countryclubdrive_to_I10interchange,NB,0.39,0.67,14.9
10/14/2025 18:00,countryclubdrive_to_I10interchange,NB,0.37,0.64,15.6
10/14/2025 19:00,countryclubdrive_to_I10interchange,NB,0.19,0.46,22.1
10/14/2025 20:00,countryclubdrive_to_I10interchange,NB,0.22,0.49,20.2
10/14/2025 21:00,countryclubdrive_to_I10interchange,NB,0.18,0.45,22
10/14/2025 22:00,countryclubdrive_to_I10interchange,NB,0.14,0.41,23.7
10/14/2025 23:00,countryclubdrive_to_I10interchange,NB,0.09,0.37,26.5
10/15/2025 0:00,countryclubdrive_to_I10interchange,NB,0.06,0.34,28.6
10/15/2025 1:00,countryclubdrive_to_I10interchange,NB,0.01,0.25,40.4
10/15/2025 2:00,countryclubdrive_to_I10interchange,NB,0.02,0.28,35.2
10/15/2025 3:00,countryclubdrive_to_I10interchange,NB,0.01,0.24,40.1
10/15/2025 4:00,countryclubdrive_to_I10interchange,NB,0.03,0.28,35.7
10/15/2025 5:00,countryclubdrive_to_I10interchange,NB,0.13,0.41,24.9
10/15/2025 6:00,countryclubdrive_to_I10interchange,NB,0.27,0.55,18.6
10/15/2025 7:00,countryclubdrive_to_I10interchange,NB,0.43,0.7,15
10/15/2025 8:00,countryclubdrive_to_I10interchange,NB,0.6,0.87,12.4
10/15/2025 9:00,countryclubdrive_to_I10interchange,NB,0.37,0.64,15.6
10/15/2025 10:00,countryclubdrive_to_I10interchange,NB,0.39,0.66,14.9
10/15/2025 11:00,countryclubdrive_to_I10interchange,NB,0.45,0.72,14
10/15/2025 12:00,countryclubdrive_to_I10interchange,NB,0.52,0.8,13
10/15/2025 13:00,countryclubdrive_to_I10interchange,NB,0.49,0.76,12.9
10/15/2025 14:00,countryclubdrive_to_I10interchange,NB,0.47,0.75,13.5
10/15/2025 15:00,countryclubdrive_to_I10interchange,NB,0.48,0.76,13.2
10/15/2025 16:00,countryclubdrive_to_I10interchange,NB,0.48,0.76,13.2
10/15/2025 17:00,countryclubdrive_to_I10interchange,NB,0.47,0.75,13.4
10/15/2025 18:00,countryclubdrive_to_I10interchange,NB,0.27,0.55,18.1
10/15/2025 19:00,countryclubdrive_to_I10interchange,NB,0.17,0.44,22.6
10/15/2025 20:00,countryclubdrive_to_I10interchange,NB,0.25,0.52,19.1
10/15/2025 21:00,countryclubdrive_to_I10interchange,NB,0.19,0.47,21.7
10/15/2025 22:00,countryclubdrive_to_I10interchange,NB,0.11,0.38,26.1
10/15/2025 23:00,countryclubdrive_to_I10interchange,NB,0.2,0.47,23.8
10/16/2025 0:00,countryclubdrive_to_I10interchange,NB,0.08,0.35,28.6
10/16/2025 1:00,countryclubdrive_to_I10interchange,NB,0.04,0.3,34.4
10/16/2025 2:00,countryclubdrive_to_I10interchange,NB,0.03,0.28,36.6
10/16/2025 3:00,countryclubdrive_to_I10interchange,NB,0.04,0.29,36.7
10/16/2025 4:00,countryclubdrive_to_I10interchange,NB,0.1,0.37,27.9
10/16/2025 5:00,countryclubdrive_to_I10interchange,NB,0.13,0.41,25
10/16/2025 6:00,countryclubdrive_to_I10interchange,NB,0.38,0.66,16
10/16/2025 7:00,countryclubdrive_to_I10interchange,NB,0.44,0.72,14.2
10/16/2025 8:00,countryclubdrive_to_I10interchange,NB,0.67,0.94,10.7
10/16/2025 9:00,countryclubdrive_to_I10interchange,NB,0.44,0.72,13.8
10/16/2025 10:00,countryclubdrive_to_I10interchange,NB,0.47,0.75,13.5
10/16/2025 11:00,countryclubdrive_to_I10interchange,NB,0.41,0.68,14.7
10/16/2025 12:00,countryclubdrive_to_I10interchange,NB,0.5,0.78,13.1
10/16/2025 13:00,countryclubdrive_to_I10interchange,NB,0.55,0.82,12.4
10/16/2025 14:00,countryclubdrive_to_I10interchange,NB,0.48,0.76,13.4
10/16/2025 15:00,countryclubdrive_to_I10interchange,NB,0.48,0.75,13.2
10/16/2025 16:00,countryclubdrive_to_I10interchange,NB,0.43,0.7,14
10/16/2025 17:00,countryclubdrive_to_I10interchange,NB,0.46,0.74,13.6
10/16/2025 18:00,countryclubdrive_to_I10interchange,NB,0.28,0.55,18.2
10/16/2025 19:00,countryclubdrive_to_I10interchange,NB,0.18,0.46,21.8
10/16/2025 20:00,countryclubdrive_to_I10interchange,NB,0.22,0.5,20
10/16/2025 21:00,countryclubdrive_to_I10interchange,NB,0.24,0.51,19.5
10/16/2025 22:00,countryclubdrive_to_I10interchange,NB,0.2,0.47,22.3
10/16/2025 23:00,countryclubdrive_to_I10interchange,NB,0.08,0.35,28.4
10/17/2025 0:00,countryclubdrive_to_I10interchange,NB,0.08,0.36,27.4
10/17/2025 1:00,countryclubdrive_to_I10interchange,NB,0.04,0.31,31.4
10/17/2025 2:00,countryclubdrive_to_I10interchange,NB,0.05,0.32,30.1
10/17/2025 3:00,countryclubdrive_to_I10interchange,NB,0.01,0.27,36.6
10/17/2025 4:00,countryclubdrive_to_I10interchange,NB,0.02,0.29,34
10/17/2025 5:00,countryclubdrive_to_I10interchange,NB,0.11,0.38,26.5
10/17/2025 6:00,countryclubdrive_to_I10interchange,NB,0.47,0.74,14.4
10/17/2025 7:00,countryclubdrive_to_I10interchange,NB,0.4,0.67,14.9
10/17/2025 8:00,countryclubdrive_to_I10interchange,NB,0.46,0.73,13.7
10/17/2025 9:00,countryclubdrive_to_I10interchange,NB,0.51,0.78,13.2
10/17/2025 10:00,countryclubdrive_to_I10interchange,NB,0.49,0.77,12.7
10/17/2025 11:00,countryclubdrive_to_I10interchange,NB,0.42,0.69,14.8
10/17/2025 12:00,countryclubdrive_to_I10interchange,NB,0.42,0.69,16.5
10/17/2025 13:00,countryclubdrive_to_I10interchange,NB,0.34,0.6,20.3
10/17/2025 14:00,countryclubdrive_to_I10interchange,NB,0.48,0.75,13.3
10/17/2025 15:00,countryclubdrive_to_I10interchange,NB,0.44,0.72,13.9
10/17/2025 16:00,countryclubdrive_to_I10interchange,NB,0.45,0.72,13.8
10/17/2025 17:00,countryclubdrive_to_I10interchange,NB,0.44,0.71,14.5
10/17/2025 18:00,countryclubdrive_to_I10interchange,NB,0.32,0.6,17
10/17/2025 19:00,countryclubdrive_to_I10interchange,NB,0.29,0.57,18.9
10/17/2025 20:00,countryclubdrive_to_I10interchange,NB,0.3,0.57,18.1
10/17/2025 21:00,countryclubdrive_to_I10interchange,NB,0.23,0.51,20.1
10/17/2025 22:00,countryclubdrive_to_I10interchange,NB,0.26,0.54,19.3
10/17/2025 23:00,countryclubdrive_to_I10interchange,NB,0.21,0.48,21.1
10/18/2025 0:00,countryclubdrive_to_I10interchange,NB,0.17,0.44,24
10/18/2025 1:00,countryclubdrive_to_I10interchange,NB,0.08,0.35,27.6
10/18/2025 2:00,countryclubdrive_to_I10interchange,NB,0.02,0.28,34.8
10/18/2025 3:00,countryclubdrive_to_I10interchange,NB,0.02,0.27,36
10/18/2025 4:00,countryclubdrive_to_I10interchange,NB,0.01,0.29,33.9
10/18/2025 5:00,countryclubdrive_to_I10interchange,NB,0.05,0.33,30.6
10/18/2025 6:00,countryclubdrive_to_I10interchange,NB,0.21,0.48,20.5
10/18/2025 7:00,countryclubdrive_to_I10interchange,NB,0.35,0.63,16
10/18/2025 8:00,countryclubdrive_to_I10interchange,NB,0.38,0.65,15.7
10/18/2025 9:00,countryclubdrive_to_I10interchange,NB,0.31,0.59,17.7
10/18/2025 10:00,countryclubdrive_to_I10interchange,NB,0.35,0.62,16.8
10/18/2025 11:00,countryclubdrive_to_I10interchange,NB,0.32,0.59,16.9
10/18/2025 12:00,countryclubdrive_to_I10interchange,NB,0.38,0.66,15.7
10/18/2025 13:00,countryclubdrive_to_I10interchange,NB,0.34,0.61,16.3
10/18/2025 14:00,countryclubdrive_to_I10interchange,NB,0.37,0.65,15.3
10/18/2025 15:00,countryclubdrive_to_I10interchange,NB,0.38,0.66,15.1
10/18/2025 16:00,countryclubdrive_to_I10interchange,NB,0.31,0.59,18.3
10/18/2025 17:00,countryclubdrive_to_I10interchange,NB,0.36,0.64,15.8
10/18/2025 18:00,countryclubdrive_to_I10interchange,NB,0.44,0.71,13.9
10/18/2025 19:00,countryclubdrive_to_I10interchange,NB,0.22,0.5,19.9
10/18/2025 20:00,countryclubdrive_to_I10interchange,NB,0.26,0.53,18.9
10/18/2025 21:00,countryclubdrive_to_I10interchange,NB,0.34,0.61,16.5
10/18/2025 22:00,countryclubdrive_to_I10interchange,NB,0.21,0.49,20.9
10/18/2025 23:00,countryclubdrive_to_I10interchange,NB,0.13,0.41,24.1
10/19/2025 0:00,countryclubdrive_to_I10interchange,NB,0.17,0.45,23.8
10/19/2025 1:00,countryclubdrive_to_I10interchange,NB,0.12,0.4,25.7
10/19/2025 2:00,countryclubdrive_to_I10interchange,NB,0.03,0.3,32.4
10/19/2025 3:00,countryclubdrive_to_I10interchange,NB,0.02,0.27,37.4
10/19/2025 4:00,countryclubdrive_to_I10interchange,NB,0.02,0.28,34.6
10/19/2025 5:00,countryclubdrive_to_I10interchange,NB,0.11,0.38,26.8
10/19/2025 6:00,countryclubdrive_to_I10interchange,NB,0.06,0.33,29.9
10/19/2025 7:00,countryclubdrive_to_I10interchange,NB,0.3,0.57,18.4
10/19/2025 8:00,countryclubdrive_to_I10interchange,NB,0.32,0.59,19.3
10/19/2025 9:00,countryclubdrive_to_I10interchange,NB,0.37,0.64,15.7
10/19/2025 10:00,countryclubdrive_to_I10interchange,NB,0.2,0.48,21.6
10/19/2025 11:00,countryclubdrive_to_I10interchange,NB,0.38,0.66,15.1
10/19/2025 12:00,countryclubdrive_to_I10interchange,NB,0.29,0.56,18.3
10/19/2025 13:00,countryclubdrive_to_I10interchange,NB,0.29,0.57,17.5
10/19/2025 14:00,countryclubdrive_to_I10interchange,NB,0.3,0.58,17.2
10/19/2025 15:00,countryclubdrive_to_I10interchange,NB,0.29,0.56,18.1
10/19/2025 16:00,countryclubdrive_to_I10interchange,NB,0.34,0.62,16.6
10/19/2025 17:00,countryclubdrive_to_I10interchange,NB,0.3,0.58,18.3
10/19/2025 18:00,countryclubdrive_to_I10interchange,NB,0.23,0.5,20.5
10/19/2025 19:00,countryclubdrive_to_I10interchange,NB,0.16,0.43,24.5
10/19/2025 20:00,countryclubdrive_to_I10interchange,NB,0.36,0.63,16.9
10/19/2025 21:00,countryclubdrive_to_I10interchange,NB,0.2,0.47,21.6
10/19/2025 22:00,countryclubdrive_to_I10interchange,NB,0.19,0.47,23.7
10/19/2025 23:00,countryclubdrive_to_I10interchange,NB,0.03,0.28,36.1
10/20/2025 0:00,countryclubdrive_to_I10interchange,NB,0,0.19,50
10/20/2025 1:00,countryclubdrive_to_I10interchange,NB,0,0.19,50
10/20/2025 2:00,countryclubdrive_to_I10interchange,NB,0,0.2,48
10/20/2025 3:00,countryclubdrive_to_I10interchange,NB,0,0.22,44
10/20/2025 4:00,countryclubdrive_to_I10interchange,NB,0,0.22,44
10/20/2025 5:00,countryclubdrive_to_I10interchange,NB,0,0.22,44
10/20/2025 6:00,countryclubdrive_to_I10interchange,NB,0.13,0.38,28.9
10/20/2025 7:00,countryclubdrive_to_I10interchange,NB,0.35,0.63,17.4
10/20/2025 8:00,countryclubdrive_to_I10interchange,NB,0.61,0.89,11.9
10/20/2025 9:00,countryclubdrive_to_I10interchange,NB,0.33,0.57,30.4
10/20/2025 10:00,countryclubdrive_to_I10interchange,NB,0,0.19,50
10/20/2025 11:00,countryclubdrive_to_I10interchange,NB,0,0.19,50
10/20/2025 12:00,countryclubdrive_to_I10interchange,NB,0.3,0.54,28.5
10/20/2025 13:00,countryclubdrive_to_I10interchange,NB,0.49,0.77,13.2
10/20/2025 14:00,countryclubdrive_to_I10interchange,NB,0.27,0.53,24.2
10/20/2025 15:00,countryclubdrive_to_I10interchange,NB,0.39,0.64,22.3
10/20/2025 16:00,countryclubdrive_to_I10interchange,NB,0.3,0.55,25.8
10/20/2025 17:00,countryclubdrive_to_I10interchange,NB,0.15,0.37,38
10/20/2025 18:00,countryclubdrive_to_I10interchange,NB,0.25,0.53,19.1
10/20/2025 19:00,countryclubdrive_to_I10interchange,NB,0.23,0.51,20
10/20/2025 20:00,countryclubdrive_to_I10interchange,NB,0.23,0.5,19.9
10/20/2025 21:00,countryclubdrive_to_I10interchange,NB,0.17,0.45,23
10/20/2025 22:00,countryclubdrive_to_I10interchange,NB,0.08,0.36,27.2
10/20/2025 23:00,countryclubdrive_to_I10interchange,NB,0.08,0.35,27.9
10/21/2025 0:00,countryclubdrive_to_I10interchange,NB,0.08,0.35,27.7
10/21/2025 1:00,countryclubdrive_to_I10interchange,NB,0.01,0.27,36.7
10/21/2025 2:00,countryclubdrive_to_I10interchange,NB,0.02,0.27,36.7
10/21/2025 3:00,countryclubdrive_to_I10interchange,NB,0,0.24,40.4
10/21/2025 4:00,countryclubdrive_to_I10interchange,NB,0.08,0.35,28
10/21/2025 5:00,countryclubdrive_to_I10interchange,NB,0.08,0.36,29.2
10/21/2025 6:00,countryclubdrive_to_I10interchange,NB,0.37,0.64,16.3
10/21/2025 7:00,countryclubdrive_to_I10interchange,NB,0.42,0.69,14.6
10/21/2025 8:00,countryclubdrive_to_I10interchange,NB,0.53,0.81,12.4
10/21/2025 9:00,countryclubdrive_to_I10interchange,NB,0.36,0.64,15.8
10/21/2025 10:00,countryclubdrive_to_I10interchange,NB,0.42,0.7,14.7
10/21/2025 11:00,countryclubdrive_to_I10interchange,NB,0.4,0.68,14.9
10/21/2025 12:00,countryclubdrive_to_I10interchange,NB,0.4,0.68,15
10/21/2025 13:00,countryclubdrive_to_I10interchange,NB,0.46,0.73,13.9
10/21/2025 14:00,countryclubdrive_to_I10interchange,NB,0.44,0.71,13.9
10/21/2025 15:00,countryclubdrive_to_I10interchange,NB,0.59,0.86,11.6
10/21/2025 16:00,countryclubdrive_to_I10interchange,NB,0.44,0.72,13.9
10/21/2025 17:00,countryclubdrive_to_I10interchange,NB,0.39,0.67,15.3
10/21/2025 18:00,countryclubdrive_to_I10interchange,NB,0.17,0.43,27.6
10/21/2025 19:00,countryclubdrive_to_I10interchange,NB,0.23,0.5,20.1
10/21/2025 20:00,countryclubdrive_to_I10interchange,NB,0.21,0.49,20.6
10/21/2025 21:00,countryclubdrive_to_I10interchange,NB,0.13,0.4,24.7
10/21/2025 22:00,countryclubdrive_to_I10interchange,NB,0.12,0.39,24.9
10/21/2025 23:00,countryclubdrive_to_I10interchange,NB,0.06,0.34,29.1
10/22/2025 0:00,countryclubdrive_to_I10interchange,NB,0.12,0.4,25.4
10/22/2025 1:00,countryclubdrive_to_I10interchange,NB,0.03,0.28,35.4
10/22/2025 2:00,countryclubdrive_to_I10interchange,NB,0.01,0.28,34.8
10/22/2025 3:00,countryclubdrive_to_I10interchange,NB,0,0.26,37.9
10/22/2025 4:00,countryclubdrive_to_I10interchange,NB,0.04,0.29,33.2
10/22/2025 5:00,countryclubdrive_to_I10interchange,NB,0.18,0.45,22.4
10/22/2025 6:00,countryclubdrive_to_I10interchange,NB,0.31,0.58,17.7
10/22/2025 7:00,countryclubdrive_to_I10interchange,NB,0.48,0.75,13.6
10/22/2025 8:00,countryclubdrive_to_I10interchange,NB,0.69,0.97,10.4
10/22/2025 9:00,countryclubdrive_to_I10interchange,NB,0.52,0.8,13.6
10/22/2025 10:00,countryclubdrive_to_I10interchange,NB,0.45,0.73,13.6
10/22/2025 11:00,countryclubdrive_to_I10interchange,NB,0.51,0.78,13.9
10/22/2025 12:00,countryclubdrive_to_I10interchange,NB,0.5,0.77,13.4
10/22/2025 13:00,countryclubdrive_to_I10interchange,NB,0.53,0.8,12.5
10/22/2025 14:00,countryclubdrive_to_I10interchange,NB,0.73,1,11.1
10/22/2025 15:00,countryclubdrive_to_I10interchange,NB,1.4,1.67,5.8
10/22/2025 16:00,countryclubdrive_to_I10interchange,NB,1.47,1.75,5.7
10/22/2025 17:00,countryclubdrive_to_I10interchange,NB,1.05,1.32,8.2
10/22/2025 18:00,countryclubdrive_to_I10interchange,NB,0.42,0.69,14.6
10/22/2025 19:00,countryclubdrive_to_I10interchange,NB,0.27,0.55,18
10/22/2025 20:00,countryclubdrive_to_I10interchange,NB,0.25,0.52,19
10/22/2025 21:00,countryclubdrive_to_I10interchange,NB,0.23,0.5,19.3
10/22/2025 22:00,countryclubdrive_to_I10interchange,NB,0.2,0.47,21.1
10/22/2025 23:00,countryclubdrive_to_I10interchange,NB,0.14,0.42,23.5
10/23/2025 0:00,countryclubdrive_to_I10interchange,NB,0.1,0.36,28.2
10/23/2025 1:00,countryclubdrive_to_I10interchange,NB,0.11,0.37,28.5
10/23/2025 2:00,countryclubdrive_to_I10interchange,NB,0.04,0.29,35.3
10/23/2025 3:00,countryclubdrive_to_I10interchange,NB,0.12,0.39,24.8
10/23/2025 4:00,countryclubdrive_to_I10interchange,NB,0.07,0.35,28.3
10/23/2025 5:00,countryclubdrive_to_I10interchange,NB,0.15,0.43,22.7
10/23/2025 6:00,countryclubdrive_to_I10interchange,NB,0.3,0.58,17.9
10/23/2025 7:00,countryclubdrive_to_I10interchange,NB,0.54,0.81,12.6
10/23/2025 8:00,countryclubdrive_to_I10interchange,NB,1.21,1.48,7.1
10/23/2025 9:00,countryclubdrive_to_I10interchange,NB,0.48,0.75,13.2
10/23/2025 10:00,countryclubdrive_to_I10interchange,NB,0.42,0.7,14.8
10/23/2025 11:00,countryclubdrive_to_I10interchange,NB,0.39,0.66,15.1
10/23/2025 12:00,countryclubdrive_to_I10interchange,NB,0.52,0.8,12.7
10/23/2025 13:00,countryclubdrive_to_I10interchange,NB,0.56,0.83,11.9
10/23/2025 14:00,countryclubdrive_to_I10interchange,NB,0.47,0.75,13.2
10/23/2025 15:00,countryclubdrive_to_I10interchange,NB,0.48,0.75,13.2
10/23/2025 16:00,countryclubdrive_to_I10interchange,NB,0.5,0.78,12.7
10/23/2025 17:00,countryclubdrive_to_I10interchange,NB,0.46,0.74,13.7
10/23/2025 18:00,countryclubdrive_to_I10interchange,NB,0.27,0.54,18.6
10/23/2025 19:00,countryclubdrive_to_I10interchange,NB,0.25,0.52,19.4
10/23/2025 20:00,countryclubdrive_to_I10interchange,NB,0.3,0.58,17.4
10/23/2025 21:00,countryclubdrive_to_I10interchange,NB,0.33,0.6,17.3
10/23/2025 22:00,countryclubdrive_to_I10interchange,NB,0.4,0.67,16.1
10/23/2025 23:00,countryclubdrive_to_I10interchange,NB,0.12,0.4,25.4
10/24/2025 0:00,countryclubdrive_to_I10interchange,NB,0.1,0.38,25.9
10/24/2025 1:00,countryclubdrive_to_I10interchange,NB,0.05,0.32,30.8
10/24/2025 2:00,countryclubdrive_to_I10interchange,NB,0.05,0.32,31.3
10/24/2025 3:00,countryclubdrive_to_I10interchange,NB,0.07,0.34,29.6
10/24/2025 4:00,countryclubdrive_to_I10interchange,NB,0.02,0.26,38.3
10/24/2025 5:00,countryclubdrive_to_I10interchange,NB,0.11,0.38,26.3
10/24/2025 6:00,countryclubdrive_to_I10interchange,NB,0.24,0.52,19.8
10/24/2025 7:00,countryclubdrive_to_I10interchange,NB,0.47,0.74,13.6
10/24/2025 8:00,countryclubdrive_to_I10interchange,NB,0.58,0.85,11.6
10/24/2025 9:00,countryclubdrive_to_I10interchange,NB,0.37,0.64,16.3
10/24/2025 10:00,countryclubdrive_to_I10interchange,NB,0.39,0.66,15.4
10/24/2025 11:00,countryclubdrive_to_I10interchange,NB,0.44,0.71,14.4
10/24/2025 12:00,countryclubdrive_to_I10interchange,NB,0.52,0.79,12.7
10/24/2025 13:00,countryclubdrive_to_I10interchange,NB,0.5,0.78,12.8
10/24/2025 14:00,countryclubdrive_to_I10interchange,NB,0.52,0.8,12.4
10/24/2025 15:00,countryclubdrive_to_I10interchange,NB,0.5,0.78,12.6
10/24/2025 16:00,countryclubdrive_to_I10interchange,NB,0.53,0.81,12.4
10/24/2025 17:00,countryclubdrive_to_I10interchange,NB,0.43,0.7,14.4
10/24/2025 18:00,countryclubdrive_to_I10interchange,NB,0.35,0.62,16
10/24/2025 19:00,countryclubdrive_to_I10interchange,NB,0.27,0.54,18.9
10/24/2025 20:00,countryclubdrive_to_I10interchange,NB,0.26,0.53,18.7
10/24/2025 21:00,countryclubdrive_to_I10interchange,NB,0.24,0.52,19.3
10/24/2025 22:00,countryclubdrive_to_I10interchange,NB,0.23,0.5,19.8
10/24/2025 23:00,countryclubdrive_to_I10interchange,NB,0.16,0.43,23.1
10/25/2025 0:00,countryclubdrive_to_I10interchange,NB,0.15,0.42,23
10/25/2025 1:00,countryclubdrive_to_I10interchange,NB,0.12,0.39,25.1
10/25/2025 2:00,countryclubdrive_to_I10interchange,NB,0.03,0.29,33.8
10/25/2025 3:00,countryclubdrive_to_I10interchange,NB,0.02,0.28,35.2
10/25/2025 4:00,countryclubdrive_to_I10interchange,NB,0.07,0.35,28.2
10/25/2025 5:00,countryclubdrive_to_I10interchange,NB,0.05,0.32,30.9
10/25/2025 6:00,countryclubdrive_to_I10interchange,NB,0.18,0.45,22.7
10/25/2025 7:00,countryclubdrive_to_I10interchange,NB,0.37,0.64,16.9
10/25/2025 8:00,countryclubdrive_to_I10interchange,NB,0.43,0.7,15.3
10/25/2025 9:00,countryclubdrive_to_I10interchange,NB,0.34,0.61,16.2
10/25/2025 10:00,countryclubdrive_to_I10interchange,NB,0.37,0.64,16.2
10/25/2025 11:00,countryclubdrive_to_I10interchange,NB,0.5,0.78,13.1
10/25/2025 12:00,countryclubdrive_to_I10interchange,NB,0.41,0.68,15.3
10/25/2025 13:00,countryclubdrive_to_I10interchange,NB,0.43,0.7,14.3
10/25/2025 14:00,countryclubdrive_to_I10interchange,NB,0.39,0.67,15
10/25/2025 15:00,countryclubdrive_to_I10interchange,NB,0.42,0.69,14.6
10/25/2025 16:00,countryclubdrive_to_I10interchange,NB,0.41,0.69,14.6
10/25/2025 17:00,countryclubdrive_to_I10interchange,NB,0.39,0.67,14.9
10/25/2025 18:00,countryclubdrive_to_I10interchange,NB,0.33,0.6,16.6
10/25/2025 19:00,countryclubdrive_to_I10interchange,NB,0.25,0.53,20
10/25/2025 20:00,countryclubdrive_to_I10interchange,NB,0.33,0.6,16.7
10/25/2025 21:00,countryclubdrive_to_I10interchange,NB,0.3,0.57,17.7
10/25/2025 22:00,countryclubdrive_to_I10interchange,NB,0.24,0.52,19.9
10/25/2025 23:00,countryclubdrive_to_I10interchange,NB,0.27,0.54,18.1
10/26/2025 0:00,countryclubdrive_to_I10interchange,NB,0.14,0.42,24.3
10/26/2025 1:00,countryclubdrive_to_I10interchange,NB,0.1,0.38,26.5
10/26/2025 2:00,countryclubdrive_to_I10interchange,NB,0.03,0.3,32.4
10/26/2025 3:00,countryclubdrive_to_I10interchange,NB,0.02,0.29,33.7
10/26/2025 4:00,countryclubdrive_to_I10interchange,NB,0,0.26,38.2
10/26/2025 5:00,countryclubdrive_to_I10interchange,NB,0.02,0.28,35.5
10/26/2025 6:00,countryclubdrive_to_I10interchange,NB,0.19,0.46,22.4
10/26/2025 7:00,countryclubdrive_to_I10interchange,NB,0.19,0.46,22.5
10/26/2025 8:00,countryclubdrive_to_I10interchange,NB,0.2,0.47,22.3
10/26/2025 9:00,countryclubdrive_to_I10interchange,NB,0.39,0.67,14.9
10/26/2025 10:00,countryclubdrive_to_I10interchange,NB,0.28,0.55,18.1
10/26/2025 11:00,countryclubdrive_to_I10interchange,NB,0.32,0.59,16.7
10/26/2025 12:00,countryclubdrive_to_I10interchange,NB,0.34,0.62,16.4
10/26/2025 13:00,countryclubdrive_to_I10interchange,NB,0.39,0.66,15.1
10/26/2025 14:00,countryclubdrive_to_I10interchange,NB,0.35,0.63,16.1
10/26/2025 15:00,countryclubdrive_to_I10interchange,NB,0.31,0.59,18.3
10/26/2025 16:00,countryclubdrive_to_I10interchange,NB,0.37,0.64,16
10/26/2025 17:00,countryclubdrive_to_I10interchange,NB,0.43,0.71,15.6
10/26/2025 18:00,countryclubdrive_to_I10interchange,NB,0.37,0.65,16.2
10/26/2025 19:00,countryclubdrive_to_I10interchange,NB,0.23,0.51,19.9
10/26/2025 20:00,countryclubdrive_to_I10interchange,NB,0.22,0.5,22.2
10/26/2025 21:00,countryclubdrive_to_I10interchange,NB,0.23,0.5,19.7
10/26/2025 22:00,countryclubdrive_to_I10interchange,NB,0.11,0.39,25.6
10/26/2025 23:00,countryclubdrive_to_I10interchange,NB,0.06,0.33,29.6
10/27/2025 0:00,countryclubdrive_to_I10interchange,NB,0.04,0.31,32
10/27/2025 1:00,countryclubdrive_to_I10interchange,NB,0.06,0.33,29
10/27/2025 2:00,countryclubdrive_to_I10interchange,NB,0.04,0.29,35.6
10/27/2025 3:00,countryclubdrive_to_I10interchange,NB,0.08,0.35,28.3
10/27/2025 4:00,countryclubdrive_to_I10interchange,NB,0.07,0.34,31.1
10/27/2025 5:00,countryclubdrive_to_I10interchange,NB,0.25,0.52,20.2
10/27/2025 6:00,countryclubdrive_to_I10interchange,NB,0.31,0.59,18.3
10/27/2025 7:00,countryclubdrive_to_I10interchange,NB,0.42,0.7,14.7
10/27/2025 8:00,countryclubdrive_to_I10interchange,NB,0.47,0.74,13.4
10/27/2025 9:00,countryclubdrive_to_I10interchange,NB,0.38,0.66,15.1
10/27/2025 10:00,countryclubdrive_to_I10interchange,NB,0.42,0.69,14.4
10/27/2025 11:00,countryclubdrive_to_I10interchange,NB,0.5,0.78,13
10/27/2025 12:00,countryclubdrive_to_I10interchange,NB,0.41,0.68,14.8
10/27/2025 13:00,countryclubdrive_to_I10interchange,NB,0.42,0.7,15.1
10/27/2025 14:00,countryclubdrive_to_I10interchange,NB,0.49,0.76,13.1
10/27/2025 15:00,countryclubdrive_to_I10interchange,NB,0.46,0.74,13.4
10/27/2025 16:00,countryclubdrive_to_I10interchange,NB,0.46,0.73,13.6
10/27/2025 17:00,countryclubdrive_to_I10interchange,NB,0.34,0.61,16.8
10/27/2025 18:00,countryclubdrive_to_I10interchange,NB,0.24,0.51,23
10/27/2025 19:00,countryclubdrive_to_I10interchange,NB,0.26,0.54,18.5
10/27/2025 20:00,countryclubdrive_to_I10interchange,NB,0.19,0.46,22.1
10/27/2025 21:00,countryclubdrive_to_I10interchange,NB,0.11,0.37,28.2
10/27/2025 22:00,countryclubdrive_to_I10interchange,NB,0.17,0.44,23.6
10/27/2025 23:00,countryclubdrive_to_I10interchange,NB,0.14,0.41,24.7
10/28/2025 0:00,countryclubdrive_to_I10interchange,NB,0.05,0.32,30.3
10/28/2025 1:00,countryclubdrive_to_I10interchange,NB,0.04,0.31,31.5
10/28/2025 2:00,countryclubdrive_to_I10interchange,NB,0.04,0.31,31.8
10/28/2025 3:00,countryclubdrive_to_I10interchange,NB,0.02,0.28,36
10/28/2025 4:00,countryclubdrive_to_I10interchange,NB,0.02,0.27,37.1
10/28/2025 5:00,countryclubdrive_to_I10interchange,NB,0.13,0.4,25.1
10/28/2025 6:00,countryclubdrive_to_I10interchange,NB,0.33,0.61,16.5
10/28/2025 7:00,countryclubdrive_to_I10interchange,NB,0.38,0.66,15.9
10/28/2025 8:00,countryclubdrive_to_I10interchange,NB,0.52,0.79,12.8
10/28/2025 9:00,countryclubdrive_to_I10interchange,NB,0.45,0.72,14.5
10/28/2025 10:00,countryclubdrive_to_I10interchange,NB,0.38,0.66,15.4
10/28/2025 11:00,countryclubdrive_to_I10interchange,NB,0.51,0.79,13
10/28/2025 12:00,countryclubdrive_to_I10interchange,NB,0.41,0.68,14.5
10/28/2025 13:00,countryclubdrive_to_I10interchange,NB,0.44,0.71,14
10/28/2025 14:00,countryclubdrive_to_I10interchange,NB,0.48,0.75,13.2
10/28/2025 15:00,countryclubdrive_to_I10interchange,NB,0.51,0.79,12.5
10/28/2025 16:00,countryclubdrive_to_I10interchange,NB,0.43,0.7,14
10/28/2025 17:00,countryclubdrive_to_I10interchange,NB,0.41,0.68,14.6
10/28/2025 18:00,countryclubdrive_to_I10interchange,NB,0.3,0.58,17
10/28/2025 19:00,countryclubdrive_to_I10interchange,NB,0.21,0.49,20.9
10/28/2025 20:00,countryclubdrive_to_I10interchange,NB,0.3,0.57,17.7
10/28/2025 21:00,countryclubdrive_to_I10interchange,NB,0.12,0.4,25.1
10/28/2025 22:00,countryclubdrive_to_I10interchange,NB,0.15,0.42,23.6
10/28/2025 23:00,countryclubdrive_to_I10interchange,NB,0.17,0.45,22.4
10/29/2025 0:00,countryclubdrive_to_I10interchange,NB,0.08,0.36,27.5
10/29/2025 1:00,countryclubdrive_to_I10interchange,NB,0.03,0.29,34.6
10/29/2025 2:00,countryclubdrive_to_I10interchange,NB,0,0.25,38.7
10/29/2025 3:00,countryclubdrive_to_I10interchange,NB,0.02,0.29,34.2
10/29/2025 4:00,countryclubdrive_to_I10interchange,NB,0.06,0.33,31
10/29/2025 5:00,countryclubdrive_to_I10interchange,NB,0.15,0.42,24.7
10/29/2025 6:00,countryclubdrive_to_I10interchange,NB,0.29,0.57,20.3
10/29/2025 7:00,countryclubdrive_to_I10interchange,NB,0.45,0.73,13.8
10/29/2025 8:00,countryclubdrive_to_I10interchange,NB,0.51,0.79,13
10/29/2025 9:00,countryclubdrive_to_I10interchange,NB,0.29,0.57,18.7
10/29/2025 10:00,countryclubdrive_to_I10interchange,NB,0.38,0.65,15.7
10/29/2025 11:00,countryclubdrive_to_I10interchange,NB,0.46,0.73,14.2
10/29/2025 12:00,countryclubdrive_to_I10interchange,NB,0.52,0.79,12.7
10/29/2025 13:00,countryclubdrive_to_I10interchange,NB,0.48,0.75,13.1
10/29/2025 14:00,countryclubdrive_to_I10interchange,NB,0.54,0.82,12.3
10/29/2025 15:00,countryclubdrive_to_I10interchange,NB,0.49,0.77,13.2
10/29/2025 16:00,countryclubdrive_to_I10interchange,NB,0.37,0.65,15.6
10/29/2025 17:00,countryclubdrive_to_I10interchange,NB,0.4,0.68,14.7
10/29/2025 18:00,countryclubdrive_to_I10interchange,NB,0.33,0.61,16.4
10/29/2025 19:00,countryclubdrive_to_I10interchange,NB,0.28,0.56,19
10/29/2025 20:00,countryclubdrive_to_I10interchange,NB,0.22,0.49,20.8
10/29/2025 21:00,countryclubdrive_to_I10interchange,NB,0.19,0.46,22
10/29/2025 22:00,countryclubdrive_to_I10interchange,NB,0.19,0.46,21.7
10/29/2025 23:00,countryclubdrive_to_I10interchange,NB,0.08,0.36,27.3
10/30/2025 0:00,countryclubdrive_to_I10interchange,NB,0.08,0.36,27.7
10/30/2025 1:00,countryclubdrive_to_I10interchange,NB,0.08,0.35,28.4
10/30/2025 2:00,countryclubdrive_to_I10interchange,NB,0.04,0.32,30.9
10/30/2025 3:00,countryclubdrive_to_I10interchange,NB,0.04,0.3,32.3
10/30/2025 4:00,countryclubdrive_to_I10interchange,NB,0.13,0.4,26.1
10/30/2025 5:00,countryclubdrive_to_I10interchange,NB,0.11,0.39,25.9
10/30/2025 6:00,countryclubdrive_to_I10interchange,NB,0.27,0.54,19.6
10/30/2025 7:00,countryclubdrive_to_I10interchange,NB,0.34,0.62,16.2
10/30/2025 8:00,countryclubdrive_to_I10interchange,NB,0.53,0.81,12.7
10/30/2025 9:00,countryclubdrive_to_I10interchange,NB,0.44,0.72,14.5
10/30/2025 10:00,countryclubdrive_to_I10interchange,NB,0.48,0.75,13.2
10/30/2025 11:00,countryclubdrive_to_I10interchange,NB,0.45,0.72,14.5
10/30/2025 12:00,countryclubdrive_to_I10interchange,NB,0.47,0.75,13.3
10/30/2025 13:00,countryclubdrive_to_I10interchange,NB,0.41,0.68,14.8
10/30/2025 14:00,countryclubdrive_to_I10interchange,NB,0.39,0.66,14.9
10/30/2025 15:00,countryclubdrive_to_I10interchange,NB,0.6,0.87,11.3
10/30/2025 16:00,countryclubdrive_to_I10interchange,NB,0.43,0.71,14.7
10/30/2025 17:00,countryclubdrive_to_I10interchange,NB,0.51,0.79,12.7
10/30/2025 18:00,countryclubdrive_to_I10interchange,NB,0.29,0.56,17.8
10/30/2025 19:00,countryclubdrive_to_I10interchange,NB,0.29,0.56,18.6
10/30/2025 20:00,countryclubdrive_to_I10interchange,NB,0.31,0.59,17.2
10/30/2025 21:00,countryclubdrive_to_I10interchange,NB,0.34,0.62,16.5
10/30/2025 22:00,countryclubdrive_to_I10interchange,NB,0.21,0.49,20.3
10/30/2025 23:00,countryclubdrive_to_I10interchange,NB,0.2,0.48,22
10/31/2025 0:00,countryclubdrive_to_I10interchange,NB,0.25,0.53,18.7
10/31/2025 1:00,countryclubdrive_to_I10interchange,NB,0.07,0.35,28.3
10/31/2025 2:00,countryclubdrive_to_I10interchange,NB,0.07,0.33,30.9
10/31/2025 3:00,countryclubdrive_to_I10interchange,NB,0.06,0.32,30.8
10/31/2025 4:00,countryclubdrive_to_I10interchange,NB,0.05,0.32,31.3
10/31/2025 5:00,countryclubdrive_to_I10interchange,NB,0.08,0.35,29.2
10/31/2025 6:00,countryclubdrive_to_I10interchange,NB,0.47,0.74,14.2
10/31/2025 7:00,countryclubdrive_to_I10interchange,NB,0.42,0.7,14.5
10/31/2025 8:00,countryclubdrive_to_I10interchange,NB,0.53,0.8,12.6
10/31/2025 9:00,countryclubdrive_to_I10interchange,NB,0.39,0.67,14.8
10/31/2025 10:00,countryclubdrive_to_I10interchange,NB,0.45,0.73,14
10/31/2025 11:00,countryclubdrive_to_I10interchange,NB,0.38,0.66,15.5
10/31/2025 12:00,countryclubdrive_to_I10interchange,NB,0.47,0.75,13.4
10/31/2025 13:00,countryclubdrive_to_I10interchange,NB,0.52,0.8,12.8
10/31/2025 14:00,countryclubdrive_to_I10interchange,NB,0.51,0.78,12.7
10/31/2025 15:00,countryclubdrive_to_I10interchange,NB,0.52,0.79,12.4
10/31/2025 16:00,countryclubdrive_to_I10interchange,NB,0.63,0.91,11.4
10/31/2025 17:00,countryclubdrive_to_I10interchange,NB,0.5,0.78,12.8
10/31/2025 18:00,countryclubdrive_to_I10interchange,NB,0.36,0.63,16.5
10/31/2025 19:00,countryclubdrive_to_I10interchange,NB,0.2,0.48,21
10/31/2025 20:00,countryclubdrive_to_I10interchange,NB,0.24,0.52,20.4
10/31/2025 21:00,countryclubdrive_to_I10interchange,NB,0.28,0.55,19.1
10/31/2025 22:00,countryclubdrive_to_I10interchange,NB,0.19,0.46,22
10/31/2025 23:00,countryclubdrive_to_I10interchange,NB,0.14,0.42,24.3
11/1/2025 0:00,countryclubdrive_to_I10interchange,NB,0.16,0.43,22.9
11/1/2025 1:00,countryclubdrive_to_I10interchange,NB,0.07,0.34,29
11/1/2025 2:00,countryclubdrive_to_I10interchange,NB,0.11,0.38,27
11/1/2025 3:00,countryclubdrive_to_I10interchange,NB,0.11,0.38,26.2
11/1/2025 4:00,countryclubdrive_to_I10interchange,NB,0.09,0.36,27.7
11/1/2025 5:00,countryclubdrive_to_I10interchange,NB,0.1,0.37,27.3
11/1/2025 6:00,countryclubdrive_to_I10interchange,NB,0.19,0.47,22.1
11/1/2025 7:00,countryclubdrive_to_I10interchange,NB,0.3,0.57,17.8
11/1/2025 8:00,countryclubdrive_to_I10interchange,NB,0.38,0.66,15.5
11/1/2025 9:00,countryclubdrive_to_I10interchange,NB,0.35,0.62,16.5
11/1/2025 10:00,countryclubdrive_to_I10interchange,NB,0.38,0.66,15.5
11/1/2025 11:00,countryclubdrive_to_I10interchange,NB,0.48,0.75,13.5
11/1/2025 12:00,countryclubdrive_to_I10interchange,NB,0.35,0.62,16.4
11/1/2025 13:00,countryclubdrive_to_I10interchange,NB,0.38,0.66,16
11/1/2025 14:00,countryclubdrive_to_I10interchange,NB,0.37,0.65,15.6
11/1/2025 15:00,countryclubdrive_to_I10interchange,NB,0.28,0.56,17.8
11/1/2025 16:00,countryclubdrive_to_I10interchange,NB,0.41,0.69,14.9
11/1/2025 17:00,countryclubdrive_to_I10interchange,NB,0.3,0.58,17.8
11/1/2025 18:00,countryclubdrive_to_I10interchange,NB,0.28,0.56,18.6
11/1/2025 19:00,countryclubdrive_to_I10interchange,NB,0.21,0.49,20.5
11/1/2025 20:00,countryclubdrive_to_I10interchange,NB,0.24,0.51,19.4
11/1/2025 21:00,countryclubdrive_to_I10interchange,NB,0.36,0.63,16.6
11/1/2025 22:00,countryclubdrive_to_I10interchange,NB,0.14,0.42,24
11/1/2025 23:00,countryclubdrive_to_I10interchange,NB,0.08,0.35,28.1
11/2/2025 0:00,countryclubdrive_to_I10interchange,NB,0.11,0.38,27.2
11/2/2025 1:00,countryclubdrive_to_I10interchange,NB,0.12,0.39,27.2
11/2/2025 1:00,countryclubdrive_to_I10interchange,NB,0.04,0.31,32.4
11/2/2025 2:00,countryclubdrive_to_I10interchange,NB,0.14,0.42,23.6
11/2/2025 3:00,countryclubdrive_to_I10interchange,NB,0.04,0.29,35.1
11/2/2025 4:00,countryclubdrive_to_I10interchange,NB,0,0.23,41.6
11/2/2025 5:00,countryclubdrive_to_I10interchange,NB,0.21,0.48,24.3
11/2/2025 6:00,countryclubdrive_to_I10interchange,NB,0.23,0.5,21.5
11/2/2025 7:00,countryclubdrive_to_I10interchange,NB,0.23,0.5,19.8
11/2/2025 8:00,countryclubdrive_to_I10interchange,NB,0.25,0.53,19.6
11/2/2025 9:00,countryclubdrive_to_I10interchange,NB,0.27,0.54,19.1
11/2/2025 10:00,countryclubdrive_to_I10interchange,NB,0.31,0.59,17.8
11/2/2025 11:00,countryclubdrive_to_I10interchange,NB,0.44,0.71,14.1
11/2/2025 12:00,countryclubdrive_to_I10interchange,NB,0.34,0.62,16.4
11/2/2025 13:00,countryclubdrive_to_I10interchange,NB,0.43,0.7,14.3
11/2/2025 14:00,countryclubdrive_to_I10interchange,NB,0.36,0.63,16.4
11/2/2025 15:00,countryclubdrive_to_I10interchange,NB,0.27,0.54,19.7
11/2/2025 16:00,countryclubdrive_to_I10interchange,NB,0.31,0.58,17.3
11/2/2025 17:00,countryclubdrive_to_I10interchange,NB,0.22,0.49,20.3
11/2/2025 18:00,countryclubdrive_to_I10interchange,NB,0.19,0.47,21.6
11/2/2025 19:00,countryclubdrive_to_I10interchange,NB,0.26,0.54,19.7
11/2/2025 20:00,countryclubdrive_to_I10interchange,NB,0.27,0.54,18.6
11/2/2025 21:00,countryclubdrive_to_I10interchange,NB,0.19,0.47,21.9
11/2/2025 22:00,countryclubdrive_to_I10interchange,NB,0.25,0.53,20.2
11/2/2025 23:00,countryclubdrive_to_I10interchange,NB,0.16,0.43,23.4
11/3/2025 0:00,countryclubdrive_to_I10interchange,NB,0.08,0.35,29.8
11/3/2025 1:00,countryclubdrive_to_I10interchange,NB,0.04,0.31,32.2
11/3/2025 2:00,countryclubdrive_to_I10interchange,NB,0,0.24,40.6
11/3/2025 3:00,countryclubdrive_to_I10interchange,NB,0.02,0.27,36.3
11/3/2025 4:00,countryclubdrive_to_I10interchange,NB,0.06,0.33,31.1
11/3/2025 5:00,countryclubdrive_to_I10interchange,NB,0.15,0.43,24.1
11/3/2025 6:00,countryclubdrive_to_I10interchange,NB,0.39,0.67,15
11/3/2025 7:00,countryclubdrive_to_I10interchange,NB,0.47,0.74,13.2
11/3/2025 8:00,countryclubdrive_to_I10interchange,NB,0.5,0.77,12.8
11/3/2025 9:00,countryclubdrive_to_I10interchange,NB,0.44,0.72,14.2
11/3/2025 10:00,countryclubdrive_to_I10interchange,NB,0.41,0.68,14.6
11/3/2025 11:00,countryclubdrive_to_I10interchange,NB,0.43,0.7,14
11/3/2025 12:00,countryclubdrive_to_I10interchange,NB,0.56,0.84,11.8
11/3/2025 13:00,countryclubdrive_to_I10interchange,NB,0.62,0.9,11.1
11/3/2025 14:00,countryclubdrive_to_I10interchange,NB,0.42,0.7,14.3
11/3/2025 15:00,countryclubdrive_to_I10interchange,NB,0.61,0.88,11.2
11/3/2025 16:00,countryclubdrive_to_I10interchange,NB,0.53,0.81,12.3
11/3/2025 17:00,countryclubdrive_to_I10interchange,NB,0.49,0.77,13
11/3/2025 18:00,countryclubdrive_to_I10interchange,NB,0.29,0.56,17.9
11/3/2025 19:00,countryclubdrive_to_I10interchange,NB,0.4,0.67,17.9
11/3/2025 20:00,countryclubdrive_to_I10interchange,NB,0.25,0.53,20.1
11/3/2025 21:00,countryclubdrive_to_I10interchange,NB,0.17,0.44,22.5
11/3/2025 22:00,countryclubdrive_to_I10interchange,NB,0.11,0.39,26.2
11/3/2025 23:00,countryclubdrive_to_I10interchange,NB,0.08,0.35,27.7
11/4/2025 0:00,countryclubdrive_to_I10interchange,NB,0.08,0.35,29.4
11/4/2025 1:00,countryclubdrive_to_I10interchange,NB,0.03,0.3,33.1
11/4/2025 2:00,countryclubdrive_to_I10interchange,NB,0.01,0.25,39.9
11/4/2025 3:00,countryclubdrive_to_I10interchange,NB,0.05,0.3,33.3
11/4/2025 4:00,countryclubdrive_to_I10interchange,NB,0.08,0.34,29.9
11/4/2025 5:00,countryclubdrive_to_I10interchange,NB,0.37,0.64,16
11/4/2025 6:00,countryclubdrive_to_I10interchange,NB,0.32,0.6,16.8
11/4/2025 7:00,countryclubdrive_to_I10interchange,NB,0.49,0.77,13.1
11/4/2025 8:00,countryclubdrive_to_I10interchange,NB,0.47,0.74,13.6
11/4/2025 9:00,countryclubdrive_to_I10interchange,NB,0.37,0.65,16.7
11/4/2025 10:00,countryclubdrive_to_I10interchange,NB,0.41,0.68,14.5
11/4/2025 11:00,countryclubdrive_to_I10interchange,NB,0.48,0.75,13.6
11/4/2025 12:00,countryclubdrive_to_I10interchange,NB,0.57,0.85,11.8
11/4/2025 13:00,countryclubdrive_to_I10interchange,NB,0.46,0.73,13.6
11/4/2025 14:00,countryclubdrive_to_I10interchange,NB,0.41,0.68,14.5
11/4/2025 15:00,countryclubdrive_to_I10interchange,NB,0.54,0.82,12.3
11/4/2025 16:00,countryclubdrive_to_I10interchange,NB,0.48,0.76,13.2
11/4/2025 17:00,countryclubdrive_to_I10interchange,NB,0.48,0.75,13.4
11/4/2025 18:00,countryclubdrive_to_I10interchange,NB,0.38,0.66,15
11/4/2025 19:00,countryclubdrive_to_I10interchange,NB,0.18,0.46,22.4
11/4/2025 20:00,countryclubdrive_to_I10interchange,NB,0.21,0.49,20.7
11/4/2025 21:00,countryclubdrive_to_I10interchange,NB,0.17,0.44,22.5
11/4/2025 22:00,countryclubdrive_to_I10interchange,NB,0.1,0.38,26.1
11/4/2025 23:00,countryclubdrive_to_I10interchange,NB,0.08,0.35,28.1
11/5/2025 0:00,countryclubdrive_to_I10interchange,NB,0.05,0.33,30.9
11/5/2025 1:00,countryclubdrive_to_I10interchange,NB,0.05,0.32,31.1
11/5/2025 2:00,countryclubdrive_to_I10interchange,NB,0,0.24,39.9
11/5/2025 3:00,countryclubdrive_to_I10interchange,NB,0.01,0.25,39.5
11/5/2025 4:00,countryclubdrive_to_I10interchange,NB,0.05,0.31,32.5
11/5/2025 5:00,countryclubdrive_to_I10interchange,NB,0.2,0.47,21.2
11/5/2025 6:00,countryclubdrive_to_I10interchange,NB,0.36,0.63,15.6
11/5/2025 7:00,countryclubdrive_to_I10interchange,NB,0.46,0.73,13.7
11/5/2025 8:00,countryclubdrive_to_I10interchange,NB,0.45,0.73,13.9
11/5/2025 9:00,countryclubdrive_to_I10interchange,NB,0.44,0.72,13.7
11/5/2025 10:00,countryclubdrive_to_I10interchange,NB,0.48,0.75,13.4
11/5/2025 11:00,countryclubdrive_to_I10interchange,NB,0.54,0.81,12.3
11/5/2025 12:00,countryclubdrive_to_I10interchange,NB,0.46,0.73,13.7
11/5/2025 13:00,countryclubdrive_to_I10interchange,NB,0.56,0.84,12.3
11/5/2025 14:00,countryclubdrive_to_I10interchange,NB,0.52,0.79,12.5
11/5/2025 15:00,countryclubdrive_to_I10interchange,NB,0.53,0.81,12.5
11/5/2025 16:00,countryclubdrive_to_I10interchange,NB,0.57,0.84,12.2
11/5/2025 17:00,countryclubdrive_to_I10interchange,NB,0.44,0.72,13.7
11/5/2025 18:00,countryclubdrive_to_I10interchange,NB,0.34,0.62,16.3
11/5/2025 19:00,countryclubdrive_to_I10interchange,NB,0.21,0.49,21
11/5/2025 20:00,countryclubdrive_to_I10interchange,NB,0.19,0.47,22.6
11/5/2025 21:00,countryclubdrive_to_I10interchange,NB,0.3,0.57,18.6
11/5/2025 22:00,countryclubdrive_to_I10interchange,NB,0.31,0.58,17.5
11/5/2025 23:00,countryclubdrive_to_I10interchange,NB,0.1,0.37,26.6
11/6/2025 0:00,countryclubdrive_to_I10interchange,NB,0.14,0.41,24.3
11/6/2025 1:00,countryclubdrive_to_I10interchange,NB,0.02,0.28,34.8
11/6/2025 2:00,countryclubdrive_to_I10interchange,NB,0,0.26,38.1
11/6/2025 3:00,countryclubdrive_to_I10interchange,NB,0.05,0.29,35.4
11/6/2025 4:00,countryclubdrive_to_I10interchange,NB,0.07,0.35,28
11/6/2025 5:00,countryclubdrive_to_I10interchange,NB,0.11,0.38,26.7
11/6/2025 6:00,countryclubdrive_to_I10interchange,NB,0.42,0.7,14.6
11/6/2025 7:00,countryclubdrive_to_I10interchange,NB,0.47,0.75,13.7
11/6/2025 8:00,countryclubdrive_to_I10interchange,NB,0.7,0.97,10.3
11/6/2025 9:00,countryclubdrive_to_I10interchange,NB,0.41,0.68,14.4
11/6/2025 10:00,countryclubdrive_to_I10interchange,NB,0.53,0.8,12.7
11/6/2025 11:00,countryclubdrive_to_I10interchange,NB,0.38,0.65,15.7
11/6/2025 12:00,countryclubdrive_to_I10interchange,NB,0.46,0.74,13.8
11/6/2025 13:00,countryclubdrive_to_I10interchange,NB,0.4,0.67,14.7
11/6/2025 14:00,countryclubdrive_to_I10interchange,NB,0.47,0.75,13.3
11/6/2025 15:00,countryclubdrive_to_I10interchange,NB,0.53,0.81,12.1
11/6/2025 16:00,countryclubdrive_to_I10interchange,NB,0.46,0.73,13.8
11/6/2025 17:00,countryclubdrive_to_I10interchange,NB,0.52,0.8,12.3
11/6/2025 18:00,countryclubdrive_to_I10interchange,NB,0.28,0.56,17.9
11/6/2025 19:00,countryclubdrive_to_I10interchange,NB,0.33,0.6,17.3
11/6/2025 20:00,countryclubdrive_to_I10interchange,NB,0.25,0.53,20.2
11/6/2025 21:00,countryclubdrive_to_I10interchange,NB,0.24,0.52,19.7
11/6/2025 22:00,countryclubdrive_to_I10interchange,NB,0.19,0.46,22.3
11/6/2025 23:00,countryclubdrive_to_I10interchange,NB,0.17,0.44,22.6
11/7/2025 0:00,countryclubdrive_to_I10interchange,NB,0.06,0.33,31.7
11/7/2025 1:00,countryclubdrive_to_I10interchange,NB,0.01,0.28,35.2
11/7/2025 2:00,countryclubdrive_to_I10interchange,NB,0.03,0.29,33.6
11/7/2025 3:00,countryclubdrive_to_I10interchange,NB,0.03,0.29,33.7
11/7/2025 4:00,countryclubdrive_to_I10interchange,NB,0.05,0.32,32
11/7/2025 5:00,countryclubdrive_to_I10interchange,NB,0.14,0.41,24.7
11/7/2025 6:00,countryclubdrive_to_I10interchange,NB,0.34,0.62,17
11/7/2025 7:00,countryclubdrive_to_I10interchange,NB,0.43,0.7,14.2
11/7/2025 8:00,countryclubdrive_to_I10interchange,NB,0.57,0.85,12.1
11/7/2025 9:00,countryclubdrive_to_I10interchange,NB,0.52,0.79,13.1
11/7/2025 10:00,countryclubdrive_to_I10interchange,NB,0.54,0.81,12.6
11/7/2025 11:00,countryclubdrive_to_I10interchange,NB,0.49,0.76,13.1
11/7/2025 12:00,countryclubdrive_to_I10interchange,NB,0.57,0.84,12
11/7/2025 13:00,countryclubdrive_to_I10interchange,NB,0.56,0.84,12.7
11/7/2025 14:00,countryclubdrive_to_I10interchange,NB,0.57,0.84,12
11/7/2025 15:00,countryclubdrive_to_I10interchange,NB,0.57,0.84,11.6
11/7/2025 16:00,countryclubdrive_to_I10interchange,NB,0.47,0.75,13.4
11/7/2025 17:00,countryclubdrive_to_I10interchange,NB,0.53,0.81,12.4
11/7/2025 18:00,countryclubdrive_to_I10interchange,NB,0.41,0.69,14.9
11/7/2025 19:00,countryclubdrive_to_I10interchange,NB,0.37,0.65,16.1
11/7/2025 20:00,countryclubdrive_to_I10interchange,NB,0.35,0.63,16.5
11/7/2025 21:00,countryclubdrive_to_I10interchange,NB,0.34,0.62,17.3
11/7/2025 22:00,countryclubdrive_to_I10interchange,NB,0.24,0.51,20.2
11/7/2025 23:00,countryclubdrive_to_I10interchange,NB,0.19,0.47,22
11/8/2025 0:00,countryclubdrive_to_I10interchange,NB,0.15,0.43,23.1
11/8/2025 1:00,countryclubdrive_to_I10interchange,NB,0.08,0.35,29
11/8/2025 2:00,countryclubdrive_to_I10interchange,NB,0.09,0.36,27.9
11/8/2025 3:00,countryclubdrive_to_I10interchange,NB,0.06,0.33,30.6
11/8/2025 4:00,countryclubdrive_to_I10interchange,NB,0.14,0.41,24.2
11/8/2025 5:00,countryclubdrive_to_I10interchange,NB,0.16,0.43,23.7
11/8/2025 6:00,countryclubdrive_to_I10interchange,NB,0.18,0.45,22.5
11/8/2025 7:00,countryclubdrive_to_I10interchange,NB,0.32,0.6,17
11/8/2025 8:00,countryclubdrive_to_I10interchange,NB,0.32,0.59,17.1
11/8/2025 9:00,countryclubdrive_to_I10interchange,NB,0.3,0.58,18.4
11/8/2025 10:00,countryclubdrive_to_I10interchange,NB,0.39,0.67,15.4
11/8/2025 11:00,countryclubdrive_to_I10interchange,NB,0.58,0.86,12.6
11/8/2025 12:00,countryclubdrive_to_I10interchange,NB,0.42,0.69,14.4
11/8/2025 13:00,countryclubdrive_to_I10interchange,NB,0.48,0.75,13.1
11/8/2025 14:00,countryclubdrive_to_I10interchange,NB,0.38,0.66,15.6
11/8/2025 15:00,countryclubdrive_to_I10interchange,NB,0.47,0.74,13.7
11/8/2025 16:00,countryclubdrive_to_I10interchange,NB,0.4,0.68,15.1
11/8/2025 17:00,countryclubdrive_to_I10interchange,NB,0.48,0.75,13.3
11/8/2025 18:00,countryclubdrive_to_I10interchange,NB,0.35,0.63,16.9
11/8/2025 19:00,countryclubdrive_to_I10interchange,NB,0.29,0.56,19.6
11/8/2025 20:00,countryclubdrive_to_I10interchange,NB,0.27,0.54,18.8
11/8/2025 21:00,countryclubdrive_to_I10interchange,NB,0.25,0.52,19.6
11/8/2025 22:00,countryclubdrive_to_I10interchange,NB,0.19,0.47,21.6
11/8/2025 23:00,countryclubdrive_to_I10interchange,NB,0.31,0.59,17.3
11/9/2025 0:00,countryclubdrive_to_I10interchange,NB,0.11,0.39,26.2
11/9/2025 1:00,countryclubdrive_to_I10interchange,NB,0.06,0.34,28.9
11/9/2025 2:00,countryclubdrive_to_I10interchange,NB,0.08,0.34,28.7
11/9/2025 3:00,countryclubdrive_to_I10interchange,NB,0.06,0.32,31.3
11/9/2025 4:00,countryclubdrive_to_I10interchange,NB,0.05,0.32,31.9
11/9/2025 5:00,countryclubdrive_to_I10interchange,NB,0.11,0.39,25.6
11/9/2025 6:00,countryclubdrive_to_I10interchange,NB,0.29,0.57,18.2
11/9/2025 7:00,countryclubdrive_to_I10interchange,NB,0.22,0.49,21.3
11/9/2025 8:00,countryclubdrive_to_I10interchange,NB,0.43,0.7,15.3
11/9/2025 9:00,countryclubdrive_to_I10interchange,NB,0.33,0.6,17.3
11/9/2025 10:00,countryclubdrive_to_I10interchange,NB,0.34,0.62,16.7
11/9/2025 11:00,countryclubdrive_to_I10interchange,NB,0.47,0.74,13.4
11/9/2025 12:00,countryclubdrive_to_I10interchange,NB,0.43,0.71,14.4
11/9/2025 13:00,countryclubdrive_to_I10interchange,NB,0.36,0.64,15.9
11/9/2025 14:00,countryclubdrive_to_I10interchange,NB,0.38,0.65,15.2
11/9/2025 15:00,countryclubdrive_to_I10interchange,NB,0.39,0.66,15.3
11/9/2025 16:00,countryclubdrive_to_I10interchange,NB,0.34,0.61,16.3
11/9/2025 17:00,countryclubdrive_to_I10interchange,NB,0.21,0.49,20.7
11/9/2025 18:00,countryclubdrive_to_I10interchange,NB,0.23,0.51,20.4
11/9/2025 19:00,countryclubdrive_to_I10interchange,NB,0.29,0.56,17.9
11/9/2025 20:00,countryclubdrive_to_I10interchange,NB,0.18,0.45,22.9
11/9/2025 21:00,countryclubdrive_to_I10interchange,NB,0.2,0.48,20.7
11/9/2025 22:00,countryclubdrive_to_I10interchange,NB,0.17,0.45,22.3
11/9/2025 23:00,countryclubdrive_to_I10interchange,NB,0.12,0.4,25.3
11/10/2025 0:00,countryclubdrive_to_I10interchange,NB,0.12,0.39,25.3
11/10/2025 1:00,countryclubdrive_to_I10interchange,NB,0.04,0.31,32.3
11/10/2025 2:00,countryclubdrive_to_I10interchange,NB,0.04,0.3,33
11/10/2025 3:00,countryclubdrive_to_I10interchange,NB,0.03,0.29,34.4
11/10/2025 4:00,countryclubdrive_to_I10interchange,NB,0.03,0.28,35.2
11/10/2025 5:00,countryclubdrive_to_I10interchange,NB,0.2,0.48,21.9
11/10/2025 6:00,countryclubdrive_to_I10interchange,NB,0.34,0.62,16.6
11/10/2025 7:00,countryclubdrive_to_I10interchange,NB,0.47,0.75,13.5
11/10/2025 8:00,countryclubdrive_to_I10interchange,NB,0.46,0.74,13.5
11/10/2025 9:00,countryclubdrive_to_I10interchange,NB,0.42,0.7,14.2
11/10/2025 10:00,countryclubdrive_to_I10interchange,NB,0.45,0.73,14
11/10/2025 11:00,countryclubdrive_to_I10interchange,NB,0.54,0.81,12.2
11/10/2025 12:00,countryclubdrive_to_I10interchange,NB,0.46,0.74,13.4
11/10/2025 13:00,countryclubdrive_to_I10interchange,NB,0.43,0.71,14
11/10/2025 14:00,countryclubdrive_to_I10interchange,NB,0.5,0.78,13
11/10/2025 15:00,countryclubdrive_to_I10interchange,NB,0.59,0.87,11.4
11/10/2025 16:00,countryclubdrive_to_I10interchange,NB,0.52,0.79,12.7
11/10/2025 17:00,countryclubdrive_to_I10interchange,NB,0.42,0.7,14.5
11/10/2025 18:00,countryclubdrive_to_I10interchange,NB,0.36,0.64,16.1
11/10/2025 19:00,countryclubdrive_to_I10interchange,NB,0.31,0.59,17.8
11/10/2025 20:00,countryclubdrive_to_I10interchange,NB,0.23,0.51,19.6
11/10/2025 21:00,countryclubdrive_to_I10interchange,NB,0.16,0.43,23
11/10/2025 22:00,countryclubdrive_to_I10interchange,NB,0.17,0.44,22.6
11/10/2025 23:00,countryclubdrive_to_I10interchange,NB,0.06,0.34,28.7
11/11/2025 0:00,countryclubdrive_to_I10interchange,NB,0.04,0.3,32.7
11/11/2025 1:00,countryclubdrive_to_I10interchange,NB,0.01,0.26,38.3
11/11/2025 2:00,countryclubdrive_to_I10interchange,NB,0.02,0.27,36.7
11/11/2025 3:00,countryclubdrive_to_I10interchange,NB,0.04,0.31,31.3
11/11/2025 4:00,countryclubdrive_to_I10interchange,NB,0.05,0.32,30.6
11/11/2025 5:00,countryclubdrive_to_I10interchange,NB,0.12,0.39,25.8
11/11/2025 6:00,countryclubdrive_to_I10interchange,NB,0.38,0.65,16.5
11/11/2025 7:00,countryclubdrive_to_I10interchange,NB,0.47,0.75,13.4
11/11/2025 8:00,countryclubdrive_to_I10interchange,NB,0.43,0.71,14.3
11/11/2025 9:00,countryclubdrive_to_I10interchange,NB,0.58,0.85,12
11/11/2025 10:00,countryclubdrive_to_I10interchange,NB,0.42,0.7,14.3
11/11/2025 11:00,countryclubdrive_to_I10interchange,NB,0.62,0.9,11.2
11/11/2025 12:00,countryclubdrive_to_I10interchange,NB,0.48,0.75,13.3
11/11/2025 13:00,countryclubdrive_to_I10interchange,NB,0.48,0.76,13.2
11/11/2025 14:00,countryclubdrive_to_I10interchange,NB,0.41,0.69,14.7
11/11/2025 15:00,countryclubdrive_to_I10interchange,NB,0.46,0.74,13.7
11/11/2025 16:00,countryclubdrive_to_I10interchange,NB,0.42,0.7,14.2
11/11/2025 17:00,countryclubdrive_to_I10interchange,NB,0.37,0.64,15.4
11/11/2025 18:00,countryclubdrive_to_I10interchange,NB,0.34,0.61,16.7
11/11/2025 19:00,countryclubdrive_to_I10interchange,NB,0.26,0.53,19.2
11/11/2025 20:00,countryclubdrive_to_I10interchange,NB,0.26,0.53,19.3
11/11/2025 21:00,countryclubdrive_to_I10interchange,NB,0.29,0.57,18.2
11/11/2025 22:00,countryclubdrive_to_I10interchange,NB,0.2,0.47,21.6
11/11/2025 23:00,countryclubdrive_to_I10interchange,NB,0.06,0.34,29.1
11/12/2025 0:00,countryclubdrive_to_I10interchange,NB,0.01,0.29,34.1
11/12/2025 1:00,countryclubdrive_to_I10interchange,NB,0.08,0.35,27.7
11/12/2025 2:00,countryclubdrive_to_I10interchange,NB,0.03,0.3,32.4
11/12/2025 3:00,countryclubdrive_to_I10interchange,NB,0.03,0.29,34.6
11/12/2025 4:00,countryclubdrive_to_I10interchange,NB,0.12,0.4,25.5
11/12/2025 5:00,countryclubdrive_to_I10interchange,NB,0.14,0.41,24.7
11/12/2025 6:00,countryclubdrive_to_I10interchange,NB,0.26,0.54,18.9
11/12/2025 7:00,countryclubdrive_to_I10interchange,NB,0.42,0.69,14.8
11/12/2025 8:00,countryclubdrive_to_I10interchange,NB,0.67,0.95,10.7
11/12/2025 9:00,countryclubdrive_to_I10interchange,NB,0.52,0.8,12.8
11/12/2025 10:00,countryclubdrive_to_I10interchange,NB,0.43,0.7,14.5
11/12/2025 11:00,countryclubdrive_to_I10interchange,NB,0.37,0.64,15.5
11/12/2025 12:00,countryclubdrive_to_I10interchange,NB,0.52,0.8,12.8
11/12/2025 13:00,countryclubdrive_to_I10interchange,NB,0.46,0.74,13.3
11/12/2025 14:00,countryclubdrive_to_I10interchange,NB,0.52,0.79,12.7
11/12/2025 15:00,countryclubdrive_to_I10interchange,NB,0.55,0.83,12.1
11/12/2025 16:00,countryclubdrive_to_I10interchange,NB,0.56,0.84,11.9
11/12/2025 17:00,countryclubdrive_to_I10interchange,NB,0.47,0.74,13.8
11/12/2025 18:00,countryclubdrive_to_I10interchange,NB,0.28,0.56,18.3
11/12/2025 19:00,countryclubdrive_to_I10interchange,NB,0.29,0.57,18.9
11/12/2025 20:00,countryclubdrive_to_I10interchange,NB,0.21,0.49,21.9
11/12/2025 21:00,countryclubdrive_to_I10interchange,NB,0.23,0.51,20.7
11/12/2025 22:00,countryclubdrive_to_I10interchange,NB,0.15,0.43,23.3
11/12/2025 23:00,countryclubdrive_to_I10interchange,NB,0.1,0.38,26.1
11/13/2025 0:00,countryclubdrive_to_I10interchange,NB,0.08,0.35,27.8
11/13/2025 1:00,countryclubdrive_to_I10interchange,NB,0.05,0.32,30.3
11/13/2025 2:00,countryclubdrive_to_I10interchange,NB,0.07,0.33,30.1
11/13/2025 3:00,countryclubdrive_to_I10interchange,NB,0.09,0.33,30.6
11/13/2025 4:00,countryclubdrive_to_I10interchange,NB,0.07,0.33,29.3
11/13/2025 5:00,countryclubdrive_to_I10interchange,NB,0.15,0.43,23.1
11/13/2025 6:00,countryclubdrive_to_I10interchange,NB,0.48,0.75,14.3
11/13/2025 7:00,countryclubdrive_to_I10interchange,NB,0.52,0.79,13.3
11/13/2025 8:00,countryclubdrive_to_I10interchange,NB,0.54,0.81,12.1
11/13/2025 9:00,countryclubdrive_to_I10interchange,NB,0.38,0.66,15.4
11/13/2025 10:00,countryclubdrive_to_I10interchange,NB,0.38,0.65,15.5
11/13/2025 11:00,countryclubdrive_to_I10interchange,NB,0.44,0.72,14.2
11/13/2025 12:00,countryclubdrive_to_I10interchange,NB,0.55,0.83,12.3
11/13/2025 13:00,countryclubdrive_to_I10interchange,NB,0.54,0.81,12.6
11/13/2025 14:00,countryclubdrive_to_I10interchange,NB,0.42,0.7,14.7
11/13/2025 15:00,countryclubdrive_to_I10interchange,NB,0.61,0.89,11.1
11/13/2025 16:00,countryclubdrive_to_I10interchange,NB,0.53,0.8,12.2
11/13/2025 17:00,countryclubdrive_to_I10interchange,NB,0.58,0.86,11.6
11/13/2025 18:00,countryclubdrive_to_I10interchange,NB,0.26,0.54,18.9
11/13/2025 19:00,countryclubdrive_to_I10interchange,NB,0.26,0.53,19.4
11/13/2025 20:00,countryclubdrive_to_I10interchange,NB,0.19,0.46,21.9
11/13/2025 21:00,countryclubdrive_to_I10interchange,NB,0.29,0.57,18
11/13/2025 22:00,countryclubdrive_to_I10interchange,NB,0.28,0.56,18
11/13/2025 23:00,countryclubdrive_to_I10interchange,NB,0.15,0.42,23.5
11/14/2025 0:00,countryclubdrive_to_I10interchange,NB,0.13,0.4,24.8
11/14/2025 1:00,countryclubdrive_to_I10interchange,NB,0.17,0.44,22.5
11/14/2025 2:00,countryclubdrive_to_I10interchange,NB,0.04,0.29,34.4
11/14/2025 3:00,countryclubdrive_to_I10interchange,NB,0.05,0.32,31
11/14/2025 4:00,countryclubdrive_to_I10interchange,NB,0.05,0.32,31
11/14/2025 5:00,countryclubdrive_to_I10interchange,NB,0.11,0.39,27.1
11/14/2025 6:00,countryclubdrive_to_I10interchange,NB,0.35,0.62,16.6
11/14/2025 7:00,countryclubdrive_to_I10interchange,NB,0.39,0.66,15.3
11/14/2025 8:00,countryclubdrive_to_I10interchange,NB,0.53,0.8,12.3
11/14/2025 9:00,countryclubdrive_to_I10interchange,NB,0.39,0.66,14.9
11/14/2025 10:00,countryclubdrive_to_I10interchange,NB,0.48,0.75,14.1
11/14/2025 11:00,countryclubdrive_to_I10interchange,NB,0.49,0.76,13.3
11/14/2025 12:00,countryclubdrive_to_I10interchange,NB,0.61,0.89,11.3
11/14/2025 13:00,countryclubdrive_to_I10interchange,NB,0.52,0.79,12.3
11/14/2025 14:00,countryclubdrive_to_I10interchange,NB,0.51,0.79,12.6
11/14/2025 15:00,countryclubdrive_to_I10interchange,NB,0.64,0.92,11
11/14/2025 16:00,countryclubdrive_to_I10interchange,NB,0.57,0.85,11.8
11/14/2025 17:00,countryclubdrive_to_I10interchange,NB,0.45,0.72,13.7
11/14/2025 18:00,countryclubdrive_to_I10interchange,NB,0.37,0.65,15.7
11/14/2025 19:00,countryclubdrive_to_I10interchange,NB,0.31,0.59,16.9
11/14/2025 20:00,countryclubdrive_to_I10interchange,NB,0.23,0.51,19.9
11/14/2025 21:00,countryclubdrive_to_I10interchange,NB,0.2,0.48,21.4
11/14/2025 22:00,countryclubdrive_to_I10interchange,NB,0.17,0.44,22.5
11/14/2025 23:00,countryclubdrive_to_I10interchange,NB,0.09,0.37,26.8
11/15/2025 0:00,countryclubdrive_to_I10interchange,NB,0.1,0.37,28.1
11/15/2025 1:00,countryclubdrive_to_I10interchange,NB,0.09,0.36,27.2
11/15/2025 2:00,countryclubdrive_to_I10interchange,NB,0.07,0.34,28.9
11/15/2025 3:00,countryclubdrive_to_I10interchange,NB,0.02,0.29,33.7
11/15/2025 4:00,countryclubdrive_to_I10interchange,NB,0.04,0.3,33.3
11/15/2025 5:00,countryclubdrive_to_I10interchange,NB,0.27,0.54,21.3
11/15/2025 6:00,countryclubdrive_to_I10interchange,NB,0.21,0.49,22
11/15/2025 7:00,countryclubdrive_to_I10interchange,NB,0.26,0.54,19.7
11/15/2025 8:00,countryclubdrive_to_I10interchange,NB,0.23,0.51,19.5
11/15/2025 9:00,countryclubdrive_to_I10interchange,NB,0.32,0.59,17.1
11/15/2025 10:00,countryclubdrive_to_I10interchange,NB,0.43,0.7,14.7
11/15/2025 11:00,countryclubdrive_to_I10interchange,NB,0.41,0.69,15.1
11/15/2025 12:00,countryclubdrive_to_I10interchange,NB,0.43,0.71,14.2
11/15/2025 13:00,countryclubdrive_to_I10interchange,NB,0.34,0.61,16.3
11/15/2025 14:00,countryclubdrive_to_I10interchange,NB,0.34,0.61,16.7
11/15/2025 15:00,countryclubdrive_to_I10interchange,NB,0.35,0.62,16.5
11/15/2025 16:00,countryclubdrive_to_I10interchange,NB,0.29,0.57,18.2
11/15/2025 17:00,countryclubdrive_to_I10interchange,NB,0.43,0.71,14.7
11/15/2025 18:00,countryclubdrive_to_I10interchange,NB,0.29,0.57,17.9
11/15/2025 19:00,countryclubdrive_to_I10interchange,NB,0.21,0.48,20.8
11/15/2025 20:00,countryclubdrive_to_I10interchange,NB,0.23,0.5,21.5
11/15/2025 21:00,countryclubdrive_to_I10interchange,NB,0.25,0.53,19
11/15/2025 22:00,countryclubdrive_to_I10interchange,NB,0.19,0.47,21.8
11/15/2025 23:00,countryclubdrive_to_I10interchange,NB,0.19,0.47,21.2
11/16/2025 0:00,countryclubdrive_to_I10interchange,NB,0.1,0.38,26.3
11/16/2025 1:00,countryclubdrive_to_I10interchange,NB,0.09,0.36,27
11/16/2025 2:00,countryclubdrive_to_I10interchange,NB,0.14,0.42,23.3
11/16/2025 3:00,countryclubdrive_to_I10interchange,NB,0.07,0.33,30.2
11/16/2025 4:00,countryclubdrive_to_I10interchange,NB,0.06,0.33,30.7
11/16/2025 5:00,countryclubdrive_to_I10interchange,NB,0.08,0.36,27.6
11/16/2025 6:00,countryclubdrive_to_I10interchange,NB,0.12,0.39,26.1
11/16/2025 7:00,countryclubdrive_to_I10interchange,NB,0.11,0.39,25.7
11/16/2025 8:00,countryclubdrive_to_I10interchange,NB,0.22,0.5,21.4
11/16/2025 9:00,countryclubdrive_to_I10interchange,NB,0.27,0.54,19.3
11/16/2025 10:00,countryclubdrive_to_I10interchange,NB,0.36,0.64,15.7
11/16/2025 11:00,countryclubdrive_to_I10interchange,NB,0.35,0.62,15.8
11/16/2025 12:00,countryclubdrive_to_I10interchange,NB,0.37,0.64,16
11/16/2025 13:00,countryclubdrive_to_I10interchange,NB,0.43,0.71,14.5
11/16/2025 14:00,countryclubdrive_to_I10interchange,NB,0.35,0.62,16.2
11/16/2025 15:00,countryclubdrive_to_I10interchange,NB,0.28,0.56,18.1
11/16/2025 16:00,countryclubdrive_to_I10interchange,NB,0.31,0.59,16.8
11/16/2025 17:00,countryclubdrive_to_I10interchange,NB,0.28,0.56,18.1
11/16/2025 18:00,countryclubdrive_to_I10interchange,NB,0.27,0.55,19.4
11/16/2025 19:00,countryclubdrive_to_I10interchange,NB,0.3,0.57,18
11/16/2025 20:00,countryclubdrive_to_I10interchange,NB,0.23,0.51,20
11/16/2025 21:00,countryclubdrive_to_I10interchange,NB,0.34,0.61,19.6
11/16/2025 22:00,countryclubdrive_to_I10interchange,NB,0.23,0.5,19.7
11/16/2025 23:00,countryclubdrive_to_I10interchange,NB,0.09,0.36,27.9
11/17/2025 0:00,countryclubdrive_to_I10interchange,NB,0.02,0.29,33.7
11/17/2025 1:00,countryclubdrive_to_I10interchange,NB,0.03,0.3,32.1
11/17/2025 2:00,countryclubdrive_to_I10interchange,NB,0.02,0.28,34.7
11/17/2025 3:00,countryclubdrive_to_I10interchange,NB,0.02,0.27,36.1
11/17/2025 4:00,countryclubdrive_to_I10interchange,NB,0.03,0.28,35.5
11/17/2025 5:00,countryclubdrive_to_I10interchange,NB,0.19,0.47,22.1
11/17/2025 6:00,countryclubdrive_to_I10interchange,NB,0.34,0.61,16.9
11/17/2025 7:00,countryclubdrive_to_I10interchange,NB,0.42,0.69,15
11/17/2025 8:00,countryclubdrive_to_I10interchange,NB,0.5,0.77,13
11/17/2025 9:00,countryclubdrive_to_I10interchange,NB,0.45,0.72,14.1
11/17/2025 10:00,countryclubdrive_to_I10interchange,NB,0.51,0.79,12.5
11/17/2025 11:00,countryclubdrive_to_I10interchange,NB,0.4,0.68,14.7
11/17/2025 12:00,countryclubdrive_to_I10interchange,NB,0.43,0.71,14.1
11/17/2025 13:00,countryclubdrive_to_I10interchange,NB,0.42,0.7,14.6
11/17/2025 14:00,countryclubdrive_to_I10interchange,NB,0.42,0.7,14.3
11/17/2025 15:00,countryclubdrive_to_I10interchange,NB,0.55,0.83,11.9
11/17/2025 16:00,countryclubdrive_to_I10interchange,NB,0.51,0.79,12.8
11/17/2025 17:00,countryclubdrive_to_I10interchange,NB,0.39,0.67,15.3
11/17/2025 18:00,countryclubdrive_to_I10interchange,NB,0.33,0.6,16.9
11/17/2025 19:00,countryclubdrive_to_I10interchange,NB,0.18,0.46,21.7
11/17/2025 20:00,countryclubdrive_to_I10interchange,NB,0.22,0.49,20.8
11/17/2025 21:00,countryclubdrive_to_I10interchange,NB,0.27,0.54,18.5
11/17/2025 22:00,countryclubdrive_to_I10interchange,NB,0.15,0.43,23.3
11/17/2025 23:00,countryclubdrive_to_I10interchange,NB,0.07,0.35,27.8
11/18/2025 0:00,countryclubdrive_to_I10interchange,NB,0.1,0.37,26.9
11/18/2025 1:00,countryclubdrive_to_I10interchange,NB,0.06,0.33,30.1
11/18/2025 2:00,countryclubdrive_to_I10interchange,NB,0.02,0.27,37.6
11/18/2025 3:00,countryclubdrive_to_I10interchange,NB,0,0.24,39.7
11/18/2025 4:00,countryclubdrive_to_I10interchange,NB,0.09,0.35,30.5
11/18/2025 5:00,countryclubdrive_to_I10interchange,NB,0.2,0.47,20.9
11/18/2025 6:00,countryclubdrive_to_I10interchange,NB,0.37,0.65,16.1
11/18/2025 7:00,countryclubdrive_to_I10interchange,NB,0.5,0.77,12.9
11/18/2025 8:00,countryclubdrive_to_I10interchange,NB,0.52,0.79,13.1
11/18/2025 9:00,countryclubdrive_to_I10interchange,NB,0.41,0.69,14.5
11/18/2025 10:00,countryclubdrive_to_I10interchange,NB,0.46,0.74,13.6
11/18/2025 11:00,countryclubdrive_to_I10interchange,NB,0.55,0.82,12.4
11/18/2025 12:00,countryclubdrive_to_I10interchange,NB,0.52,0.79,12.9
11/18/2025 13:00,countryclubdrive_to_I10interchange,NB,0.58,0.85,12.5
11/18/2025 14:00,countryclubdrive_to_I10interchange,NB,0.45,0.73,13.9
11/18/2025 15:00,countryclubdrive_to_I10interchange,NB,0.61,0.89,11.3
11/18/2025 16:00,countryclubdrive_to_I10interchange,NB,0.52,0.79,12.7
11/18/2025 17:00,countryclubdrive_to_I10interchange,NB,0.46,0.73,13.9
11/18/2025 18:00,countryclubdrive_to_I10interchange,NB,0.31,0.59,17.4
11/18/2025 19:00,countryclubdrive_to_I10interchange,NB,0.2,0.47,22.1
11/18/2025 20:00,countryclubdrive_to_I10interchange,NB,0.37,0.65,17
11/18/2025 21:00,countryclubdrive_to_I10interchange,NB,0.23,0.5,20.6
11/18/2025 22:00,countryclubdrive_to_I10interchange,NB,0.16,0.43,23.1
11/18/2025 23:00,countryclubdrive_to_I10interchange,NB,0.09,0.36,27.1
11/19/2025 0:00,countryclubdrive_to_I10interchange,NB,0.15,0.42,23.7
11/19/2025 1:00,countryclubdrive_to_I10interchange,NB,0.05,0.32,32
11/19/2025 2:00,countryclubdrive_to_I10interchange,NB,0.04,0.28,36.4
11/19/2025 3:00,countryclubdrive_to_I10interchange,NB,0.03,0.29,34
11/19/2025 4:00,countryclubdrive_to_I10interchange,NB,0.17,0.45,22.6
11/19/2025 5:00,countryclubdrive_to_I10interchange,NB,0.18,0.46,21.7
11/19/2025 6:00,countryclubdrive_to_I10interchange,NB,0.37,0.64,16.2
11/19/2025 7:00,countryclubdrive_to_I10interchange,NB,0.41,0.68,15.1
11/19/2025 8:00,countryclubdrive_to_I10interchange,NB,0.76,1.03,9.6
11/19/2025 9:00,countryclubdrive_to_I10interchange,NB,0.4,0.68,14.6
11/19/2025 10:00,countryclubdrive_to_I10interchange,NB,0.5,0.77,13.7
11/19/2025 11:00,countryclubdrive_to_I10interchange,NB,0.47,0.75,13.4
11/19/2025 12:00,countryclubdrive_to_I10interchange,NB,0.48,0.75,13.6
11/19/2025 13:00,countryclubdrive_to_I10interchange,NB,0.43,0.71,13.9
11/19/2025 14:00,countryclubdrive_to_I10interchange,NB,0.49,0.77,13.4
11/19/2025 15:00,countryclubdrive_to_I10interchange,NB,0.62,0.89,11.2
11/19/2025 16:00,countryclubdrive_to_I10interchange,NB,0.46,0.74,13.6
11/19/2025 17:00,countryclubdrive_to_I10interchange,NB,0.47,0.75,13.4
11/19/2025 18:00,countryclubdrive_to_I10interchange,NB,0.36,0.64,16
11/19/2025 19:00,countryclubdrive_to_I10interchange,NB,0.27,0.54,19.4
11/19/2025 20:00,countryclubdrive_to_I10interchange,NB,0.34,0.61,16.5
11/19/2025 21:00,countryclubdrive_to_I10interchange,NB,0.26,0.54,18.4
11/19/2025 22:00,countryclubdrive_to_I10interchange,NB,0.18,0.45,22
11/19/2025 23:00,countryclubdrive_to_I10interchange,NB,0.13,0.4,25
11/20/2025 0:00,countryclubdrive_to_I10interchange,NB,0.1,0.37,26.7
11/20/2025 1:00,countryclubdrive_to_I10interchange,NB,0.03,0.29,34.3
11/20/2025 2:00,countryclubdrive_to_I10interchange,NB,0,0.24,40.6
11/20/2025 3:00,countryclubdrive_to_I10interchange,NB,0,0.24,40.9
11/20/2025 4:00,countryclubdrive_to_I10interchange,NB,0.08,0.33,31.7
11/20/2025 5:00,countryclubdrive_to_I10interchange,NB,0.28,0.56,17.8
11/20/2025 6:00,countryclubdrive_to_I10interchange,NB,0.37,0.65,16.7
11/20/2025 7:00,countryclubdrive_to_I10interchange,NB,0.47,0.75,13.5
11/20/2025 8:00,countryclubdrive_to_I10interchange,NB,0.63,0.9,11.1
11/20/2025 9:00,countryclubdrive_to_I10interchange,NB,0.4,0.67,15
11/20/2025 10:00,countryclubdrive_to_I10interchange,NB,0.48,0.76,13.5
11/20/2025 11:00,countryclubdrive_to_I10interchange,NB,0.45,0.72,14.5
11/20/2025 12:00,countryclubdrive_to_I10interchange,NB,0.53,0.81,12.7
11/20/2025 13:00,countryclubdrive_to_I10interchange,NB,0.58,0.85,11.8
11/20/2025 14:00,countryclubdrive_to_I10interchange,NB,0.43,0.7,14.1
11/20/2025 15:00,countryclubdrive_to_I10interchange,NB,0.47,0.75,13.2
11/20/2025 16:00,countryclubdrive_to_I10interchange,NB,0.56,0.84,12
11/20/2025 17:00,countryclubdrive_to_I10interchange,NB,0.5,0.77,12.9
11/20/2025 18:00,countryclubdrive_to_I10interchange,NB,0.37,0.64,15.8
11/20/2025 19:00,countryclubdrive_to_I10interchange,NB,0.4,0.68,14.9
11/20/2025 20:00,countryclubdrive_to_I10interchange,NB,0.35,0.63,17.6
11/20/2025 21:00,countryclubdrive_to_I10interchange,NB,0.29,0.56,18
11/20/2025 22:00,countryclubdrive_to_I10interchange,NB,0.2,0.48,22.3
11/20/2025 23:00,countryclubdrive_to_I10interchange,NB,0.08,0.36,27.9
11/21/2025 0:00,countryclubdrive_to_I10interchange,NB,0.21,0.48,21.4
11/21/2025 1:00,countryclubdrive_to_I10interchange,NB,0.16,0.43,23.6
11/21/2025 2:00,countryclubdrive_to_I10interchange,NB,0.16,0.44,23.3
11/21/2025 3:00,countryclubdrive_to_I10interchange,NB,0.06,0.33,29.2
11/21/2025 4:00,countryclubdrive_to_I10interchange,NB,0.11,0.38,26.7
11/21/2025 5:00,countryclubdrive_to_I10interchange,NB,0.27,0.55,19.1
11/21/2025 6:00,countryclubdrive_to_I10interchange,NB,0.33,0.61,17.5
11/21/2025 7:00,countryclubdrive_to_I10interchange,NB,0.44,0.71,14.1
11/21/2025 8:00,countryclubdrive_to_I10interchange,NB,0.51,0.79,12.6
11/21/2025 9:00,countryclubdrive_to_I10interchange,NB,0.4,0.68,15.5
11/21/2025 10:00,countryclubdrive_to_I10interchange,NB,0.39,0.67,15.1
11/21/2025 11:00,countryclubdrive_to_I10interchange,NB,0.49,0.76,13.2
11/21/2025 12:00,countryclubdrive_to_I10interchange,NB,0.52,0.8,12.6
11/21/2025 13:00,countryclubdrive_to_I10interchange,NB,0.58,0.86,12.1
11/21/2025 14:00,countryclubdrive_to_I10interchange,NB,0.46,0.74,13.4
11/21/2025 15:00,countryclubdrive_to_I10interchange,NB,0.6,0.87,11.4
11/21/2025 16:00,countryclubdrive_to_I10interchange,NB,0.53,0.8,12.6
11/21/2025 17:00,countryclubdrive_to_I10interchange,NB,0.43,0.7,14.5
11/21/2025 18:00,countryclubdrive_to_I10interchange,NB,0.35,0.62,17.1
11/21/2025 19:00,countryclubdrive_to_I10interchange,NB,0.3,0.58,17.5
11/21/2025 20:00,countryclubdrive_to_I10interchange,NB,0.25,0.53,19.4
11/21/2025 21:00,countryclubdrive_to_I10interchange,NB,0.29,0.57,18.5
11/21/2025 22:00,countryclubdrive_to_I10interchange,NB,0.27,0.55,18.8
11/21/2025 23:00,countryclubdrive_to_I10interchange,NB,0.16,0.43,22.8
11/22/2025 0:00,countryclubdrive_to_I10interchange,NB,0.09,0.37,26.5
11/22/2025 1:00,countryclubdrive_to_I10interchange,NB,0.03,0.29,35.1
11/22/2025 2:00,countryclubdrive_to_I10interchange,NB,0.02,0.27,36
11/22/2025 3:00,countryclubdrive_to_I10interchange,NB,0.08,0.35,28.2
11/22/2025 4:00,countryclubdrive_to_I10interchange,NB,0.09,0.36,27.8
11/22/2025 5:00,countryclubdrive_to_I10interchange,NB,0.14,0.41,26
11/22/2025 6:00,countryclubdrive_to_I10interchange,NB,0.23,0.51,20
11/22/2025 7:00,countryclubdrive_to_I10interchange,NB,0.2,0.48,21
11/22/2025 8:00,countryclubdrive_to_I10interchange,NB,0.25,0.52,19.1
11/22/2025 9:00,countryclubdrive_to_I10interchange,NB,0.33,0.61,16.3
11/22/2025 10:00,countryclubdrive_to_I10interchange,NB,0.32,0.6,17
11/22/2025 11:00,countryclubdrive_to_I10interchange,NB,0.45,0.73,13.5
11/22/2025 12:00,countryclubdrive_to_I10interchange,NB,0.55,0.82,12.2
11/22/2025 13:00,countryclubdrive_to_I10interchange,NB,0.34,0.61,16.3
11/22/2025 14:00,countryclubdrive_to_I10interchange,NB,0.47,0.74,13.4
11/22/2025 15:00,countryclubdrive_to_I10interchange,NB,0.29,0.57,17.9
11/22/2025 16:00,countryclubdrive_to_I10interchange,NB,0.39,0.67,15.2
11/22/2025 17:00,countryclubdrive_to_I10interchange,NB,0.24,0.52,19.5
11/22/2025 18:00,countryclubdrive_to_I10interchange,NB,0.26,0.53,20.4
11/22/2025 19:00,countryclubdrive_to_I10interchange,NB,0.18,0.46,22.8
11/22/2025 20:00,countryclubdrive_to_I10interchange,NB,0.29,0.56,18.6
11/22/2025 21:00,countryclubdrive_to_I10interchange,NB,0.32,0.6,17.3
11/22/2025 22:00,countryclubdrive_to_I10interchange,NB,0.19,0.47,21.4
11/22/2025 23:00,countryclubdrive_to_I10interchange,NB,0.23,0.51,20.4
11/23/2025 0:00,countryclubdrive_to_I10interchange,NB,0.12,0.39,26.9
11/23/2025 1:00,countryclubdrive_to_I10interchange,NB,0.02,0.28,35.6
11/23/2025 2:00,countryclubdrive_to_I10interchange,NB,0,0.24,41.3
11/23/2025 3:00,countryclubdrive_to_I10interchange,NB,0.05,0.31,31.8
11/23/2025 4:00,countryclubdrive_to_I10interchange,NB,0.07,0.32,32.2
11/23/2025 5:00,countryclubdrive_to_I10interchange,NB,0.17,0.44,24.6
11/23/2025 6:00,countryclubdrive_to_I10interchange,NB,0.11,0.39,26.1
11/23/2025 7:00,countryclubdrive_to_I10interchange,NB,0.13,0.41,24.9
11/23/2025 8:00,countryclubdrive_to_I10interchange,NB,0.28,0.55,18.3
11/23/2025 9:00,countryclubdrive_to_I10interchange,NB,0.22,0.5,20.5
11/23/2025 10:00,countryclubdrive_to_I10interchange,NB,0.29,0.57,17.9
11/23/2025 11:00,countryclubdrive_to_I10interchange,NB,0.36,0.63,16.6
11/23/2025 12:00,countryclubdrive_to_I10interchange,NB,0.36,0.63,16
11/23/2025 13:00,countryclubdrive_to_I10interchange,NB,0.4,0.67,15.5
11/23/2025 14:00,countryclubdrive_to_I10interchange,NB,0.35,0.63,15.7
11/23/2025 15:00,countryclubdrive_to_I10interchange,NB,0.43,0.7,14.1
11/23/2025 16:00,countryclubdrive_to_I10interchange,NB,0.43,0.71,14.5
11/23/2025 17:00,countryclubdrive_to_I10interchange,NB,0.34,0.62,16.4
11/23/2025 18:00,countryclubdrive_to_I10interchange,NB,0.23,0.5,21.2
11/23/2025 19:00,countryclubdrive_to_I10interchange,NB,0.33,0.6,17.4
11/23/2025 20:00,countryclubdrive_to_I10interchange,NB,0.21,0.49,21
11/23/2025 21:00,countryclubdrive_to_I10interchange,NB,0.24,0.52,20.1
11/23/2025 22:00,countryclubdrive_to_I10interchange,NB,0.17,0.45,23.8
11/23/2025 23:00,countryclubdrive_to_I10interchange,NB,0.13,0.41,24.6
11/24/2025 0:00,countryclubdrive_to_I10interchange,NB,0.05,0.32,30.9
11/24/2025 1:00,countryclubdrive_to_I10interchange,NB,0.05,0.33,29.4
11/24/2025 2:00,countryclubdrive_to_I10interchange,NB,0.02,0.27,35.7
11/24/2025 3:00,countryclubdrive_to_I10interchange,NB,0.03,0.28,35.3
11/24/2025 4:00,countryclubdrive_to_I10interchange,NB,0.05,0.32,31.1
11/24/2025 5:00,countryclubdrive_to_I10interchange,NB,0.1,0.37,28.3
11/24/2025 6:00,countryclubdrive_to_I10interchange,NB,0.37,0.65,16.1
11/24/2025 7:00,countryclubdrive_to_I10interchange,NB,0.38,0.66,14.9
11/24/2025 8:00,countryclubdrive_to_I10interchange,NB,0.45,0.73,13.8
11/24/2025 9:00,countryclubdrive_to_I10interchange,NB,0.49,0.77,12.7
11/24/2025 10:00,countryclubdrive_to_I10interchange,NB,0.48,0.75,13.3
11/24/2025 11:00,countryclubdrive_to_I10interchange,NB,0.59,0.86,12.9
11/24/2025 12:00,countryclubdrive_to_I10interchange,NB,0.57,0.85,11.6
11/24/2025 13:00,countryclubdrive_to_I10interchange,NB,0.59,0.86,11.4
11/24/2025 14:00,countryclubdrive_to_I10interchange,NB,0.59,0.87,11.6
11/24/2025 15:00,countryclubdrive_to_I10interchange,NB,0.62,0.9,10.9
11/24/2025 16:00,countryclubdrive_to_I10interchange,NB,0.54,0.81,12.3
11/24/2025 17:00,countryclubdrive_to_I10interchange,NB,0.54,0.81,12.2
11/24/2025 18:00,countryclubdrive_to_I10interchange,NB,0.45,0.73,13.7
11/24/2025 19:00,countryclubdrive_to_I10interchange,NB,0.23,0.51,20.2
11/24/2025 20:00,countryclubdrive_to_I10interchange,NB,0.27,0.55,18.3
11/24/2025 21:00,countryclubdrive_to_I10interchange,NB,0.21,0.48,20.7
11/24/2025 22:00,countryclubdrive_to_I10interchange,NB,0.2,0.48,20.8
11/24/2025 23:00,countryclubdrive_to_I10interchange,NB,0.05,0.32,30.4
11/25/2025 0:00,countryclubdrive_to_I10interchange,NB,0.07,0.35,28.1
11/25/2025 1:00,countryclubdrive_to_I10interchange,NB,0.04,0.3,34.1
11/25/2025 2:00,countryclubdrive_to_I10interchange,NB,0.04,0.3,34.9
11/25/2025 3:00,countryclubdrive_to_I10interchange,NB,0,0.23,42
11/25/2025 4:00,countryclubdrive_to_I10interchange,NB,0.08,0.33,29.4
11/25/2025 5:00,countryclubdrive_to_I10interchange,NB,0.19,0.46,22.3
11/25/2025 6:00,countryclubdrive_to_I10interchange,NB,0.35,0.63,16.1
11/25/2025 7:00,countryclubdrive_to_I10interchange,NB,0.51,0.79,13
11/25/2025 8:00,countryclubdrive_to_I10interchange,NB,0.39,0.66,15.2
11/25/2025 9:00,countryclubdrive_to_I10interchange,NB,0.56,0.84,12.1
11/25/2025 10:00,countryclubdrive_to_I10interchange,NB,0.5,0.78,13
11/25/2025 11:00,countryclubdrive_to_I10interchange,NB,0.66,0.94,10.9
11/25/2025 12:00,countryclubdrive_to_I10interchange,NB,0.6,0.88,11.8
11/25/2025 13:00,countryclubdrive_to_I10interchange,NB,0.61,0.89,11.4
11/25/2025 14:00,countryclubdrive_to_I10interchange,NB,0.62,0.9,11.2
11/25/2025 15:00,countryclubdrive_to_I10interchange,NB,0.58,0.86,11.5
11/25/2025 16:00,countryclubdrive_to_I10interchange,NB,0.5,0.78,13
11/25/2025 17:00,countryclubdrive_to_I10interchange,NB,0.49,0.76,13.2
11/25/2025 18:00,countryclubdrive_to_I10interchange,NB,0.33,0.61,16.8
11/25/2025 19:00,countryclubdrive_to_I10interchange,NB,0.27,0.54,19.4
11/25/2025 20:00,countryclubdrive_to_I10interchange,NB,0.23,0.5,20.4
11/25/2025 21:00,countryclubdrive_to_I10interchange,NB,0.27,0.55,18.7
11/25/2025 22:00,countryclubdrive_to_I10interchange,NB,0.25,0.53,19.9
11/25/2025 23:00,countryclubdrive_to_I10interchange,NB,0.1,0.38,26.3
11/26/2025 0:00,countryclubdrive_to_I10interchange,NB,0.11,0.38,26.9
11/26/2025 1:00,countryclubdrive_to_I10interchange,NB,0.07,0.34,29.7
11/26/2025 2:00,countryclubdrive_to_I10interchange,NB,0.01,0.27,36.1
11/26/2025 3:00,countryclubdrive_to_I10interchange,NB,0.04,0.3,34.6
11/26/2025 4:00,countryclubdrive_to_I10interchange,NB,0.07,0.34,28.8
11/26/2025 5:00,countryclubdrive_to_I10interchange,NB,0.1,0.38,26.5
11/26/2025 6:00,countryclubdrive_to_I10interchange,NB,0.4,0.67,15.4
11/26/2025 7:00,countryclubdrive_to_I10interchange,NB,0.43,0.71,15.3
11/26/2025 8:00,countryclubdrive_to_I10interchange,NB,0.39,0.67,15
11/26/2025 9:00,countryclubdrive_to_I10interchange,NB,0.51,0.79,13.4
11/26/2025 10:00,countryclubdrive_to_I10interchange,NB,0.5,0.78,12.9
11/26/2025 11:00,countryclubdrive_to_I10interchange,NB,0.74,1.01,9.7
11/26/2025 12:00,countryclubdrive_to_I10interchange,NB,0.59,0.86,11.5
11/26/2025 13:00,countryclubdrive_to_I10interchange,NB,0.58,0.85,11.6
11/26/2025 14:00,countryclubdrive_to_I10interchange,NB,0.56,0.83,12.1
11/26/2025 15:00,countryclubdrive_to_I10interchange,NB,0.55,0.82,12.2
11/26/2025 16:00,countryclubdrive_to_I10interchange,NB,0.49,0.76,13
11/26/2025 17:00,countryclubdrive_to_I10interchange,NB,0.51,0.78,12.5
11/26/2025 18:00,countryclubdrive_to_I10interchange,NB,0.39,0.66,15.3
11/26/2025 19:00,countryclubdrive_to_I10interchange,NB,0.34,0.62,16.4
11/26/2025 20:00,countryclubdrive_to_I10interchange,NB,0.39,0.67,15.4
11/26/2025 21:00,countryclubdrive_to_I10interchange,NB,0.28,0.55,18.7
11/26/2025 22:00,countryclubdrive_to_I10interchange,NB,0.24,0.51,19.7
11/26/2025 23:00,countryclubdrive_to_I10interchange,NB,0.24,0.52,19.3
11/27/2025 0:00,countryclubdrive_to_I10interchange,NB,0.07,0.34,29.1
11/27/2025 1:00,countryclubdrive_to_I10interchange,NB,0.09,0.37,27.1
11/27/2025 2:00,countryclubdrive_to_I10interchange,NB,0.03,0.29,33.9
11/27/2025 3:00,countryclubdrive_to_I10interchange,NB,0.02,0.27,36.6
11/27/2025 4:00,countryclubdrive_to_I10interchange,NB,0.07,0.34,30
11/27/2025 5:00,countryclubdrive_to_I10interchange,NB,0.1,0.38,25.8
11/27/2025 6:00,countryclubdrive_to_I10interchange,NB,0.11,0.38,25.5
11/27/2025 7:00,countryclubdrive_to_I10interchange,NB,0.17,0.44,22.7
11/27/2025 8:00,countryclubdrive_to_I10interchange,NB,0.11,0.38,26.6
11/27/2025 9:00,countryclubdrive_to_I10interchange,NB,0.29,0.56,18.8
11/27/2025 10:00,countryclubdrive_to_I10interchange,NB,0.31,0.58,17.8
11/27/2025 11:00,countryclubdrive_to_I10interchange,NB,0.37,0.64,15.8
11/27/2025 12:00,countryclubdrive_to_I10interchange,NB,0.36,0.64,15.6
11/27/2025 13:00,countryclubdrive_to_I10interchange,NB,0.27,0.55,18.9
11/27/2025 14:00,countryclubdrive_to_I10interchange,NB,0.34,0.62,16.4
11/27/2025 15:00,countryclubdrive_to_I10interchange,NB,0.28,0.56,18.2
11/27/2025 16:00,countryclubdrive_to_I10interchange,NB,0.21,0.49,20.7
11/27/2025 17:00,countryclubdrive_to_I10interchange,NB,0.26,0.53,18.9
11/27/2025 18:00,countryclubdrive_to_I10interchange,NB,0.34,0.61,17.1
11/27/2025 19:00,countryclubdrive_to_I10interchange,NB,0.42,0.69,16.6
11/27/2025 20:00,countryclubdrive_to_I10interchange,NB,0.24,0.51,20.8
11/27/2025 21:00,countryclubdrive_to_I10interchange,NB,0.28,0.55,18.1
11/27/2025 22:00,countryclubdrive_to_I10interchange,NB,0.28,0.56,18.2
11/27/2025 23:00,countryclubdrive_to_I10interchange,NB,0.15,0.42,24.4
11/28/2025 0:00,countryclubdrive_to_I10interchange,NB,0.13,0.41,26.3
11/28/2025 1:00,countryclubdrive_to_I10interchange,NB,0.05,0.32,31.2
11/28/2025 2:00,countryclubdrive_to_I10interchange,NB,0.01,0.28,34.8
11/28/2025 3:00,countryclubdrive_to_I10interchange,NB,0,0.26,36.8
11/28/2025 4:00,countryclubdrive_to_I10interchange,NB,0.04,0.3,33.1
11/28/2025 5:00,countryclubdrive_to_I10interchange,NB,0.12,0.39,26.4
11/28/2025 6:00,countryclubdrive_to_I10interchange,NB,0.3,0.58,18
11/28/2025 7:00,countryclubdrive_to_I10interchange,NB,0.41,0.68,15.7
11/28/2025 8:00,countryclubdrive_to_I10interchange,NB,0.48,0.75,14.3
11/28/2025 9:00,countryclubdrive_to_I10interchange,NB,0.43,0.71,14.8
11/28/2025 10:00,countryclubdrive_to_I10interchange,NB,0.45,0.73,14
11/28/2025 11:00,countryclubdrive_to_I10interchange,NB,0.45,0.72,13.9
11/28/2025 12:00,countryclubdrive_to_I10interchange,NB,0.4,0.67,15.4
11/28/2025 13:00,countryclubdrive_to_I10interchange,NB,0.4,0.67,15.6
11/28/2025 14:00,countryclubdrive_to_I10interchange,NB,0.49,0.76,13
11/28/2025 15:00,countryclubdrive_to_I10interchange,NB,0.51,0.79,12.6
11/28/2025 16:00,countryclubdrive_to_I10interchange,NB,0.43,0.7,14.2
11/28/2025 17:00,countryclubdrive_to_I10interchange,NB,0.31,0.59,17.1
11/28/2025 18:00,countryclubdrive_to_I10interchange,NB,0.22,0.5,20
11/28/2025 19:00,countryclubdrive_to_I10interchange,NB,0.33,0.6,17.3
11/28/2025 20:00,countryclubdrive_to_I10interchange,NB,0.32,0.6,16.8
11/28/2025 21:00,countryclubdrive_to_I10interchange,NB,0.21,0.49,22.1
11/28/2025 22:00,countryclubdrive_to_I10interchange,NB,0.23,0.51,19.6
11/28/2025 23:00,countryclubdrive_to_I10interchange,NB,0.14,0.42,24.3
11/29/2025 0:00,countryclubdrive_to_I10interchange,NB,0.1,0.37,26.8
11/29/2025 1:00,countryclubdrive_to_I10interchange,NB,0.09,0.37,26.5
11/29/2025 2:00,countryclubdrive_to_I10interchange,NB,0.1,0.37,27.6
11/29/2025 3:00,countryclubdrive_to_I10interchange,NB,0.06,0.33,30.7
11/29/2025 4:00,countryclubdrive_to_I10interchange,NB,0.01,0.28,35.1
11/29/2025 5:00,countryclubdrive_to_I10interchange,NB,0.13,0.4,27.6
11/29/2025 6:00,countryclubdrive_to_I10interchange,NB,0.19,0.47,22.2
11/29/2025 7:00,countryclubdrive_to_I10interchange,NB,0.27,0.54,18.3
11/29/2025 8:00,countryclubdrive_to_I10interchange,NB,0.4,0.67,15.1
11/29/2025 9:00,countryclubdrive_to_I10interchange,NB,0.37,0.64,16.4
11/29/2025 10:00,countryclubdrive_to_I10interchange,NB,0.49,0.76,13.4
11/29/2025 11:00,countryclubdrive_to_I10interchange,NB,0.4,0.67,15.1
11/29/2025 12:00,countryclubdrive_to_I10interchange,NB,0.44,0.71,13.9
11/29/2025 13:00,countryclubdrive_to_I10interchange,NB,0.51,0.79,13.1
11/29/2025 14:00,countryclubdrive_to_I10interchange,NB,0.37,0.65,15.6
11/29/2025 15:00,countryclubdrive_to_I10interchange,NB,0.42,0.7,14.9
11/29/2025 16:00,countryclubdrive_to_I10interchange,NB,0.41,0.69,14.8
11/29/2025 17:00,countryclubdrive_to_I10interchange,NB,0.37,0.65,15.7
11/29/2025 18:00,countryclubdrive_to_I10interchange,NB,0.32,0.6,16.8
11/29/2025 19:00,countryclubdrive_to_I10interchange,NB,0.24,0.51,19.1
11/29/2025 20:00,countryclubdrive_to_I10interchange,NB,0.26,0.54,20.1
11/29/2025 21:00,countryclubdrive_to_I10interchange,NB,0.26,0.54,18.5
11/29/2025 22:00,countryclubdrive_to_I10interchange,NB,0.21,0.49,20.5
11/29/2025 23:00,countryclubdrive_to_I10interchange,NB,0.19,0.47,21.8
11/30/2025 0:00,countryclubdrive_to_I10interchange,NB,0.15,0.43,24.3
11/30/2025 1:00,countryclubdrive_to_I10interchange,NB,0.05,0.32,30.5
11/30/2025 2:00,countryclubdrive_to_I10interchange,NB,0.01,0.27,35.7
11/30/2025 3:00,countryclubdrive_to_I10interchange,NB,0.01,0.28,34.8
11/30/2025 4:00,countryclubdrive_to_I10interchange,NB,0.02,0.29,33.9
11/30/2025 5:00,countryclubdrive_to_I10interchange,NB,0.13,0.4,26
11/30/2025 6:00,countryclubdrive_to_I10interchange,NB,0.22,0.5,22
11/30/2025 7:00,countryclubdrive_to_I10interchange,NB,0.25,0.53,21.1
11/30/2025 8:00,countryclubdrive_to_I10interchange,NB,0.24,0.51,19.9
11/30/2025 9:00,countryclubdrive_to_I10interchange,NB,0.26,0.53,19
11/30/2025 10:00,countryclubdrive_to_I10interchange,NB,0.33,0.61,17
11/30/2025 11:00,countryclubdrive_to_I10interchange,NB,0.32,0.6,16.5
11/30/2025 12:00,countryclubdrive_to_I10interchange,NB,0.4,0.67,14.8
11/30/2025 13:00,countryclubdrive_to_I10interchange,NB,0.3,0.58,18.2
11/30/2025 14:00,countryclubdrive_to_I10interchange,NB,0.3,0.58,17.8
11/30/2025 15:00,countryclubdrive_to_I10interchange,NB,0.29,0.56,17.5
11/30/2025 16:00,countryclubdrive_to_I10interchange,NB,0.3,0.58,17.7
11/30/2025 17:00,countryclubdrive_to_I10interchange,NB,0.27,0.55,18.9
11/30/2025 18:00,countryclubdrive_to_I10interchange,NB,0.31,0.59,18.1
11/30/2025 19:00,countryclubdrive_to_I10interchange,NB,0.24,0.51,19.5
11/30/2025 20:00,countryclubdrive_to_I10interchange,NB,0.3,0.58,18.6
11/30/2025 21:00,countryclubdrive_to_I10interchange,NB,0.17,0.45,23.1
11/30/2025 22:00,countryclubdrive_to_I10interchange,NB,0.2,0.48,22.2
11/30/2025 23:00,countryclubdrive_to_I10interchange,NB,0.14,0.41,24
12/1/2025 0:00,countryclubdrive_to_I10interchange,NB,0.08,0.36,27.5
12/1/2025 1:00,countryclubdrive_to_I10interchange,NB,0.02,0.29,34.1
12/1/2025 2:00,countryclubdrive_to_I10interchange,NB,0.02,0.28,34.8
12/1/2025 3:00,countryclubdrive_to_I10interchange,NB,0.04,0.3,32.5
12/1/2025 4:00,countryclubdrive_to_I10interchange,NB,0.05,0.32,31.1
12/1/2025 5:00,countryclubdrive_to_I10interchange,NB,0.18,0.45,22.9
12/1/2025 6:00,countryclubdrive_to_I10interchange,NB,0.41,0.68,15.9
12/1/2025 7:00,countryclubdrive_to_I10interchange,NB,0.48,0.76,13.1
12/1/2025 8:00,countryclubdrive_to_I10interchange,NB,0.46,0.73,13.7
12/1/2025 9:00,countryclubdrive_to_I10interchange,NB,0.44,0.72,14.3
12/1/2025 10:00,countryclubdrive_to_I10interchange,NB,0.42,0.69,14.5
12/1/2025 11:00,countryclubdrive_to_I10interchange,NB,0.51,0.79,12.8
12/1/2025 12:00,countryclubdrive_to_I10interchange,NB,0.45,0.73,13.8
12/1/2025 13:00,countryclubdrive_to_I10interchange,NB,0.42,0.69,14.8
12/1/2025 14:00,countryclubdrive_to_I10interchange,NB,0.47,0.74,13.5
12/1/2025 15:00,countryclubdrive_to_I10interchange,NB,0.64,0.92,10.8
12/1/2025 16:00,countryclubdrive_to_I10interchange,NB,0.46,0.73,13.7
12/1/2025 17:00,countryclubdrive_to_I10interchange,NB,0.54,0.81,12.4
12/1/2025 18:00,countryclubdrive_to_I10interchange,NB,0.35,0.63,16.4
12/1/2025 19:00,countryclubdrive_to_I10interchange,NB,0.26,0.53,19.5
12/1/2025 20:00,countryclubdrive_to_I10interchange,NB,0.28,0.55,18.1
12/1/2025 21:00,countryclubdrive_to_I10interchange,NB,0.22,0.49,20.1
12/1/2025 22:00,countryclubdrive_to_I10interchange,NB,0.14,0.42,23.9
12/1/2025 23:00,countryclubdrive_to_I10interchange,NB,0.03,0.3,33.2
12/2/2025 0:00,countryclubdrive_to_I10interchange,NB,0.08,0.35,27.6
12/2/2025 1:00,countryclubdrive_to_I10interchange,NB,0.08,0.36,27.4
12/2/2025 2:00,countryclubdrive_to_I10interchange,NB,0.03,0.3,32.6
12/2/2025 3:00,countryclubdrive_to_I10interchange,NB,0.02,0.27,36.2
12/2/2025 4:00,countryclubdrive_to_I10interchange,NB,0.02,0.3,32.9
12/2/2025 5:00,countryclubdrive_to_I10interchange,NB,0.12,0.4,25.5
12/2/2025 6:00,countryclubdrive_to_I10interchange,NB,0.31,0.58,18.5
12/2/2025 7:00,countryclubdrive_to_I10interchange,NB,0.49,0.76,13.7
12/2/2025 8:00,countryclubdrive_to_I10interchange,NB,0.61,0.89,11.3
12/2/2025 9:00,countryclubdrive_to_I10interchange,NB,0.42,0.7,14.4
12/2/2025 10:00,countryclubdrive_to_I10interchange,NB,0.35,0.62,16.1
12/2/2025 11:00,countryclubdrive_to_I10interchange,NB,0.37,0.64,15.4
12/2/2025 12:00,countryclubdrive_to_I10interchange,NB,0.33,0.61,16.3
12/2/2025 13:00,countryclubdrive_to_I10interchange,NB,0.38,0.66,15.3
12/2/2025 14:00,countryclubdrive_to_I10interchange,NB,0.4,0.68,14.5
12/2/2025 15:00,countryclubdrive_to_I10interchange,NB,0.43,0.7,14.1
12/2/2025 16:00,countryclubdrive_to_I10interchange,NB,0.39,0.67,14.7
12/2/2025 17:00,countryclubdrive_to_I10interchange,NB,0.35,0.62,15.9
12/2/2025 18:00,countryclubdrive_to_I10interchange,NB,0.22,0.49,19.9
12/2/2025 19:00,countryclubdrive_to_I10interchange,NB,0.17,0.44,22.8
12/2/2025 20:00,countryclubdrive_to_I10interchange,NB,0.16,0.43,22.8
12/2/2025 21:00,countryclubdrive_to_I10interchange,NB,0.18,0.46,21.6
12/2/2025 22:00,countryclubdrive_to_I10interchange,NB,0.09,0.37,27.2
12/2/2025 23:00,countryclubdrive_to_I10interchange,NB,0.06,0.33,29.2
12/3/2025 0:00,countryclubdrive_to_I10interchange,NB,0.02,0.28,35.8
12/3/2025 1:00,countryclubdrive_to_I10interchange,NB,0,0.24,41.4
12/3/2025 2:00,countryclubdrive_to_I10interchange,NB,0,0.23,41.9
12/3/2025 3:00,countryclubdrive_to_I10interchange,NB,0,0.24,41.2
12/3/2025 4:00,countryclubdrive_to_I10interchange,NB,0.01,0.27,36.6
12/3/2025 5:00,countryclubdrive_to_I10interchange,NB,0.07,0.34,28.8
12/3/2025 6:00,countryclubdrive_to_I10interchange,NB,0.26,0.53,18.6
12/3/2025 7:00,countryclubdrive_to_I10interchange,NB,0.32,0.6,16.6
12/3/2025 8:00,countryclubdrive_to_I10interchange,NB,0.39,0.66,15.1
12/3/2025 9:00,countryclubdrive_to_I10interchange,NB,0.31,0.59,16.8
12/3/2025 10:00,countryclubdrive_to_I10interchange,NB,0.27,0.54,18.1
12/3/2025 11:00,countryclubdrive_to_I10interchange,NB,0.33,0.6,16.5
12/3/2025 12:00,countryclubdrive_to_I10interchange,NB,0.36,0.63,15.8
12/3/2025 13:00,countryclubdrive_to_I10interchange,NB,0.33,0.61,16.6
12/3/2025 14:00,countryclubdrive_to_I10interchange,NB,0.4,0.67,14.7
12/3/2025 15:00,countryclubdrive_to_I10interchange,NB,0.4,0.68,14.5
12/3/2025 16:00,countryclubdrive_to_I10interchange,NB,0.35,0.63,15.9
12/3/2025 17:00,countryclubdrive_to_I10interchange,NB,0.32,0.6,16.6
12/3/2025 18:00,countryclubdrive_to_I10interchange,NB,0.26,0.53,18.5
12/3/2025 19:00,countryclubdrive_to_I10interchange,NB,0.22,0.5,20.8
12/3/2025 20:00,countryclubdrive_to_I10interchange,NB,0.26,0.54,18.9
12/3/2025 21:00,countryclubdrive_to_I10interchange,NB,0.16,0.44,23.1
12/3/2025 22:00,countryclubdrive_to_I10interchange,NB,0.11,0.38,28.5
12/3/2025 23:00,countryclubdrive_to_I10interchange,NB,0.06,0.34,29.2
12/4/2025 0:00,countryclubdrive_to_I10interchange,NB,0.03,0.28,35.2
12/4/2025 1:00,countryclubdrive_to_I10interchange,NB,0,0.24,40.9
12/4/2025 2:00,countryclubdrive_to_I10interchange,NB,0,0.24,40.5
12/4/2025 3:00,countryclubdrive_to_I10interchange,NB,0.01,0.25,38.9
12/4/2025 4:00,countryclubdrive_to_I10interchange,NB,0.02,0.29,33.7
12/4/2025 5:00,countryclubdrive_to_I10interchange,NB,0.06,0.34,29
12/4/2025 6:00,countryclubdrive_to_I10interchange,NB,0.22,0.5,20.3
12/4/2025 7:00,countryclubdrive_to_I10interchange,NB,0.33,0.61,16.8
12/4/2025 8:00,countryclubdrive_to_I10interchange,NB,0.67,0.95,10.9
12/4/2025 9:00,countryclubdrive_to_I10interchange,NB,0.32,0.6,16.5
12/4/2025 10:00,countryclubdrive_to_I10interchange,NB,0.3,0.58,17.1
12/4/2025 11:00,countryclubdrive_to_I10interchange,NB,0.36,0.64,15.7
12/4/2025 12:00,countryclubdrive_to_I10interchange,NB,0.32,0.59,16.5
12/4/2025 13:00,countryclubdrive_to_I10interchange,NB,0.34,0.62,15.9
12/4/2025 14:00,countryclubdrive_to_I10interchange,NB,0.36,0.64,15.4
12/4/2025 15:00,countryclubdrive_to_I10interchange,NB,0.39,0.67,14.6
12/4/2025 16:00,countryclubdrive_to_I10interchange,NB,0.44,0.72,13.7
12/4/2025 17:00,countryclubdrive_to_I10interchange,NB,0.35,0.63,15.8
12/4/2025 18:00,countryclubdrive_to_I10interchange,NB,0.23,0.51,19.3
12/4/2025 19:00,countryclubdrive_to_I10interchange,NB,0.22,0.5,20.2
12/4/2025 20:00,countryclubdrive_to_I10interchange,NB,0.18,0.46,22
12/4/2025 21:00,countryclubdrive_to_I10interchange,NB,0.2,0.48,20.8
12/4/2025 22:00,countryclubdrive_to_I10interchange,NB,0.19,0.46,21.2
12/4/2025 23:00,countryclubdrive_to_I10interchange,NB,0.07,0.35,28.1
12/5/2025 0:00,countryclubdrive_to_I10interchange,NB,0.06,0.33,30.7
12/5/2025 1:00,countryclubdrive_to_I10interchange,NB,0,0.25,39.7
12/5/2025 2:00,countryclubdrive_to_I10interchange,NB,0,0.24,40.3
12/5/2025 3:00,countryclubdrive_to_I10interchange,NB,0.02,0.26,38.1
12/5/2025 4:00,countryclubdrive_to_I10interchange,NB,0.02,0.27,37.5
12/5/2025 5:00,countryclubdrive_to_I10interchange,NB,0.08,0.35,29.7
12/5/2025 6:00,countryclubdrive_to_I10interchange,NB,0.27,0.54,18.2
12/5/2025 7:00,countryclubdrive_to_I10interchange,NB,0.38,0.65,15.4
12/5/2025 8:00,countryclubdrive_to_I10interchange,NB,0.37,0.64,15.3
12/5/2025 9:00,countryclubdrive_to_I10interchange,NB,0.3,0.57,19.2
12/5/2025 10:00,countryclubdrive_to_I10interchange,NB,0.37,0.64,15.5
12/5/2025 11:00,countryclubdrive_to_I10interchange,NB,0.32,0.59,16.6
12/5/2025 12:00,countryclubdrive_to_I10interchange,NB,0.43,0.7,14.1
12/5/2025 13:00,countryclubdrive_to_I10interchange,NB,0.34,0.62,15.8
12/5/2025 14:00,countryclubdrive_to_I10interchange,NB,0.38,0.65,15.6
12/5/2025 15:00,countryclubdrive_to_I10interchange,NB,0.42,0.7,14.2
12/5/2025 16:00,countryclubdrive_to_I10interchange,NB,0.41,0.68,14.5
12/5/2025 17:00,countryclubdrive_to_I10interchange,NB,0.43,0.71,14.1
12/5/2025 18:00,countryclubdrive_to_I10interchange,NB,0.31,0.59,16.9
12/5/2025 19:00,countryclubdrive_to_I10interchange,NB,0.23,0.5,19.8
12/5/2025 20:00,countryclubdrive_to_I10interchange,NB,0.22,0.49,20.8
12/5/2025 21:00,countryclubdrive_to_I10interchange,NB,0.25,0.52,19.2
12/5/2025 22:00,countryclubdrive_to_I10interchange,NB,0.14,0.41,23.9
12/5/2025 23:00,countryclubdrive_to_I10interchange,NB,0.12,0.39,25.4
12/6/2025 0:00,countryclubdrive_to_I10interchange,NB,0.09,0.36,28.1
12/6/2025 1:00,countryclubdrive_to_I10interchange,NB,0.04,0.31,32.2
12/6/2025 2:00,countryclubdrive_to_I10interchange,NB,0.03,0.28,35.6
12/6/2025 3:00,countryclubdrive_to_I10interchange,NB,0,0.25,38.5
12/6/2025 4:00,countryclubdrive_to_I10interchange,NB,0.02,0.27,38.5
12/6/2025 5:00,countryclubdrive_to_I10interchange,NB,0.07,0.33,30.4
12/6/2025 6:00,countryclubdrive_to_I10interchange,NB,0.14,0.41,24.3
12/6/2025 7:00,countryclubdrive_to_I10interchange,NB,0.19,0.47,21
12/6/2025 8:00,countryclubdrive_to_I10interchange,NB,0.22,0.5,20.3
12/6/2025 9:00,countryclubdrive_to_I10interchange,NB,0.28,0.55,17.8
12/6/2025 10:00,countryclubdrive_to_I10interchange,NB,0.34,0.62,16.1
12/6/2025 11:00,countryclubdrive_to_I10interchange,NB,0.36,0.64,15.4
12/6/2025 12:00,countryclubdrive_to_I10interchange,NB,0.27,0.54,18.3
12/6/2025 13:00,countryclubdrive_to_I10interchange,NB,0.29,0.57,17.4
12/6/2025 14:00,countryclubdrive_to_I10interchange,NB,0.32,0.6,16.4
12/6/2025 15:00,countryclubdrive_to_I10interchange,NB,0.32,0.6,16.5
12/6/2025 16:00,countryclubdrive_to_I10interchange,NB,0.3,0.57,17.5
12/6/2025 17:00,countryclubdrive_to_I10interchange,NB,0.28,0.55,18.1
12/6/2025 18:00,countryclubdrive_to_I10interchange,NB,0.24,0.51,19.6
12/6/2025 19:00,countryclubdrive_to_I10interchange,NB,0.15,0.42,23.5
12/6/2025 20:00,countryclubdrive_to_I10interchange,NB,0.16,0.43,23.4
12/6/2025 21:00,countryclubdrive_to_I10interchange,NB,0.15,0.42,23.5
12/6/2025 22:00,countryclubdrive_to_I10interchange,NB,0.11,0.38,25.8
12/6/2025 23:00,countryclubdrive_to_I10interchange,NB,0.07,0.34,29.2
12/7/2025 0:00,countryclubdrive_to_I10interchange,NB,0.06,0.33,30
12/7/2025 1:00,countryclubdrive_to_I10interchange,NB,0.06,0.32,31.1
12/7/2025 2:00,countryclubdrive_to_I10interchange,NB,0.04,0.3,33.6
12/7/2025 3:00,countryclubdrive_to_I10interchange,NB,0.01,0.26,38.8
12/7/2025 4:00,countryclubdrive_to_I10interchange,NB,0.04,0.29,35.7
12/7/2025 5:00,countryclubdrive_to_I10interchange,NB,0.05,0.32,31.1
12/7/2025 6:00,countryclubdrive_to_I10interchange,NB,0.12,0.39,25.8
12/7/2025 7:00,countryclubdrive_to_I10interchange,NB,0.12,0.4,24.9
12/7/2025 8:00,countryclubdrive_to_I10interchange,NB,0.14,0.41,24.5
12/7/2025 9:00,countryclubdrive_to_I10interchange,NB,0.25,0.53,19.1
12/7/2025 10:00,countryclubdrive_to_I10interchange,NB,0.22,0.5,20.1
12/7/2025 11:00,countryclubdrive_to_I10interchange,NB,0.23,0.51,19.9
12/7/2025 12:00,countryclubdrive_to_I10interchange,NB,0.28,0.56,17.5
12/7/2025 13:00,countryclubdrive_to_I10interchange,NB,0.34,0.62,16.1
12/7/2025 14:00,countryclubdrive_to_I10interchange,NB,0.24,0.52,19.1
12/7/2025 15:00,countryclubdrive_to_I10interchange,NB,0.21,0.48,20.7
12/7/2025 16:00,countryclubdrive_to_I10interchange,NB,0.27,0.55,18.6
12/7/2025 17:00,countryclubdrive_to_I10interchange,NB,0.22,0.49,20
12/7/2025 18:00,countryclubdrive_to_I10interchange,NB,0.16,0.44,22.7
12/7/2025 19:00,countryclubdrive_to_I10interchange,NB,0.17,0.44,22.4
12/7/2025 20:00,countryclubdrive_to_I10interchange,NB,0.19,0.47,21.1
12/7/2025 21:00,countryclubdrive_to_I10interchange,NB,0.17,0.45,21.8
12/7/2025 22:00,countryclubdrive_to_I10interchange,NB,0.15,0.43,22.9
12/7/2025 23:00,countryclubdrive_to_I10interchange,NB,0.07,0.34,29.6
12/8/2025 0:00,countryclubdrive_to_I10interchange,NB,0.07,0.34,29.7
12/8/2025 1:00,countryclubdrive_to_I10interchange,NB,0.01,0.24,40.5
12/8/2025 2:00,countryclubdrive_to_I10interchange,NB,0,0.22,44
12/8/2025 3:00,countryclubdrive_to_I10interchange,NB,0,0.25,39.9
12/8/2025 4:00,countryclubdrive_to_I10interchange,NB,0.06,0.34,29.1
12/8/2025 5:00,countryclubdrive_to_I10interchange,NB,0.1,0.38,27.1
12/8/2025 6:00,countryclubdrive_to_I10interchange,NB,0.18,0.46,21.8
12/8/2025 7:00,countryclubdrive_to_I10interchange,NB,0.33,0.6,16.4
12/8/2025 8:00,countryclubdrive_to_I10interchange,NB,0.39,0.67,14.7
12/8/2025 9:00,countryclubdrive_to_I10interchange,NB,0.36,0.64,15.7
12/8/2025 10:00,countryclubdrive_to_I10interchange,NB,0.31,0.58,17.3
12/8/2025 11:00,countryclubdrive_to_I10interchange,NB,0.3,0.57,17.3
12/8/2025 12:00,countryclubdrive_to_I10interchange,NB,0.28,0.55,17.9
12/8/2025 13:00,countryclubdrive_to_I10interchange,NB,0.37,0.64,15.4
12/8/2025 14:00,countryclubdrive_to_I10interchange,NB,0.32,0.6,16.9
12/8/2025 15:00,countryclubdrive_to_I10interchange,NB,0.41,0.68,14.5
12/8/2025 16:00,countryclubdrive_to_I10interchange,NB,0.39,0.66,14.9
12/8/2025 17:00,countryclubdrive_to_I10interchange,NB,0.34,0.62,15.9
12/8/2025 18:00,countryclubdrive_to_I10interchange,NB,0.21,0.48,20.9
12/8/2025 19:00,countryclubdrive_to_I10interchange,NB,0.2,0.47,20.7
12/8/2025 20:00,countryclubdrive_to_I10interchange,NB,0.14,0.42,24.3
12/8/2025 21:00,countryclubdrive_to_I10interchange,NB,0.16,0.44,23.7
12/8/2025 22:00,countryclubdrive_to_I10interchange,NB,0.14,0.41,24
12/8/2025 23:00,countryclubdrive_to_I10interchange,NB,0.07,0.34,29.1
12/9/2025 0:00,countryclubdrive_to_I10interchange,NB,0.02,0.28,34.8
12/9/2025 1:00,countryclubdrive_to_I10interchange,NB,0,0.24,41.3
12/9/2025 2:00,countryclubdrive_to_I10interchange,NB,0.02,0.26,38.9
12/9/2025 3:00,countryclubdrive_to_I10interchange,NB,0.04,0.29,35.1
12/9/2025 4:00,countryclubdrive_to_I10interchange,NB,0.02,0.25,39
12/9/2025 5:00,countryclubdrive_to_I10interchange,NB,0.07,0.33,29.7
12/9/2025 6:00,countryclubdrive_to_I10interchange,NB,0.25,0.52,19.5
12/9/2025 7:00,countryclubdrive_to_I10interchange,NB,0.3,0.58,17.3
12/9/2025 8:00,countryclubdrive_to_I10interchange,NB,0.4,0.68,14.7
12/9/2025 9:00,countryclubdrive_to_I10interchange,NB,0.33,0.61,16.3
12/9/2025 10:00,countryclubdrive_to_I10interchange,NB,0.32,0.6,16.6
12/9/2025 11:00,countryclubdrive_to_I10interchange,NB,0.39,0.67,14.9
12/9/2025 12:00,countryclubdrive_to_I10interchange,NB,0.37,0.64,15.3
12/9/2025 13:00,countryclubdrive_to_I10interchange,NB,0.33,0.61,16.3
12/9/2025 14:00,countryclubdrive_to_I10interchange,NB,0.35,0.63,15.9
12/9/2025 15:00,countryclubdrive_to_I10interchange,NB,0.43,0.71,13.8
12/9/2025 16:00,countryclubdrive_to_I10interchange,NB,0.34,0.62,16
12/9/2025 17:00,countryclubdrive_to_I10interchange,NB,0.38,0.65,15.2
12/9/2025 18:00,countryclubdrive_to_I10interchange,NB,0.22,0.49,20.8
12/9/2025 19:00,countryclubdrive_to_I10interchange,NB,0.17,0.44,22.4
12/9/2025 20:00,countryclubdrive_to_I10interchange,NB,0.21,0.48,20.6
12/9/2025 21:00,countryclubdrive_to_I10interchange,NB,0.13,0.4,24.6
12/9/2025 22:00,countryclubdrive_to_I10interchange,NB,0.06,0.34,29.3
12/9/2025 23:00,countryclubdrive_to_I10interchange,NB,0.05,0.32,30.5
12/10/2025 0:00,countryclubdrive_to_I10interchange,NB,0.03,0.29,34.2
12/10/2025 1:00,countryclubdrive_to_I10interchange,NB,0,0.24,40.3
12/10/2025 2:00,countryclubdrive_to_I10interchange,NB,0,0.25,38.7
12/10/2025 3:00,countryclubdrive_to_I10interchange,NB,0,0.23,42.1
12/10/2025 4:00,countryclubdrive_to_I10interchange,NB,0.03,0.29,34.6
12/10/2025 5:00,countryclubdrive_to_I10interchange,NB,0.06,0.34,29.1
12/10/2025 6:00,countryclubdrive_to_I10interchange,NB,0.16,0.43,23.6
12/10/2025 7:00,countryclubdrive_to_I10interchange,NB,0.27,0.55,18.3
12/10/2025 8:00,countryclubdrive_to_I10interchange,NB,0.38,0.66,15.6
12/10/2025 9:00,countryclubdrive_to_I10interchange,NB,0.31,0.59,16.8
12/10/2025 10:00,countryclubdrive_to_I10interchange,NB,0.3,0.58,17.3
12/10/2025 11:00,countryclubdrive_to_I10interchange,NB,0.38,0.65,15.1
12/10/2025 12:00,countryclubdrive_to_I10interchange,NB,0.35,0.63,15.8
12/10/2025 13:00,countryclubdrive_to_I10interchange,NB,0.4,0.68,14.6
12/10/2025 14:00,countryclubdrive_to_I10interchange,NB,0.41,0.69,14.3
12/10/2025 15:00,countryclubdrive_to_I10interchange,NB,0.46,0.73,13.5
12/10/2025 16:00,countryclubdrive_to_I10interchange,NB,0.34,0.62,15.8
12/10/2025 17:00,countryclubdrive_to_I10interchange,NB,0.35,0.62,15.6
12/10/2025 18:00,countryclubdrive_to_I10interchange,NB,0.25,0.52,19.1
12/10/2025 19:00,countryclubdrive_to_I10interchange,NB,0.21,0.49,20.9
12/10/2025 20:00,countryclubdrive_to_I10interchange,NB,0.18,0.46,22
12/10/2025 21:00,countryclubdrive_to_I10interchange,NB,0.19,0.46,21.1
12/10/2025 22:00,countryclubdrive_to_I10interchange,NB,0.09,0.36,27.1
12/10/2025 23:00,countryclubdrive_to_I10interchange,NB,0.09,0.35,29.4
12/11/2025 0:00,countryclubdrive_to_I10interchange,NB,0.01,0.27,36.8
12/11/2025 1:00,countryclubdrive_to_I10interchange,NB,0,0.24,40.8
12/11/2025 2:00,countryclubdrive_to_I10interchange,NB,0,0.23,42.9
12/11/2025 3:00,countryclubdrive_to_I10interchange,NB,0,0.24,40.1
12/11/2025 4:00,countryclubdrive_to_I10interchange,NB,0.04,0.3,33.5
12/11/2025 5:00,countryclubdrive_to_I10interchange,NB,0.14,0.42,23.8
12/11/2025 6:00,countryclubdrive_to_I10interchange,NB,0.23,0.51,19.4
12/11/2025 7:00,countryclubdrive_to_I10interchange,NB,0.32,0.59,16.8
12/11/2025 8:00,countryclubdrive_to_I10interchange,NB,0.36,0.64,15.5
12/11/2025 9:00,countryclubdrive_to_I10interchange,NB,0.33,0.6,16.4
12/11/2025 10:00,countryclubdrive_to_I10interchange,NB,0.32,0.59,16.7
12/11/2025 11:00,countryclubdrive_to_I10interchange,NB,0.37,0.65,15.3
12/11/2025 12:00,countryclubdrive_to_I10interchange,NB,0.36,0.64,15.5
12/11/2025 13:00,countryclubdrive_to_I10interchange,NB,0.36,0.63,15.6
12/11/2025 14:00,countryclubdrive_to_I10interchange,NB,0.39,0.67,14.8
12/11/2025 15:00,countryclubdrive_to_I10interchange,NB,0.42,0.69,14.1
12/11/2025 16:00,countryclubdrive_to_I10interchange,NB,0.4,0.68,14.7
12/11/2025 17:00,countryclubdrive_to_I10interchange,NB,0.34,0.61,16
12/11/2025 18:00,countryclubdrive_to_I10interchange,NB,0.26,0.54,18.7
12/11/2025 19:00,countryclubdrive_to_I10interchange,NB,0.25,0.53,19.1
12/11/2025 20:00,countryclubdrive_to_I10interchange,NB,0.21,0.48,20.5
12/11/2025 21:00,countryclubdrive_to_I10interchange,NB,0.15,0.42,23.4
12/11/2025 22:00,countryclubdrive_to_I10interchange,NB,0.16,0.43,22.9
12/11/2025 23:00,countryclubdrive_to_I10interchange,NB,0.07,0.35,28.3
12/12/2025 0:00,countryclubdrive_to_I10interchange,NB,0.01,0.28,35.5
12/12/2025 1:00,countryclubdrive_to_I10interchange,NB,0.02,0.26,37.3
12/12/2025 2:00,countryclubdrive_to_I10interchange,NB,0.04,0.31,32.6
12/12/2025 3:00,countryclubdrive_to_I10interchange,NB,0.01,0.26,38.2
12/12/2025 4:00,countryclubdrive_to_I10interchange,NB,0.05,0.31,33.2
12/12/2025 5:00,countryclubdrive_to_I10interchange,NB,0.07,0.34,29.3
12/12/2025 6:00,countryclubdrive_to_I10interchange,NB,0.21,0.48,20.4
12/12/2025 7:00,countryclubdrive_to_I10interchange,NB,0.42,0.69,14.5
12/12/2025 8:00,countryclubdrive_to_I10interchange,NB,0.43,0.71,14
12/12/2025 9:00,countryclubdrive_to_I10interchange,NB,0.31,0.58,16.8
12/12/2025 10:00,countryclubdrive_to_I10interchange,NB,0.37,0.64,15.6
12/12/2025 11:00,countryclubdrive_to_I10interchange,NB,0.42,0.69,14.2
12/12/2025 12:00,countryclubdrive_to_I10interchange,NB,0.4,0.68,14.6
12/12/2025 13:00,countryclubdrive_to_I10interchange,NB,0.4,0.67,14.7
12/12/2025 14:00,countryclubdrive_to_I10interchange,NB,0.39,0.67,14.8
12/12/2025 15:00,countryclubdrive_to_I10interchange,NB,0.38,0.66,15
12/12/2025 16:00,countryclubdrive_to_I10interchange,NB,0.34,0.61,16
12/12/2025 17:00,countryclubdrive_to_I10interchange,NB,0.34,0.61,16.3
12/12/2025 18:00,countryclubdrive_to_I10interchange,NB,0.3,0.58,17.1
12/12/2025 19:00,countryclubdrive_to_I10interchange,NB,0.22,0.49,20.4
12/12/2025 20:00,countryclubdrive_to_I10interchange,NB,0.21,0.49,20.5
12/12/2025 21:00,countryclubdrive_to_I10interchange,NB,0.22,0.5,20.2
12/12/2025 22:00,countryclubdrive_to_I10interchange,NB,0.16,0.44,22.5
12/12/2025 23:00,countryclubdrive_to_I10interchange,NB,0.16,0.43,23.6
12/13/2025 0:00,countryclubdrive_to_I10interchange,NB,0.09,0.35,29.1
12/13/2025 1:00,countryclubdrive_to_I10interchange,NB,0.11,0.38,26.3
12/13/2025 2:00,countryclubdrive_to_I10interchange,NB,0.01,0.25,38.7
12/13/2025 3:00,countryclubdrive_to_I10interchange,NB,0,0.23,42.3
12/13/2025 4:00,countryclubdrive_to_I10interchange,NB,0.03,0.29,34.4
12/13/2025 5:00,countryclubdrive_to_I10interchange,NB,0.05,0.32,30.6
12/13/2025 6:00,countryclubdrive_to_I10interchange,NB,0.16,0.43,23.4
12/13/2025 7:00,countryclubdrive_to_I10interchange,NB,0.19,0.46,21.3
12/13/2025 8:00,countryclubdrive_to_I10interchange,NB,0.2,0.47,21.6
12/13/2025 9:00,countryclubdrive_to_I10interchange,NB,0.27,0.54,18.1
12/13/2025 10:00,countryclubdrive_to_I10interchange,NB,0.33,0.61,16.3
12/13/2025 11:00,countryclubdrive_to_I10interchange,NB,0.29,0.57,17.7
12/13/2025 12:00,countryclubdrive_to_I10interchange,NB,0.32,0.6,16.8
12/13/2025 13:00,countryclubdrive_to_I10interchange,NB,0.32,0.6,16.4
12/13/2025 14:00,countryclubdrive_to_I10interchange,NB,0.33,0.6,16.7
12/13/2025 15:00,countryclubdrive_to_I10interchange,NB,0.3,0.58,17.4
12/13/2025 16:00,countryclubdrive_to_I10interchange,NB,0.28,0.55,18.2
12/13/2025 17:00,countryclubdrive_to_I10interchange,NB,0.35,0.63,15.7
12/13/2025 18:00,countryclubdrive_to_I10interchange,NB,0.19,0.47,22
12/13/2025 19:00,countryclubdrive_to_I10interchange,NB,0.19,0.46,21.3
12/13/2025 20:00,countryclubdrive_to_I10interchange,NB,0.18,0.46,22
12/13/2025 21:00,countryclubdrive_to_I10interchange,NB,0.16,0.44,23.1
12/13/2025 22:00,countryclubdrive_to_I10interchange,NB,0.15,0.42,23.3
12/13/2025 23:00,countryclubdrive_to_I10interchange,NB,0.1,0.38,26.2
12/14/2025 0:00,countryclubdrive_to_I10interchange,NB,0.1,0.37,27
12/14/2025 1:00,countryclubdrive_to_I10interchange,NB,0.03,0.29,33.7
12/14/2025 2:00,countryclubdrive_to_I10interchange,NB,0.03,0.28,37
12/14/2025 3:00,countryclubdrive_to_I10interchange,NB,0.01,0.25,39.4
12/14/2025 4:00,countryclubdrive_to_I10interchange,NB,0.02,0.26,38.7
12/14/2025 5:00,countryclubdrive_to_I10interchange,NB,0.09,0.36,27
12/14/2025 6:00,countryclubdrive_to_I10interchange,NB,0.06,0.33,30.3
12/14/2025 7:00,countryclubdrive_to_I10interchange,NB,0.2,0.48,20.8
12/14/2025 8:00,countryclubdrive_to_I10interchange,NB,0.19,0.46,21.6
12/14/2025 9:00,countryclubdrive_to_I10interchange,NB,0.31,0.59,17.3
12/14/2025 10:00,countryclubdrive_to_I10interchange,NB,0.19,0.46,21.6
12/14/2025 11:00,countryclubdrive_to_I10interchange,NB,0.27,0.55,18
12/14/2025 12:00,countryclubdrive_to_I10interchange,NB,0.27,0.55,18.3
12/14/2025 13:00,countryclubdrive_to_I10interchange,NB,0.2,0.47,20.8
12/14/2025 14:00,countryclubdrive_to_I10interchange,NB,0.28,0.56,18.1
12/14/2025 15:00,countryclubdrive_to_I10interchange,NB,0.22,0.5,20.2
12/14/2025 16:00,countryclubdrive_to_I10interchange,NB,0.23,0.51,19.8
12/14/2025 17:00,countryclubdrive_to_I10interchange,NB,0.19,0.47,21.1
12/14/2025 18:00,countryclubdrive_to_I10interchange,NB,0.3,0.57,18.9
12/14/2025 19:00,countryclubdrive_to_I10interchange,NB,0.18,0.45,22
12/14/2025 20:00,countryclubdrive_to_I10interchange,NB,0.19,0.46,21.4
12/14/2025 21:00,countryclubdrive_to_I10interchange,NB,0.15,0.42,23.8
12/14/2025 22:00,countryclubdrive_to_I10interchange,NB,0.11,0.38,25.7
12/14/2025 23:00,countryclubdrive_to_I10interchange,NB,0.09,0.36,28.1
12/15/2025 0:00,countryclubdrive_to_I10interchange,NB,0.06,0.32,31.5
12/15/2025 1:00,countryclubdrive_to_I10interchange,NB,0.04,0.29,35.4
12/15/2025 2:00,countryclubdrive_to_I10interchange,NB,0,0.25,38.8
12/15/2025 3:00,countryclubdrive_to_I10interchange,NB,0,0.22,43.3
12/15/2025 4:00,countryclubdrive_to_I10interchange,NB,0,0.24,40.4
12/15/2025 5:00,countryclubdrive_to_I10interchange,NB,0.06,0.33,31.2
12/15/2025 6:00,countryclubdrive_to_I10interchange,NB,0.18,0.45,22.5
12/15/2025 7:00,countryclubdrive_to_I10interchange,NB,0.25,0.52,19.5
12/15/2025 8:00,countryclubdrive_to_I10interchange,NB,0.34,0.62,15.8
12/15/2025 9:00,countryclubdrive_to_I10interchange,NB,0.33,0.6,16.2
12/15/2025 10:00,countryclubdrive_to_I10interchange,NB,0.3,0.57,17.5
12/15/2025 11:00,countryclubdrive_to_I10interchange,NB,0.33,0.61,16.4
12/15/2025 12:00,countryclubdrive_to_I10interchange,NB,0.35,0.62,15.9
12/15/2025 13:00,countryclubdrive_to_I10interchange,NB,0.34,0.62,16.4
12/15/2025 14:00,countryclubdrive_to_I10interchange,NB,0.32,0.6,16.4
12/15/2025 15:00,countryclubdrive_to_I10interchange,NB,0.36,0.64,15.3
12/15/2025 16:00,countryclubdrive_to_I10interchange,NB,0.35,0.63,15.7
12/15/2025 17:00,countryclubdrive_to_I10interchange,NB,0.37,0.64,15.3
12/15/2025 18:00,countryclubdrive_to_I10interchange,NB,0.25,0.52,19.1
12/15/2025 19:00,countryclubdrive_to_I10interchange,NB,0.2,0.48,20.9
12/15/2025 20:00,countryclubdrive_to_I10interchange,NB,0.16,0.44,22.5
12/15/2025 21:00,countryclubdrive_to_I10interchange,NB,0.2,0.48,21.1
12/15/2025 22:00,countryclubdrive_to_I10interchange,NB,0.1,0.37,26.8
12/15/2025 23:00,countryclubdrive_to_I10interchange,NB,0.07,0.34,28.8
12/16/2025 0:00,countryclubdrive_to_I10interchange,NB,0,0.24,40.3
12/16/2025 1:00,countryclubdrive_to_I10interchange,NB,0.01,0.26,37.1
12/16/2025 2:00,countryclubdrive_to_I10interchange,NB,0,0.24,41.1
12/16/2025 3:00,countryclubdrive_to_I10interchange,NB,0,0.23,41.6
12/16/2025 4:00,countryclubdrive_to_I10interchange,NB,0.01,0.26,37.8
12/16/2025 5:00,countryclubdrive_to_I10interchange,NB,0.1,0.37,27
12/16/2025 6:00,countryclubdrive_to_I10interchange,NB,0.25,0.53,19
12/16/2025 7:00,countryclubdrive_to_I10interchange,NB,0.31,0.59,17
12/16/2025 8:00,countryclubdrive_to_I10interchange,NB,0.34,0.62,16
12/16/2025 9:00,countryclubdrive_to_I10interchange,NB,0.27,0.54,18.4
12/16/2025 10:00,countryclubdrive_to_I10interchange,NB,0.36,0.63,15.6
12/16/2025 11:00,countryclubdrive_to_I10interchange,NB,0.34,0.62,16
12/16/2025 12:00,countryclubdrive_to_I10interchange,NB,0.37,0.64,15.4
12/16/2025 13:00,countryclubdrive_to_I10interchange,NB,0.08,0.29,41.6
12/16/2025 14:00,countryclubdrive_to_I10interchange,NB,0,0.19,50
12/16/2025 15:00,countryclubdrive_to_I10interchange,NB,0.26,0.52,24.5
12/16/2025 16:00,countryclubdrive_to_I10interchange,NB,0.42,0.69,14.1
12/16/2025 17:00,countryclubdrive_to_I10interchange,NB,0.29,0.56,17.5
12/16/2025 18:00,countryclubdrive_to_I10interchange,NB,0.24,0.52,19.5
12/16/2025 19:00,countryclubdrive_to_I10interchange,NB,0.21,0.48,20.5
12/16/2025 20:00,countryclubdrive_to_I10interchange,NB,0.19,0.46,22.5
12/16/2025 21:00,countryclubdrive_to_I10interchange,NB,0.15,0.43,23.4
12/16/2025 22:00,countryclubdrive_to_I10interchange,NB,0.12,0.39,24.9
12/16/2025 23:00,countryclubdrive_to_I10interchange,NB,0.05,0.32,30.8
12/17/2025 0:00,countryclubdrive_to_I10interchange,NB,0.02,0.28,34.7
12/17/2025 1:00,countryclubdrive_to_I10interchange,NB,0,0.25,39.8
12/17/2025 2:00,countryclubdrive_to_I10interchange,NB,0,0.23,42.2
12/17/2025 3:00,countryclubdrive_to_I10interchange,NB,0,0.23,42.6
12/17/2025 4:00,countryclubdrive_to_I10interchange,NB,0.03,0.28,35
12/17/2025 5:00,countryclubdrive_to_I10interchange,NB,0.14,0.41,24.6
12/17/2025 6:00,countryclubdrive_to_I10interchange,NB,0.23,0.51,19.9
12/17/2025 7:00,countryclubdrive_to_I10interchange,NB,0.3,0.57,17.3
12/17/2025 8:00,countryclubdrive_to_I10interchange,NB,0.37,0.65,15.3
12/17/2025 9:00,countryclubdrive_to_I10interchange,NB,0.25,0.53,18.6
12/17/2025 10:00,countryclubdrive_to_I10interchange,NB,0.36,0.64,15.5
12/17/2025 11:00,countryclubdrive_to_I10interchange,NB,0.37,0.65,15.3
12/17/2025 12:00,countryclubdrive_to_I10interchange,NB,0.36,0.63,15.5
12/17/2025 13:00,countryclubdrive_to_I10interchange,NB,0.4,0.67,14.6
12/17/2025 14:00,countryclubdrive_to_I10interchange,NB,0.37,0.65,15.1
12/17/2025 15:00,countryclubdrive_to_I10interchange,NB,0.41,0.68,14.4
12/17/2025 16:00,countryclubdrive_to_I10interchange,NB,0.33,0.61,16.1
12/17/2025 17:00,countryclubdrive_to_I10interchange,NB,0.31,0.59,16.7
12/17/2025 18:00,countryclubdrive_to_I10interchange,NB,0.23,0.5,19.8
12/17/2025 19:00,countryclubdrive_to_I10interchange,NB,0.23,0.51,20
12/17/2025 20:00,countryclubdrive_to_I10interchange,NB,0.24,0.52,20.2
12/17/2025 21:00,countryclubdrive_to_I10interchange,NB,0.24,0.51,19.4
12/17/2025 22:00,countryclubdrive_to_I10interchange,NB,0.15,0.43,23.6
12/17/2025 23:00,countryclubdrive_to_I10interchange,NB,0.03,0.3,33.4
12/18/2025 0:00,countryclubdrive_to_I10interchange,NB,0.02,0.29,34.4
12/18/2025 1:00,countryclubdrive_to_I10interchange,NB,0.01,0.27,36.1
12/18/2025 2:00,countryclubdrive_to_I10interchange,NB,0.01,0.26,38.2
12/18/2025 3:00,countryclubdrive_to_I10interchange,NB,0.02,0.26,38.3
12/18/2025 4:00,countryclubdrive_to_I10interchange,NB,0.01,0.25,38.8
12/18/2025 5:00,countryclubdrive_to_I10interchange,NB,0.08,0.35,30.1
12/18/2025 6:00,countryclubdrive_to_I10interchange,NB,0.29,0.57,17.4
12/18/2025 7:00,countryclubdrive_to_I10interchange,NB,0.27,0.55,18.2
12/18/2025 8:00,countryclubdrive_to_I10interchange,NB,0.42,0.69,14.2
12/18/2025 9:00,countryclubdrive_to_I10interchange,NB,0.31,0.59,17
12/18/2025 10:00,countryclubdrive_to_I10interchange,NB,0.28,0.55,18
12/18/2025 11:00,countryclubdrive_to_I10interchange,NB,0.32,0.6,16.5
12/18/2025 12:00,countryclubdrive_to_I10interchange,NB,0.37,0.65,15.3
12/18/2025 13:00,countryclubdrive_to_I10interchange,NB,0.39,0.67,14.7
12/18/2025 14:00,countryclubdrive_to_I10interchange,NB,0.36,0.64,15.6
12/18/2025 15:00,countryclubdrive_to_I10interchange,NB,0.4,0.67,14.5
12/18/2025 16:00,countryclubdrive_to_I10interchange,NB,0.38,0.66,14.9
12/18/2025 17:00,countryclubdrive_to_I10interchange,NB,0.38,0.65,15.2
12/18/2025 18:00,countryclubdrive_to_I10interchange,NB,0.21,0.48,20.5
12/18/2025 19:00,countryclubdrive_to_I10interchange,NB,0.18,0.46,21.9
12/18/2025 20:00,countryclubdrive_to_I10interchange,NB,0.22,0.49,20
12/18/2025 21:00,countryclubdrive_to_I10interchange,NB,0.13,0.41,24.4
12/18/2025 22:00,countryclubdrive_to_I10interchange,NB,0.16,0.44,23
12/18/2025 23:00,countryclubdrive_to_I10interchange,NB,0.08,0.35,28
12/19/2025 0:00,countryclubdrive_to_I10interchange,NB,0.01,0.27,37
12/19/2025 1:00,countryclubdrive_to_I10interchange,NB,0,0.25,39.7
12/19/2025 2:00,countryclubdrive_to_I10interchange,NB,0,0.22,43.5
12/19/2025 3:00,countryclubdrive_to_I10interchange,NB,0.01,0.25,40
12/19/2025 4:00,countryclubdrive_to_I10interchange,NB,0.03,0.27,37.4
12/19/2025 5:00,countryclubdrive_to_I10interchange,NB,0.13,0.4,25.5
12/19/2025 6:00,countryclubdrive_to_I10interchange,NB,0.2,0.48,20.8
12/19/2025 7:00,countryclubdrive_to_I10interchange,NB,0.32,0.6,16.3
12/19/2025 8:00,countryclubdrive_to_I10interchange,NB,0.35,0.62,16
12/19/2025 9:00,countryclubdrive_to_I10interchange,NB,0.29,0.56,17.8
12/19/2025 10:00,countryclubdrive_to_I10interchange,NB,0.28,0.55,18.2
12/19/2025 11:00,countryclubdrive_to_I10interchange,NB,0.36,0.64,15.5
12/19/2025 12:00,countryclubdrive_to_I10interchange,NB,0.38,0.66,15.1
12/19/2025 13:00,countryclubdrive_to_I10interchange,NB,0.42,0.7,14.2
12/19/2025 14:00,countryclubdrive_to_I10interchange,NB,0.39,0.66,15
12/19/2025 15:00,countryclubdrive_to_I10interchange,NB,0.36,0.63,15.5
12/19/2025 16:00,countryclubdrive_to_I10interchange,NB,0.37,0.64,15.5
12/19/2025 17:00,countryclubdrive_to_I10interchange,NB,0.38,0.65,15
12/19/2025 18:00,countryclubdrive_to_I10interchange,NB,0.27,0.54,18.7
12/19/2025 19:00,countryclubdrive_to_I10interchange,NB,0.22,0.5,20.1
12/19/2025 20:00,countryclubdrive_to_I10interchange,NB,0.22,0.5,20.1
12/19/2025 21:00,countryclubdrive_to_I10interchange,NB,0.23,0.5,19.8
12/19/2025 22:00,countryclubdrive_to_I10interchange,NB,0.24,0.51,19.5
12/19/2025 23:00,countryclubdrive_to_I10interchange,NB,0.08,0.36,27.2
12/20/2025 0:00,countryclubdrive_to_I10interchange,NB,0.05,0.32,30.7
12/20/2025 1:00,countryclubdrive_to_I10interchange,NB,0.05,0.32,32
12/20/2025 2:00,countryclubdrive_to_I10interchange,NB,0.02,0.27,37
12/20/2025 3:00,countryclubdrive_to_I10interchange,NB,0.05,0.31,31.9
12/20/2025 4:00,countryclubdrive_to_I10interchange,NB,0.06,0.32,30.8
12/20/2025 5:00,countryclubdrive_to_I10interchange,NB,0.06,0.34,29.3
12/20/2025 6:00,countryclubdrive_to_I10interchange,NB,0.16,0.44,22.7
12/20/2025 7:00,countryclubdrive_to_I10interchange,NB,0.17,0.44,22.2
12/20/2025 8:00,countryclubdrive_to_I10interchange,NB,0.17,0.45,22.4
12/20/2025 9:00,countryclubdrive_to_I10interchange,NB,0.26,0.54,18.6
12/20/2025 10:00,countryclubdrive_to_I10interchange,NB,0.25,0.53,18.5
12/20/2025 11:00,countryclubdrive_to_I10interchange,NB,0.31,0.58,16.9
12/20/2025 12:00,countryclubdrive_to_I10interchange,NB,0.28,0.56,17.8
12/20/2025 13:00,countryclubdrive_to_I10interchange,NB,0.29,0.57,17.6
12/20/2025 14:00,countryclubdrive_to_I10interchange,NB,0.31,0.59,16.7
12/20/2025 15:00,countryclubdrive_to_I10interchange,NB,0.32,0.6,16.5
12/20/2025 16:00,countryclubdrive_to_I10interchange,NB,0.31,0.59,16.8
12/20/2025 17:00,countryclubdrive_to_I10interchange,NB,0.28,0.55,18.1
12/20/2025 18:00,countryclubdrive_to_I10interchange,NB,0.22,0.49,21.1
12/20/2025 19:00,countryclubdrive_to_I10interchange,NB,0.18,0.46,22.8
12/20/2025 20:00,countryclubdrive_to_I10interchange,NB,0.17,0.44,23.5
12/20/2025 21:00,countryclubdrive_to_I10interchange,NB,0.21,0.48,20.6
12/20/2025 22:00,countryclubdrive_to_I10interchange,NB,0.19,0.47,21.5
12/20/2025 23:00,countryclubdrive_to_I10interchange,NB,0.14,0.41,23.7
12/21/2025 0:00,countryclubdrive_to_I10interchange,NB,0.08,0.35,30.1
12/21/2025 1:00,countryclubdrive_to_I10interchange,NB,0.1,0.37,27.3
12/21/2025 2:00,countryclubdrive_to_I10interchange,NB,0.03,0.29,34.2
12/21/2025 3:00,countryclubdrive_to_I10interchange,NB,0.02,0.28,35.8
12/21/2025 4:00,countryclubdrive_to_I10interchange,NB,0.03,0.29,33.4
12/21/2025 5:00,countryclubdrive_to_I10interchange,NB,0.04,0.29,34.2
12/21/2025 6:00,countryclubdrive_to_I10interchange,NB,0.09,0.36,27.1
12/21/2025 7:00,countryclubdrive_to_I10interchange,NB,0.18,0.45,21.9
12/21/2025 8:00,countryclubdrive_to_I10interchange,NB,0.14,0.41,24.5
12/21/2025 9:00,countryclubdrive_to_I10interchange,NB,0.2,0.47,21.6
12/21/2025 10:00,countryclubdrive_to_I10interchange,NB,0.22,0.5,20
12/21/2025 11:00,countryclubdrive_to_I10interchange,NB,0.26,0.53,18.7
12/21/2025 12:00,countryclubdrive_to_I10interchange,NB,0.28,0.56,17.7
12/21/2025 13:00,countryclubdrive_to_I10interchange,NB,0.28,0.55,18.4
12/21/2025 14:00,countryclubdrive_to_I10interchange,NB,0.26,0.54,18.4
12/21/2025 15:00,countryclubdrive_to_I10interchange,NB,0.27,0.55,18.6
12/21/2025 16:00,countryclubdrive_to_I10interchange,NB,0.27,0.54,18.5
12/21/2025 17:00,countryclubdrive_to_I10interchange,NB,0.21,0.49,20.4
12/21/2025 18:00,countryclubdrive_to_I10interchange,NB,0.19,0.46,21.2
12/21/2025 19:00,countryclubdrive_to_I10interchange,NB,0.23,0.51,19.9
12/21/2025 20:00,countryclubdrive_to_I10interchange,NB,0.19,0.47,21.5
12/21/2025 21:00,countryclubdrive_to_I10interchange,NB,0.14,0.42,23.6
12/21/2025 22:00,countryclubdrive_to_I10interchange,NB,0.09,0.36,27.4
12/21/2025 23:00,countryclubdrive_to_I10interchange,NB,0.1,0.37,27.2
12/22/2025 0:00,countryclubdrive_to_I10interchange,NB,0.03,0.28,35
12/22/2025 1:00,countryclubdrive_to_I10interchange,NB,0.03,0.29,33.5
12/22/2025 2:00,countryclubdrive_to_I10interchange,NB,0,0.24,41.2
12/22/2025 3:00,countryclubdrive_to_I10interchange,NB,0.02,0.26,38
12/22/2025 4:00,countryclubdrive_to_I10interchange,NB,0.03,0.29,34
12/22/2025 5:00,countryclubdrive_to_I10interchange,NB,0.14,0.41,24.3
12/22/2025 6:00,countryclubdrive_to_I10interchange,NB,0.23,0.51,19.9
12/22/2025 7:00,countryclubdrive_to_I10interchange,NB,0.31,0.59,16.8
12/22/2025 8:00,countryclubdrive_to_I10interchange,NB,0.29,0.57,17.3
12/22/2025 9:00,countryclubdrive_to_I10interchange,NB,0.3,0.57,17.5
12/22/2025 10:00,countryclubdrive_to_I10interchange,NB,0.37,0.64,15.3
12/22/2025 11:00,countryclubdrive_to_I10interchange,NB,0.32,0.59,16.7
12/22/2025 12:00,countryclubdrive_to_I10interchange,NB,0.39,0.67,14.8
12/22/2025 13:00,countryclubdrive_to_I10interchange,NB,0.32,0.6,16.5
12/22/2025 14:00,countryclubdrive_to_I10interchange,NB,0.4,0.67,14.5
12/22/2025 15:00,countryclubdrive_to_I10interchange,NB,0.41,0.69,14.3
12/22/2025 16:00,countryclubdrive_to_I10interchange,NB,0.32,0.59,16.7
12/22/2025 17:00,countryclubdrive_to_I10interchange,NB,0.33,0.61,16.4
12/22/2025 18:00,countryclubdrive_to_I10interchange,NB,0.22,0.5,19.7
12/22/2025 19:00,countryclubdrive_to_I10interchange,NB,0.21,0.49,20.1
12/22/2025 20:00,countryclubdrive_to_I10interchange,NB,0.2,0.47,20.9
12/22/2025 21:00,countryclubdrive_to_I10interchange,NB,0.22,0.5,20
12/22/2025 22:00,countryclubdrive_to_I10interchange,NB,0.14,0.42,23.9
12/22/2025 23:00,countryclubdrive_to_I10interchange,NB,0.14,0.42,23.8
12/23/2025 0:00,countryclubdrive_to_I10interchange,NB,0.07,0.34,29.7
12/23/2025 1:00,countryclubdrive_to_I10interchange,NB,0.02,0.29,34.4
12/23/2025 2:00,countryclubdrive_to_I10interchange,NB,0.01,0.25,39.9
12/23/2025 3:00,countryclubdrive_to_I10interchange,NB,0.01,0.26,37.2
12/23/2025 4:00,countryclubdrive_to_I10interchange,NB,0.02,0.27,36.1
12/23/2025 5:00,countryclubdrive_to_I10interchange,NB,0.1,0.37,26.9
12/23/2025 6:00,countryclubdrive_to_I10interchange,NB,0.2,0.47,21.4
12/23/2025 7:00,countryclubdrive_to_I10interchange,NB,0.24,0.52,19
12/23/2025 8:00,countryclubdrive_to_I10interchange,NB,0.28,0.56,17.6
12/23/2025 9:00,countryclubdrive_to_I10interchange,NB,0.4,0.67,14.6
12/23/2025 10:00,countryclubdrive_to_I10interchange,NB,0.35,0.63,15.7
12/23/2025 11:00,countryclubdrive_to_I10interchange,NB,0.46,0.74,13.5
12/23/2025 12:00,countryclubdrive_to_I10interchange,NB,0.5,0.77,12.7
12/23/2025 13:00,countryclubdrive_to_I10interchange,NB,0.44,0.71,13.9
12/23/2025 14:00,countryclubdrive_to_I10interchange,NB,0.34,0.61,16.1
12/23/2025 15:00,countryclubdrive_to_I10interchange,NB,0.4,0.67,14.8
12/23/2025 16:00,countryclubdrive_to_I10interchange,NB,0.36,0.64,15.8
12/23/2025 17:00,countryclubdrive_to_I10interchange,NB,0.33,0.61,16.1
12/23/2025 18:00,countryclubdrive_to_I10interchange,NB,0.24,0.51,19.3
12/23/2025 19:00,countryclubdrive_to_I10interchange,NB,0.16,0.43,23.1
12/23/2025 20:00,countryclubdrive_to_I10interchange,NB,0.2,0.47,21.2
12/23/2025 21:00,countryclubdrive_to_I10interchange,NB,0.25,0.53,19
12/23/2025 22:00,countryclubdrive_to_I10interchange,NB,0.13,0.41,24.3
12/23/2025 23:00,countryclubdrive_to_I10interchange,NB,0.11,0.38,25.5
12/24/2025 0:00,countryclubdrive_to_I10interchange,NB,0.07,0.34,29.7
12/24/2025 1:00,countryclubdrive_to_I10interchange,NB,0.01,0.27,36.3
12/24/2025 2:00,countryclubdrive_to_I10interchange,NB,0.01,0.27,36.8
12/24/2025 3:00,countryclubdrive_to_I10interchange,NB,0.04,0.29,34.1
12/24/2025 4:00,countryclubdrive_to_I10interchange,NB,0.03,0.28,35.8
12/24/2025 5:00,countryclubdrive_to_I10interchange,NB,0.09,0.37,27.1
12/24/2025 6:00,countryclubdrive_to_I10interchange,NB,0.14,0.41,24.3
12/24/2025 7:00,countryclubdrive_to_I10interchange,NB,0.28,0.55,17.9
12/24/2025 8:00,countryclubdrive_to_I10interchange,NB,0.27,0.54,18.2
12/24/2025 9:00,countryclubdrive_to_I10interchange,NB,0.23,0.51,19.8
12/24/2025 10:00,countryclubdrive_to_I10interchange,NB,0.33,0.6,16.3
12/24/2025 11:00,countryclubdrive_to_I10interchange,NB,0.33,0.61,16.2
12/24/2025 12:00,countryclubdrive_to_I10interchange,NB,0.35,0.62,15.7
12/24/2025 13:00,countryclubdrive_to_I10interchange,NB,0.37,0.65,15.4
12/24/2025 14:00,countryclubdrive_to_I10interchange,NB,0.36,0.64,15.9
12/24/2025 15:00,countryclubdrive_to_I10interchange,NB,0.32,0.59,17.6
12/24/2025 16:00,countryclubdrive_to_I10interchange,NB,0.24,0.52,19
12/24/2025 17:00,countryclubdrive_to_I10interchange,NB,0.25,0.53,18.5
12/24/2025 18:00,countryclubdrive_to_I10interchange,NB,0.26,0.53,19.3
12/24/2025 19:00,countryclubdrive_to_I10interchange,NB,0.23,0.5,20.2
12/24/2025 20:00,countryclubdrive_to_I10interchange,NB,0.16,0.44,22.9
12/24/2025 21:00,countryclubdrive_to_I10interchange,NB,0.16,0.44,22.4
12/24/2025 22:00,countryclubdrive_to_I10interchange,NB,0.16,0.44,23.1
12/24/2025 23:00,countryclubdrive_to_I10interchange,NB,0.13,0.41,24.6
12/25/2025 0:00,countryclubdrive_to_I10interchange,NB,0.13,0.4,24.8
12/25/2025 1:00,countryclubdrive_to_I10interchange,NB,0.02,0.28,34.7
12/25/2025 2:00,countryclubdrive_to_I10interchange,NB,0.02,0.28,35.7
12/25/2025 3:00,countryclubdrive_to_I10interchange,NB,0,0.24,39.9
12/25/2025 4:00,countryclubdrive_to_I10interchange,NB,0.02,0.28,35.8
12/25/2025 5:00,countryclubdrive_to_I10interchange,NB,0.04,0.3,33.3
12/25/2025 6:00,countryclubdrive_to_I10interchange,NB,0.01,0.27,36
12/25/2025 7:00,countryclubdrive_to_I10interchange,NB,0.01,0.25,40.1
12/25/2025 8:00,countryclubdrive_to_I10interchange,NB,0.11,0.39,25.4
12/25/2025 9:00,countryclubdrive_to_I10interchange,NB,0.09,0.36,27.6
12/25/2025 10:00,countryclubdrive_to_I10interchange,NB,0.18,0.45,22.5
12/25/2025 11:00,countryclubdrive_to_I10interchange,NB,0.15,0.43,23.1
12/25/2025 12:00,countryclubdrive_to_I10interchange,NB,0.21,0.48,21.4
12/25/2025 13:00,countryclubdrive_to_I10interchange,NB,0.25,0.53,19.9
12/25/2025 14:00,countryclubdrive_to_I10interchange,NB,0.19,0.47,21.1
12/25/2025 15:00,countryclubdrive_to_I10interchange,NB,0.18,0.46,22
12/25/2025 16:00,countryclubdrive_to_I10interchange,NB,0.2,0.48,20.7
12/25/2025 17:00,countryclubdrive_to_I10interchange,NB,0.15,0.43,23
12/25/2025 18:00,countryclubdrive_to_I10interchange,NB,0.18,0.45,22
12/25/2025 19:00,countryclubdrive_to_I10interchange,NB,0.16,0.44,23.4
12/25/2025 20:00,countryclubdrive_to_I10interchange,NB,0.15,0.43,23.8
12/25/2025 21:00,countryclubdrive_to_I10interchange,NB,0.14,0.42,23.6
12/25/2025 22:00,countryclubdrive_to_I10interchange,NB,0.15,0.43,23.1
12/25/2025 23:00,countryclubdrive_to_I10interchange,NB,0.05,0.32,30.9
12/26/2025 0:00,countryclubdrive_to_I10interchange,NB,0.11,0.38,27.8
12/26/2025 1:00,countryclubdrive_to_I10interchange,NB,0.01,0.25,38.6
12/26/2025 2:00,countryclubdrive_to_I10interchange,NB,0.01,0.24,40.9
12/26/2025 3:00,countryclubdrive_to_I10interchange,NB,0.01,0.25,39.5
12/26/2025 4:00,countryclubdrive_to_I10interchange,NB,0.03,0.28,36.3
12/26/2025 5:00,countryclubdrive_to_I10interchange,NB,0.06,0.33,30.9
12/26/2025 6:00,countryclubdrive_to_I10interchange,NB,0.11,0.38,26.9
12/26/2025 7:00,countryclubdrive_to_I10interchange,NB,0.18,0.45,21.8
12/26/2025 8:00,countryclubdrive_to_I10interchange,NB,0.29,0.57,17.6
12/26/2025 9:00,countryclubdrive_to_I10interchange,NB,0.26,0.53,18.3
12/26/2025 10:00,countryclubdrive_to_I10interchange,NB,0.33,0.6,16.4
12/26/2025 11:00,countryclubdrive_to_I10interchange,NB,0.3,0.57,17.2
12/26/2025 12:00,countryclubdrive_to_I10interchange,NB,0.36,0.63,15.7
12/26/2025 13:00,countryclubdrive_to_I10interchange,NB,0.32,0.6,16.6
12/26/2025 14:00,countryclubdrive_to_I10interchange,NB,0.33,0.61,16.8
12/26/2025 15:00,countryclubdrive_to_I10interchange,NB,0.34,0.61,16.4
12/26/2025 16:00,countryclubdrive_to_I10interchange,NB,0.28,0.55,17.9
12/26/2025 17:00,countryclubdrive_to_I10interchange,NB,0.23,0.51,19.6
12/26/2025 18:00,countryclubdrive_to_I10interchange,NB,0.19,0.46,21.4
12/26/2025 19:00,countryclubdrive_to_I10interchange,NB,0.23,0.51,20.4
12/26/2025 20:00,countryclubdrive_to_I10interchange,NB,0.18,0.46,21.4
12/26/2025 21:00,countryclubdrive_to_I10interchange,NB,0.2,0.47,20.9
12/26/2025 22:00,countryclubdrive_to_I10interchange,NB,0.17,0.45,21.9
12/26/2025 23:00,countryclubdrive_to_I10interchange,NB,0.1,0.37,26.6
12/27/2025 0:00,countryclubdrive_to_I10interchange,NB,0.13,0.4,24.6
12/27/2025 1:00,countryclubdrive_to_I10interchange,NB,0.03,0.3,33.3
12/27/2025 2:00,countryclubdrive_to_I10interchange,NB,0,0.23,41.3
12/27/2025 3:00,countryclubdrive_to_I10interchange,NB,0,0.26,38.1
12/27/2025 4:00,countryclubdrive_to_I10interchange,NB,0,0.24,41.4
12/27/2025 5:00,countryclubdrive_to_I10interchange,NB,0.06,0.31,32.4
12/27/2025 6:00,countryclubdrive_to_I10interchange,NB,0.07,0.34,29.6
12/27/2025 7:00,countryclubdrive_to_I10interchange,NB,0.15,0.42,23.3
12/27/2025 8:00,countryclubdrive_to_I10interchange,NB,0.26,0.54,18.6
12/27/2025 9:00,countryclubdrive_to_I10interchange,NB,0.21,0.49,20.9
12/27/2025 10:00,countryclubdrive_to_I10interchange,NB,0.3,0.58,17
12/27/2025 11:00,countryclubdrive_to_I10interchange,NB,0.36,0.64,15.5
12/27/2025 12:00,countryclubdrive_to_I10interchange,NB,0.35,0.63,15.8
12/27/2025 13:00,countryclubdrive_to_I10interchange,NB,0.36,0.64,15.7
12/27/2025 14:00,countryclubdrive_to_I10interchange,NB,0.41,0.68,14.5
12/27/2025 15:00,countryclubdrive_to_I10interchange,NB,0.49,0.76,13.2
12/27/2025 16:00,countryclubdrive_to_I10interchange,NB,0.33,0.61,16.3
12/27/2025 17:00,countryclubdrive_to_I10interchange,NB,0.36,0.64,15.5
12/27/2025 18:00,countryclubdrive_to_I10interchange,NB,0.32,0.6,17.6
12/27/2025 19:00,countryclubdrive_to_I10interchange,NB,0.23,0.51,20.1
12/27/2025 20:00,countryclubdrive_to_I10interchange,NB,0.2,0.48,20.7
12/27/2025 21:00,countryclubdrive_to_I10interchange,NB,0.26,0.54,18.8
12/27/2025 22:00,countryclubdrive_to_I10interchange,NB,0.15,0.42,23.4
12/27/2025 23:00,countryclubdrive_to_I10interchange,NB,0.11,0.39,25.5
12/28/2025 0:00,countryclubdrive_to_I10interchange,NB,0.03,0.3,32
12/28/2025 1:00,countryclubdrive_to_I10interchange,NB,0.07,0.33,30.1
12/28/2025 2:00,countryclubdrive_to_I10interchange,NB,0.01,0.26,37.7
12/28/2025 3:00,countryclubdrive_to_I10interchange,NB,0,0.24,40
12/28/2025 4:00,countryclubdrive_to_I10interchange,NB,0.01,0.26,38
12/28/2025 5:00,countryclubdrive_to_I10interchange,NB,0.04,0.31,31.7
12/28/2025 6:00,countryclubdrive_to_I10interchange,NB,0.1,0.37,27.4
12/28/2025 7:00,countryclubdrive_to_I10interchange,NB,0.14,0.42,23.7
12/28/2025 8:00,countryclubdrive_to_I10interchange,NB,0.15,0.43,23
12/28/2025 9:00,countryclubdrive_to_I10interchange,NB,0.3,0.57,17.6
12/28/2025 10:00,countryclubdrive_to_I10interchange,NB,0.24,0.52,19.6
12/28/2025 11:00,countryclubdrive_to_I10interchange,NB,0.31,0.58,17.3
12/28/2025 12:00,countryclubdrive_to_I10interchange,NB,0.29,0.56,17.8
12/28/2025 13:00,countryclubdrive_to_I10interchange,NB,0.27,0.55,18.4
12/28/2025 14:00,countryclubdrive_to_I10interchange,NB,0.29,0.56,17.6
12/28/2025 15:00,countryclubdrive_to_I10interchange,NB,0.27,0.54,18
12/28/2025 16:00,countryclubdrive_to_I10interchange,NB,0.28,0.56,17.9
12/28/2025 17:00,countryclubdrive_to_I10interchange,NB,0.26,0.53,19.1
12/28/2025 18:00,countryclubdrive_to_I10interchange,NB,0.25,0.53,18.9
12/28/2025 19:00,countryclubdrive_to_I10interchange,NB,0.28,0.56,17.7
12/28/2025 20:00,countryclubdrive_to_I10interchange,NB,0.11,0.39,26.3
12/28/2025 21:00,countryclubdrive_to_I10interchange,NB,0.15,0.43,23
12/28/2025 22:00,countryclubdrive_to_I10interchange,NB,0.11,0.38,26
12/28/2025 23:00,countryclubdrive_to_I10interchange,NB,0.11,0.38,25.5
12/29/2025 0:00,countryclubdrive_to_I10interchange,NB,0.03,0.3,32.5
12/29/2025 1:00,countryclubdrive_to_I10interchange,NB,0.03,0.28,35.1
12/29/2025 2:00,countryclubdrive_to_I10interchange,NB,0.01,0.24,41
12/29/2025 3:00,countryclubdrive_to_I10interchange,NB,0.03,0.27,37.5
12/29/2025 4:00,countryclubdrive_to_I10interchange,NB,0.07,0.33,29.9
12/29/2025 5:00,countryclubdrive_to_I10interchange,NB,0.12,0.39,25.5
12/29/2025 6:00,countryclubdrive_to_I10interchange,NB,0.23,0.51,20.1
12/29/2025 7:00,countryclubdrive_to_I10interchange,NB,0.29,0.56,17.5
12/29/2025 8:00,countryclubdrive_to_I10interchange,NB,0.38,0.65,15.2
12/29/2025 9:00,countryclubdrive_to_I10interchange,NB,0.35,0.62,16.1
12/29/2025 10:00,countryclubdrive_to_I10interchange,NB,0.41,0.68,14.4
12/29/2025 11:00,countryclubdrive_to_I10interchange,NB,0.38,0.65,15.1
12/29/2025 12:00,countryclubdrive_to_I10interchange,NB,0.42,0.69,14.5
12/29/2025 13:00,countryclubdrive_to_I10interchange,NB,0.42,0.7,14.2
12/29/2025 14:00,countryclubdrive_to_I10interchange,NB,0.36,0.63,15.6
12/29/2025 15:00,countryclubdrive_to_I10interchange,NB,0.42,0.7,14
12/29/2025 16:00,countryclubdrive_to_I10interchange,NB,0.38,0.65,15.1
12/29/2025 17:00,countryclubdrive_to_I10interchange,NB,0.37,0.64,15.4
12/29/2025 18:00,countryclubdrive_to_I10interchange,NB,0.26,0.54,18.7
12/29/2025 19:00,countryclubdrive_to_I10interchange,NB,0.22,0.5,20
12/29/2025 20:00,countryclubdrive_to_I10interchange,NB,0.2,0.48,20.7
12/29/2025 21:00,countryclubdrive_to_I10interchange,NB,0.12,0.39,25.4
12/29/2025 22:00,countryclubdrive_to_I10interchange,NB,0.14,0.41,24
12/29/2025 23:00,countryclubdrive_to_I10interchange,NB,0.1,0.38,26.8
12/30/2025 0:00,countryclubdrive_to_I10interchange,NB,0.01,0.27,36.6
12/30/2025 1:00,countryclubdrive_to_I10interchange,NB,0.04,0.29,35.6
12/30/2025 2:00,countryclubdrive_to_I10interchange,NB,0.01,0.24,40.7
12/30/2025 3:00,countryclubdrive_to_I10interchange,NB,0,0.25,39.3
12/30/2025 4:00,countryclubdrive_to_I10interchange,NB,0.03,0.28,35.5
12/30/2025 5:00,countryclubdrive_to_I10interchange,NB,0.08,0.35,28.7
12/30/2025 6:00,countryclubdrive_to_I10interchange,NB,0.22,0.49,20.7
12/30/2025 7:00,countryclubdrive_to_I10interchange,NB,0.33,0.6,16.3
12/30/2025 8:00,countryclubdrive_to_I10interchange,NB,0.36,0.63,16
12/30/2025 9:00,countryclubdrive_to_I10interchange,NB,0.35,0.62,15.7
12/30/2025 10:00,countryclubdrive_to_I10interchange,NB,0.43,0.7,14.1
12/30/2025 11:00,countryclubdrive_to_I10interchange,NB,0.43,0.71,13.9
12/30/2025 12:00,countryclubdrive_to_I10interchange,NB,0.37,0.65,15.2
12/30/2025 13:00,countryclubdrive_to_I10interchange,NB,0.46,0.74,13.4
12/30/2025 14:00,countryclubdrive_to_I10interchange,NB,0.36,0.63,15.6
12/30/2025 15:00,countryclubdrive_to_I10interchange,NB,0.36,0.64,15.4
12/30/2025 16:00,countryclubdrive_to_I10interchange,NB,0.35,0.63,15.8
12/30/2025 17:00,countryclubdrive_to_I10interchange,NB,0.32,0.6,16.5
12/30/2025 18:00,countryclubdrive_to_I10interchange,NB,0.27,0.55,18.3
12/30/2025 19:00,countryclubdrive_to_I10interchange,NB,0.27,0.54,18.7
12/30/2025 20:00,countryclubdrive_to_I10interchange,NB,0.19,0.47,21.7
12/30/2025 21:00,countryclubdrive_to_I10interchange,NB,0.22,0.49,19.9
12/30/2025 22:00,countryclubdrive_to_I10interchange,NB,0.14,0.41,23.7
12/30/2025 23:00,countryclubdrive_to_I10interchange,NB,0.16,0.43,22.7
12/31/2025 0:00,countryclubdrive_to_I10interchange,NB,0.09,0.36,26.9
12/31/2025 1:00,countryclubdrive_to_I10interchange,NB,0.01,0.27,37.5
12/31/2025 2:00,countryclubdrive_to_I10interchange,NB,0,0.25,38.5
12/31/2025 3:00,countryclubdrive_to_I10interchange,NB,0,0.24,40.9
12/31/2025 4:00,countryclubdrive_to_I10interchange,NB,0.01,0.25,39.8
12/31/2025 5:00,countryclubdrive_to_I10interchange,NB,0.13,0.41,25.2
12/31/2025 6:00,countryclubdrive_to_I10interchange,NB,0.19,0.46,22.3
12/31/2025 7:00,countryclubdrive_to_I10interchange,NB,0.28,0.56,17.7
12/31/2025 8:00,countryclubdrive_to_I10interchange,NB,0.3,0.57,17.4
12/31/2025 9:00,countryclubdrive_to_I10interchange,NB,0.3,0.58,17.6
12/31/2025 10:00,countryclubdrive_to_I10interchange,NB,0.34,0.62,16.1
12/31/2025 11:00,countryclubdrive_to_I10interchange,NB,0.41,0.68,14.6
12/31/2025 12:00,countryclubdrive_to_I10interchange,NB,0.37,0.65,15.3
12/31/2025 13:00,countryclubdrive_to_I10interchange,NB,0.35,0.63,15.6
12/31/2025 14:00,countryclubdrive_to_I10interchange,NB,0.35,0.62,15.8
12/31/2025 15:00,countryclubdrive_to_I10interchange,NB,0.31,0.58,16.8
12/31/2025 16:00,countryclubdrive_to_I10interchange,NB,0.31,0.58,16.9
12/31/2025 17:00,countryclubdrive_to_I10interchange,NB,0.24,0.52,19.7
12/31/2025 18:00,countryclubdrive_to_I10interchange,NB,0.24,0.52,19.5
12/31/2025 19:00,countryclubdrive_to_I10interchange,NB,0.16,0.44,24.1
12/31/2025 20:00,countryclubdrive_to_I10interchange,NB,0.2,0.47,20.9
12/31/2025 21:00,countryclubdrive_to_I10interchange,NB,0.16,0.43,22.7
12/31/2025 22:00,countryclubdrive_to_I10interchange,NB,0.19,0.46,21.8
12/31/2025 23:00,countryclubdrive_to_I10interchange,NB,0.1,0.37,26.5
1/1/2026 0:00,countryclubdrive_to_I10interchange,NB,0.09,0.37,26.8
1/1/2026 1:00,countryclubdrive_to_I10interchange,NB,0.17,0.44,22.2
1/1/2026 2:00,countryclubdrive_to_I10interchange,NB,0.09,0.37,26.7
1/1/2026 3:00,countryclubdrive_to_I10interchange,NB,0.07,0.34,29
1/1/2026 4:00,countryclubdrive_to_I10interchange,NB,0.02,0.28,35.3
1/1/2026 5:00,countryclubdrive_to_I10interchange,NB,0.04,0.3,33.6
1/1/2026 6:00,countryclubdrive_to_I10interchange,NB,0.1,0.37,26.9
1/1/2026 7:00,countryclubdrive_to_I10interchange,NB,0.09,0.36,27.6
1/1/2026 8:00,countryclubdrive_to_I10interchange,NB,0.1,0.38,26.8
1/1/2026 9:00,countryclubdrive_to_I10interchange,NB,0.12,0.39,25.8
1/1/2026 10:00,countryclubdrive_to_I10interchange,NB,0.25,0.53,19.2
1/1/2026 11:00,countryclubdrive_to_I10interchange,NB,0.16,0.44,22.8
1/1/2026 12:00,countryclubdrive_to_I10interchange,NB,0.22,0.49,20.1
1/1/2026 13:00,countryclubdrive_to_I10interchange,NB,0.24,0.52,19.2
1/1/2026 14:00,countryclubdrive_to_I10interchange,NB,0.19,0.47,21.4
1/1/2026 15:00,countryclubdrive_to_I10interchange,NB,0.22,0.49,20.6
1/1/2026 16:00,countryclubdrive_to_I10interchange,NB,0.17,0.45,22.1
1/1/2026 17:00,countryclubdrive_to_I10interchange,NB,0.18,0.45,21.9
1/1/2026 18:00,countryclubdrive_to_I10interchange,NB,0.18,0.45,22.1
1/1/2026 19:00,countryclubdrive_to_I10interchange,NB,0.14,0.42,23.6
1/1/2026 20:00,countryclubdrive_to_I10interchange,NB,0.14,0.41,23.8
1/1/2026 21:00,countryclubdrive_to_I10interchange,NB,0.15,0.43,22.9
1/1/2026 22:00,countryclubdrive_to_I10interchange,NB,0.07,0.35,28
1/1/2026 23:00,countryclubdrive_to_I10interchange,NB,0.1,0.38,26.4
1/2/2026 0:00,countryclubdrive_to_I10interchange,NB,0.06,0.33,30.5
1/2/2026 1:00,countryclubdrive_to_I10interchange,NB,0.03,0.29,34.9
1/2/2026 2:00,countryclubdrive_to_I10interchange,NB,0.01,0.26,37.5
1/2/2026 3:00,countryclubdrive_to_I10interchange,NB,0,0.24,40.8
1/2/2026 4:00,countryclubdrive_to_I10interchange,NB,0.01,0.25,38.7
1/2/2026 5:00,countryclubdrive_to_I10interchange,NB,0.11,0.39,25.3
1/2/2026 6:00,countryclubdrive_to_I10interchange,NB,0.19,0.46,21.6
1/2/2026 7:00,countryclubdrive_to_I10interchange,NB,0.21,0.49,20.7
1/2/2026 8:00,countryclubdrive_to_I10interchange,NB,0.26,0.53,19.2
1/2/2026 9:00,countryclubdrive_to_I10interchange,NB,0.3,0.57,17.4
1/2/2026 10:00,countryclubdrive_to_I10interchange,NB,0.35,0.62,16
1/2/2026 11:00,countryclubdrive_to_I10interchange,NB,0.32,0.59,16.8
1/2/2026 12:00,countryclubdrive_to_I10interchange,NB,0.39,0.66,14.8
1/2/2026 13:00,countryclubdrive_to_I10interchange,NB,0.31,0.59,16.8
1/2/2026 14:00,countryclubdrive_to_I10interchange,NB,0.31,0.58,16.8
1/2/2026 15:00,countryclubdrive_to_I10interchange,NB,0.32,0.59,16.7
1/2/2026 16:00,countryclubdrive_to_I10interchange,NB,0.29,0.57,17.4
1/2/2026 17:00,countryclubdrive_to_I10interchange,NB,0.28,0.56,17.6
1/2/2026 18:00,countryclubdrive_to_I10interchange,NB,0.23,0.51,19.7
1/2/2026 19:00,countryclubdrive_to_I10interchange,NB,0.18,0.46,22.2
1/2/2026 20:00,countryclubdrive_to_I10interchange,NB,0.19,0.46,21.7
1/2/2026 21:00,countryclubdrive_to_I10interchange,NB,0.17,0.45,22.1
1/2/2026 22:00,countryclubdrive_to_I10interchange,NB,0.15,0.43,23
1/2/2026 23:00,countryclubdrive_to_I10interchange,NB,0.06,0.34,29.2
1/3/2026 0:00,countryclubdrive_to_I10interchange,NB,0.08,0.35,28.6
1/3/2026 1:00,countryclubdrive_to_I10interchange,NB,0.02,0.28,36.1
1/3/2026 2:00,countryclubdrive_to_I10interchange,NB,0.03,0.29,34
1/3/2026 3:00,countryclubdrive_to_I10interchange,NB,0,0.24,41.2
1/3/2026 4:00,countryclubdrive_to_I10interchange,NB,0.02,0.28,35.7
1/3/2026 5:00,countryclubdrive_to_I10interchange,NB,0.03,0.3,33.1
1/3/2026 6:00,countryclubdrive_to_I10interchange,NB,0.12,0.39,25.2
1/3/2026 7:00,countryclubdrive_to_I10interchange,NB,0.14,0.42,23.4
1/3/2026 8:00,countryclubdrive_to_I10interchange,NB,0.25,0.53,19.1
1/3/2026 9:00,countryclubdrive_to_I10interchange,NB,0.24,0.51,19.8
1/3/2026 10:00,countryclubdrive_to_I10interchange,NB,0.27,0.54,18.3
1/3/2026 11:00,countryclubdrive_to_I10interchange,NB,0.3,0.57,17.6
1/3/2026 12:00,countryclubdrive_to_I10interchange,NB,0.32,0.59,16.8
1/3/2026 13:00,countryclubdrive_to_I10interchange,NB,0.34,0.62,16
1/3/2026 14:00,countryclubdrive_to_I10interchange,NB,0.33,0.6,16.6
1/3/2026 15:00,countryclubdrive_to_I10interchange,NB,0.33,0.61,16.8
1/3/2026 16:00,countryclubdrive_to_I10interchange,NB,0.29,0.56,17.4
1/3/2026 17:00,countryclubdrive_to_I10interchange,NB,0.26,0.54,18.4
1/3/2026 18:00,countryclubdrive_to_I10interchange,NB,0.2,0.47,20.7
1/3/2026 19:00,countryclubdrive_to_I10interchange,NB,0.2,0.48,21.1
1/3/2026 20:00,countryclubdrive_to_I10interchange,NB,0.17,0.45,23.1
1/3/2026 21:00,countryclubdrive_to_I10interchange,NB,0.14,0.41,24.2
1/3/2026 22:00,countryclubdrive_to_I10interchange,NB,0.11,0.38,25.8
1/3/2026 23:00,countryclubdrive_to_I10interchange,NB,0.1,0.37,26.6
1/4/2026 0:00,countryclubdrive_to_I10interchange,NB,0.08,0.36,27.7
1/4/2026 1:00,countryclubdrive_to_I10interchange,NB,0.06,0.32,30.2
1/4/2026 2:00,countryclubdrive_to_I10interchange,NB,0.01,0.26,37.7
1/4/2026 3:00,countryclubdrive_to_I10interchange,NB,0,0.24,39.8
1/4/2026 4:00,countryclubdrive_to_I10interchange,NB,0.02,0.27,35.7
1/4/2026 5:00,countryclubdrive_to_I10interchange,NB,0.05,0.32,31.2
1/4/2026 6:00,countryclubdrive_to_I10interchange,NB,0.13,0.4,24.9
1/4/2026 7:00,countryclubdrive_to_I10interchange,NB,0.14,0.42,23.8
1/4/2026 8:00,countryclubdrive_to_I10interchange,NB,0.14,0.42,23.6
1/4/2026 9:00,countryclubdrive_to_I10interchange,NB,0.25,0.52,19.4
1/4/2026 10:00,countryclubdrive_to_I10interchange,NB,0.24,0.51,19.8
1/4/2026 11:00,countryclubdrive_to_I10interchange,NB,0.27,0.54,18.3
1/4/2026 12:00,countryclubdrive_to_I10interchange,NB,0.22,0.49,20.3
1/4/2026 13:00,countryclubdrive_to_I10interchange,NB,0.26,0.54,18.3
1/4/2026 14:00,countryclubdrive_to_I10interchange,NB,0.26,0.53,19.5
1/4/2026 15:00,countryclubdrive_to_I10interchange,NB,0.25,0.53,19
1/4/2026 16:00,countryclubdrive_to_I10interchange,NB,0.24,0.51,19.5
1/4/2026 17:00,countryclubdrive_to_I10interchange,NB,0.19,0.46,22.4
1/4/2026 18:00,countryclubdrive_to_I10interchange,NB,0.15,0.42,23.5
1/4/2026 19:00,countryclubdrive_to_I10interchange,NB,0.15,0.43,23.4
1/4/2026 20:00,countryclubdrive_to_I10interchange,NB,0.1,0.37,26.4
1/4/2026 21:00,countryclubdrive_to_I10interchange,NB,0.13,0.4,24.6
1/4/2026 22:00,countryclubdrive_to_I10interchange,NB,0.12,0.4,24.6
1/4/2026 23:00,countryclubdrive_to_I10interchange,NB,0.06,0.33,30.7
1/5/2026 0:00,countryclubdrive_to_I10interchange,NB,0.05,0.29,35.8
1/5/2026 1:00,countryclubdrive_to_I10interchange,NB,0.01,0.25,38.9
1/5/2026 2:00,countryclubdrive_to_I10interchange,NB,0,0.24,41.1
1/5/2026 3:00,countryclubdrive_to_I10interchange,NB,0.02,0.27,36.2
1/5/2026 4:00,countryclubdrive_to_I10interchange,NB,0.07,0.34,29.3
1/5/2026 5:00,countryclubdrive_to_I10interchange,NB,0.09,0.36,27.9
1/5/2026 6:00,countryclubdrive_to_I10interchange,NB,0.27,0.55,18.9
1/5/2026 7:00,countryclubdrive_to_I10interchange,NB,0.34,0.62,16
1/5/2026 8:00,countryclubdrive_to_I10interchange,NB,0.4,0.67,14.5
1/5/2026 9:00,countryclubdrive_to_I10interchange,NB,0.3,0.57,17.1
1/5/2026 10:00,countryclubdrive_to_I10interchange,NB,0.28,0.55,17.8
1/5/2026 11:00,countryclubdrive_to_I10interchange,NB,0.35,0.62,16.1
1/5/2026 12:00,countryclubdrive_to_I10interchange,NB,0.37,0.65,15.3
1/5/2026 13:00,countryclubdrive_to_I10interchange,NB,0.35,0.63,15.7
1/5/2026 14:00,countryclubdrive_to_I10interchange,NB,0.34,0.61,16.3
1/5/2026 15:00,countryclubdrive_to_I10interchange,NB,0.42,0.7,14.3
1/5/2026 16:00,countryclubdrive_to_I10interchange,NB,0.38,0.65,15
1/5/2026 17:00,countryclubdrive_to_I10interchange,NB,0.33,0.61,16.2
1/5/2026 18:00,countryclubdrive_to_I10interchange,NB,0.21,0.48,20.6
1/5/2026 19:00,countryclubdrive_to_I10interchange,NB,0.17,0.45,22.6
1/5/2026 20:00,countryclubdrive_to_I10interchange,NB,0.22,0.49,20.5
1/5/2026 21:00,countryclubdrive_to_I10interchange,NB,0.16,0.44,22.8
1/5/2026 22:00,countryclubdrive_to_I10interchange,NB,0.1,0.38,26.3
1/5/2026 23:00,countryclubdrive_to_I10interchange,NB,0.04,0.3,32.2
1/6/2026 0:00,countryclubdrive_to_I10interchange,NB,0.02,0.27,36.8
1/6/2026 1:00,countryclubdrive_to_I10interchange,NB,0,0.23,41.6
1/6/2026 2:00,countryclubdrive_to_I10interchange,NB,0,0.24,39.9
1/6/2026 3:00,countryclubdrive_to_I10interchange,NB,0,0.25,39.3
1/6/2026 4:00,countryclubdrive_to_I10interchange,NB,0.03,0.29,34.9
1/6/2026 5:00,countryclubdrive_to_I10interchange,NB,0.1,0.38,26.9
1/6/2026 6:00,countryclubdrive_to_I10interchange,NB,0.25,0.53,19
1/6/2026 7:00,countryclubdrive_to_I10interchange,NB,0.32,0.59,16.8
1/6/2026 8:00,countryclubdrive_to_I10interchange,NB,0.4,0.68,14.5
1/6/2026 9:00,countryclubdrive_to_I10interchange,NB,0.34,0.61,16.1
1/6/2026 10:00,countryclubdrive_to_I10interchange,NB,0.31,0.59,16.7
1/6/2026 11:00,countryclubdrive_to_I10interchange,NB,0.29,0.57,17.6
1/6/2026 12:00,countryclubdrive_to_I10interchange,NB,0.34,0.62,16.1
1/6/2026 13:00,countryclubdrive_to_I10interchange,NB,0.35,0.63,15.8
1/6/2026 14:00,countryclubdrive_to_I10interchange,NB,0.4,0.68,15.5
1/6/2026 15:00,countryclubdrive_to_I10interchange,NB,0.42,0.7,14.1
1/6/2026 16:00,countryclubdrive_to_I10interchange,NB,0.37,0.64,15.3
1/6/2026 17:00,countryclubdrive_to_I10interchange,NB,0.32,0.6,16.4
1/6/2026 18:00,countryclubdrive_to_I10interchange,NB,0.24,0.52,19.3
1/6/2026 19:00,countryclubdrive_to_I10interchange,NB,0.18,0.45,21.7
1/6/2026 20:00,countryclubdrive_to_I10interchange,NB,0.13,0.4,24.7
1/6/2026 21:00,countryclubdrive_to_I10interchange,NB,0.13,0.4,24.5
1/6/2026 22:00,countryclubdrive_to_I10interchange,NB,0.12,0.4,24.7
1/6/2026 23:00,countryclubdrive_to_I10interchange,NB,0.09,0.36,27.1
1/7/2026 0:00,countryclubdrive_to_I10interchange,NB,0.03,0.29,35
1/7/2026 1:00,countryclubdrive_to_I10interchange,NB,0.01,0.27,36.7
1/7/2026 2:00,countryclubdrive_to_I10interchange,NB,0.03,0.27,36.8
1/7/2026 3:00,countryclubdrive_to_I10interchange,NB,0,0.23,41.6
1/7/2026 4:00,countryclubdrive_to_I10interchange,NB,0.02,0.28,35.9
1/7/2026 5:00,countryclubdrive_to_I10interchange,NB,0.05,0.32,30.4
1/7/2026 6:00,countryclubdrive_to_I10interchange,NB,0.22,0.49,20.2
1/7/2026 7:00,countryclubdrive_to_I10interchange,NB,0.27,0.55,18.2
1/7/2026 8:00,countryclubdrive_to_I10interchange,NB,0.3,0.58,17.2
1/7/2026 9:00,countryclubdrive_to_I10interchange,NB,0.27,0.55,17.9
1/7/2026 10:00,countryclubdrive_to_I10interchange,NB,0.28,0.55,18.1
1/7/2026 11:00,countryclubdrive_to_I10interchange,NB,0.35,0.63,15.7
1/7/2026 12:00,countryclubdrive_to_I10interchange,NB,0.3,0.57,17.2
1/7/2026 13:00,countryclubdrive_to_I10interchange,NB,0.34,0.61,16
1/7/2026 14:00,countryclubdrive_to_I10interchange,NB,0.37,0.65,15.3
1/7/2026 15:00,countryclubdrive_to_I10interchange,NB,0.42,0.7,14.3
1/7/2026 16:00,countryclubdrive_to_I10interchange,NB,0.36,0.64,15.6
1/7/2026 17:00,countryclubdrive_to_I10interchange,NB,0.38,0.66,15.3
1/7/2026 18:00,countryclubdrive_to_I10interchange,NB,0.24,0.51,19.1
1/7/2026 19:00,countryclubdrive_to_I10interchange,NB,0.19,0.47,21.7
1/7/2026 20:00,countryclubdrive_to_I10interchange,NB,0.17,0.45,22.2
1/7/2026 21:00,countryclubdrive_to_I10interchange,NB,0.13,0.41,24.2
1/7/2026 22:00,countryclubdrive_to_I10interchange,NB,0.19,0.46,21.7
1/7/2026 23:00,countryclubdrive_to_I10interchange,NB,0.07,0.34,28.7
1/8/2026 0:00,countryclubdrive_to_I10interchange,NB,0,0.26,37.1
1/8/2026 1:00,countryclubdrive_to_I10interchange,NB,0.02,0.28,34.7
1/8/2026 2:00,countryclubdrive_to_I10interchange,NB,0.01,0.25,39.3
1/8/2026 3:00,countryclubdrive_to_I10interchange,NB,0.03,0.28,36.2
1/8/2026 4:00,countryclubdrive_to_I10interchange,NB,0.02,0.27,36.7
1/8/2026 5:00,countryclubdrive_to_I10interchange,NB,0.09,0.36,27.7
1/8/2026 6:00,countryclubdrive_to_I10interchange,NB,0.14,0.42,24.1
1/8/2026 7:00,countryclubdrive_to_I10interchange,NB,0.34,0.62,16
1/8/2026 8:00,countryclubdrive_to_I10interchange,NB,0.34,0.61,16.3
1/8/2026 9:00,countryclubdrive_to_I10interchange,NB,0.34,0.62,15.9
1/8/2026 10:00,countryclubdrive_to_I10interchange,NB,0.34,0.61,16
1/8/2026 11:00,countryclubdrive_to_I10interchange,NB,0.33,0.61,16.3
1/8/2026 12:00,countryclubdrive_to_I10interchange,NB,0.37,0.64,15.4
1/8/2026 13:00,countryclubdrive_to_I10interchange,NB,0.4,0.68,14.5
1/8/2026 14:00,countryclubdrive_to_I10interchange,NB,0.34,0.62,15.9
1/8/2026 15:00,countryclubdrive_to_I10interchange,NB,0.44,0.71,13.8
1/8/2026 16:00,countryclubdrive_to_I10interchange,NB,0.39,0.66,14.9
1/8/2026 17:00,countryclubdrive_to_I10interchange,NB,0.34,0.62,16.1
1/8/2026 18:00,countryclubdrive_to_I10interchange,NB,0.27,0.54,18.7
1/8/2026 19:00,countryclubdrive_to_I10interchange,NB,0.22,0.5,19.9
1/8/2026 20:00,countryclubdrive_to_I10interchange,NB,0.13,0.4,24.9
1/8/2026 21:00,countryclubdrive_to_I10interchange,NB,0.2,0.48,20.8
1/8/2026 22:00,countryclubdrive_to_I10interchange,NB,0.15,0.43,22.9
1/8/2026 23:00,countryclubdrive_to_I10interchange,NB,0.07,0.34,28.9
1/9/2026 0:00,countryclubdrive_to_I10interchange,NB,0.04,0.3,33.1
1/9/2026 1:00,countryclubdrive_to_I10interchange,NB,0,0.24,40.4
1/9/2026 2:00,countryclubdrive_to_I10interchange,NB,0,0.24,40.3
1/9/2026 3:00,countryclubdrive_to_I10interchange,NB,0,0.23,42.9
1/9/2026 4:00,countryclubdrive_to_I10interchange,NB,0.01,0.25,39.8
1/9/2026 5:00,countryclubdrive_to_I10interchange,NB,0.16,0.44,23.2
1/9/2026 6:00,countryclubdrive_to_I10interchange,NB,0.18,0.46,21.9
1/9/2026 7:00,countryclubdrive_to_I10interchange,NB,0.33,0.6,16.4
1/9/2026 8:00,countryclubdrive_to_I10interchange,NB,0.32,0.6,16.6
1/9/2026 9:00,countryclubdrive_to_I10interchange,NB,0.29,0.57,17.2
1/9/2026 10:00,countryclubdrive_to_I10interchange,NB,0.28,0.56,17.9
1/9/2026 11:00,countryclubdrive_to_I10interchange,NB,0.4,0.67,14.8
1/9/2026 12:00,countryclubdrive_to_I10interchange,NB,0.38,0.65,15
1/9/2026 13:00,countryclubdrive_to_I10interchange,NB,0.4,0.68,14.6
1/9/2026 14:00,countryclubdrive_to_I10interchange,NB,0.4,0.67,14.7
1/9/2026 15:00,countryclubdrive_to_I10interchange,NB,0.46,0.73,13.3
1/9/2026 16:00,countryclubdrive_to_I10interchange,NB,0.39,0.66,14.9
1/9/2026 17:00,countryclubdrive_to_I10interchange,NB,0.35,0.62,15.8
1/9/2026 18:00,countryclubdrive_to_I10interchange,NB,0.24,0.52,19.3
1/9/2026 19:00,countryclubdrive_to_I10interchange,NB,0.15,0.42,23.9
1/9/2026 20:00,countryclubdrive_to_I10interchange,NB,0.2,0.48,21.3
1/9/2026 21:00,countryclubdrive_to_I10interchange,NB,0.24,0.52,19.4
1/9/2026 22:00,countryclubdrive_to_I10interchange,NB,0.15,0.43,23.3
1/9/2026 23:00,countryclubdrive_to_I10interchange,NB,0.15,0.43,22.9
1/10/2026 0:00,countryclubdrive_to_I10interchange,NB,0.06,0.33,29.8
1/10/2026 1:00,countryclubdrive_to_I10interchange,NB,0.05,0.31,33
1/10/2026 2:00,countryclubdrive_to_I10interchange,NB,0.03,0.29,34.1
1/10/2026 3:00,countryclubdrive_to_I10interchange,NB,0,0.25,39.6
1/10/2026 4:00,countryclubdrive_to_I10interchange,NB,0.01,0.26,38.2
1/10/2026 5:00,countryclubdrive_to_I10interchange,NB,0.03,0.3,33.8
1/10/2026 6:00,countryclubdrive_to_I10interchange,NB,0.15,0.43,23.7
1/10/2026 7:00,countryclubdrive_to_I10interchange,NB,0.17,0.44,22.8
1/10/2026 8:00,countryclubdrive_to_I10interchange,NB,0.24,0.51,19.1
1/10/2026 9:00,countryclubdrive_to_I10interchange,NB,0.22,0.5,19.9
1/10/2026 10:00,countryclubdrive_to_I10interchange,NB,0.34,0.61,16.1
1/10/2026 11:00,countryclubdrive_to_I10interchange,NB,0.29,0.57,18.1
1/10/2026 12:00,countryclubdrive_to_I10interchange,NB,0.35,0.63,15.4
1/10/2026 13:00,countryclubdrive_to_I10interchange,NB,0.26,0.54,18.4
1/10/2026 14:00,countryclubdrive_to_I10interchange,NB,0.34,0.62,16
1/10/2026 15:00,countryclubdrive_to_I10interchange,NB,0.32,0.6,16.7
1/10/2026 16:00,countryclubdrive_to_I10interchange,NB,0.28,0.55,17.9
1/10/2026 17:00,countryclubdrive_to_I10interchange,NB,0.31,0.58,17
1/10/2026 18:00,countryclubdrive_to_I10interchange,NB,0.18,0.45,22.4
1/10/2026 19:00,countryclubdrive_to_I10interchange,NB,0.22,0.49,20.1
1/10/2026 20:00,countryclubdrive_to_I10interchange,NB,0.11,0.39,26.1
1/10/2026 21:00,countryclubdrive_to_I10interchange,NB,0.18,0.46,22.2
1/10/2026 22:00,countryclubdrive_to_I10interchange,NB,0.18,0.46,21.7
1/10/2026 23:00,countryclubdrive_to_I10interchange,NB,0.14,0.41,24
1/11/2026 0:00,countryclubdrive_to_I10interchange,NB,0.04,0.31,31.6
1/11/2026 1:00,countryclubdrive_to_I10interchange,NB,0.01,0.25,38.9
1/11/2026 2:00,countryclubdrive_to_I10interchange,NB,0.03,0.29,33.7
1/11/2026 3:00,countryclubdrive_to_I10interchange,NB,0,0.24,40.8
1/11/2026 4:00,countryclubdrive_to_I10interchange,NB,0.01,0.26,37.5
1/11/2026 5:00,countryclubdrive_to_I10interchange,NB,0.06,0.34,29.7
1/11/2026 6:00,countryclubdrive_to_I10interchange,NB,0.08,0.36,27.9
1/11/2026 7:00,countryclubdrive_to_I10interchange,NB,0.12,0.4,24.8
1/11/2026 8:00,countryclubdrive_to_I10interchange,NB,0.23,0.51,19.4
1/11/2026 9:00,countryclubdrive_to_I10interchange,NB,0.23,0.5,20.2
1/11/2026 10:00,countryclubdrive_to_I10interchange,NB,0.25,0.53,19
1/11/2026 11:00,countryclubdrive_to_I10interchange,NB,0.32,0.59,16.6
1/11/2026 12:00,countryclubdrive_to_I10interchange,NB,0.33,0.6,16.6
1/11/2026 13:00,countryclubdrive_to_I10interchange,NB,0.33,0.61,16.4
1/11/2026 14:00,countryclubdrive_to_I10interchange,NB,0.3,0.58,17.3
1/11/2026 15:00,countryclubdrive_to_I10interchange,NB,0.2,0.48,20.7
1/11/2026 16:00,countryclubdrive_to_I10interchange,NB,0.24,0.52,19.7
1/11/2026 17:00,countryclubdrive_to_I10interchange,NB,0.18,0.45,22.3
1/11/2026 18:00,countryclubdrive_to_I10interchange,NB,0.12,0.4,25
1/11/2026 19:00,countryclubdrive_to_I10interchange,NB,0.18,0.45,22.6
1/11/2026 20:00,countryclubdrive_to_I10interchange,NB,0.2,0.48,21.5
1/11/2026 21:00,countryclubdrive_to_I10interchange,NB,0.12,0.4,25.1
1/11/2026 22:00,countryclubdrive_to_I10interchange,NB,0.1,0.38,26.8
1/11/2026 23:00,countryclubdrive_to_I10interchange,NB,0.03,0.29,34.7
1/12/2026 0:00,countryclubdrive_to_I10interchange,NB,0.02,0.28,35
1/12/2026 1:00,countryclubdrive_to_I10interchange,NB,0,0.23,42.1
1/12/2026 2:00,countryclubdrive_to_I10interchange,NB,0,0.24,39.8
1/12/2026 3:00,countryclubdrive_to_I10interchange,NB,0.01,0.26,38
1/12/2026 4:00,countryclubdrive_to_I10interchange,NB,0,0.24,41
1/12/2026 5:00,countryclubdrive_to_I10interchange,NB,0.08,0.35,28.1
1/12/2026 6:00,countryclubdrive_to_I10interchange,NB,0.21,0.48,21
1/12/2026 7:00,countryclubdrive_to_I10interchange,NB,0.34,0.61,16.3
1/12/2026 8:00,countryclubdrive_to_I10interchange,NB,0.39,0.67,14.7
1/12/2026 9:00,countryclubdrive_to_I10interchange,NB,0.28,0.56,17.9
1/12/2026 10:00,countryclubdrive_to_I10interchange,NB,0.33,0.6,16.3
1/12/2026 11:00,countryclubdrive_to_I10interchange,NB,0.32,0.59,16.6
1/12/2026 12:00,countryclubdrive_to_I10interchange,NB,0.34,0.61,16.1
1/12/2026 13:00,countryclubdrive_to_I10interchange,NB,0.34,0.61,16.1
1/12/2026 14:00,countryclubdrive_to_I10interchange,NB,0.34,0.62,16
1/12/2026 15:00,countryclubdrive_to_I10interchange,NB,0.39,0.66,14.8
1/12/2026 16:00,countryclubdrive_to_I10interchange,NB,0.38,0.66,15
1/12/2026 17:00,countryclubdrive_to_I10interchange,NB,0.38,0.65,15.2
1/12/2026 18:00,countryclubdrive_to_I10interchange,NB,0.24,0.52,19.2
1/12/2026 19:00,countryclubdrive_to_I10interchange,NB,0.2,0.48,20.8
1/12/2026 20:00,countryclubdrive_to_I10interchange,NB,0.21,0.48,20.6
1/12/2026 21:00,countryclubdrive_to_I10interchange,NB,0.18,0.46,21.7
1/12/2026 22:00,countryclubdrive_to_I10interchange,NB,0.08,0.36,27.4
1/12/2026 23:00,countryclubdrive_to_I10interchange,NB,0.09,0.36,27.8
1/13/2026 0:00,countryclubdrive_to_I10interchange,NB,0.04,0.29,34.8
1/13/2026 1:00,countryclubdrive_to_I10interchange,NB,0.01,0.26,38.4
1/13/2026 2:00,countryclubdrive_to_I10interchange,NB,0,0.22,43.5
1/13/2026 3:00,countryclubdrive_to_I10interchange,NB,0.01,0.26,37.9
1/13/2026 4:00,countryclubdrive_to_I10interchange,NB,0.01,0.27,35.8
1/13/2026 5:00,countryclubdrive_to_I10interchange,NB,0.09,0.36,28.7
1/13/2026 6:00,countryclubdrive_to_I10interchange,NB,0.24,0.51,19.4
1/13/2026 7:00,countryclubdrive_to_I10interchange,NB,0.33,0.6,16.7
1/13/2026 8:00,countryclubdrive_to_I10interchange,NB,0.39,0.66,14.8
1/13/2026 9:00,countryclubdrive_to_I10interchange,NB,0.33,0.6,16.7
1/13/2026 10:00,countryclubdrive_to_I10interchange,NB,0.35,0.62,15.7
1/13/2026 11:00,countryclubdrive_to_I10interchange,NB,0.34,0.61,16
1/13/2026 12:00,countryclubdrive_to_I10interchange,NB,0.22,0.48,24
1/13/2026 13:00,countryclubdrive_to_I10interchange,NB,0.34,0.62,16
1/13/2026 14:00,countryclubdrive_to_I10interchange,NB,0.38,0.66,14.9
1/13/2026 15:00,countryclubdrive_to_I10interchange,NB,0.37,0.65,15.1
1/13/2026 16:00,countryclubdrive_to_I10interchange,NB,0.36,0.63,15.7
1/13/2026 17:00,countryclubdrive_to_I10interchange,NB,0.34,0.62,15.9
1/13/2026 18:00,countryclubdrive_to_I10interchange,NB,0.23,0.5,19.8
1/13/2026 19:00,countryclubdrive_to_I10interchange,NB,0.14,0.41,24.5
1/13/2026 20:00,countryclubdrive_to_I10interchange,NB,0.22,0.5,19.7
1/13/2026 21:00,countryclubdrive_to_I10interchange,NB,0.23,0.5,20.1
1/13/2026 22:00,countryclubdrive_to_I10interchange,NB,0.16,0.44,22.4
1/13/2026 23:00,countryclubdrive_to_I10interchange,NB,0.1,0.38,26.6
1/14/2026 0:00,countryclubdrive_to_I10interchange,NB,0.03,0.29,34.1
1/14/2026 1:00,countryclubdrive_to_I10interchange,NB,0.02,0.27,35.8
1/14/2026 2:00,countryclubdrive_to_I10interchange,NB,0,0.24,40
1/14/2026 3:00,countryclubdrive_to_I10interchange,NB,0.01,0.25,38.8
1/14/2026 4:00,countryclubdrive_to_I10interchange,NB,0.03,0.29,33.5
1/14/2026 5:00,countryclubdrive_to_I10interchange,NB,0.09,0.37,27.5
1/14/2026 6:00,countryclubdrive_to_I10interchange,NB,0.27,0.54,18.6
1/14/2026 7:00,countryclubdrive_to_I10interchange,NB,0.28,0.55,18.1
1/14/2026 8:00,countryclubdrive_to_I10interchange,NB,0.37,0.64,15.7
1/14/2026 9:00,countryclubdrive_to_I10interchange,NB,0.33,0.61,16.1
1/14/2026 10:00,countryclubdrive_to_I10interchange,NB,0.32,0.59,16.5
1/14/2026 11:00,countryclubdrive_to_I10interchange,NB,0.33,0.6,16.4
1/14/2026 12:00,countryclubdrive_to_I10interchange,NB,0.35,0.63,16
1/14/2026 13:00,countryclubdrive_to_I10interchange,NB,0.38,0.66,14.8
1/14/2026 14:00,countryclubdrive_to_I10interchange,NB,0.36,0.64,15.5
1/14/2026 15:00,countryclubdrive_to_I10interchange,NB,0.35,0.62,15.9
1/14/2026 16:00,countryclubdrive_to_I10interchange,NB,0.34,0.61,16.3
1/14/2026 17:00,countryclubdrive_to_I10interchange,NB,0.34,0.62,16
1/14/2026 18:00,countryclubdrive_to_I10interchange,NB,0.31,0.58,17
1/14/2026 19:00,countryclubdrive_to_I10interchange,NB,0.19,0.47,21.3
1/14/2026 20:00,countryclubdrive_to_I10interchange,NB,0.13,0.41,24.1
1/14/2026 21:00,countryclubdrive_to_I10interchange,NB,0.13,0.41,24.7
1/14/2026 22:00,countryclubdrive_to_I10interchange,NB,0.11,0.38,25.8
1/14/2026 23:00,countryclubdrive_to_I10interchange,NB,0.1,0.37,26.4
1/15/2026 0:00,countryclubdrive_to_I10interchange,NB,0.03,0.29,33.7
1/15/2026 1:00,countryclubdrive_to_I10interchange,NB,0.01,0.26,38.4
1/15/2026 2:00,countryclubdrive_to_I10interchange,NB,0.01,0.25,39.1
1/15/2026 3:00,countryclubdrive_to_I10interchange,NB,0.01,0.25,39
1/15/2026 4:00,countryclubdrive_to_I10interchange,NB,0.02,0.26,37.4
1/15/2026 5:00,countryclubdrive_to_I10interchange,NB,0.07,0.33,30.7
1/15/2026 6:00,countryclubdrive_to_I10interchange,NB,0.27,0.55,18.2
1/15/2026 7:00,countryclubdrive_to_I10interchange,NB,0.35,0.62,16.2
1/15/2026 8:00,countryclubdrive_to_I10interchange,NB,0.37,0.65,15.4
1/15/2026 9:00,countryclubdrive_to_I10interchange,NB,0.36,0.63,15.6
1/15/2026 10:00,countryclubdrive_to_I10interchange,NB,0.37,0.64,15.6
1/15/2026 11:00,countryclubdrive_to_I10interchange,NB,0.31,0.58,17.2
1/15/2026 12:00,countryclubdrive_to_I10interchange,NB,0.35,0.63,15.7
1/15/2026 13:00,countryclubdrive_to_I10interchange,NB,0.32,0.59,17.8
1/15/2026 14:00,countryclubdrive_to_I10interchange,NB,0.36,0.63,15.6
1/15/2026 15:00,countryclubdrive_to_I10interchange,NB,0.39,0.67,14.8
1/15/2026 16:00,countryclubdrive_to_I10interchange,NB,0.4,0.67,14.9
1/15/2026 17:00,countryclubdrive_to_I10interchange,NB,0.38,0.66,15.1
1/15/2026 18:00,countryclubdrive_to_I10interchange,NB,0.18,0.46,21.7
1/15/2026 19:00,countryclubdrive_to_I10interchange,NB,0.12,0.36,33
1/15/2026 20:00,countryclubdrive_to_I10interchange,NB,0.17,0.42,28.3
1/15/2026 21:00,countryclubdrive_to_I10interchange,NB,0.11,0.36,30.7
1/15/2026 22:00,countryclubdrive_to_I10interchange,NB,0.1,0.37,27.6
1/15/2026 23:00,countryclubdrive_to_I10interchange,NB,0.08,0.34,31
1/16/2026 0:00,countryclubdrive_to_I10interchange,NB,0.02,0.28,35.4
1/16/2026 1:00,countryclubdrive_to_I10interchange,NB,0.04,0.3,33.1
1/16/2026 2:00,countryclubdrive_to_I10interchange,NB,0,0.24,40.8
1/16/2026 3:00,countryclubdrive_to_I10interchange,NB,0.01,0.25,38.9
1/16/2026 4:00,countryclubdrive_to_I10interchange,NB,0.05,0.3,33.5
1/16/2026 5:00,countryclubdrive_to_I10interchange,NB,0.07,0.35,28
1/16/2026 6:00,countryclubdrive_to_I10interchange,NB,0.26,0.53,19.7
1/16/2026 7:00,countryclubdrive_to_I10interchange,NB,0.27,0.55,17.9
1/16/2026 8:00,countryclubdrive_to_I10interchange,NB,0.36,0.64,15.5
1/16/2026 9:00,countryclubdrive_to_I10interchange,NB,0.37,0.64,15.2
1/16/2026 10:00,countryclubdrive_to_I10interchange,NB,0.32,0.6,16.6
1/16/2026 11:00,countryclubdrive_to_I10interchange,NB,0.39,0.67,14.8
1/16/2026 12:00,countryclubdrive_to_I10interchange,NB,0.39,0.66,14.7
1/16/2026 13:00,countryclubdrive_to_I10interchange,NB,0.41,0.68,14.4
1/16/2026 14:00,countryclubdrive_to_I10interchange,NB,0.4,0.68,14.5
1/16/2026 15:00,countryclubdrive_to_I10interchange,NB,0.39,0.66,14.9
1/16/2026 16:00,countryclubdrive_to_I10interchange,NB,0.36,0.64,15.4
1/16/2026 17:00,countryclubdrive_to_I10interchange,NB,0.43,0.71,13.9
1/16/2026 18:00,countryclubdrive_to_I10interchange,NB,0.37,0.65,15.2
1/16/2026 19:00,countryclubdrive_to_I10interchange,NB,0.26,0.54,19.6
1/16/2026 20:00,countryclubdrive_to_I10interchange,NB,0.24,0.51,20
1/16/2026 21:00,countryclubdrive_to_I10interchange,NB,0.27,0.54,18.8
1/16/2026 22:00,countryclubdrive_to_I10interchange,NB,0.18,0.45,21.9
1/16/2026 23:00,countryclubdrive_to_I10interchange,NB,0.12,0.4,25
1/17/2026 0:00,countryclubdrive_to_I10interchange,NB,0.04,0.3,33.2
1/17/2026 1:00,countryclubdrive_to_I10interchange,NB,0.01,0.26,38.7
1/17/2026 2:00,countryclubdrive_to_I10interchange,NB,0.02,0.27,36.2
1/17/2026 3:00,countryclubdrive_to_I10interchange,NB,0.01,0.25,39.9
1/17/2026 4:00,countryclubdrive_to_I10interchange,NB,0.02,0.27,36.2
1/17/2026 5:00,countryclubdrive_to_I10interchange,NB,0.04,0.31,31.6
1/17/2026 6:00,countryclubdrive_to_I10interchange,NB,0.2,0.48,20.9
1/17/2026 7:00,countryclubdrive_to_I10interchange,NB,0.26,0.53,19.1
1/17/2026 8:00,countryclubdrive_to_I10interchange,NB,0.2,0.47,21.6
1/17/2026 9:00,countryclubdrive_to_I10interchange,NB,0.19,0.47,21.2
1/17/2026 10:00,countryclubdrive_to_I10interchange,NB,0.22,0.49,19.8
1/17/2026 11:00,countryclubdrive_to_I10interchange,NB,0.4,0.68,14.6
1/17/2026 12:00,countryclubdrive_to_I10interchange,NB,0.33,0.61,16.2
1/17/2026 13:00,countryclubdrive_to_I10interchange,NB,0.3,0.58,17.1
1/17/2026 14:00,countryclubdrive_to_I10interchange,NB,0.28,0.56,18.2
1/17/2026 15:00,countryclubdrive_to_I10interchange,NB,0.34,0.62,16
1/17/2026 16:00,countryclubdrive_to_I10interchange,NB,0.31,0.59,17
1/17/2026 17:00,countryclubdrive_to_I10interchange,NB,0.34,0.62,15.8
1/17/2026 18:00,countryclubdrive_to_I10interchange,NB,0.28,0.56,19.2
1/17/2026 19:00,countryclubdrive_to_I10interchange,NB,0.16,0.44,22.6
1/17/2026 20:00,countryclubdrive_to_I10interchange,NB,0.23,0.5,20
1/17/2026 21:00,countryclubdrive_to_I10interchange,NB,0.21,0.48,21.2
1/17/2026 22:00,countryclubdrive_to_I10interchange,NB,0.18,0.45,22
1/17/2026 23:00,countryclubdrive_to_I10interchange,NB,0.11,0.38,26.5
1/18/2026 0:00,countryclubdrive_to_I10interchange,NB,0.1,0.38,26.3
1/18/2026 1:00,countryclubdrive_to_I10interchange,NB,0.06,0.32,31.9
1/18/2026 2:00,countryclubdrive_to_I10interchange,NB,0.01,0.25,38.7
1/18/2026 3:00,countryclubdrive_to_I10interchange,NB,0,0.24,40.3
1/18/2026 4:00,countryclubdrive_to_I10interchange,NB,0.03,0.29,35.1
1/18/2026 5:00,countryclubdrive_to_I10interchange,NB,0.07,0.34,29.6
1/18/2026 6:00,countryclubdrive_to_I10interchange,NB,0.15,0.43,22.6
1/18/2026 7:00,countryclubdrive_to_I10interchange,NB,0.2,0.47,20.9
1/18/2026 8:00,countryclubdrive_to_I10interchange,NB,0.21,0.49,20.6
1/18/2026 9:00,countryclubdrive_to_I10interchange,NB,0.22,0.5,20.3
1/18/2026 10:00,countryclubdrive_to_I10interchange,NB,0.23,0.5,20.2
1/18/2026 11:00,countryclubdrive_to_I10interchange,NB,0.23,0.5,19.8
1/18/2026 12:00,countryclubdrive_to_I10interchange,NB,0.31,0.58,17
1/18/2026 13:00,countryclubdrive_to_I10interchange,NB,0.25,0.53,18.6
1/18/2026 14:00,countryclubdrive_to_I10interchange,NB,0.22,0.49,20.2
1/18/2026 15:00,countryclubdrive_to_I10interchange,NB,0.31,0.58,17
1/18/2026 16:00,countryclubdrive_to_I10interchange,NB,0.28,0.56,17.6
1/18/2026 17:00,countryclubdrive_to_I10interchange,NB,0.26,0.53,18.9
1/18/2026 18:00,countryclubdrive_to_I10interchange,NB,0.19,0.47,21.9
1/18/2026 19:00,countryclubdrive_to_I10interchange,NB,0.19,0.47,21.1
1/18/2026 20:00,countryclubdrive_to_I10interchange,NB,0.21,0.49,20.6
1/18/2026 21:00,countryclubdrive_to_I10interchange,NB,0.14,0.42,23.6
1/18/2026 22:00,countryclubdrive_to_I10interchange,NB,0.12,0.4,24.8
1/18/2026 23:00,countryclubdrive_to_I10interchange,NB,0.11,0.38,25.7
1/19/2026 0:00,countryclubdrive_to_I10interchange,NB,0.09,0.36,28.2
1/19/2026 1:00,countryclubdrive_to_I10interchange,NB,0.04,0.3,33.2
1/19/2026 2:00,countryclubdrive_to_I10interchange,NB,0.01,0.25,38.8
1/19/2026 3:00,countryclubdrive_to_I10interchange,NB,0.03,0.27,36.2
1/19/2026 4:00,countryclubdrive_to_I10interchange,NB,0.06,0.33,30
1/19/2026 5:00,countryclubdrive_to_I10interchange,NB,0.03,0.31,31.9
1/19/2026 6:00,countryclubdrive_to_I10interchange,NB,0.19,0.46,21.4
1/19/2026 7:00,countryclubdrive_to_I10interchange,NB,0.26,0.54,18.5
1/19/2026 8:00,countryclubdrive_to_I10interchange,NB,0.28,0.56,18.1
1/19/2026 9:00,countryclubdrive_to_I10interchange,NB,0.39,0.66,15.1
1/19/2026 10:00,countryclubdrive_to_I10interchange,NB,0.39,0.67,14.8
1/19/2026 11:00,countryclubdrive_to_I10interchange,NB,0.36,0.64,15.8
1/19/2026 12:00,countryclubdrive_to_I10interchange,NB,0.32,0.59,16.7
1/19/2026 13:00,countryclubdrive_to_I10interchange,NB,0.4,0.67,14.6
1/19/2026 14:00,countryclubdrive_to_I10interchange,NB,0.41,0.69,14.4
1/19/2026 15:00,countryclubdrive_to_I10interchange,NB,0.33,0.61,16.6
1/19/2026 16:00,countryclubdrive_to_I10interchange,NB,0.3,0.57,17.1
1/19/2026 17:00,countryclubdrive_to_I10interchange,NB,0.28,0.56,17.9
1/19/2026 18:00,countryclubdrive_to_I10interchange,NB,0.24,0.51,19.2
1/19/2026 19:00,countryclubdrive_to_I10interchange,NB,0.21,0.48,20.8
1/19/2026 20:00,countryclubdrive_to_I10interchange,NB,0.14,0.41,24.3
1/19/2026 21:00,countryclubdrive_to_I10interchange,NB,0.14,0.42,23.5
1/19/2026 22:00,countryclubdrive_to_I10interchange,NB,0.08,0.36,27.6
1/19/2026 23:00,countryclubdrive_to_I10interchange,NB,0.03,0.29,34.1
1/20/2026 0:00,countryclubdrive_to_I10interchange,NB,0.02,0.27,37
1/20/2026 1:00,countryclubdrive_to_I10interchange,NB,0.01,0.25,40.2
1/20/2026 2:00,countryclubdrive_to_I10interchange,NB,0.03,0.27,37
1/20/2026 3:00,countryclubdrive_to_I10interchange,NB,0.01,0.24,40.3
1/20/2026 4:00,countryclubdrive_to_I10interchange,NB,0.03,0.28,34.6
1/20/2026 5:00,countryclubdrive_to_I10interchange,NB,0.08,0.34,29.6
1/20/2026 6:00,countryclubdrive_to_I10interchange,NB,0.19,0.47,21.7
1/20/2026 7:00,countryclubdrive_to_I10interchange,NB,0.33,0.6,16.6
1/20/2026 8:00,countryclubdrive_to_I10interchange,NB,0.36,0.64,15.4
1/20/2026 9:00,countryclubdrive_to_I10interchange,NB,0.32,0.6,16.7
1/20/2026 10:00,countryclubdrive_to_I10interchange,NB,0.29,0.57,17.5
1/20/2026 11:00,countryclubdrive_to_I10interchange,NB,0.31,0.59,16.8
1/20/2026 12:00,countryclubdrive_to_I10interchange,NB,0.35,0.62,16.1
1/20/2026 13:00,countryclubdrive_to_I10interchange,NB,0.34,0.62,15.8
1/20/2026 14:00,countryclubdrive_to_I10interchange,NB,0.36,0.63,15.5
1/20/2026 15:00,countryclubdrive_to_I10interchange,NB,0.44,0.71,13.8
1/20/2026 16:00,countryclubdrive_to_I10interchange,NB,0.38,0.66,15.5
1/20/2026 17:00,countryclubdrive_to_I10interchange,NB,0.31,0.58,17.1
1/20/2026 18:00,countryclubdrive_to_I10interchange,NB,0.2,0.48,20.6
1/20/2026 19:00,countryclubdrive_to_I10interchange,NB,0.19,0.47,21.2
1/20/2026 20:00,countryclubdrive_to_I10interchange,NB,0.25,0.52,18.9
1/20/2026 21:00,countryclubdrive_to_I10interchange,NB,0.15,0.42,23.7
1/20/2026 22:00,countryclubdrive_to_I10interchange,NB,0.11,0.39,25.7
1/20/2026 23:00,countryclubdrive_to_I10interchange,NB,0.08,0.35,28.5
1/21/2026 0:00,countryclubdrive_to_I10interchange,NB,0.02,0.26,38.7
1/21/2026 1:00,countryclubdrive_to_I10interchange,NB,0.02,0.25,38.9
1/21/2026 2:00,countryclubdrive_to_I10interchange,NB,0.01,0.25,39
1/21/2026 3:00,countryclubdrive_to_I10interchange,NB,0,0.23,42.1
1/21/2026 4:00,countryclubdrive_to_I10interchange,NB,0,0.27,36.2
1/21/2026 5:00,countryclubdrive_to_I10interchange,NB,0.07,0.34,30.1
1/21/2026 6:00,countryclubdrive_to_I10interchange,NB,0.24,0.51,19.4
1/21/2026 7:00,countryclubdrive_to_I10interchange,NB,0.4,0.68,14.8
1/21/2026 8:00,countryclubdrive_to_I10interchange,NB,0.41,0.69,14.5
1/21/2026 9:00,countryclubdrive_to_I10interchange,NB,0.28,0.55,17.7
1/21/2026 10:00,countryclubdrive_to_I10interchange,NB,0.29,0.56,17.8
1/21/2026 11:00,countryclubdrive_to_I10interchange,NB,0.4,0.68,14.6
1/21/2026 12:00,countryclubdrive_to_I10interchange,NB,0.44,0.72,13.7
1/21/2026 13:00,countryclubdrive_to_I10interchange,NB,0.37,0.65,15.2
1/21/2026 14:00,countryclubdrive_to_I10interchange,NB,0.34,0.61,16
1/21/2026 15:00,countryclubdrive_to_I10interchange,NB,0.41,0.68,14.3
1/21/2026 16:00,countryclubdrive_to_I10interchange,NB,0.41,0.69,14.3
1/21/2026 17:00,countryclubdrive_to_I10interchange,NB,0.37,0.65,15.2
1/21/2026 18:00,countryclubdrive_to_I10interchange,NB,0.28,0.56,17.8
1/21/2026 19:00,countryclubdrive_to_I10interchange,NB,0.18,0.45,22.6
1/21/2026 20:00,countryclubdrive_to_I10interchange,NB,0.22,0.5,19.9
1/21/2026 21:00,countryclubdrive_to_I10interchange,NB,0.19,0.47,21.6
1/21/2026 22:00,countryclubdrive_to_I10interchange,NB,0.09,0.37,27.5
1/21/2026 23:00,countryclubdrive_to_I10interchange,NB,0.01,0.27,35.9
1/22/2026 0:00,countryclubdrive_to_I10interchange,NB,0.01,0.25,39
1/22/2026 1:00,countryclubdrive_to_I10interchange,NB,0.03,0.29,34.8
1/22/2026 2:00,countryclubdrive_to_I10interchange,NB,0,0.24,41.5
1/22/2026 3:00,countryclubdrive_to_I10interchange,NB,0.02,0.27,36.4
1/22/2026 4:00,countryclubdrive_to_I10interchange,NB,0.02,0.26,37.4
1/22/2026 5:00,countryclubdrive_to_I10interchange,NB,0.09,0.37,26.7
1/22/2026 6:00,countryclubdrive_to_I10interchange,NB,0.24,0.52,19.1
1/22/2026 7:00,countryclubdrive_to_I10interchange,NB,0.41,0.68,14.7
1/22/2026 8:00,countryclubdrive_to_I10interchange,NB,0.38,0.65,15.1
1/22/2026 9:00,countryclubdrive_to_I10interchange,NB,0.46,0.74,13.5
1/22/2026 10:00,countryclubdrive_to_I10interchange,NB,0.51,0.78,13
1/22/2026 11:00,countryclubdrive_to_I10interchange,NB,0.41,0.69,14.2
1/22/2026 12:00,countryclubdrive_to_I10interchange,NB,0.32,0.6,16.4
1/22/2026 13:00,countryclubdrive_to_I10interchange,NB,0.36,0.64,15.6
1/22/2026 14:00,countryclubdrive_to_I10interchange,NB,0.38,0.66,14.9
1/22/2026 15:00,countryclubdrive_to_I10interchange,NB,0.33,0.6,16.3
1/22/2026 16:00,countryclubdrive_to_I10interchange,NB,0.36,0.63,15.4
1/22/2026 17:00,countryclubdrive_to_I10interchange,NB,0.33,0.6,16.3
1/22/2026 18:00,countryclubdrive_to_I10interchange,NB,0.19,0.46,21.2
1/22/2026 19:00,countryclubdrive_to_I10interchange,NB,0.21,0.48,20.8
1/22/2026 20:00,countryclubdrive_to_I10interchange,NB,0.2,0.48,21.3
1/22/2026 21:00,countryclubdrive_to_I10interchange,NB,0.14,0.42,23.8
1/22/2026 22:00,countryclubdrive_to_I10interchange,NB,0.13,0.41,24.6
1/22/2026 23:00,countryclubdrive_to_I10interchange,NB,0.09,0.36,26.9
1/23/2026 0:00,countryclubdrive_to_I10interchange,NB,0.03,0.29,34.3
1/23/2026 1:00,countryclubdrive_to_I10interchange,NB,0.01,0.26,37.7
1/23/2026 2:00,countryclubdrive_to_I10interchange,NB,0,0.24,41.2
1/23/2026 3:00,countryclubdrive_to_I10interchange,NB,0,0.24,40.1
1/23/2026 4:00,countryclubdrive_to_I10interchange,NB,0.04,0.29,34.2
1/23/2026 5:00,countryclubdrive_to_I10interchange,NB,0.09,0.36,27.4
1/23/2026 6:00,countryclubdrive_to_I10interchange,NB,0.24,0.51,19.3
1/23/2026 7:00,countryclubdrive_to_I10interchange,NB,0.33,0.61,16.1
1/23/2026 8:00,countryclubdrive_to_I10interchange,NB,0.38,0.65,14.9
1/23/2026 9:00,countryclubdrive_to_I10interchange,NB,0.34,0.62,15.9
1/23/2026 10:00,countryclubdrive_to_I10interchange,NB,0.35,0.63,15.8
1/23/2026 11:00,countryclubdrive_to_I10interchange,NB,0.35,0.62,15.8
1/23/2026 12:00,countryclubdrive_to_I10interchange,NB,0.33,0.6,16.2
1/23/2026 13:00,countryclubdrive_to_I10interchange,NB,0.36,0.64,15.4
1/23/2026 14:00,countryclubdrive_to_I10interchange,NB,0.41,0.68,14.5
1/23/2026 15:00,countryclubdrive_to_I10interchange,NB,0.38,0.66,15.1
1/23/2026 16:00,countryclubdrive_to_I10interchange,NB,0.42,0.7,14.3
1/23/2026 17:00,countryclubdrive_to_I10interchange,NB,0.35,0.63,15.8
1/23/2026 18:00,countryclubdrive_to_I10interchange,NB,0.25,0.53,18.9
1/23/2026 19:00,countryclubdrive_to_I10interchange,NB,0.19,0.46,22
1/23/2026 20:00,countryclubdrive_to_I10interchange,NB,0.28,0.56,18.1
1/23/2026 21:00,countryclubdrive_to_I10interchange,NB,0.22,0.49,20.1
1/23/2026 22:00,countryclubdrive_to_I10interchange,NB,0.17,0.45,22.3
1/23/2026 23:00,countryclubdrive_to_I10interchange,NB,0.15,0.42,23.4
1/24/2026 0:00,countryclubdrive_to_I10interchange,NB,0.07,0.34,28.8
1/24/2026 1:00,countryclubdrive_to_I10interchange,NB,0.03,0.28,35
1/24/2026 2:00,countryclubdrive_to_I10interchange,NB,0.02,0.27,36.8
1/24/2026 3:00,countryclubdrive_to_I10interchange,NB,0.04,0.3,33.2
1/24/2026 4:00,countryclubdrive_to_I10interchange,NB,0.04,0.3,33.6
1/24/2026 5:00,countryclubdrive_to_I10interchange,NB,0.07,0.33,30.5
1/24/2026 6:00,countryclubdrive_to_I10interchange,NB,0.15,0.43,23.2
1/24/2026 7:00,countryclubdrive_to_I10interchange,NB,0.18,0.45,22.1
1/24/2026 8:00,countryclubdrive_to_I10interchange,NB,0.21,0.49,20
1/24/2026 9:00,countryclubdrive_to_I10interchange,NB,0.25,0.53,18.9
1/24/2026 10:00,countryclubdrive_to_I10interchange,NB,0.29,0.57,17.5
1/24/2026 11:00,countryclubdrive_to_I10interchange,NB,0.3,0.57,17.3
1/24/2026 12:00,countryclubdrive_to_I10interchange,NB,0.31,0.59,17
1/24/2026 13:00,countryclubdrive_to_I10interchange,NB,0.25,0.53,18.8
1/24/2026 14:00,countryclubdrive_to_I10interchange,NB,0.34,0.61,16
1/24/2026 15:00,countryclubdrive_to_I10interchange,NB,0.29,0.57,17.4
1/24/2026 16:00,countryclubdrive_to_I10interchange,NB,0.31,0.59,17
1/24/2026 17:00,countryclubdrive_to_I10interchange,NB,0.37,0.64,15.5
1/24/2026 18:00,countryclubdrive_to_I10interchange,NB,0.24,0.52,19.4
1/24/2026 19:00,countryclubdrive_to_I10interchange,NB,0.23,0.5,20.1
1/24/2026 20:00,countryclubdrive_to_I10interchange,NB,0.21,0.49,20.4
1/24/2026 21:00,countryclubdrive_to_I10interchange,NB,0.2,0.48,20.8
1/24/2026 22:00,countryclubdrive_to_I10interchange,NB,0.15,0.43,22.8
1/24/2026 23:00,countryclubdrive_to_I10interchange,NB,0.2,0.47,20.7
1/25/2026 0:00,countryclubdrive_to_I10interchange,NB,0.1,0.37,26.3
1/25/2026 1:00,countryclubdrive_to_I10interchange,NB,0.04,0.31,32.8
1/25/2026 2:00,countryclubdrive_to_I10interchange,NB,0.02,0.27,37.3
1/25/2026 3:00,countryclubdrive_to_I10interchange,NB,0,0.23,42.5
1/25/2026 4:00,countryclubdrive_to_I10interchange,NB,0.02,0.27,37.1
1/25/2026 5:00,countryclubdrive_to_I10interchange,NB,0.05,0.32,30.9
1/25/2026 6:00,countryclubdrive_to_I10interchange,NB,0.12,0.39,25.4
1/25/2026 7:00,countryclubdrive_to_I10interchange,NB,0.08,0.35,27.8
1/25/2026 8:00,countryclubdrive_to_I10interchange,NB,0.15,0.42,23.9
1/25/2026 9:00,countryclubdrive_to_I10interchange,NB,0.22,0.49,21.1
1/25/2026 10:00,countryclubdrive_to_I10interchange,NB,0.24,0.52,19.4
1/25/2026 11:00,countryclubdrive_to_I10interchange,NB,0.3,0.58,17.9
1/25/2026 12:00,countryclubdrive_to_I10interchange,NB,0.23,0.5,19.8
1/25/2026 13:00,countryclubdrive_to_I10interchange,NB,0.24,0.51,19.2
1/25/2026 14:00,countryclubdrive_to_I10interchange,NB,0.22,0.49,19.9
1/25/2026 15:00,countryclubdrive_to_I10interchange,NB,0.2,0.48,20.6
1/25/2026 16:00,countryclubdrive_to_I10interchange,NB,0.23,0.51,19.4
1/25/2026 17:00,countryclubdrive_to_I10interchange,NB,0.18,0.45,22.5
1/25/2026 18:00,countryclubdrive_to_I10interchange,NB,0.19,0.47,21.3
1/25/2026 19:00,countryclubdrive_to_I10interchange,NB,0.21,0.48,20.8
1/25/2026 20:00,countryclubdrive_to_I10interchange,NB,0.17,0.44,22.5
1/25/2026 21:00,countryclubdrive_to_I10interchange,NB,0.11,0.39,25.8
1/25/2026 22:00,countryclubdrive_to_I10interchange,NB,0.09,0.36,27
1/25/2026 23:00,countryclubdrive_to_I10interchange,NB,0.04,0.31,32.6
1/26/2026 0:00,countryclubdrive_to_I10interchange,NB,0.03,0.29,34.4
1/26/2026 1:00,countryclubdrive_to_I10interchange,NB,0.01,0.25,39.3
1/26/2026 2:00,countryclubdrive_to_I10interchange,NB,0,0.23,41.5
1/26/2026 3:00,countryclubdrive_to_I10interchange,NB,0.01,0.25,39.9
1/26/2026 4:00,countryclubdrive_to_I10interchange,NB,0.08,0.34,29.4
1/26/2026 5:00,countryclubdrive_to_I10interchange,NB,0.15,0.42,23.5
1/26/2026 6:00,countryclubdrive_to_I10interchange,NB,0.28,0.56,18
1/26/2026 7:00,countryclubdrive_to_I10interchange,NB,0.28,0.55,18.3
1/26/2026 8:00,countryclubdrive_to_I10interchange,NB,0.36,0.64,15.5
1/26/2026 9:00,countryclubdrive_to_I10interchange,NB,0.29,0.56,17.8
1/26/2026 10:00,countryclubdrive_to_I10interchange,NB,0.31,0.59,16.9
1/26/2026 11:00,countryclubdrive_to_I10interchange,NB,0.34,0.61,16.1
1/26/2026 12:00,countryclubdrive_to_I10interchange,NB,0.36,0.64,15.9
1/26/2026 13:00,countryclubdrive_to_I10interchange,NB,0.36,0.63,15.9
1/26/2026 14:00,countryclubdrive_to_I10interchange,NB,0.29,0.57,17.3
1/26/2026 15:00,countryclubdrive_to_I10interchange,NB,0.41,0.68,14.4
1/26/2026 16:00,countryclubdrive_to_I10interchange,NB,0.38,0.65,15.3
1/26/2026 17:00,countryclubdrive_to_I10interchange,NB,0.29,0.56,18
1/26/2026 18:00,countryclubdrive_to_I10interchange,NB,0.24,0.52,19.6
1/26/2026 19:00,countryclubdrive_to_I10interchange,NB,0.18,0.45,22
1/26/2026 20:00,countryclubdrive_to_I10interchange,NB,0.17,0.45,22.3
1/26/2026 21:00,countryclubdrive_to_I10interchange,NB,0.14,0.41,24
1/26/2026 22:00,countryclubdrive_to_I10interchange,NB,0.15,0.42,24.2
1/26/2026 23:00,countryclubdrive_to_I10interchange,NB,0.04,0.31,31.7
1/27/2026 0:00,countryclubdrive_to_I10interchange,NB,0.02,0.26,37.5
1/27/2026 1:00,countryclubdrive_to_I10interchange,NB,0.01,0.25,39.1
1/27/2026 2:00,countryclubdrive_to_I10interchange,NB,0,0.23,41.6
1/27/2026 3:00,countryclubdrive_to_I10interchange,NB,0.01,0.25,39.4
1/27/2026 4:00,countryclubdrive_to_I10interchange,NB,0.05,0.3,33.3
1/27/2026 5:00,countryclubdrive_to_I10interchange,NB,0.15,0.43,24
1/27/2026 6:00,countryclubdrive_to_I10interchange,NB,0.23,0.51,19.3
1/27/2026 7:00,countryclubdrive_to_I10interchange,NB,0.28,0.56,18
1/27/2026 8:00,countryclubdrive_to_I10interchange,NB,0.35,0.62,16.1
1/27/2026 9:00,countryclubdrive_to_I10interchange,NB,0.28,0.56,18.1
1/27/2026 10:00,countryclubdrive_to_I10interchange,NB,0.32,0.6,16.6
1/27/2026 11:00,countryclubdrive_to_I10interchange,NB,0.33,0.61,16.1
1/27/2026 12:00,countryclubdrive_to_I10interchange,NB,0.4,0.68,14.8
1/27/2026 13:00,countryclubdrive_to_I10interchange,NB,0.32,0.59,16.5
1/27/2026 14:00,countryclubdrive_to_I10interchange,NB,0.31,0.58,17
1/27/2026 15:00,countryclubdrive_to_I10interchange,NB,0.42,0.7,14.1
1/27/2026 16:00,countryclubdrive_to_I10interchange,NB,0.33,0.61,16.5
1/27/2026 17:00,countryclubdrive_to_I10interchange,NB,0.3,0.57,17.2
1/27/2026 18:00,countryclubdrive_to_I10interchange,NB,0.21,0.49,20.6
1/27/2026 19:00,countryclubdrive_to_I10interchange,NB,0.18,0.45,21.8
1/27/2026 20:00,countryclubdrive_to_I10interchange,NB,0.2,0.47,21.2
1/27/2026 21:00,countryclubdrive_to_I10interchange,NB,0.13,0.41,24
1/27/2026 22:00,countryclubdrive_to_I10interchange,NB,0.14,0.41,24.5
1/27/2026 23:00,countryclubdrive_to_I10interchange,NB,0.06,0.34,29.2
1/28/2026 0:00,countryclubdrive_to_I10interchange,NB,0.02,0.28,35.6
1/28/2026 1:00,countryclubdrive_to_I10interchange,NB,0.01,0.25,39.4
1/28/2026 2:00,countryclubdrive_to_I10interchange,NB,0.01,0.25,38.9
1/28/2026 3:00,countryclubdrive_to_I10interchange,NB,0,0.24,40.6
1/28/2026 4:00,countryclubdrive_to_I10interchange,NB,0.01,0.26,37.3
1/28/2026 5:00,countryclubdrive_to_I10interchange,NB,0.08,0.35,28.6
1/28/2026 6:00,countryclubdrive_to_I10interchange,NB,0.21,0.49,20.5
1/28/2026 7:00,countryclubdrive_to_I10interchange,NB,0.3,0.58,17.2
1/28/2026 8:00,countryclubdrive_to_I10interchange,NB,0.41,0.69,14.7
1/28/2026 9:00,countryclubdrive_to_I10interchange,NB,0.32,0.59,16.8
1/28/2026 10:00,countryclubdrive_to_I10interchange,NB,0.38,0.65,15
1/28/2026 11:00,countryclubdrive_to_I10interchange,NB,0.35,0.62,15.7
1/28/2026 12:00,countryclubdrive_to_I10interchange,NB,0.34,0.62,15.8
1/28/2026 13:00,countryclubdrive_to_I10interchange,NB,0.34,0.62,16.1
1/28/2026 14:00,countryclubdrive_to_I10interchange,NB,0.31,0.59,17.1
1/28/2026 15:00,countryclubdrive_to_I10interchange,NB,0.45,0.73,13.6
1/28/2026 16:00,countryclubdrive_to_I10interchange,NB,0.37,0.64,15.3
1/28/2026 17:00,countryclubdrive_to_I10interchange,NB,0.37,0.64,15.2
1/28/2026 18:00,countryclubdrive_to_I10interchange,NB,0.27,0.55,18.2
1/28/2026 19:00,countryclubdrive_to_I10interchange,NB,0.23,0.5,20
1/28/2026 20:00,countryclubdrive_to_I10interchange,NB,0.21,0.49,20.3
1/28/2026 21:00,countryclubdrive_to_I10interchange,NB,0.21,0.49,20.8
1/28/2026 22:00,countryclubdrive_to_I10interchange,NB,0.09,0.36,27
1/28/2026 23:00,countryclubdrive_to_I10interchange,NB,0.06,0.33,29.5
1/29/2026 0:00,countryclubdrive_to_I10interchange,NB,0.01,0.25,39.7
1/29/2026 1:00,countryclubdrive_to_I10interchange,NB,0.04,0.29,34.8
1/29/2026 2:00,countryclubdrive_to_I10interchange,NB,0.01,0.25,39.7
1/29/2026 3:00,countryclubdrive_to_I10interchange,NB,0.02,0.26,38.3
1/29/2026 4:00,countryclubdrive_to_I10interchange,NB,0.03,0.28,35.3
1/29/2026 5:00,countryclubdrive_to_I10interchange,NB,0.18,0.46,22.8
1/29/2026 6:00,countryclubdrive_to_I10interchange,NB,0.25,0.52,19.7
1/29/2026 7:00,countryclubdrive_to_I10interchange,NB,0.27,0.55,18.2
1/29/2026 8:00,countryclubdrive_to_I10interchange,NB,0.53,0.8,12.3
1/29/2026 9:00,countryclubdrive_to_I10interchange,NB,0.34,0.61,16.6
1/29/2026 10:00,countryclubdrive_to_I10interchange,NB,0.33,0.61,16.1
1/29/2026 11:00,countryclubdrive_to_I10interchange,NB,0.36,0.63,15.5
1/29/2026 12:00,countryclubdrive_to_I10interchange,NB,0.45,0.73,13.5
1/29/2026 13:00,countryclubdrive_to_I10interchange,NB,0.39,0.67,14.8
1/29/2026 14:00,countryclubdrive_to_I10interchange,NB,0.47,0.75,13.2
1/29/2026 15:00,countryclubdrive_to_I10interchange,NB,0.39,0.66,14.9
1/29/2026 16:00,countryclubdrive_to_I10interchange,NB,0.37,0.64,15.3
1/29/2026 17:00,countryclubdrive_to_I10interchange,NB,0.33,0.61,16.2
1/29/2026 18:00,countryclubdrive_to_I10interchange,NB,0.24,0.51,19.5
1/29/2026 19:00,countryclubdrive_to_I10interchange,NB,0.2,0.48,21.9
1/29/2026 20:00,countryclubdrive_to_I10interchange,NB,0.16,0.44,22.9
1/29/2026 21:00,countryclubdrive_to_I10interchange,NB,0.17,0.44,23.8
1/29/2026 22:00,countryclubdrive_to_I10interchange,NB,0.09,0.37,27
1/29/2026 23:00,countryclubdrive_to_I10interchange,NB,0.09,0.36,27.4
1/30/2026 0:00,countryclubdrive_to_I10interchange,NB,0.05,0.3,34.8
1/30/2026 1:00,countryclubdrive_to_I10interchange,NB,0.01,0.24,40.7
1/30/2026 2:00,countryclubdrive_to_I10interchange,NB,0,0.24,41.4
1/30/2026 3:00,countryclubdrive_to_I10interchange,NB,0,0.24,40.7
1/30/2026 4:00,countryclubdrive_to_I10interchange,NB,0.03,0.29,33.6
1/30/2026 5:00,countryclubdrive_to_I10interchange,NB,0.05,0.32,30.7
1/30/2026 6:00,countryclubdrive_to_I10interchange,NB,0.16,0.44,22.6
1/30/2026 7:00,countryclubdrive_to_I10interchange,NB,0.3,0.57,17.3
1/30/2026 8:00,countryclubdrive_to_I10interchange,NB,0.41,0.69,14.5
1/30/2026 9:00,countryclubdrive_to_I10interchange,NB,0.32,0.6,16.5
1/30/2026 10:00,countryclubdrive_to_I10interchange,NB,0.4,0.67,14.7
1/30/2026 11:00,countryclubdrive_to_I10interchange,NB,0.39,0.66,14.8
1/30/2026 12:00,countryclubdrive_to_I10interchange,NB,0.4,0.68,14.6
1/30/2026 13:00,countryclubdrive_to_I10interchange,NB,0.47,0.75,13.6
1/30/2026 14:00,countryclubdrive_to_I10interchange,NB,0.45,0.72,13.6
1/30/2026 15:00,countryclubdrive_to_I10interchange,NB,0.42,0.7,14
1/30/2026 16:00,countryclubdrive_to_I10interchange,NB,0.4,0.68,14.3
1/30/2026 17:00,countryclubdrive_to_I10interchange,NB,0.39,0.67,14.8
1/30/2026 18:00,countryclubdrive_to_I10interchange,NB,0.3,0.57,17.2
1/30/2026 19:00,countryclubdrive_to_I10interchange,NB,0.26,0.54,18.3
1/30/2026 20:00,countryclubdrive_to_I10interchange,NB,0.22,0.49,20.3
1/30/2026 21:00,countryclubdrive_to_I10interchange,NB,0.23,0.5,19.6
1/30/2026 22:00,countryclubdrive_to_I10interchange,NB,0.19,0.47,21.2
1/30/2026 23:00,countryclubdrive_to_I10interchange,NB,0.1,0.37,26.6
1/31/2026 0:00,countryclubdrive_to_I10interchange,NB,0.06,0.33,30.2
1/31/2026 1:00,countryclubdrive_to_I10interchange,NB,0.02,0.27,35.5
1/31/2026 2:00,countryclubdrive_to_I10interchange,NB,0.01,0.25,38.8
1/31/2026 3:00,countryclubdrive_to_I10interchange,NB,0,0.24,40.4
1/31/2026 4:00,countryclubdrive_to_I10interchange,NB,0.01,0.25,39.2
1/31/2026 5:00,countryclubdrive_to_I10interchange,NB,0.05,0.31,31.9
1/31/2026 6:00,countryclubdrive_to_I10interchange,NB,0.17,0.44,22.7
1/31/2026 7:00,countryclubdrive_to_I10interchange,NB,0.28,0.55,18.1
1/31/2026 8:00,countryclubdrive_to_I10interchange,NB,0.31,0.58,17.1
1/31/2026 9:00,countryclubdrive_to_I10interchange,NB,0.26,0.54,19.2
1/31/2026 10:00,countryclubdrive_to_I10interchange,NB,0.31,0.58,16.9
1/31/2026 11:00,countryclubdrive_to_I10interchange,NB,0.34,0.62,16.1
1/31/2026 12:00,countryclubdrive_to_I10interchange,NB,0.31,0.58,16.9
1/31/2026 13:00,countryclubdrive_to_I10interchange,NB,0.3,0.57,17.1
1/31/2026 14:00,countryclubdrive_to_I10interchange,NB,0.31,0.59,16.7
1/31/2026 15:00,countryclubdrive_to_I10interchange,NB,0.27,0.55,18.1
1/31/2026 16:00,countryclubdrive_to_I10interchange,NB,0.29,0.57,17.6
1/31/2026 17:00,countryclubdrive_to_I10interchange,NB,0.24,0.52,19
1/31/2026 18:00,countryclubdrive_to_I10interchange,NB,0.25,0.53,20.1
1/31/2026 19:00,countryclubdrive_to_I10interchange,NB,0.15,0.42,23.3
1/31/2026 20:00,countryclubdrive_to_I10interchange,NB,0.23,0.51,19.6
1/31/2026 21:00,countryclubdrive_to_I10interchange,NB,0.16,0.44,22.4
1/31/2026 22:00,countryclubdrive_to_I10interchange,NB,0.18,0.45,22
1/31/2026 23:00,countryclubdrive_to_I10interchange,NB,0.14,0.42,23.4
2/1/2026 0:00,countryclubdrive_to_I10interchange,NB,0.15,0.43,23
2/1/2026 1:00,countryclubdrive_to_I10interchange,NB,0.05,0.32,30.8
2/1/2026 2:00,countryclubdrive_to_I10interchange,NB,0.01,0.26,37.4
2/1/2026 3:00,countryclubdrive_to_I10interchange,NB,0.02,0.27,36.7
2/1/2026 4:00,countryclubdrive_to_I10interchange,NB,0.03,0.26,37.9
2/1/2026 5:00,countryclubdrive_to_I10interchange,NB,0.04,0.3,33.5
2/1/2026 6:00,countryclubdrive_to_I10interchange,NB,0.07,0.34,28.6
2/1/2026 7:00,countryclubdrive_to_I10interchange,NB,0.12,0.39,25.3
2/1/2026 8:00,countryclubdrive_to_I10interchange,NB,0.14,0.41,23.9
2/1/2026 9:00,countryclubdrive_to_I10interchange,NB,0.22,0.49,20.6
2/1/2026 10:00,countryclubdrive_to_I10interchange,NB,0.31,0.59,17.1
2/1/2026 11:00,countryclubdrive_to_I10interchange,NB,0.32,0.59,16.8
2/1/2026 12:00,countryclubdrive_to_I10interchange,NB,0.3,0.57,17.3
2/1/2026 13:00,countryclubdrive_to_I10interchange,NB,0.29,0.57,17.8
2/1/2026 14:00,countryclubdrive_to_I10interchange,NB,0.26,0.54,18.6
2/1/2026 15:00,countryclubdrive_to_I10interchange,NB,0.28,0.55,17.9
2/1/2026 16:00,countryclubdrive_to_I10interchange,NB,0.23,0.51,19.8
2/1/2026 17:00,countryclubdrive_to_I10interchange,NB,0.25,0.53,19.4
2/1/2026 18:00,countryclubdrive_to_I10interchange,NB,0.21,0.49,20.5
2/1/2026 19:00,countryclubdrive_to_I10interchange,NB,0.25,0.52,19.4
2/1/2026 20:00,countryclubdrive_to_I10interchange,NB,0.24,0.52,19.3
2/1/2026 21:00,countryclubdrive_to_I10interchange,NB,0.22,0.49,20.9
2/1/2026 22:00,countryclubdrive_to_I10interchange,NB,0.19,0.46,21.2
2/1/2026 23:00,countryclubdrive_to_I10interchange,NB,0.05,0.32,31.1
2/2/2026 0:00,countryclubdrive_to_I10interchange,NB,0.03,0.3,33.3
2/2/2026 1:00,countryclubdrive_to_I10interchange,NB,0.01,0.26,38.6
2/2/2026 2:00,countryclubdrive_to_I10interchange,NB,0.02,0.27,37
2/2/2026 3:00,countryclubdrive_to_I10interchange,NB,0.01,0.28,34.9
2/2/2026 4:00,countryclubdrive_to_I10interchange,NB,0.04,0.3,33
2/2/2026 5:00,countryclubdrive_to_I10interchange,NB,0.16,0.44,22.9
2/2/2026 6:00,countryclubdrive_to_I10interchange,NB,0.2,0.47,21
2/2/2026 7:00,countryclubdrive_to_I10interchange,NB,0.32,0.6,16.6
2/2/2026 8:00,countryclubdrive_to_I10interchange,NB,0.41,0.68,14.5
2/2/2026 9:00,countryclubdrive_to_I10interchange,NB,0.33,0.61,16.2
2/2/2026 10:00,countryclubdrive_to_I10interchange,NB,0.38,0.65,15.1
2/2/2026 11:00,countryclubdrive_to_I10interchange,NB,0.34,0.61,16
2/2/2026 12:00,countryclubdrive_to_I10interchange,NB,0.31,0.59,16.8
2/2/2026 13:00,countryclubdrive_to_I10interchange,NB,0.37,0.64,15.6
2/2/2026 14:00,countryclubdrive_to_I10interchange,NB,0.37,0.64,15.7
2/2/2026 15:00,countryclubdrive_to_I10interchange,NB,0.45,0.72,13.6
2/2/2026 16:00,countryclubdrive_to_I10interchange,NB,0.37,0.64,15.3
2/2/2026 17:00,countryclubdrive_to_I10interchange,NB,0.32,0.59,16.7
2/2/2026 18:00,countryclubdrive_to_I10interchange,NB,0.22,0.5,19.9
2/2/2026 19:00,countryclubdrive_to_I10interchange,NB,0.24,0.51,20
2/2/2026 20:00,countryclubdrive_to_I10interchange,NB,0.14,0.41,24.3
2/2/2026 21:00,countryclubdrive_to_I10interchange,NB,0.15,0.42,23.3
2/2/2026 22:00,countryclubdrive_to_I10interchange,NB,0.08,0.35,27.7
2/2/2026 23:00,countryclubdrive_to_I10interchange,NB,0.03,0.29,35.1
2/3/2026 0:00,countryclubdrive_to_I10interchange,NB,0.09,0.36,27.9
2/3/2026 1:00,countryclubdrive_to_I10interchange,NB,0.01,0.26,37.1
2/3/2026 2:00,countryclubdrive_to_I10interchange,NB,0,0.23,41.8
2/3/2026 3:00,countryclubdrive_to_I10interchange,NB,0,0.24,41.2
2/3/2026 4:00,countryclubdrive_to_I10interchange,NB,0.03,0.28,35.3
2/3/2026 5:00,countryclubdrive_to_I10interchange,NB,0.16,0.44,23.5
2/3/2026 6:00,countryclubdrive_to_I10interchange,NB,0.24,0.52,19
2/3/2026 7:00,countryclubdrive_to_I10interchange,NB,0.32,0.6,16.7
2/3/2026 8:00,countryclubdrive_to_I10interchange,NB,0.4,0.67,14.6
2/3/2026 9:00,countryclubdrive_to_I10interchange,NB,0.29,0.56,17.7
2/3/2026 10:00,countryclubdrive_to_I10interchange,NB,0.37,0.64,15.3
2/3/2026 11:00,countryclubdrive_to_I10interchange,NB,0.34,0.62,15.9
2/3/2026 12:00,countryclubdrive_to_I10interchange,NB,0.38,0.65,15.1
2/3/2026 13:00,countryclubdrive_to_I10interchange,NB,0.38,0.65,15
2/3/2026 14:00,countryclubdrive_to_I10interchange,NB,0.37,0.64,15.3
2/3/2026 15:00,countryclubdrive_to_I10interchange,NB,0.42,0.7,14
2/3/2026 16:00,countryclubdrive_to_I10interchange,NB,0.4,0.68,14.5
2/3/2026 17:00,countryclubdrive_to_I10interchange,NB,0.35,0.63,15.6
2/3/2026 18:00,countryclubdrive_to_I10interchange,NB,0.18,0.45,22.1
2/3/2026 19:00,countryclubdrive_to_I10interchange,NB,0.17,0.44,22.3
2/3/2026 20:00,countryclubdrive_to_I10interchange,NB,0.16,0.44,23.1
2/3/2026 21:00,countryclubdrive_to_I10interchange,NB,0.18,0.45,22.6
2/3/2026 22:00,countryclubdrive_to_I10interchange,NB,0.13,0.4,24.8
2/3/2026 23:00,countryclubdrive_to_I10interchange,NB,0.06,0.34,29.3
2/4/2026 0:00,countryclubdrive_to_I10interchange,NB,0.06,0.33,29.6
2/4/2026 1:00,countryclubdrive_to_I10interchange,NB,0.01,0.25,39.4
2/4/2026 2:00,countryclubdrive_to_I10interchange,NB,0.02,0.27,36.7
2/4/2026 3:00,countryclubdrive_to_I10interchange,NB,0,0.24,40.4
2/4/2026 4:00,countryclubdrive_to_I10interchange,NB,0.03,0.29,33.7
2/4/2026 5:00,countryclubdrive_to_I10interchange,NB,0.08,0.35,28.2
2/4/2026 6:00,countryclubdrive_to_I10interchange,NB,0.23,0.51,19.6
2/4/2026 7:00,countryclubdrive_to_I10interchange,NB,0.44,0.72,14.1
2/4/2026 8:00,countryclubdrive_to_I10interchange,NB,0.61,0.89,11.3
2/4/2026 9:00,countryclubdrive_to_I10interchange,NB,0.33,0.61,16.1
2/4/2026 10:00,countryclubdrive_to_I10interchange,NB,0.37,0.65,15.5
2/4/2026 11:00,countryclubdrive_to_I10interchange,NB,0.36,0.63,15.7
2/4/2026 12:00,countryclubdrive_to_I10interchange,NB,0.33,0.61,16.2
2/4/2026 13:00,countryclubdrive_to_I10interchange,NB,0.35,0.63,16.1
2/4/2026 14:00,countryclubdrive_to_I10interchange,NB,0.33,0.61,16
2/4/2026 15:00,countryclubdrive_to_I10interchange,NB,0.37,0.65,15.2
2/4/2026 16:00,countryclubdrive_to_I10interchange,NB,0.4,0.68,14.7
2/4/2026 17:00,countryclubdrive_to_I10interchange,NB,0.36,0.64,15.8
2/4/2026 18:00,countryclubdrive_to_I10interchange,NB,0.22,0.5,20.1
2/4/2026 19:00,countryclubdrive_to_I10interchange,NB,0.22,0.5,20.1
2/4/2026 20:00,countryclubdrive_to_I10interchange,NB,0.19,0.46,21.5
2/4/2026 21:00,countryclubdrive_to_I10interchange,NB,0.23,0.51,19.7
2/4/2026 22:00,countryclubdrive_to_I10interchange,NB,0.07,0.34,29.2
2/4/2026 23:00,countryclubdrive_to_I10interchange,NB,0.05,0.32,30.9
2/5/2026 0:00,countryclubdrive_to_I10interchange,NB,0.04,0.3,33.1
2/5/2026 1:00,countryclubdrive_to_I10interchange,NB,0,0.24,40.4
2/5/2026 2:00,countryclubdrive_to_I10interchange,NB,0,0.25,39.7
2/5/2026 3:00,countryclubdrive_to_I10interchange,NB,0,0.24,41.2
2/5/2026 4:00,countryclubdrive_to_I10interchange,NB,0.04,0.29,35.9
2/5/2026 5:00,countryclubdrive_to_I10interchange,NB,0.1,0.37,26.8
2/5/2026 6:00,countryclubdrive_to_I10interchange,NB,0.29,0.56,18.1
2/5/2026 7:00,countryclubdrive_to_I10interchange,NB,0.32,0.6,16.6
2/5/2026 8:00,countryclubdrive_to_I10interchange,NB,0.42,0.7,14.2
2/5/2026 9:00,countryclubdrive_to_I10interchange,NB,0.3,0.58,17.2
2/5/2026 10:00,countryclubdrive_to_I10interchange,NB,0.3,0.57,17.5
2/5/2026 11:00,countryclubdrive_to_I10interchange,NB,0.36,0.63,15.7
2/5/2026 12:00,countryclubdrive_to_I10interchange,NB,0.42,0.69,14.2
2/5/2026 13:00,countryclubdrive_to_I10interchange,NB,0.35,0.63,15.6
2/5/2026 14:00,countryclubdrive_to_I10interchange,NB,0.32,0.6,16.2
2/5/2026 15:00,countryclubdrive_to_I10interchange,NB,0.4,0.67,14.5
2/5/2026 16:00,countryclubdrive_to_I10interchange,NB,0.38,0.66,15.1
2/5/2026 17:00,countryclubdrive_to_I10interchange,NB,0.37,0.64,15.3
2/5/2026 18:00,countryclubdrive_to_I10interchange,NB,0.28,0.55,18
2/5/2026 19:00,countryclubdrive_to_I10interchange,NB,0.23,0.5,19.8
2/5/2026 20:00,countryclubdrive_to_I10interchange,NB,0.18,0.46,22.2
2/5/2026 21:00,countryclubdrive_to_I10interchange,NB,0.18,0.46,21.7
2/5/2026 22:00,countryclubdrive_to_I10interchange,NB,0.17,0.45,22
2/5/2026 23:00,countryclubdrive_to_I10interchange,NB,0.09,0.36,27.3
2/6/2026 0:00,countryclubdrive_to_I10interchange,NB,0.06,0.32,31.5
2/6/2026 1:00,countryclubdrive_to_I10interchange,NB,0,0.24,41.7
2/6/2026 2:00,countryclubdrive_to_I10interchange,NB,0,0.25,38.7
2/6/2026 3:00,countryclubdrive_to_I10interchange,NB,0.01,0.25,39.8
2/6/2026 4:00,countryclubdrive_to_I10interchange,NB,0.04,0.29,33.5
2/6/2026 5:00,countryclubdrive_to_I10interchange,NB,0.14,0.4,25.5
2/6/2026 6:00,countryclubdrive_to_I10interchange,NB,0.25,0.53,18.6
2/6/2026 7:00,countryclubdrive_to_I10interchange,NB,0.32,0.6,16.6
2/6/2026 8:00,countryclubdrive_to_I10interchange,NB,0.4,0.68,14.7
2/6/2026 9:00,countryclubdrive_to_I10interchange,NB,0.37,0.65,15.4
2/6/2026 10:00,countryclubdrive_to_I10interchange,NB,0.38,0.66,15.1
2/6/2026 11:00,countryclubdrive_to_I10interchange,NB,0.42,0.7,14
2/6/2026 12:00,countryclubdrive_to_I10interchange,NB,0.41,0.69,14.3
2/6/2026 13:00,countryclubdrive_to_I10interchange,NB,0.36,0.64,15.5
2/6/2026 14:00,countryclubdrive_to_I10interchange,NB,0.35,0.62,15.8
2/6/2026 15:00,countryclubdrive_to_I10interchange,NB,0.44,0.71,13.8
2/6/2026 16:00,countryclubdrive_to_I10interchange,NB,0.51,0.78,12.4
2/6/2026 17:00,countryclubdrive_to_I10interchange,NB,0.37,0.64,15.5
2/6/2026 18:00,countryclubdrive_to_I10interchange,NB,0.25,0.52,19
2/6/2026 19:00,countryclubdrive_to_I10interchange,NB,0.29,0.57,17.9
2/6/2026 20:00,countryclubdrive_to_I10interchange,NB,0.2,0.48,20.9
2/6/2026 21:00,countryclubdrive_to_I10interchange,NB,0.21,0.48,20.5
2/6/2026 22:00,countryclubdrive_to_I10interchange,NB,0.17,0.44,22
2/6/2026 23:00,countryclubdrive_to_I10interchange,NB,0.1,0.38,26.7
2/7/2026 0:00,countryclubdrive_to_I10interchange,NB,0.06,0.33,30
2/7/2026 1:00,countryclubdrive_to_I10interchange,NB,0.02,0.27,35.9
2/7/2026 2:00,countryclubdrive_to_I10interchange,NB,0.01,0.25,39.3
2/7/2026 3:00,countryclubdrive_to_I10interchange,NB,0,0.22,43.8
2/7/2026 4:00,countryclubdrive_to_I10interchange,NB,0.01,0.26,37.3
2/7/2026 5:00,countryclubdrive_to_I10interchange,NB,0.06,0.33,30.3
2/7/2026 6:00,countryclubdrive_to_I10interchange,NB,0.17,0.45,22
2/7/2026 7:00,countryclubdrive_to_I10interchange,NB,0.19,0.46,21.6
2/7/2026 8:00,countryclubdrive_to_I10interchange,NB,0.28,0.55,17.8
2/7/2026 9:00,countryclubdrive_to_I10interchange,NB,0.34,0.61,16.2
2/7/2026 10:00,countryclubdrive_to_I10interchange,NB,0.35,0.62,15.9
2/7/2026 11:00,countryclubdrive_to_I10interchange,NB,0.58,0.85,11.7
2/7/2026 12:00,countryclubdrive_to_I10interchange,NB,0.37,0.65,15.5
2/7/2026 13:00,countryclubdrive_to_I10interchange,NB,0.29,0.56,17.6
2/7/2026 14:00,countryclubdrive_to_I10interchange,NB,0.27,0.54,18.6
2/7/2026 15:00,countryclubdrive_to_I10interchange,NB,0.4,0.68,14.6
2/7/2026 16:00,countryclubdrive_to_I10interchange,NB,0.33,0.61,16.2
2/7/2026 17:00,countryclubdrive_to_I10interchange,NB,0.32,0.6,16.4
2/7/2026 18:00,countryclubdrive_to_I10interchange,NB,0.24,0.52,19.3
2/7/2026 19:00,countryclubdrive_to_I10interchange,NB,0.2,0.47,21.5
2/7/2026 20:00,countryclubdrive_to_I10interchange,NB,0.17,0.44,22.6
2/7/2026 21:00,countryclubdrive_to_I10interchange,NB,0.18,0.45,22
2/7/2026 22:00,countryclubdrive_to_I10interchange,NB,0.12,0.4,25
2/7/2026 23:00,countryclubdrive_to_I10interchange,NB,0.15,0.43,23.2
2/8/2026 0:00,countryclubdrive_to_I10interchange,NB,0.06,0.33,29.9
2/8/2026 1:00,countryclubdrive_to_I10interchange,NB,0.03,0.28,35.5
2/8/2026 2:00,countryclubdrive_to_I10interchange,NB,0,0.24,40.6
2/8/2026 3:00,countryclubdrive_to_I10interchange,NB,0.03,0.28,35.3
2/8/2026 4:00,countryclubdrive_to_I10interchange,NB,0,0.25,38.6
2/8/2026 5:00,countryclubdrive_to_I10interchange,NB,0.02,0.27,37.3
2/8/2026 6:00,countryclubdrive_to_I10interchange,NB,0.22,0.5,19.7
2/8/2026 7:00,countryclubdrive_to_I10interchange,NB,0.13,0.4,24.4
2/8/2026 8:00,countryclubdrive_to_I10interchange,NB,0.21,0.49,20.2
2/8/2026 9:00,countryclubdrive_to_I10interchange,NB,0.22,0.49,20.5
2/8/2026 10:00,countryclubdrive_to_I10interchange,NB,0.26,0.54,18.7
2/8/2026 11:00,countryclubdrive_to_I10interchange,NB,0.31,0.59,16.9
2/8/2026 12:00,countryclubdrive_to_I10interchange,NB,0.24,0.52,19.2
2/8/2026 13:00,countryclubdrive_to_I10interchange,NB,0.24,0.51,19.8
2/8/2026 14:00,countryclubdrive_to_I10interchange,NB,0.25,0.53,19
2/8/2026 15:00,countryclubdrive_to_I10interchange,NB,0.27,0.54,18.8
2/8/2026 16:00,countryclubdrive_to_I10interchange,NB,0.13,0.4,24.1
2/8/2026 17:00,countryclubdrive_to_I10interchange,NB,0.18,0.46,22.3
2/8/2026 18:00,countryclubdrive_to_I10interchange,NB,0.13,0.41,25
2/8/2026 19:00,countryclubdrive_to_I10interchange,NB,0.17,0.44,22.3
2/8/2026 20:00,countryclubdrive_to_I10interchange,NB,0.17,0.45,22.2
2/8/2026 21:00,countryclubdrive_to_I10interchange,NB,0.18,0.46,21.9
2/8/2026 22:00,countryclubdrive_to_I10interchange,NB,0.13,0.41,24.1
2/8/2026 23:00,countryclubdrive_to_I10interchange,NB,0.11,0.39,25.7
2/9/2026 0:00,countryclubdrive_to_I10interchange,NB,0.05,0.3,34.1
2/9/2026 1:00,countryclubdrive_to_I10interchange,NB,0.04,0.3,33.6
2/9/2026 2:00,countryclubdrive_to_I10interchange,NB,0,0.23,41.9
2/9/2026 3:00,countryclubdrive_to_I10interchange,NB,0.02,0.27,36.3
2/9/2026 4:00,countryclubdrive_to_I10interchange,NB,0.03,0.29,34.7
2/9/2026 5:00,countryclubdrive_to_I10interchange,NB,0.16,0.43,23
2/9/2026 6:00,countryclubdrive_to_I10interchange,NB,0.21,0.48,21.3
2/9/2026 7:00,countryclubdrive_to_I10interchange,NB,0.3,0.57,17.6
2/9/2026 8:00,countryclubdrive_to_I10interchange,NB,0.35,0.63,16
2/9/2026 9:00,countryclubdrive_to_I10interchange,NB,0.31,0.59,17.1
2/9/2026 10:00,countryclubdrive_to_I10interchange,NB,0.32,0.6,16.3
2/9/2026 11:00,countryclubdrive_to_I10interchange,NB,0.34,0.61,16.3
2/9/2026 12:00,countryclubdrive_to_I10interchange,NB,0.39,0.66,14.9
2/9/2026 13:00,countryclubdrive_to_I10interchange,NB,0.34,0.61,16.1
2/9/2026 14:00,countryclubdrive_to_I10interchange,NB,0.34,0.62,15.8
2/9/2026 15:00,countryclubdrive_to_I10interchange,NB,0.43,0.71,13.8
2/9/2026 16:00,countryclubdrive_to_I10interchange,NB,0.35,0.62,15.8
2/9/2026 17:00,countryclubdrive_to_I10interchange,NB,0.29,0.56,18.1
2/9/2026 18:00,countryclubdrive_to_I10interchange,NB,0.26,0.53,18.5
2/9/2026 19:00,countryclubdrive_to_I10interchange,NB,0.23,0.5,20.5
2/9/2026 20:00,countryclubdrive_to_I10interchange,NB,0.2,0.47,21.3
2/9/2026 21:00,countryclubdrive_to_I10interchange,NB,0.17,0.45,22
2/9/2026 22:00,countryclubdrive_to_I10interchange,NB,0.11,0.38,26.1
2/9/2026 23:00,countryclubdrive_to_I10interchange,NB,0.05,0.32,31.3
2/10/2026 0:00,countryclubdrive_to_I10interchange,NB,0.02,0.26,37.9
2/10/2026 1:00,countryclubdrive_to_I10interchange,NB,0.01,0.25,40
2/10/2026 2:00,countryclubdrive_to_I10interchange,NB,0,0.24,41
2/10/2026 3:00,countryclubdrive_to_I10interchange,NB,0,0.23,43
2/10/2026 4:00,countryclubdrive_to_I10interchange,NB,0.03,0.29,34.5
2/10/2026 5:00,countryclubdrive_to_I10interchange,NB,0.12,0.4,25.1
2/10/2026 6:00,countryclubdrive_to_I10interchange,NB,0.04,0.27,39.8
2/10/2026 7:00,countryclubdrive_to_I10interchange,NB,0,0.22,44
2/10/2026 8:00,countryclubdrive_to_I10interchange,NB,0,0.22,44
2/10/2026 9:00,countryclubdrive_to_I10interchange,NB,0,0.22,44
2/10/2026 10:00,countryclubdrive_to_I10interchange,NB,0,0.22,44
2/10/2026 11:00,countryclubdrive_to_I10interchange,NB,0.23,0.49,26.1
2/10/2026 12:00,countryclubdrive_to_I10interchange,NB,0.38,0.65,15.1
2/10/2026 13:00,countryclubdrive_to_I10interchange,NB,0.31,0.59,16.7
2/10/2026 14:00,countryclubdrive_to_I10interchange,NB,0.36,0.63,15.5
2/10/2026 15:00,countryclubdrive_to_I10interchange,NB,0.42,0.69,14.1
2/10/2026 16:00,countryclubdrive_to_I10interchange,NB,0.38,0.65,15.2
2/10/2026 17:00,countryclubdrive_to_I10interchange,NB,0.37,0.64,15.4
2/10/2026 18:00,countryclubdrive_to_I10interchange,NB,0.25,0.53,18.8
2/10/2026 19:00,countryclubdrive_to_I10interchange,NB,0.23,0.51,19.6
2/10/2026 20:00,countryclubdrive_to_I10interchange,NB,0.23,0.51,19.7
2/10/2026 21:00,countryclubdrive_to_I10interchange,NB,0.14,0.42,23.8
2/10/2026 22:00,countryclubdrive_to_I10interchange,NB,0.11,0.38,25.9
2/10/2026 23:00,countryclubdrive_to_I10interchange,NB,0.09,0.36,27.3
2/11/2026 0:00,countryclubdrive_to_I10interchange,NB,0.04,0.3,33.6
2/11/2026 1:00,countryclubdrive_to_I10interchange,NB,0.02,0.27,37.3
2/11/2026 2:00,countryclubdrive_to_I10interchange,NB,0,0.23,42
2/11/2026 3:00,countryclubdrive_to_I10interchange,NB,0,0.25,39.4
2/11/2026 4:00,countryclubdrive_to_I10interchange,NB,0.03,0.27,36.7
2/11/2026 5:00,countryclubdrive_to_I10interchange,NB,0.09,0.36,28.7
2/11/2026 6:00,countryclubdrive_to_I10interchange,NB,0.19,0.46,21.5
2/11/2026 7:00,countryclubdrive_to_I10interchange,NB,0.35,0.62,16.2
2/11/2026 8:00,countryclubdrive_to_I10interchange,NB,0.37,0.65,15.3
2/11/2026 9:00,countryclubdrive_to_I10interchange,NB,0.3,0.57,17.7
2/11/2026 10:00,countryclubdrive_to_I10interchange,NB,0.31,0.59,16.7
2/11/2026 11:00,countryclubdrive_to_I10interchange,NB,0.34,0.62,16.2
2/11/2026 12:00,countryclubdrive_to_I10interchange,NB,0.42,0.7,14.2
2/11/2026 13:00,countryclubdrive_to_I10interchange,NB,0.39,0.67,14.8
2/11/2026 14:00,countryclubdrive_to_I10interchange,NB,0.34,0.61,16.1
2/11/2026 15:00,countryclubdrive_to_I10interchange,NB,0.43,0.71,13.8
2/11/2026 16:00,countryclubdrive_to_I10interchange,NB,0.41,0.69,14.2
2/11/2026 17:00,countryclubdrive_to_I10interchange,NB,0.4,0.67,14.6
2/11/2026 18:00,countryclubdrive_to_I10interchange,NB,0.26,0.54,18.1
2/11/2026 19:00,countryclubdrive_to_I10interchange,NB,0.25,0.52,19.2
2/11/2026 20:00,countryclubdrive_to_I10interchange,NB,0.21,0.49,20.6
2/11/2026 21:00,countryclubdrive_to_I10interchange,NB,0.18,0.46,21.8
2/11/2026 22:00,countryclubdrive_to_I10interchange,NB,0.17,0.45,22.3
2/11/2026 23:00,countryclubdrive_to_I10interchange,NB,0.13,0.4,24.3
2/12/2026 0:00,countryclubdrive_to_I10interchange,NB,0.05,0.32,31.1
2/12/2026 1:00,countryclubdrive_to_I10interchange,NB,0.01,0.27,35.7
2/12/2026 2:00,countryclubdrive_to_I10interchange,NB,0,0.24,40.1
2/12/2026 3:00,countryclubdrive_to_I10interchange,NB,0.04,0.29,33.9
2/12/2026 4:00,countryclubdrive_to_I10interchange,NB,0.04,0.3,32.7
2/12/2026 5:00,countryclubdrive_to_I10interchange,NB,0.12,0.4,25.2
2/12/2026 6:00,countryclubdrive_to_I10interchange,NB,0.22,0.5,20.2
2/12/2026 7:00,countryclubdrive_to_I10interchange,NB,0.27,0.54,18.4
2/12/2026 8:00,countryclubdrive_to_I10interchange,NB,0.36,0.63,15.8
2/12/2026 9:00,countryclubdrive_to_I10interchange,NB,0.33,0.61,16.2
2/12/2026 10:00,countryclubdrive_to_I10interchange,NB,0.34,0.62,16
2/12/2026 11:00,countryclubdrive_to_I10interchange,NB,0.38,0.65,15
2/12/2026 12:00,countryclubdrive_to_I10interchange,NB,0.4,0.67,14.7
2/12/2026 13:00,countryclubdrive_to_I10interchange,NB,0.46,0.73,13.4
2/12/2026 14:00,countryclubdrive_to_I10interchange,NB,0.33,0.6,16.8
2/12/2026 15:00,countryclubdrive_to_I10interchange,NB,0.41,0.68,14.5
2/12/2026 16:00,countryclubdrive_to_I10interchange,NB,0.39,0.66,15.2
2/12/2026 17:00,countryclubdrive_to_I10interchange,NB,0.36,0.63,15.5
2/12/2026 18:00,countryclubdrive_to_I10interchange,NB,0.25,0.53,18.5
2/12/2026 19:00,countryclubdrive_to_I10interchange,NB,0.24,0.52,19.7
2/12/2026 20:00,countryclubdrive_to_I10interchange,NB,0.21,0.48,21.6
2/12/2026 21:00,countryclubdrive_to_I10interchange,NB,0.21,0.49,20.3
2/12/2026 22:00,countryclubdrive_to_I10interchange,NB,0.13,0.4,25.1
2/12/2026 23:00,countryclubdrive_to_I10interchange,NB,0.1,0.38,26.5
2/13/2026 0:00,countryclubdrive_to_I10interchange,NB,0.02,0.26,38.1
2/13/2026 1:00,countryclubdrive_to_I10interchange,NB,0.01,0.25,38.9
2/13/2026 2:00,countryclubdrive_to_I10interchange,NB,0.03,0.28,34.8
2/13/2026 3:00,countryclubdrive_to_I10interchange,NB,0.02,0.29,34
2/13/2026 4:00,countryclubdrive_to_I10interchange,NB,0.05,0.31,33.1
2/13/2026 5:00,countryclubdrive_to_I10interchange,NB,0.11,0.38,26.2
2/13/2026 6:00,countryclubdrive_to_I10interchange,NB,0.18,0.46,21.8
2/13/2026 7:00,countryclubdrive_to_I10interchange,NB,0.35,0.63,15.9
2/13/2026 8:00,countryclubdrive_to_I10interchange,NB,0.46,0.73,13.7
2/13/2026 9:00,countryclubdrive_to_I10interchange,NB,0.34,0.62,16.1
2/13/2026 10:00,countryclubdrive_to_I10interchange,NB,0.38,0.65,15.3
2/13/2026 11:00,countryclubdrive_to_I10interchange,NB,0.47,0.75,13.2
2/13/2026 12:00,countryclubdrive_to_I10interchange,NB,0.45,0.72,13.7
2/13/2026 13:00,countryclubdrive_to_I10interchange,NB,0.43,0.71,13.9
2/13/2026 14:00,countryclubdrive_to_I10interchange,NB,0.45,0.72,13.5
2/13/2026 15:00,countryclubdrive_to_I10interchange,NB,0.46,0.73,13.4
2/13/2026 16:00,countryclubdrive_to_I10interchange,NB,0.46,0.73,13.4
2/13/2026 17:00,countryclubdrive_to_I10interchange,NB,0.4,0.68,14.4
2/13/2026 18:00,countryclubdrive_to_I10interchange,NB,0.3,0.58,17
2/13/2026 19:00,countryclubdrive_to_I10interchange,NB,0.29,0.57,17.7
2/13/2026 20:00,countryclubdrive_to_I10interchange,NB,0.24,0.52,19.1
2/13/2026 21:00,countryclubdrive_to_I10interchange,NB,0.21,0.48,20.4
2/13/2026 22:00,countryclubdrive_to_I10interchange,NB,0.24,0.52,19.4
2/13/2026 23:00,countryclubdrive_to_I10interchange,NB,0.11,0.39,25.7
2/14/2026 0:00,countryclubdrive_to_I10interchange,NB,0.1,0.37,28.5
2/14/2026 1:00,countryclubdrive_to_I10interchange,NB,0.07,0.34,29.3
2/14/2026 2:00,countryclubdrive_to_I10interchange,NB,0.05,0.32,31
2/14/2026 3:00,countryclubdrive_to_I10interchange,NB,0.02,0.27,36.3
2/14/2026 4:00,countryclubdrive_to_I10interchange,NB,0.04,0.3,33.6
2/14/2026 5:00,countryclubdrive_to_I10interchange,NB,0.03,0.29,34.3
2/14/2026 6:00,countryclubdrive_to_I10interchange,NB,0.16,0.44,23.1
2/14/2026 7:00,countryclubdrive_to_I10interchange,NB,0.19,0.47,22.1
2/14/2026 8:00,countryclubdrive_to_I10interchange,NB,0.2,0.48,21
2/14/2026 9:00,countryclubdrive_to_I10interchange,NB,0.3,0.58,17.4
2/14/2026 10:00,countryclubdrive_to_I10interchange,NB,0.36,0.63,15.8
2/14/2026 11:00,countryclubdrive_to_I10interchange,NB,0.44,0.72,13.8
2/14/2026 12:00,countryclubdrive_to_I10interchange,NB,0.36,0.63,15.7
2/14/2026 13:00,countryclubdrive_to_I10interchange,NB,0.37,0.65,15.3
2/14/2026 14:00,countryclubdrive_to_I10interchange,NB,0.37,0.64,15.5
2/14/2026 15:00,countryclubdrive_to_I10interchange,NB,0.42,0.7,14.2
2/14/2026 16:00,countryclubdrive_to_I10interchange,NB,0.37,0.65,15.6
2/14/2026 17:00,countryclubdrive_to_I10interchange,NB,0.29,0.57,17.4
2/14/2026 18:00,countryclubdrive_to_I10interchange,NB,0.26,0.54,19.6
2/14/2026 19:00,countryclubdrive_to_I10interchange,NB,0.17,0.45,22.5
2/14/2026 20:00,countryclubdrive_to_I10interchange,NB,0.14,0.42,23.9
2/14/2026 21:00,countryclubdrive_to_I10interchange,NB,0.2,0.47,21.6
2/14/2026 22:00,countryclubdrive_to_I10interchange,NB,0.2,0.47,21.6
2/14/2026 23:00,countryclubdrive_to_I10interchange,NB,0.12,0.4,25
2/15/2026 0:00,countryclubdrive_to_I10interchange,NB,0.05,0.32,30.3
2/15/2026 1:00,countryclubdrive_to_I10interchange,NB,0.02,0.27,37.4
2/15/2026 2:00,countryclubdrive_to_I10interchange,NB,0.01,0.27,36.1
2/15/2026 3:00,countryclubdrive_to_I10interchange,NB,0.01,0.26,38.3
2/15/2026 4:00,countryclubdrive_to_I10interchange,NB,0,0.23,41.8
2/15/2026 5:00,countryclubdrive_to_I10interchange,NB,0.08,0.35,27.9
2/15/2026 6:00,countryclubdrive_to_I10interchange,NB,0.12,0.4,24.6
2/15/2026 7:00,countryclubdrive_to_I10interchange,NB,0.19,0.47,20.8
2/15/2026 8:00,countryclubdrive_to_I10interchange,NB,0.21,0.48,20.9
2/15/2026 9:00,countryclubdrive_to_I10interchange,NB,0.29,0.56,17.7
2/15/2026 10:00,countryclubdrive_to_I10interchange,NB,0.3,0.58,17
2/15/2026 11:00,countryclubdrive_to_I10interchange,NB,0.32,0.59,16.8
2/15/2026 12:00,countryclubdrive_to_I10interchange,NB,0.33,0.6,16.6
2/15/2026 13:00,countryclubdrive_to_I10interchange,NB,0.32,0.6,16.5
2/15/2026 14:00,countryclubdrive_to_I10interchange,NB,0.29,0.57,17.7
2/15/2026 15:00,countryclubdrive_to_I10interchange,NB,0.23,0.51,19.3
2/15/2026 16:00,countryclubdrive_to_I10interchange,NB,0.26,0.53,18.5
2/15/2026 17:00,countryclubdrive_to_I10interchange,NB,0.27,0.54,18.9
2/15/2026 18:00,countryclubdrive_to_I10interchange,NB,0.25,0.52,19
2/15/2026 19:00,countryclubdrive_to_I10interchange,NB,0.19,0.46,21.6
2/15/2026 20:00,countryclubdrive_to_I10interchange,NB,0.16,0.44,22.6
2/15/2026 21:00,countryclubdrive_to_I10interchange,NB,0.12,0.4,25.1
2/15/2026 22:00,countryclubdrive_to_I10interchange,NB,0.12,0.4,24.8
2/15/2026 23:00,countryclubdrive_to_I10interchange,NB,0.13,0.4,25.7
2/16/2026 0:00,countryclubdrive_to_I10interchange,NB,0.04,0.31,32.4
2/16/2026 1:00,countryclubdrive_to_I10interchange,NB,0.03,0.29,34.2
2/16/2026 2:00,countryclubdrive_to_I10interchange,NB,0.01,0.27,36.5
2/16/2026 3:00,countryclubdrive_to_I10interchange,NB,0.03,0.3,33.3
2/16/2026 4:00,countryclubdrive_to_I10interchange,NB,0.08,0.34,30.5
2/16/2026 5:00,countryclubdrive_to_I10interchange,NB,0.06,0.32,30.6
2/16/2026 6:00,countryclubdrive_to_I10interchange,NB,0.24,0.51,19.4
2/16/2026 7:00,countryclubdrive_to_I10interchange,NB,0.29,0.56,17.6
2/16/2026 8:00,countryclubdrive_to_I10interchange,NB,0.29,0.57,17.5
2/16/2026 9:00,countryclubdrive_to_I10interchange,NB,0.3,0.57,17.1
2/16/2026 10:00,countryclubdrive_to_I10interchange,NB,0.3,0.57,17.1
2/16/2026 11:00,countryclubdrive_to_I10interchange,NB,0.38,0.66,15.1
2/16/2026 12:00,countryclubdrive_to_I10interchange,NB,0.35,0.62,15.8
2/16/2026 13:00,countryclubdrive_to_I10interchange,NB,0.38,0.65,15.2
2/16/2026 14:00,countryclubdrive_to_I10interchange,NB,0.34,0.61,16.2
2/16/2026 15:00,countryclubdrive_to_I10interchange,NB,0.31,0.59,17.1
2/16/2026 16:00,countryclubdrive_to_I10interchange,NB,0.28,0.56,17.8
2/16/2026 17:00,countryclubdrive_to_I10interchange,NB,0.27,0.55,17.9
2/16/2026 18:00,countryclubdrive_to_I10interchange,NB,0.24,0.51,19.9
2/16/2026 19:00,countryclubdrive_to_I10interchange,NB,0.24,0.51,19.4
2/16/2026 20:00,countryclubdrive_to_I10interchange,NB,0.17,0.44,22.1
2/16/2026 21:00,countryclubdrive_to_I10interchange,NB,0.14,0.41,23.9
2/16/2026 22:00,countryclubdrive_to_I10interchange,NB,0.1,0.37,26.6
2/16/2026 23:00,countryclubdrive_to_I10interchange,NB,0.08,0.35,29.2
2/17/2026 0:00,countryclubdrive_to_I10interchange,NB,0.01,0.26,37.5
2/17/2026 1:00,countryclubdrive_to_I10interchange,NB,0,0.25,39.7
2/17/2026 2:00,countryclubdrive_to_I10interchange,NB,0.01,0.25,39.9
2/17/2026 3:00,countryclubdrive_to_I10interchange,NB,0.01,0.24,40.2
2/17/2026 4:00,countryclubdrive_to_I10interchange,NB,0.06,0.33,29.5
2/17/2026 5:00,countryclubdrive_to_I10interchange,NB,0.14,0.42,23.6
2/17/2026 6:00,countryclubdrive_to_I10interchange,NB,0.25,0.52,18.7
2/17/2026 7:00,countryclubdrive_to_I10interchange,NB,0.33,0.61,16.5
2/17/2026 8:00,countryclubdrive_to_I10interchange,NB,0.35,0.63,15.8
2/17/2026 9:00,countryclubdrive_to_I10interchange,NB,0.28,0.56,17.5
2/17/2026 10:00,countryclubdrive_to_I10interchange,NB,0.29,0.57,17.3
2/17/2026 11:00,countryclubdrive_to_I10interchange,NB,0.34,0.61,16.6
2/17/2026 12:00,countryclubdrive_to_I10interchange,NB,0.37,0.64,15.6
2/17/2026 13:00,countryclubdrive_to_I10interchange,NB,0.37,0.64,15.5
2/17/2026 14:00,countryclubdrive_to_I10interchange,NB,0.43,0.71,14.1
2/17/2026 15:00,countryclubdrive_to_I10interchange,NB,0.38,0.66,14.9
2/17/2026 16:00,countryclubdrive_to_I10interchange,NB,0.41,0.69,14.3
2/17/2026 17:00,countryclubdrive_to_I10interchange,NB,0.37,0.64,15.6
2/17/2026 18:00,countryclubdrive_to_I10interchange,NB,0.28,0.56,17.8
2/17/2026 19:00,countryclubdrive_to_I10interchange,NB,0.23,0.51,21
2/17/2026 20:00,countryclubdrive_to_I10interchange,NB,0.17,0.45,22
2/17/2026 21:00,countryclubdrive_to_I10interchange,NB,0.17,0.44,22.6
2/17/2026 22:00,countryclubdrive_to_I10interchange,NB,0.12,0.39,25.2
2/17/2026 23:00,countryclubdrive_to_I10interchange,NB,0.09,0.36,27.7
2/18/2026 0:00,countryclubdrive_to_I10interchange,NB,0.01,0.24,39.9
2/18/2026 1:00,countryclubdrive_to_I10interchange,NB,0.01,0.26,38.8
2/18/2026 2:00,countryclubdrive_to_I10interchange,NB,0,0.24,40.5
2/18/2026 3:00,countryclubdrive_to_I10interchange,NB,0.03,0.26,38.8
2/18/2026 4:00,countryclubdrive_to_I10interchange,NB,0.03,0.3,33.8
2/18/2026 5:00,countryclubdrive_to_I10interchange,NB,0.1,0.38,26.1
2/18/2026 6:00,countryclubdrive_to_I10interchange,NB,0.2,0.47,21
2/18/2026 7:00,countryclubdrive_to_I10interchange,NB,0.29,0.57,17.6
2/18/2026 8:00,countryclubdrive_to_I10interchange,NB,0.43,0.7,14.1
2/18/2026 9:00,countryclubdrive_to_I10interchange,NB,0.35,0.62,15.7
2/18/2026 10:00,countryclubdrive_to_I10interchange,NB,0.37,0.64,15.4
2/18/2026 11:00,countryclubdrive_to_I10interchange,NB,0.33,0.61,16.6
2/18/2026 12:00,countryclubdrive_to_I10interchange,NB,0.43,0.7,14
2/18/2026 13:00,countryclubdrive_to_I10interchange,NB,0.33,0.61,16.1
2/18/2026 14:00,countryclubdrive_to_I10interchange,NB,0.39,0.67,14.6
2/18/2026 15:00,countryclubdrive_to_I10interchange,NB,0.42,0.7,14.1
2/18/2026 16:00,countryclubdrive_to_I10interchange,NB,0.38,0.66,15.1
2/18/2026 17:00,countryclubdrive_to_I10interchange,NB,0.37,0.64,15.3
2/18/2026 18:00,countryclubdrive_to_I10interchange,NB,0.26,0.53,18.5
2/18/2026 19:00,countryclubdrive_to_I10interchange,NB,0.26,0.54,19.5
2/18/2026 20:00,countryclubdrive_to_I10interchange,NB,0.18,0.46,21.6
2/18/2026 21:00,countryclubdrive_to_I10interchange,NB,0.13,0.4,24.6
2/18/2026 22:00,countryclubdrive_to_I10interchange,NB,0.1,0.37,27
2/18/2026 23:00,countryclubdrive_to_I10interchange,NB,0.08,0.36,27.3
