local_datetime,corridor_id,direction,average_delay,average_traveltime,average_speed
9/1/2024 0:00,varnerrd_to_I10interchange,SB,0,0.14,53.6
9/1/2024 1:00,varnerrd_to_I10interchange,SB,0,0.14,51.9
9/1/2024 2:00,varnerrd_to_I10interchange,SB,0,0.14,52.6
9/1/2024 3:00,varnerrd_to_I10interchange,SB,0,0.14,54
9/1/2024 4:00,varnerrd_to_I10interchange,SB,0,0.14,54
9/1/2024 5:00,varnerrd_to_I10interchange,SB,0,0.14,54
9/1/2024 6:00,varnerrd_to_I10interchange,SB,0,0.15,50.2
9/1/2024 7:00,varnerrd_to_I10interchange,SB,0,0.13,58.6
9/1/2024 8:00,varnerrd_to_I10interchange,SB,0,0.13,56.7
9/1/2024 9:00,varnerrd_to_I10interchange,SB,0,0.12,60.2
9/1/2024 10:00,varnerrd_to_I10interchange,SB,0,0.12,61.2
9/1/2024 11:00,varnerrd_to_I10interchange,SB,0,0.13,56.9
9/1/2024 12:00,varnerrd_to_I10interchange,SB,0,0.14,53.3
9/1/2024 13:00,varnerrd_to_I10interchange,SB,0,0.13,58.7
9/1/2024 14:00,varnerrd_to_I10interchange,SB,0,0.13,57.9
9/1/2024 15:00,varnerrd_to_I10interchange,SB,0,0.14,55.1
9/1/2024 16:00,varnerrd_to_I10interchange,SB,0,0.14,54.4
9/1/2024 17:00,varnerrd_to_I10interchange,SB,0,0.13,57.1
9/1/2024 18:00,varnerrd_to_I10interchange,SB,0,0.14,53.8
9/1/2024 19:00,varnerrd_to_I10interchange,SB,0,0.13,58.1
9/1/2024 20:00,varnerrd_to_I10interchange,SB,0,0.13,57.7
9/1/2024 21:00,varnerrd_to_I10interchange,SB,0,0.13,55.5
9/1/2024 22:00,varnerrd_to_I10interchange,SB,0,0.13,58.2
9/1/2024 23:00,varnerrd_to_I10interchange,SB,0,0.14,53.3
9/2/2024 0:00,varnerrd_to_I10interchange,SB,0,0.14,54
9/2/2024 1:00,varnerrd_to_I10interchange,SB,0,0.14,52.3
9/2/2024 2:00,varnerrd_to_I10interchange,SB,0,0.14,51.9
9/2/2024 3:00,varnerrd_to_I10interchange,SB,0,0.14,54
9/2/2024 4:00,varnerrd_to_I10interchange,SB,0,0.14,54
9/2/2024 5:00,varnerrd_to_I10interchange,SB,0,0.14,54
9/2/2024 6:00,varnerrd_to_I10interchange,SB,0,0.13,55.8
9/2/2024 7:00,varnerrd_to_I10interchange,SB,0,0.14,53.9
9/2/2024 8:00,varnerrd_to_I10interchange,SB,0,0.14,52.4
9/2/2024 9:00,varnerrd_to_I10interchange,SB,0,0.13,55.4
9/2/2024 10:00,varnerrd_to_I10interchange,SB,0,0.14,54.4
9/2/2024 11:00,varnerrd_to_I10interchange,SB,0,0.14,53.3
9/2/2024 12:00,varnerrd_to_I10interchange,SB,0,0.14,54.2
9/2/2024 13:00,varnerrd_to_I10interchange,SB,0,0.13,55.5
9/2/2024 14:00,varnerrd_to_I10interchange,SB,0,0.12,59.8
9/2/2024 15:00,varnerrd_to_I10interchange,SB,0,0.13,58.5
9/2/2024 16:00,varnerrd_to_I10interchange,SB,0,0.13,59.7
9/2/2024 17:00,varnerrd_to_I10interchange,SB,0,0.13,56.3
9/2/2024 18:00,varnerrd_to_I10interchange,SB,0,0.13,57
9/2/2024 19:00,varnerrd_to_I10interchange,SB,0,0.13,58.7
9/2/2024 20:00,varnerrd_to_I10interchange,SB,0,0.13,55.3
9/2/2024 21:00,varnerrd_to_I10interchange,SB,0,0.14,52.5
9/2/2024 22:00,varnerrd_to_I10interchange,SB,0,0.14,55
9/2/2024 23:00,varnerrd_to_I10interchange,SB,0,0.13,57.2
9/3/2024 0:00,varnerrd_to_I10interchange,SB,0,0.14,54
9/3/2024 1:00,varnerrd_to_I10interchange,SB,0,0.14,54
9/3/2024 2:00,varnerrd_to_I10interchange,SB,0,0.14,53.4
9/3/2024 3:00,varnerrd_to_I10interchange,SB,0,0.13,55.5
9/3/2024 4:00,varnerrd_to_I10interchange,SB,0,0.14,54
9/3/2024 5:00,varnerrd_to_I10interchange,SB,0,0.14,54
9/3/2024 6:00,varnerrd_to_I10interchange,SB,0,0.14,53.8
9/3/2024 7:00,varnerrd_to_I10interchange,SB,0,0.13,55.4
9/3/2024 8:00,varnerrd_to_I10interchange,SB,0,0.13,57.7
9/3/2024 9:00,varnerrd_to_I10interchange,SB,0,0.13,58.7
9/3/2024 10:00,varnerrd_to_I10interchange,SB,0.01,0.18,42.2
9/3/2024 11:00,varnerrd_to_I10interchange,SB,0.02,0.2,37.1
9/3/2024 12:00,varnerrd_to_I10interchange,SB,0.03,0.21,35.6
9/3/2024 13:00,varnerrd_to_I10interchange,SB,0.02,0.2,38.5
9/3/2024 14:00,varnerrd_to_I10interchange,SB,0.02,0.19,38.9
9/3/2024 15:00,varnerrd_to_I10interchange,SB,0.01,0.19,39.5
9/3/2024 16:00,varnerrd_to_I10interchange,SB,0.02,0.2,38
9/3/2024 17:00,varnerrd_to_I10interchange,SB,0.02,0.19,39.5
9/3/2024 18:00,varnerrd_to_I10interchange,SB,0.01,0.18,41.1
9/3/2024 19:00,varnerrd_to_I10interchange,SB,0.03,0.22,34.6
9/3/2024 20:00,varnerrd_to_I10interchange,SB,0.02,0.2,37
9/3/2024 21:00,varnerrd_to_I10interchange,SB,0.03,0.21,36.8
9/3/2024 22:00,varnerrd_to_I10interchange,SB,0.01,0.19,40
9/3/2024 23:00,varnerrd_to_I10interchange,SB,0,0.17,43.4
9/4/2024 0:00,varnerrd_to_I10interchange,SB,0,0.17,44
9/4/2024 1:00,varnerrd_to_I10interchange,SB,0,0.17,44
9/4/2024 2:00,varnerrd_to_I10interchange,SB,0,0.17,44
9/4/2024 3:00,varnerrd_to_I10interchange,SB,0,0.17,43.9
9/4/2024 4:00,varnerrd_to_I10interchange,SB,0,0.18,42.3
9/4/2024 5:00,varnerrd_to_I10interchange,SB,0,0.17,43.2
9/4/2024 6:00,varnerrd_to_I10interchange,SB,0,0.17,44.9
9/4/2024 7:00,varnerrd_to_I10interchange,SB,0.01,0.18,41.3
9/4/2024 8:00,varnerrd_to_I10interchange,SB,0.01,0.18,41.8
9/4/2024 9:00,varnerrd_to_I10interchange,SB,0.01,0.19,40.5
9/4/2024 10:00,varnerrd_to_I10interchange,SB,0.03,0.2,37.1
9/4/2024 11:00,varnerrd_to_I10interchange,SB,0.02,0.2,37.2
9/4/2024 12:00,varnerrd_to_I10interchange,SB,0.02,0.2,38.3
9/4/2024 13:00,varnerrd_to_I10interchange,SB,0.04,0.22,33.8
9/4/2024 14:00,varnerrd_to_I10interchange,SB,0.02,0.21,36.2
9/4/2024 15:00,varnerrd_to_I10interchange,SB,0.02,0.2,38.5
9/4/2024 16:00,varnerrd_to_I10interchange,SB,0.03,0.22,34.3
9/4/2024 17:00,varnerrd_to_I10interchange,SB,0.02,0.2,36.9
9/4/2024 18:00,varnerrd_to_I10interchange,SB,0.04,0.22,35.1
9/4/2024 19:00,varnerrd_to_I10interchange,SB,0.02,0.19,39.8
9/4/2024 20:00,varnerrd_to_I10interchange,SB,0.01,0.19,40.2
9/4/2024 21:00,varnerrd_to_I10interchange,SB,0.01,0.19,39
9/4/2024 22:00,varnerrd_to_I10interchange,SB,0.01,0.17,45.8
9/4/2024 23:00,varnerrd_to_I10interchange,SB,0,0.17,45.2
9/5/2024 0:00,varnerrd_to_I10interchange,SB,0,0.17,43.4
9/5/2024 1:00,varnerrd_to_I10interchange,SB,0,0.16,45.6
9/5/2024 2:00,varnerrd_to_I10interchange,SB,0,0.17,44
9/5/2024 3:00,varnerrd_to_I10interchange,SB,0,0.17,44
9/5/2024 4:00,varnerrd_to_I10interchange,SB,0,0.17,44
9/5/2024 5:00,varnerrd_to_I10interchange,SB,0.01,0.18,41.7
9/5/2024 6:00,varnerrd_to_I10interchange,SB,0,0.18,42.7
9/5/2024 7:00,varnerrd_to_I10interchange,SB,0.01,0.18,42.6
9/5/2024 8:00,varnerrd_to_I10interchange,SB,0,0.17,43.3
9/5/2024 9:00,varnerrd_to_I10interchange,SB,0.02,0.19,38.9
9/5/2024 10:00,varnerrd_to_I10interchange,SB,0.02,0.2,37.3
9/5/2024 11:00,varnerrd_to_I10interchange,SB,0.03,0.21,37.2
9/5/2024 12:00,varnerrd_to_I10interchange,SB,0.02,0.21,36.3
9/5/2024 13:00,varnerrd_to_I10interchange,SB,0.02,0.21,36.8
9/5/2024 14:00,varnerrd_to_I10interchange,SB,0.03,0.22,34.5
9/5/2024 15:00,varnerrd_to_I10interchange,SB,0.03,0.21,36.4
9/5/2024 16:00,varnerrd_to_I10interchange,SB,0,0.18,41
9/5/2024 17:00,varnerrd_to_I10interchange,SB,0.04,0.21,36.2
9/5/2024 18:00,varnerrd_to_I10interchange,SB,0.01,0.19,40.4
9/5/2024 19:00,varnerrd_to_I10interchange,SB,0.01,0.18,41.2
9/5/2024 20:00,varnerrd_to_I10interchange,SB,0.04,0.23,32.9
9/5/2024 21:00,varnerrd_to_I10interchange,SB,0.01,0.17,44
9/5/2024 22:00,varnerrd_to_I10interchange,SB,0.01,0.19,40.1
9/5/2024 23:00,varnerrd_to_I10interchange,SB,0,0.17,44.9
9/6/2024 0:00,varnerrd_to_I10interchange,SB,0,0.17,44.4
9/6/2024 1:00,varnerrd_to_I10interchange,SB,0,0.17,44.5
9/6/2024 2:00,varnerrd_to_I10interchange,SB,0,0.17,44
9/6/2024 3:00,varnerrd_to_I10interchange,SB,0,0.17,43.8
9/6/2024 4:00,varnerrd_to_I10interchange,SB,0,0.18,42
9/6/2024 5:00,varnerrd_to_I10interchange,SB,0,0.16,47.6
9/6/2024 6:00,varnerrd_to_I10interchange,SB,0.01,0.18,42.7
9/6/2024 7:00,varnerrd_to_I10interchange,SB,0,0.17,44.8
9/6/2024 8:00,varnerrd_to_I10interchange,SB,0.01,0.18,41.7
9/6/2024 9:00,varnerrd_to_I10interchange,SB,0.01,0.18,41
9/6/2024 10:00,varnerrd_to_I10interchange,SB,0.01,0.2,38.1
9/6/2024 11:00,varnerrd_to_I10interchange,SB,0.02,0.2,37.2
9/6/2024 12:00,varnerrd_to_I10interchange,SB,0.04,0.22,34
9/6/2024 13:00,varnerrd_to_I10interchange,SB,0.04,0.22,33.8
9/6/2024 14:00,varnerrd_to_I10interchange,SB,0.03,0.22,35.2
9/6/2024 15:00,varnerrd_to_I10interchange,SB,0.01,0.19,39.6
9/6/2024 16:00,varnerrd_to_I10interchange,SB,0.02,0.19,38.7
9/6/2024 17:00,varnerrd_to_I10interchange,SB,0.03,0.21,36.4
9/6/2024 18:00,varnerrd_to_I10interchange,SB,0,0.17,43.2
9/6/2024 19:00,varnerrd_to_I10interchange,SB,0.02,0.19,39.3
9/6/2024 20:00,varnerrd_to_I10interchange,SB,0,0.18,41.7
9/6/2024 21:00,varnerrd_to_I10interchange,SB,0,0.18,42.4
9/6/2024 22:00,varnerrd_to_I10interchange,SB,0,0.18,41.9
9/6/2024 23:00,varnerrd_to_I10interchange,SB,0,0.16,46.1
9/7/2024 0:00,varnerrd_to_I10interchange,SB,0,0.17,44.2
9/7/2024 1:00,varnerrd_to_I10interchange,SB,0,0.17,43.2
9/7/2024 2:00,varnerrd_to_I10interchange,SB,0,0.16,47.2
9/7/2024 3:00,varnerrd_to_I10interchange,SB,0,0.17,44
9/7/2024 4:00,varnerrd_to_I10interchange,SB,0,0.17,44
9/7/2024 5:00,varnerrd_to_I10interchange,SB,0.01,0.18,42.1
9/7/2024 6:00,varnerrd_to_I10interchange,SB,0.02,0.2,38.1
9/7/2024 7:00,varnerrd_to_I10interchange,SB,0,0.16,46.2
9/7/2024 8:00,varnerrd_to_I10interchange,SB,0,0.17,42.9
9/7/2024 9:00,varnerrd_to_I10interchange,SB,0.01,0.19,39.4
9/7/2024 10:00,varnerrd_to_I10interchange,SB,0.02,0.21,36.7
9/7/2024 11:00,varnerrd_to_I10interchange,SB,0.02,0.2,36.9
9/7/2024 12:00,varnerrd_to_I10interchange,SB,0.01,0.18,41.7
9/7/2024 13:00,varnerrd_to_I10interchange,SB,0,0.18,43
9/7/2024 14:00,varnerrd_to_I10interchange,SB,0.02,0.19,39
9/7/2024 15:00,varnerrd_to_I10interchange,SB,0.02,0.2,38
9/7/2024 16:00,varnerrd_to_I10interchange,SB,0.01,0.18,43.1
9/7/2024 17:00,varnerrd_to_I10interchange,SB,0,0.18,42.4
9/7/2024 18:00,varnerrd_to_I10interchange,SB,0.01,0.18,41.7
9/7/2024 19:00,varnerrd_to_I10interchange,SB,0.02,0.2,38
9/7/2024 20:00,varnerrd_to_I10interchange,SB,0.01,0.2,38.5
9/7/2024 21:00,varnerrd_to_I10interchange,SB,0,0.17,45.1
9/7/2024 22:00,varnerrd_to_I10interchange,SB,0,0.16,45.6
9/7/2024 23:00,varnerrd_to_I10interchange,SB,0,0.16,45.7
9/8/2024 0:00,varnerrd_to_I10interchange,SB,0,0.18,42.3
9/8/2024 1:00,varnerrd_to_I10interchange,SB,0,0.17,44
9/8/2024 2:00,varnerrd_to_I10interchange,SB,0,0.17,44
9/8/2024 3:00,varnerrd_to_I10interchange,SB,0,0.16,46.5
9/8/2024 4:00,varnerrd_to_I10interchange,SB,0,0.17,43.4
9/8/2024 5:00,varnerrd_to_I10interchange,SB,0,0.17,44.6
9/8/2024 6:00,varnerrd_to_I10interchange,SB,0,0.17,44.7
9/8/2024 7:00,varnerrd_to_I10interchange,SB,0,0.15,51.4
9/8/2024 8:00,varnerrd_to_I10interchange,SB,0,0.17,44.8
9/8/2024 9:00,varnerrd_to_I10interchange,SB,0.01,0.18,41.2
9/8/2024 10:00,varnerrd_to_I10interchange,SB,0.01,0.19,39.1
9/8/2024 11:00,varnerrd_to_I10interchange,SB,0,0.18,42
9/8/2024 12:00,varnerrd_to_I10interchange,SB,0.01,0.19,39.4
9/8/2024 13:00,varnerrd_to_I10interchange,SB,0.02,0.2,37.8
9/8/2024 14:00,varnerrd_to_I10interchange,SB,0.01,0.17,43.5
9/8/2024 15:00,varnerrd_to_I10interchange,SB,0.01,0.19,40.3
9/8/2024 16:00,varnerrd_to_I10interchange,SB,0.01,0.18,42.6
9/8/2024 17:00,varnerrd_to_I10interchange,SB,0.01,0.19,39.5
9/8/2024 18:00,varnerrd_to_I10interchange,SB,0.05,0.23,34.1
9/8/2024 19:00,varnerrd_to_I10interchange,SB,0.02,0.2,39.5
9/8/2024 20:00,varnerrd_to_I10interchange,SB,0,0.15,50.1
9/8/2024 21:00,varnerrd_to_I10interchange,SB,0,0.17,43.3
9/8/2024 22:00,varnerrd_to_I10interchange,SB,0,0.17,45.2
9/8/2024 23:00,varnerrd_to_I10interchange,SB,0.02,0.19,39.9
9/9/2024 0:00,varnerrd_to_I10interchange,SB,0,0.17,44
9/9/2024 1:00,varnerrd_to_I10interchange,SB,0,0.17,44
9/9/2024 2:00,varnerrd_to_I10interchange,SB,0,0.17,44
9/9/2024 3:00,varnerrd_to_I10interchange,SB,0,0.17,44.1
9/9/2024 4:00,varnerrd_to_I10interchange,SB,0,0.17,45.1
9/9/2024 5:00,varnerrd_to_I10interchange,SB,0.01,0.19,40.4
9/9/2024 6:00,varnerrd_to_I10interchange,SB,0,0.16,47.1
9/9/2024 7:00,varnerrd_to_I10interchange,SB,0,0.16,45.8
9/9/2024 8:00,varnerrd_to_I10interchange,SB,0,0.17,44.6
9/9/2024 9:00,varnerrd_to_I10interchange,SB,0.02,0.19,40.5
9/9/2024 10:00,varnerrd_to_I10interchange,SB,0.02,0.21,36.2
9/9/2024 11:00,varnerrd_to_I10interchange,SB,0.02,0.2,37.4
9/9/2024 12:00,varnerrd_to_I10interchange,SB,0.03,0.21,36.1
9/9/2024 13:00,varnerrd_to_I10interchange,SB,0.04,0.22,33.9
9/9/2024 14:00,varnerrd_to_I10interchange,SB,0.03,0.21,36
9/9/2024 15:00,varnerrd_to_I10interchange,SB,0.03,0.22,34.3
9/9/2024 16:00,varnerrd_to_I10interchange,SB,0.02,0.19,39.6
9/9/2024 17:00,varnerrd_to_I10interchange,SB,0.03,0.21,35.7
9/9/2024 18:00,varnerrd_to_I10interchange,SB,0,0.18,42.2
9/9/2024 19:00,varnerrd_to_I10interchange,SB,0,0.17,42.9
9/9/2024 20:00,varnerrd_to_I10interchange,SB,0.01,0.19,40.2
9/9/2024 21:00,varnerrd_to_I10interchange,SB,0.01,0.19,40.3
9/9/2024 22:00,varnerrd_to_I10interchange,SB,0,0.17,43.9
9/9/2024 23:00,varnerrd_to_I10interchange,SB,0,0.17,44.4
9/10/2024 0:00,varnerrd_to_I10interchange,SB,0,0.17,44
9/10/2024 1:00,varnerrd_to_I10interchange,SB,0,0.16,48.2
9/10/2024 2:00,varnerrd_to_I10interchange,SB,0,0.16,46.5
9/10/2024 3:00,varnerrd_to_I10interchange,SB,0,0.17,44
9/10/2024 4:00,varnerrd_to_I10interchange,SB,0,0.17,44
9/10/2024 5:00,varnerrd_to_I10interchange,SB,0,0.17,44.6
9/10/2024 6:00,varnerrd_to_I10interchange,SB,0,0.16,45.5
9/10/2024 7:00,varnerrd_to_I10interchange,SB,0,0.17,43
9/10/2024 8:00,varnerrd_to_I10interchange,SB,0.01,0.19,40.1
9/10/2024 9:00,varnerrd_to_I10interchange,SB,0.01,0.19,39
9/10/2024 10:00,varnerrd_to_I10interchange,SB,0.03,0.21,35.8
9/10/2024 11:00,varnerrd_to_I10interchange,SB,0.01,0.19,39.5
9/10/2024 12:00,varnerrd_to_I10interchange,SB,0.02,0.21,36.6
9/10/2024 13:00,varnerrd_to_I10interchange,SB,0.04,0.22,34.2
9/10/2024 14:00,varnerrd_to_I10interchange,SB,0.03,0.21,36
9/10/2024 15:00,varnerrd_to_I10interchange,SB,0.02,0.2,38
9/10/2024 16:00,varnerrd_to_I10interchange,SB,0.02,0.2,36.7
9/10/2024 17:00,varnerrd_to_I10interchange,SB,0.02,0.2,38.4
9/10/2024 18:00,varnerrd_to_I10interchange,SB,0,0.15,48.8
9/10/2024 19:00,varnerrd_to_I10interchange,SB,0.02,0.2,36.7
9/10/2024 20:00,varnerrd_to_I10interchange,SB,0,0.18,41.7
9/10/2024 21:00,varnerrd_to_I10interchange,SB,0,0.16,46.3
9/10/2024 22:00,varnerrd_to_I10interchange,SB,0,0.17,43
9/10/2024 23:00,varnerrd_to_I10interchange,SB,0,0.18,41.6
9/11/2024 0:00,varnerrd_to_I10interchange,SB,0,0.16,46.5
9/11/2024 1:00,varnerrd_to_I10interchange,SB,0,0.17,44
9/11/2024 2:00,varnerrd_to_I10interchange,SB,0,0.17,44
9/11/2024 3:00,varnerrd_to_I10interchange,SB,0,0.17,44
9/11/2024 4:00,varnerrd_to_I10interchange,SB,0,0.17,44
9/11/2024 5:00,varnerrd_to_I10interchange,SB,0,0.17,44.5
9/11/2024 6:00,varnerrd_to_I10interchange,SB,0,0.16,46.4
9/11/2024 7:00,varnerrd_to_I10interchange,SB,0.01,0.18,41.7
9/11/2024 8:00,varnerrd_to_I10interchange,SB,0,0.18,40.8
9/11/2024 9:00,varnerrd_to_I10interchange,SB,0,0.17,43.5
9/11/2024 10:00,varnerrd_to_I10interchange,SB,0.02,0.2,37.3
9/11/2024 11:00,varnerrd_to_I10interchange,SB,0.01,0.2,37.8
9/11/2024 12:00,varnerrd_to_I10interchange,SB,0.03,0.21,36.2
9/11/2024 13:00,varnerrd_to_I10interchange,SB,0.02,0.21,36.6
9/11/2024 14:00,varnerrd_to_I10interchange,SB,0.01,0.19,39.3
9/11/2024 15:00,varnerrd_to_I10interchange,SB,0.03,0.21,36.6
9/11/2024 16:00,varnerrd_to_I10interchange,SB,0.01,0.18,41.1
9/11/2024 17:00,varnerrd_to_I10interchange,SB,0.02,0.2,38.2
9/11/2024 18:00,varnerrd_to_I10interchange,SB,0,0.17,43.7
9/11/2024 19:00,varnerrd_to_I10interchange,SB,0,0.17,43.7
9/11/2024 20:00,varnerrd_to_I10interchange,SB,0,0.16,45.9
9/11/2024 21:00,varnerrd_to_I10interchange,SB,0,0.18,42.4
9/11/2024 22:00,varnerrd_to_I10interchange,SB,0,0.18,41.9
9/11/2024 23:00,varnerrd_to_I10interchange,SB,0.03,0.21,35.8
9/12/2024 0:00,varnerrd_to_I10interchange,SB,0.02,0.19,39.2
9/12/2024 1:00,varnerrd_to_I10interchange,SB,0,0.15,48.4
9/12/2024 2:00,varnerrd_to_I10interchange,SB,0,0.17,44.4
9/12/2024 3:00,varnerrd_to_I10interchange,SB,0,0.17,44
9/12/2024 4:00,varnerrd_to_I10interchange,SB,0,0.17,44
9/12/2024 5:00,varnerrd_to_I10interchange,SB,0,0.17,43.4
9/12/2024 6:00,varnerrd_to_I10interchange,SB,0,0.16,47.5
9/12/2024 7:00,varnerrd_to_I10interchange,SB,0.01,0.18,42.4
9/12/2024 8:00,varnerrd_to_I10interchange,SB,0.01,0.17,43.4
9/12/2024 9:00,varnerrd_to_I10interchange,SB,0,0.17,44.4
9/12/2024 10:00,varnerrd_to_I10interchange,SB,0.01,0.2,38.3
9/12/2024 11:00,varnerrd_to_I10interchange,SB,0.01,0.19,38.9
9/12/2024 12:00,varnerrd_to_I10interchange,SB,0.03,0.21,35.7
9/12/2024 13:00,varnerrd_to_I10interchange,SB,0.01,0.19,39.7
9/12/2024 14:00,varnerrd_to_I10interchange,SB,0.03,0.22,35
9/12/2024 15:00,varnerrd_to_I10interchange,SB,0.03,0.21,35.9
9/12/2024 16:00,varnerrd_to_I10interchange,SB,0.02,0.2,37.2
9/12/2024 17:00,varnerrd_to_I10interchange,SB,0.03,0.21,36.7
9/12/2024 18:00,varnerrd_to_I10interchange,SB,0,0.17,42.9
9/12/2024 19:00,varnerrd_to_I10interchange,SB,0.04,0.22,35.7
9/12/2024 20:00,varnerrd_to_I10interchange,SB,0.02,0.2,39.4
9/12/2024 21:00,varnerrd_to_I10interchange,SB,0,0.16,46.1
9/12/2024 22:00,varnerrd_to_I10interchange,SB,0,0.17,43.2
9/12/2024 23:00,varnerrd_to_I10interchange,SB,0,0.17,45.8
9/13/2024 0:00,varnerrd_to_I10interchange,SB,0,0.14,51.9
9/13/2024 1:00,varnerrd_to_I10interchange,SB,0,0.17,44
9/13/2024 2:00,varnerrd_to_I10interchange,SB,0,0.17,44
9/13/2024 3:00,varnerrd_to_I10interchange,SB,0,0.17,43.8
9/13/2024 4:00,varnerrd_to_I10interchange,SB,0,0.17,44.7
9/13/2024 5:00,varnerrd_to_I10interchange,SB,0,0.17,44.3
9/13/2024 6:00,varnerrd_to_I10interchange,SB,0,0.17,44.5
9/13/2024 7:00,varnerrd_to_I10interchange,SB,0,0.17,44.8
9/13/2024 8:00,varnerrd_to_I10interchange,SB,0.01,0.18,42.6
9/13/2024 9:00,varnerrd_to_I10interchange,SB,0.02,0.21,36.5
9/13/2024 10:00,varnerrd_to_I10interchange,SB,0.02,0.2,38.4
9/13/2024 11:00,varnerrd_to_I10interchange,SB,0.02,0.21,36.7
9/13/2024 12:00,varnerrd_to_I10interchange,SB,0.04,0.22,34.2
9/13/2024 13:00,varnerrd_to_I10interchange,SB,0.02,0.21,36.4
9/13/2024 14:00,varnerrd_to_I10interchange,SB,0.02,0.2,37.4
9/13/2024 15:00,varnerrd_to_I10interchange,SB,0.03,0.21,36.5
9/13/2024 16:00,varnerrd_to_I10interchange,SB,0.06,0.25,31
9/13/2024 17:00,varnerrd_to_I10interchange,SB,0.02,0.19,38.7
9/13/2024 18:00,varnerrd_to_I10interchange,SB,0.03,0.21,36.4
9/13/2024 19:00,varnerrd_to_I10interchange,SB,0.02,0.2,37.6
9/13/2024 20:00,varnerrd_to_I10interchange,SB,0.02,0.21,37.2
9/13/2024 21:00,varnerrd_to_I10interchange,SB,0.02,0.19,39.8
9/13/2024 22:00,varnerrd_to_I10interchange,SB,0.02,0.19,40.1
9/13/2024 23:00,varnerrd_to_I10interchange,SB,0,0.17,44
9/14/2024 0:00,varnerrd_to_I10interchange,SB,0,0.17,44.1
9/14/2024 1:00,varnerrd_to_I10interchange,SB,0,0.17,44
9/14/2024 2:00,varnerrd_to_I10interchange,SB,0,0.17,44
9/14/2024 3:00,varnerrd_to_I10interchange,SB,0,0.17,44
9/14/2024 4:00,varnerrd_to_I10interchange,SB,0,0.17,44
9/14/2024 5:00,varnerrd_to_I10interchange,SB,0.02,0.2,37.9
9/14/2024 6:00,varnerrd_to_I10interchange,SB,0,0.16,46.7
9/14/2024 7:00,varnerrd_to_I10interchange,SB,0.01,0.18,41.8
9/14/2024 8:00,varnerrd_to_I10interchange,SB,0.02,0.19,38.9
9/14/2024 9:00,varnerrd_to_I10interchange,SB,0.01,0.19,39.3
9/14/2024 10:00,varnerrd_to_I10interchange,SB,0.03,0.21,36.1
9/14/2024 11:00,varnerrd_to_I10interchange,SB,0.02,0.2,37.1
9/14/2024 12:00,varnerrd_to_I10interchange,SB,0.05,0.23,32.5
9/14/2024 13:00,varnerrd_to_I10interchange,SB,0.02,0.2,38.5
9/14/2024 14:00,varnerrd_to_I10interchange,SB,0.03,0.21,35.4
9/14/2024 15:00,varnerrd_to_I10interchange,SB,0.01,0.19,38.9
9/14/2024 16:00,varnerrd_to_I10interchange,SB,0,0.18,41.8
9/14/2024 17:00,varnerrd_to_I10interchange,SB,0.02,0.2,37.3
9/14/2024 18:00,varnerrd_to_I10interchange,SB,0.01,0.18,42.8
9/14/2024 19:00,varnerrd_to_I10interchange,SB,0.03,0.21,36
9/14/2024 20:00,varnerrd_to_I10interchange,SB,0.05,0.24,31.9
9/14/2024 21:00,varnerrd_to_I10interchange,SB,0,0.18,41
9/14/2024 22:00,varnerrd_to_I10interchange,SB,0.01,0.19,38.9
9/14/2024 23:00,varnerrd_to_I10interchange,SB,0,0.17,44.8
9/15/2024 0:00,varnerrd_to_I10interchange,SB,0,0.17,45.1
9/15/2024 1:00,varnerrd_to_I10interchange,SB,0,0.16,45.8
9/15/2024 2:00,varnerrd_to_I10interchange,SB,0,0.16,46.8
9/15/2024 3:00,varnerrd_to_I10interchange,SB,0,0.15,48.8
9/15/2024 4:00,varnerrd_to_I10interchange,SB,0,0.17,44
9/15/2024 5:00,varnerrd_to_I10interchange,SB,0,0.17,44
9/15/2024 6:00,varnerrd_to_I10interchange,SB,0,0.18,42.6
9/15/2024 7:00,varnerrd_to_I10interchange,SB,0,0.17,42.9
9/15/2024 8:00,varnerrd_to_I10interchange,SB,0.01,0.18,41.6
9/15/2024 9:00,varnerrd_to_I10interchange,SB,0,0.16,45.4
9/15/2024 10:00,varnerrd_to_I10interchange,SB,0.01,0.19,40.5
9/15/2024 11:00,varnerrd_to_I10interchange,SB,0.02,0.2,37
9/15/2024 12:00,varnerrd_to_I10interchange,SB,0.02,0.19,40
9/15/2024 13:00,varnerrd_to_I10interchange,SB,0,0.17,43
9/15/2024 14:00,varnerrd_to_I10interchange,SB,0.01,0.19,40.2
9/15/2024 15:00,varnerrd_to_I10interchange,SB,0.01,0.18,42.9
9/15/2024 16:00,varnerrd_to_I10interchange,SB,0,0.17,43.6
9/15/2024 17:00,varnerrd_to_I10interchange,SB,0.01,0.19,39.1
9/15/2024 18:00,varnerrd_to_I10interchange,SB,0.03,0.21,35.6
9/15/2024 19:00,varnerrd_to_I10interchange,SB,0.02,0.2,37
9/15/2024 20:00,varnerrd_to_I10interchange,SB,0.02,0.2,38
9/15/2024 21:00,varnerrd_to_I10interchange,SB,0,0.17,43.9
9/15/2024 22:00,varnerrd_to_I10interchange,SB,0,0.15,48.8
9/15/2024 23:00,varnerrd_to_I10interchange,SB,0,0.18,42.4
9/16/2024 0:00,varnerrd_to_I10interchange,SB,0.01,0.18,41.7
9/16/2024 1:00,varnerrd_to_I10interchange,SB,0,0.17,43
9/16/2024 2:00,varnerrd_to_I10interchange,SB,0,0.17,44
9/16/2024 3:00,varnerrd_to_I10interchange,SB,0,0.17,44
9/16/2024 4:00,varnerrd_to_I10interchange,SB,0,0.16,47.6
9/16/2024 5:00,varnerrd_to_I10interchange,SB,0,0.18,42.2
9/16/2024 6:00,varnerrd_to_I10interchange,SB,0.02,0.19,40.2
9/16/2024 7:00,varnerrd_to_I10interchange,SB,0.01,0.18,40.9
9/16/2024 8:00,varnerrd_to_I10interchange,SB,0,0.18,42.6
9/16/2024 9:00,varnerrd_to_I10interchange,SB,0.03,0.21,36.4
9/16/2024 10:00,varnerrd_to_I10interchange,SB,0.05,0.24,32.3
9/16/2024 11:00,varnerrd_to_I10interchange,SB,0.04,0.23,33.7
9/16/2024 12:00,varnerrd_to_I10interchange,SB,0.04,0.22,33.6
9/16/2024 13:00,varnerrd_to_I10interchange,SB,0.06,0.24,31.4
9/16/2024 14:00,varnerrd_to_I10interchange,SB,0.03,0.21,35.7
9/16/2024 15:00,varnerrd_to_I10interchange,SB,0.04,0.23,33.3
9/16/2024 16:00,varnerrd_to_I10interchange,SB,0.02,0.19,39.3
9/16/2024 17:00,varnerrd_to_I10interchange,SB,0.04,0.22,35.1
9/16/2024 18:00,varnerrd_to_I10interchange,SB,0.01,0.19,38.8
9/16/2024 19:00,varnerrd_to_I10interchange,SB,0.03,0.21,35.6
9/16/2024 20:00,varnerrd_to_I10interchange,SB,0,0.17,42.9
9/16/2024 21:00,varnerrd_to_I10interchange,SB,0,0.15,48.5
9/16/2024 22:00,varnerrd_to_I10interchange,SB,0,0.16,46.6
9/16/2024 23:00,varnerrd_to_I10interchange,SB,0,0.16,45.6
9/17/2024 0:00,varnerrd_to_I10interchange,SB,0,0.17,44
9/17/2024 1:00,varnerrd_to_I10interchange,SB,0,0.17,44
9/17/2024 2:00,varnerrd_to_I10interchange,SB,0,0.17,44
9/17/2024 3:00,varnerrd_to_I10interchange,SB,0,0.17,44
9/17/2024 4:00,varnerrd_to_I10interchange,SB,0.01,0.18,42
9/17/2024 5:00,varnerrd_to_I10interchange,SB,0.02,0.19,40
9/17/2024 6:00,varnerrd_to_I10interchange,SB,0,0.16,45.5
9/17/2024 7:00,varnerrd_to_I10interchange,SB,0.02,0.19,38.9
9/17/2024 8:00,varnerrd_to_I10interchange,SB,0,0.18,41.7
9/17/2024 9:00,varnerrd_to_I10interchange,SB,0.01,0.19,40.4
9/17/2024 10:00,varnerrd_to_I10interchange,SB,0.02,0.2,38.7
9/17/2024 11:00,varnerrd_to_I10interchange,SB,0.03,0.21,35.9
9/17/2024 12:00,varnerrd_to_I10interchange,SB,0.01,0.19,38.3
9/17/2024 13:00,varnerrd_to_I10interchange,SB,0.02,0.2,37.1
9/17/2024 14:00,varnerrd_to_I10interchange,SB,0.02,0.19,40.4
9/17/2024 15:00,varnerrd_to_I10interchange,SB,0.02,0.2,38
9/17/2024 16:00,varnerrd_to_I10interchange,SB,0.02,0.2,37.8
9/17/2024 17:00,varnerrd_to_I10interchange,SB,0.03,0.2,38.2
9/17/2024 18:00,varnerrd_to_I10interchange,SB,0.01,0.18,41.1
9/17/2024 19:00,varnerrd_to_I10interchange,SB,0.01,0.18,42.1
9/17/2024 20:00,varnerrd_to_I10interchange,SB,0.03,0.21,36.9
9/17/2024 21:00,varnerrd_to_I10interchange,SB,0,0.16,48.2
9/17/2024 22:00,varnerrd_to_I10interchange,SB,0,0.17,44.2
9/17/2024 23:00,varnerrd_to_I10interchange,SB,0,0.17,45.1
9/18/2024 0:00,varnerrd_to_I10interchange,SB,0,0.17,44
9/18/2024 1:00,varnerrd_to_I10interchange,SB,0,0.17,44
9/18/2024 2:00,varnerrd_to_I10interchange,SB,0,0.17,44
9/18/2024 3:00,varnerrd_to_I10interchange,SB,0,0.17,43.8
9/18/2024 4:00,varnerrd_to_I10interchange,SB,0.01,0.19,39.5
9/18/2024 5:00,varnerrd_to_I10interchange,SB,0,0.15,48.9
9/18/2024 6:00,varnerrd_to_I10interchange,SB,0.01,0.17,45.7
9/18/2024 7:00,varnerrd_to_I10interchange,SB,0.01,0.19,39.7
9/18/2024 8:00,varnerrd_to_I10interchange,SB,0.01,0.19,40.2
9/18/2024 9:00,varnerrd_to_I10interchange,SB,0.02,0.21,36.2
9/18/2024 10:00,varnerrd_to_I10interchange,SB,0.01,0.19,39.2
9/18/2024 11:00,varnerrd_to_I10interchange,SB,0.03,0.22,35
9/18/2024 12:00,varnerrd_to_I10interchange,SB,0.01,0.19,38.6
9/18/2024 13:00,varnerrd_to_I10interchange,SB,0.02,0.21,36.7
9/18/2024 14:00,varnerrd_to_I10interchange,SB,0.02,0.2,36.7
9/18/2024 15:00,varnerrd_to_I10interchange,SB,0.02,0.2,37.3
9/18/2024 16:00,varnerrd_to_I10interchange,SB,0.04,0.22,35.6
9/18/2024 17:00,varnerrd_to_I10interchange,SB,0.02,0.2,37.2
9/18/2024 18:00,varnerrd_to_I10interchange,SB,0.02,0.19,39.8
9/18/2024 19:00,varnerrd_to_I10interchange,SB,0.01,0.19,38.4
9/18/2024 20:00,varnerrd_to_I10interchange,SB,0.01,0.19,39.2
9/18/2024 21:00,varnerrd_to_I10interchange,SB,0,0.18,42.5
9/18/2024 22:00,varnerrd_to_I10interchange,SB,0.03,0.2,40.1
9/18/2024 23:00,varnerrd_to_I10interchange,SB,0.01,0.18,41.4
9/19/2024 0:00,varnerrd_to_I10interchange,SB,0,0.16,45.5
9/19/2024 1:00,varnerrd_to_I10interchange,SB,0,0.18,42
9/19/2024 2:00,varnerrd_to_I10interchange,SB,0,0.17,44
9/19/2024 3:00,varnerrd_to_I10interchange,SB,0,0.17,43.8
9/19/2024 4:00,varnerrd_to_I10interchange,SB,0,0.18,41.8
9/19/2024 5:00,varnerrd_to_I10interchange,SB,0.01,0.18,40.9
9/19/2024 6:00,varnerrd_to_I10interchange,SB,0,0.17,43.2
9/19/2024 7:00,varnerrd_to_I10interchange,SB,0.01,0.18,42.1
9/19/2024 8:00,varnerrd_to_I10interchange,SB,0.01,0.18,41
9/19/2024 9:00,varnerrd_to_I10interchange,SB,0.01,0.19,39.7
9/19/2024 10:00,varnerrd_to_I10interchange,SB,0,0.18,41.4
9/19/2024 11:00,varnerrd_to_I10interchange,SB,0.02,0.2,37.7
9/19/2024 12:00,varnerrd_to_I10interchange,SB,0.02,0.21,36.6
9/19/2024 13:00,varnerrd_to_I10interchange,SB,0.03,0.21,36.3
9/19/2024 14:00,varnerrd_to_I10interchange,SB,0.03,0.22,34.5
9/19/2024 15:00,varnerrd_to_I10interchange,SB,0.02,0.21,36.8
9/19/2024 16:00,varnerrd_to_I10interchange,SB,0.04,0.22,33.7
9/19/2024 17:00,varnerrd_to_I10interchange,SB,0.01,0.19,39.3
9/19/2024 18:00,varnerrd_to_I10interchange,SB,0,0.16,46.6
9/19/2024 19:00,varnerrd_to_I10interchange,SB,0.01,0.19,40.6
9/19/2024 20:00,varnerrd_to_I10interchange,SB,0,0.17,45
9/19/2024 21:00,varnerrd_to_I10interchange,SB,0,0.15,48.2
9/19/2024 22:00,varnerrd_to_I10interchange,SB,0,0.17,44
9/19/2024 23:00,varnerrd_to_I10interchange,SB,0,0.17,44
9/20/2024 0:00,varnerrd_to_I10interchange,SB,0,0.17,44
9/20/2024 1:00,varnerrd_to_I10interchange,SB,0,0.17,44
9/20/2024 2:00,varnerrd_to_I10interchange,SB,0,0.17,44
9/20/2024 3:00,varnerrd_to_I10interchange,SB,0,0.17,44
9/20/2024 4:00,varnerrd_to_I10interchange,SB,0.02,0.19,38.9
9/20/2024 5:00,varnerrd_to_I10interchange,SB,0,0.16,45.7
9/20/2024 6:00,varnerrd_to_I10interchange,SB,0,0.15,50.1
9/20/2024 7:00,varnerrd_to_I10interchange,SB,0.01,0.18,41.2
9/20/2024 8:00,varnerrd_to_I10interchange,SB,0.02,0.19,42.7
9/20/2024 9:00,varnerrd_to_I10interchange,SB,0.02,0.2,37.1
9/20/2024 10:00,varnerrd_to_I10interchange,SB,0.02,0.21,36.7
9/20/2024 11:00,varnerrd_to_I10interchange,SB,0.03,0.21,37.4
9/20/2024 12:00,varnerrd_to_I10interchange,SB,0.02,0.2,37.6
9/20/2024 13:00,varnerrd_to_I10interchange,SB,0.03,0.21,35.7
9/20/2024 14:00,varnerrd_to_I10interchange,SB,0.03,0.21,35.7
9/20/2024 15:00,varnerrd_to_I10interchange,SB,0.01,0.19,39.9
9/20/2024 16:00,varnerrd_to_I10interchange,SB,0.03,0.21,36.2
9/20/2024 17:00,varnerrd_to_I10interchange,SB,0.02,0.21,36.2
9/20/2024 18:00,varnerrd_to_I10interchange,SB,0.01,0.19,40.5
9/20/2024 19:00,varnerrd_to_I10interchange,SB,0.02,0.19,39.1
9/20/2024 20:00,varnerrd_to_I10interchange,SB,0,0.17,43.5
9/20/2024 21:00,varnerrd_to_I10interchange,SB,0,0.17,44.4
9/20/2024 22:00,varnerrd_to_I10interchange,SB,0.01,0.18,41.6
9/20/2024 23:00,varnerrd_to_I10interchange,SB,0,0.18,41.2
9/21/2024 0:00,varnerrd_to_I10interchange,SB,0,0.17,44.6
9/21/2024 1:00,varnerrd_to_I10interchange,SB,0,0.16,46.2
9/21/2024 2:00,varnerrd_to_I10interchange,SB,0,0.16,46.1
9/21/2024 3:00,varnerrd_to_I10interchange,SB,0,0.16,48.1
9/21/2024 4:00,varnerrd_to_I10interchange,SB,0,0.17,43.9
9/21/2024 5:00,varnerrd_to_I10interchange,SB,0,0.15,48.4
9/21/2024 6:00,varnerrd_to_I10interchange,SB,0,0.17,44.9
9/21/2024 7:00,varnerrd_to_I10interchange,SB,0,0.17,43.2
9/21/2024 8:00,varnerrd_to_I10interchange,SB,0,0.16,46.9
9/21/2024 9:00,varnerrd_to_I10interchange,SB,0,0.17,44
9/21/2024 10:00,varnerrd_to_I10interchange,SB,0,0.17,44
9/21/2024 11:00,varnerrd_to_I10interchange,SB,0,0.17,44
9/21/2024 12:00,varnerrd_to_I10interchange,SB,0.01,0.18,41.1
9/21/2024 13:00,varnerrd_to_I10interchange,SB,0.01,0.18,40.8
9/21/2024 14:00,varnerrd_to_I10interchange,SB,0.01,0.19,38.9
9/21/2024 15:00,varnerrd_to_I10interchange,SB,0.01,0.19,39.1
9/21/2024 16:00,varnerrd_to_I10interchange,SB,0,0.16,45.4
9/21/2024 17:00,varnerrd_to_I10interchange,SB,0,0.17,43.6
9/21/2024 18:00,varnerrd_to_I10interchange,SB,0.01,0.18,43.1
9/21/2024 19:00,varnerrd_to_I10interchange,SB,0.01,0.19,40.9
9/21/2024 20:00,varnerrd_to_I10interchange,SB,0,0.17,44.2
9/21/2024 21:00,varnerrd_to_I10interchange,SB,0.01,0.18,40.7
9/21/2024 22:00,varnerrd_to_I10interchange,SB,0,0.16,45.9
9/21/2024 23:00,varnerrd_to_I10interchange,SB,0,0.16,47.2
9/22/2024 0:00,varnerrd_to_I10interchange,SB,0.01,0.17,43.8
9/22/2024 1:00,varnerrd_to_I10interchange,SB,0.01,0.19,40.5
9/22/2024 2:00,varnerrd_to_I10interchange,SB,0,0.17,44.5
9/22/2024 3:00,varnerrd_to_I10interchange,SB,0,0.16,47.7
9/22/2024 4:00,varnerrd_to_I10interchange,SB,0.01,0.2,38.4
9/22/2024 5:00,varnerrd_to_I10interchange,SB,0,0.17,44
9/22/2024 6:00,varnerrd_to_I10interchange,SB,0,0.17,43.6
9/22/2024 7:00,varnerrd_to_I10interchange,SB,0.01,0.19,39.8
9/22/2024 8:00,varnerrd_to_I10interchange,SB,0,0.17,43
9/22/2024 9:00,varnerrd_to_I10interchange,SB,0.01,0.18,41.6
9/22/2024 10:00,varnerrd_to_I10interchange,SB,0.01,0.18,40.6
9/22/2024 11:00,varnerrd_to_I10interchange,SB,0.01,0.18,42.4
9/22/2024 12:00,varnerrd_to_I10interchange,SB,0.01,0.19,40.3
9/22/2024 13:00,varnerrd_to_I10interchange,SB,0.01,0.19,39.9
9/22/2024 14:00,varnerrd_to_I10interchange,SB,0.02,0.19,40.6
9/22/2024 15:00,varnerrd_to_I10interchange,SB,0.02,0.2,37.4
9/22/2024 16:00,varnerrd_to_I10interchange,SB,0.01,0.19,39.3
9/22/2024 17:00,varnerrd_to_I10interchange,SB,0,0.17,44.4
9/22/2024 18:00,varnerrd_to_I10interchange,SB,0.02,0.2,37.4
9/22/2024 19:00,varnerrd_to_I10interchange,SB,0.01,0.19,39.2
9/22/2024 20:00,varnerrd_to_I10interchange,SB,0.01,0.17,43.5
9/22/2024 21:00,varnerrd_to_I10interchange,SB,0.01,0.18,41.8
9/22/2024 22:00,varnerrd_to_I10interchange,SB,0,0.16,47.7
9/22/2024 23:00,varnerrd_to_I10interchange,SB,0,0.17,43.3
9/23/2024 0:00,varnerrd_to_I10interchange,SB,0,0.17,44
9/23/2024 1:00,varnerrd_to_I10interchange,SB,0,0.17,44
9/23/2024 2:00,varnerrd_to_I10interchange,SB,0,0.17,44
9/23/2024 3:00,varnerrd_to_I10interchange,SB,0,0.17,44
9/23/2024 4:00,varnerrd_to_I10interchange,SB,0,0.18,42
9/23/2024 5:00,varnerrd_to_I10interchange,SB,0,0.15,48.5
9/23/2024 6:00,varnerrd_to_I10interchange,SB,0,0.17,44.2
9/23/2024 7:00,varnerrd_to_I10interchange,SB,0,0.16,47.1
9/23/2024 8:00,varnerrd_to_I10interchange,SB,0,0.17,45.5
9/23/2024 9:00,varnerrd_to_I10interchange,SB,0.03,0.21,36.5
9/23/2024 10:00,varnerrd_to_I10interchange,SB,0.02,0.21,36.2
9/23/2024 11:00,varnerrd_to_I10interchange,SB,0.01,0.2,37.8
9/23/2024 12:00,varnerrd_to_I10interchange,SB,0.03,0.22,34.4
9/23/2024 13:00,varnerrd_to_I10interchange,SB,0.02,0.2,36.9
9/23/2024 14:00,varnerrd_to_I10interchange,SB,0.04,0.22,34.3
9/23/2024 15:00,varnerrd_to_I10interchange,SB,0.04,0.22,34.2
9/23/2024 16:00,varnerrd_to_I10interchange,SB,0,0.18,40.7
9/23/2024 17:00,varnerrd_to_I10interchange,SB,0.02,0.2,37.5
9/23/2024 18:00,varnerrd_to_I10interchange,SB,0.02,0.19,39.2
9/23/2024 19:00,varnerrd_to_I10interchange,SB,0.02,0.2,38.5
9/23/2024 20:00,varnerrd_to_I10interchange,SB,0.05,0.23,32.5
9/23/2024 21:00,varnerrd_to_I10interchange,SB,0.02,0.2,38.7
9/23/2024 22:00,varnerrd_to_I10interchange,SB,0,0.17,43.5
9/23/2024 23:00,varnerrd_to_I10interchange,SB,0.01,0.19,39.3
9/24/2024 0:00,varnerrd_to_I10interchange,SB,0,0.17,44
9/24/2024 1:00,varnerrd_to_I10interchange,SB,0,0.17,44
9/24/2024 2:00,varnerrd_to_I10interchange,SB,0,0.17,44
9/24/2024 3:00,varnerrd_to_I10interchange,SB,0,0.17,44
9/24/2024 4:00,varnerrd_to_I10interchange,SB,0,0.17,44
9/24/2024 5:00,varnerrd_to_I10interchange,SB,0,0.16,47.2
9/24/2024 6:00,varnerrd_to_I10interchange,SB,0,0.18,42.9
9/24/2024 7:00,varnerrd_to_I10interchange,SB,0,0.17,45.2
9/24/2024 8:00,varnerrd_to_I10interchange,SB,0.01,0.19,40.7
9/24/2024 9:00,varnerrd_to_I10interchange,SB,0.02,0.2,37.5
9/24/2024 10:00,varnerrd_to_I10interchange,SB,0.01,0.19,39
9/24/2024 11:00,varnerrd_to_I10interchange,SB,0.02,0.2,36.8
9/24/2024 12:00,varnerrd_to_I10interchange,SB,0.02,0.2,36.8
9/24/2024 13:00,varnerrd_to_I10interchange,SB,0.03,0.21,35.4
9/24/2024 14:00,varnerrd_to_I10interchange,SB,0.02,0.2,37.4
9/24/2024 15:00,varnerrd_to_I10interchange,SB,0.01,0.19,38.6
9/24/2024 16:00,varnerrd_to_I10interchange,SB,0.03,0.21,36.3
9/24/2024 17:00,varnerrd_to_I10interchange,SB,0.02,0.2,37
9/24/2024 18:00,varnerrd_to_I10interchange,SB,0.01,0.18,43.1
9/24/2024 19:00,varnerrd_to_I10interchange,SB,0.02,0.2,38.2
9/24/2024 20:00,varnerrd_to_I10interchange,SB,0.01,0.19,40.3
9/24/2024 21:00,varnerrd_to_I10interchange,SB,0,0.18,42.2
9/24/2024 22:00,varnerrd_to_I10interchange,SB,0.03,0.2,37.3
9/24/2024 23:00,varnerrd_to_I10interchange,SB,0,0.16,45.8
9/25/2024 0:00,varnerrd_to_I10interchange,SB,0,0.15,50.9
9/25/2024 1:00,varnerrd_to_I10interchange,SB,0,0.17,44
9/25/2024 2:00,varnerrd_to_I10interchange,SB,0,0.17,44
9/25/2024 3:00,varnerrd_to_I10interchange,SB,0,0.17,45
9/25/2024 4:00,varnerrd_to_I10interchange,SB,0.01,0.18,41.9
9/25/2024 5:00,varnerrd_to_I10interchange,SB,0,0.16,46.7
9/25/2024 6:00,varnerrd_to_I10interchange,SB,0,0.16,47
9/25/2024 7:00,varnerrd_to_I10interchange,SB,0.01,0.19,40
9/25/2024 8:00,varnerrd_to_I10interchange,SB,0,0.17,44.4
9/25/2024 9:00,varnerrd_to_I10interchange,SB,0.02,0.2,38.2
9/25/2024 10:00,varnerrd_to_I10interchange,SB,0.02,0.2,37.1
9/25/2024 11:00,varnerrd_to_I10interchange,SB,0.03,0.22,34.8
9/25/2024 12:00,varnerrd_to_I10interchange,SB,0.03,0.21,35.4
9/25/2024 13:00,varnerrd_to_I10interchange,SB,0.03,0.21,35.6
9/25/2024 14:00,varnerrd_to_I10interchange,SB,0.03,0.21,36.8
9/25/2024 15:00,varnerrd_to_I10interchange,SB,0.03,0.21,35.7
9/25/2024 16:00,varnerrd_to_I10interchange,SB,0.02,0.2,38.3
9/25/2024 17:00,varnerrd_to_I10interchange,SB,0.03,0.21,36.6
9/25/2024 18:00,varnerrd_to_I10interchange,SB,0,0.17,43.5
9/25/2024 19:00,varnerrd_to_I10interchange,SB,0.01,0.18,41.7
9/25/2024 20:00,varnerrd_to_I10interchange,SB,0,0.18,41.8
9/25/2024 21:00,varnerrd_to_I10interchange,SB,0.01,0.19,39.8
9/25/2024 22:00,varnerrd_to_I10interchange,SB,0,0.18,42.5
9/25/2024 23:00,varnerrd_to_I10interchange,SB,0,0.17,44
9/26/2024 0:00,varnerrd_to_I10interchange,SB,0,0.17,44
9/26/2024 1:00,varnerrd_to_I10interchange,SB,0,0.18,41.6
9/26/2024 2:00,varnerrd_to_I10interchange,SB,0,0.18,42.8
9/26/2024 3:00,varnerrd_to_I10interchange,SB,0.02,0.2,38.4
9/26/2024 4:00,varnerrd_to_I10interchange,SB,0,0.17,42.9
9/26/2024 5:00,varnerrd_to_I10interchange,SB,0,0.17,44.5
9/26/2024 6:00,varnerrd_to_I10interchange,SB,0.08,0.25,39.4
9/26/2024 7:00,varnerrd_to_I10interchange,SB,0,0.16,46.6
9/26/2024 8:00,varnerrd_to_I10interchange,SB,0.02,0.2,38.1
9/26/2024 9:00,varnerrd_to_I10interchange,SB,0.02,0.2,38.6
9/26/2024 10:00,varnerrd_to_I10interchange,SB,0.02,0.21,36
9/26/2024 11:00,varnerrd_to_I10interchange,SB,0.03,0.21,37
9/26/2024 12:00,varnerrd_to_I10interchange,SB,0.04,0.22,34
9/26/2024 13:00,varnerrd_to_I10interchange,SB,0.03,0.21,35.6
9/26/2024 14:00,varnerrd_to_I10interchange,SB,0.04,0.22,34.5
9/26/2024 15:00,varnerrd_to_I10interchange,SB,0.03,0.21,35.7
9/26/2024 16:00,varnerrd_to_I10interchange,SB,0.03,0.21,34.9
9/26/2024 17:00,varnerrd_to_I10interchange,SB,0.01,0.19,39.2
9/26/2024 18:00,varnerrd_to_I10interchange,SB,0.02,0.19,39.7
9/26/2024 19:00,varnerrd_to_I10interchange,SB,0.01,0.19,39.4
9/26/2024 20:00,varnerrd_to_I10interchange,SB,0.01,0.17,43.6
9/26/2024 21:00,varnerrd_to_I10interchange,SB,0,0.18,42.4
9/26/2024 22:00,varnerrd_to_I10interchange,SB,0.01,0.18,40.9
9/26/2024 23:00,varnerrd_to_I10interchange,SB,0,0.17,44
9/27/2024 0:00,varnerrd_to_I10interchange,SB,0,0.16,45.9
9/27/2024 1:00,varnerrd_to_I10interchange,SB,0,0.17,44.8
9/27/2024 2:00,varnerrd_to_I10interchange,SB,0,0.16,45.8
9/27/2024 3:00,varnerrd_to_I10interchange,SB,0,0.17,44
9/27/2024 4:00,varnerrd_to_I10interchange,SB,0.01,0.18,42.9
9/27/2024 5:00,varnerrd_to_I10interchange,SB,0,0.16,47
9/27/2024 6:00,varnerrd_to_I10interchange,SB,0,0.16,46
9/27/2024 7:00,varnerrd_to_I10interchange,SB,0.01,0.19,40.6
9/27/2024 8:00,varnerrd_to_I10interchange,SB,0.03,0.21,36.8
9/27/2024 9:00,varnerrd_to_I10interchange,SB,0.01,0.2,38
9/27/2024 10:00,varnerrd_to_I10interchange,SB,0.03,0.21,35
9/27/2024 11:00,varnerrd_to_I10interchange,SB,0.02,0.21,36.3
9/27/2024 12:00,varnerrd_to_I10interchange,SB,0.05,0.23,33.2
9/27/2024 13:00,varnerrd_to_I10interchange,SB,0.02,0.21,36.3
9/27/2024 14:00,varnerrd_to_I10interchange,SB,0.01,0.2,38.3
9/27/2024 15:00,varnerrd_to_I10interchange,SB,0.02,0.21,36.5
9/27/2024 16:00,varnerrd_to_I10interchange,SB,0.02,0.2,37.2
9/27/2024 17:00,varnerrd_to_I10interchange,SB,0.01,0.19,39.6
9/27/2024 18:00,varnerrd_to_I10interchange,SB,0.01,0.19,39.5
9/27/2024 19:00,varnerrd_to_I10interchange,SB,0,0.18,40.6
9/27/2024 20:00,varnerrd_to_I10interchange,SB,0,0.17,44.7
9/27/2024 21:00,varnerrd_to_I10interchange,SB,0.01,0.19,40.3
9/27/2024 22:00,varnerrd_to_I10interchange,SB,0.01,0.19,40.4
9/27/2024 23:00,varnerrd_to_I10interchange,SB,0,0.17,45.2
9/28/2024 0:00,varnerrd_to_I10interchange,SB,0,0.16,47.3
9/28/2024 1:00,varnerrd_to_I10interchange,SB,0,0.16,46.1
9/28/2024 2:00,varnerrd_to_I10interchange,SB,0,0.15,51.1
9/28/2024 3:00,varnerrd_to_I10interchange,SB,0,0.17,44
9/28/2024 4:00,varnerrd_to_I10interchange,SB,0,0.17,44
9/28/2024 5:00,varnerrd_to_I10interchange,SB,0,0.17,42.7
9/28/2024 6:00,varnerrd_to_I10interchange,SB,0,0.18,42.1
9/28/2024 7:00,varnerrd_to_I10interchange,SB,0,0.18,41.9
9/28/2024 8:00,varnerrd_to_I10interchange,SB,0.01,0.18,40.5
9/28/2024 9:00,varnerrd_to_I10interchange,SB,0.01,0.18,41.9
9/28/2024 10:00,varnerrd_to_I10interchange,SB,0.03,0.2,37.1
9/28/2024 11:00,varnerrd_to_I10interchange,SB,0.01,0.19,38.9
9/28/2024 12:00,varnerrd_to_I10interchange,SB,0.01,0.19,40.1
9/28/2024 13:00,varnerrd_to_I10interchange,SB,0.02,0.2,37.7
9/28/2024 14:00,varnerrd_to_I10interchange,SB,0.01,0.19,39.9
9/28/2024 15:00,varnerrd_to_I10interchange,SB,0.03,0.21,35.7
9/28/2024 16:00,varnerrd_to_I10interchange,SB,0,0.17,43.6
9/28/2024 17:00,varnerrd_to_I10interchange,SB,0,0.17,43.2
9/28/2024 18:00,varnerrd_to_I10interchange,SB,0.02,0.2,38.1
9/28/2024 19:00,varnerrd_to_I10interchange,SB,0.02,0.2,37.8
9/28/2024 20:00,varnerrd_to_I10interchange,SB,0.02,0.2,38.1
9/28/2024 21:00,varnerrd_to_I10interchange,SB,0.01,0.18,40.8
9/28/2024 22:00,varnerrd_to_I10interchange,SB,0,0.18,42
9/28/2024 23:00,varnerrd_to_I10interchange,SB,0,0.18,41.8
9/29/2024 0:00,varnerrd_to_I10interchange,SB,0.01,0.19,40.2
9/29/2024 1:00,varnerrd_to_I10interchange,SB,0,0.17,43.1
9/29/2024 2:00,varnerrd_to_I10interchange,SB,0,0.15,49.7
9/29/2024 3:00,varnerrd_to_I10interchange,SB,0,0.17,44
9/29/2024 4:00,varnerrd_to_I10interchange,SB,0,0.17,44
9/29/2024 5:00,varnerrd_to_I10interchange,SB,0,0.16,46.5
9/29/2024 6:00,varnerrd_to_I10interchange,SB,0,0.18,41.6
9/29/2024 7:00,varnerrd_to_I10interchange,SB,0.04,0.22,36.6
9/29/2024 8:00,varnerrd_to_I10interchange,SB,0,0.17,43.4
9/29/2024 9:00,varnerrd_to_I10interchange,SB,0,0.17,43.7
9/29/2024 10:00,varnerrd_to_I10interchange,SB,0,0.17,44.6
9/29/2024 11:00,varnerrd_to_I10interchange,SB,0,0.17,44.4
9/29/2024 12:00,varnerrd_to_I10interchange,SB,0,0.18,41.2
9/29/2024 13:00,varnerrd_to_I10interchange,SB,0.03,0.21,35.8
9/29/2024 14:00,varnerrd_to_I10interchange,SB,0.02,0.19,38.6
9/29/2024 15:00,varnerrd_to_I10interchange,SB,0.03,0.21,35.2
9/29/2024 16:00,varnerrd_to_I10interchange,SB,0,0.17,44.1
9/29/2024 17:00,varnerrd_to_I10interchange,SB,0.01,0.18,41
9/29/2024 18:00,varnerrd_to_I10interchange,SB,0,0.17,44.2
9/29/2024 19:00,varnerrd_to_I10interchange,SB,0.01,0.19,39.6
9/29/2024 20:00,varnerrd_to_I10interchange,SB,0.01,0.19,40.8
9/29/2024 21:00,varnerrd_to_I10interchange,SB,0,0.16,45.6
9/29/2024 22:00,varnerrd_to_I10interchange,SB,0,0.17,43.8
9/29/2024 23:00,varnerrd_to_I10interchange,SB,0,0.15,48.8
9/30/2024 0:00,varnerrd_to_I10interchange,SB,0,0.16,45.5
9/30/2024 1:00,varnerrd_to_I10interchange,SB,0,0.17,45
9/30/2024 2:00,varnerrd_to_I10interchange,SB,0,0.16,46.2
9/30/2024 3:00,varnerrd_to_I10interchange,SB,0.01,0.18,42.2
9/30/2024 4:00,varnerrd_to_I10interchange,SB,0.03,0.2,38.4
9/30/2024 5:00,varnerrd_to_I10interchange,SB,0,0.17,43.9
9/30/2024 6:00,varnerrd_to_I10interchange,SB,0,0.18,41.5
9/30/2024 7:00,varnerrd_to_I10interchange,SB,0,0.17,44.5
9/30/2024 8:00,varnerrd_to_I10interchange,SB,0.01,0.19,39.5
9/30/2024 9:00,varnerrd_to_I10interchange,SB,0.01,0.18,40.6
9/30/2024 10:00,varnerrd_to_I10interchange,SB,0.01,0.18,41.2
9/30/2024 11:00,varnerrd_to_I10interchange,SB,0.01,0.19,40
9/30/2024 12:00,varnerrd_to_I10interchange,SB,0.02,0.2,37.7
9/30/2024 13:00,varnerrd_to_I10interchange,SB,0.01,0.19,40.4
9/30/2024 14:00,varnerrd_to_I10interchange,SB,0.02,0.19,39.1
9/30/2024 15:00,varnerrd_to_I10interchange,SB,0.02,0.2,38.2
9/30/2024 16:00,varnerrd_to_I10interchange,SB,0.01,0.19,39.8
9/30/2024 17:00,varnerrd_to_I10interchange,SB,0.02,0.2,37.7
9/30/2024 18:00,varnerrd_to_I10interchange,SB,0.01,0.19,39.4
9/30/2024 19:00,varnerrd_to_I10interchange,SB,0.03,0.21,35.1
9/30/2024 20:00,varnerrd_to_I10interchange,SB,0.04,0.22,34.3
9/30/2024 21:00,varnerrd_to_I10interchange,SB,0,0.17,45.5
9/30/2024 22:00,varnerrd_to_I10interchange,SB,0,0.16,46.5
9/30/2024 23:00,varnerrd_to_I10interchange,SB,0,0.16,45.4
10/1/2024 0:00,varnerrd_to_I10interchange,SB,0,0.17,44
10/1/2024 1:00,varnerrd_to_I10interchange,SB,0,0.17,44
10/1/2024 2:00,varnerrd_to_I10interchange,SB,0,0.17,44
10/1/2024 3:00,varnerrd_to_I10interchange,SB,0,0.17,44
10/1/2024 4:00,varnerrd_to_I10interchange,SB,0,0.17,45.1
10/1/2024 5:00,varnerrd_to_I10interchange,SB,0,0.16,45.3
10/1/2024 6:00,varnerrd_to_I10interchange,SB,0,0.17,43.9
10/1/2024 7:00,varnerrd_to_I10interchange,SB,0.01,0.18,41
10/1/2024 8:00,varnerrd_to_I10interchange,SB,0,0.18,41.9
10/1/2024 9:00,varnerrd_to_I10interchange,SB,0,0.18,41.8
10/1/2024 10:00,varnerrd_to_I10interchange,SB,0.05,0.23,32.2
10/1/2024 11:00,varnerrd_to_I10interchange,SB,0.03,0.21,35.2
10/1/2024 12:00,varnerrd_to_I10interchange,SB,0.05,0.23,33.6
10/1/2024 13:00,varnerrd_to_I10interchange,SB,0.03,0.22,34.1
10/1/2024 14:00,varnerrd_to_I10interchange,SB,0.02,0.2,36.9
10/1/2024 15:00,varnerrd_to_I10interchange,SB,0.04,0.22,34.2
10/1/2024 16:00,varnerrd_to_I10interchange,SB,0.01,0.19,38.6
10/1/2024 17:00,varnerrd_to_I10interchange,SB,0.01,0.18,42.1
10/1/2024 18:00,varnerrd_to_I10interchange,SB,0.01,0.19,39.3
10/1/2024 19:00,varnerrd_to_I10interchange,SB,0.01,0.19,39.3
10/1/2024 20:00,varnerrd_to_I10interchange,SB,0.01,0.18,41.7
10/1/2024 21:00,varnerrd_to_I10interchange,SB,0,0.17,44.7
10/1/2024 22:00,varnerrd_to_I10interchange,SB,0,0.17,43.4
10/1/2024 23:00,varnerrd_to_I10interchange,SB,0,0.17,44.7
10/2/2024 0:00,varnerrd_to_I10interchange,SB,0,0.17,44
10/2/2024 1:00,varnerrd_to_I10interchange,SB,0,0.17,44
10/2/2024 2:00,varnerrd_to_I10interchange,SB,0,0.16,45.4
10/2/2024 3:00,varnerrd_to_I10interchange,SB,0,0.17,44.7
10/2/2024 4:00,varnerrd_to_I10interchange,SB,0,0.17,44.5
10/2/2024 5:00,varnerrd_to_I10interchange,SB,0,0.16,45.5
10/2/2024 6:00,varnerrd_to_I10interchange,SB,0.01,0.19,39.9
10/2/2024 7:00,varnerrd_to_I10interchange,SB,0,0.18,41
10/2/2024 8:00,varnerrd_to_I10interchange,SB,0.01,0.19,40
10/2/2024 9:00,varnerrd_to_I10interchange,SB,0.01,0.19,39.3
10/2/2024 10:00,varnerrd_to_I10interchange,SB,0.03,0.22,34.6
10/2/2024 11:00,varnerrd_to_I10interchange,SB,0.02,0.2,36.8
10/2/2024 12:00,varnerrd_to_I10interchange,SB,0.02,0.2,37
10/2/2024 13:00,varnerrd_to_I10interchange,SB,0.02,0.2,37.4
10/2/2024 14:00,varnerrd_to_I10interchange,SB,0.01,0.2,38
10/2/2024 15:00,varnerrd_to_I10interchange,SB,0.02,0.2,36.9
10/2/2024 16:00,varnerrd_to_I10interchange,SB,0.02,0.2,37.6
10/2/2024 17:00,varnerrd_to_I10interchange,SB,0.02,0.2,36.9
10/2/2024 18:00,varnerrd_to_I10interchange,SB,0,0.18,42.1
10/2/2024 19:00,varnerrd_to_I10interchange,SB,0,0.18,42.1
10/2/2024 20:00,varnerrd_to_I10interchange,SB,0.02,0.18,43.1
10/2/2024 21:00,varnerrd_to_I10interchange,SB,0.04,0.22,34.5
10/2/2024 22:00,varnerrd_to_I10interchange,SB,0.01,0.19,41.1
10/2/2024 23:00,varnerrd_to_I10interchange,SB,0,0.17,45.2
10/3/2024 0:00,varnerrd_to_I10interchange,SB,0,0.17,45.5
10/3/2024 1:00,varnerrd_to_I10interchange,SB,0,0.17,43.5
10/3/2024 2:00,varnerrd_to_I10interchange,SB,0,0.17,44.1
10/3/2024 3:00,varnerrd_to_I10interchange,SB,0,0.17,43.8
10/3/2024 4:00,varnerrd_to_I10interchange,SB,0,0.17,44
10/3/2024 5:00,varnerrd_to_I10interchange,SB,0,0.16,45.4
10/3/2024 6:00,varnerrd_to_I10interchange,SB,0,0.15,50.3
10/3/2024 7:00,varnerrd_to_I10interchange,SB,0,0.16,46.8
10/3/2024 8:00,varnerrd_to_I10interchange,SB,0.02,0.2,38.3
10/3/2024 9:00,varnerrd_to_I10interchange,SB,0,0.18,41
10/3/2024 10:00,varnerrd_to_I10interchange,SB,0.01,0.19,39.3
10/3/2024 11:00,varnerrd_to_I10interchange,SB,0.02,0.21,36.5
10/3/2024 12:00,varnerrd_to_I10interchange,SB,0.02,0.2,38.3
10/3/2024 13:00,varnerrd_to_I10interchange,SB,0.02,0.2,36.8
10/3/2024 14:00,varnerrd_to_I10interchange,SB,0.01,0.18,40.6
10/3/2024 15:00,varnerrd_to_I10interchange,SB,0.04,0.22,34.2
10/3/2024 16:00,varnerrd_to_I10interchange,SB,0.03,0.22,34.7
10/3/2024 17:00,varnerrd_to_I10interchange,SB,0.03,0.21,36.3
10/3/2024 18:00,varnerrd_to_I10interchange,SB,0.03,0.21,36.4
10/3/2024 19:00,varnerrd_to_I10interchange,SB,0.01,0.19,40.9
10/3/2024 20:00,varnerrd_to_I10interchange,SB,0.03,0.21,35.4
10/3/2024 21:00,varnerrd_to_I10interchange,SB,0,0.17,43.6
10/3/2024 22:00,varnerrd_to_I10interchange,SB,0.02,0.19,39.9
10/3/2024 23:00,varnerrd_to_I10interchange,SB,0,0.16,46.9
10/4/2024 0:00,varnerrd_to_I10interchange,SB,0,0.17,43.2
10/4/2024 1:00,varnerrd_to_I10interchange,SB,0,0.17,43
10/4/2024 2:00,varnerrd_to_I10interchange,SB,0,0.17,44
10/4/2024 3:00,varnerrd_to_I10interchange,SB,0,0.17,44
10/4/2024 4:00,varnerrd_to_I10interchange,SB,0,0.17,42.7
10/4/2024 5:00,varnerrd_to_I10interchange,SB,0,0.17,43
10/4/2024 6:00,varnerrd_to_I10interchange,SB,0,0.15,50.3
10/4/2024 7:00,varnerrd_to_I10interchange,SB,0,0.17,44.1
10/4/2024 8:00,varnerrd_to_I10interchange,SB,0.01,0.19,40.2
10/4/2024 9:00,varnerrd_to_I10interchange,SB,0.01,0.19,39.1
10/4/2024 10:00,varnerrd_to_I10interchange,SB,0.01,0.19,39.5
10/4/2024 11:00,varnerrd_to_I10interchange,SB,0.03,0.22,34.7
10/4/2024 12:00,varnerrd_to_I10interchange,SB,0.03,0.21,35.4
10/4/2024 13:00,varnerrd_to_I10interchange,SB,0.03,0.21,36.1
10/4/2024 14:00,varnerrd_to_I10interchange,SB,0.03,0.21,35.6
10/4/2024 15:00,varnerrd_to_I10interchange,SB,0.01,0.19,38.3
10/4/2024 16:00,varnerrd_to_I10interchange,SB,0.03,0.21,35.7
10/4/2024 17:00,varnerrd_to_I10interchange,SB,0.03,0.2,36.9
10/4/2024 18:00,varnerrd_to_I10interchange,SB,0.01,0.18,41.7
10/4/2024 19:00,varnerrd_to_I10interchange,SB,0.03,0.21,36.2
10/4/2024 20:00,varnerrd_to_I10interchange,SB,0.03,0.21,35.8
10/4/2024 21:00,varnerrd_to_I10interchange,SB,0,0.17,44
10/4/2024 22:00,varnerrd_to_I10interchange,SB,0,0.17,43.9
10/4/2024 23:00,varnerrd_to_I10interchange,SB,0,0.17,44.1
10/5/2024 0:00,varnerrd_to_I10interchange,SB,0,0.16,46
10/5/2024 1:00,varnerrd_to_I10interchange,SB,0,0.17,44.6
10/5/2024 2:00,varnerrd_to_I10interchange,SB,0,0.16,46.7
10/5/2024 3:00,varnerrd_to_I10interchange,SB,0,0.16,45.6
10/5/2024 4:00,varnerrd_to_I10interchange,SB,0.01,0.19,39.4
10/5/2024 5:00,varnerrd_to_I10interchange,SB,0.01,0.18,42.2
10/5/2024 6:00,varnerrd_to_I10interchange,SB,0,0.17,44.9
10/5/2024 7:00,varnerrd_to_I10interchange,SB,0,0.17,44.7
10/5/2024 8:00,varnerrd_to_I10interchange,SB,0.01,0.19,40.4
10/5/2024 9:00,varnerrd_to_I10interchange,SB,0,0.17,43.5
10/5/2024 10:00,varnerrd_to_I10interchange,SB,0,0.17,42.8
10/5/2024 11:00,varnerrd_to_I10interchange,SB,0,0.18,41.5
10/5/2024 12:00,varnerrd_to_I10interchange,SB,0.02,0.21,36.6
10/5/2024 13:00,varnerrd_to_I10interchange,SB,0.01,0.19,38.7
10/5/2024 14:00,varnerrd_to_I10interchange,SB,0.01,0.19,38.9
10/5/2024 15:00,varnerrd_to_I10interchange,SB,0.02,0.19,38.7
10/5/2024 16:00,varnerrd_to_I10interchange,SB,0.03,0.21,36.5
10/5/2024 17:00,varnerrd_to_I10interchange,SB,0.02,0.2,37.5
10/5/2024 18:00,varnerrd_to_I10interchange,SB,0.01,0.19,38.5
10/5/2024 19:00,varnerrd_to_I10interchange,SB,0.01,0.18,41.6
10/5/2024 20:00,varnerrd_to_I10interchange,SB,0.01,0.19,40.8
10/5/2024 21:00,varnerrd_to_I10interchange,SB,0.04,0.22,35.8
10/5/2024 22:00,varnerrd_to_I10interchange,SB,0,0.18,41.5
10/5/2024 23:00,varnerrd_to_I10interchange,SB,0,0.17,44.1
10/6/2024 0:00,varnerrd_to_I10interchange,SB,0,0.16,47.8
10/6/2024 1:00,varnerrd_to_I10interchange,SB,0,0.16,48.1
10/6/2024 2:00,varnerrd_to_I10interchange,SB,0,0.16,45.3
10/6/2024 3:00,varnerrd_to_I10interchange,SB,0,0.17,44
10/6/2024 4:00,varnerrd_to_I10interchange,SB,0,0.17,44
10/6/2024 5:00,varnerrd_to_I10interchange,SB,0,0.17,44
10/6/2024 6:00,varnerrd_to_I10interchange,SB,0,0.16,46.2
10/6/2024 7:00,varnerrd_to_I10interchange,SB,0,0.17,44
10/6/2024 8:00,varnerrd_to_I10interchange,SB,0.01,0.17,43.6
10/6/2024 9:00,varnerrd_to_I10interchange,SB,0.01,0.18,41.1
10/6/2024 10:00,varnerrd_to_I10interchange,SB,0.02,0.2,37.4
10/6/2024 11:00,varnerrd_to_I10interchange,SB,0.02,0.19,39.3
10/6/2024 12:00,varnerrd_to_I10interchange,SB,0.02,0.2,37.6
10/6/2024 13:00,varnerrd_to_I10interchange,SB,0,0.17,44.6
10/6/2024 14:00,varnerrd_to_I10interchange,SB,0,0.16,46.2
10/6/2024 15:00,varnerrd_to_I10interchange,SB,0,0.17,42.9
10/6/2024 16:00,varnerrd_to_I10interchange,SB,0.01,0.17,43.6
10/6/2024 17:00,varnerrd_to_I10interchange,SB,0.02,0.2,38.6
10/6/2024 18:00,varnerrd_to_I10interchange,SB,0.02,0.2,37.3
10/6/2024 19:00,varnerrd_to_I10interchange,SB,0.03,0.21,35.7
10/6/2024 20:00,varnerrd_to_I10interchange,SB,0.01,0.19,39.5
10/6/2024 21:00,varnerrd_to_I10interchange,SB,0.01,0.18,41.4
10/6/2024 22:00,varnerrd_to_I10interchange,SB,0,0.16,46.4
10/6/2024 23:00,varnerrd_to_I10interchange,SB,0,0.16,47
10/7/2024 0:00,varnerrd_to_I10interchange,SB,0,0.17,44.7
10/7/2024 1:00,varnerrd_to_I10interchange,SB,0,0.17,44
10/7/2024 2:00,varnerrd_to_I10interchange,SB,0,0.17,44
10/7/2024 3:00,varnerrd_to_I10interchange,SB,0,0.17,43.6
10/7/2024 4:00,varnerrd_to_I10interchange,SB,0,0.18,41.5
10/7/2024 5:00,varnerrd_to_I10interchange,SB,0,0.17,44.5
10/7/2024 6:00,varnerrd_to_I10interchange,SB,0,0.16,46.4
10/7/2024 7:00,varnerrd_to_I10interchange,SB,0.01,0.18,42.2
10/7/2024 8:00,varnerrd_to_I10interchange,SB,0.01,0.19,40.6
10/7/2024 9:00,varnerrd_to_I10interchange,SB,0.01,0.19,41
10/7/2024 10:00,varnerrd_to_I10interchange,SB,0.03,0.21,35.8
10/7/2024 11:00,varnerrd_to_I10interchange,SB,0.04,0.22,34.4
10/7/2024 12:00,varnerrd_to_I10interchange,SB,0.03,0.22,34.4
10/7/2024 13:00,varnerrd_to_I10interchange,SB,0.02,0.2,37.1
10/7/2024 14:00,varnerrd_to_I10interchange,SB,0.02,0.2,37.3
10/7/2024 15:00,varnerrd_to_I10interchange,SB,0.02,0.2,36.9
10/7/2024 16:00,varnerrd_to_I10interchange,SB,0.04,0.22,34.3
10/7/2024 17:00,varnerrd_to_I10interchange,SB,0.02,0.21,36.2
10/7/2024 18:00,varnerrd_to_I10interchange,SB,0.01,0.19,39.2
10/7/2024 19:00,varnerrd_to_I10interchange,SB,0.02,0.2,37.1
10/7/2024 20:00,varnerrd_to_I10interchange,SB,0,0.18,41.9
10/7/2024 21:00,varnerrd_to_I10interchange,SB,0,0.18,42.3
10/7/2024 22:00,varnerrd_to_I10interchange,SB,0,0.16,47.6
10/7/2024 23:00,varnerrd_to_I10interchange,SB,0,0.17,43.9
10/8/2024 0:00,varnerrd_to_I10interchange,SB,0,0.15,50.4
10/8/2024 1:00,varnerrd_to_I10interchange,SB,0,0.17,44
10/8/2024 2:00,varnerrd_to_I10interchange,SB,0,0.17,44
10/8/2024 3:00,varnerrd_to_I10interchange,SB,0,0.17,43.5
10/8/2024 4:00,varnerrd_to_I10interchange,SB,0,0.17,43.1
10/8/2024 5:00,varnerrd_to_I10interchange,SB,0,0.17,44.8
10/8/2024 6:00,varnerrd_to_I10interchange,SB,0.01,0.19,40.2
10/8/2024 7:00,varnerrd_to_I10interchange,SB,0,0.17,44.2
10/8/2024 8:00,varnerrd_to_I10interchange,SB,0,0.18,42.4
10/8/2024 9:00,varnerrd_to_I10interchange,SB,0.01,0.19,39.2
10/8/2024 10:00,varnerrd_to_I10interchange,SB,0.03,0.21,35.7
10/8/2024 11:00,varnerrd_to_I10interchange,SB,0.02,0.21,37
10/8/2024 12:00,varnerrd_to_I10interchange,SB,0.04,0.23,33.5
10/8/2024 13:00,varnerrd_to_I10interchange,SB,0.02,0.2,37.3
10/8/2024 14:00,varnerrd_to_I10interchange,SB,0.03,0.21,35.4
10/8/2024 15:00,varnerrd_to_I10interchange,SB,0.01,0.19,38.9
10/8/2024 16:00,varnerrd_to_I10interchange,SB,0,0.18,42.1
10/8/2024 17:00,varnerrd_to_I10interchange,SB,0.02,0.21,36.2
10/8/2024 18:00,varnerrd_to_I10interchange,SB,0.01,0.19,39.6
10/8/2024 19:00,varnerrd_to_I10interchange,SB,0.01,0.18,40.9
10/8/2024 20:00,varnerrd_to_I10interchange,SB,0.02,0.21,36.6
10/8/2024 21:00,varnerrd_to_I10interchange,SB,0,0.17,43.2
10/8/2024 22:00,varnerrd_to_I10interchange,SB,0,0.17,45.2
10/8/2024 23:00,varnerrd_to_I10interchange,SB,0,0.17,43.8
10/9/2024 0:00,varnerrd_to_I10interchange,SB,0,0.15,48.6
10/9/2024 1:00,varnerrd_to_I10interchange,SB,0,0.17,44
10/9/2024 2:00,varnerrd_to_I10interchange,SB,0,0.17,44
10/9/2024 3:00,varnerrd_to_I10interchange,SB,0,0.17,44.9
10/9/2024 4:00,varnerrd_to_I10interchange,SB,0.02,0.2,38.8
10/9/2024 5:00,varnerrd_to_I10interchange,SB,0.01,0.19,40.8
10/9/2024 6:00,varnerrd_to_I10interchange,SB,0.01,0.17,43.2
10/9/2024 7:00,varnerrd_to_I10interchange,SB,0,0.17,44.6
10/9/2024 8:00,varnerrd_to_I10interchange,SB,0.01,0.18,42.1
10/9/2024 9:00,varnerrd_to_I10interchange,SB,0,0.18,42.5
10/9/2024 10:00,varnerrd_to_I10interchange,SB,0.01,0.19,39.1
10/9/2024 11:00,varnerrd_to_I10interchange,SB,0.01,0.18,40.5
10/9/2024 12:00,varnerrd_to_I10interchange,SB,0.04,0.22,33.9
10/9/2024 13:00,varnerrd_to_I10interchange,SB,0.03,0.21,36.2
10/9/2024 14:00,varnerrd_to_I10interchange,SB,0.01,0.19,39.4
10/9/2024 15:00,varnerrd_to_I10interchange,SB,0.02,0.2,37.2
10/9/2024 16:00,varnerrd_to_I10interchange,SB,0.01,0.19,39.1
10/9/2024 17:00,varnerrd_to_I10interchange,SB,0.01,0.19,39.6
10/9/2024 18:00,varnerrd_to_I10interchange,SB,0.01,0.19,39.6
10/9/2024 19:00,varnerrd_to_I10interchange,SB,0.03,0.22,34.8
10/9/2024 20:00,varnerrd_to_I10interchange,SB,0.01,0.19,40.3
10/9/2024 21:00,varnerrd_to_I10interchange,SB,0,0.17,45.4
10/9/2024 22:00,varnerrd_to_I10interchange,SB,0,0.18,42.4
10/9/2024 23:00,varnerrd_to_I10interchange,SB,0,0.17,44.7
10/10/2024 0:00,varnerrd_to_I10interchange,SB,0.01,0.18,40.7
10/10/2024 1:00,varnerrd_to_I10interchange,SB,0,0.17,44
10/10/2024 2:00,varnerrd_to_I10interchange,SB,0,0.17,44.2
10/10/2024 3:00,varnerrd_to_I10interchange,SB,0,0.17,44.8
10/10/2024 4:00,varnerrd_to_I10interchange,SB,0,0.18,42
10/10/2024 5:00,varnerrd_to_I10interchange,SB,0,0.16,45.3
10/10/2024 6:00,varnerrd_to_I10interchange,SB,0,0.17,43.8
10/10/2024 7:00,varnerrd_to_I10interchange,SB,0,0.17,43
10/10/2024 8:00,varnerrd_to_I10interchange,SB,0.01,0.18,41
10/10/2024 9:00,varnerrd_to_I10interchange,SB,0.03,0.21,36.5
10/10/2024 10:00,varnerrd_to_I10interchange,SB,0.02,0.2,37.5
10/10/2024 11:00,varnerrd_to_I10interchange,SB,0.03,0.21,35.4
10/10/2024 12:00,varnerrd_to_I10interchange,SB,0.04,0.22,34
10/10/2024 13:00,varnerrd_to_I10interchange,SB,0.04,0.22,33.9
10/10/2024 14:00,varnerrd_to_I10interchange,SB,0.05,0.23,31.9
10/10/2024 15:00,varnerrd_to_I10interchange,SB,0.05,0.23,32.4
10/10/2024 16:00,varnerrd_to_I10interchange,SB,0.02,0.2,39.7
10/10/2024 17:00,varnerrd_to_I10interchange,SB,0.02,0.2,37.1
10/10/2024 18:00,varnerrd_to_I10interchange,SB,0.01,0.18,41.7
10/10/2024 19:00,varnerrd_to_I10interchange,SB,0.01,0.19,39
10/10/2024 20:00,varnerrd_to_I10interchange,SB,0.04,0.22,35.1
10/10/2024 21:00,varnerrd_to_I10interchange,SB,0.04,0.22,34.2
10/10/2024 22:00,varnerrd_to_I10interchange,SB,0,0.17,44.3
10/10/2024 23:00,varnerrd_to_I10interchange,SB,0,0.17,43.3
10/11/2024 0:00,varnerrd_to_I10interchange,SB,0,0.16,46.6
10/11/2024 1:00,varnerrd_to_I10interchange,SB,0,0.17,44.1
10/11/2024 2:00,varnerrd_to_I10interchange,SB,0,0.17,44
10/11/2024 3:00,varnerrd_to_I10interchange,SB,0,0.17,44
10/11/2024 4:00,varnerrd_to_I10interchange,SB,0.02,0.2,38
10/11/2024 5:00,varnerrd_to_I10interchange,SB,0.02,0.18,41.4
10/11/2024 6:00,varnerrd_to_I10interchange,SB,0,0.17,44.6
10/11/2024 7:00,varnerrd_to_I10interchange,SB,0.01,0.18,42.4
10/11/2024 8:00,varnerrd_to_I10interchange,SB,0.01,0.18,40.9
10/11/2024 9:00,varnerrd_to_I10interchange,SB,0.03,0.21,35.7
10/11/2024 10:00,varnerrd_to_I10interchange,SB,0.04,0.22,34.1
10/11/2024 11:00,varnerrd_to_I10interchange,SB,0.02,0.2,38
10/11/2024 12:00,varnerrd_to_I10interchange,SB,0.02,0.21,36.4
10/11/2024 13:00,varnerrd_to_I10interchange,SB,0.02,0.2,37.2
10/11/2024 14:00,varnerrd_to_I10interchange,SB,0.03,0.21,35
10/11/2024 15:00,varnerrd_to_I10interchange,SB,0.02,0.2,37.6
10/11/2024 16:00,varnerrd_to_I10interchange,SB,0.01,0.19,38.5
10/11/2024 17:00,varnerrd_to_I10interchange,SB,0.01,0.19,40
10/11/2024 18:00,varnerrd_to_I10interchange,SB,0.01,0.18,40.5
10/11/2024 19:00,varnerrd_to_I10interchange,SB,0.02,0.2,37.8
10/11/2024 20:00,varnerrd_to_I10interchange,SB,0,0.18,41.2
10/11/2024 21:00,varnerrd_to_I10interchange,SB,0,0.18,42.6
10/11/2024 22:00,varnerrd_to_I10interchange,SB,0.01,0.17,43.7
10/11/2024 23:00,varnerrd_to_I10interchange,SB,0,0.16,46.4
10/12/2024 0:00,varnerrd_to_I10interchange,SB,0,0.16,47
10/12/2024 1:00,varnerrd_to_I10interchange,SB,0,0.16,47.6
10/12/2024 2:00,varnerrd_to_I10interchange,SB,0,0.17,44
10/12/2024 3:00,varnerrd_to_I10interchange,SB,0,0.17,43.1
10/12/2024 4:00,varnerrd_to_I10interchange,SB,0.03,0.21,36.7
10/12/2024 5:00,varnerrd_to_I10interchange,SB,0,0.16,45.8
10/12/2024 6:00,varnerrd_to_I10interchange,SB,0.01,0.18,40.9
10/12/2024 7:00,varnerrd_to_I10interchange,SB,0.01,0.19,39.7
10/12/2024 8:00,varnerrd_to_I10interchange,SB,0.01,0.19,38.9
10/12/2024 9:00,varnerrd_to_I10interchange,SB,0,0.16,45.8
10/12/2024 10:00,varnerrd_to_I10interchange,SB,0.02,0.21,36.3
10/12/2024 11:00,varnerrd_to_I10interchange,SB,0.02,0.2,37.4
10/12/2024 12:00,varnerrd_to_I10interchange,SB,0.02,0.2,37.9
10/12/2024 13:00,varnerrd_to_I10interchange,SB,0.01,0.18,41.1
10/12/2024 14:00,varnerrd_to_I10interchange,SB,0.03,0.21,36.2
10/12/2024 15:00,varnerrd_to_I10interchange,SB,0.02,0.2,37.9
10/12/2024 16:00,varnerrd_to_I10interchange,SB,0,0.17,42.9
10/12/2024 17:00,varnerrd_to_I10interchange,SB,0.03,0.21,36.5
10/12/2024 18:00,varnerrd_to_I10interchange,SB,0.02,0.2,37.9
10/12/2024 19:00,varnerrd_to_I10interchange,SB,0.03,0.21,37.8
10/12/2024 20:00,varnerrd_to_I10interchange,SB,0.02,0.2,36.7
10/12/2024 21:00,varnerrd_to_I10interchange,SB,0,0.18,42
10/12/2024 22:00,varnerrd_to_I10interchange,SB,0,0.16,47.2
10/12/2024 23:00,varnerrd_to_I10interchange,SB,0,0.17,43.8
10/13/2024 0:00,varnerrd_to_I10interchange,SB,0,0.16,45.3
10/13/2024 1:00,varnerrd_to_I10interchange,SB,0,0.17,43.5
10/13/2024 2:00,varnerrd_to_I10interchange,SB,0,0.17,44
10/13/2024 3:00,varnerrd_to_I10interchange,SB,0,0.17,44
10/13/2024 4:00,varnerrd_to_I10interchange,SB,0,0.17,44
10/13/2024 5:00,varnerrd_to_I10interchange,SB,0,0.15,49.2
10/13/2024 6:00,varnerrd_to_I10interchange,SB,0.03,0.2,37.9
10/13/2024 7:00,varnerrd_to_I10interchange,SB,0,0.15,49.4
10/13/2024 8:00,varnerrd_to_I10interchange,SB,0.01,0.18,41.7
10/13/2024 9:00,varnerrd_to_I10interchange,SB,0,0.18,41.3
10/13/2024 10:00,varnerrd_to_I10interchange,SB,0.01,0.18,41
10/13/2024 11:00,varnerrd_to_I10interchange,SB,0.02,0.21,36.4
10/13/2024 12:00,varnerrd_to_I10interchange,SB,0.01,0.2,38.6
10/13/2024 13:00,varnerrd_to_I10interchange,SB,0,0.16,46.2
10/13/2024 14:00,varnerrd_to_I10interchange,SB,0.01,0.19,40
10/13/2024 15:00,varnerrd_to_I10interchange,SB,0.02,0.2,38.3
10/13/2024 16:00,varnerrd_to_I10interchange,SB,0.02,0.19,38.8
10/13/2024 17:00,varnerrd_to_I10interchange,SB,0.03,0.21,35.6
10/13/2024 18:00,varnerrd_to_I10interchange,SB,0.01,0.19,40.5
10/13/2024 19:00,varnerrd_to_I10interchange,SB,0.01,0.19,39.4
10/13/2024 20:00,varnerrd_to_I10interchange,SB,0,0.17,42.8
10/13/2024 21:00,varnerrd_to_I10interchange,SB,0.01,0.18,41.4
10/13/2024 22:00,varnerrd_to_I10interchange,SB,0,0.16,45.9
10/13/2024 23:00,varnerrd_to_I10interchange,SB,0,0.17,45.3
10/14/2024 0:00,varnerrd_to_I10interchange,SB,0.02,0.2,38.2
10/14/2024 1:00,varnerrd_to_I10interchange,SB,0,0.17,44
10/14/2024 2:00,varnerrd_to_I10interchange,SB,0,0.17,44
10/14/2024 3:00,varnerrd_to_I10interchange,SB,0,0.17,44
10/14/2024 4:00,varnerrd_to_I10interchange,SB,0,0.17,43.5
10/14/2024 5:00,varnerrd_to_I10interchange,SB,0.01,0.19,39
10/14/2024 6:00,varnerrd_to_I10interchange,SB,0,0.17,44
10/14/2024 7:00,varnerrd_to_I10interchange,SB,0.02,0.2,38.8
10/14/2024 8:00,varnerrd_to_I10interchange,SB,0.01,0.19,39.6
10/14/2024 9:00,varnerrd_to_I10interchange,SB,0.01,0.19,39
10/14/2024 10:00,varnerrd_to_I10interchange,SB,0.03,0.21,36.2
10/14/2024 11:00,varnerrd_to_I10interchange,SB,0.04,0.22,34.4
10/14/2024 12:00,varnerrd_to_I10interchange,SB,0.03,0.21,35.5
10/14/2024 13:00,varnerrd_to_I10interchange,SB,0.03,0.21,36.7
10/14/2024 14:00,varnerrd_to_I10interchange,SB,0.01,0.19,40
10/14/2024 15:00,varnerrd_to_I10interchange,SB,0.02,0.2,36.9
10/14/2024 16:00,varnerrd_to_I10interchange,SB,0,0.18,41.7
10/14/2024 17:00,varnerrd_to_I10interchange,SB,0.02,0.2,37.4
10/14/2024 18:00,varnerrd_to_I10interchange,SB,0.01,0.18,41.1
10/14/2024 19:00,varnerrd_to_I10interchange,SB,0,0.18,40.7
10/14/2024 20:00,varnerrd_to_I10interchange,SB,0,0.17,44.6
10/14/2024 21:00,varnerrd_to_I10interchange,SB,0,0.17,44
10/14/2024 22:00,varnerrd_to_I10interchange,SB,0.02,0.2,38.2
10/14/2024 23:00,varnerrd_to_I10interchange,SB,0,0.16,46.2
10/15/2024 0:00,varnerrd_to_I10interchange,SB,0,0.17,44
10/15/2024 1:00,varnerrd_to_I10interchange,SB,0,0.16,45.4
10/15/2024 2:00,varnerrd_to_I10interchange,SB,0,0.17,44.5
10/15/2024 3:00,varnerrd_to_I10interchange,SB,0,0.15,48.5
10/15/2024 4:00,varnerrd_to_I10interchange,SB,0,0.16,46.5
10/15/2024 5:00,varnerrd_to_I10interchange,SB,0,0.16,45.6
10/15/2024 6:00,varnerrd_to_I10interchange,SB,0,0.16,47
10/15/2024 7:00,varnerrd_to_I10interchange,SB,0,0.16,46.3
10/15/2024 8:00,varnerrd_to_I10interchange,SB,0,0.18,41.5
10/15/2024 9:00,varnerrd_to_I10interchange,SB,0.04,0.22,34.6
10/15/2024 10:00,varnerrd_to_I10interchange,SB,0.02,0.2,37.8
10/15/2024 11:00,varnerrd_to_I10interchange,SB,0.03,0.21,35.2
10/15/2024 12:00,varnerrd_to_I10interchange,SB,0.02,0.21,36.3
10/15/2024 13:00,varnerrd_to_I10interchange,SB,0.02,0.21,36.3
10/15/2024 14:00,varnerrd_to_I10interchange,SB,0.04,0.22,34.1
10/15/2024 15:00,varnerrd_to_I10interchange,SB,0.02,0.21,36.1
10/15/2024 16:00,varnerrd_to_I10interchange,SB,0.02,0.2,36.7
10/15/2024 17:00,varnerrd_to_I10interchange,SB,0.03,0.21,35.9
10/15/2024 18:00,varnerrd_to_I10interchange,SB,0.01,0.19,41
10/15/2024 19:00,varnerrd_to_I10interchange,SB,0.02,0.19,39.2
10/15/2024 20:00,varnerrd_to_I10interchange,SB,0.02,0.2,36.9
10/15/2024 21:00,varnerrd_to_I10interchange,SB,0.01,0.18,40.5
10/15/2024 22:00,varnerrd_to_I10interchange,SB,0.02,0.2,37.3
10/15/2024 23:00,varnerrd_to_I10interchange,SB,0.01,0.18,41.2
10/16/2024 0:00,varnerrd_to_I10interchange,SB,0,0.17,44
10/16/2024 1:00,varnerrd_to_I10interchange,SB,0,0.16,48.4
10/16/2024 2:00,varnerrd_to_I10interchange,SB,0,0.17,44
10/16/2024 3:00,varnerrd_to_I10interchange,SB,0,0.17,44
10/16/2024 4:00,varnerrd_to_I10interchange,SB,0.06,0.24,32.7
10/16/2024 5:00,varnerrd_to_I10interchange,SB,0,0.17,43.9
10/16/2024 6:00,varnerrd_to_I10interchange,SB,0,0.17,44.5
10/16/2024 7:00,varnerrd_to_I10interchange,SB,0,0.17,43.3
10/16/2024 8:00,varnerrd_to_I10interchange,SB,0.01,0.18,41
10/16/2024 9:00,varnerrd_to_I10interchange,SB,0.01,0.19,39.6
10/16/2024 10:00,varnerrd_to_I10interchange,SB,0.01,0.2,38
10/16/2024 11:00,varnerrd_to_I10interchange,SB,0.03,0.21,35.9
10/16/2024 12:00,varnerrd_to_I10interchange,SB,0.03,0.22,34
10/16/2024 13:00,varnerrd_to_I10interchange,SB,0.03,0.21,35.2
10/16/2024 14:00,varnerrd_to_I10interchange,SB,0.01,0.19,39.6
10/16/2024 15:00,varnerrd_to_I10interchange,SB,0.01,0.19,38.7
10/16/2024 16:00,varnerrd_to_I10interchange,SB,0.02,0.2,36.9
10/16/2024 17:00,varnerrd_to_I10interchange,SB,0.01,0.19,38.4
10/16/2024 18:00,varnerrd_to_I10interchange,SB,0.01,0.19,40.2
10/16/2024 19:00,varnerrd_to_I10interchange,SB,0.02,0.2,38.1
10/16/2024 20:00,varnerrd_to_I10interchange,SB,0.02,0.2,38.4
10/16/2024 21:00,varnerrd_to_I10interchange,SB,0.01,0.18,43.1
10/16/2024 22:00,varnerrd_to_I10interchange,SB,0,0.18,42.5
10/16/2024 23:00,varnerrd_to_I10interchange,SB,0,0.17,44
10/17/2024 0:00,varnerrd_to_I10interchange,SB,0,0.17,44
10/17/2024 1:00,varnerrd_to_I10interchange,SB,0,0.17,44.1
10/17/2024 2:00,varnerrd_to_I10interchange,SB,0,0.17,44
10/17/2024 3:00,varnerrd_to_I10interchange,SB,0,0.17,44
10/17/2024 4:00,varnerrd_to_I10interchange,SB,0,0.17,44.3
10/17/2024 5:00,varnerrd_to_I10interchange,SB,0,0.17,44.9
10/17/2024 6:00,varnerrd_to_I10interchange,SB,0.01,0.18,41.8
10/17/2024 7:00,varnerrd_to_I10interchange,SB,0,0.17,43.3
10/17/2024 8:00,varnerrd_to_I10interchange,SB,0,0.17,43.3
10/17/2024 9:00,varnerrd_to_I10interchange,SB,0.01,0.19,39.9
10/17/2024 10:00,varnerrd_to_I10interchange,SB,0.01,0.19,38.6
10/17/2024 11:00,varnerrd_to_I10interchange,SB,0.02,0.19,39.4
10/17/2024 12:00,varnerrd_to_I10interchange,SB,0.02,0.2,37.3
10/17/2024 13:00,varnerrd_to_I10interchange,SB,0.03,0.22,34.8
10/17/2024 14:00,varnerrd_to_I10interchange,SB,0.01,0.2,38.1
10/17/2024 15:00,varnerrd_to_I10interchange,SB,0.01,0.18,42.3
10/17/2024 16:00,varnerrd_to_I10interchange,SB,0.01,0.18,41.1
10/17/2024 17:00,varnerrd_to_I10interchange,SB,0.02,0.19,39.1
10/17/2024 18:00,varnerrd_to_I10interchange,SB,0,0.17,43.3
10/17/2024 19:00,varnerrd_to_I10interchange,SB,0.01,0.19,40
10/17/2024 20:00,varnerrd_to_I10interchange,SB,0,0.17,44.4
10/17/2024 21:00,varnerrd_to_I10interchange,SB,0,0.17,44.4
10/17/2024 22:00,varnerrd_to_I10interchange,SB,0,0.16,48.4
10/17/2024 23:00,varnerrd_to_I10interchange,SB,0,0.15,48.8
10/18/2024 0:00,varnerrd_to_I10interchange,SB,0,0.17,44.2
10/18/2024 1:00,varnerrd_to_I10interchange,SB,0,0.17,44.3
10/18/2024 2:00,varnerrd_to_I10interchange,SB,0,0.17,44
10/18/2024 3:00,varnerrd_to_I10interchange,SB,0,0.17,44
10/18/2024 4:00,varnerrd_to_I10interchange,SB,0,0.18,42.5
10/18/2024 5:00,varnerrd_to_I10interchange,SB,0,0.17,43.8
10/18/2024 6:00,varnerrd_to_I10interchange,SB,0,0.16,45.4
10/18/2024 7:00,varnerrd_to_I10interchange,SB,0,0.17,43.9
10/18/2024 8:00,varnerrd_to_I10interchange,SB,0.01,0.19,40.4
10/18/2024 9:00,varnerrd_to_I10interchange,SB,0.01,0.18,41.7
10/18/2024 10:00,varnerrd_to_I10interchange,SB,0.03,0.22,34.5
10/18/2024 11:00,varnerrd_to_I10interchange,SB,0.04,0.22,33.9
10/18/2024 12:00,varnerrd_to_I10interchange,SB,0.03,0.21,35.6
10/18/2024 13:00,varnerrd_to_I10interchange,SB,0.01,0.19,38.8
10/18/2024 14:00,varnerrd_to_I10interchange,SB,0.02,0.2,37.3
10/18/2024 15:00,varnerrd_to_I10interchange,SB,0.04,0.22,34.4
10/18/2024 16:00,varnerrd_to_I10interchange,SB,0.01,0.19,39.2
10/18/2024 17:00,varnerrd_to_I10interchange,SB,0.02,0.19,39.1
10/18/2024 18:00,varnerrd_to_I10interchange,SB,0.02,0.2,37.8
10/18/2024 19:00,varnerrd_to_I10interchange,SB,0.01,0.19,40.5
10/18/2024 20:00,varnerrd_to_I10interchange,SB,0.01,0.19,39.3
10/18/2024 21:00,varnerrd_to_I10interchange,SB,0,0.17,43.1
10/18/2024 22:00,varnerrd_to_I10interchange,SB,0,0.18,41.7
10/18/2024 23:00,varnerrd_to_I10interchange,SB,0.02,0.2,37.3
10/19/2024 0:00,varnerrd_to_I10interchange,SB,0,0.15,48.3
10/19/2024 1:00,varnerrd_to_I10interchange,SB,0,0.17,44
10/19/2024 2:00,varnerrd_to_I10interchange,SB,0,0.17,44
10/19/2024 3:00,varnerrd_to_I10interchange,SB,0,0.16,47.3
10/19/2024 4:00,varnerrd_to_I10interchange,SB,0,0.16,45.7
10/19/2024 5:00,varnerrd_to_I10interchange,SB,0,0.17,44
10/19/2024 6:00,varnerrd_to_I10interchange,SB,0,0.17,45.1
10/19/2024 7:00,varnerrd_to_I10interchange,SB,0.01,0.19,39.4
10/19/2024 8:00,varnerrd_to_I10interchange,SB,0.01,0.18,42.7
10/19/2024 9:00,varnerrd_to_I10interchange,SB,0,0.17,43.9
10/19/2024 10:00,varnerrd_to_I10interchange,SB,0.01,0.17,44.7
10/19/2024 11:00,varnerrd_to_I10interchange,SB,0.02,0.21,36.3
10/19/2024 12:00,varnerrd_to_I10interchange,SB,0.01,0.18,41.2
10/19/2024 13:00,varnerrd_to_I10interchange,SB,0.01,0.19,40.5
10/19/2024 14:00,varnerrd_to_I10interchange,SB,0,0.18,41.3
10/19/2024 15:00,varnerrd_to_I10interchange,SB,0.01,0.19,38.8
10/19/2024 16:00,varnerrd_to_I10interchange,SB,0.02,0.19,38.6
10/19/2024 17:00,varnerrd_to_I10interchange,SB,0.01,0.19,39.5
10/19/2024 18:00,varnerrd_to_I10interchange,SB,0.02,0.2,38
10/19/2024 19:00,varnerrd_to_I10interchange,SB,0.02,0.2,37.7
10/19/2024 20:00,varnerrd_to_I10interchange,SB,0.01,0.19,38.9
10/19/2024 21:00,varnerrd_to_I10interchange,SB,0,0.17,42.7
10/19/2024 22:00,varnerrd_to_I10interchange,SB,0,0.17,44.2
10/19/2024 23:00,varnerrd_to_I10interchange,SB,0.01,0.18,41.4
10/20/2024 0:00,varnerrd_to_I10interchange,SB,0.01,0.19,40.2
10/20/2024 1:00,varnerrd_to_I10interchange,SB,0.01,0.18,42.5
10/20/2024 2:00,varnerrd_to_I10interchange,SB,0,0.15,49.4
10/20/2024 3:00,varnerrd_to_I10interchange,SB,0,0.18,42.1
10/20/2024 4:00,varnerrd_to_I10interchange,SB,0,0.17,44
10/20/2024 5:00,varnerrd_to_I10interchange,SB,0,0.16,45.5
10/20/2024 6:00,varnerrd_to_I10interchange,SB,0.01,0.19,40
10/20/2024 7:00,varnerrd_to_I10interchange,SB,0,0.18,42.2
10/20/2024 8:00,varnerrd_to_I10interchange,SB,0.01,0.19,41.6
10/20/2024 9:00,varnerrd_to_I10interchange,SB,0,0.18,41.9
10/20/2024 10:00,varnerrd_to_I10interchange,SB,0.01,0.18,41.6
10/20/2024 11:00,varnerrd_to_I10interchange,SB,0.01,0.18,41.1
10/20/2024 12:00,varnerrd_to_I10interchange,SB,0.01,0.18,41.6
10/20/2024 13:00,varnerrd_to_I10interchange,SB,0.01,0.18,40.6
10/20/2024 14:00,varnerrd_to_I10interchange,SB,0.01,0.19,40.5
10/20/2024 15:00,varnerrd_to_I10interchange,SB,0.01,0.19,40.4
10/20/2024 16:00,varnerrd_to_I10interchange,SB,0.01,0.19,39.2
10/20/2024 17:00,varnerrd_to_I10interchange,SB,0.02,0.2,37.2
10/20/2024 18:00,varnerrd_to_I10interchange,SB,0.01,0.19,40.3
10/20/2024 19:00,varnerrd_to_I10interchange,SB,0.01,0.19,38.7
10/20/2024 20:00,varnerrd_to_I10interchange,SB,0.02,0.2,37.8
10/20/2024 21:00,varnerrd_to_I10interchange,SB,0.02,0.19,39.5
10/20/2024 22:00,varnerrd_to_I10interchange,SB,0,0.18,40.7
10/20/2024 23:00,varnerrd_to_I10interchange,SB,0,0.16,46.9
10/21/2024 0:00,varnerrd_to_I10interchange,SB,0,0.17,44.8
10/21/2024 1:00,varnerrd_to_I10interchange,SB,0,0.16,47.8
10/21/2024 2:00,varnerrd_to_I10interchange,SB,0,0.17,44
10/21/2024 3:00,varnerrd_to_I10interchange,SB,0,0.16,46.7
10/21/2024 4:00,varnerrd_to_I10interchange,SB,0,0.17,44
10/21/2024 5:00,varnerrd_to_I10interchange,SB,0,0.16,47.5
10/21/2024 6:00,varnerrd_to_I10interchange,SB,0,0.16,47.5
10/21/2024 7:00,varnerrd_to_I10interchange,SB,0,0.16,46
10/21/2024 8:00,varnerrd_to_I10interchange,SB,0,0.18,42.4
10/21/2024 9:00,varnerrd_to_I10interchange,SB,0,0.17,43
10/21/2024 10:00,varnerrd_to_I10interchange,SB,0.02,0.2,37.6
10/21/2024 11:00,varnerrd_to_I10interchange,SB,0.04,0.22,34.1
10/21/2024 12:00,varnerrd_to_I10interchange,SB,0.02,0.21,36.1
10/21/2024 13:00,varnerrd_to_I10interchange,SB,0.01,0.19,38.4
10/21/2024 14:00,varnerrd_to_I10interchange,SB,0.02,0.2,38
10/21/2024 15:00,varnerrd_to_I10interchange,SB,0.02,0.21,36.4
10/21/2024 16:00,varnerrd_to_I10interchange,SB,0.03,0.21,35.9
10/21/2024 17:00,varnerrd_to_I10interchange,SB,0.03,0.21,36.2
10/21/2024 18:00,varnerrd_to_I10interchange,SB,0.02,0.21,36.4
10/21/2024 19:00,varnerrd_to_I10interchange,SB,0.02,0.21,36.5
10/21/2024 20:00,varnerrd_to_I10interchange,SB,0,0.18,41.6
10/21/2024 21:00,varnerrd_to_I10interchange,SB,0,0.17,44
10/21/2024 22:00,varnerrd_to_I10interchange,SB,0.01,0.17,46.2
10/21/2024 23:00,varnerrd_to_I10interchange,SB,0,0.17,44.5
10/22/2024 0:00,varnerrd_to_I10interchange,SB,0,0.17,44
10/22/2024 1:00,varnerrd_to_I10interchange,SB,0,0.17,44
10/22/2024 2:00,varnerrd_to_I10interchange,SB,0,0.17,44
10/22/2024 3:00,varnerrd_to_I10interchange,SB,0,0.17,44
10/22/2024 4:00,varnerrd_to_I10interchange,SB,0,0.17,44.9
10/22/2024 5:00,varnerrd_to_I10interchange,SB,0,0.17,44.2
10/22/2024 6:00,varnerrd_to_I10interchange,SB,0,0.15,50
10/22/2024 7:00,varnerrd_to_I10interchange,SB,0,0.17,43.1
10/22/2024 8:00,varnerrd_to_I10interchange,SB,0,0.17,44.5
10/22/2024 9:00,varnerrd_to_I10interchange,SB,0.01,0.19,40.8
10/22/2024 10:00,varnerrd_to_I10interchange,SB,0.01,0.19,39
10/22/2024 11:00,varnerrd_to_I10interchange,SB,0.02,0.2,36.7
10/22/2024 12:00,varnerrd_to_I10interchange,SB,0.01,0.19,38.8
10/22/2024 13:00,varnerrd_to_I10interchange,SB,0.03,0.21,35.5
10/22/2024 14:00,varnerrd_to_I10interchange,SB,0.02,0.2,36.9
10/22/2024 15:00,varnerrd_to_I10interchange,SB,0.01,0.19,38.8
10/22/2024 16:00,varnerrd_to_I10interchange,SB,0.02,0.2,37.4
10/22/2024 17:00,varnerrd_to_I10interchange,SB,0.02,0.21,36.5
10/22/2024 18:00,varnerrd_to_I10interchange,SB,0.01,0.18,41.4
10/22/2024 19:00,varnerrd_to_I10interchange,SB,0.01,0.18,40.7
10/22/2024 20:00,varnerrd_to_I10interchange,SB,0.01,0.19,40.7
10/22/2024 21:00,varnerrd_to_I10interchange,SB,0.02,0.2,38.8
10/22/2024 22:00,varnerrd_to_I10interchange,SB,0,0.16,46.3
10/22/2024 23:00,varnerrd_to_I10interchange,SB,0.01,0.18,42.4
10/23/2024 0:00,varnerrd_to_I10interchange,SB,0.01,0.19,40.2
10/23/2024 1:00,varnerrd_to_I10interchange,SB,0,0.17,44.1
10/23/2024 2:00,varnerrd_to_I10interchange,SB,0,0.17,44
10/23/2024 3:00,varnerrd_to_I10interchange,SB,0,0.17,44
10/23/2024 4:00,varnerrd_to_I10interchange,SB,0,0.17,44
10/23/2024 5:00,varnerrd_to_I10interchange,SB,0,0.17,44.1
10/23/2024 6:00,varnerrd_to_I10interchange,SB,0,0.18,42.2
10/23/2024 7:00,varnerrd_to_I10interchange,SB,0,0.18,42.5
10/23/2024 8:00,varnerrd_to_I10interchange,SB,0.01,0.19,40.5
10/23/2024 9:00,varnerrd_to_I10interchange,SB,0.02,0.2,38.7
10/23/2024 10:00,varnerrd_to_I10interchange,SB,0.02,0.2,38
10/23/2024 11:00,varnerrd_to_I10interchange,SB,0.03,0.22,34
10/23/2024 12:00,varnerrd_to_I10interchange,SB,0.04,0.22,34.1
10/23/2024 13:00,varnerrd_to_I10interchange,SB,0.03,0.21,35.2
10/23/2024 14:00,varnerrd_to_I10interchange,SB,0.02,0.21,36.3
10/23/2024 15:00,varnerrd_to_I10interchange,SB,0.04,0.22,34.4
10/23/2024 16:00,varnerrd_to_I10interchange,SB,0.01,0.19,39.4
10/23/2024 17:00,varnerrd_to_I10interchange,SB,0.02,0.2,38.1
10/23/2024 18:00,varnerrd_to_I10interchange,SB,0.03,0.21,36.2
10/23/2024 19:00,varnerrd_to_I10interchange,SB,0.04,0.22,35
10/23/2024 20:00,varnerrd_to_I10interchange,SB,0.02,0.21,37
10/23/2024 21:00,varnerrd_to_I10interchange,SB,0.03,0.22,34.6
10/23/2024 22:00,varnerrd_to_I10interchange,SB,0.02,0.2,38.7
10/23/2024 23:00,varnerrd_to_I10interchange,SB,0,0.17,44
10/24/2024 0:00,varnerrd_to_I10interchange,SB,0,0.17,42.8
10/24/2024 1:00,varnerrd_to_I10interchange,SB,0,0.17,44
10/24/2024 2:00,varnerrd_to_I10interchange,SB,0,0.17,44
10/24/2024 3:00,varnerrd_to_I10interchange,SB,0.02,0.19,40.1
10/24/2024 4:00,varnerrd_to_I10interchange,SB,0.04,0.23,33.4
10/24/2024 5:00,varnerrd_to_I10interchange,SB,0,0.17,43.3
10/24/2024 6:00,varnerrd_to_I10interchange,SB,0,0.15,51.2
10/24/2024 7:00,varnerrd_to_I10interchange,SB,0.01,0.18,40.8
10/24/2024 8:00,varnerrd_to_I10interchange,SB,0,0.17,43.2
10/24/2024 9:00,varnerrd_to_I10interchange,SB,0.02,0.2,37.2
10/24/2024 10:00,varnerrd_to_I10interchange,SB,0.02,0.2,37
10/24/2024 11:00,varnerrd_to_I10interchange,SB,0.02,0.2,37.9
10/24/2024 12:00,varnerrd_to_I10interchange,SB,0.02,0.21,36.1
10/24/2024 13:00,varnerrd_to_I10interchange,SB,0.04,0.22,33.9
10/24/2024 14:00,varnerrd_to_I10interchange,SB,0.02,0.2,37.8
10/24/2024 15:00,varnerrd_to_I10interchange,SB,0.02,0.2,37.5
10/24/2024 16:00,varnerrd_to_I10interchange,SB,0.02,0.2,37
10/24/2024 17:00,varnerrd_to_I10interchange,SB,0.02,0.2,37.7
10/24/2024 18:00,varnerrd_to_I10interchange,SB,0.04,0.22,33.9
10/24/2024 19:00,varnerrd_to_I10interchange,SB,0.01,0.18,43.3
10/24/2024 20:00,varnerrd_to_I10interchange,SB,0.02,0.2,38.4
10/24/2024 21:00,varnerrd_to_I10interchange,SB,0.01,0.18,41.5
10/24/2024 22:00,varnerrd_to_I10interchange,SB,0.01,0.18,40.9
10/24/2024 23:00,varnerrd_to_I10interchange,SB,0.01,0.19,39.8
10/25/2024 0:00,varnerrd_to_I10interchange,SB,0,0.17,44
10/25/2024 1:00,varnerrd_to_I10interchange,SB,0,0.17,44.1
10/25/2024 2:00,varnerrd_to_I10interchange,SB,0,0.17,44
10/25/2024 3:00,varnerrd_to_I10interchange,SB,0,0.17,44
10/25/2024 4:00,varnerrd_to_I10interchange,SB,0,0.17,44
10/25/2024 5:00,varnerrd_to_I10interchange,SB,0,0.16,46.8
10/25/2024 6:00,varnerrd_to_I10interchange,SB,0.01,0.17,45.4
10/25/2024 7:00,varnerrd_to_I10interchange,SB,0,0.17,43.3
10/25/2024 8:00,varnerrd_to_I10interchange,SB,0.02,0.19,38.5
10/25/2024 9:00,varnerrd_to_I10interchange,SB,0.02,0.2,38.6
10/25/2024 10:00,varnerrd_to_I10interchange,SB,0.04,0.22,34.3
10/25/2024 11:00,varnerrd_to_I10interchange,SB,0.03,0.21,34.9
10/25/2024 12:00,varnerrd_to_I10interchange,SB,0.05,0.23,32.4
10/25/2024 13:00,varnerrd_to_I10interchange,SB,0.02,0.21,36.3
10/25/2024 14:00,varnerrd_to_I10interchange,SB,0.03,0.21,35.2
10/25/2024 15:00,varnerrd_to_I10interchange,SB,0.04,0.23,33.3
10/25/2024 16:00,varnerrd_to_I10interchange,SB,0.03,0.22,35.1
10/25/2024 17:00,varnerrd_to_I10interchange,SB,0.03,0.21,35.1
10/25/2024 18:00,varnerrd_to_I10interchange,SB,0.02,0.2,37.7
10/25/2024 19:00,varnerrd_to_I10interchange,SB,0.03,0.21,35.8
10/25/2024 20:00,varnerrd_to_I10interchange,SB,0.01,0.18,41
10/25/2024 21:00,varnerrd_to_I10interchange,SB,0.01,0.19,39.7
10/25/2024 22:00,varnerrd_to_I10interchange,SB,0.01,0.17,43.1
10/25/2024 23:00,varnerrd_to_I10interchange,SB,0,0.17,44
10/26/2024 0:00,varnerrd_to_I10interchange,SB,0,0.17,44
10/26/2024 1:00,varnerrd_to_I10interchange,SB,0,0.16,47.5
10/26/2024 2:00,varnerrd_to_I10interchange,SB,0,0.16,48.1
10/26/2024 3:00,varnerrd_to_I10interchange,SB,0,0.17,44
10/26/2024 4:00,varnerrd_to_I10interchange,SB,0,0.17,44
10/26/2024 5:00,varnerrd_to_I10interchange,SB,0,0.17,44
10/26/2024 6:00,varnerrd_to_I10interchange,SB,0,0.18,42.8
10/26/2024 7:00,varnerrd_to_I10interchange,SB,0.01,0.18,41.9
10/26/2024 8:00,varnerrd_to_I10interchange,SB,0.04,0.22,35.2
10/26/2024 9:00,varnerrd_to_I10interchange,SB,0.03,0.21,35.8
10/26/2024 10:00,varnerrd_to_I10interchange,SB,0.01,0.2,37.8
10/26/2024 11:00,varnerrd_to_I10interchange,SB,0.01,0.19,38.9
10/26/2024 12:00,varnerrd_to_I10interchange,SB,0.03,0.21,35.3
10/26/2024 13:00,varnerrd_to_I10interchange,SB,0.01,0.18,41.6
10/26/2024 14:00,varnerrd_to_I10interchange,SB,0.01,0.19,40.8
10/26/2024 15:00,varnerrd_to_I10interchange,SB,0.01,0.19,40
10/26/2024 16:00,varnerrd_to_I10interchange,SB,0,0.17,43.6
10/26/2024 17:00,varnerrd_to_I10interchange,SB,0.02,0.19,39.8
10/26/2024 18:00,varnerrd_to_I10interchange,SB,0.01,0.19,40.1
10/26/2024 19:00,varnerrd_to_I10interchange,SB,0,0.17,43.5
10/26/2024 20:00,varnerrd_to_I10interchange,SB,0.01,0.18,42.1
10/26/2024 21:00,varnerrd_to_I10interchange,SB,0,0.15,50.6
10/26/2024 22:00,varnerrd_to_I10interchange,SB,0,0.17,44
10/26/2024 23:00,varnerrd_to_I10interchange,SB,0,0.17,44.2
10/27/2024 0:00,varnerrd_to_I10interchange,SB,0,0.17,43.7
10/27/2024 1:00,varnerrd_to_I10interchange,SB,0,0.17,44.5
10/27/2024 2:00,varnerrd_to_I10interchange,SB,0,0.17,43.8
10/27/2024 3:00,varnerrd_to_I10interchange,SB,0.02,0.19,41.4
10/27/2024 4:00,varnerrd_to_I10interchange,SB,0.02,0.19,39.7
10/27/2024 5:00,varnerrd_to_I10interchange,SB,0,0.16,45.5
10/27/2024 6:00,varnerrd_to_I10interchange,SB,0.02,0.2,38.9
10/27/2024 7:00,varnerrd_to_I10interchange,SB,0,0.17,43.6
10/27/2024 8:00,varnerrd_to_I10interchange,SB,0.01,0.18,42.9
10/27/2024 9:00,varnerrd_to_I10interchange,SB,0.02,0.19,39.2
10/27/2024 10:00,varnerrd_to_I10interchange,SB,0.01,0.19,39.7
10/27/2024 11:00,varnerrd_to_I10interchange,SB,0.02,0.2,37.2
10/27/2024 12:00,varnerrd_to_I10interchange,SB,0.03,0.21,35.7
10/27/2024 13:00,varnerrd_to_I10interchange,SB,0.03,0.2,38.5
10/27/2024 14:00,varnerrd_to_I10interchange,SB,0,0.18,42.6
10/27/2024 15:00,varnerrd_to_I10interchange,SB,0,0.17,43.7
10/27/2024 16:00,varnerrd_to_I10interchange,SB,0.01,0.19,40.2
10/27/2024 17:00,varnerrd_to_I10interchange,SB,0.03,0.21,35.8
10/27/2024 18:00,varnerrd_to_I10interchange,SB,0.05,0.23,32.2
10/27/2024 19:00,varnerrd_to_I10interchange,SB,0.03,0.21,35.3
10/27/2024 20:00,varnerrd_to_I10interchange,SB,0.01,0.19,40.1
10/27/2024 21:00,varnerrd_to_I10interchange,SB,0.01,0.17,45.3
10/27/2024 22:00,varnerrd_to_I10interchange,SB,0,0.16,46.9
10/27/2024 23:00,varnerrd_to_I10interchange,SB,0,0.16,46.9
10/28/2024 0:00,varnerrd_to_I10interchange,SB,0,0.17,43.7
10/28/2024 1:00,varnerrd_to_I10interchange,SB,0,0.17,45.1
10/28/2024 2:00,varnerrd_to_I10interchange,SB,0,0.17,44.7
10/28/2024 3:00,varnerrd_to_I10interchange,SB,0.01,0.17,45.3
10/28/2024 4:00,varnerrd_to_I10interchange,SB,0.01,0.19,40.6
10/28/2024 5:00,varnerrd_to_I10interchange,SB,0,0.17,44.4
10/28/2024 6:00,varnerrd_to_I10interchange,SB,0.01,0.18,42
10/28/2024 7:00,varnerrd_to_I10interchange,SB,0.01,0.18,41.3
10/28/2024 8:00,varnerrd_to_I10interchange,SB,0.01,0.18,41.8
10/28/2024 9:00,varnerrd_to_I10interchange,SB,0.04,0.22,34.8
10/28/2024 10:00,varnerrd_to_I10interchange,SB,0.04,0.23,33.7
10/28/2024 11:00,varnerrd_to_I10interchange,SB,0.03,0.22,34.8
10/28/2024 12:00,varnerrd_to_I10interchange,SB,0.02,0.2,37.8
10/28/2024 13:00,varnerrd_to_I10interchange,SB,0.02,0.2,37.5
10/28/2024 14:00,varnerrd_to_I10interchange,SB,0.01,0.19,39.4
10/28/2024 15:00,varnerrd_to_I10interchange,SB,0.02,0.19,38.5
10/28/2024 16:00,varnerrd_to_I10interchange,SB,0.01,0.19,39.2
10/28/2024 17:00,varnerrd_to_I10interchange,SB,0.05,0.24,32
10/28/2024 18:00,varnerrd_to_I10interchange,SB,0.02,0.2,37.1
10/28/2024 19:00,varnerrd_to_I10interchange,SB,0.03,0.21,35.6
10/28/2024 20:00,varnerrd_to_I10interchange,SB,0.02,0.2,37.2
10/28/2024 21:00,varnerrd_to_I10interchange,SB,0,0.16,45.2
10/28/2024 22:00,varnerrd_to_I10interchange,SB,0.03,0.2,39.9
10/28/2024 23:00,varnerrd_to_I10interchange,SB,0,0.16,45.3
10/29/2024 0:00,varnerrd_to_I10interchange,SB,0,0.17,44
10/29/2024 1:00,varnerrd_to_I10interchange,SB,0,0.17,44.2
10/29/2024 2:00,varnerrd_to_I10interchange,SB,0,0.17,44
10/29/2024 3:00,varnerrd_to_I10interchange,SB,0.01,0.19,40.5
10/29/2024 4:00,varnerrd_to_I10interchange,SB,0,0.17,43.3
10/29/2024 5:00,varnerrd_to_I10interchange,SB,0.01,0.17,44.1
10/29/2024 6:00,varnerrd_to_I10interchange,SB,0.02,0.18,43.5
10/29/2024 7:00,varnerrd_to_I10interchange,SB,0,0.17,43.6
10/29/2024 8:00,varnerrd_to_I10interchange,SB,0.01,0.19,39.9
10/29/2024 9:00,varnerrd_to_I10interchange,SB,0.02,0.2,37
10/29/2024 10:00,varnerrd_to_I10interchange,SB,0.06,0.24,31.2
10/29/2024 11:00,varnerrd_to_I10interchange,SB,0.03,0.21,35.4
10/29/2024 12:00,varnerrd_to_I10interchange,SB,0.03,0.2,37.1
10/29/2024 13:00,varnerrd_to_I10interchange,SB,0.04,0.22,33.6
10/29/2024 14:00,varnerrd_to_I10interchange,SB,0.04,0.22,35.7
10/29/2024 15:00,varnerrd_to_I10interchange,SB,0.03,0.21,35.9
10/29/2024 16:00,varnerrd_to_I10interchange,SB,0.02,0.21,36.8
10/29/2024 17:00,varnerrd_to_I10interchange,SB,0.04,0.22,34.7
10/29/2024 18:00,varnerrd_to_I10interchange,SB,0.03,0.21,36.8
10/29/2024 19:00,varnerrd_to_I10interchange,SB,0.01,0.18,42.2
10/29/2024 20:00,varnerrd_to_I10interchange,SB,0,0.18,41.5
10/29/2024 21:00,varnerrd_to_I10interchange,SB,0.01,0.18,41.5
10/29/2024 22:00,varnerrd_to_I10interchange,SB,0.01,0.19,39.8
10/29/2024 23:00,varnerrd_to_I10interchange,SB,0.02,0.21,35.9
10/30/2024 0:00,varnerrd_to_I10interchange,SB,0,0.17,44
10/30/2024 1:00,varnerrd_to_I10interchange,SB,0,0.17,44.1
10/30/2024 2:00,varnerrd_to_I10interchange,SB,0,0.17,44
10/30/2024 3:00,varnerrd_to_I10interchange,SB,0.01,0.19,39.5
10/30/2024 4:00,varnerrd_to_I10interchange,SB,0,0.17,44
10/30/2024 5:00,varnerrd_to_I10interchange,SB,0,0.15,48.8
10/30/2024 6:00,varnerrd_to_I10interchange,SB,0,0.18,42.4
10/30/2024 7:00,varnerrd_to_I10interchange,SB,0.01,0.18,40.7
10/30/2024 8:00,varnerrd_to_I10interchange,SB,0,0.17,43.9
10/30/2024 9:00,varnerrd_to_I10interchange,SB,0,0.18,42.4
10/30/2024 10:00,varnerrd_to_I10interchange,SB,0.01,0.2,38.1
10/30/2024 11:00,varnerrd_to_I10interchange,SB,0.04,0.22,34
10/30/2024 12:00,varnerrd_to_I10interchange,SB,0.03,0.22,34.7
10/30/2024 13:00,varnerrd_to_I10interchange,SB,0.02,0.2,37.5
10/30/2024 14:00,varnerrd_to_I10interchange,SB,0.03,0.21,36.1
10/30/2024 15:00,varnerrd_to_I10interchange,SB,0.02,0.2,36.7
10/30/2024 16:00,varnerrd_to_I10interchange,SB,0.02,0.2,37.9
10/30/2024 17:00,varnerrd_to_I10interchange,SB,0.03,0.21,36.5
10/30/2024 18:00,varnerrd_to_I10interchange,SB,0.02,0.2,37.5
10/30/2024 19:00,varnerrd_to_I10interchange,SB,0.01,0.19,38.9
10/30/2024 20:00,varnerrd_to_I10interchange,SB,0.04,0.22,34.8
10/30/2024 21:00,varnerrd_to_I10interchange,SB,0.01,0.18,43
10/30/2024 22:00,varnerrd_to_I10interchange,SB,0,0.17,43.4
10/30/2024 23:00,varnerrd_to_I10interchange,SB,0.02,0.18,43.6
10/31/2024 0:00,varnerrd_to_I10interchange,SB,0.04,0.22,34.9
10/31/2024 1:00,varnerrd_to_I10interchange,SB,0,0.16,45.6
10/31/2024 2:00,varnerrd_to_I10interchange,SB,0,0.16,46.3
10/31/2024 3:00,varnerrd_to_I10interchange,SB,0,0.15,48.9
10/31/2024 4:00,varnerrd_to_I10interchange,SB,0,0.17,44
10/31/2024 5:00,varnerrd_to_I10interchange,SB,0,0.16,47.7
10/31/2024 6:00,varnerrd_to_I10interchange,SB,0.01,0.18,41
10/31/2024 7:00,varnerrd_to_I10interchange,SB,0.01,0.18,40.8
10/31/2024 8:00,varnerrd_to_I10interchange,SB,0.01,0.19,39.8
10/31/2024 9:00,varnerrd_to_I10interchange,SB,0.02,0.19,40.4
10/31/2024 10:00,varnerrd_to_I10interchange,SB,0.01,0.19,39.3
10/31/2024 11:00,varnerrd_to_I10interchange,SB,0.04,0.23,32.8
10/31/2024 12:00,varnerrd_to_I10interchange,SB,0.04,0.22,33.2
10/31/2024 13:00,varnerrd_to_I10interchange,SB,0.05,0.23,32.8
10/31/2024 14:00,varnerrd_to_I10interchange,SB,0.02,0.2,36.6
10/31/2024 15:00,varnerrd_to_I10interchange,SB,0.03,0.21,36.3
10/31/2024 16:00,varnerrd_to_I10interchange,SB,0.03,0.21,36.3
10/31/2024 17:00,varnerrd_to_I10interchange,SB,0.01,0.19,40
10/31/2024 18:00,varnerrd_to_I10interchange,SB,0.01,0.18,41.1
10/31/2024 19:00,varnerrd_to_I10interchange,SB,0,0.16,47.1
10/31/2024 20:00,varnerrd_to_I10interchange,SB,0,0.16,45.6
10/31/2024 21:00,varnerrd_to_I10interchange,SB,0.02,0.2,37.3
10/31/2024 22:00,varnerrd_to_I10interchange,SB,0.01,0.18,42.9
10/31/2024 23:00,varnerrd_to_I10interchange,SB,0,0.16,46.9
11/1/2024 0:00,varnerrd_to_I10interchange,SB,0,0.16,47.6
11/1/2024 1:00,varnerrd_to_I10interchange,SB,0,0.17,44.9
11/1/2024 2:00,varnerrd_to_I10interchange,SB,0,0.17,44
11/1/2024 3:00,varnerrd_to_I10interchange,SB,0.03,0.21,37.1
11/1/2024 4:00,varnerrd_to_I10interchange,SB,0.02,0.2,38.2
11/1/2024 5:00,varnerrd_to_I10interchange,SB,0,0.18,42.4
11/1/2024 6:00,varnerrd_to_I10interchange,SB,0,0.17,43.7
11/1/2024 7:00,varnerrd_to_I10interchange,SB,0,0.17,44.6
11/1/2024 8:00,varnerrd_to_I10interchange,SB,0,0.16,47.2
11/1/2024 9:00,varnerrd_to_I10interchange,SB,0.01,0.18,40.6
11/1/2024 10:00,varnerrd_to_I10interchange,SB,0.04,0.22,34
11/1/2024 11:00,varnerrd_to_I10interchange,SB,0.02,0.2,37
11/1/2024 12:00,varnerrd_to_I10interchange,SB,0.04,0.22,34.2
11/1/2024 13:00,varnerrd_to_I10interchange,SB,0.02,0.2,38.7
11/1/2024 14:00,varnerrd_to_I10interchange,SB,0.01,0.18,41
11/1/2024 15:00,varnerrd_to_I10interchange,SB,0.02,0.2,37
11/1/2024 16:00,varnerrd_to_I10interchange,SB,0.04,0.22,33.9
11/1/2024 17:00,varnerrd_to_I10interchange,SB,0.03,0.21,35.7
11/1/2024 18:00,varnerrd_to_I10interchange,SB,0.01,0.19,40
11/1/2024 19:00,varnerrd_to_I10interchange,SB,0.01,0.18,43.1
11/1/2024 20:00,varnerrd_to_I10interchange,SB,0,0.18,41.3
11/1/2024 21:00,varnerrd_to_I10interchange,SB,0,0.17,45.2
11/1/2024 22:00,varnerrd_to_I10interchange,SB,0.02,0.2,37
11/1/2024 23:00,varnerrd_to_I10interchange,SB,0,0.18,41.1
11/2/2024 0:00,varnerrd_to_I10interchange,SB,0,0.16,47.7
11/2/2024 1:00,varnerrd_to_I10interchange,SB,0,0.16,45.6
11/2/2024 2:00,varnerrd_to_I10interchange,SB,0,0.17,44
11/2/2024 3:00,varnerrd_to_I10interchange,SB,0,0.16,47
11/2/2024 4:00,varnerrd_to_I10interchange,SB,0,0.17,44
11/2/2024 5:00,varnerrd_to_I10interchange,SB,0,0.17,43.7
11/2/2024 6:00,varnerrd_to_I10interchange,SB,0,0.17,44.5
11/2/2024 7:00,varnerrd_to_I10interchange,SB,0,0.17,44.1
11/2/2024 8:00,varnerrd_to_I10interchange,SB,0.01,0.18,41.7
11/2/2024 9:00,varnerrd_to_I10interchange,SB,0.01,0.19,39.7
11/2/2024 10:00,varnerrd_to_I10interchange,SB,0.01,0.19,40.3
11/2/2024 11:00,varnerrd_to_I10interchange,SB,0.02,0.2,38.2
11/2/2024 12:00,varnerrd_to_I10interchange,SB,0.05,0.23,32.7
11/2/2024 13:00,varnerrd_to_I10interchange,SB,0.02,0.2,37.5
11/2/2024 14:00,varnerrd_to_I10interchange,SB,0.01,0.18,40.9
11/2/2024 15:00,varnerrd_to_I10interchange,SB,0.02,0.2,37.9
11/2/2024 16:00,varnerrd_to_I10interchange,SB,0.02,0.21,36.5
11/2/2024 17:00,varnerrd_to_I10interchange,SB,0.03,0.21,36.5
11/2/2024 18:00,varnerrd_to_I10interchange,SB,0.01,0.18,41
11/2/2024 19:00,varnerrd_to_I10interchange,SB,0.02,0.2,38.6
11/2/2024 20:00,varnerrd_to_I10interchange,SB,0.01,0.19,39.6
11/2/2024 21:00,varnerrd_to_I10interchange,SB,0,0.17,45.2
11/2/2024 22:00,varnerrd_to_I10interchange,SB,0,0.14,53.9
11/2/2024 23:00,varnerrd_to_I10interchange,SB,0,0.17,45.1
11/3/2024 0:00,varnerrd_to_I10interchange,SB,0,0.16,46.4
11/3/2024 1:00,varnerrd_to_I10interchange,SB,0,0.17,43.8
11/3/2024 1:00,varnerrd_to_I10interchange,SB,0,0.14,53.9
11/3/2024 2:00,varnerrd_to_I10interchange,SB,0,0.17,44
11/3/2024 3:00,varnerrd_to_I10interchange,SB,0,0.17,44
11/3/2024 4:00,varnerrd_to_I10interchange,SB,0,0.17,44
11/3/2024 5:00,varnerrd_to_I10interchange,SB,0,0.16,48
11/3/2024 6:00,varnerrd_to_I10interchange,SB,0,0.16,45.8
11/3/2024 7:00,varnerrd_to_I10interchange,SB,0.01,0.19,40.3
11/3/2024 8:00,varnerrd_to_I10interchange,SB,0.04,0.22,35.2
11/3/2024 9:00,varnerrd_to_I10interchange,SB,0.02,0.2,37.9
11/3/2024 10:00,varnerrd_to_I10interchange,SB,0.01,0.18,40.7
11/3/2024 11:00,varnerrd_to_I10interchange,SB,0.01,0.18,40.5
11/3/2024 12:00,varnerrd_to_I10interchange,SB,0,0.18,42.2
11/3/2024 13:00,varnerrd_to_I10interchange,SB,0,0.17,43.8
11/3/2024 14:00,varnerrd_to_I10interchange,SB,0.01,0.18,40.7
11/3/2024 15:00,varnerrd_to_I10interchange,SB,0.03,0.22,34.7
11/3/2024 16:00,varnerrd_to_I10interchange,SB,0.02,0.18,42.5
11/3/2024 17:00,varnerrd_to_I10interchange,SB,0,0.17,43.9
11/3/2024 18:00,varnerrd_to_I10interchange,SB,0,0.16,45.4
11/3/2024 19:00,varnerrd_to_I10interchange,SB,0.02,0.2,37.3
11/3/2024 20:00,varnerrd_to_I10interchange,SB,0.02,0.19,39.4
11/3/2024 21:00,varnerrd_to_I10interchange,SB,0,0.17,44.2
11/3/2024 22:00,varnerrd_to_I10interchange,SB,0,0.15,49.3
11/3/2024 23:00,varnerrd_to_I10interchange,SB,0.02,0.19,40.9
11/4/2024 0:00,varnerrd_to_I10interchange,SB,0,0.17,44.1
11/4/2024 1:00,varnerrd_to_I10interchange,SB,0,0.17,44
11/4/2024 2:00,varnerrd_to_I10interchange,SB,0,0.17,44
11/4/2024 3:00,varnerrd_to_I10interchange,SB,0,0.17,43.3
11/4/2024 4:00,varnerrd_to_I10interchange,SB,0,0.17,44.3
11/4/2024 5:00,varnerrd_to_I10interchange,SB,0.02,0.2,38.4
11/4/2024 6:00,varnerrd_to_I10interchange,SB,0.01,0.18,41.1
11/4/2024 7:00,varnerrd_to_I10interchange,SB,0.01,0.18,42.9
11/4/2024 8:00,varnerrd_to_I10interchange,SB,0,0.17,43.5
11/4/2024 9:00,varnerrd_to_I10interchange,SB,0.01,0.19,39
11/4/2024 10:00,varnerrd_to_I10interchange,SB,0.02,0.21,35.7
11/4/2024 11:00,varnerrd_to_I10interchange,SB,0.03,0.22,35
11/4/2024 12:00,varnerrd_to_I10interchange,SB,0.05,0.23,33.8
11/4/2024 13:00,varnerrd_to_I10interchange,SB,0.02,0.21,36.7
11/4/2024 14:00,varnerrd_to_I10interchange,SB,0.03,0.21,35.9
11/4/2024 15:00,varnerrd_to_I10interchange,SB,0.02,0.2,37
11/4/2024 16:00,varnerrd_to_I10interchange,SB,0.01,0.19,39.2
11/4/2024 17:00,varnerrd_to_I10interchange,SB,0.04,0.22,34.5
11/4/2024 18:00,varnerrd_to_I10interchange,SB,0.01,0.19,39
11/4/2024 19:00,varnerrd_to_I10interchange,SB,0.02,0.19,39.1
11/4/2024 20:00,varnerrd_to_I10interchange,SB,0.03,0.2,37.5
11/4/2024 21:00,varnerrd_to_I10interchange,SB,0,0.16,47.7
11/4/2024 22:00,varnerrd_to_I10interchange,SB,0.01,0.18,41.8
11/4/2024 23:00,varnerrd_to_I10interchange,SB,0,0.16,47.7
11/5/2024 0:00,varnerrd_to_I10interchange,SB,0,0.16,47.1
11/5/2024 1:00,varnerrd_to_I10interchange,SB,0,0.17,44
11/5/2024 2:00,varnerrd_to_I10interchange,SB,0,0.17,44.8
11/5/2024 3:00,varnerrd_to_I10interchange,SB,0,0.17,44
11/5/2024 4:00,varnerrd_to_I10interchange,SB,0,0.17,44
11/5/2024 5:00,varnerrd_to_I10interchange,SB,0,0.17,43.6
11/5/2024 6:00,varnerrd_to_I10interchange,SB,0,0.16,47
11/5/2024 7:00,varnerrd_to_I10interchange,SB,0.01,0.19,40.2
11/5/2024 8:00,varnerrd_to_I10interchange,SB,0.02,0.19,39.1
11/5/2024 9:00,varnerrd_to_I10interchange,SB,0.01,0.19,39.4
11/5/2024 10:00,varnerrd_to_I10interchange,SB,0.02,0.21,35.9
11/5/2024 11:00,varnerrd_to_I10interchange,SB,0.05,0.23,32.8
11/5/2024 12:00,varnerrd_to_I10interchange,SB,0.04,0.22,34.4
11/5/2024 13:00,varnerrd_to_I10interchange,SB,0.03,0.21,36.5
11/5/2024 14:00,varnerrd_to_I10interchange,SB,0.02,0.2,38.4
11/5/2024 15:00,varnerrd_to_I10interchange,SB,0.04,0.22,34.3
11/5/2024 16:00,varnerrd_to_I10interchange,SB,0.03,0.22,34.9
11/5/2024 17:00,varnerrd_to_I10interchange,SB,0.06,0.25,31
11/5/2024 18:00,varnerrd_to_I10interchange,SB,0.02,0.2,37
11/5/2024 19:00,varnerrd_to_I10interchange,SB,0.03,0.21,35.8
11/5/2024 20:00,varnerrd_to_I10interchange,SB,0.01,0.18,42.1
11/5/2024 21:00,varnerrd_to_I10interchange,SB,0.01,0.18,41.5
11/5/2024 22:00,varnerrd_to_I10interchange,SB,0.01,0.18,41.3
11/5/2024 23:00,varnerrd_to_I10interchange,SB,0,0.16,47.9
11/6/2024 0:00,varnerrd_to_I10interchange,SB,0,0.17,44
11/6/2024 1:00,varnerrd_to_I10interchange,SB,0,0.17,44
11/6/2024 2:00,varnerrd_to_I10interchange,SB,0,0.17,44
11/6/2024 3:00,varnerrd_to_I10interchange,SB,0,0.17,44
11/6/2024 4:00,varnerrd_to_I10interchange,SB,0.02,0.18,41.8
11/6/2024 5:00,varnerrd_to_I10interchange,SB,0,0.16,48.6
11/6/2024 6:00,varnerrd_to_I10interchange,SB,0,0.16,48
11/6/2024 7:00,varnerrd_to_I10interchange,SB,0.02,0.19,39.6
11/6/2024 8:00,varnerrd_to_I10interchange,SB,0.04,0.22,35.1
11/6/2024 9:00,varnerrd_to_I10interchange,SB,0.02,0.2,38.5
11/6/2024 10:00,varnerrd_to_I10interchange,SB,0,0.18,41.2
11/6/2024 11:00,varnerrd_to_I10interchange,SB,0.03,0.21,36.6
11/6/2024 12:00,varnerrd_to_I10interchange,SB,0.06,0.24,31.1
11/6/2024 13:00,varnerrd_to_I10interchange,SB,0.02,0.2,36.9
11/6/2024 14:00,varnerrd_to_I10interchange,SB,0.02,0.21,36.3
11/6/2024 15:00,varnerrd_to_I10interchange,SB,0.02,0.2,38
11/6/2024 16:00,varnerrd_to_I10interchange,SB,0.03,0.21,35.9
11/6/2024 17:00,varnerrd_to_I10interchange,SB,0.03,0.21,36.4
11/6/2024 18:00,varnerrd_to_I10interchange,SB,0.03,0.22,35.1
11/6/2024 19:00,varnerrd_to_I10interchange,SB,0.01,0.18,42.9
11/6/2024 20:00,varnerrd_to_I10interchange,SB,0.03,0.2,38.7
11/6/2024 21:00,varnerrd_to_I10interchange,SB,0.01,0.18,42.1
11/6/2024 22:00,varnerrd_to_I10interchange,SB,0.02,0.2,38.3
11/6/2024 23:00,varnerrd_to_I10interchange,SB,0.01,0.19,40.2
11/7/2024 0:00,varnerrd_to_I10interchange,SB,0,0.17,43.8
11/7/2024 1:00,varnerrd_to_I10interchange,SB,0,0.17,44
11/7/2024 2:00,varnerrd_to_I10interchange,SB,0,0.17,44
11/7/2024 3:00,varnerrd_to_I10interchange,SB,0,0.17,44
11/7/2024 4:00,varnerrd_to_I10interchange,SB,0,0.17,43.5
11/7/2024 5:00,varnerrd_to_I10interchange,SB,0,0.16,45.7
11/7/2024 6:00,varnerrd_to_I10interchange,SB,0.02,0.19,41.5
11/7/2024 7:00,varnerrd_to_I10interchange,SB,0.03,0.2,37.4
11/7/2024 8:00,varnerrd_to_I10interchange,SB,0.01,0.19,40
11/7/2024 9:00,varnerrd_to_I10interchange,SB,0.01,0.18,43.4
11/7/2024 10:00,varnerrd_to_I10interchange,SB,0.03,0.21,36.2
11/7/2024 11:00,varnerrd_to_I10interchange,SB,0.04,0.22,34
11/7/2024 12:00,varnerrd_to_I10interchange,SB,0.02,0.2,36.8
11/7/2024 13:00,varnerrd_to_I10interchange,SB,0.02,0.2,36.4
11/7/2024 14:00,varnerrd_to_I10interchange,SB,0.03,0.21,36.2
11/7/2024 15:00,varnerrd_to_I10interchange,SB,0.04,0.23,33.2
11/7/2024 16:00,varnerrd_to_I10interchange,SB,0.05,0.23,32.3
11/7/2024 17:00,varnerrd_to_I10interchange,SB,0.07,0.25,30.4
11/7/2024 18:00,varnerrd_to_I10interchange,SB,0.02,0.2,38.6
11/7/2024 19:00,varnerrd_to_I10interchange,SB,0.04,0.22,34.4
11/7/2024 20:00,varnerrd_to_I10interchange,SB,0.04,0.22,34.2
11/7/2024 21:00,varnerrd_to_I10interchange,SB,0.02,0.19,40
11/7/2024 22:00,varnerrd_to_I10interchange,SB,0,0.18,41.5
11/7/2024 23:00,varnerrd_to_I10interchange,SB,0.01,0.18,42.8
11/8/2024 0:00,varnerrd_to_I10interchange,SB,0.01,0.18,42.3
11/8/2024 1:00,varnerrd_to_I10interchange,SB,0,0.17,43.4
11/8/2024 2:00,varnerrd_to_I10interchange,SB,0.03,0.2,40.3
11/8/2024 3:00,varnerrd_to_I10interchange,SB,0,0.17,44
11/8/2024 4:00,varnerrd_to_I10interchange,SB,0,0.17,44
11/8/2024 5:00,varnerrd_to_I10interchange,SB,0,0.16,47.3
11/8/2024 6:00,varnerrd_to_I10interchange,SB,0,0.17,44.2
11/8/2024 7:00,varnerrd_to_I10interchange,SB,0,0.17,44.5
11/8/2024 8:00,varnerrd_to_I10interchange,SB,0.01,0.18,42.2
11/8/2024 9:00,varnerrd_to_I10interchange,SB,0.02,0.2,37.6
11/8/2024 10:00,varnerrd_to_I10interchange,SB,0.03,0.21,35.7
11/8/2024 11:00,varnerrd_to_I10interchange,SB,0.03,0.22,34.8
11/8/2024 12:00,varnerrd_to_I10interchange,SB,0.05,0.23,32.5
11/8/2024 13:00,varnerrd_to_I10interchange,SB,0.04,0.22,34.3
11/8/2024 14:00,varnerrd_to_I10interchange,SB,0.03,0.21,36.4
11/8/2024 15:00,varnerrd_to_I10interchange,SB,0.03,0.21,35.8
11/8/2024 16:00,varnerrd_to_I10interchange,SB,0.04,0.22,34.2
11/8/2024 17:00,varnerrd_to_I10interchange,SB,0.03,0.22,34.6
11/8/2024 18:00,varnerrd_to_I10interchange,SB,0.02,0.2,37.8
11/8/2024 19:00,varnerrd_to_I10interchange,SB,0,0.18,42.6
11/8/2024 20:00,varnerrd_to_I10interchange,SB,0.03,0.22,34.4
11/8/2024 21:00,varnerrd_to_I10interchange,SB,0.03,0.21,35.9
11/8/2024 22:00,varnerrd_to_I10interchange,SB,0.02,0.19,39.4
11/8/2024 23:00,varnerrd_to_I10interchange,SB,0,0.16,47.7
11/9/2024 0:00,varnerrd_to_I10interchange,SB,0,0.16,47
11/9/2024 1:00,varnerrd_to_I10interchange,SB,0,0.17,44
11/9/2024 2:00,varnerrd_to_I10interchange,SB,0,0.15,49.4
11/9/2024 3:00,varnerrd_to_I10interchange,SB,0,0.17,44
11/9/2024 4:00,varnerrd_to_I10interchange,SB,0,0.16,45.3
11/9/2024 5:00,varnerrd_to_I10interchange,SB,0.01,0.18,42.2
11/9/2024 6:00,varnerrd_to_I10interchange,SB,0,0.15,49.8
11/9/2024 7:00,varnerrd_to_I10interchange,SB,0.01,0.19,40.2
11/9/2024 8:00,varnerrd_to_I10interchange,SB,0.04,0.22,34.3
11/9/2024 9:00,varnerrd_to_I10interchange,SB,0.01,0.18,41.5
11/9/2024 10:00,varnerrd_to_I10interchange,SB,0.03,0.21,35.7
11/9/2024 11:00,varnerrd_to_I10interchange,SB,0.02,0.2,38.6
11/9/2024 12:00,varnerrd_to_I10interchange,SB,0.02,0.2,37.6
11/9/2024 13:00,varnerrd_to_I10interchange,SB,0.03,0.21,35.7
11/9/2024 14:00,varnerrd_to_I10interchange,SB,0.02,0.19,39.4
11/9/2024 15:00,varnerrd_to_I10interchange,SB,0.01,0.18,40.9
11/9/2024 16:00,varnerrd_to_I10interchange,SB,0.03,0.21,35.2
11/9/2024 17:00,varnerrd_to_I10interchange,SB,0.01,0.18,42
11/9/2024 18:00,varnerrd_to_I10interchange,SB,0.03,0.21,36
11/9/2024 19:00,varnerrd_to_I10interchange,SB,0.02,0.2,38.2
11/9/2024 20:00,varnerrd_to_I10interchange,SB,0.02,0.2,36.7
11/9/2024 21:00,varnerrd_to_I10interchange,SB,0.02,0.2,37.9
11/9/2024 22:00,varnerrd_to_I10interchange,SB,0,0.18,42.6
11/9/2024 23:00,varnerrd_to_I10interchange,SB,0,0.17,44.5
11/10/2024 0:00,varnerrd_to_I10interchange,SB,0,0.16,45.9
11/10/2024 1:00,varnerrd_to_I10interchange,SB,0,0.17,43.5
11/10/2024 2:00,varnerrd_to_I10interchange,SB,0,0.17,44
11/10/2024 3:00,varnerrd_to_I10interchange,SB,0,0.17,44
11/10/2024 4:00,varnerrd_to_I10interchange,SB,0,0.17,43
11/10/2024 5:00,varnerrd_to_I10interchange,SB,0.02,0.2,38.1
11/10/2024 6:00,varnerrd_to_I10interchange,SB,0,0.16,46.4
11/10/2024 7:00,varnerrd_to_I10interchange,SB,0.01,0.19,39.8
11/10/2024 8:00,varnerrd_to_I10interchange,SB,0,0.17,44.7
11/10/2024 9:00,varnerrd_to_I10interchange,SB,0,0.17,43.1
11/10/2024 10:00,varnerrd_to_I10interchange,SB,0.02,0.2,37.4
11/10/2024 11:00,varnerrd_to_I10interchange,SB,0.02,0.21,36.5
11/10/2024 12:00,varnerrd_to_I10interchange,SB,0.01,0.19,39.4
11/10/2024 13:00,varnerrd_to_I10interchange,SB,0.01,0.18,41.4
11/10/2024 14:00,varnerrd_to_I10interchange,SB,0.01,0.18,42.2
11/10/2024 15:00,varnerrd_to_I10interchange,SB,0.01,0.19,39.1
11/10/2024 16:00,varnerrd_to_I10interchange,SB,0.03,0.21,35.6
11/10/2024 17:00,varnerrd_to_I10interchange,SB,0.03,0.21,35.4
11/10/2024 18:00,varnerrd_to_I10interchange,SB,0.02,0.19,38.8
11/10/2024 19:00,varnerrd_to_I10interchange,SB,0.02,0.2,37.2
11/10/2024 20:00,varnerrd_to_I10interchange,SB,0.01,0.19,39.7
11/10/2024 21:00,varnerrd_to_I10interchange,SB,0,0.17,43.6
11/10/2024 22:00,varnerrd_to_I10interchange,SB,0,0.16,45.8
11/10/2024 23:00,varnerrd_to_I10interchange,SB,0,0.17,45.3
11/11/2024 0:00,varnerrd_to_I10interchange,SB,0.02,0.18,42
11/11/2024 1:00,varnerrd_to_I10interchange,SB,0,0.17,43.1
11/11/2024 2:00,varnerrd_to_I10interchange,SB,0,0.15,48.5
11/11/2024 3:00,varnerrd_to_I10interchange,SB,0,0.17,44
11/11/2024 4:00,varnerrd_to_I10interchange,SB,0,0.17,43
11/11/2024 5:00,varnerrd_to_I10interchange,SB,0,0.16,48.3
11/11/2024 6:00,varnerrd_to_I10interchange,SB,0,0.16,48.3
11/11/2024 7:00,varnerrd_to_I10interchange,SB,0,0.17,43.1
11/11/2024 8:00,varnerrd_to_I10interchange,SB,0,0.17,44.9
11/11/2024 9:00,varnerrd_to_I10interchange,SB,0.01,0.19,39.8
11/11/2024 10:00,varnerrd_to_I10interchange,SB,0.02,0.21,35.7
11/11/2024 11:00,varnerrd_to_I10interchange,SB,0.06,0.24,31.5
11/11/2024 12:00,varnerrd_to_I10interchange,SB,0.04,0.22,34.3
11/11/2024 13:00,varnerrd_to_I10interchange,SB,0.07,0.25,31.7
11/11/2024 14:00,varnerrd_to_I10interchange,SB,0.07,0.26,29.3
11/11/2024 15:00,varnerrd_to_I10interchange,SB,0.02,0.2,38.7
11/11/2024 16:00,varnerrd_to_I10interchange,SB,0.02,0.21,36.2
11/11/2024 17:00,varnerrd_to_I10interchange,SB,0.02,0.2,37.6
11/11/2024 18:00,varnerrd_to_I10interchange,SB,0.04,0.23,33.4
11/11/2024 19:00,varnerrd_to_I10interchange,SB,0,0.17,44.5
11/11/2024 20:00,varnerrd_to_I10interchange,SB,0.03,0.21,36.3
11/11/2024 21:00,varnerrd_to_I10interchange,SB,0,0.15,48.2
11/11/2024 22:00,varnerrd_to_I10interchange,SB,0,0.15,50.4
11/11/2024 23:00,varnerrd_to_I10interchange,SB,0,0.16,46.8
11/12/2024 0:00,varnerrd_to_I10interchange,SB,0,0.17,44
11/12/2024 1:00,varnerrd_to_I10interchange,SB,0,0.17,44
11/12/2024 2:00,varnerrd_to_I10interchange,SB,0,0.15,50.7
11/12/2024 3:00,varnerrd_to_I10interchange,SB,0,0.17,44
11/12/2024 4:00,varnerrd_to_I10interchange,SB,0,0.17,44.9
11/12/2024 5:00,varnerrd_to_I10interchange,SB,0.02,0.19,40.2
11/12/2024 6:00,varnerrd_to_I10interchange,SB,0.02,0.2,39.4
11/12/2024 7:00,varnerrd_to_I10interchange,SB,0,0.18,42
11/12/2024 8:00,varnerrd_to_I10interchange,SB,0.01,0.18,41.1
11/12/2024 9:00,varnerrd_to_I10interchange,SB,0,0.18,42.5
11/12/2024 10:00,varnerrd_to_I10interchange,SB,0.03,0.22,34.9
11/12/2024 11:00,varnerrd_to_I10interchange,SB,0.03,0.22,34.8
11/12/2024 12:00,varnerrd_to_I10interchange,SB,0.02,0.2,36.7
11/12/2024 13:00,varnerrd_to_I10interchange,SB,0.04,0.22,34
11/12/2024 14:00,varnerrd_to_I10interchange,SB,0.04,0.22,33.8
11/12/2024 15:00,varnerrd_to_I10interchange,SB,0.04,0.22,34.3
11/12/2024 16:00,varnerrd_to_I10interchange,SB,0.04,0.22,34.8
11/12/2024 17:00,varnerrd_to_I10interchange,SB,0.01,0.19,38.6
11/12/2024 18:00,varnerrd_to_I10interchange,SB,0.05,0.23,32.9
11/12/2024 19:00,varnerrd_to_I10interchange,SB,0.02,0.2,36.8
11/12/2024 20:00,varnerrd_to_I10interchange,SB,0,0.17,45
11/12/2024 21:00,varnerrd_to_I10interchange,SB,0.01,0.19,39.5
11/12/2024 22:00,varnerrd_to_I10interchange,SB,0,0.17,45.7
11/12/2024 23:00,varnerrd_to_I10interchange,SB,0,0.17,44
11/13/2024 0:00,varnerrd_to_I10interchange,SB,0,0.17,43.8
11/13/2024 1:00,varnerrd_to_I10interchange,SB,0,0.17,43.2
11/13/2024 2:00,varnerrd_to_I10interchange,SB,0,0.17,44
11/13/2024 3:00,varnerrd_to_I10interchange,SB,0,0.17,43.8
11/13/2024 4:00,varnerrd_to_I10interchange,SB,0,0.18,42
11/13/2024 5:00,varnerrd_to_I10interchange,SB,0,0.15,48.4
11/13/2024 6:00,varnerrd_to_I10interchange,SB,0,0.15,48.3
11/13/2024 7:00,varnerrd_to_I10interchange,SB,0.01,0.18,40.7
11/13/2024 8:00,varnerrd_to_I10interchange,SB,0.01,0.19,40.2
11/13/2024 9:00,varnerrd_to_I10interchange,SB,0.02,0.2,38.6
11/13/2024 10:00,varnerrd_to_I10interchange,SB,0.02,0.2,37.8
11/13/2024 11:00,varnerrd_to_I10interchange,SB,0.02,0.21,36.6
11/13/2024 12:00,varnerrd_to_I10interchange,SB,0.05,0.24,32.4
11/13/2024 13:00,varnerrd_to_I10interchange,SB,0.05,0.24,31.5
11/13/2024 14:00,varnerrd_to_I10interchange,SB,0.02,0.2,38
11/13/2024 15:00,varnerrd_to_I10interchange,SB,0.02,0.2,37.3
11/13/2024 16:00,varnerrd_to_I10interchange,SB,0.03,0.22,34.8
11/13/2024 17:00,varnerrd_to_I10interchange,SB,0.02,0.19,41.6
11/13/2024 18:00,varnerrd_to_I10interchange,SB,0.02,0.19,38.7
11/13/2024 19:00,varnerrd_to_I10interchange,SB,0.02,0.2,37.5
11/13/2024 20:00,varnerrd_to_I10interchange,SB,0.02,0.19,40.1
11/13/2024 21:00,varnerrd_to_I10interchange,SB,0.01,0.19,40.3
11/13/2024 22:00,varnerrd_to_I10interchange,SB,0,0.16,47.3
11/13/2024 23:00,varnerrd_to_I10interchange,SB,0,0.18,41.9
11/14/2024 0:00,varnerrd_to_I10interchange,SB,0,0.17,43.9
11/14/2024 1:00,varnerrd_to_I10interchange,SB,0,0.16,45.5
11/14/2024 2:00,varnerrd_to_I10interchange,SB,0,0.16,47.1
11/14/2024 3:00,varnerrd_to_I10interchange,SB,0,0.18,41.7
11/14/2024 4:00,varnerrd_to_I10interchange,SB,0.04,0.22,35.6
11/14/2024 5:00,varnerrd_to_I10interchange,SB,0,0.17,44
11/14/2024 6:00,varnerrd_to_I10interchange,SB,0,0.17,44.7
11/14/2024 7:00,varnerrd_to_I10interchange,SB,0.01,0.19,40.2
11/14/2024 8:00,varnerrd_to_I10interchange,SB,0.01,0.18,41.8
11/14/2024 9:00,varnerrd_to_I10interchange,SB,0.01,0.18,41.3
11/14/2024 10:00,varnerrd_to_I10interchange,SB,0.01,0.19,40.4
11/14/2024 11:00,varnerrd_to_I10interchange,SB,0.04,0.23,33.2
11/14/2024 12:00,varnerrd_to_I10interchange,SB,0.05,0.24,32.1
11/14/2024 13:00,varnerrd_to_I10interchange,SB,0.04,0.22,35.1
11/14/2024 14:00,varnerrd_to_I10interchange,SB,0.03,0.21,37
11/14/2024 15:00,varnerrd_to_I10interchange,SB,0.04,0.22,35.4
11/14/2024 16:00,varnerrd_to_I10interchange,SB,0.03,0.21,35.2
11/14/2024 17:00,varnerrd_to_I10interchange,SB,0.01,0.19,39.7
11/14/2024 18:00,varnerrd_to_I10interchange,SB,0.01,0.19,39.8
11/14/2024 19:00,varnerrd_to_I10interchange,SB,0.03,0.21,35.6
11/14/2024 20:00,varnerrd_to_I10interchange,SB,0.01,0.19,41.3
11/14/2024 21:00,varnerrd_to_I10interchange,SB,0.04,0.23,33.5
11/14/2024 22:00,varnerrd_to_I10interchange,SB,0,0.17,44.8
11/14/2024 23:00,varnerrd_to_I10interchange,SB,0,0.17,45.1
11/15/2024 0:00,varnerrd_to_I10interchange,SB,0,0.16,46.7
11/15/2024 1:00,varnerrd_to_I10interchange,SB,0,0.17,44.5
11/15/2024 2:00,varnerrd_to_I10interchange,SB,0,0.17,44
11/15/2024 3:00,varnerrd_to_I10interchange,SB,0,0.17,44.8
11/15/2024 4:00,varnerrd_to_I10interchange,SB,0.01,0.18,40.6
11/15/2024 5:00,varnerrd_to_I10interchange,SB,0,0.17,45
11/15/2024 6:00,varnerrd_to_I10interchange,SB,0.01,0.18,41.2
11/15/2024 7:00,varnerrd_to_I10interchange,SB,0.01,0.19,40.2
11/15/2024 8:00,varnerrd_to_I10interchange,SB,0.01,0.19,39.5
11/15/2024 9:00,varnerrd_to_I10interchange,SB,0.02,0.2,37.2
11/15/2024 10:00,varnerrd_to_I10interchange,SB,0.03,0.22,34.5
11/15/2024 11:00,varnerrd_to_I10interchange,SB,0.07,0.26,30.8
11/15/2024 12:00,varnerrd_to_I10interchange,SB,0.04,0.22,34.5
11/15/2024 13:00,varnerrd_to_I10interchange,SB,0.05,0.23,33.2
11/15/2024 14:00,varnerrd_to_I10interchange,SB,0.02,0.2,37.2
11/15/2024 15:00,varnerrd_to_I10interchange,SB,0.05,0.23,31.9
11/15/2024 16:00,varnerrd_to_I10interchange,SB,0.02,0.2,37.5
11/15/2024 17:00,varnerrd_to_I10interchange,SB,0.04,0.22,34.8
11/15/2024 18:00,varnerrd_to_I10interchange,SB,0.02,0.2,37.7
11/15/2024 19:00,varnerrd_to_I10interchange,SB,0,0.16,46.4
11/15/2024 20:00,varnerrd_to_I10interchange,SB,0,0.18,41.2
11/15/2024 21:00,varnerrd_to_I10interchange,SB,0,0.17,44
11/15/2024 22:00,varnerrd_to_I10interchange,SB,0,0.17,44.5
11/15/2024 23:00,varnerrd_to_I10interchange,SB,0,0.17,42.9
11/16/2024 0:00,varnerrd_to_I10interchange,SB,0,0.17,44.9
11/16/2024 1:00,varnerrd_to_I10interchange,SB,0,0.17,44.4
11/16/2024 2:00,varnerrd_to_I10interchange,SB,0,0.18,42
11/16/2024 3:00,varnerrd_to_I10interchange,SB,0,0.16,47
11/16/2024 4:00,varnerrd_to_I10interchange,SB,0,0.17,43.1
11/16/2024 5:00,varnerrd_to_I10interchange,SB,0.01,0.17,43.7
11/16/2024 6:00,varnerrd_to_I10interchange,SB,0,0.15,49.2
11/16/2024 7:00,varnerrd_to_I10interchange,SB,0,0.15,49.8
11/16/2024 8:00,varnerrd_to_I10interchange,SB,0.02,0.2,37.1
11/16/2024 9:00,varnerrd_to_I10interchange,SB,0.02,0.2,36.9
11/16/2024 10:00,varnerrd_to_I10interchange,SB,0.01,0.19,39.2
11/16/2024 11:00,varnerrd_to_I10interchange,SB,0.01,0.19,39.2
11/16/2024 12:00,varnerrd_to_I10interchange,SB,0.03,0.22,34.4
11/16/2024 13:00,varnerrd_to_I10interchange,SB,0.02,0.19,40.1
11/16/2024 14:00,varnerrd_to_I10interchange,SB,0.01,0.19,39.6
11/16/2024 15:00,varnerrd_to_I10interchange,SB,0.02,0.19,39.6
11/16/2024 16:00,varnerrd_to_I10interchange,SB,0.03,0.21,37
11/16/2024 17:00,varnerrd_to_I10interchange,SB,0.02,0.2,37.9
11/16/2024 18:00,varnerrd_to_I10interchange,SB,0.02,0.21,36.5
11/16/2024 19:00,varnerrd_to_I10interchange,SB,0.02,0.2,37.6
11/16/2024 20:00,varnerrd_to_I10interchange,SB,0.03,0.21,35.5
11/16/2024 21:00,varnerrd_to_I10interchange,SB,0,0.18,42
11/16/2024 22:00,varnerrd_to_I10interchange,SB,0.01,0.17,44.1
11/16/2024 23:00,varnerrd_to_I10interchange,SB,0.01,0.18,42.7
11/17/2024 0:00,varnerrd_to_I10interchange,SB,0.01,0.18,42.1
11/17/2024 1:00,varnerrd_to_I10interchange,SB,0,0.15,48.4
11/17/2024 2:00,varnerrd_to_I10interchange,SB,0,0.16,46.1
11/17/2024 3:00,varnerrd_to_I10interchange,SB,0,0.17,44
11/17/2024 4:00,varnerrd_to_I10interchange,SB,0,0.18,42
11/17/2024 5:00,varnerrd_to_I10interchange,SB,0,0.16,48.1
11/17/2024 6:00,varnerrd_to_I10interchange,SB,0,0.18,41.9
11/17/2024 7:00,varnerrd_to_I10interchange,SB,0,0.17,44.5
11/17/2024 8:00,varnerrd_to_I10interchange,SB,0,0.15,49.2
11/17/2024 9:00,varnerrd_to_I10interchange,SB,0.02,0.19,39.2
11/17/2024 10:00,varnerrd_to_I10interchange,SB,0.02,0.2,37.4
11/17/2024 11:00,varnerrd_to_I10interchange,SB,0.01,0.19,38.4
11/17/2024 12:00,varnerrd_to_I10interchange,SB,0.01,0.19,39.3
11/17/2024 13:00,varnerrd_to_I10interchange,SB,0.02,0.2,37.3
11/17/2024 14:00,varnerrd_to_I10interchange,SB,0.02,0.2,37.2
11/17/2024 15:00,varnerrd_to_I10interchange,SB,0.01,0.18,40.7
11/17/2024 16:00,varnerrd_to_I10interchange,SB,0.02,0.2,37.9
11/17/2024 17:00,varnerrd_to_I10interchange,SB,0.02,0.2,36.7
11/17/2024 18:00,varnerrd_to_I10interchange,SB,0.02,0.2,36.6
11/17/2024 19:00,varnerrd_to_I10interchange,SB,0,0.17,44.9
11/17/2024 20:00,varnerrd_to_I10interchange,SB,0,0.17,43.8
11/17/2024 21:00,varnerrd_to_I10interchange,SB,0.01,0.18,41.8
11/17/2024 22:00,varnerrd_to_I10interchange,SB,0.01,0.19,39.2
11/17/2024 23:00,varnerrd_to_I10interchange,SB,0,0.16,45.3
11/18/2024 0:00,varnerrd_to_I10interchange,SB,0,0.17,44
11/18/2024 1:00,varnerrd_to_I10interchange,SB,0,0.17,44
11/18/2024 2:00,varnerrd_to_I10interchange,SB,0,0.17,44
11/18/2024 3:00,varnerrd_to_I10interchange,SB,0,0.17,44
11/18/2024 4:00,varnerrd_to_I10interchange,SB,0,0.16,47.7
11/18/2024 5:00,varnerrd_to_I10interchange,SB,0,0.16,46.1
11/18/2024 6:00,varnerrd_to_I10interchange,SB,0,0.15,51.2
11/18/2024 7:00,varnerrd_to_I10interchange,SB,0.01,0.19,40.9
11/18/2024 8:00,varnerrd_to_I10interchange,SB,0.01,0.18,41.5
11/18/2024 9:00,varnerrd_to_I10interchange,SB,0.03,0.22,34.6
11/18/2024 10:00,varnerrd_to_I10interchange,SB,0.02,0.2,37.7
11/18/2024 11:00,varnerrd_to_I10interchange,SB,0.05,0.23,33
11/18/2024 12:00,varnerrd_to_I10interchange,SB,0.03,0.21,35.7
11/18/2024 13:00,varnerrd_to_I10interchange,SB,0.04,0.23,33.5
11/18/2024 14:00,varnerrd_to_I10interchange,SB,0.02,0.19,38.5
11/18/2024 15:00,varnerrd_to_I10interchange,SB,0.04,0.23,33.1
11/18/2024 16:00,varnerrd_to_I10interchange,SB,0.05,0.24,32
11/18/2024 17:00,varnerrd_to_I10interchange,SB,0.03,0.21,35.7
11/18/2024 18:00,varnerrd_to_I10interchange,SB,0,0.17,43.2
11/18/2024 19:00,varnerrd_to_I10interchange,SB,0.02,0.2,37.4
11/18/2024 20:00,varnerrd_to_I10interchange,SB,0.03,0.2,37.3
11/18/2024 21:00,varnerrd_to_I10interchange,SB,0,0.17,43.2
11/18/2024 22:00,varnerrd_to_I10interchange,SB,0.01,0.17,44.2
11/18/2024 23:00,varnerrd_to_I10interchange,SB,0.01,0.18,42.5
11/19/2024 0:00,varnerrd_to_I10interchange,SB,0,0.16,45.9
11/19/2024 1:00,varnerrd_to_I10interchange,SB,0,0.17,44.2
11/19/2024 2:00,varnerrd_to_I10interchange,SB,0,0.17,44
11/19/2024 3:00,varnerrd_to_I10interchange,SB,0,0.17,44
11/19/2024 4:00,varnerrd_to_I10interchange,SB,0,0.17,42.8
11/19/2024 5:00,varnerrd_to_I10interchange,SB,0,0.16,47.4
11/19/2024 6:00,varnerrd_to_I10interchange,SB,0,0.17,44.3
11/19/2024 7:00,varnerrd_to_I10interchange,SB,0,0.17,44.6
11/19/2024 8:00,varnerrd_to_I10interchange,SB,0.01,0.18,41.9
11/19/2024 9:00,varnerrd_to_I10interchange,SB,0.03,0.21,36
11/19/2024 10:00,varnerrd_to_I10interchange,SB,0.04,0.22,34
11/19/2024 11:00,varnerrd_to_I10interchange,SB,0.04,0.23,32.6
11/19/2024 12:00,varnerrd_to_I10interchange,SB,0.04,0.22,33.6
11/19/2024 13:00,varnerrd_to_I10interchange,SB,0.03,0.21,35.3
11/19/2024 14:00,varnerrd_to_I10interchange,SB,0.04,0.22,34.5
11/19/2024 15:00,varnerrd_to_I10interchange,SB,0.01,0.19,38.9
11/19/2024 16:00,varnerrd_to_I10interchange,SB,0.03,0.21,36.2
11/19/2024 17:00,varnerrd_to_I10interchange,SB,0.04,0.23,33.1
11/19/2024 18:00,varnerrd_to_I10interchange,SB,0.03,0.21,35.9
11/19/2024 19:00,varnerrd_to_I10interchange,SB,0,0.17,44.2
11/19/2024 20:00,varnerrd_to_I10interchange,SB,0.1,0.28,28.6
11/19/2024 21:00,varnerrd_to_I10interchange,SB,0.02,0.2,38.2
11/19/2024 22:00,varnerrd_to_I10interchange,SB,0.02,0.2,37.6
11/19/2024 23:00,varnerrd_to_I10interchange,SB,0,0.17,44
11/20/2024 0:00,varnerrd_to_I10interchange,SB,0,0.16,47.1
11/20/2024 1:00,varnerrd_to_I10interchange,SB,0,0.17,44
11/20/2024 2:00,varnerrd_to_I10interchange,SB,0,0.17,44
11/20/2024 3:00,varnerrd_to_I10interchange,SB,0,0.17,44
11/20/2024 4:00,varnerrd_to_I10interchange,SB,0,0.17,44
11/20/2024 5:00,varnerrd_to_I10interchange,SB,0.01,0.18,42.6
11/20/2024 6:00,varnerrd_to_I10interchange,SB,0.01,0.17,44.5
11/20/2024 7:00,varnerrd_to_I10interchange,SB,0.01,0.19,39.7
11/20/2024 8:00,varnerrd_to_I10interchange,SB,0.01,0.18,41.6
11/20/2024 9:00,varnerrd_to_I10interchange,SB,0,0.18,42.2
11/20/2024 10:00,varnerrd_to_I10interchange,SB,0.02,0.2,37.3
11/20/2024 11:00,varnerrd_to_I10interchange,SB,0.02,0.2,37.5
11/20/2024 12:00,varnerrd_to_I10interchange,SB,0.03,0.21,35.3
11/20/2024 13:00,varnerrd_to_I10interchange,SB,0.05,0.23,32.7
11/20/2024 14:00,varnerrd_to_I10interchange,SB,0.05,0.24,31.5
11/20/2024 15:00,varnerrd_to_I10interchange,SB,0.03,0.22,34.7
11/20/2024 16:00,varnerrd_to_I10interchange,SB,0.04,0.22,33.6
11/20/2024 17:00,varnerrd_to_I10interchange,SB,0.04,0.23,33.2
11/20/2024 18:00,varnerrd_to_I10interchange,SB,0.03,0.2,37.1
11/20/2024 19:00,varnerrd_to_I10interchange,SB,0.01,0.18,41.6
11/20/2024 20:00,varnerrd_to_I10interchange,SB,0.01,0.19,40.3
11/20/2024 21:00,varnerrd_to_I10interchange,SB,0.02,0.21,36.1
11/20/2024 22:00,varnerrd_to_I10interchange,SB,0.01,0.18,40.9
11/20/2024 23:00,varnerrd_to_I10interchange,SB,0,0.17,43.5
11/21/2024 0:00,varnerrd_to_I10interchange,SB,0,0.17,44
11/21/2024 1:00,varnerrd_to_I10interchange,SB,0,0.15,50.3
11/21/2024 2:00,varnerrd_to_I10interchange,SB,0,0.17,44
11/21/2024 3:00,varnerrd_to_I10interchange,SB,0,0.17,44
11/21/2024 4:00,varnerrd_to_I10interchange,SB,0.02,0.19,40.7
11/21/2024 5:00,varnerrd_to_I10interchange,SB,0.02,0.2,39.6
11/21/2024 6:00,varnerrd_to_I10interchange,SB,0,0.16,46.7
11/21/2024 7:00,varnerrd_to_I10interchange,SB,0.02,0.2,38.7
11/21/2024 8:00,varnerrd_to_I10interchange,SB,0,0.17,44.6
11/21/2024 9:00,varnerrd_to_I10interchange,SB,0.01,0.19,39.1
11/21/2024 10:00,varnerrd_to_I10interchange,SB,0.01,0.19,38.6
11/21/2024 11:00,varnerrd_to_I10interchange,SB,0.03,0.21,35.7
11/21/2024 12:00,varnerrd_to_I10interchange,SB,0.04,0.22,34
11/21/2024 13:00,varnerrd_to_I10interchange,SB,0.04,0.22,34.3
11/21/2024 14:00,varnerrd_to_I10interchange,SB,0.02,0.21,36.5
11/21/2024 15:00,varnerrd_to_I10interchange,SB,0.03,0.21,35.6
11/21/2024 16:00,varnerrd_to_I10interchange,SB,0.06,0.24,31.1
11/21/2024 17:00,varnerrd_to_I10interchange,SB,0.03,0.21,35.8
11/21/2024 18:00,varnerrd_to_I10interchange,SB,0.02,0.2,37.8
11/21/2024 19:00,varnerrd_to_I10interchange,SB,0.02,0.21,36.2
11/21/2024 20:00,varnerrd_to_I10interchange,SB,0.01,0.18,41.5
11/21/2024 21:00,varnerrd_to_I10interchange,SB,0,0.16,45.5
11/21/2024 22:00,varnerrd_to_I10interchange,SB,0.01,0.18,40.4
11/21/2024 23:00,varnerrd_to_I10interchange,SB,0,0.17,43.5
11/22/2024 0:00,varnerrd_to_I10interchange,SB,0,0.17,44
11/22/2024 1:00,varnerrd_to_I10interchange,SB,0,0.17,44
11/22/2024 2:00,varnerrd_to_I10interchange,SB,0,0.17,44
11/22/2024 3:00,varnerrd_to_I10interchange,SB,0,0.15,49
11/22/2024 4:00,varnerrd_to_I10interchange,SB,0,0.17,44
11/22/2024 5:00,varnerrd_to_I10interchange,SB,0.03,0.2,39.6
11/22/2024 6:00,varnerrd_to_I10interchange,SB,0,0.18,42.2
11/22/2024 7:00,varnerrd_to_I10interchange,SB,0.02,0.2,37.8
11/22/2024 8:00,varnerrd_to_I10interchange,SB,0,0.18,41.7
11/22/2024 9:00,varnerrd_to_I10interchange,SB,0.01,0.18,41.1
11/22/2024 10:00,varnerrd_to_I10interchange,SB,0.02,0.2,37.3
11/22/2024 11:00,varnerrd_to_I10interchange,SB,0.02,0.19,38.8
11/22/2024 12:00,varnerrd_to_I10interchange,SB,0.03,0.21,35
11/22/2024 13:00,varnerrd_to_I10interchange,SB,0.02,0.2,37.7
11/22/2024 14:00,varnerrd_to_I10interchange,SB,0.03,0.21,35.9
11/22/2024 15:00,varnerrd_to_I10interchange,SB,0.05,0.24,31.7
11/22/2024 16:00,varnerrd_to_I10interchange,SB,0.03,0.21,35.9
11/22/2024 17:00,varnerrd_to_I10interchange,SB,0.04,0.22,34.3
11/22/2024 18:00,varnerrd_to_I10interchange,SB,0.02,0.2,37
11/22/2024 19:00,varnerrd_to_I10interchange,SB,0.01,0.19,39.7
11/22/2024 20:00,varnerrd_to_I10interchange,SB,0,0.16,46.6
11/22/2024 21:00,varnerrd_to_I10interchange,SB,0.06,0.24,33.1
11/22/2024 22:00,varnerrd_to_I10interchange,SB,0.01,0.18,40.8
11/22/2024 23:00,varnerrd_to_I10interchange,SB,0.01,0.18,41.8
11/23/2024 0:00,varnerrd_to_I10interchange,SB,0,0.18,42.4
11/23/2024 1:00,varnerrd_to_I10interchange,SB,0,0.17,44
11/23/2024 2:00,varnerrd_to_I10interchange,SB,0.01,0.18,42.2
11/23/2024 3:00,varnerrd_to_I10interchange,SB,0.02,0.18,46.3
11/23/2024 4:00,varnerrd_to_I10interchange,SB,0,0.16,46.8
11/23/2024 5:00,varnerrd_to_I10interchange,SB,0,0.15,51.1
11/23/2024 6:00,varnerrd_to_I10interchange,SB,0.02,0.2,38.5
11/23/2024 7:00,varnerrd_to_I10interchange,SB,0.01,0.19,40.2
11/23/2024 8:00,varnerrd_to_I10interchange,SB,0.01,0.19,38.9
11/23/2024 9:00,varnerrd_to_I10interchange,SB,0.02,0.2,37.8
11/23/2024 10:00,varnerrd_to_I10interchange,SB,0.01,0.19,38.8
11/23/2024 11:00,varnerrd_to_I10interchange,SB,0.03,0.22,34.6
11/23/2024 12:00,varnerrd_to_I10interchange,SB,0.03,0.21,36
11/23/2024 13:00,varnerrd_to_I10interchange,SB,0,0.17,45
11/23/2024 14:00,varnerrd_to_I10interchange,SB,0.02,0.2,38.9
11/23/2024 15:00,varnerrd_to_I10interchange,SB,0,0.18,42.1
11/23/2024 16:00,varnerrd_to_I10interchange,SB,0.01,0.19,40.4
11/23/2024 17:00,varnerrd_to_I10interchange,SB,0.04,0.22,33.7
11/23/2024 18:00,varnerrd_to_I10interchange,SB,0.04,0.23,33
11/23/2024 19:00,varnerrd_to_I10interchange,SB,0.02,0.2,37.8
11/23/2024 20:00,varnerrd_to_I10interchange,SB,0.02,0.2,38.1
11/23/2024 21:00,varnerrd_to_I10interchange,SB,0.01,0.18,40.9
11/23/2024 22:00,varnerrd_to_I10interchange,SB,0.01,0.19,39.4
11/23/2024 23:00,varnerrd_to_I10interchange,SB,0,0.14,52.2
11/24/2024 0:00,varnerrd_to_I10interchange,SB,0,0.15,51.3
11/24/2024 1:00,varnerrd_to_I10interchange,SB,0,0.16,45.8
11/24/2024 2:00,varnerrd_to_I10interchange,SB,0,0.17,44.9
11/24/2024 3:00,varnerrd_to_I10interchange,SB,0,0.16,45.9
11/24/2024 4:00,varnerrd_to_I10interchange,SB,0.03,0.2,40.3
11/24/2024 5:00,varnerrd_to_I10interchange,SB,0.04,0.21,38.3
11/24/2024 6:00,varnerrd_to_I10interchange,SB,0,0.17,43.7
11/24/2024 7:00,varnerrd_to_I10interchange,SB,0,0.18,41.9
11/24/2024 8:00,varnerrd_to_I10interchange,SB,0,0.17,43.1
11/24/2024 9:00,varnerrd_to_I10interchange,SB,0.02,0.2,38.4
11/24/2024 10:00,varnerrd_to_I10interchange,SB,0.01,0.18,41.8
11/24/2024 11:00,varnerrd_to_I10interchange,SB,0.01,0.19,39.5
11/24/2024 12:00,varnerrd_to_I10interchange,SB,0.01,0.2,38.3
11/24/2024 13:00,varnerrd_to_I10interchange,SB,0.01,0.19,39.5
11/24/2024 14:00,varnerrd_to_I10interchange,SB,0,0.17,44.5
11/24/2024 15:00,varnerrd_to_I10interchange,SB,0.03,0.2,38.2
11/24/2024 16:00,varnerrd_to_I10interchange,SB,0.02,0.2,37.4
11/24/2024 17:00,varnerrd_to_I10interchange,SB,0.02,0.2,38.2
11/24/2024 18:00,varnerrd_to_I10interchange,SB,0.03,0.21,35.8
11/24/2024 19:00,varnerrd_to_I10interchange,SB,0.01,0.2,38.1
11/24/2024 20:00,varnerrd_to_I10interchange,SB,0.02,0.2,37
11/24/2024 21:00,varnerrd_to_I10interchange,SB,0.01,0.19,40.6
11/24/2024 22:00,varnerrd_to_I10interchange,SB,0.02,0.19,41.2
11/24/2024 23:00,varnerrd_to_I10interchange,SB,0,0.17,45.1
11/25/2024 0:00,varnerrd_to_I10interchange,SB,0,0.17,43.9
11/25/2024 1:00,varnerrd_to_I10interchange,SB,0,0.16,48.1
11/25/2024 2:00,varnerrd_to_I10interchange,SB,0,0.17,43.9
11/25/2024 3:00,varnerrd_to_I10interchange,SB,0,0.17,43.5
11/25/2024 4:00,varnerrd_to_I10interchange,SB,0,0.17,42.7
11/25/2024 5:00,varnerrd_to_I10interchange,SB,0,0.16,45.7
11/25/2024 6:00,varnerrd_to_I10interchange,SB,0,0.16,47.9
11/25/2024 7:00,varnerrd_to_I10interchange,SB,0.03,0.22,34.8
11/25/2024 8:00,varnerrd_to_I10interchange,SB,0.01,0.19,39.8
11/25/2024 9:00,varnerrd_to_I10interchange,SB,0.02,0.2,38
11/25/2024 10:00,varnerrd_to_I10interchange,SB,0.06,0.24,31.4
11/25/2024 11:00,varnerrd_to_I10interchange,SB,0.04,0.22,34.2
11/25/2024 12:00,varnerrd_to_I10interchange,SB,0.03,0.21,36.1
11/25/2024 13:00,varnerrd_to_I10interchange,SB,0.03,0.21,35.5
11/25/2024 14:00,varnerrd_to_I10interchange,SB,0.05,0.23,33.2
11/25/2024 15:00,varnerrd_to_I10interchange,SB,0.03,0.22,34.2
11/25/2024 16:00,varnerrd_to_I10interchange,SB,0.03,0.21,35.2
11/25/2024 17:00,varnerrd_to_I10interchange,SB,0.03,0.22,34.3
11/25/2024 18:00,varnerrd_to_I10interchange,SB,0.01,0.19,39.1
11/25/2024 19:00,varnerrd_to_I10interchange,SB,0.03,0.21,35.4
11/25/2024 20:00,varnerrd_to_I10interchange,SB,0.04,0.22,34
11/25/2024 21:00,varnerrd_to_I10interchange,SB,0,0.18,42.7
11/25/2024 22:00,varnerrd_to_I10interchange,SB,0,0.17,44.5
11/25/2024 23:00,varnerrd_to_I10interchange,SB,0.01,0.18,42.5
11/26/2024 0:00,varnerrd_to_I10interchange,SB,0,0.17,43.5
11/26/2024 1:00,varnerrd_to_I10interchange,SB,0,0.17,44
11/26/2024 2:00,varnerrd_to_I10interchange,SB,0,0.15,49.1
11/26/2024 3:00,varnerrd_to_I10interchange,SB,0,0.17,44
11/26/2024 4:00,varnerrd_to_I10interchange,SB,0,0.16,45.6
11/26/2024 5:00,varnerrd_to_I10interchange,SB,0,0.16,45.8
11/26/2024 6:00,varnerrd_to_I10interchange,SB,0,0.16,48.3
11/26/2024 7:00,varnerrd_to_I10interchange,SB,0.02,0.2,37.6
11/26/2024 8:00,varnerrd_to_I10interchange,SB,0.03,0.2,38.5
11/26/2024 9:00,varnerrd_to_I10interchange,SB,0.03,0.21,36
11/26/2024 10:00,varnerrd_to_I10interchange,SB,0.04,0.22,34
11/26/2024 11:00,varnerrd_to_I10interchange,SB,0.04,0.22,33.9
11/26/2024 12:00,varnerrd_to_I10interchange,SB,0.05,0.23,32.6
11/26/2024 13:00,varnerrd_to_I10interchange,SB,0.04,0.22,33.9
11/26/2024 14:00,varnerrd_to_I10interchange,SB,0.03,0.21,35.2
11/26/2024 15:00,varnerrd_to_I10interchange,SB,0.02,0.21,35.8
11/26/2024 16:00,varnerrd_to_I10interchange,SB,0.05,0.23,33
11/26/2024 17:00,varnerrd_to_I10interchange,SB,0.01,0.19,39.4
11/26/2024 18:00,varnerrd_to_I10interchange,SB,0.02,0.2,38
11/26/2024 19:00,varnerrd_to_I10interchange,SB,0.06,0.25,30.2
11/26/2024 20:00,varnerrd_to_I10interchange,SB,0.04,0.22,33.4
11/26/2024 21:00,varnerrd_to_I10interchange,SB,0.02,0.2,37.8
11/26/2024 22:00,varnerrd_to_I10interchange,SB,0.03,0.21,37.4
11/26/2024 23:00,varnerrd_to_I10interchange,SB,0.03,0.2,38.4
11/27/2024 0:00,varnerrd_to_I10interchange,SB,0,0.16,45.6
11/27/2024 1:00,varnerrd_to_I10interchange,SB,0,0.15,48.7
11/27/2024 2:00,varnerrd_to_I10interchange,SB,0,0.17,44.6
11/27/2024 3:00,varnerrd_to_I10interchange,SB,0,0.16,47.7
11/27/2024 4:00,varnerrd_to_I10interchange,SB,0,0.17,44.3
11/27/2024 5:00,varnerrd_to_I10interchange,SB,0,0.16,46.1
11/27/2024 6:00,varnerrd_to_I10interchange,SB,0,0.17,45.2
11/27/2024 7:00,varnerrd_to_I10interchange,SB,0.01,0.18,41.4
11/27/2024 8:00,varnerrd_to_I10interchange,SB,0.01,0.19,39.6
11/27/2024 9:00,varnerrd_to_I10interchange,SB,0.03,0.21,36.3
11/27/2024 10:00,varnerrd_to_I10interchange,SB,0.03,0.21,35.6
11/27/2024 11:00,varnerrd_to_I10interchange,SB,0.04,0.22,34.8
11/27/2024 12:00,varnerrd_to_I10interchange,SB,0.03,0.21,34.9
11/27/2024 13:00,varnerrd_to_I10interchange,SB,0.05,0.23,32.7
11/27/2024 14:00,varnerrd_to_I10interchange,SB,0.04,0.22,35.3
11/27/2024 15:00,varnerrd_to_I10interchange,SB,0.05,0.23,33
11/27/2024 16:00,varnerrd_to_I10interchange,SB,0.04,0.22,33.9
11/27/2024 17:00,varnerrd_to_I10interchange,SB,0.03,0.21,35.1
11/27/2024 18:00,varnerrd_to_I10interchange,SB,0.02,0.21,35.9
11/27/2024 19:00,varnerrd_to_I10interchange,SB,0.01,0.18,41.3
11/27/2024 20:00,varnerrd_to_I10interchange,SB,0.01,0.19,39.8
11/27/2024 21:00,varnerrd_to_I10interchange,SB,0.04,0.22,33.6
11/27/2024 22:00,varnerrd_to_I10interchange,SB,0.04,0.21,38.1
11/27/2024 23:00,varnerrd_to_I10interchange,SB,0,0.17,43.3
11/28/2024 0:00,varnerrd_to_I10interchange,SB,0,0.15,49.4
11/28/2024 1:00,varnerrd_to_I10interchange,SB,0,0.16,48
11/28/2024 2:00,varnerrd_to_I10interchange,SB,0,0.15,50.6
11/28/2024 3:00,varnerrd_to_I10interchange,SB,0,0.15,50.1
11/28/2024 4:00,varnerrd_to_I10interchange,SB,0,0.16,46.4
11/28/2024 5:00,varnerrd_to_I10interchange,SB,0,0.17,44.8
11/28/2024 6:00,varnerrd_to_I10interchange,SB,0.01,0.17,43.3
11/28/2024 7:00,varnerrd_to_I10interchange,SB,0.02,0.19,39.6
11/28/2024 8:00,varnerrd_to_I10interchange,SB,0.03,0.21,36.4
11/28/2024 9:00,varnerrd_to_I10interchange,SB,0.01,0.2,38.4
11/28/2024 10:00,varnerrd_to_I10interchange,SB,0.03,0.21,35.8
11/28/2024 11:00,varnerrd_to_I10interchange,SB,0.01,0.18,40.9
11/28/2024 12:00,varnerrd_to_I10interchange,SB,0.03,0.21,35.3
11/28/2024 13:00,varnerrd_to_I10interchange,SB,0.02,0.2,37.4
11/28/2024 14:00,varnerrd_to_I10interchange,SB,0.01,0.18,40.6
11/28/2024 15:00,varnerrd_to_I10interchange,SB,0.01,0.19,39.1
11/28/2024 16:00,varnerrd_to_I10interchange,SB,0.01,0.18,41.1
11/28/2024 17:00,varnerrd_to_I10interchange,SB,0,0.17,44.2
11/28/2024 18:00,varnerrd_to_I10interchange,SB,0.02,0.2,38.2
11/28/2024 19:00,varnerrd_to_I10interchange,SB,0.01,0.19,38.5
11/28/2024 20:00,varnerrd_to_I10interchange,SB,0,0.18,42.4
11/28/2024 21:00,varnerrd_to_I10interchange,SB,0.02,0.2,38.1
11/28/2024 22:00,varnerrd_to_I10interchange,SB,0.01,0.18,41.9
11/28/2024 23:00,varnerrd_to_I10interchange,SB,0,0.15,48.8
11/29/2024 0:00,varnerrd_to_I10interchange,SB,0,0.17,44.3
11/29/2024 1:00,varnerrd_to_I10interchange,SB,0,0.17,45.1
11/29/2024 2:00,varnerrd_to_I10interchange,SB,0,0.16,48.1
11/29/2024 3:00,varnerrd_to_I10interchange,SB,0,0.16,48.3
11/29/2024 4:00,varnerrd_to_I10interchange,SB,0.01,0.19,40
11/29/2024 5:00,varnerrd_to_I10interchange,SB,0.03,0.21,36.6
11/29/2024 6:00,varnerrd_to_I10interchange,SB,0.05,0.23,34.4
11/29/2024 7:00,varnerrd_to_I10interchange,SB,0,0.17,43.9
11/29/2024 8:00,varnerrd_to_I10interchange,SB,0,0.17,43.4
11/29/2024 9:00,varnerrd_to_I10interchange,SB,0.03,0.21,36.3
11/29/2024 10:00,varnerrd_to_I10interchange,SB,0.02,0.21,36.4
11/29/2024 11:00,varnerrd_to_I10interchange,SB,0.03,0.21,35.5
11/29/2024 12:00,varnerrd_to_I10interchange,SB,0.02,0.2,37.8
11/29/2024 13:00,varnerrd_to_I10interchange,SB,0.03,0.21,36.1
11/29/2024 14:00,varnerrd_to_I10interchange,SB,0.03,0.21,35.9
11/29/2024 15:00,varnerrd_to_I10interchange,SB,0.01,0.19,38.9
11/29/2024 16:00,varnerrd_to_I10interchange,SB,0.01,0.18,41.8
11/29/2024 17:00,varnerrd_to_I10interchange,SB,0.02,0.2,37.4
11/29/2024 18:00,varnerrd_to_I10interchange,SB,0.01,0.19,38.9
11/29/2024 19:00,varnerrd_to_I10interchange,SB,0.04,0.22,35.6
11/29/2024 20:00,varnerrd_to_I10interchange,SB,0.02,0.2,38.6
11/29/2024 21:00,varnerrd_to_I10interchange,SB,0.02,0.2,37.2
11/29/2024 22:00,varnerrd_to_I10interchange,SB,0,0.15,49.8
11/29/2024 23:00,varnerrd_to_I10interchange,SB,0.01,0.19,39.8
11/30/2024 0:00,varnerrd_to_I10interchange,SB,0.07,0.23,38.8
11/30/2024 1:00,varnerrd_to_I10interchange,SB,0,0.17,44
11/30/2024 2:00,varnerrd_to_I10interchange,SB,0,0.17,44.5
11/30/2024 3:00,varnerrd_to_I10interchange,SB,0,0.17,44.8
11/30/2024 4:00,varnerrd_to_I10interchange,SB,0,0.18,42.5
11/30/2024 5:00,varnerrd_to_I10interchange,SB,0,0.17,43.4
11/30/2024 6:00,varnerrd_to_I10interchange,SB,0,0.16,45.6
11/30/2024 7:00,varnerrd_to_I10interchange,SB,0.01,0.18,41.6
11/30/2024 8:00,varnerrd_to_I10interchange,SB,0.01,0.19,39.9
11/30/2024 9:00,varnerrd_to_I10interchange,SB,0.01,0.19,38.9
11/30/2024 10:00,varnerrd_to_I10interchange,SB,0.03,0.21,35.9
11/30/2024 11:00,varnerrd_to_I10interchange,SB,0.02,0.2,37.5
11/30/2024 12:00,varnerrd_to_I10interchange,SB,0.03,0.21,37
11/30/2024 13:00,varnerrd_to_I10interchange,SB,0.03,0.21,36.4
11/30/2024 14:00,varnerrd_to_I10interchange,SB,0.02,0.2,38.5
11/30/2024 15:00,varnerrd_to_I10interchange,SB,0.03,0.21,36.6
11/30/2024 16:00,varnerrd_to_I10interchange,SB,0.03,0.21,35.5
11/30/2024 17:00,varnerrd_to_I10interchange,SB,0,0.18,41.1
11/30/2024 18:00,varnerrd_to_I10interchange,SB,0.02,0.21,36.6
11/30/2024 19:00,varnerrd_to_I10interchange,SB,0.01,0.19,39.1
11/30/2024 20:00,varnerrd_to_I10interchange,SB,0.03,0.21,36.2
11/30/2024 21:00,varnerrd_to_I10interchange,SB,0.03,0.21,37
11/30/2024 22:00,varnerrd_to_I10interchange,SB,0,0.17,45.1
11/30/2024 23:00,varnerrd_to_I10interchange,SB,0.01,0.19,39.7
12/1/2024 0:00,varnerrd_to_I10interchange,SB,0,0.16,48.6
12/1/2024 1:00,varnerrd_to_I10interchange,SB,0,0.16,45.4
12/1/2024 2:00,varnerrd_to_I10interchange,SB,0.01,0.19,40.3
12/1/2024 3:00,varnerrd_to_I10interchange,SB,0,0.17,43.6
12/1/2024 4:00,varnerrd_to_I10interchange,SB,0.01,0.19,40.5
12/1/2024 5:00,varnerrd_to_I10interchange,SB,0.01,0.18,42.5
12/1/2024 6:00,varnerrd_to_I10interchange,SB,0,0.17,43.3
12/1/2024 7:00,varnerrd_to_I10interchange,SB,0,0.17,44.2
12/1/2024 8:00,varnerrd_to_I10interchange,SB,0.02,0.19,41.8
12/1/2024 9:00,varnerrd_to_I10interchange,SB,0.01,0.18,42.9
12/1/2024 10:00,varnerrd_to_I10interchange,SB,0.02,0.2,37.9
12/1/2024 11:00,varnerrd_to_I10interchange,SB,0.03,0.21,36.1
12/1/2024 12:00,varnerrd_to_I10interchange,SB,0.01,0.19,39.9
12/1/2024 13:00,varnerrd_to_I10interchange,SB,0.03,0.2,37.5
12/1/2024 14:00,varnerrd_to_I10interchange,SB,0,0.17,43.8
12/1/2024 15:00,varnerrd_to_I10interchange,SB,0.01,0.19,39
12/1/2024 16:00,varnerrd_to_I10interchange,SB,0.03,0.21,36.7
12/1/2024 17:00,varnerrd_to_I10interchange,SB,0.02,0.2,38.7
12/1/2024 18:00,varnerrd_to_I10interchange,SB,0.01,0.19,39.8
12/1/2024 19:00,varnerrd_to_I10interchange,SB,0.05,0.24,31.9
12/1/2024 20:00,varnerrd_to_I10interchange,SB,0.02,0.2,39.1
12/1/2024 21:00,varnerrd_to_I10interchange,SB,0.02,0.2,37.3
12/1/2024 22:00,varnerrd_to_I10interchange,SB,0.03,0.2,39.2
12/1/2024 23:00,varnerrd_to_I10interchange,SB,0,0.17,43.1
12/2/2024 0:00,varnerrd_to_I10interchange,SB,0,0.17,44
12/2/2024 1:00,varnerrd_to_I10interchange,SB,0,0.17,44
12/2/2024 2:00,varnerrd_to_I10interchange,SB,0,0.17,44
12/2/2024 3:00,varnerrd_to_I10interchange,SB,0,0.17,44.2
12/2/2024 4:00,varnerrd_to_I10interchange,SB,0,0.18,41.7
12/2/2024 5:00,varnerrd_to_I10interchange,SB,0,0.16,47.2
12/2/2024 6:00,varnerrd_to_I10interchange,SB,0,0.15,51
12/2/2024 7:00,varnerrd_to_I10interchange,SB,0,0.17,44.2
12/2/2024 8:00,varnerrd_to_I10interchange,SB,0,0.17,43.4
12/2/2024 9:00,varnerrd_to_I10interchange,SB,0.04,0.22,34.1
12/2/2024 10:00,varnerrd_to_I10interchange,SB,0.05,0.23,32.4
12/2/2024 11:00,varnerrd_to_I10interchange,SB,0.06,0.25,30.7
12/2/2024 12:00,varnerrd_to_I10interchange,SB,0.07,0.25,30
12/2/2024 13:00,varnerrd_to_I10interchange,SB,0.07,0.25,30.1
12/2/2024 14:00,varnerrd_to_I10interchange,SB,0.05,0.23,32.4
12/2/2024 15:00,varnerrd_to_I10interchange,SB,0.04,0.22,35
12/2/2024 16:00,varnerrd_to_I10interchange,SB,0.04,0.23,33.5
12/2/2024 17:00,varnerrd_to_I10interchange,SB,0.06,0.25,30.5
12/2/2024 18:00,varnerrd_to_I10interchange,SB,0.01,0.19,38.8
12/2/2024 19:00,varnerrd_to_I10interchange,SB,0.01,0.2,37.9
12/2/2024 20:00,varnerrd_to_I10interchange,SB,0.06,0.25,30.5
12/2/2024 21:00,varnerrd_to_I10interchange,SB,0.04,0.23,33.3
12/2/2024 22:00,varnerrd_to_I10interchange,SB,0.07,0.26,29.6
12/2/2024 23:00,varnerrd_to_I10interchange,SB,0,0.17,43.7
12/3/2024 0:00,varnerrd_to_I10interchange,SB,0,0.17,44
12/3/2024 1:00,varnerrd_to_I10interchange,SB,0,0.17,44
12/3/2024 2:00,varnerrd_to_I10interchange,SB,0,0.17,44
12/3/2024 3:00,varnerrd_to_I10interchange,SB,0,0.18,42.7
12/3/2024 4:00,varnerrd_to_I10interchange,SB,0.02,0.19,39.2
12/3/2024 5:00,varnerrd_to_I10interchange,SB,0.01,0.18,40.7
12/3/2024 6:00,varnerrd_to_I10interchange,SB,0.01,0.19,39
12/3/2024 7:00,varnerrd_to_I10interchange,SB,0.02,0.2,38.3
12/3/2024 8:00,varnerrd_to_I10interchange,SB,0.04,0.22,33.7
12/3/2024 9:00,varnerrd_to_I10interchange,SB,0.03,0.21,35.8
12/3/2024 10:00,varnerrd_to_I10interchange,SB,0.05,0.24,31.8
12/3/2024 11:00,varnerrd_to_I10interchange,SB,0.07,0.25,29.8
12/3/2024 12:00,varnerrd_to_I10interchange,SB,0.09,0.28,27
12/3/2024 13:00,varnerrd_to_I10interchange,SB,0.05,0.23,32.2
12/3/2024 14:00,varnerrd_to_I10interchange,SB,0.04,0.22,34.2
12/3/2024 15:00,varnerrd_to_I10interchange,SB,0.04,0.22,34
12/3/2024 16:00,varnerrd_to_I10interchange,SB,0.04,0.22,33.9
12/3/2024 17:00,varnerrd_to_I10interchange,SB,0.06,0.24,32.3
12/3/2024 18:00,varnerrd_to_I10interchange,SB,0.03,0.21,35.5
12/3/2024 19:00,varnerrd_to_I10interchange,SB,0.05,0.24,32
12/3/2024 20:00,varnerrd_to_I10interchange,SB,0.01,0.18,42
12/3/2024 21:00,varnerrd_to_I10interchange,SB,0.01,0.17,44.7
12/3/2024 22:00,varnerrd_to_I10interchange,SB,0.05,0.23,33.2
12/3/2024 23:00,varnerrd_to_I10interchange,SB,0,0.16,48.1
12/4/2024 0:00,varnerrd_to_I10interchange,SB,0,0.17,44.1
12/4/2024 1:00,varnerrd_to_I10interchange,SB,0,0.17,44
12/4/2024 2:00,varnerrd_to_I10interchange,SB,0,0.17,44
12/4/2024 3:00,varnerrd_to_I10interchange,SB,0.01,0.19,39.2
12/4/2024 4:00,varnerrd_to_I10interchange,SB,0.07,0.25,32.4
12/4/2024 5:00,varnerrd_to_I10interchange,SB,0.02,0.2,38.7
12/4/2024 6:00,varnerrd_to_I10interchange,SB,0.02,0.19,39.7
12/4/2024 7:00,varnerrd_to_I10interchange,SB,0.02,0.2,37.7
12/4/2024 8:00,varnerrd_to_I10interchange,SB,0.03,0.21,36.7
12/4/2024 9:00,varnerrd_to_I10interchange,SB,0.04,0.22,34.5
12/4/2024 10:00,varnerrd_to_I10interchange,SB,0.03,0.21,36.8
12/4/2024 11:00,varnerrd_to_I10interchange,SB,0.31,0.5,16.3
12/4/2024 12:00,varnerrd_to_I10interchange,SB,0.3,0.48,16.2
12/4/2024 13:00,varnerrd_to_I10interchange,SB,0.31,0.5,16
12/4/2024 14:00,varnerrd_to_I10interchange,SB,0.2,0.39,20.4
12/4/2024 15:00,varnerrd_to_I10interchange,SB,0.27,0.46,17
12/4/2024 16:00,varnerrd_to_I10interchange,SB,0.35,0.54,14.8
12/4/2024 17:00,varnerrd_to_I10interchange,SB,0.35,0.53,14.7
12/4/2024 18:00,varnerrd_to_I10interchange,SB,0.48,0.66,12.9
12/4/2024 19:00,varnerrd_to_I10interchange,SB,0.27,0.46,16.8
12/4/2024 20:00,varnerrd_to_I10interchange,SB,0.34,0.52,16
12/4/2024 21:00,varnerrd_to_I10interchange,SB,0.15,0.34,25.1
12/4/2024 22:00,varnerrd_to_I10interchange,SB,0.21,0.4,19.4
12/4/2024 23:00,varnerrd_to_I10interchange,SB,0.14,0.33,23.9
12/5/2024 0:00,varnerrd_to_I10interchange,SB,0.13,0.31,25.8
12/5/2024 1:00,varnerrd_to_I10interchange,SB,0.05,0.23,32.7
12/5/2024 2:00,varnerrd_to_I10interchange,SB,0.08,0.27,29.3
12/5/2024 3:00,varnerrd_to_I10interchange,SB,0.01,0.18,41.1
12/5/2024 4:00,varnerrd_to_I10interchange,SB,0.03,0.21,35.9
12/5/2024 5:00,varnerrd_to_I10interchange,SB,0.2,0.39,21.2
12/5/2024 6:00,varnerrd_to_I10interchange,SB,0.1,0.29,27.4
12/5/2024 7:00,varnerrd_to_I10interchange,SB,0.43,0.62,12.4
12/5/2024 8:00,varnerrd_to_I10interchange,SB,0.39,0.57,13.6
12/5/2024 9:00,varnerrd_to_I10interchange,SB,0.28,0.47,16.7
12/5/2024 10:00,varnerrd_to_I10interchange,SB,0.31,0.49,15.9
12/5/2024 11:00,varnerrd_to_I10interchange,SB,0.33,0.51,16
12/5/2024 12:00,varnerrd_to_I10interchange,SB,0.32,0.5,16.5
12/5/2024 13:00,varnerrd_to_I10interchange,SB,0.28,0.46,17.5
12/5/2024 14:00,varnerrd_to_I10interchange,SB,0.37,0.55,13.9
12/5/2024 15:00,varnerrd_to_I10interchange,SB,0.35,0.54,16
12/5/2024 16:00,varnerrd_to_I10interchange,SB,0.46,0.65,12.3
12/5/2024 17:00,varnerrd_to_I10interchange,SB,0.35,0.53,14.7
12/5/2024 18:00,varnerrd_to_I10interchange,SB,0.31,0.49,16.5
12/5/2024 19:00,varnerrd_to_I10interchange,SB,0.33,0.51,17.3
12/5/2024 20:00,varnerrd_to_I10interchange,SB,0.39,0.57,13.8
12/5/2024 21:00,varnerrd_to_I10interchange,SB,0.41,0.6,12.7
12/5/2024 22:00,varnerrd_to_I10interchange,SB,0.34,0.52,15.8
12/5/2024 23:00,varnerrd_to_I10interchange,SB,0.12,0.31,25.4
12/6/2024 0:00,varnerrd_to_I10interchange,SB,0.14,0.32,27.5
12/6/2024 1:00,varnerrd_to_I10interchange,SB,0.03,0.2,38.7
12/6/2024 2:00,varnerrd_to_I10interchange,SB,0.02,0.19,39.4
12/6/2024 3:00,varnerrd_to_I10interchange,SB,0,0.18,41.3
12/6/2024 4:00,varnerrd_to_I10interchange,SB,0.01,0.19,40.7
12/6/2024 5:00,varnerrd_to_I10interchange,SB,0.19,0.37,25.2
12/6/2024 6:00,varnerrd_to_I10interchange,SB,0.2,0.39,20.8
12/6/2024 7:00,varnerrd_to_I10interchange,SB,0.36,0.55,14.2
12/6/2024 8:00,varnerrd_to_I10interchange,SB,0.46,0.65,12.4
12/6/2024 9:00,varnerrd_to_I10interchange,SB,0.32,0.51,15.3
12/6/2024 10:00,varnerrd_to_I10interchange,SB,0.34,0.53,15.2
12/6/2024 11:00,varnerrd_to_I10interchange,SB,0.33,0.51,15.9
12/6/2024 12:00,varnerrd_to_I10interchange,SB,0.36,0.55,14
12/6/2024 13:00,varnerrd_to_I10interchange,SB,0.43,0.62,12.4
12/6/2024 14:00,varnerrd_to_I10interchange,SB,0.39,0.58,13.7
12/6/2024 15:00,varnerrd_to_I10interchange,SB,0.38,0.57,13.6
12/6/2024 16:00,varnerrd_to_I10interchange,SB,0.31,0.49,15.4
12/6/2024 17:00,varnerrd_to_I10interchange,SB,0.37,0.56,14
12/6/2024 18:00,varnerrd_to_I10interchange,SB,0.27,0.46,17.4
12/6/2024 19:00,varnerrd_to_I10interchange,SB,0.36,0.55,15.6
12/6/2024 20:00,varnerrd_to_I10interchange,SB,0.33,0.52,14.8
12/6/2024 21:00,varnerrd_to_I10interchange,SB,0.24,0.43,18.9
12/6/2024 22:00,varnerrd_to_I10interchange,SB,0.31,0.5,16.5
12/6/2024 23:00,varnerrd_to_I10interchange,SB,0.23,0.42,18.4
12/7/2024 0:00,varnerrd_to_I10interchange,SB,0.2,0.38,23.9
12/7/2024 1:00,varnerrd_to_I10interchange,SB,0.06,0.24,31.6
12/7/2024 2:00,varnerrd_to_I10interchange,SB,0.09,0.28,29.1
12/7/2024 3:00,varnerrd_to_I10interchange,SB,0.01,0.19,40.5
12/7/2024 4:00,varnerrd_to_I10interchange,SB,0.09,0.27,29.4
12/7/2024 5:00,varnerrd_to_I10interchange,SB,0.18,0.37,22.3
12/7/2024 6:00,varnerrd_to_I10interchange,SB,0.16,0.34,23
12/7/2024 7:00,varnerrd_to_I10interchange,SB,0.35,0.54,17.3
12/7/2024 8:00,varnerrd_to_I10interchange,SB,0.3,0.49,15.8
12/7/2024 9:00,varnerrd_to_I10interchange,SB,0.28,0.47,16.4
12/7/2024 10:00,varnerrd_to_I10interchange,SB,0.35,0.54,14.4
12/7/2024 11:00,varnerrd_to_I10interchange,SB,0.38,0.57,13.9
12/7/2024 12:00,varnerrd_to_I10interchange,SB,0.34,0.53,15
12/7/2024 13:00,varnerrd_to_I10interchange,SB,0.35,0.54,15.5
12/7/2024 14:00,varnerrd_to_I10interchange,SB,0.43,0.62,13.4
12/7/2024 15:00,varnerrd_to_I10interchange,SB,0.25,0.44,17.7
12/7/2024 16:00,varnerrd_to_I10interchange,SB,0.38,0.57,14.2
12/7/2024 17:00,varnerrd_to_I10interchange,SB,0.4,0.58,13.2
12/7/2024 18:00,varnerrd_to_I10interchange,SB,0.43,0.62,12.8
12/7/2024 19:00,varnerrd_to_I10interchange,SB,0.35,0.54,14.2
12/7/2024 20:00,varnerrd_to_I10interchange,SB,0.3,0.49,16.6
12/7/2024 21:00,varnerrd_to_I10interchange,SB,0.33,0.51,14.9
12/7/2024 22:00,varnerrd_to_I10interchange,SB,0.31,0.5,16.8
12/7/2024 23:00,varnerrd_to_I10interchange,SB,0.28,0.47,17.8
12/8/2024 0:00,varnerrd_to_I10interchange,SB,0.11,0.29,27.9
12/8/2024 1:00,varnerrd_to_I10interchange,SB,0.14,0.33,24.1
12/8/2024 2:00,varnerrd_to_I10interchange,SB,0.04,0.22,33.8
12/8/2024 3:00,varnerrd_to_I10interchange,SB,0.07,0.25,30.5
12/8/2024 4:00,varnerrd_to_I10interchange,SB,0,0.17,44.2
12/8/2024 5:00,varnerrd_to_I10interchange,SB,0.06,0.24,34.4
12/8/2024 6:00,varnerrd_to_I10interchange,SB,0.33,0.52,15.8
12/8/2024 7:00,varnerrd_to_I10interchange,SB,0.21,0.4,19.8
12/8/2024 8:00,varnerrd_to_I10interchange,SB,0.29,0.48,19.1
12/8/2024 9:00,varnerrd_to_I10interchange,SB,0.22,0.4,20.2
12/8/2024 10:00,varnerrd_to_I10interchange,SB,0.31,0.49,16.1
12/8/2024 11:00,varnerrd_to_I10interchange,SB,0.34,0.53,15.4
12/8/2024 12:00,varnerrd_to_I10interchange,SB,0.34,0.52,15.5
12/8/2024 13:00,varnerrd_to_I10interchange,SB,0.34,0.53,14.7
12/8/2024 14:00,varnerrd_to_I10interchange,SB,0.44,0.63,12.7
12/8/2024 15:00,varnerrd_to_I10interchange,SB,0.29,0.48,16.3
12/8/2024 16:00,varnerrd_to_I10interchange,SB,0.41,0.59,13.3
12/8/2024 17:00,varnerrd_to_I10interchange,SB,0.33,0.52,15.7
12/8/2024 18:00,varnerrd_to_I10interchange,SB,0.26,0.45,18.9
12/8/2024 19:00,varnerrd_to_I10interchange,SB,0.36,0.55,15.7
12/8/2024 20:00,varnerrd_to_I10interchange,SB,0.3,0.49,16.4
12/8/2024 21:00,varnerrd_to_I10interchange,SB,0.31,0.5,16.3
12/8/2024 22:00,varnerrd_to_I10interchange,SB,0.27,0.46,19
12/8/2024 23:00,varnerrd_to_I10interchange,SB,0.05,0.23,32.6
12/9/2024 0:00,varnerrd_to_I10interchange,SB,0.07,0.26,29.5
12/9/2024 1:00,varnerrd_to_I10interchange,SB,0.02,0.19,39.2
12/9/2024 2:00,varnerrd_to_I10interchange,SB,0,0.17,44
12/9/2024 3:00,varnerrd_to_I10interchange,SB,0.01,0.19,40.2
12/9/2024 4:00,varnerrd_to_I10interchange,SB,0.18,0.37,20.6
12/9/2024 5:00,varnerrd_to_I10interchange,SB,0.14,0.32,25.6
12/9/2024 6:00,varnerrd_to_I10interchange,SB,0.32,0.51,15.4
12/9/2024 7:00,varnerrd_to_I10interchange,SB,0.4,0.58,13.7
12/9/2024 8:00,varnerrd_to_I10interchange,SB,0.34,0.52,15.4
12/9/2024 9:00,varnerrd_to_I10interchange,SB,0.33,0.52,15.8
12/9/2024 10:00,varnerrd_to_I10interchange,SB,0.41,0.6,12.9
12/9/2024 11:00,varnerrd_to_I10interchange,SB,0.28,0.47,16.3
12/9/2024 12:00,varnerrd_to_I10interchange,SB,0.25,0.44,18.1
12/9/2024 13:00,varnerrd_to_I10interchange,SB,0.28,0.46,17.5
12/9/2024 14:00,varnerrd_to_I10interchange,SB,0.34,0.52,15
12/9/2024 15:00,varnerrd_to_I10interchange,SB,0.28,0.47,16.2
12/9/2024 16:00,varnerrd_to_I10interchange,SB,0.3,0.49,16
12/9/2024 17:00,varnerrd_to_I10interchange,SB,0.39,0.58,14.3
12/9/2024 18:00,varnerrd_to_I10interchange,SB,0.36,0.54,14.8
12/9/2024 19:00,varnerrd_to_I10interchange,SB,0.21,0.4,19.5
12/9/2024 20:00,varnerrd_to_I10interchange,SB,0.41,0.6,14.2
12/9/2024 21:00,varnerrd_to_I10interchange,SB,0.13,0.32,23.9
12/9/2024 22:00,varnerrd_to_I10interchange,SB,0.14,0.32,24.5
12/9/2024 23:00,varnerrd_to_I10interchange,SB,0.07,0.25,30
12/10/2024 0:00,varnerrd_to_I10interchange,SB,0.02,0.2,38.6
12/10/2024 1:00,varnerrd_to_I10interchange,SB,0,0.18,41.3
12/10/2024 2:00,varnerrd_to_I10interchange,SB,0.02,0.2,36.9
12/10/2024 3:00,varnerrd_to_I10interchange,SB,0,0.18,42.4
12/10/2024 4:00,varnerrd_to_I10interchange,SB,0.1,0.28,27.8
12/10/2024 5:00,varnerrd_to_I10interchange,SB,0.11,0.29,27.3
12/10/2024 6:00,varnerrd_to_I10interchange,SB,0.28,0.46,16.8
12/10/2024 7:00,varnerrd_to_I10interchange,SB,0.38,0.57,14.5
12/10/2024 8:00,varnerrd_to_I10interchange,SB,0.45,0.64,12.3
12/10/2024 9:00,varnerrd_to_I10interchange,SB,0.3,0.48,16.1
12/10/2024 10:00,varnerrd_to_I10interchange,SB,0.35,0.53,15.1
12/10/2024 11:00,varnerrd_to_I10interchange,SB,0.3,0.48,16
12/10/2024 12:00,varnerrd_to_I10interchange,SB,0.32,0.5,15.3
12/10/2024 13:00,varnerrd_to_I10interchange,SB,0.27,0.46,17.1
12/10/2024 14:00,varnerrd_to_I10interchange,SB,0.34,0.52,15.1
12/10/2024 15:00,varnerrd_to_I10interchange,SB,0.32,0.51,15.8
12/10/2024 16:00,varnerrd_to_I10interchange,SB,0.24,0.43,18.4
12/10/2024 17:00,varnerrd_to_I10interchange,SB,0.28,0.47,16.4
12/10/2024 18:00,varnerrd_to_I10interchange,SB,0.31,0.5,17.5
12/10/2024 19:00,varnerrd_to_I10interchange,SB,0.31,0.5,16.4
12/10/2024 20:00,varnerrd_to_I10interchange,SB,0.22,0.41,20.3
12/10/2024 21:00,varnerrd_to_I10interchange,SB,0.14,0.33,24.8
12/10/2024 22:00,varnerrd_to_I10interchange,SB,0.12,0.31,26.4
12/10/2024 23:00,varnerrd_to_I10interchange,SB,0.07,0.26,29.6
12/11/2024 0:00,varnerrd_to_I10interchange,SB,0.05,0.23,33
12/11/2024 1:00,varnerrd_to_I10interchange,SB,0,0.17,44
12/11/2024 2:00,varnerrd_to_I10interchange,SB,0.04,0.22,38.4
12/11/2024 3:00,varnerrd_to_I10interchange,SB,0.06,0.24,35.1
12/11/2024 4:00,varnerrd_to_I10interchange,SB,0.14,0.32,24.3
12/11/2024 5:00,varnerrd_to_I10interchange,SB,0.16,0.34,23.2
12/11/2024 6:00,varnerrd_to_I10interchange,SB,0.17,0.36,23.1
12/11/2024 7:00,varnerrd_to_I10interchange,SB,0.37,0.56,14.1
12/11/2024 8:00,varnerrd_to_I10interchange,SB,0.31,0.5,15.9
12/11/2024 9:00,varnerrd_to_I10interchange,SB,0.39,0.57,13.7
12/11/2024 10:00,varnerrd_to_I10interchange,SB,0.41,0.6,12.9
12/11/2024 11:00,varnerrd_to_I10interchange,SB,0.31,0.49,15.6
12/11/2024 12:00,varnerrd_to_I10interchange,SB,0.35,0.54,14.1
12/11/2024 13:00,varnerrd_to_I10interchange,SB,0.23,0.42,18.8
12/11/2024 14:00,varnerrd_to_I10interchange,SB,0.34,0.53,15.4
12/11/2024 15:00,varnerrd_to_I10interchange,SB,0.4,0.59,13
12/11/2024 16:00,varnerrd_to_I10interchange,SB,0.3,0.49,16.8
12/11/2024 17:00,varnerrd_to_I10interchange,SB,0.32,0.51,15.7
12/11/2024 18:00,varnerrd_to_I10interchange,SB,0.4,0.59,13.2
12/11/2024 19:00,varnerrd_to_I10interchange,SB,0.44,0.63,12.6
12/11/2024 20:00,varnerrd_to_I10interchange,SB,0.23,0.41,26.4
12/11/2024 21:00,varnerrd_to_I10interchange,SB,0.15,0.34,23.8
12/11/2024 22:00,varnerrd_to_I10interchange,SB,0.22,0.41,19.3
12/11/2024 23:00,varnerrd_to_I10interchange,SB,0.16,0.35,21.8
12/12/2024 0:00,varnerrd_to_I10interchange,SB,0.13,0.32,25.9
12/12/2024 1:00,varnerrd_to_I10interchange,SB,0.02,0.19,39.5
12/12/2024 2:00,varnerrd_to_I10interchange,SB,0.05,0.23,34
12/12/2024 3:00,varnerrd_to_I10interchange,SB,0.02,0.2,37.9
12/12/2024 4:00,varnerrd_to_I10interchange,SB,0.04,0.23,33.1
12/12/2024 5:00,varnerrd_to_I10interchange,SB,0.17,0.36,22.4
12/12/2024 6:00,varnerrd_to_I10interchange,SB,0.23,0.42,19.7
12/12/2024 7:00,varnerrd_to_I10interchange,SB,0.45,0.64,12.1
12/12/2024 8:00,varnerrd_to_I10interchange,SB,0.32,0.51,15.2
12/12/2024 9:00,varnerrd_to_I10interchange,SB,0.32,0.51,15.2
12/12/2024 10:00,varnerrd_to_I10interchange,SB,0.3,0.48,16.2
12/12/2024 11:00,varnerrd_to_I10interchange,SB,0.33,0.52,15.2
12/12/2024 12:00,varnerrd_to_I10interchange,SB,0.33,0.52,15
12/12/2024 13:00,varnerrd_to_I10interchange,SB,0.3,0.49,15.6
12/12/2024 14:00,varnerrd_to_I10interchange,SB,0.49,0.68,11.5
12/12/2024 15:00,varnerrd_to_I10interchange,SB,0.44,0.63,12.4
12/12/2024 16:00,varnerrd_to_I10interchange,SB,0.36,0.55,13.9
12/12/2024 17:00,varnerrd_to_I10interchange,SB,0.38,0.56,14.9
12/12/2024 18:00,varnerrd_to_I10interchange,SB,0.4,0.59,13.7
12/12/2024 19:00,varnerrd_to_I10interchange,SB,0.34,0.53,14.8
12/12/2024 20:00,varnerrd_to_I10interchange,SB,0.36,0.55,15.3
12/12/2024 21:00,varnerrd_to_I10interchange,SB,0.24,0.42,18.9
12/12/2024 22:00,varnerrd_to_I10interchange,SB,0.29,0.47,16.9
12/12/2024 23:00,varnerrd_to_I10interchange,SB,0.14,0.33,24.3
12/13/2024 0:00,varnerrd_to_I10interchange,SB,0.03,0.21,37.5
12/13/2024 1:00,varnerrd_to_I10interchange,SB,0.02,0.19,39.5
12/13/2024 2:00,varnerrd_to_I10interchange,SB,0.01,0.18,41.7
12/13/2024 3:00,varnerrd_to_I10interchange,SB,0,0.18,42.4
12/13/2024 4:00,varnerrd_to_I10interchange,SB,0.09,0.28,28.3
12/13/2024 5:00,varnerrd_to_I10interchange,SB,0.08,0.27,29.3
12/13/2024 6:00,varnerrd_to_I10interchange,SB,0.3,0.49,15.7
12/13/2024 7:00,varnerrd_to_I10interchange,SB,0.45,0.64,11.9
12/13/2024 8:00,varnerrd_to_I10interchange,SB,0.32,0.51,15.3
12/13/2024 9:00,varnerrd_to_I10interchange,SB,0.31,0.5,16.3
12/13/2024 10:00,varnerrd_to_I10interchange,SB,0.4,0.59,13.5
12/13/2024 11:00,varnerrd_to_I10interchange,SB,0.37,0.55,14.2
12/13/2024 12:00,varnerrd_to_I10interchange,SB,0.32,0.51,16.9
12/13/2024 13:00,varnerrd_to_I10interchange,SB,0.39,0.57,14.4
12/13/2024 14:00,varnerrd_to_I10interchange,SB,0.39,0.58,13
12/13/2024 15:00,varnerrd_to_I10interchange,SB,0.38,0.57,13.7
12/13/2024 16:00,varnerrd_to_I10interchange,SB,0.21,0.4,20.3
12/13/2024 17:00,varnerrd_to_I10interchange,SB,0.43,0.61,12.9
12/13/2024 18:00,varnerrd_to_I10interchange,SB,0.35,0.53,14.9
12/13/2024 19:00,varnerrd_to_I10interchange,SB,0.35,0.54,14.6
12/13/2024 20:00,varnerrd_to_I10interchange,SB,0.43,0.62,13.8
12/13/2024 21:00,varnerrd_to_I10interchange,SB,0.39,0.57,13.7
12/13/2024 22:00,varnerrd_to_I10interchange,SB,0.31,0.5,15.4
12/13/2024 23:00,varnerrd_to_I10interchange,SB,0.23,0.41,21.4
12/14/2024 0:00,varnerrd_to_I10interchange,SB,0.22,0.41,19.5
12/14/2024 1:00,varnerrd_to_I10interchange,SB,0.07,0.25,30.4
12/14/2024 2:00,varnerrd_to_I10interchange,SB,0.09,0.27,31.3
12/14/2024 3:00,varnerrd_to_I10interchange,SB,0.04,0.22,36.5
12/14/2024 4:00,varnerrd_to_I10interchange,SB,0.01,0.18,42.8
12/14/2024 5:00,varnerrd_to_I10interchange,SB,0.05,0.24,32.4
12/14/2024 6:00,varnerrd_to_I10interchange,SB,0.05,0.24,32
12/14/2024 7:00,varnerrd_to_I10interchange,SB,0.41,0.6,13.2
12/14/2024 8:00,varnerrd_to_I10interchange,SB,0.28,0.47,17.1
12/14/2024 9:00,varnerrd_to_I10interchange,SB,0.38,0.57,14.6
12/14/2024 10:00,varnerrd_to_I10interchange,SB,0.36,0.54,14.7
12/14/2024 11:00,varnerrd_to_I10interchange,SB,0.42,0.61,13.4
12/14/2024 12:00,varnerrd_to_I10interchange,SB,0.39,0.58,13.8
12/14/2024 13:00,varnerrd_to_I10interchange,SB,0.3,0.48,16.1
12/14/2024 14:00,varnerrd_to_I10interchange,SB,0.36,0.55,14.6
12/14/2024 15:00,varnerrd_to_I10interchange,SB,0.35,0.53,15.7
12/14/2024 16:00,varnerrd_to_I10interchange,SB,0.23,0.42,19.5
12/14/2024 17:00,varnerrd_to_I10interchange,SB,0.25,0.43,18.1
12/14/2024 18:00,varnerrd_to_I10interchange,SB,0.42,0.61,13
12/14/2024 19:00,varnerrd_to_I10interchange,SB,0.37,0.56,15.7
12/14/2024 20:00,varnerrd_to_I10interchange,SB,0.36,0.55,15.7
12/14/2024 21:00,varnerrd_to_I10interchange,SB,0.42,0.61,13.1
12/14/2024 22:00,varnerrd_to_I10interchange,SB,0.32,0.51,15.3
12/14/2024 23:00,varnerrd_to_I10interchange,SB,0.27,0.45,17
12/15/2024 0:00,varnerrd_to_I10interchange,SB,0.06,0.24,30.9
12/15/2024 1:00,varnerrd_to_I10interchange,SB,0.09,0.27,28.2
12/15/2024 2:00,varnerrd_to_I10interchange,SB,0.13,0.32,25.6
12/15/2024 3:00,varnerrd_to_I10interchange,SB,0.02,0.2,39.5
12/15/2024 4:00,varnerrd_to_I10interchange,SB,0.05,0.23,33.5
12/15/2024 5:00,varnerrd_to_I10interchange,SB,0.03,0.21,35.7
12/15/2024 6:00,varnerrd_to_I10interchange,SB,0.17,0.35,25.6
12/15/2024 7:00,varnerrd_to_I10interchange,SB,0.34,0.53,14.6
12/15/2024 8:00,varnerrd_to_I10interchange,SB,0.3,0.49,17.1
12/15/2024 9:00,varnerrd_to_I10interchange,SB,0.23,0.42,19.2
12/15/2024 10:00,varnerrd_to_I10interchange,SB,0.27,0.46,17.9
12/15/2024 11:00,varnerrd_to_I10interchange,SB,0.38,0.57,14.3
12/15/2024 12:00,varnerrd_to_I10interchange,SB,0.29,0.47,17.3
12/15/2024 13:00,varnerrd_to_I10interchange,SB,0.37,0.56,15
12/15/2024 14:00,varnerrd_to_I10interchange,SB,0.32,0.51,16.2
12/15/2024 15:00,varnerrd_to_I10interchange,SB,0.36,0.55,14.3
12/15/2024 16:00,varnerrd_to_I10interchange,SB,0.44,0.63,12.9
12/15/2024 17:00,varnerrd_to_I10interchange,SB,0.41,0.6,13.8
12/15/2024 18:00,varnerrd_to_I10interchange,SB,0.27,0.46,17.5
12/15/2024 19:00,varnerrd_to_I10interchange,SB,0.16,0.35,22.5
12/15/2024 20:00,varnerrd_to_I10interchange,SB,0.34,0.52,15.2
12/15/2024 21:00,varnerrd_to_I10interchange,SB,0.25,0.44,19
12/15/2024 22:00,varnerrd_to_I10interchange,SB,0.24,0.43,20.9
12/15/2024 23:00,varnerrd_to_I10interchange,SB,0.23,0.41,20.1
12/16/2024 0:00,varnerrd_to_I10interchange,SB,0.09,0.27,31.7
12/16/2024 1:00,varnerrd_to_I10interchange,SB,0.02,0.2,37.3
12/16/2024 2:00,varnerrd_to_I10interchange,SB,0.02,0.19,39.8
12/16/2024 3:00,varnerrd_to_I10interchange,SB,0.05,0.23,33.7
12/16/2024 4:00,varnerrd_to_I10interchange,SB,0.17,0.36,22.5
12/16/2024 5:00,varnerrd_to_I10interchange,SB,0.18,0.37,21.5
12/16/2024 6:00,varnerrd_to_I10interchange,SB,0.27,0.45,18.4
12/16/2024 7:00,varnerrd_to_I10interchange,SB,0.3,0.49,15.9
12/16/2024 8:00,varnerrd_to_I10interchange,SB,0.36,0.55,14.6
12/16/2024 9:00,varnerrd_to_I10interchange,SB,0.27,0.46,17.8
12/16/2024 10:00,varnerrd_to_I10interchange,SB,0.28,0.46,16.8
12/16/2024 11:00,varnerrd_to_I10interchange,SB,0.4,0.59,13.7
12/16/2024 12:00,varnerrd_to_I10interchange,SB,0.3,0.49,16
12/16/2024 13:00,varnerrd_to_I10interchange,SB,0.34,0.53,15.2
12/16/2024 14:00,varnerrd_to_I10interchange,SB,0.43,0.62,12.9
12/16/2024 15:00,varnerrd_to_I10interchange,SB,0.37,0.56,15.5
12/16/2024 16:00,varnerrd_to_I10interchange,SB,0.35,0.54,15.1
12/16/2024 17:00,varnerrd_to_I10interchange,SB,0.41,0.6,13.1
12/16/2024 18:00,varnerrd_to_I10interchange,SB,0.36,0.55,14.4
12/16/2024 19:00,varnerrd_to_I10interchange,SB,0.34,0.53,16.1
12/16/2024 20:00,varnerrd_to_I10interchange,SB,0.32,0.51,15.3
12/16/2024 21:00,varnerrd_to_I10interchange,SB,0.3,0.48,16.5
12/16/2024 22:00,varnerrd_to_I10interchange,SB,0.22,0.41,20.6
12/16/2024 23:00,varnerrd_to_I10interchange,SB,0.09,0.27,28.2
12/17/2024 0:00,varnerrd_to_I10interchange,SB,0.03,0.21,35.4
12/17/2024 1:00,varnerrd_to_I10interchange,SB,0.11,0.29,28.2
12/17/2024 2:00,varnerrd_to_I10interchange,SB,0.01,0.19,40.7
12/17/2024 3:00,varnerrd_to_I10interchange,SB,0,0.18,42.8
12/17/2024 4:00,varnerrd_to_I10interchange,SB,0.06,0.24,32.4
12/17/2024 5:00,varnerrd_to_I10interchange,SB,0.16,0.35,22.7
12/17/2024 6:00,varnerrd_to_I10interchange,SB,0.38,0.57,13.9
12/17/2024 7:00,varnerrd_to_I10interchange,SB,0.38,0.57,15.1
12/17/2024 8:00,varnerrd_to_I10interchange,SB,0.33,0.52,15.8
12/17/2024 9:00,varnerrd_to_I10interchange,SB,0.36,0.55,14.4
12/17/2024 10:00,varnerrd_to_I10interchange,SB,0.29,0.47,16.5
12/17/2024 11:00,varnerrd_to_I10interchange,SB,0.33,0.52,14.9
12/17/2024 12:00,varnerrd_to_I10interchange,SB,0.29,0.48,16.2
12/17/2024 13:00,varnerrd_to_I10interchange,SB,0.33,0.52,15.1
12/17/2024 14:00,varnerrd_to_I10interchange,SB,0.37,0.56,14.3
12/17/2024 15:00,varnerrd_to_I10interchange,SB,0.37,0.56,13.9
12/17/2024 16:00,varnerrd_to_I10interchange,SB,0.29,0.48,16.1
12/17/2024 17:00,varnerrd_to_I10interchange,SB,0.38,0.57,13.9
12/17/2024 18:00,varnerrd_to_I10interchange,SB,0.37,0.56,14.1
12/17/2024 19:00,varnerrd_to_I10interchange,SB,0.32,0.5,16
12/17/2024 20:00,varnerrd_to_I10interchange,SB,0.24,0.43,18.6
12/17/2024 21:00,varnerrd_to_I10interchange,SB,0.15,0.34,23
12/17/2024 22:00,varnerrd_to_I10interchange,SB,0.13,0.31,24.7
12/17/2024 23:00,varnerrd_to_I10interchange,SB,0.09,0.27,28.4
12/18/2024 0:00,varnerrd_to_I10interchange,SB,0.13,0.32,25.8
12/18/2024 1:00,varnerrd_to_I10interchange,SB,0.04,0.23,34.6
12/18/2024 2:00,varnerrd_to_I10interchange,SB,0.01,0.19,40.7
12/18/2024 3:00,varnerrd_to_I10interchange,SB,0.01,0.18,41.2
12/18/2024 4:00,varnerrd_to_I10interchange,SB,0.08,0.27,28.8
12/18/2024 5:00,varnerrd_to_I10interchange,SB,0.14,0.33,25.7
12/18/2024 6:00,varnerrd_to_I10interchange,SB,0.44,0.62,12.7
12/18/2024 7:00,varnerrd_to_I10interchange,SB,0.43,0.62,13
12/18/2024 8:00,varnerrd_to_I10interchange,SB,0.4,0.59,13.2
12/18/2024 9:00,varnerrd_to_I10interchange,SB,0.29,0.48,16.6
12/18/2024 10:00,varnerrd_to_I10interchange,SB,0.47,0.65,12.1
12/18/2024 11:00,varnerrd_to_I10interchange,SB,0.3,0.49,16.2
12/18/2024 12:00,varnerrd_to_I10interchange,SB,0.29,0.48,16
12/18/2024 13:00,varnerrd_to_I10interchange,SB,0.34,0.53,15.2
12/18/2024 14:00,varnerrd_to_I10interchange,SB,0.35,0.53,14.7
12/18/2024 15:00,varnerrd_to_I10interchange,SB,0.33,0.52,15
12/18/2024 16:00,varnerrd_to_I10interchange,SB,0.39,0.57,14.7
12/18/2024 17:00,varnerrd_to_I10interchange,SB,0.28,0.47,17
12/18/2024 18:00,varnerrd_to_I10interchange,SB,0.27,0.45,17.7
12/18/2024 19:00,varnerrd_to_I10interchange,SB,0.3,0.49,18.9
12/18/2024 20:00,varnerrd_to_I10interchange,SB,0.31,0.49,16.1
12/18/2024 21:00,varnerrd_to_I10interchange,SB,0.35,0.53,14.3
12/18/2024 22:00,varnerrd_to_I10interchange,SB,0.27,0.46,17.1
12/18/2024 23:00,varnerrd_to_I10interchange,SB,0.11,0.3,25.6
12/19/2024 0:00,varnerrd_to_I10interchange,SB,0.12,0.31,24.7
12/19/2024 1:00,varnerrd_to_I10interchange,SB,0.07,0.25,31.5
12/19/2024 2:00,varnerrd_to_I10interchange,SB,0.06,0.25,31.4
12/19/2024 3:00,varnerrd_to_I10interchange,SB,0.02,0.19,39.5
12/19/2024 4:00,varnerrd_to_I10interchange,SB,0.04,0.23,33.2
12/19/2024 5:00,varnerrd_to_I10interchange,SB,0.08,0.26,29.3
12/19/2024 6:00,varnerrd_to_I10interchange,SB,0.36,0.55,14.5
12/19/2024 7:00,varnerrd_to_I10interchange,SB,0.31,0.5,15.5
12/19/2024 8:00,varnerrd_to_I10interchange,SB,0.35,0.54,14.6
12/19/2024 9:00,varnerrd_to_I10interchange,SB,0.36,0.55,14.5
12/19/2024 10:00,varnerrd_to_I10interchange,SB,0.36,0.55,14
12/19/2024 11:00,varnerrd_to_I10interchange,SB,0.29,0.48,16.4
12/19/2024 12:00,varnerrd_to_I10interchange,SB,0.32,0.5,15.6
12/19/2024 13:00,varnerrd_to_I10interchange,SB,0.31,0.5,15.3
12/19/2024 14:00,varnerrd_to_I10interchange,SB,0.26,0.45,17.3
12/19/2024 15:00,varnerrd_to_I10interchange,SB,0.32,0.5,16.6
12/19/2024 16:00,varnerrd_to_I10interchange,SB,0.33,0.52,15
12/19/2024 17:00,varnerrd_to_I10interchange,SB,0.55,0.74,10.8
12/19/2024 18:00,varnerrd_to_I10interchange,SB,0.3,0.49,16.6
12/19/2024 19:00,varnerrd_to_I10interchange,SB,0.26,0.45,18.6
12/19/2024 20:00,varnerrd_to_I10interchange,SB,0.36,0.54,15
12/19/2024 21:00,varnerrd_to_I10interchange,SB,0.33,0.52,15.2
12/19/2024 22:00,varnerrd_to_I10interchange,SB,0.14,0.32,24.7
12/19/2024 23:00,varnerrd_to_I10interchange,SB,0.05,0.24,31.6
12/20/2024 0:00,varnerrd_to_I10interchange,SB,0.02,0.2,37.6
12/20/2024 1:00,varnerrd_to_I10interchange,SB,0.06,0.25,32
12/20/2024 2:00,varnerrd_to_I10interchange,SB,0.09,0.28,27.8
12/20/2024 3:00,varnerrd_to_I10interchange,SB,0.04,0.22,34.4
12/20/2024 4:00,varnerrd_to_I10interchange,SB,0.03,0.2,38.3
12/20/2024 5:00,varnerrd_to_I10interchange,SB,0.13,0.32,25.4
12/20/2024 6:00,varnerrd_to_I10interchange,SB,0.22,0.41,19.8
12/20/2024 7:00,varnerrd_to_I10interchange,SB,0.41,0.6,13
12/20/2024 8:00,varnerrd_to_I10interchange,SB,0.38,0.57,13.8
12/20/2024 9:00,varnerrd_to_I10interchange,SB,0.4,0.59,13.5
12/20/2024 10:00,varnerrd_to_I10interchange,SB,0.24,0.43,18.5
12/20/2024 11:00,varnerrd_to_I10interchange,SB,0.38,0.57,13.8
12/20/2024 12:00,varnerrd_to_I10interchange,SB,0.31,0.5,15.7
12/20/2024 13:00,varnerrd_to_I10interchange,SB,0.29,0.47,16.7
12/20/2024 14:00,varnerrd_to_I10interchange,SB,0.32,0.51,15.3
12/20/2024 15:00,varnerrd_to_I10interchange,SB,0.28,0.47,16.4
12/20/2024 16:00,varnerrd_to_I10interchange,SB,0.27,0.46,18.1
12/20/2024 17:00,varnerrd_to_I10interchange,SB,0.37,0.56,14.1
12/20/2024 18:00,varnerrd_to_I10interchange,SB,0.31,0.5,15.8
12/20/2024 19:00,varnerrd_to_I10interchange,SB,0.39,0.58,13.8
12/20/2024 20:00,varnerrd_to_I10interchange,SB,0.51,0.69,11.4
12/20/2024 21:00,varnerrd_to_I10interchange,SB,0.22,0.41,19
12/20/2024 22:00,varnerrd_to_I10interchange,SB,0.3,0.48,16.7
12/20/2024 23:00,varnerrd_to_I10interchange,SB,0.28,0.47,17.4
12/21/2024 0:00,varnerrd_to_I10interchange,SB,0.27,0.46,18.8
12/21/2024 1:00,varnerrd_to_I10interchange,SB,0.07,0.25,30.8
12/21/2024 2:00,varnerrd_to_I10interchange,SB,0.06,0.24,32.7
12/21/2024 3:00,varnerrd_to_I10interchange,SB,0.1,0.27,32.1
12/21/2024 4:00,varnerrd_to_I10interchange,SB,0.07,0.26,29.3
12/21/2024 5:00,varnerrd_to_I10interchange,SB,0.12,0.31,24.4
12/21/2024 6:00,varnerrd_to_I10interchange,SB,0.3,0.49,16.1
12/21/2024 7:00,varnerrd_to_I10interchange,SB,0.39,0.57,15.3
12/21/2024 8:00,varnerrd_to_I10interchange,SB,0.34,0.53,14.4
12/21/2024 9:00,varnerrd_to_I10interchange,SB,0.22,0.41,18.9
12/21/2024 10:00,varnerrd_to_I10interchange,SB,0.32,0.5,16.2
12/21/2024 11:00,varnerrd_to_I10interchange,SB,0.28,0.47,17.4
12/21/2024 12:00,varnerrd_to_I10interchange,SB,0.31,0.49,15.8
12/21/2024 13:00,varnerrd_to_I10interchange,SB,0.31,0.5,15.9
12/21/2024 14:00,varnerrd_to_I10interchange,SB,0.34,0.53,14.9
12/21/2024 15:00,varnerrd_to_I10interchange,SB,0.32,0.51,15.7
12/21/2024 16:00,varnerrd_to_I10interchange,SB,0.28,0.47,16.8
12/21/2024 17:00,varnerrd_to_I10interchange,SB,0.37,0.56,13.9
12/21/2024 18:00,varnerrd_to_I10interchange,SB,0.41,0.6,14.2
12/21/2024 19:00,varnerrd_to_I10interchange,SB,0.29,0.48,18
12/21/2024 20:00,varnerrd_to_I10interchange,SB,0.26,0.45,18
12/21/2024 21:00,varnerrd_to_I10interchange,SB,0.48,0.67,11.8
12/21/2024 22:00,varnerrd_to_I10interchange,SB,0.25,0.43,19.9
12/21/2024 23:00,varnerrd_to_I10interchange,SB,0.17,0.35,22.2
12/22/2024 0:00,varnerrd_to_I10interchange,SB,0.1,0.29,27.4
12/22/2024 1:00,varnerrd_to_I10interchange,SB,0.09,0.27,28.6
12/22/2024 2:00,varnerrd_to_I10interchange,SB,0.09,0.28,27.6
12/22/2024 3:00,varnerrd_to_I10interchange,SB,0.15,0.34,24.4
12/22/2024 4:00,varnerrd_to_I10interchange,SB,0.08,0.27,28
12/22/2024 5:00,varnerrd_to_I10interchange,SB,0.12,0.3,25.8
12/22/2024 6:00,varnerrd_to_I10interchange,SB,0.13,0.31,26.6
12/22/2024 7:00,varnerrd_to_I10interchange,SB,0.2,0.39,19.8
12/22/2024 8:00,varnerrd_to_I10interchange,SB,0.39,0.58,14
12/22/2024 9:00,varnerrd_to_I10interchange,SB,0.44,0.63,13.2
12/22/2024 10:00,varnerrd_to_I10interchange,SB,0.29,0.48,16.9
12/22/2024 11:00,varnerrd_to_I10interchange,SB,0.32,0.51,15.1
12/22/2024 12:00,varnerrd_to_I10interchange,SB,0.35,0.53,15
12/22/2024 13:00,varnerrd_to_I10interchange,SB,0.31,0.5,15.7
12/22/2024 14:00,varnerrd_to_I10interchange,SB,0.37,0.55,15.2
12/22/2024 15:00,varnerrd_to_I10interchange,SB,0.43,0.62,12.7
12/22/2024 16:00,varnerrd_to_I10interchange,SB,0.32,0.51,15.5
12/22/2024 17:00,varnerrd_to_I10interchange,SB,0.46,0.65,12.2
12/22/2024 18:00,varnerrd_to_I10interchange,SB,0.43,0.61,13
12/22/2024 19:00,varnerrd_to_I10interchange,SB,0.36,0.55,15.1
12/22/2024 20:00,varnerrd_to_I10interchange,SB,0.17,0.36,21
12/22/2024 21:00,varnerrd_to_I10interchange,SB,0.29,0.48,16.9
12/22/2024 22:00,varnerrd_to_I10interchange,SB,0.19,0.38,21.1
12/22/2024 23:00,varnerrd_to_I10interchange,SB,0.22,0.4,19.5
12/23/2024 0:00,varnerrd_to_I10interchange,SB,0.08,0.26,29.3
12/23/2024 1:00,varnerrd_to_I10interchange,SB,0,0.18,42.7
12/23/2024 2:00,varnerrd_to_I10interchange,SB,0.03,0.21,35.5
12/23/2024 3:00,varnerrd_to_I10interchange,SB,0.01,0.19,40.6
12/23/2024 4:00,varnerrd_to_I10interchange,SB,0.08,0.26,30.2
12/23/2024 5:00,varnerrd_to_I10interchange,SB,0.04,0.22,35
12/23/2024 6:00,varnerrd_to_I10interchange,SB,0.37,0.56,14.7
12/23/2024 7:00,varnerrd_to_I10interchange,SB,0.32,0.51,16.2
12/23/2024 8:00,varnerrd_to_I10interchange,SB,0.37,0.56,15.2
12/23/2024 9:00,varnerrd_to_I10interchange,SB,0.33,0.52,15.3
12/23/2024 10:00,varnerrd_to_I10interchange,SB,0.39,0.58,13.9
12/23/2024 11:00,varnerrd_to_I10interchange,SB,0.44,0.62,12.2
12/23/2024 12:00,varnerrd_to_I10interchange,SB,0.33,0.52,15.4
12/23/2024 13:00,varnerrd_to_I10interchange,SB,0.25,0.43,17.9
12/23/2024 14:00,varnerrd_to_I10interchange,SB,0.39,0.57,13.4
12/23/2024 15:00,varnerrd_to_I10interchange,SB,0.33,0.52,15.2
12/23/2024 16:00,varnerrd_to_I10interchange,SB,0.32,0.51,15.3
12/23/2024 17:00,varnerrd_to_I10interchange,SB,0.34,0.53,15.9
12/23/2024 18:00,varnerrd_to_I10interchange,SB,0.37,0.56,14
12/23/2024 19:00,varnerrd_to_I10interchange,SB,0.52,0.71,11.1
12/23/2024 20:00,varnerrd_to_I10interchange,SB,0.37,0.56,15.9
12/23/2024 21:00,varnerrd_to_I10interchange,SB,0.34,0.52,15.4
12/23/2024 22:00,varnerrd_to_I10interchange,SB,0.13,0.32,24.3
12/23/2024 23:00,varnerrd_to_I10interchange,SB,0.21,0.39,22.4
12/24/2024 0:00,varnerrd_to_I10interchange,SB,0.06,0.25,32.1
12/24/2024 1:00,varnerrd_to_I10interchange,SB,0.15,0.33,24.1
12/24/2024 2:00,varnerrd_to_I10interchange,SB,0.06,0.25,31
12/24/2024 3:00,varnerrd_to_I10interchange,SB,0.05,0.24,32.3
12/24/2024 4:00,varnerrd_to_I10interchange,SB,0.05,0.23,33.4
12/24/2024 5:00,varnerrd_to_I10interchange,SB,0.07,0.26,29.5
12/24/2024 6:00,varnerrd_to_I10interchange,SB,0.19,0.38,22.9
12/24/2024 7:00,varnerrd_to_I10interchange,SB,0.23,0.42,18.6
12/24/2024 8:00,varnerrd_to_I10interchange,SB,0.23,0.42,19.2
12/24/2024 9:00,varnerrd_to_I10interchange,SB,0.4,0.59,13.3
12/24/2024 10:00,varnerrd_to_I10interchange,SB,0.3,0.49,16.2
12/24/2024 11:00,varnerrd_to_I10interchange,SB,0.32,0.51,16.5
12/24/2024 12:00,varnerrd_to_I10interchange,SB,0.44,0.63,12.4
12/24/2024 13:00,varnerrd_to_I10interchange,SB,0.25,0.44,18.2
12/24/2024 14:00,varnerrd_to_I10interchange,SB,0.3,0.49,16.3
12/24/2024 15:00,varnerrd_to_I10interchange,SB,0.32,0.51,16.6
12/24/2024 16:00,varnerrd_to_I10interchange,SB,0.28,0.47,16.7
12/24/2024 17:00,varnerrd_to_I10interchange,SB,0.44,0.63,12.6
12/24/2024 18:00,varnerrd_to_I10interchange,SB,0.38,0.57,14.3
12/24/2024 19:00,varnerrd_to_I10interchange,SB,0.31,0.5,15.5
12/24/2024 20:00,varnerrd_to_I10interchange,SB,0.17,0.36,21.8
12/24/2024 21:00,varnerrd_to_I10interchange,SB,0.22,0.41,19.6
12/24/2024 22:00,varnerrd_to_I10interchange,SB,0.31,0.49,16.9
12/24/2024 23:00,varnerrd_to_I10interchange,SB,0.29,0.48,18.3
12/25/2024 0:00,varnerrd_to_I10interchange,SB,0.32,0.5,15.2
12/25/2024 1:00,varnerrd_to_I10interchange,SB,0.1,0.29,28.3
12/25/2024 2:00,varnerrd_to_I10interchange,SB,0.15,0.33,22.9
12/25/2024 3:00,varnerrd_to_I10interchange,SB,0.13,0.31,31.1
12/25/2024 4:00,varnerrd_to_I10interchange,SB,0,0.17,43.6
12/25/2024 5:00,varnerrd_to_I10interchange,SB,0.03,0.21,36.1
12/25/2024 6:00,varnerrd_to_I10interchange,SB,0.03,0.22,35
12/25/2024 7:00,varnerrd_to_I10interchange,SB,0.17,0.36,23.4
12/25/2024 8:00,varnerrd_to_I10interchange,SB,0.27,0.46,19.3
12/25/2024 9:00,varnerrd_to_I10interchange,SB,0.12,0.31,25.1
12/25/2024 10:00,varnerrd_to_I10interchange,SB,0.35,0.54,14.2
12/25/2024 11:00,varnerrd_to_I10interchange,SB,0.38,0.57,14.1
12/25/2024 12:00,varnerrd_to_I10interchange,SB,0.31,0.5,16.4
12/25/2024 13:00,varnerrd_to_I10interchange,SB,0.22,0.41,20.1
12/25/2024 14:00,varnerrd_to_I10interchange,SB,0.32,0.51,15.6
12/25/2024 15:00,varnerrd_to_I10interchange,SB,0.43,0.62,15.1
12/25/2024 16:00,varnerrd_to_I10interchange,SB,0.28,0.47,18.7
12/25/2024 17:00,varnerrd_to_I10interchange,SB,0.38,0.57,14.4
12/25/2024 18:00,varnerrd_to_I10interchange,SB,0.31,0.49,16
12/25/2024 19:00,varnerrd_to_I10interchange,SB,0.24,0.43,20.4
12/25/2024 20:00,varnerrd_to_I10interchange,SB,0.26,0.44,18.9
12/25/2024 21:00,varnerrd_to_I10interchange,SB,0.24,0.42,19.2
12/25/2024 22:00,varnerrd_to_I10interchange,SB,0.24,0.43,18.4
12/25/2024 23:00,varnerrd_to_I10interchange,SB,0.13,0.31,25.4
12/26/2024 0:00,varnerrd_to_I10interchange,SB,0.05,0.24,32.2
12/26/2024 1:00,varnerrd_to_I10interchange,SB,0.02,0.19,39.7
12/26/2024 2:00,varnerrd_to_I10interchange,SB,0.07,0.26,30.6
12/26/2024 3:00,varnerrd_to_I10interchange,SB,0.09,0.27,29.7
12/26/2024 4:00,varnerrd_to_I10interchange,SB,0.05,0.23,35
12/26/2024 5:00,varnerrd_to_I10interchange,SB,0.23,0.41,18.8
12/26/2024 6:00,varnerrd_to_I10interchange,SB,0.23,0.42,19
12/26/2024 7:00,varnerrd_to_I10interchange,SB,0.3,0.49,16.1
12/26/2024 8:00,varnerrd_to_I10interchange,SB,0.23,0.42,18.8
12/26/2024 9:00,varnerrd_to_I10interchange,SB,0.36,0.55,14
12/26/2024 10:00,varnerrd_to_I10interchange,SB,0.42,0.61,12.9
12/26/2024 11:00,varnerrd_to_I10interchange,SB,0.29,0.48,16.7
12/26/2024 12:00,varnerrd_to_I10interchange,SB,0.33,0.51,15.4
12/26/2024 13:00,varnerrd_to_I10interchange,SB,0.35,0.54,14.8
12/26/2024 14:00,varnerrd_to_I10interchange,SB,0.33,0.52,15.1
12/26/2024 15:00,varnerrd_to_I10interchange,SB,0.44,0.63,12.7
12/26/2024 16:00,varnerrd_to_I10interchange,SB,0.32,0.5,15.5
12/26/2024 17:00,varnerrd_to_I10interchange,SB,0.42,0.61,12.7
12/26/2024 18:00,varnerrd_to_I10interchange,SB,0.46,0.65,12.2
12/26/2024 19:00,varnerrd_to_I10interchange,SB,0.27,0.46,18.3
12/26/2024 20:00,varnerrd_to_I10interchange,SB,0.33,0.52,15.2
12/26/2024 21:00,varnerrd_to_I10interchange,SB,0.33,0.51,15.9
12/26/2024 22:00,varnerrd_to_I10interchange,SB,0.18,0.37,20.9
12/26/2024 23:00,varnerrd_to_I10interchange,SB,0.21,0.39,20.7
12/27/2024 0:00,varnerrd_to_I10interchange,SB,0.03,0.21,35.7
12/27/2024 1:00,varnerrd_to_I10interchange,SB,0.06,0.24,31.2
12/27/2024 2:00,varnerrd_to_I10interchange,SB,0.06,0.25,30.9
12/27/2024 3:00,varnerrd_to_I10interchange,SB,0.02,0.2,38
12/27/2024 4:00,varnerrd_to_I10interchange,SB,0.07,0.26,29.5
12/27/2024 5:00,varnerrd_to_I10interchange,SB,0.11,0.3,25.6
12/27/2024 6:00,varnerrd_to_I10interchange,SB,0.2,0.38,21.6
12/27/2024 7:00,varnerrd_to_I10interchange,SB,0.28,0.47,16.3
12/27/2024 8:00,varnerrd_to_I10interchange,SB,0.28,0.47,16.9
12/27/2024 9:00,varnerrd_to_I10interchange,SB,0.31,0.5,16
12/27/2024 10:00,varnerrd_to_I10interchange,SB,0.28,0.47,16.6
12/27/2024 11:00,varnerrd_to_I10interchange,SB,0.38,0.56,14.2
12/27/2024 12:00,varnerrd_to_I10interchange,SB,0.35,0.53,15.2
12/27/2024 13:00,varnerrd_to_I10interchange,SB,0.35,0.54,14.6
12/27/2024 14:00,varnerrd_to_I10interchange,SB,0.39,0.57,13.5
12/27/2024 15:00,varnerrd_to_I10interchange,SB,0.36,0.55,14.2
12/27/2024 16:00,varnerrd_to_I10interchange,SB,0.38,0.57,13.8
12/27/2024 17:00,varnerrd_to_I10interchange,SB,0.46,0.65,12.4
12/27/2024 18:00,varnerrd_to_I10interchange,SB,0.33,0.52,14.7
12/27/2024 19:00,varnerrd_to_I10interchange,SB,0.15,0.34,24
12/27/2024 20:00,varnerrd_to_I10interchange,SB,0.17,0.35,22
12/27/2024 21:00,varnerrd_to_I10interchange,SB,0.2,0.39,20.4
12/27/2024 22:00,varnerrd_to_I10interchange,SB,0.13,0.32,24
12/27/2024 23:00,varnerrd_to_I10interchange,SB,0.11,0.29,26.1
12/28/2024 0:00,varnerrd_to_I10interchange,SB,0.14,0.33,25.1
12/28/2024 1:00,varnerrd_to_I10interchange,SB,0.08,0.26,28.8
12/28/2024 2:00,varnerrd_to_I10interchange,SB,0.05,0.23,32.7
12/28/2024 3:00,varnerrd_to_I10interchange,SB,0.01,0.19,40
12/28/2024 4:00,varnerrd_to_I10interchange,SB,0.03,0.18,46.1
12/28/2024 5:00,varnerrd_to_I10interchange,SB,0.11,0.3,26.7
12/28/2024 6:00,varnerrd_to_I10interchange,SB,0.11,0.3,25.6
12/28/2024 7:00,varnerrd_to_I10interchange,SB,0.44,0.62,13.2
12/28/2024 8:00,varnerrd_to_I10interchange,SB,0.29,0.48,17.6
12/28/2024 9:00,varnerrd_to_I10interchange,SB,0.27,0.46,17.7
12/28/2024 10:00,varnerrd_to_I10interchange,SB,0.24,0.43,18.4
12/28/2024 11:00,varnerrd_to_I10interchange,SB,0.33,0.52,15.4
12/28/2024 12:00,varnerrd_to_I10interchange,SB,0.42,0.61,13
12/28/2024 13:00,varnerrd_to_I10interchange,SB,0.36,0.55,14.1
12/28/2024 14:00,varnerrd_to_I10interchange,SB,0.37,0.56,13.9
12/28/2024 15:00,varnerrd_to_I10interchange,SB,0.36,0.54,15
12/28/2024 16:00,varnerrd_to_I10interchange,SB,0.35,0.53,15.1
12/28/2024 17:00,varnerrd_to_I10interchange,SB,0.41,0.6,13.3
12/28/2024 18:00,varnerrd_to_I10interchange,SB,0.44,0.62,14.6
12/28/2024 19:00,varnerrd_to_I10interchange,SB,0.43,0.62,13.6
12/28/2024 20:00,varnerrd_to_I10interchange,SB,0.4,0.59,13.9
12/28/2024 21:00,varnerrd_to_I10interchange,SB,0.25,0.44,18.7
12/28/2024 22:00,varnerrd_to_I10interchange,SB,0.31,0.5,15.9
12/28/2024 23:00,varnerrd_to_I10interchange,SB,0.36,0.55,14.7
12/29/2024 0:00,varnerrd_to_I10interchange,SB,0.08,0.26,29.5
12/29/2024 1:00,varnerrd_to_I10interchange,SB,0.13,0.32,26.5
12/29/2024 2:00,varnerrd_to_I10interchange,SB,0.07,0.25,29.9
12/29/2024 3:00,varnerrd_to_I10interchange,SB,0.04,0.22,35
12/29/2024 4:00,varnerrd_to_I10interchange,SB,0.06,0.24,32
12/29/2024 5:00,varnerrd_to_I10interchange,SB,0.19,0.38,20.5
12/29/2024 6:00,varnerrd_to_I10interchange,SB,0.09,0.27,28.2
12/29/2024 7:00,varnerrd_to_I10interchange,SB,0.22,0.41,21.7
12/29/2024 8:00,varnerrd_to_I10interchange,SB,0.31,0.5,16.8
12/29/2024 9:00,varnerrd_to_I10interchange,SB,0.28,0.47,16.9
12/29/2024 10:00,varnerrd_to_I10interchange,SB,0.31,0.5,16.4
12/29/2024 11:00,varnerrd_to_I10interchange,SB,0.32,0.51,15.8
12/29/2024 12:00,varnerrd_to_I10interchange,SB,0.29,0.48,17.2
12/29/2024 13:00,varnerrd_to_I10interchange,SB,0.27,0.46,17.6
12/29/2024 14:00,varnerrd_to_I10interchange,SB,0.34,0.53,15.2
12/29/2024 15:00,varnerrd_to_I10interchange,SB,0.4,0.59,13.6
12/29/2024 16:00,varnerrd_to_I10interchange,SB,0.3,0.49,16.3
12/29/2024 17:00,varnerrd_to_I10interchange,SB,0.44,0.63,13.4
12/29/2024 18:00,varnerrd_to_I10interchange,SB,0.38,0.56,13.8
12/29/2024 19:00,varnerrd_to_I10interchange,SB,0.33,0.52,15.5
12/29/2024 20:00,varnerrd_to_I10interchange,SB,0.31,0.5,16.2
12/29/2024 21:00,varnerrd_to_I10interchange,SB,0.21,0.4,19.5
12/29/2024 22:00,varnerrd_to_I10interchange,SB,0.08,0.27,28.8
12/29/2024 23:00,varnerrd_to_I10interchange,SB,0.09,0.27,28.2
12/30/2024 0:00,varnerrd_to_I10interchange,SB,0.1,0.29,26.9
12/30/2024 1:00,varnerrd_to_I10interchange,SB,0.15,0.34,27.8
12/30/2024 2:00,varnerrd_to_I10interchange,SB,0.05,0.23,34.1
12/30/2024 3:00,varnerrd_to_I10interchange,SB,0.01,0.19,41.2
12/30/2024 4:00,varnerrd_to_I10interchange,SB,0.04,0.23,33.6
12/30/2024 5:00,varnerrd_to_I10interchange,SB,0.04,0.23,33.6
12/30/2024 6:00,varnerrd_to_I10interchange,SB,0.19,0.38,24.5
12/30/2024 7:00,varnerrd_to_I10interchange,SB,0.27,0.45,17.5
12/30/2024 8:00,varnerrd_to_I10interchange,SB,0.35,0.54,14.3
12/30/2024 9:00,varnerrd_to_I10interchange,SB,0.34,0.53,14.5
12/30/2024 10:00,varnerrd_to_I10interchange,SB,0.25,0.44,18.1
12/30/2024 11:00,varnerrd_to_I10interchange,SB,0.34,0.53,15
12/30/2024 12:00,varnerrd_to_I10interchange,SB,0.29,0.48,16.7
12/30/2024 13:00,varnerrd_to_I10interchange,SB,0.35,0.54,14.5
12/30/2024 14:00,varnerrd_to_I10interchange,SB,0.3,0.49,15.8
12/30/2024 15:00,varnerrd_to_I10interchange,SB,0.27,0.45,18.3
12/30/2024 16:00,varnerrd_to_I10interchange,SB,0.3,0.48,16.4
12/30/2024 17:00,varnerrd_to_I10interchange,SB,0.4,0.59,13.1
12/30/2024 18:00,varnerrd_to_I10interchange,SB,0.33,0.52,15.5
12/30/2024 19:00,varnerrd_to_I10interchange,SB,0.26,0.45,17.9
12/30/2024 20:00,varnerrd_to_I10interchange,SB,0.37,0.56,15.2
12/30/2024 21:00,varnerrd_to_I10interchange,SB,0.16,0.35,23.1
12/30/2024 22:00,varnerrd_to_I10interchange,SB,0.17,0.36,22.9
12/30/2024 23:00,varnerrd_to_I10interchange,SB,0.26,0.45,18.3
12/31/2024 0:00,varnerrd_to_I10interchange,SB,0.05,0.24,32.6
12/31/2024 1:00,varnerrd_to_I10interchange,SB,0,0.17,44
12/31/2024 2:00,varnerrd_to_I10interchange,SB,0.06,0.24,35.4
12/31/2024 3:00,varnerrd_to_I10interchange,SB,0.16,0.35,26.2
12/31/2024 4:00,varnerrd_to_I10interchange,SB,0.06,0.24,31
12/31/2024 5:00,varnerrd_to_I10interchange,SB,0.11,0.3,26.8
12/31/2024 6:00,varnerrd_to_I10interchange,SB,0.42,0.61,12.5
12/31/2024 7:00,varnerrd_to_I10interchange,SB,0.47,0.66,12.3
12/31/2024 8:00,varnerrd_to_I10interchange,SB,0.35,0.53,16.3
12/31/2024 9:00,varnerrd_to_I10interchange,SB,0.27,0.46,17.8
12/31/2024 10:00,varnerrd_to_I10interchange,SB,0.33,0.52,15.7
12/31/2024 11:00,varnerrd_to_I10interchange,SB,0.32,0.51,15.6
12/31/2024 12:00,varnerrd_to_I10interchange,SB,0.31,0.5,15.8
12/31/2024 13:00,varnerrd_to_I10interchange,SB,0.29,0.48,16.3
12/31/2024 14:00,varnerrd_to_I10interchange,SB,0.3,0.48,16.8
12/31/2024 15:00,varnerrd_to_I10interchange,SB,0.35,0.54,15.3
12/31/2024 16:00,varnerrd_to_I10interchange,SB,0.39,0.58,14.2
12/31/2024 17:00,varnerrd_to_I10interchange,SB,0.41,0.6,14.1
12/31/2024 18:00,varnerrd_to_I10interchange,SB,0.29,0.47,16.7
12/31/2024 19:00,varnerrd_to_I10interchange,SB,0.36,0.55,16
12/31/2024 20:00,varnerrd_to_I10interchange,SB,0.37,0.56,14.7
12/31/2024 21:00,varnerrd_to_I10interchange,SB,0.2,0.39,20.5
12/31/2024 22:00,varnerrd_to_I10interchange,SB,0.3,0.49,17
12/31/2024 23:00,varnerrd_to_I10interchange,SB,0.2,0.38,21.7
1/1/2025 0:00,varnerrd_to_I10interchange,SB,0.16,0.34,22.8
1/1/2025 1:00,varnerrd_to_I10interchange,SB,0.22,0.4,18.9
1/1/2025 2:00,varnerrd_to_I10interchange,SB,0.1,0.28,27.7
1/1/2025 3:00,varnerrd_to_I10interchange,SB,0.1,0.29,27.2
1/1/2025 4:00,varnerrd_to_I10interchange,SB,0.09,0.28,27.4
1/1/2025 5:00,varnerrd_to_I10interchange,SB,0.06,0.25,30.4
1/1/2025 6:00,varnerrd_to_I10interchange,SB,0.25,0.44,18.2
1/1/2025 7:00,varnerrd_to_I10interchange,SB,0.3,0.49,16
1/1/2025 8:00,varnerrd_to_I10interchange,SB,0.15,0.34,24.2
1/1/2025 9:00,varnerrd_to_I10interchange,SB,0.18,0.37,21
1/1/2025 10:00,varnerrd_to_I10interchange,SB,0.26,0.45,19
1/1/2025 11:00,varnerrd_to_I10interchange,SB,0.27,0.45,18.1
1/1/2025 12:00,varnerrd_to_I10interchange,SB,0.29,0.47,17
1/1/2025 13:00,varnerrd_to_I10interchange,SB,0.26,0.45,18.5
1/1/2025 14:00,varnerrd_to_I10interchange,SB,0.41,0.6,13.2
1/1/2025 15:00,varnerrd_to_I10interchange,SB,0.31,0.5,15.9
1/1/2025 16:00,varnerrd_to_I10interchange,SB,0.53,0.72,11
1/1/2025 17:00,varnerrd_to_I10interchange,SB,0.41,0.6,12.9
1/1/2025 18:00,varnerrd_to_I10interchange,SB,0.37,0.56,14.7
1/1/2025 19:00,varnerrd_to_I10interchange,SB,0.26,0.45,18.4
1/1/2025 20:00,varnerrd_to_I10interchange,SB,0.32,0.5,15.8
1/1/2025 21:00,varnerrd_to_I10interchange,SB,0.13,0.32,24.1
1/1/2025 22:00,varnerrd_to_I10interchange,SB,0.25,0.44,18.1
1/1/2025 23:00,varnerrd_to_I10interchange,SB,0.14,0.33,23.2
1/2/2025 0:00,varnerrd_to_I10interchange,SB,0.12,0.31,25.1
1/2/2025 1:00,varnerrd_to_I10interchange,SB,0.08,0.26,32.2
1/2/2025 2:00,varnerrd_to_I10interchange,SB,0.01,0.18,41.6
1/2/2025 3:00,varnerrd_to_I10interchange,SB,0.07,0.25,34.7
1/2/2025 4:00,varnerrd_to_I10interchange,SB,0.15,0.33,25.3
1/2/2025 5:00,varnerrd_to_I10interchange,SB,0.08,0.26,28.9
1/2/2025 6:00,varnerrd_to_I10interchange,SB,0.32,0.51,16.3
1/2/2025 7:00,varnerrd_to_I10interchange,SB,0.34,0.52,15.2
1/2/2025 8:00,varnerrd_to_I10interchange,SB,0.37,0.56,14
1/2/2025 9:00,varnerrd_to_I10interchange,SB,0.38,0.57,13.8
1/2/2025 10:00,varnerrd_to_I10interchange,SB,0.36,0.55,14.1
1/2/2025 11:00,varnerrd_to_I10interchange,SB,0.28,0.47,16.9
1/2/2025 12:00,varnerrd_to_I10interchange,SB,0.32,0.51,16.4
1/2/2025 13:00,varnerrd_to_I10interchange,SB,0.32,0.51,15.4
1/2/2025 14:00,varnerrd_to_I10interchange,SB,0.38,0.56,14
1/2/2025 15:00,varnerrd_to_I10interchange,SB,0.39,0.57,13.6
1/2/2025 16:00,varnerrd_to_I10interchange,SB,0.27,0.46,16.9
1/2/2025 17:00,varnerrd_to_I10interchange,SB,0.31,0.5,16
1/2/2025 18:00,varnerrd_to_I10interchange,SB,0.35,0.54,14.4
1/2/2025 19:00,varnerrd_to_I10interchange,SB,0.28,0.47,19.2
1/2/2025 20:00,varnerrd_to_I10interchange,SB,0.27,0.45,17.1
1/2/2025 21:00,varnerrd_to_I10interchange,SB,0.22,0.41,19.1
1/2/2025 22:00,varnerrd_to_I10interchange,SB,0.2,0.38,20.7
1/2/2025 23:00,varnerrd_to_I10interchange,SB,0.07,0.25,31.3
1/3/2025 0:00,varnerrd_to_I10interchange,SB,0.03,0.2,38.3
1/3/2025 1:00,varnerrd_to_I10interchange,SB,0.13,0.31,27.4
1/3/2025 2:00,varnerrd_to_I10interchange,SB,0.04,0.22,35.4
1/3/2025 3:00,varnerrd_to_I10interchange,SB,0.05,0.24,33.8
1/3/2025 4:00,varnerrd_to_I10interchange,SB,0.21,0.39,22.1
1/3/2025 5:00,varnerrd_to_I10interchange,SB,0.17,0.36,23.1
1/3/2025 6:00,varnerrd_to_I10interchange,SB,0.23,0.42,18.7
1/3/2025 7:00,varnerrd_to_I10interchange,SB,0.32,0.51,15.5
1/3/2025 8:00,varnerrd_to_I10interchange,SB,0.39,0.58,13.6
1/3/2025 9:00,varnerrd_to_I10interchange,SB,0.28,0.47,16.5
1/3/2025 10:00,varnerrd_to_I10interchange,SB,0.26,0.45,17.9
1/3/2025 11:00,varnerrd_to_I10interchange,SB,0.28,0.46,16.9
1/3/2025 12:00,varnerrd_to_I10interchange,SB,0.39,0.58,13.7
1/3/2025 13:00,varnerrd_to_I10interchange,SB,0.39,0.58,13.9
1/3/2025 14:00,varnerrd_to_I10interchange,SB,0.27,0.46,17
1/3/2025 15:00,varnerrd_to_I10interchange,SB,0.31,0.5,16.2
1/3/2025 16:00,varnerrd_to_I10interchange,SB,0.34,0.52,15.2
1/3/2025 17:00,varnerrd_to_I10interchange,SB,0.32,0.51,16.1
1/3/2025 18:00,varnerrd_to_I10interchange,SB,0.38,0.56,13.9
1/3/2025 19:00,varnerrd_to_I10interchange,SB,0.4,0.59,13.3
1/3/2025 20:00,varnerrd_to_I10interchange,SB,0.35,0.54,15.3
1/3/2025 21:00,varnerrd_to_I10interchange,SB,0.21,0.4,21.5
1/3/2025 22:00,varnerrd_to_I10interchange,SB,0.2,0.38,22.2
1/3/2025 23:00,varnerrd_to_I10interchange,SB,0.07,0.26,29.7
1/4/2025 0:00,varnerrd_to_I10interchange,SB,0.08,0.26,30.5
1/4/2025 1:00,varnerrd_to_I10interchange,SB,0.19,0.37,21.8
1/4/2025 2:00,varnerrd_to_I10interchange,SB,0.06,0.23,34.6
1/4/2025 3:00,varnerrd_to_I10interchange,SB,0.01,0.19,39.8
1/4/2025 4:00,varnerrd_to_I10interchange,SB,0.03,0.21,37.3
1/4/2025 5:00,varnerrd_to_I10interchange,SB,0.12,0.3,24.9
1/4/2025 6:00,varnerrd_to_I10interchange,SB,0.37,0.55,17.7
1/4/2025 7:00,varnerrd_to_I10interchange,SB,0.35,0.54,16.2
1/4/2025 8:00,varnerrd_to_I10interchange,SB,0.38,0.56,14.6
1/4/2025 9:00,varnerrd_to_I10interchange,SB,0.27,0.46,17.3
1/4/2025 10:00,varnerrd_to_I10interchange,SB,0.25,0.43,17.6
1/4/2025 11:00,varnerrd_to_I10interchange,SB,0.3,0.49,16.2
1/4/2025 12:00,varnerrd_to_I10interchange,SB,0.2,0.39,19.9
1/4/2025 13:00,varnerrd_to_I10interchange,SB,0.34,0.53,14.6
1/4/2025 14:00,varnerrd_to_I10interchange,SB,0.34,0.53,14.9
1/4/2025 15:00,varnerrd_to_I10interchange,SB,0.48,0.66,12
1/4/2025 16:00,varnerrd_to_I10interchange,SB,0.33,0.52,15.3
1/4/2025 17:00,varnerrd_to_I10interchange,SB,0.23,0.42,19.3
1/4/2025 18:00,varnerrd_to_I10interchange,SB,0.37,0.56,14.5
1/4/2025 19:00,varnerrd_to_I10interchange,SB,0.4,0.59,15.2
1/4/2025 20:00,varnerrd_to_I10interchange,SB,0.4,0.59,13.6
1/4/2025 21:00,varnerrd_to_I10interchange,SB,0.31,0.5,16
1/4/2025 22:00,varnerrd_to_I10interchange,SB,0.26,0.44,17.4
1/4/2025 23:00,varnerrd_to_I10interchange,SB,0.18,0.37,22.2
1/5/2025 0:00,varnerrd_to_I10interchange,SB,0.18,0.36,25.3
1/5/2025 1:00,varnerrd_to_I10interchange,SB,0.25,0.43,20.1
1/5/2025 2:00,varnerrd_to_I10interchange,SB,0.03,0.21,37.5
1/5/2025 3:00,varnerrd_to_I10interchange,SB,0,0.17,44
1/5/2025 4:00,varnerrd_to_I10interchange,SB,0.05,0.22,37.3
1/5/2025 5:00,varnerrd_to_I10interchange,SB,0.05,0.23,32.6
1/5/2025 6:00,varnerrd_to_I10interchange,SB,0.19,0.37,22.3
1/5/2025 7:00,varnerrd_to_I10interchange,SB,0.14,0.33,24.4
1/5/2025 8:00,varnerrd_to_I10interchange,SB,0.27,0.46,17.5
1/5/2025 9:00,varnerrd_to_I10interchange,SB,0.23,0.42,20.2
1/5/2025 10:00,varnerrd_to_I10interchange,SB,0.3,0.49,16.2
1/5/2025 11:00,varnerrd_to_I10interchange,SB,0.3,0.48,16
1/5/2025 12:00,varnerrd_to_I10interchange,SB,0.38,0.57,14.2
1/5/2025 13:00,varnerrd_to_I10interchange,SB,0.31,0.5,15.5
1/5/2025 14:00,varnerrd_to_I10interchange,SB,0.28,0.46,17.9
1/5/2025 15:00,varnerrd_to_I10interchange,SB,0.39,0.58,13.6
1/5/2025 16:00,varnerrd_to_I10interchange,SB,0.37,0.56,14.2
1/5/2025 17:00,varnerrd_to_I10interchange,SB,0.34,0.52,15
1/5/2025 18:00,varnerrd_to_I10interchange,SB,0.36,0.54,14.9
1/5/2025 19:00,varnerrd_to_I10interchange,SB,0.45,0.63,12.8
1/5/2025 20:00,varnerrd_to_I10interchange,SB,0.37,0.56,13.9
1/5/2025 21:00,varnerrd_to_I10interchange,SB,0.44,0.63,13.9
1/5/2025 22:00,varnerrd_to_I10interchange,SB,0.17,0.36,22.5
1/5/2025 23:00,varnerrd_to_I10interchange,SB,0.19,0.37,20.3
1/6/2025 0:00,varnerrd_to_I10interchange,SB,0.07,0.25,30
1/6/2025 1:00,varnerrd_to_I10interchange,SB,0.02,0.2,38.2
1/6/2025 2:00,varnerrd_to_I10interchange,SB,0.02,0.21,36.7
1/6/2025 3:00,varnerrd_to_I10interchange,SB,0.03,0.21,38.7
1/6/2025 4:00,varnerrd_to_I10interchange,SB,0.05,0.24,32.7
1/6/2025 5:00,varnerrd_to_I10interchange,SB,0.2,0.39,21.2
1/6/2025 6:00,varnerrd_to_I10interchange,SB,0.32,0.51,15.8
1/6/2025 7:00,varnerrd_to_I10interchange,SB,0.39,0.58,13.8
1/6/2025 8:00,varnerrd_to_I10interchange,SB,0.28,0.47,17
1/6/2025 9:00,varnerrd_to_I10interchange,SB,0.33,0.52,15.5
1/6/2025 10:00,varnerrd_to_I10interchange,SB,0.29,0.48,16.2
1/6/2025 11:00,varnerrd_to_I10interchange,SB,0.28,0.46,16.8
1/6/2025 12:00,varnerrd_to_I10interchange,SB,0.27,0.46,17
1/6/2025 13:00,varnerrd_to_I10interchange,SB,0.25,0.44,19.1
1/6/2025 14:00,varnerrd_to_I10interchange,SB,0.33,0.52,14.8
1/6/2025 15:00,varnerrd_to_I10interchange,SB,0.33,0.52,15
1/6/2025 16:00,varnerrd_to_I10interchange,SB,0.38,0.57,14.4
1/6/2025 17:00,varnerrd_to_I10interchange,SB,0.31,0.5,16.6
1/6/2025 18:00,varnerrd_to_I10interchange,SB,0.32,0.51,15.7
1/6/2025 19:00,varnerrd_to_I10interchange,SB,0.44,0.62,13
1/6/2025 20:00,varnerrd_to_I10interchange,SB,0.32,0.51,15.2
1/6/2025 21:00,varnerrd_to_I10interchange,SB,0.31,0.5,16.7
1/6/2025 22:00,varnerrd_to_I10interchange,SB,0.13,0.31,26.1
1/6/2025 23:00,varnerrd_to_I10interchange,SB,0.09,0.27,29
1/7/2025 0:00,varnerrd_to_I10interchange,SB,0.02,0.2,38.3
1/7/2025 1:00,varnerrd_to_I10interchange,SB,0.03,0.22,34.7
1/7/2025 2:00,varnerrd_to_I10interchange,SB,0,0.18,42.1
1/7/2025 3:00,varnerrd_to_I10interchange,SB,0,0.17,44
1/7/2025 4:00,varnerrd_to_I10interchange,SB,0.02,0.21,37.5
1/7/2025 5:00,varnerrd_to_I10interchange,SB,0.17,0.36,23.1
1/7/2025 6:00,varnerrd_to_I10interchange,SB,0.12,0.31,25.1
1/7/2025 7:00,varnerrd_to_I10interchange,SB,0.36,0.55,14.8
1/7/2025 8:00,varnerrd_to_I10interchange,SB,0.46,0.65,12.1
1/7/2025 9:00,varnerrd_to_I10interchange,SB,0.23,0.42,19.2
1/7/2025 10:00,varnerrd_to_I10interchange,SB,0.34,0.53,15.5
1/7/2025 11:00,varnerrd_to_I10interchange,SB,0.29,0.48,16.3
1/7/2025 12:00,varnerrd_to_I10interchange,SB,0.28,0.47,16.4
1/7/2025 13:00,varnerrd_to_I10interchange,SB,0.35,0.54,16.1
1/7/2025 14:00,varnerrd_to_I10interchange,SB,0.28,0.46,16.8
1/7/2025 15:00,varnerrd_to_I10interchange,SB,0.34,0.53,15.4
1/7/2025 16:00,varnerrd_to_I10interchange,SB,0.28,0.47,17.3
1/7/2025 17:00,varnerrd_to_I10interchange,SB,0.37,0.56,14.3
1/7/2025 18:00,varnerrd_to_I10interchange,SB,0.36,0.55,14.4
1/7/2025 19:00,varnerrd_to_I10interchange,SB,0.1,0.28,32.7
1/7/2025 20:00,varnerrd_to_I10interchange,SB,0.37,0.56,14.3
1/7/2025 21:00,varnerrd_to_I10interchange,SB,0.17,0.35,22.2
1/7/2025 22:00,varnerrd_to_I10interchange,SB,0.17,0.36,21.6
1/7/2025 23:00,varnerrd_to_I10interchange,SB,0.08,0.26,29.3
1/8/2025 0:00,varnerrd_to_I10interchange,SB,0.03,0.21,38.2
1/8/2025 1:00,varnerrd_to_I10interchange,SB,0.12,0.29,30.8
1/8/2025 2:00,varnerrd_to_I10interchange,SB,0.01,0.19,39.5
1/8/2025 3:00,varnerrd_to_I10interchange,SB,0.07,0.25,29.8
1/8/2025 4:00,varnerrd_to_I10interchange,SB,0.05,0.24,31.3
1/8/2025 5:00,varnerrd_to_I10interchange,SB,0.12,0.31,25.2
1/8/2025 6:00,varnerrd_to_I10interchange,SB,0.26,0.45,18.7
1/8/2025 7:00,varnerrd_to_I10interchange,SB,0.37,0.56,14.4
1/8/2025 8:00,varnerrd_to_I10interchange,SB,0.35,0.54,14.4
1/8/2025 9:00,varnerrd_to_I10interchange,SB,0.31,0.5,15.8
1/8/2025 10:00,varnerrd_to_I10interchange,SB,0.33,0.51,15.5
1/8/2025 11:00,varnerrd_to_I10interchange,SB,0.29,0.48,16.7
1/8/2025 12:00,varnerrd_to_I10interchange,SB,0.3,0.49,16.1
1/8/2025 13:00,varnerrd_to_I10interchange,SB,0.38,0.57,13.8
1/8/2025 14:00,varnerrd_to_I10interchange,SB,0.34,0.53,15.5
1/8/2025 15:00,varnerrd_to_I10interchange,SB,0.39,0.57,13.9
1/8/2025 16:00,varnerrd_to_I10interchange,SB,0.35,0.53,14.7
1/8/2025 17:00,varnerrd_to_I10interchange,SB,0.42,0.61,12.7
1/8/2025 18:00,varnerrd_to_I10interchange,SB,0.41,0.6,13.6
1/8/2025 19:00,varnerrd_to_I10interchange,SB,0.41,0.59,13.3
1/8/2025 20:00,varnerrd_to_I10interchange,SB,0.29,0.48,17.2
1/8/2025 21:00,varnerrd_to_I10interchange,SB,0.35,0.54,15.2
1/8/2025 22:00,varnerrd_to_I10interchange,SB,0.31,0.5,16.9
1/8/2025 23:00,varnerrd_to_I10interchange,SB,0.07,0.26,31.2
1/9/2025 0:00,varnerrd_to_I10interchange,SB,0.08,0.27,28.3
1/9/2025 1:00,varnerrd_to_I10interchange,SB,0.11,0.29,27
1/9/2025 2:00,varnerrd_to_I10interchange,SB,0.05,0.23,34.4
1/9/2025 3:00,varnerrd_to_I10interchange,SB,0,0.18,42.8
1/9/2025 4:00,varnerrd_to_I10interchange,SB,0.07,0.26,30.8
1/9/2025 5:00,varnerrd_to_I10interchange,SB,0.16,0.34,23.8
1/9/2025 6:00,varnerrd_to_I10interchange,SB,0.29,0.47,17.5
1/9/2025 7:00,varnerrd_to_I10interchange,SB,0.37,0.56,14.2
1/9/2025 8:00,varnerrd_to_I10interchange,SB,0.4,0.58,13
1/9/2025 9:00,varnerrd_to_I10interchange,SB,0.32,0.51,16.6
1/9/2025 10:00,varnerrd_to_I10interchange,SB,0.42,0.6,12.9
1/9/2025 11:00,varnerrd_to_I10interchange,SB,0.23,0.42,19.1
1/9/2025 12:00,varnerrd_to_I10interchange,SB,0.33,0.52,15.1
1/9/2025 13:00,varnerrd_to_I10interchange,SB,0.25,0.44,17.7
1/9/2025 14:00,varnerrd_to_I10interchange,SB,0.36,0.54,14.8
1/9/2025 15:00,varnerrd_to_I10interchange,SB,0.34,0.53,14.9
1/9/2025 16:00,varnerrd_to_I10interchange,SB,0.4,0.59,13.6
1/9/2025 17:00,varnerrd_to_I10interchange,SB,0.34,0.53,15.3
1/9/2025 18:00,varnerrd_to_I10interchange,SB,0.23,0.42,19.8
1/9/2025 19:00,varnerrd_to_I10interchange,SB,0.36,0.55,15.7
1/9/2025 20:00,varnerrd_to_I10interchange,SB,0.35,0.53,16.3
1/9/2025 21:00,varnerrd_to_I10interchange,SB,0.32,0.51,16.3
1/9/2025 22:00,varnerrd_to_I10interchange,SB,0.22,0.41,19
1/9/2025 23:00,varnerrd_to_I10interchange,SB,0.11,0.29,27.1
1/10/2025 0:00,varnerrd_to_I10interchange,SB,0.09,0.27,28.1
1/10/2025 1:00,varnerrd_to_I10interchange,SB,0.1,0.28,28.5
1/10/2025 2:00,varnerrd_to_I10interchange,SB,0.06,0.24,33.1
1/10/2025 3:00,varnerrd_to_I10interchange,SB,0.01,0.18,41.4
1/10/2025 4:00,varnerrd_to_I10interchange,SB,0.06,0.23,34.7
1/10/2025 5:00,varnerrd_to_I10interchange,SB,0.19,0.38,20.3
1/10/2025 6:00,varnerrd_to_I10interchange,SB,0.27,0.46,18.2
1/10/2025 7:00,varnerrd_to_I10interchange,SB,0.32,0.51,15
1/10/2025 8:00,varnerrd_to_I10interchange,SB,0.3,0.49,16
1/10/2025 9:00,varnerrd_to_I10interchange,SB,0.46,0.65,12.4
1/10/2025 10:00,varnerrd_to_I10interchange,SB,0.29,0.48,16.6
1/10/2025 11:00,varnerrd_to_I10interchange,SB,0.32,0.51,15.7
1/10/2025 12:00,varnerrd_to_I10interchange,SB,0.28,0.47,17.8
1/10/2025 13:00,varnerrd_to_I10interchange,SB,0.37,0.55,13.8
1/10/2025 14:00,varnerrd_to_I10interchange,SB,0.23,0.42,18.5
1/10/2025 15:00,varnerrd_to_I10interchange,SB,0.32,0.51,15.4
1/10/2025 16:00,varnerrd_to_I10interchange,SB,0.32,0.5,15.6
1/10/2025 17:00,varnerrd_to_I10interchange,SB,0.31,0.5,16
1/10/2025 18:00,varnerrd_to_I10interchange,SB,0.3,0.48,16.2
1/10/2025 19:00,varnerrd_to_I10interchange,SB,0.4,0.58,13.5
1/10/2025 20:00,varnerrd_to_I10interchange,SB,0.34,0.53,14.4
1/10/2025 21:00,varnerrd_to_I10interchange,SB,0.37,0.55,14.2
1/10/2025 22:00,varnerrd_to_I10interchange,SB,0.3,0.49,16.8
1/10/2025 23:00,varnerrd_to_I10interchange,SB,0.22,0.4,19.4
1/11/2025 0:00,varnerrd_to_I10interchange,SB,0.05,0.23,35.4
1/11/2025 1:00,varnerrd_to_I10interchange,SB,0.03,0.21,37.3
1/11/2025 2:00,varnerrd_to_I10interchange,SB,0.03,0.21,37.7
1/11/2025 3:00,varnerrd_to_I10interchange,SB,0.06,0.24,35.5
1/11/2025 4:00,varnerrd_to_I10interchange,SB,0.07,0.25,31.2
1/11/2025 5:00,varnerrd_to_I10interchange,SB,0.12,0.3,26.2
1/11/2025 6:00,varnerrd_to_I10interchange,SB,0.21,0.39,20.3
1/11/2025 7:00,varnerrd_to_I10interchange,SB,0.34,0.53,15.9
1/11/2025 8:00,varnerrd_to_I10interchange,SB,0.24,0.43,20.1
1/11/2025 9:00,varnerrd_to_I10interchange,SB,0.38,0.56,14.1
1/11/2025 10:00,varnerrd_to_I10interchange,SB,0.34,0.52,15.2
1/11/2025 11:00,varnerrd_to_I10interchange,SB,0.29,0.48,16.3
1/11/2025 12:00,varnerrd_to_I10interchange,SB,0.3,0.48,16.7
1/11/2025 13:00,varnerrd_to_I10interchange,SB,0.29,0.47,16.3
1/11/2025 14:00,varnerrd_to_I10interchange,SB,0.44,0.63,13.3
1/11/2025 15:00,varnerrd_to_I10interchange,SB,0.4,0.59,15.1
1/11/2025 16:00,varnerrd_to_I10interchange,SB,0.34,0.53,15.2
1/11/2025 17:00,varnerrd_to_I10interchange,SB,0.33,0.51,15.5
1/11/2025 18:00,varnerrd_to_I10interchange,SB,0.28,0.47,17.6
1/11/2025 19:00,varnerrd_to_I10interchange,SB,0.17,0.36,22.6
1/11/2025 20:00,varnerrd_to_I10interchange,SB,0.23,0.42,20.6
1/11/2025 21:00,varnerrd_to_I10interchange,SB,0.37,0.56,15.4
1/11/2025 22:00,varnerrd_to_I10interchange,SB,0.38,0.57,15.2
1/11/2025 23:00,varnerrd_to_I10interchange,SB,0.26,0.45,17.7
1/12/2025 0:00,varnerrd_to_I10interchange,SB,0.11,0.29,26.3
1/12/2025 1:00,varnerrd_to_I10interchange,SB,0.02,0.2,38
1/12/2025 2:00,varnerrd_to_I10interchange,SB,0.02,0.19,39.2
1/12/2025 3:00,varnerrd_to_I10interchange,SB,0,0.17,43.2
1/12/2025 4:00,varnerrd_to_I10interchange,SB,0.02,0.2,38.5
1/12/2025 5:00,varnerrd_to_I10interchange,SB,0.03,0.22,35
1/12/2025 6:00,varnerrd_to_I10interchange,SB,0.22,0.41,23.2
1/12/2025 7:00,varnerrd_to_I10interchange,SB,0.3,0.49,16.8
1/12/2025 8:00,varnerrd_to_I10interchange,SB,0.26,0.45,18.1
1/12/2025 9:00,varnerrd_to_I10interchange,SB,0.24,0.42,19.4
1/12/2025 10:00,varnerrd_to_I10interchange,SB,0.25,0.43,18.6
1/12/2025 11:00,varnerrd_to_I10interchange,SB,0.39,0.58,13.9
1/12/2025 12:00,varnerrd_to_I10interchange,SB,0.34,0.53,14.7
1/12/2025 13:00,varnerrd_to_I10interchange,SB,0.36,0.55,13.9
1/12/2025 14:00,varnerrd_to_I10interchange,SB,0.36,0.55,14.5
1/12/2025 15:00,varnerrd_to_I10interchange,SB,0.4,0.59,13.8
1/12/2025 16:00,varnerrd_to_I10interchange,SB,0.25,0.44,18
1/12/2025 17:00,varnerrd_to_I10interchange,SB,0.37,0.56,15.2
1/12/2025 18:00,varnerrd_to_I10interchange,SB,0.28,0.47,17.2
1/12/2025 19:00,varnerrd_to_I10interchange,SB,0.34,0.53,14.9
1/12/2025 20:00,varnerrd_to_I10interchange,SB,0.41,0.6,13.1
1/12/2025 21:00,varnerrd_to_I10interchange,SB,0.25,0.43,18.2
1/12/2025 22:00,varnerrd_to_I10interchange,SB,0.22,0.41,20.1
1/12/2025 23:00,varnerrd_to_I10interchange,SB,0.14,0.32,24.1
1/13/2025 0:00,varnerrd_to_I10interchange,SB,0.06,0.24,31.7
1/13/2025 1:00,varnerrd_to_I10interchange,SB,0,0.17,44
1/13/2025 2:00,varnerrd_to_I10interchange,SB,0,0.17,44
1/13/2025 3:00,varnerrd_to_I10interchange,SB,0.01,0.18,42.4
1/13/2025 4:00,varnerrd_to_I10interchange,SB,0.19,0.38,21.7
1/13/2025 5:00,varnerrd_to_I10interchange,SB,0.13,0.31,25.3
1/13/2025 6:00,varnerrd_to_I10interchange,SB,0.31,0.5,16
1/13/2025 7:00,varnerrd_to_I10interchange,SB,0.39,0.57,14
1/13/2025 8:00,varnerrd_to_I10interchange,SB,0.46,0.65,11.7
1/13/2025 9:00,varnerrd_to_I10interchange,SB,0.31,0.5,15.8
1/13/2025 10:00,varnerrd_to_I10interchange,SB,0.3,0.49,15.7
1/13/2025 11:00,varnerrd_to_I10interchange,SB,0.42,0.61,12.7
1/13/2025 12:00,varnerrd_to_I10interchange,SB,0.24,0.42,19.1
1/13/2025 13:00,varnerrd_to_I10interchange,SB,0.31,0.5,16.6
1/13/2025 14:00,varnerrd_to_I10interchange,SB,0.37,0.56,14
1/13/2025 15:00,varnerrd_to_I10interchange,SB,0.36,0.55,14.2
1/13/2025 16:00,varnerrd_to_I10interchange,SB,0.3,0.49,16
1/13/2025 17:00,varnerrd_to_I10interchange,SB,0.33,0.51,15.3
1/13/2025 18:00,varnerrd_to_I10interchange,SB,0.29,0.48,16.2
1/13/2025 19:00,varnerrd_to_I10interchange,SB,0.31,0.5,16.9
1/13/2025 20:00,varnerrd_to_I10interchange,SB,0.2,0.39,20.1
1/13/2025 21:00,varnerrd_to_I10interchange,SB,0.16,0.35,24.2
1/13/2025 22:00,varnerrd_to_I10interchange,SB,0.12,0.31,25.3
1/13/2025 23:00,varnerrd_to_I10interchange,SB,0.07,0.25,30.3
1/14/2025 0:00,varnerrd_to_I10interchange,SB,0.12,0.31,24.6
1/14/2025 1:00,varnerrd_to_I10interchange,SB,0.05,0.24,32.2
1/14/2025 2:00,varnerrd_to_I10interchange,SB,0.03,0.22,35.3
1/14/2025 3:00,varnerrd_to_I10interchange,SB,0.02,0.2,37.4
1/14/2025 4:00,varnerrd_to_I10interchange,SB,0.12,0.3,30.2
1/14/2025 5:00,varnerrd_to_I10interchange,SB,0.26,0.44,17.8
1/14/2025 6:00,varnerrd_to_I10interchange,SB,0.39,0.58,15.3
1/14/2025 7:00,varnerrd_to_I10interchange,SB,0.38,0.57,13.7
1/14/2025 8:00,varnerrd_to_I10interchange,SB,0.39,0.57,13.4
1/14/2025 9:00,varnerrd_to_I10interchange,SB,0.44,0.62,12.3
1/14/2025 10:00,varnerrd_to_I10interchange,SB,0.34,0.53,15.3
1/14/2025 11:00,varnerrd_to_I10interchange,SB,0.37,0.56,13.6
1/14/2025 12:00,varnerrd_to_I10interchange,SB,0.45,0.63,12.1
1/14/2025 13:00,varnerrd_to_I10interchange,SB,0.39,0.58,13.5
1/14/2025 14:00,varnerrd_to_I10interchange,SB,0.33,0.52,15
1/14/2025 15:00,varnerrd_to_I10interchange,SB,0.27,0.45,17.1
1/14/2025 16:00,varnerrd_to_I10interchange,SB,0.37,0.55,13.8
1/14/2025 17:00,varnerrd_to_I10interchange,SB,0.29,0.47,16.8
1/14/2025 18:00,varnerrd_to_I10interchange,SB,0.32,0.51,15.5
1/14/2025 19:00,varnerrd_to_I10interchange,SB,0.34,0.53,15.2
1/14/2025 20:00,varnerrd_to_I10interchange,SB,0.41,0.6,14.7
1/14/2025 21:00,varnerrd_to_I10interchange,SB,0.23,0.41,20.4
1/14/2025 22:00,varnerrd_to_I10interchange,SB,0.24,0.42,19.2
1/14/2025 23:00,varnerrd_to_I10interchange,SB,0.08,0.27,29.1
1/15/2025 0:00,varnerrd_to_I10interchange,SB,0.05,0.24,32.2
1/15/2025 1:00,varnerrd_to_I10interchange,SB,0.01,0.19,40.1
1/15/2025 2:00,varnerrd_to_I10interchange,SB,0.04,0.23,34.8
1/15/2025 3:00,varnerrd_to_I10interchange,SB,0.03,0.21,37.1
1/15/2025 4:00,varnerrd_to_I10interchange,SB,0.08,0.26,30
1/15/2025 5:00,varnerrd_to_I10interchange,SB,0.24,0.43,19.9
1/15/2025 6:00,varnerrd_to_I10interchange,SB,0.34,0.53,14.9
1/15/2025 7:00,varnerrd_to_I10interchange,SB,0.37,0.56,14.2
1/15/2025 8:00,varnerrd_to_I10interchange,SB,0.3,0.49,15.9
1/15/2025 9:00,varnerrd_to_I10interchange,SB,0.36,0.54,14.1
1/15/2025 10:00,varnerrd_to_I10interchange,SB,0.39,0.58,14.2
1/15/2025 11:00,varnerrd_to_I10interchange,SB,0.31,0.49,16.9
1/15/2025 12:00,varnerrd_to_I10interchange,SB,0.28,0.47,16.5
1/15/2025 13:00,varnerrd_to_I10interchange,SB,0.36,0.55,14
1/15/2025 14:00,varnerrd_to_I10interchange,SB,0.26,0.45,17.7
1/15/2025 15:00,varnerrd_to_I10interchange,SB,0.28,0.47,16.8
1/15/2025 16:00,varnerrd_to_I10interchange,SB,0.3,0.49,16
1/15/2025 17:00,varnerrd_to_I10interchange,SB,0.34,0.53,15.6
1/15/2025 18:00,varnerrd_to_I10interchange,SB,0.39,0.58,14.7
1/15/2025 19:00,varnerrd_to_I10interchange,SB,0.27,0.46,16.8
1/15/2025 20:00,varnerrd_to_I10interchange,SB,0.3,0.49,18.5
1/15/2025 21:00,varnerrd_to_I10interchange,SB,0.31,0.49,16.4
1/15/2025 22:00,varnerrd_to_I10interchange,SB,0.21,0.39,21.6
1/15/2025 23:00,varnerrd_to_I10interchange,SB,0.14,0.33,24.9
1/16/2025 0:00,varnerrd_to_I10interchange,SB,0.06,0.24,31.6
1/16/2025 1:00,varnerrd_to_I10interchange,SB,0.07,0.25,33.1
1/16/2025 2:00,varnerrd_to_I10interchange,SB,0,0.17,43
1/16/2025 3:00,varnerrd_to_I10interchange,SB,0,0.17,43.2
1/16/2025 4:00,varnerrd_to_I10interchange,SB,0.06,0.25,31.1
1/16/2025 5:00,varnerrd_to_I10interchange,SB,0.12,0.3,26.9
1/16/2025 6:00,varnerrd_to_I10interchange,SB,0.39,0.57,13.9
1/16/2025 7:00,varnerrd_to_I10interchange,SB,0.36,0.55,14.5
1/16/2025 8:00,varnerrd_to_I10interchange,SB,0.43,0.62,12.2
1/16/2025 9:00,varnerrd_to_I10interchange,SB,0.33,0.52,15.8
1/16/2025 10:00,varnerrd_to_I10interchange,SB,0.29,0.48,16.5
1/16/2025 11:00,varnerrd_to_I10interchange,SB,0.29,0.48,17.7
1/16/2025 12:00,varnerrd_to_I10interchange,SB,0.32,0.51,15
1/16/2025 13:00,varnerrd_to_I10interchange,SB,0.34,0.53,14.5
1/16/2025 14:00,varnerrd_to_I10interchange,SB,0.34,0.53,14.7
1/16/2025 15:00,varnerrd_to_I10interchange,SB,0.29,0.48,17.6
1/16/2025 16:00,varnerrd_to_I10interchange,SB,0.36,0.55,14.2
1/16/2025 17:00,varnerrd_to_I10interchange,SB,0.34,0.53,14.7
1/16/2025 18:00,varnerrd_to_I10interchange,SB,0.41,0.59,13.3
1/16/2025 19:00,varnerrd_to_I10interchange,SB,0.33,0.52,15.8
1/16/2025 20:00,varnerrd_to_I10interchange,SB,0.34,0.53,15.5
1/16/2025 21:00,varnerrd_to_I10interchange,SB,0.3,0.48,16.7
1/16/2025 22:00,varnerrd_to_I10interchange,SB,0.24,0.42,19.8
1/16/2025 23:00,varnerrd_to_I10interchange,SB,0.14,0.33,23
1/17/2025 0:00,varnerrd_to_I10interchange,SB,0.2,0.39,19.9
1/17/2025 1:00,varnerrd_to_I10interchange,SB,0.05,0.23,35.5
1/17/2025 2:00,varnerrd_to_I10interchange,SB,0.01,0.18,41.5
1/17/2025 3:00,varnerrd_to_I10interchange,SB,0.06,0.24,31.3
1/17/2025 4:00,varnerrd_to_I10interchange,SB,0.08,0.26,30.9
1/17/2025 5:00,varnerrd_to_I10interchange,SB,0.13,0.32,24.8
1/17/2025 6:00,varnerrd_to_I10interchange,SB,0.42,0.61,13.4
1/17/2025 7:00,varnerrd_to_I10interchange,SB,0.32,0.5,15.2
1/17/2025 8:00,varnerrd_to_I10interchange,SB,0.44,0.62,13.2
1/17/2025 9:00,varnerrd_to_I10interchange,SB,0.3,0.49,15.9
1/17/2025 10:00,varnerrd_to_I10interchange,SB,0.32,0.5,15.6
1/17/2025 11:00,varnerrd_to_I10interchange,SB,0.34,0.52,15.1
1/17/2025 12:00,varnerrd_to_I10interchange,SB,0.28,0.47,16.6
1/17/2025 13:00,varnerrd_to_I10interchange,SB,0.33,0.52,15
1/17/2025 14:00,varnerrd_to_I10interchange,SB,0.35,0.54,14.4
1/17/2025 15:00,varnerrd_to_I10interchange,SB,0.34,0.53,15.2
1/17/2025 16:00,varnerrd_to_I10interchange,SB,0.47,0.66,11.8
1/17/2025 17:00,varnerrd_to_I10interchange,SB,0.35,0.53,14.8
1/17/2025 18:00,varnerrd_to_I10interchange,SB,0.4,0.59,13
1/17/2025 19:00,varnerrd_to_I10interchange,SB,0.38,0.57,13.6
1/17/2025 20:00,varnerrd_to_I10interchange,SB,0.35,0.54,14.5
1/17/2025 21:00,varnerrd_to_I10interchange,SB,0.39,0.58,13.7
1/17/2025 22:00,varnerrd_to_I10interchange,SB,0.25,0.44,18.3
1/17/2025 23:00,varnerrd_to_I10interchange,SB,0.15,0.34,24.9
1/18/2025 0:00,varnerrd_to_I10interchange,SB,0.08,0.26,29
1/18/2025 1:00,varnerrd_to_I10interchange,SB,0.07,0.25,30.7
1/18/2025 2:00,varnerrd_to_I10interchange,SB,0.05,0.23,32.4
1/18/2025 3:00,varnerrd_to_I10interchange,SB,0.04,0.22,34
1/18/2025 4:00,varnerrd_to_I10interchange,SB,0.01,0.19,39.8
1/18/2025 5:00,varnerrd_to_I10interchange,SB,0.03,0.22,35.1
1/18/2025 6:00,varnerrd_to_I10interchange,SB,0.34,0.53,16.2
1/18/2025 7:00,varnerrd_to_I10interchange,SB,0.34,0.53,15.4
1/18/2025 8:00,varnerrd_to_I10interchange,SB,0.33,0.52,15.6
1/18/2025 9:00,varnerrd_to_I10interchange,SB,0.31,0.5,15.6
1/18/2025 10:00,varnerrd_to_I10interchange,SB,0.28,0.46,16.8
1/18/2025 11:00,varnerrd_to_I10interchange,SB,0.33,0.52,15.8
1/18/2025 12:00,varnerrd_to_I10interchange,SB,0.24,0.43,19.5
1/18/2025 13:00,varnerrd_to_I10interchange,SB,0.35,0.53,15.8
1/18/2025 14:00,varnerrd_to_I10interchange,SB,0.42,0.6,13.5
1/18/2025 15:00,varnerrd_to_I10interchange,SB,0.41,0.6,13.4
1/18/2025 16:00,varnerrd_to_I10interchange,SB,0.38,0.56,13.7
1/18/2025 17:00,varnerrd_to_I10interchange,SB,0.44,0.63,13.4
1/18/2025 18:00,varnerrd_to_I10interchange,SB,0.44,0.63,12.3
1/18/2025 19:00,varnerrd_to_I10interchange,SB,0.31,0.5,16
1/18/2025 20:00,varnerrd_to_I10interchange,SB,0.37,0.56,14.1
1/18/2025 21:00,varnerrd_to_I10interchange,SB,0.28,0.46,18
1/18/2025 22:00,varnerrd_to_I10interchange,SB,0.13,0.31,24.9
1/18/2025 23:00,varnerrd_to_I10interchange,SB,0.2,0.39,20.4
1/19/2025 0:00,varnerrd_to_I10interchange,SB,0.09,0.28,28
1/19/2025 1:00,varnerrd_to_I10interchange,SB,0.09,0.27,28.6
1/19/2025 2:00,varnerrd_to_I10interchange,SB,0.01,0.18,41.8
1/19/2025 3:00,varnerrd_to_I10interchange,SB,0.01,0.19,39.2
1/19/2025 4:00,varnerrd_to_I10interchange,SB,0.02,0.19,40.1
1/19/2025 5:00,varnerrd_to_I10interchange,SB,0.06,0.24,32.6
1/19/2025 6:00,varnerrd_to_I10interchange,SB,0.16,0.34,24.2
1/19/2025 7:00,varnerrd_to_I10interchange,SB,0.27,0.46,17.2
1/19/2025 8:00,varnerrd_to_I10interchange,SB,0.32,0.5,16.2
1/19/2025 9:00,varnerrd_to_I10interchange,SB,0.28,0.47,17.2
1/19/2025 10:00,varnerrd_to_I10interchange,SB,0.25,0.44,17.7
1/19/2025 11:00,varnerrd_to_I10interchange,SB,0.37,0.56,14.5
1/19/2025 12:00,varnerrd_to_I10interchange,SB,0.43,0.61,13.7
1/19/2025 13:00,varnerrd_to_I10interchange,SB,0.43,0.62,12.7
1/19/2025 14:00,varnerrd_to_I10interchange,SB,0.41,0.6,12.9
1/19/2025 15:00,varnerrd_to_I10interchange,SB,0.37,0.56,14.5
1/19/2025 16:00,varnerrd_to_I10interchange,SB,0.37,0.56,14.7
1/19/2025 17:00,varnerrd_to_I10interchange,SB,0.34,0.53,15.7
1/19/2025 18:00,varnerrd_to_I10interchange,SB,0.44,0.63,13
1/19/2025 19:00,varnerrd_to_I10interchange,SB,0.32,0.51,15.2
1/19/2025 20:00,varnerrd_to_I10interchange,SB,0.23,0.42,19.4
1/19/2025 21:00,varnerrd_to_I10interchange,SB,0.25,0.44,18.9
1/19/2025 22:00,varnerrd_to_I10interchange,SB,0.13,0.32,25.1
1/19/2025 23:00,varnerrd_to_I10interchange,SB,0.15,0.33,23.9
1/20/2025 0:00,varnerrd_to_I10interchange,SB,0.08,0.26,30.3
1/20/2025 1:00,varnerrd_to_I10interchange,SB,0.04,0.22,34.1
1/20/2025 2:00,varnerrd_to_I10interchange,SB,0.06,0.24,33.5
1/20/2025 3:00,varnerrd_to_I10interchange,SB,0.01,0.18,41.8
1/20/2025 4:00,varnerrd_to_I10interchange,SB,0.22,0.41,19
1/20/2025 5:00,varnerrd_to_I10interchange,SB,0.06,0.25,31.3
1/20/2025 6:00,varnerrd_to_I10interchange,SB,0.22,0.41,19.7
1/20/2025 7:00,varnerrd_to_I10interchange,SB,0.35,0.53,14.3
1/20/2025 8:00,varnerrd_to_I10interchange,SB,0.41,0.59,13.9
1/20/2025 9:00,varnerrd_to_I10interchange,SB,0.39,0.57,14
1/20/2025 10:00,varnerrd_to_I10interchange,SB,0.34,0.53,15.9
1/20/2025 11:00,varnerrd_to_I10interchange,SB,0.35,0.54,14.6
1/20/2025 12:00,varnerrd_to_I10interchange,SB,0.24,0.43,18.4
1/20/2025 13:00,varnerrd_to_I10interchange,SB,0.28,0.47,17.5
1/20/2025 14:00,varnerrd_to_I10interchange,SB,0.32,0.5,16
1/20/2025 15:00,varnerrd_to_I10interchange,SB,0.35,0.54,14.1
1/20/2025 16:00,varnerrd_to_I10interchange,SB,0.29,0.47,16.1
1/20/2025 17:00,varnerrd_to_I10interchange,SB,0.43,0.62,13.4
1/20/2025 18:00,varnerrd_to_I10interchange,SB,0.24,0.42,18.3
1/20/2025 19:00,varnerrd_to_I10interchange,SB,0.41,0.59,13.7
1/20/2025 20:00,varnerrd_to_I10interchange,SB,0.24,0.43,18.8
1/20/2025 21:00,varnerrd_to_I10interchange,SB,0.17,0.36,22
1/20/2025 22:00,varnerrd_to_I10interchange,SB,0.14,0.32,23.6
1/20/2025 23:00,varnerrd_to_I10interchange,SB,0.4,0.59,14
1/21/2025 0:00,varnerrd_to_I10interchange,SB,0.2,0.39,21.8
1/21/2025 1:00,varnerrd_to_I10interchange,SB,0.05,0.23,33.6
1/21/2025 2:00,varnerrd_to_I10interchange,SB,0.1,0.27,33.2
1/21/2025 3:00,varnerrd_to_I10interchange,SB,0.05,0.22,36.5
1/21/2025 4:00,varnerrd_to_I10interchange,SB,0.07,0.25,34.5
1/21/2025 5:00,varnerrd_to_I10interchange,SB,0.16,0.35,22.9
1/21/2025 6:00,varnerrd_to_I10interchange,SB,0.42,0.61,12.6
1/21/2025 7:00,varnerrd_to_I10interchange,SB,0.35,0.53,14.5
1/21/2025 8:00,varnerrd_to_I10interchange,SB,0.37,0.56,13.6
1/21/2025 9:00,varnerrd_to_I10interchange,SB,0.33,0.52,15
1/21/2025 10:00,varnerrd_to_I10interchange,SB,0.31,0.5,15.2
1/21/2025 11:00,varnerrd_to_I10interchange,SB,0.35,0.54,14
1/21/2025 12:00,varnerrd_to_I10interchange,SB,0.29,0.48,16.7
1/21/2025 13:00,varnerrd_to_I10interchange,SB,0.35,0.53,14.5
1/21/2025 14:00,varnerrd_to_I10interchange,SB,0.3,0.49,16.7
1/21/2025 15:00,varnerrd_to_I10interchange,SB,0.42,0.61,12.6
1/21/2025 16:00,varnerrd_to_I10interchange,SB,0.31,0.5,16.4
1/21/2025 17:00,varnerrd_to_I10interchange,SB,0.37,0.56,13.9
1/21/2025 18:00,varnerrd_to_I10interchange,SB,0.34,0.53,14.6
1/21/2025 19:00,varnerrd_to_I10interchange,SB,0.44,0.62,13.3
1/21/2025 20:00,varnerrd_to_I10interchange,SB,0.19,0.38,21.9
1/21/2025 21:00,varnerrd_to_I10interchange,SB,0.13,0.32,26.7
1/21/2025 22:00,varnerrd_to_I10interchange,SB,0.18,0.37,20.9
1/21/2025 23:00,varnerrd_to_I10interchange,SB,0.16,0.34,24
1/22/2025 0:00,varnerrd_to_I10interchange,SB,0.03,0.21,36.8
1/22/2025 1:00,varnerrd_to_I10interchange,SB,0.03,0.21,36.6
1/22/2025 2:00,varnerrd_to_I10interchange,SB,0.02,0.2,38.7
1/22/2025 3:00,varnerrd_to_I10interchange,SB,0.11,0.3,26.2
1/22/2025 4:00,varnerrd_to_I10interchange,SB,0.17,0.35,22.9
1/22/2025 5:00,varnerrd_to_I10interchange,SB,0.22,0.4,19.3
1/22/2025 6:00,varnerrd_to_I10interchange,SB,0.34,0.52,15
1/22/2025 7:00,varnerrd_to_I10interchange,SB,0.38,0.56,13.9
1/22/2025 8:00,varnerrd_to_I10interchange,SB,0.4,0.59,13.4
1/22/2025 9:00,varnerrd_to_I10interchange,SB,0.27,0.46,17.7
1/22/2025 10:00,varnerrd_to_I10interchange,SB,0.29,0.48,16.2
1/22/2025 11:00,varnerrd_to_I10interchange,SB,0.41,0.6,12.9
1/22/2025 12:00,varnerrd_to_I10interchange,SB,0.34,0.53,15.7
1/22/2025 13:00,varnerrd_to_I10interchange,SB,0.35,0.54,14.5
1/22/2025 14:00,varnerrd_to_I10interchange,SB,0.33,0.52,16.3
1/22/2025 15:00,varnerrd_to_I10interchange,SB,0.3,0.49,16.7
1/22/2025 16:00,varnerrd_to_I10interchange,SB,0.46,0.65,12.1
1/22/2025 17:00,varnerrd_to_I10interchange,SB,0.47,0.65,11.8
1/22/2025 18:00,varnerrd_to_I10interchange,SB,0.35,0.54,15.4
1/22/2025 19:00,varnerrd_to_I10interchange,SB,0.26,0.44,17.8
1/22/2025 20:00,varnerrd_to_I10interchange,SB,0.38,0.56,14.7
1/22/2025 21:00,varnerrd_to_I10interchange,SB,0.15,0.34,24.2
1/22/2025 22:00,varnerrd_to_I10interchange,SB,0.22,0.41,19.4
1/22/2025 23:00,varnerrd_to_I10interchange,SB,0.1,0.29,26.3
1/23/2025 0:00,varnerrd_to_I10interchange,SB,0.08,0.26,32.1
1/23/2025 1:00,varnerrd_to_I10interchange,SB,0.06,0.24,33.3
1/23/2025 2:00,varnerrd_to_I10interchange,SB,0.03,0.21,37.3
1/23/2025 3:00,varnerrd_to_I10interchange,SB,0.04,0.21,36.5
1/23/2025 4:00,varnerrd_to_I10interchange,SB,0.05,0.23,32.4
1/23/2025 5:00,varnerrd_to_I10interchange,SB,0.2,0.39,22.7
1/23/2025 6:00,varnerrd_to_I10interchange,SB,0.26,0.45,19.9
1/23/2025 7:00,varnerrd_to_I10interchange,SB,0.37,0.56,13.9
1/23/2025 8:00,varnerrd_to_I10interchange,SB,0.5,0.68,11.8
1/23/2025 9:00,varnerrd_to_I10interchange,SB,0.52,0.71,11.1
1/23/2025 10:00,varnerrd_to_I10interchange,SB,0.26,0.44,17.5
1/23/2025 11:00,varnerrd_to_I10interchange,SB,0.44,0.63,12.2
1/23/2025 12:00,varnerrd_to_I10interchange,SB,0.31,0.49,15.7
1/23/2025 13:00,varnerrd_to_I10interchange,SB,0.36,0.55,14.8
1/23/2025 14:00,varnerrd_to_I10interchange,SB,0.3,0.49,15.7
1/23/2025 15:00,varnerrd_to_I10interchange,SB,0.31,0.5,15.6
1/23/2025 16:00,varnerrd_to_I10interchange,SB,0.43,0.62,13
1/23/2025 17:00,varnerrd_to_I10interchange,SB,0.34,0.53,15
1/23/2025 18:00,varnerrd_to_I10interchange,SB,0.26,0.44,17.9
1/23/2025 19:00,varnerrd_to_I10interchange,SB,0.25,0.44,18.1
1/23/2025 20:00,varnerrd_to_I10interchange,SB,0.26,0.45,18
1/23/2025 21:00,varnerrd_to_I10interchange,SB,0.36,0.54,14.6
1/23/2025 22:00,varnerrd_to_I10interchange,SB,0.34,0.53,15.4
1/23/2025 23:00,varnerrd_to_I10interchange,SB,0.17,0.36,25
1/24/2025 0:00,varnerrd_to_I10interchange,SB,0.07,0.26,28.9
1/24/2025 1:00,varnerrd_to_I10interchange,SB,0.05,0.23,32.6
1/24/2025 2:00,varnerrd_to_I10interchange,SB,0.07,0.25,31.1
1/24/2025 3:00,varnerrd_to_I10interchange,SB,0.01,0.18,41.4
1/24/2025 4:00,varnerrd_to_I10interchange,SB,0.04,0.23,33.7
1/24/2025 5:00,varnerrd_to_I10interchange,SB,0.22,0.41,19.4
1/24/2025 6:00,varnerrd_to_I10interchange,SB,0.12,0.3,25.3
1/24/2025 7:00,varnerrd_to_I10interchange,SB,0.28,0.47,17.6
1/24/2025 8:00,varnerrd_to_I10interchange,SB,0.43,0.61,12.9
1/24/2025 9:00,varnerrd_to_I10interchange,SB,0.28,0.47,17.1
1/24/2025 10:00,varnerrd_to_I10interchange,SB,0.29,0.48,16.5
1/24/2025 11:00,varnerrd_to_I10interchange,SB,0.31,0.49,15.6
1/24/2025 12:00,varnerrd_to_I10interchange,SB,0.31,0.5,15.6
1/24/2025 13:00,varnerrd_to_I10interchange,SB,0.37,0.56,14.4
1/24/2025 14:00,varnerrd_to_I10interchange,SB,0.31,0.5,15.7
1/24/2025 15:00,varnerrd_to_I10interchange,SB,0.36,0.54,13.9
1/24/2025 16:00,varnerrd_to_I10interchange,SB,0.34,0.53,15
1/24/2025 17:00,varnerrd_to_I10interchange,SB,0.31,0.49,16.3
1/24/2025 18:00,varnerrd_to_I10interchange,SB,0.33,0.52,15.4
1/24/2025 19:00,varnerrd_to_I10interchange,SB,0.37,0.55,14.9
1/24/2025 20:00,varnerrd_to_I10interchange,SB,0.31,0.5,16.8
1/24/2025 21:00,varnerrd_to_I10interchange,SB,0.15,0.33,24.6
1/24/2025 22:00,varnerrd_to_I10interchange,SB,0.26,0.45,17.2
1/24/2025 23:00,varnerrd_to_I10interchange,SB,0.11,0.29,27
1/25/2025 0:00,varnerrd_to_I10interchange,SB,0.13,0.31,26.2
1/25/2025 1:00,varnerrd_to_I10interchange,SB,0.03,0.21,37.3
1/25/2025 2:00,varnerrd_to_I10interchange,SB,0.03,0.21,36.3
1/25/2025 3:00,varnerrd_to_I10interchange,SB,0.02,0.21,37
1/25/2025 4:00,varnerrd_to_I10interchange,SB,0.1,0.29,27
1/25/2025 5:00,varnerrd_to_I10interchange,SB,0.13,0.32,25.2
1/25/2025 6:00,varnerrd_to_I10interchange,SB,0.18,0.37,22.1
1/25/2025 7:00,varnerrd_to_I10interchange,SB,0.35,0.53,15.2
1/25/2025 8:00,varnerrd_to_I10interchange,SB,0.33,0.52,15.4
1/25/2025 9:00,varnerrd_to_I10interchange,SB,0.29,0.48,16.7
1/25/2025 10:00,varnerrd_to_I10interchange,SB,0.3,0.49,15.8
1/25/2025 11:00,varnerrd_to_I10interchange,SB,0.36,0.55,15.3
1/25/2025 12:00,varnerrd_to_I10interchange,SB,0.31,0.5,15.9
1/25/2025 13:00,varnerrd_to_I10interchange,SB,0.37,0.56,14.4
1/25/2025 14:00,varnerrd_to_I10interchange,SB,0.44,0.63,12.2
1/25/2025 15:00,varnerrd_to_I10interchange,SB,0.32,0.5,15.6
1/25/2025 16:00,varnerrd_to_I10interchange,SB,0.35,0.54,14.4
1/25/2025 17:00,varnerrd_to_I10interchange,SB,0.29,0.48,17.3
1/25/2025 18:00,varnerrd_to_I10interchange,SB,0.32,0.51,16.1
1/25/2025 19:00,varnerrd_to_I10interchange,SB,0.5,0.69,11.9
1/25/2025 20:00,varnerrd_to_I10interchange,SB,0.26,0.44,18.6
1/25/2025 21:00,varnerrd_to_I10interchange,SB,0.25,0.44,17.6
1/25/2025 22:00,varnerrd_to_I10interchange,SB,0.16,0.35,23.8
1/25/2025 23:00,varnerrd_to_I10interchange,SB,0.13,0.32,23.9
1/26/2025 0:00,varnerrd_to_I10interchange,SB,0.04,0.23,33.1
1/26/2025 1:00,varnerrd_to_I10interchange,SB,0.08,0.27,30.3
1/26/2025 2:00,varnerrd_to_I10interchange,SB,0.07,0.25,30.8
1/26/2025 3:00,varnerrd_to_I10interchange,SB,0.02,0.2,37.9
1/26/2025 4:00,varnerrd_to_I10interchange,SB,0.09,0.28,27.4
1/26/2025 5:00,varnerrd_to_I10interchange,SB,0.03,0.22,34.6
1/26/2025 6:00,varnerrd_to_I10interchange,SB,0.12,0.3,26
1/26/2025 7:00,varnerrd_to_I10interchange,SB,0.26,0.45,18.4
1/26/2025 8:00,varnerrd_to_I10interchange,SB,0.35,0.54,14.7
1/26/2025 9:00,varnerrd_to_I10interchange,SB,0.4,0.59,14.3
1/26/2025 10:00,varnerrd_to_I10interchange,SB,0.35,0.53,14.3
1/26/2025 11:00,varnerrd_to_I10interchange,SB,0.33,0.52,17.2
1/26/2025 12:00,varnerrd_to_I10interchange,SB,0.37,0.56,14
1/26/2025 13:00,varnerrd_to_I10interchange,SB,0.38,0.57,13.5
1/26/2025 14:00,varnerrd_to_I10interchange,SB,0.46,0.65,12.2
1/26/2025 15:00,varnerrd_to_I10interchange,SB,0.35,0.54,15.7
1/26/2025 16:00,varnerrd_to_I10interchange,SB,0.26,0.45,17.8
1/26/2025 17:00,varnerrd_to_I10interchange,SB,0.36,0.55,14.8
1/26/2025 18:00,varnerrd_to_I10interchange,SB,0.38,0.56,14.6
1/26/2025 19:00,varnerrd_to_I10interchange,SB,0.39,0.57,13.8
1/26/2025 20:00,varnerrd_to_I10interchange,SB,0.31,0.5,15.6
1/26/2025 21:00,varnerrd_to_I10interchange,SB,0.18,0.37,22.9
1/26/2025 22:00,varnerrd_to_I10interchange,SB,0.09,0.27,28.2
1/26/2025 23:00,varnerrd_to_I10interchange,SB,0.13,0.32,24.2
1/27/2025 0:00,varnerrd_to_I10interchange,SB,0.14,0.32,25.4
1/27/2025 1:00,varnerrd_to_I10interchange,SB,0.04,0.22,33.8
1/27/2025 2:00,varnerrd_to_I10interchange,SB,0.06,0.24,31.3
1/27/2025 3:00,varnerrd_to_I10interchange,SB,0.03,0.21,35.8
1/27/2025 4:00,varnerrd_to_I10interchange,SB,0.13,0.31,26.6
1/27/2025 5:00,varnerrd_to_I10interchange,SB,0.2,0.38,21.8
1/27/2025 6:00,varnerrd_to_I10interchange,SB,0.15,0.33,24
1/27/2025 7:00,varnerrd_to_I10interchange,SB,0.29,0.48,16.6
1/27/2025 8:00,varnerrd_to_I10interchange,SB,0.3,0.49,16.1
1/27/2025 9:00,varnerrd_to_I10interchange,SB,0.35,0.53,14.9
1/27/2025 10:00,varnerrd_to_I10interchange,SB,0.39,0.57,14.5
1/27/2025 11:00,varnerrd_to_I10interchange,SB,0.31,0.5,15.5
1/27/2025 12:00,varnerrd_to_I10interchange,SB,0.25,0.44,17.5
1/27/2025 13:00,varnerrd_to_I10interchange,SB,0.24,0.42,18.6
1/27/2025 14:00,varnerrd_to_I10interchange,SB,0.37,0.56,14.8
1/27/2025 15:00,varnerrd_to_I10interchange,SB,0.38,0.56,14.2
1/27/2025 16:00,varnerrd_to_I10interchange,SB,0.34,0.53,15.7
1/27/2025 17:00,varnerrd_to_I10interchange,SB,0.28,0.47,17.1
1/27/2025 18:00,varnerrd_to_I10interchange,SB,0.26,0.44,18.6
1/27/2025 19:00,varnerrd_to_I10interchange,SB,0.22,0.41,19.6
1/27/2025 20:00,varnerrd_to_I10interchange,SB,0.27,0.46,17.7
1/27/2025 21:00,varnerrd_to_I10interchange,SB,0.19,0.37,22.3
1/27/2025 22:00,varnerrd_to_I10interchange,SB,0.12,0.31,25.8
1/27/2025 23:00,varnerrd_to_I10interchange,SB,0.03,0.22,34.9
1/28/2025 0:00,varnerrd_to_I10interchange,SB,0.04,0.23,33.4
1/28/2025 1:00,varnerrd_to_I10interchange,SB,0.05,0.24,32.1
1/28/2025 2:00,varnerrd_to_I10interchange,SB,0.09,0.27,32.2
1/28/2025 3:00,varnerrd_to_I10interchange,SB,0.01,0.19,39.3
1/28/2025 4:00,varnerrd_to_I10interchange,SB,0.07,0.26,29.3
1/28/2025 5:00,varnerrd_to_I10interchange,SB,0.14,0.33,23.7
1/28/2025 6:00,varnerrd_to_I10interchange,SB,0.3,0.48,16.6
1/28/2025 7:00,varnerrd_to_I10interchange,SB,0.4,0.59,12.9
1/28/2025 8:00,varnerrd_to_I10interchange,SB,0.38,0.57,14
1/28/2025 9:00,varnerrd_to_I10interchange,SB,0.23,0.42,19.2
1/28/2025 10:00,varnerrd_to_I10interchange,SB,0.44,0.63,12.8
1/28/2025 11:00,varnerrd_to_I10interchange,SB,0.3,0.49,16.6
1/28/2025 12:00,varnerrd_to_I10interchange,SB,0.34,0.52,15.8
1/28/2025 13:00,varnerrd_to_I10interchange,SB,0.3,0.49,16
1/28/2025 14:00,varnerrd_to_I10interchange,SB,0.43,0.62,12.8
1/28/2025 15:00,varnerrd_to_I10interchange,SB,0.38,0.56,13.7
1/28/2025 16:00,varnerrd_to_I10interchange,SB,0.33,0.51,14.8
1/28/2025 17:00,varnerrd_to_I10interchange,SB,0.43,0.62,12.7
1/28/2025 18:00,varnerrd_to_I10interchange,SB,0.29,0.48,16.4
1/28/2025 19:00,varnerrd_to_I10interchange,SB,0.28,0.46,19.2
1/28/2025 20:00,varnerrd_to_I10interchange,SB,0.27,0.46,17.4
1/28/2025 21:00,varnerrd_to_I10interchange,SB,0.2,0.38,20.4
1/28/2025 22:00,varnerrd_to_I10interchange,SB,0.16,0.34,23.2
1/28/2025 23:00,varnerrd_to_I10interchange,SB,0.22,0.41,20.7
1/29/2025 0:00,varnerrd_to_I10interchange,SB,0.11,0.3,28.2
1/29/2025 1:00,varnerrd_to_I10interchange,SB,0.07,0.26,29.7
1/29/2025 2:00,varnerrd_to_I10interchange,SB,0.09,0.28,29
1/29/2025 3:00,varnerrd_to_I10interchange,SB,0.2,0.38,21.7
1/29/2025 4:00,varnerrd_to_I10interchange,SB,0.2,0.38,20.1
1/29/2025 5:00,varnerrd_to_I10interchange,SB,0.15,0.34,24.4
1/29/2025 6:00,varnerrd_to_I10interchange,SB,0.23,0.42,19.1
1/29/2025 7:00,varnerrd_to_I10interchange,SB,0.33,0.52,15.1
1/29/2025 8:00,varnerrd_to_I10interchange,SB,0.35,0.54,15
1/29/2025 9:00,varnerrd_to_I10interchange,SB,0.43,0.61,12.6
1/29/2025 10:00,varnerrd_to_I10interchange,SB,0.24,0.43,18.4
1/29/2025 11:00,varnerrd_to_I10interchange,SB,0.41,0.59,13.2
1/29/2025 12:00,varnerrd_to_I10interchange,SB,0.36,0.55,14.2
1/29/2025 13:00,varnerrd_to_I10interchange,SB,0.36,0.54,15.2
1/29/2025 14:00,varnerrd_to_I10interchange,SB,0.32,0.5,15.8
1/29/2025 15:00,varnerrd_to_I10interchange,SB,0.33,0.52,15.6
1/29/2025 16:00,varnerrd_to_I10interchange,SB,0.3,0.49,15.8
1/29/2025 17:00,varnerrd_to_I10interchange,SB,0.36,0.55,14
1/29/2025 18:00,varnerrd_to_I10interchange,SB,0.31,0.5,16.1
1/29/2025 19:00,varnerrd_to_I10interchange,SB,0.27,0.46,17.9
1/29/2025 20:00,varnerrd_to_I10interchange,SB,0.19,0.38,21.1
1/29/2025 21:00,varnerrd_to_I10interchange,SB,0.29,0.48,18.3
1/29/2025 22:00,varnerrd_to_I10interchange,SB,0.33,0.52,15.4
1/29/2025 23:00,varnerrd_to_I10interchange,SB,0.21,0.4,21.5
1/30/2025 0:00,varnerrd_to_I10interchange,SB,0.13,0.31,26.3
1/30/2025 1:00,varnerrd_to_I10interchange,SB,0.07,0.25,30.4
1/30/2025 2:00,varnerrd_to_I10interchange,SB,0.11,0.29,27.1
1/30/2025 3:00,varnerrd_to_I10interchange,SB,0.03,0.21,36.8
1/30/2025 4:00,varnerrd_to_I10interchange,SB,0.04,0.22,36.1
1/30/2025 5:00,varnerrd_to_I10interchange,SB,0.23,0.42,19.2
1/30/2025 6:00,varnerrd_to_I10interchange,SB,0.36,0.55,14.8
1/30/2025 7:00,varnerrd_to_I10interchange,SB,0.31,0.5,16.2
1/30/2025 8:00,varnerrd_to_I10interchange,SB,0.34,0.52,14.6
1/30/2025 9:00,varnerrd_to_I10interchange,SB,0.33,0.51,15.5
1/30/2025 10:00,varnerrd_to_I10interchange,SB,0.24,0.43,18.1
1/30/2025 11:00,varnerrd_to_I10interchange,SB,0.33,0.52,15.9
1/30/2025 12:00,varnerrd_to_I10interchange,SB,0.36,0.54,14.2
1/30/2025 13:00,varnerrd_to_I10interchange,SB,0.47,0.65,12.1
1/30/2025 14:00,varnerrd_to_I10interchange,SB,0.37,0.55,14.3
1/30/2025 15:00,varnerrd_to_I10interchange,SB,0.38,0.57,13.6
1/30/2025 16:00,varnerrd_to_I10interchange,SB,0.3,0.49,15.8
1/30/2025 17:00,varnerrd_to_I10interchange,SB,0.34,0.53,15.1
1/30/2025 18:00,varnerrd_to_I10interchange,SB,0.41,0.6,13.3
1/30/2025 19:00,varnerrd_to_I10interchange,SB,0.3,0.48,17.4
1/30/2025 20:00,varnerrd_to_I10interchange,SB,0.21,0.4,19.8
1/30/2025 21:00,varnerrd_to_I10interchange,SB,0.19,0.38,20.6
1/30/2025 22:00,varnerrd_to_I10interchange,SB,0.35,0.54,15.3
1/30/2025 23:00,varnerrd_to_I10interchange,SB,0.19,0.38,21
1/31/2025 0:00,varnerrd_to_I10interchange,SB,0.1,0.29,26.3
1/31/2025 1:00,varnerrd_to_I10interchange,SB,0,0.17,43.1
1/31/2025 2:00,varnerrd_to_I10interchange,SB,0.03,0.21,36
1/31/2025 3:00,varnerrd_to_I10interchange,SB,0.01,0.18,41.4
1/31/2025 4:00,varnerrd_to_I10interchange,SB,0.08,0.27,29.1
1/31/2025 5:00,varnerrd_to_I10interchange,SB,0.23,0.42,19.1
1/31/2025 6:00,varnerrd_to_I10interchange,SB,0.38,0.57,13.6
1/31/2025 7:00,varnerrd_to_I10interchange,SB,0.31,0.5,15.4
1/31/2025 8:00,varnerrd_to_I10interchange,SB,0.37,0.56,14.3
1/31/2025 9:00,varnerrd_to_I10interchange,SB,0.4,0.59,14.2
1/31/2025 10:00,varnerrd_to_I10interchange,SB,0.35,0.54,14.3
1/31/2025 11:00,varnerrd_to_I10interchange,SB,0.34,0.53,14.7
1/31/2025 12:00,varnerrd_to_I10interchange,SB,0.39,0.57,13.4
1/31/2025 13:00,varnerrd_to_I10interchange,SB,0.32,0.51,15
1/31/2025 14:00,varnerrd_to_I10interchange,SB,0.33,0.52,15.1
1/31/2025 15:00,varnerrd_to_I10interchange,SB,0.3,0.48,16.6
1/31/2025 16:00,varnerrd_to_I10interchange,SB,0.31,0.5,15.6
1/31/2025 17:00,varnerrd_to_I10interchange,SB,0.45,0.63,13
1/31/2025 18:00,varnerrd_to_I10interchange,SB,0.33,0.52,16.9
1/31/2025 19:00,varnerrd_to_I10interchange,SB,0.27,0.46,18.6
1/31/2025 20:00,varnerrd_to_I10interchange,SB,0.45,0.64,13.7
1/31/2025 21:00,varnerrd_to_I10interchange,SB,0.38,0.57,13.7
1/31/2025 22:00,varnerrd_to_I10interchange,SB,0.44,0.62,12.6
1/31/2025 23:00,varnerrd_to_I10interchange,SB,0.1,0.29,26.3
2/1/2025 0:00,varnerrd_to_I10interchange,SB,0.09,0.27,29.2
2/1/2025 1:00,varnerrd_to_I10interchange,SB,0.04,0.21,36.7
2/1/2025 2:00,varnerrd_to_I10interchange,SB,0.03,0.21,36.2
2/1/2025 3:00,varnerrd_to_I10interchange,SB,0.03,0.21,36.5
2/1/2025 4:00,varnerrd_to_I10interchange,SB,0.02,0.2,37.7
2/1/2025 5:00,varnerrd_to_I10interchange,SB,0.15,0.33,25
2/1/2025 6:00,varnerrd_to_I10interchange,SB,0.19,0.38,20.5
2/1/2025 7:00,varnerrd_to_I10interchange,SB,0.33,0.52,15.7
2/1/2025 8:00,varnerrd_to_I10interchange,SB,0.3,0.49,16.3
2/1/2025 9:00,varnerrd_to_I10interchange,SB,0.3,0.49,18.3
2/1/2025 10:00,varnerrd_to_I10interchange,SB,0.37,0.56,14.8
2/1/2025 11:00,varnerrd_to_I10interchange,SB,0.43,0.62,12.4
2/1/2025 12:00,varnerrd_to_I10interchange,SB,0.26,0.45,18.2
2/1/2025 13:00,varnerrd_to_I10interchange,SB,0.32,0.51,16
2/1/2025 14:00,varnerrd_to_I10interchange,SB,0.48,0.67,12
2/1/2025 15:00,varnerrd_to_I10interchange,SB,0.42,0.61,13
2/1/2025 16:00,varnerrd_to_I10interchange,SB,0.46,0.65,13.3
2/1/2025 17:00,varnerrd_to_I10interchange,SB,0.29,0.48,16.4
2/1/2025 18:00,varnerrd_to_I10interchange,SB,0.36,0.55,14.9
2/1/2025 19:00,varnerrd_to_I10interchange,SB,0.29,0.48,16.9
2/1/2025 20:00,varnerrd_to_I10interchange,SB,0.36,0.54,14.5
2/1/2025 21:00,varnerrd_to_I10interchange,SB,0.25,0.43,19.2
2/1/2025 22:00,varnerrd_to_I10interchange,SB,0.18,0.37,22
2/1/2025 23:00,varnerrd_to_I10interchange,SB,0.31,0.5,15.9
2/2/2025 0:00,varnerrd_to_I10interchange,SB,0.11,0.3,26.7
2/2/2025 1:00,varnerrd_to_I10interchange,SB,0.05,0.23,32.4
2/2/2025 2:00,varnerrd_to_I10interchange,SB,0.07,0.26,28.9
2/2/2025 3:00,varnerrd_to_I10interchange,SB,0.03,0.21,36.1
2/2/2025 4:00,varnerrd_to_I10interchange,SB,0.15,0.33,28.9
2/2/2025 5:00,varnerrd_to_I10interchange,SB,0.09,0.28,28.1
2/2/2025 6:00,varnerrd_to_I10interchange,SB,0.27,0.45,18.7
2/2/2025 7:00,varnerrd_to_I10interchange,SB,0.22,0.41,19
2/2/2025 8:00,varnerrd_to_I10interchange,SB,0.23,0.41,18.9
2/2/2025 9:00,varnerrd_to_I10interchange,SB,0.34,0.53,15.8
2/2/2025 10:00,varnerrd_to_I10interchange,SB,0.36,0.55,14.6
2/2/2025 11:00,varnerrd_to_I10interchange,SB,0.29,0.47,16.5
2/2/2025 12:00,varnerrd_to_I10interchange,SB,0.38,0.57,14
2/2/2025 13:00,varnerrd_to_I10interchange,SB,0.31,0.5,15.4
2/2/2025 14:00,varnerrd_to_I10interchange,SB,0.27,0.45,17.1
2/2/2025 15:00,varnerrd_to_I10interchange,SB,0.33,0.52,16.3
2/2/2025 16:00,varnerrd_to_I10interchange,SB,0.24,0.43,19
2/2/2025 17:00,varnerrd_to_I10interchange,SB,0.27,0.46,18.1
2/2/2025 18:00,varnerrd_to_I10interchange,SB,0.48,0.67,12.1
2/2/2025 19:00,varnerrd_to_I10interchange,SB,0.35,0.54,14.9
2/2/2025 20:00,varnerrd_to_I10interchange,SB,0.32,0.51,17.1
2/2/2025 21:00,varnerrd_to_I10interchange,SB,0.22,0.4,20.5
2/2/2025 22:00,varnerrd_to_I10interchange,SB,0.22,0.4,18.8
2/2/2025 23:00,varnerrd_to_I10interchange,SB,0.24,0.43,19.5
2/3/2025 0:00,varnerrd_to_I10interchange,SB,0.07,0.25,30.1
2/3/2025 1:00,varnerrd_to_I10interchange,SB,0.05,0.23,34.8
2/3/2025 2:00,varnerrd_to_I10interchange,SB,0.04,0.22,33.9
2/3/2025 3:00,varnerrd_to_I10interchange,SB,0.04,0.22,36.3
2/3/2025 4:00,varnerrd_to_I10interchange,SB,0.07,0.26,30.1
2/3/2025 5:00,varnerrd_to_I10interchange,SB,0.11,0.29,27.5
2/3/2025 6:00,varnerrd_to_I10interchange,SB,0.26,0.44,18.4
2/3/2025 7:00,varnerrd_to_I10interchange,SB,0.31,0.5,15.5
2/3/2025 8:00,varnerrd_to_I10interchange,SB,0.33,0.52,15.7
2/3/2025 9:00,varnerrd_to_I10interchange,SB,0.37,0.56,14
2/3/2025 10:00,varnerrd_to_I10interchange,SB,0.35,0.54,14.4
2/3/2025 11:00,varnerrd_to_I10interchange,SB,0.31,0.49,16.2
2/3/2025 12:00,varnerrd_to_I10interchange,SB,0.3,0.49,16.1
2/3/2025 13:00,varnerrd_to_I10interchange,SB,0.35,0.54,14.3
2/3/2025 14:00,varnerrd_to_I10interchange,SB,0.32,0.51,15.9
2/3/2025 15:00,varnerrd_to_I10interchange,SB,0.3,0.49,16.1
2/3/2025 16:00,varnerrd_to_I10interchange,SB,0.42,0.6,13.2
2/3/2025 17:00,varnerrd_to_I10interchange,SB,0.43,0.62,12.5
2/3/2025 18:00,varnerrd_to_I10interchange,SB,0.32,0.51,15.8
2/3/2025 19:00,varnerrd_to_I10interchange,SB,0.28,0.47,16.6
2/3/2025 20:00,varnerrd_to_I10interchange,SB,0.22,0.41,19.2
2/3/2025 21:00,varnerrd_to_I10interchange,SB,0.26,0.45,17.3
2/3/2025 22:00,varnerrd_to_I10interchange,SB,0.24,0.43,18.4
2/3/2025 23:00,varnerrd_to_I10interchange,SB,0.23,0.41,18.9
2/4/2025 0:00,varnerrd_to_I10interchange,SB,0.05,0.23,33.7
2/4/2025 1:00,varnerrd_to_I10interchange,SB,0.11,0.28,30.6
2/4/2025 2:00,varnerrd_to_I10interchange,SB,0.04,0.22,36.2
2/4/2025 3:00,varnerrd_to_I10interchange,SB,0.02,0.2,38.8
2/4/2025 4:00,varnerrd_to_I10interchange,SB,0.06,0.24,32.8
2/4/2025 5:00,varnerrd_to_I10interchange,SB,0.19,0.38,21.4
2/4/2025 6:00,varnerrd_to_I10interchange,SB,0.33,0.52,15.1
2/4/2025 7:00,varnerrd_to_I10interchange,SB,0.35,0.54,14.6
2/4/2025 8:00,varnerrd_to_I10interchange,SB,0.45,0.64,12.4
2/4/2025 9:00,varnerrd_to_I10interchange,SB,0.31,0.49,15.5
2/4/2025 10:00,varnerrd_to_I10interchange,SB,0.22,0.41,19.2
2/4/2025 11:00,varnerrd_to_I10interchange,SB,0.21,0.4,20
2/4/2025 12:00,varnerrd_to_I10interchange,SB,0.35,0.53,15
2/4/2025 13:00,varnerrd_to_I10interchange,SB,0.47,0.66,12
2/4/2025 14:00,varnerrd_to_I10interchange,SB,0.35,0.53,14.5
2/4/2025 15:00,varnerrd_to_I10interchange,SB,0.44,0.63,12.2
2/4/2025 16:00,varnerrd_to_I10interchange,SB,0.43,0.62,13.2
2/4/2025 17:00,varnerrd_to_I10interchange,SB,0.43,0.62,12.5
2/4/2025 18:00,varnerrd_to_I10interchange,SB,0.41,0.59,14.3
2/4/2025 19:00,varnerrd_to_I10interchange,SB,0.21,0.4,21.2
2/4/2025 20:00,varnerrd_to_I10interchange,SB,0.35,0.53,14.5
2/4/2025 21:00,varnerrd_to_I10interchange,SB,0.24,0.43,19.4
2/4/2025 22:00,varnerrd_to_I10interchange,SB,0.13,0.32,24.6
2/4/2025 23:00,varnerrd_to_I10interchange,SB,0.05,0.23,32
2/5/2025 0:00,varnerrd_to_I10interchange,SB,0.09,0.28,27.1
2/5/2025 1:00,varnerrd_to_I10interchange,SB,0.06,0.23,34.9
2/5/2025 2:00,varnerrd_to_I10interchange,SB,0,0.17,44
2/5/2025 3:00,varnerrd_to_I10interchange,SB,0.03,0.21,37.4
2/5/2025 4:00,varnerrd_to_I10interchange,SB,0.07,0.26,29.9
2/5/2025 5:00,varnerrd_to_I10interchange,SB,0.21,0.39,20.9
2/5/2025 6:00,varnerrd_to_I10interchange,SB,0.28,0.47,17.4
2/5/2025 7:00,varnerrd_to_I10interchange,SB,0.38,0.57,13.9
2/5/2025 8:00,varnerrd_to_I10interchange,SB,0.3,0.49,15.7
2/5/2025 9:00,varnerrd_to_I10interchange,SB,0.31,0.5,16
2/5/2025 10:00,varnerrd_to_I10interchange,SB,0.38,0.57,13.8
2/5/2025 11:00,varnerrd_to_I10interchange,SB,0.37,0.56,14.7
2/5/2025 12:00,varnerrd_to_I10interchange,SB,0.38,0.57,14.4
2/5/2025 13:00,varnerrd_to_I10interchange,SB,0.33,0.52,15.3
2/5/2025 14:00,varnerrd_to_I10interchange,SB,0.27,0.46,17.3
2/5/2025 15:00,varnerrd_to_I10interchange,SB,0.38,0.57,14.1
2/5/2025 16:00,varnerrd_to_I10interchange,SB,0.32,0.51,14.9
2/5/2025 17:00,varnerrd_to_I10interchange,SB,0.38,0.56,14.7
2/5/2025 18:00,varnerrd_to_I10interchange,SB,0.44,0.63,13.2
2/5/2025 19:00,varnerrd_to_I10interchange,SB,0.32,0.51,15.4
2/5/2025 20:00,varnerrd_to_I10interchange,SB,0.29,0.47,17.8
2/5/2025 21:00,varnerrd_to_I10interchange,SB,0.3,0.48,16.9
2/5/2025 22:00,varnerrd_to_I10interchange,SB,0.22,0.4,19.9
2/5/2025 23:00,varnerrd_to_I10interchange,SB,0.07,0.25,30.1
2/6/2025 0:00,varnerrd_to_I10interchange,SB,0.16,0.35,25.7
2/6/2025 1:00,varnerrd_to_I10interchange,SB,0.03,0.21,36.1
2/6/2025 2:00,varnerrd_to_I10interchange,SB,0.04,0.22,34.5
2/6/2025 3:00,varnerrd_to_I10interchange,SB,0.06,0.25,30.7
2/6/2025 4:00,varnerrd_to_I10interchange,SB,0.12,0.3,26.7
2/6/2025 5:00,varnerrd_to_I10interchange,SB,0.25,0.44,17.7
2/6/2025 6:00,varnerrd_to_I10interchange,SB,0.34,0.53,14.7
2/6/2025 7:00,varnerrd_to_I10interchange,SB,0.38,0.57,14.7
2/6/2025 8:00,varnerrd_to_I10interchange,SB,0.39,0.58,14.1
2/6/2025 9:00,varnerrd_to_I10interchange,SB,0.27,0.46,17
2/6/2025 10:00,varnerrd_to_I10interchange,SB,0.31,0.5,16.1
2/6/2025 11:00,varnerrd_to_I10interchange,SB,0.42,0.6,13
2/6/2025 12:00,varnerrd_to_I10interchange,SB,0.33,0.52,15.5
2/6/2025 13:00,varnerrd_to_I10interchange,SB,0.38,0.56,13.9
2/6/2025 14:00,varnerrd_to_I10interchange,SB,0.31,0.5,16.3
2/6/2025 15:00,varnerrd_to_I10interchange,SB,0.46,0.64,12.5
2/6/2025 16:00,varnerrd_to_I10interchange,SB,0.45,0.64,11.9
2/6/2025 17:00,varnerrd_to_I10interchange,SB,0.37,0.56,14
2/6/2025 18:00,varnerrd_to_I10interchange,SB,0.56,0.75,10.5
2/6/2025 19:00,varnerrd_to_I10interchange,SB,0.36,0.55,15.2
2/6/2025 20:00,varnerrd_to_I10interchange,SB,0.31,0.49,16.6
2/6/2025 21:00,varnerrd_to_I10interchange,SB,0.29,0.48,17
2/6/2025 22:00,varnerrd_to_I10interchange,SB,0.24,0.42,19.3
2/6/2025 23:00,varnerrd_to_I10interchange,SB,0.1,0.29,28.8
2/7/2025 0:00,varnerrd_to_I10interchange,SB,0.1,0.29,27.3
2/7/2025 1:00,varnerrd_to_I10interchange,SB,0.04,0.23,33
2/7/2025 2:00,varnerrd_to_I10interchange,SB,0.19,0.37,23.7
2/7/2025 3:00,varnerrd_to_I10interchange,SB,0.08,0.26,29.2
2/7/2025 4:00,varnerrd_to_I10interchange,SB,0.1,0.29,26.2
2/7/2025 5:00,varnerrd_to_I10interchange,SB,0.13,0.31,24.7
2/7/2025 6:00,varnerrd_to_I10interchange,SB,0.27,0.45,17.6
2/7/2025 7:00,varnerrd_to_I10interchange,SB,0.28,0.46,17.6
2/7/2025 8:00,varnerrd_to_I10interchange,SB,0.29,0.47,16.6
2/7/2025 9:00,varnerrd_to_I10interchange,SB,0.36,0.55,14.5
2/7/2025 10:00,varnerrd_to_I10interchange,SB,0.26,0.45,17.8
2/7/2025 11:00,varnerrd_to_I10interchange,SB,0.33,0.51,15.4
2/7/2025 12:00,varnerrd_to_I10interchange,SB,0.36,0.54,14.6
2/7/2025 13:00,varnerrd_to_I10interchange,SB,0.33,0.52,15.1
2/7/2025 14:00,varnerrd_to_I10interchange,SB,0.39,0.58,13.5
2/7/2025 15:00,varnerrd_to_I10interchange,SB,0.29,0.48,16.5
2/7/2025 16:00,varnerrd_to_I10interchange,SB,0.24,0.43,18.2
2/7/2025 17:00,varnerrd_to_I10interchange,SB,0.29,0.48,16.2
2/7/2025 18:00,varnerrd_to_I10interchange,SB,0.37,0.56,13.9
2/7/2025 19:00,varnerrd_to_I10interchange,SB,0.4,0.58,14.1
2/7/2025 20:00,varnerrd_to_I10interchange,SB,0.24,0.42,19.8
2/7/2025 21:00,varnerrd_to_I10interchange,SB,0.35,0.53,15.2
2/7/2025 22:00,varnerrd_to_I10interchange,SB,0.27,0.46,17.8
2/7/2025 23:00,varnerrd_to_I10interchange,SB,0.24,0.43,18.9
2/8/2025 0:00,varnerrd_to_I10interchange,SB,0.11,0.29,26.7
2/8/2025 1:00,varnerrd_to_I10interchange,SB,0.05,0.23,32.8
2/8/2025 2:00,varnerrd_to_I10interchange,SB,0.02,0.2,36.9
2/8/2025 3:00,varnerrd_to_I10interchange,SB,0,0.18,41.8
2/8/2025 4:00,varnerrd_to_I10interchange,SB,0.05,0.23,33.9
2/8/2025 5:00,varnerrd_to_I10interchange,SB,0.08,0.27,28.1
2/8/2025 6:00,varnerrd_to_I10interchange,SB,0.2,0.39,19.9
2/8/2025 7:00,varnerrd_to_I10interchange,SB,0.45,0.64,12.3
2/8/2025 8:00,varnerrd_to_I10interchange,SB,0.38,0.57,14.2
2/8/2025 9:00,varnerrd_to_I10interchange,SB,0.35,0.53,14.9
2/8/2025 10:00,varnerrd_to_I10interchange,SB,0.44,0.63,12.3
2/8/2025 11:00,varnerrd_to_I10interchange,SB,0.34,0.52,15
2/8/2025 12:00,varnerrd_to_I10interchange,SB,0.31,0.5,15.5
2/8/2025 13:00,varnerrd_to_I10interchange,SB,0.4,0.58,13.6
2/8/2025 14:00,varnerrd_to_I10interchange,SB,0.41,0.6,14.2
2/8/2025 15:00,varnerrd_to_I10interchange,SB,0.28,0.47,16.6
2/8/2025 16:00,varnerrd_to_I10interchange,SB,0.3,0.49,16.9
2/8/2025 17:00,varnerrd_to_I10interchange,SB,0.3,0.49,16.9
2/8/2025 18:00,varnerrd_to_I10interchange,SB,0.36,0.54,14.4
2/8/2025 19:00,varnerrd_to_I10interchange,SB,0.38,0.57,13.5
2/8/2025 20:00,varnerrd_to_I10interchange,SB,0.29,0.48,18.5
2/8/2025 21:00,varnerrd_to_I10interchange,SB,0.22,0.41,20.8
2/8/2025 22:00,varnerrd_to_I10interchange,SB,0.28,0.47,17.9
2/8/2025 23:00,varnerrd_to_I10interchange,SB,0.17,0.36,21
2/9/2025 0:00,varnerrd_to_I10interchange,SB,0.17,0.36,22.1
2/9/2025 1:00,varnerrd_to_I10interchange,SB,0.09,0.28,28.3
2/9/2025 2:00,varnerrd_to_I10interchange,SB,0.06,0.25,30.4
2/9/2025 3:00,varnerrd_to_I10interchange,SB,0.04,0.22,35.1
2/9/2025 4:00,varnerrd_to_I10interchange,SB,0.02,0.2,39.2
2/9/2025 5:00,varnerrd_to_I10interchange,SB,0.1,0.28,27.5
2/9/2025 6:00,varnerrd_to_I10interchange,SB,0.15,0.34,23.4
2/9/2025 7:00,varnerrd_to_I10interchange,SB,0.21,0.39,20.2
2/9/2025 8:00,varnerrd_to_I10interchange,SB,0.26,0.45,17.7
2/9/2025 9:00,varnerrd_to_I10interchange,SB,0.3,0.49,16.5
2/9/2025 10:00,varnerrd_to_I10interchange,SB,0.23,0.42,18.7
2/9/2025 11:00,varnerrd_to_I10interchange,SB,0.46,0.64,12.4
2/9/2025 12:00,varnerrd_to_I10interchange,SB,0.4,0.59,13.6
2/9/2025 13:00,varnerrd_to_I10interchange,SB,0.39,0.58,14.3
2/9/2025 14:00,varnerrd_to_I10interchange,SB,0.29,0.48,16.1
2/9/2025 15:00,varnerrd_to_I10interchange,SB,0.41,0.6,13.9
2/9/2025 16:00,varnerrd_to_I10interchange,SB,0.26,0.45,16.9
2/9/2025 17:00,varnerrd_to_I10interchange,SB,0.23,0.42,19.6
2/9/2025 18:00,varnerrd_to_I10interchange,SB,0.29,0.48,18.9
2/9/2025 19:00,varnerrd_to_I10interchange,SB,0.26,0.45,17.3
2/9/2025 20:00,varnerrd_to_I10interchange,SB,0.42,0.61,12.9
2/9/2025 21:00,varnerrd_to_I10interchange,SB,0.27,0.46,18.3
2/9/2025 22:00,varnerrd_to_I10interchange,SB,0.26,0.44,18.7
2/9/2025 23:00,varnerrd_to_I10interchange,SB,0.06,0.25,30.5
2/10/2025 0:00,varnerrd_to_I10interchange,SB,0.15,0.33,25
2/10/2025 1:00,varnerrd_to_I10interchange,SB,0.08,0.26,30.5
2/10/2025 2:00,varnerrd_to_I10interchange,SB,0.08,0.27,29.8
2/10/2025 3:00,varnerrd_to_I10interchange,SB,0.04,0.22,35.9
2/10/2025 4:00,varnerrd_to_I10interchange,SB,0.04,0.23,33
2/10/2025 5:00,varnerrd_to_I10interchange,SB,0.17,0.36,23.4
2/10/2025 6:00,varnerrd_to_I10interchange,SB,0.32,0.51,16.5
2/10/2025 7:00,varnerrd_to_I10interchange,SB,0.31,0.49,16
2/10/2025 8:00,varnerrd_to_I10interchange,SB,0.27,0.45,17.3
2/10/2025 9:00,varnerrd_to_I10interchange,SB,0.34,0.53,15.1
2/10/2025 10:00,varnerrd_to_I10interchange,SB,0.22,0.4,19.4
2/10/2025 11:00,varnerrd_to_I10interchange,SB,0.33,0.52,15.2
2/10/2025 12:00,varnerrd_to_I10interchange,SB,0.31,0.5,15.6
2/10/2025 13:00,varnerrd_to_I10interchange,SB,0.32,0.51,15.3
2/10/2025 14:00,varnerrd_to_I10interchange,SB,0.31,0.5,16.3
2/10/2025 15:00,varnerrd_to_I10interchange,SB,0.33,0.52,15.3
2/10/2025 16:00,varnerrd_to_I10interchange,SB,0.37,0.56,13.9
2/10/2025 17:00,varnerrd_to_I10interchange,SB,0.45,0.63,12.8
2/10/2025 18:00,varnerrd_to_I10interchange,SB,0.22,0.41,19.8
2/10/2025 19:00,varnerrd_to_I10interchange,SB,0.5,0.69,11.9
2/10/2025 20:00,varnerrd_to_I10interchange,SB,0.45,0.64,12.3
2/10/2025 21:00,varnerrd_to_I10interchange,SB,0.33,0.51,15.7
2/10/2025 22:00,varnerrd_to_I10interchange,SB,0.25,0.43,18.5
2/10/2025 23:00,varnerrd_to_I10interchange,SB,0.12,0.31,27.1
2/11/2025 0:00,varnerrd_to_I10interchange,SB,0.07,0.25,29.9
2/11/2025 1:00,varnerrd_to_I10interchange,SB,0.03,0.2,36.9
2/11/2025 2:00,varnerrd_to_I10interchange,SB,0.03,0.21,35.9
2/11/2025 3:00,varnerrd_to_I10interchange,SB,0.01,0.18,42.3
2/11/2025 4:00,varnerrd_to_I10interchange,SB,0.15,0.34,22.8
2/11/2025 5:00,varnerrd_to_I10interchange,SB,0.18,0.37,24.1
2/11/2025 6:00,varnerrd_to_I10interchange,SB,0.34,0.53,15
2/11/2025 7:00,varnerrd_to_I10interchange,SB,0.36,0.55,14.3
2/11/2025 8:00,varnerrd_to_I10interchange,SB,0.35,0.54,15.5
2/11/2025 9:00,varnerrd_to_I10interchange,SB,0.34,0.53,15
2/11/2025 10:00,varnerrd_to_I10interchange,SB,0.34,0.53,15.1
2/11/2025 11:00,varnerrd_to_I10interchange,SB,0.23,0.42,19
2/11/2025 12:00,varnerrd_to_I10interchange,SB,0.23,0.42,18.9
2/11/2025 13:00,varnerrd_to_I10interchange,SB,0.33,0.51,15.3
2/11/2025 14:00,varnerrd_to_I10interchange,SB,0.29,0.48,16.1
2/11/2025 15:00,varnerrd_to_I10interchange,SB,0.37,0.55,14.1
2/11/2025 16:00,varnerrd_to_I10interchange,SB,0.38,0.57,13.5
2/11/2025 17:00,varnerrd_to_I10interchange,SB,0.31,0.5,16.2
2/11/2025 18:00,varnerrd_to_I10interchange,SB,0.35,0.53,14.4
2/11/2025 19:00,varnerrd_to_I10interchange,SB,0.29,0.48,16.4
2/11/2025 20:00,varnerrd_to_I10interchange,SB,0.15,0.34,23.2
2/11/2025 21:00,varnerrd_to_I10interchange,SB,0.18,0.37,21
2/11/2025 22:00,varnerrd_to_I10interchange,SB,0.23,0.42,18.5
2/11/2025 23:00,varnerrd_to_I10interchange,SB,0.05,0.23,34
2/12/2025 0:00,varnerrd_to_I10interchange,SB,0.03,0.21,35.7
2/12/2025 1:00,varnerrd_to_I10interchange,SB,0.15,0.33,28.7
2/12/2025 2:00,varnerrd_to_I10interchange,SB,0.01,0.18,41.4
2/12/2025 3:00,varnerrd_to_I10interchange,SB,0.04,0.22,33.7
2/12/2025 4:00,varnerrd_to_I10interchange,SB,0.14,0.32,25.1
2/12/2025 5:00,varnerrd_to_I10interchange,SB,0.11,0.29,25.8
2/12/2025 6:00,varnerrd_to_I10interchange,SB,0.36,0.55,14.7
2/12/2025 7:00,varnerrd_to_I10interchange,SB,0.33,0.51,15.4
2/12/2025 8:00,varnerrd_to_I10interchange,SB,0.43,0.62,12.6
2/12/2025 9:00,varnerrd_to_I10interchange,SB,0.3,0.48,16.1
2/12/2025 10:00,varnerrd_to_I10interchange,SB,0.35,0.54,14.8
2/12/2025 11:00,varnerrd_to_I10interchange,SB,0.22,0.41,19.3
2/12/2025 12:00,varnerrd_to_I10interchange,SB,0.33,0.52,15.9
2/12/2025 13:00,varnerrd_to_I10interchange,SB,0.32,0.5,15.2
2/12/2025 14:00,varnerrd_to_I10interchange,SB,0.36,0.55,14.6
2/12/2025 15:00,varnerrd_to_I10interchange,SB,0.36,0.55,14.8
2/12/2025 16:00,varnerrd_to_I10interchange,SB,0.4,0.59,13.7
2/12/2025 17:00,varnerrd_to_I10interchange,SB,0.34,0.52,14.6
2/12/2025 18:00,varnerrd_to_I10interchange,SB,0.33,0.52,16.2
2/12/2025 19:00,varnerrd_to_I10interchange,SB,0.32,0.51,16.4
2/12/2025 20:00,varnerrd_to_I10interchange,SB,0.32,0.5,15.6
2/12/2025 21:00,varnerrd_to_I10interchange,SB,0.23,0.41,19
2/12/2025 22:00,varnerrd_to_I10interchange,SB,0.17,0.35,22.2
2/12/2025 23:00,varnerrd_to_I10interchange,SB,0.03,0.21,35.9
2/13/2025 0:00,varnerrd_to_I10interchange,SB,0.05,0.23,32.4
2/13/2025 1:00,varnerrd_to_I10interchange,SB,0.06,0.25,31.9
2/13/2025 2:00,varnerrd_to_I10interchange,SB,0.03,0.2,40.4
2/13/2025 3:00,varnerrd_to_I10interchange,SB,0.03,0.2,39.4
2/13/2025 4:00,varnerrd_to_I10interchange,SB,0.17,0.35,22.8
2/13/2025 5:00,varnerrd_to_I10interchange,SB,0.22,0.4,19.2
2/13/2025 6:00,varnerrd_to_I10interchange,SB,0.35,0.53,15.4
2/13/2025 7:00,varnerrd_to_I10interchange,SB,0.24,0.43,18.6
2/13/2025 8:00,varnerrd_to_I10interchange,SB,0.3,0.49,16.6
2/13/2025 9:00,varnerrd_to_I10interchange,SB,0.39,0.58,13.2
2/13/2025 10:00,varnerrd_to_I10interchange,SB,0.26,0.44,17.2
2/13/2025 11:00,varnerrd_to_I10interchange,SB,0.3,0.49,16.4
2/13/2025 12:00,varnerrd_to_I10interchange,SB,0.36,0.54,14.2
2/13/2025 13:00,varnerrd_to_I10interchange,SB,0.38,0.56,14.7
2/13/2025 14:00,varnerrd_to_I10interchange,SB,0.31,0.5,15.6
2/13/2025 15:00,varnerrd_to_I10interchange,SB,0.31,0.5,15.6
2/13/2025 16:00,varnerrd_to_I10interchange,SB,0.37,0.56,14.2
2/13/2025 17:00,varnerrd_to_I10interchange,SB,0.26,0.45,16.8
2/13/2025 18:00,varnerrd_to_I10interchange,SB,0.31,0.5,16.2
2/13/2025 19:00,varnerrd_to_I10interchange,SB,0.36,0.55,15.1
2/13/2025 20:00,varnerrd_to_I10interchange,SB,0.43,0.61,13.7
2/13/2025 21:00,varnerrd_to_I10interchange,SB,0.38,0.56,14.5
2/13/2025 22:00,varnerrd_to_I10interchange,SB,0.46,0.64,13.7
2/13/2025 23:00,varnerrd_to_I10interchange,SB,0.19,0.38,21.2
2/14/2025 0:00,varnerrd_to_I10interchange,SB,0.11,0.29,29.2
2/14/2025 1:00,varnerrd_to_I10interchange,SB,0.12,0.31,26.7
2/14/2025 2:00,varnerrd_to_I10interchange,SB,0.04,0.22,35.1
2/14/2025 3:00,varnerrd_to_I10interchange,SB,0.01,0.18,42.1
2/14/2025 4:00,varnerrd_to_I10interchange,SB,0.08,0.26,29
2/14/2025 5:00,varnerrd_to_I10interchange,SB,0.11,0.3,26.7
2/14/2025 6:00,varnerrd_to_I10interchange,SB,0.24,0.43,18.5
2/14/2025 7:00,varnerrd_to_I10interchange,SB,0.34,0.53,15.2
2/14/2025 8:00,varnerrd_to_I10interchange,SB,0.3,0.48,16.9
2/14/2025 9:00,varnerrd_to_I10interchange,SB,0.25,0.44,17.3
2/14/2025 10:00,varnerrd_to_I10interchange,SB,0.32,0.51,16.4
2/14/2025 11:00,varnerrd_to_I10interchange,SB,0.27,0.46,17.4
2/14/2025 12:00,varnerrd_to_I10interchange,SB,0.39,0.58,13.5
2/14/2025 13:00,varnerrd_to_I10interchange,SB,0.32,0.5,15.5
2/14/2025 14:00,varnerrd_to_I10interchange,SB,0.4,0.59,14.1
2/14/2025 15:00,varnerrd_to_I10interchange,SB,0.45,0.64,12.1
2/14/2025 16:00,varnerrd_to_I10interchange,SB,0.39,0.57,13.8
2/14/2025 17:00,varnerrd_to_I10interchange,SB,0.34,0.53,14.8
2/14/2025 18:00,varnerrd_to_I10interchange,SB,0.26,0.45,17.8
2/14/2025 19:00,varnerrd_to_I10interchange,SB,0.4,0.59,15.2
2/14/2025 20:00,varnerrd_to_I10interchange,SB,0.42,0.61,12.9
2/14/2025 21:00,varnerrd_to_I10interchange,SB,0.43,0.62,13
2/14/2025 22:00,varnerrd_to_I10interchange,SB,0.11,0.29,27.2
2/14/2025 23:00,varnerrd_to_I10interchange,SB,0.28,0.46,18.3
2/15/2025 0:00,varnerrd_to_I10interchange,SB,0.24,0.42,18.2
2/15/2025 1:00,varnerrd_to_I10interchange,SB,0.12,0.3,25.9
2/15/2025 2:00,varnerrd_to_I10interchange,SB,0.02,0.2,38.4
2/15/2025 3:00,varnerrd_to_I10interchange,SB,0.13,0.31,27.7
2/15/2025 4:00,varnerrd_to_I10interchange,SB,0.1,0.28,29.2
2/15/2025 5:00,varnerrd_to_I10interchange,SB,0.06,0.25,30.6
2/15/2025 6:00,varnerrd_to_I10interchange,SB,0.13,0.31,25.3
2/15/2025 7:00,varnerrd_to_I10interchange,SB,0.34,0.53,17
2/15/2025 8:00,varnerrd_to_I10interchange,SB,0.23,0.42,18.6
2/15/2025 9:00,varnerrd_to_I10interchange,SB,0.29,0.48,17.6
2/15/2025 10:00,varnerrd_to_I10interchange,SB,0.35,0.54,15
2/15/2025 11:00,varnerrd_to_I10interchange,SB,0.44,0.63,12.4
2/15/2025 12:00,varnerrd_to_I10interchange,SB,0.29,0.48,16
2/15/2025 13:00,varnerrd_to_I10interchange,SB,0.39,0.57,13.8
2/15/2025 14:00,varnerrd_to_I10interchange,SB,0.38,0.56,14
2/15/2025 15:00,varnerrd_to_I10interchange,SB,0.43,0.62,13.1
2/15/2025 16:00,varnerrd_to_I10interchange,SB,0.25,0.44,17.6
2/15/2025 17:00,varnerrd_to_I10interchange,SB,0.36,0.55,14.8
2/15/2025 18:00,varnerrd_to_I10interchange,SB,0.35,0.54,16
2/15/2025 19:00,varnerrd_to_I10interchange,SB,0.33,0.51,16.1
2/15/2025 20:00,varnerrd_to_I10interchange,SB,0.35,0.54,14.7
2/15/2025 21:00,varnerrd_to_I10interchange,SB,0.35,0.54,14.3
2/15/2025 22:00,varnerrd_to_I10interchange,SB,0.31,0.5,15.8
2/15/2025 23:00,varnerrd_to_I10interchange,SB,0.17,0.35,22.1
2/16/2025 0:00,varnerrd_to_I10interchange,SB,0.05,0.23,32.6
2/16/2025 1:00,varnerrd_to_I10interchange,SB,0.08,0.26,29.7
2/16/2025 2:00,varnerrd_to_I10interchange,SB,0.08,0.27,28.3
2/16/2025 3:00,varnerrd_to_I10interchange,SB,0,0.18,42.2
2/16/2025 4:00,varnerrd_to_I10interchange,SB,0.01,0.19,40.3
2/16/2025 5:00,varnerrd_to_I10interchange,SB,0.06,0.25,30.5
2/16/2025 6:00,varnerrd_to_I10interchange,SB,0.18,0.36,21.5
2/16/2025 7:00,varnerrd_to_I10interchange,SB,0.25,0.44,17.8
2/16/2025 8:00,varnerrd_to_I10interchange,SB,0.37,0.56,14
2/16/2025 9:00,varnerrd_to_I10interchange,SB,0.32,0.51,16.1
2/16/2025 10:00,varnerrd_to_I10interchange,SB,0.28,0.47,16.8
2/16/2025 11:00,varnerrd_to_I10interchange,SB,0.41,0.6,13.7
2/16/2025 12:00,varnerrd_to_I10interchange,SB,0.31,0.49,16.4
2/16/2025 13:00,varnerrd_to_I10interchange,SB,0.38,0.57,13.7
2/16/2025 14:00,varnerrd_to_I10interchange,SB,0.35,0.54,15.3
2/16/2025 15:00,varnerrd_to_I10interchange,SB,0.33,0.52,15.4
2/16/2025 16:00,varnerrd_to_I10interchange,SB,0.5,0.69,12.2
2/16/2025 17:00,varnerrd_to_I10interchange,SB,0.25,0.43,19.6
2/16/2025 18:00,varnerrd_to_I10interchange,SB,0.32,0.51,16
2/16/2025 19:00,varnerrd_to_I10interchange,SB,0.37,0.55,15.8
2/16/2025 20:00,varnerrd_to_I10interchange,SB,0.37,0.56,15.3
2/16/2025 21:00,varnerrd_to_I10interchange,SB,0.33,0.52,15.5
2/16/2025 22:00,varnerrd_to_I10interchange,SB,0.27,0.46,18.8
2/16/2025 23:00,varnerrd_to_I10interchange,SB,0.17,0.36,22.3
2/17/2025 0:00,varnerrd_to_I10interchange,SB,0.1,0.28,28
2/17/2025 1:00,varnerrd_to_I10interchange,SB,0.06,0.24,32.8
2/17/2025 2:00,varnerrd_to_I10interchange,SB,0.08,0.27,28.9
2/17/2025 3:00,varnerrd_to_I10interchange,SB,0.01,0.19,40.2
2/17/2025 4:00,varnerrd_to_I10interchange,SB,0.04,0.22,34.2
2/17/2025 5:00,varnerrd_to_I10interchange,SB,0.16,0.34,23
2/17/2025 6:00,varnerrd_to_I10interchange,SB,0.35,0.53,14.8
2/17/2025 7:00,varnerrd_to_I10interchange,SB,0.31,0.5,15.5
2/17/2025 8:00,varnerrd_to_I10interchange,SB,0.45,0.63,12.3
2/17/2025 9:00,varnerrd_to_I10interchange,SB,0.29,0.47,17.3
2/17/2025 10:00,varnerrd_to_I10interchange,SB,0.4,0.59,13.1
2/17/2025 11:00,varnerrd_to_I10interchange,SB,0.35,0.54,14.9
2/17/2025 12:00,varnerrd_to_I10interchange,SB,0.26,0.44,17.3
2/17/2025 13:00,varnerrd_to_I10interchange,SB,0.39,0.58,13.3
2/17/2025 14:00,varnerrd_to_I10interchange,SB,0.34,0.52,14.4
2/17/2025 15:00,varnerrd_to_I10interchange,SB,0.36,0.54,14.7
2/17/2025 16:00,varnerrd_to_I10interchange,SB,0.4,0.58,13.5
2/17/2025 17:00,varnerrd_to_I10interchange,SB,0.31,0.5,16.5
2/17/2025 18:00,varnerrd_to_I10interchange,SB,0.35,0.54,13.9
2/17/2025 19:00,varnerrd_to_I10interchange,SB,0.3,0.48,16.3
2/17/2025 20:00,varnerrd_to_I10interchange,SB,0.23,0.41,18.5
2/17/2025 21:00,varnerrd_to_I10interchange,SB,0.19,0.38,20.8
2/17/2025 22:00,varnerrd_to_I10interchange,SB,0.2,0.39,20.1
2/17/2025 23:00,varnerrd_to_I10interchange,SB,0.11,0.3,27.6
2/18/2025 0:00,varnerrd_to_I10interchange,SB,0.02,0.21,36.9
2/18/2025 1:00,varnerrd_to_I10interchange,SB,0.03,0.21,37.1
2/18/2025 2:00,varnerrd_to_I10interchange,SB,0.03,0.21,35.9
2/18/2025 3:00,varnerrd_to_I10interchange,SB,0.01,0.19,39.8
2/18/2025 4:00,varnerrd_to_I10interchange,SB,0.1,0.28,26.9
2/18/2025 5:00,varnerrd_to_I10interchange,SB,0.08,0.26,28.8
2/18/2025 6:00,varnerrd_to_I10interchange,SB,0.33,0.52,15.3
2/18/2025 7:00,varnerrd_to_I10interchange,SB,0.33,0.52,15.6
2/18/2025 8:00,varnerrd_to_I10interchange,SB,0.47,0.66,11.7
2/18/2025 9:00,varnerrd_to_I10interchange,SB,0.3,0.49,15.9
2/18/2025 10:00,varnerrd_to_I10interchange,SB,0.36,0.54,14.2
2/18/2025 11:00,varnerrd_to_I10interchange,SB,0.39,0.58,13.6
2/18/2025 12:00,varnerrd_to_I10interchange,SB,0.27,0.46,17.1
2/18/2025 13:00,varnerrd_to_I10interchange,SB,0.29,0.48,16.8
2/18/2025 14:00,varnerrd_to_I10interchange,SB,0.34,0.53,16.4
2/18/2025 15:00,varnerrd_to_I10interchange,SB,0.26,0.45,16.9
2/18/2025 16:00,varnerrd_to_I10interchange,SB,0.3,0.48,16.1
2/18/2025 17:00,varnerrd_to_I10interchange,SB,0.29,0.48,16.9
2/18/2025 18:00,varnerrd_to_I10interchange,SB,0.4,0.59,14.1
2/18/2025 19:00,varnerrd_to_I10interchange,SB,0.28,0.47,18.3
2/18/2025 20:00,varnerrd_to_I10interchange,SB,0.35,0.54,15
2/18/2025 21:00,varnerrd_to_I10interchange,SB,0.16,0.35,22.1
2/18/2025 22:00,varnerrd_to_I10interchange,SB,0.18,0.37,21.7
2/18/2025 23:00,varnerrd_to_I10interchange,SB,0.08,0.27,28.1
2/19/2025 0:00,varnerrd_to_I10interchange,SB,0.06,0.25,30.6
2/19/2025 1:00,varnerrd_to_I10interchange,SB,0.05,0.23,34.1
2/19/2025 2:00,varnerrd_to_I10interchange,SB,0.01,0.19,39.6
2/19/2025 3:00,varnerrd_to_I10interchange,SB,0.02,0.2,38.4
2/19/2025 4:00,varnerrd_to_I10interchange,SB,0.07,0.25,30.1
2/19/2025 5:00,varnerrd_to_I10interchange,SB,0.15,0.33,23.8
2/19/2025 6:00,varnerrd_to_I10interchange,SB,0.26,0.44,18.8
2/19/2025 7:00,varnerrd_to_I10interchange,SB,0.5,0.69,12
2/19/2025 8:00,varnerrd_to_I10interchange,SB,0.4,0.59,13.2
2/19/2025 9:00,varnerrd_to_I10interchange,SB,0.36,0.55,14.3
2/19/2025 10:00,varnerrd_to_I10interchange,SB,0.39,0.58,13.7
2/19/2025 11:00,varnerrd_to_I10interchange,SB,0.3,0.48,16.1
2/19/2025 12:00,varnerrd_to_I10interchange,SB,0.23,0.42,18.9
2/19/2025 13:00,varnerrd_to_I10interchange,SB,0.32,0.51,15.3
2/19/2025 14:00,varnerrd_to_I10interchange,SB,0.29,0.48,16.1
2/19/2025 15:00,varnerrd_to_I10interchange,SB,0.33,0.51,15
2/19/2025 16:00,varnerrd_to_I10interchange,SB,0.49,0.68,11.8
2/19/2025 17:00,varnerrd_to_I10interchange,SB,0.23,0.42,19.8
2/19/2025 18:00,varnerrd_to_I10interchange,SB,0.32,0.5,15.2
2/19/2025 19:00,varnerrd_to_I10interchange,SB,0.49,0.67,11.8
2/19/2025 20:00,varnerrd_to_I10interchange,SB,0.31,0.5,16.7
2/19/2025 21:00,varnerrd_to_I10interchange,SB,0.24,0.42,18.4
2/19/2025 22:00,varnerrd_to_I10interchange,SB,0.34,0.53,14.6
2/19/2025 23:00,varnerrd_to_I10interchange,SB,0.1,0.29,29.2
2/20/2025 0:00,varnerrd_to_I10interchange,SB,0.11,0.3,29.2
2/20/2025 1:00,varnerrd_to_I10interchange,SB,0.01,0.19,39
2/20/2025 2:00,varnerrd_to_I10interchange,SB,0.06,0.24,31.9
2/20/2025 3:00,varnerrd_to_I10interchange,SB,0.05,0.23,32.2
2/20/2025 4:00,varnerrd_to_I10interchange,SB,0.05,0.23,32.6
2/20/2025 5:00,varnerrd_to_I10interchange,SB,0.09,0.27,28.1
2/20/2025 6:00,varnerrd_to_I10interchange,SB,0.24,0.42,18.3
2/20/2025 7:00,varnerrd_to_I10interchange,SB,0.41,0.6,13.3
2/20/2025 8:00,varnerrd_to_I10interchange,SB,0.38,0.56,13.6
2/20/2025 9:00,varnerrd_to_I10interchange,SB,0.35,0.54,15
2/20/2025 10:00,varnerrd_to_I10interchange,SB,0.27,0.46,17.2
2/20/2025 11:00,varnerrd_to_I10interchange,SB,0.32,0.51,15.3
2/20/2025 12:00,varnerrd_to_I10interchange,SB,0.25,0.44,18.5
2/20/2025 13:00,varnerrd_to_I10interchange,SB,0.28,0.46,16.9
2/20/2025 14:00,varnerrd_to_I10interchange,SB,0.27,0.45,17.4
2/20/2025 15:00,varnerrd_to_I10interchange,SB,0.39,0.58,14.5
2/20/2025 16:00,varnerrd_to_I10interchange,SB,0.38,0.56,13.9
2/20/2025 17:00,varnerrd_to_I10interchange,SB,0.38,0.56,14.2
2/20/2025 18:00,varnerrd_to_I10interchange,SB,0.26,0.45,17.8
2/20/2025 19:00,varnerrd_to_I10interchange,SB,0.38,0.57,14.2
2/20/2025 20:00,varnerrd_to_I10interchange,SB,0.49,0.67,11.7
2/20/2025 21:00,varnerrd_to_I10interchange,SB,0.2,0.38,20.4
2/20/2025 22:00,varnerrd_to_I10interchange,SB,0.26,0.44,17.8
2/20/2025 23:00,varnerrd_to_I10interchange,SB,0.21,0.4,18.9
2/21/2025 0:00,varnerrd_to_I10interchange,SB,0.12,0.31,24.9
2/21/2025 1:00,varnerrd_to_I10interchange,SB,0.02,0.19,39.5
2/21/2025 2:00,varnerrd_to_I10interchange,SB,0,0.17,44
2/21/2025 3:00,varnerrd_to_I10interchange,SB,0.05,0.23,34.4
2/21/2025 4:00,varnerrd_to_I10interchange,SB,0.1,0.28,29.3
2/21/2025 5:00,varnerrd_to_I10interchange,SB,0.21,0.39,20
2/21/2025 6:00,varnerrd_to_I10interchange,SB,0.23,0.42,18.8
2/21/2025 7:00,varnerrd_to_I10interchange,SB,0.33,0.52,14.9
2/21/2025 8:00,varnerrd_to_I10interchange,SB,0.33,0.52,14.9
2/21/2025 9:00,varnerrd_to_I10interchange,SB,0.33,0.52,15
2/21/2025 10:00,varnerrd_to_I10interchange,SB,0.33,0.51,15.1
2/21/2025 11:00,varnerrd_to_I10interchange,SB,0.32,0.51,14.9
2/21/2025 12:00,varnerrd_to_I10interchange,SB,0.3,0.49,17
2/21/2025 13:00,varnerrd_to_I10interchange,SB,0.41,0.6,13
2/21/2025 14:00,varnerrd_to_I10interchange,SB,0.28,0.47,16.3
2/21/2025 15:00,varnerrd_to_I10interchange,SB,0.28,0.46,17.1
2/21/2025 16:00,varnerrd_to_I10interchange,SB,0.34,0.53,14.8
2/21/2025 17:00,varnerrd_to_I10interchange,SB,0.37,0.55,14.5
2/21/2025 18:00,varnerrd_to_I10interchange,SB,0.33,0.52,15.7
2/21/2025 19:00,varnerrd_to_I10interchange,SB,0.37,0.56,14
2/21/2025 20:00,varnerrd_to_I10interchange,SB,0.15,0.34,23.1
2/21/2025 21:00,varnerrd_to_I10interchange,SB,0.16,0.35,23
2/21/2025 22:00,varnerrd_to_I10interchange,SB,0.23,0.42,20
2/21/2025 23:00,varnerrd_to_I10interchange,SB,0.11,0.3,26.1
2/22/2025 0:00,varnerrd_to_I10interchange,SB,0.09,0.27,28.6
2/22/2025 1:00,varnerrd_to_I10interchange,SB,0.15,0.33,24.1
2/22/2025 2:00,varnerrd_to_I10interchange,SB,0.08,0.27,32.2
2/22/2025 3:00,varnerrd_to_I10interchange,SB,0.04,0.22,34.1
2/22/2025 4:00,varnerrd_to_I10interchange,SB,0.01,0.2,38.7
2/22/2025 5:00,varnerrd_to_I10interchange,SB,0.05,0.23,32.9
2/22/2025 6:00,varnerrd_to_I10interchange,SB,0.26,0.44,19.9
2/22/2025 7:00,varnerrd_to_I10interchange,SB,0.3,0.49,16.4
2/22/2025 8:00,varnerrd_to_I10interchange,SB,0.31,0.5,16.6
2/22/2025 9:00,varnerrd_to_I10interchange,SB,0.33,0.52,16.1
2/22/2025 10:00,varnerrd_to_I10interchange,SB,0.39,0.57,14
2/22/2025 11:00,varnerrd_to_I10interchange,SB,0.45,0.64,12.8
2/22/2025 12:00,varnerrd_to_I10interchange,SB,0.43,0.62,12.4
2/22/2025 13:00,varnerrd_to_I10interchange,SB,0.31,0.5,16.4
2/22/2025 14:00,varnerrd_to_I10interchange,SB,0.31,0.5,16
2/22/2025 15:00,varnerrd_to_I10interchange,SB,0.42,0.61,13.3
2/22/2025 16:00,varnerrd_to_I10interchange,SB,0.37,0.56,13.9
2/22/2025 17:00,varnerrd_to_I10interchange,SB,0.28,0.47,17.1
2/22/2025 18:00,varnerrd_to_I10interchange,SB,0.37,0.56,14.2
2/22/2025 19:00,varnerrd_to_I10interchange,SB,0.37,0.56,14.5
2/22/2025 20:00,varnerrd_to_I10interchange,SB,0.43,0.62,13
2/22/2025 21:00,varnerrd_to_I10interchange,SB,0.41,0.6,12.9
2/22/2025 22:00,varnerrd_to_I10interchange,SB,0.27,0.46,19
2/22/2025 23:00,varnerrd_to_I10interchange,SB,0.35,0.54,14.3
2/23/2025 0:00,varnerrd_to_I10interchange,SB,0.11,0.29,26.9
2/23/2025 1:00,varnerrd_to_I10interchange,SB,0.06,0.24,31.1
2/23/2025 2:00,varnerrd_to_I10interchange,SB,0.03,0.21,36.8
2/23/2025 3:00,varnerrd_to_I10interchange,SB,0.03,0.21,35.8
2/23/2025 4:00,varnerrd_to_I10interchange,SB,0.1,0.28,29
2/23/2025 5:00,varnerrd_to_I10interchange,SB,0.07,0.25,30.6
2/23/2025 6:00,varnerrd_to_I10interchange,SB,0.08,0.27,28.2
2/23/2025 7:00,varnerrd_to_I10interchange,SB,0.18,0.37,20.9
2/23/2025 8:00,varnerrd_to_I10interchange,SB,0.28,0.46,17.6
2/23/2025 9:00,varnerrd_to_I10interchange,SB,0.26,0.44,18.5
2/23/2025 10:00,varnerrd_to_I10interchange,SB,0.3,0.49,16
2/23/2025 11:00,varnerrd_to_I10interchange,SB,0.3,0.49,16.2
2/23/2025 12:00,varnerrd_to_I10interchange,SB,0.28,0.46,17.1
2/23/2025 13:00,varnerrd_to_I10interchange,SB,0.32,0.51,16.9
2/23/2025 14:00,varnerrd_to_I10interchange,SB,0.36,0.55,14.2
2/23/2025 15:00,varnerrd_to_I10interchange,SB,0.43,0.61,13.5
2/23/2025 16:00,varnerrd_to_I10interchange,SB,0.44,0.62,13.4
2/23/2025 17:00,varnerrd_to_I10interchange,SB,0.42,0.61,13.5
2/23/2025 18:00,varnerrd_to_I10interchange,SB,0.32,0.51,16.1
2/23/2025 19:00,varnerrd_to_I10interchange,SB,0.31,0.5,16.7
2/23/2025 20:00,varnerrd_to_I10interchange,SB,0.27,0.45,17.5
2/23/2025 21:00,varnerrd_to_I10interchange,SB,0.22,0.4,20.5
2/23/2025 22:00,varnerrd_to_I10interchange,SB,0.14,0.33,23.2
2/23/2025 23:00,varnerrd_to_I10interchange,SB,0.14,0.32,25.4
2/24/2025 0:00,varnerrd_to_I10interchange,SB,0.1,0.28,28.4
2/24/2025 1:00,varnerrd_to_I10interchange,SB,0.08,0.26,31.8
2/24/2025 2:00,varnerrd_to_I10interchange,SB,0.07,0.25,31.5
2/24/2025 3:00,varnerrd_to_I10interchange,SB,0.1,0.28,27.2
2/24/2025 4:00,varnerrd_to_I10interchange,SB,0.04,0.22,34.6
2/24/2025 5:00,varnerrd_to_I10interchange,SB,0.12,0.3,26.3
2/24/2025 6:00,varnerrd_to_I10interchange,SB,0.25,0.44,19
2/24/2025 7:00,varnerrd_to_I10interchange,SB,0.36,0.55,14.6
2/24/2025 8:00,varnerrd_to_I10interchange,SB,0.36,0.55,15
2/24/2025 9:00,varnerrd_to_I10interchange,SB,0.38,0.56,13.9
2/24/2025 10:00,varnerrd_to_I10interchange,SB,0.26,0.45,18.1
2/24/2025 11:00,varnerrd_to_I10interchange,SB,0.28,0.46,16.8
2/24/2025 12:00,varnerrd_to_I10interchange,SB,0.35,0.54,14.2
2/24/2025 13:00,varnerrd_to_I10interchange,SB,0.34,0.53,14.8
2/24/2025 14:00,varnerrd_to_I10interchange,SB,0.36,0.54,14.6
2/24/2025 15:00,varnerrd_to_I10interchange,SB,0.34,0.52,14.8
2/24/2025 16:00,varnerrd_to_I10interchange,SB,0.32,0.51,15.1
2/24/2025 17:00,varnerrd_to_I10interchange,SB,0.38,0.57,15
2/24/2025 18:00,varnerrd_to_I10interchange,SB,0.32,0.51,15.6
2/24/2025 19:00,varnerrd_to_I10interchange,SB,0.29,0.48,17.4
2/24/2025 20:00,varnerrd_to_I10interchange,SB,0.33,0.52,14.9
2/24/2025 21:00,varnerrd_to_I10interchange,SB,0.28,0.47,17.2
2/24/2025 22:00,varnerrd_to_I10interchange,SB,0.19,0.37,21.6
2/24/2025 23:00,varnerrd_to_I10interchange,SB,0.23,0.42,18.9
2/25/2025 0:00,varnerrd_to_I10interchange,SB,0.06,0.25,30.3
2/25/2025 1:00,varnerrd_to_I10interchange,SB,0.01,0.19,40.1
2/25/2025 2:00,varnerrd_to_I10interchange,SB,0,0.17,44
2/25/2025 3:00,varnerrd_to_I10interchange,SB,0.07,0.25,32.2
2/25/2025 4:00,varnerrd_to_I10interchange,SB,0.03,0.22,34.4
2/25/2025 5:00,varnerrd_to_I10interchange,SB,0.12,0.31,25.2
2/25/2025 6:00,varnerrd_to_I10interchange,SB,0.22,0.41,20.2
2/25/2025 7:00,varnerrd_to_I10interchange,SB,0.28,0.46,17
2/25/2025 8:00,varnerrd_to_I10interchange,SB,0.46,0.64,12.4
2/25/2025 9:00,varnerrd_to_I10interchange,SB,0.38,0.57,14.1
2/25/2025 10:00,varnerrd_to_I10interchange,SB,0.22,0.41,19
2/25/2025 11:00,varnerrd_to_I10interchange,SB,0.33,0.52,14.8
2/25/2025 12:00,varnerrd_to_I10interchange,SB,0.33,0.52,15.3
2/25/2025 13:00,varnerrd_to_I10interchange,SB,0.31,0.5,15.8
2/25/2025 14:00,varnerrd_to_I10interchange,SB,0.34,0.53,14.6
2/25/2025 15:00,varnerrd_to_I10interchange,SB,0.41,0.6,13.4
2/25/2025 16:00,varnerrd_to_I10interchange,SB,0.3,0.49,15.7
2/25/2025 17:00,varnerrd_to_I10interchange,SB,0.32,0.51,15.9
2/25/2025 18:00,varnerrd_to_I10interchange,SB,0.34,0.53,16.2
2/25/2025 19:00,varnerrd_to_I10interchange,SB,0.22,0.41,20.2
2/25/2025 20:00,varnerrd_to_I10interchange,SB,0.25,0.44,17.5
2/25/2025 21:00,varnerrd_to_I10interchange,SB,0.26,0.45,19.7
2/25/2025 22:00,varnerrd_to_I10interchange,SB,0.17,0.36,21.9
2/25/2025 23:00,varnerrd_to_I10interchange,SB,0.12,0.3,25.6
2/26/2025 0:00,varnerrd_to_I10interchange,SB,0.21,0.39,21.1
2/26/2025 1:00,varnerrd_to_I10interchange,SB,0.03,0.21,36.2
2/26/2025 2:00,varnerrd_to_I10interchange,SB,0.08,0.26,32.9
2/26/2025 3:00,varnerrd_to_I10interchange,SB,0.02,0.19,40.2
2/26/2025 4:00,varnerrd_to_I10interchange,SB,0.14,0.32,24.4
2/26/2025 5:00,varnerrd_to_I10interchange,SB,0.2,0.38,21.4
2/26/2025 6:00,varnerrd_to_I10interchange,SB,0.26,0.45,17.9
2/26/2025 7:00,varnerrd_to_I10interchange,SB,0.42,0.61,12.5
2/26/2025 8:00,varnerrd_to_I10interchange,SB,0.35,0.54,15
2/26/2025 9:00,varnerrd_to_I10interchange,SB,0.28,0.47,17.1
2/26/2025 10:00,varnerrd_to_I10interchange,SB,0.29,0.48,16.3
2/26/2025 11:00,varnerrd_to_I10interchange,SB,0.29,0.47,16.5
2/26/2025 12:00,varnerrd_to_I10interchange,SB,0.35,0.53,14.7
2/26/2025 13:00,varnerrd_to_I10interchange,SB,0.38,0.57,13.7
2/26/2025 14:00,varnerrd_to_I10interchange,SB,0.37,0.55,15.3
2/26/2025 15:00,varnerrd_to_I10interchange,SB,0.25,0.44,17.7
2/26/2025 16:00,varnerrd_to_I10interchange,SB,0.39,0.58,13.5
2/26/2025 17:00,varnerrd_to_I10interchange,SB,0.36,0.55,14
2/26/2025 18:00,varnerrd_to_I10interchange,SB,0.44,0.63,12.5
2/26/2025 19:00,varnerrd_to_I10interchange,SB,0.39,0.58,15.6
2/26/2025 20:00,varnerrd_to_I10interchange,SB,0.33,0.52,15.1
2/26/2025 21:00,varnerrd_to_I10interchange,SB,0.18,0.36,20.7
2/26/2025 22:00,varnerrd_to_I10interchange,SB,0.18,0.37,21.8
2/26/2025 23:00,varnerrd_to_I10interchange,SB,0.17,0.35,21.8
2/27/2025 0:00,varnerrd_to_I10interchange,SB,0.05,0.23,32.8
2/27/2025 1:00,varnerrd_to_I10interchange,SB,0.13,0.32,25
2/27/2025 2:00,varnerrd_to_I10interchange,SB,0.06,0.25,31.2
2/27/2025 3:00,varnerrd_to_I10interchange,SB,0.03,0.22,35.7
2/27/2025 4:00,varnerrd_to_I10interchange,SB,0.04,0.23,33.4
2/27/2025 5:00,varnerrd_to_I10interchange,SB,0.15,0.34,23.5
2/27/2025 6:00,varnerrd_to_I10interchange,SB,0.37,0.56,14.3
2/27/2025 7:00,varnerrd_to_I10interchange,SB,0.3,0.48,15.7
2/27/2025 8:00,varnerrd_to_I10interchange,SB,0.4,0.59,14.2
2/27/2025 9:00,varnerrd_to_I10interchange,SB,0.4,0.58,13.9
2/27/2025 10:00,varnerrd_to_I10interchange,SB,0.23,0.42,18.3
2/27/2025 11:00,varnerrd_to_I10interchange,SB,0.33,0.52,15
2/27/2025 12:00,varnerrd_to_I10interchange,SB,0.3,0.49,16.1
2/27/2025 13:00,varnerrd_to_I10interchange,SB,0.24,0.43,19.1
2/27/2025 14:00,varnerrd_to_I10interchange,SB,0.3,0.48,15.8
2/27/2025 15:00,varnerrd_to_I10interchange,SB,0.34,0.53,14.8
2/27/2025 16:00,varnerrd_to_I10interchange,SB,0.26,0.45,16.9
2/27/2025 17:00,varnerrd_to_I10interchange,SB,0.44,0.62,12.4
2/27/2025 18:00,varnerrd_to_I10interchange,SB,0.36,0.55,15.5
2/27/2025 19:00,varnerrd_to_I10interchange,SB,0.33,0.52,15.9
2/27/2025 20:00,varnerrd_to_I10interchange,SB,0.42,0.6,14
2/27/2025 21:00,varnerrd_to_I10interchange,SB,0.24,0.43,19.1
2/27/2025 22:00,varnerrd_to_I10interchange,SB,0.35,0.53,14.6
2/27/2025 23:00,varnerrd_to_I10interchange,SB,0.09,0.28,27.4
2/28/2025 0:00,varnerrd_to_I10interchange,SB,0.11,0.29,26.7
2/28/2025 1:00,varnerrd_to_I10interchange,SB,0.04,0.23,33.3
2/28/2025 2:00,varnerrd_to_I10interchange,SB,0.02,0.2,37.2
2/28/2025 3:00,varnerrd_to_I10interchange,SB,0.03,0.21,37.1
2/28/2025 4:00,varnerrd_to_I10interchange,SB,0.02,0.2,38.6
2/28/2025 5:00,varnerrd_to_I10interchange,SB,0.15,0.33,24
2/28/2025 6:00,varnerrd_to_I10interchange,SB,0.29,0.48,15.9
2/28/2025 7:00,varnerrd_to_I10interchange,SB,0.45,0.64,12.1
2/28/2025 8:00,varnerrd_to_I10interchange,SB,0.44,0.62,13
2/28/2025 9:00,varnerrd_to_I10interchange,SB,0.45,0.64,12.5
2/28/2025 10:00,varnerrd_to_I10interchange,SB,0.32,0.51,15.6
2/28/2025 11:00,varnerrd_to_I10interchange,SB,0.32,0.51,15.5
2/28/2025 12:00,varnerrd_to_I10interchange,SB,0.35,0.54,14.9
2/28/2025 13:00,varnerrd_to_I10interchange,SB,0.34,0.53,15
2/28/2025 14:00,varnerrd_to_I10interchange,SB,0.39,0.57,13.8
2/28/2025 15:00,varnerrd_to_I10interchange,SB,0.39,0.58,13.7
2/28/2025 16:00,varnerrd_to_I10interchange,SB,0.4,0.58,13.3
2/28/2025 17:00,varnerrd_to_I10interchange,SB,0.3,0.49,16.2
2/28/2025 18:00,varnerrd_to_I10interchange,SB,0.28,0.47,17.1
2/28/2025 19:00,varnerrd_to_I10interchange,SB,0.36,0.55,16.1
2/28/2025 20:00,varnerrd_to_I10interchange,SB,0.19,0.38,20.4
2/28/2025 21:00,varnerrd_to_I10interchange,SB,0.23,0.42,18.4
2/28/2025 22:00,varnerrd_to_I10interchange,SB,0.44,0.62,13.4
2/28/2025 23:00,varnerrd_to_I10interchange,SB,0.2,0.39,19.7
3/1/2025 0:00,varnerrd_to_I10interchange,SB,0.2,0.38,22.5
3/1/2025 1:00,varnerrd_to_I10interchange,SB,0.08,0.27,30
3/1/2025 2:00,varnerrd_to_I10interchange,SB,0.04,0.23,33.9
3/1/2025 3:00,varnerrd_to_I10interchange,SB,0.04,0.23,35.2
3/1/2025 4:00,varnerrd_to_I10interchange,SB,0.05,0.23,33
3/1/2025 5:00,varnerrd_to_I10interchange,SB,0.19,0.38,23.8
3/1/2025 6:00,varnerrd_to_I10interchange,SB,0.22,0.41,19.4
3/1/2025 7:00,varnerrd_to_I10interchange,SB,0.34,0.53,14.7
3/1/2025 8:00,varnerrd_to_I10interchange,SB,0.26,0.45,17.7
3/1/2025 9:00,varnerrd_to_I10interchange,SB,0.36,0.54,14.9
3/1/2025 10:00,varnerrd_to_I10interchange,SB,0.38,0.56,14.9
3/1/2025 11:00,varnerrd_to_I10interchange,SB,0.4,0.59,13.6
3/1/2025 12:00,varnerrd_to_I10interchange,SB,0.36,0.55,14.5
3/1/2025 13:00,varnerrd_to_I10interchange,SB,0.31,0.5,15.8
3/1/2025 14:00,varnerrd_to_I10interchange,SB,0.5,0.69,11.3
3/1/2025 15:00,varnerrd_to_I10interchange,SB,0.33,0.52,15.9
3/1/2025 16:00,varnerrd_to_I10interchange,SB,0.35,0.54,14.7
3/1/2025 17:00,varnerrd_to_I10interchange,SB,0.36,0.55,15.1
3/1/2025 18:00,varnerrd_to_I10interchange,SB,0.4,0.59,13.4
3/1/2025 19:00,varnerrd_to_I10interchange,SB,0.26,0.45,18.3
3/1/2025 20:00,varnerrd_to_I10interchange,SB,0.23,0.41,19.5
3/1/2025 21:00,varnerrd_to_I10interchange,SB,0.2,0.39,23.7
3/1/2025 22:00,varnerrd_to_I10interchange,SB,0.28,0.47,18
3/1/2025 23:00,varnerrd_to_I10interchange,SB,0.26,0.44,18.6
3/2/2025 0:00,varnerrd_to_I10interchange,SB,0.16,0.34,23.8
3/2/2025 1:00,varnerrd_to_I10interchange,SB,0.06,0.24,34.4
3/2/2025 2:00,varnerrd_to_I10interchange,SB,0.12,0.3,28.7
3/2/2025 3:00,varnerrd_to_I10interchange,SB,0.07,0.24,35.7
3/2/2025 4:00,varnerrd_to_I10interchange,SB,0.11,0.29,28.6
3/2/2025 5:00,varnerrd_to_I10interchange,SB,0.11,0.3,26.9
3/2/2025 6:00,varnerrd_to_I10interchange,SB,0.21,0.4,19.7
3/2/2025 7:00,varnerrd_to_I10interchange,SB,0.23,0.42,19.3
3/2/2025 8:00,varnerrd_to_I10interchange,SB,0.33,0.51,16.1
3/2/2025 9:00,varnerrd_to_I10interchange,SB,0.28,0.46,17
3/2/2025 10:00,varnerrd_to_I10interchange,SB,0.31,0.5,15.6
3/2/2025 11:00,varnerrd_to_I10interchange,SB,0.38,0.57,13.6
3/2/2025 12:00,varnerrd_to_I10interchange,SB,0.35,0.54,14
3/2/2025 13:00,varnerrd_to_I10interchange,SB,0.34,0.53,15.3
3/2/2025 14:00,varnerrd_to_I10interchange,SB,0.4,0.59,14
3/2/2025 15:00,varnerrd_to_I10interchange,SB,0.36,0.55,14.7
3/2/2025 16:00,varnerrd_to_I10interchange,SB,0.41,0.6,12.9
3/2/2025 17:00,varnerrd_to_I10interchange,SB,0.31,0.5,17.3
3/2/2025 18:00,varnerrd_to_I10interchange,SB,0.4,0.59,13.5
3/2/2025 19:00,varnerrd_to_I10interchange,SB,0.3,0.48,16
3/2/2025 20:00,varnerrd_to_I10interchange,SB,0.22,0.41,20.7
3/2/2025 21:00,varnerrd_to_I10interchange,SB,0.18,0.37,22.5
3/2/2025 22:00,varnerrd_to_I10interchange,SB,0.17,0.36,22.4
3/2/2025 23:00,varnerrd_to_I10interchange,SB,0.13,0.32,26
3/3/2025 0:00,varnerrd_to_I10interchange,SB,0.06,0.25,30.9
3/3/2025 1:00,varnerrd_to_I10interchange,SB,0.02,0.19,39.1
3/3/2025 2:00,varnerrd_to_I10interchange,SB,0.03,0.21,37.3
3/3/2025 3:00,varnerrd_to_I10interchange,SB,0,0.18,42.6
3/3/2025 4:00,varnerrd_to_I10interchange,SB,0.04,0.22,34.7
3/3/2025 5:00,varnerrd_to_I10interchange,SB,0.13,0.31,25.1
3/3/2025 6:00,varnerrd_to_I10interchange,SB,0.28,0.46,17.2
3/3/2025 7:00,varnerrd_to_I10interchange,SB,0.36,0.55,13.9
3/3/2025 8:00,varnerrd_to_I10interchange,SB,0.39,0.58,13.5
3/3/2025 9:00,varnerrd_to_I10interchange,SB,0.4,0.59,13.1
3/3/2025 10:00,varnerrd_to_I10interchange,SB,0.32,0.5,15.7
3/3/2025 11:00,varnerrd_to_I10interchange,SB,0.36,0.55,14.3
3/3/2025 12:00,varnerrd_to_I10interchange,SB,0.28,0.46,17.1
3/3/2025 13:00,varnerrd_to_I10interchange,SB,0.43,0.62,12.4
3/3/2025 14:00,varnerrd_to_I10interchange,SB,0.28,0.47,17.4
3/3/2025 15:00,varnerrd_to_I10interchange,SB,0.38,0.56,13.8
3/3/2025 16:00,varnerrd_to_I10interchange,SB,0.31,0.5,17
3/3/2025 17:00,varnerrd_to_I10interchange,SB,0.36,0.55,14.3
3/3/2025 18:00,varnerrd_to_I10interchange,SB,0.36,0.55,14.9
3/3/2025 19:00,varnerrd_to_I10interchange,SB,0.42,0.61,12.8
3/3/2025 20:00,varnerrd_to_I10interchange,SB,0.27,0.46,16.7
3/3/2025 21:00,varnerrd_to_I10interchange,SB,0.2,0.38,20.7
3/3/2025 22:00,varnerrd_to_I10interchange,SB,0.18,0.37,22.4
3/3/2025 23:00,varnerrd_to_I10interchange,SB,0.17,0.35,22
3/4/2025 0:00,varnerrd_to_I10interchange,SB,0.18,0.36,22.7
3/4/2025 1:00,varnerrd_to_I10interchange,SB,0.03,0.21,37.8
3/4/2025 2:00,varnerrd_to_I10interchange,SB,0,0.17,44
3/4/2025 3:00,varnerrd_to_I10interchange,SB,0.11,0.29,28.9
3/4/2025 4:00,varnerrd_to_I10interchange,SB,0.07,0.25,30.2
3/4/2025 5:00,varnerrd_to_I10interchange,SB,0.17,0.36,23.6
3/4/2025 6:00,varnerrd_to_I10interchange,SB,0.38,0.57,14.8
3/4/2025 7:00,varnerrd_to_I10interchange,SB,0.33,0.52,14.7
3/4/2025 8:00,varnerrd_to_I10interchange,SB,0.39,0.57,13.6
3/4/2025 9:00,varnerrd_to_I10interchange,SB,0.41,0.59,13.4
3/4/2025 10:00,varnerrd_to_I10interchange,SB,0.26,0.45,19.7
3/4/2025 11:00,varnerrd_to_I10interchange,SB,0.09,0.27,36.3
3/4/2025 12:00,varnerrd_to_I10interchange,SB,0.31,0.49,16.6
3/4/2025 13:00,varnerrd_to_I10interchange,SB,0.28,0.48,15.8
3/4/2025 14:00,varnerrd_to_I10interchange,SB,0.31,0.51,15
3/4/2025 15:00,varnerrd_to_I10interchange,SB,0.33,0.53,15
3/4/2025 16:00,varnerrd_to_I10interchange,SB,0.32,0.52,15.9
3/4/2025 17:00,varnerrd_to_I10interchange,SB,0.36,0.56,14
3/4/2025 18:00,varnerrd_to_I10interchange,SB,0.4,0.6,15.1
3/4/2025 19:00,varnerrd_to_I10interchange,SB,0.29,0.49,16.1
3/4/2025 20:00,varnerrd_to_I10interchange,SB,0.28,0.48,18.3
3/4/2025 21:00,varnerrd_to_I10interchange,SB,0.33,0.52,15.7
3/4/2025 22:00,varnerrd_to_I10interchange,SB,0.13,0.33,23.8
3/4/2025 23:00,varnerrd_to_I10interchange,SB,0.12,0.31,25.8
3/5/2025 0:00,varnerrd_to_I10interchange,SB,0.03,0.21,36.4
3/5/2025 1:00,varnerrd_to_I10interchange,SB,0.01,0.19,40.1
3/5/2025 2:00,varnerrd_to_I10interchange,SB,0.01,0.18,41.4
3/5/2025 3:00,varnerrd_to_I10interchange,SB,0.04,0.24,32.2
3/5/2025 4:00,varnerrd_to_I10interchange,SB,0.05,0.24,31.3
3/5/2025 5:00,varnerrd_to_I10interchange,SB,0.04,0.23,32.7
3/5/2025 6:00,varnerrd_to_I10interchange,SB,0.23,0.43,19.1
3/5/2025 7:00,varnerrd_to_I10interchange,SB,0.4,0.6,12.8
3/5/2025 8:00,varnerrd_to_I10interchange,SB,0.35,0.55,14.4
3/5/2025 9:00,varnerrd_to_I10interchange,SB,0.31,0.51,15.2
3/5/2025 10:00,varnerrd_to_I10interchange,SB,0.41,0.61,13.8
3/5/2025 11:00,varnerrd_to_I10interchange,SB,0.28,0.48,15.9
3/5/2025 12:00,varnerrd_to_I10interchange,SB,0.26,0.46,16.6
3/5/2025 13:00,varnerrd_to_I10interchange,SB,0.3,0.5,15.6
3/5/2025 14:00,varnerrd_to_I10interchange,SB,0.33,0.53,14.8
3/5/2025 15:00,varnerrd_to_I10interchange,SB,0.29,0.49,16.4
3/5/2025 16:00,varnerrd_to_I10interchange,SB,0.25,0.45,17.3
3/5/2025 17:00,varnerrd_to_I10interchange,SB,0.37,0.57,13.6
3/5/2025 18:00,varnerrd_to_I10interchange,SB,0.3,0.5,16.3
3/5/2025 19:00,varnerrd_to_I10interchange,SB,0.28,0.48,17.5
3/5/2025 20:00,varnerrd_to_I10interchange,SB,0.25,0.45,17.5
3/5/2025 21:00,varnerrd_to_I10interchange,SB,0.27,0.47,16.3
3/5/2025 22:00,varnerrd_to_I10interchange,SB,0.1,0.3,27.3
3/5/2025 23:00,varnerrd_to_I10interchange,SB,0.2,0.39,21.3
3/6/2025 0:00,varnerrd_to_I10interchange,SB,0.12,0.32,25.5
3/6/2025 1:00,varnerrd_to_I10interchange,SB,0.08,0.28,27.6
3/6/2025 2:00,varnerrd_to_I10interchange,SB,0.02,0.2,37.4
3/6/2025 3:00,varnerrd_to_I10interchange,SB,0.01,0.18,42
3/6/2025 4:00,varnerrd_to_I10interchange,SB,0.06,0.26,29.4
3/6/2025 5:00,varnerrd_to_I10interchange,SB,0.16,0.35,23.3
3/6/2025 6:00,varnerrd_to_I10interchange,SB,0.27,0.47,17.6
3/6/2025 7:00,varnerrd_to_I10interchange,SB,0.4,0.6,13.5
3/6/2025 8:00,varnerrd_to_I10interchange,SB,0.31,0.51,15.4
3/6/2025 9:00,varnerrd_to_I10interchange,SB,0.44,0.64,12.2
3/6/2025 10:00,varnerrd_to_I10interchange,SB,0.37,0.57,13.8
3/6/2025 11:00,varnerrd_to_I10interchange,SB,0.25,0.45,17.7
3/6/2025 12:00,varnerrd_to_I10interchange,SB,0.33,0.53,15.5
3/6/2025 13:00,varnerrd_to_I10interchange,SB,0.39,0.59,13.8
3/6/2025 14:00,varnerrd_to_I10interchange,SB,0.31,0.51,15.6
3/6/2025 15:00,varnerrd_to_I10interchange,SB,0.32,0.52,15.6
3/6/2025 16:00,varnerrd_to_I10interchange,SB,0.33,0.53,15
3/6/2025 17:00,varnerrd_to_I10interchange,SB,0.4,0.6,13.1
3/6/2025 18:00,varnerrd_to_I10interchange,SB,0.24,0.44,18.1
3/6/2025 19:00,varnerrd_to_I10interchange,SB,0.32,0.52,15.9
3/6/2025 20:00,varnerrd_to_I10interchange,SB,0.31,0.51,17.1
3/6/2025 21:00,varnerrd_to_I10interchange,SB,0.44,0.64,12.5
3/6/2025 22:00,varnerrd_to_I10interchange,SB,0.48,0.68,11.8
3/6/2025 23:00,varnerrd_to_I10interchange,SB,0.25,0.44,19.6
3/7/2025 0:00,varnerrd_to_I10interchange,SB,0.14,0.33,26.7
3/7/2025 1:00,varnerrd_to_I10interchange,SB,0.06,0.26,30.1
3/7/2025 2:00,varnerrd_to_I10interchange,SB,0.03,0.21,37.6
3/7/2025 3:00,varnerrd_to_I10interchange,SB,0.01,0.19,39.4
3/7/2025 4:00,varnerrd_to_I10interchange,SB,0.1,0.29,27
3/7/2025 5:00,varnerrd_to_I10interchange,SB,0.06,0.25,30.7
3/7/2025 6:00,varnerrd_to_I10interchange,SB,0.27,0.47,18.7
3/7/2025 7:00,varnerrd_to_I10interchange,SB,0.38,0.58,13.4
3/7/2025 8:00,varnerrd_to_I10interchange,SB,0.41,0.61,13.3
3/7/2025 9:00,varnerrd_to_I10interchange,SB,0.46,0.66,12.6
3/7/2025 10:00,varnerrd_to_I10interchange,SB,0.36,0.56,14.4
3/7/2025 11:00,varnerrd_to_I10interchange,SB,0.27,0.47,17.1
3/7/2025 12:00,varnerrd_to_I10interchange,SB,0.32,0.52,15.6
3/7/2025 13:00,varnerrd_to_I10interchange,SB,0.42,0.61,12.7
3/7/2025 14:00,varnerrd_to_I10interchange,SB,0.33,0.53,14.5
3/7/2025 15:00,varnerrd_to_I10interchange,SB,0.35,0.55,14.1
3/7/2025 16:00,varnerrd_to_I10interchange,SB,0.33,0.53,14.9
3/7/2025 17:00,varnerrd_to_I10interchange,SB,0.3,0.5,16.3
3/7/2025 18:00,varnerrd_to_I10interchange,SB,0.37,0.57,13.6
3/7/2025 19:00,varnerrd_to_I10interchange,SB,0.24,0.44,17.7
3/7/2025 20:00,varnerrd_to_I10interchange,SB,0.33,0.53,14.9
3/7/2025 21:00,varnerrd_to_I10interchange,SB,0.2,0.4,22
3/7/2025 22:00,varnerrd_to_I10interchange,SB,0.36,0.56,13.7
3/7/2025 23:00,varnerrd_to_I10interchange,SB,0.2,0.39,21.9
3/8/2025 0:00,varnerrd_to_I10interchange,SB,0.1,0.3,28.3
3/8/2025 1:00,varnerrd_to_I10interchange,SB,0.02,0.19,39.9
3/8/2025 2:00,varnerrd_to_I10interchange,SB,0.14,0.33,28.2
3/8/2025 3:00,varnerrd_to_I10interchange,SB,0.08,0.26,32.6
3/8/2025 4:00,varnerrd_to_I10interchange,SB,0.05,0.25,31.1
3/8/2025 5:00,varnerrd_to_I10interchange,SB,0.05,0.24,31.3
3/8/2025 6:00,varnerrd_to_I10interchange,SB,0.32,0.52,16.5
3/8/2025 7:00,varnerrd_to_I10interchange,SB,0.25,0.45,17.1
3/8/2025 8:00,varnerrd_to_I10interchange,SB,0.29,0.49,16.4
3/8/2025 9:00,varnerrd_to_I10interchange,SB,0.33,0.53,14.7
3/8/2025 10:00,varnerrd_to_I10interchange,SB,0.42,0.62,12.5
3/8/2025 11:00,varnerrd_to_I10interchange,SB,0.34,0.54,14.5
3/8/2025 12:00,varnerrd_to_I10interchange,SB,0.4,0.6,13.4
3/8/2025 13:00,varnerrd_to_I10interchange,SB,0.42,0.62,12.9
3/8/2025 14:00,varnerrd_to_I10interchange,SB,0.3,0.5,15.8
3/8/2025 15:00,varnerrd_to_I10interchange,SB,0.3,0.5,15.4
3/8/2025 16:00,varnerrd_to_I10interchange,SB,0.36,0.56,13.9
3/8/2025 17:00,varnerrd_to_I10interchange,SB,0.35,0.55,14.4
3/8/2025 18:00,varnerrd_to_I10interchange,SB,0.43,0.62,13
3/8/2025 19:00,varnerrd_to_I10interchange,SB,0.42,0.62,12.5
3/8/2025 20:00,varnerrd_to_I10interchange,SB,0.34,0.54,16.7
3/8/2025 21:00,varnerrd_to_I10interchange,SB,0.38,0.58,14
3/8/2025 22:00,varnerrd_to_I10interchange,SB,0.15,0.35,22.7
3/8/2025 23:00,varnerrd_to_I10interchange,SB,0.28,0.48,16.9
3/9/2025 0:00,varnerrd_to_I10interchange,SB,0.1,0.3,26.2
3/9/2025 1:00,varnerrd_to_I10interchange,SB,0.03,0.22,34.8
3/9/2025 3:00,varnerrd_to_I10interchange,SB,0.03,0.22,35.2
3/9/2025 4:00,varnerrd_to_I10interchange,SB,0.02,0.2,37.7
3/9/2025 5:00,varnerrd_to_I10interchange,SB,0.05,0.25,31.1
3/9/2025 6:00,varnerrd_to_I10interchange,SB,0.09,0.29,27
3/9/2025 7:00,varnerrd_to_I10interchange,SB,0.23,0.43,17.9
3/9/2025 8:00,varnerrd_to_I10interchange,SB,0.37,0.57,14.1
3/9/2025 9:00,varnerrd_to_I10interchange,SB,0.4,0.6,13.2
3/9/2025 10:00,varnerrd_to_I10interchange,SB,0.37,0.57,13.9
3/9/2025 11:00,varnerrd_to_I10interchange,SB,0.32,0.52,15.2
3/9/2025 12:00,varnerrd_to_I10interchange,SB,0.24,0.44,17.7
3/9/2025 13:00,varnerrd_to_I10interchange,SB,0.41,0.61,12.9
3/9/2025 14:00,varnerrd_to_I10interchange,SB,0.36,0.56,14.4
3/9/2025 15:00,varnerrd_to_I10interchange,SB,0.43,0.63,12.4
3/9/2025 16:00,varnerrd_to_I10interchange,SB,0.29,0.49,16.9
3/9/2025 17:00,varnerrd_to_I10interchange,SB,0.36,0.56,15.2
3/9/2025 18:00,varnerrd_to_I10interchange,SB,0.35,0.55,14.2
3/9/2025 19:00,varnerrd_to_I10interchange,SB,0.34,0.54,16.2
3/9/2025 20:00,varnerrd_to_I10interchange,SB,0.41,0.61,12.5
3/9/2025 21:00,varnerrd_to_I10interchange,SB,0.24,0.44,17.7
3/9/2025 22:00,varnerrd_to_I10interchange,SB,0.26,0.46,17.6
3/9/2025 23:00,varnerrd_to_I10interchange,SB,0.13,0.33,24.7
3/10/2025 0:00,varnerrd_to_I10interchange,SB,0.01,0.21,37.1
3/10/2025 1:00,varnerrd_to_I10interchange,SB,0,0.17,45.3
3/10/2025 2:00,varnerrd_to_I10interchange,SB,0.12,0.31,26.7
3/10/2025 3:00,varnerrd_to_I10interchange,SB,0.1,0.3,27.6
3/10/2025 4:00,varnerrd_to_I10interchange,SB,0.06,0.25,29.7
3/10/2025 5:00,varnerrd_to_I10interchange,SB,0.18,0.38,21.9
3/10/2025 6:00,varnerrd_to_I10interchange,SB,0.22,0.42,19.1
3/10/2025 7:00,varnerrd_to_I10interchange,SB,0.32,0.52,15.8
3/10/2025 8:00,varnerrd_to_I10interchange,SB,0.42,0.62,13.8
3/10/2025 9:00,varnerrd_to_I10interchange,SB,0.3,0.5,15.2
3/10/2025 10:00,varnerrd_to_I10interchange,SB,0.34,0.54,14.5
3/10/2025 11:00,varnerrd_to_I10interchange,SB,0.29,0.49,15.7
3/10/2025 12:00,varnerrd_to_I10interchange,SB,0.33,0.53,14.3
3/10/2025 13:00,varnerrd_to_I10interchange,SB,0.31,0.51,15.3
3/10/2025 14:00,varnerrd_to_I10interchange,SB,0.35,0.55,14.1
3/10/2025 15:00,varnerrd_to_I10interchange,SB,0.29,0.49,16.3
3/10/2025 16:00,varnerrd_to_I10interchange,SB,0.32,0.52,15.1
3/10/2025 17:00,varnerrd_to_I10interchange,SB,0.33,0.53,14.9
3/10/2025 18:00,varnerrd_to_I10interchange,SB,0.32,0.52,15.3
3/10/2025 19:00,varnerrd_to_I10interchange,SB,0.28,0.48,16.8
3/10/2025 20:00,varnerrd_to_I10interchange,SB,0.19,0.39,20.4
3/10/2025 21:00,varnerrd_to_I10interchange,SB,0.17,0.37,23.4
3/10/2025 22:00,varnerrd_to_I10interchange,SB,0.28,0.47,18.7
3/10/2025 23:00,varnerrd_to_I10interchange,SB,0.19,0.39,20.9
3/11/2025 0:00,varnerrd_to_I10interchange,SB,0.05,0.25,30.4
3/11/2025 1:00,varnerrd_to_I10interchange,SB,0.12,0.32,24
3/11/2025 2:00,varnerrd_to_I10interchange,SB,0.05,0.25,30.7
3/11/2025 3:00,varnerrd_to_I10interchange,SB,0.04,0.23,33.3
3/11/2025 4:00,varnerrd_to_I10interchange,SB,0.03,0.23,33.2
3/11/2025 5:00,varnerrd_to_I10interchange,SB,0.07,0.26,29.7
3/11/2025 6:00,varnerrd_to_I10interchange,SB,0.36,0.56,15.6
3/11/2025 7:00,varnerrd_to_I10interchange,SB,0.34,0.54,14.8
3/11/2025 8:00,varnerrd_to_I10interchange,SB,0.35,0.55,13.9
3/11/2025 9:00,varnerrd_to_I10interchange,SB,0.35,0.55,14.6
3/11/2025 10:00,varnerrd_to_I10interchange,SB,0.35,0.55,15.4
3/11/2025 11:00,varnerrd_to_I10interchange,SB,0.28,0.48,17.2
3/11/2025 12:00,varnerrd_to_I10interchange,SB,0.22,0.42,18.9
3/11/2025 13:00,varnerrd_to_I10interchange,SB,0.32,0.52,15.2
3/11/2025 14:00,varnerrd_to_I10interchange,SB,0.39,0.59,13.8
3/11/2025 15:00,varnerrd_to_I10interchange,SB,0.28,0.48,17.1
3/11/2025 16:00,varnerrd_to_I10interchange,SB,0.33,0.53,15.1
3/11/2025 17:00,varnerrd_to_I10interchange,SB,0.32,0.52,15
3/11/2025 18:00,varnerrd_to_I10interchange,SB,0.21,0.41,19.3
3/11/2025 19:00,varnerrd_to_I10interchange,SB,0.35,0.55,14.8
3/11/2025 20:00,varnerrd_to_I10interchange,SB,0.32,0.52,15.9
3/11/2025 21:00,varnerrd_to_I10interchange,SB,0.33,0.53,15.2
3/11/2025 22:00,varnerrd_to_I10interchange,SB,0.13,0.33,23.5
3/11/2025 23:00,varnerrd_to_I10interchange,SB,0.07,0.26,30.1
3/12/2025 0:00,varnerrd_to_I10interchange,SB,0.06,0.26,30.6
3/12/2025 1:00,varnerrd_to_I10interchange,SB,0,0.17,43.9
3/12/2025 2:00,varnerrd_to_I10interchange,SB,0.06,0.25,31.1
3/12/2025 3:00,varnerrd_to_I10interchange,SB,0.02,0.2,37.6
3/12/2025 4:00,varnerrd_to_I10interchange,SB,0.05,0.25,30.3
3/12/2025 5:00,varnerrd_to_I10interchange,SB,0.11,0.3,28.7
3/12/2025 6:00,varnerrd_to_I10interchange,SB,0.3,0.5,18
3/12/2025 7:00,varnerrd_to_I10interchange,SB,0.4,0.6,13.5
3/12/2025 8:00,varnerrd_to_I10interchange,SB,0.38,0.58,13.9
3/12/2025 9:00,varnerrd_to_I10interchange,SB,0.36,0.56,14.3
3/12/2025 10:00,varnerrd_to_I10interchange,SB,0.26,0.45,17.6
3/12/2025 11:00,varnerrd_to_I10interchange,SB,0.22,0.42,18.4
3/12/2025 12:00,varnerrd_to_I10interchange,SB,0.31,0.51,15.3
3/12/2025 13:00,varnerrd_to_I10interchange,SB,0.29,0.49,15.6
3/12/2025 14:00,varnerrd_to_I10interchange,SB,0.3,0.5,15.3
3/12/2025 15:00,varnerrd_to_I10interchange,SB,0.35,0.55,14.3
3/12/2025 16:00,varnerrd_to_I10interchange,SB,0.38,0.58,13.7
3/12/2025 17:00,varnerrd_to_I10interchange,SB,0.41,0.61,13
3/12/2025 18:00,varnerrd_to_I10interchange,SB,0.31,0.51,16.4
3/12/2025 19:00,varnerrd_to_I10interchange,SB,0.3,0.5,16.2
3/12/2025 20:00,varnerrd_to_I10interchange,SB,0.3,0.49,18.3
3/12/2025 21:00,varnerrd_to_I10interchange,SB,0.27,0.47,17.2
3/12/2025 22:00,varnerrd_to_I10interchange,SB,0.18,0.38,21.1
3/12/2025 23:00,varnerrd_to_I10interchange,SB,0.05,0.25,30.9
3/13/2025 0:00,varnerrd_to_I10interchange,SB,0.04,0.23,32.7
3/13/2025 1:00,varnerrd_to_I10interchange,SB,0.07,0.26,28.8
3/13/2025 2:00,varnerrd_to_I10interchange,SB,0.02,0.21,36.3
3/13/2025 3:00,varnerrd_to_I10interchange,SB,0.03,0.22,35.6
3/13/2025 4:00,varnerrd_to_I10interchange,SB,0.13,0.32,26.8
3/13/2025 5:00,varnerrd_to_I10interchange,SB,0.17,0.37,20.5
3/13/2025 6:00,varnerrd_to_I10interchange,SB,0.34,0.54,14.6
3/13/2025 7:00,varnerrd_to_I10interchange,SB,0.37,0.57,14.1
3/13/2025 8:00,varnerrd_to_I10interchange,SB,0.28,0.48,16.1
3/13/2025 9:00,varnerrd_to_I10interchange,SB,0.29,0.49,16
3/13/2025 10:00,varnerrd_to_I10interchange,SB,0.22,0.42,18.4
3/13/2025 11:00,varnerrd_to_I10interchange,SB,0.38,0.58,13.5
3/13/2025 12:00,varnerrd_to_I10interchange,SB,0.34,0.54,14.6
3/13/2025 13:00,varnerrd_to_I10interchange,SB,0.31,0.51,14.9
3/13/2025 14:00,varnerrd_to_I10interchange,SB,0.3,0.5,15.9
3/13/2025 15:00,varnerrd_to_I10interchange,SB,0.35,0.55,14.2
3/13/2025 16:00,varnerrd_to_I10interchange,SB,0.35,0.55,14.4
3/13/2025 17:00,varnerrd_to_I10interchange,SB,0.33,0.53,14.9
3/13/2025 18:00,varnerrd_to_I10interchange,SB,0.25,0.45,18
3/13/2025 19:00,varnerrd_to_I10interchange,SB,0.34,0.54,15.2
3/13/2025 20:00,varnerrd_to_I10interchange,SB,0.28,0.48,17
3/13/2025 21:00,varnerrd_to_I10interchange,SB,0.21,0.41,20.1
3/13/2025 22:00,varnerrd_to_I10interchange,SB,0.21,0.41,18.7
3/13/2025 23:00,varnerrd_to_I10interchange,SB,0.08,0.28,28.8
3/14/2025 0:00,varnerrd_to_I10interchange,SB,0.09,0.28,28.6
3/14/2025 1:00,varnerrd_to_I10interchange,SB,0.03,0.22,34
3/14/2025 2:00,varnerrd_to_I10interchange,SB,0.08,0.27,28
3/14/2025 3:00,varnerrd_to_I10interchange,SB,0.03,0.21,36.8
3/14/2025 4:00,varnerrd_to_I10interchange,SB,0.13,0.32,25.2
3/14/2025 5:00,varnerrd_to_I10interchange,SB,0.1,0.29,26.8
3/14/2025 6:00,varnerrd_to_I10interchange,SB,0.39,0.59,13.1
3/14/2025 7:00,varnerrd_to_I10interchange,SB,0.28,0.48,16
3/14/2025 8:00,varnerrd_to_I10interchange,SB,0.39,0.59,13.9
3/14/2025 9:00,varnerrd_to_I10interchange,SB,0.4,0.6,13.5
3/14/2025 10:00,varnerrd_to_I10interchange,SB,0.29,0.49,16.1
3/14/2025 11:00,varnerrd_to_I10interchange,SB,0.26,0.46,16.9
3/14/2025 12:00,varnerrd_to_I10interchange,SB,0.32,0.52,15.2
3/14/2025 13:00,varnerrd_to_I10interchange,SB,0.36,0.56,13.7
3/14/2025 14:00,varnerrd_to_I10interchange,SB,0.25,0.44,17.5
3/14/2025 15:00,varnerrd_to_I10interchange,SB,0.51,0.71,11.1
3/14/2025 16:00,varnerrd_to_I10interchange,SB,0.4,0.6,12.9
3/14/2025 17:00,varnerrd_to_I10interchange,SB,0.37,0.57,14.1
3/14/2025 18:00,varnerrd_to_I10interchange,SB,0.37,0.57,14
3/14/2025 19:00,varnerrd_to_I10interchange,SB,0.35,0.55,15.1
3/14/2025 20:00,varnerrd_to_I10interchange,SB,0.36,0.56,15.1
3/14/2025 21:00,varnerrd_to_I10interchange,SB,0.27,0.46,20.2
3/14/2025 22:00,varnerrd_to_I10interchange,SB,0.28,0.48,16.6
3/14/2025 23:00,varnerrd_to_I10interchange,SB,0.28,0.47,16.8
3/15/2025 0:00,varnerrd_to_I10interchange,SB,0.28,0.48,17
3/15/2025 1:00,varnerrd_to_I10interchange,SB,0.07,0.26,28.9
3/15/2025 2:00,varnerrd_to_I10interchange,SB,0,0.19,39.3
3/15/2025 3:00,varnerrd_to_I10interchange,SB,0.05,0.23,35.1
3/15/2025 4:00,varnerrd_to_I10interchange,SB,0.12,0.31,25.7
3/15/2025 5:00,varnerrd_to_I10interchange,SB,0.19,0.38,22.3
3/15/2025 6:00,varnerrd_to_I10interchange,SB,0.21,0.4,23
3/15/2025 7:00,varnerrd_to_I10interchange,SB,0.31,0.51,16.8
3/15/2025 8:00,varnerrd_to_I10interchange,SB,0.48,0.68,11.7
3/15/2025 9:00,varnerrd_to_I10interchange,SB,0.38,0.58,13.6
3/15/2025 10:00,varnerrd_to_I10interchange,SB,0.32,0.52,14.8
3/15/2025 11:00,varnerrd_to_I10interchange,SB,0.32,0.52,15.4
3/15/2025 12:00,varnerrd_to_I10interchange,SB,0.33,0.53,15
3/15/2025 13:00,varnerrd_to_I10interchange,SB,0.37,0.57,13.9
3/15/2025 14:00,varnerrd_to_I10interchange,SB,0.41,0.61,13.2
3/15/2025 15:00,varnerrd_to_I10interchange,SB,0.23,0.43,18.5
3/15/2025 16:00,varnerrd_to_I10interchange,SB,0.3,0.5,15.4
3/15/2025 17:00,varnerrd_to_I10interchange,SB,0.26,0.46,16.7
3/15/2025 18:00,varnerrd_to_I10interchange,SB,0.22,0.42,19.1
3/15/2025 19:00,varnerrd_to_I10interchange,SB,0.23,0.43,18.1
3/15/2025 20:00,varnerrd_to_I10interchange,SB,0.49,0.69,11.2
3/15/2025 21:00,varnerrd_to_I10interchange,SB,0.34,0.54,14.9
3/15/2025 22:00,varnerrd_to_I10interchange,SB,0.17,0.37,22.1
3/15/2025 23:00,varnerrd_to_I10interchange,SB,0.1,0.3,26
3/16/2025 0:00,varnerrd_to_I10interchange,SB,0.11,0.3,26.5
3/16/2025 1:00,varnerrd_to_I10interchange,SB,0.13,0.33,26
3/16/2025 2:00,varnerrd_to_I10interchange,SB,0.04,0.24,31.6
3/16/2025 3:00,varnerrd_to_I10interchange,SB,0.06,0.26,29.2
3/16/2025 4:00,varnerrd_to_I10interchange,SB,0.04,0.23,32.3
3/16/2025 5:00,varnerrd_to_I10interchange,SB,0.05,0.25,31.2
3/16/2025 6:00,varnerrd_to_I10interchange,SB,0.19,0.38,23.4
3/16/2025 7:00,varnerrd_to_I10interchange,SB,0.26,0.46,18.8
3/16/2025 8:00,varnerrd_to_I10interchange,SB,0.27,0.47,17.5
3/16/2025 9:00,varnerrd_to_I10interchange,SB,0.22,0.42,19.2
3/16/2025 10:00,varnerrd_to_I10interchange,SB,0.41,0.61,14.2
3/16/2025 11:00,varnerrd_to_I10interchange,SB,0.47,0.67,12.5
3/16/2025 12:00,varnerrd_to_I10interchange,SB,0.33,0.53,14.5
3/16/2025 13:00,varnerrd_to_I10interchange,SB,0.27,0.47,17.3
3/16/2025 14:00,varnerrd_to_I10interchange,SB,0.27,0.47,16.9
3/16/2025 15:00,varnerrd_to_I10interchange,SB,0.3,0.5,16.2
3/16/2025 16:00,varnerrd_to_I10interchange,SB,0.27,0.47,16.4
3/16/2025 17:00,varnerrd_to_I10interchange,SB,0.24,0.44,17.9
3/16/2025 18:00,varnerrd_to_I10interchange,SB,0.33,0.53,15.3
3/16/2025 19:00,varnerrd_to_I10interchange,SB,0.35,0.55,16.9
3/16/2025 20:00,varnerrd_to_I10interchange,SB,0.35,0.55,14.5
3/16/2025 21:00,varnerrd_to_I10interchange,SB,0.33,0.53,15.9
3/16/2025 22:00,varnerrd_to_I10interchange,SB,0.07,0.27,28.9
3/16/2025 23:00,varnerrd_to_I10interchange,SB,0.12,0.32,25.7
3/17/2025 0:00,varnerrd_to_I10interchange,SB,0.09,0.28,29.1
3/17/2025 1:00,varnerrd_to_I10interchange,SB,0.06,0.25,31.4
3/17/2025 2:00,varnerrd_to_I10interchange,SB,0.01,0.2,37.5
3/17/2025 3:00,varnerrd_to_I10interchange,SB,0,0.18,41.6
3/17/2025 4:00,varnerrd_to_I10interchange,SB,0.03,0.22,33.6
3/17/2025 5:00,varnerrd_to_I10interchange,SB,0.08,0.28,28.6
3/17/2025 6:00,varnerrd_to_I10interchange,SB,0.28,0.48,16.1
3/17/2025 7:00,varnerrd_to_I10interchange,SB,0.33,0.53,15.5
3/17/2025 8:00,varnerrd_to_I10interchange,SB,0.42,0.62,12.6
3/17/2025 9:00,varnerrd_to_I10interchange,SB,0.32,0.52,14.9
3/17/2025 10:00,varnerrd_to_I10interchange,SB,0.3,0.5,16
3/17/2025 11:00,varnerrd_to_I10interchange,SB,0.3,0.5,15.4
3/17/2025 12:00,varnerrd_to_I10interchange,SB,0.37,0.57,13.8
3/17/2025 13:00,varnerrd_to_I10interchange,SB,0.35,0.55,14
3/17/2025 14:00,varnerrd_to_I10interchange,SB,0.36,0.56,15
3/17/2025 15:00,varnerrd_to_I10interchange,SB,0.25,0.45,17.5
3/17/2025 16:00,varnerrd_to_I10interchange,SB,0.4,0.6,13
3/17/2025 17:00,varnerrd_to_I10interchange,SB,0.38,0.58,13.2
3/17/2025 18:00,varnerrd_to_I10interchange,SB,0.32,0.52,16.1
3/17/2025 19:00,varnerrd_to_I10interchange,SB,0.25,0.45,18.2
3/17/2025 20:00,varnerrd_to_I10interchange,SB,0.44,0.64,12.8
3/17/2025 21:00,varnerrd_to_I10interchange,SB,0.35,0.55,14.5
3/17/2025 22:00,varnerrd_to_I10interchange,SB,0.29,0.49,18
3/17/2025 23:00,varnerrd_to_I10interchange,SB,0.12,0.32,25
3/18/2025 0:00,varnerrd_to_I10interchange,SB,0.1,0.29,27.6
3/18/2025 1:00,varnerrd_to_I10interchange,SB,0.01,0.2,38.4
3/18/2025 2:00,varnerrd_to_I10interchange,SB,0.21,0.41,20.2
3/18/2025 3:00,varnerrd_to_I10interchange,SB,0.02,0.21,36.5
3/18/2025 4:00,varnerrd_to_I10interchange,SB,0.07,0.26,29.1
3/18/2025 5:00,varnerrd_to_I10interchange,SB,0.04,0.24,32.2
3/18/2025 6:00,varnerrd_to_I10interchange,SB,0.18,0.38,21
3/18/2025 7:00,varnerrd_to_I10interchange,SB,0.37,0.57,14.1
3/18/2025 8:00,varnerrd_to_I10interchange,SB,0.37,0.57,13.4
3/18/2025 9:00,varnerrd_to_I10interchange,SB,0.31,0.51,16.2
3/18/2025 10:00,varnerrd_to_I10interchange,SB,0.29,0.49,16
3/18/2025 11:00,varnerrd_to_I10interchange,SB,0.27,0.47,17.3
3/18/2025 12:00,varnerrd_to_I10interchange,SB,0.32,0.52,15.2
3/18/2025 13:00,varnerrd_to_I10interchange,SB,0.24,0.44,18.1
3/18/2025 14:00,varnerrd_to_I10interchange,SB,0.32,0.52,15.2
3/18/2025 15:00,varnerrd_to_I10interchange,SB,0.31,0.51,15.4
3/18/2025 16:00,varnerrd_to_I10interchange,SB,0.31,0.51,15.4
3/18/2025 17:00,varnerrd_to_I10interchange,SB,0.35,0.55,14.5
3/18/2025 18:00,varnerrd_to_I10interchange,SB,0.36,0.56,14.1
3/18/2025 19:00,varnerrd_to_I10interchange,SB,0.33,0.53,17.5
3/18/2025 20:00,varnerrd_to_I10interchange,SB,0.36,0.56,14.2
3/18/2025 21:00,varnerrd_to_I10interchange,SB,0.33,0.53,14.9
3/18/2025 22:00,varnerrd_to_I10interchange,SB,0.13,0.33,23.2
3/18/2025 23:00,varnerrd_to_I10interchange,SB,0.07,0.27,28.6
3/19/2025 0:00,varnerrd_to_I10interchange,SB,0.04,0.23,32.5
3/19/2025 1:00,varnerrd_to_I10interchange,SB,0.02,0.2,37.3
3/19/2025 2:00,varnerrd_to_I10interchange,SB,0.06,0.26,29.7
3/19/2025 3:00,varnerrd_to_I10interchange,SB,0.01,0.2,38.2
3/19/2025 4:00,varnerrd_to_I10interchange,SB,0.04,0.24,31.3
3/19/2025 5:00,varnerrd_to_I10interchange,SB,0.09,0.28,27.3
3/19/2025 6:00,varnerrd_to_I10interchange,SB,0.3,0.5,17.6
3/19/2025 7:00,varnerrd_to_I10interchange,SB,0.44,0.64,12.7
3/19/2025 8:00,varnerrd_to_I10interchange,SB,0.31,0.51,15.7
3/19/2025 9:00,varnerrd_to_I10interchange,SB,0.42,0.62,12.7
3/19/2025 10:00,varnerrd_to_I10interchange,SB,0.31,0.51,15.6
3/19/2025 11:00,varnerrd_to_I10interchange,SB,0.27,0.47,16.4
3/19/2025 12:00,varnerrd_to_I10interchange,SB,0.4,0.6,12.8
3/19/2025 13:00,varnerrd_to_I10interchange,SB,0.29,0.49,16
3/19/2025 14:00,varnerrd_to_I10interchange,SB,0.38,0.58,13.9
3/19/2025 15:00,varnerrd_to_I10interchange,SB,0.36,0.56,13.9
3/19/2025 16:00,varnerrd_to_I10interchange,SB,0.25,0.45,17.4
3/19/2025 17:00,varnerrd_to_I10interchange,SB,0.31,0.5,15.8
3/19/2025 18:00,varnerrd_to_I10interchange,SB,0.37,0.57,14.3
3/19/2025 19:00,varnerrd_to_I10interchange,SB,0.31,0.51,15.3
3/19/2025 20:00,varnerrd_to_I10interchange,SB,0.3,0.5,15.9
3/19/2025 21:00,varnerrd_to_I10interchange,SB,0.31,0.51,16.7
3/19/2025 22:00,varnerrd_to_I10interchange,SB,0.35,0.55,14.8
3/19/2025 23:00,varnerrd_to_I10interchange,SB,0.1,0.3,27.1
3/20/2025 0:00,varnerrd_to_I10interchange,SB,0.03,0.22,34.4
3/20/2025 1:00,varnerrd_to_I10interchange,SB,0.03,0.22,35.1
3/20/2025 2:00,varnerrd_to_I10interchange,SB,0.03,0.21,38.5
3/20/2025 3:00,varnerrd_to_I10interchange,SB,0.04,0.23,34.7
3/20/2025 4:00,varnerrd_to_I10interchange,SB,0.08,0.27,28.6
3/20/2025 5:00,varnerrd_to_I10interchange,SB,0.1,0.29,26.8
3/20/2025 6:00,varnerrd_to_I10interchange,SB,0.35,0.55,14.8
3/20/2025 7:00,varnerrd_to_I10interchange,SB,0.39,0.59,13.9
3/20/2025 8:00,varnerrd_to_I10interchange,SB,0.4,0.6,13.1
3/20/2025 9:00,varnerrd_to_I10interchange,SB,0.28,0.48,16.1
3/20/2025 10:00,varnerrd_to_I10interchange,SB,0.25,0.45,17.3
3/20/2025 11:00,varnerrd_to_I10interchange,SB,0.3,0.5,15.5
3/20/2025 12:00,varnerrd_to_I10interchange,SB,0.25,0.45,18.9
3/20/2025 13:00,varnerrd_to_I10interchange,SB,0.34,0.53,14.6
3/20/2025 14:00,varnerrd_to_I10interchange,SB,0.35,0.55,14.6
3/20/2025 15:00,varnerrd_to_I10interchange,SB,0.4,0.6,12.9
3/20/2025 16:00,varnerrd_to_I10interchange,SB,0.31,0.51,15.4
3/20/2025 17:00,varnerrd_to_I10interchange,SB,0.38,0.58,13.6
3/20/2025 18:00,varnerrd_to_I10interchange,SB,0.33,0.53,14.6
3/20/2025 19:00,varnerrd_to_I10interchange,SB,0.4,0.6,13
3/20/2025 20:00,varnerrd_to_I10interchange,SB,0.42,0.62,12.4
3/20/2025 21:00,varnerrd_to_I10interchange,SB,0.3,0.5,16.8
3/20/2025 22:00,varnerrd_to_I10interchange,SB,0.24,0.44,19.8
3/20/2025 23:00,varnerrd_to_I10interchange,SB,0.19,0.39,22.1
3/21/2025 0:00,varnerrd_to_I10interchange,SB,0.02,0.22,34.2
3/21/2025 1:00,varnerrd_to_I10interchange,SB,0.03,0.22,34.4
3/21/2025 2:00,varnerrd_to_I10interchange,SB,0.09,0.28,30.7
3/21/2025 3:00,varnerrd_to_I10interchange,SB,0.01,0.19,40.9
3/21/2025 4:00,varnerrd_to_I10interchange,SB,0.04,0.23,32.1
3/21/2025 5:00,varnerrd_to_I10interchange,SB,0.09,0.29,26.7
3/21/2025 6:00,varnerrd_to_I10interchange,SB,0.33,0.53,15
3/21/2025 7:00,varnerrd_to_I10interchange,SB,0.51,0.71,10.9
3/21/2025 8:00,varnerrd_to_I10interchange,SB,0.45,0.65,12.3
3/21/2025 9:00,varnerrd_to_I10interchange,SB,0.35,0.55,14.3
3/21/2025 10:00,varnerrd_to_I10interchange,SB,0.28,0.48,16.2
3/21/2025 11:00,varnerrd_to_I10interchange,SB,0.22,0.42,18.5
3/21/2025 12:00,varnerrd_to_I10interchange,SB,0.35,0.55,13.9
3/21/2025 13:00,varnerrd_to_I10interchange,SB,0.28,0.48,15.8
3/21/2025 14:00,varnerrd_to_I10interchange,SB,0.34,0.53,14.6
3/21/2025 15:00,varnerrd_to_I10interchange,SB,0.27,0.47,16.9
3/21/2025 16:00,varnerrd_to_I10interchange,SB,0.36,0.56,14.1
3/21/2025 17:00,varnerrd_to_I10interchange,SB,0.28,0.48,16.1
3/21/2025 18:00,varnerrd_to_I10interchange,SB,0.32,0.52,14.8
3/21/2025 19:00,varnerrd_to_I10interchange,SB,0.32,0.52,16
3/21/2025 20:00,varnerrd_to_I10interchange,SB,0.33,0.53,14.8
3/21/2025 21:00,varnerrd_to_I10interchange,SB,0.33,0.53,15.3
3/21/2025 22:00,varnerrd_to_I10interchange,SB,0.47,0.67,11.7
3/21/2025 23:00,varnerrd_to_I10interchange,SB,0.29,0.49,15.7
3/22/2025 0:00,varnerrd_to_I10interchange,SB,0.12,0.32,24.8
3/22/2025 1:00,varnerrd_to_I10interchange,SB,0.04,0.23,32.2
3/22/2025 2:00,varnerrd_to_I10interchange,SB,0.09,0.28,28.6
3/22/2025 3:00,varnerrd_to_I10interchange,SB,0.06,0.25,33.7
3/22/2025 4:00,varnerrd_to_I10interchange,SB,0.15,0.34,22.2
3/22/2025 5:00,varnerrd_to_I10interchange,SB,0.12,0.32,24.1
3/22/2025 6:00,varnerrd_to_I10interchange,SB,0.2,0.4,20.3
3/22/2025 7:00,varnerrd_to_I10interchange,SB,0.48,0.68,12.1
3/22/2025 8:00,varnerrd_to_I10interchange,SB,0.32,0.52,15.9
3/22/2025 9:00,varnerrd_to_I10interchange,SB,0.25,0.45,18.5
3/22/2025 10:00,varnerrd_to_I10interchange,SB,0.42,0.62,12.8
3/22/2025 11:00,varnerrd_to_I10interchange,SB,0.29,0.49,17
3/22/2025 12:00,varnerrd_to_I10interchange,SB,0.35,0.54,15.1
3/22/2025 13:00,varnerrd_to_I10interchange,SB,0.35,0.55,15.2
3/22/2025 14:00,varnerrd_to_I10interchange,SB,0.44,0.64,12.1
3/22/2025 15:00,varnerrd_to_I10interchange,SB,0.36,0.56,14.1
3/22/2025 16:00,varnerrd_to_I10interchange,SB,0.33,0.53,14.8
3/22/2025 17:00,varnerrd_to_I10interchange,SB,0.37,0.57,14.2
3/22/2025 18:00,varnerrd_to_I10interchange,SB,0.27,0.47,16.7
3/22/2025 19:00,varnerrd_to_I10interchange,SB,0.29,0.49,16.8
3/22/2025 20:00,varnerrd_to_I10interchange,SB,0.38,0.58,13.9
3/22/2025 21:00,varnerrd_to_I10interchange,SB,0.49,0.68,12.1
3/22/2025 22:00,varnerrd_to_I10interchange,SB,0.36,0.56,14.2
3/22/2025 23:00,varnerrd_to_I10interchange,SB,0.23,0.43,18.2
3/23/2025 0:00,varnerrd_to_I10interchange,SB,0.23,0.43,20.5
3/23/2025 1:00,varnerrd_to_I10interchange,SB,0.09,0.29,27.5
3/23/2025 2:00,varnerrd_to_I10interchange,SB,0.06,0.25,31.4
3/23/2025 3:00,varnerrd_to_I10interchange,SB,0.03,0.21,36.5
3/23/2025 4:00,varnerrd_to_I10interchange,SB,0.08,0.27,29.6
3/23/2025 5:00,varnerrd_to_I10interchange,SB,0.21,0.41,19.5
3/23/2025 6:00,varnerrd_to_I10interchange,SB,0.14,0.34,23.6
3/23/2025 7:00,varnerrd_to_I10interchange,SB,0.23,0.43,18.2
3/23/2025 8:00,varnerrd_to_I10interchange,SB,0.2,0.4,20
3/23/2025 9:00,varnerrd_to_I10interchange,SB,0.33,0.53,14.7
3/23/2025 10:00,varnerrd_to_I10interchange,SB,0.36,0.56,13.9
3/23/2025 11:00,varnerrd_to_I10interchange,SB,0.29,0.49,16
3/23/2025 12:00,varnerrd_to_I10interchange,SB,0.35,0.55,14.7
3/23/2025 13:00,varnerrd_to_I10interchange,SB,0.35,0.55,14.6
3/23/2025 14:00,varnerrd_to_I10interchange,SB,0.23,0.43,18.7
3/23/2025 15:00,varnerrd_to_I10interchange,SB,0.29,0.49,15.6
3/23/2025 16:00,varnerrd_to_I10interchange,SB,0.32,0.52,15.3
3/23/2025 17:00,varnerrd_to_I10interchange,SB,0.22,0.42,18.8
3/23/2025 18:00,varnerrd_to_I10interchange,SB,0.34,0.54,15.8
3/23/2025 19:00,varnerrd_to_I10interchange,SB,0.19,0.39,20.7
3/23/2025 20:00,varnerrd_to_I10interchange,SB,0.37,0.57,13.7
3/23/2025 21:00,varnerrd_to_I10interchange,SB,0.16,0.36,22.4
3/23/2025 22:00,varnerrd_to_I10interchange,SB,0.21,0.41,19.2
3/23/2025 23:00,varnerrd_to_I10interchange,SB,0.1,0.3,25.9
3/24/2025 0:00,varnerrd_to_I10interchange,SB,0.12,0.32,25
3/24/2025 1:00,varnerrd_to_I10interchange,SB,0.06,0.25,30.9
3/24/2025 2:00,varnerrd_to_I10interchange,SB,0.02,0.21,35.4
3/24/2025 3:00,varnerrd_to_I10interchange,SB,0.04,0.23,32.1
3/24/2025 4:00,varnerrd_to_I10interchange,SB,0.08,0.27,28.7
3/24/2025 5:00,varnerrd_to_I10interchange,SB,0.16,0.35,22.5
3/24/2025 6:00,varnerrd_to_I10interchange,SB,0.22,0.42,19.2
3/24/2025 7:00,varnerrd_to_I10interchange,SB,0.39,0.59,13.6
3/24/2025 8:00,varnerrd_to_I10interchange,SB,0.42,0.62,12.7
3/24/2025 9:00,varnerrd_to_I10interchange,SB,0.29,0.49,15.8
3/24/2025 10:00,varnerrd_to_I10interchange,SB,0.3,0.49,15.5
3/24/2025 11:00,varnerrd_to_I10interchange,SB,0.38,0.58,14
3/24/2025 12:00,varnerrd_to_I10interchange,SB,0.41,0.6,12.8
3/24/2025 13:00,varnerrd_to_I10interchange,SB,0.45,0.65,12
3/24/2025 14:00,varnerrd_to_I10interchange,SB,0.34,0.54,15
3/24/2025 15:00,varnerrd_to_I10interchange,SB,0.38,0.58,13.5
3/24/2025 16:00,varnerrd_to_I10interchange,SB,0.27,0.47,17
3/24/2025 17:00,varnerrd_to_I10interchange,SB,0.28,0.48,16.1
3/24/2025 18:00,varnerrd_to_I10interchange,SB,0.2,0.4,20.4
3/24/2025 19:00,varnerrd_to_I10interchange,SB,0.34,0.54,14.2
3/24/2025 20:00,varnerrd_to_I10interchange,SB,0.24,0.44,18.2
3/24/2025 21:00,varnerrd_to_I10interchange,SB,0.21,0.41,20
3/24/2025 22:00,varnerrd_to_I10interchange,SB,0.13,0.33,24.2
3/24/2025 23:00,varnerrd_to_I10interchange,SB,0.08,0.28,27.8
3/25/2025 0:00,varnerrd_to_I10interchange,SB,0.02,0.2,39.2
3/25/2025 1:00,varnerrd_to_I10interchange,SB,0.02,0.21,36.6
3/25/2025 2:00,varnerrd_to_I10interchange,SB,0.02,0.2,37.1
3/25/2025 3:00,varnerrd_to_I10interchange,SB,0.02,0.2,40.1
3/25/2025 4:00,varnerrd_to_I10interchange,SB,0.1,0.3,25.7
3/25/2025 5:00,varnerrd_to_I10interchange,SB,0.1,0.3,26.3
3/25/2025 6:00,varnerrd_to_I10interchange,SB,0.29,0.49,18.9
3/25/2025 7:00,varnerrd_to_I10interchange,SB,0.38,0.58,13.3
3/25/2025 8:00,varnerrd_to_I10interchange,SB,0.42,0.62,12.8
3/25/2025 9:00,varnerrd_to_I10interchange,SB,0.44,0.64,12.7
3/25/2025 10:00,varnerrd_to_I10interchange,SB,0.25,0.45,17.1
3/25/2025 11:00,varnerrd_to_I10interchange,SB,0.32,0.52,15
3/25/2025 12:00,varnerrd_to_I10interchange,SB,0.24,0.44,17.7
3/25/2025 13:00,varnerrd_to_I10interchange,SB,0.26,0.46,16.9
3/25/2025 14:00,varnerrd_to_I10interchange,SB,0.27,0.47,16.5
3/25/2025 15:00,varnerrd_to_I10interchange,SB,0.29,0.49,16.1
3/25/2025 16:00,varnerrd_to_I10interchange,SB,0.25,0.45,17.5
3/25/2025 17:00,varnerrd_to_I10interchange,SB,0.39,0.59,13
3/25/2025 18:00,varnerrd_to_I10interchange,SB,0.3,0.5,15.7
3/25/2025 19:00,varnerrd_to_I10interchange,SB,0.41,0.61,12.7
3/25/2025 20:00,varnerrd_to_I10interchange,SB,0.26,0.46,17.1
3/25/2025 21:00,varnerrd_to_I10interchange,SB,0.22,0.42,19.5
3/25/2025 22:00,varnerrd_to_I10interchange,SB,0.27,0.47,17.6
3/25/2025 23:00,varnerrd_to_I10interchange,SB,0.11,0.3,27.3
3/26/2025 0:00,varnerrd_to_I10interchange,SB,0.05,0.23,33.6
3/26/2025 1:00,varnerrd_to_I10interchange,SB,0.03,0.21,38.3
3/26/2025 2:00,varnerrd_to_I10interchange,SB,0.03,0.21,38.1
3/26/2025 3:00,varnerrd_to_I10interchange,SB,0.01,0.19,39.8
3/26/2025 4:00,varnerrd_to_I10interchange,SB,0.15,0.34,23
3/26/2025 5:00,varnerrd_to_I10interchange,SB,0.17,0.36,24.2
3/26/2025 6:00,varnerrd_to_I10interchange,SB,0.44,0.64,12.3
3/26/2025 7:00,varnerrd_to_I10interchange,SB,0.42,0.62,12.4
3/26/2025 8:00,varnerrd_to_I10interchange,SB,0.33,0.53,14.8
3/26/2025 9:00,varnerrd_to_I10interchange,SB,0.37,0.57,14.3
3/26/2025 10:00,varnerrd_to_I10interchange,SB,0.34,0.54,14.8
3/26/2025 11:00,varnerrd_to_I10interchange,SB,0.28,0.48,16.1
3/26/2025 12:00,varnerrd_to_I10interchange,SB,0.32,0.52,15.1
3/26/2025 13:00,varnerrd_to_I10interchange,SB,0.34,0.54,14.9
3/26/2025 14:00,varnerrd_to_I10interchange,SB,0.42,0.61,12.8
3/26/2025 15:00,varnerrd_to_I10interchange,SB,0.3,0.5,15.8
3/26/2025 16:00,varnerrd_to_I10interchange,SB,0.3,0.5,16
3/26/2025 17:00,varnerrd_to_I10interchange,SB,0.46,0.66,11.8
3/26/2025 18:00,varnerrd_to_I10interchange,SB,0.27,0.47,16.7
3/26/2025 19:00,varnerrd_to_I10interchange,SB,0.28,0.48,16.7
3/26/2025 20:00,varnerrd_to_I10interchange,SB,0.27,0.47,16.9
3/26/2025 21:00,varnerrd_to_I10interchange,SB,0.24,0.44,17.5
3/26/2025 22:00,varnerrd_to_I10interchange,SB,0.15,0.35,22.7
3/26/2025 23:00,varnerrd_to_I10interchange,SB,0.06,0.26,29.3
3/27/2025 0:00,varnerrd_to_I10interchange,SB,0.05,0.24,31.3
3/27/2025 1:00,varnerrd_to_I10interchange,SB,0.01,0.19,39.3
3/27/2025 2:00,varnerrd_to_I10interchange,SB,0.04,0.23,33.9
3/27/2025 3:00,varnerrd_to_I10interchange,SB,0.1,0.28,27.1
3/27/2025 4:00,varnerrd_to_I10interchange,SB,0.07,0.27,28.4
3/27/2025 5:00,varnerrd_to_I10interchange,SB,0.17,0.37,20.9
3/27/2025 6:00,varnerrd_to_I10interchange,SB,0.36,0.56,15.6
3/27/2025 7:00,varnerrd_to_I10interchange,SB,0.37,0.57,13.9
3/27/2025 8:00,varnerrd_to_I10interchange,SB,0.36,0.56,14.8
3/27/2025 9:00,varnerrd_to_I10interchange,SB,0.45,0.65,12.4
3/27/2025 10:00,varnerrd_to_I10interchange,SB,0.31,0.51,16.4
3/27/2025 11:00,varnerrd_to_I10interchange,SB,0.27,0.47,16.9
3/27/2025 12:00,varnerrd_to_I10interchange,SB,0.29,0.49,16
3/27/2025 13:00,varnerrd_to_I10interchange,SB,0.34,0.54,14.3
3/27/2025 14:00,varnerrd_to_I10interchange,SB,0.4,0.6,13.9
3/27/2025 15:00,varnerrd_to_I10interchange,SB,0.33,0.53,15.5
3/27/2025 16:00,varnerrd_to_I10interchange,SB,0.33,0.53,15.6
3/27/2025 17:00,varnerrd_to_I10interchange,SB,0.33,0.53,14.9
3/27/2025 18:00,varnerrd_to_I10interchange,SB,0.42,0.62,12.4
3/27/2025 19:00,varnerrd_to_I10interchange,SB,0.42,0.62,12.9
3/27/2025 20:00,varnerrd_to_I10interchange,SB,0.33,0.53,15.1
3/27/2025 21:00,varnerrd_to_I10interchange,SB,0.26,0.46,19.7
3/27/2025 22:00,varnerrd_to_I10interchange,SB,0.18,0.38,22.6
3/27/2025 23:00,varnerrd_to_I10interchange,SB,0.07,0.27,27.8
3/28/2025 0:00,varnerrd_to_I10interchange,SB,0.04,0.24,31.8
3/28/2025 1:00,varnerrd_to_I10interchange,SB,0.15,0.35,22.8
3/28/2025 2:00,varnerrd_to_I10interchange,SB,0.03,0.22,34.8
3/28/2025 3:00,varnerrd_to_I10interchange,SB,0.03,0.22,36.1
3/28/2025 4:00,varnerrd_to_I10interchange,SB,0.02,0.22,35
3/28/2025 5:00,varnerrd_to_I10interchange,SB,0.12,0.31,25.9
3/28/2025 6:00,varnerrd_to_I10interchange,SB,0.23,0.42,22
3/28/2025 7:00,varnerrd_to_I10interchange,SB,0.36,0.56,14.2
3/28/2025 8:00,varnerrd_to_I10interchange,SB,0.31,0.51,15.9
3/28/2025 9:00,varnerrd_to_I10interchange,SB,0.23,0.43,18.7
3/28/2025 10:00,varnerrd_to_I10interchange,SB,0.27,0.47,17.7
3/28/2025 11:00,varnerrd_to_I10interchange,SB,0.41,0.61,13.2
3/28/2025 12:00,varnerrd_to_I10interchange,SB,0.27,0.47,17.5
3/28/2025 13:00,varnerrd_to_I10interchange,SB,0.37,0.57,14.7
3/28/2025 14:00,varnerrd_to_I10interchange,SB,0.36,0.56,13.8
3/28/2025 15:00,varnerrd_to_I10interchange,SB,0.28,0.48,16.4
3/28/2025 16:00,varnerrd_to_I10interchange,SB,0.34,0.54,14.8
3/28/2025 17:00,varnerrd_to_I10interchange,SB,0.36,0.56,14.7
3/28/2025 18:00,varnerrd_to_I10interchange,SB,0.31,0.51,16.6
3/28/2025 19:00,varnerrd_to_I10interchange,SB,0.34,0.54,15.2
3/28/2025 20:00,varnerrd_to_I10interchange,SB,0.25,0.45,17.1
3/28/2025 21:00,varnerrd_to_I10interchange,SB,0.41,0.61,12.9
3/28/2025 22:00,varnerrd_to_I10interchange,SB,0.33,0.53,14.4
3/28/2025 23:00,varnerrd_to_I10interchange,SB,0.18,0.38,21.3
3/29/2025 0:00,varnerrd_to_I10interchange,SB,0.12,0.32,23.9
3/29/2025 1:00,varnerrd_to_I10interchange,SB,0.08,0.28,27.6
3/29/2025 2:00,varnerrd_to_I10interchange,SB,0.04,0.24,31.6
3/29/2025 3:00,varnerrd_to_I10interchange,SB,0.05,0.24,31.2
3/29/2025 4:00,varnerrd_to_I10interchange,SB,0.03,0.23,33.4
3/29/2025 5:00,varnerrd_to_I10interchange,SB,0.15,0.34,27.5
3/29/2025 6:00,varnerrd_to_I10interchange,SB,0.2,0.4,21.8
3/29/2025 7:00,varnerrd_to_I10interchange,SB,0.28,0.48,16.8
3/29/2025 8:00,varnerrd_to_I10interchange,SB,0.35,0.55,14.5
3/29/2025 9:00,varnerrd_to_I10interchange,SB,0.34,0.54,14.6
3/29/2025 10:00,varnerrd_to_I10interchange,SB,0.28,0.47,16.5
3/29/2025 11:00,varnerrd_to_I10interchange,SB,0.32,0.52,15.1
3/29/2025 12:00,varnerrd_to_I10interchange,SB,0.34,0.54,14.2
3/29/2025 13:00,varnerrd_to_I10interchange,SB,0.33,0.53,15.2
3/29/2025 14:00,varnerrd_to_I10interchange,SB,0.41,0.61,13.7
3/29/2025 15:00,varnerrd_to_I10interchange,SB,0.34,0.54,14.2
3/29/2025 16:00,varnerrd_to_I10interchange,SB,0.28,0.48,16.3
3/29/2025 17:00,varnerrd_to_I10interchange,SB,0.33,0.53,15.7
3/29/2025 18:00,varnerrd_to_I10interchange,SB,0.39,0.59,14.5
3/29/2025 19:00,varnerrd_to_I10interchange,SB,0.28,0.48,17.5
3/29/2025 20:00,varnerrd_to_I10interchange,SB,0.36,0.56,14.2
3/29/2025 21:00,varnerrd_to_I10interchange,SB,0.33,0.53,14.7
3/29/2025 22:00,varnerrd_to_I10interchange,SB,0.28,0.48,16.8
3/29/2025 23:00,varnerrd_to_I10interchange,SB,0.25,0.45,16.7
3/30/2025 0:00,varnerrd_to_I10interchange,SB,0.24,0.44,20.9
3/30/2025 1:00,varnerrd_to_I10interchange,SB,0.16,0.35,22.8
3/30/2025 2:00,varnerrd_to_I10interchange,SB,0.05,0.24,31.7
3/30/2025 3:00,varnerrd_to_I10interchange,SB,0.02,0.21,35.4
3/30/2025 4:00,varnerrd_to_I10interchange,SB,0.02,0.2,38.8
3/30/2025 5:00,varnerrd_to_I10interchange,SB,0.07,0.27,30.3
3/30/2025 6:00,varnerrd_to_I10interchange,SB,0.15,0.35,23.3
3/30/2025 7:00,varnerrd_to_I10interchange,SB,0.31,0.51,17
3/30/2025 8:00,varnerrd_to_I10interchange,SB,0.2,0.4,19.1
3/30/2025 9:00,varnerrd_to_I10interchange,SB,0.25,0.45,17.6
3/30/2025 10:00,varnerrd_to_I10interchange,SB,0.22,0.42,18.6
3/30/2025 11:00,varnerrd_to_I10interchange,SB,0.2,0.4,20
3/30/2025 12:00,varnerrd_to_I10interchange,SB,0.39,0.59,13.5
3/30/2025 13:00,varnerrd_to_I10interchange,SB,0.32,0.51,15
3/30/2025 14:00,varnerrd_to_I10interchange,SB,0.28,0.48,17.9
3/30/2025 15:00,varnerrd_to_I10interchange,SB,0.33,0.53,15.5
3/30/2025 16:00,varnerrd_to_I10interchange,SB,0.27,0.46,17.2
3/30/2025 17:00,varnerrd_to_I10interchange,SB,0.33,0.53,15.9
3/30/2025 18:00,varnerrd_to_I10interchange,SB,0.24,0.44,17.6
3/30/2025 19:00,varnerrd_to_I10interchange,SB,0.21,0.41,19.1
3/30/2025 20:00,varnerrd_to_I10interchange,SB,0.35,0.55,14.6
3/30/2025 21:00,varnerrd_to_I10interchange,SB,0.27,0.47,17.6
3/30/2025 22:00,varnerrd_to_I10interchange,SB,0.16,0.36,21.5
3/30/2025 23:00,varnerrd_to_I10interchange,SB,0.13,0.33,24.2
3/31/2025 0:00,varnerrd_to_I10interchange,SB,0.07,0.26,30.5
3/31/2025 1:00,varnerrd_to_I10interchange,SB,0.05,0.25,33.7
3/31/2025 2:00,varnerrd_to_I10interchange,SB,0.18,0.38,23.4
3/31/2025 3:00,varnerrd_to_I10interchange,SB,0.03,0.21,37.2
3/31/2025 4:00,varnerrd_to_I10interchange,SB,0.05,0.24,31.5
3/31/2025 5:00,varnerrd_to_I10interchange,SB,0.17,0.37,22.3
3/31/2025 6:00,varnerrd_to_I10interchange,SB,0.28,0.48,17.5
3/31/2025 7:00,varnerrd_to_I10interchange,SB,0.32,0.52,15.3
3/31/2025 8:00,varnerrd_to_I10interchange,SB,0.36,0.56,13.7
3/31/2025 9:00,varnerrd_to_I10interchange,SB,0.3,0.5,15.7
3/31/2025 10:00,varnerrd_to_I10interchange,SB,0.36,0.55,14.3
3/31/2025 11:00,varnerrd_to_I10interchange,SB,0.22,0.42,18.5
3/31/2025 12:00,varnerrd_to_I10interchange,SB,0.35,0.55,14.4
3/31/2025 13:00,varnerrd_to_I10interchange,SB,0.28,0.48,15.9
3/31/2025 14:00,varnerrd_to_I10interchange,SB,0.31,0.51,15.1
3/31/2025 15:00,varnerrd_to_I10interchange,SB,0.25,0.45,17
3/31/2025 16:00,varnerrd_to_I10interchange,SB,0.35,0.55,14.7
3/31/2025 17:00,varnerrd_to_I10interchange,SB,0.29,0.49,16.7
3/31/2025 18:00,varnerrd_to_I10interchange,SB,0.19,0.39,21
3/31/2025 19:00,varnerrd_to_I10interchange,SB,0.42,0.62,12.8
3/31/2025 20:00,varnerrd_to_I10interchange,SB,0.2,0.4,19.7
3/31/2025 21:00,varnerrd_to_I10interchange,SB,0.22,0.42,18.1
3/31/2025 22:00,varnerrd_to_I10interchange,SB,0.17,0.37,21.7
3/31/2025 23:00,varnerrd_to_I10interchange,SB,0.1,0.3,26.6
4/1/2025 0:00,varnerrd_to_I10interchange,SB,0.3,0.5,15.8
4/1/2025 1:00,varnerrd_to_I10interchange,SB,0.02,0.21,37.1
4/1/2025 2:00,varnerrd_to_I10interchange,SB,0.02,0.21,35.4
4/1/2025 3:00,varnerrd_to_I10interchange,SB,0.05,0.24,31.7
4/1/2025 4:00,varnerrd_to_I10interchange,SB,0.1,0.3,28.4
4/1/2025 5:00,varnerrd_to_I10interchange,SB,0.06,0.26,29.9
4/1/2025 6:00,varnerrd_to_I10interchange,SB,0.36,0.56,14.7
4/1/2025 7:00,varnerrd_to_I10interchange,SB,0.37,0.57,13.9
4/1/2025 8:00,varnerrd_to_I10interchange,SB,0.34,0.53,14.4
4/1/2025 9:00,varnerrd_to_I10interchange,SB,0.3,0.5,15.7
4/1/2025 10:00,varnerrd_to_I10interchange,SB,0.32,0.52,15.2
4/1/2025 11:00,varnerrd_to_I10interchange,SB,0.27,0.47,17.1
4/1/2025 12:00,varnerrd_to_I10interchange,SB,0.25,0.45,18
4/1/2025 13:00,varnerrd_to_I10interchange,SB,0.32,0.52,15
4/1/2025 14:00,varnerrd_to_I10interchange,SB,0.34,0.54,14.2
4/1/2025 15:00,varnerrd_to_I10interchange,SB,0.3,0.5,16.3
4/1/2025 16:00,varnerrd_to_I10interchange,SB,0.32,0.52,14.7
4/1/2025 17:00,varnerrd_to_I10interchange,SB,0.3,0.5,16.2
4/1/2025 18:00,varnerrd_to_I10interchange,SB,0.33,0.53,15
4/1/2025 19:00,varnerrd_to_I10interchange,SB,0.34,0.54,15.1
4/1/2025 20:00,varnerrd_to_I10interchange,SB,0.23,0.43,19
4/1/2025 21:00,varnerrd_to_I10interchange,SB,0.21,0.41,19.3
4/1/2025 22:00,varnerrd_to_I10interchange,SB,0.16,0.36,21.9
4/1/2025 23:00,varnerrd_to_I10interchange,SB,0.14,0.33,24.8
4/2/2025 0:00,varnerrd_to_I10interchange,SB,0.04,0.23,32.3
4/2/2025 1:00,varnerrd_to_I10interchange,SB,0.11,0.29,30.6
4/2/2025 2:00,varnerrd_to_I10interchange,SB,0.01,0.18,41.5
4/2/2025 3:00,varnerrd_to_I10interchange,SB,0.17,0.36,23.5
4/2/2025 4:00,varnerrd_to_I10interchange,SB,0.05,0.24,32.8
4/2/2025 5:00,varnerrd_to_I10interchange,SB,0.15,0.35,25.3
4/2/2025 6:00,varnerrd_to_I10interchange,SB,0.27,0.46,17.9
4/2/2025 7:00,varnerrd_to_I10interchange,SB,0.39,0.59,13.1
4/2/2025 8:00,varnerrd_to_I10interchange,SB,0.36,0.56,13.8
4/2/2025 9:00,varnerrd_to_I10interchange,SB,0.33,0.53,15
4/2/2025 10:00,varnerrd_to_I10interchange,SB,0.27,0.47,16.6
4/2/2025 11:00,varnerrd_to_I10interchange,SB,0.3,0.5,15.6
4/2/2025 12:00,varnerrd_to_I10interchange,SB,0.34,0.54,14.3
4/2/2025 13:00,varnerrd_to_I10interchange,SB,0.29,0.49,16
4/2/2025 14:00,varnerrd_to_I10interchange,SB,0.34,0.54,14.4
4/2/2025 15:00,varnerrd_to_I10interchange,SB,0.28,0.48,16.2
4/2/2025 16:00,varnerrd_to_I10interchange,SB,0.24,0.44,18.6
4/2/2025 17:00,varnerrd_to_I10interchange,SB,0.33,0.53,14.8
4/2/2025 18:00,varnerrd_to_I10interchange,SB,0.4,0.6,13.2
4/2/2025 19:00,varnerrd_to_I10interchange,SB,0.43,0.63,12.8
4/2/2025 20:00,varnerrd_to_I10interchange,SB,0.37,0.57,14.8
4/2/2025 21:00,varnerrd_to_I10interchange,SB,0.32,0.52,15.4
4/2/2025 22:00,varnerrd_to_I10interchange,SB,0.29,0.49,16.8
4/2/2025 23:00,varnerrd_to_I10interchange,SB,0.1,0.29,26.2
4/3/2025 0:00,varnerrd_to_I10interchange,SB,0.1,0.29,27.5
4/3/2025 1:00,varnerrd_to_I10interchange,SB,0.02,0.21,36.7
4/3/2025 2:00,varnerrd_to_I10interchange,SB,0.04,0.23,33.4
4/3/2025 3:00,varnerrd_to_I10interchange,SB,0.05,0.24,31.6
4/3/2025 4:00,varnerrd_to_I10interchange,SB,0.02,0.21,35.8
4/3/2025 5:00,varnerrd_to_I10interchange,SB,0.12,0.31,27.9
4/3/2025 6:00,varnerrd_to_I10interchange,SB,0.29,0.49,16.4
4/3/2025 7:00,varnerrd_to_I10interchange,SB,0.28,0.48,15.8
4/3/2025 8:00,varnerrd_to_I10interchange,SB,0.32,0.52,15.1
4/3/2025 9:00,varnerrd_to_I10interchange,SB,0.34,0.54,15.2
4/3/2025 10:00,varnerrd_to_I10interchange,SB,0.37,0.57,13.7
4/3/2025 11:00,varnerrd_to_I10interchange,SB,0.29,0.49,16
4/3/2025 12:00,varnerrd_to_I10interchange,SB,0.33,0.53,15.1
4/3/2025 13:00,varnerrd_to_I10interchange,SB,0.38,0.58,13.1
4/3/2025 14:00,varnerrd_to_I10interchange,SB,0.38,0.58,14.1
4/3/2025 15:00,varnerrd_to_I10interchange,SB,0.35,0.55,14
4/3/2025 16:00,varnerrd_to_I10interchange,SB,0.32,0.52,15
4/3/2025 17:00,varnerrd_to_I10interchange,SB,0.33,0.53,15.9
4/3/2025 18:00,varnerrd_to_I10interchange,SB,0.32,0.52,14.8
4/3/2025 19:00,varnerrd_to_I10interchange,SB,0.34,0.53,14.6
4/3/2025 20:00,varnerrd_to_I10interchange,SB,0.26,0.46,17
4/3/2025 21:00,varnerrd_to_I10interchange,SB,0.3,0.5,15.9
4/3/2025 22:00,varnerrd_to_I10interchange,SB,0.16,0.36,21.4
4/3/2025 23:00,varnerrd_to_I10interchange,SB,0.18,0.38,22
4/4/2025 0:00,varnerrd_to_I10interchange,SB,0.23,0.43,17.8
4/4/2025 1:00,varnerrd_to_I10interchange,SB,0.05,0.24,31.1
4/4/2025 2:00,varnerrd_to_I10interchange,SB,0.01,0.2,37.9
4/4/2025 3:00,varnerrd_to_I10interchange,SB,0.01,0.2,38.3
4/4/2025 4:00,varnerrd_to_I10interchange,SB,0.05,0.24,31
4/4/2025 5:00,varnerrd_to_I10interchange,SB,0.18,0.38,21.5
4/4/2025 6:00,varnerrd_to_I10interchange,SB,0.37,0.56,13.8
4/4/2025 7:00,varnerrd_to_I10interchange,SB,0.37,0.57,13.9
4/4/2025 8:00,varnerrd_to_I10interchange,SB,0.26,0.46,17.8
4/4/2025 9:00,varnerrd_to_I10interchange,SB,0.26,0.46,16.9
4/4/2025 10:00,varnerrd_to_I10interchange,SB,0.35,0.55,14.1
4/4/2025 11:00,varnerrd_to_I10interchange,SB,0.4,0.6,13.2
4/4/2025 12:00,varnerrd_to_I10interchange,SB,0.35,0.55,14.3
4/4/2025 13:00,varnerrd_to_I10interchange,SB,0.32,0.52,15.2
4/4/2025 14:00,varnerrd_to_I10interchange,SB,0.26,0.46,17.5
4/4/2025 15:00,varnerrd_to_I10interchange,SB,0.28,0.48,16.8
4/4/2025 16:00,varnerrd_to_I10interchange,SB,0.3,0.5,15.5
4/4/2025 17:00,varnerrd_to_I10interchange,SB,0.22,0.42,19.3
4/4/2025 18:00,varnerrd_to_I10interchange,SB,0.33,0.53,14.4
4/4/2025 19:00,varnerrd_to_I10interchange,SB,0.46,0.66,11.8
4/4/2025 20:00,varnerrd_to_I10interchange,SB,0.23,0.43,18.5
4/4/2025 21:00,varnerrd_to_I10interchange,SB,0.26,0.46,17.5
4/4/2025 22:00,varnerrd_to_I10interchange,SB,0.34,0.54,16.1
4/4/2025 23:00,varnerrd_to_I10interchange,SB,0.15,0.35,23.7
4/5/2025 0:00,varnerrd_to_I10interchange,SB,0.26,0.45,17.9
4/5/2025 1:00,varnerrd_to_I10interchange,SB,0.15,0.35,21.9
4/5/2025 2:00,varnerrd_to_I10interchange,SB,0.15,0.34,26.4
4/5/2025 3:00,varnerrd_to_I10interchange,SB,0.02,0.21,35.5
4/5/2025 4:00,varnerrd_to_I10interchange,SB,0.05,0.24,31.9
4/5/2025 5:00,varnerrd_to_I10interchange,SB,0.02,0.22,34.6
4/5/2025 6:00,varnerrd_to_I10interchange,SB,0.27,0.47,17.8
4/5/2025 7:00,varnerrd_to_I10interchange,SB,0.25,0.45,19.3
4/5/2025 8:00,varnerrd_to_I10interchange,SB,0.4,0.6,12.7
4/5/2025 9:00,varnerrd_to_I10interchange,SB,0.29,0.49,17.3
4/5/2025 10:00,varnerrd_to_I10interchange,SB,0.33,0.53,14.7
4/5/2025 11:00,varnerrd_to_I10interchange,SB,0.21,0.41,18.8
4/5/2025 12:00,varnerrd_to_I10interchange,SB,0.32,0.52,15.6
4/5/2025 13:00,varnerrd_to_I10interchange,SB,0.25,0.44,18.5
4/5/2025 14:00,varnerrd_to_I10interchange,SB,0.27,0.47,17.1
4/5/2025 15:00,varnerrd_to_I10interchange,SB,0.39,0.59,13.4
4/5/2025 16:00,varnerrd_to_I10interchange,SB,0.46,0.66,11.7
4/5/2025 17:00,varnerrd_to_I10interchange,SB,0.42,0.61,13.5
4/5/2025 18:00,varnerrd_to_I10interchange,SB,0.45,0.65,13.2
4/5/2025 19:00,varnerrd_to_I10interchange,SB,0.32,0.52,15.2
4/5/2025 20:00,varnerrd_to_I10interchange,SB,0.24,0.44,18.6
4/5/2025 21:00,varnerrd_to_I10interchange,SB,0.27,0.47,19.6
4/5/2025 22:00,varnerrd_to_I10interchange,SB,0.19,0.39,20.8
4/5/2025 23:00,varnerrd_to_I10interchange,SB,0.27,0.47,18.2
4/6/2025 0:00,varnerrd_to_I10interchange,SB,0.18,0.38,21.7
4/6/2025 1:00,varnerrd_to_I10interchange,SB,0.04,0.24,31.8
4/6/2025 2:00,varnerrd_to_I10interchange,SB,0.09,0.29,26.4
4/6/2025 3:00,varnerrd_to_I10interchange,SB,0.07,0.26,28.7
4/6/2025 4:00,varnerrd_to_I10interchange,SB,0.03,0.22,34.4
4/6/2025 5:00,varnerrd_to_I10interchange,SB,0.1,0.29,28.8
4/6/2025 6:00,varnerrd_to_I10interchange,SB,0.11,0.31,25.5
4/6/2025 7:00,varnerrd_to_I10interchange,SB,0.28,0.48,17.1
4/6/2025 8:00,varnerrd_to_I10interchange,SB,0.35,0.55,14.1
4/6/2025 9:00,varnerrd_to_I10interchange,SB,0.3,0.5,15.7
4/6/2025 10:00,varnerrd_to_I10interchange,SB,0.33,0.53,15.4
4/6/2025 11:00,varnerrd_to_I10interchange,SB,0.35,0.55,16.2
4/6/2025 12:00,varnerrd_to_I10interchange,SB,0.29,0.49,16.5
4/6/2025 13:00,varnerrd_to_I10interchange,SB,0.22,0.42,18.7
4/6/2025 14:00,varnerrd_to_I10interchange,SB,0.43,0.63,12.7
4/6/2025 15:00,varnerrd_to_I10interchange,SB,0.35,0.55,13.9
4/6/2025 16:00,varnerrd_to_I10interchange,SB,0.28,0.48,15.9
4/6/2025 17:00,varnerrd_to_I10interchange,SB,0.29,0.49,16.6
4/6/2025 18:00,varnerrd_to_I10interchange,SB,0.27,0.47,17.6
4/6/2025 19:00,varnerrd_to_I10interchange,SB,0.33,0.52,15.7
4/6/2025 20:00,varnerrd_to_I10interchange,SB,0.22,0.42,19.9
4/6/2025 21:00,varnerrd_to_I10interchange,SB,0.23,0.43,18.1
4/6/2025 22:00,varnerrd_to_I10interchange,SB,0.21,0.41,19
4/6/2025 23:00,varnerrd_to_I10interchange,SB,0.23,0.43,19.6
4/7/2025 0:00,varnerrd_to_I10interchange,SB,0.1,0.29,26.1
4/7/2025 1:00,varnerrd_to_I10interchange,SB,0.09,0.28,26.9
4/7/2025 2:00,varnerrd_to_I10interchange,SB,0.04,0.23,33.2
4/7/2025 3:00,varnerrd_to_I10interchange,SB,0.01,0.18,43.1
4/7/2025 4:00,varnerrd_to_I10interchange,SB,0.03,0.23,33.2
4/7/2025 5:00,varnerrd_to_I10interchange,SB,0.04,0.23,32.7
4/7/2025 6:00,varnerrd_to_I10interchange,SB,0.21,0.4,19.9
4/7/2025 7:00,varnerrd_to_I10interchange,SB,0.4,0.6,13.5
4/7/2025 8:00,varnerrd_to_I10interchange,SB,0.37,0.57,13.6
4/7/2025 9:00,varnerrd_to_I10interchange,SB,0.38,0.58,13.1
4/7/2025 10:00,varnerrd_to_I10interchange,SB,0.31,0.51,15.2
4/7/2025 11:00,varnerrd_to_I10interchange,SB,0.3,0.5,15.9
4/7/2025 12:00,varnerrd_to_I10interchange,SB,0.35,0.54,14.5
4/7/2025 13:00,varnerrd_to_I10interchange,SB,0.24,0.44,17.8
4/7/2025 14:00,varnerrd_to_I10interchange,SB,0.34,0.54,15
4/7/2025 15:00,varnerrd_to_I10interchange,SB,0.36,0.56,14.2
4/7/2025 16:00,varnerrd_to_I10interchange,SB,0.29,0.49,16.5
4/7/2025 17:00,varnerrd_to_I10interchange,SB,0.25,0.45,17.5
4/7/2025 18:00,varnerrd_to_I10interchange,SB,0.31,0.51,16.2
4/7/2025 19:00,varnerrd_to_I10interchange,SB,0.23,0.43,19
4/7/2025 20:00,varnerrd_to_I10interchange,SB,0.18,0.38,21.3
4/7/2025 21:00,varnerrd_to_I10interchange,SB,0.28,0.48,18
4/7/2025 22:00,varnerrd_to_I10interchange,SB,0.18,0.38,20.8
4/7/2025 23:00,varnerrd_to_I10interchange,SB,0.08,0.28,27.3
4/8/2025 0:00,varnerrd_to_I10interchange,SB,0.02,0.21,36.9
4/8/2025 1:00,varnerrd_to_I10interchange,SB,0.01,0.19,39.4
4/8/2025 2:00,varnerrd_to_I10interchange,SB,0.01,0.2,38.2
4/8/2025 3:00,varnerrd_to_I10interchange,SB,0.01,0.2,37.6
4/8/2025 4:00,varnerrd_to_I10interchange,SB,0.07,0.27,29.9
4/8/2025 5:00,varnerrd_to_I10interchange,SB,0.18,0.38,23.4
4/8/2025 6:00,varnerrd_to_I10interchange,SB,0.23,0.43,19.4
4/8/2025 7:00,varnerrd_to_I10interchange,SB,0.33,0.53,14.8
4/8/2025 8:00,varnerrd_to_I10interchange,SB,0.44,0.64,12.9
4/8/2025 9:00,varnerrd_to_I10interchange,SB,0.27,0.47,16.7
4/8/2025 10:00,varnerrd_to_I10interchange,SB,0.39,0.59,13.3
4/8/2025 11:00,varnerrd_to_I10interchange,SB,0.42,0.62,12.8
4/8/2025 12:00,varnerrd_to_I10interchange,SB,0.23,0.43,18.4
4/8/2025 13:00,varnerrd_to_I10interchange,SB,0.33,0.53,15
4/8/2025 14:00,varnerrd_to_I10interchange,SB,0.27,0.47,16.3
4/8/2025 15:00,varnerrd_to_I10interchange,SB,0.32,0.52,14.9
4/8/2025 16:00,varnerrd_to_I10interchange,SB,0.33,0.53,15.8
4/8/2025 17:00,varnerrd_to_I10interchange,SB,0.36,0.56,13.7
4/8/2025 18:00,varnerrd_to_I10interchange,SB,0.33,0.53,15.4
4/8/2025 19:00,varnerrd_to_I10interchange,SB,0.15,0.35,23
4/8/2025 20:00,varnerrd_to_I10interchange,SB,0.31,0.51,16
4/8/2025 21:00,varnerrd_to_I10interchange,SB,0.35,0.55,15.9
4/8/2025 22:00,varnerrd_to_I10interchange,SB,0.12,0.32,25.5
4/8/2025 23:00,varnerrd_to_I10interchange,SB,0.12,0.31,24.9
4/9/2025 0:00,varnerrd_to_I10interchange,SB,0.1,0.29,28.1
4/9/2025 1:00,varnerrd_to_I10interchange,SB,0.05,0.24,31.3
4/9/2025 2:00,varnerrd_to_I10interchange,SB,0,0.17,44.7
4/9/2025 3:00,varnerrd_to_I10interchange,SB,0,0.17,43.9
4/9/2025 4:00,varnerrd_to_I10interchange,SB,0.07,0.26,30.4
4/9/2025 5:00,varnerrd_to_I10interchange,SB,0.29,0.48,16.8
4/9/2025 6:00,varnerrd_to_I10interchange,SB,0.3,0.5,16.6
4/9/2025 7:00,varnerrd_to_I10interchange,SB,0.33,0.53,14.5
4/9/2025 8:00,varnerrd_to_I10interchange,SB,0.3,0.49,16
4/9/2025 9:00,varnerrd_to_I10interchange,SB,0.23,0.43,18.3
4/9/2025 10:00,varnerrd_to_I10interchange,SB,0.22,0.42,18.2
4/9/2025 11:00,varnerrd_to_I10interchange,SB,0.28,0.48,16.8
4/9/2025 12:00,varnerrd_to_I10interchange,SB,0.27,0.47,17.2
4/9/2025 13:00,varnerrd_to_I10interchange,SB,0.34,0.54,14.5
4/9/2025 14:00,varnerrd_to_I10interchange,SB,0.24,0.44,17.6
4/9/2025 15:00,varnerrd_to_I10interchange,SB,0.25,0.45,17.5
4/9/2025 16:00,varnerrd_to_I10interchange,SB,0.34,0.54,14.7
4/9/2025 17:00,varnerrd_to_I10interchange,SB,0.37,0.57,13.9
4/9/2025 18:00,varnerrd_to_I10interchange,SB,0.17,0.37,21.2
4/9/2025 19:00,varnerrd_to_I10interchange,SB,0.29,0.49,16.6
4/9/2025 20:00,varnerrd_to_I10interchange,SB,0.37,0.57,14.7
4/9/2025 21:00,varnerrd_to_I10interchange,SB,0.28,0.48,16.4
4/9/2025 22:00,varnerrd_to_I10interchange,SB,0.37,0.57,14.1
4/9/2025 23:00,varnerrd_to_I10interchange,SB,0.17,0.37,23.3
4/10/2025 0:00,varnerrd_to_I10interchange,SB,0.05,0.25,30
4/10/2025 1:00,varnerrd_to_I10interchange,SB,0.01,0.2,39.4
4/10/2025 2:00,varnerrd_to_I10interchange,SB,0.15,0.34,23.6
4/10/2025 3:00,varnerrd_to_I10interchange,SB,0.04,0.23,32.3
4/10/2025 4:00,varnerrd_to_I10interchange,SB,0.07,0.27,29.5
4/10/2025 5:00,varnerrd_to_I10interchange,SB,0.19,0.39,20
4/10/2025 6:00,varnerrd_to_I10interchange,SB,0.3,0.5,17.2
4/10/2025 7:00,varnerrd_to_I10interchange,SB,0.37,0.57,13.9
4/10/2025 8:00,varnerrd_to_I10interchange,SB,0.36,0.56,14
4/10/2025 9:00,varnerrd_to_I10interchange,SB,0.27,0.47,16.4
4/10/2025 10:00,varnerrd_to_I10interchange,SB,0.38,0.58,13.5
4/10/2025 11:00,varnerrd_to_I10interchange,SB,0.28,0.47,16.7
4/10/2025 12:00,varnerrd_to_I10interchange,SB,0.32,0.52,14.8
4/10/2025 13:00,varnerrd_to_I10interchange,SB,0.29,0.49,15.8
4/10/2025 14:00,varnerrd_to_I10interchange,SB,0.36,0.56,13.8
4/10/2025 15:00,varnerrd_to_I10interchange,SB,0.29,0.49,15.9
4/10/2025 16:00,varnerrd_to_I10interchange,SB,0.31,0.51,15
4/10/2025 17:00,varnerrd_to_I10interchange,SB,0.39,0.59,13.6
4/10/2025 18:00,varnerrd_to_I10interchange,SB,0.37,0.57,13.4
4/10/2025 19:00,varnerrd_to_I10interchange,SB,0.37,0.57,15.6
4/10/2025 20:00,varnerrd_to_I10interchange,SB,0.48,0.68,13.2
4/10/2025 21:00,varnerrd_to_I10interchange,SB,0.46,0.66,12.7
4/10/2025 22:00,varnerrd_to_I10interchange,SB,0.38,0.58,13.6
4/10/2025 23:00,varnerrd_to_I10interchange,SB,0.24,0.44,18
4/11/2025 0:00,varnerrd_to_I10interchange,SB,0.2,0.4,22.8
4/11/2025 1:00,varnerrd_to_I10interchange,SB,0.07,0.26,29.6
4/11/2025 2:00,varnerrd_to_I10interchange,SB,0.09,0.28,28.6
4/11/2025 3:00,varnerrd_to_I10interchange,SB,0,0.18,42.1
4/11/2025 4:00,varnerrd_to_I10interchange,SB,0.1,0.3,25.7
4/11/2025 5:00,varnerrd_to_I10interchange,SB,0.06,0.25,30.2
4/11/2025 6:00,varnerrd_to_I10interchange,SB,0.42,0.62,13.2
4/11/2025 7:00,varnerrd_to_I10interchange,SB,0.29,0.49,16.3
4/11/2025 8:00,varnerrd_to_I10interchange,SB,0.44,0.64,12.1
4/11/2025 9:00,varnerrd_to_I10interchange,SB,0.31,0.5,15.6
4/11/2025 10:00,varnerrd_to_I10interchange,SB,0.36,0.56,13.7
4/11/2025 11:00,varnerrd_to_I10interchange,SB,0.35,0.55,14.5
4/11/2025 12:00,varnerrd_to_I10interchange,SB,0.36,0.56,14.1
4/11/2025 13:00,varnerrd_to_I10interchange,SB,0.38,0.58,13.5
4/11/2025 14:00,varnerrd_to_I10interchange,SB,0.37,0.57,13.6
4/11/2025 15:00,varnerrd_to_I10interchange,SB,0.5,0.7,11.3
4/11/2025 16:00,varnerrd_to_I10interchange,SB,0.36,0.56,14
4/11/2025 17:00,varnerrd_to_I10interchange,SB,0.34,0.54,14.6
4/11/2025 18:00,varnerrd_to_I10interchange,SB,0.44,0.64,12.1
4/11/2025 19:00,varnerrd_to_I10interchange,SB,0.5,0.7,11.6
4/11/2025 20:00,varnerrd_to_I10interchange,SB,0.27,0.47,16.5
4/11/2025 21:00,varnerrd_to_I10interchange,SB,0.35,0.55,15
4/11/2025 22:00,varnerrd_to_I10interchange,SB,0.24,0.44,17.5
4/11/2025 23:00,varnerrd_to_I10interchange,SB,0.12,0.31,24.2
4/12/2025 0:00,varnerrd_to_I10interchange,SB,0.14,0.33,22.6
4/12/2025 1:00,varnerrd_to_I10interchange,SB,0.16,0.36,23.6
4/12/2025 2:00,varnerrd_to_I10interchange,SB,0.19,0.39,19.8
4/12/2025 3:00,varnerrd_to_I10interchange,SB,0.19,0.39,22.1
4/12/2025 4:00,varnerrd_to_I10interchange,SB,0.12,0.32,23.6
4/12/2025 5:00,varnerrd_to_I10interchange,SB,0.1,0.3,25.8
4/12/2025 6:00,varnerrd_to_I10interchange,SB,0.17,0.37,21
4/12/2025 7:00,varnerrd_to_I10interchange,SB,0.38,0.58,13.6
4/12/2025 8:00,varnerrd_to_I10interchange,SB,0.38,0.58,13.3
4/12/2025 9:00,varnerrd_to_I10interchange,SB,0.26,0.46,17.4
4/12/2025 10:00,varnerrd_to_I10interchange,SB,0.33,0.53,14.6
4/12/2025 11:00,varnerrd_to_I10interchange,SB,0.26,0.46,17.3
4/12/2025 12:00,varnerrd_to_I10interchange,SB,0.31,0.51,15.4
4/12/2025 13:00,varnerrd_to_I10interchange,SB,0.36,0.56,14
4/12/2025 14:00,varnerrd_to_I10interchange,SB,0.38,0.58,13.3
4/12/2025 15:00,varnerrd_to_I10interchange,SB,0.31,0.51,15.5
4/12/2025 16:00,varnerrd_to_I10interchange,SB,0.4,0.6,12.8
4/12/2025 17:00,varnerrd_to_I10interchange,SB,0.4,0.6,12.8
4/12/2025 18:00,varnerrd_to_I10interchange,SB,0.38,0.58,15.2
4/12/2025 19:00,varnerrd_to_I10interchange,SB,0.33,0.53,14.6
4/12/2025 20:00,varnerrd_to_I10interchange,SB,0.39,0.59,13.8
4/12/2025 21:00,varnerrd_to_I10interchange,SB,0.39,0.59,13.2
4/12/2025 22:00,varnerrd_to_I10interchange,SB,0.2,0.4,19.3
4/12/2025 23:00,varnerrd_to_I10interchange,SB,0.21,0.41,21.3
4/13/2025 0:00,varnerrd_to_I10interchange,SB,0.22,0.41,20.3
4/13/2025 1:00,varnerrd_to_I10interchange,SB,0.16,0.36,21.4
4/13/2025 2:00,varnerrd_to_I10interchange,SB,0.07,0.27,29
4/13/2025 3:00,varnerrd_to_I10interchange,SB,0.08,0.27,28.4
4/13/2025 4:00,varnerrd_to_I10interchange,SB,0.11,0.3,26
4/13/2025 5:00,varnerrd_to_I10interchange,SB,0.21,0.41,19.7
4/13/2025 6:00,varnerrd_to_I10interchange,SB,0.15,0.34,22.7
4/13/2025 7:00,varnerrd_to_I10interchange,SB,0.25,0.45,17.7
4/13/2025 8:00,varnerrd_to_I10interchange,SB,0.21,0.41,19.5
4/13/2025 9:00,varnerrd_to_I10interchange,SB,0.33,0.53,15.3
4/13/2025 10:00,varnerrd_to_I10interchange,SB,0.33,0.53,15.3
4/13/2025 11:00,varnerrd_to_I10interchange,SB,0.3,0.5,16.2
4/13/2025 12:00,varnerrd_to_I10interchange,SB,0.3,0.5,15.7
4/13/2025 13:00,varnerrd_to_I10interchange,SB,0.29,0.49,16.1
4/13/2025 14:00,varnerrd_to_I10interchange,SB,0.41,0.61,12.8
4/13/2025 15:00,varnerrd_to_I10interchange,SB,0.31,0.51,15.9
4/13/2025 16:00,varnerrd_to_I10interchange,SB,0.34,0.53,14.6
4/13/2025 17:00,varnerrd_to_I10interchange,SB,0.34,0.54,15.3
4/13/2025 18:00,varnerrd_to_I10interchange,SB,0.28,0.48,17.7
4/13/2025 19:00,varnerrd_to_I10interchange,SB,0.4,0.6,13.5
4/13/2025 20:00,varnerrd_to_I10interchange,SB,0.44,0.64,12.8
4/13/2025 21:00,varnerrd_to_I10interchange,SB,0.26,0.46,16.8
4/13/2025 22:00,varnerrd_to_I10interchange,SB,0.1,0.3,25.8
4/13/2025 23:00,varnerrd_to_I10interchange,SB,0.24,0.44,17.9
4/14/2025 0:00,varnerrd_to_I10interchange,SB,0.08,0.28,27.3
4/14/2025 1:00,varnerrd_to_I10interchange,SB,0.07,0.27,29
4/14/2025 2:00,varnerrd_to_I10interchange,SB,0.03,0.22,33.6
4/14/2025 3:00,varnerrd_to_I10interchange,SB,0.11,0.31,24.6
4/14/2025 4:00,varnerrd_to_I10interchange,SB,0.08,0.27,30.3
4/14/2025 5:00,varnerrd_to_I10interchange,SB,0.1,0.29,27.3
4/14/2025 6:00,varnerrd_to_I10interchange,SB,0.28,0.48,17.3
4/14/2025 7:00,varnerrd_to_I10interchange,SB,0.36,0.56,13.9
4/14/2025 8:00,varnerrd_to_I10interchange,SB,0.28,0.48,16.2
4/14/2025 9:00,varnerrd_to_I10interchange,SB,0.31,0.51,15.4
4/14/2025 10:00,varnerrd_to_I10interchange,SB,0.43,0.63,12.4
4/14/2025 11:00,varnerrd_to_I10interchange,SB,0.36,0.56,14
4/14/2025 12:00,varnerrd_to_I10interchange,SB,0.27,0.47,17.3
4/14/2025 13:00,varnerrd_to_I10interchange,SB,0.35,0.55,14.5
4/14/2025 14:00,varnerrd_to_I10interchange,SB,0.3,0.5,15.5
4/14/2025 15:00,varnerrd_to_I10interchange,SB,0.26,0.46,17.4
4/14/2025 16:00,varnerrd_to_I10interchange,SB,0.3,0.5,15.7
4/14/2025 17:00,varnerrd_to_I10interchange,SB,0.29,0.49,16.2
4/14/2025 18:00,varnerrd_to_I10interchange,SB,0.22,0.42,19
4/14/2025 19:00,varnerrd_to_I10interchange,SB,0.31,0.51,15.5
4/14/2025 20:00,varnerrd_to_I10interchange,SB,0.15,0.35,23.3
4/14/2025 21:00,varnerrd_to_I10interchange,SB,0.19,0.39,20.6
4/14/2025 22:00,varnerrd_to_I10interchange,SB,0.12,0.32,26.1
4/14/2025 23:00,varnerrd_to_I10interchange,SB,0.07,0.26,29.3
4/15/2025 0:00,varnerrd_to_I10interchange,SB,0.02,0.21,37.2
4/15/2025 1:00,varnerrd_to_I10interchange,SB,0.01,0.21,36.2
4/15/2025 2:00,varnerrd_to_I10interchange,SB,0.02,0.21,36
4/15/2025 3:00,varnerrd_to_I10interchange,SB,0.03,0.22,33.9
4/15/2025 4:00,varnerrd_to_I10interchange,SB,0.05,0.25,30.5
4/15/2025 5:00,varnerrd_to_I10interchange,SB,0.05,0.25,30.9
4/15/2025 6:00,varnerrd_to_I10interchange,SB,0.17,0.37,22.6
4/15/2025 7:00,varnerrd_to_I10interchange,SB,0.38,0.57,14
4/15/2025 8:00,varnerrd_to_I10interchange,SB,0.32,0.52,15.2
4/15/2025 9:00,varnerrd_to_I10interchange,SB,0.35,0.55,14.3
4/15/2025 10:00,varnerrd_to_I10interchange,SB,0.24,0.44,17.8
4/15/2025 11:00,varnerrd_to_I10interchange,SB,0.32,0.52,15.4
4/15/2025 12:00,varnerrd_to_I10interchange,SB,0.28,0.48,15.8
4/15/2025 13:00,varnerrd_to_I10interchange,SB,0.37,0.57,13.6
4/15/2025 14:00,varnerrd_to_I10interchange,SB,0.35,0.55,14.1
4/15/2025 15:00,varnerrd_to_I10interchange,SB,0.25,0.45,17.4
4/15/2025 16:00,varnerrd_to_I10interchange,SB,0.34,0.54,14.6
4/15/2025 17:00,varnerrd_to_I10interchange,SB,0.35,0.55,14.4
4/15/2025 18:00,varnerrd_to_I10interchange,SB,0.15,0.35,22.6
4/15/2025 19:00,varnerrd_to_I10interchange,SB,0.33,0.53,15.2
4/15/2025 20:00,varnerrd_to_I10interchange,SB,0.36,0.56,14.5
4/15/2025 21:00,varnerrd_to_I10interchange,SB,0.15,0.35,23.4
4/15/2025 22:00,varnerrd_to_I10interchange,SB,0.32,0.52,16.8
4/15/2025 23:00,varnerrd_to_I10interchange,SB,0.05,0.25,30.7
4/16/2025 0:00,varnerrd_to_I10interchange,SB,0.03,0.23,33.3
4/16/2025 1:00,varnerrd_to_I10interchange,SB,0.01,0.19,39.9
4/16/2025 2:00,varnerrd_to_I10interchange,SB,0.03,0.22,35.5
4/16/2025 3:00,varnerrd_to_I10interchange,SB,0.01,0.19,40.6
4/16/2025 4:00,varnerrd_to_I10interchange,SB,0.02,0.22,34.6
4/16/2025 5:00,varnerrd_to_I10interchange,SB,0.09,0.29,27.7
4/16/2025 6:00,varnerrd_to_I10interchange,SB,0.35,0.54,14.3
4/16/2025 7:00,varnerrd_to_I10interchange,SB,0.39,0.59,13
4/16/2025 8:00,varnerrd_to_I10interchange,SB,0.31,0.51,15.5
4/16/2025 9:00,varnerrd_to_I10interchange,SB,0.28,0.48,16.6
4/16/2025 10:00,varnerrd_to_I10interchange,SB,0.29,0.49,15.8
4/16/2025 11:00,varnerrd_to_I10interchange,SB,0.32,0.52,15.3
4/16/2025 12:00,varnerrd_to_I10interchange,SB,0.28,0.47,16.4
4/16/2025 13:00,varnerrd_to_I10interchange,SB,0.32,0.52,15.3
4/16/2025 14:00,varnerrd_to_I10interchange,SB,0.28,0.48,17.2
4/16/2025 15:00,varnerrd_to_I10interchange,SB,0.34,0.54,15.9
4/16/2025 16:00,varnerrd_to_I10interchange,SB,0.39,0.59,13.1
4/16/2025 17:00,varnerrd_to_I10interchange,SB,0.26,0.46,17.3
4/16/2025 18:00,varnerrd_to_I10interchange,SB,0.31,0.51,15.6
4/16/2025 19:00,varnerrd_to_I10interchange,SB,0.31,0.51,14.8
4/16/2025 20:00,varnerrd_to_I10interchange,SB,0.35,0.55,14.2
4/16/2025 21:00,varnerrd_to_I10interchange,SB,0.2,0.4,21.1
4/16/2025 22:00,varnerrd_to_I10interchange,SB,0.21,0.41,20.2
4/16/2025 23:00,varnerrd_to_I10interchange,SB,0.27,0.47,16.5
4/17/2025 0:00,varnerrd_to_I10interchange,SB,0.33,0.53,14.6
4/17/2025 1:00,varnerrd_to_I10interchange,SB,0.06,0.25,32
4/17/2025 2:00,varnerrd_to_I10interchange,SB,0.02,0.2,37.3
4/17/2025 3:00,varnerrd_to_I10interchange,SB,0.03,0.22,35.5
4/17/2025 4:00,varnerrd_to_I10interchange,SB,0.07,0.26,31
4/17/2025 5:00,varnerrd_to_I10interchange,SB,0.15,0.35,22.9
4/17/2025 6:00,varnerrd_to_I10interchange,SB,0.33,0.53,14.7
4/17/2025 7:00,varnerrd_to_I10interchange,SB,0.43,0.63,12.4
4/17/2025 8:00,varnerrd_to_I10interchange,SB,0.46,0.66,12.3
4/17/2025 9:00,varnerrd_to_I10interchange,SB,0.37,0.57,13.8
4/17/2025 10:00,varnerrd_to_I10interchange,SB,0.34,0.54,14.3
4/17/2025 11:00,varnerrd_to_I10interchange,SB,0.23,0.43,17.9
4/17/2025 12:00,varnerrd_to_I10interchange,SB,0.36,0.56,14.4
4/17/2025 13:00,varnerrd_to_I10interchange,SB,0.34,0.54,14.7
4/17/2025 14:00,varnerrd_to_I10interchange,SB,0.29,0.49,15.8
4/17/2025 15:00,varnerrd_to_I10interchange,SB,0.38,0.58,13.3
4/17/2025 16:00,varnerrd_to_I10interchange,SB,0.38,0.57,13.5
4/17/2025 17:00,varnerrd_to_I10interchange,SB,0.25,0.45,17
4/17/2025 18:00,varnerrd_to_I10interchange,SB,0.45,0.65,13.3
4/17/2025 19:00,varnerrd_to_I10interchange,SB,0.43,0.63,13.7
4/17/2025 20:00,varnerrd_to_I10interchange,SB,0.33,0.53,15.8
4/17/2025 21:00,varnerrd_to_I10interchange,SB,0.51,0.71,11.9
4/17/2025 22:00,varnerrd_to_I10interchange,SB,0.4,0.6,13.2
4/17/2025 23:00,varnerrd_to_I10interchange,SB,0.57,0.77,10
4/18/2025 0:00,varnerrd_to_I10interchange,SB,0.2,0.39,20.5
4/18/2025 1:00,varnerrd_to_I10interchange,SB,0.03,0.22,34.9
4/18/2025 2:00,varnerrd_to_I10interchange,SB,0.09,0.28,30.1
4/18/2025 3:00,varnerrd_to_I10interchange,SB,0.06,0.24,33.9
4/18/2025 4:00,varnerrd_to_I10interchange,SB,0.17,0.37,23.2
4/18/2025 5:00,varnerrd_to_I10interchange,SB,0.11,0.31,25.5
4/18/2025 6:00,varnerrd_to_I10interchange,SB,0.28,0.48,16.1
4/18/2025 7:00,varnerrd_to_I10interchange,SB,0.42,0.62,12.5
4/18/2025 8:00,varnerrd_to_I10interchange,SB,0.49,0.69,11.2
4/18/2025 9:00,varnerrd_to_I10interchange,SB,0.41,0.61,12.6
4/18/2025 10:00,varnerrd_to_I10interchange,SB,0.41,0.61,12.5
4/18/2025 11:00,varnerrd_to_I10interchange,SB,0.39,0.59,13
4/18/2025 12:00,varnerrd_to_I10interchange,SB,0.36,0.56,13.7
4/18/2025 13:00,varnerrd_to_I10interchange,SB,0.42,0.62,12.9
4/18/2025 14:00,varnerrd_to_I10interchange,SB,0.49,0.69,11.3
4/18/2025 15:00,varnerrd_to_I10interchange,SB,0.56,0.76,10.5
4/18/2025 16:00,varnerrd_to_I10interchange,SB,0.66,0.86,9.2
4/18/2025 17:00,varnerrd_to_I10interchange,SB,0.33,0.53,14.8
4/18/2025 18:00,varnerrd_to_I10interchange,SB,0.26,0.46,18.9
4/18/2025 19:00,varnerrd_to_I10interchange,SB,0.47,0.67,12.1
4/18/2025 20:00,varnerrd_to_I10interchange,SB,0.39,0.59,14.2
4/18/2025 21:00,varnerrd_to_I10interchange,SB,0.39,0.59,13.1
4/18/2025 22:00,varnerrd_to_I10interchange,SB,0.39,0.58,13.2
4/18/2025 23:00,varnerrd_to_I10interchange,SB,0.17,0.37,20.7
4/19/2025 0:00,varnerrd_to_I10interchange,SB,0.14,0.34,23.9
4/19/2025 1:00,varnerrd_to_I10interchange,SB,0.17,0.36,22.8
4/19/2025 2:00,varnerrd_to_I10interchange,SB,0.12,0.32,24.8
4/19/2025 3:00,varnerrd_to_I10interchange,SB,0.07,0.27,28.6
4/19/2025 4:00,varnerrd_to_I10interchange,SB,0.16,0.35,24.5
4/19/2025 5:00,varnerrd_to_I10interchange,SB,0.06,0.26,29.4
4/19/2025 6:00,varnerrd_to_I10interchange,SB,0.09,0.29,27.4
4/19/2025 7:00,varnerrd_to_I10interchange,SB,0.41,0.61,12.7
4/19/2025 8:00,varnerrd_to_I10interchange,SB,0.34,0.54,15.7
4/19/2025 9:00,varnerrd_to_I10interchange,SB,0.32,0.52,16.1
4/19/2025 10:00,varnerrd_to_I10interchange,SB,0.36,0.56,13.9
4/19/2025 11:00,varnerrd_to_I10interchange,SB,0.32,0.52,15.2
4/19/2025 12:00,varnerrd_to_I10interchange,SB,0.38,0.58,13.9
4/19/2025 13:00,varnerrd_to_I10interchange,SB,0.31,0.51,15.2
4/19/2025 14:00,varnerrd_to_I10interchange,SB,0.28,0.48,16.8
4/19/2025 15:00,varnerrd_to_I10interchange,SB,0.3,0.5,15.4
4/19/2025 16:00,varnerrd_to_I10interchange,SB,0.36,0.56,13.8
4/19/2025 17:00,varnerrd_to_I10interchange,SB,0.3,0.5,15.9
4/19/2025 18:00,varnerrd_to_I10interchange,SB,0.36,0.56,14.1
4/19/2025 19:00,varnerrd_to_I10interchange,SB,0.32,0.52,15.9
4/19/2025 20:00,varnerrd_to_I10interchange,SB,0.24,0.44,20.2
4/19/2025 21:00,varnerrd_to_I10interchange,SB,0.3,0.5,15.9
4/19/2025 22:00,varnerrd_to_I10interchange,SB,0.06,0.26,29.7
4/19/2025 23:00,varnerrd_to_I10interchange,SB,0.27,0.47,16.6
4/20/2025 0:00,varnerrd_to_I10interchange,SB,0.09,0.28,28.2
4/20/2025 1:00,varnerrd_to_I10interchange,SB,0.11,0.3,26.4
4/20/2025 2:00,varnerrd_to_I10interchange,SB,0.11,0.31,26.5
4/20/2025 3:00,varnerrd_to_I10interchange,SB,0.04,0.24,32.1
4/20/2025 4:00,varnerrd_to_I10interchange,SB,0.11,0.3,25.4
4/20/2025 5:00,varnerrd_to_I10interchange,SB,0.12,0.32,23.7
4/20/2025 6:00,varnerrd_to_I10interchange,SB,0.15,0.35,22.4
4/20/2025 7:00,varnerrd_to_I10interchange,SB,0.26,0.46,16.9
4/20/2025 8:00,varnerrd_to_I10interchange,SB,0.26,0.46,18.3
4/20/2025 9:00,varnerrd_to_I10interchange,SB,0.22,0.42,19.1
4/20/2025 10:00,varnerrd_to_I10interchange,SB,0.41,0.61,14.1
4/20/2025 11:00,varnerrd_to_I10interchange,SB,0.22,0.42,19.2
4/20/2025 12:00,varnerrd_to_I10interchange,SB,0.3,0.5,16.2
4/20/2025 13:00,varnerrd_to_I10interchange,SB,0.36,0.56,14
4/20/2025 14:00,varnerrd_to_I10interchange,SB,0.36,0.56,14.1
4/20/2025 15:00,varnerrd_to_I10interchange,SB,0.36,0.56,14
4/20/2025 16:00,varnerrd_to_I10interchange,SB,0.31,0.51,15.5
4/20/2025 17:00,varnerrd_to_I10interchange,SB,0.43,0.63,13.4
4/20/2025 18:00,varnerrd_to_I10interchange,SB,0.25,0.45,17.7
4/20/2025 19:00,varnerrd_to_I10interchange,SB,0.23,0.43,18.8
4/20/2025 20:00,varnerrd_to_I10interchange,SB,0.25,0.45,18.8
4/20/2025 21:00,varnerrd_to_I10interchange,SB,0.28,0.47,16.2
4/20/2025 22:00,varnerrd_to_I10interchange,SB,0.26,0.46,18
4/20/2025 23:00,varnerrd_to_I10interchange,SB,0.18,0.38,21.4
4/21/2025 0:00,varnerrd_to_I10interchange,SB,0.17,0.37,22.2
4/21/2025 1:00,varnerrd_to_I10interchange,SB,0.07,0.27,28.8
4/21/2025 2:00,varnerrd_to_I10interchange,SB,0.2,0.4,19.5
4/21/2025 3:00,varnerrd_to_I10interchange,SB,0.16,0.35,23
4/21/2025 4:00,varnerrd_to_I10interchange,SB,0.1,0.29,26.4
4/21/2025 5:00,varnerrd_to_I10interchange,SB,0.14,0.34,23.6
4/21/2025 6:00,varnerrd_to_I10interchange,SB,0.24,0.44,18.2
4/21/2025 7:00,varnerrd_to_I10interchange,SB,0.37,0.57,13.7
4/21/2025 8:00,varnerrd_to_I10interchange,SB,0.35,0.55,14.6
4/21/2025 9:00,varnerrd_to_I10interchange,SB,0.35,0.55,13.7
4/21/2025 10:00,varnerrd_to_I10interchange,SB,0.41,0.61,12.9
4/21/2025 11:00,varnerrd_to_I10interchange,SB,0.3,0.49,16.3
4/21/2025 12:00,varnerrd_to_I10interchange,SB,0.35,0.55,14.6
4/21/2025 13:00,varnerrd_to_I10interchange,SB,0.24,0.44,18.4
4/21/2025 14:00,varnerrd_to_I10interchange,SB,0.32,0.52,15.6
4/21/2025 15:00,varnerrd_to_I10interchange,SB,0.38,0.58,13.7
4/21/2025 16:00,varnerrd_to_I10interchange,SB,0.34,0.54,14.7
4/21/2025 17:00,varnerrd_to_I10interchange,SB,0.46,0.66,12.2
4/21/2025 18:00,varnerrd_to_I10interchange,SB,0.27,0.47,17.8
4/21/2025 19:00,varnerrd_to_I10interchange,SB,0.21,0.4,23.7
4/21/2025 20:00,varnerrd_to_I10interchange,SB,0.15,0.34,22.3
4/21/2025 21:00,varnerrd_to_I10interchange,SB,0.2,0.4,19.2
4/21/2025 22:00,varnerrd_to_I10interchange,SB,0.18,0.38,20.4
4/21/2025 23:00,varnerrd_to_I10interchange,SB,0.05,0.25,30.6
4/22/2025 0:00,varnerrd_to_I10interchange,SB,0.11,0.3,27.1
4/22/2025 1:00,varnerrd_to_I10interchange,SB,0,0.18,41
4/22/2025 2:00,varnerrd_to_I10interchange,SB,0.01,0.2,37.2
4/22/2025 3:00,varnerrd_to_I10interchange,SB,0.03,0.21,37.8
4/22/2025 4:00,varnerrd_to_I10interchange,SB,0.11,0.31,25.6
4/22/2025 5:00,varnerrd_to_I10interchange,SB,0.1,0.29,29.4
4/22/2025 6:00,varnerrd_to_I10interchange,SB,0.28,0.48,17.1
4/22/2025 7:00,varnerrd_to_I10interchange,SB,0.25,0.45,17.2
4/22/2025 8:00,varnerrd_to_I10interchange,SB,0.33,0.53,14.9
4/22/2025 9:00,varnerrd_to_I10interchange,SB,0.32,0.52,16.3
4/22/2025 10:00,varnerrd_to_I10interchange,SB,0.35,0.54,14.5
4/22/2025 11:00,varnerrd_to_I10interchange,SB,0.28,0.48,16.9
4/22/2025 12:00,varnerrd_to_I10interchange,SB,0.26,0.46,17.1
4/22/2025 13:00,varnerrd_to_I10interchange,SB,0.3,0.5,16.4
4/22/2025 14:00,varnerrd_to_I10interchange,SB,0.26,0.46,17
4/22/2025 15:00,varnerrd_to_I10interchange,SB,0.31,0.51,15.4
4/22/2025 16:00,varnerrd_to_I10interchange,SB,0.32,0.52,15.9
4/22/2025 17:00,varnerrd_to_I10interchange,SB,0.26,0.46,17.1
4/22/2025 18:00,varnerrd_to_I10interchange,SB,0.24,0.44,17.6
4/22/2025 19:00,varnerrd_to_I10interchange,SB,0.23,0.43,18.5
4/22/2025 20:00,varnerrd_to_I10interchange,SB,0.31,0.51,15
4/22/2025 21:00,varnerrd_to_I10interchange,SB,0.43,0.63,12.6
4/22/2025 22:00,varnerrd_to_I10interchange,SB,0.23,0.43,18.8
4/22/2025 23:00,varnerrd_to_I10interchange,SB,0.2,0.4,19.7
4/23/2025 0:00,varnerrd_to_I10interchange,SB,0.18,0.38,21.8
4/23/2025 1:00,varnerrd_to_I10interchange,SB,0.09,0.28,29.1
4/23/2025 2:00,varnerrd_to_I10interchange,SB,0.03,0.22,36.1
4/23/2025 3:00,varnerrd_to_I10interchange,SB,0.02,0.2,37.4
4/23/2025 4:00,varnerrd_to_I10interchange,SB,0.07,0.26,28.6
4/23/2025 5:00,varnerrd_to_I10interchange,SB,0.16,0.36,21.8
4/23/2025 6:00,varnerrd_to_I10interchange,SB,0.33,0.53,14.8
4/23/2025 7:00,varnerrd_to_I10interchange,SB,0.35,0.55,14.3
4/23/2025 8:00,varnerrd_to_I10interchange,SB,0.31,0.51,15.7
4/23/2025 9:00,varnerrd_to_I10interchange,SB,0.32,0.52,15
4/23/2025 10:00,varnerrd_to_I10interchange,SB,0.27,0.47,16.5
4/23/2025 11:00,varnerrd_to_I10interchange,SB,0.28,0.48,16.2
4/23/2025 12:00,varnerrd_to_I10interchange,SB,0.28,0.48,16
4/23/2025 13:00,varnerrd_to_I10interchange,SB,0.37,0.57,13.5
4/23/2025 14:00,varnerrd_to_I10interchange,SB,0.23,0.43,18.5
4/23/2025 15:00,varnerrd_to_I10interchange,SB,0.27,0.47,17.3
4/23/2025 16:00,varnerrd_to_I10interchange,SB,0.39,0.59,13.1
4/23/2025 17:00,varnerrd_to_I10interchange,SB,0.45,0.65,12.3
4/23/2025 18:00,varnerrd_to_I10interchange,SB,0.3,0.5,16.1
4/23/2025 19:00,varnerrd_to_I10interchange,SB,0.35,0.55,14.8
4/23/2025 20:00,varnerrd_to_I10interchange,SB,0.32,0.52,15
4/23/2025 21:00,varnerrd_to_I10interchange,SB,0.32,0.52,15.2
4/23/2025 22:00,varnerrd_to_I10interchange,SB,0.25,0.45,17.5
4/23/2025 23:00,varnerrd_to_I10interchange,SB,0.11,0.31,25.3
4/24/2025 0:00,varnerrd_to_I10interchange,SB,0.15,0.35,24.3
4/24/2025 1:00,varnerrd_to_I10interchange,SB,0.06,0.25,30.5
4/24/2025 2:00,varnerrd_to_I10interchange,SB,0.04,0.23,33
4/24/2025 3:00,varnerrd_to_I10interchange,SB,0.04,0.23,33.7
4/24/2025 4:00,varnerrd_to_I10interchange,SB,0.12,0.32,27.2
4/24/2025 5:00,varnerrd_to_I10interchange,SB,0.16,0.36,23.2
4/24/2025 6:00,varnerrd_to_I10interchange,SB,0.26,0.46,17.4
4/24/2025 7:00,varnerrd_to_I10interchange,SB,0.41,0.61,12.7
4/24/2025 8:00,varnerrd_to_I10interchange,SB,0.33,0.53,15.3
4/24/2025 9:00,varnerrd_to_I10interchange,SB,0.26,0.46,17
4/24/2025 10:00,varnerrd_to_I10interchange,SB,0.26,0.46,17.2
4/24/2025 11:00,varnerrd_to_I10interchange,SB,0.35,0.55,14.9
4/24/2025 12:00,varnerrd_to_I10interchange,SB,0.25,0.45,17.5
4/24/2025 13:00,varnerrd_to_I10interchange,SB,0.34,0.54,14.4
4/24/2025 14:00,varnerrd_to_I10interchange,SB,0.28,0.48,16.5
4/24/2025 15:00,varnerrd_to_I10interchange,SB,0.3,0.5,16
4/24/2025 16:00,varnerrd_to_I10interchange,SB,0.27,0.47,16.7
4/24/2025 17:00,varnerrd_to_I10interchange,SB,0.32,0.52,15.2
4/24/2025 18:00,varnerrd_to_I10interchange,SB,0.35,0.55,14.4
4/24/2025 19:00,varnerrd_to_I10interchange,SB,0.45,0.64,12.9
4/24/2025 20:00,varnerrd_to_I10interchange,SB,0.38,0.58,13.7
4/24/2025 21:00,varnerrd_to_I10interchange,SB,0.3,0.5,15.3
4/24/2025 22:00,varnerrd_to_I10interchange,SB,0.34,0.54,15.5
4/24/2025 23:00,varnerrd_to_I10interchange,SB,0.3,0.5,15
4/25/2025 0:00,varnerrd_to_I10interchange,SB,0.23,0.42,19.3
4/25/2025 1:00,varnerrd_to_I10interchange,SB,0.16,0.35,23.4
4/25/2025 2:00,varnerrd_to_I10interchange,SB,0.04,0.24,32.1
4/25/2025 3:00,varnerrd_to_I10interchange,SB,0.13,0.32,26.3
4/25/2025 4:00,varnerrd_to_I10interchange,SB,0.04,0.23,33.1
4/25/2025 5:00,varnerrd_to_I10interchange,SB,0.11,0.31,25.8
4/25/2025 6:00,varnerrd_to_I10interchange,SB,0.23,0.43,18.1
4/25/2025 7:00,varnerrd_to_I10interchange,SB,0.4,0.6,14
4/25/2025 8:00,varnerrd_to_I10interchange,SB,0.29,0.49,16.2
4/25/2025 9:00,varnerrd_to_I10interchange,SB,0.38,0.58,13.6
4/25/2025 10:00,varnerrd_to_I10interchange,SB,0.23,0.42,18.3
4/25/2025 11:00,varnerrd_to_I10interchange,SB,0.39,0.59,13
4/25/2025 12:00,varnerrd_to_I10interchange,SB,0.4,0.6,12.9
4/25/2025 13:00,varnerrd_to_I10interchange,SB,0.34,0.54,14.3
4/25/2025 14:00,varnerrd_to_I10interchange,SB,0.4,0.6,13.2
4/25/2025 15:00,varnerrd_to_I10interchange,SB,0.37,0.57,13.9
4/25/2025 16:00,varnerrd_to_I10interchange,SB,0.32,0.52,14.8
4/25/2025 17:00,varnerrd_to_I10interchange,SB,0.31,0.51,15.4
4/25/2025 18:00,varnerrd_to_I10interchange,SB,0.3,0.5,16.3
4/25/2025 19:00,varnerrd_to_I10interchange,SB,0.34,0.54,14.8
4/25/2025 20:00,varnerrd_to_I10interchange,SB,0.2,0.4,20.5
4/25/2025 21:00,varnerrd_to_I10interchange,SB,0.25,0.45,17.5
4/25/2025 22:00,varnerrd_to_I10interchange,SB,0.14,0.34,24.5
4/25/2025 23:00,varnerrd_to_I10interchange,SB,0.23,0.43,20.3
4/26/2025 0:00,varnerrd_to_I10interchange,SB,0.27,0.47,17.1
4/26/2025 1:00,varnerrd_to_I10interchange,SB,0.1,0.3,25.2
4/26/2025 2:00,varnerrd_to_I10interchange,SB,0.1,0.3,26.4
4/26/2025 3:00,varnerrd_to_I10interchange,SB,0.07,0.26,31.2
4/26/2025 4:00,varnerrd_to_I10interchange,SB,0.12,0.31,25.9
4/26/2025 5:00,varnerrd_to_I10interchange,SB,0.07,0.27,29.2
4/26/2025 6:00,varnerrd_to_I10interchange,SB,0.22,0.42,18.7
4/26/2025 7:00,varnerrd_to_I10interchange,SB,0.41,0.61,13.3
4/26/2025 8:00,varnerrd_to_I10interchange,SB,0.24,0.44,17.8
4/26/2025 9:00,varnerrd_to_I10interchange,SB,0.3,0.5,16.3
4/26/2025 10:00,varnerrd_to_I10interchange,SB,0.4,0.6,13.4
4/26/2025 11:00,varnerrd_to_I10interchange,SB,0.39,0.59,13
4/26/2025 12:00,varnerrd_to_I10interchange,SB,0.37,0.57,13.8
4/26/2025 13:00,varnerrd_to_I10interchange,SB,0.34,0.53,14.5
4/26/2025 14:00,varnerrd_to_I10interchange,SB,0.23,0.43,18.8
4/26/2025 15:00,varnerrd_to_I10interchange,SB,0.38,0.58,13.3
4/26/2025 16:00,varnerrd_to_I10interchange,SB,0.2,0.4,21.6
4/26/2025 17:00,varnerrd_to_I10interchange,SB,0.37,0.57,14.5
4/26/2025 18:00,varnerrd_to_I10interchange,SB,0.3,0.5,17.5
4/26/2025 19:00,varnerrd_to_I10interchange,SB,0.23,0.43,18.1
4/26/2025 20:00,varnerrd_to_I10interchange,SB,0.29,0.49,16
4/26/2025 21:00,varnerrd_to_I10interchange,SB,0.48,0.68,11.7
4/26/2025 22:00,varnerrd_to_I10interchange,SB,0.33,0.53,14.9
4/26/2025 23:00,varnerrd_to_I10interchange,SB,0.28,0.48,17.2
4/27/2025 0:00,varnerrd_to_I10interchange,SB,0.07,0.27,28.1
4/27/2025 1:00,varnerrd_to_I10interchange,SB,0.13,0.33,24.3
4/27/2025 2:00,varnerrd_to_I10interchange,SB,0.16,0.35,22.5
4/27/2025 3:00,varnerrd_to_I10interchange,SB,0.12,0.31,26.4
4/27/2025 4:00,varnerrd_to_I10interchange,SB,0.12,0.32,25.9
4/27/2025 5:00,varnerrd_to_I10interchange,SB,0.1,0.3,26.1
4/27/2025 6:00,varnerrd_to_I10interchange,SB,0.23,0.42,20.5
4/27/2025 7:00,varnerrd_to_I10interchange,SB,0.32,0.52,16.2
4/27/2025 8:00,varnerrd_to_I10interchange,SB,0.53,0.73,10.8
4/27/2025 9:00,varnerrd_to_I10interchange,SB,0.32,0.52,15.7
4/27/2025 10:00,varnerrd_to_I10interchange,SB,0.26,0.46,17.7
4/27/2025 11:00,varnerrd_to_I10interchange,SB,0.36,0.56,13.9
4/27/2025 12:00,varnerrd_to_I10interchange,SB,0.37,0.57,13.8
4/27/2025 13:00,varnerrd_to_I10interchange,SB,0.29,0.49,17.2
4/27/2025 14:00,varnerrd_to_I10interchange,SB,0.37,0.57,14.2
4/27/2025 15:00,varnerrd_to_I10interchange,SB,0.3,0.5,16.3
4/27/2025 16:00,varnerrd_to_I10interchange,SB,0.3,0.5,15.8
4/27/2025 17:00,varnerrd_to_I10interchange,SB,0.38,0.58,13.2
4/27/2025 18:00,varnerrd_to_I10interchange,SB,0.51,0.71,11.3
4/27/2025 19:00,varnerrd_to_I10interchange,SB,0.35,0.55,14.4
4/27/2025 20:00,varnerrd_to_I10interchange,SB,0.23,0.43,19
4/27/2025 21:00,varnerrd_to_I10interchange,SB,0.21,0.4,20
4/27/2025 22:00,varnerrd_to_I10interchange,SB,0.08,0.28,27.7
4/27/2025 23:00,varnerrd_to_I10interchange,SB,0.06,0.25,30.7
4/28/2025 0:00,varnerrd_to_I10interchange,SB,0.11,0.31,25.1
4/28/2025 1:00,varnerrd_to_I10interchange,SB,0.14,0.34,23.4
4/28/2025 2:00,varnerrd_to_I10interchange,SB,0.06,0.25,30.3
4/28/2025 3:00,varnerrd_to_I10interchange,SB,0.03,0.23,33.2
4/28/2025 4:00,varnerrd_to_I10interchange,SB,0.04,0.23,32.8
4/28/2025 5:00,varnerrd_to_I10interchange,SB,0.11,0.31,27.1
4/28/2025 6:00,varnerrd_to_I10interchange,SB,0.2,0.4,20
4/28/2025 7:00,varnerrd_to_I10interchange,SB,0.44,0.64,12.2
4/28/2025 8:00,varnerrd_to_I10interchange,SB,0.31,0.51,15.3
4/28/2025 9:00,varnerrd_to_I10interchange,SB,0.42,0.62,13
4/28/2025 10:00,varnerrd_to_I10interchange,SB,0.31,0.51,15.2
4/28/2025 11:00,varnerrd_to_I10interchange,SB,0.34,0.54,14.5
4/28/2025 12:00,varnerrd_to_I10interchange,SB,0.34,0.54,14.4
4/28/2025 13:00,varnerrd_to_I10interchange,SB,0.32,0.52,16.7
4/28/2025 14:00,varnerrd_to_I10interchange,SB,0.21,0.41,19.1
4/28/2025 15:00,varnerrd_to_I10interchange,SB,0.34,0.54,14.2
4/28/2025 16:00,varnerrd_to_I10interchange,SB,0.32,0.51,15
4/28/2025 17:00,varnerrd_to_I10interchange,SB,0.3,0.5,15.7
4/28/2025 18:00,varnerrd_to_I10interchange,SB,0.36,0.56,14
4/28/2025 19:00,varnerrd_to_I10interchange,SB,0.21,0.41,19.9
4/28/2025 20:00,varnerrd_to_I10interchange,SB,0.26,0.45,17.4
4/28/2025 21:00,varnerrd_to_I10interchange,SB,0.2,0.4,19.6
4/28/2025 22:00,varnerrd_to_I10interchange,SB,0.24,0.44,17.5
4/28/2025 23:00,varnerrd_to_I10interchange,SB,0.16,0.36,21.4
4/29/2025 0:00,varnerrd_to_I10interchange,SB,0.07,0.26,29.1
4/29/2025 1:00,varnerrd_to_I10interchange,SB,0.01,0.2,37.7
4/29/2025 2:00,varnerrd_to_I10interchange,SB,0.03,0.21,36.2
4/29/2025 3:00,varnerrd_to_I10interchange,SB,0.02,0.2,37.8
4/29/2025 4:00,varnerrd_to_I10interchange,SB,0.03,0.23,33.5
4/29/2025 5:00,varnerrd_to_I10interchange,SB,0.12,0.32,28.7
4/29/2025 6:00,varnerrd_to_I10interchange,SB,0.4,0.6,13.2
4/29/2025 7:00,varnerrd_to_I10interchange,SB,0.43,0.63,12.3
4/29/2025 8:00,varnerrd_to_I10interchange,SB,0.27,0.47,16.6
4/29/2025 9:00,varnerrd_to_I10interchange,SB,0.42,0.62,12.8
4/29/2025 10:00,varnerrd_to_I10interchange,SB,0.26,0.46,17.6
4/29/2025 11:00,varnerrd_to_I10interchange,SB,0.25,0.45,17.4
4/29/2025 12:00,varnerrd_to_I10interchange,SB,0.39,0.59,13.3
4/29/2025 13:00,varnerrd_to_I10interchange,SB,0.27,0.47,16.8
4/29/2025 14:00,varnerrd_to_I10interchange,SB,0.27,0.47,16.5
4/29/2025 15:00,varnerrd_to_I10interchange,SB,0.29,0.49,16.3
4/29/2025 16:00,varnerrd_to_I10interchange,SB,0.31,0.51,15.4
4/29/2025 17:00,varnerrd_to_I10interchange,SB,0.31,0.51,15.2
4/29/2025 18:00,varnerrd_to_I10interchange,SB,0.36,0.56,14.1
4/29/2025 19:00,varnerrd_to_I10interchange,SB,0.36,0.56,14.4
4/29/2025 20:00,varnerrd_to_I10interchange,SB,0.25,0.44,17.2
4/29/2025 21:00,varnerrd_to_I10interchange,SB,0.22,0.41,24.5
4/29/2025 22:00,varnerrd_to_I10interchange,SB,0.12,0.32,26.6
4/29/2025 23:00,varnerrd_to_I10interchange,SB,0.17,0.37,20.8
4/30/2025 0:00,varnerrd_to_I10interchange,SB,0.1,0.29,28.3
4/30/2025 1:00,varnerrd_to_I10interchange,SB,0.12,0.31,28.5
4/30/2025 2:00,varnerrd_to_I10interchange,SB,0,0.18,41.7
4/30/2025 3:00,varnerrd_to_I10interchange,SB,0,0.18,41.6
4/30/2025 4:00,varnerrd_to_I10interchange,SB,0.05,0.25,30.5
4/30/2025 5:00,varnerrd_to_I10interchange,SB,0.13,0.33,24
4/30/2025 6:00,varnerrd_to_I10interchange,SB,0.18,0.38,22
4/30/2025 7:00,varnerrd_to_I10interchange,SB,0.42,0.62,12.4
4/30/2025 8:00,varnerrd_to_I10interchange,SB,0.45,0.65,12.5
4/30/2025 9:00,varnerrd_to_I10interchange,SB,0.33,0.53,15.5
4/30/2025 10:00,varnerrd_to_I10interchange,SB,0.33,0.52,15.2
4/30/2025 11:00,varnerrd_to_I10interchange,SB,0.39,0.59,13.3
4/30/2025 12:00,varnerrd_to_I10interchange,SB,0.4,0.59,13.3
4/30/2025 13:00,varnerrd_to_I10interchange,SB,0.34,0.54,15.1
4/30/2025 14:00,varnerrd_to_I10interchange,SB,0.32,0.52,15.3
4/30/2025 15:00,varnerrd_to_I10interchange,SB,0.25,0.45,17.1
4/30/2025 16:00,varnerrd_to_I10interchange,SB,0.3,0.5,15.8
4/30/2025 17:00,varnerrd_to_I10interchange,SB,0.35,0.55,15
4/30/2025 18:00,varnerrd_to_I10interchange,SB,0.26,0.46,16.8
4/30/2025 19:00,varnerrd_to_I10interchange,SB,0.26,0.46,17.5
4/30/2025 20:00,varnerrd_to_I10interchange,SB,0.26,0.46,17.4
4/30/2025 21:00,varnerrd_to_I10interchange,SB,0.36,0.56,13.9
4/30/2025 22:00,varnerrd_to_I10interchange,SB,0.09,0.28,27.5
4/30/2025 23:00,varnerrd_to_I10interchange,SB,0.1,0.3,26.4
5/1/2025 0:00,varnerrd_to_I10interchange,SB,0.09,0.29,27
5/1/2025 1:00,varnerrd_to_I10interchange,SB,0.15,0.34,26.5
5/1/2025 2:00,varnerrd_to_I10interchange,SB,0.03,0.22,34.8
5/1/2025 3:00,varnerrd_to_I10interchange,SB,0.04,0.23,32.3
5/1/2025 4:00,varnerrd_to_I10interchange,SB,0.05,0.24,31.2
5/1/2025 5:00,varnerrd_to_I10interchange,SB,0.15,0.34,23.6
5/1/2025 6:00,varnerrd_to_I10interchange,SB,0.27,0.47,18.2
5/1/2025 7:00,varnerrd_to_I10interchange,SB,0.3,0.5,15.7
5/1/2025 8:00,varnerrd_to_I10interchange,SB,0.31,0.51,15.3
5/1/2025 9:00,varnerrd_to_I10interchange,SB,0.38,0.58,13.7
5/1/2025 10:00,varnerrd_to_I10interchange,SB,0.26,0.46,17.2
5/1/2025 11:00,varnerrd_to_I10interchange,SB,0.27,0.47,16.7
5/1/2025 12:00,varnerrd_to_I10interchange,SB,0.37,0.57,13.4
5/1/2025 13:00,varnerrd_to_I10interchange,SB,0.25,0.45,16.9
5/1/2025 14:00,varnerrd_to_I10interchange,SB,0.3,0.5,15.3
5/1/2025 15:00,varnerrd_to_I10interchange,SB,0.26,0.46,16.9
5/1/2025 16:00,varnerrd_to_I10interchange,SB,0.31,0.51,15.5
5/1/2025 17:00,varnerrd_to_I10interchange,SB,0.44,0.63,12.4
5/1/2025 18:00,varnerrd_to_I10interchange,SB,0.26,0.46,16.8
5/1/2025 19:00,varnerrd_to_I10interchange,SB,0.3,0.5,15.9
5/1/2025 20:00,varnerrd_to_I10interchange,SB,0.33,0.53,16
5/1/2025 21:00,varnerrd_to_I10interchange,SB,0.4,0.6,13.6
5/1/2025 22:00,varnerrd_to_I10interchange,SB,0.21,0.41,20.7
5/1/2025 23:00,varnerrd_to_I10interchange,SB,0.1,0.3,25.9
5/2/2025 0:00,varnerrd_to_I10interchange,SB,0.02,0.2,38.6
5/2/2025 1:00,varnerrd_to_I10interchange,SB,0.03,0.21,36.6
5/2/2025 2:00,varnerrd_to_I10interchange,SB,0.03,0.22,34.3
5/2/2025 3:00,varnerrd_to_I10interchange,SB,0.02,0.22,34.6
5/2/2025 4:00,varnerrd_to_I10interchange,SB,0.15,0.34,23.5
5/2/2025 5:00,varnerrd_to_I10interchange,SB,0.18,0.38,20.4
5/2/2025 6:00,varnerrd_to_I10interchange,SB,0.27,0.46,17
5/2/2025 7:00,varnerrd_to_I10interchange,SB,0.33,0.53,14.6
5/2/2025 8:00,varnerrd_to_I10interchange,SB,0.26,0.46,17.2
5/2/2025 9:00,varnerrd_to_I10interchange,SB,0.29,0.49,15.6
5/2/2025 10:00,varnerrd_to_I10interchange,SB,0.29,0.49,15.4
5/2/2025 11:00,varnerrd_to_I10interchange,SB,0.2,0.4,19.6
5/2/2025 12:00,varnerrd_to_I10interchange,SB,0.33,0.53,14.5
5/2/2025 13:00,varnerrd_to_I10interchange,SB,0.32,0.52,14.6
5/2/2025 14:00,varnerrd_to_I10interchange,SB,0.27,0.47,17
5/2/2025 15:00,varnerrd_to_I10interchange,SB,0.41,0.61,13.3
5/2/2025 16:00,varnerrd_to_I10interchange,SB,0.4,0.59,13.3
5/2/2025 17:00,varnerrd_to_I10interchange,SB,0.43,0.62,12.9
5/2/2025 18:00,varnerrd_to_I10interchange,SB,0.38,0.58,13.8
5/2/2025 19:00,varnerrd_to_I10interchange,SB,0.28,0.48,16.8
5/2/2025 20:00,varnerrd_to_I10interchange,SB,0.39,0.59,13.8
5/2/2025 21:00,varnerrd_to_I10interchange,SB,0.37,0.57,14.3
5/2/2025 22:00,varnerrd_to_I10interchange,SB,0.4,0.6,13.7
5/2/2025 23:00,varnerrd_to_I10interchange,SB,0.18,0.38,21.8
5/3/2025 0:00,varnerrd_to_I10interchange,SB,0.03,0.22,33.8
5/3/2025 1:00,varnerrd_to_I10interchange,SB,0.12,0.32,25.4
5/3/2025 2:00,varnerrd_to_I10interchange,SB,0.05,0.25,30.9
5/3/2025 3:00,varnerrd_to_I10interchange,SB,0.02,0.21,36.5
5/3/2025 4:00,varnerrd_to_I10interchange,SB,0.1,0.29,27.7
5/3/2025 5:00,varnerrd_to_I10interchange,SB,0.12,0.31,27.6
5/3/2025 6:00,varnerrd_to_I10interchange,SB,0.2,0.4,19.9
5/3/2025 7:00,varnerrd_to_I10interchange,SB,0.25,0.45,19.9
5/3/2025 8:00,varnerrd_to_I10interchange,SB,0.31,0.51,14.9
5/3/2025 9:00,varnerrd_to_I10interchange,SB,0.3,0.5,15.8
5/3/2025 10:00,varnerrd_to_I10interchange,SB,0.28,0.48,16.3
5/3/2025 11:00,varnerrd_to_I10interchange,SB,0.28,0.48,16.2
5/3/2025 12:00,varnerrd_to_I10interchange,SB,0.29,0.49,16.9
5/3/2025 13:00,varnerrd_to_I10interchange,SB,0.39,0.59,14.4
5/3/2025 14:00,varnerrd_to_I10interchange,SB,0.28,0.48,16.4
5/3/2025 15:00,varnerrd_to_I10interchange,SB,0.36,0.56,14.7
5/3/2025 16:00,varnerrd_to_I10interchange,SB,0.38,0.58,14
5/3/2025 17:00,varnerrd_to_I10interchange,SB,0.41,0.61,12.8
5/3/2025 18:00,varnerrd_to_I10interchange,SB,0.27,0.47,17.6
5/3/2025 19:00,varnerrd_to_I10interchange,SB,0.29,0.49,17.5
5/3/2025 20:00,varnerrd_to_I10interchange,SB,0.25,0.44,18.5
5/3/2025 21:00,varnerrd_to_I10interchange,SB,0.3,0.5,16.6
5/3/2025 22:00,varnerrd_to_I10interchange,SB,0.17,0.37,21.6
5/3/2025 23:00,varnerrd_to_I10interchange,SB,0.13,0.33,24.3
5/4/2025 0:00,varnerrd_to_I10interchange,SB,0.14,0.34,22.9
5/4/2025 1:00,varnerrd_to_I10interchange,SB,0.13,0.32,24.2
5/4/2025 2:00,varnerrd_to_I10interchange,SB,0.02,0.21,37.3
5/4/2025 3:00,varnerrd_to_I10interchange,SB,0.01,0.19,39.1
5/4/2025 4:00,varnerrd_to_I10interchange,SB,0.01,0.19,39.6
5/4/2025 5:00,varnerrd_to_I10interchange,SB,0.04,0.24,32.8
5/4/2025 6:00,varnerrd_to_I10interchange,SB,0.2,0.4,20
5/4/2025 7:00,varnerrd_to_I10interchange,SB,0.15,0.35,22.9
5/4/2025 8:00,varnerrd_to_I10interchange,SB,0.24,0.44,19.2
5/4/2025 9:00,varnerrd_to_I10interchange,SB,0.23,0.43,19
5/4/2025 10:00,varnerrd_to_I10interchange,SB,0.27,0.47,17.7
5/4/2025 11:00,varnerrd_to_I10interchange,SB,0.3,0.5,16.4
5/4/2025 12:00,varnerrd_to_I10interchange,SB,0.36,0.56,14.5
5/4/2025 13:00,varnerrd_to_I10interchange,SB,0.3,0.5,16.2
5/4/2025 14:00,varnerrd_to_I10interchange,SB,0.33,0.53,15.8
5/4/2025 15:00,varnerrd_to_I10interchange,SB,0.3,0.5,16
5/4/2025 16:00,varnerrd_to_I10interchange,SB,0.27,0.47,17.3
5/4/2025 17:00,varnerrd_to_I10interchange,SB,0.38,0.58,14.1
5/4/2025 18:00,varnerrd_to_I10interchange,SB,0.26,0.46,17.7
5/4/2025 19:00,varnerrd_to_I10interchange,SB,0.18,0.38,21.5
5/4/2025 20:00,varnerrd_to_I10interchange,SB,0.29,0.49,16.7
5/4/2025 21:00,varnerrd_to_I10interchange,SB,0.19,0.39,20.8
5/4/2025 22:00,varnerrd_to_I10interchange,SB,0.2,0.4,20.6
5/4/2025 23:00,varnerrd_to_I10interchange,SB,0.1,0.3,26.3
5/5/2025 0:00,varnerrd_to_I10interchange,SB,0.14,0.33,24.8
5/5/2025 1:00,varnerrd_to_I10interchange,SB,0.04,0.23,32.6
5/5/2025 2:00,varnerrd_to_I10interchange,SB,0.03,0.22,34.5
5/5/2025 3:00,varnerrd_to_I10interchange,SB,0.13,0.32,24.7
5/5/2025 4:00,varnerrd_to_I10interchange,SB,0.08,0.28,28.3
5/5/2025 5:00,varnerrd_to_I10interchange,SB,0.18,0.38,22.7
5/5/2025 6:00,varnerrd_to_I10interchange,SB,0.33,0.52,15.1
5/5/2025 7:00,varnerrd_to_I10interchange,SB,0.33,0.53,15.6
5/5/2025 8:00,varnerrd_to_I10interchange,SB,0.42,0.62,12.9
5/5/2025 9:00,varnerrd_to_I10interchange,SB,0.31,0.5,15.4
5/5/2025 10:00,varnerrd_to_I10interchange,SB,0.26,0.46,17.3
5/5/2025 11:00,varnerrd_to_I10interchange,SB,0.24,0.44,17.6
5/5/2025 12:00,varnerrd_to_I10interchange,SB,0.33,0.53,15.3
5/5/2025 13:00,varnerrd_to_I10interchange,SB,0.23,0.42,18.4
5/5/2025 14:00,varnerrd_to_I10interchange,SB,0.33,0.53,15
5/5/2025 15:00,varnerrd_to_I10interchange,SB,0.35,0.55,14.8
5/5/2025 16:00,varnerrd_to_I10interchange,SB,0.28,0.47,16.5
5/5/2025 17:00,varnerrd_to_I10interchange,SB,0.34,0.54,14.9
5/5/2025 18:00,varnerrd_to_I10interchange,SB,0.38,0.57,13.3
5/5/2025 19:00,varnerrd_to_I10interchange,SB,0.28,0.48,15.7
5/5/2025 20:00,varnerrd_to_I10interchange,SB,0.4,0.6,13.1
5/5/2025 21:00,varnerrd_to_I10interchange,SB,0.14,0.34,22.4
5/5/2025 22:00,varnerrd_to_I10interchange,SB,0.14,0.34,23.5
5/5/2025 23:00,varnerrd_to_I10interchange,SB,0.04,0.23,34
5/6/2025 0:00,varnerrd_to_I10interchange,SB,0.06,0.25,31.7
5/6/2025 1:00,varnerrd_to_I10interchange,SB,0.02,0.19,43.5
5/6/2025 2:00,varnerrd_to_I10interchange,SB,0.03,0.2,40.4
5/6/2025 3:00,varnerrd_to_I10interchange,SB,0.16,0.35,23.1
5/6/2025 4:00,varnerrd_to_I10interchange,SB,0.05,0.24,31.8
5/6/2025 5:00,varnerrd_to_I10interchange,SB,0.12,0.31,25.8
5/6/2025 6:00,varnerrd_to_I10interchange,SB,0.3,0.5,16.2
5/6/2025 7:00,varnerrd_to_I10interchange,SB,0.45,0.65,13
5/6/2025 8:00,varnerrd_to_I10interchange,SB,0.46,0.66,14
5/6/2025 9:00,varnerrd_to_I10interchange,SB,0.3,0.5,15.6
5/6/2025 10:00,varnerrd_to_I10interchange,SB,0.34,0.54,14.7
5/6/2025 11:00,varnerrd_to_I10interchange,SB,0.34,0.54,14.4
5/6/2025 12:00,varnerrd_to_I10interchange,SB,0.24,0.44,17.8
5/6/2025 13:00,varnerrd_to_I10interchange,SB,0.36,0.56,13.7
5/6/2025 14:00,varnerrd_to_I10interchange,SB,0.34,0.54,15.4
5/6/2025 15:00,varnerrd_to_I10interchange,SB,0.28,0.48,16.6
5/6/2025 16:00,varnerrd_to_I10interchange,SB,0.38,0.58,13.8
5/6/2025 17:00,varnerrd_to_I10interchange,SB,0.45,0.65,12.5
5/6/2025 18:00,varnerrd_to_I10interchange,SB,0.41,0.61,13.7
5/6/2025 19:00,varnerrd_to_I10interchange,SB,0.23,0.43,19.4
5/6/2025 20:00,varnerrd_to_I10interchange,SB,0.24,0.44,17.9
5/6/2025 21:00,varnerrd_to_I10interchange,SB,0.24,0.43,18.9
5/6/2025 22:00,varnerrd_to_I10interchange,SB,0.16,0.36,21.6
5/6/2025 23:00,varnerrd_to_I10interchange,SB,0.09,0.29,26.4
5/7/2025 0:00,varnerrd_to_I10interchange,SB,0.07,0.27,28.4
5/7/2025 1:00,varnerrd_to_I10interchange,SB,0.12,0.32,24.6
5/7/2025 2:00,varnerrd_to_I10interchange,SB,0.11,0.31,24.7
5/7/2025 3:00,varnerrd_to_I10interchange,SB,0.08,0.27,29.6
5/7/2025 4:00,varnerrd_to_I10interchange,SB,0.03,0.22,34
5/7/2025 5:00,varnerrd_to_I10interchange,SB,0.2,0.4,19.7
5/7/2025 6:00,varnerrd_to_I10interchange,SB,0.16,0.36,21.8
5/7/2025 7:00,varnerrd_to_I10interchange,SB,0.6,0.8,10.6
5/7/2025 8:00,varnerrd_to_I10interchange,SB,0.55,0.75,11.3
5/7/2025 9:00,varnerrd_to_I10interchange,SB,0.24,0.44,18.3
5/7/2025 10:00,varnerrd_to_I10interchange,SB,0.32,0.52,15.5
5/7/2025 11:00,varnerrd_to_I10interchange,SB,0.3,0.5,16.1
5/7/2025 12:00,varnerrd_to_I10interchange,SB,0.27,0.47,16.3
5/7/2025 13:00,varnerrd_to_I10interchange,SB,0.31,0.51,16.7
5/7/2025 14:00,varnerrd_to_I10interchange,SB,0.35,0.55,14.5
5/7/2025 15:00,varnerrd_to_I10interchange,SB,0.32,0.52,15.5
5/7/2025 16:00,varnerrd_to_I10interchange,SB,0.27,0.47,16.4
5/7/2025 17:00,varnerrd_to_I10interchange,SB,0.34,0.53,15.7
5/7/2025 18:00,varnerrd_to_I10interchange,SB,0.37,0.57,14.5
5/7/2025 19:00,varnerrd_to_I10interchange,SB,0.29,0.49,15.6
5/7/2025 20:00,varnerrd_to_I10interchange,SB,0.36,0.56,13.6
5/7/2025 21:00,varnerrd_to_I10interchange,SB,0.22,0.42,18.4
5/7/2025 22:00,varnerrd_to_I10interchange,SB,0.24,0.43,18.9
5/7/2025 23:00,varnerrd_to_I10interchange,SB,0.18,0.38,21
5/8/2025 0:00,varnerrd_to_I10interchange,SB,0.15,0.35,24.9
5/8/2025 1:00,varnerrd_to_I10interchange,SB,0.08,0.28,27.9
5/8/2025 2:00,varnerrd_to_I10interchange,SB,0.03,0.22,36.6
5/8/2025 3:00,varnerrd_to_I10interchange,SB,0.1,0.29,26.3
5/8/2025 4:00,varnerrd_to_I10interchange,SB,0.12,0.32,23.8
5/8/2025 5:00,varnerrd_to_I10interchange,SB,0.23,0.43,18.4
5/8/2025 6:00,varnerrd_to_I10interchange,SB,0.33,0.53,15
5/8/2025 7:00,varnerrd_to_I10interchange,SB,0.34,0.54,15.4
5/8/2025 8:00,varnerrd_to_I10interchange,SB,0.28,0.47,16.2
5/8/2025 9:00,varnerrd_to_I10interchange,SB,0.37,0.57,14.5
5/8/2025 10:00,varnerrd_to_I10interchange,SB,0.28,0.48,16.2
5/8/2025 11:00,varnerrd_to_I10interchange,SB,0.38,0.58,13.3
5/8/2025 12:00,varnerrd_to_I10interchange,SB,0.27,0.47,16.5
5/8/2025 13:00,varnerrd_to_I10interchange,SB,0.3,0.5,15.3
5/8/2025 14:00,varnerrd_to_I10interchange,SB,0.29,0.49,15.8
5/8/2025 15:00,varnerrd_to_I10interchange,SB,0.27,0.47,16.9
5/8/2025 16:00,varnerrd_to_I10interchange,SB,0.27,0.47,16.8
5/8/2025 17:00,varnerrd_to_I10interchange,SB,0.26,0.46,17.3
5/8/2025 18:00,varnerrd_to_I10interchange,SB,0.27,0.47,17
5/8/2025 19:00,varnerrd_to_I10interchange,SB,0.28,0.48,16.4
5/8/2025 20:00,varnerrd_to_I10interchange,SB,0.46,0.66,12.7
5/8/2025 21:00,varnerrd_to_I10interchange,SB,0.25,0.45,17.1
5/8/2025 22:00,varnerrd_to_I10interchange,SB,0.19,0.39,20.4
5/8/2025 23:00,varnerrd_to_I10interchange,SB,0.11,0.31,26.8
5/9/2025 0:00,varnerrd_to_I10interchange,SB,0.15,0.35,23.2
5/9/2025 1:00,varnerrd_to_I10interchange,SB,0.05,0.25,30.9
5/9/2025 2:00,varnerrd_to_I10interchange,SB,0.08,0.28,28.6
5/9/2025 3:00,varnerrd_to_I10interchange,SB,0.06,0.24,34.7
5/9/2025 4:00,varnerrd_to_I10interchange,SB,0.14,0.34,23.7
5/9/2025 5:00,varnerrd_to_I10interchange,SB,0.24,0.44,18.7
5/9/2025 6:00,varnerrd_to_I10interchange,SB,0.35,0.55,15.7
5/9/2025 7:00,varnerrd_to_I10interchange,SB,0.37,0.57,14.2
5/9/2025 8:00,varnerrd_to_I10interchange,SB,0.31,0.51,16
5/9/2025 9:00,varnerrd_to_I10interchange,SB,0.31,0.51,15.5
5/9/2025 10:00,varnerrd_to_I10interchange,SB,0.24,0.44,18.3
5/9/2025 11:00,varnerrd_to_I10interchange,SB,0.28,0.48,16.9
5/9/2025 12:00,varnerrd_to_I10interchange,SB,0.35,0.55,14.4
5/9/2025 13:00,varnerrd_to_I10interchange,SB,0.39,0.58,13.2
5/9/2025 14:00,varnerrd_to_I10interchange,SB,0.36,0.56,16.3
5/9/2025 15:00,varnerrd_to_I10interchange,SB,0.24,0.44,17.8
5/9/2025 16:00,varnerrd_to_I10interchange,SB,0.34,0.54,14.5
5/9/2025 17:00,varnerrd_to_I10interchange,SB,0.37,0.57,14.1
5/9/2025 18:00,varnerrd_to_I10interchange,SB,0.34,0.54,14.9
5/9/2025 19:00,varnerrd_to_I10interchange,SB,0.16,0.36,23.2
5/9/2025 20:00,varnerrd_to_I10interchange,SB,0.43,0.63,12
5/9/2025 21:00,varnerrd_to_I10interchange,SB,0.21,0.41,19.3
5/9/2025 22:00,varnerrd_to_I10interchange,SB,0.36,0.56,14.3
5/9/2025 23:00,varnerrd_to_I10interchange,SB,0.15,0.35,22.3
5/10/2025 0:00,varnerrd_to_I10interchange,SB,0.15,0.34,22.9
5/10/2025 1:00,varnerrd_to_I10interchange,SB,0.03,0.22,33.8
5/10/2025 2:00,varnerrd_to_I10interchange,SB,0.07,0.26,30.9
5/10/2025 3:00,varnerrd_to_I10interchange,SB,0.01,0.18,42.2
5/10/2025 4:00,varnerrd_to_I10interchange,SB,0.09,0.28,27.4
5/10/2025 5:00,varnerrd_to_I10interchange,SB,0.12,0.31,25.1
5/10/2025 6:00,varnerrd_to_I10interchange,SB,0.16,0.36,22.7
5/10/2025 7:00,varnerrd_to_I10interchange,SB,0.41,0.61,13.2
5/10/2025 8:00,varnerrd_to_I10interchange,SB,0.25,0.45,18.5
5/10/2025 9:00,varnerrd_to_I10interchange,SB,0.33,0.53,15.4
5/10/2025 10:00,varnerrd_to_I10interchange,SB,0.36,0.56,13.9
5/10/2025 11:00,varnerrd_to_I10interchange,SB,0.36,0.56,13.7
5/10/2025 12:00,varnerrd_to_I10interchange,SB,0.33,0.53,15.5
5/10/2025 13:00,varnerrd_to_I10interchange,SB,0.34,0.53,14.7
5/10/2025 14:00,varnerrd_to_I10interchange,SB,0.32,0.52,15.8
5/10/2025 15:00,varnerrd_to_I10interchange,SB,0.25,0.45,17.3
5/10/2025 16:00,varnerrd_to_I10interchange,SB,0.32,0.52,15.3
5/10/2025 17:00,varnerrd_to_I10interchange,SB,0.38,0.58,14.7
5/10/2025 18:00,varnerrd_to_I10interchange,SB,0.24,0.44,18.5
5/10/2025 19:00,varnerrd_to_I10interchange,SB,0.18,0.38,20.8
5/10/2025 20:00,varnerrd_to_I10interchange,SB,0.29,0.49,17.1
5/10/2025 21:00,varnerrd_to_I10interchange,SB,0.29,0.49,17.3
5/10/2025 22:00,varnerrd_to_I10interchange,SB,0.22,0.42,18.7
5/10/2025 23:00,varnerrd_to_I10interchange,SB,0.22,0.42,19.4
5/11/2025 0:00,varnerrd_to_I10interchange,SB,0.19,0.39,20.7
5/11/2025 1:00,varnerrd_to_I10interchange,SB,0.11,0.3,25.7
5/11/2025 2:00,varnerrd_to_I10interchange,SB,0.12,0.32,26.1
5/11/2025 3:00,varnerrd_to_I10interchange,SB,0.03,0.23,32.8
5/11/2025 4:00,varnerrd_to_I10interchange,SB,0.08,0.27,30
5/11/2025 5:00,varnerrd_to_I10interchange,SB,0.2,0.39,21.4
5/11/2025 6:00,varnerrd_to_I10interchange,SB,0.22,0.42,19.5
5/11/2025 7:00,varnerrd_to_I10interchange,SB,0.3,0.5,17.1
5/11/2025 8:00,varnerrd_to_I10interchange,SB,0.26,0.46,17.8
5/11/2025 9:00,varnerrd_to_I10interchange,SB,0.24,0.44,17.9
5/11/2025 10:00,varnerrd_to_I10interchange,SB,0.27,0.47,17.9
5/11/2025 11:00,varnerrd_to_I10interchange,SB,0.3,0.5,15.8
5/11/2025 12:00,varnerrd_to_I10interchange,SB,0.3,0.5,15.8
5/11/2025 13:00,varnerrd_to_I10interchange,SB,0.27,0.47,16.5
5/11/2025 14:00,varnerrd_to_I10interchange,SB,0.37,0.57,14.1
5/11/2025 15:00,varnerrd_to_I10interchange,SB,0.37,0.57,13.7
5/11/2025 16:00,varnerrd_to_I10interchange,SB,0.31,0.51,15.8
5/11/2025 17:00,varnerrd_to_I10interchange,SB,0.41,0.61,12.8
5/11/2025 18:00,varnerrd_to_I10interchange,SB,0.26,0.46,17.6
5/11/2025 19:00,varnerrd_to_I10interchange,SB,0.23,0.43,18.5
5/11/2025 20:00,varnerrd_to_I10interchange,SB,0.24,0.44,17.8
5/11/2025 21:00,varnerrd_to_I10interchange,SB,0.24,0.44,18.6
5/11/2025 22:00,varnerrd_to_I10interchange,SB,0.27,0.47,17.1
5/11/2025 23:00,varnerrd_to_I10interchange,SB,0.12,0.32,25.2
5/12/2025 0:00,varnerrd_to_I10interchange,SB,0.07,0.27,28.2
5/12/2025 1:00,varnerrd_to_I10interchange,SB,0.02,0.2,38.1
5/12/2025 2:00,varnerrd_to_I10interchange,SB,0,0.17,44
5/12/2025 3:00,varnerrd_to_I10interchange,SB,0.01,0.19,40.7
5/12/2025 4:00,varnerrd_to_I10interchange,SB,0.06,0.25,31.1
5/12/2025 5:00,varnerrd_to_I10interchange,SB,0.16,0.35,22.4
5/12/2025 6:00,varnerrd_to_I10interchange,SB,0.34,0.54,14.7
5/12/2025 7:00,varnerrd_to_I10interchange,SB,0.44,0.64,12.5
5/12/2025 8:00,varnerrd_to_I10interchange,SB,0.43,0.63,12.5
5/12/2025 9:00,varnerrd_to_I10interchange,SB,0.29,0.48,16.3
5/12/2025 10:00,varnerrd_to_I10interchange,SB,0.26,0.46,18.1
5/12/2025 11:00,varnerrd_to_I10interchange,SB,0.33,0.53,14.8
5/12/2025 12:00,varnerrd_to_I10interchange,SB,0.29,0.49,16.5
5/12/2025 13:00,varnerrd_to_I10interchange,SB,0.3,0.5,15.7
5/12/2025 14:00,varnerrd_to_I10interchange,SB,0.41,0.61,12.9
5/12/2025 15:00,varnerrd_to_I10interchange,SB,0.47,0.67,11.6
5/12/2025 16:00,varnerrd_to_I10interchange,SB,0.33,0.53,15.7
5/12/2025 17:00,varnerrd_to_I10interchange,SB,0.32,0.52,15.2
5/12/2025 18:00,varnerrd_to_I10interchange,SB,0.33,0.53,15.3
5/12/2025 19:00,varnerrd_to_I10interchange,SB,0.14,0.34,22.7
5/12/2025 20:00,varnerrd_to_I10interchange,SB,0.2,0.4,20.8
5/12/2025 21:00,varnerrd_to_I10interchange,SB,0.25,0.45,17
5/12/2025 22:00,varnerrd_to_I10interchange,SB,0.21,0.4,19.8
5/12/2025 23:00,varnerrd_to_I10interchange,SB,0.1,0.3,26
5/13/2025 0:00,varnerrd_to_I10interchange,SB,0.04,0.23,34.7
5/13/2025 1:00,varnerrd_to_I10interchange,SB,0.01,0.2,36.7
5/13/2025 2:00,varnerrd_to_I10interchange,SB,0.01,0.2,37
5/13/2025 3:00,varnerrd_to_I10interchange,SB,0.03,0.22,35.4
5/13/2025 4:00,varnerrd_to_I10interchange,SB,0.04,0.24,32.5
5/13/2025 5:00,varnerrd_to_I10interchange,SB,0.13,0.33,25.4
5/13/2025 6:00,varnerrd_to_I10interchange,SB,0.27,0.47,18.6
5/13/2025 7:00,varnerrd_to_I10interchange,SB,0.36,0.56,13.7
5/13/2025 8:00,varnerrd_to_I10interchange,SB,0.3,0.5,15.3
5/13/2025 9:00,varnerrd_to_I10interchange,SB,0.36,0.56,14.4
5/13/2025 10:00,varnerrd_to_I10interchange,SB,0.35,0.55,14.8
5/13/2025 11:00,varnerrd_to_I10interchange,SB,0.2,0.4,20.1
5/13/2025 12:00,varnerrd_to_I10interchange,SB,0.28,0.48,16.3
5/13/2025 13:00,varnerrd_to_I10interchange,SB,0.27,0.47,16.1
5/13/2025 14:00,varnerrd_to_I10interchange,SB,0.24,0.44,18
5/13/2025 15:00,varnerrd_to_I10interchange,SB,0.25,0.45,17.9
5/13/2025 16:00,varnerrd_to_I10interchange,SB,0.32,0.52,15.1
5/13/2025 17:00,varnerrd_to_I10interchange,SB,0.29,0.49,16.2
5/13/2025 18:00,varnerrd_to_I10interchange,SB,0.39,0.59,13
5/13/2025 19:00,varnerrd_to_I10interchange,SB,0.29,0.48,16.8
5/13/2025 20:00,varnerrd_to_I10interchange,SB,0.27,0.47,17.4
5/13/2025 21:00,varnerrd_to_I10interchange,SB,0.14,0.34,23.3
5/13/2025 22:00,varnerrd_to_I10interchange,SB,0.25,0.44,17.5
5/13/2025 23:00,varnerrd_to_I10interchange,SB,0.18,0.38,21.5
5/14/2025 0:00,varnerrd_to_I10interchange,SB,0.02,0.21,36.8
5/14/2025 1:00,varnerrd_to_I10interchange,SB,0.01,0.2,37.7
5/14/2025 2:00,varnerrd_to_I10interchange,SB,0,0.18,42.8
5/14/2025 3:00,varnerrd_to_I10interchange,SB,0.05,0.23,34
5/14/2025 4:00,varnerrd_to_I10interchange,SB,0.09,0.29,26.8
5/14/2025 5:00,varnerrd_to_I10interchange,SB,0.14,0.34,23.5
5/14/2025 6:00,varnerrd_to_I10interchange,SB,0.26,0.46,17.2
5/14/2025 7:00,varnerrd_to_I10interchange,SB,0.35,0.55,14.3
5/14/2025 8:00,varnerrd_to_I10interchange,SB,0.46,0.66,13.1
5/14/2025 9:00,varnerrd_to_I10interchange,SB,0.3,0.5,16.9
5/14/2025 10:00,varnerrd_to_I10interchange,SB,0.25,0.45,18.2
5/14/2025 11:00,varnerrd_to_I10interchange,SB,0.27,0.46,17.1
5/14/2025 12:00,varnerrd_to_I10interchange,SB,0.21,0.41,19
5/14/2025 13:00,varnerrd_to_I10interchange,SB,0.28,0.48,17
5/14/2025 14:00,varnerrd_to_I10interchange,SB,0.37,0.56,13.7
5/14/2025 15:00,varnerrd_to_I10interchange,SB,0.21,0.41,18.8
5/14/2025 16:00,varnerrd_to_I10interchange,SB,0.35,0.54,14.8
5/14/2025 17:00,varnerrd_to_I10interchange,SB,0.31,0.51,15.5
5/14/2025 18:00,varnerrd_to_I10interchange,SB,0.34,0.53,14.8
5/14/2025 19:00,varnerrd_to_I10interchange,SB,0.22,0.42,18
5/14/2025 20:00,varnerrd_to_I10interchange,SB,0.3,0.5,17.1
5/14/2025 21:00,varnerrd_to_I10interchange,SB,0.27,0.47,17.9
5/14/2025 22:00,varnerrd_to_I10interchange,SB,0.13,0.33,26
5/14/2025 23:00,varnerrd_to_I10interchange,SB,0.05,0.25,31.3
5/15/2025 0:00,varnerrd_to_I10interchange,SB,0.09,0.29,28.3
5/15/2025 1:00,varnerrd_to_I10interchange,SB,0.04,0.24,31.8
5/15/2025 2:00,varnerrd_to_I10interchange,SB,0.02,0.21,35.8
5/15/2025 3:00,varnerrd_to_I10interchange,SB,0.02,0.21,35.7
5/15/2025 4:00,varnerrd_to_I10interchange,SB,0.09,0.28,28.1
5/15/2025 5:00,varnerrd_to_I10interchange,SB,0.27,0.47,17.2
5/15/2025 6:00,varnerrd_to_I10interchange,SB,0.21,0.41,19
5/15/2025 7:00,varnerrd_to_I10interchange,SB,0.33,0.53,14.8
5/15/2025 8:00,varnerrd_to_I10interchange,SB,0.34,0.54,14.4
5/15/2025 9:00,varnerrd_to_I10interchange,SB,0.38,0.58,13.8
5/15/2025 10:00,varnerrd_to_I10interchange,SB,0.33,0.53,14.6
5/15/2025 11:00,varnerrd_to_I10interchange,SB,0.22,0.42,18.7
5/15/2025 12:00,varnerrd_to_I10interchange,SB,0.37,0.57,13.5
5/15/2025 13:00,varnerrd_to_I10interchange,SB,0.29,0.49,15.8
5/15/2025 14:00,varnerrd_to_I10interchange,SB,0.4,0.6,13.5
5/15/2025 15:00,varnerrd_to_I10interchange,SB,0.4,0.6,13.7
5/15/2025 16:00,varnerrd_to_I10interchange,SB,0.23,0.43,18.3
5/15/2025 17:00,varnerrd_to_I10interchange,SB,0.38,0.58,13.7
5/15/2025 18:00,varnerrd_to_I10interchange,SB,0.45,0.65,12.4
5/15/2025 19:00,varnerrd_to_I10interchange,SB,0.21,0.41,18.8
5/15/2025 20:00,varnerrd_to_I10interchange,SB,0.38,0.58,13.7
5/15/2025 21:00,varnerrd_to_I10interchange,SB,0.22,0.42,19.7
5/15/2025 22:00,varnerrd_to_I10interchange,SB,0.24,0.44,18.6
5/15/2025 23:00,varnerrd_to_I10interchange,SB,0.18,0.37,20.8
5/16/2025 0:00,varnerrd_to_I10interchange,SB,0.09,0.29,26.6
5/16/2025 1:00,varnerrd_to_I10interchange,SB,0.09,0.28,27.6
5/16/2025 2:00,varnerrd_to_I10interchange,SB,0.05,0.23,34.1
5/16/2025 3:00,varnerrd_to_I10interchange,SB,0.04,0.22,34.1
5/16/2025 4:00,varnerrd_to_I10interchange,SB,0.05,0.24,31.1
5/16/2025 5:00,varnerrd_to_I10interchange,SB,0.17,0.36,26.8
5/16/2025 6:00,varnerrd_to_I10interchange,SB,0.19,0.39,19.9
5/16/2025 7:00,varnerrd_to_I10interchange,SB,0.32,0.52,15.5
5/16/2025 8:00,varnerrd_to_I10interchange,SB,0.32,0.52,15.5
5/16/2025 9:00,varnerrd_to_I10interchange,SB,0.26,0.46,17.2
5/16/2025 10:00,varnerrd_to_I10interchange,SB,0.24,0.43,17.7
5/16/2025 11:00,varnerrd_to_I10interchange,SB,0.28,0.48,16.9
5/16/2025 12:00,varnerrd_to_I10interchange,SB,0.31,0.51,15.6
5/16/2025 13:00,varnerrd_to_I10interchange,SB,0.32,0.52,14.9
5/16/2025 14:00,varnerrd_to_I10interchange,SB,0.32,0.52,15.2
5/16/2025 15:00,varnerrd_to_I10interchange,SB,0.3,0.5,15.7
5/16/2025 16:00,varnerrd_to_I10interchange,SB,0.32,0.52,15.4
5/16/2025 17:00,varnerrd_to_I10interchange,SB,0.25,0.45,17.5
5/16/2025 18:00,varnerrd_to_I10interchange,SB,0.32,0.52,16
5/16/2025 19:00,varnerrd_to_I10interchange,SB,0.24,0.44,17.8
5/16/2025 20:00,varnerrd_to_I10interchange,SB,0.35,0.55,14.5
5/16/2025 21:00,varnerrd_to_I10interchange,SB,0.33,0.53,14.4
5/16/2025 22:00,varnerrd_to_I10interchange,SB,0.27,0.47,17.2
5/16/2025 23:00,varnerrd_to_I10interchange,SB,0.22,0.42,19.2
5/17/2025 0:00,varnerrd_to_I10interchange,SB,0.26,0.46,18
5/17/2025 1:00,varnerrd_to_I10interchange,SB,0.02,0.22,35.3
5/17/2025 2:00,varnerrd_to_I10interchange,SB,0.04,0.23,32.3
5/17/2025 3:00,varnerrd_to_I10interchange,SB,0.03,0.22,35.4
5/17/2025 4:00,varnerrd_to_I10interchange,SB,0.03,0.22,34.7
5/17/2025 5:00,varnerrd_to_I10interchange,SB,0.15,0.34,27.3
5/17/2025 6:00,varnerrd_to_I10interchange,SB,0.33,0.53,15.9
5/17/2025 7:00,varnerrd_to_I10interchange,SB,0.32,0.52,14.9
5/17/2025 8:00,varnerrd_to_I10interchange,SB,0.25,0.45,17.7
5/17/2025 9:00,varnerrd_to_I10interchange,SB,0.39,0.59,14.3
5/17/2025 10:00,varnerrd_to_I10interchange,SB,0.44,0.64,12.2
5/17/2025 11:00,varnerrd_to_I10interchange,SB,0.31,0.5,15.3
5/17/2025 12:00,varnerrd_to_I10interchange,SB,0.3,0.5,16.1
5/17/2025 13:00,varnerrd_to_I10interchange,SB,0.25,0.44,18
5/17/2025 14:00,varnerrd_to_I10interchange,SB,0.26,0.46,17.4
5/17/2025 15:00,varnerrd_to_I10interchange,SB,0.41,0.61,13.4
5/17/2025 16:00,varnerrd_to_I10interchange,SB,0.35,0.55,16.1
5/17/2025 17:00,varnerrd_to_I10interchange,SB,0.31,0.5,16
5/17/2025 18:00,varnerrd_to_I10interchange,SB,0.29,0.49,18
5/17/2025 19:00,varnerrd_to_I10interchange,SB,0.23,0.43,19.1
5/17/2025 20:00,varnerrd_to_I10interchange,SB,0.3,0.5,18
5/17/2025 21:00,varnerrd_to_I10interchange,SB,0.26,0.46,17.3
5/17/2025 22:00,varnerrd_to_I10interchange,SB,0.26,0.46,17.6
5/17/2025 23:00,varnerrd_to_I10interchange,SB,0.3,0.5,17
5/18/2025 0:00,varnerrd_to_I10interchange,SB,0.22,0.42,18.9
5/18/2025 1:00,varnerrd_to_I10interchange,SB,0.08,0.28,27.9
5/18/2025 2:00,varnerrd_to_I10interchange,SB,0.02,0.21,36.1
5/18/2025 3:00,varnerrd_to_I10interchange,SB,0.02,0.21,36.7
5/18/2025 4:00,varnerrd_to_I10interchange,SB,0.05,0.25,31.2
5/18/2025 5:00,varnerrd_to_I10interchange,SB,0.12,0.31,27.4
5/18/2025 6:00,varnerrd_to_I10interchange,SB,0.37,0.56,15.1
5/18/2025 7:00,varnerrd_to_I10interchange,SB,0.16,0.36,22.9
5/18/2025 8:00,varnerrd_to_I10interchange,SB,0.23,0.43,19
5/18/2025 9:00,varnerrd_to_I10interchange,SB,0.22,0.42,20.4
5/18/2025 10:00,varnerrd_to_I10interchange,SB,0.27,0.47,17
5/18/2025 11:00,varnerrd_to_I10interchange,SB,0.3,0.5,15.8
5/18/2025 12:00,varnerrd_to_I10interchange,SB,0.31,0.51,15.3
5/18/2025 13:00,varnerrd_to_I10interchange,SB,0.35,0.55,13.8
5/18/2025 14:00,varnerrd_to_I10interchange,SB,0.24,0.44,17.4
5/18/2025 15:00,varnerrd_to_I10interchange,SB,0.34,0.54,15.3
5/18/2025 16:00,varnerrd_to_I10interchange,SB,0.32,0.52,15
5/18/2025 17:00,varnerrd_to_I10interchange,SB,0.26,0.46,17.6
5/18/2025 18:00,varnerrd_to_I10interchange,SB,0.32,0.52,15.7
5/18/2025 19:00,varnerrd_to_I10interchange,SB,0.27,0.47,17
5/18/2025 20:00,varnerrd_to_I10interchange,SB,0.16,0.36,22.3
5/18/2025 21:00,varnerrd_to_I10interchange,SB,0.17,0.37,21.4
5/18/2025 22:00,varnerrd_to_I10interchange,SB,0.18,0.38,20.8
5/18/2025 23:00,varnerrd_to_I10interchange,SB,0.28,0.47,16.8
5/19/2025 0:00,varnerrd_to_I10interchange,SB,0.08,0.27,27.7
5/19/2025 1:00,varnerrd_to_I10interchange,SB,0.06,0.26,30.5
5/19/2025 2:00,varnerrd_to_I10interchange,SB,0.05,0.25,30.8
5/19/2025 3:00,varnerrd_to_I10interchange,SB,0.01,0.19,40.3
5/19/2025 4:00,varnerrd_to_I10interchange,SB,0.04,0.23,33.2
5/19/2025 5:00,varnerrd_to_I10interchange,SB,0.19,0.39,21
5/19/2025 6:00,varnerrd_to_I10interchange,SB,0.24,0.44,18
5/19/2025 7:00,varnerrd_to_I10interchange,SB,0.23,0.43,18.3
5/19/2025 8:00,varnerrd_to_I10interchange,SB,0.29,0.49,16.1
5/19/2025 9:00,varnerrd_to_I10interchange,SB,0.29,0.48,16.9
5/19/2025 10:00,varnerrd_to_I10interchange,SB,0.41,0.61,12.9
5/19/2025 11:00,varnerrd_to_I10interchange,SB,0.32,0.52,15
5/19/2025 12:00,varnerrd_to_I10interchange,SB,0.33,0.53,15.2
5/19/2025 13:00,varnerrd_to_I10interchange,SB,0.23,0.43,18.6
5/19/2025 14:00,varnerrd_to_I10interchange,SB,0.26,0.46,17.2
5/19/2025 15:00,varnerrd_to_I10interchange,SB,0.32,0.52,15.1
5/19/2025 16:00,varnerrd_to_I10interchange,SB,0.29,0.49,16.2
5/19/2025 17:00,varnerrd_to_I10interchange,SB,0.32,0.52,15.1
5/19/2025 18:00,varnerrd_to_I10interchange,SB,0.43,0.62,12.3
5/19/2025 19:00,varnerrd_to_I10interchange,SB,0.2,0.4,19.3
5/19/2025 20:00,varnerrd_to_I10interchange,SB,0.15,0.35,22.9
5/19/2025 21:00,varnerrd_to_I10interchange,SB,0.16,0.36,22.8
5/19/2025 22:00,varnerrd_to_I10interchange,SB,0.11,0.31,24.8
5/19/2025 23:00,varnerrd_to_I10interchange,SB,0.13,0.33,22.9
5/20/2025 0:00,varnerrd_to_I10interchange,SB,0.04,0.24,32.2
5/20/2025 1:00,varnerrd_to_I10interchange,SB,0.05,0.24,33.5
5/20/2025 2:00,varnerrd_to_I10interchange,SB,0.02,0.21,36.3
5/20/2025 3:00,varnerrd_to_I10interchange,SB,0.04,0.23,33.8
5/20/2025 4:00,varnerrd_to_I10interchange,SB,0.05,0.25,30.9
5/20/2025 5:00,varnerrd_to_I10interchange,SB,0.11,0.31,25.9
5/20/2025 6:00,varnerrd_to_I10interchange,SB,0.26,0.46,17.6
5/20/2025 7:00,varnerrd_to_I10interchange,SB,0.34,0.54,15
5/20/2025 8:00,varnerrd_to_I10interchange,SB,0.3,0.49,15.4
5/20/2025 9:00,varnerrd_to_I10interchange,SB,0.33,0.53,14.8
5/20/2025 10:00,varnerrd_to_I10interchange,SB,0.29,0.48,16
5/20/2025 11:00,varnerrd_to_I10interchange,SB,0.27,0.47,17.3
5/20/2025 12:00,varnerrd_to_I10interchange,SB,0.25,0.45,17.5
5/20/2025 13:00,varnerrd_to_I10interchange,SB,0.23,0.43,18.2
5/20/2025 14:00,varnerrd_to_I10interchange,SB,0.3,0.5,15.5
5/20/2025 15:00,varnerrd_to_I10interchange,SB,0.28,0.48,16.2
5/20/2025 16:00,varnerrd_to_I10interchange,SB,0.35,0.55,13.9
5/20/2025 17:00,varnerrd_to_I10interchange,SB,0.33,0.53,14.8
5/20/2025 18:00,varnerrd_to_I10interchange,SB,0.31,0.51,16.4
5/20/2025 19:00,varnerrd_to_I10interchange,SB,0.22,0.42,19.4
5/20/2025 20:00,varnerrd_to_I10interchange,SB,0.21,0.41,19.3
5/20/2025 21:00,varnerrd_to_I10interchange,SB,0.17,0.37,20.8
5/20/2025 22:00,varnerrd_to_I10interchange,SB,0.15,0.35,23
5/20/2025 23:00,varnerrd_to_I10interchange,SB,0.12,0.32,24.1
5/21/2025 0:00,varnerrd_to_I10interchange,SB,0.03,0.22,34.6
5/21/2025 1:00,varnerrd_to_I10interchange,SB,0.1,0.3,27.8
5/21/2025 2:00,varnerrd_to_I10interchange,SB,0.05,0.24,30.8
5/21/2025 3:00,varnerrd_to_I10interchange,SB,0.11,0.31,25.5
5/21/2025 4:00,varnerrd_to_I10interchange,SB,0.11,0.31,24.8
5/21/2025 5:00,varnerrd_to_I10interchange,SB,0.19,0.38,20.7
5/21/2025 6:00,varnerrd_to_I10interchange,SB,0.22,0.42,18.9
5/21/2025 7:00,varnerrd_to_I10interchange,SB,0.34,0.54,14.4
5/21/2025 8:00,varnerrd_to_I10interchange,SB,0.38,0.58,13.3
5/21/2025 9:00,varnerrd_to_I10interchange,SB,0.33,0.53,15.1
5/21/2025 10:00,varnerrd_to_I10interchange,SB,0.33,0.53,14.7
5/21/2025 11:00,varnerrd_to_I10interchange,SB,0.22,0.42,18.7
5/21/2025 12:00,varnerrd_to_I10interchange,SB,0.27,0.47,17.1
5/21/2025 13:00,varnerrd_to_I10interchange,SB,0.29,0.49,16.5
5/21/2025 14:00,varnerrd_to_I10interchange,SB,0.34,0.54,15.2
5/21/2025 15:00,varnerrd_to_I10interchange,SB,0.3,0.5,16.6
5/21/2025 16:00,varnerrd_to_I10interchange,SB,0.32,0.52,15.8
5/21/2025 17:00,varnerrd_to_I10interchange,SB,0.36,0.56,14
5/21/2025 18:00,varnerrd_to_I10interchange,SB,0.32,0.52,15.7
5/21/2025 19:00,varnerrd_to_I10interchange,SB,0.29,0.49,15.9
5/21/2025 20:00,varnerrd_to_I10interchange,SB,0.24,0.44,18.1
5/21/2025 21:00,varnerrd_to_I10interchange,SB,0.2,0.4,20
5/21/2025 22:00,varnerrd_to_I10interchange,SB,0.29,0.49,18.1
5/21/2025 23:00,varnerrd_to_I10interchange,SB,0.1,0.29,25.8
5/22/2025 0:00,varnerrd_to_I10interchange,SB,0.08,0.28,27.2
5/22/2025 1:00,varnerrd_to_I10interchange,SB,0.04,0.23,34
5/22/2025 2:00,varnerrd_to_I10interchange,SB,0.05,0.24,31.9
5/22/2025 3:00,varnerrd_to_I10interchange,SB,0.04,0.23,35
5/22/2025 4:00,varnerrd_to_I10interchange,SB,0.07,0.26,31.9
5/22/2025 5:00,varnerrd_to_I10interchange,SB,0.21,0.41,20.2
5/22/2025 6:00,varnerrd_to_I10interchange,SB,0.28,0.48,16.7
5/22/2025 7:00,varnerrd_to_I10interchange,SB,0.41,0.61,13.4
5/22/2025 8:00,varnerrd_to_I10interchange,SB,0.32,0.52,15.5
5/22/2025 9:00,varnerrd_to_I10interchange,SB,0.33,0.53,14.6
5/22/2025 10:00,varnerrd_to_I10interchange,SB,0.3,0.5,16
5/22/2025 11:00,varnerrd_to_I10interchange,SB,0.34,0.54,15.1
5/22/2025 12:00,varnerrd_to_I10interchange,SB,0.33,0.53,14.6
5/22/2025 13:00,varnerrd_to_I10interchange,SB,0.25,0.45,18
5/22/2025 14:00,varnerrd_to_I10interchange,SB,0.35,0.55,14.6
5/22/2025 15:00,varnerrd_to_I10interchange,SB,0.31,0.51,15.5
5/22/2025 16:00,varnerrd_to_I10interchange,SB,0.27,0.47,16.9
5/22/2025 17:00,varnerrd_to_I10interchange,SB,0.29,0.49,16.7
5/22/2025 18:00,varnerrd_to_I10interchange,SB,0.35,0.55,14.7
5/22/2025 19:00,varnerrd_to_I10interchange,SB,0.25,0.45,17.9
5/22/2025 20:00,varnerrd_to_I10interchange,SB,0.41,0.6,13.3
5/22/2025 21:00,varnerrd_to_I10interchange,SB,0.35,0.55,15.6
5/22/2025 22:00,varnerrd_to_I10interchange,SB,0.2,0.39,22.7
5/22/2025 23:00,varnerrd_to_I10interchange,SB,0.08,0.27,28.5
5/23/2025 0:00,varnerrd_to_I10interchange,SB,0.06,0.25,30.7
5/23/2025 1:00,varnerrd_to_I10interchange,SB,0,0.19,39.8
5/23/2025 2:00,varnerrd_to_I10interchange,SB,0.04,0.24,32.3
5/23/2025 3:00,varnerrd_to_I10interchange,SB,0.03,0.21,36.1
5/23/2025 4:00,varnerrd_to_I10interchange,SB,0.09,0.28,27.4
5/23/2025 5:00,varnerrd_to_I10interchange,SB,0.08,0.28,28.2
5/23/2025 6:00,varnerrd_to_I10interchange,SB,0.28,0.48,17.7
5/23/2025 7:00,varnerrd_to_I10interchange,SB,0.33,0.53,15.2
5/23/2025 8:00,varnerrd_to_I10interchange,SB,0.31,0.51,15.7
5/23/2025 9:00,varnerrd_to_I10interchange,SB,0.33,0.53,15.5
5/23/2025 10:00,varnerrd_to_I10interchange,SB,0.27,0.47,17.3
5/23/2025 11:00,varnerrd_to_I10interchange,SB,0.31,0.51,15.3
5/23/2025 12:00,varnerrd_to_I10interchange,SB,0.32,0.52,15.6
5/23/2025 13:00,varnerrd_to_I10interchange,SB,0.29,0.49,15.8
5/23/2025 14:00,varnerrd_to_I10interchange,SB,0.32,0.52,14.9
5/23/2025 15:00,varnerrd_to_I10interchange,SB,0.32,0.52,15.1
5/23/2025 16:00,varnerrd_to_I10interchange,SB,0.35,0.55,14.2
5/23/2025 17:00,varnerrd_to_I10interchange,SB,0.4,0.6,13.3
5/23/2025 18:00,varnerrd_to_I10interchange,SB,0.35,0.55,15
5/23/2025 19:00,varnerrd_to_I10interchange,SB,0.33,0.53,15
5/23/2025 20:00,varnerrd_to_I10interchange,SB,0.33,0.53,15.9
5/23/2025 21:00,varnerrd_to_I10interchange,SB,0.33,0.53,14.7
5/23/2025 22:00,varnerrd_to_I10interchange,SB,0.25,0.45,18.4
5/23/2025 23:00,varnerrd_to_I10interchange,SB,0.26,0.45,19.9
5/24/2025 0:00,varnerrd_to_I10interchange,SB,0.09,0.28,27.3
5/24/2025 1:00,varnerrd_to_I10interchange,SB,0.21,0.41,19.7
5/24/2025 2:00,varnerrd_to_I10interchange,SB,0.05,0.25,30.6
5/24/2025 3:00,varnerrd_to_I10interchange,SB,0.01,0.2,39.2
5/24/2025 4:00,varnerrd_to_I10interchange,SB,0.16,0.35,22.8
5/24/2025 5:00,varnerrd_to_I10interchange,SB,0.14,0.34,24.2
5/24/2025 6:00,varnerrd_to_I10interchange,SB,0.29,0.48,16.5
5/24/2025 7:00,varnerrd_to_I10interchange,SB,0.36,0.55,14.8
5/24/2025 8:00,varnerrd_to_I10interchange,SB,0.34,0.54,15.3
5/24/2025 9:00,varnerrd_to_I10interchange,SB,0.22,0.42,18.9
5/24/2025 10:00,varnerrd_to_I10interchange,SB,0.31,0.51,15.5
5/24/2025 11:00,varnerrd_to_I10interchange,SB,0.35,0.55,14.8
5/24/2025 12:00,varnerrd_to_I10interchange,SB,0.23,0.43,18.6
5/24/2025 13:00,varnerrd_to_I10interchange,SB,0.42,0.62,13
5/24/2025 14:00,varnerrd_to_I10interchange,SB,0.27,0.47,16.7
5/24/2025 15:00,varnerrd_to_I10interchange,SB,0.35,0.55,14.5
5/24/2025 16:00,varnerrd_to_I10interchange,SB,0.36,0.56,14
5/24/2025 17:00,varnerrd_to_I10interchange,SB,0.36,0.56,14.9
5/24/2025 18:00,varnerrd_to_I10interchange,SB,0.37,0.57,15.6
5/24/2025 19:00,varnerrd_to_I10interchange,SB,0.21,0.41,19.2
5/24/2025 20:00,varnerrd_to_I10interchange,SB,0.27,0.47,17.5
5/24/2025 21:00,varnerrd_to_I10interchange,SB,0.23,0.43,18.2
5/24/2025 22:00,varnerrd_to_I10interchange,SB,0.21,0.41,22.1
5/24/2025 23:00,varnerrd_to_I10interchange,SB,0.19,0.39,20.5
5/25/2025 0:00,varnerrd_to_I10interchange,SB,0.18,0.38,20.5
5/25/2025 1:00,varnerrd_to_I10interchange,SB,0.15,0.34,23.6
5/25/2025 2:00,varnerrd_to_I10interchange,SB,0.16,0.36,21.7
5/25/2025 3:00,varnerrd_to_I10interchange,SB,0.02,0.18,44.1
5/25/2025 4:00,varnerrd_to_I10interchange,SB,0.06,0.24,33.1
5/25/2025 5:00,varnerrd_to_I10interchange,SB,0.03,0.22,34.5
5/25/2025 6:00,varnerrd_to_I10interchange,SB,0.15,0.35,23.9
5/25/2025 7:00,varnerrd_to_I10interchange,SB,0.44,0.64,12.4
5/25/2025 8:00,varnerrd_to_I10interchange,SB,0.28,0.48,17.2
5/25/2025 9:00,varnerrd_to_I10interchange,SB,0.19,0.39,20.2
5/25/2025 10:00,varnerrd_to_I10interchange,SB,0.35,0.55,15.1
5/25/2025 11:00,varnerrd_to_I10interchange,SB,0.19,0.39,19.7
5/25/2025 12:00,varnerrd_to_I10interchange,SB,0.34,0.54,15.1
5/25/2025 13:00,varnerrd_to_I10interchange,SB,0.41,0.61,12.7
5/25/2025 14:00,varnerrd_to_I10interchange,SB,0.27,0.47,17.4
5/25/2025 15:00,varnerrd_to_I10interchange,SB,0.28,0.48,16.4
5/25/2025 16:00,varnerrd_to_I10interchange,SB,0.29,0.49,15.8
5/25/2025 17:00,varnerrd_to_I10interchange,SB,0.28,0.48,16.9
5/25/2025 18:00,varnerrd_to_I10interchange,SB,0.33,0.53,15.5
5/25/2025 19:00,varnerrd_to_I10interchange,SB,0.22,0.42,19.5
5/25/2025 20:00,varnerrd_to_I10interchange,SB,0.23,0.43,19.5
5/25/2025 21:00,varnerrd_to_I10interchange,SB,0.18,0.38,22
5/25/2025 22:00,varnerrd_to_I10interchange,SB,0.2,0.4,21.8
5/25/2025 23:00,varnerrd_to_I10interchange,SB,0.14,0.34,23.5
5/26/2025 0:00,varnerrd_to_I10interchange,SB,0.1,0.3,25.9
5/26/2025 1:00,varnerrd_to_I10interchange,SB,0.1,0.29,27.9
5/26/2025 2:00,varnerrd_to_I10interchange,SB,0.01,0.19,40.5
5/26/2025 3:00,varnerrd_to_I10interchange,SB,0,0.18,43
5/26/2025 4:00,varnerrd_to_I10interchange,SB,0.1,0.3,25.3
5/26/2025 5:00,varnerrd_to_I10interchange,SB,0.09,0.29,27.3
5/26/2025 6:00,varnerrd_to_I10interchange,SB,0.22,0.42,19.8
5/26/2025 7:00,varnerrd_to_I10interchange,SB,0.2,0.4,20.4
5/26/2025 8:00,varnerrd_to_I10interchange,SB,0.27,0.47,17.7
5/26/2025 9:00,varnerrd_to_I10interchange,SB,0.31,0.51,17.5
5/26/2025 10:00,varnerrd_to_I10interchange,SB,0.22,0.42,21
5/26/2025 11:00,varnerrd_to_I10interchange,SB,0.33,0.53,14.7
5/26/2025 12:00,varnerrd_to_I10interchange,SB,0.26,0.45,17.9
5/26/2025 13:00,varnerrd_to_I10interchange,SB,0.34,0.54,14.6
5/26/2025 14:00,varnerrd_to_I10interchange,SB,0.19,0.39,21.3
5/26/2025 15:00,varnerrd_to_I10interchange,SB,0.2,0.4,19.7
5/26/2025 16:00,varnerrd_to_I10interchange,SB,0.33,0.53,14.9
5/26/2025 17:00,varnerrd_to_I10interchange,SB,0.21,0.4,20.1
5/26/2025 18:00,varnerrd_to_I10interchange,SB,0.24,0.43,18.3
5/26/2025 19:00,varnerrd_to_I10interchange,SB,0.27,0.47,16.9
5/26/2025 20:00,varnerrd_to_I10interchange,SB,0.41,0.61,13
5/26/2025 21:00,varnerrd_to_I10interchange,SB,0.19,0.39,21.7
5/26/2025 22:00,varnerrd_to_I10interchange,SB,0.41,0.61,13.5
5/26/2025 23:00,varnerrd_to_I10interchange,SB,0.12,0.32,24.6
5/27/2025 0:00,varnerrd_to_I10interchange,SB,0.02,0.2,37.7
5/27/2025 1:00,varnerrd_to_I10interchange,SB,0.03,0.22,35
5/27/2025 2:00,varnerrd_to_I10interchange,SB,0.01,0.18,41.5
5/27/2025 3:00,varnerrd_to_I10interchange,SB,0.02,0.21,35.2
5/27/2025 4:00,varnerrd_to_I10interchange,SB,0.05,0.25,30.9
5/27/2025 5:00,varnerrd_to_I10interchange,SB,0.16,0.36,22.3
5/27/2025 6:00,varnerrd_to_I10interchange,SB,0.2,0.4,19.9
5/27/2025 7:00,varnerrd_to_I10interchange,SB,0.35,0.55,14.2
5/27/2025 8:00,varnerrd_to_I10interchange,SB,0.35,0.55,14.1
5/27/2025 9:00,varnerrd_to_I10interchange,SB,0.25,0.45,17.9
5/27/2025 10:00,varnerrd_to_I10interchange,SB,0.39,0.59,13.6
5/27/2025 11:00,varnerrd_to_I10interchange,SB,0.4,0.59,13
5/27/2025 12:00,varnerrd_to_I10interchange,SB,0.31,0.51,15.6
5/27/2025 13:00,varnerrd_to_I10interchange,SB,0.29,0.49,16
5/27/2025 14:00,varnerrd_to_I10interchange,SB,0.26,0.46,17
5/27/2025 15:00,varnerrd_to_I10interchange,SB,0.28,0.48,16.5
5/27/2025 16:00,varnerrd_to_I10interchange,SB,0.36,0.56,14.1
5/27/2025 17:00,varnerrd_to_I10interchange,SB,0.3,0.49,16.3
5/27/2025 18:00,varnerrd_to_I10interchange,SB,0.42,0.62,12.6
5/27/2025 19:00,varnerrd_to_I10interchange,SB,0.35,0.54,15.2
5/27/2025 20:00,varnerrd_to_I10interchange,SB,0.33,0.53,14.9
5/27/2025 21:00,varnerrd_to_I10interchange,SB,0.28,0.48,16.9
5/27/2025 22:00,varnerrd_to_I10interchange,SB,0.24,0.44,18.1
5/27/2025 23:00,varnerrd_to_I10interchange,SB,0.16,0.36,21.9
5/28/2025 0:00,varnerrd_to_I10interchange,SB,0.11,0.31,26.3
5/28/2025 1:00,varnerrd_to_I10interchange,SB,0.05,0.24,31
5/28/2025 2:00,varnerrd_to_I10interchange,SB,0.06,0.26,29.3
5/28/2025 3:00,varnerrd_to_I10interchange,SB,0.04,0.24,32.5
5/28/2025 4:00,varnerrd_to_I10interchange,SB,0.05,0.24,32
5/28/2025 5:00,varnerrd_to_I10interchange,SB,0.1,0.3,27.4
5/28/2025 6:00,varnerrd_to_I10interchange,SB,0.42,0.61,13.3
5/28/2025 7:00,varnerrd_to_I10interchange,SB,0.47,0.67,11.5
5/28/2025 8:00,varnerrd_to_I10interchange,SB,0.33,0.52,14.7
5/28/2025 9:00,varnerrd_to_I10interchange,SB,0.35,0.55,14.6
5/28/2025 10:00,varnerrd_to_I10interchange,SB,0.34,0.54,14.6
5/28/2025 11:00,varnerrd_to_I10interchange,SB,0.29,0.49,15.8
5/28/2025 12:00,varnerrd_to_I10interchange,SB,0.28,0.48,15.9
5/28/2025 13:00,varnerrd_to_I10interchange,SB,0.34,0.53,15.2
5/28/2025 14:00,varnerrd_to_I10interchange,SB,0.34,0.54,15
5/28/2025 15:00,varnerrd_to_I10interchange,SB,0.34,0.54,15
5/28/2025 16:00,varnerrd_to_I10interchange,SB,0.33,0.53,15
5/28/2025 17:00,varnerrd_to_I10interchange,SB,0.35,0.55,14.8
5/28/2025 18:00,varnerrd_to_I10interchange,SB,0.25,0.45,17.5
5/28/2025 19:00,varnerrd_to_I10interchange,SB,0.21,0.41,19.3
5/28/2025 20:00,varnerrd_to_I10interchange,SB,0.25,0.45,17
5/28/2025 21:00,varnerrd_to_I10interchange,SB,0.25,0.45,18.1
5/28/2025 22:00,varnerrd_to_I10interchange,SB,0.13,0.33,23.8
5/28/2025 23:00,varnerrd_to_I10interchange,SB,0.08,0.27,28.1
5/29/2025 0:00,varnerrd_to_I10interchange,SB,0.09,0.28,27.3
5/29/2025 1:00,varnerrd_to_I10interchange,SB,0.06,0.25,31.7
5/29/2025 2:00,varnerrd_to_I10interchange,SB,0.07,0.25,32.1
5/29/2025 3:00,varnerrd_to_I10interchange,SB,0.06,0.25,32.7
5/29/2025 4:00,varnerrd_to_I10interchange,SB,0.11,0.3,25.8
5/29/2025 5:00,varnerrd_to_I10interchange,SB,0.21,0.41,21.3
5/29/2025 6:00,varnerrd_to_I10interchange,SB,0.11,0.3,25.9
5/29/2025 7:00,varnerrd_to_I10interchange,SB,0.32,0.52,15.5
5/29/2025 8:00,varnerrd_to_I10interchange,SB,0.47,0.66,11.9
5/29/2025 9:00,varnerrd_to_I10interchange,SB,0.37,0.56,13.6
5/29/2025 10:00,varnerrd_to_I10interchange,SB,0.35,0.55,13.8
5/29/2025 11:00,varnerrd_to_I10interchange,SB,0.32,0.52,15.2
5/29/2025 12:00,varnerrd_to_I10interchange,SB,0.27,0.47,16.3
5/29/2025 13:00,varnerrd_to_I10interchange,SB,0.24,0.44,17.9
5/29/2025 14:00,varnerrd_to_I10interchange,SB,0.34,0.54,15
5/29/2025 15:00,varnerrd_to_I10interchange,SB,0.33,0.53,14.8
5/29/2025 16:00,varnerrd_to_I10interchange,SB,0.36,0.56,15.1
5/29/2025 17:00,varnerrd_to_I10interchange,SB,0.34,0.54,14.9
5/29/2025 18:00,varnerrd_to_I10interchange,SB,0.27,0.47,16.9
5/29/2025 19:00,varnerrd_to_I10interchange,SB,0.24,0.44,17.8
5/29/2025 20:00,varnerrd_to_I10interchange,SB,0.15,0.35,21.9
5/29/2025 21:00,varnerrd_to_I10interchange,SB,0.16,0.36,21
5/29/2025 22:00,varnerrd_to_I10interchange,SB,0.15,0.34,23.5
5/29/2025 23:00,varnerrd_to_I10interchange,SB,0.11,0.31,25.6
5/30/2025 0:00,varnerrd_to_I10interchange,SB,0.17,0.37,21.9
5/30/2025 1:00,varnerrd_to_I10interchange,SB,0.05,0.25,30.7
5/30/2025 2:00,varnerrd_to_I10interchange,SB,0.06,0.25,31
5/30/2025 3:00,varnerrd_to_I10interchange,SB,0.04,0.23,33.7
5/30/2025 4:00,varnerrd_to_I10interchange,SB,0.05,0.25,32.3
5/30/2025 5:00,varnerrd_to_I10interchange,SB,0.22,0.42,19.4
5/30/2025 6:00,varnerrd_to_I10interchange,SB,0.22,0.42,19
5/30/2025 7:00,varnerrd_to_I10interchange,SB,0.33,0.53,15.1
5/30/2025 8:00,varnerrd_to_I10interchange,SB,0.34,0.54,14.9
5/30/2025 9:00,varnerrd_to_I10interchange,SB,0.3,0.5,15.7
5/30/2025 10:00,varnerrd_to_I10interchange,SB,0.27,0.47,17.7
5/30/2025 11:00,varnerrd_to_I10interchange,SB,0.27,0.47,17.3
5/30/2025 12:00,varnerrd_to_I10interchange,SB,0.37,0.57,14.3
5/30/2025 13:00,varnerrd_to_I10interchange,SB,0.28,0.48,17
5/30/2025 14:00,varnerrd_to_I10interchange,SB,0.32,0.52,15
5/30/2025 15:00,varnerrd_to_I10interchange,SB,0.32,0.52,15.7
5/30/2025 16:00,varnerrd_to_I10interchange,SB,0.31,0.51,15.2
5/30/2025 17:00,varnerrd_to_I10interchange,SB,0.35,0.55,14.8
5/30/2025 18:00,varnerrd_to_I10interchange,SB,0.22,0.42,18.4
5/30/2025 19:00,varnerrd_to_I10interchange,SB,0.2,0.4,19.6
5/30/2025 20:00,varnerrd_to_I10interchange,SB,0.23,0.43,20.6
5/30/2025 21:00,varnerrd_to_I10interchange,SB,0.18,0.38,21.7
5/30/2025 22:00,varnerrd_to_I10interchange,SB,0.21,0.41,19.3
5/30/2025 23:00,varnerrd_to_I10interchange,SB,0.27,0.47,17.7
5/31/2025 0:00,varnerrd_to_I10interchange,SB,0.15,0.34,24.2
5/31/2025 1:00,varnerrd_to_I10interchange,SB,0.03,0.22,34.6
5/31/2025 2:00,varnerrd_to_I10interchange,SB,0.07,0.27,29.1
5/31/2025 3:00,varnerrd_to_I10interchange,SB,0.05,0.23,35.9
5/31/2025 4:00,varnerrd_to_I10interchange,SB,0.04,0.24,32
5/31/2025 5:00,varnerrd_to_I10interchange,SB,0.09,0.29,28.6
5/31/2025 6:00,varnerrd_to_I10interchange,SB,0.2,0.4,21
5/31/2025 7:00,varnerrd_to_I10interchange,SB,0.21,0.41,19.8
5/31/2025 8:00,varnerrd_to_I10interchange,SB,0.27,0.47,17.9
5/31/2025 9:00,varnerrd_to_I10interchange,SB,0.32,0.52,15.4
5/31/2025 10:00,varnerrd_to_I10interchange,SB,0.27,0.47,17.8
5/31/2025 11:00,varnerrd_to_I10interchange,SB,0.31,0.51,17
5/31/2025 12:00,varnerrd_to_I10interchange,SB,0.25,0.45,18.3
5/31/2025 13:00,varnerrd_to_I10interchange,SB,0.32,0.52,15.5
5/31/2025 14:00,varnerrd_to_I10interchange,SB,0.31,0.51,15.3
5/31/2025 15:00,varnerrd_to_I10interchange,SB,0.38,0.58,13.6
5/31/2025 16:00,varnerrd_to_I10interchange,SB,0.42,0.62,13.3
5/31/2025 17:00,varnerrd_to_I10interchange,SB,0.46,0.66,13
5/31/2025 18:00,varnerrd_to_I10interchange,SB,0.35,0.55,16.2
5/31/2025 19:00,varnerrd_to_I10interchange,SB,0.25,0.45,18.4
5/31/2025 20:00,varnerrd_to_I10interchange,SB,0.29,0.49,16.6
5/31/2025 21:00,varnerrd_to_I10interchange,SB,0.28,0.48,16
5/31/2025 22:00,varnerrd_to_I10interchange,SB,0.38,0.58,13.6
5/31/2025 23:00,varnerrd_to_I10interchange,SB,0.17,0.37,22.7
6/1/2025 0:00,varnerrd_to_I10interchange,SB,0.18,0.38,21.5
6/1/2025 1:00,varnerrd_to_I10interchange,SB,0.14,0.34,23.9
6/1/2025 2:00,varnerrd_to_I10interchange,SB,0.05,0.25,30.3
6/1/2025 3:00,varnerrd_to_I10interchange,SB,0.07,0.26,29.6
6/1/2025 4:00,varnerrd_to_I10interchange,SB,0.01,0.19,38.9
6/1/2025 5:00,varnerrd_to_I10interchange,SB,0.13,0.32,29.1
6/1/2025 6:00,varnerrd_to_I10interchange,SB,0.18,0.38,21.6
6/1/2025 7:00,varnerrd_to_I10interchange,SB,0.22,0.41,20.7
6/1/2025 8:00,varnerrd_to_I10interchange,SB,0.27,0.47,17.4
6/1/2025 9:00,varnerrd_to_I10interchange,SB,0.26,0.46,18.4
6/1/2025 10:00,varnerrd_to_I10interchange,SB,0.26,0.46,16.8
6/1/2025 11:00,varnerrd_to_I10interchange,SB,0.34,0.54,14.2
6/1/2025 12:00,varnerrd_to_I10interchange,SB,0.3,0.49,17.7
6/1/2025 13:00,varnerrd_to_I10interchange,SB,0.35,0.55,14.3
6/1/2025 14:00,varnerrd_to_I10interchange,SB,0.32,0.52,16.3
6/1/2025 15:00,varnerrd_to_I10interchange,SB,0.21,0.41,20.1
6/1/2025 16:00,varnerrd_to_I10interchange,SB,0.27,0.47,16.6
6/1/2025 17:00,varnerrd_to_I10interchange,SB,0.45,0.65,11.8
6/1/2025 18:00,varnerrd_to_I10interchange,SB,0.3,0.49,17.3
6/1/2025 19:00,varnerrd_to_I10interchange,SB,0.25,0.45,18.4
6/1/2025 20:00,varnerrd_to_I10interchange,SB,0.29,0.49,15.5
6/1/2025 21:00,varnerrd_to_I10interchange,SB,0.15,0.35,23
6/1/2025 22:00,varnerrd_to_I10interchange,SB,0.15,0.35,22.6
6/1/2025 23:00,varnerrd_to_I10interchange,SB,0.16,0.36,22.5
6/2/2025 0:00,varnerrd_to_I10interchange,SB,0.08,0.28,28.4
6/2/2025 1:00,varnerrd_to_I10interchange,SB,0.02,0.21,37
6/2/2025 2:00,varnerrd_to_I10interchange,SB,0,0.17,44
6/2/2025 3:00,varnerrd_to_I10interchange,SB,0.01,0.19,40.7
6/2/2025 4:00,varnerrd_to_I10interchange,SB,0.01,0.2,37.2
6/2/2025 5:00,varnerrd_to_I10interchange,SB,0.21,0.41,20
6/2/2025 6:00,varnerrd_to_I10interchange,SB,0.31,0.51,15.5
6/2/2025 7:00,varnerrd_to_I10interchange,SB,0.32,0.52,15.7
6/2/2025 8:00,varnerrd_to_I10interchange,SB,0.39,0.59,13.5
6/2/2025 9:00,varnerrd_to_I10interchange,SB,0.34,0.54,14.5
6/2/2025 10:00,varnerrd_to_I10interchange,SB,0.38,0.58,14.5
6/2/2025 11:00,varnerrd_to_I10interchange,SB,0.29,0.49,15.9
6/2/2025 12:00,varnerrd_to_I10interchange,SB,0.31,0.51,15.3
6/2/2025 13:00,varnerrd_to_I10interchange,SB,0.28,0.48,16.7
6/2/2025 14:00,varnerrd_to_I10interchange,SB,0.41,0.61,12.5
6/2/2025 15:00,varnerrd_to_I10interchange,SB,0.27,0.47,17.2
6/2/2025 16:00,varnerrd_to_I10interchange,SB,0.39,0.59,13.3
6/2/2025 17:00,varnerrd_to_I10interchange,SB,0.41,0.61,12.6
6/2/2025 18:00,varnerrd_to_I10interchange,SB,0.35,0.55,14.7
6/2/2025 19:00,varnerrd_to_I10interchange,SB,0.27,0.47,17.7
6/2/2025 20:00,varnerrd_to_I10interchange,SB,0.3,0.5,16.3
6/2/2025 21:00,varnerrd_to_I10interchange,SB,0.19,0.39,20.8
6/2/2025 22:00,varnerrd_to_I10interchange,SB,0.14,0.34,25.1
6/2/2025 23:00,varnerrd_to_I10interchange,SB,0.11,0.31,24.5
6/3/2025 0:00,varnerrd_to_I10interchange,SB,0.09,0.29,28.8
6/3/2025 1:00,varnerrd_to_I10interchange,SB,0.07,0.27,30.4
6/3/2025 2:00,varnerrd_to_I10interchange,SB,0.02,0.21,36.7
6/3/2025 3:00,varnerrd_to_I10interchange,SB,0.01,0.19,39.7
6/3/2025 4:00,varnerrd_to_I10interchange,SB,0.11,0.3,26.1
6/3/2025 5:00,varnerrd_to_I10interchange,SB,0.21,0.41,22.3
6/3/2025 6:00,varnerrd_to_I10interchange,SB,0.29,0.49,16.7
6/3/2025 7:00,varnerrd_to_I10interchange,SB,0.33,0.53,15
6/3/2025 8:00,varnerrd_to_I10interchange,SB,0.29,0.49,16.3
6/3/2025 9:00,varnerrd_to_I10interchange,SB,0.31,0.51,14.9
6/3/2025 10:00,varnerrd_to_I10interchange,SB,0.35,0.55,14.3
6/3/2025 11:00,varnerrd_to_I10interchange,SB,0.23,0.43,17.9
6/3/2025 12:00,varnerrd_to_I10interchange,SB,0.27,0.47,16.5
6/3/2025 13:00,varnerrd_to_I10interchange,SB,0.32,0.52,15.2
6/3/2025 14:00,varnerrd_to_I10interchange,SB,0.37,0.57,13.8
6/3/2025 15:00,varnerrd_to_I10interchange,SB,0.32,0.52,15.1
6/3/2025 16:00,varnerrd_to_I10interchange,SB,0.36,0.56,13.7
6/3/2025 17:00,varnerrd_to_I10interchange,SB,0.37,0.57,14.2
6/3/2025 18:00,varnerrd_to_I10interchange,SB,0.28,0.47,16.8
6/3/2025 19:00,varnerrd_to_I10interchange,SB,0.32,0.52,15
6/3/2025 20:00,varnerrd_to_I10interchange,SB,0.29,0.49,16.8
6/3/2025 21:00,varnerrd_to_I10interchange,SB,0.3,0.5,16.2
6/3/2025 22:00,varnerrd_to_I10interchange,SB,0.25,0.44,17.2
6/3/2025 23:00,varnerrd_to_I10interchange,SB,0.2,0.4,20.7
6/4/2025 0:00,varnerrd_to_I10interchange,SB,0.03,0.22,34.2
6/4/2025 1:00,varnerrd_to_I10interchange,SB,0.03,0.22,34.8
6/4/2025 2:00,varnerrd_to_I10interchange,SB,0.05,0.24,31.4
6/4/2025 3:00,varnerrd_to_I10interchange,SB,0,0.17,44
6/4/2025 4:00,varnerrd_to_I10interchange,SB,0.06,0.25,30.9
6/4/2025 5:00,varnerrd_to_I10interchange,SB,0.12,0.32,25.3
6/4/2025 6:00,varnerrd_to_I10interchange,SB,0.43,0.63,12.5
6/4/2025 7:00,varnerrd_to_I10interchange,SB,0.22,0.42,19.5
6/4/2025 8:00,varnerrd_to_I10interchange,SB,0.35,0.55,14.1
6/4/2025 9:00,varnerrd_to_I10interchange,SB,0.33,0.53,15
6/4/2025 10:00,varnerrd_to_I10interchange,SB,0.28,0.48,16.2
6/4/2025 11:00,varnerrd_to_I10interchange,SB,0.35,0.55,14.1
6/4/2025 12:00,varnerrd_to_I10interchange,SB,0.23,0.43,17.9
6/4/2025 13:00,varnerrd_to_I10interchange,SB,0.26,0.46,17.2
6/4/2025 14:00,varnerrd_to_I10interchange,SB,0.43,0.63,12.8
6/4/2025 15:00,varnerrd_to_I10interchange,SB,0.28,0.48,16.9
6/4/2025 16:00,varnerrd_to_I10interchange,SB,0.34,0.54,14.4
6/4/2025 17:00,varnerrd_to_I10interchange,SB,0.33,0.53,14.6
6/4/2025 18:00,varnerrd_to_I10interchange,SB,0.33,0.53,15.5
6/4/2025 19:00,varnerrd_to_I10interchange,SB,0.17,0.36,21.5
6/4/2025 20:00,varnerrd_to_I10interchange,SB,0.39,0.59,14.5
6/4/2025 21:00,varnerrd_to_I10interchange,SB,0.24,0.44,18.2
6/4/2025 22:00,varnerrd_to_I10interchange,SB,0.31,0.5,15.5
6/4/2025 23:00,varnerrd_to_I10interchange,SB,0.28,0.47,16.9
6/5/2025 0:00,varnerrd_to_I10interchange,SB,0.07,0.26,31
6/5/2025 1:00,varnerrd_to_I10interchange,SB,0.11,0.3,25.9
6/5/2025 2:00,varnerrd_to_I10interchange,SB,0.05,0.24,31.8
6/5/2025 3:00,varnerrd_to_I10interchange,SB,0.13,0.32,27.3
6/5/2025 4:00,varnerrd_to_I10interchange,SB,0.08,0.27,29.4
6/5/2025 5:00,varnerrd_to_I10interchange,SB,0.18,0.38,20.2
6/5/2025 6:00,varnerrd_to_I10interchange,SB,0.36,0.55,13.8
6/5/2025 7:00,varnerrd_to_I10interchange,SB,0.38,0.58,14.7
6/5/2025 8:00,varnerrd_to_I10interchange,SB,0.31,0.51,15.1
6/5/2025 9:00,varnerrd_to_I10interchange,SB,0.27,0.47,16.9
6/5/2025 10:00,varnerrd_to_I10interchange,SB,0.29,0.49,16.1
6/5/2025 11:00,varnerrd_to_I10interchange,SB,0.37,0.57,13.4
6/5/2025 12:00,varnerrd_to_I10interchange,SB,0.32,0.52,15.1
6/5/2025 13:00,varnerrd_to_I10interchange,SB,0.29,0.49,15.9
6/5/2025 14:00,varnerrd_to_I10interchange,SB,0.28,0.47,16.8
6/5/2025 15:00,varnerrd_to_I10interchange,SB,0.38,0.58,13.4
6/5/2025 16:00,varnerrd_to_I10interchange,SB,0.39,0.58,14.3
6/5/2025 17:00,varnerrd_to_I10interchange,SB,0.35,0.55,14.3
6/5/2025 18:00,varnerrd_to_I10interchange,SB,0.3,0.5,15.7
6/5/2025 19:00,varnerrd_to_I10interchange,SB,0.18,0.38,20.5
6/5/2025 20:00,varnerrd_to_I10interchange,SB,0.25,0.45,17.7
6/5/2025 21:00,varnerrd_to_I10interchange,SB,0.19,0.39,20.1
6/5/2025 22:00,varnerrd_to_I10interchange,SB,0.28,0.48,17.6
6/5/2025 23:00,varnerrd_to_I10interchange,SB,0.14,0.34,22.5
6/6/2025 0:00,varnerrd_to_I10interchange,SB,0.04,0.23,35.4
6/6/2025 1:00,varnerrd_to_I10interchange,SB,0.06,0.26,30.3
6/6/2025 2:00,varnerrd_to_I10interchange,SB,0.04,0.23,32.5
6/6/2025 3:00,varnerrd_to_I10interchange,SB,0.04,0.22,36.3
6/6/2025 4:00,varnerrd_to_I10interchange,SB,0.06,0.26,29.8
6/6/2025 5:00,varnerrd_to_I10interchange,SB,0.22,0.42,19
6/6/2025 6:00,varnerrd_to_I10interchange,SB,0.46,0.66,12.4
6/6/2025 7:00,varnerrd_to_I10interchange,SB,0.27,0.47,16.3
6/6/2025 8:00,varnerrd_to_I10interchange,SB,0.32,0.52,15.8
6/6/2025 9:00,varnerrd_to_I10interchange,SB,0.33,0.53,14.7
6/6/2025 10:00,varnerrd_to_I10interchange,SB,0.23,0.43,18.1
6/6/2025 11:00,varnerrd_to_I10interchange,SB,0.41,0.6,12.7
6/6/2025 12:00,varnerrd_to_I10interchange,SB,0.43,0.63,12.6
6/6/2025 13:00,varnerrd_to_I10interchange,SB,0.26,0.46,17.4
6/6/2025 14:00,varnerrd_to_I10interchange,SB,0.35,0.55,14.4
6/6/2025 15:00,varnerrd_to_I10interchange,SB,0.3,0.5,16.5
6/6/2025 16:00,varnerrd_to_I10interchange,SB,0.45,0.65,12.1
6/6/2025 17:00,varnerrd_to_I10interchange,SB,0.43,0.63,13.2
6/6/2025 18:00,varnerrd_to_I10interchange,SB,0.34,0.54,15
6/6/2025 19:00,varnerrd_to_I10interchange,SB,0.25,0.45,17.3
6/6/2025 20:00,varnerrd_to_I10interchange,SB,0.11,0.31,25.6
6/6/2025 21:00,varnerrd_to_I10interchange,SB,0.25,0.45,17.7
6/6/2025 22:00,varnerrd_to_I10interchange,SB,0.13,0.33,23.6
6/6/2025 23:00,varnerrd_to_I10interchange,SB,0.16,0.36,22.9
6/7/2025 0:00,varnerrd_to_I10interchange,SB,0.07,0.27,28.4
6/7/2025 1:00,varnerrd_to_I10interchange,SB,0.1,0.3,25.4
6/7/2025 2:00,varnerrd_to_I10interchange,SB,0.04,0.24,32
6/7/2025 3:00,varnerrd_to_I10interchange,SB,0.01,0.19,39
6/7/2025 4:00,varnerrd_to_I10interchange,SB,0.1,0.3,26.8
6/7/2025 5:00,varnerrd_to_I10interchange,SB,0.24,0.44,19.5
6/7/2025 6:00,varnerrd_to_I10interchange,SB,0.18,0.38,22.2
6/7/2025 7:00,varnerrd_to_I10interchange,SB,0.42,0.61,12.7
6/7/2025 8:00,varnerrd_to_I10interchange,SB,0.42,0.62,14.2
6/7/2025 9:00,varnerrd_to_I10interchange,SB,0.31,0.51,15.6
6/7/2025 10:00,varnerrd_to_I10interchange,SB,0.34,0.54,14.9
6/7/2025 11:00,varnerrd_to_I10interchange,SB,0.35,0.55,14.6
6/7/2025 12:00,varnerrd_to_I10interchange,SB,0.25,0.45,17.8
6/7/2025 13:00,varnerrd_to_I10interchange,SB,0.26,0.46,17.3
6/7/2025 14:00,varnerrd_to_I10interchange,SB,0.27,0.47,16.7
6/7/2025 15:00,varnerrd_to_I10interchange,SB,0.31,0.51,16.3
6/7/2025 16:00,varnerrd_to_I10interchange,SB,0.25,0.45,17.5
6/7/2025 17:00,varnerrd_to_I10interchange,SB,0.39,0.59,13.5
6/7/2025 18:00,varnerrd_to_I10interchange,SB,0.33,0.53,15.6
6/7/2025 19:00,varnerrd_to_I10interchange,SB,0.18,0.37,21.2
6/7/2025 20:00,varnerrd_to_I10interchange,SB,0.34,0.54,15.8
6/7/2025 21:00,varnerrd_to_I10interchange,SB,0.24,0.44,18
6/7/2025 22:00,varnerrd_to_I10interchange,SB,0.22,0.42,19.2
6/7/2025 23:00,varnerrd_to_I10interchange,SB,0.32,0.52,14.9
6/8/2025 0:00,varnerrd_to_I10interchange,SB,0.22,0.42,20.5
6/8/2025 1:00,varnerrd_to_I10interchange,SB,0.09,0.29,27.1
6/8/2025 2:00,varnerrd_to_I10interchange,SB,0.14,0.34,23.5
6/8/2025 3:00,varnerrd_to_I10interchange,SB,0.08,0.28,30
6/8/2025 4:00,varnerrd_to_I10interchange,SB,0.01,0.19,38.9
6/8/2025 5:00,varnerrd_to_I10interchange,SB,0.03,0.22,35.4
6/8/2025 6:00,varnerrd_to_I10interchange,SB,0.19,0.39,21.4
6/8/2025 7:00,varnerrd_to_I10interchange,SB,0.22,0.42,19
6/8/2025 8:00,varnerrd_to_I10interchange,SB,0.35,0.55,15.2
6/8/2025 9:00,varnerrd_to_I10interchange,SB,0.23,0.43,18
6/8/2025 10:00,varnerrd_to_I10interchange,SB,0.35,0.55,14.2
6/8/2025 11:00,varnerrd_to_I10interchange,SB,0.24,0.44,18.4
6/8/2025 12:00,varnerrd_to_I10interchange,SB,0.18,0.38,20.4
6/8/2025 13:00,varnerrd_to_I10interchange,SB,0.27,0.47,17.2
6/8/2025 14:00,varnerrd_to_I10interchange,SB,0.23,0.43,17.9
6/8/2025 15:00,varnerrd_to_I10interchange,SB,0.33,0.53,15
6/8/2025 16:00,varnerrd_to_I10interchange,SB,0.33,0.53,14.5
6/8/2025 17:00,varnerrd_to_I10interchange,SB,0.23,0.43,18.5
6/8/2025 18:00,varnerrd_to_I10interchange,SB,0.3,0.5,16.9
6/8/2025 19:00,varnerrd_to_I10interchange,SB,0.22,0.42,18
6/8/2025 20:00,varnerrd_to_I10interchange,SB,0.15,0.35,23.7
6/8/2025 21:00,varnerrd_to_I10interchange,SB,0.23,0.43,20.6
6/8/2025 22:00,varnerrd_to_I10interchange,SB,0.1,0.3,26.3
6/8/2025 23:00,varnerrd_to_I10interchange,SB,0.15,0.35,21.9
6/9/2025 0:00,varnerrd_to_I10interchange,SB,0.16,0.36,22.3
6/9/2025 1:00,varnerrd_to_I10interchange,SB,0.04,0.23,32.9
6/9/2025 2:00,varnerrd_to_I10interchange,SB,0.06,0.26,30.2
6/9/2025 3:00,varnerrd_to_I10interchange,SB,0.02,0.19,39.9
6/9/2025 4:00,varnerrd_to_I10interchange,SB,0.12,0.32,24.4
6/9/2025 5:00,varnerrd_to_I10interchange,SB,0.07,0.27,29.8
6/9/2025 6:00,varnerrd_to_I10interchange,SB,0.21,0.41,20.3
6/9/2025 7:00,varnerrd_to_I10interchange,SB,0.31,0.51,15.3
6/9/2025 8:00,varnerrd_to_I10interchange,SB,0.37,0.57,13.6
6/9/2025 9:00,varnerrd_to_I10interchange,SB,0.26,0.46,17.1
6/9/2025 10:00,varnerrd_to_I10interchange,SB,0.31,0.51,15.5
6/9/2025 11:00,varnerrd_to_I10interchange,SB,0.2,0.39,20.7
6/9/2025 12:00,varnerrd_to_I10interchange,SB,0.32,0.52,15.7
6/9/2025 13:00,varnerrd_to_I10interchange,SB,0.37,0.57,13.9
6/9/2025 14:00,varnerrd_to_I10interchange,SB,0.28,0.48,17.2
6/9/2025 15:00,varnerrd_to_I10interchange,SB,0.29,0.49,15.5
6/9/2025 16:00,varnerrd_to_I10interchange,SB,0.36,0.56,14.1
6/9/2025 17:00,varnerrd_to_I10interchange,SB,0.34,0.54,14.2
6/9/2025 18:00,varnerrd_to_I10interchange,SB,0.42,0.62,13.4
6/9/2025 19:00,varnerrd_to_I10interchange,SB,0.16,0.36,21.3
6/9/2025 20:00,varnerrd_to_I10interchange,SB,0.2,0.4,20.1
6/9/2025 21:00,varnerrd_to_I10interchange,SB,0.17,0.37,20.8
6/9/2025 22:00,varnerrd_to_I10interchange,SB,0.11,0.31,24.3
6/9/2025 23:00,varnerrd_to_I10interchange,SB,0.11,0.31,25.9
6/10/2025 0:00,varnerrd_to_I10interchange,SB,0.1,0.29,26.8
6/10/2025 1:00,varnerrd_to_I10interchange,SB,0.03,0.21,38.1
6/10/2025 2:00,varnerrd_to_I10interchange,SB,0,0.18,42.6
6/10/2025 3:00,varnerrd_to_I10interchange,SB,0.03,0.22,33.7
6/10/2025 4:00,varnerrd_to_I10interchange,SB,0.07,0.27,30.8
6/10/2025 5:00,varnerrd_to_I10interchange,SB,0.1,0.3,25.2
6/10/2025 6:00,varnerrd_to_I10interchange,SB,0.35,0.55,15.1
6/10/2025 7:00,varnerrd_to_I10interchange,SB,0.29,0.49,16.8
6/10/2025 8:00,varnerrd_to_I10interchange,SB,0.3,0.5,16.2
6/10/2025 9:00,varnerrd_to_I10interchange,SB,0.29,0.49,16.3
6/10/2025 10:00,varnerrd_to_I10interchange,SB,0.35,0.55,15
6/10/2025 11:00,varnerrd_to_I10interchange,SB,0.39,0.59,13.5
6/10/2025 12:00,varnerrd_to_I10interchange,SB,0.32,0.51,15
6/10/2025 13:00,varnerrd_to_I10interchange,SB,0.35,0.55,15.8
6/10/2025 14:00,varnerrd_to_I10interchange,SB,0.35,0.55,14.2
6/10/2025 15:00,varnerrd_to_I10interchange,SB,0.29,0.49,15.9
6/10/2025 16:00,varnerrd_to_I10interchange,SB,0.3,0.5,15.4
6/10/2025 17:00,varnerrd_to_I10interchange,SB,0.38,0.58,14.4
6/10/2025 18:00,varnerrd_to_I10interchange,SB,0.3,0.5,16.3
6/10/2025 19:00,varnerrd_to_I10interchange,SB,0.18,0.38,20.8
6/10/2025 20:00,varnerrd_to_I10interchange,SB,0.22,0.42,18.4
6/10/2025 21:00,varnerrd_to_I10interchange,SB,0.22,0.41,20.1
6/10/2025 22:00,varnerrd_to_I10interchange,SB,0.23,0.43,18.2
6/10/2025 23:00,varnerrd_to_I10interchange,SB,0.26,0.45,18.1
6/11/2025 0:00,varnerrd_to_I10interchange,SB,0.06,0.25,31.8
6/11/2025 1:00,varnerrd_to_I10interchange,SB,0.06,0.25,31.5
6/11/2025 2:00,varnerrd_to_I10interchange,SB,0.02,0.2,37.7
6/11/2025 3:00,varnerrd_to_I10interchange,SB,0.01,0.18,42.3
6/11/2025 4:00,varnerrd_to_I10interchange,SB,0.16,0.36,23.5
6/11/2025 5:00,varnerrd_to_I10interchange,SB,0.19,0.38,20.7
6/11/2025 6:00,varnerrd_to_I10interchange,SB,0.27,0.47,18
6/11/2025 7:00,varnerrd_to_I10interchange,SB,0.31,0.51,15.5
6/11/2025 8:00,varnerrd_to_I10interchange,SB,0.38,0.58,14.8
6/11/2025 9:00,varnerrd_to_I10interchange,SB,0.24,0.44,18.4
6/11/2025 10:00,varnerrd_to_I10interchange,SB,0.47,0.67,11.7
6/11/2025 11:00,varnerrd_to_I10interchange,SB,0.28,0.48,17.4
6/11/2025 12:00,varnerrd_to_I10interchange,SB,0.38,0.58,13.7
6/11/2025 13:00,varnerrd_to_I10interchange,SB,0.33,0.53,14.6
6/11/2025 14:00,varnerrd_to_I10interchange,SB,0.42,0.61,13.3
6/11/2025 15:00,varnerrd_to_I10interchange,SB,0.37,0.57,13.9
6/11/2025 16:00,varnerrd_to_I10interchange,SB,0.36,0.56,14.5
6/11/2025 17:00,varnerrd_to_I10interchange,SB,0.26,0.46,17.4
6/11/2025 18:00,varnerrd_to_I10interchange,SB,0.26,0.46,18
6/11/2025 19:00,varnerrd_to_I10interchange,SB,0.3,0.5,16.3
6/11/2025 20:00,varnerrd_to_I10interchange,SB,0.23,0.43,18.7
6/11/2025 21:00,varnerrd_to_I10interchange,SB,0.39,0.59,13.7
6/11/2025 22:00,varnerrd_to_I10interchange,SB,0.26,0.46,17.6
6/11/2025 23:00,varnerrd_to_I10interchange,SB,0.11,0.31,26.6
6/12/2025 0:00,varnerrd_to_I10interchange,SB,0.12,0.31,25.7
6/12/2025 1:00,varnerrd_to_I10interchange,SB,0.04,0.23,34.1
6/12/2025 2:00,varnerrd_to_I10interchange,SB,0.13,0.32,25.4
6/12/2025 3:00,varnerrd_to_I10interchange,SB,0.06,0.24,33.6
6/12/2025 4:00,varnerrd_to_I10interchange,SB,0.05,0.25,31.1
6/12/2025 5:00,varnerrd_to_I10interchange,SB,0.1,0.29,27.4
6/12/2025 6:00,varnerrd_to_I10interchange,SB,0.37,0.57,14.6
6/12/2025 7:00,varnerrd_to_I10interchange,SB,0.36,0.56,14.5
6/12/2025 8:00,varnerrd_to_I10interchange,SB,0.38,0.58,13.7
6/12/2025 9:00,varnerrd_to_I10interchange,SB,0.26,0.46,17.5
6/12/2025 10:00,varnerrd_to_I10interchange,SB,0.36,0.56,14.1
6/12/2025 11:00,varnerrd_to_I10interchange,SB,0.29,0.49,16.4
6/12/2025 12:00,varnerrd_to_I10interchange,SB,0.35,0.55,14.6
6/12/2025 13:00,varnerrd_to_I10interchange,SB,0.44,0.64,13.1
6/12/2025 14:00,varnerrd_to_I10interchange,SB,0.41,0.61,13.3
6/12/2025 15:00,varnerrd_to_I10interchange,SB,0.29,0.49,15.8
6/12/2025 16:00,varnerrd_to_I10interchange,SB,0.27,0.47,16.6
6/12/2025 17:00,varnerrd_to_I10interchange,SB,0.34,0.54,14.6
6/12/2025 18:00,varnerrd_to_I10interchange,SB,0.21,0.41,20.6
6/12/2025 19:00,varnerrd_to_I10interchange,SB,0.25,0.45,17.8
6/12/2025 20:00,varnerrd_to_I10interchange,SB,0.21,0.41,19.7
6/12/2025 21:00,varnerrd_to_I10interchange,SB,0.22,0.42,19.3
6/12/2025 22:00,varnerrd_to_I10interchange,SB,0.06,0.26,29.7
6/12/2025 23:00,varnerrd_to_I10interchange,SB,0.13,0.32,24.1
6/13/2025 0:00,varnerrd_to_I10interchange,SB,0.09,0.28,30.2
6/13/2025 1:00,varnerrd_to_I10interchange,SB,0.21,0.41,19.3
6/13/2025 2:00,varnerrd_to_I10interchange,SB,0.05,0.24,32.4
6/13/2025 3:00,varnerrd_to_I10interchange,SB,0.02,0.2,38.1
6/13/2025 4:00,varnerrd_to_I10interchange,SB,0.1,0.3,25.9
6/13/2025 5:00,varnerrd_to_I10interchange,SB,0.18,0.38,20.7
6/13/2025 6:00,varnerrd_to_I10interchange,SB,0.19,0.39,20.8
6/13/2025 7:00,varnerrd_to_I10interchange,SB,0.26,0.46,17.1
6/13/2025 8:00,varnerrd_to_I10interchange,SB,0.46,0.66,12.1
6/13/2025 9:00,varnerrd_to_I10interchange,SB,0.37,0.57,14.7
6/13/2025 10:00,varnerrd_to_I10interchange,SB,0.4,0.6,13.5
6/13/2025 11:00,varnerrd_to_I10interchange,SB,0.38,0.58,14.1
6/13/2025 12:00,varnerrd_to_I10interchange,SB,0.33,0.53,14.9
6/13/2025 13:00,varnerrd_to_I10interchange,SB,0.31,0.51,15.2
6/13/2025 14:00,varnerrd_to_I10interchange,SB,0.3,0.5,15.7
6/13/2025 15:00,varnerrd_to_I10interchange,SB,0.31,0.5,15.9
6/13/2025 16:00,varnerrd_to_I10interchange,SB,0.33,0.53,15.5
6/13/2025 17:00,varnerrd_to_I10interchange,SB,0.36,0.56,14.6
6/13/2025 18:00,varnerrd_to_I10interchange,SB,0.31,0.51,15.2
6/13/2025 19:00,varnerrd_to_I10interchange,SB,0.19,0.38,20.6
6/13/2025 20:00,varnerrd_to_I10interchange,SB,0.24,0.44,19.1
6/13/2025 21:00,varnerrd_to_I10interchange,SB,0.25,0.45,18.5
6/13/2025 22:00,varnerrd_to_I10interchange,SB,0.17,0.37,21.1
6/13/2025 23:00,varnerrd_to_I10interchange,SB,0.26,0.46,16.8
6/14/2025 0:00,varnerrd_to_I10interchange,SB,0.17,0.37,20.5
6/14/2025 1:00,varnerrd_to_I10interchange,SB,0.06,0.25,29.8
6/14/2025 2:00,varnerrd_to_I10interchange,SB,0.06,0.25,33.7
6/14/2025 3:00,varnerrd_to_I10interchange,SB,0.06,0.26,29.8
6/14/2025 4:00,varnerrd_to_I10interchange,SB,0.15,0.34,23.7
6/14/2025 5:00,varnerrd_to_I10interchange,SB,0.04,0.24,32.5
6/14/2025 6:00,varnerrd_to_I10interchange,SB,0.31,0.51,16.2
6/14/2025 7:00,varnerrd_to_I10interchange,SB,0.29,0.49,16.4
6/14/2025 8:00,varnerrd_to_I10interchange,SB,0.24,0.44,17.7
6/14/2025 9:00,varnerrd_to_I10interchange,SB,0.26,0.46,19
6/14/2025 10:00,varnerrd_to_I10interchange,SB,0.36,0.56,15.1
6/14/2025 11:00,varnerrd_to_I10interchange,SB,0.21,0.41,18.6
6/14/2025 12:00,varnerrd_to_I10interchange,SB,0.42,0.62,12.5
6/14/2025 13:00,varnerrd_to_I10interchange,SB,0.33,0.53,15.3
6/14/2025 14:00,varnerrd_to_I10interchange,SB,0.25,0.45,17.6
6/14/2025 15:00,varnerrd_to_I10interchange,SB,0.45,0.64,13.1
6/14/2025 16:00,varnerrd_to_I10interchange,SB,0.33,0.53,15.8
6/14/2025 17:00,varnerrd_to_I10interchange,SB,0.29,0.49,16.3
6/14/2025 18:00,varnerrd_to_I10interchange,SB,0.33,0.53,15.5
6/14/2025 19:00,varnerrd_to_I10interchange,SB,0.17,0.37,21.4
6/14/2025 20:00,varnerrd_to_I10interchange,SB,0.4,0.6,14.2
6/14/2025 21:00,varnerrd_to_I10interchange,SB,0.29,0.49,16.8
6/14/2025 22:00,varnerrd_to_I10interchange,SB,0.53,0.72,10.7
6/14/2025 23:00,varnerrd_to_I10interchange,SB,0.28,0.48,16.9
6/15/2025 0:00,varnerrd_to_I10interchange,SB,0.13,0.33,24.6
6/15/2025 1:00,varnerrd_to_I10interchange,SB,0.06,0.26,29.4
6/15/2025 2:00,varnerrd_to_I10interchange,SB,0.19,0.39,21.4
6/15/2025 3:00,varnerrd_to_I10interchange,SB,0.02,0.21,36.6
6/15/2025 4:00,varnerrd_to_I10interchange,SB,0,0.18,41.5
6/15/2025 5:00,varnerrd_to_I10interchange,SB,0.05,0.24,31.1
6/15/2025 6:00,varnerrd_to_I10interchange,SB,0.21,0.41,20
6/15/2025 7:00,varnerrd_to_I10interchange,SB,0.16,0.36,23.5
6/15/2025 8:00,varnerrd_to_I10interchange,SB,0.29,0.49,15.8
6/15/2025 9:00,varnerrd_to_I10interchange,SB,0.31,0.51,15.7
6/15/2025 10:00,varnerrd_to_I10interchange,SB,0.38,0.58,13.9
6/15/2025 11:00,varnerrd_to_I10interchange,SB,0.37,0.57,13.6
6/15/2025 12:00,varnerrd_to_I10interchange,SB,0.35,0.55,15
6/15/2025 13:00,varnerrd_to_I10interchange,SB,0.42,0.62,12.6
6/15/2025 14:00,varnerrd_to_I10interchange,SB,0.33,0.53,15.1
6/15/2025 15:00,varnerrd_to_I10interchange,SB,0.23,0.43,19.3
6/15/2025 16:00,varnerrd_to_I10interchange,SB,0.29,0.49,16.5
6/15/2025 17:00,varnerrd_to_I10interchange,SB,0.36,0.56,14.1
6/15/2025 18:00,varnerrd_to_I10interchange,SB,0.34,0.54,15.3
6/15/2025 19:00,varnerrd_to_I10interchange,SB,0.19,0.39,19.9
6/15/2025 20:00,varnerrd_to_I10interchange,SB,0.23,0.43,18
6/15/2025 21:00,varnerrd_to_I10interchange,SB,0.14,0.34,22.6
6/15/2025 22:00,varnerrd_to_I10interchange,SB,0.13,0.32,24.6
6/15/2025 23:00,varnerrd_to_I10interchange,SB,0.26,0.46,19.6
6/16/2025 0:00,varnerrd_to_I10interchange,SB,0.07,0.26,29.4
6/16/2025 1:00,varnerrd_to_I10interchange,SB,0.03,0.22,33.8
6/16/2025 2:00,varnerrd_to_I10interchange,SB,0.04,0.23,32.7
6/16/2025 3:00,varnerrd_to_I10interchange,SB,0.02,0.21,36.9
6/16/2025 4:00,varnerrd_to_I10interchange,SB,0.18,0.38,20.8
6/16/2025 5:00,varnerrd_to_I10interchange,SB,0.14,0.34,23.5
6/16/2025 6:00,varnerrd_to_I10interchange,SB,0.37,0.57,14.4
6/16/2025 7:00,varnerrd_to_I10interchange,SB,0.27,0.47,17.5
6/16/2025 8:00,varnerrd_to_I10interchange,SB,0.24,0.43,18.1
6/16/2025 9:00,varnerrd_to_I10interchange,SB,0.25,0.45,17.2
6/16/2025 10:00,varnerrd_to_I10interchange,SB,0.29,0.49,16.3
6/16/2025 11:00,varnerrd_to_I10interchange,SB,0.26,0.46,17
6/16/2025 12:00,varnerrd_to_I10interchange,SB,0.22,0.41,18.6
6/16/2025 13:00,varnerrd_to_I10interchange,SB,0.31,0.51,16.3
6/16/2025 14:00,varnerrd_to_I10interchange,SB,0.35,0.55,14.3
6/16/2025 15:00,varnerrd_to_I10interchange,SB,0.32,0.52,15.4
6/16/2025 16:00,varnerrd_to_I10interchange,SB,0.22,0.42,17.9
6/16/2025 17:00,varnerrd_to_I10interchange,SB,0.38,0.58,13.4
6/16/2025 18:00,varnerrd_to_I10interchange,SB,0.28,0.48,16.4
6/16/2025 19:00,varnerrd_to_I10interchange,SB,0.28,0.48,16.1
6/16/2025 20:00,varnerrd_to_I10interchange,SB,0.32,0.52,15.9
6/16/2025 21:00,varnerrd_to_I10interchange,SB,0.15,0.35,22.6
6/16/2025 22:00,varnerrd_to_I10interchange,SB,0.09,0.29,26.7
6/16/2025 23:00,varnerrd_to_I10interchange,SB,0.14,0.34,24
6/17/2025 0:00,varnerrd_to_I10interchange,SB,0.07,0.26,29.1
6/17/2025 1:00,varnerrd_to_I10interchange,SB,0.1,0.29,27.6
6/17/2025 2:00,varnerrd_to_I10interchange,SB,0.03,0.21,37.6
6/17/2025 3:00,varnerrd_to_I10interchange,SB,0.02,0.2,37.1
6/17/2025 4:00,varnerrd_to_I10interchange,SB,0.06,0.25,29.9
6/17/2025 5:00,varnerrd_to_I10interchange,SB,0.13,0.32,25.6
6/17/2025 6:00,varnerrd_to_I10interchange,SB,0.26,0.46,17.5
6/17/2025 7:00,varnerrd_to_I10interchange,SB,0.35,0.54,14.4
6/17/2025 8:00,varnerrd_to_I10interchange,SB,0.39,0.59,13.3
6/17/2025 9:00,varnerrd_to_I10interchange,SB,0.24,0.43,18.6
6/17/2025 10:00,varnerrd_to_I10interchange,SB,0.38,0.58,13.3
6/17/2025 11:00,varnerrd_to_I10interchange,SB,0.28,0.47,16.7
6/17/2025 12:00,varnerrd_to_I10interchange,SB,0.31,0.5,15.1
6/17/2025 13:00,varnerrd_to_I10interchange,SB,0.29,0.48,15.7
6/17/2025 14:00,varnerrd_to_I10interchange,SB,0.32,0.51,15.1
6/17/2025 15:00,varnerrd_to_I10interchange,SB,0.38,0.58,14.5
6/17/2025 16:00,varnerrd_to_I10interchange,SB,0.39,0.59,13.7
6/17/2025 17:00,varnerrd_to_I10interchange,SB,0.35,0.55,13.8
6/17/2025 18:00,varnerrd_to_I10interchange,SB,0.25,0.45,17.6
6/17/2025 19:00,varnerrd_to_I10interchange,SB,0.28,0.48,16.2
6/17/2025 20:00,varnerrd_to_I10interchange,SB,0.26,0.45,24.4
6/17/2025 21:00,varnerrd_to_I10interchange,SB,0.21,0.4,26.1
6/17/2025 22:00,varnerrd_to_I10interchange,SB,0.26,0.46,17.8
6/17/2025 23:00,varnerrd_to_I10interchange,SB,0.2,0.4,20.5
6/18/2025 0:00,varnerrd_to_I10interchange,SB,0.2,0.4,20.5
6/18/2025 1:00,varnerrd_to_I10interchange,SB,0.15,0.34,24.8
6/18/2025 2:00,varnerrd_to_I10interchange,SB,0.05,0.25,31.9
6/18/2025 3:00,varnerrd_to_I10interchange,SB,0.06,0.25,32.3
6/18/2025 4:00,varnerrd_to_I10interchange,SB,0.02,0.21,35.6
6/18/2025 5:00,varnerrd_to_I10interchange,SB,0.11,0.31,25.5
6/18/2025 6:00,varnerrd_to_I10interchange,SB,0.29,0.49,18
6/18/2025 7:00,varnerrd_to_I10interchange,SB,0.34,0.54,14.2
6/18/2025 8:00,varnerrd_to_I10interchange,SB,0.36,0.56,14.1
6/18/2025 9:00,varnerrd_to_I10interchange,SB,0.32,0.52,15.2
6/18/2025 10:00,varnerrd_to_I10interchange,SB,0.24,0.44,17.6
6/18/2025 11:00,varnerrd_to_I10interchange,SB,0.32,0.52,16
6/18/2025 12:00,varnerrd_to_I10interchange,SB,0.34,0.54,14.9
6/18/2025 13:00,varnerrd_to_I10interchange,SB,0.36,0.56,15.7
6/18/2025 14:00,varnerrd_to_I10interchange,SB,0.42,0.62,13.7
6/18/2025 15:00,varnerrd_to_I10interchange,SB,0.37,0.57,14.2
6/18/2025 16:00,varnerrd_to_I10interchange,SB,0.38,0.58,13.9
6/18/2025 17:00,varnerrd_to_I10interchange,SB,0.37,0.57,13.4
6/18/2025 18:00,varnerrd_to_I10interchange,SB,0.29,0.49,15.8
6/18/2025 19:00,varnerrd_to_I10interchange,SB,0.17,0.37,20.9
6/18/2025 20:00,varnerrd_to_I10interchange,SB,0.38,0.58,13.6
6/18/2025 21:00,varnerrd_to_I10interchange,SB,0.18,0.38,22.1
6/18/2025 22:00,varnerrd_to_I10interchange,SB,0.18,0.38,20.2
6/18/2025 23:00,varnerrd_to_I10interchange,SB,0.13,0.33,23.5
6/19/2025 0:00,varnerrd_to_I10interchange,SB,0.07,0.27,28.7
6/19/2025 1:00,varnerrd_to_I10interchange,SB,0.07,0.26,30.9
6/19/2025 2:00,varnerrd_to_I10interchange,SB,0.05,0.24,32.5
6/19/2025 3:00,varnerrd_to_I10interchange,SB,0.04,0.23,34.1
6/19/2025 4:00,varnerrd_to_I10interchange,SB,0.02,0.22,34.6
6/19/2025 5:00,varnerrd_to_I10interchange,SB,0.21,0.4,21.8
6/19/2025 6:00,varnerrd_to_I10interchange,SB,0.21,0.41,19.7
6/19/2025 7:00,varnerrd_to_I10interchange,SB,0.31,0.51,15.2
6/19/2025 8:00,varnerrd_to_I10interchange,SB,0.18,0.38,20.7
6/19/2025 9:00,varnerrd_to_I10interchange,SB,0.24,0.44,17.9
6/19/2025 10:00,varnerrd_to_I10interchange,SB,0.32,0.52,15.3
6/19/2025 11:00,varnerrd_to_I10interchange,SB,0.24,0.44,18
6/19/2025 12:00,varnerrd_to_I10interchange,SB,0.39,0.59,13.3
6/19/2025 13:00,varnerrd_to_I10interchange,SB,0.32,0.52,14.6
6/19/2025 14:00,varnerrd_to_I10interchange,SB,0.34,0.54,14.2
6/19/2025 15:00,varnerrd_to_I10interchange,SB,0.44,0.64,12.7
6/19/2025 16:00,varnerrd_to_I10interchange,SB,0.23,0.43,18
6/19/2025 17:00,varnerrd_to_I10interchange,SB,0.38,0.58,13.8
6/19/2025 18:00,varnerrd_to_I10interchange,SB,0.37,0.56,13.9
6/19/2025 19:00,varnerrd_to_I10interchange,SB,0.17,0.37,21.4
6/19/2025 20:00,varnerrd_to_I10interchange,SB,0.27,0.47,16.9
6/19/2025 21:00,varnerrd_to_I10interchange,SB,0.27,0.47,17.3
6/19/2025 22:00,varnerrd_to_I10interchange,SB,0.11,0.31,25.6
6/19/2025 23:00,varnerrd_to_I10interchange,SB,0.13,0.33,25.7
6/20/2025 0:00,varnerrd_to_I10interchange,SB,0.1,0.29,26.5
6/20/2025 1:00,varnerrd_to_I10interchange,SB,0.11,0.31,25.9
6/20/2025 2:00,varnerrd_to_I10interchange,SB,0.02,0.21,37
6/20/2025 3:00,varnerrd_to_I10interchange,SB,0,0.18,41.9
6/20/2025 4:00,varnerrd_to_I10interchange,SB,0.05,0.24,32.1
6/20/2025 5:00,varnerrd_to_I10interchange,SB,0.08,0.28,29.8
6/20/2025 6:00,varnerrd_to_I10interchange,SB,0.23,0.42,19.6
6/20/2025 7:00,varnerrd_to_I10interchange,SB,0.35,0.54,14.2
6/20/2025 8:00,varnerrd_to_I10interchange,SB,0.34,0.54,14.7
6/20/2025 9:00,varnerrd_to_I10interchange,SB,0.33,0.53,14.9
6/20/2025 10:00,varnerrd_to_I10interchange,SB,0.27,0.47,16.9
6/20/2025 11:00,varnerrd_to_I10interchange,SB,0.24,0.44,17.7
6/20/2025 12:00,varnerrd_to_I10interchange,SB,0.2,0.4,19.9
6/20/2025 13:00,varnerrd_to_I10interchange,SB,0.3,0.49,15.7
6/20/2025 14:00,varnerrd_to_I10interchange,SB,0.27,0.46,17.3
6/20/2025 15:00,varnerrd_to_I10interchange,SB,0.37,0.57,13.8
6/20/2025 16:00,varnerrd_to_I10interchange,SB,0.38,0.58,13.4
6/20/2025 17:00,varnerrd_to_I10interchange,SB,0.3,0.5,15.5
6/20/2025 18:00,varnerrd_to_I10interchange,SB,0.31,0.51,16.2
6/20/2025 19:00,varnerrd_to_I10interchange,SB,0.21,0.41,19.1
6/20/2025 20:00,varnerrd_to_I10interchange,SB,0.23,0.43,20.8
6/20/2025 21:00,varnerrd_to_I10interchange,SB,0.35,0.55,16.7
6/20/2025 22:00,varnerrd_to_I10interchange,SB,0.24,0.43,19.7
6/20/2025 23:00,varnerrd_to_I10interchange,SB,0.23,0.43,18.4
6/21/2025 0:00,varnerrd_to_I10interchange,SB,0.1,0.29,26.6
6/21/2025 1:00,varnerrd_to_I10interchange,SB,0.09,0.28,27.5
6/21/2025 2:00,varnerrd_to_I10interchange,SB,0.04,0.22,35
6/21/2025 3:00,varnerrd_to_I10interchange,SB,0.02,0.21,36.4
6/21/2025 4:00,varnerrd_to_I10interchange,SB,0.04,0.23,34.2
6/21/2025 5:00,varnerrd_to_I10interchange,SB,0.19,0.39,20.4
6/21/2025 6:00,varnerrd_to_I10interchange,SB,0.25,0.45,17.2
6/21/2025 7:00,varnerrd_to_I10interchange,SB,0.27,0.47,16.3
6/21/2025 8:00,varnerrd_to_I10interchange,SB,0.26,0.46,17
6/21/2025 9:00,varnerrd_to_I10interchange,SB,0.26,0.46,17.5
6/21/2025 10:00,varnerrd_to_I10interchange,SB,0.26,0.46,16.7
6/21/2025 11:00,varnerrd_to_I10interchange,SB,0.28,0.48,16.6
6/21/2025 12:00,varnerrd_to_I10interchange,SB,0.3,0.5,15.9
6/21/2025 13:00,varnerrd_to_I10interchange,SB,0.4,0.6,13
6/21/2025 14:00,varnerrd_to_I10interchange,SB,0.35,0.55,15.1
6/21/2025 15:00,varnerrd_to_I10interchange,SB,0.33,0.53,15.2
6/21/2025 16:00,varnerrd_to_I10interchange,SB,0.32,0.52,15.4
6/21/2025 17:00,varnerrd_to_I10interchange,SB,0.2,0.4,22.6
6/21/2025 18:00,varnerrd_to_I10interchange,SB,0.32,0.52,15.6
6/21/2025 19:00,varnerrd_to_I10interchange,SB,0.18,0.38,21.6
6/21/2025 20:00,varnerrd_to_I10interchange,SB,0.2,0.4,19.8
6/21/2025 21:00,varnerrd_to_I10interchange,SB,0.33,0.53,14.9
6/21/2025 22:00,varnerrd_to_I10interchange,SB,0.2,0.4,19.9
6/21/2025 23:00,varnerrd_to_I10interchange,SB,0.43,0.63,12.2
6/22/2025 0:00,varnerrd_to_I10interchange,SB,0.21,0.41,18.8
6/22/2025 1:00,varnerrd_to_I10interchange,SB,0.06,0.25,30.7
6/22/2025 2:00,varnerrd_to_I10interchange,SB,0.07,0.27,28.8
6/22/2025 3:00,varnerrd_to_I10interchange,SB,0.06,0.26,29.3
6/22/2025 4:00,varnerrd_to_I10interchange,SB,0.07,0.26,31.3
6/22/2025 5:00,varnerrd_to_I10interchange,SB,0.18,0.37,25.8
6/22/2025 6:00,varnerrd_to_I10interchange,SB,0.18,0.38,23.4
6/22/2025 7:00,varnerrd_to_I10interchange,SB,0.27,0.47,17.3
6/22/2025 8:00,varnerrd_to_I10interchange,SB,0.15,0.35,22.8
6/22/2025 9:00,varnerrd_to_I10interchange,SB,0.26,0.46,17.6
6/22/2025 10:00,varnerrd_to_I10interchange,SB,0.28,0.48,16.1
6/22/2025 11:00,varnerrd_to_I10interchange,SB,0.24,0.44,17.9
6/22/2025 12:00,varnerrd_to_I10interchange,SB,0.23,0.43,19.7
6/22/2025 13:00,varnerrd_to_I10interchange,SB,0.3,0.5,17.6
6/22/2025 14:00,varnerrd_to_I10interchange,SB,0.33,0.53,14.7
6/22/2025 15:00,varnerrd_to_I10interchange,SB,0.25,0.45,17
6/22/2025 16:00,varnerrd_to_I10interchange,SB,0.37,0.57,13.5
6/22/2025 17:00,varnerrd_to_I10interchange,SB,0.38,0.58,13.8
6/22/2025 18:00,varnerrd_to_I10interchange,SB,0.26,0.46,18.3
6/22/2025 19:00,varnerrd_to_I10interchange,SB,0.23,0.43,19.3
6/22/2025 20:00,varnerrd_to_I10interchange,SB,0.21,0.41,20.7
6/22/2025 21:00,varnerrd_to_I10interchange,SB,0.32,0.52,14.9
6/22/2025 22:00,varnerrd_to_I10interchange,SB,0.12,0.32,25.7
6/22/2025 23:00,varnerrd_to_I10interchange,SB,0.11,0.31,25.4
6/23/2025 0:00,varnerrd_to_I10interchange,SB,0.11,0.31,27.1
6/23/2025 1:00,varnerrd_to_I10interchange,SB,0.13,0.32,24.1
6/23/2025 2:00,varnerrd_to_I10interchange,SB,0.05,0.24,33.1
6/23/2025 3:00,varnerrd_to_I10interchange,SB,0.03,0.21,38.3
6/23/2025 4:00,varnerrd_to_I10interchange,SB,0.08,0.27,29.5
6/23/2025 5:00,varnerrd_to_I10interchange,SB,0.23,0.43,18.9
6/23/2025 6:00,varnerrd_to_I10interchange,SB,0.31,0.51,15.9
6/23/2025 7:00,varnerrd_to_I10interchange,SB,0.25,0.45,18.1
6/23/2025 8:00,varnerrd_to_I10interchange,SB,0.29,0.49,16.1
6/23/2025 9:00,varnerrd_to_I10interchange,SB,0.34,0.54,14.5
6/23/2025 10:00,varnerrd_to_I10interchange,SB,0.31,0.51,15.5
6/23/2025 11:00,varnerrd_to_I10interchange,SB,0.2,0.4,19.8
6/23/2025 12:00,varnerrd_to_I10interchange,SB,0.32,0.52,15
6/23/2025 13:00,varnerrd_to_I10interchange,SB,0.34,0.54,14.7
6/23/2025 14:00,varnerrd_to_I10interchange,SB,0.31,0.51,15.8
6/23/2025 15:00,varnerrd_to_I10interchange,SB,0.28,0.48,16.4
6/23/2025 16:00,varnerrd_to_I10interchange,SB,0.28,0.48,16.6
6/23/2025 17:00,varnerrd_to_I10interchange,SB,0.27,0.47,16.4
6/23/2025 18:00,varnerrd_to_I10interchange,SB,0.32,0.52,15.6
6/23/2025 19:00,varnerrd_to_I10interchange,SB,0.27,0.47,17.3
6/23/2025 20:00,varnerrd_to_I10interchange,SB,0.35,0.55,14.2
6/23/2025 21:00,varnerrd_to_I10interchange,SB,0.27,0.47,16.6
6/23/2025 22:00,varnerrd_to_I10interchange,SB,0.18,0.38,21
6/23/2025 23:00,varnerrd_to_I10interchange,SB,0.09,0.29,26.8
6/24/2025 0:00,varnerrd_to_I10interchange,SB,0.04,0.23,33.9
6/24/2025 1:00,varnerrd_to_I10interchange,SB,0.08,0.27,28.6
6/24/2025 2:00,varnerrd_to_I10interchange,SB,0,0.19,40.4
6/24/2025 3:00,varnerrd_to_I10interchange,SB,0,0.17,44
6/24/2025 4:00,varnerrd_to_I10interchange,SB,0.08,0.27,28.5
6/24/2025 5:00,varnerrd_to_I10interchange,SB,0.21,0.41,21.2
6/24/2025 6:00,varnerrd_to_I10interchange,SB,0.32,0.52,15.3
6/24/2025 7:00,varnerrd_to_I10interchange,SB,0.38,0.58,14
6/24/2025 8:00,varnerrd_to_I10interchange,SB,0.35,0.55,14.5
6/24/2025 9:00,varnerrd_to_I10interchange,SB,0.49,0.69,11.2
6/24/2025 10:00,varnerrd_to_I10interchange,SB,0.29,0.49,15.6
6/24/2025 11:00,varnerrd_to_I10interchange,SB,0.27,0.47,16.9
6/24/2025 12:00,varnerrd_to_I10interchange,SB,0.24,0.44,18.1
6/24/2025 13:00,varnerrd_to_I10interchange,SB,0.24,0.44,17.9
6/24/2025 14:00,varnerrd_to_I10interchange,SB,0.3,0.49,15.9
6/24/2025 15:00,varnerrd_to_I10interchange,SB,0.36,0.56,14.1
6/24/2025 16:00,varnerrd_to_I10interchange,SB,0.32,0.51,15.7
6/24/2025 17:00,varnerrd_to_I10interchange,SB,0.28,0.48,16.2
6/24/2025 18:00,varnerrd_to_I10interchange,SB,0.33,0.53,16.5
6/24/2025 19:00,varnerrd_to_I10interchange,SB,0.16,0.36,22.7
6/24/2025 20:00,varnerrd_to_I10interchange,SB,0.19,0.39,20
6/24/2025 21:00,varnerrd_to_I10interchange,SB,0.13,0.33,23.2
6/24/2025 22:00,varnerrd_to_I10interchange,SB,0.27,0.47,16.6
6/24/2025 23:00,varnerrd_to_I10interchange,SB,0.21,0.41,18.7
6/25/2025 0:00,varnerrd_to_I10interchange,SB,0.04,0.23,33.4
6/25/2025 1:00,varnerrd_to_I10interchange,SB,0.02,0.2,37.9
6/25/2025 2:00,varnerrd_to_I10interchange,SB,0.01,0.2,37.3
6/25/2025 3:00,varnerrd_to_I10interchange,SB,0,0.17,43.5
6/25/2025 4:00,varnerrd_to_I10interchange,SB,0.11,0.31,27.9
6/25/2025 5:00,varnerrd_to_I10interchange,SB,0.17,0.37,21.7
6/25/2025 6:00,varnerrd_to_I10interchange,SB,0.28,0.48,16.8
6/25/2025 7:00,varnerrd_to_I10interchange,SB,0.26,0.46,17.9
6/25/2025 8:00,varnerrd_to_I10interchange,SB,0.42,0.62,12.5
6/25/2025 9:00,varnerrd_to_I10interchange,SB,0.26,0.46,17.1
6/25/2025 10:00,varnerrd_to_I10interchange,SB,0.18,0.37,20.6
6/25/2025 11:00,varnerrd_to_I10interchange,SB,0.28,0.48,16
6/25/2025 12:00,varnerrd_to_I10interchange,SB,0.27,0.46,16.9
6/25/2025 13:00,varnerrd_to_I10interchange,SB,0.29,0.49,16.1
6/25/2025 14:00,varnerrd_to_I10interchange,SB,0.39,0.59,13.8
6/25/2025 15:00,varnerrd_to_I10interchange,SB,0.31,0.5,15.6
6/25/2025 16:00,varnerrd_to_I10interchange,SB,0.29,0.49,16.2
6/25/2025 17:00,varnerrd_to_I10interchange,SB,0.34,0.54,15
6/25/2025 18:00,varnerrd_to_I10interchange,SB,0.36,0.56,13.9
6/25/2025 19:00,varnerrd_to_I10interchange,SB,0.17,0.37,21.1
6/25/2025 20:00,varnerrd_to_I10interchange,SB,0.21,0.41,20.1
6/25/2025 21:00,varnerrd_to_I10interchange,SB,0.24,0.44,18.1
6/25/2025 22:00,varnerrd_to_I10interchange,SB,0.14,0.34,22.4
6/25/2025 23:00,varnerrd_to_I10interchange,SB,0.12,0.32,25.6
6/26/2025 0:00,varnerrd_to_I10interchange,SB,0.03,0.23,33
6/26/2025 1:00,varnerrd_to_I10interchange,SB,0.02,0.21,36.1
6/26/2025 2:00,varnerrd_to_I10interchange,SB,0.03,0.21,35.8
6/26/2025 3:00,varnerrd_to_I10interchange,SB,0.05,0.24,33.9
6/26/2025 4:00,varnerrd_to_I10interchange,SB,0.19,0.39,20.3
6/26/2025 5:00,varnerrd_to_I10interchange,SB,0.18,0.38,20.6
6/26/2025 6:00,varnerrd_to_I10interchange,SB,0.34,0.53,14.9
6/26/2025 7:00,varnerrd_to_I10interchange,SB,0.28,0.48,16.2
6/26/2025 8:00,varnerrd_to_I10interchange,SB,0.35,0.55,14.6
6/26/2025 9:00,varnerrd_to_I10interchange,SB,0.37,0.57,14.2
6/26/2025 10:00,varnerrd_to_I10interchange,SB,0.31,0.51,15.3
6/26/2025 11:00,varnerrd_to_I10interchange,SB,0.33,0.53,14.8
6/26/2025 12:00,varnerrd_to_I10interchange,SB,0.26,0.46,17
6/26/2025 13:00,varnerrd_to_I10interchange,SB,0.31,0.51,15
6/26/2025 14:00,varnerrd_to_I10interchange,SB,0.45,0.64,12.2
6/26/2025 15:00,varnerrd_to_I10interchange,SB,0.32,0.52,15
6/26/2025 16:00,varnerrd_to_I10interchange,SB,0.4,0.6,13.1
6/26/2025 17:00,varnerrd_to_I10interchange,SB,0.34,0.54,14.3
6/26/2025 18:00,varnerrd_to_I10interchange,SB,0.45,0.65,11.9
6/26/2025 19:00,varnerrd_to_I10interchange,SB,0.18,0.38,20.9
6/26/2025 20:00,varnerrd_to_I10interchange,SB,0.19,0.39,20.1
6/26/2025 21:00,varnerrd_to_I10interchange,SB,0.3,0.5,15.6
6/26/2025 22:00,varnerrd_to_I10interchange,SB,0.13,0.33,24
6/26/2025 23:00,varnerrd_to_I10interchange,SB,0.11,0.31,25
6/27/2025 0:00,varnerrd_to_I10interchange,SB,0.23,0.42,18
6/27/2025 1:00,varnerrd_to_I10interchange,SB,0.07,0.26,33
6/27/2025 2:00,varnerrd_to_I10interchange,SB,0,0.17,43.9
6/27/2025 3:00,varnerrd_to_I10interchange,SB,0.07,0.26,30.4
6/27/2025 4:00,varnerrd_to_I10interchange,SB,0.14,0.34,23.5
6/27/2025 5:00,varnerrd_to_I10interchange,SB,0.24,0.44,19.1
6/27/2025 6:00,varnerrd_to_I10interchange,SB,0.22,0.42,18.9
6/27/2025 7:00,varnerrd_to_I10interchange,SB,0.45,0.65,11.9
6/27/2025 8:00,varnerrd_to_I10interchange,SB,0.29,0.49,16
6/27/2025 9:00,varnerrd_to_I10interchange,SB,0.41,0.61,12.8
6/27/2025 10:00,varnerrd_to_I10interchange,SB,0.4,0.6,13.5
6/27/2025 11:00,varnerrd_to_I10interchange,SB,0.29,0.49,15.7
6/27/2025 12:00,varnerrd_to_I10interchange,SB,0.33,0.53,14.8
6/27/2025 13:00,varnerrd_to_I10interchange,SB,0.33,0.53,15.4
6/27/2025 14:00,varnerrd_to_I10interchange,SB,0.4,0.6,12.8
6/27/2025 15:00,varnerrd_to_I10interchange,SB,0.34,0.54,14.7
6/27/2025 16:00,varnerrd_to_I10interchange,SB,0.34,0.54,14.3
6/27/2025 17:00,varnerrd_to_I10interchange,SB,0.44,0.64,12.4
6/27/2025 18:00,varnerrd_to_I10interchange,SB,0.27,0.47,17.2
6/27/2025 19:00,varnerrd_to_I10interchange,SB,0.17,0.36,22
6/27/2025 20:00,varnerrd_to_I10interchange,SB,0.3,0.5,15.6
6/27/2025 21:00,varnerrd_to_I10interchange,SB,0.29,0.49,16.4
6/27/2025 22:00,varnerrd_to_I10interchange,SB,0.18,0.38,20.7
6/27/2025 23:00,varnerrd_to_I10interchange,SB,0.13,0.33,25
6/28/2025 0:00,varnerrd_to_I10interchange,SB,0.1,0.29,25.9
6/28/2025 1:00,varnerrd_to_I10interchange,SB,0.12,0.32,24
6/28/2025 2:00,varnerrd_to_I10interchange,SB,0.03,0.23,34.1
6/28/2025 3:00,varnerrd_to_I10interchange,SB,0.1,0.29,28.5
6/28/2025 4:00,varnerrd_to_I10interchange,SB,0.02,0.21,35.7
6/28/2025 5:00,varnerrd_to_I10interchange,SB,0.07,0.26,29.7
6/28/2025 6:00,varnerrd_to_I10interchange,SB,0.26,0.46,17.6
6/28/2025 7:00,varnerrd_to_I10interchange,SB,0.35,0.55,14.7
6/28/2025 8:00,varnerrd_to_I10interchange,SB,0.26,0.46,17.9
6/28/2025 9:00,varnerrd_to_I10interchange,SB,0.25,0.45,17.8
6/28/2025 10:00,varnerrd_to_I10interchange,SB,0.32,0.52,15.7
6/28/2025 11:00,varnerrd_to_I10interchange,SB,0.18,0.38,21.2
6/28/2025 12:00,varnerrd_to_I10interchange,SB,0.32,0.52,14.9
6/28/2025 13:00,varnerrd_to_I10interchange,SB,0.37,0.57,13.8
6/28/2025 14:00,varnerrd_to_I10interchange,SB,0.32,0.52,14.8
6/28/2025 15:00,varnerrd_to_I10interchange,SB,0.33,0.53,14.6
6/28/2025 16:00,varnerrd_to_I10interchange,SB,0.27,0.47,18.2
6/28/2025 17:00,varnerrd_to_I10interchange,SB,0.19,0.39,22.1
6/28/2025 18:00,varnerrd_to_I10interchange,SB,0.41,0.61,13
6/28/2025 19:00,varnerrd_to_I10interchange,SB,0.22,0.42,19.6
6/28/2025 20:00,varnerrd_to_I10interchange,SB,0.33,0.53,15.3
6/28/2025 21:00,varnerrd_to_I10interchange,SB,0.29,0.49,16.1
6/28/2025 22:00,varnerrd_to_I10interchange,SB,0.31,0.51,16.4
6/28/2025 23:00,varnerrd_to_I10interchange,SB,0.11,0.31,25.7
6/29/2025 0:00,varnerrd_to_I10interchange,SB,0.07,0.26,30.3
6/29/2025 1:00,varnerrd_to_I10interchange,SB,0.07,0.26,29
6/29/2025 2:00,varnerrd_to_I10interchange,SB,0.1,0.3,25.2
6/29/2025 3:00,varnerrd_to_I10interchange,SB,0.14,0.32,25.1
6/29/2025 4:00,varnerrd_to_I10interchange,SB,0.05,0.24,33.2
6/29/2025 5:00,varnerrd_to_I10interchange,SB,0.03,0.22,34.1
6/29/2025 6:00,varnerrd_to_I10interchange,SB,0.08,0.28,27.6
6/29/2025 7:00,varnerrd_to_I10interchange,SB,0.34,0.54,14.9
6/29/2025 8:00,varnerrd_to_I10interchange,SB,0.23,0.43,21.2
6/29/2025 9:00,varnerrd_to_I10interchange,SB,0.34,0.54,15
6/29/2025 10:00,varnerrd_to_I10interchange,SB,0.25,0.45,17
6/29/2025 11:00,varnerrd_to_I10interchange,SB,0.31,0.51,15.5
6/29/2025 12:00,varnerrd_to_I10interchange,SB,0.26,0.46,17.4
6/29/2025 13:00,varnerrd_to_I10interchange,SB,0.32,0.52,14.8
6/29/2025 14:00,varnerrd_to_I10interchange,SB,0.22,0.42,18.6
6/29/2025 15:00,varnerrd_to_I10interchange,SB,0.31,0.51,16.8
6/29/2025 16:00,varnerrd_to_I10interchange,SB,0.43,0.63,12.4
6/29/2025 17:00,varnerrd_to_I10interchange,SB,0.2,0.4,19.2
6/29/2025 18:00,varnerrd_to_I10interchange,SB,0.31,0.51,16
6/29/2025 19:00,varnerrd_to_I10interchange,SB,0.17,0.37,20.8
6/29/2025 20:00,varnerrd_to_I10interchange,SB,0.26,0.46,17.2
6/29/2025 21:00,varnerrd_to_I10interchange,SB,0.27,0.46,17.6
6/29/2025 22:00,varnerrd_to_I10interchange,SB,0.12,0.32,24.4
6/29/2025 23:00,varnerrd_to_I10interchange,SB,0.13,0.33,25.6
6/30/2025 0:00,varnerrd_to_I10interchange,SB,0.09,0.29,26.2
6/30/2025 1:00,varnerrd_to_I10interchange,SB,0.1,0.3,25.6
6/30/2025 2:00,varnerrd_to_I10interchange,SB,0.04,0.23,32.9
6/30/2025 3:00,varnerrd_to_I10interchange,SB,0.05,0.23,32.8
6/30/2025 4:00,varnerrd_to_I10interchange,SB,0.07,0.27,27.9
6/30/2025 5:00,varnerrd_to_I10interchange,SB,0.12,0.31,24.8
6/30/2025 6:00,varnerrd_to_I10interchange,SB,0.31,0.51,15.6
6/30/2025 7:00,varnerrd_to_I10interchange,SB,0.32,0.52,14.9
6/30/2025 8:00,varnerrd_to_I10interchange,SB,0.39,0.59,13.6
6/30/2025 9:00,varnerrd_to_I10interchange,SB,0.35,0.55,15.4
6/30/2025 10:00,varnerrd_to_I10interchange,SB,0.35,0.54,14.2
6/30/2025 11:00,varnerrd_to_I10interchange,SB,0.24,0.44,18
6/30/2025 12:00,varnerrd_to_I10interchange,SB,0.33,0.53,15.2
6/30/2025 13:00,varnerrd_to_I10interchange,SB,0.34,0.54,15.2
6/30/2025 14:00,varnerrd_to_I10interchange,SB,0.39,0.59,13.2
6/30/2025 15:00,varnerrd_to_I10interchange,SB,0.33,0.52,14.8
6/30/2025 16:00,varnerrd_to_I10interchange,SB,0.37,0.57,13.9
6/30/2025 17:00,varnerrd_to_I10interchange,SB,0.41,0.61,12.8
6/30/2025 18:00,varnerrd_to_I10interchange,SB,0.24,0.43,18.1
6/30/2025 19:00,varnerrd_to_I10interchange,SB,0.08,0.27,30.5
6/30/2025 20:00,varnerrd_to_I10interchange,SB,0.27,0.47,17.1
6/30/2025 21:00,varnerrd_to_I10interchange,SB,0.13,0.33,23.7
6/30/2025 22:00,varnerrd_to_I10interchange,SB,0.21,0.41,20.4
6/30/2025 23:00,varnerrd_to_I10interchange,SB,0.23,0.43,19.4
7/1/2025 0:00,varnerrd_to_I10interchange,SB,0.17,0.37,21.4
7/1/2025 1:00,varnerrd_to_I10interchange,SB,0.02,0.21,35.4
7/1/2025 2:00,varnerrd_to_I10interchange,SB,0.01,0.2,38.3
7/1/2025 3:00,varnerrd_to_I10interchange,SB,0.01,0.2,38
7/1/2025 4:00,varnerrd_to_I10interchange,SB,0.12,0.31,26
7/1/2025 5:00,varnerrd_to_I10interchange,SB,0.14,0.34,25
7/1/2025 6:00,varnerrd_to_I10interchange,SB,0.2,0.4,19.8
7/1/2025 7:00,varnerrd_to_I10interchange,SB,0.32,0.52,15.6
7/1/2025 8:00,varnerrd_to_I10interchange,SB,0.39,0.59,13.1
7/1/2025 9:00,varnerrd_to_I10interchange,SB,0.39,0.59,12.9
7/1/2025 10:00,varnerrd_to_I10interchange,SB,0.32,0.51,15.2
7/1/2025 11:00,varnerrd_to_I10interchange,SB,0.32,0.52,14.9
7/1/2025 12:00,varnerrd_to_I10interchange,SB,0.28,0.48,16.4
7/1/2025 13:00,varnerrd_to_I10interchange,SB,0.31,0.51,15.6
7/1/2025 14:00,varnerrd_to_I10interchange,SB,0.3,0.5,16
7/1/2025 15:00,varnerrd_to_I10interchange,SB,0.34,0.54,14.6
7/1/2025 16:00,varnerrd_to_I10interchange,SB,0.36,0.56,14.5
7/1/2025 17:00,varnerrd_to_I10interchange,SB,0.34,0.54,14.7
7/1/2025 18:00,varnerrd_to_I10interchange,SB,0.29,0.49,15.8
7/1/2025 19:00,varnerrd_to_I10interchange,SB,0.2,0.4,19.7
7/1/2025 20:00,varnerrd_to_I10interchange,SB,0.27,0.47,16.2
7/1/2025 21:00,varnerrd_to_I10interchange,SB,0.15,0.35,22.2
7/1/2025 22:00,varnerrd_to_I10interchange,SB,0.15,0.34,23.2
7/1/2025 23:00,varnerrd_to_I10interchange,SB,0.16,0.36,21.7
7/2/2025 0:00,varnerrd_to_I10interchange,SB,0.15,0.35,22.6
7/2/2025 1:00,varnerrd_to_I10interchange,SB,0.05,0.24,32.6
7/2/2025 2:00,varnerrd_to_I10interchange,SB,0.01,0.2,37.3
7/2/2025 3:00,varnerrd_to_I10interchange,SB,0.01,0.18,41
7/2/2025 4:00,varnerrd_to_I10interchange,SB,0.08,0.28,27.6
7/2/2025 5:00,varnerrd_to_I10interchange,SB,0.22,0.42,20.6
7/2/2025 6:00,varnerrd_to_I10interchange,SB,0.26,0.46,17.1
7/2/2025 7:00,varnerrd_to_I10interchange,SB,0.35,0.54,15.2
7/2/2025 8:00,varnerrd_to_I10interchange,SB,0.35,0.55,14.1
7/2/2025 9:00,varnerrd_to_I10interchange,SB,0.31,0.51,15.3
7/2/2025 10:00,varnerrd_to_I10interchange,SB,0.34,0.54,14.4
7/2/2025 11:00,varnerrd_to_I10interchange,SB,0.29,0.49,16.5
7/2/2025 12:00,varnerrd_to_I10interchange,SB,0.27,0.47,16.7
7/2/2025 13:00,varnerrd_to_I10interchange,SB,0.37,0.57,13.6
7/2/2025 14:00,varnerrd_to_I10interchange,SB,0.32,0.52,14.9
7/2/2025 15:00,varnerrd_to_I10interchange,SB,0.34,0.54,15.6
7/2/2025 16:00,varnerrd_to_I10interchange,SB,0.39,0.59,13.2
7/2/2025 17:00,varnerrd_to_I10interchange,SB,0.27,0.47,16.1
7/2/2025 18:00,varnerrd_to_I10interchange,SB,0.32,0.52,15.5
7/2/2025 19:00,varnerrd_to_I10interchange,SB,0.16,0.36,21.7
7/2/2025 20:00,varnerrd_to_I10interchange,SB,0.22,0.42,18.3
7/2/2025 21:00,varnerrd_to_I10interchange,SB,0.27,0.47,16.5
7/2/2025 22:00,varnerrd_to_I10interchange,SB,0.2,0.4,19.3
7/2/2025 23:00,varnerrd_to_I10interchange,SB,0.18,0.38,20.3
7/3/2025 0:00,varnerrd_to_I10interchange,SB,0.06,0.25,29.7
7/3/2025 1:00,varnerrd_to_I10interchange,SB,0.01,0.18,41.2
7/3/2025 2:00,varnerrd_to_I10interchange,SB,0.04,0.23,35.5
7/3/2025 3:00,varnerrd_to_I10interchange,SB,0.05,0.23,34.4
7/3/2025 4:00,varnerrd_to_I10interchange,SB,0.07,0.26,30.5
7/3/2025 5:00,varnerrd_to_I10interchange,SB,0.37,0.57,14.1
7/3/2025 6:00,varnerrd_to_I10interchange,SB,0.39,0.59,13.9
7/3/2025 7:00,varnerrd_to_I10interchange,SB,0.28,0.48,16.2
7/3/2025 8:00,varnerrd_to_I10interchange,SB,0.37,0.57,14.2
7/3/2025 9:00,varnerrd_to_I10interchange,SB,0.33,0.52,15.2
7/3/2025 10:00,varnerrd_to_I10interchange,SB,0.25,0.45,18.2
7/3/2025 11:00,varnerrd_to_I10interchange,SB,0.26,0.46,17.1
7/3/2025 12:00,varnerrd_to_I10interchange,SB,0.33,0.53,14.8
7/3/2025 13:00,varnerrd_to_I10interchange,SB,0.35,0.55,15.2
7/3/2025 14:00,varnerrd_to_I10interchange,SB,0.27,0.47,16.4
7/3/2025 15:00,varnerrd_to_I10interchange,SB,0.18,0.38,20.6
7/3/2025 16:00,varnerrd_to_I10interchange,SB,0.34,0.54,14.9
7/3/2025 17:00,varnerrd_to_I10interchange,SB,0.34,0.54,14.2
7/3/2025 18:00,varnerrd_to_I10interchange,SB,0.24,0.44,17.7
7/3/2025 19:00,varnerrd_to_I10interchange,SB,0.12,0.32,24.5
7/3/2025 20:00,varnerrd_to_I10interchange,SB,0.27,0.47,16.2
7/3/2025 21:00,varnerrd_to_I10interchange,SB,0.34,0.53,15
7/3/2025 22:00,varnerrd_to_I10interchange,SB,0.13,0.32,24
7/3/2025 23:00,varnerrd_to_I10interchange,SB,0.15,0.34,22.5
7/4/2025 0:00,varnerrd_to_I10interchange,SB,0.05,0.24,31.4
7/4/2025 1:00,varnerrd_to_I10interchange,SB,0.03,0.22,34.9
7/4/2025 2:00,varnerrd_to_I10interchange,SB,0.08,0.28,27.2
7/4/2025 3:00,varnerrd_to_I10interchange,SB,0.04,0.23,34.3
7/4/2025 4:00,varnerrd_to_I10interchange,SB,0.04,0.24,31.7
7/4/2025 5:00,varnerrd_to_I10interchange,SB,0.13,0.32,25.4
7/4/2025 6:00,varnerrd_to_I10interchange,SB,0.15,0.35,23.3
7/4/2025 7:00,varnerrd_to_I10interchange,SB,0.09,0.29,26.7
7/4/2025 8:00,varnerrd_to_I10interchange,SB,0.24,0.44,19.9
7/4/2025 9:00,varnerrd_to_I10interchange,SB,0.25,0.45,17.9
7/4/2025 10:00,varnerrd_to_I10interchange,SB,0.17,0.37,21.2
7/4/2025 11:00,varnerrd_to_I10interchange,SB,0.23,0.43,19.4
7/4/2025 12:00,varnerrd_to_I10interchange,SB,0.24,0.44,18
7/4/2025 13:00,varnerrd_to_I10interchange,SB,0.33,0.53,15.3
7/4/2025 14:00,varnerrd_to_I10interchange,SB,0.22,0.42,18.9
7/4/2025 15:00,varnerrd_to_I10interchange,SB,0.26,0.46,19.9
7/4/2025 16:00,varnerrd_to_I10interchange,SB,0.28,0.48,18.8
7/4/2025 17:00,varnerrd_to_I10interchange,SB,0.25,0.45,17.9
7/4/2025 18:00,varnerrd_to_I10interchange,SB,0.27,0.47,16.7
7/4/2025 19:00,varnerrd_to_I10interchange,SB,0.1,0.3,25.1
7/4/2025 20:00,varnerrd_to_I10interchange,SB,0.23,0.43,18.9
7/4/2025 21:00,varnerrd_to_I10interchange,SB,0.42,0.62,12.7
7/4/2025 22:00,varnerrd_to_I10interchange,SB,0.25,0.45,18.5
7/4/2025 23:00,varnerrd_to_I10interchange,SB,0.27,0.47,17.7
7/5/2025 0:00,varnerrd_to_I10interchange,SB,0.06,0.26,29.1
7/5/2025 1:00,varnerrd_to_I10interchange,SB,0.03,0.23,33.2
7/5/2025 2:00,varnerrd_to_I10interchange,SB,0.04,0.23,32.5
7/5/2025 3:00,varnerrd_to_I10interchange,SB,0.03,0.22,34.5
7/5/2025 4:00,varnerrd_to_I10interchange,SB,0.04,0.24,32.8
7/5/2025 5:00,varnerrd_to_I10interchange,SB,0.04,0.23,33
7/5/2025 6:00,varnerrd_to_I10interchange,SB,0.13,0.33,24.2
7/5/2025 7:00,varnerrd_to_I10interchange,SB,0.26,0.46,17.9
7/5/2025 8:00,varnerrd_to_I10interchange,SB,0.28,0.48,17.3
7/5/2025 9:00,varnerrd_to_I10interchange,SB,0.26,0.46,18.4
7/5/2025 10:00,varnerrd_to_I10interchange,SB,0.23,0.42,18.4
7/5/2025 11:00,varnerrd_to_I10interchange,SB,0.34,0.54,15
7/5/2025 12:00,varnerrd_to_I10interchange,SB,0.28,0.48,17
7/5/2025 13:00,varnerrd_to_I10interchange,SB,0.39,0.59,13.2
7/5/2025 14:00,varnerrd_to_I10interchange,SB,0.27,0.47,17.2
7/5/2025 15:00,varnerrd_to_I10interchange,SB,0.32,0.52,15.6
7/5/2025 16:00,varnerrd_to_I10interchange,SB,0.35,0.55,15.4
7/5/2025 17:00,varnerrd_to_I10interchange,SB,0.32,0.52,16.9
7/5/2025 18:00,varnerrd_to_I10interchange,SB,0.45,0.65,13.1
7/5/2025 19:00,varnerrd_to_I10interchange,SB,0.34,0.54,15.6
7/5/2025 20:00,varnerrd_to_I10interchange,SB,0.33,0.53,15.1
7/5/2025 21:00,varnerrd_to_I10interchange,SB,0.22,0.42,19.5
7/5/2025 22:00,varnerrd_to_I10interchange,SB,0.33,0.53,16.9
7/5/2025 23:00,varnerrd_to_I10interchange,SB,0.36,0.55,14.7
7/6/2025 0:00,varnerrd_to_I10interchange,SB,0.29,0.49,17.2
7/6/2025 1:00,varnerrd_to_I10interchange,SB,0.15,0.34,23.5
7/6/2025 2:00,varnerrd_to_I10interchange,SB,0.04,0.24,31.9
7/6/2025 3:00,varnerrd_to_I10interchange,SB,0.02,0.21,37.7
7/6/2025 4:00,varnerrd_to_I10interchange,SB,0.02,0.21,37
7/6/2025 5:00,varnerrd_to_I10interchange,SB,0.06,0.25,33.1
7/6/2025 6:00,varnerrd_to_I10interchange,SB,0.14,0.34,24.3
7/6/2025 7:00,varnerrd_to_I10interchange,SB,0.19,0.39,21.9
7/6/2025 8:00,varnerrd_to_I10interchange,SB,0.44,0.64,12.5
7/6/2025 9:00,varnerrd_to_I10interchange,SB,0.2,0.4,19.6
7/6/2025 10:00,varnerrd_to_I10interchange,SB,0.34,0.54,14.7
7/6/2025 11:00,varnerrd_to_I10interchange,SB,0.23,0.43,18.4
7/6/2025 12:00,varnerrd_to_I10interchange,SB,0.37,0.57,14.3
7/6/2025 13:00,varnerrd_to_I10interchange,SB,0.36,0.56,14.8
7/6/2025 14:00,varnerrd_to_I10interchange,SB,0.35,0.55,15.6
7/6/2025 15:00,varnerrd_to_I10interchange,SB,0.32,0.52,15.7
7/6/2025 16:00,varnerrd_to_I10interchange,SB,0.18,0.38,22.4
7/6/2025 17:00,varnerrd_to_I10interchange,SB,0.24,0.44,18.1
7/6/2025 18:00,varnerrd_to_I10interchange,SB,0.4,0.6,13.5
7/6/2025 19:00,varnerrd_to_I10interchange,SB,0.13,0.33,24
7/6/2025 20:00,varnerrd_to_I10interchange,SB,0.13,0.33,23.8
7/6/2025 21:00,varnerrd_to_I10interchange,SB,0.22,0.42,19.2
7/6/2025 22:00,varnerrd_to_I10interchange,SB,0.29,0.49,16.1
7/6/2025 23:00,varnerrd_to_I10interchange,SB,0.19,0.39,20.2
7/7/2025 0:00,varnerrd_to_I10interchange,SB,0.11,0.3,26.8
7/7/2025 1:00,varnerrd_to_I10interchange,SB,0.03,0.22,34.4
7/7/2025 2:00,varnerrd_to_I10interchange,SB,0.03,0.23,34
7/7/2025 3:00,varnerrd_to_I10interchange,SB,0,0.18,41.7
7/7/2025 4:00,varnerrd_to_I10interchange,SB,0.17,0.37,23.2
7/7/2025 5:00,varnerrd_to_I10interchange,SB,0.16,0.36,22.3
7/7/2025 6:00,varnerrd_to_I10interchange,SB,0.37,0.57,13.9
7/7/2025 7:00,varnerrd_to_I10interchange,SB,0.4,0.6,13.5
7/7/2025 8:00,varnerrd_to_I10interchange,SB,0.22,0.42,20.8
7/7/2025 9:00,varnerrd_to_I10interchange,SB,0.32,0.52,15.6
7/7/2025 10:00,varnerrd_to_I10interchange,SB,0.28,0.48,16.5
7/7/2025 11:00,varnerrd_to_I10interchange,SB,0.3,0.5,15.6
7/7/2025 12:00,varnerrd_to_I10interchange,SB,0.38,0.58,13.2
7/7/2025 13:00,varnerrd_to_I10interchange,SB,0.42,0.62,13.6
7/7/2025 14:00,varnerrd_to_I10interchange,SB,0.3,0.5,15.4
7/7/2025 15:00,varnerrd_to_I10interchange,SB,0.3,0.49,15.7
7/7/2025 16:00,varnerrd_to_I10interchange,SB,0.36,0.56,13.8
7/7/2025 17:00,varnerrd_to_I10interchange,SB,0.42,0.62,13.1
7/7/2025 18:00,varnerrd_to_I10interchange,SB,0.42,0.61,13.9
7/7/2025 19:00,varnerrd_to_I10interchange,SB,0.25,0.45,17.1
7/7/2025 20:00,varnerrd_to_I10interchange,SB,0.22,0.42,19.2
7/7/2025 21:00,varnerrd_to_I10interchange,SB,0.16,0.36,21.6
7/7/2025 22:00,varnerrd_to_I10interchange,SB,0.17,0.37,22.1
7/7/2025 23:00,varnerrd_to_I10interchange,SB,0.13,0.33,25.5
7/8/2025 0:00,varnerrd_to_I10interchange,SB,0.14,0.33,23.4
7/8/2025 1:00,varnerrd_to_I10interchange,SB,0.02,0.22,34.8
7/8/2025 2:00,varnerrd_to_I10interchange,SB,0.03,0.21,36.9
7/8/2025 3:00,varnerrd_to_I10interchange,SB,0.02,0.21,37
7/8/2025 4:00,varnerrd_to_I10interchange,SB,0.05,0.25,30.9
7/8/2025 5:00,varnerrd_to_I10interchange,SB,0.13,0.33,24
7/8/2025 6:00,varnerrd_to_I10interchange,SB,0.37,0.57,15
7/8/2025 7:00,varnerrd_to_I10interchange,SB,0.24,0.44,18.3
7/8/2025 8:00,varnerrd_to_I10interchange,SB,0.39,0.59,13.7
7/8/2025 9:00,varnerrd_to_I10interchange,SB,0.24,0.44,17.8
7/8/2025 10:00,varnerrd_to_I10interchange,SB,0.36,0.56,14.3
7/8/2025 11:00,varnerrd_to_I10interchange,SB,0.37,0.56,14
7/8/2025 12:00,varnerrd_to_I10interchange,SB,0.3,0.5,15.7
7/8/2025 13:00,varnerrd_to_I10interchange,SB,0.26,0.45,16.9
7/8/2025 14:00,varnerrd_to_I10interchange,SB,0.32,0.52,15
7/8/2025 15:00,varnerrd_to_I10interchange,SB,0.29,0.49,16.2
7/8/2025 16:00,varnerrd_to_I10interchange,SB,0.27,0.47,16.7
7/8/2025 17:00,varnerrd_to_I10interchange,SB,0.37,0.57,15
7/8/2025 18:00,varnerrd_to_I10interchange,SB,0.3,0.5,16.3
7/8/2025 19:00,varnerrd_to_I10interchange,SB,0.13,0.33,24.3
7/8/2025 20:00,varnerrd_to_I10interchange,SB,0.34,0.54,14.3
7/8/2025 21:00,varnerrd_to_I10interchange,SB,0.26,0.46,16.5
7/8/2025 22:00,varnerrd_to_I10interchange,SB,0.11,0.31,25.2
7/8/2025 23:00,varnerrd_to_I10interchange,SB,0.09,0.28,27.1
7/9/2025 0:00,varnerrd_to_I10interchange,SB,0.06,0.26,31.7
7/9/2025 1:00,varnerrd_to_I10interchange,SB,0.13,0.31,29.8
7/9/2025 2:00,varnerrd_to_I10interchange,SB,0.04,0.23,34
7/9/2025 3:00,varnerrd_to_I10interchange,SB,0.02,0.21,36.6
7/9/2025 4:00,varnerrd_to_I10interchange,SB,0.14,0.33,24.8
7/9/2025 5:00,varnerrd_to_I10interchange,SB,0.27,0.47,19.3
7/9/2025 6:00,varnerrd_to_I10interchange,SB,0.38,0.58,13.7
7/9/2025 7:00,varnerrd_to_I10interchange,SB,0.33,0.53,15.5
7/9/2025 8:00,varnerrd_to_I10interchange,SB,0.34,0.54,14.1
7/9/2025 9:00,varnerrd_to_I10interchange,SB,0.33,0.53,14.8
7/9/2025 10:00,varnerrd_to_I10interchange,SB,0.34,0.54,14.7
7/9/2025 11:00,varnerrd_to_I10interchange,SB,0.29,0.49,16.8
7/9/2025 12:00,varnerrd_to_I10interchange,SB,0.4,0.6,13
7/9/2025 13:00,varnerrd_to_I10interchange,SB,0.35,0.55,14.8
7/9/2025 14:00,varnerrd_to_I10interchange,SB,0.34,0.53,14.7
7/9/2025 15:00,varnerrd_to_I10interchange,SB,0.4,0.6,13.7
7/9/2025 16:00,varnerrd_to_I10interchange,SB,0.35,0.55,14.6
7/9/2025 17:00,varnerrd_to_I10interchange,SB,0.33,0.53,15.6
7/9/2025 18:00,varnerrd_to_I10interchange,SB,0.27,0.47,19.2
7/9/2025 19:00,varnerrd_to_I10interchange,SB,0.32,0.52,16.8
7/9/2025 20:00,varnerrd_to_I10interchange,SB,0.24,0.44,19
7/9/2025 21:00,varnerrd_to_I10interchange,SB,0.25,0.45,18.4
7/9/2025 22:00,varnerrd_to_I10interchange,SB,0.23,0.43,19.5
7/9/2025 23:00,varnerrd_to_I10interchange,SB,0.15,0.35,23.1
7/10/2025 0:00,varnerrd_to_I10interchange,SB,0.08,0.27,28.8
7/10/2025 1:00,varnerrd_to_I10interchange,SB,0.05,0.23,34.1
7/10/2025 2:00,varnerrd_to_I10interchange,SB,0.1,0.28,31.6
7/10/2025 3:00,varnerrd_to_I10interchange,SB,0.04,0.23,34.1
7/10/2025 4:00,varnerrd_to_I10interchange,SB,0.14,0.33,24.3
7/10/2025 5:00,varnerrd_to_I10interchange,SB,0.24,0.44,18.1
7/10/2025 6:00,varnerrd_to_I10interchange,SB,0.37,0.57,13.8
7/10/2025 7:00,varnerrd_to_I10interchange,SB,0.34,0.54,14.1
7/10/2025 8:00,varnerrd_to_I10interchange,SB,0.29,0.49,16.4
7/10/2025 9:00,varnerrd_to_I10interchange,SB,0.22,0.41,19.5
7/10/2025 10:00,varnerrd_to_I10interchange,SB,0.31,0.51,15.2
7/10/2025 11:00,varnerrd_to_I10interchange,SB,0.25,0.45,18.5
7/10/2025 12:00,varnerrd_to_I10interchange,SB,0.26,0.46,17
7/10/2025 13:00,varnerrd_to_I10interchange,SB,0.28,0.48,16.5
7/10/2025 14:00,varnerrd_to_I10interchange,SB,0.27,0.47,16.7
7/10/2025 15:00,varnerrd_to_I10interchange,SB,0.27,0.47,16.3
7/10/2025 16:00,varnerrd_to_I10interchange,SB,0.33,0.53,15.5
7/10/2025 17:00,varnerrd_to_I10interchange,SB,0.24,0.44,17.6
7/10/2025 18:00,varnerrd_to_I10interchange,SB,0.34,0.54,14.6
7/10/2025 19:00,varnerrd_to_I10interchange,SB,0.16,0.36,21.9
7/10/2025 20:00,varnerrd_to_I10interchange,SB,0.13,0.32,24.6
7/10/2025 21:00,varnerrd_to_I10interchange,SB,0.18,0.38,20.8
7/10/2025 22:00,varnerrd_to_I10interchange,SB,0.2,0.4,20.8
7/10/2025 23:00,varnerrd_to_I10interchange,SB,0.12,0.32,24.6
7/11/2025 0:00,varnerrd_to_I10interchange,SB,0.21,0.41,23.5
7/11/2025 1:00,varnerrd_to_I10interchange,SB,0.06,0.25,30.3
7/11/2025 2:00,varnerrd_to_I10interchange,SB,0.02,0.21,35.6
7/11/2025 3:00,varnerrd_to_I10interchange,SB,0.02,0.21,36.1
7/11/2025 4:00,varnerrd_to_I10interchange,SB,0.06,0.25,30.8
7/11/2025 5:00,varnerrd_to_I10interchange,SB,0.14,0.33,24.7
7/11/2025 6:00,varnerrd_to_I10interchange,SB,0.29,0.49,15.9
7/11/2025 7:00,varnerrd_to_I10interchange,SB,0.29,0.49,15.8
7/11/2025 8:00,varnerrd_to_I10interchange,SB,0.34,0.54,14.9
7/11/2025 9:00,varnerrd_to_I10interchange,SB,0.35,0.55,14.3
7/11/2025 10:00,varnerrd_to_I10interchange,SB,0.32,0.52,15.3
7/11/2025 11:00,varnerrd_to_I10interchange,SB,0.32,0.52,15.4
7/11/2025 12:00,varnerrd_to_I10interchange,SB,0.33,0.52,14.7
7/11/2025 13:00,varnerrd_to_I10interchange,SB,0.41,0.61,12.8
7/11/2025 14:00,varnerrd_to_I10interchange,SB,0.44,0.64,12
7/11/2025 15:00,varnerrd_to_I10interchange,SB,0.24,0.44,18
7/11/2025 16:00,varnerrd_to_I10interchange,SB,0.46,0.66,11.8
7/11/2025 17:00,varnerrd_to_I10interchange,SB,0.4,0.6,12.6
7/11/2025 18:00,varnerrd_to_I10interchange,SB,0.33,0.53,15.2
7/11/2025 19:00,varnerrd_to_I10interchange,SB,0.33,0.53,15
7/11/2025 20:00,varnerrd_to_I10interchange,SB,0.27,0.47,17.6
7/11/2025 21:00,varnerrd_to_I10interchange,SB,0.28,0.48,17.4
7/11/2025 22:00,varnerrd_to_I10interchange,SB,0.4,0.6,13.2
7/11/2025 23:00,varnerrd_to_I10interchange,SB,0.22,0.42,19.6
7/12/2025 0:00,varnerrd_to_I10interchange,SB,0.16,0.36,21.1
7/12/2025 1:00,varnerrd_to_I10interchange,SB,0.16,0.36,23.1
7/12/2025 2:00,varnerrd_to_I10interchange,SB,0.11,0.31,26.2
7/12/2025 3:00,varnerrd_to_I10interchange,SB,0.14,0.33,25.8
7/12/2025 4:00,varnerrd_to_I10interchange,SB,0.07,0.26,29.8
7/12/2025 5:00,varnerrd_to_I10interchange,SB,0.09,0.28,29.1
7/12/2025 6:00,varnerrd_to_I10interchange,SB,0.22,0.42,19.5
7/12/2025 7:00,varnerrd_to_I10interchange,SB,0.32,0.52,15.3
7/12/2025 8:00,varnerrd_to_I10interchange,SB,0.3,0.5,16.6
7/12/2025 9:00,varnerrd_to_I10interchange,SB,0.25,0.45,18.6
7/12/2025 10:00,varnerrd_to_I10interchange,SB,0.21,0.41,20.6
7/12/2025 11:00,varnerrd_to_I10interchange,SB,0.37,0.57,13.8
7/12/2025 12:00,varnerrd_to_I10interchange,SB,0.34,0.54,14.6
7/12/2025 13:00,varnerrd_to_I10interchange,SB,0.27,0.47,17.6
7/12/2025 14:00,varnerrd_to_I10interchange,SB,0.42,0.62,12.6
7/12/2025 15:00,varnerrd_to_I10interchange,SB,0.27,0.47,16.8
7/12/2025 16:00,varnerrd_to_I10interchange,SB,0.36,0.56,14.2
7/12/2025 17:00,varnerrd_to_I10interchange,SB,0.27,0.47,17.7
7/12/2025 18:00,varnerrd_to_I10interchange,SB,0.5,0.7,11.6
7/12/2025 19:00,varnerrd_to_I10interchange,SB,0.28,0.48,17.2
7/12/2025 20:00,varnerrd_to_I10interchange,SB,0.32,0.52,14.9
7/12/2025 21:00,varnerrd_to_I10interchange,SB,0.26,0.46,17.3
7/12/2025 22:00,varnerrd_to_I10interchange,SB,0.37,0.57,13.8
7/12/2025 23:00,varnerrd_to_I10interchange,SB,0.35,0.55,14.1
7/13/2025 0:00,varnerrd_to_I10interchange,SB,0.18,0.38,21
7/13/2025 1:00,varnerrd_to_I10interchange,SB,0.17,0.37,22.4
7/13/2025 2:00,varnerrd_to_I10interchange,SB,0.09,0.29,26.4
7/13/2025 3:00,varnerrd_to_I10interchange,SB,0.02,0.21,35.9
7/13/2025 4:00,varnerrd_to_I10interchange,SB,0.07,0.26,29.7
7/13/2025 5:00,varnerrd_to_I10interchange,SB,0.02,0.21,35.2
7/13/2025 6:00,varnerrd_to_I10interchange,SB,0.1,0.3,28.9
7/13/2025 7:00,varnerrd_to_I10interchange,SB,0.29,0.49,15.7
7/13/2025 8:00,varnerrd_to_I10interchange,SB,0.15,0.35,21.9
7/13/2025 9:00,varnerrd_to_I10interchange,SB,0.3,0.5,16.3
7/13/2025 10:00,varnerrd_to_I10interchange,SB,0.34,0.54,15.3
7/13/2025 11:00,varnerrd_to_I10interchange,SB,0.23,0.43,18.2
7/13/2025 12:00,varnerrd_to_I10interchange,SB,0.33,0.53,14.9
7/13/2025 13:00,varnerrd_to_I10interchange,SB,0.41,0.61,12.9
7/13/2025 14:00,varnerrd_to_I10interchange,SB,0.3,0.5,15.9
7/13/2025 15:00,varnerrd_to_I10interchange,SB,0.39,0.59,14
7/13/2025 16:00,varnerrd_to_I10interchange,SB,0.3,0.5,15.8
7/13/2025 17:00,varnerrd_to_I10interchange,SB,0.26,0.46,17.3
7/13/2025 18:00,varnerrd_to_I10interchange,SB,0.48,0.67,11.6
7/13/2025 19:00,varnerrd_to_I10interchange,SB,0.23,0.43,20.1
7/13/2025 20:00,varnerrd_to_I10interchange,SB,0.2,0.4,19.9
7/13/2025 21:00,varnerrd_to_I10interchange,SB,0.27,0.47,17.9
7/13/2025 22:00,varnerrd_to_I10interchange,SB,0.25,0.45,17.1
7/13/2025 23:00,varnerrd_to_I10interchange,SB,0.19,0.38,21.6
7/14/2025 0:00,varnerrd_to_I10interchange,SB,0.13,0.32,25.3
7/14/2025 1:00,varnerrd_to_I10interchange,SB,0.04,0.22,35.8
7/14/2025 2:00,varnerrd_to_I10interchange,SB,0.24,0.43,22
7/14/2025 3:00,varnerrd_to_I10interchange,SB,0.04,0.22,36.3
7/14/2025 4:00,varnerrd_to_I10interchange,SB,0.17,0.36,21
7/14/2025 5:00,varnerrd_to_I10interchange,SB,0.27,0.47,18.1
7/14/2025 6:00,varnerrd_to_I10interchange,SB,0.32,0.52,15.2
7/14/2025 7:00,varnerrd_to_I10interchange,SB,0.42,0.62,12.4
7/14/2025 8:00,varnerrd_to_I10interchange,SB,0.38,0.58,13.2
7/14/2025 9:00,varnerrd_to_I10interchange,SB,0.38,0.58,13.4
7/14/2025 10:00,varnerrd_to_I10interchange,SB,0.25,0.45,18.6
7/14/2025 11:00,varnerrd_to_I10interchange,SB,0.26,0.45,18
7/14/2025 12:00,varnerrd_to_I10interchange,SB,0.39,0.59,13.4
7/14/2025 13:00,varnerrd_to_I10interchange,SB,0.33,0.53,14.9
7/14/2025 14:00,varnerrd_to_I10interchange,SB,0.29,0.49,16.6
7/14/2025 15:00,varnerrd_to_I10interchange,SB,0.32,0.52,15.3
7/14/2025 16:00,varnerrd_to_I10interchange,SB,0.29,0.49,15.6
7/14/2025 17:00,varnerrd_to_I10interchange,SB,0.37,0.56,14.3
7/14/2025 18:00,varnerrd_to_I10interchange,SB,0.3,0.5,16.6
7/14/2025 19:00,varnerrd_to_I10interchange,SB,0.15,0.35,22.5
7/14/2025 20:00,varnerrd_to_I10interchange,SB,0.35,0.55,15.5
7/14/2025 21:00,varnerrd_to_I10interchange,SB,0.24,0.44,19.1
7/14/2025 22:00,varnerrd_to_I10interchange,SB,0.19,0.39,21.1
7/14/2025 23:00,varnerrd_to_I10interchange,SB,0.15,0.34,22.2
7/15/2025 0:00,varnerrd_to_I10interchange,SB,0.02,0.21,37.1
7/15/2025 1:00,varnerrd_to_I10interchange,SB,0.07,0.27,29.2
7/15/2025 2:00,varnerrd_to_I10interchange,SB,0.02,0.2,38.2
7/15/2025 3:00,varnerrd_to_I10interchange,SB,0,0.18,41.1
7/15/2025 4:00,varnerrd_to_I10interchange,SB,0.24,0.44,21.3
7/15/2025 5:00,varnerrd_to_I10interchange,SB,0.21,0.4,20.3
7/15/2025 6:00,varnerrd_to_I10interchange,SB,0.31,0.51,16.6
7/15/2025 7:00,varnerrd_to_I10interchange,SB,0.48,0.68,11.4
7/15/2025 8:00,varnerrd_to_I10interchange,SB,0.35,0.55,15.4
7/15/2025 9:00,varnerrd_to_I10interchange,SB,0.31,0.51,16.2
7/15/2025 10:00,varnerrd_to_I10interchange,SB,0.31,0.51,15.2
7/15/2025 11:00,varnerrd_to_I10interchange,SB,0.42,0.62,13.6
7/15/2025 12:00,varnerrd_to_I10interchange,SB,0.26,0.46,17.3
7/15/2025 13:00,varnerrd_to_I10interchange,SB,0.4,0.6,13.5
7/15/2025 14:00,varnerrd_to_I10interchange,SB,0.4,0.6,12.7
7/15/2025 15:00,varnerrd_to_I10interchange,SB,0.36,0.56,14.3
7/15/2025 16:00,varnerrd_to_I10interchange,SB,0.38,0.58,14.2
7/15/2025 17:00,varnerrd_to_I10interchange,SB,0.27,0.46,16.6
7/15/2025 18:00,varnerrd_to_I10interchange,SB,0.29,0.49,16
7/15/2025 19:00,varnerrd_to_I10interchange,SB,0.21,0.41,18.6
7/15/2025 20:00,varnerrd_to_I10interchange,SB,0.42,0.62,13
7/15/2025 21:00,varnerrd_to_I10interchange,SB,0.22,0.42,20.5
7/15/2025 22:00,varnerrd_to_I10interchange,SB,0.22,0.42,19.3
7/15/2025 23:00,varnerrd_to_I10interchange,SB,0.07,0.27,28.3
7/16/2025 0:00,varnerrd_to_I10interchange,SB,0.12,0.32,24.7
7/16/2025 1:00,varnerrd_to_I10interchange,SB,0.01,0.19,40
7/16/2025 2:00,varnerrd_to_I10interchange,SB,0.04,0.24,31.9
7/16/2025 3:00,varnerrd_to_I10interchange,SB,0.12,0.32,28
7/16/2025 4:00,varnerrd_to_I10interchange,SB,0.07,0.26,30
7/16/2025 5:00,varnerrd_to_I10interchange,SB,0.11,0.31,26.1
7/16/2025 6:00,varnerrd_to_I10interchange,SB,0.35,0.55,14.6
7/16/2025 7:00,varnerrd_to_I10interchange,SB,0.38,0.58,13.2
7/16/2025 8:00,varnerrd_to_I10interchange,SB,0.34,0.54,14.6
7/16/2025 9:00,varnerrd_to_I10interchange,SB,0.35,0.55,14.8
7/16/2025 10:00,varnerrd_to_I10interchange,SB,0.34,0.54,14.5
7/16/2025 11:00,varnerrd_to_I10interchange,SB,0.41,0.61,12.6
7/16/2025 12:00,varnerrd_to_I10interchange,SB,0.35,0.55,15.2
7/16/2025 13:00,varnerrd_to_I10interchange,SB,0.37,0.57,13.9
7/16/2025 14:00,varnerrd_to_I10interchange,SB,0.33,0.53,15.3
7/16/2025 15:00,varnerrd_to_I10interchange,SB,0.31,0.51,15.8
7/16/2025 16:00,varnerrd_to_I10interchange,SB,0.29,0.49,16.8
7/16/2025 17:00,varnerrd_to_I10interchange,SB,0.33,0.53,15.3
7/16/2025 18:00,varnerrd_to_I10interchange,SB,0.21,0.41,19.9
7/16/2025 19:00,varnerrd_to_I10interchange,SB,0.18,0.38,20.2
7/16/2025 20:00,varnerrd_to_I10interchange,SB,0.26,0.46,17.6
7/16/2025 21:00,varnerrd_to_I10interchange,SB,0.22,0.42,18.8
7/16/2025 22:00,varnerrd_to_I10interchange,SB,0.1,0.3,26
7/16/2025 23:00,varnerrd_to_I10interchange,SB,0.16,0.36,21.5
7/17/2025 0:00,varnerrd_to_I10interchange,SB,0.13,0.33,25.5
7/17/2025 1:00,varnerrd_to_I10interchange,SB,0.05,0.24,31.3
7/17/2025 2:00,varnerrd_to_I10interchange,SB,0.04,0.22,34.7
7/17/2025 3:00,varnerrd_to_I10interchange,SB,0.06,0.25,30.3
7/17/2025 4:00,varnerrd_to_I10interchange,SB,0.13,0.33,23.6
7/17/2025 5:00,varnerrd_to_I10interchange,SB,0.17,0.37,20.9
7/17/2025 6:00,varnerrd_to_I10interchange,SB,0.29,0.49,16.7
7/17/2025 7:00,varnerrd_to_I10interchange,SB,0.4,0.6,13
7/17/2025 8:00,varnerrd_to_I10interchange,SB,0.32,0.52,14.7
7/17/2025 9:00,varnerrd_to_I10interchange,SB,0.4,0.6,13.1
7/17/2025 10:00,varnerrd_to_I10interchange,SB,0.31,0.51,15.9
7/17/2025 11:00,varnerrd_to_I10interchange,SB,0.26,0.46,17.2
7/17/2025 12:00,varnerrd_to_I10interchange,SB,0.32,0.52,15.2
7/17/2025 13:00,varnerrd_to_I10interchange,SB,0.34,0.54,14.4
7/17/2025 14:00,varnerrd_to_I10interchange,SB,0.35,0.54,14
7/17/2025 15:00,varnerrd_to_I10interchange,SB,0.38,0.58,13.5
7/17/2025 16:00,varnerrd_to_I10interchange,SB,0.46,0.66,12.1
7/17/2025 17:00,varnerrd_to_I10interchange,SB,0.37,0.57,14.1
7/17/2025 18:00,varnerrd_to_I10interchange,SB,0.27,0.47,16.6
7/17/2025 19:00,varnerrd_to_I10interchange,SB,0.33,0.53,14.8
7/17/2025 20:00,varnerrd_to_I10interchange,SB,0.1,0.29,27.4
7/17/2025 21:00,varnerrd_to_I10interchange,SB,0.25,0.45,17.2
7/17/2025 22:00,varnerrd_to_I10interchange,SB,0.18,0.38,20.7
7/17/2025 23:00,varnerrd_to_I10interchange,SB,0.2,0.4,20.5
7/18/2025 0:00,varnerrd_to_I10interchange,SB,0.12,0.32,23.7
7/18/2025 1:00,varnerrd_to_I10interchange,SB,0.16,0.36,22.4
7/18/2025 2:00,varnerrd_to_I10interchange,SB,0.02,0.21,36.6
7/18/2025 3:00,varnerrd_to_I10interchange,SB,0.08,0.27,28.6
7/18/2025 4:00,varnerrd_to_I10interchange,SB,0.04,0.23,32.6
7/18/2025 5:00,varnerrd_to_I10interchange,SB,0.12,0.32,24.4
7/18/2025 6:00,varnerrd_to_I10interchange,SB,0.24,0.44,19.7
7/18/2025 7:00,varnerrd_to_I10interchange,SB,0.39,0.59,13.6
7/18/2025 8:00,varnerrd_to_I10interchange,SB,0.31,0.51,15
7/18/2025 9:00,varnerrd_to_I10interchange,SB,0.48,0.68,11.5
7/18/2025 10:00,varnerrd_to_I10interchange,SB,0.26,0.46,17.1
7/18/2025 11:00,varnerrd_to_I10interchange,SB,0.35,0.55,13.9
7/18/2025 12:00,varnerrd_to_I10interchange,SB,0.31,0.51,15.2
7/18/2025 13:00,varnerrd_to_I10interchange,SB,0.24,0.44,17.7
7/18/2025 14:00,varnerrd_to_I10interchange,SB,0.33,0.53,15.4
7/18/2025 15:00,varnerrd_to_I10interchange,SB,0.31,0.51,16.3
7/18/2025 16:00,varnerrd_to_I10interchange,SB,0.41,0.61,12.6
7/18/2025 17:00,varnerrd_to_I10interchange,SB,0.37,0.57,13.9
7/18/2025 18:00,varnerrd_to_I10interchange,SB,0.21,0.41,19.2
7/18/2025 19:00,varnerrd_to_I10interchange,SB,0.23,0.43,17.9
7/18/2025 20:00,varnerrd_to_I10interchange,SB,0.36,0.56,14.7
7/18/2025 21:00,varnerrd_to_I10interchange,SB,0.39,0.59,12.9
7/18/2025 22:00,varnerrd_to_I10interchange,SB,0.2,0.39,21.3
7/18/2025 23:00,varnerrd_to_I10interchange,SB,0.13,0.33,24.7
7/19/2025 0:00,varnerrd_to_I10interchange,SB,0.11,0.31,26.5
7/19/2025 1:00,varnerrd_to_I10interchange,SB,0.11,0.31,26
7/19/2025 2:00,varnerrd_to_I10interchange,SB,0.18,0.38,22.3
7/19/2025 3:00,varnerrd_to_I10interchange,SB,0.05,0.25,30.7
7/19/2025 4:00,varnerrd_to_I10interchange,SB,0.13,0.33,23.2
7/19/2025 5:00,varnerrd_to_I10interchange,SB,0.09,0.29,27.9
7/19/2025 6:00,varnerrd_to_I10interchange,SB,0.27,0.47,19.7
7/19/2025 7:00,varnerrd_to_I10interchange,SB,0.35,0.55,15.1
7/19/2025 8:00,varnerrd_to_I10interchange,SB,0.34,0.54,14.4
7/19/2025 9:00,varnerrd_to_I10interchange,SB,0.2,0.4,19.6
7/19/2025 10:00,varnerrd_to_I10interchange,SB,0.28,0.48,16.1
7/19/2025 11:00,varnerrd_to_I10interchange,SB,0.38,0.58,14.3
7/19/2025 12:00,varnerrd_to_I10interchange,SB,0.36,0.56,13.9
7/19/2025 13:00,varnerrd_to_I10interchange,SB,0.44,0.64,12
7/19/2025 14:00,varnerrd_to_I10interchange,SB,0.29,0.49,15.9
7/19/2025 15:00,varnerrd_to_I10interchange,SB,0.35,0.55,14.8
7/19/2025 16:00,varnerrd_to_I10interchange,SB,0.35,0.54,16.1
7/19/2025 17:00,varnerrd_to_I10interchange,SB,0.33,0.53,15
7/19/2025 18:00,varnerrd_to_I10interchange,SB,0.4,0.6,13.6
7/19/2025 19:00,varnerrd_to_I10interchange,SB,0.16,0.36,22.8
7/19/2025 20:00,varnerrd_to_I10interchange,SB,0.25,0.45,19.1
7/19/2025 21:00,varnerrd_to_I10interchange,SB,0.27,0.47,16.6
7/19/2025 22:00,varnerrd_to_I10interchange,SB,0.2,0.4,19.7
7/19/2025 23:00,varnerrd_to_I10interchange,SB,0.21,0.4,19.8
7/20/2025 0:00,varnerrd_to_I10interchange,SB,0.04,0.24,31.2
7/20/2025 1:00,varnerrd_to_I10interchange,SB,0.17,0.37,21.7
7/20/2025 2:00,varnerrd_to_I10interchange,SB,0.01,0.19,39.6
7/20/2025 3:00,varnerrd_to_I10interchange,SB,0.04,0.23,32.3
7/20/2025 4:00,varnerrd_to_I10interchange,SB,0.01,0.19,38.9
7/20/2025 5:00,varnerrd_to_I10interchange,SB,0.06,0.25,30.4
7/20/2025 6:00,varnerrd_to_I10interchange,SB,0.3,0.5,15.6
7/20/2025 7:00,varnerrd_to_I10interchange,SB,0.4,0.6,13.3
7/20/2025 8:00,varnerrd_to_I10interchange,SB,0.21,0.41,19.4
7/20/2025 9:00,varnerrd_to_I10interchange,SB,0.43,0.63,13.3
7/20/2025 10:00,varnerrd_to_I10interchange,SB,0.4,0.6,13.4
7/20/2025 11:00,varnerrd_to_I10interchange,SB,0.13,0.33,23.3
7/20/2025 12:00,varnerrd_to_I10interchange,SB,0.26,0.46,17.7
7/20/2025 13:00,varnerrd_to_I10interchange,SB,0.28,0.48,16.7
7/20/2025 14:00,varnerrd_to_I10interchange,SB,0.24,0.44,18.4
7/20/2025 15:00,varnerrd_to_I10interchange,SB,0.35,0.55,15.1
7/20/2025 16:00,varnerrd_to_I10interchange,SB,0.29,0.49,16.6
7/20/2025 17:00,varnerrd_to_I10interchange,SB,0.41,0.61,13.5
7/20/2025 18:00,varnerrd_to_I10interchange,SB,0.23,0.43,18.4
7/20/2025 19:00,varnerrd_to_I10interchange,SB,0.19,0.38,20.2
7/20/2025 20:00,varnerrd_to_I10interchange,SB,0.28,0.48,16.2
7/20/2025 21:00,varnerrd_to_I10interchange,SB,0.29,0.48,16
7/20/2025 22:00,varnerrd_to_I10interchange,SB,0.18,0.38,20.3
7/20/2025 23:00,varnerrd_to_I10interchange,SB,0.2,0.4,19.4
7/21/2025 0:00,varnerrd_to_I10interchange,SB,0.16,0.35,24.5
7/21/2025 1:00,varnerrd_to_I10interchange,SB,0.01,0.2,38.5
7/21/2025 2:00,varnerrd_to_I10interchange,SB,0,0.19,40.2
7/21/2025 3:00,varnerrd_to_I10interchange,SB,0.06,0.26,30.9
7/21/2025 4:00,varnerrd_to_I10interchange,SB,0.08,0.28,27.5
7/21/2025 5:00,varnerrd_to_I10interchange,SB,0.15,0.35,23.4
7/21/2025 6:00,varnerrd_to_I10interchange,SB,0.29,0.49,16.5
7/21/2025 7:00,varnerrd_to_I10interchange,SB,0.3,0.49,17.3
7/21/2025 8:00,varnerrd_to_I10interchange,SB,0.32,0.52,15.3
7/21/2025 9:00,varnerrd_to_I10interchange,SB,0.37,0.57,13.6
7/21/2025 10:00,varnerrd_to_I10interchange,SB,0.24,0.44,18.1
7/21/2025 11:00,varnerrd_to_I10interchange,SB,0.27,0.47,16.9
7/21/2025 12:00,varnerrd_to_I10interchange,SB,0.29,0.49,15.6
7/21/2025 13:00,varnerrd_to_I10interchange,SB,0.25,0.45,17.8
7/21/2025 14:00,varnerrd_to_I10interchange,SB,0.32,0.51,15.7
7/21/2025 15:00,varnerrd_to_I10interchange,SB,0.29,0.49,15.7
7/21/2025 16:00,varnerrd_to_I10interchange,SB,0.31,0.51,15.5
7/21/2025 17:00,varnerrd_to_I10interchange,SB,0.34,0.54,15.2
7/21/2025 18:00,varnerrd_to_I10interchange,SB,0.21,0.41,20.6
7/21/2025 19:00,varnerrd_to_I10interchange,SB,0.24,0.43,18.6
7/21/2025 20:00,varnerrd_to_I10interchange,SB,0.22,0.42,20.9
7/21/2025 21:00,varnerrd_to_I10interchange,SB,0.37,0.57,13.4
7/21/2025 22:00,varnerrd_to_I10interchange,SB,0.29,0.49,15.9
7/21/2025 23:00,varnerrd_to_I10interchange,SB,0.09,0.28,26.9
7/22/2025 0:00,varnerrd_to_I10interchange,SB,0.18,0.38,20.7
7/22/2025 1:00,varnerrd_to_I10interchange,SB,0.04,0.23,34
7/22/2025 2:00,varnerrd_to_I10interchange,SB,0.11,0.3,29.1
7/22/2025 3:00,varnerrd_to_I10interchange,SB,0.1,0.3,26.5
7/22/2025 4:00,varnerrd_to_I10interchange,SB,0.11,0.31,26.3
7/22/2025 5:00,varnerrd_to_I10interchange,SB,0.17,0.37,20.9
7/22/2025 6:00,varnerrd_to_I10interchange,SB,0.25,0.45,17.4
7/22/2025 7:00,varnerrd_to_I10interchange,SB,0.37,0.56,15.5
7/22/2025 8:00,varnerrd_to_I10interchange,SB,0.39,0.59,14.3
7/22/2025 9:00,varnerrd_to_I10interchange,SB,0.29,0.49,16.2
7/22/2025 10:00,varnerrd_to_I10interchange,SB,0.35,0.54,14.7
7/22/2025 11:00,varnerrd_to_I10interchange,SB,0.23,0.43,19.4
7/22/2025 12:00,varnerrd_to_I10interchange,SB,0.35,0.55,14.3
7/22/2025 13:00,varnerrd_to_I10interchange,SB,0.22,0.42,18.8
7/22/2025 14:00,varnerrd_to_I10interchange,SB,0.37,0.57,13.7
7/22/2025 15:00,varnerrd_to_I10interchange,SB,0.31,0.51,15.9
7/22/2025 16:00,varnerrd_to_I10interchange,SB,0.3,0.5,15.5
7/22/2025 17:00,varnerrd_to_I10interchange,SB,0.26,0.46,17.7
7/22/2025 18:00,varnerrd_to_I10interchange,SB,0.22,0.42,20.4
7/22/2025 19:00,varnerrd_to_I10interchange,SB,0.21,0.41,19.6
7/22/2025 20:00,varnerrd_to_I10interchange,SB,0.36,0.56,14.8
7/22/2025 21:00,varnerrd_to_I10interchange,SB,0.29,0.49,16.3
7/22/2025 22:00,varnerrd_to_I10interchange,SB,0.1,0.3,27.1
7/22/2025 23:00,varnerrd_to_I10interchange,SB,0.07,0.26,29.5
7/23/2025 0:00,varnerrd_to_I10interchange,SB,0.07,0.27,29.1
7/23/2025 1:00,varnerrd_to_I10interchange,SB,0.02,0.21,36.7
7/23/2025 2:00,varnerrd_to_I10interchange,SB,0.03,0.22,33.7
7/23/2025 3:00,varnerrd_to_I10interchange,SB,0.01,0.19,40
7/23/2025 4:00,varnerrd_to_I10interchange,SB,0.05,0.24,31.4
7/23/2025 5:00,varnerrd_to_I10interchange,SB,0.15,0.34,24.6
7/23/2025 6:00,varnerrd_to_I10interchange,SB,0.29,0.48,17.2
7/23/2025 7:00,varnerrd_to_I10interchange,SB,0.37,0.57,13.7
7/23/2025 8:00,varnerrd_to_I10interchange,SB,0.31,0.51,15.6
7/23/2025 9:00,varnerrd_to_I10interchange,SB,0.42,0.62,12.5
7/23/2025 10:00,varnerrd_to_I10interchange,SB,0.27,0.47,16.9
7/23/2025 11:00,varnerrd_to_I10interchange,SB,0.38,0.58,13.5
7/23/2025 12:00,varnerrd_to_I10interchange,SB,0.27,0.47,16.6
7/23/2025 13:00,varnerrd_to_I10interchange,SB,0.32,0.52,14.9
7/23/2025 14:00,varnerrd_to_I10interchange,SB,0.37,0.57,14.1
7/23/2025 15:00,varnerrd_to_I10interchange,SB,0.41,0.6,13.2
7/23/2025 16:00,varnerrd_to_I10interchange,SB,0.33,0.53,15
7/23/2025 17:00,varnerrd_to_I10interchange,SB,0.3,0.5,16.3
7/23/2025 18:00,varnerrd_to_I10interchange,SB,0.29,0.49,16.7
7/23/2025 19:00,varnerrd_to_I10interchange,SB,0.35,0.55,15.5
7/23/2025 20:00,varnerrd_to_I10interchange,SB,0.27,0.47,16.7
7/23/2025 21:00,varnerrd_to_I10interchange,SB,0.12,0.32,24.8
7/23/2025 22:00,varnerrd_to_I10interchange,SB,0.19,0.39,21
7/23/2025 23:00,varnerrd_to_I10interchange,SB,0.22,0.41,21.2
7/24/2025 0:00,varnerrd_to_I10interchange,SB,0.1,0.3,26.2
7/24/2025 1:00,varnerrd_to_I10interchange,SB,0.02,0.21,36.4
7/24/2025 2:00,varnerrd_to_I10interchange,SB,0.04,0.24,32.9
7/24/2025 3:00,varnerrd_to_I10interchange,SB,0.05,0.23,36.2
7/24/2025 4:00,varnerrd_to_I10interchange,SB,0.12,0.31,26.9
7/24/2025 5:00,varnerrd_to_I10interchange,SB,0.19,0.39,22.2
7/24/2025 6:00,varnerrd_to_I10interchange,SB,0.32,0.52,15.4
7/24/2025 7:00,varnerrd_to_I10interchange,SB,0.29,0.49,16.6
7/24/2025 8:00,varnerrd_to_I10interchange,SB,0.32,0.52,15.6
7/24/2025 9:00,varnerrd_to_I10interchange,SB,0.3,0.49,16
7/24/2025 10:00,varnerrd_to_I10interchange,SB,0.44,0.64,12.6
7/24/2025 11:00,varnerrd_to_I10interchange,SB,0.28,0.48,16.4
7/24/2025 12:00,varnerrd_to_I10interchange,SB,0.26,0.45,16.9
7/24/2025 13:00,varnerrd_to_I10interchange,SB,0.41,0.61,12.4
7/24/2025 14:00,varnerrd_to_I10interchange,SB,0.36,0.56,14
7/24/2025 15:00,varnerrd_to_I10interchange,SB,0.15,0.34,22.3
7/24/2025 16:00,varnerrd_to_I10interchange,SB,0.29,0.49,16
7/24/2025 17:00,varnerrd_to_I10interchange,SB,0.29,0.49,16.5
7/24/2025 18:00,varnerrd_to_I10interchange,SB,0.34,0.54,16
7/24/2025 19:00,varnerrd_to_I10interchange,SB,0.22,0.42,20.3
7/24/2025 20:00,varnerrd_to_I10interchange,SB,0.3,0.5,17.6
7/24/2025 21:00,varnerrd_to_I10interchange,SB,0.26,0.45,17.5
7/24/2025 22:00,varnerrd_to_I10interchange,SB,0.21,0.41,18.9
7/24/2025 23:00,varnerrd_to_I10interchange,SB,0.24,0.44,18.2
7/25/2025 0:00,varnerrd_to_I10interchange,SB,0.22,0.42,19.3
7/25/2025 1:00,varnerrd_to_I10interchange,SB,0.07,0.26,29
7/25/2025 2:00,varnerrd_to_I10interchange,SB,0.01,0.2,37.4
7/25/2025 3:00,varnerrd_to_I10interchange,SB,0.04,0.23,32.6
7/25/2025 4:00,varnerrd_to_I10interchange,SB,0.04,0.23,34.2
7/25/2025 5:00,varnerrd_to_I10interchange,SB,0.24,0.43,19.1
7/25/2025 6:00,varnerrd_to_I10interchange,SB,0.27,0.47,16.9
7/25/2025 7:00,varnerrd_to_I10interchange,SB,0.37,0.57,13.3
7/25/2025 8:00,varnerrd_to_I10interchange,SB,0.37,0.57,13.7
7/25/2025 9:00,varnerrd_to_I10interchange,SB,0.31,0.51,15.3
7/25/2025 10:00,varnerrd_to_I10interchange,SB,0.41,0.61,12.8
7/25/2025 11:00,varnerrd_to_I10interchange,SB,0.26,0.46,16.9
7/25/2025 12:00,varnerrd_to_I10interchange,SB,0.28,0.48,16.8
7/25/2025 13:00,varnerrd_to_I10interchange,SB,0.33,0.53,14.6
7/25/2025 14:00,varnerrd_to_I10interchange,SB,0.33,0.53,15.2
7/25/2025 15:00,varnerrd_to_I10interchange,SB,0.42,0.62,12.9
7/25/2025 16:00,varnerrd_to_I10interchange,SB,0.32,0.52,15.2
7/25/2025 17:00,varnerrd_to_I10interchange,SB,0.36,0.56,14.3
7/25/2025 18:00,varnerrd_to_I10interchange,SB,0.31,0.51,17.1
7/25/2025 19:00,varnerrd_to_I10interchange,SB,0.3,0.5,16.5
7/25/2025 20:00,varnerrd_to_I10interchange,SB,0.26,0.46,18
7/25/2025 21:00,varnerrd_to_I10interchange,SB,0.26,0.46,18
7/25/2025 22:00,varnerrd_to_I10interchange,SB,0.24,0.44,18.4
7/25/2025 23:00,varnerrd_to_I10interchange,SB,0.17,0.37,21.6
7/26/2025 0:00,varnerrd_to_I10interchange,SB,0.06,0.25,29.5
7/26/2025 1:00,varnerrd_to_I10interchange,SB,0.2,0.39,21.6
7/26/2025 2:00,varnerrd_to_I10interchange,SB,0.07,0.26,30.7
7/26/2025 3:00,varnerrd_to_I10interchange,SB,0.12,0.31,25.2
7/26/2025 4:00,varnerrd_to_I10interchange,SB,0.07,0.25,34.4
7/26/2025 5:00,varnerrd_to_I10interchange,SB,0.05,0.24,31.3
7/26/2025 6:00,varnerrd_to_I10interchange,SB,0.26,0.46,17.7
7/26/2025 7:00,varnerrd_to_I10interchange,SB,0.12,0.32,25.7
7/26/2025 8:00,varnerrd_to_I10interchange,SB,0.22,0.42,19.7
7/26/2025 9:00,varnerrd_to_I10interchange,SB,0.2,0.39,20.4
7/26/2025 10:00,varnerrd_to_I10interchange,SB,0.28,0.47,17.2
7/26/2025 11:00,varnerrd_to_I10interchange,SB,0.29,0.49,15.8
7/26/2025 12:00,varnerrd_to_I10interchange,SB,0.28,0.48,16.9
7/26/2025 13:00,varnerrd_to_I10interchange,SB,0.28,0.48,16.2
7/26/2025 14:00,varnerrd_to_I10interchange,SB,0.35,0.55,14.7
7/26/2025 15:00,varnerrd_to_I10interchange,SB,0.27,0.47,16.6
7/26/2025 16:00,varnerrd_to_I10interchange,SB,0.34,0.54,14.3
7/26/2025 17:00,varnerrd_to_I10interchange,SB,0.3,0.5,16.5
7/26/2025 18:00,varnerrd_to_I10interchange,SB,0.17,0.37,21.7
7/26/2025 19:00,varnerrd_to_I10interchange,SB,0.31,0.51,15.3
7/26/2025 20:00,varnerrd_to_I10interchange,SB,0.13,0.33,24.1
7/26/2025 21:00,varnerrd_to_I10interchange,SB,0.38,0.57,15
7/26/2025 22:00,varnerrd_to_I10interchange,SB,0.18,0.37,21.5
7/26/2025 23:00,varnerrd_to_I10interchange,SB,0.1,0.29,26.1
7/27/2025 0:00,varnerrd_to_I10interchange,SB,0.12,0.32,23.8
7/27/2025 1:00,varnerrd_to_I10interchange,SB,0.17,0.36,23.2
7/27/2025 2:00,varnerrd_to_I10interchange,SB,0.03,0.23,32.7
7/27/2025 3:00,varnerrd_to_I10interchange,SB,0.05,0.25,31.8
7/27/2025 4:00,varnerrd_to_I10interchange,SB,0.07,0.26,30.9
7/27/2025 5:00,varnerrd_to_I10interchange,SB,0.11,0.31,26.4
7/27/2025 6:00,varnerrd_to_I10interchange,SB,0.24,0.43,18
7/27/2025 7:00,varnerrd_to_I10interchange,SB,0.26,0.45,17.6
7/27/2025 8:00,varnerrd_to_I10interchange,SB,0.31,0.51,15.7
7/27/2025 9:00,varnerrd_to_I10interchange,SB,0.37,0.57,15.4
7/27/2025 10:00,varnerrd_to_I10interchange,SB,0.25,0.45,17.4
7/27/2025 11:00,varnerrd_to_I10interchange,SB,0.37,0.57,14.2
7/27/2025 12:00,varnerrd_to_I10interchange,SB,0.14,0.34,22.4
7/27/2025 13:00,varnerrd_to_I10interchange,SB,0.25,0.45,17.4
7/27/2025 14:00,varnerrd_to_I10interchange,SB,0.31,0.51,15.7
7/27/2025 15:00,varnerrd_to_I10interchange,SB,0.32,0.52,14.9
7/27/2025 16:00,varnerrd_to_I10interchange,SB,0.17,0.37,21.3
7/27/2025 17:00,varnerrd_to_I10interchange,SB,0.23,0.43,18.2
7/27/2025 18:00,varnerrd_to_I10interchange,SB,0.48,0.68,12
7/27/2025 19:00,varnerrd_to_I10interchange,SB,0.33,0.53,14.6
7/27/2025 20:00,varnerrd_to_I10interchange,SB,0.5,0.7,11.1
7/27/2025 21:00,varnerrd_to_I10interchange,SB,0.37,0.57,14.6
7/27/2025 22:00,varnerrd_to_I10interchange,SB,0.22,0.42,19.4
7/27/2025 23:00,varnerrd_to_I10interchange,SB,0.09,0.29,26.6
7/28/2025 0:00,varnerrd_to_I10interchange,SB,0.11,0.3,27.5
7/28/2025 1:00,varnerrd_to_I10interchange,SB,0.09,0.29,27.5
7/28/2025 2:00,varnerrd_to_I10interchange,SB,0.04,0.23,36
7/28/2025 3:00,varnerrd_to_I10interchange,SB,0.07,0.26,30
7/28/2025 4:00,varnerrd_to_I10interchange,SB,0.05,0.25,30.2
7/28/2025 5:00,varnerrd_to_I10interchange,SB,0.2,0.4,22
7/28/2025 6:00,varnerrd_to_I10interchange,SB,0.24,0.44,17.9
7/28/2025 7:00,varnerrd_to_I10interchange,SB,0.35,0.55,15.6
7/28/2025 8:00,varnerrd_to_I10interchange,SB,0.36,0.56,14.2
7/28/2025 9:00,varnerrd_to_I10interchange,SB,0.38,0.58,13.6
7/28/2025 10:00,varnerrd_to_I10interchange,SB,0.34,0.53,15.2
7/28/2025 11:00,varnerrd_to_I10interchange,SB,0.33,0.53,14.5
7/28/2025 12:00,varnerrd_to_I10interchange,SB,0.26,0.46,17.4
7/28/2025 13:00,varnerrd_to_I10interchange,SB,0.32,0.52,15.8
7/28/2025 14:00,varnerrd_to_I10interchange,SB,0.27,0.47,16.5
7/28/2025 15:00,varnerrd_to_I10interchange,SB,0.41,0.61,12.8
7/28/2025 16:00,varnerrd_to_I10interchange,SB,0.27,0.47,17
7/28/2025 17:00,varnerrd_to_I10interchange,SB,0.46,0.66,11.9
7/28/2025 18:00,varnerrd_to_I10interchange,SB,0.33,0.53,14.5
7/28/2025 19:00,varnerrd_to_I10interchange,SB,0.22,0.41,19
7/28/2025 20:00,varnerrd_to_I10interchange,SB,0.41,0.61,13.1
7/28/2025 21:00,varnerrd_to_I10interchange,SB,0.29,0.49,16
7/28/2025 22:00,varnerrd_to_I10interchange,SB,0.17,0.37,21.5
7/28/2025 23:00,varnerrd_to_I10interchange,SB,0.12,0.32,24.5
7/29/2025 0:00,varnerrd_to_I10interchange,SB,0.03,0.22,34.1
7/29/2025 1:00,varnerrd_to_I10interchange,SB,0.12,0.32,25.2
7/29/2025 2:00,varnerrd_to_I10interchange,SB,0.01,0.19,39.1
7/29/2025 3:00,varnerrd_to_I10interchange,SB,0.11,0.3,29.9
7/29/2025 4:00,varnerrd_to_I10interchange,SB,0.06,0.25,31.1
7/29/2025 5:00,varnerrd_to_I10interchange,SB,0.21,0.41,18.9
7/29/2025 6:00,varnerrd_to_I10interchange,SB,0.38,0.58,13.5
7/29/2025 7:00,varnerrd_to_I10interchange,SB,0.29,0.48,17.5
7/29/2025 8:00,varnerrd_to_I10interchange,SB,0.29,0.49,15.8
7/29/2025 9:00,varnerrd_to_I10interchange,SB,0.31,0.5,15.9
7/29/2025 10:00,varnerrd_to_I10interchange,SB,0.23,0.43,17.7
7/29/2025 11:00,varnerrd_to_I10interchange,SB,0.26,0.46,17.2
7/29/2025 12:00,varnerrd_to_I10interchange,SB,0.27,0.47,17.5
7/29/2025 13:00,varnerrd_to_I10interchange,SB,0.39,0.59,12.9
7/29/2025 14:00,varnerrd_to_I10interchange,SB,0.3,0.5,15.5
7/29/2025 15:00,varnerrd_to_I10interchange,SB,0.35,0.55,14.1
7/29/2025 16:00,varnerrd_to_I10interchange,SB,0.3,0.5,16.4
7/29/2025 17:00,varnerrd_to_I10interchange,SB,0.35,0.55,14.6
7/29/2025 18:00,varnerrd_to_I10interchange,SB,0.41,0.61,13
7/29/2025 19:00,varnerrd_to_I10interchange,SB,0.19,0.39,20.7
7/29/2025 20:00,varnerrd_to_I10interchange,SB,0.15,0.35,22
7/29/2025 21:00,varnerrd_to_I10interchange,SB,0.21,0.41,19.5
7/29/2025 22:00,varnerrd_to_I10interchange,SB,0.19,0.39,21.7
7/29/2025 23:00,varnerrd_to_I10interchange,SB,0.08,0.28,28.7
7/30/2025 0:00,varnerrd_to_I10interchange,SB,0.09,0.28,27
7/30/2025 1:00,varnerrd_to_I10interchange,SB,0.06,0.26,29.6
7/30/2025 2:00,varnerrd_to_I10interchange,SB,0,0.18,42.6
7/30/2025 3:00,varnerrd_to_I10interchange,SB,0.03,0.21,35.6
7/30/2025 4:00,varnerrd_to_I10interchange,SB,0.07,0.27,28.6
7/30/2025 5:00,varnerrd_to_I10interchange,SB,0.25,0.45,18.1
7/30/2025 6:00,varnerrd_to_I10interchange,SB,0.25,0.45,17.6
7/30/2025 7:00,varnerrd_to_I10interchange,SB,0.31,0.51,15.2
7/30/2025 8:00,varnerrd_to_I10interchange,SB,0.3,0.49,16.5
7/30/2025 9:00,varnerrd_to_I10interchange,SB,0.27,0.47,16.4
7/30/2025 10:00,varnerrd_to_I10interchange,SB,0.3,0.5,15.5
7/30/2025 11:00,varnerrd_to_I10interchange,SB,0.4,0.6,13.3
7/30/2025 12:00,varnerrd_to_I10interchange,SB,0.3,0.5,15.8
7/30/2025 13:00,varnerrd_to_I10interchange,SB,0.36,0.55,14.5
7/30/2025 14:00,varnerrd_to_I10interchange,SB,0.36,0.55,14.5
7/30/2025 15:00,varnerrd_to_I10interchange,SB,0.32,0.52,15.3
7/30/2025 16:00,varnerrd_to_I10interchange,SB,0.31,0.51,15.6
7/30/2025 17:00,varnerrd_to_I10interchange,SB,0.33,0.53,14.7
7/30/2025 18:00,varnerrd_to_I10interchange,SB,0.3,0.5,16.1
7/30/2025 19:00,varnerrd_to_I10interchange,SB,0.2,0.4,19.7
7/30/2025 20:00,varnerrd_to_I10interchange,SB,0.14,0.34,23
7/30/2025 21:00,varnerrd_to_I10interchange,SB,0.22,0.42,18.6
7/30/2025 22:00,varnerrd_to_I10interchange,SB,0.17,0.37,21.5
7/30/2025 23:00,varnerrd_to_I10interchange,SB,0.12,0.32,24.4
7/31/2025 0:00,varnerrd_to_I10interchange,SB,0.07,0.26,28.9
7/31/2025 1:00,varnerrd_to_I10interchange,SB,0.04,0.24,31.5
7/31/2025 2:00,varnerrd_to_I10interchange,SB,0.02,0.2,39.2
7/31/2025 3:00,varnerrd_to_I10interchange,SB,0.01,0.18,42.3
7/31/2025 4:00,varnerrd_to_I10interchange,SB,0.05,0.24,34.6
7/31/2025 5:00,varnerrd_to_I10interchange,SB,0.2,0.4,20.2
7/31/2025 6:00,varnerrd_to_I10interchange,SB,0.28,0.48,16.9
7/31/2025 7:00,varnerrd_to_I10interchange,SB,0.29,0.49,16.2
7/31/2025 8:00,varnerrd_to_I10interchange,SB,0.45,0.65,11.8
7/31/2025 9:00,varnerrd_to_I10interchange,SB,0.33,0.53,14.7
7/31/2025 10:00,varnerrd_to_I10interchange,SB,0.29,0.49,16.8
7/31/2025 11:00,varnerrd_to_I10interchange,SB,0.29,0.49,16.1
7/31/2025 12:00,varnerrd_to_I10interchange,SB,0.38,0.58,13.5
7/31/2025 13:00,varnerrd_to_I10interchange,SB,0.24,0.44,17.7
7/31/2025 14:00,varnerrd_to_I10interchange,SB,0.38,0.58,13.6
7/31/2025 15:00,varnerrd_to_I10interchange,SB,0.35,0.55,14.6
7/31/2025 16:00,varnerrd_to_I10interchange,SB,0.38,0.58,14.4
7/31/2025 17:00,varnerrd_to_I10interchange,SB,0.32,0.52,15.1
7/31/2025 18:00,varnerrd_to_I10interchange,SB,0.32,0.52,14.6
7/31/2025 19:00,varnerrd_to_I10interchange,SB,0.19,0.39,21.1
7/31/2025 20:00,varnerrd_to_I10interchange,SB,0.24,0.44,18.2
7/31/2025 21:00,varnerrd_to_I10interchange,SB,0.12,0.32,24.3
7/31/2025 22:00,varnerrd_to_I10interchange,SB,0.21,0.4,20.4
7/31/2025 23:00,varnerrd_to_I10interchange,SB,0.06,0.26,29.5
8/1/2025 0:00,varnerrd_to_I10interchange,SB,0.05,0.24,31.1
8/1/2025 1:00,varnerrd_to_I10interchange,SB,0.11,0.3,30
8/1/2025 2:00,varnerrd_to_I10interchange,SB,0.03,0.22,33.7
8/1/2025 3:00,varnerrd_to_I10interchange,SB,0.03,0.22,34.4
8/1/2025 4:00,varnerrd_to_I10interchange,SB,0.17,0.37,21.9
8/1/2025 5:00,varnerrd_to_I10interchange,SB,0.25,0.45,17.4
8/1/2025 6:00,varnerrd_to_I10interchange,SB,0.25,0.44,18.3
8/1/2025 7:00,varnerrd_to_I10interchange,SB,0.42,0.61,13.5
8/1/2025 8:00,varnerrd_to_I10interchange,SB,0.27,0.47,16.9
8/1/2025 9:00,varnerrd_to_I10interchange,SB,0.2,0.4,19.5
8/1/2025 10:00,varnerrd_to_I10interchange,SB,0.29,0.49,16.3
8/1/2025 11:00,varnerrd_to_I10interchange,SB,0.15,0.35,21.8
8/1/2025 12:00,varnerrd_to_I10interchange,SB,0.37,0.57,13.7
8/1/2025 13:00,varnerrd_to_I10interchange,SB,0.31,0.51,15
8/1/2025 14:00,varnerrd_to_I10interchange,SB,0.31,0.51,15.9
8/1/2025 15:00,varnerrd_to_I10interchange,SB,0.28,0.48,16.9
8/1/2025 16:00,varnerrd_to_I10interchange,SB,0.42,0.62,13.4
8/1/2025 17:00,varnerrd_to_I10interchange,SB,0.32,0.52,14.9
8/1/2025 18:00,varnerrd_to_I10interchange,SB,0.35,0.55,15
8/1/2025 19:00,varnerrd_to_I10interchange,SB,0.29,0.49,15.8
8/1/2025 20:00,varnerrd_to_I10interchange,SB,0.28,0.48,17.6
8/1/2025 21:00,varnerrd_to_I10interchange,SB,0.26,0.46,18.2
8/1/2025 22:00,varnerrd_to_I10interchange,SB,0.23,0.43,19.5
8/1/2025 23:00,varnerrd_to_I10interchange,SB,0.15,0.35,22.7
8/2/2025 0:00,varnerrd_to_I10interchange,SB,0.48,0.67,11.5
8/2/2025 1:00,varnerrd_to_I10interchange,SB,0.17,0.36,23.2
8/2/2025 2:00,varnerrd_to_I10interchange,SB,0.03,0.23,33.7
8/2/2025 3:00,varnerrd_to_I10interchange,SB,0.02,0.21,35.2
8/2/2025 4:00,varnerrd_to_I10interchange,SB,0.09,0.28,28.5
8/2/2025 5:00,varnerrd_to_I10interchange,SB,0.08,0.27,31.2
8/2/2025 6:00,varnerrd_to_I10interchange,SB,0.17,0.37,22.3
8/2/2025 7:00,varnerrd_to_I10interchange,SB,0.35,0.55,14.3
8/2/2025 8:00,varnerrd_to_I10interchange,SB,0.29,0.49,16
8/2/2025 9:00,varnerrd_to_I10interchange,SB,0.33,0.53,16
8/2/2025 10:00,varnerrd_to_I10interchange,SB,0.36,0.56,14.6
8/2/2025 11:00,varnerrd_to_I10interchange,SB,0.22,0.42,18.8
8/2/2025 12:00,varnerrd_to_I10interchange,SB,0.21,0.41,19.9
8/2/2025 13:00,varnerrd_to_I10interchange,SB,0.33,0.53,14.9
8/2/2025 14:00,varnerrd_to_I10interchange,SB,0.33,0.53,14.8
8/2/2025 15:00,varnerrd_to_I10interchange,SB,0.27,0.47,17.6
8/2/2025 16:00,varnerrd_to_I10interchange,SB,0.34,0.54,15.1
8/2/2025 17:00,varnerrd_to_I10interchange,SB,0.27,0.47,16.9
8/2/2025 18:00,varnerrd_to_I10interchange,SB,0.33,0.53,14.5
8/2/2025 19:00,varnerrd_to_I10interchange,SB,0.25,0.45,17.7
8/2/2025 20:00,varnerrd_to_I10interchange,SB,0.31,0.51,15.7
8/2/2025 21:00,varnerrd_to_I10interchange,SB,0.33,0.53,15.7
8/2/2025 22:00,varnerrd_to_I10interchange,SB,0.28,0.48,16.5
8/2/2025 23:00,varnerrd_to_I10interchange,SB,0.09,0.29,28.1
8/3/2025 0:00,varnerrd_to_I10interchange,SB,0.16,0.35,23.2
8/3/2025 1:00,varnerrd_to_I10interchange,SB,0.08,0.27,27.9
8/3/2025 2:00,varnerrd_to_I10interchange,SB,0.15,0.35,22.9
8/3/2025 3:00,varnerrd_to_I10interchange,SB,0.02,0.21,35.3
8/3/2025 4:00,varnerrd_to_I10interchange,SB,0.05,0.24,32
8/3/2025 5:00,varnerrd_to_I10interchange,SB,0.02,0.22,34.4
8/3/2025 6:00,varnerrd_to_I10interchange,SB,0.06,0.26,30.8
8/3/2025 7:00,varnerrd_to_I10interchange,SB,0.34,0.54,15.7
8/3/2025 8:00,varnerrd_to_I10interchange,SB,0.35,0.55,14.2
8/3/2025 9:00,varnerrd_to_I10interchange,SB,0.18,0.38,21.1
8/3/2025 10:00,varnerrd_to_I10interchange,SB,0.24,0.44,17.6
8/3/2025 11:00,varnerrd_to_I10interchange,SB,0.4,0.6,13.4
8/3/2025 12:00,varnerrd_to_I10interchange,SB,0.27,0.47,17.5
8/3/2025 13:00,varnerrd_to_I10interchange,SB,0.3,0.5,15.7
8/3/2025 14:00,varnerrd_to_I10interchange,SB,0.33,0.53,15
8/3/2025 15:00,varnerrd_to_I10interchange,SB,0.24,0.44,17.6
8/3/2025 16:00,varnerrd_to_I10interchange,SB,0.23,0.43,19
8/3/2025 17:00,varnerrd_to_I10interchange,SB,0.28,0.48,16.1
8/3/2025 18:00,varnerrd_to_I10interchange,SB,0.38,0.58,14
8/3/2025 19:00,varnerrd_to_I10interchange,SB,0.29,0.49,16
8/3/2025 20:00,varnerrd_to_I10interchange,SB,0.31,0.51,16.3
8/3/2025 21:00,varnerrd_to_I10interchange,SB,0.3,0.5,16.5
8/3/2025 22:00,varnerrd_to_I10interchange,SB,0.2,0.4,19.8
8/3/2025 23:00,varnerrd_to_I10interchange,SB,0.18,0.38,21.7
8/4/2025 0:00,varnerrd_to_I10interchange,SB,0.08,0.27,29
8/4/2025 1:00,varnerrd_to_I10interchange,SB,0.04,0.22,35.3
8/4/2025 2:00,varnerrd_to_I10interchange,SB,0.05,0.23,34.4
8/4/2025 3:00,varnerrd_to_I10interchange,SB,0.06,0.25,32.5
8/4/2025 4:00,varnerrd_to_I10interchange,SB,0.1,0.3,26.8
8/4/2025 5:00,varnerrd_to_I10interchange,SB,0.22,0.42,18.7
8/4/2025 6:00,varnerrd_to_I10interchange,SB,0.2,0.4,20.5
8/4/2025 7:00,varnerrd_to_I10interchange,SB,0.3,0.5,16.4
8/4/2025 8:00,varnerrd_to_I10interchange,SB,0.26,0.46,16.8
8/4/2025 9:00,varnerrd_to_I10interchange,SB,0.32,0.52,14.7
8/4/2025 10:00,varnerrd_to_I10interchange,SB,0.31,0.51,16.5
8/4/2025 11:00,varnerrd_to_I10interchange,SB,0.32,0.52,14.8
8/4/2025 12:00,varnerrd_to_I10interchange,SB,0.25,0.45,17.3
8/4/2025 13:00,varnerrd_to_I10interchange,SB,0.27,0.47,16.4
8/4/2025 14:00,varnerrd_to_I10interchange,SB,0.31,0.5,15.6
8/4/2025 15:00,varnerrd_to_I10interchange,SB,0.32,0.52,14.9
8/4/2025 16:00,varnerrd_to_I10interchange,SB,0.41,0.61,12.9
8/4/2025 17:00,varnerrd_to_I10interchange,SB,0.43,0.63,12.5
8/4/2025 18:00,varnerrd_to_I10interchange,SB,0.21,0.41,19.3
8/4/2025 19:00,varnerrd_to_I10interchange,SB,0.23,0.43,21
8/4/2025 20:00,varnerrd_to_I10interchange,SB,0.39,0.59,14.4
8/4/2025 21:00,varnerrd_to_I10interchange,SB,0.18,0.38,21.2
8/4/2025 22:00,varnerrd_to_I10interchange,SB,0.14,0.34,23.4
8/4/2025 23:00,varnerrd_to_I10interchange,SB,0.07,0.26,29
8/5/2025 0:00,varnerrd_to_I10interchange,SB,0.02,0.21,36.5
8/5/2025 1:00,varnerrd_to_I10interchange,SB,0.14,0.34,24
8/5/2025 2:00,varnerrd_to_I10interchange,SB,0.05,0.24,33
8/5/2025 3:00,varnerrd_to_I10interchange,SB,0.01,0.18,42.1
8/5/2025 4:00,varnerrd_to_I10interchange,SB,0.05,0.25,30.4
8/5/2025 5:00,varnerrd_to_I10interchange,SB,0.19,0.39,22.6
8/5/2025 6:00,varnerrd_to_I10interchange,SB,0.26,0.46,17.7
8/5/2025 7:00,varnerrd_to_I10interchange,SB,0.25,0.45,17.2
8/5/2025 8:00,varnerrd_to_I10interchange,SB,0.43,0.63,12.9
8/5/2025 9:00,varnerrd_to_I10interchange,SB,0.36,0.56,14.2
8/5/2025 10:00,varnerrd_to_I10interchange,SB,0.27,0.47,17.5
8/5/2025 11:00,varnerrd_to_I10interchange,SB,0.27,0.47,16.4
8/5/2025 12:00,varnerrd_to_I10interchange,SB,0.3,0.5,15.2
8/5/2025 13:00,varnerrd_to_I10interchange,SB,0.38,0.58,13.7
8/5/2025 14:00,varnerrd_to_I10interchange,SB,0.27,0.46,17.2
8/5/2025 15:00,varnerrd_to_I10interchange,SB,0.31,0.51,16.3
8/5/2025 16:00,varnerrd_to_I10interchange,SB,0.3,0.5,16.2
8/5/2025 17:00,varnerrd_to_I10interchange,SB,0.39,0.59,13.8
8/5/2025 18:00,varnerrd_to_I10interchange,SB,0.26,0.46,17.9
8/5/2025 19:00,varnerrd_to_I10interchange,SB,0.26,0.46,17.3
8/5/2025 20:00,varnerrd_to_I10interchange,SB,0.19,0.39,20.3
8/5/2025 21:00,varnerrd_to_I10interchange,SB,0.21,0.4,19
8/5/2025 22:00,varnerrd_to_I10interchange,SB,0.16,0.36,21.9
8/5/2025 23:00,varnerrd_to_I10interchange,SB,0.04,0.24,31.8
8/6/2025 0:00,varnerrd_to_I10interchange,SB,0.07,0.26,28.7
8/6/2025 1:00,varnerrd_to_I10interchange,SB,0.07,0.26,31.9
8/6/2025 2:00,varnerrd_to_I10interchange,SB,0.01,0.19,39.8
8/6/2025 3:00,varnerrd_to_I10interchange,SB,0.03,0.22,35
8/6/2025 4:00,varnerrd_to_I10interchange,SB,0.06,0.26,31.1
8/6/2025 5:00,varnerrd_to_I10interchange,SB,0.23,0.42,19.7
8/6/2025 6:00,varnerrd_to_I10interchange,SB,0.34,0.54,14.6
8/6/2025 7:00,varnerrd_to_I10interchange,SB,0.34,0.54,14.9
8/6/2025 8:00,varnerrd_to_I10interchange,SB,0.34,0.54,14.6
8/6/2025 9:00,varnerrd_to_I10interchange,SB,0.31,0.51,15.2
8/6/2025 10:00,varnerrd_to_I10interchange,SB,0.32,0.52,15.8
8/6/2025 11:00,varnerrd_to_I10interchange,SB,0.28,0.48,16.6
8/6/2025 12:00,varnerrd_to_I10interchange,SB,0.37,0.57,14.3
8/6/2025 13:00,varnerrd_to_I10interchange,SB,0.35,0.55,14.6
8/6/2025 14:00,varnerrd_to_I10interchange,SB,0.33,0.53,14.8
8/6/2025 15:00,varnerrd_to_I10interchange,SB,0.34,0.54,15
8/6/2025 16:00,varnerrd_to_I10interchange,SB,0.31,0.51,15.8
8/6/2025 17:00,varnerrd_to_I10interchange,SB,0.31,0.51,15.2
8/6/2025 18:00,varnerrd_to_I10interchange,SB,0.23,0.43,20.2
8/6/2025 19:00,varnerrd_to_I10interchange,SB,0.32,0.52,15
8/6/2025 20:00,varnerrd_to_I10interchange,SB,0.32,0.51,15.6
8/6/2025 21:00,varnerrd_to_I10interchange,SB,0.24,0.44,18.1
8/6/2025 22:00,varnerrd_to_I10interchange,SB,0.4,0.6,12.8
8/6/2025 23:00,varnerrd_to_I10interchange,SB,0.13,0.33,23.5
8/7/2025 0:00,varnerrd_to_I10interchange,SB,0.23,0.42,20.2
8/7/2025 1:00,varnerrd_to_I10interchange,SB,0.02,0.21,35.7
8/7/2025 2:00,varnerrd_to_I10interchange,SB,0.02,0.21,35.4
8/7/2025 3:00,varnerrd_to_I10interchange,SB,0.01,0.2,38.5
8/7/2025 4:00,varnerrd_to_I10interchange,SB,0.07,0.26,30.3
8/7/2025 5:00,varnerrd_to_I10interchange,SB,0.14,0.33,23.4
8/7/2025 6:00,varnerrd_to_I10interchange,SB,0.15,0.35,22.7
8/7/2025 7:00,varnerrd_to_I10interchange,SB,0.33,0.53,14.8
8/7/2025 8:00,varnerrd_to_I10interchange,SB,0.38,0.58,15.7
8/7/2025 9:00,varnerrd_to_I10interchange,SB,0.3,0.5,15.8
8/7/2025 10:00,varnerrd_to_I10interchange,SB,0.35,0.55,14.6
8/7/2025 11:00,varnerrd_to_I10interchange,SB,0.32,0.52,15.3
8/7/2025 12:00,varnerrd_to_I10interchange,SB,0.22,0.42,18.4
8/7/2025 13:00,varnerrd_to_I10interchange,SB,0.28,0.48,18.3
8/7/2025 14:00,varnerrd_to_I10interchange,SB,0.39,0.59,13.7
8/7/2025 15:00,varnerrd_to_I10interchange,SB,0.24,0.44,17.7
8/7/2025 16:00,varnerrd_to_I10interchange,SB,0.32,0.52,15.6
8/7/2025 17:00,varnerrd_to_I10interchange,SB,0.38,0.58,13.9
8/7/2025 18:00,varnerrd_to_I10interchange,SB,0.26,0.46,17
8/7/2025 19:00,varnerrd_to_I10interchange,SB,0.24,0.44,17.6
8/7/2025 20:00,varnerrd_to_I10interchange,SB,0.22,0.41,19
8/7/2025 21:00,varnerrd_to_I10interchange,SB,0.29,0.49,15.6
8/7/2025 22:00,varnerrd_to_I10interchange,SB,0.18,0.38,21.3
8/7/2025 23:00,varnerrd_to_I10interchange,SB,0.29,0.49,15.8
8/8/2025 0:00,varnerrd_to_I10interchange,SB,0.1,0.3,27
8/8/2025 1:00,varnerrd_to_I10interchange,SB,0.09,0.28,27.4
8/8/2025 2:00,varnerrd_to_I10interchange,SB,0.03,0.22,34.5
8/8/2025 3:00,varnerrd_to_I10interchange,SB,0,0.18,41.9
8/8/2025 4:00,varnerrd_to_I10interchange,SB,0.1,0.3,27
8/8/2025 5:00,varnerrd_to_I10interchange,SB,0.19,0.39,20.1
8/8/2025 6:00,varnerrd_to_I10interchange,SB,0.26,0.46,17.8
8/8/2025 7:00,varnerrd_to_I10interchange,SB,0.38,0.58,13.1
8/8/2025 8:00,varnerrd_to_I10interchange,SB,0.31,0.51,15.9
8/8/2025 9:00,varnerrd_to_I10interchange,SB,0.29,0.49,16.4
8/8/2025 10:00,varnerrd_to_I10interchange,SB,0.34,0.54,14.9
8/8/2025 11:00,varnerrd_to_I10interchange,SB,0.28,0.48,16.6
8/8/2025 12:00,varnerrd_to_I10interchange,SB,0.28,0.48,16.7
8/8/2025 13:00,varnerrd_to_I10interchange,SB,0.36,0.56,14.3
8/8/2025 14:00,varnerrd_to_I10interchange,SB,0.3,0.5,15.6
8/8/2025 15:00,varnerrd_to_I10interchange,SB,0.38,0.58,13.6
8/8/2025 16:00,varnerrd_to_I10interchange,SB,0.29,0.49,16.4
8/8/2025 17:00,varnerrd_to_I10interchange,SB,0.28,0.48,16.3
8/8/2025 18:00,varnerrd_to_I10interchange,SB,0.21,0.41,18.5
8/8/2025 19:00,varnerrd_to_I10interchange,SB,0.29,0.49,16.2
8/8/2025 20:00,varnerrd_to_I10interchange,SB,0.3,0.5,16.2
8/8/2025 21:00,varnerrd_to_I10interchange,SB,0.28,0.48,16.8
8/8/2025 22:00,varnerrd_to_I10interchange,SB,0.27,0.47,16.3
8/8/2025 23:00,varnerrd_to_I10interchange,SB,0.21,0.41,21
8/9/2025 0:00,varnerrd_to_I10interchange,SB,0.14,0.34,24.3
8/9/2025 1:00,varnerrd_to_I10interchange,SB,0.2,0.39,20.2
8/9/2025 2:00,varnerrd_to_I10interchange,SB,0.16,0.35,22.7
8/9/2025 3:00,varnerrd_to_I10interchange,SB,0.08,0.27,30.2
8/9/2025 4:00,varnerrd_to_I10interchange,SB,0.04,0.23,35.1
8/9/2025 5:00,varnerrd_to_I10interchange,SB,0.21,0.41,21.2
8/9/2025 6:00,varnerrd_to_I10interchange,SB,0.25,0.45,21.7
8/9/2025 7:00,varnerrd_to_I10interchange,SB,0.26,0.46,16.9
8/9/2025 8:00,varnerrd_to_I10interchange,SB,0.24,0.44,17.7
8/9/2025 9:00,varnerrd_to_I10interchange,SB,0.29,0.49,16.7
8/9/2025 10:00,varnerrd_to_I10interchange,SB,0.36,0.56,14.1
8/9/2025 11:00,varnerrd_to_I10interchange,SB,0.25,0.45,18
8/9/2025 12:00,varnerrd_to_I10interchange,SB,0.33,0.52,14.8
8/9/2025 13:00,varnerrd_to_I10interchange,SB,0.34,0.54,15.3
8/9/2025 14:00,varnerrd_to_I10interchange,SB,0.36,0.55,14
8/9/2025 15:00,varnerrd_to_I10interchange,SB,0.3,0.5,17.6
8/9/2025 16:00,varnerrd_to_I10interchange,SB,0.22,0.42,18.2
8/9/2025 17:00,varnerrd_to_I10interchange,SB,0.25,0.45,17.1
8/9/2025 18:00,varnerrd_to_I10interchange,SB,0.37,0.57,15.5
8/9/2025 19:00,varnerrd_to_I10interchange,SB,0.15,0.35,22.3
8/9/2025 20:00,varnerrd_to_I10interchange,SB,0.35,0.55,14.8
8/9/2025 21:00,varnerrd_to_I10interchange,SB,0.27,0.47,16.1
8/9/2025 22:00,varnerrd_to_I10interchange,SB,0.28,0.48,16.4
8/9/2025 23:00,varnerrd_to_I10interchange,SB,0.14,0.34,23.5
8/10/2025 0:00,varnerrd_to_I10interchange,SB,0.21,0.41,19
8/10/2025 1:00,varnerrd_to_I10interchange,SB,0.21,0.41,19.1
8/10/2025 2:00,varnerrd_to_I10interchange,SB,0.12,0.31,25.5
8/10/2025 3:00,varnerrd_to_I10interchange,SB,0.04,0.22,34.9
8/10/2025 4:00,varnerrd_to_I10interchange,SB,0.03,0.23,33.4
8/10/2025 5:00,varnerrd_to_I10interchange,SB,0.05,0.24,31.4
8/10/2025 6:00,varnerrd_to_I10interchange,SB,0.26,0.46,18.1
8/10/2025 7:00,varnerrd_to_I10interchange,SB,0.09,0.29,26.5
8/10/2025 8:00,varnerrd_to_I10interchange,SB,0.17,0.37,21.5
8/10/2025 9:00,varnerrd_to_I10interchange,SB,0.29,0.49,18.8
8/10/2025 10:00,varnerrd_to_I10interchange,SB,0.38,0.58,13.5
8/10/2025 11:00,varnerrd_to_I10interchange,SB,0.25,0.45,17.5
8/10/2025 12:00,varnerrd_to_I10interchange,SB,0.33,0.52,15.3
8/10/2025 13:00,varnerrd_to_I10interchange,SB,0.35,0.55,14.6
8/10/2025 14:00,varnerrd_to_I10interchange,SB,0.28,0.47,17.5
8/10/2025 15:00,varnerrd_to_I10interchange,SB,0.3,0.5,16.8
8/10/2025 16:00,varnerrd_to_I10interchange,SB,0.33,0.53,16.1
8/10/2025 17:00,varnerrd_to_I10interchange,SB,0.34,0.54,16.3
8/10/2025 18:00,varnerrd_to_I10interchange,SB,0.31,0.51,15.2
8/10/2025 19:00,varnerrd_to_I10interchange,SB,0.19,0.38,20
8/10/2025 20:00,varnerrd_to_I10interchange,SB,0.32,0.52,14.7
8/10/2025 21:00,varnerrd_to_I10interchange,SB,0.39,0.59,13.4
8/10/2025 22:00,varnerrd_to_I10interchange,SB,0.17,0.36,21.2
8/10/2025 23:00,varnerrd_to_I10interchange,SB,0.1,0.29,26
8/11/2025 0:00,varnerrd_to_I10interchange,SB,0.11,0.31,24.7
8/11/2025 1:00,varnerrd_to_I10interchange,SB,0.06,0.25,32
8/11/2025 2:00,varnerrd_to_I10interchange,SB,0.01,0.2,38.3
8/11/2025 3:00,varnerrd_to_I10interchange,SB,0.04,0.23,33.1
8/11/2025 4:00,varnerrd_to_I10interchange,SB,0.04,0.24,31.8
8/11/2025 5:00,varnerrd_to_I10interchange,SB,0.1,0.3,25.2
8/11/2025 6:00,varnerrd_to_I10interchange,SB,0.36,0.56,15.3
8/11/2025 7:00,varnerrd_to_I10interchange,SB,0.33,0.53,14.9
8/11/2025 8:00,varnerrd_to_I10interchange,SB,0.24,0.44,18.6
8/11/2025 9:00,varnerrd_to_I10interchange,SB,0.38,0.58,14
8/11/2025 10:00,varnerrd_to_I10interchange,SB,0.28,0.48,16.5
8/11/2025 11:00,varnerrd_to_I10interchange,SB,0.39,0.59,13.4
8/11/2025 12:00,varnerrd_to_I10interchange,SB,0.3,0.5,15.8
8/11/2025 13:00,varnerrd_to_I10interchange,SB,0.25,0.45,17.7
8/11/2025 14:00,varnerrd_to_I10interchange,SB,0.28,0.48,17.3
8/11/2025 15:00,varnerrd_to_I10interchange,SB,0.35,0.55,15.1
8/11/2025 16:00,varnerrd_to_I10interchange,SB,0.38,0.57,13.6
8/11/2025 17:00,varnerrd_to_I10interchange,SB,0.26,0.46,17.1
8/11/2025 18:00,varnerrd_to_I10interchange,SB,0.35,0.55,16.9
8/11/2025 19:00,varnerrd_to_I10interchange,SB,0.25,0.45,18.3
8/11/2025 20:00,varnerrd_to_I10interchange,SB,0.32,0.51,16.1
8/11/2025 21:00,varnerrd_to_I10interchange,SB,0.32,0.52,15.9
8/11/2025 22:00,varnerrd_to_I10interchange,SB,0.22,0.42,18.8
8/11/2025 23:00,varnerrd_to_I10interchange,SB,0.15,0.35,21.6
8/12/2025 0:00,varnerrd_to_I10interchange,SB,0.03,0.21,36.3
8/12/2025 1:00,varnerrd_to_I10interchange,SB,0.05,0.24,32.4
8/12/2025 2:00,varnerrd_to_I10interchange,SB,0.01,0.18,42
8/12/2025 3:00,varnerrd_to_I10interchange,SB,0,0.17,43.6
8/12/2025 4:00,varnerrd_to_I10interchange,SB,0.06,0.25,30.6
8/12/2025 5:00,varnerrd_to_I10interchange,SB,0.17,0.36,22.5
8/12/2025 6:00,varnerrd_to_I10interchange,SB,0.4,0.6,13.4
8/12/2025 7:00,varnerrd_to_I10interchange,SB,0.26,0.46,17.4
8/12/2025 8:00,varnerrd_to_I10interchange,SB,0.37,0.56,14.4
8/12/2025 9:00,varnerrd_to_I10interchange,SB,0.32,0.52,15
8/12/2025 10:00,varnerrd_to_I10interchange,SB,0.42,0.62,12.5
8/12/2025 11:00,varnerrd_to_I10interchange,SB,0.38,0.58,13.3
8/12/2025 12:00,varnerrd_to_I10interchange,SB,0.24,0.44,17.9
8/12/2025 13:00,varnerrd_to_I10interchange,SB,0.33,0.53,14.9
8/12/2025 14:00,varnerrd_to_I10interchange,SB,0.38,0.58,14.3
8/12/2025 15:00,varnerrd_to_I10interchange,SB,0.37,0.57,13.5
8/12/2025 16:00,varnerrd_to_I10interchange,SB,0.4,0.59,13.8
8/12/2025 17:00,varnerrd_to_I10interchange,SB,0.24,0.44,17.8
8/12/2025 18:00,varnerrd_to_I10interchange,SB,0.25,0.45,17.4
8/12/2025 19:00,varnerrd_to_I10interchange,SB,0.25,0.45,17.4
8/12/2025 20:00,varnerrd_to_I10interchange,SB,0.3,0.5,16.2
8/12/2025 21:00,varnerrd_to_I10interchange,SB,0.18,0.38,20.5
8/12/2025 22:00,varnerrd_to_I10interchange,SB,0.32,0.51,16.1
8/12/2025 23:00,varnerrd_to_I10interchange,SB,0.19,0.39,19.9
8/13/2025 0:00,varnerrd_to_I10interchange,SB,0.06,0.25,31.1
8/13/2025 1:00,varnerrd_to_I10interchange,SB,0.09,0.28,27.6
8/13/2025 2:00,varnerrd_to_I10interchange,SB,0.04,0.23,33.1
8/13/2025 3:00,varnerrd_to_I10interchange,SB,0.01,0.19,40.7
8/13/2025 4:00,varnerrd_to_I10interchange,SB,0.03,0.23,33.2
8/13/2025 5:00,varnerrd_to_I10interchange,SB,0.11,0.3,26.6
8/13/2025 6:00,varnerrd_to_I10interchange,SB,0.41,0.61,12.8
8/13/2025 7:00,varnerrd_to_I10interchange,SB,0.27,0.47,17
8/13/2025 8:00,varnerrd_to_I10interchange,SB,0.3,0.5,16.6
8/13/2025 9:00,varnerrd_to_I10interchange,SB,0.23,0.43,18.4
8/13/2025 10:00,varnerrd_to_I10interchange,SB,0.26,0.46,17.4
8/13/2025 11:00,varnerrd_to_I10interchange,SB,0.25,0.45,17.7
8/13/2025 12:00,varnerrd_to_I10interchange,SB,0.23,0.43,18.4
8/13/2025 13:00,varnerrd_to_I10interchange,SB,0.29,0.49,15.8
8/13/2025 14:00,varnerrd_to_I10interchange,SB,0.33,0.53,15
8/13/2025 15:00,varnerrd_to_I10interchange,SB,0.26,0.46,17.1
8/13/2025 16:00,varnerrd_to_I10interchange,SB,0.31,0.51,15.1
8/13/2025 17:00,varnerrd_to_I10interchange,SB,0.32,0.52,14.9
8/13/2025 18:00,varnerrd_to_I10interchange,SB,0.28,0.48,16.8
8/13/2025 19:00,varnerrd_to_I10interchange,SB,0.17,0.37,21.6
8/13/2025 20:00,varnerrd_to_I10interchange,SB,0.39,0.59,13.6
8/13/2025 21:00,varnerrd_to_I10interchange,SB,0.29,0.49,15.6
8/13/2025 22:00,varnerrd_to_I10interchange,SB,0.17,0.37,21.4
8/13/2025 23:00,varnerrd_to_I10interchange,SB,0.06,0.26,29.4
8/14/2025 0:00,varnerrd_to_I10interchange,SB,0.05,0.24,31.2
8/14/2025 1:00,varnerrd_to_I10interchange,SB,0.06,0.25,29.6
8/14/2025 2:00,varnerrd_to_I10interchange,SB,0.02,0.2,37.4
8/14/2025 3:00,varnerrd_to_I10interchange,SB,0.02,0.21,35.5
8/14/2025 4:00,varnerrd_to_I10interchange,SB,0.24,0.43,23
8/14/2025 5:00,varnerrd_to_I10interchange,SB,0.23,0.43,20.5
8/14/2025 6:00,varnerrd_to_I10interchange,SB,0.29,0.49,16.8
8/14/2025 7:00,varnerrd_to_I10interchange,SB,0.2,0.4,19.9
8/14/2025 8:00,varnerrd_to_I10interchange,SB,0.33,0.53,15
8/14/2025 9:00,varnerrd_to_I10interchange,SB,0.32,0.52,15.6
8/14/2025 10:00,varnerrd_to_I10interchange,SB,0.23,0.43,18.5
8/14/2025 11:00,varnerrd_to_I10interchange,SB,0.26,0.46,17.6
8/14/2025 12:00,varnerrd_to_I10interchange,SB,0.29,0.49,15.7
8/14/2025 13:00,varnerrd_to_I10interchange,SB,0.29,0.49,16.7
8/14/2025 14:00,varnerrd_to_I10interchange,SB,0.28,0.48,16.2
8/14/2025 15:00,varnerrd_to_I10interchange,SB,0.23,0.43,18.4
8/14/2025 16:00,varnerrd_to_I10interchange,SB,0.35,0.55,14
8/14/2025 17:00,varnerrd_to_I10interchange,SB,0.26,0.46,17.7
8/14/2025 18:00,varnerrd_to_I10interchange,SB,0.29,0.49,18.1
8/14/2025 19:00,varnerrd_to_I10interchange,SB,0.39,0.59,13.2
8/14/2025 20:00,varnerrd_to_I10interchange,SB,0.46,0.66,12
8/14/2025 21:00,varnerrd_to_I10interchange,SB,0.29,0.49,16.2
8/14/2025 22:00,varnerrd_to_I10interchange,SB,0.25,0.45,17.6
8/14/2025 23:00,varnerrd_to_I10interchange,SB,0.15,0.35,24.1
8/15/2025 0:00,varnerrd_to_I10interchange,SB,0.13,0.32,24
8/15/2025 1:00,varnerrd_to_I10interchange,SB,0.06,0.25,30
8/15/2025 2:00,varnerrd_to_I10interchange,SB,0.02,0.21,35.6
8/15/2025 3:00,varnerrd_to_I10interchange,SB,0.1,0.29,26.6
8/15/2025 4:00,varnerrd_to_I10interchange,SB,0.08,0.27,28.4
8/15/2025 5:00,varnerrd_to_I10interchange,SB,0.25,0.45,17.6
8/15/2025 6:00,varnerrd_to_I10interchange,SB,0.37,0.57,13.9
8/15/2025 7:00,varnerrd_to_I10interchange,SB,0.31,0.51,15.6
8/15/2025 8:00,varnerrd_to_I10interchange,SB,0.39,0.59,13.7
8/15/2025 9:00,varnerrd_to_I10interchange,SB,0.34,0.53,14.9
8/15/2025 10:00,varnerrd_to_I10interchange,SB,0.44,0.64,12.3
8/15/2025 11:00,varnerrd_to_I10interchange,SB,0.29,0.49,16.3
8/15/2025 12:00,varnerrd_to_I10interchange,SB,0.3,0.5,15.4
8/15/2025 13:00,varnerrd_to_I10interchange,SB,0.38,0.57,13.5
8/15/2025 14:00,varnerrd_to_I10interchange,SB,0.44,0.64,11.9
8/15/2025 15:00,varnerrd_to_I10interchange,SB,0.27,0.47,16.2
8/15/2025 16:00,varnerrd_to_I10interchange,SB,0.28,0.48,16.5
8/15/2025 17:00,varnerrd_to_I10interchange,SB,0.24,0.44,18.8
8/15/2025 18:00,varnerrd_to_I10interchange,SB,0.37,0.57,14
8/15/2025 19:00,varnerrd_to_I10interchange,SB,0.28,0.48,16.3
8/15/2025 20:00,varnerrd_to_I10interchange,SB,0.42,0.62,13.7
8/15/2025 21:00,varnerrd_to_I10interchange,SB,0.29,0.49,16.4
8/15/2025 22:00,varnerrd_to_I10interchange,SB,0.46,0.65,12.3
8/15/2025 23:00,varnerrd_to_I10interchange,SB,0.18,0.38,20.7
8/16/2025 0:00,varnerrd_to_I10interchange,SB,0.06,0.26,29
8/16/2025 1:00,varnerrd_to_I10interchange,SB,0.23,0.42,19.2
8/16/2025 2:00,varnerrd_to_I10interchange,SB,0.08,0.27,29.5
8/16/2025 3:00,varnerrd_to_I10interchange,SB,0.03,0.23,34.2
8/16/2025 4:00,varnerrd_to_I10interchange,SB,0.04,0.24,31.3
8/16/2025 5:00,varnerrd_to_I10interchange,SB,0.19,0.39,21.6
8/16/2025 6:00,varnerrd_to_I10interchange,SB,0.27,0.47,16.9
8/16/2025 7:00,varnerrd_to_I10interchange,SB,0.22,0.42,19
8/16/2025 8:00,varnerrd_to_I10interchange,SB,0.37,0.57,14.9
8/16/2025 9:00,varnerrd_to_I10interchange,SB,0.33,0.53,14.7
8/16/2025 10:00,varnerrd_to_I10interchange,SB,0.23,0.43,18.6
8/16/2025 11:00,varnerrd_to_I10interchange,SB,0.37,0.57,13.9
8/16/2025 12:00,varnerrd_to_I10interchange,SB,0.39,0.59,13.4
8/16/2025 13:00,varnerrd_to_I10interchange,SB,0.19,0.39,21.1
8/16/2025 14:00,varnerrd_to_I10interchange,SB,0.3,0.5,15.7
8/16/2025 15:00,varnerrd_to_I10interchange,SB,0.3,0.5,15.6
8/16/2025 16:00,varnerrd_to_I10interchange,SB,0.29,0.49,16.1
8/16/2025 17:00,varnerrd_to_I10interchange,SB,0.35,0.55,16.2
8/16/2025 18:00,varnerrd_to_I10interchange,SB,0.31,0.51,15.9
8/16/2025 19:00,varnerrd_to_I10interchange,SB,0.27,0.47,17.5
8/16/2025 20:00,varnerrd_to_I10interchange,SB,0.25,0.45,17.2
8/16/2025 21:00,varnerrd_to_I10interchange,SB,0.36,0.56,13.8
8/16/2025 22:00,varnerrd_to_I10interchange,SB,0.19,0.39,21
8/16/2025 23:00,varnerrd_to_I10interchange,SB,0.2,0.39,19.8
8/17/2025 0:00,varnerrd_to_I10interchange,SB,0.11,0.31,25.2
8/17/2025 1:00,varnerrd_to_I10interchange,SB,0.06,0.25,30.5
8/17/2025 2:00,varnerrd_to_I10interchange,SB,0.1,0.29,26.8
8/17/2025 3:00,varnerrd_to_I10interchange,SB,0.11,0.31,25.6
8/17/2025 4:00,varnerrd_to_I10interchange,SB,0.1,0.3,26.1
8/17/2025 5:00,varnerrd_to_I10interchange,SB,0.1,0.29,26.3
8/17/2025 6:00,varnerrd_to_I10interchange,SB,0.32,0.52,15.1
8/17/2025 7:00,varnerrd_to_I10interchange,SB,0.24,0.44,18.1
8/17/2025 8:00,varnerrd_to_I10interchange,SB,0.32,0.52,15
8/17/2025 9:00,varnerrd_to_I10interchange,SB,0.22,0.42,19.5
8/17/2025 10:00,varnerrd_to_I10interchange,SB,0.3,0.5,16.5
8/17/2025 11:00,varnerrd_to_I10interchange,SB,0.38,0.58,13.6
8/17/2025 12:00,varnerrd_to_I10interchange,SB,0.31,0.51,17
8/17/2025 13:00,varnerrd_to_I10interchange,SB,0.31,0.51,18.3
8/17/2025 14:00,varnerrd_to_I10interchange,SB,0.3,0.5,16.4
8/17/2025 15:00,varnerrd_to_I10interchange,SB,0.33,0.53,14.6
8/17/2025 16:00,varnerrd_to_I10interchange,SB,0.36,0.56,14.5
8/17/2025 17:00,varnerrd_to_I10interchange,SB,0.26,0.46,18.2
8/17/2025 18:00,varnerrd_to_I10interchange,SB,0.28,0.48,16.2
8/17/2025 19:00,varnerrd_to_I10interchange,SB,0.39,0.59,13.4
8/17/2025 20:00,varnerrd_to_I10interchange,SB,0.34,0.54,15
8/17/2025 21:00,varnerrd_to_I10interchange,SB,0.18,0.37,20.5
8/17/2025 22:00,varnerrd_to_I10interchange,SB,0.2,0.4,19.5
8/17/2025 23:00,varnerrd_to_I10interchange,SB,0.12,0.32,24.4
8/18/2025 0:00,varnerrd_to_I10interchange,SB,0.15,0.34,24.3
8/18/2025 1:00,varnerrd_to_I10interchange,SB,0.01,0.18,41.6
8/18/2025 2:00,varnerrd_to_I10interchange,SB,0.02,0.21,35.3
8/18/2025 3:00,varnerrd_to_I10interchange,SB,0.01,0.2,38
8/18/2025 4:00,varnerrd_to_I10interchange,SB,0.18,0.37,22.2
8/18/2025 5:00,varnerrd_to_I10interchange,SB,0.27,0.47,16.6
8/18/2025 6:00,varnerrd_to_I10interchange,SB,0.32,0.52,15.4
8/18/2025 7:00,varnerrd_to_I10interchange,SB,0.34,0.54,14.4
8/18/2025 8:00,varnerrd_to_I10interchange,SB,0.29,0.49,16.3
8/18/2025 9:00,varnerrd_to_I10interchange,SB,0.29,0.49,16.5
8/18/2025 10:00,varnerrd_to_I10interchange,SB,0.25,0.45,18
8/18/2025 11:00,varnerrd_to_I10interchange,SB,0.25,0.45,18.1
8/18/2025 12:00,varnerrd_to_I10interchange,SB,0.23,0.43,18.6
8/18/2025 13:00,varnerrd_to_I10interchange,SB,0.32,0.52,15.1
8/18/2025 14:00,varnerrd_to_I10interchange,SB,0.3,0.5,16.4
8/18/2025 15:00,varnerrd_to_I10interchange,SB,0.32,0.52,15.3
8/18/2025 16:00,varnerrd_to_I10interchange,SB,0.24,0.44,17.9
8/18/2025 17:00,varnerrd_to_I10interchange,SB,0.29,0.49,16.8
8/18/2025 18:00,varnerrd_to_I10interchange,SB,0.27,0.47,16.7
8/18/2025 19:00,varnerrd_to_I10interchange,SB,0.15,0.35,22
8/18/2025 20:00,varnerrd_to_I10interchange,SB,0.23,0.43,18.1
8/18/2025 21:00,varnerrd_to_I10interchange,SB,0.26,0.46,17.3
8/18/2025 22:00,varnerrd_to_I10interchange,SB,0.1,0.29,27.5
8/18/2025 23:00,varnerrd_to_I10interchange,SB,0.12,0.31,24.8
8/19/2025 0:00,varnerrd_to_I10interchange,SB,0.08,0.28,27.7
8/19/2025 1:00,varnerrd_to_I10interchange,SB,0.07,0.26,31.3
8/19/2025 2:00,varnerrd_to_I10interchange,SB,0.05,0.23,37.7
8/19/2025 3:00,varnerrd_to_I10interchange,SB,0.06,0.25,31.2
8/19/2025 4:00,varnerrd_to_I10interchange,SB,0.04,0.23,33.3
8/19/2025 5:00,varnerrd_to_I10interchange,SB,0.15,0.35,23.1
8/19/2025 6:00,varnerrd_to_I10interchange,SB,0.43,0.63,13.3
8/19/2025 7:00,varnerrd_to_I10interchange,SB,0.29,0.49,15.9
8/19/2025 8:00,varnerrd_to_I10interchange,SB,0.36,0.56,14.9
8/19/2025 9:00,varnerrd_to_I10interchange,SB,0.26,0.46,17.2
8/19/2025 10:00,varnerrd_to_I10interchange,SB,0.33,0.52,14.9
8/19/2025 11:00,varnerrd_to_I10interchange,SB,0.3,0.5,15.6
8/19/2025 12:00,varnerrd_to_I10interchange,SB,0.37,0.57,13.8
8/19/2025 13:00,varnerrd_to_I10interchange,SB,0.37,0.57,13.9
8/19/2025 14:00,varnerrd_to_I10interchange,SB,0.31,0.51,15.5
8/19/2025 15:00,varnerrd_to_I10interchange,SB,0.36,0.56,14.2
8/19/2025 16:00,varnerrd_to_I10interchange,SB,0.4,0.6,13.2
8/19/2025 17:00,varnerrd_to_I10interchange,SB,0.36,0.56,14.1
8/19/2025 18:00,varnerrd_to_I10interchange,SB,0.25,0.45,18.3
8/19/2025 19:00,varnerrd_to_I10interchange,SB,0.23,0.43,18.5
8/19/2025 20:00,varnerrd_to_I10interchange,SB,0.26,0.46,17.6
8/19/2025 21:00,varnerrd_to_I10interchange,SB,0.15,0.35,22.9
8/19/2025 22:00,varnerrd_to_I10interchange,SB,0.33,0.53,18
8/19/2025 23:00,varnerrd_to_I10interchange,SB,0.17,0.37,22.4
8/20/2025 0:00,varnerrd_to_I10interchange,SB,0.06,0.25,29.9
8/20/2025 1:00,varnerrd_to_I10interchange,SB,0.04,0.22,35
8/20/2025 2:00,varnerrd_to_I10interchange,SB,0.01,0.2,38.5
8/20/2025 3:00,varnerrd_to_I10interchange,SB,0.05,0.24,34
8/20/2025 4:00,varnerrd_to_I10interchange,SB,0.08,0.27,28.6
8/20/2025 5:00,varnerrd_to_I10interchange,SB,0.17,0.37,23.1
8/20/2025 6:00,varnerrd_to_I10interchange,SB,0.27,0.47,17.2
8/20/2025 7:00,varnerrd_to_I10interchange,SB,0.35,0.55,14.1
8/20/2025 8:00,varnerrd_to_I10interchange,SB,0.35,0.55,14.9
8/20/2025 9:00,varnerrd_to_I10interchange,SB,0.35,0.54,14.5
8/20/2025 10:00,varnerrd_to_I10interchange,SB,0.24,0.44,18.1
8/20/2025 11:00,varnerrd_to_I10interchange,SB,0.23,0.43,18
8/20/2025 12:00,varnerrd_to_I10interchange,SB,0.36,0.56,14.1
8/20/2025 13:00,varnerrd_to_I10interchange,SB,0.24,0.44,17.3
8/20/2025 14:00,varnerrd_to_I10interchange,SB,0.4,0.6,13.3
8/20/2025 15:00,varnerrd_to_I10interchange,SB,0.37,0.57,13.4
8/20/2025 16:00,varnerrd_to_I10interchange,SB,0.34,0.54,14.8
8/20/2025 17:00,varnerrd_to_I10interchange,SB,0.42,0.62,12.5
8/20/2025 18:00,varnerrd_to_I10interchange,SB,0.33,0.53,15.6
8/20/2025 19:00,varnerrd_to_I10interchange,SB,0.23,0.43,19
8/20/2025 20:00,varnerrd_to_I10interchange,SB,0.24,0.44,18.4
8/20/2025 21:00,varnerrd_to_I10interchange,SB,0.25,0.45,17.6
8/20/2025 22:00,varnerrd_to_I10interchange,SB,0.17,0.37,21.3
8/20/2025 23:00,varnerrd_to_I10interchange,SB,0.09,0.28,29.7
8/21/2025 0:00,varnerrd_to_I10interchange,SB,0.15,0.35,22.9
8/21/2025 1:00,varnerrd_to_I10interchange,SB,0.04,0.23,33.5
8/21/2025 2:00,varnerrd_to_I10interchange,SB,0,0.17,44
8/21/2025 3:00,varnerrd_to_I10interchange,SB,0.04,0.23,33.5
8/21/2025 4:00,varnerrd_to_I10interchange,SB,0.05,0.24,31
8/21/2025 5:00,varnerrd_to_I10interchange,SB,0.12,0.32,25.3
8/21/2025 6:00,varnerrd_to_I10interchange,SB,0.34,0.54,14.8
8/21/2025 7:00,varnerrd_to_I10interchange,SB,0.45,0.65,12.2
8/21/2025 8:00,varnerrd_to_I10interchange,SB,0.3,0.5,15.5
8/21/2025 9:00,varnerrd_to_I10interchange,SB,0.31,0.51,15.5
8/21/2025 10:00,varnerrd_to_I10interchange,SB,0.26,0.46,17.2
8/21/2025 11:00,varnerrd_to_I10interchange,SB,0.29,0.49,16.1
8/21/2025 12:00,varnerrd_to_I10interchange,SB,0.34,0.54,14.7
8/21/2025 13:00,varnerrd_to_I10interchange,SB,0.35,0.55,14.3
8/21/2025 14:00,varnerrd_to_I10interchange,SB,0.36,0.56,14.3
8/21/2025 15:00,varnerrd_to_I10interchange,SB,0.26,0.46,17
8/21/2025 16:00,varnerrd_to_I10interchange,SB,0.37,0.57,13.6
8/21/2025 17:00,varnerrd_to_I10interchange,SB,0.35,0.55,14.4
8/21/2025 18:00,varnerrd_to_I10interchange,SB,0.38,0.58,14.6
8/21/2025 19:00,varnerrd_to_I10interchange,SB,0.25,0.45,17.3
8/21/2025 20:00,varnerrd_to_I10interchange,SB,0.42,0.62,12.5
8/21/2025 21:00,varnerrd_to_I10interchange,SB,0.33,0.53,16.1
8/21/2025 22:00,varnerrd_to_I10interchange,SB,0.18,0.38,20
8/21/2025 23:00,varnerrd_to_I10interchange,SB,0.15,0.35,23.1
8/22/2025 0:00,varnerrd_to_I10interchange,SB,0.03,0.22,34.3
8/22/2025 1:00,varnerrd_to_I10interchange,SB,0.04,0.24,32.1
8/22/2025 2:00,varnerrd_to_I10interchange,SB,0.01,0.21,35.9
8/22/2025 3:00,varnerrd_to_I10interchange,SB,0.05,0.24,33.5
8/22/2025 4:00,varnerrd_to_I10interchange,SB,0.16,0.36,22.7
8/22/2025 5:00,varnerrd_to_I10interchange,SB,0.24,0.44,17.9
8/22/2025 6:00,varnerrd_to_I10interchange,SB,0.39,0.59,13.3
8/22/2025 7:00,varnerrd_to_I10interchange,SB,0.35,0.55,13.9
8/22/2025 8:00,varnerrd_to_I10interchange,SB,0.3,0.49,16
8/22/2025 9:00,varnerrd_to_I10interchange,SB,0.3,0.5,15.8
8/22/2025 10:00,varnerrd_to_I10interchange,SB,0.32,0.52,14.6
8/22/2025 11:00,varnerrd_to_I10interchange,SB,0.34,0.54,14.2
8/22/2025 12:00,varnerrd_to_I10interchange,SB,0.28,0.48,16.3
8/22/2025 13:00,varnerrd_to_I10interchange,SB,0.34,0.54,14
8/22/2025 14:00,varnerrd_to_I10interchange,SB,0.36,0.56,13.8
8/22/2025 15:00,varnerrd_to_I10interchange,SB,0.29,0.49,15.8
8/22/2025 16:00,varnerrd_to_I10interchange,SB,0.22,0.42,19
8/22/2025 17:00,varnerrd_to_I10interchange,SB,0.31,0.51,15.1
8/22/2025 18:00,varnerrd_to_I10interchange,SB,0.28,0.48,16.4
8/22/2025 19:00,varnerrd_to_I10interchange,SB,0.16,0.36,21.3
8/22/2025 20:00,varnerrd_to_I10interchange,SB,0.28,0.48,16.2
8/22/2025 21:00,varnerrd_to_I10interchange,SB,0.21,0.41,20.6
8/22/2025 22:00,varnerrd_to_I10interchange,SB,0.18,0.38,20.1
8/22/2025 23:00,varnerrd_to_I10interchange,SB,0.08,0.27,28.2
8/23/2025 0:00,varnerrd_to_I10interchange,SB,0.07,0.27,29.1
8/23/2025 1:00,varnerrd_to_I10interchange,SB,0.08,0.28,27.2
8/23/2025 2:00,varnerrd_to_I10interchange,SB,0.07,0.26,32.7
8/23/2025 3:00,varnerrd_to_I10interchange,SB,0.12,0.31,25.2
8/23/2025 4:00,varnerrd_to_I10interchange,SB,0.04,0.24,32.6
8/23/2025 5:00,varnerrd_to_I10interchange,SB,0.02,0.21,36.8
8/23/2025 6:00,varnerrd_to_I10interchange,SB,0.19,0.39,22.5
8/23/2025 7:00,varnerrd_to_I10interchange,SB,0.35,0.55,14.9
8/23/2025 8:00,varnerrd_to_I10interchange,SB,0.38,0.58,13.7
8/23/2025 9:00,varnerrd_to_I10interchange,SB,0.34,0.54,14.4
8/23/2025 10:00,varnerrd_to_I10interchange,SB,0.3,0.5,16.2
8/23/2025 11:00,varnerrd_to_I10interchange,SB,0.21,0.41,19.3
8/23/2025 12:00,varnerrd_to_I10interchange,SB,0.29,0.49,16.8
8/23/2025 13:00,varnerrd_to_I10interchange,SB,0.29,0.49,17.1
8/23/2025 14:00,varnerrd_to_I10interchange,SB,0.32,0.52,15
8/23/2025 15:00,varnerrd_to_I10interchange,SB,0.38,0.58,13.7
8/23/2025 16:00,varnerrd_to_I10interchange,SB,0.38,0.58,14.4
8/23/2025 17:00,varnerrd_to_I10interchange,SB,0.26,0.46,16.8
8/23/2025 18:00,varnerrd_to_I10interchange,SB,0.36,0.56,14.2
8/23/2025 19:00,varnerrd_to_I10interchange,SB,0.23,0.43,18.5
8/23/2025 20:00,varnerrd_to_I10interchange,SB,0.37,0.57,14.8
8/23/2025 21:00,varnerrd_to_I10interchange,SB,0.21,0.41,19
8/23/2025 22:00,varnerrd_to_I10interchange,SB,0.25,0.45,17.8
8/23/2025 23:00,varnerrd_to_I10interchange,SB,0.22,0.42,18.3
8/24/2025 0:00,varnerrd_to_I10interchange,SB,0.23,0.43,18.2
8/24/2025 1:00,varnerrd_to_I10interchange,SB,0.15,0.34,24.7
8/24/2025 2:00,varnerrd_to_I10interchange,SB,0.05,0.24,31.4
8/24/2025 3:00,varnerrd_to_I10interchange,SB,0.06,0.25,32.5
8/24/2025 4:00,varnerrd_to_I10interchange,SB,0.1,0.29,27.4
8/24/2025 5:00,varnerrd_to_I10interchange,SB,0.12,0.31,26.1
8/24/2025 6:00,varnerrd_to_I10interchange,SB,0.16,0.36,21.2
8/24/2025 7:00,varnerrd_to_I10interchange,SB,0.23,0.43,19
8/24/2025 8:00,varnerrd_to_I10interchange,SB,0.13,0.32,24.6
8/24/2025 9:00,varnerrd_to_I10interchange,SB,0.36,0.56,15.1
8/24/2025 10:00,varnerrd_to_I10interchange,SB,0.36,0.55,14.8
8/24/2025 11:00,varnerrd_to_I10interchange,SB,0.23,0.43,18.9
8/24/2025 12:00,varnerrd_to_I10interchange,SB,0.31,0.51,15.1
8/24/2025 13:00,varnerrd_to_I10interchange,SB,0.26,0.46,18.3
8/24/2025 14:00,varnerrd_to_I10interchange,SB,0.32,0.52,14.9
8/24/2025 15:00,varnerrd_to_I10interchange,SB,0.18,0.38,21.3
8/24/2025 16:00,varnerrd_to_I10interchange,SB,0.27,0.47,17.9
8/24/2025 17:00,varnerrd_to_I10interchange,SB,0.32,0.52,15.3
8/24/2025 18:00,varnerrd_to_I10interchange,SB,0.46,0.66,11.7
8/24/2025 19:00,varnerrd_to_I10interchange,SB,0.27,0.47,16.7
8/24/2025 20:00,varnerrd_to_I10interchange,SB,0.34,0.54,15.8
8/24/2025 21:00,varnerrd_to_I10interchange,SB,0.27,0.47,16.7
8/24/2025 22:00,varnerrd_to_I10interchange,SB,0.14,0.34,25.5
8/24/2025 23:00,varnerrd_to_I10interchange,SB,0.09,0.29,26.2
8/25/2025 0:00,varnerrd_to_I10interchange,SB,0.03,0.22,34.4
8/25/2025 1:00,varnerrd_to_I10interchange,SB,0.1,0.29,26.5
8/25/2025 2:00,varnerrd_to_I10interchange,SB,0.04,0.23,32.8
8/25/2025 3:00,varnerrd_to_I10interchange,SB,0.07,0.27,28.5
8/25/2025 4:00,varnerrd_to_I10interchange,SB,0.1,0.29,26.9
8/25/2025 5:00,varnerrd_to_I10interchange,SB,0.25,0.44,19
8/25/2025 6:00,varnerrd_to_I10interchange,SB,0.32,0.51,15.5
8/25/2025 7:00,varnerrd_to_I10interchange,SB,0.45,0.65,12.1
8/25/2025 8:00,varnerrd_to_I10interchange,SB,0.36,0.56,13.9
8/25/2025 9:00,varnerrd_to_I10interchange,SB,0.33,0.53,15.9
8/25/2025 10:00,varnerrd_to_I10interchange,SB,0.29,0.49,16.4
8/25/2025 11:00,varnerrd_to_I10interchange,SB,0.25,0.45,17.6
8/25/2025 12:00,varnerrd_to_I10interchange,SB,0.43,0.63,12.3
8/25/2025 13:00,varnerrd_to_I10interchange,SB,0.43,0.63,12.4
8/25/2025 14:00,varnerrd_to_I10interchange,SB,0.36,0.56,14.2
8/25/2025 15:00,varnerrd_to_I10interchange,SB,0.26,0.46,16.6
8/25/2025 16:00,varnerrd_to_I10interchange,SB,0.21,0.41,18.7
8/25/2025 17:00,varnerrd_to_I10interchange,SB,0.34,0.54,15.8
8/25/2025 18:00,varnerrd_to_I10interchange,SB,0.29,0.49,17.3
8/25/2025 19:00,varnerrd_to_I10interchange,SB,0.22,0.42,18.5
8/25/2025 20:00,varnerrd_to_I10interchange,SB,0.28,0.48,16.9
8/25/2025 21:00,varnerrd_to_I10interchange,SB,0.22,0.42,21.6
8/25/2025 22:00,varnerrd_to_I10interchange,SB,0.22,0.42,19.5
8/25/2025 23:00,varnerrd_to_I10interchange,SB,0.11,0.31,25.9
8/26/2025 0:00,varnerrd_to_I10interchange,SB,0.05,0.23,34.3
8/26/2025 1:00,varnerrd_to_I10interchange,SB,0.07,0.26,32.5
8/26/2025 2:00,varnerrd_to_I10interchange,SB,0.02,0.2,38
8/26/2025 3:00,varnerrd_to_I10interchange,SB,0.01,0.19,39.8
8/26/2025 4:00,varnerrd_to_I10interchange,SB,0.19,0.38,21.7
8/26/2025 5:00,varnerrd_to_I10interchange,SB,0.28,0.48,16.9
8/26/2025 6:00,varnerrd_to_I10interchange,SB,0.35,0.55,14.6
8/26/2025 7:00,varnerrd_to_I10interchange,SB,0.38,0.58,13.8
8/26/2025 8:00,varnerrd_to_I10interchange,SB,0.41,0.61,12.8
8/26/2025 9:00,varnerrd_to_I10interchange,SB,0.36,0.56,13.8
8/26/2025 10:00,varnerrd_to_I10interchange,SB,0.29,0.49,15.7
8/26/2025 11:00,varnerrd_to_I10interchange,SB,0.28,0.48,16.6
8/26/2025 12:00,varnerrd_to_I10interchange,SB,0.27,0.47,16.7
8/26/2025 13:00,varnerrd_to_I10interchange,SB,0.27,0.47,16.8
8/26/2025 14:00,varnerrd_to_I10interchange,SB,0.28,0.48,16.5
8/26/2025 15:00,varnerrd_to_I10interchange,SB,0.28,0.48,16.5
8/26/2025 16:00,varnerrd_to_I10interchange,SB,0.35,0.55,15.3
8/26/2025 17:00,varnerrd_to_I10interchange,SB,0.22,0.42,18.7
8/26/2025 18:00,varnerrd_to_I10interchange,SB,0.25,0.45,17.8
8/26/2025 19:00,varnerrd_to_I10interchange,SB,0.28,0.48,16.4
8/26/2025 20:00,varnerrd_to_I10interchange,SB,0.5,0.7,11.4
8/26/2025 21:00,varnerrd_to_I10interchange,SB,0.2,0.4,19.2
8/26/2025 22:00,varnerrd_to_I10interchange,SB,0.14,0.34,24.4
8/26/2025 23:00,varnerrd_to_I10interchange,SB,0.16,0.36,21.5
8/27/2025 0:00,varnerrd_to_I10interchange,SB,0.06,0.25,30.3
8/27/2025 1:00,varnerrd_to_I10interchange,SB,0.01,0.19,40.1
8/27/2025 2:00,varnerrd_to_I10interchange,SB,0.03,0.22,34.2
8/27/2025 3:00,varnerrd_to_I10interchange,SB,0.03,0.22,34.4
8/27/2025 4:00,varnerrd_to_I10interchange,SB,0.19,0.39,20.3
8/27/2025 5:00,varnerrd_to_I10interchange,SB,0.17,0.37,22.3
8/27/2025 6:00,varnerrd_to_I10interchange,SB,0.35,0.55,15.4
8/27/2025 7:00,varnerrd_to_I10interchange,SB,0.38,0.58,15.2
8/27/2025 8:00,varnerrd_to_I10interchange,SB,0.29,0.49,16.3
8/27/2025 9:00,varnerrd_to_I10interchange,SB,0.47,0.67,11.9
8/27/2025 10:00,varnerrd_to_I10interchange,SB,0.26,0.46,17.2
8/27/2025 11:00,varnerrd_to_I10interchange,SB,0.2,0.4,19.9
8/27/2025 12:00,varnerrd_to_I10interchange,SB,0.33,0.52,14.7
8/27/2025 13:00,varnerrd_to_I10interchange,SB,0.29,0.49,16.6
8/27/2025 14:00,varnerrd_to_I10interchange,SB,0.29,0.49,16.8
8/27/2025 15:00,varnerrd_to_I10interchange,SB,0.28,0.48,16.3
8/27/2025 16:00,varnerrd_to_I10interchange,SB,0.28,0.48,16.4
8/27/2025 17:00,varnerrd_to_I10interchange,SB,0.45,0.65,12.2
8/27/2025 18:00,varnerrd_to_I10interchange,SB,0.3,0.5,16.2
8/27/2025 19:00,varnerrd_to_I10interchange,SB,0.27,0.47,17.3
8/27/2025 20:00,varnerrd_to_I10interchange,SB,0.3,0.5,17.2
8/27/2025 21:00,varnerrd_to_I10interchange,SB,0.19,0.39,21.7
8/27/2025 22:00,varnerrd_to_I10interchange,SB,0.29,0.49,15.9
8/27/2025 23:00,varnerrd_to_I10interchange,SB,0.1,0.3,26
8/28/2025 0:00,varnerrd_to_I10interchange,SB,0.08,0.27,30.1
8/28/2025 1:00,varnerrd_to_I10interchange,SB,0.08,0.27,29.5
8/28/2025 2:00,varnerrd_to_I10interchange,SB,0.07,0.25,33
8/28/2025 3:00,varnerrd_to_I10interchange,SB,0.01,0.19,40.5
8/28/2025 4:00,varnerrd_to_I10interchange,SB,0.06,0.26,30.6
8/28/2025 5:00,varnerrd_to_I10interchange,SB,0.22,0.42,18.2
8/28/2025 6:00,varnerrd_to_I10interchange,SB,0.38,0.58,14.2
8/28/2025 7:00,varnerrd_to_I10interchange,SB,0.29,0.49,16.3
8/28/2025 8:00,varnerrd_to_I10interchange,SB,0.31,0.51,15.7
8/28/2025 9:00,varnerrd_to_I10interchange,SB,0.27,0.47,16.9
8/28/2025 10:00,varnerrd_to_I10interchange,SB,0.31,0.51,15.7
8/28/2025 11:00,varnerrd_to_I10interchange,SB,0.24,0.44,17.9
8/28/2025 12:00,varnerrd_to_I10interchange,SB,0.19,0.39,20.5
8/28/2025 13:00,varnerrd_to_I10interchange,SB,0.36,0.56,14.1
8/28/2025 14:00,varnerrd_to_I10interchange,SB,0.4,0.6,14
8/28/2025 15:00,varnerrd_to_I10interchange,SB,0.35,0.55,14.6
8/28/2025 16:00,varnerrd_to_I10interchange,SB,0.32,0.52,14.6
8/28/2025 17:00,varnerrd_to_I10interchange,SB,0.38,0.58,13.8
8/28/2025 18:00,varnerrd_to_I10interchange,SB,0.3,0.5,16.1
8/28/2025 19:00,varnerrd_to_I10interchange,SB,0.25,0.45,18.4
8/28/2025 20:00,varnerrd_to_I10interchange,SB,0.27,0.47,17.5
8/28/2025 21:00,varnerrd_to_I10interchange,SB,0.31,0.51,16.4
8/28/2025 22:00,varnerrd_to_I10interchange,SB,0.27,0.47,18.2
8/28/2025 23:00,varnerrd_to_I10interchange,SB,0.25,0.44,20.4
8/29/2025 0:00,varnerrd_to_I10interchange,SB,0.04,0.24,31.2
8/29/2025 1:00,varnerrd_to_I10interchange,SB,0.01,0.19,39.5
8/29/2025 2:00,varnerrd_to_I10interchange,SB,0.05,0.23,35.9
8/29/2025 3:00,varnerrd_to_I10interchange,SB,0.02,0.2,38.1
8/29/2025 4:00,varnerrd_to_I10interchange,SB,0.11,0.3,25.7
8/29/2025 5:00,varnerrd_to_I10interchange,SB,0.2,0.4,20.7
8/29/2025 6:00,varnerrd_to_I10interchange,SB,0.27,0.46,16.7
8/29/2025 7:00,varnerrd_to_I10interchange,SB,0.36,0.56,14.2
8/29/2025 8:00,varnerrd_to_I10interchange,SB,0.37,0.57,13.8
8/29/2025 9:00,varnerrd_to_I10interchange,SB,0.37,0.56,13.7
8/29/2025 10:00,varnerrd_to_I10interchange,SB,0.26,0.46,16.8
8/29/2025 11:00,varnerrd_to_I10interchange,SB,0.28,0.48,16.1
8/29/2025 12:00,varnerrd_to_I10interchange,SB,0.25,0.45,17.4
8/29/2025 13:00,varnerrd_to_I10interchange,SB,0.3,0.5,15.6
8/29/2025 14:00,varnerrd_to_I10interchange,SB,0.28,0.48,16
8/29/2025 15:00,varnerrd_to_I10interchange,SB,0.28,0.48,16.6
8/29/2025 16:00,varnerrd_to_I10interchange,SB,0.36,0.56,13.9
8/29/2025 17:00,varnerrd_to_I10interchange,SB,0.38,0.58,13.5
8/29/2025 18:00,varnerrd_to_I10interchange,SB,0.36,0.56,14.6
8/29/2025 19:00,varnerrd_to_I10interchange,SB,0.32,0.52,15.6
8/29/2025 20:00,varnerrd_to_I10interchange,SB,0.31,0.51,15.9
8/29/2025 21:00,varnerrd_to_I10interchange,SB,0.16,0.36,22.3
8/29/2025 22:00,varnerrd_to_I10interchange,SB,0.22,0.42,18.1
8/29/2025 23:00,varnerrd_to_I10interchange,SB,0.26,0.46,16.9
8/30/2025 0:00,varnerrd_to_I10interchange,SB,0.16,0.35,21.4
8/30/2025 1:00,varnerrd_to_I10interchange,SB,0.14,0.33,24.8
8/30/2025 2:00,varnerrd_to_I10interchange,SB,0.12,0.32,29.8
8/30/2025 3:00,varnerrd_to_I10interchange,SB,0.14,0.34,26.4
8/30/2025 4:00,varnerrd_to_I10interchange,SB,0.1,0.3,25.9
8/30/2025 5:00,varnerrd_to_I10interchange,SB,0.09,0.29,27
8/30/2025 6:00,varnerrd_to_I10interchange,SB,0.16,0.36,21.4
8/30/2025 7:00,varnerrd_to_I10interchange,SB,0.31,0.51,15
8/30/2025 8:00,varnerrd_to_I10interchange,SB,0.21,0.41,19.5
8/30/2025 9:00,varnerrd_to_I10interchange,SB,0.36,0.56,14.1
8/30/2025 10:00,varnerrd_to_I10interchange,SB,0.32,0.52,15.5
8/30/2025 11:00,varnerrd_to_I10interchange,SB,0.37,0.57,13.8
8/30/2025 12:00,varnerrd_to_I10interchange,SB,0.35,0.55,14.3
8/30/2025 13:00,varnerrd_to_I10interchange,SB,0.38,0.58,13.5
8/30/2025 14:00,varnerrd_to_I10interchange,SB,0.36,0.56,14.4
8/30/2025 15:00,varnerrd_to_I10interchange,SB,0.36,0.56,14.1
8/30/2025 16:00,varnerrd_to_I10interchange,SB,0.43,0.63,12.4
8/30/2025 17:00,varnerrd_to_I10interchange,SB,0.28,0.48,17.7
8/30/2025 18:00,varnerrd_to_I10interchange,SB,0.33,0.53,15.5
8/30/2025 19:00,varnerrd_to_I10interchange,SB,0.16,0.36,22.7
8/30/2025 20:00,varnerrd_to_I10interchange,SB,0.25,0.45,17.5
8/30/2025 21:00,varnerrd_to_I10interchange,SB,0.22,0.42,18.8
8/30/2025 22:00,varnerrd_to_I10interchange,SB,0.26,0.46,16.7
8/30/2025 23:00,varnerrd_to_I10interchange,SB,0.28,0.48,17.5
8/31/2025 0:00,varnerrd_to_I10interchange,SB,0.07,0.27,28.6
8/31/2025 1:00,varnerrd_to_I10interchange,SB,0.08,0.28,28.8
8/31/2025 2:00,varnerrd_to_I10interchange,SB,0.09,0.29,26.3
8/31/2025 3:00,varnerrd_to_I10interchange,SB,0.02,0.2,38.2
8/31/2025 4:00,varnerrd_to_I10interchange,SB,0.03,0.22,34.8
8/31/2025 5:00,varnerrd_to_I10interchange,SB,0.04,0.23,33.1
8/31/2025 6:00,varnerrd_to_I10interchange,SB,0.11,0.31,25.5
8/31/2025 7:00,varnerrd_to_I10interchange,SB,0.23,0.43,19.7
8/31/2025 8:00,varnerrd_to_I10interchange,SB,0.23,0.43,18.3
8/31/2025 9:00,varnerrd_to_I10interchange,SB,0.24,0.43,18.9
8/31/2025 10:00,varnerrd_to_I10interchange,SB,0.26,0.46,17.4
8/31/2025 11:00,varnerrd_to_I10interchange,SB,0.23,0.43,20.2
8/31/2025 12:00,varnerrd_to_I10interchange,SB,0.38,0.58,13.3
8/31/2025 13:00,varnerrd_to_I10interchange,SB,0.27,0.47,17.3
8/31/2025 14:00,varnerrd_to_I10interchange,SB,0.36,0.56,13.8
8/31/2025 15:00,varnerrd_to_I10interchange,SB,0.36,0.56,14.7
8/31/2025 16:00,varnerrd_to_I10interchange,SB,0.28,0.48,16.6
8/31/2025 17:00,varnerrd_to_I10interchange,SB,0.25,0.45,18.3
8/31/2025 18:00,varnerrd_to_I10interchange,SB,0.35,0.55,14.1
8/31/2025 19:00,varnerrd_to_I10interchange,SB,0.3,0.5,17.1
8/31/2025 20:00,varnerrd_to_I10interchange,SB,0.34,0.54,15
8/31/2025 21:00,varnerrd_to_I10interchange,SB,0.25,0.45,18.1
8/31/2025 22:00,varnerrd_to_I10interchange,SB,0.26,0.46,18.9
8/31/2025 23:00,varnerrd_to_I10interchange,SB,0.16,0.36,23.3
9/1/2025 0:00,varnerrd_to_I10interchange,SB,0.11,0.3,25.2
9/1/2025 1:00,varnerrd_to_I10interchange,SB,0.05,0.24,32.5
9/1/2025 2:00,varnerrd_to_I10interchange,SB,0.1,0.3,25.9
9/1/2025 3:00,varnerrd_to_I10interchange,SB,0.02,0.21,35.4
9/1/2025 4:00,varnerrd_to_I10interchange,SB,0.08,0.27,28.3
9/1/2025 5:00,varnerrd_to_I10interchange,SB,0.14,0.34,23.1
9/1/2025 6:00,varnerrd_to_I10interchange,SB,0.1,0.29,26.4
9/1/2025 7:00,varnerrd_to_I10interchange,SB,0.14,0.34,24.8
9/1/2025 8:00,varnerrd_to_I10interchange,SB,0.14,0.34,23.6
9/1/2025 9:00,varnerrd_to_I10interchange,SB,0.27,0.47,16.7
9/1/2025 10:00,varnerrd_to_I10interchange,SB,0.35,0.55,14.7
9/1/2025 11:00,varnerrd_to_I10interchange,SB,0.3,0.5,16.9
9/1/2025 12:00,varnerrd_to_I10interchange,SB,0.29,0.48,17.8
9/1/2025 13:00,varnerrd_to_I10interchange,SB,0.26,0.46,18.1
9/1/2025 14:00,varnerrd_to_I10interchange,SB,0.3,0.5,17.1
9/1/2025 15:00,varnerrd_to_I10interchange,SB,0.32,0.52,15.7
9/1/2025 16:00,varnerrd_to_I10interchange,SB,0.28,0.48,17.4
9/1/2025 17:00,varnerrd_to_I10interchange,SB,0.28,0.47,17.1
9/1/2025 18:00,varnerrd_to_I10interchange,SB,0.28,0.48,16.3
9/1/2025 19:00,varnerrd_to_I10interchange,SB,0.2,0.4,20
9/1/2025 20:00,varnerrd_to_I10interchange,SB,0.28,0.48,16.7
9/1/2025 21:00,varnerrd_to_I10interchange,SB,0.32,0.52,15.4
9/1/2025 22:00,varnerrd_to_I10interchange,SB,0.16,0.36,22.6
9/1/2025 23:00,varnerrd_to_I10interchange,SB,0.23,0.43,18.7
9/2/2025 0:00,varnerrd_to_I10interchange,SB,0.06,0.24,34.5
9/2/2025 1:00,varnerrd_to_I10interchange,SB,0.02,0.21,36
9/2/2025 2:00,varnerrd_to_I10interchange,SB,0.02,0.21,37
9/2/2025 3:00,varnerrd_to_I10interchange,SB,0.04,0.22,35.9
9/2/2025 4:00,varnerrd_to_I10interchange,SB,0.04,0.23,33.5
9/2/2025 5:00,varnerrd_to_I10interchange,SB,0.12,0.32,24.2
9/2/2025 6:00,varnerrd_to_I10interchange,SB,0.39,0.58,13.6
9/2/2025 7:00,varnerrd_to_I10interchange,SB,0.35,0.55,14
9/2/2025 8:00,varnerrd_to_I10interchange,SB,0.42,0.62,13.1
9/2/2025 9:00,varnerrd_to_I10interchange,SB,0.26,0.46,17.1
9/2/2025 10:00,varnerrd_to_I10interchange,SB,0.44,0.64,12.3
9/2/2025 11:00,varnerrd_to_I10interchange,SB,0.29,0.49,15.5
9/2/2025 12:00,varnerrd_to_I10interchange,SB,0.3,0.5,15.4
9/2/2025 13:00,varnerrd_to_I10interchange,SB,0.3,0.5,15.4
9/2/2025 14:00,varnerrd_to_I10interchange,SB,0.26,0.46,16.5
9/2/2025 15:00,varnerrd_to_I10interchange,SB,0.26,0.46,16.8
9/2/2025 16:00,varnerrd_to_I10interchange,SB,0.38,0.58,13.3
9/2/2025 17:00,varnerrd_to_I10interchange,SB,0.24,0.43,18.8
9/2/2025 18:00,varnerrd_to_I10interchange,SB,0.28,0.48,16
9/2/2025 19:00,varnerrd_to_I10interchange,SB,0.26,0.46,17.4
9/2/2025 20:00,varnerrd_to_I10interchange,SB,0.21,0.41,19.2
9/2/2025 21:00,varnerrd_to_I10interchange,SB,0.31,0.51,16
9/2/2025 22:00,varnerrd_to_I10interchange,SB,0.19,0.38,20.6
9/2/2025 23:00,varnerrd_to_I10interchange,SB,0.14,0.34,21.9
9/3/2025 0:00,varnerrd_to_I10interchange,SB,0.07,0.26,29.3
9/3/2025 1:00,varnerrd_to_I10interchange,SB,0.06,0.26,30.2
9/3/2025 2:00,varnerrd_to_I10interchange,SB,0,0.18,42.2
9/3/2025 3:00,varnerrd_to_I10interchange,SB,0.01,0.19,40.8
9/3/2025 4:00,varnerrd_to_I10interchange,SB,0.06,0.25,30.1
9/3/2025 5:00,varnerrd_to_I10interchange,SB,0.17,0.36,21.8
9/3/2025 6:00,varnerrd_to_I10interchange,SB,0.31,0.51,15.3
9/3/2025 7:00,varnerrd_to_I10interchange,SB,0.27,0.47,17
9/3/2025 8:00,varnerrd_to_I10interchange,SB,0.36,0.55,14.1
9/3/2025 9:00,varnerrd_to_I10interchange,SB,0.29,0.49,16.1
9/3/2025 10:00,varnerrd_to_I10interchange,SB,0.26,0.46,16.8
9/3/2025 11:00,varnerrd_to_I10interchange,SB,0.28,0.48,16.4
9/3/2025 12:00,varnerrd_to_I10interchange,SB,0.21,0.41,19.3
9/3/2025 13:00,varnerrd_to_I10interchange,SB,0.38,0.58,14.1
9/3/2025 14:00,varnerrd_to_I10interchange,SB,0.4,0.6,13.1
9/3/2025 15:00,varnerrd_to_I10interchange,SB,0.34,0.54,14.6
9/3/2025 16:00,varnerrd_to_I10interchange,SB,0.29,0.49,16.1
9/3/2025 17:00,varnerrd_to_I10interchange,SB,0.29,0.49,15.9
9/3/2025 18:00,varnerrd_to_I10interchange,SB,0.43,0.63,12.7
9/3/2025 19:00,varnerrd_to_I10interchange,SB,0.22,0.42,18.8
9/3/2025 20:00,varnerrd_to_I10interchange,SB,0.31,0.51,15.3
9/3/2025 21:00,varnerrd_to_I10interchange,SB,0.19,0.39,21.2
9/3/2025 22:00,varnerrd_to_I10interchange,SB,0.11,0.31,26.1
9/3/2025 23:00,varnerrd_to_I10interchange,SB,0.09,0.28,27.4
9/4/2025 0:00,varnerrd_to_I10interchange,SB,0.08,0.28,27.4
9/4/2025 1:00,varnerrd_to_I10interchange,SB,0.02,0.21,35.8
9/4/2025 2:00,varnerrd_to_I10interchange,SB,0.06,0.25,31.2
9/4/2025 3:00,varnerrd_to_I10interchange,SB,0.03,0.22,34
9/4/2025 4:00,varnerrd_to_I10interchange,SB,0.14,0.33,25.4
9/4/2025 5:00,varnerrd_to_I10interchange,SB,0.33,0.53,15.7
9/4/2025 6:00,varnerrd_to_I10interchange,SB,0.33,0.53,15.6
9/4/2025 7:00,varnerrd_to_I10interchange,SB,0.35,0.55,14.2
9/4/2025 8:00,varnerrd_to_I10interchange,SB,0.28,0.48,16.6
9/4/2025 9:00,varnerrd_to_I10interchange,SB,0.34,0.54,15
9/4/2025 10:00,varnerrd_to_I10interchange,SB,0.29,0.49,15.7
9/4/2025 11:00,varnerrd_to_I10interchange,SB,0.45,0.65,11.7
9/4/2025 12:00,varnerrd_to_I10interchange,SB,0.23,0.43,18.4
9/4/2025 13:00,varnerrd_to_I10interchange,SB,0.24,0.44,18.9
9/4/2025 14:00,varnerrd_to_I10interchange,SB,0.35,0.54,15.5
9/4/2025 15:00,varnerrd_to_I10interchange,SB,0.23,0.43,18.5
9/4/2025 16:00,varnerrd_to_I10interchange,SB,0.27,0.47,17.1
9/4/2025 17:00,varnerrd_to_I10interchange,SB,0.24,0.44,17.5
9/4/2025 18:00,varnerrd_to_I10interchange,SB,0.33,0.53,16.7
9/4/2025 19:00,varnerrd_to_I10interchange,SB,0.25,0.45,20.5
9/4/2025 20:00,varnerrd_to_I10interchange,SB,0.31,0.51,15.7
9/4/2025 21:00,varnerrd_to_I10interchange,SB,0.29,0.49,15.5
9/4/2025 22:00,varnerrd_to_I10interchange,SB,0.09,0.29,25.7
9/4/2025 23:00,varnerrd_to_I10interchange,SB,0.2,0.39,20.1
9/5/2025 0:00,varnerrd_to_I10interchange,SB,0.12,0.31,24.4
9/5/2025 1:00,varnerrd_to_I10interchange,SB,0.08,0.27,28.2
9/5/2025 2:00,varnerrd_to_I10interchange,SB,0.07,0.26,29.3
9/5/2025 3:00,varnerrd_to_I10interchange,SB,0.12,0.32,24.9
9/5/2025 4:00,varnerrd_to_I10interchange,SB,0.11,0.3,25.6
9/5/2025 5:00,varnerrd_to_I10interchange,SB,0.35,0.54,14.4
9/5/2025 6:00,varnerrd_to_I10interchange,SB,0.37,0.57,13.7
9/5/2025 7:00,varnerrd_to_I10interchange,SB,0.72,0.92,9.3
9/5/2025 8:00,varnerrd_to_I10interchange,SB,0.51,0.71,11.6
9/5/2025 9:00,varnerrd_to_I10interchange,SB,0.29,0.49,16
9/5/2025 10:00,varnerrd_to_I10interchange,SB,0.23,0.43,18.6
9/5/2025 11:00,varnerrd_to_I10interchange,SB,0.27,0.47,16.8
9/5/2025 12:00,varnerrd_to_I10interchange,SB,0.35,0.55,13.9
9/5/2025 13:00,varnerrd_to_I10interchange,SB,0.39,0.59,13.4
9/5/2025 14:00,varnerrd_to_I10interchange,SB,0.44,0.64,12.3
9/5/2025 15:00,varnerrd_to_I10interchange,SB,0.32,0.52,15.7
9/5/2025 16:00,varnerrd_to_I10interchange,SB,0.32,0.52,14.8
9/5/2025 17:00,varnerrd_to_I10interchange,SB,0.43,0.63,13.4
9/5/2025 18:00,varnerrd_to_I10interchange,SB,0.34,0.54,15.3
9/5/2025 19:00,varnerrd_to_I10interchange,SB,0.29,0.49,16.5
9/5/2025 20:00,varnerrd_to_I10interchange,SB,0.43,0.63,13
9/5/2025 21:00,varnerrd_to_I10interchange,SB,0.21,0.41,21.3
9/5/2025 22:00,varnerrd_to_I10interchange,SB,0.16,0.36,22.6
9/5/2025 23:00,varnerrd_to_I10interchange,SB,0.11,0.31,25.1
9/6/2025 0:00,varnerrd_to_I10interchange,SB,0.2,0.4,20.3
9/6/2025 1:00,varnerrd_to_I10interchange,SB,0.11,0.31,26.2
9/6/2025 2:00,varnerrd_to_I10interchange,SB,0.05,0.24,32.1
9/6/2025 3:00,varnerrd_to_I10interchange,SB,0.06,0.26,30.2
9/6/2025 4:00,varnerrd_to_I10interchange,SB,0.07,0.26,29.4
9/6/2025 5:00,varnerrd_to_I10interchange,SB,0.01,0.2,37
9/6/2025 6:00,varnerrd_to_I10interchange,SB,0.23,0.43,19.1
9/6/2025 7:00,varnerrd_to_I10interchange,SB,0.3,0.5,16.2
9/6/2025 8:00,varnerrd_to_I10interchange,SB,0.38,0.58,13.6
9/6/2025 9:00,varnerrd_to_I10interchange,SB,0.33,0.53,14.8
9/6/2025 10:00,varnerrd_to_I10interchange,SB,0.33,0.53,15.5
9/6/2025 11:00,varnerrd_to_I10interchange,SB,0.39,0.59,13.2
9/6/2025 12:00,varnerrd_to_I10interchange,SB,0.26,0.46,17.2
9/6/2025 13:00,varnerrd_to_I10interchange,SB,0.26,0.45,17.9
9/6/2025 14:00,varnerrd_to_I10interchange,SB,0.27,0.47,18
9/6/2025 15:00,varnerrd_to_I10interchange,SB,0.36,0.56,14.8
9/6/2025 16:00,varnerrd_to_I10interchange,SB,0.43,0.63,12.2
9/6/2025 17:00,varnerrd_to_I10interchange,SB,0.32,0.52,14.8
9/6/2025 18:00,varnerrd_to_I10interchange,SB,0.31,0.51,16.6
9/6/2025 19:00,varnerrd_to_I10interchange,SB,0.24,0.44,19.3
9/6/2025 20:00,varnerrd_to_I10interchange,SB,0.35,0.55,15.5
9/6/2025 21:00,varnerrd_to_I10interchange,SB,0.27,0.47,16.5
9/6/2025 22:00,varnerrd_to_I10interchange,SB,0.32,0.52,14.8
9/6/2025 23:00,varnerrd_to_I10interchange,SB,0.18,0.38,21.3
9/7/2025 0:00,varnerrd_to_I10interchange,SB,0.18,0.37,20.7
9/7/2025 1:00,varnerrd_to_I10interchange,SB,0.18,0.37,22
9/7/2025 2:00,varnerrd_to_I10interchange,SB,0.13,0.33,23.8
9/7/2025 3:00,varnerrd_to_I10interchange,SB,0.03,0.22,33.9
9/7/2025 4:00,varnerrd_to_I10interchange,SB,0.05,0.24,34.2
9/7/2025 5:00,varnerrd_to_I10interchange,SB,0.14,0.33,24.3
9/7/2025 6:00,varnerrd_to_I10interchange,SB,0.27,0.47,18.6
9/7/2025 7:00,varnerrd_to_I10interchange,SB,0.42,0.62,12.9
9/7/2025 8:00,varnerrd_to_I10interchange,SB,0.2,0.4,21.3
9/7/2025 9:00,varnerrd_to_I10interchange,SB,0.24,0.44,18.6
9/7/2025 10:00,varnerrd_to_I10interchange,SB,0.29,0.49,16.9
9/7/2025 11:00,varnerrd_to_I10interchange,SB,0.34,0.54,15.6
9/7/2025 12:00,varnerrd_to_I10interchange,SB,0.27,0.47,19.1
9/7/2025 13:00,varnerrd_to_I10interchange,SB,0.24,0.44,17.8
9/7/2025 14:00,varnerrd_to_I10interchange,SB,0.41,0.6,13
9/7/2025 15:00,varnerrd_to_I10interchange,SB,0.25,0.45,18.6
9/7/2025 16:00,varnerrd_to_I10interchange,SB,0.28,0.48,16.7
9/7/2025 17:00,varnerrd_to_I10interchange,SB,0.3,0.5,16.1
9/7/2025 18:00,varnerrd_to_I10interchange,SB,0.34,0.54,15.5
9/7/2025 19:00,varnerrd_to_I10interchange,SB,0.22,0.42,18.8
9/7/2025 20:00,varnerrd_to_I10interchange,SB,0.38,0.58,14.9
9/7/2025 21:00,varnerrd_to_I10interchange,SB,0.25,0.45,17.5
9/7/2025 22:00,varnerrd_to_I10interchange,SB,0.16,0.36,21.6
9/7/2025 23:00,varnerrd_to_I10interchange,SB,0.08,0.27,28.4
9/8/2025 0:00,varnerrd_to_I10interchange,SB,0.13,0.33,26.5
9/8/2025 1:00,varnerrd_to_I10interchange,SB,0.04,0.23,32.4
9/8/2025 2:00,varnerrd_to_I10interchange,SB,0.01,0.2,36.6
9/8/2025 3:00,varnerrd_to_I10interchange,SB,0.03,0.21,37.5
9/8/2025 4:00,varnerrd_to_I10interchange,SB,0.13,0.33,24.3
9/8/2025 5:00,varnerrd_to_I10interchange,SB,0.22,0.42,19.9
9/8/2025 6:00,varnerrd_to_I10interchange,SB,0.26,0.46,17.1
9/8/2025 7:00,varnerrd_to_I10interchange,SB,0.35,0.54,14.3
9/8/2025 8:00,varnerrd_to_I10interchange,SB,0.32,0.52,15.1
9/8/2025 9:00,varnerrd_to_I10interchange,SB,0.31,0.5,16.7
9/8/2025 10:00,varnerrd_to_I10interchange,SB,0.34,0.54,15.3
9/8/2025 11:00,varnerrd_to_I10interchange,SB,0.29,0.49,15.6
9/8/2025 12:00,varnerrd_to_I10interchange,SB,0.3,0.5,15.8
9/8/2025 13:00,varnerrd_to_I10interchange,SB,0.28,0.48,16.4
9/8/2025 14:00,varnerrd_to_I10interchange,SB,0.6,0.8,9.7
9/8/2025 15:00,varnerrd_to_I10interchange,SB,0.34,0.54,14.3
9/8/2025 16:00,varnerrd_to_I10interchange,SB,0.33,0.53,15
9/8/2025 17:00,varnerrd_to_I10interchange,SB,0.26,0.46,17.7
9/8/2025 18:00,varnerrd_to_I10interchange,SB,0.19,0.39,20.4
9/8/2025 19:00,varnerrd_to_I10interchange,SB,0.24,0.43,18.8
9/8/2025 20:00,varnerrd_to_I10interchange,SB,0.2,0.4,19.1
9/8/2025 21:00,varnerrd_to_I10interchange,SB,0.19,0.39,20.3
9/8/2025 22:00,varnerrd_to_I10interchange,SB,0.24,0.44,17.4
9/8/2025 23:00,varnerrd_to_I10interchange,SB,0.17,0.36,22.6
9/9/2025 0:00,varnerrd_to_I10interchange,SB,0.03,0.22,34.1
9/9/2025 1:00,varnerrd_to_I10interchange,SB,0,0.18,42.5
9/9/2025 2:00,varnerrd_to_I10interchange,SB,0.01,0.19,39
9/9/2025 3:00,varnerrd_to_I10interchange,SB,0.02,0.2,38.3
9/9/2025 4:00,varnerrd_to_I10interchange,SB,0.08,0.27,28.6
9/9/2025 5:00,varnerrd_to_I10interchange,SB,0.13,0.33,23.1
9/9/2025 6:00,varnerrd_to_I10interchange,SB,0.4,0.6,13.5
9/9/2025 7:00,varnerrd_to_I10interchange,SB,0.38,0.58,13.5
9/9/2025 8:00,varnerrd_to_I10interchange,SB,0.33,0.53,14.6
9/9/2025 9:00,varnerrd_to_I10interchange,SB,0.32,0.52,15.5
9/9/2025 10:00,varnerrd_to_I10interchange,SB,0.24,0.44,17.5
9/9/2025 11:00,varnerrd_to_I10interchange,SB,0.29,0.49,15.6
9/9/2025 12:00,varnerrd_to_I10interchange,SB,0.31,0.51,15
9/9/2025 13:00,varnerrd_to_I10interchange,SB,0.3,0.5,15.8
9/9/2025 14:00,varnerrd_to_I10interchange,SB,0.36,0.56,14.7
9/9/2025 15:00,varnerrd_to_I10interchange,SB,0.38,0.57,13.9
9/9/2025 16:00,varnerrd_to_I10interchange,SB,0.35,0.55,15.6
9/9/2025 17:00,varnerrd_to_I10interchange,SB,0.25,0.45,17.5
9/9/2025 18:00,varnerrd_to_I10interchange,SB,0.34,0.54,14.6
9/9/2025 19:00,varnerrd_to_I10interchange,SB,0.26,0.45,17.9
9/9/2025 20:00,varnerrd_to_I10interchange,SB,0.2,0.4,21.5
9/9/2025 21:00,varnerrd_to_I10interchange,SB,0.22,0.42,18.9
9/9/2025 22:00,varnerrd_to_I10interchange,SB,0.16,0.36,21.4
9/9/2025 23:00,varnerrd_to_I10interchange,SB,0.13,0.33,23.6
9/10/2025 0:00,varnerrd_to_I10interchange,SB,0.02,0.21,36.8
9/10/2025 1:00,varnerrd_to_I10interchange,SB,0.03,0.22,34.7
9/10/2025 2:00,varnerrd_to_I10interchange,SB,0,0.17,43.5
9/10/2025 3:00,varnerrd_to_I10interchange,SB,0,0.18,42.4
9/10/2025 4:00,varnerrd_to_I10interchange,SB,0.02,0.21,35.4
9/10/2025 5:00,varnerrd_to_I10interchange,SB,0.25,0.44,19.8
9/10/2025 6:00,varnerrd_to_I10interchange,SB,0.21,0.41,19.4
9/10/2025 7:00,varnerrd_to_I10interchange,SB,0.32,0.52,15.5
9/10/2025 8:00,varnerrd_to_I10interchange,SB,0.34,0.54,15.3
9/10/2025 9:00,varnerrd_to_I10interchange,SB,0.32,0.52,15.7
9/10/2025 10:00,varnerrd_to_I10interchange,SB,0.35,0.55,15.7
9/10/2025 11:00,varnerrd_to_I10interchange,SB,0.38,0.58,14
9/10/2025 12:00,varnerrd_to_I10interchange,SB,0.26,0.46,17
9/10/2025 13:00,varnerrd_to_I10interchange,SB,0.33,0.53,15.1
9/10/2025 14:00,varnerrd_to_I10interchange,SB,0.29,0.48,17.3
9/10/2025 15:00,varnerrd_to_I10interchange,SB,0.34,0.54,14.6
9/10/2025 16:00,varnerrd_to_I10interchange,SB,0.39,0.59,14.3
9/10/2025 17:00,varnerrd_to_I10interchange,SB,0.39,0.59,13.6
9/10/2025 18:00,varnerrd_to_I10interchange,SB,0.32,0.52,15.4
9/10/2025 19:00,varnerrd_to_I10interchange,SB,0.28,0.48,16.9
9/10/2025 20:00,varnerrd_to_I10interchange,SB,0.2,0.4,20.4
9/10/2025 21:00,varnerrd_to_I10interchange,SB,0.13,0.33,24.4
9/10/2025 22:00,varnerrd_to_I10interchange,SB,0.24,0.44,18.7
9/10/2025 23:00,varnerrd_to_I10interchange,SB,0.18,0.38,21.8
9/11/2025 0:00,varnerrd_to_I10interchange,SB,0.06,0.25,31.2
9/11/2025 1:00,varnerrd_to_I10interchange,SB,0.04,0.23,33.2
9/11/2025 2:00,varnerrd_to_I10interchange,SB,0,0.18,41.7
9/11/2025 3:00,varnerrd_to_I10interchange,SB,0.05,0.24,31.4
9/11/2025 4:00,varnerrd_to_I10interchange,SB,0.04,0.23,32.2
9/11/2025 5:00,varnerrd_to_I10interchange,SB,0.11,0.3,26.7
9/11/2025 6:00,varnerrd_to_I10interchange,SB,0.28,0.48,17.7
9/11/2025 7:00,varnerrd_to_I10interchange,SB,0.36,0.56,14
9/11/2025 8:00,varnerrd_to_I10interchange,SB,0.35,0.55,13.9
9/11/2025 9:00,varnerrd_to_I10interchange,SB,0.33,0.53,15.5
9/11/2025 10:00,varnerrd_to_I10interchange,SB,0.29,0.48,16.4
9/11/2025 11:00,varnerrd_to_I10interchange,SB,0.28,0.48,16.3
9/11/2025 12:00,varnerrd_to_I10interchange,SB,0.28,0.48,15.9
9/11/2025 13:00,varnerrd_to_I10interchange,SB,0.27,0.47,17.4
9/11/2025 14:00,varnerrd_to_I10interchange,SB,0.44,0.64,12.2
9/11/2025 15:00,varnerrd_to_I10interchange,SB,0.28,0.48,15.9
9/11/2025 16:00,varnerrd_to_I10interchange,SB,0.32,0.52,15.3
9/11/2025 17:00,varnerrd_to_I10interchange,SB,0.25,0.45,17.1
9/11/2025 18:00,varnerrd_to_I10interchange,SB,0.31,0.51,15.5
9/11/2025 19:00,varnerrd_to_I10interchange,SB,0.37,0.57,13.9
9/11/2025 20:00,varnerrd_to_I10interchange,SB,0.37,0.57,14.4
9/11/2025 21:00,varnerrd_to_I10interchange,SB,0.16,0.36,22.5
9/11/2025 22:00,varnerrd_to_I10interchange,SB,0.23,0.43,18.5
9/11/2025 23:00,varnerrd_to_I10interchange,SB,0.24,0.44,17.9
9/12/2025 0:00,varnerrd_to_I10interchange,SB,0.07,0.27,27.9
9/12/2025 1:00,varnerrd_to_I10interchange,SB,0.06,0.25,29.9
9/12/2025 2:00,varnerrd_to_I10interchange,SB,0.01,0.2,37.9
9/12/2025 3:00,varnerrd_to_I10interchange,SB,0.06,0.26,30.2
9/12/2025 4:00,varnerrd_to_I10interchange,SB,0.07,0.27,28.6
9/12/2025 5:00,varnerrd_to_I10interchange,SB,0.15,0.35,21.7
9/12/2025 6:00,varnerrd_to_I10interchange,SB,0.43,0.63,12.8
9/12/2025 7:00,varnerrd_to_I10interchange,SB,0.26,0.46,16.6
9/12/2025 8:00,varnerrd_to_I10interchange,SB,0.43,0.63,12.5
9/12/2025 9:00,varnerrd_to_I10interchange,SB,0.41,0.61,13.4
9/12/2025 10:00,varnerrd_to_I10interchange,SB,0.22,0.42,19
9/12/2025 11:00,varnerrd_to_I10interchange,SB,0.45,0.65,12.3
9/12/2025 12:00,varnerrd_to_I10interchange,SB,0.24,0.44,18
9/12/2025 13:00,varnerrd_to_I10interchange,SB,0.31,0.51,16
9/12/2025 14:00,varnerrd_to_I10interchange,SB,0.28,0.48,17
9/12/2025 15:00,varnerrd_to_I10interchange,SB,0.33,0.53,16.4
9/12/2025 16:00,varnerrd_to_I10interchange,SB,0.33,0.53,15.3
9/12/2025 17:00,varnerrd_to_I10interchange,SB,0.33,0.53,15.7
9/12/2025 18:00,varnerrd_to_I10interchange,SB,0.24,0.44,17.3
9/12/2025 19:00,varnerrd_to_I10interchange,SB,0.3,0.5,15.8
9/12/2025 20:00,varnerrd_to_I10interchange,SB,0.39,0.59,13.9
9/12/2025 21:00,varnerrd_to_I10interchange,SB,0.27,0.47,18.5
9/12/2025 22:00,varnerrd_to_I10interchange,SB,0.14,0.34,23.8
9/12/2025 23:00,varnerrd_to_I10interchange,SB,0.19,0.39,19.6
9/13/2025 0:00,varnerrd_to_I10interchange,SB,0.08,0.27,28.4
9/13/2025 1:00,varnerrd_to_I10interchange,SB,0.01,0.2,36.8
9/13/2025 2:00,varnerrd_to_I10interchange,SB,0.02,0.2,38.3
9/13/2025 3:00,varnerrd_to_I10interchange,SB,0.01,0.2,37.9
9/13/2025 4:00,varnerrd_to_I10interchange,SB,0.07,0.27,28.2
9/13/2025 5:00,varnerrd_to_I10interchange,SB,0.11,0.3,26.1
9/13/2025 6:00,varnerrd_to_I10interchange,SB,0.17,0.36,23.5
9/13/2025 7:00,varnerrd_to_I10interchange,SB,0.34,0.54,14.7
9/13/2025 8:00,varnerrd_to_I10interchange,SB,0.36,0.56,14.7
9/13/2025 9:00,varnerrd_to_I10interchange,SB,0.49,0.69,11.5
9/13/2025 10:00,varnerrd_to_I10interchange,SB,0.38,0.58,13.3
9/13/2025 11:00,varnerrd_to_I10interchange,SB,0.33,0.53,16.9
9/13/2025 12:00,varnerrd_to_I10interchange,SB,0.29,0.49,15.9
9/13/2025 13:00,varnerrd_to_I10interchange,SB,0.24,0.44,17.7
9/13/2025 14:00,varnerrd_to_I10interchange,SB,0.32,0.52,15.7
9/13/2025 15:00,varnerrd_to_I10interchange,SB,0.32,0.52,15.9
9/13/2025 16:00,varnerrd_to_I10interchange,SB,0.28,0.48,16.8
9/13/2025 17:00,varnerrd_to_I10interchange,SB,0.27,0.47,18
9/13/2025 18:00,varnerrd_to_I10interchange,SB,0.36,0.56,15.4
9/13/2025 19:00,varnerrd_to_I10interchange,SB,0.46,0.66,11.6
9/13/2025 20:00,varnerrd_to_I10interchange,SB,0.28,0.48,17.3
9/13/2025 21:00,varnerrd_to_I10interchange,SB,0.28,0.48,16.9
9/13/2025 22:00,varnerrd_to_I10interchange,SB,0.15,0.35,24.6
9/13/2025 23:00,varnerrd_to_I10interchange,SB,0.2,0.4,20.6
9/14/2025 0:00,varnerrd_to_I10interchange,SB,0.26,0.46,19.3
9/14/2025 1:00,varnerrd_to_I10interchange,SB,0.04,0.24,31.8
9/14/2025 2:00,varnerrd_to_I10interchange,SB,0.1,0.3,26.5
9/14/2025 3:00,varnerrd_to_I10interchange,SB,0.05,0.25,30.7
9/14/2025 4:00,varnerrd_to_I10interchange,SB,0.04,0.23,32.5
9/14/2025 5:00,varnerrd_to_I10interchange,SB,0.06,0.25,30.1
9/14/2025 6:00,varnerrd_to_I10interchange,SB,0.09,0.29,28.4
9/14/2025 7:00,varnerrd_to_I10interchange,SB,0.15,0.35,22.5
9/14/2025 8:00,varnerrd_to_I10interchange,SB,0.24,0.44,17.7
9/14/2025 9:00,varnerrd_to_I10interchange,SB,0.2,0.4,20.2
9/14/2025 10:00,varnerrd_to_I10interchange,SB,0.22,0.42,19.4
9/14/2025 11:00,varnerrd_to_I10interchange,SB,0.27,0.47,16.3
9/14/2025 12:00,varnerrd_to_I10interchange,SB,0.22,0.42,19.4
9/14/2025 13:00,varnerrd_to_I10interchange,SB,0.35,0.55,14.1
9/14/2025 14:00,varnerrd_to_I10interchange,SB,0.28,0.48,17
9/14/2025 15:00,varnerrd_to_I10interchange,SB,0.38,0.58,13.6
9/14/2025 16:00,varnerrd_to_I10interchange,SB,0.33,0.53,14.7
9/14/2025 17:00,varnerrd_to_I10interchange,SB,0.3,0.5,15.5
9/14/2025 18:00,varnerrd_to_I10interchange,SB,0.44,0.64,12.3
9/14/2025 19:00,varnerrd_to_I10interchange,SB,0.18,0.38,21
9/14/2025 20:00,varnerrd_to_I10interchange,SB,0.22,0.42,19.5
9/14/2025 21:00,varnerrd_to_I10interchange,SB,0.23,0.43,19.4
9/14/2025 22:00,varnerrd_to_I10interchange,SB,0.21,0.41,19.2
9/14/2025 23:00,varnerrd_to_I10interchange,SB,0.16,0.36,21.4
9/15/2025 0:00,varnerrd_to_I10interchange,SB,0.1,0.3,27.8
9/15/2025 1:00,varnerrd_to_I10interchange,SB,0.05,0.24,34.4
9/15/2025 2:00,varnerrd_to_I10interchange,SB,0.1,0.29,27.7
9/15/2025 3:00,varnerrd_to_I10interchange,SB,0.06,0.24,35.4
9/15/2025 4:00,varnerrd_to_I10interchange,SB,0.03,0.23,33.4
9/15/2025 5:00,varnerrd_to_I10interchange,SB,0.12,0.32,24.9
9/15/2025 6:00,varnerrd_to_I10interchange,SB,0.22,0.42,20.2
9/15/2025 7:00,varnerrd_to_I10interchange,SB,0.35,0.55,14.2
9/15/2025 8:00,varnerrd_to_I10interchange,SB,0.34,0.54,16.3
9/15/2025 9:00,varnerrd_to_I10interchange,SB,0.2,0.4,20.1
9/15/2025 10:00,varnerrd_to_I10interchange,SB,0.22,0.42,19.5
9/15/2025 11:00,varnerrd_to_I10interchange,SB,0.3,0.5,16
9/15/2025 12:00,varnerrd_to_I10interchange,SB,0.21,0.41,19.6
9/15/2025 13:00,varnerrd_to_I10interchange,SB,0.3,0.5,15.7
9/15/2025 14:00,varnerrd_to_I10interchange,SB,0.23,0.43,18.1
9/15/2025 15:00,varnerrd_to_I10interchange,SB,0.27,0.47,16.5
9/15/2025 16:00,varnerrd_to_I10interchange,SB,0.38,0.58,13.8
9/15/2025 17:00,varnerrd_to_I10interchange,SB,0.38,0.58,13.7
9/15/2025 18:00,varnerrd_to_I10interchange,SB,0.39,0.59,13.5
9/15/2025 19:00,varnerrd_to_I10interchange,SB,0.2,0.4,21.1
9/15/2025 20:00,varnerrd_to_I10interchange,SB,0.26,0.46,16.8
9/15/2025 21:00,varnerrd_to_I10interchange,SB,0.22,0.41,19.5
9/15/2025 22:00,varnerrd_to_I10interchange,SB,0.23,0.43,18.4
9/15/2025 23:00,varnerrd_to_I10interchange,SB,0.08,0.27,29.1
9/16/2025 0:00,varnerrd_to_I10interchange,SB,0.02,0.2,38
9/16/2025 1:00,varnerrd_to_I10interchange,SB,0.02,0.21,36.4
9/16/2025 2:00,varnerrd_to_I10interchange,SB,0.02,0.21,35.4
9/16/2025 3:00,varnerrd_to_I10interchange,SB,0.01,0.19,39.5
9/16/2025 4:00,varnerrd_to_I10interchange,SB,0.03,0.22,33.4
9/16/2025 5:00,varnerrd_to_I10interchange,SB,0.18,0.38,21.6
9/16/2025 6:00,varnerrd_to_I10interchange,SB,0.33,0.53,14.8
9/16/2025 7:00,varnerrd_to_I10interchange,SB,0.41,0.6,12.7
9/16/2025 8:00,varnerrd_to_I10interchange,SB,0.43,0.63,12.1
9/16/2025 9:00,varnerrd_to_I10interchange,SB,0.29,0.49,16.1
9/16/2025 10:00,varnerrd_to_I10interchange,SB,0.3,0.5,16
9/16/2025 11:00,varnerrd_to_I10interchange,SB,0.37,0.57,14.2
9/16/2025 12:00,varnerrd_to_I10interchange,SB,0.32,0.52,15.5
9/16/2025 13:00,varnerrd_to_I10interchange,SB,0.31,0.51,15.1
9/16/2025 14:00,varnerrd_to_I10interchange,SB,0.35,0.55,14.7
9/16/2025 15:00,varnerrd_to_I10interchange,SB,0.3,0.5,15.5
9/16/2025 16:00,varnerrd_to_I10interchange,SB,0.37,0.57,14.2
9/16/2025 17:00,varnerrd_to_I10interchange,SB,0.36,0.56,14.9
9/16/2025 18:00,varnerrd_to_I10interchange,SB,0.31,0.51,15.2
9/16/2025 19:00,varnerrd_to_I10interchange,SB,0.4,0.59,13.4
9/16/2025 20:00,varnerrd_to_I10interchange,SB,0.26,0.46,18.5
9/16/2025 21:00,varnerrd_to_I10interchange,SB,0.26,0.46,17
9/16/2025 22:00,varnerrd_to_I10interchange,SB,0.18,0.38,20.4
9/16/2025 23:00,varnerrd_to_I10interchange,SB,0.09,0.29,27.3
9/17/2025 0:00,varnerrd_to_I10interchange,SB,0.04,0.23,32.3
9/17/2025 1:00,varnerrd_to_I10interchange,SB,0.01,0.19,40
9/17/2025 2:00,varnerrd_to_I10interchange,SB,0.1,0.29,30.3
9/17/2025 3:00,varnerrd_to_I10interchange,SB,0.05,0.23,35.5
9/17/2025 4:00,varnerrd_to_I10interchange,SB,0.03,0.22,34
9/17/2025 5:00,varnerrd_to_I10interchange,SB,0.17,0.36,22.3
9/17/2025 6:00,varnerrd_to_I10interchange,SB,0.25,0.45,17.5
9/17/2025 7:00,varnerrd_to_I10interchange,SB,0.38,0.58,13.3
9/17/2025 8:00,varnerrd_to_I10interchange,SB,0.34,0.54,14.8
9/17/2025 9:00,varnerrd_to_I10interchange,SB,0.39,0.59,13.7
9/17/2025 10:00,varnerrd_to_I10interchange,SB,0.18,0.38,20.6
9/17/2025 11:00,varnerrd_to_I10interchange,SB,0.43,0.63,12.3
9/17/2025 12:00,varnerrd_to_I10interchange,SB,0.3,0.5,15.9
9/17/2025 13:00,varnerrd_to_I10interchange,SB,0.35,0.55,14.5
9/17/2025 14:00,varnerrd_to_I10interchange,SB,0.23,0.43,18.3
9/17/2025 15:00,varnerrd_to_I10interchange,SB,0.31,0.51,15.8
9/17/2025 16:00,varnerrd_to_I10interchange,SB,0.3,0.5,15.9
9/17/2025 17:00,varnerrd_to_I10interchange,SB,0.33,0.53,14.8
9/17/2025 18:00,varnerrd_to_I10interchange,SB,0.34,0.54,14.9
9/17/2025 19:00,varnerrd_to_I10interchange,SB,0.16,0.36,22.2
9/17/2025 20:00,varnerrd_to_I10interchange,SB,0.3,0.5,16.1
9/17/2025 21:00,varnerrd_to_I10interchange,SB,0.22,0.42,18.6
9/17/2025 22:00,varnerrd_to_I10interchange,SB,0.37,0.57,13.4
9/17/2025 23:00,varnerrd_to_I10interchange,SB,0.15,0.35,26.1
9/18/2025 0:00,varnerrd_to_I10interchange,SB,0.07,0.27,29.1
9/18/2025 1:00,varnerrd_to_I10interchange,SB,0.05,0.24,32.4
9/18/2025 2:00,varnerrd_to_I10interchange,SB,0.01,0.19,39.1
9/18/2025 3:00,varnerrd_to_I10interchange,SB,0.04,0.24,32.4
9/18/2025 4:00,varnerrd_to_I10interchange,SB,0.09,0.28,27.9
9/18/2025 5:00,varnerrd_to_I10interchange,SB,0.24,0.43,19.3
9/18/2025 6:00,varnerrd_to_I10interchange,SB,0.43,0.63,13.2
9/18/2025 7:00,varnerrd_to_I10interchange,SB,0.31,0.51,16.2
9/18/2025 8:00,varnerrd_to_I10interchange,SB,0.28,0.48,17
9/18/2025 9:00,varnerrd_to_I10interchange,SB,0.4,0.6,13.5
9/18/2025 10:00,varnerrd_to_I10interchange,SB,0.3,0.5,15.8
9/18/2025 11:00,varnerrd_to_I10interchange,SB,0.32,0.52,14.8
9/18/2025 12:00,varnerrd_to_I10interchange,SB,0.38,0.58,13.9
9/18/2025 13:00,varnerrd_to_I10interchange,SB,0.33,0.53,14.6
9/18/2025 14:00,varnerrd_to_I10interchange,SB,0.31,0.51,15.3
9/18/2025 15:00,varnerrd_to_I10interchange,SB,0.37,0.57,13.9
9/18/2025 16:00,varnerrd_to_I10interchange,SB,0.28,0.48,16.5
9/18/2025 17:00,varnerrd_to_I10interchange,SB,0.38,0.58,13.7
9/18/2025 18:00,varnerrd_to_I10interchange,SB,0.27,0.47,16.8
9/18/2025 19:00,varnerrd_to_I10interchange,SB,0.31,0.51,15.5
9/18/2025 20:00,varnerrd_to_I10interchange,SB,0.17,0.37,21.6
9/18/2025 21:00,varnerrd_to_I10interchange,SB,0.2,0.4,19.6
9/18/2025 22:00,varnerrd_to_I10interchange,SB,0.23,0.43,18.4
9/18/2025 23:00,varnerrd_to_I10interchange,SB,0.16,0.36,22.9
9/19/2025 0:00,varnerrd_to_I10interchange,SB,0.04,0.23,33.2
9/19/2025 1:00,varnerrd_to_I10interchange,SB,0.08,0.27,32.4
9/19/2025 2:00,varnerrd_to_I10interchange,SB,0.04,0.23,32.8
9/19/2025 3:00,varnerrd_to_I10interchange,SB,0.03,0.22,35.9
9/19/2025 4:00,varnerrd_to_I10interchange,SB,0.04,0.23,32.8
9/19/2025 5:00,varnerrd_to_I10interchange,SB,0.16,0.36,21.9
9/19/2025 6:00,varnerrd_to_I10interchange,SB,0.28,0.48,16.7
9/19/2025 7:00,varnerrd_to_I10interchange,SB,0.3,0.5,15.8
9/19/2025 8:00,varnerrd_to_I10interchange,SB,0.32,0.52,15.4
9/19/2025 9:00,varnerrd_to_I10interchange,SB,0.34,0.54,14.3
9/19/2025 10:00,varnerrd_to_I10interchange,SB,0.29,0.49,16.3
9/19/2025 11:00,varnerrd_to_I10interchange,SB,0.23,0.43,18.4
9/19/2025 12:00,varnerrd_to_I10interchange,SB,0.32,0.52,15.3
9/19/2025 13:00,varnerrd_to_I10interchange,SB,0.27,0.47,16.6
9/19/2025 14:00,varnerrd_to_I10interchange,SB,0.34,0.54,15.2
9/19/2025 15:00,varnerrd_to_I10interchange,SB,0.32,0.52,14.8
9/19/2025 16:00,varnerrd_to_I10interchange,SB,0.26,0.46,16.9
9/19/2025 17:00,varnerrd_to_I10interchange,SB,0.28,0.48,16.8
9/19/2025 18:00,varnerrd_to_I10interchange,SB,0.32,0.52,15.7
9/19/2025 19:00,varnerrd_to_I10interchange,SB,0.22,0.42,18.7
9/19/2025 20:00,varnerrd_to_I10interchange,SB,0.31,0.51,16
9/19/2025 21:00,varnerrd_to_I10interchange,SB,0.21,0.41,19.8
9/19/2025 22:00,varnerrd_to_I10interchange,SB,0.26,0.46,17.3
9/19/2025 23:00,varnerrd_to_I10interchange,SB,0.31,0.51,15.8
9/20/2025 0:00,varnerrd_to_I10interchange,SB,0.14,0.33,24
9/20/2025 1:00,varnerrd_to_I10interchange,SB,0.07,0.27,30
9/20/2025 2:00,varnerrd_to_I10interchange,SB,0.08,0.28,27.2
9/20/2025 3:00,varnerrd_to_I10interchange,SB,0.05,0.24,31.6
9/20/2025 4:00,varnerrd_to_I10interchange,SB,0.24,0.43,19.5
9/20/2025 5:00,varnerrd_to_I10interchange,SB,0.07,0.27,30.1
9/20/2025 6:00,varnerrd_to_I10interchange,SB,0.3,0.5,18.8
9/20/2025 7:00,varnerrd_to_I10interchange,SB,0.27,0.47,18.5
9/20/2025 8:00,varnerrd_to_I10interchange,SB,0.25,0.45,17.9
9/20/2025 9:00,varnerrd_to_I10interchange,SB,0.33,0.53,14.4
9/20/2025 10:00,varnerrd_to_I10interchange,SB,0.27,0.47,16.7
9/20/2025 11:00,varnerrd_to_I10interchange,SB,0.28,0.48,16.7
9/20/2025 12:00,varnerrd_to_I10interchange,SB,0.37,0.56,14
9/20/2025 13:00,varnerrd_to_I10interchange,SB,0.19,0.39,19.4
9/20/2025 14:00,varnerrd_to_I10interchange,SB,0.32,0.52,15.3
9/20/2025 15:00,varnerrd_to_I10interchange,SB,0.38,0.58,13.7
9/20/2025 16:00,varnerrd_to_I10interchange,SB,0.26,0.46,18.2
9/20/2025 17:00,varnerrd_to_I10interchange,SB,0.37,0.56,13.9
9/20/2025 18:00,varnerrd_to_I10interchange,SB,0.35,0.55,15.4
9/20/2025 19:00,varnerrd_to_I10interchange,SB,0.42,0.62,13.1
9/20/2025 20:00,varnerrd_to_I10interchange,SB,0.27,0.47,16.6
9/20/2025 21:00,varnerrd_to_I10interchange,SB,0.28,0.48,16.6
9/20/2025 22:00,varnerrd_to_I10interchange,SB,0.14,0.34,22.6
9/20/2025 23:00,varnerrd_to_I10interchange,SB,0.2,0.39,20
9/21/2025 0:00,varnerrd_to_I10interchange,SB,0.14,0.34,22.6
9/21/2025 1:00,varnerrd_to_I10interchange,SB,0.05,0.24,32.2
9/21/2025 2:00,varnerrd_to_I10interchange,SB,0.03,0.23,32.9
9/21/2025 3:00,varnerrd_to_I10interchange,SB,0.03,0.22,33.8
9/21/2025 4:00,varnerrd_to_I10interchange,SB,0.06,0.26,29.5
9/21/2025 5:00,varnerrd_to_I10interchange,SB,0.05,0.25,30.5
9/21/2025 6:00,varnerrd_to_I10interchange,SB,0.19,0.38,22.4
9/21/2025 7:00,varnerrd_to_I10interchange,SB,0.28,0.48,18.7
9/21/2025 8:00,varnerrd_to_I10interchange,SB,0.2,0.39,19.9
9/21/2025 9:00,varnerrd_to_I10interchange,SB,0.2,0.4,20.5
9/21/2025 10:00,varnerrd_to_I10interchange,SB,0.26,0.46,16.6
9/21/2025 11:00,varnerrd_to_I10interchange,SB,0.39,0.59,13.2
9/21/2025 12:00,varnerrd_to_I10interchange,SB,0.38,0.58,14.9
9/21/2025 13:00,varnerrd_to_I10interchange,SB,0.42,0.62,12.5
9/21/2025 14:00,varnerrd_to_I10interchange,SB,0.41,0.61,12.8
9/21/2025 15:00,varnerrd_to_I10interchange,SB,0.31,0.51,16.8
9/21/2025 16:00,varnerrd_to_I10interchange,SB,0.32,0.52,15.9
9/21/2025 17:00,varnerrd_to_I10interchange,SB,0.31,0.51,15.5
9/21/2025 18:00,varnerrd_to_I10interchange,SB,0.36,0.56,13.9
9/21/2025 19:00,varnerrd_to_I10interchange,SB,0.14,0.34,23.5
9/21/2025 20:00,varnerrd_to_I10interchange,SB,0.28,0.48,18
9/21/2025 21:00,varnerrd_to_I10interchange,SB,0.21,0.41,19.5
9/21/2025 22:00,varnerrd_to_I10interchange,SB,0.29,0.49,16
9/21/2025 23:00,varnerrd_to_I10interchange,SB,0.07,0.26,30.1
9/22/2025 0:00,varnerrd_to_I10interchange,SB,0.03,0.23,33.4
9/22/2025 1:00,varnerrd_to_I10interchange,SB,0.03,0.21,36.7
9/22/2025 2:00,varnerrd_to_I10interchange,SB,0.02,0.21,37.1
9/22/2025 3:00,varnerrd_to_I10interchange,SB,0.11,0.3,26.1
9/22/2025 4:00,varnerrd_to_I10interchange,SB,0.05,0.25,30.9
9/22/2025 5:00,varnerrd_to_I10interchange,SB,0.12,0.32,24.7
9/22/2025 6:00,varnerrd_to_I10interchange,SB,0.4,0.6,13.4
9/22/2025 7:00,varnerrd_to_I10interchange,SB,0.38,0.58,13.7
9/22/2025 8:00,varnerrd_to_I10interchange,SB,0.24,0.44,17.9
9/22/2025 9:00,varnerrd_to_I10interchange,SB,0.37,0.57,13.6
9/22/2025 10:00,varnerrd_to_I10interchange,SB,0.31,0.51,16
9/22/2025 11:00,varnerrd_to_I10interchange,SB,0.33,0.53,15.1
9/22/2025 12:00,varnerrd_to_I10interchange,SB,0.33,0.53,14.5
9/22/2025 13:00,varnerrd_to_I10interchange,SB,0.25,0.45,17.8
9/22/2025 14:00,varnerrd_to_I10interchange,SB,0.25,0.45,17.6
9/22/2025 15:00,varnerrd_to_I10interchange,SB,0.3,0.49,16.4
9/22/2025 16:00,varnerrd_to_I10interchange,SB,0.25,0.44,18.1
9/22/2025 17:00,varnerrd_to_I10interchange,SB,0.28,0.48,16.4
9/22/2025 18:00,varnerrd_to_I10interchange,SB,0.2,0.4,20.5
9/22/2025 19:00,varnerrd_to_I10interchange,SB,0.29,0.49,16.7
9/22/2025 20:00,varnerrd_to_I10interchange,SB,0.26,0.46,17.1
9/22/2025 21:00,varnerrd_to_I10interchange,SB,0.22,0.42,18.3
9/22/2025 22:00,varnerrd_to_I10interchange,SB,0.08,0.28,28.2
9/22/2025 23:00,varnerrd_to_I10interchange,SB,0.08,0.27,31.5
9/23/2025 0:00,varnerrd_to_I10interchange,SB,0.04,0.23,33.6
9/23/2025 1:00,varnerrd_to_I10interchange,SB,0.04,0.22,34.1
9/23/2025 2:00,varnerrd_to_I10interchange,SB,0.04,0.23,33.3
9/23/2025 3:00,varnerrd_to_I10interchange,SB,0.02,0.21,36.6
9/23/2025 4:00,varnerrd_to_I10interchange,SB,0.09,0.28,29
9/23/2025 5:00,varnerrd_to_I10interchange,SB,0.19,0.38,21.3
9/23/2025 6:00,varnerrd_to_I10interchange,SB,0.28,0.48,17.2
9/23/2025 7:00,varnerrd_to_I10interchange,SB,0.41,0.61,13.1
9/23/2025 8:00,varnerrd_to_I10interchange,SB,0.42,0.62,12.8
9/23/2025 9:00,varnerrd_to_I10interchange,SB,0.27,0.47,16.8
9/23/2025 10:00,varnerrd_to_I10interchange,SB,0.38,0.58,13.4
9/23/2025 11:00,varnerrd_to_I10interchange,SB,0.26,0.46,16.5
9/23/2025 12:00,varnerrd_to_I10interchange,SB,0.24,0.43,18
9/23/2025 13:00,varnerrd_to_I10interchange,SB,0.39,0.59,13.5
9/23/2025 14:00,varnerrd_to_I10interchange,SB,0.32,0.52,15
9/23/2025 15:00,varnerrd_to_I10interchange,SB,0.31,0.51,15
9/23/2025 16:00,varnerrd_to_I10interchange,SB,0.31,0.51,15.9
9/23/2025 17:00,varnerrd_to_I10interchange,SB,0.42,0.62,13
9/23/2025 18:00,varnerrd_to_I10interchange,SB,0.23,0.43,18.6
9/23/2025 19:00,varnerrd_to_I10interchange,SB,0.26,0.46,17
9/23/2025 20:00,varnerrd_to_I10interchange,SB,0.33,0.53,14.7
9/23/2025 21:00,varnerrd_to_I10interchange,SB,0.22,0.42,19
9/23/2025 22:00,varnerrd_to_I10interchange,SB,0.32,0.52,14.7
9/23/2025 23:00,varnerrd_to_I10interchange,SB,0.24,0.44,18.5
9/24/2025 0:00,varnerrd_to_I10interchange,SB,0.09,0.28,27.6
9/24/2025 1:00,varnerrd_to_I10interchange,SB,0.05,0.25,31
9/24/2025 2:00,varnerrd_to_I10interchange,SB,0.07,0.25,32.4
9/24/2025 3:00,varnerrd_to_I10interchange,SB,0.03,0.21,37.7
9/24/2025 4:00,varnerrd_to_I10interchange,SB,0.1,0.3,26.2
9/24/2025 5:00,varnerrd_to_I10interchange,SB,0.13,0.32,27.1
9/24/2025 6:00,varnerrd_to_I10interchange,SB,0.3,0.5,16.1
9/24/2025 7:00,varnerrd_to_I10interchange,SB,0.32,0.52,15.1
9/24/2025 8:00,varnerrd_to_I10interchange,SB,0.25,0.45,18.5
9/24/2025 9:00,varnerrd_to_I10interchange,SB,0.29,0.48,16.1
9/24/2025 10:00,varnerrd_to_I10interchange,SB,0.25,0.45,17.7
9/24/2025 11:00,varnerrd_to_I10interchange,SB,0.28,0.48,17.4
9/24/2025 12:00,varnerrd_to_I10interchange,SB,0.33,0.53,15.4
9/24/2025 13:00,varnerrd_to_I10interchange,SB,0.3,0.5,16.5
9/24/2025 14:00,varnerrd_to_I10interchange,SB,0.39,0.59,13.3
9/24/2025 15:00,varnerrd_to_I10interchange,SB,0.44,0.64,12.6
9/24/2025 16:00,varnerrd_to_I10interchange,SB,0.22,0.42,18.4
9/24/2025 17:00,varnerrd_to_I10interchange,SB,0.28,0.48,16.5
9/24/2025 18:00,varnerrd_to_I10interchange,SB,0.32,0.52,16
9/24/2025 19:00,varnerrd_to_I10interchange,SB,0.27,0.47,16.1
9/24/2025 20:00,varnerrd_to_I10interchange,SB,0.28,0.48,15.9
9/24/2025 21:00,varnerrd_to_I10interchange,SB,0.24,0.43,18
9/24/2025 22:00,varnerrd_to_I10interchange,SB,0.13,0.33,24.8
9/24/2025 23:00,varnerrd_to_I10interchange,SB,0.17,0.37,22.2
9/25/2025 0:00,varnerrd_to_I10interchange,SB,0.11,0.3,25.5
9/25/2025 1:00,varnerrd_to_I10interchange,SB,0.02,0.21,35.7
9/25/2025 2:00,varnerrd_to_I10interchange,SB,0.02,0.2,38.1
9/25/2025 3:00,varnerrd_to_I10interchange,SB,0.01,0.2,38.5
9/25/2025 4:00,varnerrd_to_I10interchange,SB,0.09,0.29,27.7
9/25/2025 5:00,varnerrd_to_I10interchange,SB,0.22,0.42,19
9/25/2025 6:00,varnerrd_to_I10interchange,SB,0.34,0.54,15
9/25/2025 7:00,varnerrd_to_I10interchange,SB,0.34,0.54,14.7
9/25/2025 8:00,varnerrd_to_I10interchange,SB,0.32,0.52,14.8
9/25/2025 9:00,varnerrd_to_I10interchange,SB,0.32,0.52,15.2
9/25/2025 10:00,varnerrd_to_I10interchange,SB,0.29,0.49,16.5
9/25/2025 11:00,varnerrd_to_I10interchange,SB,0.26,0.46,16.4
9/25/2025 12:00,varnerrd_to_I10interchange,SB,0.33,0.53,14.5
9/25/2025 13:00,varnerrd_to_I10interchange,SB,0.34,0.54,14.8
9/25/2025 14:00,varnerrd_to_I10interchange,SB,0.25,0.45,17.6
9/25/2025 15:00,varnerrd_to_I10interchange,SB,0.36,0.56,14.2
9/25/2025 16:00,varnerrd_to_I10interchange,SB,0.23,0.43,18.2
9/25/2025 17:00,varnerrd_to_I10interchange,SB,0.32,0.52,15.2
9/25/2025 18:00,varnerrd_to_I10interchange,SB,0.31,0.51,16.2
9/25/2025 19:00,varnerrd_to_I10interchange,SB,0.34,0.54,14.5
9/25/2025 20:00,varnerrd_to_I10interchange,SB,0.3,0.5,16
9/25/2025 21:00,varnerrd_to_I10interchange,SB,0.35,0.55,16.6
9/25/2025 22:00,varnerrd_to_I10interchange,SB,0.17,0.37,21.4
9/25/2025 23:00,varnerrd_to_I10interchange,SB,0.23,0.43,18.5
9/26/2025 0:00,varnerrd_to_I10interchange,SB,0.14,0.33,24.4
9/26/2025 1:00,varnerrd_to_I10interchange,SB,0.15,0.35,21.5
9/26/2025 2:00,varnerrd_to_I10interchange,SB,0.03,0.22,35
9/26/2025 3:00,varnerrd_to_I10interchange,SB,0.02,0.2,37.7
9/26/2025 4:00,varnerrd_to_I10interchange,SB,0.18,0.38,20
9/26/2025 5:00,varnerrd_to_I10interchange,SB,0.08,0.27,27.5
9/26/2025 6:00,varnerrd_to_I10interchange,SB,0.41,0.61,12.9
9/26/2025 7:00,varnerrd_to_I10interchange,SB,0.31,0.51,15.6
9/26/2025 8:00,varnerrd_to_I10interchange,SB,0.3,0.5,15.8
9/26/2025 9:00,varnerrd_to_I10interchange,SB,0.35,0.55,14.7
9/26/2025 10:00,varnerrd_to_I10interchange,SB,0.33,0.53,14.5
9/26/2025 11:00,varnerrd_to_I10interchange,SB,0.31,0.51,15.5
9/26/2025 12:00,varnerrd_to_I10interchange,SB,0.28,0.47,16.3
9/26/2025 13:00,varnerrd_to_I10interchange,SB,0.27,0.46,17.3
9/26/2025 14:00,varnerrd_to_I10interchange,SB,0.36,0.56,14.8
9/26/2025 15:00,varnerrd_to_I10interchange,SB,0.35,0.55,14.3
9/26/2025 16:00,varnerrd_to_I10interchange,SB,0.35,0.55,14.2
9/26/2025 17:00,varnerrd_to_I10interchange,SB,0.18,0.38,20.6
9/26/2025 18:00,varnerrd_to_I10interchange,SB,0.35,0.55,14
9/26/2025 19:00,varnerrd_to_I10interchange,SB,0.37,0.57,14.3
9/26/2025 20:00,varnerrd_to_I10interchange,SB,0.25,0.45,17.8
9/26/2025 21:00,varnerrd_to_I10interchange,SB,0.3,0.5,16.8
9/26/2025 22:00,varnerrd_to_I10interchange,SB,0.24,0.44,18.4
9/26/2025 23:00,varnerrd_to_I10interchange,SB,0.17,0.37,20.6
9/27/2025 0:00,varnerrd_to_I10interchange,SB,0.25,0.45,19.1
9/27/2025 1:00,varnerrd_to_I10interchange,SB,0.06,0.25,31.2
9/27/2025 2:00,varnerrd_to_I10interchange,SB,0.04,0.24,32.4
9/27/2025 3:00,varnerrd_to_I10interchange,SB,0.04,0.23,33.3
9/27/2025 4:00,varnerrd_to_I10interchange,SB,0.02,0.21,36.3
9/27/2025 5:00,varnerrd_to_I10interchange,SB,0.13,0.32,25.9
9/27/2025 6:00,varnerrd_to_I10interchange,SB,0.19,0.39,20.3
9/27/2025 7:00,varnerrd_to_I10interchange,SB,0.31,0.51,16.4
9/27/2025 8:00,varnerrd_to_I10interchange,SB,0.36,0.56,14.2
9/27/2025 9:00,varnerrd_to_I10interchange,SB,0.34,0.54,14.1
9/27/2025 10:00,varnerrd_to_I10interchange,SB,0.29,0.49,16.7
9/27/2025 11:00,varnerrd_to_I10interchange,SB,0.33,0.53,15.1
9/27/2025 12:00,varnerrd_to_I10interchange,SB,0.32,0.52,15.4
9/27/2025 13:00,varnerrd_to_I10interchange,SB,0.29,0.49,16.4
9/27/2025 14:00,varnerrd_to_I10interchange,SB,0.28,0.48,16.7
9/27/2025 15:00,varnerrd_to_I10interchange,SB,0.34,0.54,15.2
9/27/2025 16:00,varnerrd_to_I10interchange,SB,0.22,0.42,18.7
9/27/2025 17:00,varnerrd_to_I10interchange,SB,0.3,0.5,15.9
9/27/2025 18:00,varnerrd_to_I10interchange,SB,0.41,0.61,13.3
9/27/2025 19:00,varnerrd_to_I10interchange,SB,0.26,0.46,17.7
9/27/2025 20:00,varnerrd_to_I10interchange,SB,0.27,0.47,16.6
9/27/2025 21:00,varnerrd_to_I10interchange,SB,0.38,0.58,14.7
9/27/2025 22:00,varnerrd_to_I10interchange,SB,0.32,0.52,15.1
9/27/2025 23:00,varnerrd_to_I10interchange,SB,0.18,0.37,25.9
9/28/2025 0:00,varnerrd_to_I10interchange,SB,0.26,0.46,17.4
9/28/2025 1:00,varnerrd_to_I10interchange,SB,0.09,0.29,27.5
9/28/2025 2:00,varnerrd_to_I10interchange,SB,0.03,0.22,34.1
9/28/2025 3:00,varnerrd_to_I10interchange,SB,0.11,0.3,26.3
9/28/2025 4:00,varnerrd_to_I10interchange,SB,0.07,0.27,28.9
9/28/2025 5:00,varnerrd_to_I10interchange,SB,0.11,0.31,26
9/28/2025 6:00,varnerrd_to_I10interchange,SB,0.13,0.33,24.8
9/28/2025 7:00,varnerrd_to_I10interchange,SB,0.3,0.5,17
9/28/2025 8:00,varnerrd_to_I10interchange,SB,0.16,0.36,22.9
9/28/2025 9:00,varnerrd_to_I10interchange,SB,0.4,0.6,13.9
9/28/2025 10:00,varnerrd_to_I10interchange,SB,0.36,0.56,14.9
9/28/2025 11:00,varnerrd_to_I10interchange,SB,0.37,0.57,15
9/28/2025 12:00,varnerrd_to_I10interchange,SB,0.37,0.57,13.6
9/28/2025 13:00,varnerrd_to_I10interchange,SB,0.27,0.47,16.8
9/28/2025 14:00,varnerrd_to_I10interchange,SB,0.3,0.5,15.6
9/28/2025 15:00,varnerrd_to_I10interchange,SB,0.33,0.53,15.5
9/28/2025 16:00,varnerrd_to_I10interchange,SB,0.39,0.59,14.1
9/28/2025 17:00,varnerrd_to_I10interchange,SB,0.3,0.49,16
9/28/2025 18:00,varnerrd_to_I10interchange,SB,0.41,0.61,13.5
9/28/2025 19:00,varnerrd_to_I10interchange,SB,0.3,0.49,16.7
9/28/2025 20:00,varnerrd_to_I10interchange,SB,0.31,0.51,16.7
9/28/2025 21:00,varnerrd_to_I10interchange,SB,0.48,0.68,12.5
9/28/2025 22:00,varnerrd_to_I10interchange,SB,0.15,0.35,22.1
9/28/2025 23:00,varnerrd_to_I10interchange,SB,0.16,0.36,23
9/29/2025 0:00,varnerrd_to_I10interchange,SB,0.03,0.22,34
9/29/2025 1:00,varnerrd_to_I10interchange,SB,0.05,0.24,31.2
9/29/2025 2:00,varnerrd_to_I10interchange,SB,0.05,0.25,32.1
9/29/2025 3:00,varnerrd_to_I10interchange,SB,0.05,0.23,33.5
9/29/2025 4:00,varnerrd_to_I10interchange,SB,0.04,0.24,31.4
9/29/2025 5:00,varnerrd_to_I10interchange,SB,0.2,0.39,20.7
9/29/2025 6:00,varnerrd_to_I10interchange,SB,0.36,0.56,14.8
9/29/2025 7:00,varnerrd_to_I10interchange,SB,0.28,0.48,16
9/29/2025 8:00,varnerrd_to_I10interchange,SB,0.35,0.55,14.7
9/29/2025 9:00,varnerrd_to_I10interchange,SB,0.38,0.58,13.9
9/29/2025 10:00,varnerrd_to_I10interchange,SB,0.25,0.45,17.3
9/29/2025 11:00,varnerrd_to_I10interchange,SB,0.33,0.53,15
9/29/2025 12:00,varnerrd_to_I10interchange,SB,0.28,0.48,16.4
9/29/2025 13:00,varnerrd_to_I10interchange,SB,0.29,0.49,15.9
9/29/2025 14:00,varnerrd_to_I10interchange,SB,0.26,0.46,17
9/29/2025 15:00,varnerrd_to_I10interchange,SB,0.34,0.54,14.2
9/29/2025 16:00,varnerrd_to_I10interchange,SB,0.32,0.52,15
9/29/2025 17:00,varnerrd_to_I10interchange,SB,0.24,0.44,17.5
9/29/2025 18:00,varnerrd_to_I10interchange,SB,0.37,0.57,13.6
9/29/2025 19:00,varnerrd_to_I10interchange,SB,0.43,0.63,12.3
9/29/2025 20:00,varnerrd_to_I10interchange,SB,0.16,0.36,22.3
9/29/2025 21:00,varnerrd_to_I10interchange,SB,0.27,0.47,17.6
9/29/2025 22:00,varnerrd_to_I10interchange,SB,0.24,0.44,19.4
9/29/2025 23:00,varnerrd_to_I10interchange,SB,0.35,0.55,14.5
9/30/2025 0:00,varnerrd_to_I10interchange,SB,0.19,0.39,20
9/30/2025 1:00,varnerrd_to_I10interchange,SB,0.2,0.39,19.8
9/30/2025 2:00,varnerrd_to_I10interchange,SB,0.06,0.26,29.7
9/30/2025 3:00,varnerrd_to_I10interchange,SB,0.02,0.2,37.5
9/30/2025 4:00,varnerrd_to_I10interchange,SB,0.15,0.34,24.5
9/30/2025 5:00,varnerrd_to_I10interchange,SB,0.07,0.27,28.8
9/30/2025 6:00,varnerrd_to_I10interchange,SB,0.3,0.5,17.6
9/30/2025 7:00,varnerrd_to_I10interchange,SB,0.35,0.55,14.3
9/30/2025 8:00,varnerrd_to_I10interchange,SB,0.4,0.6,13.3
9/30/2025 9:00,varnerrd_to_I10interchange,SB,0.34,0.54,15.1
9/30/2025 10:00,varnerrd_to_I10interchange,SB,0.31,0.51,16
9/30/2025 11:00,varnerrd_to_I10interchange,SB,0.21,0.4,19.1
9/30/2025 12:00,varnerrd_to_I10interchange,SB,0.37,0.57,13.6
9/30/2025 13:00,varnerrd_to_I10interchange,SB,0.4,0.6,13.5
9/30/2025 14:00,varnerrd_to_I10interchange,SB,0.3,0.5,15.9
9/30/2025 15:00,varnerrd_to_I10interchange,SB,0.35,0.55,14.7
9/30/2025 16:00,varnerrd_to_I10interchange,SB,0.31,0.51,15.3
9/30/2025 17:00,varnerrd_to_I10interchange,SB,0.29,0.49,16.8
9/30/2025 18:00,varnerrd_to_I10interchange,SB,0.3,0.5,15.8
9/30/2025 19:00,varnerrd_to_I10interchange,SB,0.33,0.52,15.7
9/30/2025 20:00,varnerrd_to_I10interchange,SB,0.3,0.5,15.6
9/30/2025 21:00,varnerrd_to_I10interchange,SB,0.2,0.4,21
9/30/2025 22:00,varnerrd_to_I10interchange,SB,0.2,0.4,20.7
9/30/2025 23:00,varnerrd_to_I10interchange,SB,0.21,0.4,20.5
10/1/2025 0:00,varnerrd_to_I10interchange,SB,0.05,0.25,30.7
10/1/2025 1:00,varnerrd_to_I10interchange,SB,0.05,0.24,31.5
10/1/2025 2:00,varnerrd_to_I10interchange,SB,0.01,0.19,39.8
10/1/2025 3:00,varnerrd_to_I10interchange,SB,0.07,0.26,31.6
10/1/2025 4:00,varnerrd_to_I10interchange,SB,0.04,0.23,33
10/1/2025 5:00,varnerrd_to_I10interchange,SB,0.23,0.43,18.3
10/1/2025 6:00,varnerrd_to_I10interchange,SB,0.32,0.52,15.6
10/1/2025 7:00,varnerrd_to_I10interchange,SB,0.26,0.46,16.9
10/1/2025 8:00,varnerrd_to_I10interchange,SB,0.45,0.65,12.1
10/1/2025 9:00,varnerrd_to_I10interchange,SB,0.32,0.52,16.4
10/1/2025 10:00,varnerrd_to_I10interchange,SB,0.22,0.42,18.5
10/1/2025 11:00,varnerrd_to_I10interchange,SB,0.34,0.54,14.3
10/1/2025 12:00,varnerrd_to_I10interchange,SB,0.23,0.43,17.9
10/1/2025 13:00,varnerrd_to_I10interchange,SB,0.36,0.56,14.8
10/1/2025 14:00,varnerrd_to_I10interchange,SB,0.33,0.53,14.9
10/1/2025 15:00,varnerrd_to_I10interchange,SB,0.33,0.53,14.7
10/1/2025 16:00,varnerrd_to_I10interchange,SB,0.31,0.51,15.5
10/1/2025 17:00,varnerrd_to_I10interchange,SB,0.28,0.48,15.9
10/1/2025 18:00,varnerrd_to_I10interchange,SB,0.37,0.57,13.5
10/1/2025 19:00,varnerrd_to_I10interchange,SB,0.31,0.51,16.2
10/1/2025 20:00,varnerrd_to_I10interchange,SB,0.26,0.46,17.8
10/1/2025 21:00,varnerrd_to_I10interchange,SB,0.18,0.37,22.7
10/1/2025 22:00,varnerrd_to_I10interchange,SB,0.26,0.46,17
10/1/2025 23:00,varnerrd_to_I10interchange,SB,0.28,0.48,16.8
10/2/2025 0:00,varnerrd_to_I10interchange,SB,0.1,0.3,26.4
10/2/2025 1:00,varnerrd_to_I10interchange,SB,0.02,0.22,34.8
10/2/2025 2:00,varnerrd_to_I10interchange,SB,0.08,0.27,27.8
10/2/2025 3:00,varnerrd_to_I10interchange,SB,0.08,0.27,29
10/2/2025 4:00,varnerrd_to_I10interchange,SB,0.01,0.2,37.8
10/2/2025 5:00,varnerrd_to_I10interchange,SB,0.2,0.4,19.1
10/2/2025 6:00,varnerrd_to_I10interchange,SB,0.28,0.48,16.2
10/2/2025 7:00,varnerrd_to_I10interchange,SB,0.37,0.57,14.3
10/2/2025 8:00,varnerrd_to_I10interchange,SB,0.4,0.6,13.2
10/2/2025 9:00,varnerrd_to_I10interchange,SB,0.3,0.5,15.3
10/2/2025 10:00,varnerrd_to_I10interchange,SB,0.27,0.47,16.4
10/2/2025 11:00,varnerrd_to_I10interchange,SB,0.32,0.52,15.2
10/2/2025 12:00,varnerrd_to_I10interchange,SB,0.32,0.52,15.6
10/2/2025 13:00,varnerrd_to_I10interchange,SB,0.2,0.4,19.7
10/2/2025 14:00,varnerrd_to_I10interchange,SB,0.32,0.52,14.9
10/2/2025 15:00,varnerrd_to_I10interchange,SB,0.47,0.66,11.6
10/2/2025 16:00,varnerrd_to_I10interchange,SB,0.28,0.48,16.5
10/2/2025 17:00,varnerrd_to_I10interchange,SB,0.35,0.55,13.8
10/2/2025 18:00,varnerrd_to_I10interchange,SB,0.33,0.53,15
10/2/2025 19:00,varnerrd_to_I10interchange,SB,0.27,0.47,16.8
10/2/2025 20:00,varnerrd_to_I10interchange,SB,0.35,0.55,15
10/2/2025 21:00,varnerrd_to_I10interchange,SB,0.18,0.38,21.2
10/2/2025 22:00,varnerrd_to_I10interchange,SB,0.26,0.46,18.1
10/2/2025 23:00,varnerrd_to_I10interchange,SB,0.25,0.45,17.1
10/3/2025 0:00,varnerrd_to_I10interchange,SB,0.11,0.31,24.4
10/3/2025 1:00,varnerrd_to_I10interchange,SB,0.07,0.26,28.7
10/3/2025 2:00,varnerrd_to_I10interchange,SB,0.1,0.28,30.5
10/3/2025 3:00,varnerrd_to_I10interchange,SB,0.13,0.32,28.9
10/3/2025 4:00,varnerrd_to_I10interchange,SB,0.15,0.34,26.9
10/3/2025 5:00,varnerrd_to_I10interchange,SB,0.22,0.42,19
10/3/2025 6:00,varnerrd_to_I10interchange,SB,0.25,0.45,17.8
10/3/2025 7:00,varnerrd_to_I10interchange,SB,0.3,0.5,15.3
10/3/2025 8:00,varnerrd_to_I10interchange,SB,0.32,0.52,15.6
10/3/2025 9:00,varnerrd_to_I10interchange,SB,0.34,0.54,14.9
10/3/2025 10:00,varnerrd_to_I10interchange,SB,0.33,0.53,14.6
10/3/2025 11:00,varnerrd_to_I10interchange,SB,0.31,0.51,16
10/3/2025 12:00,varnerrd_to_I10interchange,SB,0.27,0.47,17
10/3/2025 13:00,varnerrd_to_I10interchange,SB,0.35,0.55,14.8
10/3/2025 14:00,varnerrd_to_I10interchange,SB,0.31,0.51,15.2
10/3/2025 15:00,varnerrd_to_I10interchange,SB,0.27,0.47,16.6
10/3/2025 16:00,varnerrd_to_I10interchange,SB,0.35,0.55,13.9
10/3/2025 17:00,varnerrd_to_I10interchange,SB,0.31,0.51,15.9
10/3/2025 18:00,varnerrd_to_I10interchange,SB,0.31,0.51,15.4
10/3/2025 19:00,varnerrd_to_I10interchange,SB,0.37,0.57,16.5
10/3/2025 20:00,varnerrd_to_I10interchange,SB,0.22,0.42,20.9
10/3/2025 21:00,varnerrd_to_I10interchange,SB,0.25,0.44,20.6
10/3/2025 22:00,varnerrd_to_I10interchange,SB,0.3,0.5,16.7
10/3/2025 23:00,varnerrd_to_I10interchange,SB,0.17,0.37,21.6
10/4/2025 0:00,varnerrd_to_I10interchange,SB,0.16,0.36,22.5
10/4/2025 1:00,varnerrd_to_I10interchange,SB,0.17,0.37,20.7
10/4/2025 2:00,varnerrd_to_I10interchange,SB,0.06,0.25,31.3
10/4/2025 3:00,varnerrd_to_I10interchange,SB,0.03,0.22,33.5
10/4/2025 4:00,varnerrd_to_I10interchange,SB,0.05,0.25,30.8
10/4/2025 5:00,varnerrd_to_I10interchange,SB,0.06,0.26,28.9
10/4/2025 6:00,varnerrd_to_I10interchange,SB,0.4,0.6,13.9
10/4/2025 7:00,varnerrd_to_I10interchange,SB,0.22,0.42,20.5
10/4/2025 8:00,varnerrd_to_I10interchange,SB,0.36,0.56,14.5
10/4/2025 9:00,varnerrd_to_I10interchange,SB,0.36,0.56,14.1
10/4/2025 10:00,varnerrd_to_I10interchange,SB,0.28,0.48,17.2
10/4/2025 11:00,varnerrd_to_I10interchange,SB,0.3,0.5,15.4
10/4/2025 12:00,varnerrd_to_I10interchange,SB,0.26,0.46,17
10/4/2025 13:00,varnerrd_to_I10interchange,SB,0.37,0.57,13.5
10/4/2025 14:00,varnerrd_to_I10interchange,SB,0.3,0.5,15.8
10/4/2025 15:00,varnerrd_to_I10interchange,SB,0.38,0.57,13.5
10/4/2025 16:00,varnerrd_to_I10interchange,SB,0.39,0.59,13.2
10/4/2025 17:00,varnerrd_to_I10interchange,SB,0.49,0.69,11.4
10/4/2025 18:00,varnerrd_to_I10interchange,SB,0.36,0.56,13.6
10/4/2025 19:00,varnerrd_to_I10interchange,SB,0.34,0.54,14.7
10/4/2025 20:00,varnerrd_to_I10interchange,SB,0.3,0.5,15.6
10/4/2025 21:00,varnerrd_to_I10interchange,SB,0.22,0.42,18.6
10/4/2025 22:00,varnerrd_to_I10interchange,SB,0.35,0.55,15.2
10/4/2025 23:00,varnerrd_to_I10interchange,SB,0.28,0.48,16.1
10/5/2025 0:00,varnerrd_to_I10interchange,SB,0.17,0.37,21.5
10/5/2025 1:00,varnerrd_to_I10interchange,SB,0.06,0.26,29.2
10/5/2025 2:00,varnerrd_to_I10interchange,SB,0.03,0.22,33.9
10/5/2025 3:00,varnerrd_to_I10interchange,SB,0.08,0.27,30.5
10/5/2025 4:00,varnerrd_to_I10interchange,SB,0.16,0.35,22.4
10/5/2025 5:00,varnerrd_to_I10interchange,SB,0.05,0.24,32.9
10/5/2025 6:00,varnerrd_to_I10interchange,SB,0.19,0.39,21
10/5/2025 7:00,varnerrd_to_I10interchange,SB,0.35,0.55,14
10/5/2025 8:00,varnerrd_to_I10interchange,SB,0.22,0.42,18.4
10/5/2025 9:00,varnerrd_to_I10interchange,SB,0.26,0.46,17.3
10/5/2025 10:00,varnerrd_to_I10interchange,SB,0.27,0.47,17.6
10/5/2025 11:00,varnerrd_to_I10interchange,SB,0.25,0.45,17.6
10/5/2025 12:00,varnerrd_to_I10interchange,SB,0.29,0.49,16.7
10/5/2025 13:00,varnerrd_to_I10interchange,SB,0.4,0.6,13.2
10/5/2025 14:00,varnerrd_to_I10interchange,SB,0.32,0.52,16.2
10/5/2025 15:00,varnerrd_to_I10interchange,SB,0.3,0.5,16.4
10/5/2025 16:00,varnerrd_to_I10interchange,SB,0.26,0.46,18.3
10/5/2025 17:00,varnerrd_to_I10interchange,SB,0.35,0.55,14.7
10/5/2025 18:00,varnerrd_to_I10interchange,SB,0.4,0.59,13.2
10/5/2025 19:00,varnerrd_to_I10interchange,SB,0.39,0.59,13.2
10/5/2025 20:00,varnerrd_to_I10interchange,SB,0.4,0.6,12.9
10/5/2025 21:00,varnerrd_to_I10interchange,SB,0.28,0.48,16.2
10/5/2025 22:00,varnerrd_to_I10interchange,SB,0.3,0.5,15.9
10/5/2025 23:00,varnerrd_to_I10interchange,SB,0.23,0.43,19.1
10/6/2025 0:00,varnerrd_to_I10interchange,SB,0.06,0.26,29.4
10/6/2025 1:00,varnerrd_to_I10interchange,SB,0.03,0.22,34.8
10/6/2025 2:00,varnerrd_to_I10interchange,SB,0.02,0.2,38.2
10/6/2025 3:00,varnerrd_to_I10interchange,SB,0.02,0.19,39.6
10/6/2025 4:00,varnerrd_to_I10interchange,SB,0.06,0.25,30.8
10/6/2025 5:00,varnerrd_to_I10interchange,SB,0.12,0.32,24.8
10/6/2025 6:00,varnerrd_to_I10interchange,SB,0.27,0.47,16.5
10/6/2025 7:00,varnerrd_to_I10interchange,SB,0.37,0.57,13.6
10/6/2025 8:00,varnerrd_to_I10interchange,SB,0.35,0.55,14.5
10/6/2025 9:00,varnerrd_to_I10interchange,SB,0.28,0.48,16.7
10/6/2025 10:00,varnerrd_to_I10interchange,SB,0.3,0.5,15.8
10/6/2025 11:00,varnerrd_to_I10interchange,SB,0.34,0.54,15.2
10/6/2025 12:00,varnerrd_to_I10interchange,SB,0.3,0.5,16
10/6/2025 13:00,varnerrd_to_I10interchange,SB,0.22,0.42,18.8
10/6/2025 14:00,varnerrd_to_I10interchange,SB,0.22,0.42,18
10/6/2025 15:00,varnerrd_to_I10interchange,SB,0.31,0.51,16.3
10/6/2025 16:00,varnerrd_to_I10interchange,SB,0.31,0.51,16
10/6/2025 17:00,varnerrd_to_I10interchange,SB,0.25,0.45,17.7
10/6/2025 18:00,varnerrd_to_I10interchange,SB,0.36,0.55,15.1
10/6/2025 19:00,varnerrd_to_I10interchange,SB,0.34,0.54,15.6
10/6/2025 20:00,varnerrd_to_I10interchange,SB,0.08,0.28,28.1
10/6/2025 21:00,varnerrd_to_I10interchange,SB,0.3,0.5,15.3
10/6/2025 22:00,varnerrd_to_I10interchange,SB,0.15,0.35,23.2
10/6/2025 23:00,varnerrd_to_I10interchange,SB,0.06,0.26,29.7
10/7/2025 0:00,varnerrd_to_I10interchange,SB,0.02,0.2,38.9
10/7/2025 1:00,varnerrd_to_I10interchange,SB,0.05,0.24,33.5
10/7/2025 2:00,varnerrd_to_I10interchange,SB,0.02,0.21,35.5
10/7/2025 3:00,varnerrd_to_I10interchange,SB,0.08,0.27,28.5
10/7/2025 4:00,varnerrd_to_I10interchange,SB,0.14,0.33,25.7
10/7/2025 5:00,varnerrd_to_I10interchange,SB,0.11,0.31,25.6
10/7/2025 6:00,varnerrd_to_I10interchange,SB,0.31,0.51,15.2
10/7/2025 7:00,varnerrd_to_I10interchange,SB,0.28,0.48,16.6
10/7/2025 8:00,varnerrd_to_I10interchange,SB,0.34,0.54,14.4
10/7/2025 9:00,varnerrd_to_I10interchange,SB,0.28,0.47,16.9
10/7/2025 10:00,varnerrd_to_I10interchange,SB,0.31,0.5,15.4
10/7/2025 11:00,varnerrd_to_I10interchange,SB,0.31,0.5,15.4
10/7/2025 12:00,varnerrd_to_I10interchange,SB,0.28,0.48,16.7
10/7/2025 13:00,varnerrd_to_I10interchange,SB,0.25,0.45,17.8
10/7/2025 14:00,varnerrd_to_I10interchange,SB,0.34,0.54,14.7
10/7/2025 15:00,varnerrd_to_I10interchange,SB,0.3,0.5,15.4
10/7/2025 16:00,varnerrd_to_I10interchange,SB,0.43,0.63,12.3
10/7/2025 17:00,varnerrd_to_I10interchange,SB,0.34,0.54,14
10/7/2025 18:00,varnerrd_to_I10interchange,SB,0.26,0.46,19.3
10/7/2025 19:00,varnerrd_to_I10interchange,SB,0.38,0.58,13.1
10/7/2025 20:00,varnerrd_to_I10interchange,SB,0.45,0.65,12.4
10/7/2025 21:00,varnerrd_to_I10interchange,SB,0.27,0.47,17.2
10/7/2025 22:00,varnerrd_to_I10interchange,SB,0.3,0.5,15.4
10/7/2025 23:00,varnerrd_to_I10interchange,SB,0.18,0.38,20.2
10/8/2025 0:00,varnerrd_to_I10interchange,SB,0.09,0.29,26.8
10/8/2025 1:00,varnerrd_to_I10interchange,SB,0.15,0.34,28.7
10/8/2025 2:00,varnerrd_to_I10interchange,SB,0,0.19,40.5
10/8/2025 3:00,varnerrd_to_I10interchange,SB,0.08,0.27,29.8
10/8/2025 4:00,varnerrd_to_I10interchange,SB,0.13,0.33,24
10/8/2025 5:00,varnerrd_to_I10interchange,SB,0.29,0.49,16.4
10/8/2025 6:00,varnerrd_to_I10interchange,SB,0.3,0.5,15.8
10/8/2025 7:00,varnerrd_to_I10interchange,SB,0.39,0.59,13
10/8/2025 8:00,varnerrd_to_I10interchange,SB,0.39,0.59,13.3
10/8/2025 9:00,varnerrd_to_I10interchange,SB,0.36,0.56,15
10/8/2025 10:00,varnerrd_to_I10interchange,SB,0.31,0.51,16
10/8/2025 11:00,varnerrd_to_I10interchange,SB,0.26,0.46,16.9
10/8/2025 12:00,varnerrd_to_I10interchange,SB,0.33,0.53,15
10/8/2025 13:00,varnerrd_to_I10interchange,SB,0.37,0.57,14
10/8/2025 14:00,varnerrd_to_I10interchange,SB,0.26,0.46,16.8
10/8/2025 15:00,varnerrd_to_I10interchange,SB,0.26,0.46,17
10/8/2025 16:00,varnerrd_to_I10interchange,SB,0.36,0.56,13.9
10/8/2025 17:00,varnerrd_to_I10interchange,SB,0.33,0.53,14.7
10/8/2025 18:00,varnerrd_to_I10interchange,SB,0.31,0.51,15.6
10/8/2025 19:00,varnerrd_to_I10interchange,SB,0.45,0.65,12.2
10/8/2025 20:00,varnerrd_to_I10interchange,SB,0.25,0.45,17.3
10/8/2025 21:00,varnerrd_to_I10interchange,SB,0.22,0.42,19.4
10/8/2025 22:00,varnerrd_to_I10interchange,SB,0.19,0.39,19.6
10/8/2025 23:00,varnerrd_to_I10interchange,SB,0.3,0.5,16.4
10/9/2025 0:00,varnerrd_to_I10interchange,SB,0.08,0.28,27.7
10/9/2025 1:00,varnerrd_to_I10interchange,SB,0.28,0.47,17.1
10/9/2025 2:00,varnerrd_to_I10interchange,SB,0.06,0.24,32.9
10/9/2025 3:00,varnerrd_to_I10interchange,SB,0.06,0.25,30.6
10/9/2025 4:00,varnerrd_to_I10interchange,SB,0.12,0.32,25.2
10/9/2025 5:00,varnerrd_to_I10interchange,SB,0.17,0.37,22.2
10/9/2025 6:00,varnerrd_to_I10interchange,SB,0.26,0.46,17.7
10/9/2025 7:00,varnerrd_to_I10interchange,SB,0.36,0.56,13.7
10/9/2025 8:00,varnerrd_to_I10interchange,SB,0.34,0.54,15.3
10/9/2025 9:00,varnerrd_to_I10interchange,SB,0.27,0.47,16.3
10/9/2025 10:00,varnerrd_to_I10interchange,SB,0.28,0.48,16.7
10/9/2025 11:00,varnerrd_to_I10interchange,SB,0.25,0.45,19
10/9/2025 12:00,varnerrd_to_I10interchange,SB,0.29,0.49,15.8
10/9/2025 13:00,varnerrd_to_I10interchange,SB,0.27,0.47,16.9
10/9/2025 14:00,varnerrd_to_I10interchange,SB,0.4,0.6,13.1
10/9/2025 15:00,varnerrd_to_I10interchange,SB,0.4,0.6,13.7
10/9/2025 16:00,varnerrd_to_I10interchange,SB,0.42,0.62,12.5
10/9/2025 17:00,varnerrd_to_I10interchange,SB,0.26,0.46,17.1
10/9/2025 18:00,varnerrd_to_I10interchange,SB,0.27,0.47,18.2
10/9/2025 19:00,varnerrd_to_I10interchange,SB,0.19,0.39,20.2
10/9/2025 20:00,varnerrd_to_I10interchange,SB,0.3,0.5,16.9
10/9/2025 21:00,varnerrd_to_I10interchange,SB,0.31,0.51,15
10/9/2025 22:00,varnerrd_to_I10interchange,SB,0.15,0.34,22.4
10/9/2025 23:00,varnerrd_to_I10interchange,SB,0.08,0.28,27.4
10/10/2025 0:00,varnerrd_to_I10interchange,SB,0.04,0.23,32.9
10/10/2025 1:00,varnerrd_to_I10interchange,SB,0.05,0.23,35.8
10/10/2025 2:00,varnerrd_to_I10interchange,SB,0.07,0.26,31.4
10/10/2025 3:00,varnerrd_to_I10interchange,SB,0.08,0.27,29.6
10/10/2025 4:00,varnerrd_to_I10interchange,SB,0.02,0.2,37.9
10/10/2025 5:00,varnerrd_to_I10interchange,SB,0.2,0.4,20.1
10/10/2025 6:00,varnerrd_to_I10interchange,SB,0.2,0.4,20.4
10/10/2025 7:00,varnerrd_to_I10interchange,SB,0.3,0.5,16.6
10/10/2025 8:00,varnerrd_to_I10interchange,SB,0.38,0.58,13.4
10/10/2025 9:00,varnerrd_to_I10interchange,SB,0.32,0.52,15.7
10/10/2025 10:00,varnerrd_to_I10interchange,SB,0.25,0.45,17.8
10/10/2025 11:00,varnerrd_to_I10interchange,SB,0.25,0.45,18.7
10/10/2025 12:00,varnerrd_to_I10interchange,SB,0.27,0.47,16.8
10/10/2025 13:00,varnerrd_to_I10interchange,SB,0.31,0.51,15.1
10/10/2025 14:00,varnerrd_to_I10interchange,SB,0.25,0.44,17.3
10/10/2025 15:00,varnerrd_to_I10interchange,SB,0.35,0.55,14.1
10/10/2025 16:00,varnerrd_to_I10interchange,SB,0.34,0.54,15
10/10/2025 17:00,varnerrd_to_I10interchange,SB,0.33,0.53,14.6
10/10/2025 18:00,varnerrd_to_I10interchange,SB,0.4,0.59,13.5
10/10/2025 19:00,varnerrd_to_I10interchange,SB,0.39,0.59,13.3
10/10/2025 20:00,varnerrd_to_I10interchange,SB,0.4,0.59,15.1
10/10/2025 21:00,varnerrd_to_I10interchange,SB,0.34,0.54,14.1
10/10/2025 22:00,varnerrd_to_I10interchange,SB,0.4,0.6,13.2
10/10/2025 23:00,varnerrd_to_I10interchange,SB,0.19,0.39,20
10/11/2025 0:00,varnerrd_to_I10interchange,SB,0.07,0.27,29.4
10/11/2025 1:00,varnerrd_to_I10interchange,SB,0.1,0.29,26.5
10/11/2025 2:00,varnerrd_to_I10interchange,SB,0.05,0.24,31.3
10/11/2025 3:00,varnerrd_to_I10interchange,SB,0.08,0.27,31.2
10/11/2025 4:00,varnerrd_to_I10interchange,SB,0.04,0.24,32.3
10/11/2025 5:00,varnerrd_to_I10interchange,SB,0.08,0.28,27.5
10/11/2025 6:00,varnerrd_to_I10interchange,SB,0.27,0.47,19
10/11/2025 7:00,varnerrd_to_I10interchange,SB,0.23,0.43,18.8
10/11/2025 8:00,varnerrd_to_I10interchange,SB,0.25,0.45,17.5
10/11/2025 9:00,varnerrd_to_I10interchange,SB,0.3,0.5,15.7
10/11/2025 10:00,varnerrd_to_I10interchange,SB,0.26,0.46,17
10/11/2025 11:00,varnerrd_to_I10interchange,SB,0.24,0.44,19.2
10/11/2025 12:00,varnerrd_to_I10interchange,SB,0.31,0.5,23
10/11/2025 13:00,varnerrd_to_I10interchange,SB,0,0.17,45
10/11/2025 14:00,varnerrd_to_I10interchange,SB,0,0.17,45
10/11/2025 15:00,varnerrd_to_I10interchange,SB,0,0.17,45
10/11/2025 16:00,varnerrd_to_I10interchange,SB,0.37,0.57,15.9
10/11/2025 17:00,varnerrd_to_I10interchange,SB,0.39,0.59,13
10/11/2025 18:00,varnerrd_to_I10interchange,SB,0.36,0.55,14.1
10/11/2025 19:00,varnerrd_to_I10interchange,SB,0.16,0.36,22.1
10/11/2025 20:00,varnerrd_to_I10interchange,SB,0.36,0.56,15.1
10/11/2025 21:00,varnerrd_to_I10interchange,SB,0.26,0.46,17.3
10/11/2025 22:00,varnerrd_to_I10interchange,SB,0.3,0.5,16.2
10/11/2025 23:00,varnerrd_to_I10interchange,SB,0.2,0.4,19.9
10/12/2025 0:00,varnerrd_to_I10interchange,SB,0.2,0.4,19.2
10/12/2025 1:00,varnerrd_to_I10interchange,SB,0.11,0.31,25.7
10/12/2025 2:00,varnerrd_to_I10interchange,SB,0.08,0.28,27.9
10/12/2025 3:00,varnerrd_to_I10interchange,SB,0.06,0.26,29.3
10/12/2025 4:00,varnerrd_to_I10interchange,SB,0.02,0.21,35.7
10/12/2025 5:00,varnerrd_to_I10interchange,SB,0.09,0.28,26.5
10/12/2025 6:00,varnerrd_to_I10interchange,SB,0.15,0.35,25.2
10/12/2025 7:00,varnerrd_to_I10interchange,SB,0.24,0.44,17.7
10/12/2025 8:00,varnerrd_to_I10interchange,SB,0.38,0.58,13.9
10/12/2025 9:00,varnerrd_to_I10interchange,SB,0.25,0.45,18.4
10/12/2025 10:00,varnerrd_to_I10interchange,SB,0.34,0.54,15.1
10/12/2025 11:00,varnerrd_to_I10interchange,SB,0.23,0.43,17.7
10/12/2025 12:00,varnerrd_to_I10interchange,SB,0.3,0.5,15.7
10/12/2025 13:00,varnerrd_to_I10interchange,SB,0.34,0.53,14.6
10/12/2025 14:00,varnerrd_to_I10interchange,SB,0.42,0.62,13.6
10/12/2025 15:00,varnerrd_to_I10interchange,SB,0.3,0.5,15.7
10/12/2025 16:00,varnerrd_to_I10interchange,SB,0.41,0.61,13.4
10/12/2025 17:00,varnerrd_to_I10interchange,SB,0.38,0.58,14.4
10/12/2025 18:00,varnerrd_to_I10interchange,SB,0.46,0.66,11.8
10/12/2025 19:00,varnerrd_to_I10interchange,SB,0.24,0.44,18.3
10/12/2025 20:00,varnerrd_to_I10interchange,SB,0.35,0.55,13.9
10/12/2025 21:00,varnerrd_to_I10interchange,SB,0.27,0.47,17.3
10/12/2025 22:00,varnerrd_to_I10interchange,SB,0.28,0.48,17.5
10/12/2025 23:00,varnerrd_to_I10interchange,SB,0.11,0.3,27
10/13/2025 0:00,varnerrd_to_I10interchange,SB,0.04,0.23,33.5
10/13/2025 1:00,varnerrd_to_I10interchange,SB,0.06,0.26,30.3
10/13/2025 2:00,varnerrd_to_I10interchange,SB,0.08,0.27,30.5
10/13/2025 3:00,varnerrd_to_I10interchange,SB,0.08,0.28,28.1
10/13/2025 4:00,varnerrd_to_I10interchange,SB,0.06,0.26,29.7
10/13/2025 5:00,varnerrd_to_I10interchange,SB,0.06,0.26,29.5
10/13/2025 6:00,varnerrd_to_I10interchange,SB,0.31,0.51,16.2
10/13/2025 7:00,varnerrd_to_I10interchange,SB,0.33,0.53,14.5
10/13/2025 8:00,varnerrd_to_I10interchange,SB,0.31,0.51,15.8
10/13/2025 9:00,varnerrd_to_I10interchange,SB,0.36,0.56,14.6
10/13/2025 10:00,varnerrd_to_I10interchange,SB,0.31,0.51,14.9
10/13/2025 11:00,varnerrd_to_I10interchange,SB,0.21,0.41,19.1
10/13/2025 12:00,varnerrd_to_I10interchange,SB,0.31,0.51,15.8
10/13/2025 13:00,varnerrd_to_I10interchange,SB,0.32,0.52,15.2
10/13/2025 14:00,varnerrd_to_I10interchange,SB,0.32,0.52,15.1
10/13/2025 15:00,varnerrd_to_I10interchange,SB,0.33,0.52,15.5
10/13/2025 16:00,varnerrd_to_I10interchange,SB,0.36,0.56,14.1
10/13/2025 17:00,varnerrd_to_I10interchange,SB,0.44,0.64,12.1
10/13/2025 18:00,varnerrd_to_I10interchange,SB,0.3,0.5,15.1
10/13/2025 19:00,varnerrd_to_I10interchange,SB,0.34,0.54,17.1
10/13/2025 20:00,varnerrd_to_I10interchange,SB,0.13,0.32,24.1
10/13/2025 21:00,varnerrd_to_I10interchange,SB,0.24,0.44,17.5
10/13/2025 22:00,varnerrd_to_I10interchange,SB,0.14,0.34,22.6
10/13/2025 23:00,varnerrd_to_I10interchange,SB,0.14,0.34,23.2
10/14/2025 0:00,varnerrd_to_I10interchange,SB,0.04,0.22,37.9
10/14/2025 1:00,varnerrd_to_I10interchange,SB,0.05,0.24,32.2
10/14/2025 2:00,varnerrd_to_I10interchange,SB,0.07,0.26,31.8
10/14/2025 3:00,varnerrd_to_I10interchange,SB,0.15,0.34,23.7
10/14/2025 4:00,varnerrd_to_I10interchange,SB,0.08,0.28,28.6
10/14/2025 5:00,varnerrd_to_I10interchange,SB,0.23,0.43,19.1
10/14/2025 6:00,varnerrd_to_I10interchange,SB,0.22,0.42,18.4
10/14/2025 7:00,varnerrd_to_I10interchange,SB,0.49,0.69,11.2
10/14/2025 8:00,varnerrd_to_I10interchange,SB,0.32,0.52,15.7
10/14/2025 9:00,varnerrd_to_I10interchange,SB,0.35,0.55,14.6
10/14/2025 10:00,varnerrd_to_I10interchange,SB,0.32,0.52,15.1
10/14/2025 11:00,varnerrd_to_I10interchange,SB,0.21,0.41,19.2
10/14/2025 12:00,varnerrd_to_I10interchange,SB,0.31,0.51,15.3
10/14/2025 13:00,varnerrd_to_I10interchange,SB,0.32,0.52,15.6
10/14/2025 14:00,varnerrd_to_I10interchange,SB,0.26,0.46,16.7
10/14/2025 15:00,varnerrd_to_I10interchange,SB,0.39,0.59,13.7
10/14/2025 16:00,varnerrd_to_I10interchange,SB,0.3,0.5,16.2
10/14/2025 17:00,varnerrd_to_I10interchange,SB,0.41,0.61,13
10/14/2025 18:00,varnerrd_to_I10interchange,SB,0.38,0.58,13.7
10/14/2025 19:00,varnerrd_to_I10interchange,SB,0.28,0.48,15.9
10/14/2025 20:00,varnerrd_to_I10interchange,SB,0.29,0.49,15.9
10/14/2025 21:00,varnerrd_to_I10interchange,SB,0.32,0.52,15.6
10/14/2025 22:00,varnerrd_to_I10interchange,SB,0.18,0.38,20.3
10/14/2025 23:00,varnerrd_to_I10interchange,SB,0.1,0.29,26.8
10/15/2025 0:00,varnerrd_to_I10interchange,SB,0.06,0.24,32.9
10/15/2025 1:00,varnerrd_to_I10interchange,SB,0.07,0.26,30.1
10/15/2025 2:00,varnerrd_to_I10interchange,SB,0.01,0.19,39.7
10/15/2025 3:00,varnerrd_to_I10interchange,SB,0.02,0.2,37.7
10/15/2025 4:00,varnerrd_to_I10interchange,SB,0.17,0.36,21.3
10/15/2025 5:00,varnerrd_to_I10interchange,SB,0.16,0.36,22.8
10/15/2025 6:00,varnerrd_to_I10interchange,SB,0.22,0.42,19.2
10/15/2025 7:00,varnerrd_to_I10interchange,SB,0.39,0.59,13.2
10/15/2025 8:00,varnerrd_to_I10interchange,SB,0.41,0.61,12.9
10/15/2025 9:00,varnerrd_to_I10interchange,SB,0.28,0.48,16.4
10/15/2025 10:00,varnerrd_to_I10interchange,SB,0.25,0.45,17.5
10/15/2025 11:00,varnerrd_to_I10interchange,SB,0.25,0.45,17.2
10/15/2025 12:00,varnerrd_to_I10interchange,SB,0.26,0.46,17.7
10/15/2025 13:00,varnerrd_to_I10interchange,SB,0.29,0.49,15.9
10/15/2025 14:00,varnerrd_to_I10interchange,SB,0.32,0.52,15.1
10/15/2025 15:00,varnerrd_to_I10interchange,SB,0.26,0.46,17.3
10/15/2025 16:00,varnerrd_to_I10interchange,SB,0.34,0.54,14.8
10/15/2025 17:00,varnerrd_to_I10interchange,SB,0.29,0.49,15.5
10/15/2025 18:00,varnerrd_to_I10interchange,SB,0.33,0.53,15.7
10/15/2025 19:00,varnerrd_to_I10interchange,SB,0.13,0.33,23.7
10/15/2025 20:00,varnerrd_to_I10interchange,SB,0.23,0.43,18.9
10/15/2025 21:00,varnerrd_to_I10interchange,SB,0.22,0.42,18.9
10/15/2025 22:00,varnerrd_to_I10interchange,SB,0.17,0.36,21.3
10/15/2025 23:00,varnerrd_to_I10interchange,SB,0.13,0.33,23.6
10/16/2025 0:00,varnerrd_to_I10interchange,SB,0.07,0.27,27.9
10/16/2025 1:00,varnerrd_to_I10interchange,SB,0.12,0.32,25.2
10/16/2025 2:00,varnerrd_to_I10interchange,SB,0.03,0.22,35.4
10/16/2025 3:00,varnerrd_to_I10interchange,SB,0.04,0.23,32.1
10/16/2025 4:00,varnerrd_to_I10interchange,SB,0.06,0.26,31.4
10/16/2025 5:00,varnerrd_to_I10interchange,SB,0.16,0.36,21.7
10/16/2025 6:00,varnerrd_to_I10interchange,SB,0.25,0.45,17.3
10/16/2025 7:00,varnerrd_to_I10interchange,SB,0.32,0.52,15.1
10/16/2025 8:00,varnerrd_to_I10interchange,SB,0.28,0.48,16.2
10/16/2025 9:00,varnerrd_to_I10interchange,SB,0.38,0.58,13.6
10/16/2025 10:00,varnerrd_to_I10interchange,SB,0.3,0.5,15.5
10/16/2025 11:00,varnerrd_to_I10interchange,SB,0.37,0.57,14
10/16/2025 12:00,varnerrd_to_I10interchange,SB,0.27,0.47,16.5
10/16/2025 13:00,varnerrd_to_I10interchange,SB,0.35,0.55,14.7
10/16/2025 14:00,varnerrd_to_I10interchange,SB,0.3,0.5,15.5
10/16/2025 15:00,varnerrd_to_I10interchange,SB,0.37,0.57,14.2
10/16/2025 16:00,varnerrd_to_I10interchange,SB,0.34,0.54,14.6
10/16/2025 17:00,varnerrd_to_I10interchange,SB,0.24,0.44,17.6
10/16/2025 18:00,varnerrd_to_I10interchange,SB,0.26,0.46,17.1
10/16/2025 19:00,varnerrd_to_I10interchange,SB,0.4,0.59,13.1
10/16/2025 20:00,varnerrd_to_I10interchange,SB,0.31,0.51,16.3
10/16/2025 21:00,varnerrd_to_I10interchange,SB,0.26,0.46,18.8
10/16/2025 22:00,varnerrd_to_I10interchange,SB,0.09,0.29,26.3
10/16/2025 23:00,varnerrd_to_I10interchange,SB,0.14,0.33,24.1
10/17/2025 0:00,varnerrd_to_I10interchange,SB,0.09,0.29,26.3
10/17/2025 1:00,varnerrd_to_I10interchange,SB,0.03,0.22,34.4
10/17/2025 2:00,varnerrd_to_I10interchange,SB,0,0.18,41.1
10/17/2025 3:00,varnerrd_to_I10interchange,SB,0.03,0.21,37.6
10/17/2025 4:00,varnerrd_to_I10interchange,SB,0.08,0.28,28.4
10/17/2025 5:00,varnerrd_to_I10interchange,SB,0.12,0.31,26.5
10/17/2025 6:00,varnerrd_to_I10interchange,SB,0.24,0.44,18.9
10/17/2025 7:00,varnerrd_to_I10interchange,SB,0.31,0.5,17
10/17/2025 8:00,varnerrd_to_I10interchange,SB,0.37,0.57,13.9
10/17/2025 9:00,varnerrd_to_I10interchange,SB,0.29,0.49,15.9
10/17/2025 10:00,varnerrd_to_I10interchange,SB,0.26,0.46,18.1
10/17/2025 11:00,varnerrd_to_I10interchange,SB,0.21,0.41,18.7
10/17/2025 12:00,varnerrd_to_I10interchange,SB,0.29,0.49,18
10/17/2025 13:00,varnerrd_to_I10interchange,SB,0.23,0.42,21.7
10/17/2025 14:00,varnerrd_to_I10interchange,SB,0.31,0.51,15.7
10/17/2025 15:00,varnerrd_to_I10interchange,SB,0.35,0.55,13.9
10/17/2025 16:00,varnerrd_to_I10interchange,SB,0.36,0.56,14
10/17/2025 17:00,varnerrd_to_I10interchange,SB,0.3,0.49,15.9
10/17/2025 18:00,varnerrd_to_I10interchange,SB,0.3,0.5,16.2
10/17/2025 19:00,varnerrd_to_I10interchange,SB,0.4,0.59,13.2
10/17/2025 20:00,varnerrd_to_I10interchange,SB,0.24,0.44,19
10/17/2025 21:00,varnerrd_to_I10interchange,SB,0.24,0.43,17.8
10/17/2025 22:00,varnerrd_to_I10interchange,SB,0.24,0.44,17.7
10/17/2025 23:00,varnerrd_to_I10interchange,SB,0.2,0.4,19.2
10/18/2025 0:00,varnerrd_to_I10interchange,SB,0.11,0.31,25.3
10/18/2025 1:00,varnerrd_to_I10interchange,SB,0.02,0.21,36.6
10/18/2025 2:00,varnerrd_to_I10interchange,SB,0.07,0.26,28.8
10/18/2025 3:00,varnerrd_to_I10interchange,SB,0.26,0.46,17.1
10/18/2025 4:00,varnerrd_to_I10interchange,SB,0.07,0.26,28.4
10/18/2025 5:00,varnerrd_to_I10interchange,SB,0.1,0.29,26.5
10/18/2025 6:00,varnerrd_to_I10interchange,SB,0.16,0.36,24.5
10/18/2025 7:00,varnerrd_to_I10interchange,SB,0.26,0.46,18.3
10/18/2025 8:00,varnerrd_to_I10interchange,SB,0.23,0.43,19.1
10/18/2025 9:00,varnerrd_to_I10interchange,SB,0.24,0.43,18.5
10/18/2025 10:00,varnerrd_to_I10interchange,SB,0.29,0.49,15.7
10/18/2025 11:00,varnerrd_to_I10interchange,SB,0.43,0.63,13
10/18/2025 12:00,varnerrd_to_I10interchange,SB,0.44,0.64,12.9
10/18/2025 13:00,varnerrd_to_I10interchange,SB,0.29,0.49,16
10/18/2025 14:00,varnerrd_to_I10interchange,SB,0.33,0.53,14.6
10/18/2025 15:00,varnerrd_to_I10interchange,SB,0.3,0.5,15.6
10/18/2025 16:00,varnerrd_to_I10interchange,SB,0.3,0.5,15.3
10/18/2025 17:00,varnerrd_to_I10interchange,SB,0.24,0.44,17.9
10/18/2025 18:00,varnerrd_to_I10interchange,SB,0.4,0.6,13.8
10/18/2025 19:00,varnerrd_to_I10interchange,SB,0.23,0.43,18.6
10/18/2025 20:00,varnerrd_to_I10interchange,SB,0.33,0.53,15.4
10/18/2025 21:00,varnerrd_to_I10interchange,SB,0.38,0.58,13.3
10/18/2025 22:00,varnerrd_to_I10interchange,SB,0.35,0.55,14.8
10/18/2025 23:00,varnerrd_to_I10interchange,SB,0.22,0.42,20
10/19/2025 0:00,varnerrd_to_I10interchange,SB,0.19,0.39,21.2
10/19/2025 1:00,varnerrd_to_I10interchange,SB,0.09,0.29,26.9
10/19/2025 2:00,varnerrd_to_I10interchange,SB,0.08,0.27,28
10/19/2025 3:00,varnerrd_to_I10interchange,SB,0.04,0.23,34
10/19/2025 4:00,varnerrd_to_I10interchange,SB,0.01,0.19,40
10/19/2025 5:00,varnerrd_to_I10interchange,SB,0.03,0.22,33.5
10/19/2025 6:00,varnerrd_to_I10interchange,SB,0.04,0.24,33.6
10/19/2025 7:00,varnerrd_to_I10interchange,SB,0.3,0.5,17.2
10/19/2025 8:00,varnerrd_to_I10interchange,SB,0.16,0.36,21.6
10/19/2025 9:00,varnerrd_to_I10interchange,SB,0.22,0.42,19
10/19/2025 10:00,varnerrd_to_I10interchange,SB,0.29,0.49,16.5
10/19/2025 11:00,varnerrd_to_I10interchange,SB,0.39,0.58,13
10/19/2025 12:00,varnerrd_to_I10interchange,SB,0.4,0.6,13.1
10/19/2025 13:00,varnerrd_to_I10interchange,SB,0.31,0.51,15.4
10/19/2025 14:00,varnerrd_to_I10interchange,SB,0.27,0.47,16.7
10/19/2025 15:00,varnerrd_to_I10interchange,SB,0.27,0.47,17.7
10/19/2025 16:00,varnerrd_to_I10interchange,SB,0.28,0.48,16
10/19/2025 17:00,varnerrd_to_I10interchange,SB,0.54,0.74,10.9
10/19/2025 18:00,varnerrd_to_I10interchange,SB,0.31,0.51,15.6
10/19/2025 19:00,varnerrd_to_I10interchange,SB,0.31,0.51,16.4
10/19/2025 20:00,varnerrd_to_I10interchange,SB,0.31,0.51,16.7
10/19/2025 21:00,varnerrd_to_I10interchange,SB,0.24,0.43,19.8
10/19/2025 22:00,varnerrd_to_I10interchange,SB,0.14,0.34,23.5
10/19/2025 23:00,varnerrd_to_I10interchange,SB,0.19,0.38,23.7
10/20/2025 0:00,varnerrd_to_I10interchange,SB,0,0.17,45
10/20/2025 1:00,varnerrd_to_I10interchange,SB,0,0.17,45
10/20/2025 2:00,varnerrd_to_I10interchange,SB,0,0.17,44.7
10/20/2025 3:00,varnerrd_to_I10interchange,SB,0,0.17,44
10/20/2025 4:00,varnerrd_to_I10interchange,SB,0.03,0.22,35.2
10/20/2025 5:00,varnerrd_to_I10interchange,SB,0.03,0.21,39.4
10/20/2025 6:00,varnerrd_to_I10interchange,SB,0.16,0.35,21.6
10/20/2025 7:00,varnerrd_to_I10interchange,SB,0.28,0.48,17
10/20/2025 8:00,varnerrd_to_I10interchange,SB,0.25,0.45,16.9
10/20/2025 9:00,varnerrd_to_I10interchange,SB,0.18,0.36,29.6
10/20/2025 10:00,varnerrd_to_I10interchange,SB,0,0.17,45
10/20/2025 11:00,varnerrd_to_I10interchange,SB,0,0.17,45
10/20/2025 12:00,varnerrd_to_I10interchange,SB,0.16,0.35,28
10/20/2025 13:00,varnerrd_to_I10interchange,SB,0.31,0.51,15.7
10/20/2025 14:00,varnerrd_to_I10interchange,SB,0.26,0.45,22.1
10/20/2025 15:00,varnerrd_to_I10interchange,SB,0.24,0.43,23
10/20/2025 16:00,varnerrd_to_I10interchange,SB,0.2,0.39,25.5
10/20/2025 17:00,varnerrd_to_I10interchange,SB,0.15,0.32,34.4
10/20/2025 18:00,varnerrd_to_I10interchange,SB,0.39,0.59,13.9
10/20/2025 19:00,varnerrd_to_I10interchange,SB,0.27,0.47,17.4
10/20/2025 20:00,varnerrd_to_I10interchange,SB,0.44,0.64,12.6
10/20/2025 21:00,varnerrd_to_I10interchange,SB,0.2,0.4,21.3
10/20/2025 22:00,varnerrd_to_I10interchange,SB,0.22,0.42,19.6
10/20/2025 23:00,varnerrd_to_I10interchange,SB,0.13,0.33,24.5
10/21/2025 0:00,varnerrd_to_I10interchange,SB,0.03,0.2,38.1
10/21/2025 1:00,varnerrd_to_I10interchange,SB,0.05,0.24,32.3
10/21/2025 2:00,varnerrd_to_I10interchange,SB,0,0.17,43.4
10/21/2025 3:00,varnerrd_to_I10interchange,SB,0.05,0.23,34.1
10/21/2025 4:00,varnerrd_to_I10interchange,SB,0.13,0.33,26
10/21/2025 5:00,varnerrd_to_I10interchange,SB,0.11,0.31,24.6
10/21/2025 6:00,varnerrd_to_I10interchange,SB,0.46,0.66,12.1
10/21/2025 7:00,varnerrd_to_I10interchange,SB,0.41,0.61,12.6
10/21/2025 8:00,varnerrd_to_I10interchange,SB,0.42,0.62,12.6
10/21/2025 9:00,varnerrd_to_I10interchange,SB,0.29,0.49,16.3
10/21/2025 10:00,varnerrd_to_I10interchange,SB,0.27,0.47,16.5
10/21/2025 11:00,varnerrd_to_I10interchange,SB,0.2,0.4,19.1
10/21/2025 12:00,varnerrd_to_I10interchange,SB,0.29,0.49,16.1
10/21/2025 13:00,varnerrd_to_I10interchange,SB,0.28,0.48,16.1
10/21/2025 14:00,varnerrd_to_I10interchange,SB,0.27,0.47,16.8
10/21/2025 15:00,varnerrd_to_I10interchange,SB,0.26,0.46,17.1
10/21/2025 16:00,varnerrd_to_I10interchange,SB,0.33,0.53,14.6
10/21/2025 17:00,varnerrd_to_I10interchange,SB,0.3,0.5,15.9
10/21/2025 18:00,varnerrd_to_I10interchange,SB,0.13,0.33,27.1
10/21/2025 19:00,varnerrd_to_I10interchange,SB,0.43,0.63,12.8
10/21/2025 20:00,varnerrd_to_I10interchange,SB,0.26,0.46,17
10/21/2025 21:00,varnerrd_to_I10interchange,SB,0.37,0.56,17.6
10/21/2025 22:00,varnerrd_to_I10interchange,SB,0.17,0.37,21.5
10/21/2025 23:00,varnerrd_to_I10interchange,SB,0.26,0.46,17.2
10/22/2025 0:00,varnerrd_to_I10interchange,SB,0.08,0.27,29.4
10/22/2025 1:00,varnerrd_to_I10interchange,SB,0.05,0.25,31.3
10/22/2025 2:00,varnerrd_to_I10interchange,SB,0.05,0.24,33.1
10/22/2025 3:00,varnerrd_to_I10interchange,SB,0.04,0.23,34.2
10/22/2025 4:00,varnerrd_to_I10interchange,SB,0.03,0.23,33.2
10/22/2025 5:00,varnerrd_to_I10interchange,SB,0.21,0.41,21.7
10/22/2025 6:00,varnerrd_to_I10interchange,SB,0.34,0.54,15.2
10/22/2025 7:00,varnerrd_to_I10interchange,SB,0.28,0.48,16.7
10/22/2025 8:00,varnerrd_to_I10interchange,SB,0.43,0.63,12.3
10/22/2025 9:00,varnerrd_to_I10interchange,SB,0.28,0.48,16.2
10/22/2025 10:00,varnerrd_to_I10interchange,SB,0.26,0.46,16.6
10/22/2025 11:00,varnerrd_to_I10interchange,SB,0.3,0.5,16.6
10/22/2025 12:00,varnerrd_to_I10interchange,SB,0.31,0.51,15.1
10/22/2025 13:00,varnerrd_to_I10interchange,SB,0.34,0.54,14.9
10/22/2025 14:00,varnerrd_to_I10interchange,SB,0.35,0.55,14.8
10/22/2025 15:00,varnerrd_to_I10interchange,SB,0.5,0.7,11
10/22/2025 16:00,varnerrd_to_I10interchange,SB,0.56,0.76,10.1
10/22/2025 17:00,varnerrd_to_I10interchange,SB,0.48,0.68,11.6
10/22/2025 18:00,varnerrd_to_I10interchange,SB,0.43,0.63,12.4
10/22/2025 19:00,varnerrd_to_I10interchange,SB,0.24,0.44,17.4
10/22/2025 20:00,varnerrd_to_I10interchange,SB,0.33,0.53,14.6
10/22/2025 21:00,varnerrd_to_I10interchange,SB,0.22,0.42,18.8
10/22/2025 22:00,varnerrd_to_I10interchange,SB,0.19,0.39,20.1
10/22/2025 23:00,varnerrd_to_I10interchange,SB,0.17,0.37,20.8
10/23/2025 0:00,varnerrd_to_I10interchange,SB,0.11,0.31,24.8
10/23/2025 1:00,varnerrd_to_I10interchange,SB,0.03,0.22,34.7
10/23/2025 2:00,varnerrd_to_I10interchange,SB,0.04,0.22,34.8
10/23/2025 3:00,varnerrd_to_I10interchange,SB,0.04,0.22,36.4
10/23/2025 4:00,varnerrd_to_I10interchange,SB,0.2,0.4,18.7
10/23/2025 5:00,varnerrd_to_I10interchange,SB,0.2,0.4,19
10/23/2025 6:00,varnerrd_to_I10interchange,SB,0.41,0.61,13.7
10/23/2025 7:00,varnerrd_to_I10interchange,SB,0.79,0.99,9
10/23/2025 8:00,varnerrd_to_I10interchange,SB,0.86,1.06,7.8
10/23/2025 9:00,varnerrd_to_I10interchange,SB,0.4,0.6,13
10/23/2025 10:00,varnerrd_to_I10interchange,SB,0.31,0.51,15.4
10/23/2025 11:00,varnerrd_to_I10interchange,SB,0.31,0.51,15.8
10/23/2025 12:00,varnerrd_to_I10interchange,SB,0.31,0.51,15.4
10/23/2025 13:00,varnerrd_to_I10interchange,SB,0.33,0.53,14.6
10/23/2025 14:00,varnerrd_to_I10interchange,SB,0.3,0.5,15.6
10/23/2025 15:00,varnerrd_to_I10interchange,SB,0.34,0.54,14.7
10/23/2025 16:00,varnerrd_to_I10interchange,SB,0.34,0.54,14.4
10/23/2025 17:00,varnerrd_to_I10interchange,SB,0.35,0.55,14.1
10/23/2025 18:00,varnerrd_to_I10interchange,SB,0.39,0.59,14.1
10/23/2025 19:00,varnerrd_to_I10interchange,SB,0.4,0.6,13.2
10/23/2025 20:00,varnerrd_to_I10interchange,SB,0.3,0.5,15.9
10/23/2025 21:00,varnerrd_to_I10interchange,SB,0.26,0.46,19
10/23/2025 22:00,varnerrd_to_I10interchange,SB,0.2,0.4,21
10/23/2025 23:00,varnerrd_to_I10interchange,SB,0.08,0.28,27.2
10/24/2025 0:00,varnerrd_to_I10interchange,SB,0.04,0.23,33
10/24/2025 1:00,varnerrd_to_I10interchange,SB,0.07,0.26,31.3
10/24/2025 2:00,varnerrd_to_I10interchange,SB,0.06,0.25,30.1
10/24/2025 3:00,varnerrd_to_I10interchange,SB,0.06,0.24,32.1
10/24/2025 4:00,varnerrd_to_I10interchange,SB,0.08,0.28,27.6
10/24/2025 5:00,varnerrd_to_I10interchange,SB,0.2,0.4,20.9
10/24/2025 6:00,varnerrd_to_I10interchange,SB,0.22,0.42,18.4
10/24/2025 7:00,varnerrd_to_I10interchange,SB,0.35,0.55,14
10/24/2025 8:00,varnerrd_to_I10interchange,SB,0.4,0.6,13.1
10/24/2025 9:00,varnerrd_to_I10interchange,SB,0.23,0.43,18.1
10/24/2025 10:00,varnerrd_to_I10interchange,SB,0.3,0.5,15.6
10/24/2025 11:00,varnerrd_to_I10interchange,SB,0.27,0.47,16.5
10/24/2025 12:00,varnerrd_to_I10interchange,SB,0.4,0.6,12.9
10/24/2025 13:00,varnerrd_to_I10interchange,SB,0.28,0.48,16.6
10/24/2025 14:00,varnerrd_to_I10interchange,SB,0.4,0.6,12.9
10/24/2025 15:00,varnerrd_to_I10interchange,SB,0.26,0.45,17
10/24/2025 16:00,varnerrd_to_I10interchange,SB,0.37,0.57,14.1
10/24/2025 17:00,varnerrd_to_I10interchange,SB,0.27,0.47,16.5
10/24/2025 18:00,varnerrd_to_I10interchange,SB,0.21,0.41,20.2
10/24/2025 19:00,varnerrd_to_I10interchange,SB,0.16,0.36,23.2
10/24/2025 20:00,varnerrd_to_I10interchange,SB,0.35,0.55,16.1
10/24/2025 21:00,varnerrd_to_I10interchange,SB,0.33,0.52,14.9
10/24/2025 22:00,varnerrd_to_I10interchange,SB,0.19,0.39,20.2
10/24/2025 23:00,varnerrd_to_I10interchange,SB,0.28,0.48,17.4
10/25/2025 0:00,varnerrd_to_I10interchange,SB,0.08,0.28,27.1
10/25/2025 1:00,varnerrd_to_I10interchange,SB,0.05,0.25,30.8
10/25/2025 2:00,varnerrd_to_I10interchange,SB,0.1,0.3,25.8
10/25/2025 3:00,varnerrd_to_I10interchange,SB,0.15,0.34,26.3
10/25/2025 4:00,varnerrd_to_I10interchange,SB,0.08,0.28,28
10/25/2025 5:00,varnerrd_to_I10interchange,SB,0.06,0.25,30.2
10/25/2025 6:00,varnerrd_to_I10interchange,SB,0.15,0.35,22.5
10/25/2025 7:00,varnerrd_to_I10interchange,SB,0.27,0.47,16.2
10/25/2025 8:00,varnerrd_to_I10interchange,SB,0.32,0.52,15.5
10/25/2025 9:00,varnerrd_to_I10interchange,SB,0.35,0.55,14.6
10/25/2025 10:00,varnerrd_to_I10interchange,SB,0.34,0.53,15.1
10/25/2025 11:00,varnerrd_to_I10interchange,SB,0.3,0.5,15.8
10/25/2025 12:00,varnerrd_to_I10interchange,SB,0.36,0.56,13.8
10/25/2025 13:00,varnerrd_to_I10interchange,SB,0.38,0.58,13.4
10/25/2025 14:00,varnerrd_to_I10interchange,SB,0.35,0.55,14.4
10/25/2025 15:00,varnerrd_to_I10interchange,SB,0.4,0.6,13.5
10/25/2025 16:00,varnerrd_to_I10interchange,SB,0.25,0.45,18.3
10/25/2025 17:00,varnerrd_to_I10interchange,SB,0.33,0.53,15
10/25/2025 18:00,varnerrd_to_I10interchange,SB,0.27,0.47,17.8
10/25/2025 19:00,varnerrd_to_I10interchange,SB,0.44,0.64,12.3
10/25/2025 20:00,varnerrd_to_I10interchange,SB,0.27,0.47,17.1
10/25/2025 21:00,varnerrd_to_I10interchange,SB,0.23,0.43,18.3
10/25/2025 22:00,varnerrd_to_I10interchange,SB,0.29,0.49,16.2
10/25/2025 23:00,varnerrd_to_I10interchange,SB,0.33,0.53,14.4
10/26/2025 0:00,varnerrd_to_I10interchange,SB,0.29,0.49,19.3
10/26/2025 1:00,varnerrd_to_I10interchange,SB,0.23,0.42,18
10/26/2025 2:00,varnerrd_to_I10interchange,SB,0.13,0.33,23.4
10/26/2025 3:00,varnerrd_to_I10interchange,SB,0.06,0.25,30.1
10/26/2025 4:00,varnerrd_to_I10interchange,SB,0.03,0.22,33.9
10/26/2025 5:00,varnerrd_to_I10interchange,SB,0.06,0.25,31.4
10/26/2025 6:00,varnerrd_to_I10interchange,SB,0.1,0.3,26.5
10/26/2025 7:00,varnerrd_to_I10interchange,SB,0.23,0.43,18
10/26/2025 8:00,varnerrd_to_I10interchange,SB,0.19,0.39,21.6
10/26/2025 9:00,varnerrd_to_I10interchange,SB,0.34,0.54,15.3
10/26/2025 10:00,varnerrd_to_I10interchange,SB,0.31,0.51,15.4
10/26/2025 11:00,varnerrd_to_I10interchange,SB,0.42,0.62,12.2
10/26/2025 12:00,varnerrd_to_I10interchange,SB,0.33,0.52,14.7
10/26/2025 13:00,varnerrd_to_I10interchange,SB,0.32,0.52,16
10/26/2025 14:00,varnerrd_to_I10interchange,SB,0.39,0.59,13.3
10/26/2025 15:00,varnerrd_to_I10interchange,SB,0.38,0.58,13.4
10/26/2025 16:00,varnerrd_to_I10interchange,SB,0.29,0.49,16
10/26/2025 17:00,varnerrd_to_I10interchange,SB,0.46,0.66,12.1
10/26/2025 18:00,varnerrd_to_I10interchange,SB,0.26,0.46,17.4
10/26/2025 19:00,varnerrd_to_I10interchange,SB,0.23,0.43,18.6
10/26/2025 20:00,varnerrd_to_I10interchange,SB,0.25,0.45,17.1
10/26/2025 21:00,varnerrd_to_I10interchange,SB,0.19,0.38,20.3
10/26/2025 22:00,varnerrd_to_I10interchange,SB,0.28,0.48,16.3
10/26/2025 23:00,varnerrd_to_I10interchange,SB,0.11,0.31,26.1
10/27/2025 0:00,varnerrd_to_I10interchange,SB,0.06,0.25,33.6
10/27/2025 1:00,varnerrd_to_I10interchange,SB,0.01,0.19,41
10/27/2025 2:00,varnerrd_to_I10interchange,SB,0.03,0.23,33.9
10/27/2025 3:00,varnerrd_to_I10interchange,SB,0.03,0.23,33.6
10/27/2025 4:00,varnerrd_to_I10interchange,SB,0.08,0.27,28
10/27/2025 5:00,varnerrd_to_I10interchange,SB,0.12,0.32,26.4
10/27/2025 6:00,varnerrd_to_I10interchange,SB,0.37,0.56,14.3
10/27/2025 7:00,varnerrd_to_I10interchange,SB,0.35,0.55,14.7
10/27/2025 8:00,varnerrd_to_I10interchange,SB,0.31,0.51,15.8
10/27/2025 9:00,varnerrd_to_I10interchange,SB,0.24,0.44,18.9
10/27/2025 10:00,varnerrd_to_I10interchange,SB,0.32,0.52,15.4
10/27/2025 11:00,varnerrd_to_I10interchange,SB,0.24,0.44,17.7
10/27/2025 12:00,varnerrd_to_I10interchange,SB,0.2,0.4,19.3
10/27/2025 13:00,varnerrd_to_I10interchange,SB,0.38,0.58,14
10/27/2025 14:00,varnerrd_to_I10interchange,SB,0.31,0.51,15.3
10/27/2025 15:00,varnerrd_to_I10interchange,SB,0.31,0.51,15.9
10/27/2025 16:00,varnerrd_to_I10interchange,SB,0.31,0.5,15.6
10/27/2025 17:00,varnerrd_to_I10interchange,SB,0.27,0.47,16.6
10/27/2025 18:00,varnerrd_to_I10interchange,SB,0.2,0.39,23.4
10/27/2025 19:00,varnerrd_to_I10interchange,SB,0.32,0.52,14.6
10/27/2025 20:00,varnerrd_to_I10interchange,SB,0.31,0.51,15.3
10/27/2025 21:00,varnerrd_to_I10interchange,SB,0.18,0.37,23.2
10/27/2025 22:00,varnerrd_to_I10interchange,SB,0.19,0.38,21.5
10/27/2025 23:00,varnerrd_to_I10interchange,SB,0.08,0.28,31.2
10/28/2025 0:00,varnerrd_to_I10interchange,SB,0.09,0.28,28.8
10/28/2025 1:00,varnerrd_to_I10interchange,SB,0.02,0.2,39.2
10/28/2025 2:00,varnerrd_to_I10interchange,SB,0.05,0.25,31.7
10/28/2025 3:00,varnerrd_to_I10interchange,SB,0.02,0.2,37.2
10/28/2025 4:00,varnerrd_to_I10interchange,SB,0.1,0.3,26.3
10/28/2025 5:00,varnerrd_to_I10interchange,SB,0.1,0.3,27.9
10/28/2025 6:00,varnerrd_to_I10interchange,SB,0.32,0.52,15
10/28/2025 7:00,varnerrd_to_I10interchange,SB,0.38,0.57,13.9
10/28/2025 8:00,varnerrd_to_I10interchange,SB,0.4,0.6,13
10/28/2025 9:00,varnerrd_to_I10interchange,SB,0.27,0.47,17.1
10/28/2025 10:00,varnerrd_to_I10interchange,SB,0.23,0.43,18.4
10/28/2025 11:00,varnerrd_to_I10interchange,SB,0.28,0.48,16.3
10/28/2025 12:00,varnerrd_to_I10interchange,SB,0.33,0.53,15.1
10/28/2025 13:00,varnerrd_to_I10interchange,SB,0.46,0.66,12.5
10/28/2025 14:00,varnerrd_to_I10interchange,SB,0.3,0.5,15.8
10/28/2025 15:00,varnerrd_to_I10interchange,SB,0.3,0.5,15.7
10/28/2025 16:00,varnerrd_to_I10interchange,SB,0.3,0.5,15.6
10/28/2025 17:00,varnerrd_to_I10interchange,SB,0.27,0.47,16.5
10/28/2025 18:00,varnerrd_to_I10interchange,SB,0.32,0.52,16
10/28/2025 19:00,varnerrd_to_I10interchange,SB,0.24,0.44,17.9
10/28/2025 20:00,varnerrd_to_I10interchange,SB,0.28,0.48,16.2
10/28/2025 21:00,varnerrd_to_I10interchange,SB,0.28,0.48,16.9
10/28/2025 22:00,varnerrd_to_I10interchange,SB,0.14,0.34,22.7
10/28/2025 23:00,varnerrd_to_I10interchange,SB,0.09,0.29,29
10/29/2025 0:00,varnerrd_to_I10interchange,SB,0.07,0.26,29.8
10/29/2025 1:00,varnerrd_to_I10interchange,SB,0.04,0.23,34.1
10/29/2025 2:00,varnerrd_to_I10interchange,SB,0.07,0.27,28.8
10/29/2025 3:00,varnerrd_to_I10interchange,SB,0.01,0.2,38.6
10/29/2025 4:00,varnerrd_to_I10interchange,SB,0.06,0.25,30.3
10/29/2025 5:00,varnerrd_to_I10interchange,SB,0.08,0.28,27.1
10/29/2025 6:00,varnerrd_to_I10interchange,SB,0.38,0.58,13.5
10/29/2025 7:00,varnerrd_to_I10interchange,SB,0.44,0.64,12.2
10/29/2025 8:00,varnerrd_to_I10interchange,SB,0.38,0.58,13.5
10/29/2025 9:00,varnerrd_to_I10interchange,SB,0.36,0.56,13.8
10/29/2025 10:00,varnerrd_to_I10interchange,SB,0.34,0.54,14.1
10/29/2025 11:00,varnerrd_to_I10interchange,SB,0.29,0.49,16.3
10/29/2025 12:00,varnerrd_to_I10interchange,SB,0.3,0.5,15.6
10/29/2025 13:00,varnerrd_to_I10interchange,SB,0.27,0.47,16.7
10/29/2025 14:00,varnerrd_to_I10interchange,SB,0.29,0.49,15.9
10/29/2025 15:00,varnerrd_to_I10interchange,SB,0.3,0.5,16
10/29/2025 16:00,varnerrd_to_I10interchange,SB,0.41,0.6,13.6
10/29/2025 17:00,varnerrd_to_I10interchange,SB,0.41,0.61,13.2
10/29/2025 18:00,varnerrd_to_I10interchange,SB,0.22,0.42,19.6
10/29/2025 19:00,varnerrd_to_I10interchange,SB,0.26,0.46,17.6
10/29/2025 20:00,varnerrd_to_I10interchange,SB,0.19,0.39,19.8
10/29/2025 21:00,varnerrd_to_I10interchange,SB,0.17,0.37,22.7
10/29/2025 22:00,varnerrd_to_I10interchange,SB,0.21,0.41,19.2
10/29/2025 23:00,varnerrd_to_I10interchange,SB,0.18,0.38,21.3
10/30/2025 0:00,varnerrd_to_I10interchange,SB,0.13,0.32,23.5
10/30/2025 1:00,varnerrd_to_I10interchange,SB,0.02,0.19,39.2
10/30/2025 2:00,varnerrd_to_I10interchange,SB,0.07,0.26,30.5
10/30/2025 3:00,varnerrd_to_I10interchange,SB,0.02,0.2,37.2
10/30/2025 4:00,varnerrd_to_I10interchange,SB,0.07,0.26,31.9
10/30/2025 5:00,varnerrd_to_I10interchange,SB,0.14,0.34,26.4
10/30/2025 6:00,varnerrd_to_I10interchange,SB,0.33,0.53,15
10/30/2025 7:00,varnerrd_to_I10interchange,SB,0.38,0.58,13.7
10/30/2025 8:00,varnerrd_to_I10interchange,SB,0.33,0.53,14.5
10/30/2025 9:00,varnerrd_to_I10interchange,SB,0.33,0.53,16.1
10/30/2025 10:00,varnerrd_to_I10interchange,SB,0.32,0.52,15
10/30/2025 11:00,varnerrd_to_I10interchange,SB,0.31,0.51,16.2
10/30/2025 12:00,varnerrd_to_I10interchange,SB,0.33,0.53,15.6
10/30/2025 13:00,varnerrd_to_I10interchange,SB,0.31,0.51,15.3
10/30/2025 14:00,varnerrd_to_I10interchange,SB,0.37,0.57,13.7
10/30/2025 15:00,varnerrd_to_I10interchange,SB,0.3,0.5,15.8
10/30/2025 16:00,varnerrd_to_I10interchange,SB,0.37,0.57,13.8
10/30/2025 17:00,varnerrd_to_I10interchange,SB,0.37,0.57,13.5
10/30/2025 18:00,varnerrd_to_I10interchange,SB,0.36,0.56,14.4
10/30/2025 19:00,varnerrd_to_I10interchange,SB,0.34,0.54,14.1
10/30/2025 20:00,varnerrd_to_I10interchange,SB,0.4,0.6,13.6
10/30/2025 21:00,varnerrd_to_I10interchange,SB,0.21,0.41,19.2
10/30/2025 22:00,varnerrd_to_I10interchange,SB,0.29,0.49,16.1
10/30/2025 23:00,varnerrd_to_I10interchange,SB,0.18,0.37,21.9
10/31/2025 0:00,varnerrd_to_I10interchange,SB,0.08,0.27,27.9
10/31/2025 1:00,varnerrd_to_I10interchange,SB,0.12,0.32,23.9
10/31/2025 2:00,varnerrd_to_I10interchange,SB,0.09,0.29,26.6
10/31/2025 3:00,varnerrd_to_I10interchange,SB,0.05,0.24,31.1
10/31/2025 4:00,varnerrd_to_I10interchange,SB,0.09,0.29,26.9
10/31/2025 5:00,varnerrd_to_I10interchange,SB,0.15,0.35,24.2
10/31/2025 6:00,varnerrd_to_I10interchange,SB,0.34,0.54,15.4
10/31/2025 7:00,varnerrd_to_I10interchange,SB,0.34,0.54,14.3
10/31/2025 8:00,varnerrd_to_I10interchange,SB,0.33,0.52,14.5
10/31/2025 9:00,varnerrd_to_I10interchange,SB,0.27,0.47,17
10/31/2025 10:00,varnerrd_to_I10interchange,SB,0.25,0.45,17.1
10/31/2025 11:00,varnerrd_to_I10interchange,SB,0.3,0.5,15.8
10/31/2025 12:00,varnerrd_to_I10interchange,SB,0.32,0.52,14.6
10/31/2025 13:00,varnerrd_to_I10interchange,SB,0.32,0.52,15.3
10/31/2025 14:00,varnerrd_to_I10interchange,SB,0.27,0.47,16.5
10/31/2025 15:00,varnerrd_to_I10interchange,SB,0.32,0.52,14.8
10/31/2025 16:00,varnerrd_to_I10interchange,SB,0.32,0.52,15.5
10/31/2025 17:00,varnerrd_to_I10interchange,SB,0.26,0.46,16.7
10/31/2025 18:00,varnerrd_to_I10interchange,SB,0.3,0.5,15.5
10/31/2025 19:00,varnerrd_to_I10interchange,SB,0.28,0.48,16.8
10/31/2025 20:00,varnerrd_to_I10interchange,SB,0.47,0.66,11.7
10/31/2025 21:00,varnerrd_to_I10interchange,SB,0.2,0.4,20.6
10/31/2025 22:00,varnerrd_to_I10interchange,SB,0.25,0.45,19.2
10/31/2025 23:00,varnerrd_to_I10interchange,SB,0.37,0.57,14.1
11/1/2025 0:00,varnerrd_to_I10interchange,SB,0.21,0.4,19.5
11/1/2025 1:00,varnerrd_to_I10interchange,SB,0.11,0.31,24.2
11/1/2025 2:00,varnerrd_to_I10interchange,SB,0.07,0.27,28.7
11/1/2025 3:00,varnerrd_to_I10interchange,SB,0.25,0.45,17.9
11/1/2025 4:00,varnerrd_to_I10interchange,SB,0.05,0.25,30.8
11/1/2025 5:00,varnerrd_to_I10interchange,SB,0.06,0.26,29.6
11/1/2025 6:00,varnerrd_to_I10interchange,SB,0.22,0.42,19.2
11/1/2025 7:00,varnerrd_to_I10interchange,SB,0.33,0.53,15.2
11/1/2025 8:00,varnerrd_to_I10interchange,SB,0.33,0.53,15.9
11/1/2025 9:00,varnerrd_to_I10interchange,SB,0.32,0.52,14.9
11/1/2025 10:00,varnerrd_to_I10interchange,SB,0.33,0.53,14.3
11/1/2025 11:00,varnerrd_to_I10interchange,SB,0.29,0.49,16.2
11/1/2025 12:00,varnerrd_to_I10interchange,SB,0.23,0.43,17.8
11/1/2025 13:00,varnerrd_to_I10interchange,SB,0.28,0.48,16.9
11/1/2025 14:00,varnerrd_to_I10interchange,SB,0.31,0.51,15.6
11/1/2025 15:00,varnerrd_to_I10interchange,SB,0.29,0.49,16.5
11/1/2025 16:00,varnerrd_to_I10interchange,SB,0.32,0.52,14.9
11/1/2025 17:00,varnerrd_to_I10interchange,SB,0.37,0.56,14.2
11/1/2025 18:00,varnerrd_to_I10interchange,SB,0.3,0.5,16.1
11/1/2025 19:00,varnerrd_to_I10interchange,SB,0.28,0.48,17.6
11/1/2025 20:00,varnerrd_to_I10interchange,SB,0.38,0.58,13.7
11/1/2025 21:00,varnerrd_to_I10interchange,SB,0.43,0.63,13.1
11/1/2025 22:00,varnerrd_to_I10interchange,SB,0.3,0.5,17.2
11/1/2025 23:00,varnerrd_to_I10interchange,SB,0.17,0.37,21
11/2/2025 0:00,varnerrd_to_I10interchange,SB,0.27,0.47,17.4
11/2/2025 1:00,varnerrd_to_I10interchange,SB,0.15,0.35,22.6
11/2/2025 1:00,varnerrd_to_I10interchange,SB,0.04,0.24,31.6
11/2/2025 2:00,varnerrd_to_I10interchange,SB,0.08,0.27,32.1
11/2/2025 3:00,varnerrd_to_I10interchange,SB,0,0.17,43.7
11/2/2025 4:00,varnerrd_to_I10interchange,SB,0.07,0.27,28.7
11/2/2025 5:00,varnerrd_to_I10interchange,SB,0.03,0.22,34
11/2/2025 6:00,varnerrd_to_I10interchange,SB,0.13,0.33,25.9
11/2/2025 7:00,varnerrd_to_I10interchange,SB,0.29,0.49,16.1
11/2/2025 8:00,varnerrd_to_I10interchange,SB,0.44,0.64,12
11/2/2025 9:00,varnerrd_to_I10interchange,SB,0.31,0.51,15.8
11/2/2025 10:00,varnerrd_to_I10interchange,SB,0.36,0.56,13.9
11/2/2025 11:00,varnerrd_to_I10interchange,SB,0.23,0.43,18.7
11/2/2025 12:00,varnerrd_to_I10interchange,SB,0.35,0.55,14.1
11/2/2025 13:00,varnerrd_to_I10interchange,SB,0.31,0.51,15
11/2/2025 14:00,varnerrd_to_I10interchange,SB,0.17,0.37,21.5
11/2/2025 15:00,varnerrd_to_I10interchange,SB,0.39,0.58,13.5
11/2/2025 16:00,varnerrd_to_I10interchange,SB,0.3,0.5,16.1
11/2/2025 17:00,varnerrd_to_I10interchange,SB,0.36,0.55,14.7
11/2/2025 18:00,varnerrd_to_I10interchange,SB,0.09,0.29,26.9
11/2/2025 19:00,varnerrd_to_I10interchange,SB,0.23,0.43,19
11/2/2025 20:00,varnerrd_to_I10interchange,SB,0.27,0.47,20.2
11/2/2025 21:00,varnerrd_to_I10interchange,SB,0.2,0.4,20.5
11/2/2025 22:00,varnerrd_to_I10interchange,SB,0.24,0.44,17.6
11/2/2025 23:00,varnerrd_to_I10interchange,SB,0.2,0.4,20.3
11/3/2025 0:00,varnerrd_to_I10interchange,SB,0.03,0.22,34.8
11/3/2025 1:00,varnerrd_to_I10interchange,SB,0.02,0.21,35.2
11/3/2025 2:00,varnerrd_to_I10interchange,SB,0.03,0.21,38.3
11/3/2025 3:00,varnerrd_to_I10interchange,SB,0.02,0.21,36.7
11/3/2025 4:00,varnerrd_to_I10interchange,SB,0.03,0.23,33.4
11/3/2025 5:00,varnerrd_to_I10interchange,SB,0.14,0.33,23.7
11/3/2025 6:00,varnerrd_to_I10interchange,SB,0.25,0.44,17.6
11/3/2025 7:00,varnerrd_to_I10interchange,SB,0.39,0.59,13.7
11/3/2025 8:00,varnerrd_to_I10interchange,SB,0.37,0.57,14
11/3/2025 9:00,varnerrd_to_I10interchange,SB,0.2,0.4,19.6
11/3/2025 10:00,varnerrd_to_I10interchange,SB,0.26,0.46,17
11/3/2025 11:00,varnerrd_to_I10interchange,SB,0.33,0.53,14.8
11/3/2025 12:00,varnerrd_to_I10interchange,SB,0.34,0.54,14.9
11/3/2025 13:00,varnerrd_to_I10interchange,SB,0.21,0.41,19.2
11/3/2025 14:00,varnerrd_to_I10interchange,SB,0.29,0.49,16.2
11/3/2025 15:00,varnerrd_to_I10interchange,SB,0.27,0.47,16.8
11/3/2025 16:00,varnerrd_to_I10interchange,SB,0.35,0.55,14.4
11/3/2025 17:00,varnerrd_to_I10interchange,SB,0.37,0.57,13.5
11/3/2025 18:00,varnerrd_to_I10interchange,SB,0.26,0.46,17.4
11/3/2025 19:00,varnerrd_to_I10interchange,SB,0.31,0.51,15.3
11/3/2025 20:00,varnerrd_to_I10interchange,SB,0.29,0.49,16
11/3/2025 21:00,varnerrd_to_I10interchange,SB,0.27,0.47,17.1
11/3/2025 22:00,varnerrd_to_I10interchange,SB,0.19,0.39,19.9
11/3/2025 23:00,varnerrd_to_I10interchange,SB,0.12,0.32,24.2
11/4/2025 0:00,varnerrd_to_I10interchange,SB,0.08,0.27,27.7
11/4/2025 1:00,varnerrd_to_I10interchange,SB,0.05,0.24,31.6
11/4/2025 2:00,varnerrd_to_I10interchange,SB,0.04,0.24,31.6
11/4/2025 3:00,varnerrd_to_I10interchange,SB,0.04,0.24,31.8
11/4/2025 4:00,varnerrd_to_I10interchange,SB,0.08,0.27,28.6
11/4/2025 5:00,varnerrd_to_I10interchange,SB,0.13,0.33,24.5
11/4/2025 6:00,varnerrd_to_I10interchange,SB,0.3,0.5,16.5
11/4/2025 7:00,varnerrd_to_I10interchange,SB,0.32,0.52,14.9
11/4/2025 8:00,varnerrd_to_I10interchange,SB,0.32,0.52,15.7
11/4/2025 9:00,varnerrd_to_I10interchange,SB,0.31,0.51,15.5
11/4/2025 10:00,varnerrd_to_I10interchange,SB,0.31,0.51,15.6
11/4/2025 11:00,varnerrd_to_I10interchange,SB,0.32,0.52,15.5
11/4/2025 12:00,varnerrd_to_I10interchange,SB,0.27,0.47,16.6
11/4/2025 13:00,varnerrd_to_I10interchange,SB,0.27,0.46,17.3
11/4/2025 14:00,varnerrd_to_I10interchange,SB,0.29,0.49,16.4
11/4/2025 15:00,varnerrd_to_I10interchange,SB,0.32,0.52,16.3
11/4/2025 16:00,varnerrd_to_I10interchange,SB,0.31,0.51,15.8
11/4/2025 17:00,varnerrd_to_I10interchange,SB,0.23,0.42,18.4
11/4/2025 18:00,varnerrd_to_I10interchange,SB,0.28,0.48,17.4
11/4/2025 19:00,varnerrd_to_I10interchange,SB,0.38,0.58,13.6
11/4/2025 20:00,varnerrd_to_I10interchange,SB,0.47,0.67,12.8
11/4/2025 21:00,varnerrd_to_I10interchange,SB,0.24,0.44,17.7
11/4/2025 22:00,varnerrd_to_I10interchange,SB,0.21,0.41,19.5
11/4/2025 23:00,varnerrd_to_I10interchange,SB,0.16,0.36,22.8
11/5/2025 0:00,varnerrd_to_I10interchange,SB,0.02,0.21,37.4
11/5/2025 1:00,varnerrd_to_I10interchange,SB,0.02,0.2,37.4
11/5/2025 2:00,varnerrd_to_I10interchange,SB,0,0.17,44
11/5/2025 3:00,varnerrd_to_I10interchange,SB,0.07,0.26,29
11/5/2025 4:00,varnerrd_to_I10interchange,SB,0.05,0.24,32.4
11/5/2025 5:00,varnerrd_to_I10interchange,SB,0.25,0.45,20.4
11/5/2025 6:00,varnerrd_to_I10interchange,SB,0.36,0.56,14
11/5/2025 7:00,varnerrd_to_I10interchange,SB,0.32,0.52,14.9
11/5/2025 8:00,varnerrd_to_I10interchange,SB,0.37,0.57,13.3
11/5/2025 9:00,varnerrd_to_I10interchange,SB,0.34,0.53,14.3
11/5/2025 10:00,varnerrd_to_I10interchange,SB,0.33,0.52,14.8
11/5/2025 11:00,varnerrd_to_I10interchange,SB,0.36,0.56,14.5
11/5/2025 12:00,varnerrd_to_I10interchange,SB,0.22,0.42,18.4
11/5/2025 13:00,varnerrd_to_I10interchange,SB,0.23,0.43,18.9
11/5/2025 14:00,varnerrd_to_I10interchange,SB,0.32,0.52,14.8
11/5/2025 15:00,varnerrd_to_I10interchange,SB,0.32,0.52,15.1
11/5/2025 16:00,varnerrd_to_I10interchange,SB,0.31,0.51,16.3
11/5/2025 17:00,varnerrd_to_I10interchange,SB,0.29,0.49,16.7
11/5/2025 18:00,varnerrd_to_I10interchange,SB,0.26,0.46,16.7
11/5/2025 19:00,varnerrd_to_I10interchange,SB,0.26,0.46,16.8
11/5/2025 20:00,varnerrd_to_I10interchange,SB,0.26,0.46,17.1
11/5/2025 21:00,varnerrd_to_I10interchange,SB,0.34,0.54,14.8
11/5/2025 22:00,varnerrd_to_I10interchange,SB,0.24,0.44,17.6
11/5/2025 23:00,varnerrd_to_I10interchange,SB,0.05,0.24,31.5
11/6/2025 0:00,varnerrd_to_I10interchange,SB,0.06,0.25,31.8
11/6/2025 1:00,varnerrd_to_I10interchange,SB,0.08,0.27,28.3
11/6/2025 2:00,varnerrd_to_I10interchange,SB,0.03,0.21,38.3
11/6/2025 3:00,varnerrd_to_I10interchange,SB,0.04,0.24,31.9
11/6/2025 4:00,varnerrd_to_I10interchange,SB,0.03,0.23,32.7
11/6/2025 5:00,varnerrd_to_I10interchange,SB,0.07,0.27,28.9
11/6/2025 6:00,varnerrd_to_I10interchange,SB,0.35,0.54,15.3
11/6/2025 7:00,varnerrd_to_I10interchange,SB,0.43,0.63,12.2
11/6/2025 8:00,varnerrd_to_I10interchange,SB,0.49,0.69,11.2
11/6/2025 9:00,varnerrd_to_I10interchange,SB,0.29,0.49,17.4
11/6/2025 10:00,varnerrd_to_I10interchange,SB,0.28,0.48,16.5
11/6/2025 11:00,varnerrd_to_I10interchange,SB,0.38,0.58,13.4
11/6/2025 12:00,varnerrd_to_I10interchange,SB,0.35,0.55,14.9
11/6/2025 13:00,varnerrd_to_I10interchange,SB,0.3,0.5,16.1
11/6/2025 14:00,varnerrd_to_I10interchange,SB,0.36,0.56,14.1
11/6/2025 15:00,varnerrd_to_I10interchange,SB,0.4,0.6,13
11/6/2025 16:00,varnerrd_to_I10interchange,SB,0.3,0.5,15.6
11/6/2025 17:00,varnerrd_to_I10interchange,SB,0.32,0.52,15.1
11/6/2025 18:00,varnerrd_to_I10interchange,SB,0.48,0.68,12.2
11/6/2025 19:00,varnerrd_to_I10interchange,SB,0.4,0.59,15.4
11/6/2025 20:00,varnerrd_to_I10interchange,SB,0.33,0.53,15.8
11/6/2025 21:00,varnerrd_to_I10interchange,SB,0.31,0.51,16.8
11/6/2025 22:00,varnerrd_to_I10interchange,SB,0.36,0.56,14.6
11/6/2025 23:00,varnerrd_to_I10interchange,SB,0.17,0.37,21.5
11/7/2025 0:00,varnerrd_to_I10interchange,SB,0.1,0.28,30.2
11/7/2025 1:00,varnerrd_to_I10interchange,SB,0.02,0.21,37.2
11/7/2025 2:00,varnerrd_to_I10interchange,SB,0,0.17,44
11/7/2025 3:00,varnerrd_to_I10interchange,SB,0.05,0.23,33.6
11/7/2025 4:00,varnerrd_to_I10interchange,SB,0.05,0.24,32.3
11/7/2025 5:00,varnerrd_to_I10interchange,SB,0.17,0.37,22.7
11/7/2025 6:00,varnerrd_to_I10interchange,SB,0.3,0.5,15.7
11/7/2025 7:00,varnerrd_to_I10interchange,SB,0.45,0.65,11.9
11/7/2025 8:00,varnerrd_to_I10interchange,SB,0.37,0.57,13.8
11/7/2025 9:00,varnerrd_to_I10interchange,SB,0.28,0.48,17.1
11/7/2025 10:00,varnerrd_to_I10interchange,SB,0.34,0.54,14.5
11/7/2025 11:00,varnerrd_to_I10interchange,SB,0.21,0.41,18.6
11/7/2025 12:00,varnerrd_to_I10interchange,SB,0.32,0.52,15.4
11/7/2025 13:00,varnerrd_to_I10interchange,SB,0.29,0.49,15.9
11/7/2025 14:00,varnerrd_to_I10interchange,SB,0.25,0.45,17.4
11/7/2025 15:00,varnerrd_to_I10interchange,SB,0.33,0.53,14.8
11/7/2025 16:00,varnerrd_to_I10interchange,SB,0.34,0.54,14.4
11/7/2025 17:00,varnerrd_to_I10interchange,SB,0.32,0.52,14.7
11/7/2025 18:00,varnerrd_to_I10interchange,SB,0.37,0.57,13.8
11/7/2025 19:00,varnerrd_to_I10interchange,SB,0.35,0.55,15.1
11/7/2025 20:00,varnerrd_to_I10interchange,SB,0.36,0.56,15.4
11/7/2025 21:00,varnerrd_to_I10interchange,SB,0.36,0.56,14
11/7/2025 22:00,varnerrd_to_I10interchange,SB,0.37,0.57,13.7
11/7/2025 23:00,varnerrd_to_I10interchange,SB,0.35,0.55,14.1
11/8/2025 0:00,varnerrd_to_I10interchange,SB,0.1,0.3,26
11/8/2025 1:00,varnerrd_to_I10interchange,SB,0.11,0.3,25
11/8/2025 2:00,varnerrd_to_I10interchange,SB,0.11,0.3,25.7
11/8/2025 3:00,varnerrd_to_I10interchange,SB,0.13,0.32,26.2
11/8/2025 4:00,varnerrd_to_I10interchange,SB,0.21,0.41,19.6
11/8/2025 5:00,varnerrd_to_I10interchange,SB,0.18,0.37,23.1
11/8/2025 6:00,varnerrd_to_I10interchange,SB,0.29,0.49,15.8
11/8/2025 7:00,varnerrd_to_I10interchange,SB,0.4,0.6,13.8
11/8/2025 8:00,varnerrd_to_I10interchange,SB,0.42,0.62,12.9
11/8/2025 9:00,varnerrd_to_I10interchange,SB,0.27,0.47,16.3
11/8/2025 10:00,varnerrd_to_I10interchange,SB,0.33,0.53,14.6
11/8/2025 11:00,varnerrd_to_I10interchange,SB,0.31,0.51,15.9
11/8/2025 12:00,varnerrd_to_I10interchange,SB,0.38,0.58,13.2
11/8/2025 13:00,varnerrd_to_I10interchange,SB,0.35,0.54,14.4
11/8/2025 14:00,varnerrd_to_I10interchange,SB,0.37,0.57,13.5
11/8/2025 15:00,varnerrd_to_I10interchange,SB,0.27,0.47,16.7
11/8/2025 16:00,varnerrd_to_I10interchange,SB,0.32,0.52,15.5
11/8/2025 17:00,varnerrd_to_I10interchange,SB,0.41,0.61,12.3
11/8/2025 18:00,varnerrd_to_I10interchange,SB,0.37,0.57,14.5
11/8/2025 19:00,varnerrd_to_I10interchange,SB,0.42,0.62,13.2
11/8/2025 20:00,varnerrd_to_I10interchange,SB,0.27,0.47,16.4
11/8/2025 21:00,varnerrd_to_I10interchange,SB,0.25,0.45,18
11/8/2025 22:00,varnerrd_to_I10interchange,SB,0.32,0.52,15
11/8/2025 23:00,varnerrd_to_I10interchange,SB,0.3,0.5,15.7
11/9/2025 0:00,varnerrd_to_I10interchange,SB,0.19,0.38,21.5
11/9/2025 1:00,varnerrd_to_I10interchange,SB,0.18,0.38,21
11/9/2025 2:00,varnerrd_to_I10interchange,SB,0.05,0.25,30.7
11/9/2025 3:00,varnerrd_to_I10interchange,SB,0.06,0.25,30.1
11/9/2025 4:00,varnerrd_to_I10interchange,SB,0.11,0.31,25.3
11/9/2025 5:00,varnerrd_to_I10interchange,SB,0.13,0.33,23.3
11/9/2025 6:00,varnerrd_to_I10interchange,SB,0.14,0.34,23.7
11/9/2025 7:00,varnerrd_to_I10interchange,SB,0.34,0.54,15.1
11/9/2025 8:00,varnerrd_to_I10interchange,SB,0.27,0.47,17.3
11/9/2025 9:00,varnerrd_to_I10interchange,SB,0.23,0.43,18.2
11/9/2025 10:00,varnerrd_to_I10interchange,SB,0.39,0.59,13.6
11/9/2025 11:00,varnerrd_to_I10interchange,SB,0.36,0.56,14.2
11/9/2025 12:00,varnerrd_to_I10interchange,SB,0.35,0.55,14.7
11/9/2025 13:00,varnerrd_to_I10interchange,SB,0.38,0.58,14.5
11/9/2025 14:00,varnerrd_to_I10interchange,SB,0.35,0.55,14.6
11/9/2025 15:00,varnerrd_to_I10interchange,SB,0.35,0.55,14.2
11/9/2025 16:00,varnerrd_to_I10interchange,SB,0.31,0.51,16.3
11/9/2025 17:00,varnerrd_to_I10interchange,SB,0.3,0.5,15.5
11/9/2025 18:00,varnerrd_to_I10interchange,SB,0.35,0.55,14.5
11/9/2025 19:00,varnerrd_to_I10interchange,SB,0.14,0.34,23.2
11/9/2025 20:00,varnerrd_to_I10interchange,SB,0.17,0.37,21.8
11/9/2025 21:00,varnerrd_to_I10interchange,SB,0.24,0.44,17.4
11/9/2025 22:00,varnerrd_to_I10interchange,SB,0.23,0.43,18.2
11/9/2025 23:00,varnerrd_to_I10interchange,SB,0.2,0.4,20.9
11/10/2025 0:00,varnerrd_to_I10interchange,SB,0.06,0.24,32.3
11/10/2025 1:00,varnerrd_to_I10interchange,SB,0.05,0.24,31
11/10/2025 2:00,varnerrd_to_I10interchange,SB,0.01,0.2,38
11/10/2025 3:00,varnerrd_to_I10interchange,SB,0.16,0.36,24
11/10/2025 4:00,varnerrd_to_I10interchange,SB,0.1,0.3,26.1
11/10/2025 5:00,varnerrd_to_I10interchange,SB,0.14,0.33,26.7
11/10/2025 6:00,varnerrd_to_I10interchange,SB,0.31,0.5,17.3
11/10/2025 7:00,varnerrd_to_I10interchange,SB,0.39,0.59,13.5
11/10/2025 8:00,varnerrd_to_I10interchange,SB,0.33,0.53,14.7
11/10/2025 9:00,varnerrd_to_I10interchange,SB,0.32,0.52,15.4
11/10/2025 10:00,varnerrd_to_I10interchange,SB,0.27,0.47,16.6
11/10/2025 11:00,varnerrd_to_I10interchange,SB,0.27,0.47,16.7
11/10/2025 12:00,varnerrd_to_I10interchange,SB,0.36,0.56,14.2
11/10/2025 13:00,varnerrd_to_I10interchange,SB,0.26,0.46,17.3
11/10/2025 14:00,varnerrd_to_I10interchange,SB,0.33,0.53,14.4
11/10/2025 15:00,varnerrd_to_I10interchange,SB,0.33,0.53,14.8
11/10/2025 16:00,varnerrd_to_I10interchange,SB,0.31,0.51,15.3
11/10/2025 17:00,varnerrd_to_I10interchange,SB,0.25,0.45,18.2
11/10/2025 18:00,varnerrd_to_I10interchange,SB,0.29,0.49,17.9
11/10/2025 19:00,varnerrd_to_I10interchange,SB,0.33,0.53,15.4
11/10/2025 20:00,varnerrd_to_I10interchange,SB,0.26,0.46,18.6
11/10/2025 21:00,varnerrd_to_I10interchange,SB,0.27,0.47,16.9
11/10/2025 22:00,varnerrd_to_I10interchange,SB,0.18,0.38,20.9
11/10/2025 23:00,varnerrd_to_I10interchange,SB,0.09,0.29,27.7
11/11/2025 0:00,varnerrd_to_I10interchange,SB,0.09,0.29,27.8
11/11/2025 1:00,varnerrd_to_I10interchange,SB,0.04,0.23,32.5
11/11/2025 2:00,varnerrd_to_I10interchange,SB,0.04,0.23,33.4
11/11/2025 3:00,varnerrd_to_I10interchange,SB,0.03,0.22,36
11/11/2025 4:00,varnerrd_to_I10interchange,SB,0.09,0.29,29.3
11/11/2025 5:00,varnerrd_to_I10interchange,SB,0.15,0.35,22.9
11/11/2025 6:00,varnerrd_to_I10interchange,SB,0.37,0.57,13.5
11/11/2025 7:00,varnerrd_to_I10interchange,SB,0.29,0.49,16.6
11/11/2025 8:00,varnerrd_to_I10interchange,SB,0.36,0.56,14.2
11/11/2025 9:00,varnerrd_to_I10interchange,SB,0.26,0.46,16.7
11/11/2025 10:00,varnerrd_to_I10interchange,SB,0.37,0.57,13.9
11/11/2025 11:00,varnerrd_to_I10interchange,SB,0.43,0.63,12.7
11/11/2025 12:00,varnerrd_to_I10interchange,SB,0.26,0.46,16.8
11/11/2025 13:00,varnerrd_to_I10interchange,SB,0.34,0.54,15.2
11/11/2025 14:00,varnerrd_to_I10interchange,SB,0.35,0.55,16
11/11/2025 15:00,varnerrd_to_I10interchange,SB,0.24,0.44,17.9
11/11/2025 16:00,varnerrd_to_I10interchange,SB,0.45,0.65,12.5
11/11/2025 17:00,varnerrd_to_I10interchange,SB,0.34,0.54,14.8
11/11/2025 18:00,varnerrd_to_I10interchange,SB,0.35,0.55,15.2
11/11/2025 19:00,varnerrd_to_I10interchange,SB,0.27,0.47,17.2
11/11/2025 20:00,varnerrd_to_I10interchange,SB,0.32,0.52,15.3
11/11/2025 21:00,varnerrd_to_I10interchange,SB,0.28,0.48,16.4
11/11/2025 22:00,varnerrd_to_I10interchange,SB,0.17,0.37,21.8
11/11/2025 23:00,varnerrd_to_I10interchange,SB,0.09,0.29,26.7
11/12/2025 0:00,varnerrd_to_I10interchange,SB,0.02,0.21,35.2
11/12/2025 1:00,varnerrd_to_I10interchange,SB,0.14,0.33,25.4
11/12/2025 2:00,varnerrd_to_I10interchange,SB,0.08,0.27,29.9
11/12/2025 3:00,varnerrd_to_I10interchange,SB,0.02,0.2,37.9
11/12/2025 4:00,varnerrd_to_I10interchange,SB,0.15,0.35,23.1
11/12/2025 5:00,varnerrd_to_I10interchange,SB,0.09,0.29,27.1
11/12/2025 6:00,varnerrd_to_I10interchange,SB,0.45,0.64,12
11/12/2025 7:00,varnerrd_to_I10interchange,SB,0.38,0.58,13.5
11/12/2025 8:00,varnerrd_to_I10interchange,SB,0.29,0.49,15.8
11/12/2025 9:00,varnerrd_to_I10interchange,SB,0.34,0.53,14.3
11/12/2025 10:00,varnerrd_to_I10interchange,SB,0.35,0.55,14.5
11/12/2025 11:00,varnerrd_to_I10interchange,SB,0.29,0.49,15.9
11/12/2025 12:00,varnerrd_to_I10interchange,SB,0.29,0.49,16.9
11/12/2025 13:00,varnerrd_to_I10interchange,SB,0.32,0.52,14.8
11/12/2025 14:00,varnerrd_to_I10interchange,SB,0.36,0.56,14.1
11/12/2025 15:00,varnerrd_to_I10interchange,SB,0.29,0.49,16
11/12/2025 16:00,varnerrd_to_I10interchange,SB,0.35,0.55,14
11/12/2025 17:00,varnerrd_to_I10interchange,SB,0.46,0.66,13
11/12/2025 18:00,varnerrd_to_I10interchange,SB,0.35,0.55,14.2
11/12/2025 19:00,varnerrd_to_I10interchange,SB,0.36,0.56,13.9
11/12/2025 20:00,varnerrd_to_I10interchange,SB,0.21,0.41,19.2
11/12/2025 21:00,varnerrd_to_I10interchange,SB,0.13,0.32,23.6
11/12/2025 22:00,varnerrd_to_I10interchange,SB,0.08,0.28,27.4
11/12/2025 23:00,varnerrd_to_I10interchange,SB,0.09,0.29,26.8
11/13/2025 0:00,varnerrd_to_I10interchange,SB,0.15,0.34,25.5
11/13/2025 1:00,varnerrd_to_I10interchange,SB,0.08,0.27,28.7
11/13/2025 2:00,varnerrd_to_I10interchange,SB,0.02,0.22,34.8
11/13/2025 3:00,varnerrd_to_I10interchange,SB,0.02,0.2,37.5
11/13/2025 4:00,varnerrd_to_I10interchange,SB,0.11,0.31,24.8
11/13/2025 5:00,varnerrd_to_I10interchange,SB,0.32,0.52,15.9
11/13/2025 6:00,varnerrd_to_I10interchange,SB,0.38,0.58,13.8
11/13/2025 7:00,varnerrd_to_I10interchange,SB,0.32,0.52,15.1
11/13/2025 8:00,varnerrd_to_I10interchange,SB,0.44,0.64,12.4
11/13/2025 9:00,varnerrd_to_I10interchange,SB,0.37,0.57,13.4
11/13/2025 10:00,varnerrd_to_I10interchange,SB,0.32,0.52,14.8
11/13/2025 11:00,varnerrd_to_I10interchange,SB,0.34,0.54,15.8
11/13/2025 12:00,varnerrd_to_I10interchange,SB,0.38,0.58,13.7
11/13/2025 13:00,varnerrd_to_I10interchange,SB,0.3,0.5,15.2
11/13/2025 14:00,varnerrd_to_I10interchange,SB,0.24,0.44,17.9
11/13/2025 15:00,varnerrd_to_I10interchange,SB,0.3,0.5,16
11/13/2025 16:00,varnerrd_to_I10interchange,SB,0.28,0.48,16.2
11/13/2025 17:00,varnerrd_to_I10interchange,SB,0.33,0.53,16
11/13/2025 18:00,varnerrd_to_I10interchange,SB,0.33,0.53,15.3
11/13/2025 19:00,varnerrd_to_I10interchange,SB,0.42,0.62,13.9
11/13/2025 20:00,varnerrd_to_I10interchange,SB,0.34,0.54,14.3
11/13/2025 21:00,varnerrd_to_I10interchange,SB,0.25,0.45,17.5
11/13/2025 22:00,varnerrd_to_I10interchange,SB,0.24,0.43,18.4
11/13/2025 23:00,varnerrd_to_I10interchange,SB,0.27,0.47,18.4
11/14/2025 0:00,varnerrd_to_I10interchange,SB,0.15,0.35,24.1
11/14/2025 1:00,varnerrd_to_I10interchange,SB,0.04,0.22,34.8
11/14/2025 2:00,varnerrd_to_I10interchange,SB,0.05,0.24,33.1
11/14/2025 3:00,varnerrd_to_I10interchange,SB,0.05,0.24,32.4
11/14/2025 4:00,varnerrd_to_I10interchange,SB,0.09,0.28,28.7
11/14/2025 5:00,varnerrd_to_I10interchange,SB,0.15,0.35,22.6
11/14/2025 6:00,varnerrd_to_I10interchange,SB,0.36,0.56,13.7
11/14/2025 7:00,varnerrd_to_I10interchange,SB,0.28,0.48,16.1
11/14/2025 8:00,varnerrd_to_I10interchange,SB,0.41,0.61,13.5
11/14/2025 9:00,varnerrd_to_I10interchange,SB,0.29,0.49,16.8
11/14/2025 10:00,varnerrd_to_I10interchange,SB,0.28,0.48,17
11/14/2025 11:00,varnerrd_to_I10interchange,SB,0.35,0.55,13.9
11/14/2025 12:00,varnerrd_to_I10interchange,SB,0.28,0.48,17.2
11/14/2025 13:00,varnerrd_to_I10interchange,SB,0.33,0.52,14.5
11/14/2025 14:00,varnerrd_to_I10interchange,SB,0.38,0.58,14.1
11/14/2025 15:00,varnerrd_to_I10interchange,SB,0.33,0.53,14.5
11/14/2025 16:00,varnerrd_to_I10interchange,SB,0.32,0.52,15.1
11/14/2025 17:00,varnerrd_to_I10interchange,SB,0.4,0.6,14.5
11/14/2025 18:00,varnerrd_to_I10interchange,SB,0.38,0.58,14.4
11/14/2025 19:00,varnerrd_to_I10interchange,SB,0.33,0.53,15.7
11/14/2025 20:00,varnerrd_to_I10interchange,SB,0.23,0.43,19.5
11/14/2025 21:00,varnerrd_to_I10interchange,SB,0.31,0.51,16.4
11/14/2025 22:00,varnerrd_to_I10interchange,SB,0.26,0.45,17.4
11/14/2025 23:00,varnerrd_to_I10interchange,SB,0.15,0.35,22.7
11/15/2025 0:00,varnerrd_to_I10interchange,SB,0.14,0.34,23.9
11/15/2025 1:00,varnerrd_to_I10interchange,SB,0.08,0.28,27.8
11/15/2025 2:00,varnerrd_to_I10interchange,SB,0.03,0.23,33.2
11/15/2025 3:00,varnerrd_to_I10interchange,SB,0.08,0.27,30.3
11/15/2025 4:00,varnerrd_to_I10interchange,SB,0.12,0.32,23.5
11/15/2025 5:00,varnerrd_to_I10interchange,SB,0.1,0.3,26.1
11/15/2025 6:00,varnerrd_to_I10interchange,SB,0.1,0.3,26.3
11/15/2025 7:00,varnerrd_to_I10interchange,SB,0.34,0.54,14.4
11/15/2025 8:00,varnerrd_to_I10interchange,SB,0.25,0.45,18.1
11/15/2025 9:00,varnerrd_to_I10interchange,SB,0.35,0.55,14.9
11/15/2025 10:00,varnerrd_to_I10interchange,SB,0.34,0.54,15.5
11/15/2025 11:00,varnerrd_to_I10interchange,SB,0.36,0.56,14.2
11/15/2025 12:00,varnerrd_to_I10interchange,SB,0.47,0.67,11.7
11/15/2025 13:00,varnerrd_to_I10interchange,SB,0.42,0.62,12.6
11/15/2025 14:00,varnerrd_to_I10interchange,SB,0.3,0.5,16.6
11/15/2025 15:00,varnerrd_to_I10interchange,SB,0.34,0.54,15
11/15/2025 16:00,varnerrd_to_I10interchange,SB,0.34,0.54,14.6
11/15/2025 17:00,varnerrd_to_I10interchange,SB,0.39,0.59,13.1
11/15/2025 18:00,varnerrd_to_I10interchange,SB,0.38,0.58,14.2
11/15/2025 19:00,varnerrd_to_I10interchange,SB,0.34,0.54,15.4
11/15/2025 20:00,varnerrd_to_I10interchange,SB,0.13,0.33,23.3
11/15/2025 21:00,varnerrd_to_I10interchange,SB,0.23,0.43,18.1
11/15/2025 22:00,varnerrd_to_I10interchange,SB,0.27,0.46,17.6
11/15/2025 23:00,varnerrd_to_I10interchange,SB,0.11,0.31,24.5
11/16/2025 0:00,varnerrd_to_I10interchange,SB,0.18,0.38,20.4
11/16/2025 1:00,varnerrd_to_I10interchange,SB,0.11,0.31,25.4
11/16/2025 2:00,varnerrd_to_I10interchange,SB,0.03,0.22,34.5
11/16/2025 3:00,varnerrd_to_I10interchange,SB,0.05,0.24,33
11/16/2025 4:00,varnerrd_to_I10interchange,SB,0.03,0.22,34.2
11/16/2025 5:00,varnerrd_to_I10interchange,SB,0.07,0.27,28.3
11/16/2025 6:00,varnerrd_to_I10interchange,SB,0.14,0.33,25.5
11/16/2025 7:00,varnerrd_to_I10interchange,SB,0.22,0.42,19.3
11/16/2025 8:00,varnerrd_to_I10interchange,SB,0.17,0.37,21.1
11/16/2025 9:00,varnerrd_to_I10interchange,SB,0.36,0.56,14.2
11/16/2025 10:00,varnerrd_to_I10interchange,SB,0.22,0.42,19.2
11/16/2025 11:00,varnerrd_to_I10interchange,SB,0.39,0.59,12.9
11/16/2025 12:00,varnerrd_to_I10interchange,SB,0.32,0.52,15
11/16/2025 13:00,varnerrd_to_I10interchange,SB,0.21,0.41,19.9
11/16/2025 14:00,varnerrd_to_I10interchange,SB,0.38,0.57,15
11/16/2025 15:00,varnerrd_to_I10interchange,SB,0.22,0.42,18.7
11/16/2025 16:00,varnerrd_to_I10interchange,SB,0.34,0.54,16.3
11/16/2025 17:00,varnerrd_to_I10interchange,SB,0.34,0.54,15.1
11/16/2025 18:00,varnerrd_to_I10interchange,SB,0.37,0.57,14.5
11/16/2025 19:00,varnerrd_to_I10interchange,SB,0.28,0.47,17.7
11/16/2025 20:00,varnerrd_to_I10interchange,SB,0.29,0.49,16
11/16/2025 21:00,varnerrd_to_I10interchange,SB,0.15,0.35,22.4
11/16/2025 22:00,varnerrd_to_I10interchange,SB,0.13,0.33,24.6
11/16/2025 23:00,varnerrd_to_I10interchange,SB,0.08,0.28,28.1
11/17/2025 0:00,varnerrd_to_I10interchange,SB,0.07,0.26,29.6
11/17/2025 1:00,varnerrd_to_I10interchange,SB,0.02,0.2,37.9
11/17/2025 2:00,varnerrd_to_I10interchange,SB,0.08,0.27,31.5
11/17/2025 3:00,varnerrd_to_I10interchange,SB,0.03,0.22,34.7
11/17/2025 4:00,varnerrd_to_I10interchange,SB,0.06,0.26,29
11/17/2025 5:00,varnerrd_to_I10interchange,SB,0.09,0.29,27.1
11/17/2025 6:00,varnerrd_to_I10interchange,SB,0.41,0.6,14.9
11/17/2025 7:00,varnerrd_to_I10interchange,SB,0.28,0.48,16
11/17/2025 8:00,varnerrd_to_I10interchange,SB,0.32,0.52,15.1
11/17/2025 9:00,varnerrd_to_I10interchange,SB,0.25,0.44,17.4
11/17/2025 10:00,varnerrd_to_I10interchange,SB,0.32,0.52,15.5
11/17/2025 11:00,varnerrd_to_I10interchange,SB,0.32,0.51,15.4
11/17/2025 12:00,varnerrd_to_I10interchange,SB,0.3,0.5,15.6
11/17/2025 13:00,varnerrd_to_I10interchange,SB,0.33,0.53,15.1
11/17/2025 14:00,varnerrd_to_I10interchange,SB,0.27,0.46,17
11/17/2025 15:00,varnerrd_to_I10interchange,SB,0.3,0.5,16.3
11/17/2025 16:00,varnerrd_to_I10interchange,SB,0.3,0.5,15.4
11/17/2025 17:00,varnerrd_to_I10interchange,SB,0.27,0.47,16.8
11/17/2025 18:00,varnerrd_to_I10interchange,SB,0.4,0.6,13.2
11/17/2025 19:00,varnerrd_to_I10interchange,SB,0.24,0.44,19.4
11/17/2025 20:00,varnerrd_to_I10interchange,SB,0.21,0.41,21.9
11/17/2025 21:00,varnerrd_to_I10interchange,SB,0.23,0.43,19.9
11/17/2025 22:00,varnerrd_to_I10interchange,SB,0.21,0.41,20.9
11/17/2025 23:00,varnerrd_to_I10interchange,SB,0.06,0.26,29.7
11/18/2025 0:00,varnerrd_to_I10interchange,SB,0.04,0.23,33.8
11/18/2025 1:00,varnerrd_to_I10interchange,SB,0.03,0.21,37.3
11/18/2025 2:00,varnerrd_to_I10interchange,SB,0.03,0.21,37.2
11/18/2025 3:00,varnerrd_to_I10interchange,SB,0.03,0.21,39.8
11/18/2025 4:00,varnerrd_to_I10interchange,SB,0.14,0.34,23.9
11/18/2025 5:00,varnerrd_to_I10interchange,SB,0.2,0.4,20.3
11/18/2025 6:00,varnerrd_to_I10interchange,SB,0.31,0.51,15
11/18/2025 7:00,varnerrd_to_I10interchange,SB,0.34,0.54,14.5
11/18/2025 8:00,varnerrd_to_I10interchange,SB,0.34,0.54,15.3
11/18/2025 9:00,varnerrd_to_I10interchange,SB,0.32,0.52,15.4
11/18/2025 10:00,varnerrd_to_I10interchange,SB,0.29,0.49,16.1
11/18/2025 11:00,varnerrd_to_I10interchange,SB,0.26,0.46,18.2
11/18/2025 12:00,varnerrd_to_I10interchange,SB,0.28,0.48,16.3
11/18/2025 13:00,varnerrd_to_I10interchange,SB,0.31,0.51,15.5
11/18/2025 14:00,varnerrd_to_I10interchange,SB,0.26,0.46,17.2
11/18/2025 15:00,varnerrd_to_I10interchange,SB,0.25,0.45,18.1
11/18/2025 16:00,varnerrd_to_I10interchange,SB,0.25,0.45,17.3
11/18/2025 17:00,varnerrd_to_I10interchange,SB,0.25,0.45,17
11/18/2025 18:00,varnerrd_to_I10interchange,SB,0.38,0.58,13.3
11/18/2025 19:00,varnerrd_to_I10interchange,SB,0.24,0.44,18.1
11/18/2025 20:00,varnerrd_to_I10interchange,SB,0.27,0.47,16.4
11/18/2025 21:00,varnerrd_to_I10interchange,SB,0.2,0.4,19.5
11/18/2025 22:00,varnerrd_to_I10interchange,SB,0.29,0.49,16.2
11/18/2025 23:00,varnerrd_to_I10interchange,SB,0.15,0.35,22.2
11/19/2025 0:00,varnerrd_to_I10interchange,SB,0.11,0.3,25.2
11/19/2025 1:00,varnerrd_to_I10interchange,SB,0.03,0.21,35.7
11/19/2025 2:00,varnerrd_to_I10interchange,SB,0.03,0.23,33.3
11/19/2025 3:00,varnerrd_to_I10interchange,SB,0.13,0.32,28.1
11/19/2025 4:00,varnerrd_to_I10interchange,SB,0.05,0.25,31.2
11/19/2025 5:00,varnerrd_to_I10interchange,SB,0.11,0.31,26
11/19/2025 6:00,varnerrd_to_I10interchange,SB,0.35,0.54,14.8
11/19/2025 7:00,varnerrd_to_I10interchange,SB,0.3,0.5,15.4
11/19/2025 8:00,varnerrd_to_I10interchange,SB,0.45,0.65,11.7
11/19/2025 9:00,varnerrd_to_I10interchange,SB,0.3,0.5,15.3
11/19/2025 10:00,varnerrd_to_I10interchange,SB,0.25,0.45,18.2
11/19/2025 11:00,varnerrd_to_I10interchange,SB,0.36,0.56,13.9
11/19/2025 12:00,varnerrd_to_I10interchange,SB,0.42,0.62,12.6
11/19/2025 13:00,varnerrd_to_I10interchange,SB,0.35,0.55,14.4
11/19/2025 14:00,varnerrd_to_I10interchange,SB,0.38,0.58,13.1
11/19/2025 15:00,varnerrd_to_I10interchange,SB,0.31,0.51,15.4
11/19/2025 16:00,varnerrd_to_I10interchange,SB,0.33,0.53,15.2
11/19/2025 17:00,varnerrd_to_I10interchange,SB,0.36,0.56,15
11/19/2025 18:00,varnerrd_to_I10interchange,SB,0.33,0.53,14.7
11/19/2025 19:00,varnerrd_to_I10interchange,SB,0.33,0.53,15.5
11/19/2025 20:00,varnerrd_to_I10interchange,SB,0.37,0.57,14.1
11/19/2025 21:00,varnerrd_to_I10interchange,SB,0.18,0.38,21.7
11/19/2025 22:00,varnerrd_to_I10interchange,SB,0.21,0.41,18.9
11/19/2025 23:00,varnerrd_to_I10interchange,SB,0.2,0.4,19.2
11/20/2025 0:00,varnerrd_to_I10interchange,SB,0.07,0.26,29.4
11/20/2025 1:00,varnerrd_to_I10interchange,SB,0.02,0.22,34.9
11/20/2025 2:00,varnerrd_to_I10interchange,SB,0.03,0.22,34.9
11/20/2025 3:00,varnerrd_to_I10interchange,SB,0.07,0.27,28.4
11/20/2025 4:00,varnerrd_to_I10interchange,SB,0.1,0.29,26.9
11/20/2025 5:00,varnerrd_to_I10interchange,SB,0.15,0.35,23.4
11/20/2025 6:00,varnerrd_to_I10interchange,SB,0.33,0.53,14.8
11/20/2025 7:00,varnerrd_to_I10interchange,SB,0.43,0.63,12.2
11/20/2025 8:00,varnerrd_to_I10interchange,SB,0.4,0.6,13.4
11/20/2025 9:00,varnerrd_to_I10interchange,SB,0.28,0.47,16.2
11/20/2025 10:00,varnerrd_to_I10interchange,SB,0.24,0.44,18.1
11/20/2025 11:00,varnerrd_to_I10interchange,SB,0.39,0.59,13.1
11/20/2025 12:00,varnerrd_to_I10interchange,SB,0.36,0.56,14.2
11/20/2025 13:00,varnerrd_to_I10interchange,SB,0.32,0.52,15.1
11/20/2025 14:00,varnerrd_to_I10interchange,SB,0.32,0.52,15.4
11/20/2025 15:00,varnerrd_to_I10interchange,SB,0.3,0.5,16
11/20/2025 16:00,varnerrd_to_I10interchange,SB,0.34,0.54,14.2
11/20/2025 17:00,varnerrd_to_I10interchange,SB,0.27,0.47,17.1
11/20/2025 18:00,varnerrd_to_I10interchange,SB,0.27,0.47,16.7
11/20/2025 19:00,varnerrd_to_I10interchange,SB,0.32,0.52,14.8
11/20/2025 20:00,varnerrd_to_I10interchange,SB,0.27,0.47,16.7
11/20/2025 21:00,varnerrd_to_I10interchange,SB,0.24,0.44,18.2
11/20/2025 22:00,varnerrd_to_I10interchange,SB,0.35,0.55,15.2
11/20/2025 23:00,varnerrd_to_I10interchange,SB,0.09,0.29,26.7
11/21/2025 0:00,varnerrd_to_I10interchange,SB,0.11,0.3,25.3
11/21/2025 1:00,varnerrd_to_I10interchange,SB,0.06,0.25,31.5
11/21/2025 2:00,varnerrd_to_I10interchange,SB,0.05,0.24,33.2
11/21/2025 3:00,varnerrd_to_I10interchange,SB,0.17,0.37,23.7
11/21/2025 4:00,varnerrd_to_I10interchange,SB,0.11,0.3,26.4
11/21/2025 5:00,varnerrd_to_I10interchange,SB,0.3,0.5,16.9
11/21/2025 6:00,varnerrd_to_I10interchange,SB,0.19,0.39,21.1
11/21/2025 7:00,varnerrd_to_I10interchange,SB,0.32,0.52,14.9
11/21/2025 8:00,varnerrd_to_I10interchange,SB,0.31,0.51,15.5
11/21/2025 9:00,varnerrd_to_I10interchange,SB,0.34,0.54,14.4
11/21/2025 10:00,varnerrd_to_I10interchange,SB,0.35,0.55,14.2
11/21/2025 11:00,varnerrd_to_I10interchange,SB,0.34,0.54,15.3
11/21/2025 12:00,varnerrd_to_I10interchange,SB,0.36,0.56,14.7
11/21/2025 13:00,varnerrd_to_I10interchange,SB,0.23,0.43,17.8
11/21/2025 14:00,varnerrd_to_I10interchange,SB,0.27,0.47,16.8
11/21/2025 15:00,varnerrd_to_I10interchange,SB,0.26,0.46,16.9
11/21/2025 16:00,varnerrd_to_I10interchange,SB,0.31,0.51,15.3
11/21/2025 17:00,varnerrd_to_I10interchange,SB,0.29,0.49,16.3
11/21/2025 18:00,varnerrd_to_I10interchange,SB,0.26,0.46,16.9
11/21/2025 19:00,varnerrd_to_I10interchange,SB,0.44,0.64,12.7
11/21/2025 20:00,varnerrd_to_I10interchange,SB,0.34,0.54,14.6
11/21/2025 21:00,varnerrd_to_I10interchange,SB,0.34,0.54,14.7
11/21/2025 22:00,varnerrd_to_I10interchange,SB,0.35,0.55,14.6
11/21/2025 23:00,varnerrd_to_I10interchange,SB,0.26,0.46,18.7
11/22/2025 0:00,varnerrd_to_I10interchange,SB,0.13,0.32,24.3
11/22/2025 1:00,varnerrd_to_I10interchange,SB,0.05,0.25,31.2
11/22/2025 2:00,varnerrd_to_I10interchange,SB,0,0.17,43.3
11/22/2025 3:00,varnerrd_to_I10interchange,SB,0.05,0.24,34.8
11/22/2025 4:00,varnerrd_to_I10interchange,SB,0.11,0.3,27.2
11/22/2025 5:00,varnerrd_to_I10interchange,SB,0.03,0.23,34.1
11/22/2025 6:00,varnerrd_to_I10interchange,SB,0.1,0.3,26.1
11/22/2025 7:00,varnerrd_to_I10interchange,SB,0.24,0.44,18.2
11/22/2025 8:00,varnerrd_to_I10interchange,SB,0.38,0.58,13.5
11/22/2025 9:00,varnerrd_to_I10interchange,SB,0.28,0.48,17.1
11/22/2025 10:00,varnerrd_to_I10interchange,SB,0.32,0.52,15.8
11/22/2025 11:00,varnerrd_to_I10interchange,SB,0.33,0.52,14.8
11/22/2025 12:00,varnerrd_to_I10interchange,SB,0.39,0.59,13.8
11/22/2025 13:00,varnerrd_to_I10interchange,SB,0.31,0.51,16
11/22/2025 14:00,varnerrd_to_I10interchange,SB,0.46,0.66,12
11/22/2025 15:00,varnerrd_to_I10interchange,SB,0.25,0.45,17.7
11/22/2025 16:00,varnerrd_to_I10interchange,SB,0.31,0.51,15.6
11/22/2025 17:00,varnerrd_to_I10interchange,SB,0.31,0.51,15.5
11/22/2025 18:00,varnerrd_to_I10interchange,SB,0.28,0.48,17.9
11/22/2025 19:00,varnerrd_to_I10interchange,SB,0.33,0.53,14.6
11/22/2025 20:00,varnerrd_to_I10interchange,SB,0.25,0.45,17.9
11/22/2025 21:00,varnerrd_to_I10interchange,SB,0.4,0.6,15
11/22/2025 22:00,varnerrd_to_I10interchange,SB,0.38,0.58,13.5
11/22/2025 23:00,varnerrd_to_I10interchange,SB,0.2,0.39,19.1
11/23/2025 0:00,varnerrd_to_I10interchange,SB,0.18,0.38,20.9
11/23/2025 1:00,varnerrd_to_I10interchange,SB,0.17,0.36,21.9
11/23/2025 2:00,varnerrd_to_I10interchange,SB,0.04,0.23,34.8
11/23/2025 3:00,varnerrd_to_I10interchange,SB,0.06,0.25,32.1
11/23/2025 4:00,varnerrd_to_I10interchange,SB,0.15,0.35,23.2
11/23/2025 5:00,varnerrd_to_I10interchange,SB,0.08,0.27,29.5
11/23/2025 6:00,varnerrd_to_I10interchange,SB,0.12,0.31,25.8
11/23/2025 7:00,varnerrd_to_I10interchange,SB,0.3,0.5,15.5
11/23/2025 8:00,varnerrd_to_I10interchange,SB,0.35,0.54,14.3
11/23/2025 9:00,varnerrd_to_I10interchange,SB,0.27,0.47,16.6
11/23/2025 10:00,varnerrd_to_I10interchange,SB,0.27,0.47,17.5
11/23/2025 11:00,varnerrd_to_I10interchange,SB,0.27,0.47,16.8
11/23/2025 12:00,varnerrd_to_I10interchange,SB,0.26,0.46,16.7
11/23/2025 13:00,varnerrd_to_I10interchange,SB,0.33,0.53,14.8
11/23/2025 14:00,varnerrd_to_I10interchange,SB,0.34,0.54,15.9
11/23/2025 15:00,varnerrd_to_I10interchange,SB,0.42,0.62,12.6
11/23/2025 16:00,varnerrd_to_I10interchange,SB,0.28,0.48,16.8
11/23/2025 17:00,varnerrd_to_I10interchange,SB,0.41,0.61,12.7
11/23/2025 18:00,varnerrd_to_I10interchange,SB,0.31,0.51,15.2
11/23/2025 19:00,varnerrd_to_I10interchange,SB,0.32,0.52,15.2
11/23/2025 20:00,varnerrd_to_I10interchange,SB,0.32,0.52,15.4
11/23/2025 21:00,varnerrd_to_I10interchange,SB,0.15,0.35,23.2
11/23/2025 22:00,varnerrd_to_I10interchange,SB,0.27,0.47,16.8
11/23/2025 23:00,varnerrd_to_I10interchange,SB,0.1,0.3,27
11/24/2025 0:00,varnerrd_to_I10interchange,SB,0.1,0.29,29.5
11/24/2025 1:00,varnerrd_to_I10interchange,SB,0.04,0.23,33.8
11/24/2025 2:00,varnerrd_to_I10interchange,SB,0.12,0.31,28.8
11/24/2025 3:00,varnerrd_to_I10interchange,SB,0.13,0.33,24.9
11/24/2025 4:00,varnerrd_to_I10interchange,SB,0.03,0.23,33.5
11/24/2025 5:00,varnerrd_to_I10interchange,SB,0.13,0.32,25.6
11/24/2025 6:00,varnerrd_to_I10interchange,SB,0.26,0.46,18.9
11/24/2025 7:00,varnerrd_to_I10interchange,SB,0.34,0.54,14.7
11/24/2025 8:00,varnerrd_to_I10interchange,SB,0.34,0.54,14.5
11/24/2025 9:00,varnerrd_to_I10interchange,SB,0.36,0.56,14.8
11/24/2025 10:00,varnerrd_to_I10interchange,SB,0.33,0.53,14.7
11/24/2025 11:00,varnerrd_to_I10interchange,SB,0.3,0.49,15.9
11/24/2025 12:00,varnerrd_to_I10interchange,SB,0.32,0.52,14.8
11/24/2025 13:00,varnerrd_to_I10interchange,SB,0.33,0.53,14.7
11/24/2025 14:00,varnerrd_to_I10interchange,SB,0.22,0.42,17.9
11/24/2025 15:00,varnerrd_to_I10interchange,SB,0.31,0.51,15.9
11/24/2025 16:00,varnerrd_to_I10interchange,SB,0.29,0.49,16.3
11/24/2025 17:00,varnerrd_to_I10interchange,SB,0.4,0.6,13.4
11/24/2025 18:00,varnerrd_to_I10interchange,SB,0.36,0.56,14.2
11/24/2025 19:00,varnerrd_to_I10interchange,SB,0.31,0.51,15.6
11/24/2025 20:00,varnerrd_to_I10interchange,SB,0.36,0.56,14.1
11/24/2025 21:00,varnerrd_to_I10interchange,SB,0.17,0.37,21.8
11/24/2025 22:00,varnerrd_to_I10interchange,SB,0.2,0.4,21.3
11/24/2025 23:00,varnerrd_to_I10interchange,SB,0.14,0.34,24.2
11/25/2025 0:00,varnerrd_to_I10interchange,SB,0.1,0.29,27.6
11/25/2025 1:00,varnerrd_to_I10interchange,SB,0.09,0.28,29.2
11/25/2025 2:00,varnerrd_to_I10interchange,SB,0.08,0.27,29.7
11/25/2025 3:00,varnerrd_to_I10interchange,SB,0.03,0.21,39.1
11/25/2025 4:00,varnerrd_to_I10interchange,SB,0.19,0.39,20.6
11/25/2025 5:00,varnerrd_to_I10interchange,SB,0.33,0.52,14.5
11/25/2025 6:00,varnerrd_to_I10interchange,SB,0.4,0.6,13.5
11/25/2025 7:00,varnerrd_to_I10interchange,SB,0.32,0.52,15.4
11/25/2025 8:00,varnerrd_to_I10interchange,SB,0.41,0.61,12.9
11/25/2025 9:00,varnerrd_to_I10interchange,SB,0.34,0.54,15.3
11/25/2025 10:00,varnerrd_to_I10interchange,SB,0.35,0.55,13.9
11/25/2025 11:00,varnerrd_to_I10interchange,SB,0.4,0.6,12.9
11/25/2025 12:00,varnerrd_to_I10interchange,SB,0.28,0.48,16.4
11/25/2025 13:00,varnerrd_to_I10interchange,SB,0.34,0.54,14.9
11/25/2025 14:00,varnerrd_to_I10interchange,SB,0.21,0.41,18.8
11/25/2025 15:00,varnerrd_to_I10interchange,SB,0.31,0.51,15.3
11/25/2025 16:00,varnerrd_to_I10interchange,SB,0.28,0.48,16.4
11/25/2025 17:00,varnerrd_to_I10interchange,SB,0.31,0.51,14.9
11/25/2025 18:00,varnerrd_to_I10interchange,SB,0.35,0.55,14.4
11/25/2025 19:00,varnerrd_to_I10interchange,SB,0.26,0.46,17.5
11/25/2025 20:00,varnerrd_to_I10interchange,SB,0.35,0.54,14.8
11/25/2025 21:00,varnerrd_to_I10interchange,SB,0.43,0.63,12.8
11/25/2025 22:00,varnerrd_to_I10interchange,SB,0.31,0.51,15.9
11/25/2025 23:00,varnerrd_to_I10interchange,SB,0.24,0.44,17.7
11/26/2025 0:00,varnerrd_to_I10interchange,SB,0.07,0.26,29.1
11/26/2025 1:00,varnerrd_to_I10interchange,SB,0.04,0.23,32.5
11/26/2025 2:00,varnerrd_to_I10interchange,SB,0.07,0.26,33
11/26/2025 3:00,varnerrd_to_I10interchange,SB,0.03,0.22,37.3
11/26/2025 4:00,varnerrd_to_I10interchange,SB,0.15,0.35,22.2
11/26/2025 5:00,varnerrd_to_I10interchange,SB,0.11,0.31,25.5
11/26/2025 6:00,varnerrd_to_I10interchange,SB,0.26,0.46,16.5
11/26/2025 7:00,varnerrd_to_I10interchange,SB,0.38,0.58,13.9
11/26/2025 8:00,varnerrd_to_I10interchange,SB,0.44,0.64,12.2
11/26/2025 9:00,varnerrd_to_I10interchange,SB,0.29,0.49,16
11/26/2025 10:00,varnerrd_to_I10interchange,SB,0.18,0.38,20.2
11/26/2025 11:00,varnerrd_to_I10interchange,SB,0.26,0.46,17.3
11/26/2025 12:00,varnerrd_to_I10interchange,SB,0.38,0.57,13.5
11/26/2025 13:00,varnerrd_to_I10interchange,SB,0.31,0.5,15.5
11/26/2025 14:00,varnerrd_to_I10interchange,SB,0.3,0.5,15.3
11/26/2025 15:00,varnerrd_to_I10interchange,SB,0.28,0.48,16.2
11/26/2025 16:00,varnerrd_to_I10interchange,SB,0.33,0.53,14.6
11/26/2025 17:00,varnerrd_to_I10interchange,SB,0.28,0.48,16.5
11/26/2025 18:00,varnerrd_to_I10interchange,SB,0.45,0.65,11.8
11/26/2025 19:00,varnerrd_to_I10interchange,SB,0.36,0.56,14.1
11/26/2025 20:00,varnerrd_to_I10interchange,SB,0.42,0.62,13.5
11/26/2025 21:00,varnerrd_to_I10interchange,SB,0.34,0.54,14.7
11/26/2025 22:00,varnerrd_to_I10interchange,SB,0.33,0.53,15.8
11/26/2025 23:00,varnerrd_to_I10interchange,SB,0.19,0.39,19.7
11/27/2025 0:00,varnerrd_to_I10interchange,SB,0.1,0.3,26.9
11/27/2025 1:00,varnerrd_to_I10interchange,SB,0.1,0.29,26.6
11/27/2025 2:00,varnerrd_to_I10interchange,SB,0.09,0.28,28.2
11/27/2025 3:00,varnerrd_to_I10interchange,SB,0.04,0.23,34.1
11/27/2025 4:00,varnerrd_to_I10interchange,SB,0.18,0.37,21.5
11/27/2025 5:00,varnerrd_to_I10interchange,SB,0.08,0.27,28.4
11/27/2025 6:00,varnerrd_to_I10interchange,SB,0.16,0.36,21.6
11/27/2025 7:00,varnerrd_to_I10interchange,SB,0.3,0.5,16.9
11/27/2025 8:00,varnerrd_to_I10interchange,SB,0.26,0.46,17.5
11/27/2025 9:00,varnerrd_to_I10interchange,SB,0.31,0.51,15.5
11/27/2025 10:00,varnerrd_to_I10interchange,SB,0.32,0.52,15.9
11/27/2025 11:00,varnerrd_to_I10interchange,SB,0.33,0.53,15.8
11/27/2025 12:00,varnerrd_to_I10interchange,SB,0.2,0.4,19.2
11/27/2025 13:00,varnerrd_to_I10interchange,SB,0.3,0.5,16.2
11/27/2025 14:00,varnerrd_to_I10interchange,SB,0.42,0.62,13.2
11/27/2025 15:00,varnerrd_to_I10interchange,SB,0.14,0.34,23.6
11/27/2025 16:00,varnerrd_to_I10interchange,SB,0.26,0.46,17
11/27/2025 17:00,varnerrd_to_I10interchange,SB,0.33,0.52,15.7
11/27/2025 18:00,varnerrd_to_I10interchange,SB,0.32,0.52,15.4
11/27/2025 19:00,varnerrd_to_I10interchange,SB,0.31,0.51,16.2
11/27/2025 20:00,varnerrd_to_I10interchange,SB,0.38,0.58,13.3
11/27/2025 21:00,varnerrd_to_I10interchange,SB,0.38,0.58,14.8
11/27/2025 22:00,varnerrd_to_I10interchange,SB,0.28,0.48,16.1
11/27/2025 23:00,varnerrd_to_I10interchange,SB,0.16,0.36,21.4
11/28/2025 0:00,varnerrd_to_I10interchange,SB,0.15,0.34,22.9
11/28/2025 1:00,varnerrd_to_I10interchange,SB,0.09,0.28,27.4
11/28/2025 2:00,varnerrd_to_I10interchange,SB,0.1,0.29,28.7
11/28/2025 3:00,varnerrd_to_I10interchange,SB,0.06,0.25,31
11/28/2025 4:00,varnerrd_to_I10interchange,SB,0.07,0.27,29.6
11/28/2025 5:00,varnerrd_to_I10interchange,SB,0.09,0.29,27
11/28/2025 6:00,varnerrd_to_I10interchange,SB,0.16,0.36,23.1
11/28/2025 7:00,varnerrd_to_I10interchange,SB,0.42,0.62,12.6
11/28/2025 8:00,varnerrd_to_I10interchange,SB,0.31,0.51,15.8
11/28/2025 9:00,varnerrd_to_I10interchange,SB,0.36,0.56,14.6
11/28/2025 10:00,varnerrd_to_I10interchange,SB,0.32,0.51,16.2
11/28/2025 11:00,varnerrd_to_I10interchange,SB,0.3,0.5,15.7
11/28/2025 12:00,varnerrd_to_I10interchange,SB,0.26,0.46,17.3
11/28/2025 13:00,varnerrd_to_I10interchange,SB,0.33,0.53,15.1
11/28/2025 14:00,varnerrd_to_I10interchange,SB,0.29,0.48,16.4
11/28/2025 15:00,varnerrd_to_I10interchange,SB,0.26,0.46,16.9
11/28/2025 16:00,varnerrd_to_I10interchange,SB,0.4,0.6,13
11/28/2025 17:00,varnerrd_to_I10interchange,SB,0.33,0.53,15.1
11/28/2025 18:00,varnerrd_to_I10interchange,SB,0.27,0.47,17.1
11/28/2025 19:00,varnerrd_to_I10interchange,SB,0.43,0.63,13.6
11/28/2025 20:00,varnerrd_to_I10interchange,SB,0.34,0.54,14.6
11/28/2025 21:00,varnerrd_to_I10interchange,SB,0.17,0.37,21
11/28/2025 22:00,varnerrd_to_I10interchange,SB,0.23,0.43,18.3
11/28/2025 23:00,varnerrd_to_I10interchange,SB,0.13,0.33,23.8
11/29/2025 0:00,varnerrd_to_I10interchange,SB,0.09,0.29,26
11/29/2025 1:00,varnerrd_to_I10interchange,SB,0.04,0.23,32.7
11/29/2025 2:00,varnerrd_to_I10interchange,SB,0.01,0.19,39.1
11/29/2025 3:00,varnerrd_to_I10interchange,SB,0.06,0.25,31.8
11/29/2025 4:00,varnerrd_to_I10interchange,SB,0.17,0.37,22.1
11/29/2025 5:00,varnerrd_to_I10interchange,SB,0.13,0.32,24.8
11/29/2025 6:00,varnerrd_to_I10interchange,SB,0.2,0.39,19.7
11/29/2025 7:00,varnerrd_to_I10interchange,SB,0.39,0.59,13.4
11/29/2025 8:00,varnerrd_to_I10interchange,SB,0.27,0.47,16.8
11/29/2025 9:00,varnerrd_to_I10interchange,SB,0.27,0.47,18.2
11/29/2025 10:00,varnerrd_to_I10interchange,SB,0.2,0.4,19.3
11/29/2025 11:00,varnerrd_to_I10interchange,SB,0.24,0.44,18.1
11/29/2025 12:00,varnerrd_to_I10interchange,SB,0.3,0.5,16.8
11/29/2025 13:00,varnerrd_to_I10interchange,SB,0.39,0.59,13.1
11/29/2025 14:00,varnerrd_to_I10interchange,SB,0.39,0.59,13.3
11/29/2025 15:00,varnerrd_to_I10interchange,SB,0.32,0.52,14.7
11/29/2025 16:00,varnerrd_to_I10interchange,SB,0.31,0.51,15.6
11/29/2025 17:00,varnerrd_to_I10interchange,SB,0.43,0.63,12.2
11/29/2025 18:00,varnerrd_to_I10interchange,SB,0.24,0.44,18.7
11/29/2025 19:00,varnerrd_to_I10interchange,SB,0.38,0.58,13.8
11/29/2025 20:00,varnerrd_to_I10interchange,SB,0.23,0.43,18.7
11/29/2025 21:00,varnerrd_to_I10interchange,SB,0.39,0.59,13.2
11/29/2025 22:00,varnerrd_to_I10interchange,SB,0.37,0.57,14
11/29/2025 23:00,varnerrd_to_I10interchange,SB,0.2,0.4,19.4
11/30/2025 0:00,varnerrd_to_I10interchange,SB,0.14,0.34,23.1
11/30/2025 1:00,varnerrd_to_I10interchange,SB,0.09,0.29,26.3
11/30/2025 2:00,varnerrd_to_I10interchange,SB,0.17,0.37,21.5
11/30/2025 3:00,varnerrd_to_I10interchange,SB,0.01,0.2,38.8
11/30/2025 4:00,varnerrd_to_I10interchange,SB,0.02,0.2,37.7
11/30/2025 5:00,varnerrd_to_I10interchange,SB,0.1,0.29,26.7
11/30/2025 6:00,varnerrd_to_I10interchange,SB,0.13,0.33,24.6
11/30/2025 7:00,varnerrd_to_I10interchange,SB,0.31,0.51,14.9
11/30/2025 8:00,varnerrd_to_I10interchange,SB,0.23,0.43,18.6
11/30/2025 9:00,varnerrd_to_I10interchange,SB,0.29,0.49,17.2
11/30/2025 10:00,varnerrd_to_I10interchange,SB,0.24,0.44,18.5
11/30/2025 11:00,varnerrd_to_I10interchange,SB,0.37,0.57,13.8
11/30/2025 12:00,varnerrd_to_I10interchange,SB,0.38,0.58,13.4
11/30/2025 13:00,varnerrd_to_I10interchange,SB,0.36,0.56,14.2
11/30/2025 14:00,varnerrd_to_I10interchange,SB,0.34,0.54,15.2
11/30/2025 15:00,varnerrd_to_I10interchange,SB,0.41,0.61,12.8
11/30/2025 16:00,varnerrd_to_I10interchange,SB,0.25,0.45,18
11/30/2025 17:00,varnerrd_to_I10interchange,SB,0.37,0.57,13.9
11/30/2025 18:00,varnerrd_to_I10interchange,SB,0.26,0.46,17.8
11/30/2025 19:00,varnerrd_to_I10interchange,SB,0.22,0.42,19.1
11/30/2025 20:00,varnerrd_to_I10interchange,SB,0.3,0.49,15.9
11/30/2025 21:00,varnerrd_to_I10interchange,SB,0.21,0.41,19.1
11/30/2025 22:00,varnerrd_to_I10interchange,SB,0.13,0.33,23.4
11/30/2025 23:00,varnerrd_to_I10interchange,SB,0.18,0.38,20
12/1/2025 0:00,varnerrd_to_I10interchange,SB,0.05,0.24,32
12/1/2025 1:00,varnerrd_to_I10interchange,SB,0.02,0.2,38.2
12/1/2025 2:00,varnerrd_to_I10interchange,SB,0.04,0.23,33.3
12/1/2025 3:00,varnerrd_to_I10interchange,SB,0.02,0.21,35.4
12/1/2025 4:00,varnerrd_to_I10interchange,SB,0.07,0.27,28.8
12/1/2025 5:00,varnerrd_to_I10interchange,SB,0.1,0.3,26.2
12/1/2025 6:00,varnerrd_to_I10interchange,SB,0.3,0.5,16.3
12/1/2025 7:00,varnerrd_to_I10interchange,SB,0.33,0.53,14.6
12/1/2025 8:00,varnerrd_to_I10interchange,SB,0.39,0.59,13.5
12/1/2025 9:00,varnerrd_to_I10interchange,SB,0.43,0.63,12.2
12/1/2025 10:00,varnerrd_to_I10interchange,SB,0.32,0.52,16.1
12/1/2025 11:00,varnerrd_to_I10interchange,SB,0.27,0.47,17.7
12/1/2025 12:00,varnerrd_to_I10interchange,SB,0.24,0.44,19.2
12/1/2025 13:00,varnerrd_to_I10interchange,SB,0.3,0.5,15.8
12/1/2025 14:00,varnerrd_to_I10interchange,SB,0.24,0.44,17.8
12/1/2025 15:00,varnerrd_to_I10interchange,SB,0.31,0.51,15.6
12/1/2025 16:00,varnerrd_to_I10interchange,SB,0.36,0.56,13.7
12/1/2025 17:00,varnerrd_to_I10interchange,SB,0.31,0.51,15
12/1/2025 18:00,varnerrd_to_I10interchange,SB,0.31,0.51,15.1
12/1/2025 19:00,varnerrd_to_I10interchange,SB,0.33,0.53,15.1
12/1/2025 20:00,varnerrd_to_I10interchange,SB,0.26,0.46,18.6
12/1/2025 21:00,varnerrd_to_I10interchange,SB,0.15,0.35,22.8
12/1/2025 22:00,varnerrd_to_I10interchange,SB,0.26,0.46,17.9
12/1/2025 23:00,varnerrd_to_I10interchange,SB,0.11,0.3,28.4
12/2/2025 0:00,varnerrd_to_I10interchange,SB,0.09,0.28,28.2
12/2/2025 1:00,varnerrd_to_I10interchange,SB,0.07,0.27,30.5
12/2/2025 2:00,varnerrd_to_I10interchange,SB,0.04,0.23,33.2
12/2/2025 3:00,varnerrd_to_I10interchange,SB,0.04,0.22,34.7
12/2/2025 4:00,varnerrd_to_I10interchange,SB,0.1,0.3,27.1
12/2/2025 5:00,varnerrd_to_I10interchange,SB,0.29,0.48,17.3
12/2/2025 6:00,varnerrd_to_I10interchange,SB,0.31,0.51,16.2
12/2/2025 7:00,varnerrd_to_I10interchange,SB,0.33,0.53,14.9
12/2/2025 8:00,varnerrd_to_I10interchange,SB,0.34,0.54,14.3
12/2/2025 9:00,varnerrd_to_I10interchange,SB,0.31,0.51,15.8
12/2/2025 10:00,varnerrd_to_I10interchange,SB,0.2,0.4,18.9
12/2/2025 11:00,varnerrd_to_I10interchange,SB,0.19,0.39,19.8
12/2/2025 12:00,varnerrd_to_I10interchange,SB,0.23,0.43,17.8
12/2/2025 13:00,varnerrd_to_I10interchange,SB,0.25,0.45,17.5
12/2/2025 14:00,varnerrd_to_I10interchange,SB,0.21,0.41,18.7
12/2/2025 15:00,varnerrd_to_I10interchange,SB,0.22,0.42,18.2
12/2/2025 16:00,varnerrd_to_I10interchange,SB,0.22,0.42,19.2
12/2/2025 17:00,varnerrd_to_I10interchange,SB,0.27,0.46,16.6
12/2/2025 18:00,varnerrd_to_I10interchange,SB,0.2,0.4,19.8
12/2/2025 19:00,varnerrd_to_I10interchange,SB,0.2,0.4,20.8
12/2/2025 20:00,varnerrd_to_I10interchange,SB,0.12,0.31,26.6
12/2/2025 21:00,varnerrd_to_I10interchange,SB,0.13,0.32,24.5
12/2/2025 22:00,varnerrd_to_I10interchange,SB,0.09,0.29,26.6
12/2/2025 23:00,varnerrd_to_I10interchange,SB,0.04,0.22,35.5
12/3/2025 0:00,varnerrd_to_I10interchange,SB,0.04,0.22,36.2
12/3/2025 1:00,varnerrd_to_I10interchange,SB,0,0.18,42.4
12/3/2025 2:00,varnerrd_to_I10interchange,SB,0.01,0.19,39.8
12/3/2025 3:00,varnerrd_to_I10interchange,SB,0,0.18,42.7
12/3/2025 4:00,varnerrd_to_I10interchange,SB,0.06,0.25,31.9
12/3/2025 5:00,varnerrd_to_I10interchange,SB,0.08,0.27,31.1
12/3/2025 6:00,varnerrd_to_I10interchange,SB,0.19,0.39,20.1
12/3/2025 7:00,varnerrd_to_I10interchange,SB,0.23,0.43,17.7
12/3/2025 8:00,varnerrd_to_I10interchange,SB,0.28,0.48,16
12/3/2025 9:00,varnerrd_to_I10interchange,SB,0.22,0.42,18.6
12/3/2025 10:00,varnerrd_to_I10interchange,SB,0.23,0.43,18
12/3/2025 11:00,varnerrd_to_I10interchange,SB,0.26,0.46,17.2
12/3/2025 12:00,varnerrd_to_I10interchange,SB,0.24,0.44,17.8
12/3/2025 13:00,varnerrd_to_I10interchange,SB,0.26,0.46,17.2
12/3/2025 14:00,varnerrd_to_I10interchange,SB,0.26,0.46,16.7
12/3/2025 15:00,varnerrd_to_I10interchange,SB,0.19,0.39,19.7
12/3/2025 16:00,varnerrd_to_I10interchange,SB,0.2,0.4,19.2
12/3/2025 17:00,varnerrd_to_I10interchange,SB,0.2,0.4,19.3
12/3/2025 18:00,varnerrd_to_I10interchange,SB,0.14,0.34,23
12/3/2025 19:00,varnerrd_to_I10interchange,SB,0.15,0.35,22.2
12/3/2025 20:00,varnerrd_to_I10interchange,SB,0.18,0.38,20.7
12/3/2025 21:00,varnerrd_to_I10interchange,SB,0.2,0.4,19.5
12/3/2025 22:00,varnerrd_to_I10interchange,SB,0.13,0.33,23.6
12/3/2025 23:00,varnerrd_to_I10interchange,SB,0.07,0.27,30
12/4/2025 0:00,varnerrd_to_I10interchange,SB,0,0.18,41.9
12/4/2025 1:00,varnerrd_to_I10interchange,SB,0,0.18,40.7
12/4/2025 2:00,varnerrd_to_I10interchange,SB,0,0.19,40.8
12/4/2025 3:00,varnerrd_to_I10interchange,SB,0,0.18,41
12/4/2025 4:00,varnerrd_to_I10interchange,SB,0.05,0.24,33.8
12/4/2025 5:00,varnerrd_to_I10interchange,SB,0.16,0.36,22.8
12/4/2025 6:00,varnerrd_to_I10interchange,SB,0.19,0.39,19.9
12/4/2025 7:00,varnerrd_to_I10interchange,SB,0.32,0.52,16.2
12/4/2025 8:00,varnerrd_to_I10interchange,SB,0.43,0.63,12.7
12/4/2025 9:00,varnerrd_to_I10interchange,SB,0.28,0.48,15.9
12/4/2025 10:00,varnerrd_to_I10interchange,SB,0.2,0.4,19.5
12/4/2025 11:00,varnerrd_to_I10interchange,SB,0.2,0.4,19.4
12/4/2025 12:00,varnerrd_to_I10interchange,SB,0.17,0.37,20.6
12/4/2025 13:00,varnerrd_to_I10interchange,SB,0.19,0.39,19.9
12/4/2025 14:00,varnerrd_to_I10interchange,SB,0.21,0.41,18.9
12/4/2025 15:00,varnerrd_to_I10interchange,SB,0.21,0.41,18.7
12/4/2025 16:00,varnerrd_to_I10interchange,SB,0.23,0.43,18.2
12/4/2025 17:00,varnerrd_to_I10interchange,SB,0.19,0.39,20
12/4/2025 18:00,varnerrd_to_I10interchange,SB,0.2,0.4,19.3
12/4/2025 19:00,varnerrd_to_I10interchange,SB,0.15,0.35,22.4
12/4/2025 20:00,varnerrd_to_I10interchange,SB,0.11,0.31,25
12/4/2025 21:00,varnerrd_to_I10interchange,SB,0.12,0.32,24.6
12/4/2025 22:00,varnerrd_to_I10interchange,SB,0.13,0.33,24.2
12/4/2025 23:00,varnerrd_to_I10interchange,SB,0.09,0.28,27.5
12/5/2025 0:00,varnerrd_to_I10interchange,SB,0.01,0.19,40.4
12/5/2025 1:00,varnerrd_to_I10interchange,SB,0,0.18,41.1
12/5/2025 2:00,varnerrd_to_I10interchange,SB,0,0.17,43.8
12/5/2025 3:00,varnerrd_to_I10interchange,SB,0.01,0.18,41.8
12/5/2025 4:00,varnerrd_to_I10interchange,SB,0.01,0.19,38.7
12/5/2025 5:00,varnerrd_to_I10interchange,SB,0.1,0.3,25.5
12/5/2025 6:00,varnerrd_to_I10interchange,SB,0.18,0.38,20.5
12/5/2025 7:00,varnerrd_to_I10interchange,SB,0.2,0.4,19
12/5/2025 8:00,varnerrd_to_I10interchange,SB,0.27,0.47,16.1
12/5/2025 9:00,varnerrd_to_I10interchange,SB,0.2,0.4,20.9
12/5/2025 10:00,varnerrd_to_I10interchange,SB,0.21,0.41,18.7
12/5/2025 11:00,varnerrd_to_I10interchange,SB,0.27,0.47,16.4
12/5/2025 12:00,varnerrd_to_I10interchange,SB,0.21,0.41,19.4
12/5/2025 13:00,varnerrd_to_I10interchange,SB,0.18,0.37,20.3
12/5/2025 14:00,varnerrd_to_I10interchange,SB,0.21,0.41,18.7
12/5/2025 15:00,varnerrd_to_I10interchange,SB,0.22,0.42,18
12/5/2025 16:00,varnerrd_to_I10interchange,SB,0.23,0.43,17.6
12/5/2025 17:00,varnerrd_to_I10interchange,SB,0.27,0.47,16.8
12/5/2025 18:00,varnerrd_to_I10interchange,SB,0.17,0.37,21.7
12/5/2025 19:00,varnerrd_to_I10interchange,SB,0.17,0.37,21.7
12/5/2025 20:00,varnerrd_to_I10interchange,SB,0.09,0.29,26.6
12/5/2025 21:00,varnerrd_to_I10interchange,SB,0.17,0.37,21.1
12/5/2025 22:00,varnerrd_to_I10interchange,SB,0.18,0.38,20.6
12/5/2025 23:00,varnerrd_to_I10interchange,SB,0.09,0.28,28.5
12/6/2025 0:00,varnerrd_to_I10interchange,SB,0.05,0.24,33.7
12/6/2025 1:00,varnerrd_to_I10interchange,SB,0,0.17,43
12/6/2025 2:00,varnerrd_to_I10interchange,SB,0,0.19,40.5
12/6/2025 3:00,varnerrd_to_I10interchange,SB,0.01,0.18,41
12/6/2025 4:00,varnerrd_to_I10interchange,SB,0.02,0.2,38.2
12/6/2025 5:00,varnerrd_to_I10interchange,SB,0.04,0.23,33
12/6/2025 6:00,varnerrd_to_I10interchange,SB,0.19,0.39,20.9
12/6/2025 7:00,varnerrd_to_I10interchange,SB,0.16,0.36,20.9
12/6/2025 8:00,varnerrd_to_I10interchange,SB,0.23,0.43,18
12/6/2025 9:00,varnerrd_to_I10interchange,SB,0.18,0.38,21.4
12/6/2025 10:00,varnerrd_to_I10interchange,SB,0.21,0.41,18.7
12/6/2025 11:00,varnerrd_to_I10interchange,SB,0.31,0.51,14.8
12/6/2025 12:00,varnerrd_to_I10interchange,SB,0.21,0.41,18.9
12/6/2025 13:00,varnerrd_to_I10interchange,SB,0.24,0.44,17.5
12/6/2025 14:00,varnerrd_to_I10interchange,SB,0.27,0.47,16.3
12/6/2025 15:00,varnerrd_to_I10interchange,SB,0.2,0.4,19.2
12/6/2025 16:00,varnerrd_to_I10interchange,SB,0.29,0.49,15.6
12/6/2025 17:00,varnerrd_to_I10interchange,SB,0.18,0.38,20.7
12/6/2025 18:00,varnerrd_to_I10interchange,SB,0.22,0.42,18.5
12/6/2025 19:00,varnerrd_to_I10interchange,SB,0.2,0.39,20.2
12/6/2025 20:00,varnerrd_to_I10interchange,SB,0.28,0.48,16
12/6/2025 21:00,varnerrd_to_I10interchange,SB,0.21,0.41,19.1
12/6/2025 22:00,varnerrd_to_I10interchange,SB,0.14,0.34,23.7
12/6/2025 23:00,varnerrd_to_I10interchange,SB,0.14,0.34,23.5
12/7/2025 0:00,varnerrd_to_I10interchange,SB,0.07,0.27,29.9
12/7/2025 1:00,varnerrd_to_I10interchange,SB,0.07,0.26,30.7
12/7/2025 2:00,varnerrd_to_I10interchange,SB,0.02,0.21,35.2
12/7/2025 3:00,varnerrd_to_I10interchange,SB,0.02,0.2,38.5
12/7/2025 4:00,varnerrd_to_I10interchange,SB,0.01,0.19,38.7
12/7/2025 5:00,varnerrd_to_I10interchange,SB,0.01,0.19,39.4
12/7/2025 6:00,varnerrd_to_I10interchange,SB,0.09,0.28,29
12/7/2025 7:00,varnerrd_to_I10interchange,SB,0.08,0.28,27.7
12/7/2025 8:00,varnerrd_to_I10interchange,SB,0.18,0.38,21.5
12/7/2025 9:00,varnerrd_to_I10interchange,SB,0.23,0.43,18.6
12/7/2025 10:00,varnerrd_to_I10interchange,SB,0.17,0.37,21.7
12/7/2025 11:00,varnerrd_to_I10interchange,SB,0.22,0.42,18.3
12/7/2025 12:00,varnerrd_to_I10interchange,SB,0.2,0.4,19.2
12/7/2025 13:00,varnerrd_to_I10interchange,SB,0.22,0.42,18.7
12/7/2025 14:00,varnerrd_to_I10interchange,SB,0.17,0.37,21.8
12/7/2025 15:00,varnerrd_to_I10interchange,SB,0.23,0.42,18.5
12/7/2025 16:00,varnerrd_to_I10interchange,SB,0.2,0.4,19.7
12/7/2025 17:00,varnerrd_to_I10interchange,SB,0.25,0.45,17.2
12/7/2025 18:00,varnerrd_to_I10interchange,SB,0.18,0.38,20.6
12/7/2025 19:00,varnerrd_to_I10interchange,SB,0.16,0.36,21.9
12/7/2025 20:00,varnerrd_to_I10interchange,SB,0.19,0.39,19.8
12/7/2025 21:00,varnerrd_to_I10interchange,SB,0.21,0.41,19
12/7/2025 22:00,varnerrd_to_I10interchange,SB,0.08,0.27,29.4
12/7/2025 23:00,varnerrd_to_I10interchange,SB,0.06,0.26,30
12/8/2025 0:00,varnerrd_to_I10interchange,SB,0.02,0.21,36.6
12/8/2025 1:00,varnerrd_to_I10interchange,SB,0.01,0.19,40.8
12/8/2025 2:00,varnerrd_to_I10interchange,SB,0,0.19,40.7
12/8/2025 3:00,varnerrd_to_I10interchange,SB,0,0.18,41.6
12/8/2025 4:00,varnerrd_to_I10interchange,SB,0.04,0.23,34.7
12/8/2025 5:00,varnerrd_to_I10interchange,SB,0.09,0.29,27.1
12/8/2025 6:00,varnerrd_to_I10interchange,SB,0.15,0.35,21.8
12/8/2025 7:00,varnerrd_to_I10interchange,SB,0.29,0.49,15.8
12/8/2025 8:00,varnerrd_to_I10interchange,SB,0.26,0.46,17
12/8/2025 9:00,varnerrd_to_I10interchange,SB,0.16,0.36,21.1
12/8/2025 10:00,varnerrd_to_I10interchange,SB,0.22,0.42,18.7
12/8/2025 11:00,varnerrd_to_I10interchange,SB,0.25,0.45,17.5
12/8/2025 12:00,varnerrd_to_I10interchange,SB,0.22,0.42,18.9
12/8/2025 13:00,varnerrd_to_I10interchange,SB,0.22,0.42,18.3
12/8/2025 14:00,varnerrd_to_I10interchange,SB,0.16,0.36,21.3
12/8/2025 15:00,varnerrd_to_I10interchange,SB,0.25,0.45,17.6
12/8/2025 16:00,varnerrd_to_I10interchange,SB,0.22,0.42,18.4
12/8/2025 17:00,varnerrd_to_I10interchange,SB,0.18,0.38,20.5
12/8/2025 18:00,varnerrd_to_I10interchange,SB,0.17,0.37,20.9
12/8/2025 19:00,varnerrd_to_I10interchange,SB,0.16,0.36,21.8
12/8/2025 20:00,varnerrd_to_I10interchange,SB,0.16,0.35,23.5
12/8/2025 21:00,varnerrd_to_I10interchange,SB,0.12,0.32,24.9
12/8/2025 22:00,varnerrd_to_I10interchange,SB,0.08,0.28,28.1
12/8/2025 23:00,varnerrd_to_I10interchange,SB,0.04,0.24,32.2
12/9/2025 0:00,varnerrd_to_I10interchange,SB,0.01,0.2,36.9
12/9/2025 1:00,varnerrd_to_I10interchange,SB,0.01,0.2,39.5
12/9/2025 2:00,varnerrd_to_I10interchange,SB,0,0.17,43.5
12/9/2025 3:00,varnerrd_to_I10interchange,SB,0.01,0.18,42.2
12/9/2025 4:00,varnerrd_to_I10interchange,SB,0.02,0.21,36
12/9/2025 5:00,varnerrd_to_I10interchange,SB,0.07,0.26,29.6
12/9/2025 6:00,varnerrd_to_I10interchange,SB,0.15,0.35,22.5
12/9/2025 7:00,varnerrd_to_I10interchange,SB,0.24,0.44,17.7
12/9/2025 8:00,varnerrd_to_I10interchange,SB,0.26,0.46,16.6
12/9/2025 9:00,varnerrd_to_I10interchange,SB,0.21,0.41,19
12/9/2025 10:00,varnerrd_to_I10interchange,SB,0.18,0.38,20
12/9/2025 11:00,varnerrd_to_I10interchange,SB,0.17,0.37,20.7
12/9/2025 12:00,varnerrd_to_I10interchange,SB,0.2,0.4,19.4
12/9/2025 13:00,varnerrd_to_I10interchange,SB,0.23,0.43,17.7
12/9/2025 14:00,varnerrd_to_I10interchange,SB,0.25,0.44,17.3
12/9/2025 15:00,varnerrd_to_I10interchange,SB,0.18,0.38,20.2
12/9/2025 16:00,varnerrd_to_I10interchange,SB,0.22,0.42,18.5
12/9/2025 17:00,varnerrd_to_I10interchange,SB,0.19,0.39,19.5
12/9/2025 18:00,varnerrd_to_I10interchange,SB,0.18,0.38,20.2
12/9/2025 19:00,varnerrd_to_I10interchange,SB,0.14,0.34,22.7
12/9/2025 20:00,varnerrd_to_I10interchange,SB,0.09,0.28,28.2
12/9/2025 21:00,varnerrd_to_I10interchange,SB,0.07,0.27,28.2
12/9/2025 22:00,varnerrd_to_I10interchange,SB,0.08,0.27,30
12/9/2025 23:00,varnerrd_to_I10interchange,SB,0.06,0.25,31.8
12/10/2025 0:00,varnerrd_to_I10interchange,SB,0.01,0.19,40.7
12/10/2025 1:00,varnerrd_to_I10interchange,SB,0,0.18,41.5
12/10/2025 2:00,varnerrd_to_I10interchange,SB,0.01,0.19,40
12/10/2025 3:00,varnerrd_to_I10interchange,SB,0,0.18,41
12/10/2025 4:00,varnerrd_to_I10interchange,SB,0.04,0.23,33.5
12/10/2025 5:00,varnerrd_to_I10interchange,SB,0.06,0.25,31.7
12/10/2025 6:00,varnerrd_to_I10interchange,SB,0.2,0.39,19.9
12/10/2025 7:00,varnerrd_to_I10interchange,SB,0.26,0.46,16.9
12/10/2025 8:00,varnerrd_to_I10interchange,SB,0.27,0.47,16.2
12/10/2025 9:00,varnerrd_to_I10interchange,SB,0.26,0.46,17
12/10/2025 10:00,varnerrd_to_I10interchange,SB,0.17,0.37,21.3
12/10/2025 11:00,varnerrd_to_I10interchange,SB,0.17,0.37,21.1
12/10/2025 12:00,varnerrd_to_I10interchange,SB,0.24,0.43,17.5
12/10/2025 13:00,varnerrd_to_I10interchange,SB,0.25,0.45,17.5
12/10/2025 14:00,varnerrd_to_I10interchange,SB,0.23,0.43,17.8
12/10/2025 15:00,varnerrd_to_I10interchange,SB,0.21,0.41,18.6
12/10/2025 16:00,varnerrd_to_I10interchange,SB,0.22,0.41,18.5
12/10/2025 17:00,varnerrd_to_I10interchange,SB,0.22,0.42,19
12/10/2025 18:00,varnerrd_to_I10interchange,SB,0.29,0.49,16
12/10/2025 19:00,varnerrd_to_I10interchange,SB,0.23,0.43,18.2
12/10/2025 20:00,varnerrd_to_I10interchange,SB,0.17,0.36,21.6
12/10/2025 21:00,varnerrd_to_I10interchange,SB,0.21,0.4,18.8
12/10/2025 22:00,varnerrd_to_I10interchange,SB,0.1,0.3,25.6
12/10/2025 23:00,varnerrd_to_I10interchange,SB,0.02,0.21,36.5
12/11/2025 0:00,varnerrd_to_I10interchange,SB,0.04,0.23,34.5
12/11/2025 1:00,varnerrd_to_I10interchange,SB,0,0.17,43.8
12/11/2025 2:00,varnerrd_to_I10interchange,SB,0,0.18,42
12/11/2025 3:00,varnerrd_to_I10interchange,SB,0,0.18,41.7
12/11/2025 4:00,varnerrd_to_I10interchange,SB,0.02,0.21,35.5
12/11/2025 5:00,varnerrd_to_I10interchange,SB,0.04,0.24,31.5
12/11/2025 6:00,varnerrd_to_I10interchange,SB,0.16,0.36,22.1
12/11/2025 7:00,varnerrd_to_I10interchange,SB,0.27,0.47,16.4
12/11/2025 8:00,varnerrd_to_I10interchange,SB,0.19,0.39,19.7
12/11/2025 9:00,varnerrd_to_I10interchange,SB,0.24,0.44,17.5
12/11/2025 10:00,varnerrd_to_I10interchange,SB,0.17,0.37,21.2
12/11/2025 11:00,varnerrd_to_I10interchange,SB,0.19,0.39,20.4
12/11/2025 12:00,varnerrd_to_I10interchange,SB,0.19,0.39,20
12/11/2025 13:00,varnerrd_to_I10interchange,SB,0.19,0.38,20
12/11/2025 14:00,varnerrd_to_I10interchange,SB,0.19,0.39,19.8
12/11/2025 15:00,varnerrd_to_I10interchange,SB,0.18,0.38,20.6
12/11/2025 16:00,varnerrd_to_I10interchange,SB,0.25,0.45,17.3
12/11/2025 17:00,varnerrd_to_I10interchange,SB,0.26,0.46,16.4
12/11/2025 18:00,varnerrd_to_I10interchange,SB,0.19,0.39,20.1
12/11/2025 19:00,varnerrd_to_I10interchange,SB,0.25,0.45,16.9
12/11/2025 20:00,varnerrd_to_I10interchange,SB,0.16,0.36,21.6
12/11/2025 21:00,varnerrd_to_I10interchange,SB,0.13,0.33,24
12/11/2025 22:00,varnerrd_to_I10interchange,SB,0.09,0.29,26.6
12/11/2025 23:00,varnerrd_to_I10interchange,SB,0.02,0.21,36.4
12/12/2025 0:00,varnerrd_to_I10interchange,SB,0.03,0.22,34.9
12/12/2025 1:00,varnerrd_to_I10interchange,SB,0.01,0.19,40.6
12/12/2025 2:00,varnerrd_to_I10interchange,SB,0.01,0.19,40.8
12/12/2025 3:00,varnerrd_to_I10interchange,SB,0.04,0.23,33.2
12/12/2025 4:00,varnerrd_to_I10interchange,SB,0.04,0.23,33.7
12/12/2025 5:00,varnerrd_to_I10interchange,SB,0.06,0.26,30.2
12/12/2025 6:00,varnerrd_to_I10interchange,SB,0.16,0.36,21.8
12/12/2025 7:00,varnerrd_to_I10interchange,SB,0.24,0.43,17.7
12/12/2025 8:00,varnerrd_to_I10interchange,SB,0.27,0.47,16.2
12/12/2025 9:00,varnerrd_to_I10interchange,SB,0.24,0.44,17.8
12/12/2025 10:00,varnerrd_to_I10interchange,SB,0.27,0.47,16.7
12/12/2025 11:00,varnerrd_to_I10interchange,SB,0.27,0.47,16.6
12/12/2025 12:00,varnerrd_to_I10interchange,SB,0.19,0.39,20.1
12/12/2025 13:00,varnerrd_to_I10interchange,SB,0.23,0.43,18.1
12/12/2025 14:00,varnerrd_to_I10interchange,SB,0.24,0.44,17.9
12/12/2025 15:00,varnerrd_to_I10interchange,SB,0.14,0.34,22.3
12/12/2025 16:00,varnerrd_to_I10interchange,SB,0.22,0.42,18.4
12/12/2025 17:00,varnerrd_to_I10interchange,SB,0.2,0.4,19.3
12/12/2025 18:00,varnerrd_to_I10interchange,SB,0.23,0.43,19.3
12/12/2025 19:00,varnerrd_to_I10interchange,SB,0.23,0.43,18.6
12/12/2025 20:00,varnerrd_to_I10interchange,SB,0.14,0.34,24.2
12/12/2025 21:00,varnerrd_to_I10interchange,SB,0.18,0.37,20.6
12/12/2025 22:00,varnerrd_to_I10interchange,SB,0.23,0.42,18.1
12/12/2025 23:00,varnerrd_to_I10interchange,SB,0.16,0.36,21
12/13/2025 0:00,varnerrd_to_I10interchange,SB,0.03,0.22,35.3
12/13/2025 1:00,varnerrd_to_I10interchange,SB,0.03,0.22,34.6
12/13/2025 2:00,varnerrd_to_I10interchange,SB,0,0.18,42.5
12/13/2025 3:00,varnerrd_to_I10interchange,SB,0.01,0.19,39.8
12/13/2025 4:00,varnerrd_to_I10interchange,SB,0.06,0.25,31.7
12/13/2025 5:00,varnerrd_to_I10interchange,SB,0.04,0.23,34.7
12/13/2025 6:00,varnerrd_to_I10interchange,SB,0.21,0.4,19.4
12/13/2025 7:00,varnerrd_to_I10interchange,SB,0.14,0.33,23.7
12/13/2025 8:00,varnerrd_to_I10interchange,SB,0.17,0.36,21
12/13/2025 9:00,varnerrd_to_I10interchange,SB,0.2,0.4,19.5
12/13/2025 10:00,varnerrd_to_I10interchange,SB,0.18,0.38,21.5
12/13/2025 11:00,varnerrd_to_I10interchange,SB,0.24,0.44,18
12/13/2025 12:00,varnerrd_to_I10interchange,SB,0.19,0.39,20.8
12/13/2025 13:00,varnerrd_to_I10interchange,SB,0.2,0.4,19.7
12/13/2025 14:00,varnerrd_to_I10interchange,SB,0.18,0.38,20.1
12/13/2025 15:00,varnerrd_to_I10interchange,SB,0.15,0.35,22.2
12/13/2025 16:00,varnerrd_to_I10interchange,SB,0.22,0.42,18.5
12/13/2025 17:00,varnerrd_to_I10interchange,SB,0.2,0.4,19.9
12/13/2025 18:00,varnerrd_to_I10interchange,SB,0.17,0.37,22.3
12/13/2025 19:00,varnerrd_to_I10interchange,SB,0.26,0.46,16.7
12/13/2025 20:00,varnerrd_to_I10interchange,SB,0.21,0.4,19
12/13/2025 21:00,varnerrd_to_I10interchange,SB,0.19,0.39,20.5
12/13/2025 22:00,varnerrd_to_I10interchange,SB,0.16,0.35,22.5
12/13/2025 23:00,varnerrd_to_I10interchange,SB,0.05,0.25,31.1
12/14/2025 0:00,varnerrd_to_I10interchange,SB,0.01,0.19,39.9
12/14/2025 1:00,varnerrd_to_I10interchange,SB,0.05,0.24,33
12/14/2025 2:00,varnerrd_to_I10interchange,SB,0.01,0.19,39.7
12/14/2025 3:00,varnerrd_to_I10interchange,SB,0,0.18,40.8
12/14/2025 4:00,varnerrd_to_I10interchange,SB,0.01,0.19,39.7
12/14/2025 5:00,varnerrd_to_I10interchange,SB,0.02,0.2,38
12/14/2025 6:00,varnerrd_to_I10interchange,SB,0.05,0.25,31.4
12/14/2025 7:00,varnerrd_to_I10interchange,SB,0.14,0.34,22.8
12/14/2025 8:00,varnerrd_to_I10interchange,SB,0.12,0.31,24.9
12/14/2025 9:00,varnerrd_to_I10interchange,SB,0.17,0.37,21.7
12/14/2025 10:00,varnerrd_to_I10interchange,SB,0.19,0.39,21
12/14/2025 11:00,varnerrd_to_I10interchange,SB,0.23,0.43,18.5
12/14/2025 12:00,varnerrd_to_I10interchange,SB,0.23,0.42,18.2
12/14/2025 13:00,varnerrd_to_I10interchange,SB,0.16,0.36,21.6
12/14/2025 14:00,varnerrd_to_I10interchange,SB,0.22,0.42,18.8
12/14/2025 15:00,varnerrd_to_I10interchange,SB,0.24,0.44,17.7
12/14/2025 16:00,varnerrd_to_I10interchange,SB,0.2,0.4,19.7
12/14/2025 17:00,varnerrd_to_I10interchange,SB,0.2,0.4,19.3
12/14/2025 18:00,varnerrd_to_I10interchange,SB,0.18,0.38,20.7
12/14/2025 19:00,varnerrd_to_I10interchange,SB,0.19,0.39,20
12/14/2025 20:00,varnerrd_to_I10interchange,SB,0.19,0.39,20.1
12/14/2025 21:00,varnerrd_to_I10interchange,SB,0.1,0.29,26.1
12/14/2025 22:00,varnerrd_to_I10interchange,SB,0.08,0.27,28.3
12/14/2025 23:00,varnerrd_to_I10interchange,SB,0.06,0.26,29.1
12/15/2025 0:00,varnerrd_to_I10interchange,SB,0.02,0.22,35.1
12/15/2025 1:00,varnerrd_to_I10interchange,SB,0.01,0.18,41.8
12/15/2025 2:00,varnerrd_to_I10interchange,SB,0,0.18,41.4
12/15/2025 3:00,varnerrd_to_I10interchange,SB,0.01,0.19,39.4
12/15/2025 4:00,varnerrd_to_I10interchange,SB,0.03,0.22,33.8
12/15/2025 5:00,varnerrd_to_I10interchange,SB,0.03,0.21,37.1
12/15/2025 6:00,varnerrd_to_I10interchange,SB,0.2,0.4,20.4
12/15/2025 7:00,varnerrd_to_I10interchange,SB,0.22,0.42,18.4
12/15/2025 8:00,varnerrd_to_I10interchange,SB,0.31,0.51,15.1
12/15/2025 9:00,varnerrd_to_I10interchange,SB,0.28,0.48,16.1
12/15/2025 10:00,varnerrd_to_I10interchange,SB,0.18,0.38,19.9
12/15/2025 11:00,varnerrd_to_I10interchange,SB,0.19,0.39,19.5
12/15/2025 12:00,varnerrd_to_I10interchange,SB,0.2,0.4,19.1
12/15/2025 13:00,varnerrd_to_I10interchange,SB,0.21,0.41,18.9
12/15/2025 14:00,varnerrd_to_I10interchange,SB,0.27,0.47,16
12/15/2025 15:00,varnerrd_to_I10interchange,SB,0.23,0.43,17.9
12/15/2025 16:00,varnerrd_to_I10interchange,SB,0.24,0.44,17.5
12/15/2025 17:00,varnerrd_to_I10interchange,SB,0.3,0.5,15.3
12/15/2025 18:00,varnerrd_to_I10interchange,SB,0.12,0.32,24.3
12/15/2025 19:00,varnerrd_to_I10interchange,SB,0.21,0.41,19.2
12/15/2025 20:00,varnerrd_to_I10interchange,SB,0.12,0.32,24.7
12/15/2025 21:00,varnerrd_to_I10interchange,SB,0.08,0.28,28.6
12/15/2025 22:00,varnerrd_to_I10interchange,SB,0.05,0.24,32
12/15/2025 23:00,varnerrd_to_I10interchange,SB,0.01,0.2,38.4
12/16/2025 0:00,varnerrd_to_I10interchange,SB,0,0.18,41.8
12/16/2025 1:00,varnerrd_to_I10interchange,SB,0,0.17,44
12/16/2025 2:00,varnerrd_to_I10interchange,SB,0,0.18,42.8
12/16/2025 3:00,varnerrd_to_I10interchange,SB,0.01,0.2,38.9
12/16/2025 4:00,varnerrd_to_I10interchange,SB,0.01,0.19,40.3
12/16/2025 5:00,varnerrd_to_I10interchange,SB,0.05,0.24,32.8
12/16/2025 6:00,varnerrd_to_I10interchange,SB,0.14,0.34,23.6
12/16/2025 7:00,varnerrd_to_I10interchange,SB,0.22,0.42,18.6
12/16/2025 8:00,varnerrd_to_I10interchange,SB,0.33,0.53,15.1
12/16/2025 9:00,varnerrd_to_I10interchange,SB,0.21,0.41,18.5
12/16/2025 10:00,varnerrd_to_I10interchange,SB,0.24,0.44,18.7
12/16/2025 11:00,varnerrd_to_I10interchange,SB,0.19,0.39,19.7
12/16/2025 12:00,varnerrd_to_I10interchange,SB,0.19,0.39,19.5
12/16/2025 13:00,varnerrd_to_I10interchange,SB,0.03,0.2,39.9
12/16/2025 14:00,varnerrd_to_I10interchange,SB,0,0.17,45
12/16/2025 15:00,varnerrd_to_I10interchange,SB,0.18,0.37,25.2
12/16/2025 16:00,varnerrd_to_I10interchange,SB,0.24,0.44,17.5
12/16/2025 17:00,varnerrd_to_I10interchange,SB,0.2,0.4,19.6
12/16/2025 18:00,varnerrd_to_I10interchange,SB,0.2,0.4,19.3
12/16/2025 19:00,varnerrd_to_I10interchange,SB,0.17,0.37,21.2
12/16/2025 20:00,varnerrd_to_I10interchange,SB,0.17,0.37,21.6
12/16/2025 21:00,varnerrd_to_I10interchange,SB,0.19,0.38,20.6
12/16/2025 22:00,varnerrd_to_I10interchange,SB,0.06,0.26,29.6
12/16/2025 23:00,varnerrd_to_I10interchange,SB,0.06,0.25,32
12/17/2025 0:00,varnerrd_to_I10interchange,SB,0,0.17,43.5
12/17/2025 1:00,varnerrd_to_I10interchange,SB,0,0.18,42.6
12/17/2025 2:00,varnerrd_to_I10interchange,SB,0,0.18,41.4
12/17/2025 3:00,varnerrd_to_I10interchange,SB,0,0.18,42
12/17/2025 4:00,varnerrd_to_I10interchange,SB,0.01,0.21,36.1
12/17/2025 5:00,varnerrd_to_I10interchange,SB,0.06,0.25,31.4
12/17/2025 6:00,varnerrd_to_I10interchange,SB,0.17,0.37,21.3
12/17/2025 7:00,varnerrd_to_I10interchange,SB,0.17,0.37,21
12/17/2025 8:00,varnerrd_to_I10interchange,SB,0.27,0.47,16.8
12/17/2025 9:00,varnerrd_to_I10interchange,SB,0.22,0.42,18.2
12/17/2025 10:00,varnerrd_to_I10interchange,SB,0.22,0.42,18.1
12/17/2025 11:00,varnerrd_to_I10interchange,SB,0.23,0.43,17.6
12/17/2025 12:00,varnerrd_to_I10interchange,SB,0.25,0.45,16.9
12/17/2025 13:00,varnerrd_to_I10interchange,SB,0.22,0.42,18.5
12/17/2025 14:00,varnerrd_to_I10interchange,SB,0.2,0.4,19
12/17/2025 15:00,varnerrd_to_I10interchange,SB,0.25,0.45,17.3
12/17/2025 16:00,varnerrd_to_I10interchange,SB,0.26,0.46,16.5
12/17/2025 17:00,varnerrd_to_I10interchange,SB,0.23,0.43,17.9
12/17/2025 18:00,varnerrd_to_I10interchange,SB,0.23,0.43,18.2
12/17/2025 19:00,varnerrd_to_I10interchange,SB,0.2,0.4,19.5
12/17/2025 20:00,varnerrd_to_I10interchange,SB,0.19,0.39,20.1
12/17/2025 21:00,varnerrd_to_I10interchange,SB,0.19,0.39,19.9
12/17/2025 22:00,varnerrd_to_I10interchange,SB,0.2,0.4,19.4
12/17/2025 23:00,varnerrd_to_I10interchange,SB,0.06,0.26,29.8
12/18/2025 0:00,varnerrd_to_I10interchange,SB,0.01,0.19,40.5
12/18/2025 1:00,varnerrd_to_I10interchange,SB,0,0.19,40.4
12/18/2025 2:00,varnerrd_to_I10interchange,SB,0.01,0.19,40.1
12/18/2025 3:00,varnerrd_to_I10interchange,SB,0,0.18,41.1
12/18/2025 4:00,varnerrd_to_I10interchange,SB,0.04,0.23,34.2
12/18/2025 5:00,varnerrd_to_I10interchange,SB,0.05,0.25,30.9
12/18/2025 6:00,varnerrd_to_I10interchange,SB,0.19,0.39,21
12/18/2025 7:00,varnerrd_to_I10interchange,SB,0.19,0.39,20
12/18/2025 8:00,varnerrd_to_I10interchange,SB,0.24,0.44,17.9
12/18/2025 9:00,varnerrd_to_I10interchange,SB,0.23,0.43,17.9
12/18/2025 10:00,varnerrd_to_I10interchange,SB,0.22,0.42,18.3
12/18/2025 11:00,varnerrd_to_I10interchange,SB,0.18,0.38,20
12/18/2025 12:00,varnerrd_to_I10interchange,SB,0.28,0.48,16.4
12/18/2025 13:00,varnerrd_to_I10interchange,SB,0.21,0.41,18.4
12/18/2025 14:00,varnerrd_to_I10interchange,SB,0.22,0.42,18.6
12/18/2025 15:00,varnerrd_to_I10interchange,SB,0.19,0.39,19.9
12/18/2025 16:00,varnerrd_to_I10interchange,SB,0.22,0.42,19.1
12/18/2025 17:00,varnerrd_to_I10interchange,SB,0.26,0.46,16.5
12/18/2025 18:00,varnerrd_to_I10interchange,SB,0.24,0.44,18.1
12/18/2025 19:00,varnerrd_to_I10interchange,SB,0.22,0.42,18.6
12/18/2025 20:00,varnerrd_to_I10interchange,SB,0.17,0.37,21
12/18/2025 21:00,varnerrd_to_I10interchange,SB,0.15,0.35,23
12/18/2025 22:00,varnerrd_to_I10interchange,SB,0.1,0.3,26.9
12/18/2025 23:00,varnerrd_to_I10interchange,SB,0.1,0.3,26.3
12/19/2025 0:00,varnerrd_to_I10interchange,SB,0.02,0.2,37.7
12/19/2025 1:00,varnerrd_to_I10interchange,SB,0.01,0.2,38.5
12/19/2025 2:00,varnerrd_to_I10interchange,SB,0.01,0.19,41.4
12/19/2025 3:00,varnerrd_to_I10interchange,SB,0.01,0.19,39.4
12/19/2025 4:00,varnerrd_to_I10interchange,SB,0.05,0.24,32
12/19/2025 5:00,varnerrd_to_I10interchange,SB,0.06,0.25,34.1
12/19/2025 6:00,varnerrd_to_I10interchange,SB,0.26,0.46,16.9
12/19/2025 7:00,varnerrd_to_I10interchange,SB,0.23,0.43,17.7
12/19/2025 8:00,varnerrd_to_I10interchange,SB,0.23,0.43,17.8
12/19/2025 9:00,varnerrd_to_I10interchange,SB,0.22,0.42,18.5
12/19/2025 10:00,varnerrd_to_I10interchange,SB,0.21,0.41,18.7
12/19/2025 11:00,varnerrd_to_I10interchange,SB,0.2,0.4,19.4
12/19/2025 12:00,varnerrd_to_I10interchange,SB,0.26,0.46,16.4
12/19/2025 13:00,varnerrd_to_I10interchange,SB,0.25,0.45,16.9
12/19/2025 14:00,varnerrd_to_I10interchange,SB,0.21,0.41,18.6
12/19/2025 15:00,varnerrd_to_I10interchange,SB,0.21,0.41,19.1
12/19/2025 16:00,varnerrd_to_I10interchange,SB,0.25,0.45,16.9
12/19/2025 17:00,varnerrd_to_I10interchange,SB,0.21,0.41,19.3
12/19/2025 18:00,varnerrd_to_I10interchange,SB,0.16,0.36,21.8
12/19/2025 19:00,varnerrd_to_I10interchange,SB,0.15,0.35,22
12/19/2025 20:00,varnerrd_to_I10interchange,SB,0.19,0.39,20.5
12/19/2025 21:00,varnerrd_to_I10interchange,SB,0.24,0.44,17.8
12/19/2025 22:00,varnerrd_to_I10interchange,SB,0.24,0.44,17.5
12/19/2025 23:00,varnerrd_to_I10interchange,SB,0.13,0.32,25
12/20/2025 0:00,varnerrd_to_I10interchange,SB,0.06,0.25,31.3
12/20/2025 1:00,varnerrd_to_I10interchange,SB,0.08,0.27,30.8
12/20/2025 2:00,varnerrd_to_I10interchange,SB,0.03,0.22,36.7
12/20/2025 3:00,varnerrd_to_I10interchange,SB,0.06,0.25,30.4
12/20/2025 4:00,varnerrd_to_I10interchange,SB,0.05,0.25,31.1
12/20/2025 5:00,varnerrd_to_I10interchange,SB,0.03,0.22,34.7
12/20/2025 6:00,varnerrd_to_I10interchange,SB,0.12,0.31,25.9
12/20/2025 7:00,varnerrd_to_I10interchange,SB,0.22,0.42,18.2
12/20/2025 8:00,varnerrd_to_I10interchange,SB,0.23,0.43,17.8
12/20/2025 9:00,varnerrd_to_I10interchange,SB,0.18,0.38,20.5
12/20/2025 10:00,varnerrd_to_I10interchange,SB,0.26,0.46,16.4
12/20/2025 11:00,varnerrd_to_I10interchange,SB,0.18,0.38,20.4
12/20/2025 12:00,varnerrd_to_I10interchange,SB,0.2,0.4,19.3
12/20/2025 13:00,varnerrd_to_I10interchange,SB,0.21,0.41,19.3
12/20/2025 14:00,varnerrd_to_I10interchange,SB,0.19,0.39,20.1
12/20/2025 15:00,varnerrd_to_I10interchange,SB,0.22,0.41,18.2
12/20/2025 16:00,varnerrd_to_I10interchange,SB,0.19,0.39,20
12/20/2025 17:00,varnerrd_to_I10interchange,SB,0.2,0.4,18.8
12/20/2025 18:00,varnerrd_to_I10interchange,SB,0.24,0.44,19.2
12/20/2025 19:00,varnerrd_to_I10interchange,SB,0.24,0.44,17.7
12/20/2025 20:00,varnerrd_to_I10interchange,SB,0.22,0.42,18.5
12/20/2025 21:00,varnerrd_to_I10interchange,SB,0.19,0.39,19.8
12/20/2025 22:00,varnerrd_to_I10interchange,SB,0.14,0.34,22.7
12/20/2025 23:00,varnerrd_to_I10interchange,SB,0.04,0.24,32.5
12/21/2025 0:00,varnerrd_to_I10interchange,SB,0.08,0.27,30.4
12/21/2025 1:00,varnerrd_to_I10interchange,SB,0.06,0.26,30.8
12/21/2025 2:00,varnerrd_to_I10interchange,SB,0.02,0.2,39.9
12/21/2025 3:00,varnerrd_to_I10interchange,SB,0,0.18,41.8
12/21/2025 4:00,varnerrd_to_I10interchange,SB,0.02,0.21,36.5
12/21/2025 5:00,varnerrd_to_I10interchange,SB,0.02,0.2,38
12/21/2025 6:00,varnerrd_to_I10interchange,SB,0.07,0.27,28.4
12/21/2025 7:00,varnerrd_to_I10interchange,SB,0.14,0.34,23.7
12/21/2025 8:00,varnerrd_to_I10interchange,SB,0.14,0.34,23.1
12/21/2025 9:00,varnerrd_to_I10interchange,SB,0.26,0.46,17.4
12/21/2025 10:00,varnerrd_to_I10interchange,SB,0.2,0.4,19.5
12/21/2025 11:00,varnerrd_to_I10interchange,SB,0.16,0.36,22.1
12/21/2025 12:00,varnerrd_to_I10interchange,SB,0.21,0.41,18.9
12/21/2025 13:00,varnerrd_to_I10interchange,SB,0.22,0.42,18.8
12/21/2025 14:00,varnerrd_to_I10interchange,SB,0.23,0.43,17.8
12/21/2025 15:00,varnerrd_to_I10interchange,SB,0.26,0.46,16.8
12/21/2025 16:00,varnerrd_to_I10interchange,SB,0.21,0.41,18.8
12/21/2025 17:00,varnerrd_to_I10interchange,SB,0.25,0.45,17.2
12/21/2025 18:00,varnerrd_to_I10interchange,SB,0.16,0.36,21.5
12/21/2025 19:00,varnerrd_to_I10interchange,SB,0.2,0.4,19.7
12/21/2025 20:00,varnerrd_to_I10interchange,SB,0.21,0.41,19
12/21/2025 21:00,varnerrd_to_I10interchange,SB,0.16,0.36,22.7
12/21/2025 22:00,varnerrd_to_I10interchange,SB,0.12,0.32,26
12/21/2025 23:00,varnerrd_to_I10interchange,SB,0.02,0.21,37.3
12/22/2025 0:00,varnerrd_to_I10interchange,SB,0.02,0.21,36.6
12/22/2025 1:00,varnerrd_to_I10interchange,SB,0.05,0.24,31.3
12/22/2025 2:00,varnerrd_to_I10interchange,SB,0.01,0.2,38.3
12/22/2025 3:00,varnerrd_to_I10interchange,SB,0.02,0.21,36
12/22/2025 4:00,varnerrd_to_I10interchange,SB,0.05,0.24,32.5
12/22/2025 5:00,varnerrd_to_I10interchange,SB,0.06,0.26,31.2
12/22/2025 6:00,varnerrd_to_I10interchange,SB,0.13,0.33,24.2
12/22/2025 7:00,varnerrd_to_I10interchange,SB,0.22,0.42,18.9
12/22/2025 8:00,varnerrd_to_I10interchange,SB,0.16,0.36,21.3
12/22/2025 9:00,varnerrd_to_I10interchange,SB,0.23,0.43,17.6
12/22/2025 10:00,varnerrd_to_I10interchange,SB,0.21,0.41,19.3
12/22/2025 11:00,varnerrd_to_I10interchange,SB,0.2,0.4,19.4
12/22/2025 12:00,varnerrd_to_I10interchange,SB,0.2,0.4,19
12/22/2025 13:00,varnerrd_to_I10interchange,SB,0.18,0.38,20.5
12/22/2025 14:00,varnerrd_to_I10interchange,SB,0.19,0.39,19.7
12/22/2025 15:00,varnerrd_to_I10interchange,SB,0.21,0.41,19
12/22/2025 16:00,varnerrd_to_I10interchange,SB,0.2,0.4,19.3
12/22/2025 17:00,varnerrd_to_I10interchange,SB,0.22,0.41,18.4
12/22/2025 18:00,varnerrd_to_I10interchange,SB,0.23,0.43,17.9
12/22/2025 19:00,varnerrd_to_I10interchange,SB,0.14,0.34,22.9
12/22/2025 20:00,varnerrd_to_I10interchange,SB,0.16,0.36,22.2
12/22/2025 21:00,varnerrd_to_I10interchange,SB,0.09,0.29,27
12/22/2025 22:00,varnerrd_to_I10interchange,SB,0.12,0.31,25.1
12/22/2025 23:00,varnerrd_to_I10interchange,SB,0.05,0.24,31.9
12/23/2025 0:00,varnerrd_to_I10interchange,SB,0.05,0.25,30.6
12/23/2025 1:00,varnerrd_to_I10interchange,SB,0.01,0.2,38
12/23/2025 2:00,varnerrd_to_I10interchange,SB,0,0.18,41.2
12/23/2025 3:00,varnerrd_to_I10interchange,SB,0,0.18,41.8
12/23/2025 4:00,varnerrd_to_I10interchange,SB,0.01,0.2,37.3
12/23/2025 5:00,varnerrd_to_I10interchange,SB,0.08,0.27,28.8
12/23/2025 6:00,varnerrd_to_I10interchange,SB,0.12,0.32,24.3
12/23/2025 7:00,varnerrd_to_I10interchange,SB,0.23,0.42,18.2
12/23/2025 8:00,varnerrd_to_I10interchange,SB,0.25,0.45,17.1
12/23/2025 9:00,varnerrd_to_I10interchange,SB,0.25,0.45,17.6
12/23/2025 10:00,varnerrd_to_I10interchange,SB,0.22,0.42,18.2
12/23/2025 11:00,varnerrd_to_I10interchange,SB,0.21,0.41,18.6
12/23/2025 12:00,varnerrd_to_I10interchange,SB,0.19,0.39,19.6
12/23/2025 13:00,varnerrd_to_I10interchange,SB,0.25,0.45,17
12/23/2025 14:00,varnerrd_to_I10interchange,SB,0.22,0.42,18.6
12/23/2025 15:00,varnerrd_to_I10interchange,SB,0.24,0.44,17.6
12/23/2025 16:00,varnerrd_to_I10interchange,SB,0.24,0.44,17.7
12/23/2025 17:00,varnerrd_to_I10interchange,SB,0.28,0.48,16.6
12/23/2025 18:00,varnerrd_to_I10interchange,SB,0.18,0.38,21
12/23/2025 19:00,varnerrd_to_I10interchange,SB,0.19,0.38,20.6
12/23/2025 20:00,varnerrd_to_I10interchange,SB,0.17,0.37,20.3
12/23/2025 21:00,varnerrd_to_I10interchange,SB,0.15,0.35,22.6
12/23/2025 22:00,varnerrd_to_I10interchange,SB,0.17,0.36,21.2
12/23/2025 23:00,varnerrd_to_I10interchange,SB,0.09,0.29,26.8
12/24/2025 0:00,varnerrd_to_I10interchange,SB,0.06,0.24,33
12/24/2025 1:00,varnerrd_to_I10interchange,SB,0.02,0.2,39.5
12/24/2025 2:00,varnerrd_to_I10interchange,SB,0,0.18,41.9
12/24/2025 3:00,varnerrd_to_I10interchange,SB,0.02,0.21,37.1
12/24/2025 4:00,varnerrd_to_I10interchange,SB,0.03,0.22,35.3
12/24/2025 5:00,varnerrd_to_I10interchange,SB,0.08,0.28,27.4
12/24/2025 6:00,varnerrd_to_I10interchange,SB,0.16,0.35,22.9
12/24/2025 7:00,varnerrd_to_I10interchange,SB,0.19,0.39,19.6
12/24/2025 8:00,varnerrd_to_I10interchange,SB,0.2,0.4,19.4
12/24/2025 9:00,varnerrd_to_I10interchange,SB,0.25,0.45,16.7
12/24/2025 10:00,varnerrd_to_I10interchange,SB,0.22,0.42,18.4
12/24/2025 11:00,varnerrd_to_I10interchange,SB,0.21,0.41,19.3
12/24/2025 12:00,varnerrd_to_I10interchange,SB,0.22,0.42,18.1
12/24/2025 13:00,varnerrd_to_I10interchange,SB,0.2,0.4,19.5
12/24/2025 14:00,varnerrd_to_I10interchange,SB,0.28,0.48,16.4
12/24/2025 15:00,varnerrd_to_I10interchange,SB,0.18,0.38,20.2
12/24/2025 16:00,varnerrd_to_I10interchange,SB,0.24,0.44,18
12/24/2025 17:00,varnerrd_to_I10interchange,SB,0.19,0.39,19.5
12/24/2025 18:00,varnerrd_to_I10interchange,SB,0.18,0.38,20.8
12/24/2025 19:00,varnerrd_to_I10interchange,SB,0.17,0.37,23
12/24/2025 20:00,varnerrd_to_I10interchange,SB,0.21,0.4,20
12/24/2025 21:00,varnerrd_to_I10interchange,SB,0.11,0.31,24.6
12/24/2025 22:00,varnerrd_to_I10interchange,SB,0.05,0.24,32.7
12/24/2025 23:00,varnerrd_to_I10interchange,SB,0.1,0.3,25.9
12/25/2025 0:00,varnerrd_to_I10interchange,SB,0.06,0.25,30.8
12/25/2025 1:00,varnerrd_to_I10interchange,SB,0.03,0.22,34.1
12/25/2025 2:00,varnerrd_to_I10interchange,SB,0.03,0.2,38.6
12/25/2025 3:00,varnerrd_to_I10interchange,SB,0,0.18,42.2
12/25/2025 4:00,varnerrd_to_I10interchange,SB,0,0.17,43.8
12/25/2025 5:00,varnerrd_to_I10interchange,SB,0,0.18,41.4
12/25/2025 6:00,varnerrd_to_I10interchange,SB,0.1,0.28,29.8
12/25/2025 7:00,varnerrd_to_I10interchange,SB,0.02,0.21,36.3
12/25/2025 8:00,varnerrd_to_I10interchange,SB,0.14,0.34,23.8
12/25/2025 9:00,varnerrd_to_I10interchange,SB,0.15,0.35,22.8
12/25/2025 10:00,varnerrd_to_I10interchange,SB,0.16,0.36,21.5
12/25/2025 11:00,varnerrd_to_I10interchange,SB,0.22,0.42,18.2
12/25/2025 12:00,varnerrd_to_I10interchange,SB,0.21,0.41,19.4
12/25/2025 13:00,varnerrd_to_I10interchange,SB,0.14,0.34,23.7
12/25/2025 14:00,varnerrd_to_I10interchange,SB,0.17,0.37,21.4
12/25/2025 15:00,varnerrd_to_I10interchange,SB,0.23,0.43,18.4
12/25/2025 16:00,varnerrd_to_I10interchange,SB,0.18,0.38,20.7
12/25/2025 17:00,varnerrd_to_I10interchange,SB,0.1,0.3,26.4
12/25/2025 18:00,varnerrd_to_I10interchange,SB,0.18,0.38,20.5
12/25/2025 19:00,varnerrd_to_I10interchange,SB,0.2,0.4,19.3
12/25/2025 20:00,varnerrd_to_I10interchange,SB,0.16,0.36,22.7
12/25/2025 21:00,varnerrd_to_I10interchange,SB,0.17,0.37,21
12/25/2025 22:00,varnerrd_to_I10interchange,SB,0.06,0.26,29.5
12/25/2025 23:00,varnerrd_to_I10interchange,SB,0.08,0.28,28.4
12/26/2025 0:00,varnerrd_to_I10interchange,SB,0.03,0.21,37.5
12/26/2025 1:00,varnerrd_to_I10interchange,SB,0.02,0.2,38.1
12/26/2025 2:00,varnerrd_to_I10interchange,SB,0.01,0.19,40.5
12/26/2025 3:00,varnerrd_to_I10interchange,SB,0,0.18,42.3
12/26/2025 4:00,varnerrd_to_I10interchange,SB,0,0.18,42.2
12/26/2025 5:00,varnerrd_to_I10interchange,SB,0.03,0.23,33.2
12/26/2025 6:00,varnerrd_to_I10interchange,SB,0.09,0.29,27.5
12/26/2025 7:00,varnerrd_to_I10interchange,SB,0.19,0.39,20
12/26/2025 8:00,varnerrd_to_I10interchange,SB,0.18,0.38,21.1
12/26/2025 9:00,varnerrd_to_I10interchange,SB,0.23,0.42,18.1
12/26/2025 10:00,varnerrd_to_I10interchange,SB,0.21,0.41,19.2
12/26/2025 11:00,varnerrd_to_I10interchange,SB,0.22,0.42,18.6
12/26/2025 12:00,varnerrd_to_I10interchange,SB,0.26,0.46,16.7
12/26/2025 13:00,varnerrd_to_I10interchange,SB,0.26,0.46,16.4
12/26/2025 14:00,varnerrd_to_I10interchange,SB,0.28,0.48,15.8
12/26/2025 15:00,varnerrd_to_I10interchange,SB,0.24,0.44,18.2
12/26/2025 16:00,varnerrd_to_I10interchange,SB,0.3,0.5,15.3
12/26/2025 17:00,varnerrd_to_I10interchange,SB,0.24,0.44,17.2
12/26/2025 18:00,varnerrd_to_I10interchange,SB,0.2,0.4,19.2
12/26/2025 19:00,varnerrd_to_I10interchange,SB,0.21,0.41,18.9
12/26/2025 20:00,varnerrd_to_I10interchange,SB,0.21,0.41,19.2
12/26/2025 21:00,varnerrd_to_I10interchange,SB,0.21,0.41,19.1
12/26/2025 22:00,varnerrd_to_I10interchange,SB,0.15,0.34,24.7
12/26/2025 23:00,varnerrd_to_I10interchange,SB,0.09,0.29,28.8
12/27/2025 0:00,varnerrd_to_I10interchange,SB,0.05,0.24,33.2
12/27/2025 1:00,varnerrd_to_I10interchange,SB,0.03,0.22,35.2
12/27/2025 2:00,varnerrd_to_I10interchange,SB,0,0.18,42.3
12/27/2025 3:00,varnerrd_to_I10interchange,SB,0.01,0.19,40
12/27/2025 4:00,varnerrd_to_I10interchange,SB,0.01,0.19,40.2
12/27/2025 5:00,varnerrd_to_I10interchange,SB,0.01,0.19,40.6
12/27/2025 6:00,varnerrd_to_I10interchange,SB,0.03,0.22,34.3
12/27/2025 7:00,varnerrd_to_I10interchange,SB,0.2,0.4,19.7
12/27/2025 8:00,varnerrd_to_I10interchange,SB,0.18,0.38,20.3
12/27/2025 9:00,varnerrd_to_I10interchange,SB,0.17,0.37,21.7
12/27/2025 10:00,varnerrd_to_I10interchange,SB,0.17,0.37,21
12/27/2025 11:00,varnerrd_to_I10interchange,SB,0.2,0.39,19.8
12/27/2025 12:00,varnerrd_to_I10interchange,SB,0.22,0.42,18.7
12/27/2025 13:00,varnerrd_to_I10interchange,SB,0.27,0.47,16
12/27/2025 14:00,varnerrd_to_I10interchange,SB,0.26,0.46,17
12/27/2025 15:00,varnerrd_to_I10interchange,SB,0.25,0.45,17.1
12/27/2025 16:00,varnerrd_to_I10interchange,SB,0.16,0.36,21.5
12/27/2025 17:00,varnerrd_to_I10interchange,SB,0.2,0.4,19.3
12/27/2025 18:00,varnerrd_to_I10interchange,SB,0.22,0.42,18.6
12/27/2025 19:00,varnerrd_to_I10interchange,SB,0.17,0.37,21.1
12/27/2025 20:00,varnerrd_to_I10interchange,SB,0.24,0.44,17.6
12/27/2025 21:00,varnerrd_to_I10interchange,SB,0.25,0.45,17.3
12/27/2025 22:00,varnerrd_to_I10interchange,SB,0.12,0.31,25.1
12/27/2025 23:00,varnerrd_to_I10interchange,SB,0.17,0.36,21.6
12/28/2025 0:00,varnerrd_to_I10interchange,SB,0.08,0.27,29.6
12/28/2025 1:00,varnerrd_to_I10interchange,SB,0.03,0.22,35.8
12/28/2025 2:00,varnerrd_to_I10interchange,SB,0.03,0.22,35.3
12/28/2025 3:00,varnerrd_to_I10interchange,SB,0.01,0.19,39.5
12/28/2025 4:00,varnerrd_to_I10interchange,SB,0,0.18,42
12/28/2025 5:00,varnerrd_to_I10interchange,SB,0.02,0.21,36.3
12/28/2025 6:00,varnerrd_to_I10interchange,SB,0.09,0.28,30.1
12/28/2025 7:00,varnerrd_to_I10interchange,SB,0.12,0.32,24.3
12/28/2025 8:00,varnerrd_to_I10interchange,SB,0.16,0.36,21.2
12/28/2025 9:00,varnerrd_to_I10interchange,SB,0.17,0.37,21.4
12/28/2025 10:00,varnerrd_to_I10interchange,SB,0.21,0.41,18.6
12/28/2025 11:00,varnerrd_to_I10interchange,SB,0.18,0.38,20.2
12/28/2025 12:00,varnerrd_to_I10interchange,SB,0.2,0.4,19.3
12/28/2025 13:00,varnerrd_to_I10interchange,SB,0.28,0.48,16.3
12/28/2025 14:00,varnerrd_to_I10interchange,SB,0.21,0.4,19.4
12/28/2025 15:00,varnerrd_to_I10interchange,SB,0.27,0.47,16.8
12/28/2025 16:00,varnerrd_to_I10interchange,SB,0.24,0.44,17.9
12/28/2025 17:00,varnerrd_to_I10interchange,SB,0.25,0.45,17.1
12/28/2025 18:00,varnerrd_to_I10interchange,SB,0.27,0.47,16.6
12/28/2025 19:00,varnerrd_to_I10interchange,SB,0.13,0.33,23.4
12/28/2025 20:00,varnerrd_to_I10interchange,SB,0.07,0.27,28.6
12/28/2025 21:00,varnerrd_to_I10interchange,SB,0.13,0.32,23.7
12/28/2025 22:00,varnerrd_to_I10interchange,SB,0.15,0.35,22.3
12/28/2025 23:00,varnerrd_to_I10interchange,SB,0.09,0.29,27.3
12/29/2025 0:00,varnerrd_to_I10interchange,SB,0.05,0.24,32
12/29/2025 1:00,varnerrd_to_I10interchange,SB,0.01,0.18,41.3
12/29/2025 2:00,varnerrd_to_I10interchange,SB,0.03,0.21,36.4
12/29/2025 3:00,varnerrd_to_I10interchange,SB,0,0.19,39.7
12/29/2025 4:00,varnerrd_to_I10interchange,SB,0.09,0.29,27.3
12/29/2025 5:00,varnerrd_to_I10interchange,SB,0.1,0.29,27.9
12/29/2025 6:00,varnerrd_to_I10interchange,SB,0.17,0.37,20.5
12/29/2025 7:00,varnerrd_to_I10interchange,SB,0.18,0.38,20.3
12/29/2025 8:00,varnerrd_to_I10interchange,SB,0.27,0.47,16.2
12/29/2025 9:00,varnerrd_to_I10interchange,SB,0.18,0.38,20.3
12/29/2025 10:00,varnerrd_to_I10interchange,SB,0.21,0.4,18.9
12/29/2025 11:00,varnerrd_to_I10interchange,SB,0.2,0.4,19
12/29/2025 12:00,varnerrd_to_I10interchange,SB,0.2,0.4,19.1
12/29/2025 13:00,varnerrd_to_I10interchange,SB,0.24,0.44,17.7
12/29/2025 14:00,varnerrd_to_I10interchange,SB,0.23,0.43,17.7
12/29/2025 15:00,varnerrd_to_I10interchange,SB,0.24,0.44,18.3
12/29/2025 16:00,varnerrd_to_I10interchange,SB,0.23,0.43,18.3
12/29/2025 17:00,varnerrd_to_I10interchange,SB,0.23,0.43,18.2
12/29/2025 18:00,varnerrd_to_I10interchange,SB,0.19,0.39,20.1
12/29/2025 19:00,varnerrd_to_I10interchange,SB,0.2,0.4,19.2
12/29/2025 20:00,varnerrd_to_I10interchange,SB,0.14,0.34,23.6
12/29/2025 21:00,varnerrd_to_I10interchange,SB,0.12,0.31,25.2
12/29/2025 22:00,varnerrd_to_I10interchange,SB,0.04,0.24,32
12/29/2025 23:00,varnerrd_to_I10interchange,SB,0.07,0.26,29.1
12/30/2025 0:00,varnerrd_to_I10interchange,SB,0.02,0.2,39.5
12/30/2025 1:00,varnerrd_to_I10interchange,SB,0.01,0.19,40
12/30/2025 2:00,varnerrd_to_I10interchange,SB,0.01,0.19,39.3
12/30/2025 3:00,varnerrd_to_I10interchange,SB,0,0.18,41.2
12/30/2025 4:00,varnerrd_to_I10interchange,SB,0.02,0.21,35.8
12/30/2025 5:00,varnerrd_to_I10interchange,SB,0.1,0.29,27.4
12/30/2025 6:00,varnerrd_to_I10interchange,SB,0.23,0.43,18.8
12/30/2025 7:00,varnerrd_to_I10interchange,SB,0.27,0.47,16.2
12/30/2025 8:00,varnerrd_to_I10interchange,SB,0.25,0.45,17.1
12/30/2025 9:00,varnerrd_to_I10interchange,SB,0.24,0.44,17.4
12/30/2025 10:00,varnerrd_to_I10interchange,SB,0.22,0.42,18.2
12/30/2025 11:00,varnerrd_to_I10interchange,SB,0.24,0.44,17.5
12/30/2025 12:00,varnerrd_to_I10interchange,SB,0.25,0.45,17.3
12/30/2025 13:00,varnerrd_to_I10interchange,SB,0.25,0.45,17.2
12/30/2025 14:00,varnerrd_to_I10interchange,SB,0.24,0.44,17.7
12/30/2025 15:00,varnerrd_to_I10interchange,SB,0.26,0.46,16.8
12/30/2025 16:00,varnerrd_to_I10interchange,SB,0.24,0.44,17.5
12/30/2025 17:00,varnerrd_to_I10interchange,SB,0.2,0.4,20.1
12/30/2025 18:00,varnerrd_to_I10interchange,SB,0.25,0.45,17.1
12/30/2025 19:00,varnerrd_to_I10interchange,SB,0.23,0.43,17.9
12/30/2025 20:00,varnerrd_to_I10interchange,SB,0.19,0.39,19.7
12/30/2025 21:00,varnerrd_to_I10interchange,SB,0.17,0.37,21.1
12/30/2025 22:00,varnerrd_to_I10interchange,SB,0.13,0.33,23.5
12/30/2025 23:00,varnerrd_to_I10interchange,SB,0.19,0.39,20.2
12/31/2025 0:00,varnerrd_to_I10interchange,SB,0.08,0.28,28.8
12/31/2025 1:00,varnerrd_to_I10interchange,SB,0.01,0.19,41.2
12/31/2025 2:00,varnerrd_to_I10interchange,SB,0,0.18,42.2
12/31/2025 3:00,varnerrd_to_I10interchange,SB,0.01,0.19,39.9
12/31/2025 4:00,varnerrd_to_I10interchange,SB,0.02,0.21,36.7
12/31/2025 5:00,varnerrd_to_I10interchange,SB,0.12,0.32,24.2
12/31/2025 6:00,varnerrd_to_I10interchange,SB,0.24,0.44,17.5
12/31/2025 7:00,varnerrd_to_I10interchange,SB,0.28,0.48,16.3
12/31/2025 8:00,varnerrd_to_I10interchange,SB,0.25,0.45,17.3
12/31/2025 9:00,varnerrd_to_I10interchange,SB,0.21,0.41,18.8
12/31/2025 10:00,varnerrd_to_I10interchange,SB,0.18,0.38,20
12/31/2025 11:00,varnerrd_to_I10interchange,SB,0.25,0.45,17.2
12/31/2025 12:00,varnerrd_to_I10interchange,SB,0.15,0.35,22.2
12/31/2025 13:00,varnerrd_to_I10interchange,SB,0.24,0.44,18
12/31/2025 14:00,varnerrd_to_I10interchange,SB,0.23,0.43,17.9
12/31/2025 15:00,varnerrd_to_I10interchange,SB,0.19,0.39,20.1
12/31/2025 16:00,varnerrd_to_I10interchange,SB,0.2,0.4,19
12/31/2025 17:00,varnerrd_to_I10interchange,SB,0.25,0.45,17.6
12/31/2025 18:00,varnerrd_to_I10interchange,SB,0.19,0.39,19.9
12/31/2025 19:00,varnerrd_to_I10interchange,SB,0.17,0.37,20.6
12/31/2025 20:00,varnerrd_to_I10interchange,SB,0.22,0.42,18.6
12/31/2025 21:00,varnerrd_to_I10interchange,SB,0.12,0.32,24.4
12/31/2025 22:00,varnerrd_to_I10interchange,SB,0.07,0.27,28.6
12/31/2025 23:00,varnerrd_to_I10interchange,SB,0.04,0.23,33.3
1/1/2026 0:00,varnerrd_to_I10interchange,SB,0.06,0.25,32.9
1/1/2026 1:00,varnerrd_to_I10interchange,SB,0.1,0.3,25.7
1/1/2026 2:00,varnerrd_to_I10interchange,SB,0.1,0.29,28.6
1/1/2026 3:00,varnerrd_to_I10interchange,SB,0.02,0.2,38.9
1/1/2026 4:00,varnerrd_to_I10interchange,SB,0.01,0.19,39.6
1/1/2026 5:00,varnerrd_to_I10interchange,SB,0.03,0.21,38.7
1/1/2026 6:00,varnerrd_to_I10interchange,SB,0.07,0.26,30.1
1/1/2026 7:00,varnerrd_to_I10interchange,SB,0.04,0.23,33.6
1/1/2026 8:00,varnerrd_to_I10interchange,SB,0.09,0.29,26.9
1/1/2026 9:00,varnerrd_to_I10interchange,SB,0.1,0.29,27.9
1/1/2026 10:00,varnerrd_to_I10interchange,SB,0.18,0.37,20.4
1/1/2026 11:00,varnerrd_to_I10interchange,SB,0.18,0.38,21
1/1/2026 12:00,varnerrd_to_I10interchange,SB,0.2,0.4,19.7
1/1/2026 13:00,varnerrd_to_I10interchange,SB,0.22,0.42,18.9
1/1/2026 14:00,varnerrd_to_I10interchange,SB,0.21,0.4,19
1/1/2026 15:00,varnerrd_to_I10interchange,SB,0.14,0.34,23.3
1/1/2026 16:00,varnerrd_to_I10interchange,SB,0.19,0.39,20.3
1/1/2026 17:00,varnerrd_to_I10interchange,SB,0.21,0.41,18.8
1/1/2026 18:00,varnerrd_to_I10interchange,SB,0.12,0.32,24.4
1/1/2026 19:00,varnerrd_to_I10interchange,SB,0.12,0.32,24.5
1/1/2026 20:00,varnerrd_to_I10interchange,SB,0.09,0.29,26.5
1/1/2026 21:00,varnerrd_to_I10interchange,SB,0.16,0.36,21.5
1/1/2026 22:00,varnerrd_to_I10interchange,SB,0.06,0.25,30.1
1/1/2026 23:00,varnerrd_to_I10interchange,SB,0.06,0.26,31.5
1/2/2026 0:00,varnerrd_to_I10interchange,SB,0.07,0.26,30
1/2/2026 1:00,varnerrd_to_I10interchange,SB,0.01,0.19,39.8
1/2/2026 2:00,varnerrd_to_I10interchange,SB,0,0.18,42
1/2/2026 3:00,varnerrd_to_I10interchange,SB,0.01,0.18,41.6
1/2/2026 4:00,varnerrd_to_I10interchange,SB,0.05,0.24,32.8
1/2/2026 5:00,varnerrd_to_I10interchange,SB,0.06,0.26,30.6
1/2/2026 6:00,varnerrd_to_I10interchange,SB,0.11,0.31,26.8
1/2/2026 7:00,varnerrd_to_I10interchange,SB,0.19,0.39,19.8
1/2/2026 8:00,varnerrd_to_I10interchange,SB,0.2,0.4,19.2
1/2/2026 9:00,varnerrd_to_I10interchange,SB,0.25,0.45,17.5
1/2/2026 10:00,varnerrd_to_I10interchange,SB,0.22,0.42,18.5
1/2/2026 11:00,varnerrd_to_I10interchange,SB,0.24,0.44,17.5
1/2/2026 12:00,varnerrd_to_I10interchange,SB,0.2,0.4,19.4
1/2/2026 13:00,varnerrd_to_I10interchange,SB,0.21,0.41,18.9
1/2/2026 14:00,varnerrd_to_I10interchange,SB,0.19,0.39,19.6
1/2/2026 15:00,varnerrd_to_I10interchange,SB,0.19,0.39,19.6
1/2/2026 16:00,varnerrd_to_I10interchange,SB,0.23,0.43,17.9
1/2/2026 17:00,varnerrd_to_I10interchange,SB,0.28,0.48,15.8
1/2/2026 18:00,varnerrd_to_I10interchange,SB,0.24,0.44,17.3
1/2/2026 19:00,varnerrd_to_I10interchange,SB,0.19,0.39,20.6
1/2/2026 20:00,varnerrd_to_I10interchange,SB,0.14,0.34,23.5
1/2/2026 21:00,varnerrd_to_I10interchange,SB,0.17,0.37,20.9
1/2/2026 22:00,varnerrd_to_I10interchange,SB,0.18,0.38,20.6
1/2/2026 23:00,varnerrd_to_I10interchange,SB,0.16,0.35,22.5
1/3/2026 0:00,varnerrd_to_I10interchange,SB,0.02,0.2,37.2
1/3/2026 1:00,varnerrd_to_I10interchange,SB,0.01,0.2,38.1
1/3/2026 2:00,varnerrd_to_I10interchange,SB,0.01,0.19,40.9
1/3/2026 3:00,varnerrd_to_I10interchange,SB,0.01,0.2,38.5
1/3/2026 4:00,varnerrd_to_I10interchange,SB,0.04,0.23,33
1/3/2026 5:00,varnerrd_to_I10interchange,SB,0.01,0.2,37.8
1/3/2026 6:00,varnerrd_to_I10interchange,SB,0.08,0.27,32.5
1/3/2026 7:00,varnerrd_to_I10interchange,SB,0.11,0.31,24.7
1/3/2026 8:00,varnerrd_to_I10interchange,SB,0.21,0.41,19.3
1/3/2026 9:00,varnerrd_to_I10interchange,SB,0.15,0.35,22.5
1/3/2026 10:00,varnerrd_to_I10interchange,SB,0.25,0.45,16.9
1/3/2026 11:00,varnerrd_to_I10interchange,SB,0.17,0.37,21.2
1/3/2026 12:00,varnerrd_to_I10interchange,SB,0.25,0.45,17.5
1/3/2026 13:00,varnerrd_to_I10interchange,SB,0.26,0.46,16.7
1/3/2026 14:00,varnerrd_to_I10interchange,SB,0.16,0.36,22.4
1/3/2026 15:00,varnerrd_to_I10interchange,SB,0.2,0.4,19.4
1/3/2026 16:00,varnerrd_to_I10interchange,SB,0.19,0.39,19.9
1/3/2026 17:00,varnerrd_to_I10interchange,SB,0.21,0.41,19.4
1/3/2026 18:00,varnerrd_to_I10interchange,SB,0.22,0.42,18.7
1/3/2026 19:00,varnerrd_to_I10interchange,SB,0.22,0.42,19.2
1/3/2026 20:00,varnerrd_to_I10interchange,SB,0.21,0.41,19
1/3/2026 21:00,varnerrd_to_I10interchange,SB,0.11,0.3,25.4
1/3/2026 22:00,varnerrd_to_I10interchange,SB,0.14,0.34,22.5
1/3/2026 23:00,varnerrd_to_I10interchange,SB,0.09,0.28,27.1
1/4/2026 0:00,varnerrd_to_I10interchange,SB,0.04,0.23,34.2
1/4/2026 1:00,varnerrd_to_I10interchange,SB,0.02,0.2,38.1
1/4/2026 2:00,varnerrd_to_I10interchange,SB,0.03,0.21,36.8
1/4/2026 3:00,varnerrd_to_I10interchange,SB,0,0.18,41.7
1/4/2026 4:00,varnerrd_to_I10interchange,SB,0,0.18,41.2
1/4/2026 5:00,varnerrd_to_I10interchange,SB,0.02,0.2,38.9
1/4/2026 6:00,varnerrd_to_I10interchange,SB,0.04,0.23,33.1
1/4/2026 7:00,varnerrd_to_I10interchange,SB,0.12,0.32,24.2
1/4/2026 8:00,varnerrd_to_I10interchange,SB,0.16,0.36,21.1
1/4/2026 9:00,varnerrd_to_I10interchange,SB,0.22,0.42,18.4
1/4/2026 10:00,varnerrd_to_I10interchange,SB,0.16,0.36,21.4
1/4/2026 11:00,varnerrd_to_I10interchange,SB,0.23,0.43,17.8
1/4/2026 12:00,varnerrd_to_I10interchange,SB,0.19,0.39,19.7
1/4/2026 13:00,varnerrd_to_I10interchange,SB,0.19,0.39,19.8
1/4/2026 14:00,varnerrd_to_I10interchange,SB,0.21,0.41,18.6
1/4/2026 15:00,varnerrd_to_I10interchange,SB,0.23,0.43,18.1
1/4/2026 16:00,varnerrd_to_I10interchange,SB,0.22,0.42,18.5
1/4/2026 17:00,varnerrd_to_I10interchange,SB,0.23,0.43,18.2
1/4/2026 18:00,varnerrd_to_I10interchange,SB,0.17,0.37,20.6
1/4/2026 19:00,varnerrd_to_I10interchange,SB,0.12,0.32,25
1/4/2026 20:00,varnerrd_to_I10interchange,SB,0.17,0.37,20.9
1/4/2026 21:00,varnerrd_to_I10interchange,SB,0.2,0.39,20.1
1/4/2026 22:00,varnerrd_to_I10interchange,SB,0.03,0.23,33.8
1/4/2026 23:00,varnerrd_to_I10interchange,SB,0.01,0.2,38.5
1/5/2026 0:00,varnerrd_to_I10interchange,SB,0.03,0.23,34.7
1/5/2026 1:00,varnerrd_to_I10interchange,SB,0.01,0.19,40.7
1/5/2026 2:00,varnerrd_to_I10interchange,SB,0,0.18,42.3
1/5/2026 3:00,varnerrd_to_I10interchange,SB,0.01,0.19,40
1/5/2026 4:00,varnerrd_to_I10interchange,SB,0.04,0.23,33.1
1/5/2026 5:00,varnerrd_to_I10interchange,SB,0.1,0.3,26.5
1/5/2026 6:00,varnerrd_to_I10interchange,SB,0.19,0.39,20.5
1/5/2026 7:00,varnerrd_to_I10interchange,SB,0.25,0.45,16.9
1/5/2026 8:00,varnerrd_to_I10interchange,SB,0.25,0.45,17.2
1/5/2026 9:00,varnerrd_to_I10interchange,SB,0.24,0.44,17.4
1/5/2026 10:00,varnerrd_to_I10interchange,SB,0.2,0.4,19
1/5/2026 11:00,varnerrd_to_I10interchange,SB,0.2,0.4,19.1
1/5/2026 12:00,varnerrd_to_I10interchange,SB,0.22,0.42,18.4
1/5/2026 13:00,varnerrd_to_I10interchange,SB,0.23,0.43,17.6
1/5/2026 14:00,varnerrd_to_I10interchange,SB,0.22,0.42,18.7
1/5/2026 15:00,varnerrd_to_I10interchange,SB,0.24,0.44,18
1/5/2026 16:00,varnerrd_to_I10interchange,SB,0.16,0.36,21.8
1/5/2026 17:00,varnerrd_to_I10interchange,SB,0.18,0.38,20.2
1/5/2026 18:00,varnerrd_to_I10interchange,SB,0.14,0.34,22.6
1/5/2026 19:00,varnerrd_to_I10interchange,SB,0.16,0.36,21.1
1/5/2026 20:00,varnerrd_to_I10interchange,SB,0.17,0.37,21.1
1/5/2026 21:00,varnerrd_to_I10interchange,SB,0.11,0.31,25.5
1/5/2026 22:00,varnerrd_to_I10interchange,SB,0.1,0.3,27.5
1/5/2026 23:00,varnerrd_to_I10interchange,SB,0.04,0.23,33.7
1/6/2026 0:00,varnerrd_to_I10interchange,SB,0,0.18,41.7
1/6/2026 1:00,varnerrd_to_I10interchange,SB,0,0.17,43.3
1/6/2026 2:00,varnerrd_to_I10interchange,SB,0,0.18,42.9
1/6/2026 3:00,varnerrd_to_I10interchange,SB,0,0.17,43.3
1/6/2026 4:00,varnerrd_to_I10interchange,SB,0.07,0.27,29.4
1/6/2026 5:00,varnerrd_to_I10interchange,SB,0.05,0.25,30.9
1/6/2026 6:00,varnerrd_to_I10interchange,SB,0.15,0.34,22.4
1/6/2026 7:00,varnerrd_to_I10interchange,SB,0.21,0.41,19.5
1/6/2026 8:00,varnerrd_to_I10interchange,SB,0.24,0.44,17.4
1/6/2026 9:00,varnerrd_to_I10interchange,SB,0.19,0.39,19.7
1/6/2026 10:00,varnerrd_to_I10interchange,SB,0.17,0.37,21
1/6/2026 11:00,varnerrd_to_I10interchange,SB,0.21,0.41,18.3
1/6/2026 12:00,varnerrd_to_I10interchange,SB,0.22,0.42,18.7
1/6/2026 13:00,varnerrd_to_I10interchange,SB,0.24,0.44,17.6
1/6/2026 14:00,varnerrd_to_I10interchange,SB,0.16,0.36,21.5
1/6/2026 15:00,varnerrd_to_I10interchange,SB,0.24,0.44,17.7
1/6/2026 16:00,varnerrd_to_I10interchange,SB,0.25,0.45,17.2
1/6/2026 17:00,varnerrd_to_I10interchange,SB,0.21,0.41,18.4
1/6/2026 18:00,varnerrd_to_I10interchange,SB,0.18,0.38,20.7
1/6/2026 19:00,varnerrd_to_I10interchange,SB,0.22,0.42,18.4
1/6/2026 20:00,varnerrd_to_I10interchange,SB,0.13,0.33,24.3
1/6/2026 21:00,varnerrd_to_I10interchange,SB,0.11,0.31,25.1
1/6/2026 22:00,varnerrd_to_I10interchange,SB,0.09,0.28,26.8
1/6/2026 23:00,varnerrd_to_I10interchange,SB,0.03,0.22,34.2
1/7/2026 0:00,varnerrd_to_I10interchange,SB,0.01,0.2,38.3
1/7/2026 1:00,varnerrd_to_I10interchange,SB,0,0.19,40.7
1/7/2026 2:00,varnerrd_to_I10interchange,SB,0,0.19,39.4
1/7/2026 3:00,varnerrd_to_I10interchange,SB,0,0.18,40.9
1/7/2026 4:00,varnerrd_to_I10interchange,SB,0.03,0.23,34.3
1/7/2026 5:00,varnerrd_to_I10interchange,SB,0.06,0.25,33.6
1/7/2026 6:00,varnerrd_to_I10interchange,SB,0.2,0.4,19.4
1/7/2026 7:00,varnerrd_to_I10interchange,SB,0.26,0.46,16.6
1/7/2026 8:00,varnerrd_to_I10interchange,SB,0.22,0.42,18.7
1/7/2026 9:00,varnerrd_to_I10interchange,SB,0.25,0.45,16.8
1/7/2026 10:00,varnerrd_to_I10interchange,SB,0.19,0.39,20.7
1/7/2026 11:00,varnerrd_to_I10interchange,SB,0.26,0.46,17.1
1/7/2026 12:00,varnerrd_to_I10interchange,SB,0.21,0.41,18.4
1/7/2026 13:00,varnerrd_to_I10interchange,SB,0.25,0.45,17.3
1/7/2026 14:00,varnerrd_to_I10interchange,SB,0.23,0.43,17.7
1/7/2026 15:00,varnerrd_to_I10interchange,SB,0.22,0.42,18.6
1/7/2026 16:00,varnerrd_to_I10interchange,SB,0.21,0.41,18.8
1/7/2026 17:00,varnerrd_to_I10interchange,SB,0.21,0.41,18.9
1/7/2026 18:00,varnerrd_to_I10interchange,SB,0.23,0.43,17.6
1/7/2026 19:00,varnerrd_to_I10interchange,SB,0.18,0.38,20.9
1/7/2026 20:00,varnerrd_to_I10interchange,SB,0.19,0.39,19.8
1/7/2026 21:00,varnerrd_to_I10interchange,SB,0.16,0.36,22.6
1/7/2026 22:00,varnerrd_to_I10interchange,SB,0.09,0.29,27.3
1/7/2026 23:00,varnerrd_to_I10interchange,SB,0.03,0.21,36.6
1/8/2026 0:00,varnerrd_to_I10interchange,SB,0,0.18,41.8
1/8/2026 1:00,varnerrd_to_I10interchange,SB,0,0.18,41.3
1/8/2026 2:00,varnerrd_to_I10interchange,SB,0,0.18,41.5
1/8/2026 3:00,varnerrd_to_I10interchange,SB,0.01,0.19,39.7
1/8/2026 4:00,varnerrd_to_I10interchange,SB,0.04,0.23,33.6
1/8/2026 5:00,varnerrd_to_I10interchange,SB,0.07,0.26,31.8
1/8/2026 6:00,varnerrd_to_I10interchange,SB,0.17,0.37,21.2
1/8/2026 7:00,varnerrd_to_I10interchange,SB,0.25,0.45,17
1/8/2026 8:00,varnerrd_to_I10interchange,SB,0.21,0.41,18.7
1/8/2026 9:00,varnerrd_to_I10interchange,SB,0.19,0.39,20.4
1/8/2026 10:00,varnerrd_to_I10interchange,SB,0.26,0.46,17
1/8/2026 11:00,varnerrd_to_I10interchange,SB,0.21,0.41,18.6
1/8/2026 12:00,varnerrd_to_I10interchange,SB,0.18,0.38,20.2
1/8/2026 13:00,varnerrd_to_I10interchange,SB,0.24,0.44,17.3
1/8/2026 14:00,varnerrd_to_I10interchange,SB,0.27,0.47,16.5
1/8/2026 15:00,varnerrd_to_I10interchange,SB,0.25,0.45,17
1/8/2026 16:00,varnerrd_to_I10interchange,SB,0.23,0.43,17.9
1/8/2026 17:00,varnerrd_to_I10interchange,SB,0.22,0.42,18.4
1/8/2026 18:00,varnerrd_to_I10interchange,SB,0.2,0.4,19.5
1/8/2026 19:00,varnerrd_to_I10interchange,SB,0.22,0.42,18.8
1/8/2026 20:00,varnerrd_to_I10interchange,SB,0.12,0.31,24.9
1/8/2026 21:00,varnerrd_to_I10interchange,SB,0.09,0.29,27.9
1/8/2026 22:00,varnerrd_to_I10interchange,SB,0.07,0.26,29.7
1/8/2026 23:00,varnerrd_to_I10interchange,SB,0.07,0.26,31.7
1/9/2026 0:00,varnerrd_to_I10interchange,SB,0.05,0.25,31.2
1/9/2026 1:00,varnerrd_to_I10interchange,SB,0.01,0.2,38.5
1/9/2026 2:00,varnerrd_to_I10interchange,SB,0.01,0.19,40.7
1/9/2026 3:00,varnerrd_to_I10interchange,SB,0.01,0.19,40.9
1/9/2026 4:00,varnerrd_to_I10interchange,SB,0.03,0.23,33.8
1/9/2026 5:00,varnerrd_to_I10interchange,SB,0.09,0.29,26.7
1/9/2026 6:00,varnerrd_to_I10interchange,SB,0.19,0.39,20.7
1/9/2026 7:00,varnerrd_to_I10interchange,SB,0.24,0.44,17.1
1/9/2026 8:00,varnerrd_to_I10interchange,SB,0.22,0.42,18.3
1/9/2026 9:00,varnerrd_to_I10interchange,SB,0.2,0.4,19.5
1/9/2026 10:00,varnerrd_to_I10interchange,SB,0.22,0.42,18.3
1/9/2026 11:00,varnerrd_to_I10interchange,SB,0.21,0.41,18.6
1/9/2026 12:00,varnerrd_to_I10interchange,SB,0.24,0.44,17.4
1/9/2026 13:00,varnerrd_to_I10interchange,SB,0.21,0.4,18.7
1/9/2026 14:00,varnerrd_to_I10interchange,SB,0.21,0.41,18.7
1/9/2026 15:00,varnerrd_to_I10interchange,SB,0.2,0.4,19.4
1/9/2026 16:00,varnerrd_to_I10interchange,SB,0.23,0.43,18.1
1/9/2026 17:00,varnerrd_to_I10interchange,SB,0.26,0.46,16.8
1/9/2026 18:00,varnerrd_to_I10interchange,SB,0.23,0.43,18
1/9/2026 19:00,varnerrd_to_I10interchange,SB,0.22,0.42,18.8
1/9/2026 20:00,varnerrd_to_I10interchange,SB,0.19,0.39,21.1
1/9/2026 21:00,varnerrd_to_I10interchange,SB,0.17,0.36,20.9
1/9/2026 22:00,varnerrd_to_I10interchange,SB,0.18,0.38,20.8
1/9/2026 23:00,varnerrd_to_I10interchange,SB,0.11,0.3,25.9
1/10/2026 0:00,varnerrd_to_I10interchange,SB,0.05,0.24,32.8
1/10/2026 1:00,varnerrd_to_I10interchange,SB,0.01,0.18,41.1
1/10/2026 2:00,varnerrd_to_I10interchange,SB,0.01,0.18,42.1
1/10/2026 3:00,varnerrd_to_I10interchange,SB,0,0.18,42.8
1/10/2026 4:00,varnerrd_to_I10interchange,SB,0.06,0.26,30.1
1/10/2026 5:00,varnerrd_to_I10interchange,SB,0.07,0.27,29
1/10/2026 6:00,varnerrd_to_I10interchange,SB,0.15,0.34,22.7
1/10/2026 7:00,varnerrd_to_I10interchange,SB,0.22,0.42,18
1/10/2026 8:00,varnerrd_to_I10interchange,SB,0.18,0.38,20.8
1/10/2026 9:00,varnerrd_to_I10interchange,SB,0.25,0.45,17.5
1/10/2026 10:00,varnerrd_to_I10interchange,SB,0.2,0.4,19.6
1/10/2026 11:00,varnerrd_to_I10interchange,SB,0.17,0.37,20.9
1/10/2026 12:00,varnerrd_to_I10interchange,SB,0.26,0.46,16.9
1/10/2026 13:00,varnerrd_to_I10interchange,SB,0.24,0.44,17.4
1/10/2026 14:00,varnerrd_to_I10interchange,SB,0.26,0.46,16.7
1/10/2026 15:00,varnerrd_to_I10interchange,SB,0.24,0.44,17.5
1/10/2026 16:00,varnerrd_to_I10interchange,SB,0.22,0.42,18.1
1/10/2026 17:00,varnerrd_to_I10interchange,SB,0.24,0.44,17.8
1/10/2026 18:00,varnerrd_to_I10interchange,SB,0.25,0.45,17.3
1/10/2026 19:00,varnerrd_to_I10interchange,SB,0.11,0.3,25.7
1/10/2026 20:00,varnerrd_to_I10interchange,SB,0.16,0.36,22.4
1/10/2026 21:00,varnerrd_to_I10interchange,SB,0.21,0.41,19.6
1/10/2026 22:00,varnerrd_to_I10interchange,SB,0.14,0.34,22.8
1/10/2026 23:00,varnerrd_to_I10interchange,SB,0.06,0.26,29.7
1/11/2026 0:00,varnerrd_to_I10interchange,SB,0.03,0.22,35.1
1/11/2026 1:00,varnerrd_to_I10interchange,SB,0.01,0.19,39.9
1/11/2026 2:00,varnerrd_to_I10interchange,SB,0.03,0.22,36
1/11/2026 3:00,varnerrd_to_I10interchange,SB,0,0.19,40.6
1/11/2026 4:00,varnerrd_to_I10interchange,SB,0.01,0.19,39.2
1/11/2026 5:00,varnerrd_to_I10interchange,SB,0.01,0.19,39.4
1/11/2026 6:00,varnerrd_to_I10interchange,SB,0.05,0.24,32.2
1/11/2026 7:00,varnerrd_to_I10interchange,SB,0.14,0.34,22.6
1/11/2026 8:00,varnerrd_to_I10interchange,SB,0.15,0.35,22
1/11/2026 9:00,varnerrd_to_I10interchange,SB,0.18,0.38,20.3
1/11/2026 10:00,varnerrd_to_I10interchange,SB,0.21,0.41,18.7
1/11/2026 11:00,varnerrd_to_I10interchange,SB,0.26,0.46,16.4
1/11/2026 12:00,varnerrd_to_I10interchange,SB,0.18,0.38,20.7
1/11/2026 13:00,varnerrd_to_I10interchange,SB,0.22,0.42,18.6
1/11/2026 14:00,varnerrd_to_I10interchange,SB,0.12,0.32,24.6
1/11/2026 15:00,varnerrd_to_I10interchange,SB,0.22,0.42,19.1
1/11/2026 16:00,varnerrd_to_I10interchange,SB,0.18,0.38,20.3
1/11/2026 17:00,varnerrd_to_I10interchange,SB,0.15,0.35,22.2
1/11/2026 18:00,varnerrd_to_I10interchange,SB,0.13,0.33,23.2
1/11/2026 19:00,varnerrd_to_I10interchange,SB,0.16,0.36,21.4
1/11/2026 20:00,varnerrd_to_I10interchange,SB,0.16,0.36,22.5
1/11/2026 21:00,varnerrd_to_I10interchange,SB,0.09,0.28,27.9
1/11/2026 22:00,varnerrd_to_I10interchange,SB,0.11,0.3,27.4
1/11/2026 23:00,varnerrd_to_I10interchange,SB,0.01,0.19,40
1/12/2026 0:00,varnerrd_to_I10interchange,SB,0.01,0.19,39.9
1/12/2026 1:00,varnerrd_to_I10interchange,SB,0,0.17,44
1/12/2026 2:00,varnerrd_to_I10interchange,SB,0,0.18,42.3
1/12/2026 3:00,varnerrd_to_I10interchange,SB,0.04,0.22,35.2
1/12/2026 4:00,varnerrd_to_I10interchange,SB,0.03,0.21,35.4
1/12/2026 5:00,varnerrd_to_I10interchange,SB,0.1,0.29,26.8
1/12/2026 6:00,varnerrd_to_I10interchange,SB,0.17,0.37,22.2
1/12/2026 7:00,varnerrd_to_I10interchange,SB,0.26,0.46,16.5
1/12/2026 8:00,varnerrd_to_I10interchange,SB,0.25,0.45,17
1/12/2026 9:00,varnerrd_to_I10interchange,SB,0.17,0.37,21.1
1/12/2026 10:00,varnerrd_to_I10interchange,SB,0.21,0.41,18.9
1/12/2026 11:00,varnerrd_to_I10interchange,SB,0.26,0.46,16.5
1/12/2026 12:00,varnerrd_to_I10interchange,SB,0.17,0.37,21.1
1/12/2026 13:00,varnerrd_to_I10interchange,SB,0.2,0.4,19.8
1/12/2026 14:00,varnerrd_to_I10interchange,SB,0.2,0.4,19.4
1/12/2026 15:00,varnerrd_to_I10interchange,SB,0.24,0.43,17.8
1/12/2026 16:00,varnerrd_to_I10interchange,SB,0.27,0.47,16.2
1/12/2026 17:00,varnerrd_to_I10interchange,SB,0.2,0.4,19.2
1/12/2026 18:00,varnerrd_to_I10interchange,SB,0.18,0.37,21.7
1/12/2026 19:00,varnerrd_to_I10interchange,SB,0.11,0.31,25.3
1/12/2026 20:00,varnerrd_to_I10interchange,SB,0.14,0.34,23.3
1/12/2026 21:00,varnerrd_to_I10interchange,SB,0.06,0.25,30.1
1/12/2026 22:00,varnerrd_to_I10interchange,SB,0.06,0.26,29.6
1/12/2026 23:00,varnerrd_to_I10interchange,SB,0.06,0.25,31.7
1/13/2026 0:00,varnerrd_to_I10interchange,SB,0.02,0.21,36.2
1/13/2026 1:00,varnerrd_to_I10interchange,SB,0,0.18,42.3
1/13/2026 2:00,varnerrd_to_I10interchange,SB,0,0.18,42.4
1/13/2026 3:00,varnerrd_to_I10interchange,SB,0.02,0.2,37.9
1/13/2026 4:00,varnerrd_to_I10interchange,SB,0.01,0.2,38
1/13/2026 5:00,varnerrd_to_I10interchange,SB,0.12,0.31,25
1/13/2026 6:00,varnerrd_to_I10interchange,SB,0.19,0.38,20
1/13/2026 7:00,varnerrd_to_I10interchange,SB,0.26,0.46,17.2
1/13/2026 8:00,varnerrd_to_I10interchange,SB,0.21,0.41,19.3
1/13/2026 9:00,varnerrd_to_I10interchange,SB,0.22,0.42,19
1/13/2026 10:00,varnerrd_to_I10interchange,SB,0.25,0.45,17.1
1/13/2026 11:00,varnerrd_to_I10interchange,SB,0.21,0.41,19
1/13/2026 12:00,varnerrd_to_I10interchange,SB,0.17,0.36,24.7
1/13/2026 13:00,varnerrd_to_I10interchange,SB,0.21,0.41,19
1/13/2026 14:00,varnerrd_to_I10interchange,SB,0.23,0.43,18
1/13/2026 15:00,varnerrd_to_I10interchange,SB,0.24,0.44,17.6
1/13/2026 16:00,varnerrd_to_I10interchange,SB,0.19,0.39,19.9
1/13/2026 17:00,varnerrd_to_I10interchange,SB,0.2,0.39,19.8
1/13/2026 18:00,varnerrd_to_I10interchange,SB,0.2,0.4,19.3
1/13/2026 19:00,varnerrd_to_I10interchange,SB,0.22,0.42,18.3
1/13/2026 20:00,varnerrd_to_I10interchange,SB,0.15,0.35,22.6
1/13/2026 21:00,varnerrd_to_I10interchange,SB,0.12,0.32,24.8
1/13/2026 22:00,varnerrd_to_I10interchange,SB,0.06,0.26,29.7
1/13/2026 23:00,varnerrd_to_I10interchange,SB,0.06,0.25,31.2
1/14/2026 0:00,varnerrd_to_I10interchange,SB,0.01,0.2,37.6
1/14/2026 1:00,varnerrd_to_I10interchange,SB,0,0.18,41.1
1/14/2026 2:00,varnerrd_to_I10interchange,SB,0,0.19,40.8
1/14/2026 3:00,varnerrd_to_I10interchange,SB,0.01,0.18,41.7
1/14/2026 4:00,varnerrd_to_I10interchange,SB,0.03,0.22,34.8
1/14/2026 5:00,varnerrd_to_I10interchange,SB,0.09,0.29,26.5
1/14/2026 6:00,varnerrd_to_I10interchange,SB,0.17,0.37,21.3
1/14/2026 7:00,varnerrd_to_I10interchange,SB,0.21,0.41,18.7
1/14/2026 8:00,varnerrd_to_I10interchange,SB,0.26,0.46,16.5
1/14/2026 9:00,varnerrd_to_I10interchange,SB,0.2,0.4,18.9
1/14/2026 10:00,varnerrd_to_I10interchange,SB,0.22,0.42,18.2
1/14/2026 11:00,varnerrd_to_I10interchange,SB,0.23,0.43,17.5
1/14/2026 12:00,varnerrd_to_I10interchange,SB,0.19,0.39,19.5
1/14/2026 13:00,varnerrd_to_I10interchange,SB,0.25,0.44,17.1
1/14/2026 14:00,varnerrd_to_I10interchange,SB,0.25,0.45,17.1
1/14/2026 15:00,varnerrd_to_I10interchange,SB,0.24,0.44,17.6
1/14/2026 16:00,varnerrd_to_I10interchange,SB,0.22,0.42,18.2
1/14/2026 17:00,varnerrd_to_I10interchange,SB,0.2,0.4,19.5
1/14/2026 18:00,varnerrd_to_I10interchange,SB,0.22,0.42,19
1/14/2026 19:00,varnerrd_to_I10interchange,SB,0.17,0.37,21.1
1/14/2026 20:00,varnerrd_to_I10interchange,SB,0.15,0.35,22.2
1/14/2026 21:00,varnerrd_to_I10interchange,SB,0.14,0.33,23.1
1/14/2026 22:00,varnerrd_to_I10interchange,SB,0.16,0.36,21.4
1/14/2026 23:00,varnerrd_to_I10interchange,SB,0.06,0.26,30.4
1/15/2026 0:00,varnerrd_to_I10interchange,SB,0,0.17,44
1/15/2026 1:00,varnerrd_to_I10interchange,SB,0,0.18,41.8
1/15/2026 2:00,varnerrd_to_I10interchange,SB,0.01,0.18,41.4
1/15/2026 3:00,varnerrd_to_I10interchange,SB,0,0.18,41.4
1/15/2026 4:00,varnerrd_to_I10interchange,SB,0.05,0.24,33.8
1/15/2026 5:00,varnerrd_to_I10interchange,SB,0.1,0.3,26.6
1/15/2026 6:00,varnerrd_to_I10interchange,SB,0.13,0.33,24.1
1/15/2026 7:00,varnerrd_to_I10interchange,SB,0.26,0.46,16.8
1/15/2026 8:00,varnerrd_to_I10interchange,SB,0.24,0.44,17.1
1/15/2026 9:00,varnerrd_to_I10interchange,SB,0.19,0.39,19.9
1/15/2026 10:00,varnerrd_to_I10interchange,SB,0.19,0.39,19.2
1/15/2026 11:00,varnerrd_to_I10interchange,SB,0.27,0.47,16.1
1/15/2026 12:00,varnerrd_to_I10interchange,SB,0.25,0.45,17.1
1/15/2026 13:00,varnerrd_to_I10interchange,SB,0.23,0.43,18.3
1/15/2026 14:00,varnerrd_to_I10interchange,SB,0.2,0.4,19.2
1/15/2026 15:00,varnerrd_to_I10interchange,SB,0.22,0.42,18.5
1/15/2026 16:00,varnerrd_to_I10interchange,SB,0.2,0.4,19.2
1/15/2026 17:00,varnerrd_to_I10interchange,SB,0.26,0.46,16.7
1/15/2026 18:00,varnerrd_to_I10interchange,SB,0.21,0.41,18.7
1/15/2026 19:00,varnerrd_to_I10interchange,SB,0.12,0.31,29.7
1/15/2026 20:00,varnerrd_to_I10interchange,SB,0.17,0.36,26.9
1/15/2026 21:00,varnerrd_to_I10interchange,SB,0.1,0.29,30.2
1/15/2026 22:00,varnerrd_to_I10interchange,SB,0.07,0.27,30.7
1/15/2026 23:00,varnerrd_to_I10interchange,SB,0.03,0.22,36.4
1/16/2026 0:00,varnerrd_to_I10interchange,SB,0.02,0.2,38.7
1/16/2026 1:00,varnerrd_to_I10interchange,SB,0,0.18,42.2
1/16/2026 2:00,varnerrd_to_I10interchange,SB,0,0.18,42.6
1/16/2026 3:00,varnerrd_to_I10interchange,SB,0,0.18,41.6
1/16/2026 4:00,varnerrd_to_I10interchange,SB,0.03,0.22,34.5
1/16/2026 5:00,varnerrd_to_I10interchange,SB,0.07,0.27,29.5
1/16/2026 6:00,varnerrd_to_I10interchange,SB,0.17,0.37,22.2
1/16/2026 7:00,varnerrd_to_I10interchange,SB,0.25,0.45,17.1
1/16/2026 8:00,varnerrd_to_I10interchange,SB,0.17,0.37,20.8
1/16/2026 9:00,varnerrd_to_I10interchange,SB,0.19,0.39,19.6
1/16/2026 10:00,varnerrd_to_I10interchange,SB,0.2,0.4,20
1/16/2026 11:00,varnerrd_to_I10interchange,SB,0.17,0.37,21
1/16/2026 12:00,varnerrd_to_I10interchange,SB,0.25,0.45,17.1
1/16/2026 13:00,varnerrd_to_I10interchange,SB,0.23,0.43,17.6
1/16/2026 14:00,varnerrd_to_I10interchange,SB,0.19,0.39,19.5
1/16/2026 15:00,varnerrd_to_I10interchange,SB,0.23,0.43,17.7
1/16/2026 16:00,varnerrd_to_I10interchange,SB,0.2,0.4,19.3
1/16/2026 17:00,varnerrd_to_I10interchange,SB,0.18,0.38,20.1
1/16/2026 18:00,varnerrd_to_I10interchange,SB,0.23,0.43,17.9
1/16/2026 19:00,varnerrd_to_I10interchange,SB,0.27,0.47,16.4
1/16/2026 20:00,varnerrd_to_I10interchange,SB,0.29,0.49,15.9
1/16/2026 21:00,varnerrd_to_I10interchange,SB,0.12,0.32,24.2
1/16/2026 22:00,varnerrd_to_I10interchange,SB,0.09,0.28,27.9
1/16/2026 23:00,varnerrd_to_I10interchange,SB,0.1,0.3,26.9
1/17/2026 0:00,varnerrd_to_I10interchange,SB,0.02,0.21,36.2
1/17/2026 1:00,varnerrd_to_I10interchange,SB,0.01,0.19,39.3
1/17/2026 2:00,varnerrd_to_I10interchange,SB,0.01,0.18,41.5
1/17/2026 3:00,varnerrd_to_I10interchange,SB,0.03,0.21,36.9
1/17/2026 4:00,varnerrd_to_I10interchange,SB,0.01,0.19,38.8
1/17/2026 5:00,varnerrd_to_I10interchange,SB,0.1,0.29,27.3
1/17/2026 6:00,varnerrd_to_I10interchange,SB,0.16,0.36,22.1
1/17/2026 7:00,varnerrd_to_I10interchange,SB,0.17,0.37,20.6
1/17/2026 8:00,varnerrd_to_I10interchange,SB,0.17,0.37,20.6
1/17/2026 9:00,varnerrd_to_I10interchange,SB,0.18,0.38,20.8
1/17/2026 10:00,varnerrd_to_I10interchange,SB,0.23,0.43,17.8
1/17/2026 11:00,varnerrd_to_I10interchange,SB,0.26,0.46,16.8
1/17/2026 12:00,varnerrd_to_I10interchange,SB,0.25,0.44,17.8
1/17/2026 13:00,varnerrd_to_I10interchange,SB,0.22,0.42,18.7
1/17/2026 14:00,varnerrd_to_I10interchange,SB,0.25,0.45,17.5
1/17/2026 15:00,varnerrd_to_I10interchange,SB,0.36,0.56,13.7
1/17/2026 16:00,varnerrd_to_I10interchange,SB,0.18,0.38,20
1/17/2026 17:00,varnerrd_to_I10interchange,SB,0.23,0.43,18.1
1/17/2026 18:00,varnerrd_to_I10interchange,SB,0.24,0.44,17.1
1/17/2026 19:00,varnerrd_to_I10interchange,SB,0.21,0.41,19.5
1/17/2026 20:00,varnerrd_to_I10interchange,SB,0.19,0.39,20
1/17/2026 21:00,varnerrd_to_I10interchange,SB,0.22,0.42,18.6
1/17/2026 22:00,varnerrd_to_I10interchange,SB,0.16,0.36,22
1/17/2026 23:00,varnerrd_to_I10interchange,SB,0.14,0.34,23.4
1/18/2026 0:00,varnerrd_to_I10interchange,SB,0.1,0.29,27.5
1/18/2026 1:00,varnerrd_to_I10interchange,SB,0.04,0.24,32.4
1/18/2026 2:00,varnerrd_to_I10interchange,SB,0.01,0.2,38.4
1/18/2026 3:00,varnerrd_to_I10interchange,SB,0,0.18,42.8
1/18/2026 4:00,varnerrd_to_I10interchange,SB,0,0.18,42
1/18/2026 5:00,varnerrd_to_I10interchange,SB,0,0.19,40.6
1/18/2026 6:00,varnerrd_to_I10interchange,SB,0.14,0.34,23
1/18/2026 7:00,varnerrd_to_I10interchange,SB,0.2,0.39,20.1
1/18/2026 8:00,varnerrd_to_I10interchange,SB,0.13,0.33,24
1/18/2026 9:00,varnerrd_to_I10interchange,SB,0.2,0.4,19.3
1/18/2026 10:00,varnerrd_to_I10interchange,SB,0.22,0.42,18.5
1/18/2026 11:00,varnerrd_to_I10interchange,SB,0.23,0.43,17.6
1/18/2026 12:00,varnerrd_to_I10interchange,SB,0.2,0.4,20.3
1/18/2026 13:00,varnerrd_to_I10interchange,SB,0.16,0.36,21.9
1/18/2026 14:00,varnerrd_to_I10interchange,SB,0.22,0.41,18.7
1/18/2026 15:00,varnerrd_to_I10interchange,SB,0.24,0.44,17.8
1/18/2026 16:00,varnerrd_to_I10interchange,SB,0.18,0.38,20.2
1/18/2026 17:00,varnerrd_to_I10interchange,SB,0.22,0.41,18.3
1/18/2026 18:00,varnerrd_to_I10interchange,SB,0.22,0.42,18.3
1/18/2026 19:00,varnerrd_to_I10interchange,SB,0.33,0.53,14.5
1/18/2026 20:00,varnerrd_to_I10interchange,SB,0.18,0.38,20.6
1/18/2026 21:00,varnerrd_to_I10interchange,SB,0.19,0.39,21.1
1/18/2026 22:00,varnerrd_to_I10interchange,SB,0.12,0.31,25.9
1/18/2026 23:00,varnerrd_to_I10interchange,SB,0.07,0.27,30.4
1/19/2026 0:00,varnerrd_to_I10interchange,SB,0.02,0.21,37.5
1/19/2026 1:00,varnerrd_to_I10interchange,SB,0.01,0.18,41.3
1/19/2026 2:00,varnerrd_to_I10interchange,SB,0,0.17,43.8
1/19/2026 3:00,varnerrd_to_I10interchange,SB,0.03,0.22,36
1/19/2026 4:00,varnerrd_to_I10interchange,SB,0.01,0.2,37
1/19/2026 5:00,varnerrd_to_I10interchange,SB,0.07,0.26,29.6
1/19/2026 6:00,varnerrd_to_I10interchange,SB,0.14,0.34,23.2
1/19/2026 7:00,varnerrd_to_I10interchange,SB,0.24,0.44,17.5
1/19/2026 8:00,varnerrd_to_I10interchange,SB,0.17,0.37,20.7
1/19/2026 9:00,varnerrd_to_I10interchange,SB,0.23,0.43,17.7
1/19/2026 10:00,varnerrd_to_I10interchange,SB,0.23,0.43,17.5
1/19/2026 11:00,varnerrd_to_I10interchange,SB,0.17,0.37,21
1/19/2026 12:00,varnerrd_to_I10interchange,SB,0.24,0.44,17.1
1/19/2026 13:00,varnerrd_to_I10interchange,SB,0.22,0.42,18.5
1/19/2026 14:00,varnerrd_to_I10interchange,SB,0.24,0.44,17.3
1/19/2026 15:00,varnerrd_to_I10interchange,SB,0.17,0.37,21.2
1/19/2026 16:00,varnerrd_to_I10interchange,SB,0.22,0.41,18.8
1/19/2026 17:00,varnerrd_to_I10interchange,SB,0.28,0.48,16.1
1/19/2026 18:00,varnerrd_to_I10interchange,SB,0.26,0.46,16.6
1/19/2026 19:00,varnerrd_to_I10interchange,SB,0.24,0.44,17.5
1/19/2026 20:00,varnerrd_to_I10interchange,SB,0.21,0.41,19.4
1/19/2026 21:00,varnerrd_to_I10interchange,SB,0.11,0.31,25.7
1/19/2026 22:00,varnerrd_to_I10interchange,SB,0.11,0.31,25.4
1/19/2026 23:00,varnerrd_to_I10interchange,SB,0.01,0.19,40.1
1/20/2026 0:00,varnerrd_to_I10interchange,SB,0.04,0.23,33.7
1/20/2026 1:00,varnerrd_to_I10interchange,SB,0,0.18,42.1
1/20/2026 2:00,varnerrd_to_I10interchange,SB,0,0.17,43.2
1/20/2026 3:00,varnerrd_to_I10interchange,SB,0,0.18,42.1
1/20/2026 4:00,varnerrd_to_I10interchange,SB,0.01,0.2,38.3
1/20/2026 5:00,varnerrd_to_I10interchange,SB,0.04,0.24,32.7
1/20/2026 6:00,varnerrd_to_I10interchange,SB,0.19,0.39,19.5
1/20/2026 7:00,varnerrd_to_I10interchange,SB,0.24,0.44,17.9
1/20/2026 8:00,varnerrd_to_I10interchange,SB,0.21,0.41,18.8
1/20/2026 9:00,varnerrd_to_I10interchange,SB,0.22,0.42,18.2
1/20/2026 10:00,varnerrd_to_I10interchange,SB,0.24,0.44,17.6
1/20/2026 11:00,varnerrd_to_I10interchange,SB,0.24,0.44,17.8
1/20/2026 12:00,varnerrd_to_I10interchange,SB,0.21,0.4,19
1/20/2026 13:00,varnerrd_to_I10interchange,SB,0.23,0.43,17.8
1/20/2026 14:00,varnerrd_to_I10interchange,SB,0.19,0.39,20.2
1/20/2026 15:00,varnerrd_to_I10interchange,SB,0.19,0.39,19.6
1/20/2026 16:00,varnerrd_to_I10interchange,SB,0.22,0.42,18.5
1/20/2026 17:00,varnerrd_to_I10interchange,SB,0.24,0.44,17.1
1/20/2026 18:00,varnerrd_to_I10interchange,SB,0.18,0.38,20.7
1/20/2026 19:00,varnerrd_to_I10interchange,SB,0.13,0.33,23.4
1/20/2026 20:00,varnerrd_to_I10interchange,SB,0.2,0.4,18.8
1/20/2026 21:00,varnerrd_to_I10interchange,SB,0.14,0.33,23.3
1/20/2026 22:00,varnerrd_to_I10interchange,SB,0.15,0.35,25.5
1/20/2026 23:00,varnerrd_to_I10interchange,SB,0.05,0.24,33.1
1/21/2026 0:00,varnerrd_to_I10interchange,SB,0,0.19,39.5
1/21/2026 1:00,varnerrd_to_I10interchange,SB,0.01,0.19,40.7
1/21/2026 2:00,varnerrd_to_I10interchange,SB,0.02,0.2,39
1/21/2026 3:00,varnerrd_to_I10interchange,SB,0.01,0.19,41.1
1/21/2026 4:00,varnerrd_to_I10interchange,SB,0.06,0.25,30.3
1/21/2026 5:00,varnerrd_to_I10interchange,SB,0.07,0.27,29.6
1/21/2026 6:00,varnerrd_to_I10interchange,SB,0.24,0.44,17.6
1/21/2026 7:00,varnerrd_to_I10interchange,SB,0.19,0.39,20.2
1/21/2026 8:00,varnerrd_to_I10interchange,SB,0.19,0.39,20
1/21/2026 9:00,varnerrd_to_I10interchange,SB,0.13,0.33,23.6
1/21/2026 10:00,varnerrd_to_I10interchange,SB,0.23,0.43,18.1
1/21/2026 11:00,varnerrd_to_I10interchange,SB,0.24,0.44,17.7
1/21/2026 12:00,varnerrd_to_I10interchange,SB,0.21,0.41,19
1/21/2026 13:00,varnerrd_to_I10interchange,SB,0.2,0.4,19.2
1/21/2026 14:00,varnerrd_to_I10interchange,SB,0.24,0.44,17.6
1/21/2026 15:00,varnerrd_to_I10interchange,SB,0.22,0.42,18.4
1/21/2026 16:00,varnerrd_to_I10interchange,SB,0.2,0.4,19.3
1/21/2026 17:00,varnerrd_to_I10interchange,SB,0.21,0.4,19
1/21/2026 18:00,varnerrd_to_I10interchange,SB,0.25,0.45,17.4
1/21/2026 19:00,varnerrd_to_I10interchange,SB,0.2,0.4,20.1
1/21/2026 20:00,varnerrd_to_I10interchange,SB,0.19,0.39,20.1
1/21/2026 21:00,varnerrd_to_I10interchange,SB,0.2,0.4,19
1/21/2026 22:00,varnerrd_to_I10interchange,SB,0.13,0.32,24
1/21/2026 23:00,varnerrd_to_I10interchange,SB,0.06,0.24,33.2
1/22/2026 0:00,varnerrd_to_I10interchange,SB,0.02,0.2,38.1
1/22/2026 1:00,varnerrd_to_I10interchange,SB,0,0.18,42
1/22/2026 2:00,varnerrd_to_I10interchange,SB,0,0.18,41.4
1/22/2026 3:00,varnerrd_to_I10interchange,SB,0,0.18,42
1/22/2026 4:00,varnerrd_to_I10interchange,SB,0.07,0.27,29.7
1/22/2026 5:00,varnerrd_to_I10interchange,SB,0.07,0.27,28.7
1/22/2026 6:00,varnerrd_to_I10interchange,SB,0.15,0.35,21.9
1/22/2026 7:00,varnerrd_to_I10interchange,SB,0.25,0.45,17.3
1/22/2026 8:00,varnerrd_to_I10interchange,SB,0.24,0.44,17.6
1/22/2026 9:00,varnerrd_to_I10interchange,SB,0.18,0.38,20.9
1/22/2026 10:00,varnerrd_to_I10interchange,SB,0.21,0.41,19.1
1/22/2026 11:00,varnerrd_to_I10interchange,SB,0.17,0.36,21.1
1/22/2026 12:00,varnerrd_to_I10interchange,SB,0.18,0.38,20.2
1/22/2026 13:00,varnerrd_to_I10interchange,SB,0.19,0.38,20.1
1/22/2026 14:00,varnerrd_to_I10interchange,SB,0.23,0.43,17.6
1/22/2026 15:00,varnerrd_to_I10interchange,SB,0.24,0.44,17.5
1/22/2026 16:00,varnerrd_to_I10interchange,SB,0.24,0.44,17.3
1/22/2026 17:00,varnerrd_to_I10interchange,SB,0.23,0.43,17.8
1/22/2026 18:00,varnerrd_to_I10interchange,SB,0.21,0.41,19.5
1/22/2026 19:00,varnerrd_to_I10interchange,SB,0.15,0.35,22.4
1/22/2026 20:00,varnerrd_to_I10interchange,SB,0.2,0.4,19.7
1/22/2026 21:00,varnerrd_to_I10interchange,SB,0.17,0.37,21.3
1/22/2026 22:00,varnerrd_to_I10interchange,SB,0.17,0.36,21.9
1/22/2026 23:00,varnerrd_to_I10interchange,SB,0.09,0.28,28.6
1/23/2026 0:00,varnerrd_to_I10interchange,SB,0.02,0.2,39.8
1/23/2026 1:00,varnerrd_to_I10interchange,SB,0.01,0.19,40.7
1/23/2026 2:00,varnerrd_to_I10interchange,SB,0,0.18,42.8
1/23/2026 3:00,varnerrd_to_I10interchange,SB,0.02,0.2,39.1
1/23/2026 4:00,varnerrd_to_I10interchange,SB,0.02,0.21,35.7
1/23/2026 5:00,varnerrd_to_I10interchange,SB,0.07,0.26,29.9
1/23/2026 6:00,varnerrd_to_I10interchange,SB,0.18,0.38,20.5
1/23/2026 7:00,varnerrd_to_I10interchange,SB,0.26,0.46,17.3
1/23/2026 8:00,varnerrd_to_I10interchange,SB,0.26,0.45,17.1
1/23/2026 9:00,varnerrd_to_I10interchange,SB,0.22,0.42,18.6
1/23/2026 10:00,varnerrd_to_I10interchange,SB,0.17,0.37,20.7
1/23/2026 11:00,varnerrd_to_I10interchange,SB,0.21,0.41,18.6
1/23/2026 12:00,varnerrd_to_I10interchange,SB,0.2,0.4,19.2
1/23/2026 13:00,varnerrd_to_I10interchange,SB,0.2,0.4,19
1/23/2026 14:00,varnerrd_to_I10interchange,SB,0.25,0.44,17.6
1/23/2026 15:00,varnerrd_to_I10interchange,SB,0.2,0.39,19.7
1/23/2026 16:00,varnerrd_to_I10interchange,SB,0.23,0.43,17.6
1/23/2026 17:00,varnerrd_to_I10interchange,SB,0.23,0.43,18
1/23/2026 18:00,varnerrd_to_I10interchange,SB,0.18,0.38,21.1
1/23/2026 19:00,varnerrd_to_I10interchange,SB,0.17,0.37,21.1
1/23/2026 20:00,varnerrd_to_I10interchange,SB,0.15,0.35,23.3
1/23/2026 21:00,varnerrd_to_I10interchange,SB,0.21,0.41,19.1
1/23/2026 22:00,varnerrd_to_I10interchange,SB,0.19,0.39,20.4
1/23/2026 23:00,varnerrd_to_I10interchange,SB,0.1,0.3,26
1/24/2026 0:00,varnerrd_to_I10interchange,SB,0.04,0.22,36.3
1/24/2026 1:00,varnerrd_to_I10interchange,SB,0.01,0.19,39.4
1/24/2026 2:00,varnerrd_to_I10interchange,SB,0.02,0.2,38.3
1/24/2026 3:00,varnerrd_to_I10interchange,SB,0.04,0.23,33.9
1/24/2026 4:00,varnerrd_to_I10interchange,SB,0.01,0.19,40.9
1/24/2026 5:00,varnerrd_to_I10interchange,SB,0.1,0.29,28.9
1/24/2026 6:00,varnerrd_to_I10interchange,SB,0.1,0.29,29.3
1/24/2026 7:00,varnerrd_to_I10interchange,SB,0.21,0.41,19.3
1/24/2026 8:00,varnerrd_to_I10interchange,SB,0.18,0.38,21.2
1/24/2026 9:00,varnerrd_to_I10interchange,SB,0.18,0.38,20.7
1/24/2026 10:00,varnerrd_to_I10interchange,SB,0.17,0.36,21.4
1/24/2026 11:00,varnerrd_to_I10interchange,SB,0.2,0.39,19.8
1/24/2026 12:00,varnerrd_to_I10interchange,SB,0.21,0.41,19.3
1/24/2026 13:00,varnerrd_to_I10interchange,SB,0.22,0.41,19.2
1/24/2026 14:00,varnerrd_to_I10interchange,SB,0.28,0.47,16.1
1/24/2026 15:00,varnerrd_to_I10interchange,SB,0.2,0.4,19.1
1/24/2026 16:00,varnerrd_to_I10interchange,SB,0.31,0.51,14.8
1/24/2026 17:00,varnerrd_to_I10interchange,SB,0.24,0.44,17.8
1/24/2026 18:00,varnerrd_to_I10interchange,SB,0.25,0.45,17.9
1/24/2026 19:00,varnerrd_to_I10interchange,SB,0.24,0.44,17.6
1/24/2026 20:00,varnerrd_to_I10interchange,SB,0.23,0.43,17.7
1/24/2026 21:00,varnerrd_to_I10interchange,SB,0.14,0.34,22.8
1/24/2026 22:00,varnerrd_to_I10interchange,SB,0.18,0.38,20.5
1/24/2026 23:00,varnerrd_to_I10interchange,SB,0.16,0.36,21.3
1/25/2026 0:00,varnerrd_to_I10interchange,SB,0.12,0.32,24.8
1/25/2026 1:00,varnerrd_to_I10interchange,SB,0.03,0.21,37.1
1/25/2026 2:00,varnerrd_to_I10interchange,SB,0.04,0.22,36.4
1/25/2026 3:00,varnerrd_to_I10interchange,SB,0,0.18,42.7
1/25/2026 4:00,varnerrd_to_I10interchange,SB,0,0.17,44
1/25/2026 5:00,varnerrd_to_I10interchange,SB,0.02,0.21,37
1/25/2026 6:00,varnerrd_to_I10interchange,SB,0.07,0.26,29.3
1/25/2026 7:00,varnerrd_to_I10interchange,SB,0.11,0.3,26.3
1/25/2026 8:00,varnerrd_to_I10interchange,SB,0.13,0.33,23.9
1/25/2026 9:00,varnerrd_to_I10interchange,SB,0.18,0.38,21.1
1/25/2026 10:00,varnerrd_to_I10interchange,SB,0.21,0.41,19.3
1/25/2026 11:00,varnerrd_to_I10interchange,SB,0.15,0.35,21.8
1/25/2026 12:00,varnerrd_to_I10interchange,SB,0.2,0.4,19.6
1/25/2026 13:00,varnerrd_to_I10interchange,SB,0.21,0.41,18.7
1/25/2026 14:00,varnerrd_to_I10interchange,SB,0.2,0.4,19.2
1/25/2026 15:00,varnerrd_to_I10interchange,SB,0.16,0.35,22.2
1/25/2026 16:00,varnerrd_to_I10interchange,SB,0.21,0.41,19
1/25/2026 17:00,varnerrd_to_I10interchange,SB,0.21,0.41,18.7
1/25/2026 18:00,varnerrd_to_I10interchange,SB,0.19,0.39,19.7
1/25/2026 19:00,varnerrd_to_I10interchange,SB,0.17,0.36,22
1/25/2026 20:00,varnerrd_to_I10interchange,SB,0.09,0.28,27.1
1/25/2026 21:00,varnerrd_to_I10interchange,SB,0.08,0.27,28
1/25/2026 22:00,varnerrd_to_I10interchange,SB,0.06,0.25,30.8
1/25/2026 23:00,varnerrd_to_I10interchange,SB,0.05,0.23,34.4
1/26/2026 0:00,varnerrd_to_I10interchange,SB,0,0.18,42.1
1/26/2026 1:00,varnerrd_to_I10interchange,SB,0.01,0.19,40.6
1/26/2026 2:00,varnerrd_to_I10interchange,SB,0,0.18,41.8
1/26/2026 3:00,varnerrd_to_I10interchange,SB,0.01,0.19,40.2
1/26/2026 4:00,varnerrd_to_I10interchange,SB,0.04,0.23,34.6
1/26/2026 5:00,varnerrd_to_I10interchange,SB,0.05,0.25,31.1
1/26/2026 6:00,varnerrd_to_I10interchange,SB,0.17,0.37,21
1/26/2026 7:00,varnerrd_to_I10interchange,SB,0.23,0.43,17.9
1/26/2026 8:00,varnerrd_to_I10interchange,SB,0.21,0.41,18.8
1/26/2026 9:00,varnerrd_to_I10interchange,SB,0.23,0.43,18.2
1/26/2026 10:00,varnerrd_to_I10interchange,SB,0.18,0.38,20.4
1/26/2026 11:00,varnerrd_to_I10interchange,SB,0.16,0.36,21.6
1/26/2026 12:00,varnerrd_to_I10interchange,SB,0.21,0.41,18.9
1/26/2026 13:00,varnerrd_to_I10interchange,SB,0.2,0.4,19.6
1/26/2026 14:00,varnerrd_to_I10interchange,SB,0.22,0.42,18.4
1/26/2026 15:00,varnerrd_to_I10interchange,SB,0.26,0.46,16.7
1/26/2026 16:00,varnerrd_to_I10interchange,SB,0.21,0.41,18.7
1/26/2026 17:00,varnerrd_to_I10interchange,SB,0.22,0.42,18.1
1/26/2026 18:00,varnerrd_to_I10interchange,SB,0.19,0.39,19.4
1/26/2026 19:00,varnerrd_to_I10interchange,SB,0.17,0.37,21.3
1/26/2026 20:00,varnerrd_to_I10interchange,SB,0.17,0.37,20.6
1/26/2026 21:00,varnerrd_to_I10interchange,SB,0.08,0.28,27.9
1/26/2026 22:00,varnerrd_to_I10interchange,SB,0.11,0.3,25.5
1/26/2026 23:00,varnerrd_to_I10interchange,SB,0.04,0.23,34.3
1/27/2026 0:00,varnerrd_to_I10interchange,SB,0.01,0.19,40.2
1/27/2026 1:00,varnerrd_to_I10interchange,SB,0,0.17,43.5
1/27/2026 2:00,varnerrd_to_I10interchange,SB,0,0.17,43
1/27/2026 3:00,varnerrd_to_I10interchange,SB,0.02,0.19,40.8
1/27/2026 4:00,varnerrd_to_I10interchange,SB,0.03,0.22,33.9
1/27/2026 5:00,varnerrd_to_I10interchange,SB,0.09,0.29,29.9
1/27/2026 6:00,varnerrd_to_I10interchange,SB,0.19,0.39,20.5
1/27/2026 7:00,varnerrd_to_I10interchange,SB,0.24,0.44,17.1
1/27/2026 8:00,varnerrd_to_I10interchange,SB,0.26,0.46,16.6
1/27/2026 9:00,varnerrd_to_I10interchange,SB,0.22,0.42,18.4
1/27/2026 10:00,varnerrd_to_I10interchange,SB,0.21,0.41,19.4
1/27/2026 11:00,varnerrd_to_I10interchange,SB,0.18,0.38,20
1/27/2026 12:00,varnerrd_to_I10interchange,SB,0.25,0.45,17.1
1/27/2026 13:00,varnerrd_to_I10interchange,SB,0.23,0.43,17.7
1/27/2026 14:00,varnerrd_to_I10interchange,SB,0.19,0.39,19.4
1/27/2026 15:00,varnerrd_to_I10interchange,SB,0.21,0.41,19.1
1/27/2026 16:00,varnerrd_to_I10interchange,SB,0.24,0.44,17.5
1/27/2026 17:00,varnerrd_to_I10interchange,SB,0.24,0.44,17.5
1/27/2026 18:00,varnerrd_to_I10interchange,SB,0.22,0.42,18.3
1/27/2026 19:00,varnerrd_to_I10interchange,SB,0.17,0.37,21.7
1/27/2026 20:00,varnerrd_to_I10interchange,SB,0.07,0.27,28.4
1/27/2026 21:00,varnerrd_to_I10interchange,SB,0.08,0.28,27.1
1/27/2026 22:00,varnerrd_to_I10interchange,SB,0.11,0.31,26.1
1/27/2026 23:00,varnerrd_to_I10interchange,SB,0.06,0.25,33.3
1/28/2026 0:00,varnerrd_to_I10interchange,SB,0.01,0.19,39.1
1/28/2026 1:00,varnerrd_to_I10interchange,SB,0,0.17,43.7
1/28/2026 2:00,varnerrd_to_I10interchange,SB,0,0.18,41.2
1/28/2026 3:00,varnerrd_to_I10interchange,SB,0.01,0.19,40.1
1/28/2026 4:00,varnerrd_to_I10interchange,SB,0.02,0.21,36.8
1/28/2026 5:00,varnerrd_to_I10interchange,SB,0.04,0.24,31.8
1/28/2026 6:00,varnerrd_to_I10interchange,SB,0.22,0.42,18.6
1/28/2026 7:00,varnerrd_to_I10interchange,SB,0.2,0.4,19.8
1/28/2026 8:00,varnerrd_to_I10interchange,SB,0.28,0.48,16.2
1/28/2026 9:00,varnerrd_to_I10interchange,SB,0.21,0.4,19.5
1/28/2026 10:00,varnerrd_to_I10interchange,SB,0.21,0.41,19
1/28/2026 11:00,varnerrd_to_I10interchange,SB,0.23,0.43,18.3
1/28/2026 12:00,varnerrd_to_I10interchange,SB,0.2,0.4,19.6
1/28/2026 13:00,varnerrd_to_I10interchange,SB,0.21,0.41,19.1
1/28/2026 14:00,varnerrd_to_I10interchange,SB,0.26,0.46,16.6
1/28/2026 15:00,varnerrd_to_I10interchange,SB,0.22,0.42,17.9
1/28/2026 16:00,varnerrd_to_I10interchange,SB,0.23,0.43,17.8
1/28/2026 17:00,varnerrd_to_I10interchange,SB,0.24,0.44,17.5
1/28/2026 18:00,varnerrd_to_I10interchange,SB,0.21,0.41,18.6
1/28/2026 19:00,varnerrd_to_I10interchange,SB,0.17,0.37,21.1
1/28/2026 20:00,varnerrd_to_I10interchange,SB,0.14,0.34,23.4
1/28/2026 21:00,varnerrd_to_I10interchange,SB,0.18,0.38,20.9
1/28/2026 22:00,varnerrd_to_I10interchange,SB,0.03,0.22,34.5
1/28/2026 23:00,varnerrd_to_I10interchange,SB,0.03,0.22,34
1/29/2026 0:00,varnerrd_to_I10interchange,SB,0,0.17,43.4
1/29/2026 1:00,varnerrd_to_I10interchange,SB,0.02,0.21,36.8
1/29/2026 2:00,varnerrd_to_I10interchange,SB,0.01,0.2,38.3
1/29/2026 3:00,varnerrd_to_I10interchange,SB,0,0.18,41.4
1/29/2026 4:00,varnerrd_to_I10interchange,SB,0.03,0.22,34.2
1/29/2026 5:00,varnerrd_to_I10interchange,SB,0.12,0.31,24.8
1/29/2026 6:00,varnerrd_to_I10interchange,SB,0.18,0.37,20.7
1/29/2026 7:00,varnerrd_to_I10interchange,SB,0.27,0.47,16.7
1/29/2026 8:00,varnerrd_to_I10interchange,SB,0.26,0.46,16.9
1/29/2026 9:00,varnerrd_to_I10interchange,SB,0.25,0.44,17.1
1/29/2026 10:00,varnerrd_to_I10interchange,SB,0.21,0.41,18.9
1/29/2026 11:00,varnerrd_to_I10interchange,SB,0.15,0.35,21.8
1/29/2026 12:00,varnerrd_to_I10interchange,SB,0.3,0.5,15.4
1/29/2026 13:00,varnerrd_to_I10interchange,SB,0.24,0.44,17.3
1/29/2026 14:00,varnerrd_to_I10interchange,SB,0.26,0.46,16.6
1/29/2026 15:00,varnerrd_to_I10interchange,SB,0.2,0.4,19
1/29/2026 16:00,varnerrd_to_I10interchange,SB,0.24,0.44,17.7
1/29/2026 17:00,varnerrd_to_I10interchange,SB,0.18,0.37,21
1/29/2026 18:00,varnerrd_to_I10interchange,SB,0.22,0.42,18.9
1/29/2026 19:00,varnerrd_to_I10interchange,SB,0.23,0.42,18.8
1/29/2026 20:00,varnerrd_to_I10interchange,SB,0.13,0.32,25.1
1/29/2026 21:00,varnerrd_to_I10interchange,SB,0.12,0.31,25.3
1/29/2026 22:00,varnerrd_to_I10interchange,SB,0.08,0.28,28.5
1/29/2026 23:00,varnerrd_to_I10interchange,SB,0.06,0.24,33.9
1/30/2026 0:00,varnerrd_to_I10interchange,SB,0.01,0.2,38.8
1/30/2026 1:00,varnerrd_to_I10interchange,SB,0,0.18,41.4
1/30/2026 2:00,varnerrd_to_I10interchange,SB,0,0.18,40.8
1/30/2026 3:00,varnerrd_to_I10interchange,SB,0.01,0.19,39.7
1/30/2026 4:00,varnerrd_to_I10interchange,SB,0.01,0.2,38.1
1/30/2026 5:00,varnerrd_to_I10interchange,SB,0.04,0.24,31.7
1/30/2026 6:00,varnerrd_to_I10interchange,SB,0.21,0.4,18.9
1/30/2026 7:00,varnerrd_to_I10interchange,SB,0.22,0.41,18.4
1/30/2026 8:00,varnerrd_to_I10interchange,SB,0.28,0.48,16
1/30/2026 9:00,varnerrd_to_I10interchange,SB,0.26,0.46,17
1/30/2026 10:00,varnerrd_to_I10interchange,SB,0.21,0.41,19.2
1/30/2026 11:00,varnerrd_to_I10interchange,SB,0.21,0.41,18.7
1/30/2026 12:00,varnerrd_to_I10interchange,SB,0.28,0.48,15.8
1/30/2026 13:00,varnerrd_to_I10interchange,SB,0.2,0.4,19.3
1/30/2026 14:00,varnerrd_to_I10interchange,SB,0.19,0.39,19.3
1/30/2026 15:00,varnerrd_to_I10interchange,SB,0.19,0.39,19.5
1/30/2026 16:00,varnerrd_to_I10interchange,SB,0.23,0.43,18
1/30/2026 17:00,varnerrd_to_I10interchange,SB,0.23,0.42,18.3
1/30/2026 18:00,varnerrd_to_I10interchange,SB,0.2,0.4,19.1
1/30/2026 19:00,varnerrd_to_I10interchange,SB,0.19,0.39,19.8
1/30/2026 20:00,varnerrd_to_I10interchange,SB,0.14,0.34,22.5
1/30/2026 21:00,varnerrd_to_I10interchange,SB,0.19,0.39,19.3
1/30/2026 22:00,varnerrd_to_I10interchange,SB,0.15,0.35,22.2
1/30/2026 23:00,varnerrd_to_I10interchange,SB,0.11,0.31,25.5
1/31/2026 0:00,varnerrd_to_I10interchange,SB,0.02,0.21,35.9
1/31/2026 1:00,varnerrd_to_I10interchange,SB,0.04,0.23,32.8
1/31/2026 2:00,varnerrd_to_I10interchange,SB,0.01,0.19,40.8
1/31/2026 3:00,varnerrd_to_I10interchange,SB,0,0.18,41
1/31/2026 4:00,varnerrd_to_I10interchange,SB,0.04,0.23,34
1/31/2026 5:00,varnerrd_to_I10interchange,SB,0.03,0.22,34.4
1/31/2026 6:00,varnerrd_to_I10interchange,SB,0.08,0.28,27.6
1/31/2026 7:00,varnerrd_to_I10interchange,SB,0.2,0.4,20.6
1/31/2026 8:00,varnerrd_to_I10interchange,SB,0.17,0.37,21.7
1/31/2026 9:00,varnerrd_to_I10interchange,SB,0.18,0.38,20.5
1/31/2026 10:00,varnerrd_to_I10interchange,SB,0.22,0.42,18.9
1/31/2026 11:00,varnerrd_to_I10interchange,SB,0.25,0.45,17.2
1/31/2026 12:00,varnerrd_to_I10interchange,SB,0.23,0.43,18.8
1/31/2026 13:00,varnerrd_to_I10interchange,SB,0.2,0.39,19.5
1/31/2026 14:00,varnerrd_to_I10interchange,SB,0.28,0.48,16.2
1/31/2026 15:00,varnerrd_to_I10interchange,SB,0.27,0.47,16.3
1/31/2026 16:00,varnerrd_to_I10interchange,SB,0.2,0.4,19.2
1/31/2026 17:00,varnerrd_to_I10interchange,SB,0.26,0.46,16.5
1/31/2026 18:00,varnerrd_to_I10interchange,SB,0.22,0.42,18.9
1/31/2026 19:00,varnerrd_to_I10interchange,SB,0.21,0.41,19.9
1/31/2026 20:00,varnerrd_to_I10interchange,SB,0.16,0.36,22.4
1/31/2026 21:00,varnerrd_to_I10interchange,SB,0.12,0.32,24.2
1/31/2026 22:00,varnerrd_to_I10interchange,SB,0.05,0.25,32.2
1/31/2026 23:00,varnerrd_to_I10interchange,SB,0.14,0.34,22.6
2/1/2026 0:00,varnerrd_to_I10interchange,SB,0.12,0.31,26.7
2/1/2026 1:00,varnerrd_to_I10interchange,SB,0.01,0.19,39.7
2/1/2026 2:00,varnerrd_to_I10interchange,SB,0.05,0.24,33.4
2/1/2026 3:00,varnerrd_to_I10interchange,SB,0.01,0.19,41
2/1/2026 4:00,varnerrd_to_I10interchange,SB,0.02,0.21,36.8
2/1/2026 5:00,varnerrd_to_I10interchange,SB,0.04,0.23,34.6
2/1/2026 6:00,varnerrd_to_I10interchange,SB,0.06,0.25,33.2
2/1/2026 7:00,varnerrd_to_I10interchange,SB,0.1,0.3,26.1
2/1/2026 8:00,varnerrd_to_I10interchange,SB,0.17,0.37,20.8
2/1/2026 9:00,varnerrd_to_I10interchange,SB,0.21,0.41,19
2/1/2026 10:00,varnerrd_to_I10interchange,SB,0.19,0.39,20.1
2/1/2026 11:00,varnerrd_to_I10interchange,SB,0.16,0.36,21.3
2/1/2026 12:00,varnerrd_to_I10interchange,SB,0.2,0.4,20.4
2/1/2026 13:00,varnerrd_to_I10interchange,SB,0.29,0.49,16.1
2/1/2026 14:00,varnerrd_to_I10interchange,SB,0.24,0.44,17.4
2/1/2026 15:00,varnerrd_to_I10interchange,SB,0.2,0.4,19.1
2/1/2026 16:00,varnerrd_to_I10interchange,SB,0.17,0.37,21.6
2/1/2026 17:00,varnerrd_to_I10interchange,SB,0.22,0.42,18.5
2/1/2026 18:00,varnerrd_to_I10interchange,SB,0.25,0.45,17.8
2/1/2026 19:00,varnerrd_to_I10interchange,SB,0.23,0.43,17.8
2/1/2026 20:00,varnerrd_to_I10interchange,SB,0.22,0.42,18.7
2/1/2026 21:00,varnerrd_to_I10interchange,SB,0.14,0.34,23
2/1/2026 22:00,varnerrd_to_I10interchange,SB,0.17,0.37,20.8
2/1/2026 23:00,varnerrd_to_I10interchange,SB,0.01,0.2,38.5
2/2/2026 0:00,varnerrd_to_I10interchange,SB,0.01,0.19,40.2
2/2/2026 1:00,varnerrd_to_I10interchange,SB,0,0.18,42.9
2/2/2026 2:00,varnerrd_to_I10interchange,SB,0.02,0.21,37.4
2/2/2026 3:00,varnerrd_to_I10interchange,SB,0.01,0.2,38.4
2/2/2026 4:00,varnerrd_to_I10interchange,SB,0.01,0.2,38.5
2/2/2026 5:00,varnerrd_to_I10interchange,SB,0.05,0.25,32
2/2/2026 6:00,varnerrd_to_I10interchange,SB,0.15,0.35,23
2/2/2026 7:00,varnerrd_to_I10interchange,SB,0.22,0.42,18.4
2/2/2026 8:00,varnerrd_to_I10interchange,SB,0.26,0.46,16.7
2/2/2026 9:00,varnerrd_to_I10interchange,SB,0.2,0.4,19
2/2/2026 10:00,varnerrd_to_I10interchange,SB,0.17,0.37,20.9
2/2/2026 11:00,varnerrd_to_I10interchange,SB,0.2,0.4,19.1
2/2/2026 12:00,varnerrd_to_I10interchange,SB,0.2,0.4,19.4
2/2/2026 13:00,varnerrd_to_I10interchange,SB,0.23,0.43,17.8
2/2/2026 14:00,varnerrd_to_I10interchange,SB,0.22,0.42,18.4
2/2/2026 15:00,varnerrd_to_I10interchange,SB,0.21,0.41,18.6
2/2/2026 16:00,varnerrd_to_I10interchange,SB,0.23,0.42,18.1
2/2/2026 17:00,varnerrd_to_I10interchange,SB,0.22,0.42,18.2
2/2/2026 18:00,varnerrd_to_I10interchange,SB,0.21,0.4,19.2
2/2/2026 19:00,varnerrd_to_I10interchange,SB,0.15,0.35,22.5
2/2/2026 20:00,varnerrd_to_I10interchange,SB,0.09,0.29,26.6
2/2/2026 21:00,varnerrd_to_I10interchange,SB,0.09,0.28,29.1
2/2/2026 22:00,varnerrd_to_I10interchange,SB,0.05,0.25,32.3
2/2/2026 23:00,varnerrd_to_I10interchange,SB,0.02,0.2,39.2
2/3/2026 0:00,varnerrd_to_I10interchange,SB,0.01,0.18,41.5
2/3/2026 1:00,varnerrd_to_I10interchange,SB,0.01,0.2,37
2/3/2026 2:00,varnerrd_to_I10interchange,SB,0,0.18,42.6
2/3/2026 3:00,varnerrd_to_I10interchange,SB,0.01,0.2,38.2
2/3/2026 4:00,varnerrd_to_I10interchange,SB,0.07,0.27,29.2
2/3/2026 5:00,varnerrd_to_I10interchange,SB,0.07,0.26,30.3
2/3/2026 6:00,varnerrd_to_I10interchange,SB,0.22,0.42,18.9
2/3/2026 7:00,varnerrd_to_I10interchange,SB,0.23,0.43,17.8
2/3/2026 8:00,varnerrd_to_I10interchange,SB,0.24,0.44,17.1
2/3/2026 9:00,varnerrd_to_I10interchange,SB,0.25,0.45,17.7
2/3/2026 10:00,varnerrd_to_I10interchange,SB,0.19,0.39,20.2
2/3/2026 11:00,varnerrd_to_I10interchange,SB,0.22,0.42,18.3
2/3/2026 12:00,varnerrd_to_I10interchange,SB,0.19,0.39,19.7
2/3/2026 13:00,varnerrd_to_I10interchange,SB,0.19,0.39,19.2
2/3/2026 14:00,varnerrd_to_I10interchange,SB,0.2,0.4,19.2
2/3/2026 15:00,varnerrd_to_I10interchange,SB,0.22,0.42,18.3
2/3/2026 16:00,varnerrd_to_I10interchange,SB,0.16,0.36,21.3
2/3/2026 17:00,varnerrd_to_I10interchange,SB,0.21,0.41,18.4
2/3/2026 18:00,varnerrd_to_I10interchange,SB,0.2,0.4,19.3
2/3/2026 19:00,varnerrd_to_I10interchange,SB,0.12,0.31,24.6
2/3/2026 20:00,varnerrd_to_I10interchange,SB,0.11,0.31,24.9
2/3/2026 21:00,varnerrd_to_I10interchange,SB,0.1,0.3,25.9
2/3/2026 22:00,varnerrd_to_I10interchange,SB,0.08,0.28,28.3
2/3/2026 23:00,varnerrd_to_I10interchange,SB,0.06,0.24,33.7
2/4/2026 0:00,varnerrd_to_I10interchange,SB,0.02,0.2,38.3
2/4/2026 1:00,varnerrd_to_I10interchange,SB,0,0.18,42.2
2/4/2026 2:00,varnerrd_to_I10interchange,SB,0,0.18,41.9
2/4/2026 3:00,varnerrd_to_I10interchange,SB,0.01,0.2,37.8
2/4/2026 4:00,varnerrd_to_I10interchange,SB,0.05,0.24,32.7
2/4/2026 5:00,varnerrd_to_I10interchange,SB,0.1,0.29,26.3
2/4/2026 6:00,varnerrd_to_I10interchange,SB,0.22,0.42,19.1
2/4/2026 7:00,varnerrd_to_I10interchange,SB,0.52,0.72,11.1
2/4/2026 8:00,varnerrd_to_I10interchange,SB,0.49,0.69,11.9
2/4/2026 9:00,varnerrd_to_I10interchange,SB,0.23,0.43,17.6
2/4/2026 10:00,varnerrd_to_I10interchange,SB,0.22,0.42,18.1
2/4/2026 11:00,varnerrd_to_I10interchange,SB,0.19,0.39,19.5
2/4/2026 12:00,varnerrd_to_I10interchange,SB,0.22,0.42,18.4
2/4/2026 13:00,varnerrd_to_I10interchange,SB,0.26,0.46,16.7
2/4/2026 14:00,varnerrd_to_I10interchange,SB,0.2,0.4,19.3
2/4/2026 15:00,varnerrd_to_I10interchange,SB,0.22,0.42,18.2
2/4/2026 16:00,varnerrd_to_I10interchange,SB,0.21,0.41,18.9
2/4/2026 17:00,varnerrd_to_I10interchange,SB,0.25,0.45,16.9
2/4/2026 18:00,varnerrd_to_I10interchange,SB,0.21,0.41,18.9
2/4/2026 19:00,varnerrd_to_I10interchange,SB,0.19,0.39,20
2/4/2026 20:00,varnerrd_to_I10interchange,SB,0.15,0.34,23.3
2/4/2026 21:00,varnerrd_to_I10interchange,SB,0.11,0.31,25.1
2/4/2026 22:00,varnerrd_to_I10interchange,SB,0.08,0.28,27.9
2/4/2026 23:00,varnerrd_to_I10interchange,SB,0.05,0.24,32.7
2/5/2026 0:00,varnerrd_to_I10interchange,SB,0,0.18,42.4
2/5/2026 1:00,varnerrd_to_I10interchange,SB,0.01,0.19,39.5
2/5/2026 2:00,varnerrd_to_I10interchange,SB,0.01,0.19,41
2/5/2026 3:00,varnerrd_to_I10interchange,SB,0.03,0.22,35.2
2/5/2026 4:00,varnerrd_to_I10interchange,SB,0.02,0.22,35.3
2/5/2026 5:00,varnerrd_to_I10interchange,SB,0.1,0.29,25.9
2/5/2026 6:00,varnerrd_to_I10interchange,SB,0.21,0.41,19.1
2/5/2026 7:00,varnerrd_to_I10interchange,SB,0.25,0.45,17.1
2/5/2026 8:00,varnerrd_to_I10interchange,SB,0.29,0.49,15.6
2/5/2026 9:00,varnerrd_to_I10interchange,SB,0.26,0.46,17.4
2/5/2026 10:00,varnerrd_to_I10interchange,SB,0.25,0.45,17.3
2/5/2026 11:00,varnerrd_to_I10interchange,SB,0.26,0.46,16.8
2/5/2026 12:00,varnerrd_to_I10interchange,SB,0.2,0.4,19.5
2/5/2026 13:00,varnerrd_to_I10interchange,SB,0.23,0.42,18.3
2/5/2026 14:00,varnerrd_to_I10interchange,SB,0.25,0.44,17.9
2/5/2026 15:00,varnerrd_to_I10interchange,SB,0.26,0.46,16.7
2/5/2026 16:00,varnerrd_to_I10interchange,SB,0.23,0.43,18.3
2/5/2026 17:00,varnerrd_to_I10interchange,SB,0.21,0.41,18.9
2/5/2026 18:00,varnerrd_to_I10interchange,SB,0.19,0.39,19.7
2/5/2026 19:00,varnerrd_to_I10interchange,SB,0.24,0.43,17.7
2/5/2026 20:00,varnerrd_to_I10interchange,SB,0.21,0.41,18.9
2/5/2026 21:00,varnerrd_to_I10interchange,SB,0.17,0.37,21.9
2/5/2026 22:00,varnerrd_to_I10interchange,SB,0.07,0.27,28.7
2/5/2026 23:00,varnerrd_to_I10interchange,SB,0.1,0.29,27.8
2/6/2026 0:00,varnerrd_to_I10interchange,SB,0.06,0.25,31.7
2/6/2026 1:00,varnerrd_to_I10interchange,SB,0,0.18,42.8
2/6/2026 2:00,varnerrd_to_I10interchange,SB,0.01,0.19,39.6
2/6/2026 3:00,varnerrd_to_I10interchange,SB,0.01,0.18,42.2
2/6/2026 4:00,varnerrd_to_I10interchange,SB,0.01,0.2,37.3
2/6/2026 5:00,varnerrd_to_I10interchange,SB,0.12,0.32,24.5
2/6/2026 6:00,varnerrd_to_I10interchange,SB,0.2,0.4,19.7
2/6/2026 7:00,varnerrd_to_I10interchange,SB,0.21,0.41,18.9
2/6/2026 8:00,varnerrd_to_I10interchange,SB,0.32,0.52,14.7
2/6/2026 9:00,varnerrd_to_I10interchange,SB,0.23,0.43,17.6
2/6/2026 10:00,varnerrd_to_I10interchange,SB,0.22,0.42,18.2
2/6/2026 11:00,varnerrd_to_I10interchange,SB,0.26,0.46,16.4
2/6/2026 12:00,varnerrd_to_I10interchange,SB,0.27,0.47,16.4
2/6/2026 13:00,varnerrd_to_I10interchange,SB,0.18,0.38,19.8
2/6/2026 14:00,varnerrd_to_I10interchange,SB,0.18,0.38,20.2
2/6/2026 15:00,varnerrd_to_I10interchange,SB,0.21,0.41,18.6
2/6/2026 16:00,varnerrd_to_I10interchange,SB,0.25,0.45,17.1
2/6/2026 17:00,varnerrd_to_I10interchange,SB,0.24,0.44,17.3
2/6/2026 18:00,varnerrd_to_I10interchange,SB,0.24,0.44,17.7
2/6/2026 19:00,varnerrd_to_I10interchange,SB,0.13,0.33,23.5
2/6/2026 20:00,varnerrd_to_I10interchange,SB,0.16,0.36,22.2
2/6/2026 21:00,varnerrd_to_I10interchange,SB,0.16,0.36,21.5
2/6/2026 22:00,varnerrd_to_I10interchange,SB,0.09,0.29,27.3
2/6/2026 23:00,varnerrd_to_I10interchange,SB,0.06,0.25,32.1
2/7/2026 0:00,varnerrd_to_I10interchange,SB,0.01,0.2,37.5
2/7/2026 1:00,varnerrd_to_I10interchange,SB,0,0.18,42.4
2/7/2026 2:00,varnerrd_to_I10interchange,SB,0.04,0.22,37.2
2/7/2026 3:00,varnerrd_to_I10interchange,SB,0,0.18,42.1
2/7/2026 4:00,varnerrd_to_I10interchange,SB,0,0.19,40.5
2/7/2026 5:00,varnerrd_to_I10interchange,SB,0.02,0.21,35.6
2/7/2026 6:00,varnerrd_to_I10interchange,SB,0.18,0.38,20.8
2/7/2026 7:00,varnerrd_to_I10interchange,SB,0.21,0.41,18.8
2/7/2026 8:00,varnerrd_to_I10interchange,SB,0.23,0.43,18
2/7/2026 9:00,varnerrd_to_I10interchange,SB,0.3,0.5,15.4
2/7/2026 10:00,varnerrd_to_I10interchange,SB,0.25,0.45,17.3
2/7/2026 11:00,varnerrd_to_I10interchange,SB,0.23,0.43,17.8
2/7/2026 12:00,varnerrd_to_I10interchange,SB,0.27,0.47,16.6
2/7/2026 13:00,varnerrd_to_I10interchange,SB,0.21,0.41,18.6
2/7/2026 14:00,varnerrd_to_I10interchange,SB,0.25,0.45,16.8
2/7/2026 15:00,varnerrd_to_I10interchange,SB,0.23,0.43,17.9
2/7/2026 16:00,varnerrd_to_I10interchange,SB,0.24,0.44,17.4
2/7/2026 17:00,varnerrd_to_I10interchange,SB,0.27,0.47,16.1
2/7/2026 18:00,varnerrd_to_I10interchange,SB,0.24,0.44,17.8
2/7/2026 19:00,varnerrd_to_I10interchange,SB,0.17,0.37,21.9
2/7/2026 20:00,varnerrd_to_I10interchange,SB,0.15,0.35,22.1
2/7/2026 21:00,varnerrd_to_I10interchange,SB,0.18,0.38,20.9
2/7/2026 22:00,varnerrd_to_I10interchange,SB,0.09,0.28,27.9
2/7/2026 23:00,varnerrd_to_I10interchange,SB,0.1,0.29,26.4
2/8/2026 0:00,varnerrd_to_I10interchange,SB,0.02,0.21,36.5
2/8/2026 1:00,varnerrd_to_I10interchange,SB,0.02,0.2,38
2/8/2026 2:00,varnerrd_to_I10interchange,SB,0,0.19,40.4
2/8/2026 3:00,varnerrd_to_I10interchange,SB,0,0.18,40.9
2/8/2026 4:00,varnerrd_to_I10interchange,SB,0,0.18,42.8
2/8/2026 5:00,varnerrd_to_I10interchange,SB,0.02,0.2,38.2
2/8/2026 6:00,varnerrd_to_I10interchange,SB,0.06,0.25,30.1
2/8/2026 7:00,varnerrd_to_I10interchange,SB,0.13,0.33,24.1
2/8/2026 8:00,varnerrd_to_I10interchange,SB,0.16,0.36,21.8
2/8/2026 9:00,varnerrd_to_I10interchange,SB,0.19,0.39,20.2
2/8/2026 10:00,varnerrd_to_I10interchange,SB,0.18,0.38,21.1
2/8/2026 11:00,varnerrd_to_I10interchange,SB,0.23,0.43,17.8
2/8/2026 12:00,varnerrd_to_I10interchange,SB,0.15,0.35,22.1
2/8/2026 13:00,varnerrd_to_I10interchange,SB,0.24,0.44,17.2
2/8/2026 14:00,varnerrd_to_I10interchange,SB,0.26,0.46,17
2/8/2026 15:00,varnerrd_to_I10interchange,SB,0.17,0.37,21.5
2/8/2026 16:00,varnerrd_to_I10interchange,SB,0.23,0.43,18
2/8/2026 17:00,varnerrd_to_I10interchange,SB,0.19,0.39,20.2
2/8/2026 18:00,varnerrd_to_I10interchange,SB,0.22,0.42,18.4
2/8/2026 19:00,varnerrd_to_I10interchange,SB,0.22,0.42,18.9
2/8/2026 20:00,varnerrd_to_I10interchange,SB,0.17,0.37,20.8
2/8/2026 21:00,varnerrd_to_I10interchange,SB,0.12,0.32,24.5
2/8/2026 22:00,varnerrd_to_I10interchange,SB,0.01,0.2,37.6
2/8/2026 23:00,varnerrd_to_I10interchange,SB,0.02,0.21,35.6
2/9/2026 0:00,varnerrd_to_I10interchange,SB,0.04,0.23,32.9
2/9/2026 1:00,varnerrd_to_I10interchange,SB,0.03,0.21,37.3
2/9/2026 2:00,varnerrd_to_I10interchange,SB,0.01,0.19,40.9
2/9/2026 3:00,varnerrd_to_I10interchange,SB,0.02,0.22,34.6
2/9/2026 4:00,varnerrd_to_I10interchange,SB,0.03,0.22,35.5
2/9/2026 5:00,varnerrd_to_I10interchange,SB,0.08,0.27,28.3
2/9/2026 6:00,varnerrd_to_I10interchange,SB,0.19,0.39,21
2/9/2026 7:00,varnerrd_to_I10interchange,SB,0.24,0.44,18
2/9/2026 8:00,varnerrd_to_I10interchange,SB,0.23,0.43,18
2/9/2026 9:00,varnerrd_to_I10interchange,SB,0.26,0.46,16.8
2/9/2026 10:00,varnerrd_to_I10interchange,SB,0.22,0.42,18.2
2/9/2026 11:00,varnerrd_to_I10interchange,SB,0.22,0.42,18.6
2/9/2026 12:00,varnerrd_to_I10interchange,SB,0.23,0.43,17.9
2/9/2026 13:00,varnerrd_to_I10interchange,SB,0.24,0.44,17.3
2/9/2026 14:00,varnerrd_to_I10interchange,SB,0.2,0.4,18.9
2/9/2026 15:00,varnerrd_to_I10interchange,SB,0.19,0.39,20
2/9/2026 16:00,varnerrd_to_I10interchange,SB,0.23,0.43,17.5
2/9/2026 17:00,varnerrd_to_I10interchange,SB,0.25,0.45,16.9
2/9/2026 18:00,varnerrd_to_I10interchange,SB,0.26,0.46,17.4
2/9/2026 19:00,varnerrd_to_I10interchange,SB,0.17,0.37,22.3
2/9/2026 20:00,varnerrd_to_I10interchange,SB,0.17,0.37,21.3
2/9/2026 21:00,varnerrd_to_I10interchange,SB,0.09,0.28,26.7
2/9/2026 22:00,varnerrd_to_I10interchange,SB,0.04,0.24,32.7
2/9/2026 23:00,varnerrd_to_I10interchange,SB,0,0.18,40.8
2/10/2026 0:00,varnerrd_to_I10interchange,SB,0.02,0.2,39.1
2/10/2026 1:00,varnerrd_to_I10interchange,SB,0.03,0.22,34.6
2/10/2026 2:00,varnerrd_to_I10interchange,SB,0,0.18,42.5
2/10/2026 3:00,varnerrd_to_I10interchange,SB,0.01,0.19,40.5
2/10/2026 4:00,varnerrd_to_I10interchange,SB,0.06,0.25,31.9
2/10/2026 5:00,varnerrd_to_I10interchange,SB,0.09,0.29,27.2
2/10/2026 6:00,varnerrd_to_I10interchange,SB,0.01,0.19,41.2
2/10/2026 7:00,varnerrd_to_I10interchange,SB,0,0.17,44
2/10/2026 8:00,varnerrd_to_I10interchange,SB,0,0.17,44
2/10/2026 9:00,varnerrd_to_I10interchange,SB,0,0.17,44
2/10/2026 10:00,varnerrd_to_I10interchange,SB,0,0.17,44
2/10/2026 11:00,varnerrd_to_I10interchange,SB,0.14,0.33,29.2
2/10/2026 12:00,varnerrd_to_I10interchange,SB,0.21,0.41,18.9
2/10/2026 13:00,varnerrd_to_I10interchange,SB,0.21,0.41,19.2
2/10/2026 14:00,varnerrd_to_I10interchange,SB,0.22,0.42,18.8
2/10/2026 15:00,varnerrd_to_I10interchange,SB,0.17,0.37,20.9
2/10/2026 16:00,varnerrd_to_I10interchange,SB,0.26,0.46,16.9
2/10/2026 17:00,varnerrd_to_I10interchange,SB,0.19,0.39,19.8
2/10/2026 18:00,varnerrd_to_I10interchange,SB,0.2,0.4,19.3
2/10/2026 19:00,varnerrd_to_I10interchange,SB,0.19,0.39,19.7
2/10/2026 20:00,varnerrd_to_I10interchange,SB,0.21,0.41,19.1
2/10/2026 21:00,varnerrd_to_I10interchange,SB,0.18,0.38,20
2/10/2026 22:00,varnerrd_to_I10interchange,SB,0.1,0.29,29.2
2/10/2026 23:00,varnerrd_to_I10interchange,SB,0.08,0.27,30.4
2/11/2026 0:00,varnerrd_to_I10interchange,SB,0.01,0.19,39.9
2/11/2026 1:00,varnerrd_to_I10interchange,SB,0.01,0.19,41.1
2/11/2026 2:00,varnerrd_to_I10interchange,SB,0.01,0.18,41.2
2/11/2026 3:00,varnerrd_to_I10interchange,SB,0.02,0.2,38.5
2/11/2026 4:00,varnerrd_to_I10interchange,SB,0.06,0.25,30.6
2/11/2026 5:00,varnerrd_to_I10interchange,SB,0.05,0.24,31.3
2/11/2026 6:00,varnerrd_to_I10interchange,SB,0.23,0.43,17.9
2/11/2026 7:00,varnerrd_to_I10interchange,SB,0.25,0.45,17
2/11/2026 8:00,varnerrd_to_I10interchange,SB,0.23,0.43,17.6
2/11/2026 9:00,varnerrd_to_I10interchange,SB,0.25,0.45,17.1
2/11/2026 10:00,varnerrd_to_I10interchange,SB,0.21,0.41,19.2
2/11/2026 11:00,varnerrd_to_I10interchange,SB,0.21,0.41,19
2/11/2026 12:00,varnerrd_to_I10interchange,SB,0.2,0.4,19.5
2/11/2026 13:00,varnerrd_to_I10interchange,SB,0.14,0.34,23
2/11/2026 14:00,varnerrd_to_I10interchange,SB,0.18,0.38,20.1
2/11/2026 15:00,varnerrd_to_I10interchange,SB,0.18,0.38,20.8
2/11/2026 16:00,varnerrd_to_I10interchange,SB,0.22,0.42,18.2
2/11/2026 17:00,varnerrd_to_I10interchange,SB,0.22,0.42,17.9
2/11/2026 18:00,varnerrd_to_I10interchange,SB,0.2,0.4,19.7
2/11/2026 19:00,varnerrd_to_I10interchange,SB,0.22,0.42,18.2
2/11/2026 20:00,varnerrd_to_I10interchange,SB,0.19,0.39,21
2/11/2026 21:00,varnerrd_to_I10interchange,SB,0.13,0.32,24.5
2/11/2026 22:00,varnerrd_to_I10interchange,SB,0.14,0.33,25.8
2/11/2026 23:00,varnerrd_to_I10interchange,SB,0.23,0.42,18.2
2/12/2026 0:00,varnerrd_to_I10interchange,SB,0.12,0.31,26.4
2/12/2026 1:00,varnerrd_to_I10interchange,SB,0.02,0.2,38
2/12/2026 2:00,varnerrd_to_I10interchange,SB,0.01,0.2,38.9
2/12/2026 3:00,varnerrd_to_I10interchange,SB,0,0.18,41.8
2/12/2026 4:00,varnerrd_to_I10interchange,SB,0.05,0.25,31.8
2/12/2026 5:00,varnerrd_to_I10interchange,SB,0.1,0.3,25.5
2/12/2026 6:00,varnerrd_to_I10interchange,SB,0.24,0.43,18.2
2/12/2026 7:00,varnerrd_to_I10interchange,SB,0.19,0.39,19.8
2/12/2026 8:00,varnerrd_to_I10interchange,SB,0.24,0.43,17.9
2/12/2026 9:00,varnerrd_to_I10interchange,SB,0.22,0.42,18.6
2/12/2026 10:00,varnerrd_to_I10interchange,SB,0.16,0.36,21.7
2/12/2026 11:00,varnerrd_to_I10interchange,SB,0.23,0.43,17.8
2/12/2026 12:00,varnerrd_to_I10interchange,SB,0.21,0.41,19.4
2/12/2026 13:00,varnerrd_to_I10interchange,SB,0.23,0.43,18.1
2/12/2026 14:00,varnerrd_to_I10interchange,SB,0.23,0.43,17.6
2/12/2026 15:00,varnerrd_to_I10interchange,SB,0.22,0.42,18.2
2/12/2026 16:00,varnerrd_to_I10interchange,SB,0.27,0.47,16.6
2/12/2026 17:00,varnerrd_to_I10interchange,SB,0.21,0.41,19
2/12/2026 18:00,varnerrd_to_I10interchange,SB,0.21,0.41,18.8
2/12/2026 19:00,varnerrd_to_I10interchange,SB,0.19,0.39,20.3
2/12/2026 20:00,varnerrd_to_I10interchange,SB,0.15,0.35,21.9
2/12/2026 21:00,varnerrd_to_I10interchange,SB,0.08,0.27,28.2
2/12/2026 22:00,varnerrd_to_I10interchange,SB,0.11,0.31,25.7
2/12/2026 23:00,varnerrd_to_I10interchange,SB,0.08,0.28,28.2
2/13/2026 0:00,varnerrd_to_I10interchange,SB,0.03,0.22,35
2/13/2026 1:00,varnerrd_to_I10interchange,SB,0,0.19,40.6
2/13/2026 2:00,varnerrd_to_I10interchange,SB,0.01,0.19,39.6
2/13/2026 3:00,varnerrd_to_I10interchange,SB,0,0.17,43.2
2/13/2026 4:00,varnerrd_to_I10interchange,SB,0.04,0.23,34.2
2/13/2026 5:00,varnerrd_to_I10interchange,SB,0.07,0.26,30.2
2/13/2026 6:00,varnerrd_to_I10interchange,SB,0.2,0.39,19.6
2/13/2026 7:00,varnerrd_to_I10interchange,SB,0.17,0.37,20.8
2/13/2026 8:00,varnerrd_to_I10interchange,SB,0.2,0.4,19.2
2/13/2026 9:00,varnerrd_to_I10interchange,SB,0.19,0.39,20.3
2/13/2026 10:00,varnerrd_to_I10interchange,SB,0.22,0.42,18.4
2/13/2026 11:00,varnerrd_to_I10interchange,SB,0.23,0.43,18
2/13/2026 12:00,varnerrd_to_I10interchange,SB,0.25,0.45,17.2
2/13/2026 13:00,varnerrd_to_I10interchange,SB,0.23,0.42,18
2/13/2026 14:00,varnerrd_to_I10interchange,SB,0.34,0.54,14.3
2/13/2026 15:00,varnerrd_to_I10interchange,SB,0.23,0.43,17.9
2/13/2026 16:00,varnerrd_to_I10interchange,SB,0.25,0.44,17.6
2/13/2026 17:00,varnerrd_to_I10interchange,SB,0.25,0.45,17.1
2/13/2026 18:00,varnerrd_to_I10interchange,SB,0.21,0.4,18.9
2/13/2026 19:00,varnerrd_to_I10interchange,SB,0.17,0.37,20.9
2/13/2026 20:00,varnerrd_to_I10interchange,SB,0.15,0.35,22.2
2/13/2026 21:00,varnerrd_to_I10interchange,SB,0.22,0.42,18.3
2/13/2026 22:00,varnerrd_to_I10interchange,SB,0.2,0.4,19.4
2/13/2026 23:00,varnerrd_to_I10interchange,SB,0.1,0.3,26.3
2/14/2026 0:00,varnerrd_to_I10interchange,SB,0.05,0.24,31.5
2/14/2026 1:00,varnerrd_to_I10interchange,SB,0.06,0.25,32.9
2/14/2026 2:00,varnerrd_to_I10interchange,SB,0.05,0.23,33.5
2/14/2026 3:00,varnerrd_to_I10interchange,SB,0,0.19,40.2
2/14/2026 4:00,varnerrd_to_I10interchange,SB,0.04,0.23,34.3
2/14/2026 5:00,varnerrd_to_I10interchange,SB,0.05,0.24,32.6
2/14/2026 6:00,varnerrd_to_I10interchange,SB,0.15,0.35,23
2/14/2026 7:00,varnerrd_to_I10interchange,SB,0.18,0.38,20.3
2/14/2026 8:00,varnerrd_to_I10interchange,SB,0.17,0.37,20.7
2/14/2026 9:00,varnerrd_to_I10interchange,SB,0.25,0.44,17.2
2/14/2026 10:00,varnerrd_to_I10interchange,SB,0.22,0.42,18.3
2/14/2026 11:00,varnerrd_to_I10interchange,SB,0.28,0.48,16.7
2/14/2026 12:00,varnerrd_to_I10interchange,SB,0.21,0.41,18.6
2/14/2026 13:00,varnerrd_to_I10interchange,SB,0.25,0.45,17.2
2/14/2026 14:00,varnerrd_to_I10interchange,SB,0.29,0.49,15.6
2/14/2026 15:00,varnerrd_to_I10interchange,SB,0.27,0.47,16.1
2/14/2026 16:00,varnerrd_to_I10interchange,SB,0.22,0.42,18.4
2/14/2026 17:00,varnerrd_to_I10interchange,SB,0.21,0.41,19.2
2/14/2026 18:00,varnerrd_to_I10interchange,SB,0.22,0.42,18.5
2/14/2026 19:00,varnerrd_to_I10interchange,SB,0.25,0.45,17.7
2/14/2026 20:00,varnerrd_to_I10interchange,SB,0.18,0.38,20.8
2/14/2026 21:00,varnerrd_to_I10interchange,SB,0.15,0.35,24.8
2/14/2026 22:00,varnerrd_to_I10interchange,SB,0.13,0.32,23.5
2/14/2026 23:00,varnerrd_to_I10interchange,SB,0.1,0.3,25.8
2/15/2026 0:00,varnerrd_to_I10interchange,SB,0.02,0.21,36.2
2/15/2026 1:00,varnerrd_to_I10interchange,SB,0.01,0.2,39.1
2/15/2026 2:00,varnerrd_to_I10interchange,SB,0.01,0.18,41
2/15/2026 3:00,varnerrd_to_I10interchange,SB,0.01,0.19,40.2
2/15/2026 4:00,varnerrd_to_I10interchange,SB,0.01,0.19,41
2/15/2026 5:00,varnerrd_to_I10interchange,SB,0.01,0.19,39.5
2/15/2026 6:00,varnerrd_to_I10interchange,SB,0.03,0.22,33.9
2/15/2026 7:00,varnerrd_to_I10interchange,SB,0.17,0.37,21.7
2/15/2026 8:00,varnerrd_to_I10interchange,SB,0.19,0.39,19.5
2/15/2026 9:00,varnerrd_to_I10interchange,SB,0.19,0.39,19.7
2/15/2026 10:00,varnerrd_to_I10interchange,SB,0.18,0.38,20.6
2/15/2026 11:00,varnerrd_to_I10interchange,SB,0.21,0.41,18.9
2/15/2026 12:00,varnerrd_to_I10interchange,SB,0.17,0.37,21.1
2/15/2026 13:00,varnerrd_to_I10interchange,SB,0.25,0.45,17
2/15/2026 14:00,varnerrd_to_I10interchange,SB,0.21,0.41,19.5
2/15/2026 15:00,varnerrd_to_I10interchange,SB,0.28,0.48,16.2
2/15/2026 16:00,varnerrd_to_I10interchange,SB,0.22,0.42,18.6
2/15/2026 17:00,varnerrd_to_I10interchange,SB,0.24,0.44,17.4
2/15/2026 18:00,varnerrd_to_I10interchange,SB,0.28,0.48,15.8
2/15/2026 19:00,varnerrd_to_I10interchange,SB,0.2,0.4,19.2
2/15/2026 20:00,varnerrd_to_I10interchange,SB,0.17,0.37,21.1
2/15/2026 21:00,varnerrd_to_I10interchange,SB,0.12,0.32,24.4
2/15/2026 22:00,varnerrd_to_I10interchange,SB,0.18,0.38,20.2
2/15/2026 23:00,varnerrd_to_I10interchange,SB,0.09,0.28,28.6
2/16/2026 0:00,varnerrd_to_I10interchange,SB,0.02,0.2,38.8
2/16/2026 1:00,varnerrd_to_I10interchange,SB,0.01,0.19,39.1
2/16/2026 2:00,varnerrd_to_I10interchange,SB,0.02,0.2,37.8
2/16/2026 3:00,varnerrd_to_I10interchange,SB,0.01,0.2,37.4
2/16/2026 4:00,varnerrd_to_I10interchange,SB,0.02,0.21,37
2/16/2026 5:00,varnerrd_to_I10interchange,SB,0.07,0.26,30.3
2/16/2026 6:00,varnerrd_to_I10interchange,SB,0.16,0.36,21.4
2/16/2026 7:00,varnerrd_to_I10interchange,SB,0.2,0.4,19.7
2/16/2026 8:00,varnerrd_to_I10interchange,SB,0.28,0.47,16.3
2/16/2026 9:00,varnerrd_to_I10interchange,SB,0.2,0.4,19.2
2/16/2026 10:00,varnerrd_to_I10interchange,SB,0.2,0.4,19.2
2/16/2026 11:00,varnerrd_to_I10interchange,SB,0.16,0.36,21.1
2/16/2026 12:00,varnerrd_to_I10interchange,SB,0.19,0.39,19.9
2/16/2026 13:00,varnerrd_to_I10interchange,SB,0.23,0.43,17.5
2/16/2026 14:00,varnerrd_to_I10interchange,SB,0.23,0.43,18
2/16/2026 15:00,varnerrd_to_I10interchange,SB,0.24,0.44,17.9
2/16/2026 16:00,varnerrd_to_I10interchange,SB,0.21,0.41,18.9
2/16/2026 17:00,varnerrd_to_I10interchange,SB,0.24,0.44,17.5
2/16/2026 18:00,varnerrd_to_I10interchange,SB,0.14,0.34,23.4
2/16/2026 19:00,varnerrd_to_I10interchange,SB,0.17,0.37,21.7
2/16/2026 20:00,varnerrd_to_I10interchange,SB,0.1,0.3,26
2/16/2026 21:00,varnerrd_to_I10interchange,SB,0.15,0.35,23
2/16/2026 22:00,varnerrd_to_I10interchange,SB,0.06,0.25,32.1
2/16/2026 23:00,varnerrd_to_I10interchange,SB,0.01,0.19,39
2/17/2026 0:00,varnerrd_to_I10interchange,SB,0.02,0.21,36.3
2/17/2026 1:00,varnerrd_to_I10interchange,SB,0.01,0.2,39.1
2/17/2026 2:00,varnerrd_to_I10interchange,SB,0,0.18,42
2/17/2026 3:00,varnerrd_to_I10interchange,SB,0.01,0.19,40.6
2/17/2026 4:00,varnerrd_to_I10interchange,SB,0.05,0.24,32.1
2/17/2026 5:00,varnerrd_to_I10interchange,SB,0.12,0.31,26.5
2/17/2026 6:00,varnerrd_to_I10interchange,SB,0.28,0.47,16.7
2/17/2026 7:00,varnerrd_to_I10interchange,SB,0.28,0.48,16.8
2/17/2026 8:00,varnerrd_to_I10interchange,SB,0.24,0.44,17.7
2/17/2026 9:00,varnerrd_to_I10interchange,SB,0.24,0.44,17.8
2/17/2026 10:00,varnerrd_to_I10interchange,SB,0.19,0.39,19.9
2/17/2026 11:00,varnerrd_to_I10interchange,SB,0.19,0.39,19.6
2/17/2026 12:00,varnerrd_to_I10interchange,SB,0.24,0.44,17.6
2/17/2026 13:00,varnerrd_to_I10interchange,SB,0.2,0.4,19.3
2/17/2026 14:00,varnerrd_to_I10interchange,SB,0.23,0.43,17.9
2/17/2026 15:00,varnerrd_to_I10interchange,SB,0.2,0.4,20
2/17/2026 16:00,varnerrd_to_I10interchange,SB,0.21,0.41,18.6
2/17/2026 17:00,varnerrd_to_I10interchange,SB,0.24,0.44,17.3
2/17/2026 18:00,varnerrd_to_I10interchange,SB,0.19,0.39,19.5
2/17/2026 19:00,varnerrd_to_I10interchange,SB,0.2,0.4,20.1
2/17/2026 20:00,varnerrd_to_I10interchange,SB,0.19,0.39,19.9
2/17/2026 21:00,varnerrd_to_I10interchange,SB,0.13,0.33,25.1
2/17/2026 22:00,varnerrd_to_I10interchange,SB,0.12,0.31,25.6
2/17/2026 23:00,varnerrd_to_I10interchange,SB,0.05,0.24,32.8
2/18/2026 0:00,varnerrd_to_I10interchange,SB,0.02,0.21,36.9
2/18/2026 1:00,varnerrd_to_I10interchange,SB,0.01,0.19,39.4
2/18/2026 2:00,varnerrd_to_I10interchange,SB,0.01,0.18,41.7
2/18/2026 3:00,varnerrd_to_I10interchange,SB,0.01,0.18,41.5
2/18/2026 4:00,varnerrd_to_I10interchange,SB,0.08,0.27,28.4
2/18/2026 5:00,varnerrd_to_I10interchange,SB,0.12,0.32,24.8
2/18/2026 6:00,varnerrd_to_I10interchange,SB,0.18,0.38,20.3
2/18/2026 7:00,varnerrd_to_I10interchange,SB,0.23,0.43,17.9
2/18/2026 8:00,varnerrd_to_I10interchange,SB,0.23,0.43,18
2/18/2026 9:00,varnerrd_to_I10interchange,SB,0.16,0.36,20.9
2/18/2026 10:00,varnerrd_to_I10interchange,SB,0.28,0.48,15.9
2/18/2026 11:00,varnerrd_to_I10interchange,SB,0.24,0.44,17.6
2/18/2026 12:00,varnerrd_to_I10interchange,SB,0.21,0.41,18.8
2/18/2026 13:00,varnerrd_to_I10interchange,SB,0.2,0.4,19.3
2/18/2026 14:00,varnerrd_to_I10interchange,SB,0.19,0.39,19.3
2/18/2026 15:00,varnerrd_to_I10interchange,SB,0.24,0.43,17.7
2/18/2026 16:00,varnerrd_to_I10interchange,SB,0.19,0.39,19.7
2/18/2026 17:00,varnerrd_to_I10interchange,SB,0.16,0.36,21.7
2/18/2026 18:00,varnerrd_to_I10interchange,SB,0.22,0.42,18.7
2/18/2026 19:00,varnerrd_to_I10interchange,SB,0.22,0.42,18.6
2/18/2026 20:00,varnerrd_to_I10interchange,SB,0.14,0.34,23.3
2/18/2026 21:00,varnerrd_to_I10interchange,SB,0.15,0.35,21.8
2/18/2026 22:00,varnerrd_to_I10interchange,SB,0.15,0.34,22.3
2/18/2026 23:00,varnerrd_to_I10interchange,SB,0.06,0.25,32
