local_datetime,corridor_id,direction,average_delay,average_traveltime,average_speed
9/1/2024 0:00,delwebb_to_marketpl,SB,0,0.46,53.6
9/1/2024 1:00,delwebb_to_marketpl,SB,0,0.48,51.9
9/1/2024 2:00,delwebb_to_marketpl,SB,0,0.47,52.7
9/1/2024 3:00,delwebb_to_marketpl,SB,0,0.46,54
9/1/2024 4:00,delwebb_to_marketpl,SB,0,0.46,54
9/1/2024 5:00,delwebb_to_marketpl,SB,0,0.46,54
9/1/2024 6:00,delwebb_to_marketpl,SB,0,0.5,50.4
9/1/2024 7:00,delwebb_to_marketpl,SB,0,0.42,59.7
9/1/2024 8:00,delwebb_to_marketpl,SB,0,0.43,57.6
9/1/2024 9:00,delwebb_to_marketpl,SB,0,0.41,60.6
9/1/2024 10:00,delwebb_to_marketpl,SB,0,0.4,62.7
9/1/2024 11:00,delwebb_to_marketpl,SB,0,0.44,57.3
9/1/2024 12:00,delwebb_to_marketpl,SB,0,0.47,53.5
9/1/2024 13:00,delwebb_to_marketpl,SB,0,0.42,58.7
9/1/2024 14:00,delwebb_to_marketpl,SB,0,0.42,59.5
9/1/2024 15:00,delwebb_to_marketpl,SB,0,0.44,56.7
9/1/2024 16:00,delwebb_to_marketpl,SB,0,0.45,55.2
9/1/2024 17:00,delwebb_to_marketpl,SB,0,0.42,59.2
9/1/2024 18:00,delwebb_to_marketpl,SB,0,0.46,54.5
9/1/2024 19:00,delwebb_to_marketpl,SB,0,0.41,60.4
9/1/2024 20:00,delwebb_to_marketpl,SB,0,0.46,54.2
9/1/2024 21:00,delwebb_to_marketpl,SB,0,0.45,55.5
9/1/2024 22:00,delwebb_to_marketpl,SB,0,0.41,60.1
9/1/2024 23:00,delwebb_to_marketpl,SB,0,0.46,54.3
9/2/2024 0:00,delwebb_to_marketpl,SB,0,0.46,54
9/2/2024 1:00,delwebb_to_marketpl,SB,0,0.48,52.3
9/2/2024 2:00,delwebb_to_marketpl,SB,0,0.48,51.9
9/2/2024 3:00,delwebb_to_marketpl,SB,0,0.46,54
9/2/2024 4:00,delwebb_to_marketpl,SB,0,0.46,54
9/2/2024 5:00,delwebb_to_marketpl,SB,0,0.46,54
9/2/2024 6:00,delwebb_to_marketpl,SB,0,0.46,54.6
9/2/2024 7:00,delwebb_to_marketpl,SB,0,0.46,54
9/2/2024 8:00,delwebb_to_marketpl,SB,0,0.45,55.7
9/2/2024 9:00,delwebb_to_marketpl,SB,0,0.45,55.6
9/2/2024 10:00,delwebb_to_marketpl,SB,0,0.45,55.3
9/2/2024 11:00,delwebb_to_marketpl,SB,0,0.47,53.5
9/2/2024 12:00,delwebb_to_marketpl,SB,0,0.46,54.3
9/2/2024 13:00,delwebb_to_marketpl,SB,0,0.44,57.2
9/2/2024 14:00,delwebb_to_marketpl,SB,0,0.41,60.1
9/2/2024 15:00,delwebb_to_marketpl,SB,0,0.43,58.1
9/2/2024 16:00,delwebb_to_marketpl,SB,0,0.42,59.5
9/2/2024 17:00,delwebb_to_marketpl,SB,0,0.43,57.9
9/2/2024 18:00,delwebb_to_marketpl,SB,0,0.44,57.4
9/2/2024 19:00,delwebb_to_marketpl,SB,0,0.42,59.2
9/2/2024 20:00,delwebb_to_marketpl,SB,0,0.43,57.7
9/2/2024 21:00,delwebb_to_marketpl,SB,0,0.48,52.1
9/2/2024 22:00,delwebb_to_marketpl,SB,0,0.45,55.1
9/2/2024 23:00,delwebb_to_marketpl,SB,0,0.43,57.5
9/3/2024 0:00,delwebb_to_marketpl,SB,0,0.46,54
9/3/2024 1:00,delwebb_to_marketpl,SB,0,0.46,54
9/3/2024 2:00,delwebb_to_marketpl,SB,0,0.47,52.6
9/3/2024 3:00,delwebb_to_marketpl,SB,0,0.46,54.3
9/3/2024 4:00,delwebb_to_marketpl,SB,0,0.46,54
9/3/2024 5:00,delwebb_to_marketpl,SB,0,0.46,54
9/3/2024 6:00,delwebb_to_marketpl,SB,0,0.46,54
9/3/2024 7:00,delwebb_to_marketpl,SB,0,0.45,55.8
9/3/2024 8:00,delwebb_to_marketpl,SB,0,0.43,58.1
9/3/2024 9:00,delwebb_to_marketpl,SB,0,0.42,59.4
9/3/2024 10:00,delwebb_to_marketpl,SB,0.31,0.84,34.8
9/3/2024 11:00,delwebb_to_marketpl,SB,0.42,0.98,26.7
9/3/2024 12:00,delwebb_to_marketpl,SB,0.31,0.87,28.9
9/3/2024 13:00,delwebb_to_marketpl,SB,0.57,1.13,24.6
9/3/2024 14:00,delwebb_to_marketpl,SB,0.31,0.86,30.5
9/3/2024 15:00,delwebb_to_marketpl,SB,0.54,1.1,22.8
9/3/2024 16:00,delwebb_to_marketpl,SB,0.43,0.98,26
9/3/2024 17:00,delwebb_to_marketpl,SB,0.42,0.98,26.9
9/3/2024 18:00,delwebb_to_marketpl,SB,0.09,0.63,39.6
9/3/2024 19:00,delwebb_to_marketpl,SB,0.25,0.83,30.6
9/3/2024 20:00,delwebb_to_marketpl,SB,0.24,0.81,31.8
9/3/2024 21:00,delwebb_to_marketpl,SB,0.29,0.84,32.3
9/3/2024 22:00,delwebb_to_marketpl,SB,0.11,0.66,38.5
9/3/2024 23:00,delwebb_to_marketpl,SB,0.17,0.72,36.3
9/4/2024 0:00,delwebb_to_marketpl,SB,0.02,0.56,44.4
9/4/2024 1:00,delwebb_to_marketpl,SB,0.08,0.63,39.7
9/4/2024 2:00,delwebb_to_marketpl,SB,0.04,0.59,41.9
9/4/2024 3:00,delwebb_to_marketpl,SB,0.03,0.58,43.3
9/4/2024 4:00,delwebb_to_marketpl,SB,0.08,0.64,38.9
9/4/2024 5:00,delwebb_to_marketpl,SB,0.21,0.77,33.1
9/4/2024 6:00,delwebb_to_marketpl,SB,0.17,0.69,36.5
9/4/2024 7:00,delwebb_to_marketpl,SB,0.55,1.1,23.1
9/4/2024 8:00,delwebb_to_marketpl,SB,0.44,0.99,26.2
9/4/2024 9:00,delwebb_to_marketpl,SB,0.53,1.08,23.2
9/4/2024 10:00,delwebb_to_marketpl,SB,0.26,0.82,30.7
9/4/2024 11:00,delwebb_to_marketpl,SB,0.53,1.1,24.7
9/4/2024 12:00,delwebb_to_marketpl,SB,0.58,1.15,23.6
9/4/2024 13:00,delwebb_to_marketpl,SB,0.44,1,26
9/4/2024 14:00,delwebb_to_marketpl,SB,0.42,0.98,26.1
9/4/2024 15:00,delwebb_to_marketpl,SB,0.65,1.22,20.8
9/4/2024 16:00,delwebb_to_marketpl,SB,0.34,0.9,28.5
9/4/2024 17:00,delwebb_to_marketpl,SB,0.33,0.89,28.1
9/4/2024 18:00,delwebb_to_marketpl,SB,0.29,0.85,29.5
9/4/2024 19:00,delwebb_to_marketpl,SB,0.13,0.66,38.5
9/4/2024 20:00,delwebb_to_marketpl,SB,0.18,0.72,35.1
9/4/2024 21:00,delwebb_to_marketpl,SB,0.19,0.74,34.1
9/4/2024 22:00,delwebb_to_marketpl,SB,0.11,0.66,38.2
9/4/2024 23:00,delwebb_to_marketpl,SB,0.08,0.63,39.4
9/5/2024 0:00,delwebb_to_marketpl,SB,0.05,0.6,41.6
9/5/2024 1:00,delwebb_to_marketpl,SB,0.06,0.59,42.6
9/5/2024 2:00,delwebb_to_marketpl,SB,0.05,0.6,42
9/5/2024 3:00,delwebb_to_marketpl,SB,0.16,0.71,37.1
9/5/2024 4:00,delwebb_to_marketpl,SB,0.3,0.87,31.8
9/5/2024 5:00,delwebb_to_marketpl,SB,0.15,0.7,36.8
9/5/2024 6:00,delwebb_to_marketpl,SB,0.36,0.91,28.3
9/5/2024 7:00,delwebb_to_marketpl,SB,0.53,1.08,24.3
9/5/2024 8:00,delwebb_to_marketpl,SB,0.55,1.11,23.1
9/5/2024 9:00,delwebb_to_marketpl,SB,0.28,0.84,30.1
9/5/2024 10:00,delwebb_to_marketpl,SB,0.32,0.88,29
9/5/2024 11:00,delwebb_to_marketpl,SB,0.47,1.02,24.9
9/5/2024 12:00,delwebb_to_marketpl,SB,0.3,0.87,29.5
9/5/2024 13:00,delwebb_to_marketpl,SB,0.31,0.86,29.5
9/5/2024 14:00,delwebb_to_marketpl,SB,0.23,0.79,32.2
9/5/2024 15:00,delwebb_to_marketpl,SB,0.46,1.01,25.5
9/5/2024 16:00,delwebb_to_marketpl,SB,0.56,1.11,23.3
9/5/2024 17:00,delwebb_to_marketpl,SB,0.52,1.07,23.9
9/5/2024 18:00,delwebb_to_marketpl,SB,0.17,0.72,35.7
9/5/2024 19:00,delwebb_to_marketpl,SB,0.15,0.67,37.8
9/5/2024 20:00,delwebb_to_marketpl,SB,0.17,0.72,36
9/5/2024 21:00,delwebb_to_marketpl,SB,0.23,0.77,32.5
9/5/2024 22:00,delwebb_to_marketpl,SB,0.23,0.74,34.1
9/5/2024 23:00,delwebb_to_marketpl,SB,0.18,0.72,35.4
9/6/2024 0:00,delwebb_to_marketpl,SB,0.03,0.58,42.9
9/6/2024 1:00,delwebb_to_marketpl,SB,0.03,0.56,44.6
9/6/2024 2:00,delwebb_to_marketpl,SB,0.03,0.58,43
9/6/2024 3:00,delwebb_to_marketpl,SB,0.01,0.56,44.4
9/6/2024 4:00,delwebb_to_marketpl,SB,0.05,0.61,41
9/6/2024 5:00,delwebb_to_marketpl,SB,0.25,0.78,33
9/6/2024 6:00,delwebb_to_marketpl,SB,0.26,0.81,32.1
9/6/2024 7:00,delwebb_to_marketpl,SB,0.46,1.02,25.1
9/6/2024 8:00,delwebb_to_marketpl,SB,0.42,0.96,27.7
9/6/2024 9:00,delwebb_to_marketpl,SB,0.38,0.94,27.5
9/6/2024 10:00,delwebb_to_marketpl,SB,0.43,1,25.3
9/6/2024 11:00,delwebb_to_marketpl,SB,0.34,0.91,28.2
9/6/2024 12:00,delwebb_to_marketpl,SB,0.56,1.13,23.2
9/6/2024 13:00,delwebb_to_marketpl,SB,0.54,1.1,23.7
9/6/2024 14:00,delwebb_to_marketpl,SB,0.39,0.96,26.7
9/6/2024 15:00,delwebb_to_marketpl,SB,0.3,0.86,29.5
9/6/2024 16:00,delwebb_to_marketpl,SB,0.22,0.77,32.8
9/6/2024 17:00,delwebb_to_marketpl,SB,0.37,0.92,27.7
9/6/2024 18:00,delwebb_to_marketpl,SB,0.25,0.81,30.8
9/6/2024 19:00,delwebb_to_marketpl,SB,0.35,0.91,28.4
9/6/2024 20:00,delwebb_to_marketpl,SB,0.16,0.71,35.3
9/6/2024 21:00,delwebb_to_marketpl,SB,0.16,0.72,35
9/6/2024 22:00,delwebb_to_marketpl,SB,0.11,0.67,37.1
9/6/2024 23:00,delwebb_to_marketpl,SB,0.14,0.66,37.9
9/7/2024 0:00,delwebb_to_marketpl,SB,0.25,0.77,33.3
9/7/2024 1:00,delwebb_to_marketpl,SB,0.18,0.73,34.7
9/7/2024 2:00,delwebb_to_marketpl,SB,0.07,0.61,41.1
9/7/2024 3:00,delwebb_to_marketpl,SB,0.06,0.61,41.1
9/7/2024 4:00,delwebb_to_marketpl,SB,0.04,0.59,42.2
9/7/2024 5:00,delwebb_to_marketpl,SB,0.19,0.77,32.7
9/7/2024 6:00,delwebb_to_marketpl,SB,0.22,0.8,31.6
9/7/2024 7:00,delwebb_to_marketpl,SB,0.25,0.79,32
9/7/2024 8:00,delwebb_to_marketpl,SB,0.29,0.85,30.9
9/7/2024 9:00,delwebb_to_marketpl,SB,0.43,0.98,26.3
9/7/2024 10:00,delwebb_to_marketpl,SB,0.28,0.85,30
9/7/2024 11:00,delwebb_to_marketpl,SB,0.22,0.79,32
9/7/2024 12:00,delwebb_to_marketpl,SB,0.3,0.86,29.2
9/7/2024 13:00,delwebb_to_marketpl,SB,0.23,0.79,32
9/7/2024 14:00,delwebb_to_marketpl,SB,0.23,0.77,32.8
9/7/2024 15:00,delwebb_to_marketpl,SB,0.24,0.8,31.8
9/7/2024 16:00,delwebb_to_marketpl,SB,0.21,0.74,35
9/7/2024 17:00,delwebb_to_marketpl,SB,0.4,0.94,27.8
9/7/2024 18:00,delwebb_to_marketpl,SB,0.25,0.78,32.4
9/7/2024 19:00,delwebb_to_marketpl,SB,0.23,0.79,32
9/7/2024 20:00,delwebb_to_marketpl,SB,0.49,1.05,25.9
9/7/2024 21:00,delwebb_to_marketpl,SB,0.21,0.76,34.3
9/7/2024 22:00,delwebb_to_marketpl,SB,0.27,0.81,32.2
9/7/2024 23:00,delwebb_to_marketpl,SB,0.24,0.78,32.5
9/8/2024 0:00,delwebb_to_marketpl,SB,0.14,0.7,36
9/8/2024 1:00,delwebb_to_marketpl,SB,0.05,0.61,41.2
9/8/2024 2:00,delwebb_to_marketpl,SB,0.01,0.56,44.4
9/8/2024 3:00,delwebb_to_marketpl,SB,0.02,0.56,44.6
9/8/2024 4:00,delwebb_to_marketpl,SB,0.03,0.58,43
9/8/2024 5:00,delwebb_to_marketpl,SB,0.06,0.6,41.9
9/8/2024 6:00,delwebb_to_marketpl,SB,0.18,0.73,35.5
9/8/2024 7:00,delwebb_to_marketpl,SB,0.39,0.9,29.1
9/8/2024 8:00,delwebb_to_marketpl,SB,0.34,0.89,31.3
9/8/2024 9:00,delwebb_to_marketpl,SB,0.3,0.87,29.6
9/8/2024 10:00,delwebb_to_marketpl,SB,0.31,0.87,29.5
9/8/2024 11:00,delwebb_to_marketpl,SB,0.25,0.8,31.6
9/8/2024 12:00,delwebb_to_marketpl,SB,0.31,0.87,29.2
9/8/2024 13:00,delwebb_to_marketpl,SB,0.33,0.9,28.1
9/8/2024 14:00,delwebb_to_marketpl,SB,0.16,0.66,38.4
9/8/2024 15:00,delwebb_to_marketpl,SB,0.19,0.72,34.9
9/8/2024 16:00,delwebb_to_marketpl,SB,0.47,1.02,25.1
9/8/2024 17:00,delwebb_to_marketpl,SB,0.25,0.79,32.1
9/8/2024 18:00,delwebb_to_marketpl,SB,0.18,0.74,33.8
9/8/2024 19:00,delwebb_to_marketpl,SB,0.12,0.68,37
9/8/2024 20:00,delwebb_to_marketpl,SB,0.25,0.77,33
9/8/2024 21:00,delwebb_to_marketpl,SB,0.22,0.78,32.5
9/8/2024 22:00,delwebb_to_marketpl,SB,0.17,0.71,35.2
9/8/2024 23:00,delwebb_to_marketpl,SB,0.12,0.68,36.6
9/9/2024 0:00,delwebb_to_marketpl,SB,0.1,0.66,37.8
9/9/2024 1:00,delwebb_to_marketpl,SB,0.05,0.61,41
9/9/2024 2:00,delwebb_to_marketpl,SB,0.05,0.61,41.1
9/9/2024 3:00,delwebb_to_marketpl,SB,0.02,0.56,44.3
9/9/2024 4:00,delwebb_to_marketpl,SB,0.07,0.61,40.9
9/9/2024 5:00,delwebb_to_marketpl,SB,0.1,0.66,38.5
9/9/2024 6:00,delwebb_to_marketpl,SB,0.24,0.78,33.6
9/9/2024 7:00,delwebb_to_marketpl,SB,0.47,1.02,25.7
9/9/2024 8:00,delwebb_to_marketpl,SB,0.54,1.1,23.6
9/9/2024 9:00,delwebb_to_marketpl,SB,0.33,0.88,29
9/9/2024 10:00,delwebb_to_marketpl,SB,0.62,1.18,22.4
9/9/2024 11:00,delwebb_to_marketpl,SB,0.56,1.13,22.7
9/9/2024 12:00,delwebb_to_marketpl,SB,0.61,1.17,22.4
9/9/2024 13:00,delwebb_to_marketpl,SB,0.46,1.03,24.5
9/9/2024 14:00,delwebb_to_marketpl,SB,0.24,0.8,31.2
9/9/2024 15:00,delwebb_to_marketpl,SB,0.52,1.08,25.3
9/9/2024 16:00,delwebb_to_marketpl,SB,0.34,0.88,28.4
9/9/2024 17:00,delwebb_to_marketpl,SB,0.45,1,26.1
9/9/2024 18:00,delwebb_to_marketpl,SB,0.37,0.92,27.7
9/9/2024 19:00,delwebb_to_marketpl,SB,0.28,0.83,31.8
9/9/2024 20:00,delwebb_to_marketpl,SB,0.26,0.81,32
9/9/2024 21:00,delwebb_to_marketpl,SB,0.16,0.72,35.8
9/9/2024 22:00,delwebb_to_marketpl,SB,0.08,0.62,40.4
9/9/2024 23:00,delwebb_to_marketpl,SB,0.04,0.59,42.6
9/10/2024 0:00,delwebb_to_marketpl,SB,0.05,0.6,41.3
9/10/2024 1:00,delwebb_to_marketpl,SB,0.02,0.55,45.6
9/10/2024 2:00,delwebb_to_marketpl,SB,0.06,0.6,42.3
9/10/2024 3:00,delwebb_to_marketpl,SB,0.01,0.55,45
9/10/2024 4:00,delwebb_to_marketpl,SB,0.08,0.63,39.7
9/10/2024 5:00,delwebb_to_marketpl,SB,0.09,0.64,39
9/10/2024 6:00,delwebb_to_marketpl,SB,0.38,0.92,29.9
9/10/2024 7:00,delwebb_to_marketpl,SB,0.53,1.09,23.6
9/10/2024 8:00,delwebb_to_marketpl,SB,0.55,1.11,23.3
9/10/2024 9:00,delwebb_to_marketpl,SB,0.66,1.21,21.2
9/10/2024 10:00,delwebb_to_marketpl,SB,0.63,1.19,22.2
9/10/2024 11:00,delwebb_to_marketpl,SB,0.54,1.1,24.8
9/10/2024 12:00,delwebb_to_marketpl,SB,0.41,0.98,25.9
9/10/2024 13:00,delwebb_to_marketpl,SB,0.47,1.04,24.9
9/10/2024 14:00,delwebb_to_marketpl,SB,0.51,1.07,24.6
9/10/2024 15:00,delwebb_to_marketpl,SB,0.49,1.05,24.9
9/10/2024 16:00,delwebb_to_marketpl,SB,0.53,1.09,23.6
9/10/2024 17:00,delwebb_to_marketpl,SB,0.59,1.14,23.7
9/10/2024 18:00,delwebb_to_marketpl,SB,0.17,0.69,36.4
9/10/2024 19:00,delwebb_to_marketpl,SB,0.24,0.79,32.1
9/10/2024 20:00,delwebb_to_marketpl,SB,0.13,0.67,37.5
9/10/2024 21:00,delwebb_to_marketpl,SB,0.15,0.69,36.2
9/10/2024 22:00,delwebb_to_marketpl,SB,0.23,0.79,31.8
9/10/2024 23:00,delwebb_to_marketpl,SB,0.11,0.66,37.7
9/11/2024 0:00,delwebb_to_marketpl,SB,0.06,0.59,42.5
9/11/2024 1:00,delwebb_to_marketpl,SB,0.05,0.6,41.7
9/11/2024 2:00,delwebb_to_marketpl,SB,0.08,0.62,40.2
9/11/2024 3:00,delwebb_to_marketpl,SB,0.04,0.59,42.1
9/11/2024 4:00,delwebb_to_marketpl,SB,0.1,0.65,38.2
9/11/2024 5:00,delwebb_to_marketpl,SB,0.13,0.67,37.3
9/11/2024 6:00,delwebb_to_marketpl,SB,0.28,0.82,31.5
9/11/2024 7:00,delwebb_to_marketpl,SB,0.63,1.18,22
9/11/2024 8:00,delwebb_to_marketpl,SB,0.37,0.93,28.3
9/11/2024 9:00,delwebb_to_marketpl,SB,0.42,0.96,28.1
9/11/2024 10:00,delwebb_to_marketpl,SB,0.51,1.08,23.3
9/11/2024 11:00,delwebb_to_marketpl,SB,0.63,1.2,21.4
9/11/2024 12:00,delwebb_to_marketpl,SB,0.44,1,26.1
9/11/2024 13:00,delwebb_to_marketpl,SB,0.61,1.18,21.4
9/11/2024 14:00,delwebb_to_marketpl,SB,0.64,1.21,21.7
9/11/2024 15:00,delwebb_to_marketpl,SB,0.51,1.06,25.1
9/11/2024 16:00,delwebb_to_marketpl,SB,0.48,1.03,24.8
9/11/2024 17:00,delwebb_to_marketpl,SB,0.46,1,26
9/11/2024 18:00,delwebb_to_marketpl,SB,0.2,0.74,34.3
9/11/2024 19:00,delwebb_to_marketpl,SB,0.16,0.68,36.8
9/11/2024 20:00,delwebb_to_marketpl,SB,0.23,0.75,33.9
9/11/2024 21:00,delwebb_to_marketpl,SB,0.16,0.71,35.3
9/11/2024 22:00,delwebb_to_marketpl,SB,0.21,0.77,33.5
9/11/2024 23:00,delwebb_to_marketpl,SB,0.12,0.69,36.2
9/12/2024 0:00,delwebb_to_marketpl,SB,0.06,0.62,40.4
9/12/2024 1:00,delwebb_to_marketpl,SB,0.05,0.57,44.3
9/12/2024 2:00,delwebb_to_marketpl,SB,0,0.54,45.7
9/12/2024 3:00,delwebb_to_marketpl,SB,0.02,0.57,44
9/12/2024 4:00,delwebb_to_marketpl,SB,0.04,0.59,42.5
9/12/2024 5:00,delwebb_to_marketpl,SB,0.11,0.66,37.8
9/12/2024 6:00,delwebb_to_marketpl,SB,0.22,0.74,34.4
9/12/2024 7:00,delwebb_to_marketpl,SB,0.38,0.92,28.4
9/12/2024 8:00,delwebb_to_marketpl,SB,0.57,1.11,23.5
9/12/2024 9:00,delwebb_to_marketpl,SB,0.72,1.26,20.5
9/12/2024 10:00,delwebb_to_marketpl,SB,0.66,1.22,21.4
9/12/2024 11:00,delwebb_to_marketpl,SB,0.63,1.2,22
9/12/2024 12:00,delwebb_to_marketpl,SB,0.49,1.06,23.7
9/12/2024 13:00,delwebb_to_marketpl,SB,0.68,1.24,21.2
9/12/2024 14:00,delwebb_to_marketpl,SB,0.36,0.92,28.5
9/12/2024 15:00,delwebb_to_marketpl,SB,0.45,1,27.8
9/12/2024 16:00,delwebb_to_marketpl,SB,0.56,1.11,23.1
9/12/2024 17:00,delwebb_to_marketpl,SB,0.49,1.04,25.1
9/12/2024 18:00,delwebb_to_marketpl,SB,0.32,0.87,29.4
9/12/2024 19:00,delwebb_to_marketpl,SB,0.15,0.69,36.7
9/12/2024 20:00,delwebb_to_marketpl,SB,0.19,0.73,34.4
9/12/2024 21:00,delwebb_to_marketpl,SB,0.31,0.86,29.8
9/12/2024 22:00,delwebb_to_marketpl,SB,0.27,0.83,30.6
9/12/2024 23:00,delwebb_to_marketpl,SB,0.13,0.66,37.6
9/13/2024 0:00,delwebb_to_marketpl,SB,0.25,0.75,33.7
9/13/2024 1:00,delwebb_to_marketpl,SB,0.04,0.58,43.6
9/13/2024 2:00,delwebb_to_marketpl,SB,0,0.54,46.1
9/13/2024 3:00,delwebb_to_marketpl,SB,0.02,0.56,44.3
9/13/2024 4:00,delwebb_to_marketpl,SB,0.1,0.63,39.4
9/13/2024 5:00,delwebb_to_marketpl,SB,0.12,0.66,38.6
9/13/2024 6:00,delwebb_to_marketpl,SB,0.36,0.93,27.5
9/13/2024 7:00,delwebb_to_marketpl,SB,0.36,0.9,28
9/13/2024 8:00,delwebb_to_marketpl,SB,0.6,1.15,22.8
9/13/2024 9:00,delwebb_to_marketpl,SB,0.33,0.89,29.6
9/13/2024 10:00,delwebb_to_marketpl,SB,0.42,0.98,26
9/13/2024 11:00,delwebb_to_marketpl,SB,0.7,1.27,20.3
9/13/2024 12:00,delwebb_to_marketpl,SB,0.39,0.95,26.7
9/13/2024 13:00,delwebb_to_marketpl,SB,0.51,1.07,25.1
9/13/2024 14:00,delwebb_to_marketpl,SB,0.44,1,26.2
9/13/2024 15:00,delwebb_to_marketpl,SB,0.56,1.12,23.2
9/13/2024 16:00,delwebb_to_marketpl,SB,0.41,0.97,26.1
9/13/2024 17:00,delwebb_to_marketpl,SB,0.37,0.92,27.4
9/13/2024 18:00,delwebb_to_marketpl,SB,0.18,0.75,33.9
9/13/2024 19:00,delwebb_to_marketpl,SB,0.19,0.73,35.2
9/13/2024 20:00,delwebb_to_marketpl,SB,0.19,0.75,33.9
9/13/2024 21:00,delwebb_to_marketpl,SB,0.24,0.78,32.5
9/13/2024 22:00,delwebb_to_marketpl,SB,0.18,0.71,35.7
9/13/2024 23:00,delwebb_to_marketpl,SB,0.23,0.79,32
9/14/2024 0:00,delwebb_to_marketpl,SB,0.05,0.6,41.3
9/14/2024 1:00,delwebb_to_marketpl,SB,0.06,0.61,40.9
9/14/2024 2:00,delwebb_to_marketpl,SB,0.04,0.59,42
9/14/2024 3:00,delwebb_to_marketpl,SB,0.01,0.56,44.5
9/14/2024 4:00,delwebb_to_marketpl,SB,0.04,0.59,42.2
9/14/2024 5:00,delwebb_to_marketpl,SB,0.07,0.62,40.1
9/14/2024 6:00,delwebb_to_marketpl,SB,0.13,0.66,38
9/14/2024 7:00,delwebb_to_marketpl,SB,0.42,0.95,28.4
9/14/2024 8:00,delwebb_to_marketpl,SB,0.16,0.72,35
9/14/2024 9:00,delwebb_to_marketpl,SB,0.29,0.83,31.3
9/14/2024 10:00,delwebb_to_marketpl,SB,0.33,0.89,29.1
9/14/2024 11:00,delwebb_to_marketpl,SB,0.42,0.98,26.1
9/14/2024 12:00,delwebb_to_marketpl,SB,0.4,0.97,27.1
9/14/2024 13:00,delwebb_to_marketpl,SB,0.23,0.77,33.1
9/14/2024 14:00,delwebb_to_marketpl,SB,0.23,0.77,32.7
9/14/2024 15:00,delwebb_to_marketpl,SB,0.43,0.99,27.5
9/14/2024 16:00,delwebb_to_marketpl,SB,0.37,0.92,28.4
9/14/2024 17:00,delwebb_to_marketpl,SB,0.78,1.34,19.4
9/14/2024 18:00,delwebb_to_marketpl,SB,0.21,0.75,35.2
9/14/2024 19:00,delwebb_to_marketpl,SB,0.26,0.81,30.9
9/14/2024 20:00,delwebb_to_marketpl,SB,0.14,0.69,36.1
9/14/2024 21:00,delwebb_to_marketpl,SB,0.27,0.83,30.6
9/14/2024 22:00,delwebb_to_marketpl,SB,0.26,0.81,31.5
9/14/2024 23:00,delwebb_to_marketpl,SB,0.19,0.71,36.2
9/15/2024 0:00,delwebb_to_marketpl,SB,0.07,0.61,41.2
9/15/2024 1:00,delwebb_to_marketpl,SB,0.09,0.63,39.6
9/15/2024 2:00,delwebb_to_marketpl,SB,0.09,0.63,39.3
9/15/2024 3:00,delwebb_to_marketpl,SB,0.1,0.66,38.5
9/15/2024 4:00,delwebb_to_marketpl,SB,0.05,0.6,41.6
9/15/2024 5:00,delwebb_to_marketpl,SB,0.08,0.63,39.9
9/15/2024 6:00,delwebb_to_marketpl,SB,0.16,0.71,35.3
9/15/2024 7:00,delwebb_to_marketpl,SB,0.16,0.71,35.6
9/15/2024 8:00,delwebb_to_marketpl,SB,0.12,0.65,38.4
9/15/2024 9:00,delwebb_to_marketpl,SB,0.31,0.86,30.2
9/15/2024 10:00,delwebb_to_marketpl,SB,0.46,1.01,25
9/15/2024 11:00,delwebb_to_marketpl,SB,0.35,0.92,28.1
9/15/2024 12:00,delwebb_to_marketpl,SB,0.33,0.89,29.4
9/15/2024 13:00,delwebb_to_marketpl,SB,0.27,0.81,31.5
9/15/2024 14:00,delwebb_to_marketpl,SB,0.19,0.71,36.5
9/15/2024 15:00,delwebb_to_marketpl,SB,0.31,0.84,30.3
9/15/2024 16:00,delwebb_to_marketpl,SB,0.25,0.77,32.7
9/15/2024 17:00,delwebb_to_marketpl,SB,0.43,0.97,26.7
9/15/2024 18:00,delwebb_to_marketpl,SB,0.38,0.94,27.3
9/15/2024 19:00,delwebb_to_marketpl,SB,0.21,0.78,32.4
9/15/2024 20:00,delwebb_to_marketpl,SB,0.11,0.65,38.7
9/15/2024 21:00,delwebb_to_marketpl,SB,0.21,0.73,35.3
9/15/2024 22:00,delwebb_to_marketpl,SB,0.14,0.66,38.4
9/15/2024 23:00,delwebb_to_marketpl,SB,0.14,0.7,35.7
9/16/2024 0:00,delwebb_to_marketpl,SB,0.08,0.63,39.7
9/16/2024 1:00,delwebb_to_marketpl,SB,0.03,0.57,44.1
9/16/2024 2:00,delwebb_to_marketpl,SB,0.08,0.63,40.2
9/16/2024 3:00,delwebb_to_marketpl,SB,0.02,0.56,44.6
9/16/2024 4:00,delwebb_to_marketpl,SB,0.06,0.58,43.2
9/16/2024 5:00,delwebb_to_marketpl,SB,0.13,0.69,36.3
9/16/2024 6:00,delwebb_to_marketpl,SB,0.27,0.82,31.2
9/16/2024 7:00,delwebb_to_marketpl,SB,0.62,1.18,21.9
9/16/2024 8:00,delwebb_to_marketpl,SB,0.53,1.08,24
9/16/2024 9:00,delwebb_to_marketpl,SB,0.59,1.15,22
9/16/2024 10:00,delwebb_to_marketpl,SB,0.65,1.2,21.3
9/16/2024 11:00,delwebb_to_marketpl,SB,0.44,1,25.9
9/16/2024 12:00,delwebb_to_marketpl,SB,0.4,0.97,27.6
9/16/2024 13:00,delwebb_to_marketpl,SB,0.97,1.54,17.2
9/16/2024 14:00,delwebb_to_marketpl,SB,0.35,0.9,28.5
9/16/2024 15:00,delwebb_to_marketpl,SB,0.5,1.06,24.7
9/16/2024 16:00,delwebb_to_marketpl,SB,0.61,1.16,22.5
9/16/2024 17:00,delwebb_to_marketpl,SB,0.72,1.28,20.1
9/16/2024 18:00,delwebb_to_marketpl,SB,0.27,0.81,32.6
9/16/2024 19:00,delwebb_to_marketpl,SB,0.2,0.74,34.6
9/16/2024 20:00,delwebb_to_marketpl,SB,0.15,0.71,35.5
9/16/2024 21:00,delwebb_to_marketpl,SB,0.3,0.84,30.7
9/16/2024 22:00,delwebb_to_marketpl,SB,0.13,0.66,38
9/16/2024 23:00,delwebb_to_marketpl,SB,0.07,0.61,40.8
9/17/2024 0:00,delwebb_to_marketpl,SB,0.04,0.59,41.9
9/17/2024 1:00,delwebb_to_marketpl,SB,0.03,0.58,43
9/17/2024 2:00,delwebb_to_marketpl,SB,0,0.54,46.1
9/17/2024 3:00,delwebb_to_marketpl,SB,0.03,0.58,43
9/17/2024 4:00,delwebb_to_marketpl,SB,0.15,0.7,35.7
9/17/2024 5:00,delwebb_to_marketpl,SB,0.19,0.75,33.9
9/17/2024 6:00,delwebb_to_marketpl,SB,0.19,0.71,35.5
9/17/2024 7:00,delwebb_to_marketpl,SB,0.7,1.25,21.1
9/17/2024 8:00,delwebb_to_marketpl,SB,0.73,1.29,20.2
9/17/2024 9:00,delwebb_to_marketpl,SB,0.59,1.15,22.4
9/17/2024 10:00,delwebb_to_marketpl,SB,0.64,1.2,21
9/17/2024 11:00,delwebb_to_marketpl,SB,0.39,0.97,26.8
9/17/2024 12:00,delwebb_to_marketpl,SB,0.29,0.85,29.8
9/17/2024 13:00,delwebb_to_marketpl,SB,0.51,1.08,24.5
9/17/2024 14:00,delwebb_to_marketpl,SB,0.74,1.3,19.7
9/17/2024 15:00,delwebb_to_marketpl,SB,0.58,1.14,22.9
9/17/2024 16:00,delwebb_to_marketpl,SB,0.4,0.96,28
9/17/2024 17:00,delwebb_to_marketpl,SB,0.45,0.99,27.1
9/17/2024 18:00,delwebb_to_marketpl,SB,0.33,0.89,29.3
9/17/2024 19:00,delwebb_to_marketpl,SB,0.4,0.96,26.8
9/17/2024 20:00,delwebb_to_marketpl,SB,0.22,0.75,33.1
9/17/2024 21:00,delwebb_to_marketpl,SB,0.06,0.59,42.3
9/17/2024 22:00,delwebb_to_marketpl,SB,0.09,0.63,39.5
9/17/2024 23:00,delwebb_to_marketpl,SB,0.14,0.68,37.2
9/18/2024 0:00,delwebb_to_marketpl,SB,0.08,0.63,39.8
9/18/2024 1:00,delwebb_to_marketpl,SB,0.04,0.6,41.9
9/18/2024 2:00,delwebb_to_marketpl,SB,0.01,0.55,44.9
9/18/2024 3:00,delwebb_to_marketpl,SB,0.01,0.55,45.1
9/18/2024 4:00,delwebb_to_marketpl,SB,0.09,0.65,38.6
9/18/2024 5:00,delwebb_to_marketpl,SB,0.12,0.64,39.2
9/18/2024 6:00,delwebb_to_marketpl,SB,0.25,0.8,31.6
9/18/2024 7:00,delwebb_to_marketpl,SB,0.36,0.92,28.3
9/18/2024 8:00,delwebb_to_marketpl,SB,0.85,1.42,18.7
9/18/2024 9:00,delwebb_to_marketpl,SB,0.6,1.16,22.3
9/18/2024 10:00,delwebb_to_marketpl,SB,0.67,1.23,21
9/18/2024 11:00,delwebb_to_marketpl,SB,0.32,0.87,29.5
9/18/2024 12:00,delwebb_to_marketpl,SB,0.57,1.13,23
9/18/2024 13:00,delwebb_to_marketpl,SB,0.35,0.91,27.6
9/18/2024 14:00,delwebb_to_marketpl,SB,0.33,0.89,29
9/18/2024 15:00,delwebb_to_marketpl,SB,0.37,0.93,29.3
9/18/2024 16:00,delwebb_to_marketpl,SB,0.43,0.98,26.2
9/18/2024 17:00,delwebb_to_marketpl,SB,0.46,1.02,24.8
9/18/2024 18:00,delwebb_to_marketpl,SB,0.3,0.86,29.3
9/18/2024 19:00,delwebb_to_marketpl,SB,0.37,0.94,26.7
9/18/2024 20:00,delwebb_to_marketpl,SB,0.16,0.72,34.7
9/18/2024 21:00,delwebb_to_marketpl,SB,0.04,0.6,41.4
9/18/2024 22:00,delwebb_to_marketpl,SB,0.08,0.62,40.5
9/18/2024 23:00,delwebb_to_marketpl,SB,0.07,0.63,39.5
9/19/2024 0:00,delwebb_to_marketpl,SB,0.06,0.6,41.5
9/19/2024 1:00,delwebb_to_marketpl,SB,0.02,0.59,42.5
9/19/2024 2:00,delwebb_to_marketpl,SB,0.04,0.59,42.5
9/19/2024 3:00,delwebb_to_marketpl,SB,0.04,0.59,42.2
9/19/2024 4:00,delwebb_to_marketpl,SB,0.07,0.63,39.7
9/19/2024 5:00,delwebb_to_marketpl,SB,0.21,0.77,33.4
9/19/2024 6:00,delwebb_to_marketpl,SB,0.27,0.82,30.7
9/19/2024 7:00,delwebb_to_marketpl,SB,0.51,1.05,24.3
9/19/2024 8:00,delwebb_to_marketpl,SB,0.71,1.26,20.4
9/19/2024 9:00,delwebb_to_marketpl,SB,0.51,1.06,24.3
9/19/2024 10:00,delwebb_to_marketpl,SB,0.59,1.14,23.5
9/19/2024 11:00,delwebb_to_marketpl,SB,0.43,0.99,27.8
9/19/2024 12:00,delwebb_to_marketpl,SB,0.41,0.97,27.3
9/19/2024 13:00,delwebb_to_marketpl,SB,0.52,1.09,24.2
9/19/2024 14:00,delwebb_to_marketpl,SB,0.47,1.03,25.2
9/19/2024 15:00,delwebb_to_marketpl,SB,0.39,0.95,27.7
9/19/2024 16:00,delwebb_to_marketpl,SB,0.64,1.21,21.9
9/19/2024 17:00,delwebb_to_marketpl,SB,0.29,0.84,29.9
9/19/2024 18:00,delwebb_to_marketpl,SB,0.15,0.66,38.1
9/19/2024 19:00,delwebb_to_marketpl,SB,0.24,0.8,31.9
9/19/2024 20:00,delwebb_to_marketpl,SB,0.19,0.7,35.8
9/19/2024 21:00,delwebb_to_marketpl,SB,0.27,0.81,31.2
9/19/2024 22:00,delwebb_to_marketpl,SB,0.08,0.6,41.2
9/19/2024 23:00,delwebb_to_marketpl,SB,0.15,0.71,35.4
9/20/2024 0:00,delwebb_to_marketpl,SB,0.08,0.63,39.4
9/20/2024 1:00,delwebb_to_marketpl,SB,0.02,0.56,44.1
9/20/2024 2:00,delwebb_to_marketpl,SB,0,0.54,46.1
9/20/2024 3:00,delwebb_to_marketpl,SB,0.02,0.57,43.9
9/20/2024 4:00,delwebb_to_marketpl,SB,0.12,0.68,37.1
9/20/2024 5:00,delwebb_to_marketpl,SB,0.16,0.7,36.5
9/20/2024 6:00,delwebb_to_marketpl,SB,0.32,0.87,29.4
9/20/2024 7:00,delwebb_to_marketpl,SB,0.36,0.91,28.3
9/20/2024 8:00,delwebb_to_marketpl,SB,0.4,0.96,26.9
9/20/2024 9:00,delwebb_to_marketpl,SB,0.52,1.07,23.5
9/20/2024 10:00,delwebb_to_marketpl,SB,0.28,0.84,31.1
9/20/2024 11:00,delwebb_to_marketpl,SB,0.78,1.35,18.9
9/20/2024 12:00,delwebb_to_marketpl,SB,0.55,1.11,23.4
9/20/2024 13:00,delwebb_to_marketpl,SB,0.47,1.02,25.8
9/20/2024 14:00,delwebb_to_marketpl,SB,0.47,1.03,24.8
9/20/2024 15:00,delwebb_to_marketpl,SB,0.5,1.06,24.6
9/20/2024 16:00,delwebb_to_marketpl,SB,0.26,0.8,31.5
9/20/2024 17:00,delwebb_to_marketpl,SB,0.57,1.12,24
9/20/2024 18:00,delwebb_to_marketpl,SB,0.31,0.87,29
9/20/2024 19:00,delwebb_to_marketpl,SB,0.46,1.01,26.6
9/20/2024 20:00,delwebb_to_marketpl,SB,0.28,0.82,30.6
9/20/2024 21:00,delwebb_to_marketpl,SB,0.21,0.77,33
9/20/2024 22:00,delwebb_to_marketpl,SB,0.23,0.77,32.7
9/20/2024 23:00,delwebb_to_marketpl,SB,0.18,0.73,34.5
9/21/2024 0:00,delwebb_to_marketpl,SB,0.09,0.64,39.3
9/21/2024 1:00,delwebb_to_marketpl,SB,0.06,0.61,41
9/21/2024 2:00,delwebb_to_marketpl,SB,0.06,0.6,41.6
9/21/2024 3:00,delwebb_to_marketpl,SB,0.01,0.51,48.6
9/21/2024 4:00,delwebb_to_marketpl,SB,0.03,0.58,42.7
9/21/2024 5:00,delwebb_to_marketpl,SB,0.11,0.64,39.4
9/21/2024 6:00,delwebb_to_marketpl,SB,0.1,0.65,39.2
9/21/2024 7:00,delwebb_to_marketpl,SB,0.22,0.75,33.4
9/21/2024 8:00,delwebb_to_marketpl,SB,0.05,0.58,43
9/21/2024 9:00,delwebb_to_marketpl,SB,0,0.54,46.1
9/21/2024 10:00,delwebb_to_marketpl,SB,0,0.54,46.1
9/21/2024 11:00,delwebb_to_marketpl,SB,0,0.54,46.1
9/21/2024 12:00,delwebb_to_marketpl,SB,0.13,0.67,38.2
9/21/2024 13:00,delwebb_to_marketpl,SB,0.52,1.07,24
9/21/2024 14:00,delwebb_to_marketpl,SB,0.21,0.78,33
9/21/2024 15:00,delwebb_to_marketpl,SB,0.45,1.01,25.2
9/21/2024 16:00,delwebb_to_marketpl,SB,0.3,0.82,31.2
9/21/2024 17:00,delwebb_to_marketpl,SB,0.49,1.04,24.5
9/21/2024 18:00,delwebb_to_marketpl,SB,0.32,0.86,30.3
9/21/2024 19:00,delwebb_to_marketpl,SB,0.39,0.94,26.8
9/21/2024 20:00,delwebb_to_marketpl,SB,0.12,0.65,38.2
9/21/2024 21:00,delwebb_to_marketpl,SB,0.1,0.64,38.9
9/21/2024 22:00,delwebb_to_marketpl,SB,0.11,0.65,38.8
9/21/2024 23:00,delwebb_to_marketpl,SB,0.12,0.65,38.6
9/22/2024 0:00,delwebb_to_marketpl,SB,0.08,0.62,40
9/22/2024 1:00,delwebb_to_marketpl,SB,0.06,0.62,40.1
9/22/2024 2:00,delwebb_to_marketpl,SB,0.05,0.6,41.9
9/22/2024 3:00,delwebb_to_marketpl,SB,0.03,0.56,45.1
9/22/2024 4:00,delwebb_to_marketpl,SB,0.08,0.65,38.4
9/22/2024 5:00,delwebb_to_marketpl,SB,0.05,0.6,41.7
9/22/2024 6:00,delwebb_to_marketpl,SB,0.44,1,28.8
9/22/2024 7:00,delwebb_to_marketpl,SB,0.18,0.73,34.7
9/22/2024 8:00,delwebb_to_marketpl,SB,0.12,0.67,37.8
9/22/2024 9:00,delwebb_to_marketpl,SB,0.16,0.68,37.6
9/22/2024 10:00,delwebb_to_marketpl,SB,0.25,0.8,31.6
9/22/2024 11:00,delwebb_to_marketpl,SB,0.37,0.91,27.9
9/22/2024 12:00,delwebb_to_marketpl,SB,0.31,0.86,29.3
9/22/2024 13:00,delwebb_to_marketpl,SB,0.31,0.87,29.3
9/22/2024 14:00,delwebb_to_marketpl,SB,0.28,0.81,31.1
9/22/2024 15:00,delwebb_to_marketpl,SB,0.21,0.74,34.7
9/22/2024 16:00,delwebb_to_marketpl,SB,0.22,0.74,34.2
9/22/2024 17:00,delwebb_to_marketpl,SB,0.67,1.21,22.1
9/22/2024 18:00,delwebb_to_marketpl,SB,0.16,0.69,36.6
9/22/2024 19:00,delwebb_to_marketpl,SB,0.2,0.74,34.6
9/22/2024 20:00,delwebb_to_marketpl,SB,0.19,0.73,35
9/22/2024 21:00,delwebb_to_marketpl,SB,0.23,0.78,33.8
9/22/2024 22:00,delwebb_to_marketpl,SB,0.14,0.67,37.9
9/22/2024 23:00,delwebb_to_marketpl,SB,0.08,0.61,40.7
9/23/2024 0:00,delwebb_to_marketpl,SB,0.04,0.59,42.1
9/23/2024 1:00,delwebb_to_marketpl,SB,0.08,0.63,40.4
9/23/2024 2:00,delwebb_to_marketpl,SB,0.02,0.57,43.9
9/23/2024 3:00,delwebb_to_marketpl,SB,0,0.54,46.1
9/23/2024 4:00,delwebb_to_marketpl,SB,0.12,0.68,36.9
9/23/2024 5:00,delwebb_to_marketpl,SB,0.19,0.72,36.7
9/23/2024 6:00,delwebb_to_marketpl,SB,0.2,0.77,33.2
9/23/2024 7:00,delwebb_to_marketpl,SB,0.53,1.08,24.1
9/23/2024 8:00,delwebb_to_marketpl,SB,0.32,0.87,29.9
9/23/2024 9:00,delwebb_to_marketpl,SB,0.62,1.19,21.5
9/23/2024 10:00,delwebb_to_marketpl,SB,0.59,1.16,22.4
9/23/2024 11:00,delwebb_to_marketpl,SB,0.48,1.05,24.4
9/23/2024 12:00,delwebb_to_marketpl,SB,0.22,0.79,31.5
9/23/2024 13:00,delwebb_to_marketpl,SB,0.46,1.02,25.2
9/23/2024 14:00,delwebb_to_marketpl,SB,0.26,0.82,30.8
9/23/2024 15:00,delwebb_to_marketpl,SB,0.47,1.03,25
9/23/2024 16:00,delwebb_to_marketpl,SB,0.51,1.07,24.2
9/23/2024 17:00,delwebb_to_marketpl,SB,0.35,0.9,28.1
9/23/2024 18:00,delwebb_to_marketpl,SB,0.35,0.88,29.5
9/23/2024 19:00,delwebb_to_marketpl,SB,0.22,0.75,35.1
9/23/2024 20:00,delwebb_to_marketpl,SB,0.14,0.65,39.8
9/23/2024 21:00,delwebb_to_marketpl,SB,0.23,0.77,33.3
9/23/2024 22:00,delwebb_to_marketpl,SB,0.23,0.78,33.8
9/23/2024 23:00,delwebb_to_marketpl,SB,0.08,0.63,39.4
9/24/2024 0:00,delwebb_to_marketpl,SB,0.07,0.62,40.3
9/24/2024 1:00,delwebb_to_marketpl,SB,0.1,0.65,38.5
9/24/2024 2:00,delwebb_to_marketpl,SB,0.06,0.6,41.6
9/24/2024 3:00,delwebb_to_marketpl,SB,0.03,0.57,43.8
9/24/2024 4:00,delwebb_to_marketpl,SB,0.09,0.65,38.1
9/24/2024 5:00,delwebb_to_marketpl,SB,0.16,0.7,35.7
9/24/2024 6:00,delwebb_to_marketpl,SB,0.26,0.82,31.6
9/24/2024 7:00,delwebb_to_marketpl,SB,0.32,0.87,29.1
9/24/2024 8:00,delwebb_to_marketpl,SB,0.83,1.39,18.4
9/24/2024 9:00,delwebb_to_marketpl,SB,0.48,1.04,24.5
9/24/2024 10:00,delwebb_to_marketpl,SB,0.31,0.87,29.3
9/24/2024 11:00,delwebb_to_marketpl,SB,0.51,1.07,24
9/24/2024 12:00,delwebb_to_marketpl,SB,0.42,0.98,26.1
9/24/2024 13:00,delwebb_to_marketpl,SB,0.43,0.99,25.9
9/24/2024 14:00,delwebb_to_marketpl,SB,0.37,0.92,27.5
9/24/2024 15:00,delwebb_to_marketpl,SB,0.38,0.93,26.9
9/24/2024 16:00,delwebb_to_marketpl,SB,0.7,1.26,20.7
9/24/2024 17:00,delwebb_to_marketpl,SB,0.35,0.91,28.5
9/24/2024 18:00,delwebb_to_marketpl,SB,0.22,0.75,34
9/24/2024 19:00,delwebb_to_marketpl,SB,0.08,0.61,40.8
9/24/2024 20:00,delwebb_to_marketpl,SB,0.16,0.7,36.1
9/24/2024 21:00,delwebb_to_marketpl,SB,0.14,0.7,36.3
9/24/2024 22:00,delwebb_to_marketpl,SB,0.12,0.64,38.7
9/24/2024 23:00,delwebb_to_marketpl,SB,0.11,0.67,37.7
9/25/2024 0:00,delwebb_to_marketpl,SB,0.11,0.65,39.9
9/25/2024 1:00,delwebb_to_marketpl,SB,0.03,0.57,43.5
9/25/2024 2:00,delwebb_to_marketpl,SB,0.03,0.57,43.4
9/25/2024 3:00,delwebb_to_marketpl,SB,0.13,0.68,37
9/25/2024 4:00,delwebb_to_marketpl,SB,0.09,0.65,38.4
9/25/2024 5:00,delwebb_to_marketpl,SB,0.24,0.78,32.4
9/25/2024 6:00,delwebb_to_marketpl,SB,0.29,0.82,31.4
9/25/2024 7:00,delwebb_to_marketpl,SB,0.31,0.88,29.1
9/25/2024 8:00,delwebb_to_marketpl,SB,0.47,1.03,24.6
9/25/2024 9:00,delwebb_to_marketpl,SB,0.44,1,25.2
9/25/2024 10:00,delwebb_to_marketpl,SB,0.63,1.19,22.1
9/25/2024 11:00,delwebb_to_marketpl,SB,0.38,0.95,27.6
9/25/2024 12:00,delwebb_to_marketpl,SB,0.42,0.98,26.2
9/25/2024 13:00,delwebb_to_marketpl,SB,0.57,1.13,22.6
9/25/2024 14:00,delwebb_to_marketpl,SB,0.62,1.18,22.1
9/25/2024 15:00,delwebb_to_marketpl,SB,0.55,1.1,23.1
9/25/2024 16:00,delwebb_to_marketpl,SB,0.44,0.99,26.7
9/25/2024 17:00,delwebb_to_marketpl,SB,0.3,0.85,29.7
9/25/2024 18:00,delwebb_to_marketpl,SB,0.32,0.86,29.9
9/25/2024 19:00,delwebb_to_marketpl,SB,0.2,0.74,34.2
9/25/2024 20:00,delwebb_to_marketpl,SB,0.1,0.66,37.6
9/25/2024 21:00,delwebb_to_marketpl,SB,0.25,0.82,31.6
9/25/2024 22:00,delwebb_to_marketpl,SB,0.05,0.6,41.2
9/25/2024 23:00,delwebb_to_marketpl,SB,0.01,0.57,43.9
9/26/2024 0:00,delwebb_to_marketpl,SB,0.05,0.6,41.3
9/26/2024 1:00,delwebb_to_marketpl,SB,0.03,0.57,43.6
9/26/2024 2:00,delwebb_to_marketpl,SB,0.02,0.56,44.2
9/26/2024 3:00,delwebb_to_marketpl,SB,0.02,0.57,44.1
9/26/2024 4:00,delwebb_to_marketpl,SB,0.17,0.72,35.9
9/26/2024 5:00,delwebb_to_marketpl,SB,0.12,0.66,38.1
9/26/2024 6:00,delwebb_to_marketpl,SB,0.46,1.02,26.3
9/26/2024 7:00,delwebb_to_marketpl,SB,0.37,0.9,28.5
9/26/2024 8:00,delwebb_to_marketpl,SB,0.3,0.85,29.9
9/26/2024 9:00,delwebb_to_marketpl,SB,0.32,0.87,29.1
9/26/2024 10:00,delwebb_to_marketpl,SB,0.54,1.11,24.3
9/26/2024 11:00,delwebb_to_marketpl,SB,0.68,1.25,20.3
9/26/2024 12:00,delwebb_to_marketpl,SB,0.39,0.96,26.1
9/26/2024 13:00,delwebb_to_marketpl,SB,0.53,1.09,24.6
9/26/2024 14:00,delwebb_to_marketpl,SB,0.51,1.08,23.5
9/26/2024 15:00,delwebb_to_marketpl,SB,0.38,0.95,27.2
9/26/2024 16:00,delwebb_to_marketpl,SB,0.5,1.07,23.5
9/26/2024 17:00,delwebb_to_marketpl,SB,0.31,0.86,30.3
9/26/2024 18:00,delwebb_to_marketpl,SB,0.24,0.78,32.6
9/26/2024 19:00,delwebb_to_marketpl,SB,0.26,0.79,32.4
9/26/2024 20:00,delwebb_to_marketpl,SB,0.17,0.73,35.9
9/26/2024 21:00,delwebb_to_marketpl,SB,0.14,0.67,37.5
9/26/2024 22:00,delwebb_to_marketpl,SB,0.17,0.7,36.1
9/26/2024 23:00,delwebb_to_marketpl,SB,0.12,0.67,37.5
9/27/2024 0:00,delwebb_to_marketpl,SB,0.08,0.62,40.4
9/27/2024 1:00,delwebb_to_marketpl,SB,0.07,0.61,40.8
9/27/2024 2:00,delwebb_to_marketpl,SB,0,0.53,46.9
9/27/2024 3:00,delwebb_to_marketpl,SB,0.03,0.58,43
9/27/2024 4:00,delwebb_to_marketpl,SB,0.08,0.64,39.1
9/27/2024 5:00,delwebb_to_marketpl,SB,0.13,0.65,39.3
9/27/2024 6:00,delwebb_to_marketpl,SB,0.36,0.92,27.8
9/27/2024 7:00,delwebb_to_marketpl,SB,0.46,1.02,25
9/27/2024 8:00,delwebb_to_marketpl,SB,0.57,1.13,22.5
9/27/2024 9:00,delwebb_to_marketpl,SB,0.49,1.05,24.7
9/27/2024 10:00,delwebb_to_marketpl,SB,0.65,1.21,21.3
9/27/2024 11:00,delwebb_to_marketpl,SB,0.41,0.97,26.5
9/27/2024 12:00,delwebb_to_marketpl,SB,0.39,0.96,26.8
9/27/2024 13:00,delwebb_to_marketpl,SB,0.7,1.27,20.3
9/27/2024 14:00,delwebb_to_marketpl,SB,0.33,0.88,29.3
9/27/2024 15:00,delwebb_to_marketpl,SB,0.33,0.88,28.8
9/27/2024 16:00,delwebb_to_marketpl,SB,0.51,1.06,23.9
9/27/2024 17:00,delwebb_to_marketpl,SB,0.58,1.13,22.4
9/27/2024 18:00,delwebb_to_marketpl,SB,0.25,0.81,31.7
9/27/2024 19:00,delwebb_to_marketpl,SB,0.31,0.88,28.8
9/27/2024 20:00,delwebb_to_marketpl,SB,0.17,0.73,34.5
9/27/2024 21:00,delwebb_to_marketpl,SB,0.19,0.72,35.7
9/27/2024 22:00,delwebb_to_marketpl,SB,0.13,0.66,38.2
9/27/2024 23:00,delwebb_to_marketpl,SB,0.07,0.61,40.5
9/28/2024 0:00,delwebb_to_marketpl,SB,0.1,0.62,40.2
9/28/2024 1:00,delwebb_to_marketpl,SB,0.1,0.63,39.8
9/28/2024 2:00,delwebb_to_marketpl,SB,0.11,0.63,40.2
9/28/2024 3:00,delwebb_to_marketpl,SB,0.01,0.56,44.6
9/28/2024 4:00,delwebb_to_marketpl,SB,0.12,0.67,37.5
9/28/2024 5:00,delwebb_to_marketpl,SB,0.18,0.74,35.7
9/28/2024 6:00,delwebb_to_marketpl,SB,0.17,0.73,34.4
9/28/2024 7:00,delwebb_to_marketpl,SB,0.2,0.76,33.1
9/28/2024 8:00,delwebb_to_marketpl,SB,0.33,0.87,30.8
9/28/2024 9:00,delwebb_to_marketpl,SB,0.4,0.96,26.5
9/28/2024 10:00,delwebb_to_marketpl,SB,0.28,0.83,30.4
9/28/2024 11:00,delwebb_to_marketpl,SB,0.31,0.87,29.3
9/28/2024 12:00,delwebb_to_marketpl,SB,0.27,0.83,30.2
9/28/2024 13:00,delwebb_to_marketpl,SB,0.22,0.77,32.7
9/28/2024 14:00,delwebb_to_marketpl,SB,0.2,0.74,34.1
9/28/2024 15:00,delwebb_to_marketpl,SB,0.18,0.73,34.7
9/28/2024 16:00,delwebb_to_marketpl,SB,0.23,0.78,32.8
9/28/2024 17:00,delwebb_to_marketpl,SB,0.26,0.8,32.3
9/28/2024 18:00,delwebb_to_marketpl,SB,0.16,0.7,36
9/28/2024 19:00,delwebb_to_marketpl,SB,0.2,0.73,34.6
9/28/2024 20:00,delwebb_to_marketpl,SB,0.19,0.71,36
9/28/2024 21:00,delwebb_to_marketpl,SB,0.16,0.72,35.8
9/28/2024 22:00,delwebb_to_marketpl,SB,0.2,0.71,36.2
9/28/2024 23:00,delwebb_to_marketpl,SB,0.18,0.72,34.9
9/29/2024 0:00,delwebb_to_marketpl,SB,0.12,0.69,36.2
9/29/2024 1:00,delwebb_to_marketpl,SB,0.05,0.58,43.4
9/29/2024 2:00,delwebb_to_marketpl,SB,0.08,0.6,41.7
9/29/2024 3:00,delwebb_to_marketpl,SB,0.1,0.65,39.2
9/29/2024 4:00,delwebb_to_marketpl,SB,0.09,0.65,39
9/29/2024 5:00,delwebb_to_marketpl,SB,0.11,0.64,39.2
9/29/2024 6:00,delwebb_to_marketpl,SB,0.17,0.73,34.7
9/29/2024 7:00,delwebb_to_marketpl,SB,0.16,0.7,36.6
9/29/2024 8:00,delwebb_to_marketpl,SB,0.15,0.71,35.7
9/29/2024 9:00,delwebb_to_marketpl,SB,0.16,0.71,35.7
9/29/2024 10:00,delwebb_to_marketpl,SB,0.27,0.82,31.2
9/29/2024 11:00,delwebb_to_marketpl,SB,0.19,0.74,34.6
9/29/2024 12:00,delwebb_to_marketpl,SB,0.16,0.71,35.6
9/29/2024 13:00,delwebb_to_marketpl,SB,0.27,0.82,30.9
9/29/2024 14:00,delwebb_to_marketpl,SB,0.22,0.76,33.2
9/29/2024 15:00,delwebb_to_marketpl,SB,0.35,0.89,28.7
9/29/2024 16:00,delwebb_to_marketpl,SB,0.27,0.82,31
9/29/2024 17:00,delwebb_to_marketpl,SB,0.29,0.84,30.8
9/29/2024 18:00,delwebb_to_marketpl,SB,0.49,1.03,25.3
9/29/2024 19:00,delwebb_to_marketpl,SB,0.25,0.8,32.4
9/29/2024 20:00,delwebb_to_marketpl,SB,0.22,0.75,33.4
9/29/2024 21:00,delwebb_to_marketpl,SB,0.1,0.63,40.1
9/29/2024 22:00,delwebb_to_marketpl,SB,0.12,0.68,36.7
9/29/2024 23:00,delwebb_to_marketpl,SB,0.18,0.72,35
9/30/2024 0:00,delwebb_to_marketpl,SB,0.22,0.75,34
9/30/2024 1:00,delwebb_to_marketpl,SB,0.16,0.7,35.4
9/30/2024 2:00,delwebb_to_marketpl,SB,0.09,0.64,39.1
9/30/2024 3:00,delwebb_to_marketpl,SB,0.03,0.58,43.2
9/30/2024 4:00,delwebb_to_marketpl,SB,0.18,0.75,33.6
9/30/2024 5:00,delwebb_to_marketpl,SB,0.12,0.67,37.6
9/30/2024 6:00,delwebb_to_marketpl,SB,0.25,0.81,30.7
9/30/2024 7:00,delwebb_to_marketpl,SB,0.47,1.02,25.6
9/30/2024 8:00,delwebb_to_marketpl,SB,0.34,0.9,28.4
9/30/2024 9:00,delwebb_to_marketpl,SB,0.28,0.82,31.5
9/30/2024 10:00,delwebb_to_marketpl,SB,0.5,1.04,25.9
9/30/2024 11:00,delwebb_to_marketpl,SB,0.44,0.99,27
9/30/2024 12:00,delwebb_to_marketpl,SB,0.48,1.05,24.1
9/30/2024 13:00,delwebb_to_marketpl,SB,0.34,0.9,28.4
9/30/2024 14:00,delwebb_to_marketpl,SB,0.6,1.16,22.4
9/30/2024 15:00,delwebb_to_marketpl,SB,0.51,1.07,24
9/30/2024 16:00,delwebb_to_marketpl,SB,0.47,1.03,24.9
9/30/2024 17:00,delwebb_to_marketpl,SB,0.41,0.95,26.7
9/30/2024 18:00,delwebb_to_marketpl,SB,0.23,0.78,32.5
9/30/2024 19:00,delwebb_to_marketpl,SB,0.27,0.81,31.1
9/30/2024 20:00,delwebb_to_marketpl,SB,0.3,0.88,30.2
9/30/2024 21:00,delwebb_to_marketpl,SB,0.16,0.68,37.6
9/30/2024 22:00,delwebb_to_marketpl,SB,0.11,0.63,39.7
9/30/2024 23:00,delwebb_to_marketpl,SB,0.1,0.64,39.1
10/1/2024 0:00,delwebb_to_marketpl,SB,0.03,0.58,42.7
10/1/2024 1:00,delwebb_to_marketpl,SB,0.02,0.57,43.7
10/1/2024 2:00,delwebb_to_marketpl,SB,0.03,0.58,43
10/1/2024 3:00,delwebb_to_marketpl,SB,0.03,0.58,43.3
10/1/2024 4:00,delwebb_to_marketpl,SB,0.07,0.61,40.7
10/1/2024 5:00,delwebb_to_marketpl,SB,0.14,0.69,36.7
10/1/2024 6:00,delwebb_to_marketpl,SB,0.5,1.05,25.6
10/1/2024 7:00,delwebb_to_marketpl,SB,0.54,1.1,23
10/1/2024 8:00,delwebb_to_marketpl,SB,0.34,0.9,28
10/1/2024 9:00,delwebb_to_marketpl,SB,0.62,1.18,22
10/1/2024 10:00,delwebb_to_marketpl,SB,0.35,0.91,27.8
10/1/2024 11:00,delwebb_to_marketpl,SB,0.5,1.06,24.5
10/1/2024 12:00,delwebb_to_marketpl,SB,0.43,0.99,25.7
10/1/2024 13:00,delwebb_to_marketpl,SB,0.29,0.87,29.3
10/1/2024 14:00,delwebb_to_marketpl,SB,0.4,0.96,26.3
10/1/2024 15:00,delwebb_to_marketpl,SB,0.46,1.02,24.7
10/1/2024 16:00,delwebb_to_marketpl,SB,0.36,0.91,28.1
10/1/2024 17:00,delwebb_to_marketpl,SB,0.56,1.11,22.6
10/1/2024 18:00,delwebb_to_marketpl,SB,0.22,0.78,32.5
10/1/2024 19:00,delwebb_to_marketpl,SB,0.4,0.94,27.7
10/1/2024 20:00,delwebb_to_marketpl,SB,0.11,0.63,39.5
10/1/2024 21:00,delwebb_to_marketpl,SB,0.17,0.71,35.3
10/1/2024 22:00,delwebb_to_marketpl,SB,0.15,0.7,35.8
10/1/2024 23:00,delwebb_to_marketpl,SB,0.11,0.66,38.1
10/2/2024 0:00,delwebb_to_marketpl,SB,0.02,0.57,44.2
10/2/2024 1:00,delwebb_to_marketpl,SB,0.06,0.61,41.1
10/2/2024 2:00,delwebb_to_marketpl,SB,0,0.53,47.3
10/2/2024 3:00,delwebb_to_marketpl,SB,0.01,0.55,45.5
10/2/2024 4:00,delwebb_to_marketpl,SB,0.02,0.56,44.3
10/2/2024 5:00,delwebb_to_marketpl,SB,0.07,0.59,42.1
10/2/2024 6:00,delwebb_to_marketpl,SB,0.21,0.75,34
10/2/2024 7:00,delwebb_to_marketpl,SB,0.38,0.95,26.8
10/2/2024 8:00,delwebb_to_marketpl,SB,0.4,0.96,27.3
10/2/2024 9:00,delwebb_to_marketpl,SB,0.33,0.89,28.3
10/2/2024 10:00,delwebb_to_marketpl,SB,0.65,1.21,21
10/2/2024 11:00,delwebb_to_marketpl,SB,0.43,1,25.7
10/2/2024 12:00,delwebb_to_marketpl,SB,0.42,0.98,26.4
10/2/2024 13:00,delwebb_to_marketpl,SB,0.36,0.92,29.1
10/2/2024 14:00,delwebb_to_marketpl,SB,0.38,0.95,26.4
10/2/2024 15:00,delwebb_to_marketpl,SB,0.28,0.83,31.2
10/2/2024 16:00,delwebb_to_marketpl,SB,0.26,0.82,31.1
10/2/2024 17:00,delwebb_to_marketpl,SB,0.24,0.79,31.6
10/2/2024 18:00,delwebb_to_marketpl,SB,0.16,0.69,36.2
10/2/2024 19:00,delwebb_to_marketpl,SB,0.26,0.82,31.1
10/2/2024 20:00,delwebb_to_marketpl,SB,0.25,0.79,32.3
10/2/2024 21:00,delwebb_to_marketpl,SB,0.14,0.7,36.3
10/2/2024 22:00,delwebb_to_marketpl,SB,0.1,0.63,39.6
10/2/2024 23:00,delwebb_to_marketpl,SB,0.07,0.61,41
10/3/2024 0:00,delwebb_to_marketpl,SB,0.07,0.62,40.2
10/3/2024 1:00,delwebb_to_marketpl,SB,0.05,0.6,41.3
10/3/2024 2:00,delwebb_to_marketpl,SB,0.06,0.61,41
10/3/2024 3:00,delwebb_to_marketpl,SB,0.14,0.69,36.8
10/3/2024 4:00,delwebb_to_marketpl,SB,0.04,0.58,42.8
10/3/2024 5:00,delwebb_to_marketpl,SB,0.1,0.64,39.3
10/3/2024 6:00,delwebb_to_marketpl,SB,0.22,0.75,33.5
10/3/2024 7:00,delwebb_to_marketpl,SB,0.35,0.89,28.7
10/3/2024 8:00,delwebb_to_marketpl,SB,0.34,0.89,28.7
10/3/2024 9:00,delwebb_to_marketpl,SB,0.64,1.2,21.3
10/3/2024 10:00,delwebb_to_marketpl,SB,0.48,1.05,24.6
10/3/2024 11:00,delwebb_to_marketpl,SB,0.54,1.1,23.7
10/3/2024 12:00,delwebb_to_marketpl,SB,0.38,0.94,29.5
10/3/2024 13:00,delwebb_to_marketpl,SB,0.58,1.14,22.7
10/3/2024 14:00,delwebb_to_marketpl,SB,0.19,0.75,33.5
10/3/2024 15:00,delwebb_to_marketpl,SB,0.32,0.88,28.9
10/3/2024 16:00,delwebb_to_marketpl,SB,0.38,0.94,27.3
10/3/2024 17:00,delwebb_to_marketpl,SB,0.48,1.03,24.5
10/3/2024 18:00,delwebb_to_marketpl,SB,0.22,0.77,32.5
10/3/2024 19:00,delwebb_to_marketpl,SB,0.17,0.73,34.3
10/3/2024 20:00,delwebb_to_marketpl,SB,0.2,0.75,34
10/3/2024 21:00,delwebb_to_marketpl,SB,0.16,0.7,35.9
10/3/2024 22:00,delwebb_to_marketpl,SB,0.12,0.67,37.5
10/3/2024 23:00,delwebb_to_marketpl,SB,0.08,0.62,40.2
10/4/2024 0:00,delwebb_to_marketpl,SB,0.02,0.58,43
10/4/2024 1:00,delwebb_to_marketpl,SB,0.03,0.58,42.9
10/4/2024 2:00,delwebb_to_marketpl,SB,0.01,0.55,45.1
10/4/2024 3:00,delwebb_to_marketpl,SB,0.02,0.56,44.3
10/4/2024 4:00,delwebb_to_marketpl,SB,0.05,0.6,41.3
10/4/2024 5:00,delwebb_to_marketpl,SB,0.19,0.76,33.8
10/4/2024 6:00,delwebb_to_marketpl,SB,0.39,0.93,28.3
10/4/2024 7:00,delwebb_to_marketpl,SB,0.53,1.09,23.3
10/4/2024 8:00,delwebb_to_marketpl,SB,0.44,1,25.4
10/4/2024 9:00,delwebb_to_marketpl,SB,0.35,0.91,28
10/4/2024 10:00,delwebb_to_marketpl,SB,0.28,0.82,32.4
10/4/2024 11:00,delwebb_to_marketpl,SB,0.38,0.94,27
10/4/2024 12:00,delwebb_to_marketpl,SB,0.26,0.82,30.7
10/4/2024 13:00,delwebb_to_marketpl,SB,0.52,1.08,23.9
10/4/2024 14:00,delwebb_to_marketpl,SB,0.66,1.23,21.8
10/4/2024 15:00,delwebb_to_marketpl,SB,0.46,1.01,24.9
10/4/2024 16:00,delwebb_to_marketpl,SB,0.33,0.89,28.6
10/4/2024 17:00,delwebb_to_marketpl,SB,0.46,1.01,25.1
10/4/2024 18:00,delwebb_to_marketpl,SB,0.22,0.77,32.5
10/4/2024 19:00,delwebb_to_marketpl,SB,0.24,0.79,32.4
10/4/2024 20:00,delwebb_to_marketpl,SB,0.28,0.82,30.8
10/4/2024 21:00,delwebb_to_marketpl,SB,0.17,0.69,37.1
10/4/2024 22:00,delwebb_to_marketpl,SB,0.22,0.74,33.8
10/4/2024 23:00,delwebb_to_marketpl,SB,0.14,0.68,37.1
10/5/2024 0:00,delwebb_to_marketpl,SB,0.07,0.61,40.8
10/5/2024 1:00,delwebb_to_marketpl,SB,0.03,0.58,42.9
10/5/2024 2:00,delwebb_to_marketpl,SB,0.03,0.56,44.7
10/5/2024 3:00,delwebb_to_marketpl,SB,0.05,0.59,42.6
10/5/2024 4:00,delwebb_to_marketpl,SB,0.07,0.64,38.9
10/5/2024 5:00,delwebb_to_marketpl,SB,0.12,0.68,36.9
10/5/2024 6:00,delwebb_to_marketpl,SB,0.13,0.67,37.8
10/5/2024 7:00,delwebb_to_marketpl,SB,0.35,0.9,29
10/5/2024 8:00,delwebb_to_marketpl,SB,0.51,1.07,23.6
10/5/2024 9:00,delwebb_to_marketpl,SB,0.39,0.93,28.3
10/5/2024 10:00,delwebb_to_marketpl,SB,0.29,0.84,31.3
10/5/2024 11:00,delwebb_to_marketpl,SB,0.5,1.05,25.7
10/5/2024 12:00,delwebb_to_marketpl,SB,0.2,0.76,33
10/5/2024 13:00,delwebb_to_marketpl,SB,0.24,0.8,32.1
10/5/2024 14:00,delwebb_to_marketpl,SB,0.28,0.84,29.7
10/5/2024 15:00,delwebb_to_marketpl,SB,0.33,0.88,28.3
10/5/2024 16:00,delwebb_to_marketpl,SB,0.28,0.84,30.2
10/5/2024 17:00,delwebb_to_marketpl,SB,0.28,0.83,30.4
10/5/2024 18:00,delwebb_to_marketpl,SB,0.31,0.87,29
10/5/2024 19:00,delwebb_to_marketpl,SB,0.15,0.7,36.2
10/5/2024 20:00,delwebb_to_marketpl,SB,0.17,0.72,34.7
10/5/2024 21:00,delwebb_to_marketpl,SB,0.69,1.27,21.1
10/5/2024 22:00,delwebb_to_marketpl,SB,0.22,0.76,33.4
10/5/2024 23:00,delwebb_to_marketpl,SB,0.1,0.63,39.4
10/6/2024 0:00,delwebb_to_marketpl,SB,0.15,0.68,37.4
10/6/2024 1:00,delwebb_to_marketpl,SB,0.07,0.59,43.9
10/6/2024 2:00,delwebb_to_marketpl,SB,0.05,0.59,42.9
10/6/2024 3:00,delwebb_to_marketpl,SB,0.02,0.56,44.9
10/6/2024 4:00,delwebb_to_marketpl,SB,0,0.54,46
10/6/2024 5:00,delwebb_to_marketpl,SB,0.11,0.65,38.7
10/6/2024 6:00,delwebb_to_marketpl,SB,0.16,0.69,36.3
10/6/2024 7:00,delwebb_to_marketpl,SB,0.08,0.62,40.6
10/6/2024 8:00,delwebb_to_marketpl,SB,0.38,0.93,27.2
10/6/2024 9:00,delwebb_to_marketpl,SB,0.34,0.9,29.5
10/6/2024 10:00,delwebb_to_marketpl,SB,0.26,0.82,32.5
10/6/2024 11:00,delwebb_to_marketpl,SB,0.29,0.83,31.4
10/6/2024 12:00,delwebb_to_marketpl,SB,0.44,1,25.5
10/6/2024 13:00,delwebb_to_marketpl,SB,0.36,0.91,27.6
10/6/2024 14:00,delwebb_to_marketpl,SB,0.23,0.77,32.6
10/6/2024 15:00,delwebb_to_marketpl,SB,0.34,0.89,28.6
10/6/2024 16:00,delwebb_to_marketpl,SB,0.27,0.82,30.4
10/6/2024 17:00,delwebb_to_marketpl,SB,0.2,0.73,35.1
10/6/2024 18:00,delwebb_to_marketpl,SB,0.23,0.77,32.8
10/6/2024 19:00,delwebb_to_marketpl,SB,0.25,0.81,32.7
10/6/2024 20:00,delwebb_to_marketpl,SB,0.38,0.93,28.5
10/6/2024 21:00,delwebb_to_marketpl,SB,0.27,0.81,31.4
10/6/2024 22:00,delwebb_to_marketpl,SB,0.18,0.71,35.2
10/6/2024 23:00,delwebb_to_marketpl,SB,0.1,0.63,40.7
10/7/2024 0:00,delwebb_to_marketpl,SB,0.04,0.59,43
10/7/2024 1:00,delwebb_to_marketpl,SB,0.12,0.68,37.2
10/7/2024 2:00,delwebb_to_marketpl,SB,0.08,0.63,39.7
10/7/2024 3:00,delwebb_to_marketpl,SB,0.03,0.58,42.9
10/7/2024 4:00,delwebb_to_marketpl,SB,0.05,0.61,41
10/7/2024 5:00,delwebb_to_marketpl,SB,0.31,0.88,30.4
10/7/2024 6:00,delwebb_to_marketpl,SB,0.45,1,26.2
10/7/2024 7:00,delwebb_to_marketpl,SB,0.57,1.13,23.3
10/7/2024 8:00,delwebb_to_marketpl,SB,0.51,1.07,23.6
10/7/2024 9:00,delwebb_to_marketpl,SB,0.28,0.83,31.5
10/7/2024 10:00,delwebb_to_marketpl,SB,0.52,1.08,23.7
10/7/2024 11:00,delwebb_to_marketpl,SB,0.46,1.03,24.3
10/7/2024 12:00,delwebb_to_marketpl,SB,0.48,1.06,24.3
10/7/2024 13:00,delwebb_to_marketpl,SB,0.77,1.34,18.9
10/7/2024 14:00,delwebb_to_marketpl,SB,0.34,0.91,27.8
10/7/2024 15:00,delwebb_to_marketpl,SB,0.27,0.83,30.1
10/7/2024 16:00,delwebb_to_marketpl,SB,0.23,0.8,31.9
10/7/2024 17:00,delwebb_to_marketpl,SB,0.28,0.85,29.9
10/7/2024 18:00,delwebb_to_marketpl,SB,0.17,0.72,35.1
10/7/2024 19:00,delwebb_to_marketpl,SB,0.14,0.69,36.3
10/7/2024 20:00,delwebb_to_marketpl,SB,0.11,0.66,37.9
10/7/2024 21:00,delwebb_to_marketpl,SB,0.05,0.61,40.9
10/7/2024 22:00,delwebb_to_marketpl,SB,0.15,0.65,39.1
10/7/2024 23:00,delwebb_to_marketpl,SB,0.18,0.71,36.9
10/8/2024 0:00,delwebb_to_marketpl,SB,0.05,0.56,46
10/8/2024 1:00,delwebb_to_marketpl,SB,0.03,0.58,43.3
10/8/2024 2:00,delwebb_to_marketpl,SB,0.03,0.58,43.1
10/8/2024 3:00,delwebb_to_marketpl,SB,0,0.55,45.6
10/8/2024 4:00,delwebb_to_marketpl,SB,0.05,0.61,40.9
10/8/2024 5:00,delwebb_to_marketpl,SB,0.14,0.67,37.7
10/8/2024 6:00,delwebb_to_marketpl,SB,0.21,0.77,33.1
10/8/2024 7:00,delwebb_to_marketpl,SB,0.3,0.84,29.8
10/8/2024 8:00,delwebb_to_marketpl,SB,0.36,0.91,28.4
10/8/2024 9:00,delwebb_to_marketpl,SB,0.63,1.19,21.3
10/8/2024 10:00,delwebb_to_marketpl,SB,0.62,1.2,21.6
10/8/2024 11:00,delwebb_to_marketpl,SB,0.47,1.03,25.7
10/8/2024 12:00,delwebb_to_marketpl,SB,0.65,1.21,20.9
10/8/2024 13:00,delwebb_to_marketpl,SB,0.52,1.09,23.3
10/8/2024 14:00,delwebb_to_marketpl,SB,0.62,1.18,21.8
10/8/2024 15:00,delwebb_to_marketpl,SB,0.54,1.09,23.4
10/8/2024 16:00,delwebb_to_marketpl,SB,0.44,1,25.6
10/8/2024 17:00,delwebb_to_marketpl,SB,0.37,0.94,26.7
10/8/2024 18:00,delwebb_to_marketpl,SB,0.24,0.8,32
10/8/2024 19:00,delwebb_to_marketpl,SB,0.29,0.85,29.9
10/8/2024 20:00,delwebb_to_marketpl,SB,0.22,0.77,34.4
10/8/2024 21:00,delwebb_to_marketpl,SB,0.32,0.87,29.4
10/8/2024 22:00,delwebb_to_marketpl,SB,0.12,0.67,37.2
10/8/2024 23:00,delwebb_to_marketpl,SB,0.12,0.67,37.3
10/9/2024 0:00,delwebb_to_marketpl,SB,0.05,0.58,43.2
10/9/2024 1:00,delwebb_to_marketpl,SB,0.02,0.57,43.6
10/9/2024 2:00,delwebb_to_marketpl,SB,0,0.55,45.6
10/9/2024 3:00,delwebb_to_marketpl,SB,0.06,0.61,40.9
10/9/2024 4:00,delwebb_to_marketpl,SB,0.15,0.7,36.1
10/9/2024 5:00,delwebb_to_marketpl,SB,0.21,0.74,33.9
10/9/2024 6:00,delwebb_to_marketpl,SB,0.37,0.91,27.8
10/9/2024 7:00,delwebb_to_marketpl,SB,0.53,1.09,23.1
10/9/2024 8:00,delwebb_to_marketpl,SB,0.47,1.03,25
10/9/2024 9:00,delwebb_to_marketpl,SB,0.43,0.98,25.7
10/9/2024 10:00,delwebb_to_marketpl,SB,0.62,1.18,21.4
10/9/2024 11:00,delwebb_to_marketpl,SB,0.64,1.19,21.9
10/9/2024 12:00,delwebb_to_marketpl,SB,0.34,0.9,28.7
10/9/2024 13:00,delwebb_to_marketpl,SB,0.34,0.91,28.1
10/9/2024 14:00,delwebb_to_marketpl,SB,0.64,1.21,21
10/9/2024 15:00,delwebb_to_marketpl,SB,0.53,1.09,24.2
10/9/2024 16:00,delwebb_to_marketpl,SB,0.43,1,25.8
10/9/2024 17:00,delwebb_to_marketpl,SB,0.36,0.91,27.9
10/9/2024 18:00,delwebb_to_marketpl,SB,0.31,0.87,29.3
10/9/2024 19:00,delwebb_to_marketpl,SB,0.19,0.75,33.7
10/9/2024 20:00,delwebb_to_marketpl,SB,0.38,0.94,27.5
10/9/2024 21:00,delwebb_to_marketpl,SB,0.2,0.75,33.7
10/9/2024 22:00,delwebb_to_marketpl,SB,0.14,0.69,36.1
10/9/2024 23:00,delwebb_to_marketpl,SB,0.07,0.61,40.7
10/10/2024 0:00,delwebb_to_marketpl,SB,0.09,0.65,38.3
10/10/2024 1:00,delwebb_to_marketpl,SB,0,0.54,46.1
10/10/2024 2:00,delwebb_to_marketpl,SB,0,0.54,45.8
10/10/2024 3:00,delwebb_to_marketpl,SB,0.07,0.62,39.9
10/10/2024 4:00,delwebb_to_marketpl,SB,0.12,0.68,37.1
10/10/2024 5:00,delwebb_to_marketpl,SB,0.16,0.71,35.9
10/10/2024 6:00,delwebb_to_marketpl,SB,0.27,0.82,30.8
10/10/2024 7:00,delwebb_to_marketpl,SB,0.46,1.01,25.2
10/10/2024 8:00,delwebb_to_marketpl,SB,0.3,0.86,29.5
10/10/2024 9:00,delwebb_to_marketpl,SB,0.54,1.1,23.3
10/10/2024 10:00,delwebb_to_marketpl,SB,0.23,0.78,33
10/10/2024 11:00,delwebb_to_marketpl,SB,0.33,0.88,28.9
10/10/2024 12:00,delwebb_to_marketpl,SB,0.29,0.85,29.9
10/10/2024 13:00,delwebb_to_marketpl,SB,0.47,1.05,24.3
10/10/2024 14:00,delwebb_to_marketpl,SB,0.47,1.05,24
10/10/2024 15:00,delwebb_to_marketpl,SB,0.32,0.86,29.8
10/10/2024 16:00,delwebb_to_marketpl,SB,0.33,0.88,29.1
10/10/2024 17:00,delwebb_to_marketpl,SB,0.33,0.89,28.5
10/10/2024 18:00,delwebb_to_marketpl,SB,0.4,0.93,27.8
10/10/2024 19:00,delwebb_to_marketpl,SB,0.29,0.84,30.7
10/10/2024 20:00,delwebb_to_marketpl,SB,0.17,0.72,35.1
10/10/2024 21:00,delwebb_to_marketpl,SB,0.23,0.8,31.9
10/10/2024 22:00,delwebb_to_marketpl,SB,0.18,0.72,35.4
10/10/2024 23:00,delwebb_to_marketpl,SB,0.21,0.77,32.4
10/11/2024 0:00,delwebb_to_marketpl,SB,0.09,0.62,40.6
10/11/2024 1:00,delwebb_to_marketpl,SB,0.06,0.61,40.9
10/11/2024 2:00,delwebb_to_marketpl,SB,0.05,0.6,41.4
10/11/2024 3:00,delwebb_to_marketpl,SB,0.14,0.69,36.6
10/11/2024 4:00,delwebb_to_marketpl,SB,0.09,0.62,40.4
10/11/2024 5:00,delwebb_to_marketpl,SB,0.17,0.72,35
10/11/2024 6:00,delwebb_to_marketpl,SB,0.33,0.88,28.9
10/11/2024 7:00,delwebb_to_marketpl,SB,0.38,0.95,26.7
10/11/2024 8:00,delwebb_to_marketpl,SB,0.33,0.9,28
10/11/2024 9:00,delwebb_to_marketpl,SB,0.24,0.8,31.5
10/11/2024 10:00,delwebb_to_marketpl,SB,0.32,0.88,28.6
10/11/2024 11:00,delwebb_to_marketpl,SB,0.36,0.92,27.9
10/11/2024 12:00,delwebb_to_marketpl,SB,0.39,0.96,26.4
10/11/2024 13:00,delwebb_to_marketpl,SB,0.31,0.89,28.6
10/11/2024 14:00,delwebb_to_marketpl,SB,0.71,1.28,19.5
10/11/2024 15:00,delwebb_to_marketpl,SB,0.41,0.97,26
10/11/2024 16:00,delwebb_to_marketpl,SB,0.31,0.87,29.3
10/11/2024 17:00,delwebb_to_marketpl,SB,0.39,0.95,26.9
10/11/2024 18:00,delwebb_to_marketpl,SB,0.43,0.99,25.8
10/11/2024 19:00,delwebb_to_marketpl,SB,0.18,0.75,33.6
10/11/2024 20:00,delwebb_to_marketpl,SB,0.28,0.84,31.1
10/11/2024 21:00,delwebb_to_marketpl,SB,0.53,1.08,26.1
10/11/2024 22:00,delwebb_to_marketpl,SB,0.38,0.91,28.2
10/11/2024 23:00,delwebb_to_marketpl,SB,0.2,0.72,35.4
10/12/2024 0:00,delwebb_to_marketpl,SB,0.08,0.6,41.5
10/12/2024 1:00,delwebb_to_marketpl,SB,0.06,0.58,43.2
10/12/2024 2:00,delwebb_to_marketpl,SB,0.05,0.6,41.3
10/12/2024 3:00,delwebb_to_marketpl,SB,0.04,0.59,42.3
10/12/2024 4:00,delwebb_to_marketpl,SB,0.12,0.67,37.1
10/12/2024 5:00,delwebb_to_marketpl,SB,0.12,0.68,36.9
10/12/2024 6:00,delwebb_to_marketpl,SB,0.21,0.78,33.5
10/12/2024 7:00,delwebb_to_marketpl,SB,0.24,0.8,32.9
10/12/2024 8:00,delwebb_to_marketpl,SB,0.19,0.74,33.8
10/12/2024 9:00,delwebb_to_marketpl,SB,0.19,0.74,34.3
10/12/2024 10:00,delwebb_to_marketpl,SB,0.38,0.94,26.9
10/12/2024 11:00,delwebb_to_marketpl,SB,0.31,0.87,29.1
10/12/2024 12:00,delwebb_to_marketpl,SB,0.25,0.8,31.3
10/12/2024 13:00,delwebb_to_marketpl,SB,0.31,0.85,29.6
10/12/2024 14:00,delwebb_to_marketpl,SB,0.27,0.83,30.1
10/12/2024 15:00,delwebb_to_marketpl,SB,0.29,0.84,30.3
10/12/2024 16:00,delwebb_to_marketpl,SB,0.18,0.73,34.6
10/12/2024 17:00,delwebb_to_marketpl,SB,0.36,0.92,27.6
10/12/2024 18:00,delwebb_to_marketpl,SB,0.21,0.77,32.6
10/12/2024 19:00,delwebb_to_marketpl,SB,0.25,0.79,32.2
10/12/2024 20:00,delwebb_to_marketpl,SB,0.23,0.79,32.4
10/12/2024 21:00,delwebb_to_marketpl,SB,0.22,0.76,33.9
10/12/2024 22:00,delwebb_to_marketpl,SB,0.17,0.69,37.4
10/12/2024 23:00,delwebb_to_marketpl,SB,0.18,0.71,35.3
10/13/2024 0:00,delwebb_to_marketpl,SB,0.21,0.75,33.6
10/13/2024 1:00,delwebb_to_marketpl,SB,0.06,0.61,41.3
10/13/2024 2:00,delwebb_to_marketpl,SB,0.1,0.65,38.3
10/13/2024 3:00,delwebb_to_marketpl,SB,0.04,0.59,42.3
10/13/2024 4:00,delwebb_to_marketpl,SB,0.09,0.64,39.1
10/13/2024 5:00,delwebb_to_marketpl,SB,0.06,0.58,43
10/13/2024 6:00,delwebb_to_marketpl,SB,0.09,0.67,37.4
10/13/2024 7:00,delwebb_to_marketpl,SB,0.22,0.75,33.9
10/13/2024 8:00,delwebb_to_marketpl,SB,0.5,1.06,24.2
10/13/2024 9:00,delwebb_to_marketpl,SB,0.34,0.91,28.4
10/13/2024 10:00,delwebb_to_marketpl,SB,0.38,0.93,27.3
10/13/2024 11:00,delwebb_to_marketpl,SB,0.37,0.94,27.4
10/13/2024 12:00,delwebb_to_marketpl,SB,0.26,0.82,31.3
10/13/2024 13:00,delwebb_to_marketpl,SB,0.26,0.8,31.9
10/13/2024 14:00,delwebb_to_marketpl,SB,0.14,0.69,36
10/13/2024 15:00,delwebb_to_marketpl,SB,0.15,0.72,35
10/13/2024 16:00,delwebb_to_marketpl,SB,0.19,0.73,34.7
10/13/2024 17:00,delwebb_to_marketpl,SB,0.25,0.8,31.8
10/13/2024 18:00,delwebb_to_marketpl,SB,0.22,0.76,33.4
10/13/2024 19:00,delwebb_to_marketpl,SB,0.22,0.76,33.3
10/13/2024 20:00,delwebb_to_marketpl,SB,0.2,0.75,34.6
10/13/2024 21:00,delwebb_to_marketpl,SB,0.28,0.81,31.4
10/13/2024 22:00,delwebb_to_marketpl,SB,0.36,0.92,27.3
10/13/2024 23:00,delwebb_to_marketpl,SB,0.19,0.7,35.8
10/14/2024 0:00,delwebb_to_marketpl,SB,0.11,0.66,37.6
10/14/2024 1:00,delwebb_to_marketpl,SB,0.07,0.62,40.2
10/14/2024 2:00,delwebb_to_marketpl,SB,0.1,0.65,38.4
10/14/2024 3:00,delwebb_to_marketpl,SB,0.03,0.58,43
10/14/2024 4:00,delwebb_to_marketpl,SB,0.06,0.61,40.8
10/14/2024 5:00,delwebb_to_marketpl,SB,0.18,0.74,35.3
10/14/2024 6:00,delwebb_to_marketpl,SB,0.34,0.89,28.9
10/14/2024 7:00,delwebb_to_marketpl,SB,0.5,1.06,24.8
10/14/2024 8:00,delwebb_to_marketpl,SB,0.44,0.99,26
10/14/2024 9:00,delwebb_to_marketpl,SB,0.44,1,25
10/14/2024 10:00,delwebb_to_marketpl,SB,0.4,0.96,26.3
10/14/2024 11:00,delwebb_to_marketpl,SB,0.39,0.96,26.5
10/14/2024 12:00,delwebb_to_marketpl,SB,0.46,1.03,25.1
10/14/2024 13:00,delwebb_to_marketpl,SB,0.35,0.91,28.2
10/14/2024 14:00,delwebb_to_marketpl,SB,0.59,1.15,21.9
10/14/2024 15:00,delwebb_to_marketpl,SB,0.32,0.88,29.2
10/14/2024 16:00,delwebb_to_marketpl,SB,0.28,0.81,31.4
10/14/2024 17:00,delwebb_to_marketpl,SB,0.39,0.95,26.7
10/14/2024 18:00,delwebb_to_marketpl,SB,0.15,0.68,37.2
10/14/2024 19:00,delwebb_to_marketpl,SB,0.17,0.73,34.4
10/14/2024 20:00,delwebb_to_marketpl,SB,0.19,0.72,35.1
10/14/2024 21:00,delwebb_to_marketpl,SB,0.24,0.79,32
10/14/2024 22:00,delwebb_to_marketpl,SB,0.12,0.69,36.6
10/14/2024 23:00,delwebb_to_marketpl,SB,0.06,0.59,42
10/15/2024 0:00,delwebb_to_marketpl,SB,0.05,0.6,41.2
10/15/2024 1:00,delwebb_to_marketpl,SB,0.02,0.55,45.1
10/15/2024 2:00,delwebb_to_marketpl,SB,0.03,0.57,44.3
10/15/2024 3:00,delwebb_to_marketpl,SB,0.11,0.65,38.1
10/15/2024 4:00,delwebb_to_marketpl,SB,0.15,0.7,36.3
10/15/2024 5:00,delwebb_to_marketpl,SB,0.16,0.72,34.9
10/15/2024 6:00,delwebb_to_marketpl,SB,0.26,0.8,31.8
10/15/2024 7:00,delwebb_to_marketpl,SB,0.28,0.83,30.5
10/15/2024 8:00,delwebb_to_marketpl,SB,0.48,1.04,24.6
10/15/2024 9:00,delwebb_to_marketpl,SB,0.61,1.18,21.5
10/15/2024 10:00,delwebb_to_marketpl,SB,0.54,1.1,23.5
10/15/2024 11:00,delwebb_to_marketpl,SB,0.43,1,25.4
10/15/2024 12:00,delwebb_to_marketpl,SB,0.29,0.86,29.4
10/15/2024 13:00,delwebb_to_marketpl,SB,0.62,1.19,21.3
10/15/2024 14:00,delwebb_to_marketpl,SB,0.34,0.9,28.9
10/15/2024 15:00,delwebb_to_marketpl,SB,0.53,1.09,23.8
10/15/2024 16:00,delwebb_to_marketpl,SB,0.49,1.05,23.7
10/15/2024 17:00,delwebb_to_marketpl,SB,0.42,0.98,25.4
10/15/2024 18:00,delwebb_to_marketpl,SB,0.48,1.03,24.9
10/15/2024 19:00,delwebb_to_marketpl,SB,0.18,0.73,34.6
10/15/2024 20:00,delwebb_to_marketpl,SB,0.25,0.82,31
10/15/2024 21:00,delwebb_to_marketpl,SB,0.2,0.76,33.8
10/15/2024 22:00,delwebb_to_marketpl,SB,0.1,0.67,37.4
10/15/2024 23:00,delwebb_to_marketpl,SB,0.14,0.69,36.5
10/16/2024 0:00,delwebb_to_marketpl,SB,0.04,0.59,42.3
10/16/2024 1:00,delwebb_to_marketpl,SB,0.02,0.53,46.7
10/16/2024 2:00,delwebb_to_marketpl,SB,0.02,0.57,43.6
10/16/2024 3:00,delwebb_to_marketpl,SB,0.04,0.58,42.7
10/16/2024 4:00,delwebb_to_marketpl,SB,0.03,0.58,43.1
10/16/2024 5:00,delwebb_to_marketpl,SB,0.17,0.7,36.2
10/16/2024 6:00,delwebb_to_marketpl,SB,0.42,0.96,26.8
10/16/2024 7:00,delwebb_to_marketpl,SB,0.45,1.01,25.8
10/16/2024 8:00,delwebb_to_marketpl,SB,0.41,0.97,26.3
10/16/2024 9:00,delwebb_to_marketpl,SB,0.36,0.92,28.1
10/16/2024 10:00,delwebb_to_marketpl,SB,0.48,1.04,25.2
10/16/2024 11:00,delwebb_to_marketpl,SB,0.48,1.04,24.9
10/16/2024 12:00,delwebb_to_marketpl,SB,0.58,1.15,22.5
10/16/2024 13:00,delwebb_to_marketpl,SB,0.54,1.11,24.2
10/16/2024 14:00,delwebb_to_marketpl,SB,0.27,0.83,32.1
10/16/2024 15:00,delwebb_to_marketpl,SB,0.34,0.9,28.3
10/16/2024 16:00,delwebb_to_marketpl,SB,0.4,0.96,26.7
10/16/2024 17:00,delwebb_to_marketpl,SB,0.38,0.95,27.1
10/16/2024 18:00,delwebb_to_marketpl,SB,0.3,0.86,29.7
10/16/2024 19:00,delwebb_to_marketpl,SB,0.18,0.73,34.7
10/16/2024 20:00,delwebb_to_marketpl,SB,0.27,0.83,31.2
10/16/2024 21:00,delwebb_to_marketpl,SB,0.23,0.77,33
10/16/2024 22:00,delwebb_to_marketpl,SB,0.17,0.74,34.3
10/16/2024 23:00,delwebb_to_marketpl,SB,0.17,0.71,36.2
10/17/2024 0:00,delwebb_to_marketpl,SB,0.05,0.6,41.6
10/17/2024 1:00,delwebb_to_marketpl,SB,0.02,0.57,43.9
10/17/2024 2:00,delwebb_to_marketpl,SB,0.07,0.62,40
10/17/2024 3:00,delwebb_to_marketpl,SB,0.03,0.57,43.5
10/17/2024 4:00,delwebb_to_marketpl,SB,0.04,0.59,42.4
10/17/2024 5:00,delwebb_to_marketpl,SB,0.09,0.63,39.6
10/17/2024 6:00,delwebb_to_marketpl,SB,0.33,0.89,29.5
10/17/2024 7:00,delwebb_to_marketpl,SB,0.39,0.94,27.6
10/17/2024 8:00,delwebb_to_marketpl,SB,0.42,0.97,26
10/17/2024 9:00,delwebb_to_marketpl,SB,0.44,0.99,25.4
10/17/2024 10:00,delwebb_to_marketpl,SB,0.66,1.23,21.9
10/17/2024 11:00,delwebb_to_marketpl,SB,0.39,0.94,28
10/17/2024 12:00,delwebb_to_marketpl,SB,0.44,1,25.5
10/17/2024 13:00,delwebb_to_marketpl,SB,0.52,1.08,24.8
10/17/2024 14:00,delwebb_to_marketpl,SB,0.3,0.86,29.1
10/17/2024 15:00,delwebb_to_marketpl,SB,0.47,1.03,24.5
10/17/2024 16:00,delwebb_to_marketpl,SB,0.53,1.08,23.9
10/17/2024 17:00,delwebb_to_marketpl,SB,0.51,1.05,24.8
10/17/2024 18:00,delwebb_to_marketpl,SB,0.19,0.72,35.2
10/17/2024 19:00,delwebb_to_marketpl,SB,0.27,0.84,30.1
10/17/2024 20:00,delwebb_to_marketpl,SB,0.25,0.78,32.9
10/17/2024 21:00,delwebb_to_marketpl,SB,0.1,0.62,40.8
10/17/2024 22:00,delwebb_to_marketpl,SB,0.1,0.62,40.7
10/17/2024 23:00,delwebb_to_marketpl,SB,0.09,0.62,40.5
10/18/2024 0:00,delwebb_to_marketpl,SB,0.12,0.67,37.4
10/18/2024 1:00,delwebb_to_marketpl,SB,0.07,0.62,40.4
10/18/2024 2:00,delwebb_to_marketpl,SB,0.06,0.61,41.1
10/18/2024 3:00,delwebb_to_marketpl,SB,0,0.54,46.1
10/18/2024 4:00,delwebb_to_marketpl,SB,0.04,0.59,42.2
10/18/2024 5:00,delwebb_to_marketpl,SB,0.22,0.78,33
10/18/2024 6:00,delwebb_to_marketpl,SB,0.24,0.79,32.5
10/18/2024 7:00,delwebb_to_marketpl,SB,0.27,0.81,31.5
10/18/2024 8:00,delwebb_to_marketpl,SB,0.49,1.05,24.2
10/18/2024 9:00,delwebb_to_marketpl,SB,0.53,1.09,23.5
10/18/2024 10:00,delwebb_to_marketpl,SB,0.53,1.09,24.6
10/18/2024 11:00,delwebb_to_marketpl,SB,0.56,1.13,23.3
10/18/2024 12:00,delwebb_to_marketpl,SB,0.48,1.04,25.8
10/18/2024 13:00,delwebb_to_marketpl,SB,0.51,1.08,24.4
10/18/2024 14:00,delwebb_to_marketpl,SB,0.59,1.16,21.6
10/18/2024 15:00,delwebb_to_marketpl,SB,0.4,0.95,26.8
10/18/2024 16:00,delwebb_to_marketpl,SB,0.46,1.02,24.8
10/18/2024 17:00,delwebb_to_marketpl,SB,0.32,0.87,28.8
10/18/2024 18:00,delwebb_to_marketpl,SB,0.26,0.81,31.8
10/18/2024 19:00,delwebb_to_marketpl,SB,0.26,0.81,31
10/18/2024 20:00,delwebb_to_marketpl,SB,0.2,0.74,33.9
10/18/2024 21:00,delwebb_to_marketpl,SB,0.13,0.67,37.3
10/18/2024 22:00,delwebb_to_marketpl,SB,0.13,0.7,36
10/18/2024 23:00,delwebb_to_marketpl,SB,0.26,0.81,30.9
10/19/2024 0:00,delwebb_to_marketpl,SB,0.23,0.77,34
10/19/2024 1:00,delwebb_to_marketpl,SB,0.04,0.59,41.9
10/19/2024 2:00,delwebb_to_marketpl,SB,0.11,0.66,37.7
10/19/2024 3:00,delwebb_to_marketpl,SB,0.09,0.61,42.3
10/19/2024 4:00,delwebb_to_marketpl,SB,0.07,0.6,41.9
10/19/2024 5:00,delwebb_to_marketpl,SB,0.12,0.68,37
10/19/2024 6:00,delwebb_to_marketpl,SB,0.27,0.82,30.9
10/19/2024 7:00,delwebb_to_marketpl,SB,0.26,0.81,31.6
10/19/2024 8:00,delwebb_to_marketpl,SB,0.44,1,26.3
10/19/2024 9:00,delwebb_to_marketpl,SB,0.56,1.12,22.7
10/19/2024 10:00,delwebb_to_marketpl,SB,0.48,1.02,26
10/19/2024 11:00,delwebb_to_marketpl,SB,0.52,1.08,24.1
10/19/2024 12:00,delwebb_to_marketpl,SB,0.41,0.96,26.6
10/19/2024 13:00,delwebb_to_marketpl,SB,0.38,0.94,27.2
10/19/2024 14:00,delwebb_to_marketpl,SB,0.25,0.79,31.7
10/19/2024 15:00,delwebb_to_marketpl,SB,0.27,0.83,31.4
10/19/2024 16:00,delwebb_to_marketpl,SB,0.35,0.89,28.1
10/19/2024 17:00,delwebb_to_marketpl,SB,0.21,0.77,32.3
10/19/2024 18:00,delwebb_to_marketpl,SB,0.24,0.8,31.3
10/19/2024 19:00,delwebb_to_marketpl,SB,0.18,0.75,33.9
10/19/2024 20:00,delwebb_to_marketpl,SB,0.25,0.81,31
10/19/2024 21:00,delwebb_to_marketpl,SB,0.29,0.84,30.5
10/19/2024 22:00,delwebb_to_marketpl,SB,0.18,0.71,35.7
10/19/2024 23:00,delwebb_to_marketpl,SB,0.12,0.67,37.5
10/20/2024 0:00,delwebb_to_marketpl,SB,0.14,0.69,36.1
10/20/2024 1:00,delwebb_to_marketpl,SB,0.13,0.68,36.7
10/20/2024 2:00,delwebb_to_marketpl,SB,0.11,0.64,38.8
10/20/2024 3:00,delwebb_to_marketpl,SB,0.07,0.64,39.5
10/20/2024 4:00,delwebb_to_marketpl,SB,0.02,0.56,44.1
10/20/2024 5:00,delwebb_to_marketpl,SB,0.04,0.59,42.6
10/20/2024 6:00,delwebb_to_marketpl,SB,0.07,0.62,40.5
10/20/2024 7:00,delwebb_to_marketpl,SB,0.2,0.74,34.7
10/20/2024 8:00,delwebb_to_marketpl,SB,0.18,0.74,34
10/20/2024 9:00,delwebb_to_marketpl,SB,0.28,0.82,31.6
10/20/2024 10:00,delwebb_to_marketpl,SB,0.39,0.93,28.5
10/20/2024 11:00,delwebb_to_marketpl,SB,0.27,0.82,31.1
10/20/2024 12:00,delwebb_to_marketpl,SB,0.26,0.8,31.6
10/20/2024 13:00,delwebb_to_marketpl,SB,0.25,0.8,31.6
10/20/2024 14:00,delwebb_to_marketpl,SB,0.35,0.9,27.9
10/20/2024 15:00,delwebb_to_marketpl,SB,0.29,0.83,30.3
10/20/2024 16:00,delwebb_to_marketpl,SB,0.39,0.95,26.5
10/20/2024 17:00,delwebb_to_marketpl,SB,0.26,0.81,31
10/20/2024 18:00,delwebb_to_marketpl,SB,0.39,0.95,27.8
10/20/2024 19:00,delwebb_to_marketpl,SB,0.23,0.79,31.8
10/20/2024 20:00,delwebb_to_marketpl,SB,0.32,0.87,29.6
10/20/2024 21:00,delwebb_to_marketpl,SB,0.32,0.85,30.5
10/20/2024 22:00,delwebb_to_marketpl,SB,0.46,1.03,25.3
10/20/2024 23:00,delwebb_to_marketpl,SB,0.18,0.72,35
10/21/2024 0:00,delwebb_to_marketpl,SB,0.15,0.69,36.8
10/21/2024 1:00,delwebb_to_marketpl,SB,0.06,0.59,42.4
10/21/2024 2:00,delwebb_to_marketpl,SB,0.05,0.6,41.8
10/21/2024 3:00,delwebb_to_marketpl,SB,0.06,0.57,44.2
10/21/2024 4:00,delwebb_to_marketpl,SB,0.06,0.61,40.9
10/21/2024 5:00,delwebb_to_marketpl,SB,0.15,0.7,36.5
10/21/2024 6:00,delwebb_to_marketpl,SB,0.28,0.82,30.9
10/21/2024 7:00,delwebb_to_marketpl,SB,0.59,1.13,23.3
10/21/2024 8:00,delwebb_to_marketpl,SB,0.48,1.04,24.3
10/21/2024 9:00,delwebb_to_marketpl,SB,0.46,1.01,25.3
10/21/2024 10:00,delwebb_to_marketpl,SB,0.55,1.11,24.5
10/21/2024 11:00,delwebb_to_marketpl,SB,0.49,1.05,25.9
10/21/2024 12:00,delwebb_to_marketpl,SB,0.45,1,27.2
10/21/2024 13:00,delwebb_to_marketpl,SB,0.38,0.94,28
10/21/2024 14:00,delwebb_to_marketpl,SB,0.4,0.96,27.7
10/21/2024 15:00,delwebb_to_marketpl,SB,0.21,0.77,32.5
10/21/2024 16:00,delwebb_to_marketpl,SB,0.55,1.11,22.7
10/21/2024 17:00,delwebb_to_marketpl,SB,0.34,0.9,28.4
10/21/2024 18:00,delwebb_to_marketpl,SB,0.34,0.91,27.8
10/21/2024 19:00,delwebb_to_marketpl,SB,0.48,1.05,25.8
10/21/2024 20:00,delwebb_to_marketpl,SB,0.25,0.82,30.7
10/21/2024 21:00,delwebb_to_marketpl,SB,0.17,0.72,35.2
10/21/2024 22:00,delwebb_to_marketpl,SB,0.1,0.63,40.1
10/21/2024 23:00,delwebb_to_marketpl,SB,0.07,0.62,40.1
10/22/2024 0:00,delwebb_to_marketpl,SB,0.04,0.59,42.3
10/22/2024 1:00,delwebb_to_marketpl,SB,0.04,0.58,42.8
10/22/2024 2:00,delwebb_to_marketpl,SB,0.02,0.56,44.5
10/22/2024 3:00,delwebb_to_marketpl,SB,0.01,0.56,44.6
10/22/2024 4:00,delwebb_to_marketpl,SB,0.05,0.58,42.5
10/22/2024 5:00,delwebb_to_marketpl,SB,0.21,0.76,34.5
10/22/2024 6:00,delwebb_to_marketpl,SB,0.15,0.66,38.1
10/22/2024 7:00,delwebb_to_marketpl,SB,0.52,1.07,24.4
10/22/2024 8:00,delwebb_to_marketpl,SB,0.44,0.99,25.5
10/22/2024 9:00,delwebb_to_marketpl,SB,0.44,1,25.4
10/22/2024 10:00,delwebb_to_marketpl,SB,0.59,1.15,23
10/22/2024 11:00,delwebb_to_marketpl,SB,0.43,1,25.3
10/22/2024 12:00,delwebb_to_marketpl,SB,0.71,1.28,19.6
10/22/2024 13:00,delwebb_to_marketpl,SB,0.77,1.33,19.3
10/22/2024 14:00,delwebb_to_marketpl,SB,0.54,1.1,24
10/22/2024 15:00,delwebb_to_marketpl,SB,0.41,0.97,26.4
10/22/2024 16:00,delwebb_to_marketpl,SB,0.37,0.93,27.4
10/22/2024 17:00,delwebb_to_marketpl,SB,0.43,1,25.6
10/22/2024 18:00,delwebb_to_marketpl,SB,0.36,0.93,28.9
10/22/2024 19:00,delwebb_to_marketpl,SB,0.18,0.74,35.4
10/22/2024 20:00,delwebb_to_marketpl,SB,0.33,0.88,30.8
10/22/2024 21:00,delwebb_to_marketpl,SB,0.19,0.75,34.4
10/22/2024 22:00,delwebb_to_marketpl,SB,0.08,0.61,41.1
10/22/2024 23:00,delwebb_to_marketpl,SB,0.19,0.74,34.4
10/23/2024 0:00,delwebb_to_marketpl,SB,0.08,0.64,39.2
10/23/2024 1:00,delwebb_to_marketpl,SB,0.09,0.64,39.3
10/23/2024 2:00,delwebb_to_marketpl,SB,0.05,0.6,41.7
10/23/2024 3:00,delwebb_to_marketpl,SB,0.03,0.57,43.7
10/23/2024 4:00,delwebb_to_marketpl,SB,0.05,0.6,41.7
10/23/2024 5:00,delwebb_to_marketpl,SB,0.14,0.69,37.4
10/23/2024 6:00,delwebb_to_marketpl,SB,0.22,0.77,32.8
10/23/2024 7:00,delwebb_to_marketpl,SB,0.41,0.98,26.2
10/23/2024 8:00,delwebb_to_marketpl,SB,0.47,1.02,25.5
10/23/2024 9:00,delwebb_to_marketpl,SB,0.45,1.01,27.1
10/23/2024 10:00,delwebb_to_marketpl,SB,0.76,1.33,19
10/23/2024 11:00,delwebb_to_marketpl,SB,0.73,1.3,20.7
10/23/2024 12:00,delwebb_to_marketpl,SB,0.3,0.87,28.9
10/23/2024 13:00,delwebb_to_marketpl,SB,0.44,1,25.1
10/23/2024 14:00,delwebb_to_marketpl,SB,0.58,1.15,22.6
10/23/2024 15:00,delwebb_to_marketpl,SB,0.45,1.01,25.6
10/23/2024 16:00,delwebb_to_marketpl,SB,0.45,1.01,25.7
10/23/2024 17:00,delwebb_to_marketpl,SB,0.68,1.24,20.9
10/23/2024 18:00,delwebb_to_marketpl,SB,0.49,1.05,23.9
10/23/2024 19:00,delwebb_to_marketpl,SB,0.17,0.72,34.8
10/23/2024 20:00,delwebb_to_marketpl,SB,0.36,0.92,27.3
10/23/2024 21:00,delwebb_to_marketpl,SB,0.15,0.7,35.8
10/23/2024 22:00,delwebb_to_marketpl,SB,0.14,0.7,36.2
10/23/2024 23:00,delwebb_to_marketpl,SB,0.13,0.68,36.9
10/24/2024 0:00,delwebb_to_marketpl,SB,0.2,0.73,35
10/24/2024 1:00,delwebb_to_marketpl,SB,0.14,0.69,37.2
10/24/2024 2:00,delwebb_to_marketpl,SB,0.01,0.55,45.1
10/24/2024 3:00,delwebb_to_marketpl,SB,0.08,0.63,39.5
10/24/2024 4:00,delwebb_to_marketpl,SB,0.11,0.67,37.4
10/24/2024 5:00,delwebb_to_marketpl,SB,0.18,0.72,35
10/24/2024 6:00,delwebb_to_marketpl,SB,0.22,0.72,36.4
10/24/2024 7:00,delwebb_to_marketpl,SB,0.53,1.1,22.7
10/24/2024 8:00,delwebb_to_marketpl,SB,0.6,1.15,22.3
10/24/2024 9:00,delwebb_to_marketpl,SB,0.61,1.17,22.4
10/24/2024 10:00,delwebb_to_marketpl,SB,0.55,1.11,23.3
10/24/2024 11:00,delwebb_to_marketpl,SB,0.62,1.19,21.2
10/24/2024 12:00,delwebb_to_marketpl,SB,0.48,1.05,24.9
10/24/2024 13:00,delwebb_to_marketpl,SB,0.57,1.14,22.2
10/24/2024 14:00,delwebb_to_marketpl,SB,0.54,1.11,23
10/24/2024 15:00,delwebb_to_marketpl,SB,0.4,0.97,26.5
10/24/2024 16:00,delwebb_to_marketpl,SB,0.42,0.98,26.4
10/24/2024 17:00,delwebb_to_marketpl,SB,0.71,1.27,20.7
10/24/2024 18:00,delwebb_to_marketpl,SB,0.25,0.82,30.6
10/24/2024 19:00,delwebb_to_marketpl,SB,0.21,0.75,33.8
10/24/2024 20:00,delwebb_to_marketpl,SB,0.28,0.84,30.2
10/24/2024 21:00,delwebb_to_marketpl,SB,0.1,0.63,39.4
10/24/2024 22:00,delwebb_to_marketpl,SB,0.14,0.65,38.8
10/24/2024 23:00,delwebb_to_marketpl,SB,0.07,0.59,42.5
10/25/2024 0:00,delwebb_to_marketpl,SB,0.05,0.6,41.5
10/25/2024 1:00,delwebb_to_marketpl,SB,0.06,0.61,41
10/25/2024 2:00,delwebb_to_marketpl,SB,0.03,0.57,43.6
10/25/2024 3:00,delwebb_to_marketpl,SB,0.02,0.57,43.7
10/25/2024 4:00,delwebb_to_marketpl,SB,0.05,0.6,41.6
10/25/2024 5:00,delwebb_to_marketpl,SB,0.11,0.64,39.2
10/25/2024 6:00,delwebb_to_marketpl,SB,0.35,0.88,29.9
10/25/2024 7:00,delwebb_to_marketpl,SB,0.47,1.04,25.6
10/25/2024 8:00,delwebb_to_marketpl,SB,0.41,0.96,26.7
10/25/2024 9:00,delwebb_to_marketpl,SB,0.42,0.98,26.9
10/25/2024 10:00,delwebb_to_marketpl,SB,0.55,1.12,23.2
10/25/2024 11:00,delwebb_to_marketpl,SB,0.68,1.24,21.3
10/25/2024 12:00,delwebb_to_marketpl,SB,0.31,0.88,28.9
10/25/2024 13:00,delwebb_to_marketpl,SB,0.27,0.83,30.4
10/25/2024 14:00,delwebb_to_marketpl,SB,0.57,1.14,22.5
10/25/2024 15:00,delwebb_to_marketpl,SB,0.52,1.09,24.2
10/25/2024 16:00,delwebb_to_marketpl,SB,0.74,1.3,20.8
10/25/2024 17:00,delwebb_to_marketpl,SB,0.57,1.13,22.6
10/25/2024 18:00,delwebb_to_marketpl,SB,0.4,0.96,29.4
10/25/2024 19:00,delwebb_to_marketpl,SB,0.28,0.84,31.7
10/25/2024 20:00,delwebb_to_marketpl,SB,0.2,0.75,33.5
10/25/2024 21:00,delwebb_to_marketpl,SB,0.33,0.86,29.9
10/25/2024 22:00,delwebb_to_marketpl,SB,0.43,0.99,25.9
10/25/2024 23:00,delwebb_to_marketpl,SB,0.1,0.65,38.8
10/26/2024 0:00,delwebb_to_marketpl,SB,0.1,0.65,38.3
10/26/2024 1:00,delwebb_to_marketpl,SB,0.12,0.65,39
10/26/2024 2:00,delwebb_to_marketpl,SB,0.08,0.61,41.1
10/26/2024 3:00,delwebb_to_marketpl,SB,0.06,0.61,40.7
10/26/2024 4:00,delwebb_to_marketpl,SB,0.05,0.6,41.8
10/26/2024 5:00,delwebb_to_marketpl,SB,0.07,0.63,39.5
10/26/2024 6:00,delwebb_to_marketpl,SB,0.18,0.75,36.5
10/26/2024 7:00,delwebb_to_marketpl,SB,0.33,0.87,30.2
10/26/2024 8:00,delwebb_to_marketpl,SB,0.42,1,26.2
10/26/2024 9:00,delwebb_to_marketpl,SB,0.55,1.11,23.4
10/26/2024 10:00,delwebb_to_marketpl,SB,0.45,1.03,24.9
10/26/2024 11:00,delwebb_to_marketpl,SB,0.32,0.89,28.5
10/26/2024 12:00,delwebb_to_marketpl,SB,0.45,1.01,24.8
10/26/2024 13:00,delwebb_to_marketpl,SB,0.26,0.8,32.1
10/26/2024 14:00,delwebb_to_marketpl,SB,0.43,0.98,26.3
10/26/2024 15:00,delwebb_to_marketpl,SB,0.33,0.87,30.4
10/26/2024 16:00,delwebb_to_marketpl,SB,0.27,0.83,30.2
10/26/2024 17:00,delwebb_to_marketpl,SB,0.4,0.95,27.9
10/26/2024 18:00,delwebb_to_marketpl,SB,0.41,0.97,26.6
10/26/2024 19:00,delwebb_to_marketpl,SB,0.31,0.86,30.3
10/26/2024 20:00,delwebb_to_marketpl,SB,0.33,0.84,30.5
10/26/2024 21:00,delwebb_to_marketpl,SB,0.13,0.63,39.7
10/26/2024 22:00,delwebb_to_marketpl,SB,0.2,0.72,35.2
10/26/2024 23:00,delwebb_to_marketpl,SB,0.18,0.68,38.3
10/27/2024 0:00,delwebb_to_marketpl,SB,0.15,0.69,36.6
10/27/2024 1:00,delwebb_to_marketpl,SB,0.09,0.62,41.3
10/27/2024 2:00,delwebb_to_marketpl,SB,0.06,0.59,42.3
10/27/2024 3:00,delwebb_to_marketpl,SB,0.05,0.59,42.6
10/27/2024 4:00,delwebb_to_marketpl,SB,0.19,0.74,33.9
10/27/2024 5:00,delwebb_to_marketpl,SB,0.15,0.67,38.1
10/27/2024 6:00,delwebb_to_marketpl,SB,0.14,0.69,36.6
10/27/2024 7:00,delwebb_to_marketpl,SB,0.35,0.9,28.7
10/27/2024 8:00,delwebb_to_marketpl,SB,0.24,0.78,33.6
10/27/2024 9:00,delwebb_to_marketpl,SB,0.31,0.88,30
10/27/2024 10:00,delwebb_to_marketpl,SB,0.21,0.76,33.2
10/27/2024 11:00,delwebb_to_marketpl,SB,0.41,0.96,26.5
10/27/2024 12:00,delwebb_to_marketpl,SB,0.23,0.8,31.6
10/27/2024 13:00,delwebb_to_marketpl,SB,0.24,0.77,32.9
10/27/2024 14:00,delwebb_to_marketpl,SB,0.37,0.92,28.8
10/27/2024 15:00,delwebb_to_marketpl,SB,0.35,0.9,28
10/27/2024 16:00,delwebb_to_marketpl,SB,0.3,0.84,30.3
10/27/2024 17:00,delwebb_to_marketpl,SB,0.45,1.01,25.6
10/27/2024 18:00,delwebb_to_marketpl,SB,0.31,0.88,29
10/27/2024 19:00,delwebb_to_marketpl,SB,0.21,0.76,33
10/27/2024 20:00,delwebb_to_marketpl,SB,0.19,0.74,34.4
10/27/2024 21:00,delwebb_to_marketpl,SB,0.13,0.65,38.5
10/27/2024 22:00,delwebb_to_marketpl,SB,0.22,0.75,33.3
10/27/2024 23:00,delwebb_to_marketpl,SB,0.21,0.75,33.4
10/28/2024 0:00,delwebb_to_marketpl,SB,0.05,0.6,41.8
10/28/2024 1:00,delwebb_to_marketpl,SB,0.01,0.55,45.2
10/28/2024 2:00,delwebb_to_marketpl,SB,0.01,0.55,45.1
10/28/2024 3:00,delwebb_to_marketpl,SB,0.08,0.61,40.8
10/28/2024 4:00,delwebb_to_marketpl,SB,0.08,0.63,39.8
10/28/2024 5:00,delwebb_to_marketpl,SB,0.13,0.68,36.9
10/28/2024 6:00,delwebb_to_marketpl,SB,0.19,0.75,33.7
10/28/2024 7:00,delwebb_to_marketpl,SB,0.45,1.01,25.4
10/28/2024 8:00,delwebb_to_marketpl,SB,0.48,1.04,24.5
10/28/2024 9:00,delwebb_to_marketpl,SB,0.45,1.02,25.7
10/28/2024 10:00,delwebb_to_marketpl,SB,0.49,1.06,24.2
10/28/2024 11:00,delwebb_to_marketpl,SB,0.65,1.23,20.8
10/28/2024 12:00,delwebb_to_marketpl,SB,0.42,0.98,26.2
10/28/2024 13:00,delwebb_to_marketpl,SB,0.5,1.05,25.5
10/28/2024 14:00,delwebb_to_marketpl,SB,0.61,1.16,21.8
10/28/2024 15:00,delwebb_to_marketpl,SB,0.29,0.83,31.4
10/28/2024 16:00,delwebb_to_marketpl,SB,0.57,1.12,23.6
10/28/2024 17:00,delwebb_to_marketpl,SB,0.55,1.1,24.3
10/28/2024 18:00,delwebb_to_marketpl,SB,0.25,0.8,31.6
10/28/2024 19:00,delwebb_to_marketpl,SB,0.24,0.8,31.3
10/28/2024 20:00,delwebb_to_marketpl,SB,0.18,0.75,33.7
10/28/2024 21:00,delwebb_to_marketpl,SB,0.19,0.73,35.2
10/28/2024 22:00,delwebb_to_marketpl,SB,0.19,0.73,35.1
10/28/2024 23:00,delwebb_to_marketpl,SB,0.07,0.61,41.1
10/29/2024 0:00,delwebb_to_marketpl,SB,0.06,0.61,41.3
10/29/2024 1:00,delwebb_to_marketpl,SB,0.01,0.55,44.9
10/29/2024 2:00,delwebb_to_marketpl,SB,0.01,0.56,44.7
10/29/2024 3:00,delwebb_to_marketpl,SB,0.1,0.64,39.5
10/29/2024 4:00,delwebb_to_marketpl,SB,0.16,0.72,35.3
10/29/2024 5:00,delwebb_to_marketpl,SB,0.17,0.72,35.4
10/29/2024 6:00,delwebb_to_marketpl,SB,0.18,0.7,36.4
10/29/2024 7:00,delwebb_to_marketpl,SB,0.38,0.94,27.2
10/29/2024 8:00,delwebb_to_marketpl,SB,0.54,1.09,24
10/29/2024 9:00,delwebb_to_marketpl,SB,0.51,1.07,23.9
10/29/2024 10:00,delwebb_to_marketpl,SB,0.45,1.02,25.1
10/29/2024 11:00,delwebb_to_marketpl,SB,0.58,1.14,22.7
10/29/2024 12:00,delwebb_to_marketpl,SB,0.45,1,25.6
10/29/2024 13:00,delwebb_to_marketpl,SB,0.38,0.95,27.2
10/29/2024 14:00,delwebb_to_marketpl,SB,0.51,1.08,23.8
10/29/2024 15:00,delwebb_to_marketpl,SB,0.57,1.13,22.9
10/29/2024 16:00,delwebb_to_marketpl,SB,0.46,1.03,25.6
10/29/2024 17:00,delwebb_to_marketpl,SB,0.7,1.28,20.2
10/29/2024 18:00,delwebb_to_marketpl,SB,0.27,0.84,30.8
10/29/2024 19:00,delwebb_to_marketpl,SB,0.33,0.87,29.9
10/29/2024 20:00,delwebb_to_marketpl,SB,0.22,0.77,33.5
10/29/2024 21:00,delwebb_to_marketpl,SB,0.26,0.79,32
10/29/2024 22:00,delwebb_to_marketpl,SB,0.4,0.97,26
10/29/2024 23:00,delwebb_to_marketpl,SB,0.16,0.72,35.6
10/30/2024 0:00,delwebb_to_marketpl,SB,0.03,0.58,43.2
10/30/2024 1:00,delwebb_to_marketpl,SB,0.03,0.58,43.2
10/30/2024 2:00,delwebb_to_marketpl,SB,0,0.54,45.9
10/30/2024 3:00,delwebb_to_marketpl,SB,0.04,0.57,44.1
10/30/2024 4:00,delwebb_to_marketpl,SB,0.12,0.67,37.3
10/30/2024 5:00,delwebb_to_marketpl,SB,0.13,0.69,36.8
10/30/2024 6:00,delwebb_to_marketpl,SB,0.3,0.86,29.9
10/30/2024 7:00,delwebb_to_marketpl,SB,0.56,1.11,24.4
10/30/2024 8:00,delwebb_to_marketpl,SB,0.71,1.26,20
10/30/2024 9:00,delwebb_to_marketpl,SB,0.52,1.07,24.3
10/30/2024 10:00,delwebb_to_marketpl,SB,0.62,1.19,21.8
10/30/2024 11:00,delwebb_to_marketpl,SB,0.52,1.08,24
10/30/2024 12:00,delwebb_to_marketpl,SB,0.36,0.92,28.1
10/30/2024 13:00,delwebb_to_marketpl,SB,0.55,1.11,23.1
10/30/2024 14:00,delwebb_to_marketpl,SB,0.62,1.2,21
10/30/2024 15:00,delwebb_to_marketpl,SB,0.34,0.9,29.6
10/30/2024 16:00,delwebb_to_marketpl,SB,0.43,0.98,26.9
10/30/2024 17:00,delwebb_to_marketpl,SB,0.84,1.4,18.3
10/30/2024 18:00,delwebb_to_marketpl,SB,0.31,0.87,30.4
10/30/2024 19:00,delwebb_to_marketpl,SB,0.16,0.71,35.8
10/30/2024 20:00,delwebb_to_marketpl,SB,0.23,0.8,32.7
10/30/2024 21:00,delwebb_to_marketpl,SB,0.21,0.74,34.3
10/30/2024 22:00,delwebb_to_marketpl,SB,0.4,0.96,26.6
10/30/2024 23:00,delwebb_to_marketpl,SB,0.13,0.66,37.9
10/31/2024 0:00,delwebb_to_marketpl,SB,0.14,0.67,37.4
10/31/2024 1:00,delwebb_to_marketpl,SB,0.01,0.54,46.1
10/31/2024 2:00,delwebb_to_marketpl,SB,0.04,0.57,43.8
10/31/2024 3:00,delwebb_to_marketpl,SB,0.16,0.68,37.1
10/31/2024 4:00,delwebb_to_marketpl,SB,0.08,0.63,39.7
10/31/2024 5:00,delwebb_to_marketpl,SB,0.12,0.66,38.3
10/31/2024 6:00,delwebb_to_marketpl,SB,0.38,0.95,26.8
10/31/2024 7:00,delwebb_to_marketpl,SB,0.5,1.05,24.7
10/31/2024 8:00,delwebb_to_marketpl,SB,0.43,1.01,26.3
10/31/2024 9:00,delwebb_to_marketpl,SB,0.72,1.27,20.6
10/31/2024 10:00,delwebb_to_marketpl,SB,0.82,1.37,18.5
10/31/2024 11:00,delwebb_to_marketpl,SB,0.87,1.44,18.4
10/31/2024 12:00,delwebb_to_marketpl,SB,0.42,0.97,25.7
10/31/2024 13:00,delwebb_to_marketpl,SB,0.3,0.86,29.6
10/31/2024 14:00,delwebb_to_marketpl,SB,0.3,0.88,29.1
10/31/2024 15:00,delwebb_to_marketpl,SB,0.56,1.12,22.3
10/31/2024 16:00,delwebb_to_marketpl,SB,0.49,1.04,27.3
10/31/2024 17:00,delwebb_to_marketpl,SB,0.42,0.97,27.5
10/31/2024 18:00,delwebb_to_marketpl,SB,0.33,0.89,29
10/31/2024 19:00,delwebb_to_marketpl,SB,0.26,0.78,32.3
10/31/2024 20:00,delwebb_to_marketpl,SB,0.14,0.67,37.4
10/31/2024 21:00,delwebb_to_marketpl,SB,0.21,0.74,34
10/31/2024 22:00,delwebb_to_marketpl,SB,0.18,0.71,36
10/31/2024 23:00,delwebb_to_marketpl,SB,0.16,0.66,38.1
11/1/2024 0:00,delwebb_to_marketpl,SB,0.11,0.63,40.4
11/1/2024 1:00,delwebb_to_marketpl,SB,0.07,0.61,40.7
11/1/2024 2:00,delwebb_to_marketpl,SB,0.05,0.6,41.3
11/1/2024 3:00,delwebb_to_marketpl,SB,0.12,0.7,36.3
11/1/2024 4:00,delwebb_to_marketpl,SB,0.14,0.7,36.3
11/1/2024 5:00,delwebb_to_marketpl,SB,0.28,0.83,32.2
11/1/2024 6:00,delwebb_to_marketpl,SB,0.46,1,27.5
11/1/2024 7:00,delwebb_to_marketpl,SB,0.46,1.01,24.9
11/1/2024 8:00,delwebb_to_marketpl,SB,0.61,1.15,21.7
11/1/2024 9:00,delwebb_to_marketpl,SB,0.4,0.96,26.2
11/1/2024 10:00,delwebb_to_marketpl,SB,0.35,0.91,28.1
11/1/2024 11:00,delwebb_to_marketpl,SB,0.45,1.03,25.1
11/1/2024 12:00,delwebb_to_marketpl,SB,0.4,0.95,27.3
11/1/2024 13:00,delwebb_to_marketpl,SB,0.37,0.93,28.5
11/1/2024 14:00,delwebb_to_marketpl,SB,0.41,0.97,26.3
11/1/2024 15:00,delwebb_to_marketpl,SB,0.52,1.08,23.8
11/1/2024 16:00,delwebb_to_marketpl,SB,0.41,0.97,26.4
11/1/2024 17:00,delwebb_to_marketpl,SB,0.43,0.98,28
11/1/2024 18:00,delwebb_to_marketpl,SB,0.33,0.89,29.1
11/1/2024 19:00,delwebb_to_marketpl,SB,0.34,0.88,28.3
11/1/2024 20:00,delwebb_to_marketpl,SB,0.33,0.89,28.7
11/1/2024 21:00,delwebb_to_marketpl,SB,0.24,0.77,32.8
11/1/2024 22:00,delwebb_to_marketpl,SB,0.24,0.79,32.4
11/1/2024 23:00,delwebb_to_marketpl,SB,0.21,0.75,34.6
11/2/2024 0:00,delwebb_to_marketpl,SB,0.06,0.58,43.1
11/2/2024 1:00,delwebb_to_marketpl,SB,0,0.51,48.6
11/2/2024 2:00,delwebb_to_marketpl,SB,0,0.54,46.1
11/2/2024 3:00,delwebb_to_marketpl,SB,0.02,0.55,45.5
11/2/2024 4:00,delwebb_to_marketpl,SB,0.05,0.6,41.9
11/2/2024 5:00,delwebb_to_marketpl,SB,0.16,0.71,36.4
11/2/2024 6:00,delwebb_to_marketpl,SB,0.26,0.8,33.3
11/2/2024 7:00,delwebb_to_marketpl,SB,0.25,0.81,31.4
11/2/2024 8:00,delwebb_to_marketpl,SB,0.43,0.99,27.5
11/2/2024 9:00,delwebb_to_marketpl,SB,0.57,1.13,22.3
11/2/2024 10:00,delwebb_to_marketpl,SB,0.48,1.03,24.9
11/2/2024 11:00,delwebb_to_marketpl,SB,0.56,1.11,23.5
11/2/2024 12:00,delwebb_to_marketpl,SB,0.32,0.88,29
11/2/2024 13:00,delwebb_to_marketpl,SB,0.37,0.93,27.9
11/2/2024 14:00,delwebb_to_marketpl,SB,0.3,0.85,30.2
11/2/2024 15:00,delwebb_to_marketpl,SB,0.31,0.87,29.3
11/2/2024 16:00,delwebb_to_marketpl,SB,0.44,1.01,26
11/2/2024 17:00,delwebb_to_marketpl,SB,0.45,1.02,26.7
11/2/2024 18:00,delwebb_to_marketpl,SB,0.44,1,26
11/2/2024 19:00,delwebb_to_marketpl,SB,0.4,0.95,26.9
11/2/2024 20:00,delwebb_to_marketpl,SB,0.23,0.78,33.3
11/2/2024 21:00,delwebb_to_marketpl,SB,0.24,0.8,31.6
11/2/2024 22:00,delwebb_to_marketpl,SB,0.14,0.67,37.2
11/2/2024 23:00,delwebb_to_marketpl,SB,0.25,0.8,33.1
11/3/2024 0:00,delwebb_to_marketpl,SB,0.38,0.92,29
11/3/2024 1:00,delwebb_to_marketpl,SB,0.17,0.72,35.3
11/3/2024 1:00,delwebb_to_marketpl,SB,0.07,0.57,43.8
11/3/2024 2:00,delwebb_to_marketpl,SB,0.06,0.62,40.4
11/3/2024 3:00,delwebb_to_marketpl,SB,0.02,0.57,43.7
11/3/2024 4:00,delwebb_to_marketpl,SB,0.05,0.6,41.6
11/3/2024 5:00,delwebb_to_marketpl,SB,0.04,0.57,44.1
11/3/2024 6:00,delwebb_to_marketpl,SB,0.23,0.75,34.7
11/3/2024 7:00,delwebb_to_marketpl,SB,0.27,0.83,31.5
11/3/2024 8:00,delwebb_to_marketpl,SB,0.26,0.81,32.2
11/3/2024 9:00,delwebb_to_marketpl,SB,0.26,0.81,31.7
11/3/2024 10:00,delwebb_to_marketpl,SB,0.42,0.98,26.3
11/3/2024 11:00,delwebb_to_marketpl,SB,0.59,1.15,22.6
11/3/2024 12:00,delwebb_to_marketpl,SB,0.45,1.01,25.1
11/3/2024 13:00,delwebb_to_marketpl,SB,0.44,0.98,26.1
11/3/2024 14:00,delwebb_to_marketpl,SB,0.44,1.01,25.1
11/3/2024 15:00,delwebb_to_marketpl,SB,0.47,1.02,25.9
11/3/2024 16:00,delwebb_to_marketpl,SB,0.34,0.87,29.9
11/3/2024 17:00,delwebb_to_marketpl,SB,0.48,1.02,26.3
11/3/2024 18:00,delwebb_to_marketpl,SB,0.48,1.02,26.2
11/3/2024 19:00,delwebb_to_marketpl,SB,0.34,0.9,28.7
11/3/2024 20:00,delwebb_to_marketpl,SB,0.29,0.84,30
11/3/2024 21:00,delwebb_to_marketpl,SB,0.15,0.7,36.4
11/3/2024 22:00,delwebb_to_marketpl,SB,0.17,0.68,37
11/3/2024 23:00,delwebb_to_marketpl,SB,0.1,0.65,38.7
11/4/2024 0:00,delwebb_to_marketpl,SB,0.15,0.7,36.4
11/4/2024 1:00,delwebb_to_marketpl,SB,0.02,0.57,43.5
11/4/2024 2:00,delwebb_to_marketpl,SB,0.02,0.57,43.4
11/4/2024 3:00,delwebb_to_marketpl,SB,0.06,0.62,40.6
11/4/2024 4:00,delwebb_to_marketpl,SB,0.07,0.63,39.4
11/4/2024 5:00,delwebb_to_marketpl,SB,0.2,0.76,33.7
11/4/2024 6:00,delwebb_to_marketpl,SB,0.38,0.94,27
11/4/2024 7:00,delwebb_to_marketpl,SB,0.51,1.07,23.6
11/4/2024 8:00,delwebb_to_marketpl,SB,0.74,1.29,21.1
11/4/2024 9:00,delwebb_to_marketpl,SB,0.6,1.15,22.6
11/4/2024 10:00,delwebb_to_marketpl,SB,0.96,1.53,17.1
11/4/2024 11:00,delwebb_to_marketpl,SB,0.47,1.03,26.2
11/4/2024 12:00,delwebb_to_marketpl,SB,0.4,0.96,26.6
11/4/2024 13:00,delwebb_to_marketpl,SB,0.42,0.97,26.2
11/4/2024 14:00,delwebb_to_marketpl,SB,0.62,1.18,21.4
11/4/2024 15:00,delwebb_to_marketpl,SB,0.83,1.39,18.7
11/4/2024 16:00,delwebb_to_marketpl,SB,0.52,1.07,24
11/4/2024 17:00,delwebb_to_marketpl,SB,0.44,1,25.6
11/4/2024 18:00,delwebb_to_marketpl,SB,0.28,0.84,32.2
11/4/2024 19:00,delwebb_to_marketpl,SB,0.19,0.72,34.8
11/4/2024 20:00,delwebb_to_marketpl,SB,0.18,0.7,36.4
11/4/2024 21:00,delwebb_to_marketpl,SB,0.26,0.78,32.7
11/4/2024 22:00,delwebb_to_marketpl,SB,0.12,0.67,37.7
11/4/2024 23:00,delwebb_to_marketpl,SB,0.07,0.58,42.9
11/5/2024 0:00,delwebb_to_marketpl,SB,0.04,0.57,43.8
11/5/2024 1:00,delwebb_to_marketpl,SB,0.03,0.58,43.1
11/5/2024 2:00,delwebb_to_marketpl,SB,0.04,0.55,45
11/5/2024 3:00,delwebb_to_marketpl,SB,0.06,0.61,40.8
11/5/2024 4:00,delwebb_to_marketpl,SB,0.06,0.61,40.7
11/5/2024 5:00,delwebb_to_marketpl,SB,0.18,0.72,35.3
11/5/2024 6:00,delwebb_to_marketpl,SB,0.32,0.86,29.7
11/5/2024 7:00,delwebb_to_marketpl,SB,0.38,0.94,27.5
11/5/2024 8:00,delwebb_to_marketpl,SB,0.41,0.97,26.6
11/5/2024 9:00,delwebb_to_marketpl,SB,0.48,1.03,26.4
11/5/2024 10:00,delwebb_to_marketpl,SB,0.49,1.05,24.6
11/5/2024 11:00,delwebb_to_marketpl,SB,0.41,0.97,26
11/5/2024 12:00,delwebb_to_marketpl,SB,0.36,0.93,28
11/5/2024 13:00,delwebb_to_marketpl,SB,0.78,1.35,19.7
11/5/2024 14:00,delwebb_to_marketpl,SB,0.57,1.12,23.1
11/5/2024 15:00,delwebb_to_marketpl,SB,0.49,1.05,24.5
11/5/2024 16:00,delwebb_to_marketpl,SB,0.46,1.03,25.4
11/5/2024 17:00,delwebb_to_marketpl,SB,0.33,0.91,27.8
11/5/2024 18:00,delwebb_to_marketpl,SB,0.21,0.78,32.9
11/5/2024 19:00,delwebb_to_marketpl,SB,0.18,0.71,35.5
11/5/2024 20:00,delwebb_to_marketpl,SB,0.32,0.88,29.7
11/5/2024 21:00,delwebb_to_marketpl,SB,0.14,0.7,35.9
11/5/2024 22:00,delwebb_to_marketpl,SB,0.13,0.65,38.4
11/5/2024 23:00,delwebb_to_marketpl,SB,0.14,0.65,38.9
11/6/2024 0:00,delwebb_to_marketpl,SB,0.17,0.72,34.6
11/6/2024 1:00,delwebb_to_marketpl,SB,0.11,0.66,38.7
11/6/2024 2:00,delwebb_to_marketpl,SB,0,0.54,46.1
11/6/2024 3:00,delwebb_to_marketpl,SB,0.06,0.61,41.2
11/6/2024 4:00,delwebb_to_marketpl,SB,0.2,0.75,34.3
11/6/2024 5:00,delwebb_to_marketpl,SB,0.07,0.59,42
11/6/2024 6:00,delwebb_to_marketpl,SB,0.3,0.83,31.1
11/6/2024 7:00,delwebb_to_marketpl,SB,0.53,1.08,23.7
11/6/2024 8:00,delwebb_to_marketpl,SB,0.61,1.17,21.5
11/6/2024 9:00,delwebb_to_marketpl,SB,0.44,1.01,25.5
11/6/2024 10:00,delwebb_to_marketpl,SB,0.55,1.12,22.6
11/6/2024 11:00,delwebb_to_marketpl,SB,0.43,1,25.3
11/6/2024 12:00,delwebb_to_marketpl,SB,0.65,1.22,21.3
11/6/2024 13:00,delwebb_to_marketpl,SB,0.51,1.07,24
11/6/2024 14:00,delwebb_to_marketpl,SB,0.49,1.05,24.9
11/6/2024 15:00,delwebb_to_marketpl,SB,0.57,1.12,22.9
11/6/2024 16:00,delwebb_to_marketpl,SB,0.32,0.87,29.1
11/6/2024 17:00,delwebb_to_marketpl,SB,0.48,1.04,26.2
11/6/2024 18:00,delwebb_to_marketpl,SB,0.29,0.82,31.9
11/6/2024 19:00,delwebb_to_marketpl,SB,0.32,0.87,31.4
11/6/2024 20:00,delwebb_to_marketpl,SB,0.29,0.86,30.3
11/6/2024 21:00,delwebb_to_marketpl,SB,0.22,0.78,34.3
11/6/2024 22:00,delwebb_to_marketpl,SB,0.11,0.67,37.9
11/6/2024 23:00,delwebb_to_marketpl,SB,0.1,0.66,38.3
11/7/2024 0:00,delwebb_to_marketpl,SB,0.04,0.59,41.9
11/7/2024 1:00,delwebb_to_marketpl,SB,0.04,0.59,41.9
11/7/2024 2:00,delwebb_to_marketpl,SB,0.06,0.6,41.5
11/7/2024 3:00,delwebb_to_marketpl,SB,0.07,0.63,39.7
11/7/2024 4:00,delwebb_to_marketpl,SB,0.1,0.66,38
11/7/2024 5:00,delwebb_to_marketpl,SB,0.11,0.65,38.1
11/7/2024 6:00,delwebb_to_marketpl,SB,0.18,0.7,37.4
11/7/2024 7:00,delwebb_to_marketpl,SB,0.37,0.93,27.3
11/7/2024 8:00,delwebb_to_marketpl,SB,0.56,1.12,22.7
11/7/2024 9:00,delwebb_to_marketpl,SB,0.52,1.07,24.6
11/7/2024 10:00,delwebb_to_marketpl,SB,0.89,1.47,17
11/7/2024 11:00,delwebb_to_marketpl,SB,0.47,1.03,25.2
11/7/2024 12:00,delwebb_to_marketpl,SB,0.46,1.02,25.4
11/7/2024 13:00,delwebb_to_marketpl,SB,0.71,1.27,21.2
11/7/2024 14:00,delwebb_to_marketpl,SB,0.86,1.42,18
11/7/2024 15:00,delwebb_to_marketpl,SB,0.57,1.12,23.8
11/7/2024 16:00,delwebb_to_marketpl,SB,0.46,1.03,24.4
11/7/2024 17:00,delwebb_to_marketpl,SB,0.46,1.01,25.1
11/7/2024 18:00,delwebb_to_marketpl,SB,0.41,0.97,27.8
11/7/2024 19:00,delwebb_to_marketpl,SB,0.23,0.79,32
11/7/2024 20:00,delwebb_to_marketpl,SB,0.27,0.84,30.1
11/7/2024 21:00,delwebb_to_marketpl,SB,0.3,0.86,29.6
11/7/2024 22:00,delwebb_to_marketpl,SB,0.21,0.78,32.7
11/7/2024 23:00,delwebb_to_marketpl,SB,0.05,0.58,42.9
11/8/2024 0:00,delwebb_to_marketpl,SB,0.04,0.58,43.3
11/8/2024 1:00,delwebb_to_marketpl,SB,0,0.54,45.9
11/8/2024 2:00,delwebb_to_marketpl,SB,0.1,0.67,37.4
11/8/2024 3:00,delwebb_to_marketpl,SB,0.02,0.56,44.1
11/8/2024 4:00,delwebb_to_marketpl,SB,0.05,0.61,41
11/8/2024 5:00,delwebb_to_marketpl,SB,0.17,0.7,38.4
11/8/2024 6:00,delwebb_to_marketpl,SB,0.31,0.85,30.5
11/8/2024 7:00,delwebb_to_marketpl,SB,0.47,1.02,25.7
11/8/2024 8:00,delwebb_to_marketpl,SB,0.52,1.08,24.8
11/8/2024 9:00,delwebb_to_marketpl,SB,0.55,1.12,23.6
11/8/2024 10:00,delwebb_to_marketpl,SB,0.64,1.22,21.4
11/8/2024 11:00,delwebb_to_marketpl,SB,0.55,1.13,23.6
11/8/2024 12:00,delwebb_to_marketpl,SB,0.52,1.09,23.3
11/8/2024 13:00,delwebb_to_marketpl,SB,0.59,1.15,22.4
11/8/2024 14:00,delwebb_to_marketpl,SB,0.41,0.98,26.4
11/8/2024 15:00,delwebb_to_marketpl,SB,0.58,1.14,23
11/8/2024 16:00,delwebb_to_marketpl,SB,0.81,1.37,18.4
11/8/2024 17:00,delwebb_to_marketpl,SB,0.73,1.3,20.1
11/8/2024 18:00,delwebb_to_marketpl,SB,0.3,0.87,29.4
11/8/2024 19:00,delwebb_to_marketpl,SB,0.29,0.86,30.5
11/8/2024 20:00,delwebb_to_marketpl,SB,0.27,0.83,31.2
11/8/2024 21:00,delwebb_to_marketpl,SB,0.12,0.65,38.9
11/8/2024 22:00,delwebb_to_marketpl,SB,0.13,0.67,37.5
11/8/2024 23:00,delwebb_to_marketpl,SB,0.27,0.8,31.5
11/9/2024 0:00,delwebb_to_marketpl,SB,0.09,0.62,39.9
11/9/2024 1:00,delwebb_to_marketpl,SB,0.14,0.69,37.5
11/9/2024 2:00,delwebb_to_marketpl,SB,0.07,0.56,44.7
11/9/2024 3:00,delwebb_to_marketpl,SB,0.02,0.56,44.2
11/9/2024 4:00,delwebb_to_marketpl,SB,0.05,0.58,42.7
11/9/2024 5:00,delwebb_to_marketpl,SB,0.04,0.59,42
11/9/2024 6:00,delwebb_to_marketpl,SB,0.04,0.57,43.5
11/9/2024 7:00,delwebb_to_marketpl,SB,0.34,0.9,28.9
11/9/2024 8:00,delwebb_to_marketpl,SB,0.38,0.96,26.5
11/9/2024 9:00,delwebb_to_marketpl,SB,0.56,1.11,24.1
11/9/2024 10:00,delwebb_to_marketpl,SB,0.4,0.97,26.7
11/9/2024 11:00,delwebb_to_marketpl,SB,0.85,1.41,18.1
11/9/2024 12:00,delwebb_to_marketpl,SB,0.42,0.98,26.2
11/9/2024 13:00,delwebb_to_marketpl,SB,0.42,0.99,25.6
11/9/2024 14:00,delwebb_to_marketpl,SB,0.32,0.86,30.2
11/9/2024 15:00,delwebb_to_marketpl,SB,0.42,0.97,27.9
11/9/2024 16:00,delwebb_to_marketpl,SB,0.61,1.17,22
11/9/2024 17:00,delwebb_to_marketpl,SB,0.31,0.86,29.4
11/9/2024 18:00,delwebb_to_marketpl,SB,0.55,1.1,24.3
11/9/2024 19:00,delwebb_to_marketpl,SB,0.2,0.74,34.4
11/9/2024 20:00,delwebb_to_marketpl,SB,0.18,0.73,35.4
11/9/2024 21:00,delwebb_to_marketpl,SB,0.18,0.71,36.5
11/9/2024 22:00,delwebb_to_marketpl,SB,0.25,0.79,33.1
11/9/2024 23:00,delwebb_to_marketpl,SB,0.27,0.82,31.1
11/10/2024 0:00,delwebb_to_marketpl,SB,0.29,0.83,30.5
11/10/2024 1:00,delwebb_to_marketpl,SB,0.09,0.64,39.4
11/10/2024 2:00,delwebb_to_marketpl,SB,0.16,0.71,35.4
11/10/2024 3:00,delwebb_to_marketpl,SB,0.05,0.6,41.5
11/10/2024 4:00,delwebb_to_marketpl,SB,0.1,0.65,39.1
11/10/2024 5:00,delwebb_to_marketpl,SB,0.06,0.6,42
11/10/2024 6:00,delwebb_to_marketpl,SB,0.11,0.65,38.9
11/10/2024 7:00,delwebb_to_marketpl,SB,0.21,0.77,32.7
11/10/2024 8:00,delwebb_to_marketpl,SB,0.28,0.84,31.2
11/10/2024 9:00,delwebb_to_marketpl,SB,0.49,1.04,24.3
11/10/2024 10:00,delwebb_to_marketpl,SB,0.34,0.9,28.3
11/10/2024 11:00,delwebb_to_marketpl,SB,0.31,0.87,29.1
11/10/2024 12:00,delwebb_to_marketpl,SB,0.62,1.17,22
11/10/2024 13:00,delwebb_to_marketpl,SB,0.37,0.93,27.6
11/10/2024 14:00,delwebb_to_marketpl,SB,0.27,0.83,30.2
11/10/2024 15:00,delwebb_to_marketpl,SB,0.27,0.83,30.8
11/10/2024 16:00,delwebb_to_marketpl,SB,0.62,1.18,23.3
11/10/2024 17:00,delwebb_to_marketpl,SB,0.62,1.18,21.7
11/10/2024 18:00,delwebb_to_marketpl,SB,0.34,0.88,28.9
11/10/2024 19:00,delwebb_to_marketpl,SB,0.19,0.72,36.1
11/10/2024 20:00,delwebb_to_marketpl,SB,0.27,0.81,33.6
11/10/2024 21:00,delwebb_to_marketpl,SB,0.38,0.91,30.1
11/10/2024 22:00,delwebb_to_marketpl,SB,0.21,0.74,35.4
11/10/2024 23:00,delwebb_to_marketpl,SB,0.09,0.61,40.9
11/11/2024 0:00,delwebb_to_marketpl,SB,0.11,0.65,38.4
11/11/2024 1:00,delwebb_to_marketpl,SB,0.14,0.69,36.8
11/11/2024 2:00,delwebb_to_marketpl,SB,0.04,0.56,44.9
11/11/2024 3:00,delwebb_to_marketpl,SB,0,0.54,45.9
11/11/2024 4:00,delwebb_to_marketpl,SB,0.04,0.58,43.1
11/11/2024 5:00,delwebb_to_marketpl,SB,0.09,0.61,41.2
11/11/2024 6:00,delwebb_to_marketpl,SB,0.31,0.84,30.8
11/11/2024 7:00,delwebb_to_marketpl,SB,0.52,1.08,24.1
11/11/2024 8:00,delwebb_to_marketpl,SB,0.47,1.02,25.7
11/11/2024 9:00,delwebb_to_marketpl,SB,0.49,1.06,24.7
11/11/2024 10:00,delwebb_to_marketpl,SB,0.66,1.24,20.3
11/11/2024 11:00,delwebb_to_marketpl,SB,0.48,1.05,24.6
11/11/2024 12:00,delwebb_to_marketpl,SB,0.6,1.16,21.8
11/11/2024 13:00,delwebb_to_marketpl,SB,0.61,1.17,21.9
11/11/2024 14:00,delwebb_to_marketpl,SB,0.67,1.24,20.7
11/11/2024 15:00,delwebb_to_marketpl,SB,0.48,1.05,24.8
11/11/2024 16:00,delwebb_to_marketpl,SB,0.67,1.23,20.8
11/11/2024 17:00,delwebb_to_marketpl,SB,0.35,0.9,28.1
11/11/2024 18:00,delwebb_to_marketpl,SB,0.18,0.75,33.4
11/11/2024 19:00,delwebb_to_marketpl,SB,0.16,0.69,37.1
11/11/2024 20:00,delwebb_to_marketpl,SB,0.27,0.82,31.3
11/11/2024 21:00,delwebb_to_marketpl,SB,0.18,0.69,37.9
11/11/2024 22:00,delwebb_to_marketpl,SB,0.09,0.59,42.8
11/11/2024 23:00,delwebb_to_marketpl,SB,0.09,0.63,40.1
11/12/2024 0:00,delwebb_to_marketpl,SB,0.15,0.7,36.7
11/12/2024 1:00,delwebb_to_marketpl,SB,0.09,0.64,39
11/12/2024 2:00,delwebb_to_marketpl,SB,0.01,0.52,47.4
11/12/2024 3:00,delwebb_to_marketpl,SB,0,0.54,46.1
11/12/2024 4:00,delwebb_to_marketpl,SB,0.05,0.59,42.7
11/12/2024 5:00,delwebb_to_marketpl,SB,0.21,0.76,33.8
11/12/2024 6:00,delwebb_to_marketpl,SB,0.25,0.8,32
11/12/2024 7:00,delwebb_to_marketpl,SB,0.72,1.28,19.9
11/12/2024 8:00,delwebb_to_marketpl,SB,0.74,1.29,19.6
11/12/2024 9:00,delwebb_to_marketpl,SB,0.57,1.12,22.5
11/12/2024 10:00,delwebb_to_marketpl,SB,0.3,0.87,29.5
11/12/2024 11:00,delwebb_to_marketpl,SB,0.72,1.28,20.7
11/12/2024 12:00,delwebb_to_marketpl,SB,0.71,1.28,20.5
11/12/2024 13:00,delwebb_to_marketpl,SB,0.48,1.06,24.1
11/12/2024 14:00,delwebb_to_marketpl,SB,0.6,1.17,21.9
11/12/2024 15:00,delwebb_to_marketpl,SB,0.56,1.12,22.9
11/12/2024 16:00,delwebb_to_marketpl,SB,0.56,1.13,22.5
11/12/2024 17:00,delwebb_to_marketpl,SB,0.32,0.89,28.3
11/12/2024 18:00,delwebb_to_marketpl,SB,0.2,0.77,32.9
11/12/2024 19:00,delwebb_to_marketpl,SB,0.3,0.86,30.5
11/12/2024 20:00,delwebb_to_marketpl,SB,0.14,0.68,37.4
11/12/2024 21:00,delwebb_to_marketpl,SB,0.24,0.78,32.3
11/12/2024 22:00,delwebb_to_marketpl,SB,0.13,0.67,38.3
11/12/2024 23:00,delwebb_to_marketpl,SB,0.07,0.62,40.1
11/13/2024 0:00,delwebb_to_marketpl,SB,0.03,0.58,42.9
11/13/2024 1:00,delwebb_to_marketpl,SB,0.06,0.62,40.1
11/13/2024 2:00,delwebb_to_marketpl,SB,0.04,0.59,42.5
11/13/2024 3:00,delwebb_to_marketpl,SB,0.01,0.55,45.3
11/13/2024 4:00,delwebb_to_marketpl,SB,0.22,0.77,33.8
11/13/2024 5:00,delwebb_to_marketpl,SB,0.11,0.65,39.3
11/13/2024 6:00,delwebb_to_marketpl,SB,0.35,0.88,31.3
11/13/2024 7:00,delwebb_to_marketpl,SB,0.44,1,25.6
11/13/2024 8:00,delwebb_to_marketpl,SB,0.49,1.04,24.6
11/13/2024 9:00,delwebb_to_marketpl,SB,0.53,1.09,23.7
11/13/2024 10:00,delwebb_to_marketpl,SB,0.31,0.88,29.2
11/13/2024 11:00,delwebb_to_marketpl,SB,0.39,0.96,26.8
11/13/2024 12:00,delwebb_to_marketpl,SB,0.76,1.32,19.3
11/13/2024 13:00,delwebb_to_marketpl,SB,0.84,1.42,17.8
11/13/2024 14:00,delwebb_to_marketpl,SB,0.37,0.93,27.2
11/13/2024 15:00,delwebb_to_marketpl,SB,0.83,1.39,18.3
11/13/2024 16:00,delwebb_to_marketpl,SB,0.4,0.96,26.7
11/13/2024 17:00,delwebb_to_marketpl,SB,0.17,0.73,37.1
11/13/2024 18:00,delwebb_to_marketpl,SB,0.36,0.91,28.3
11/13/2024 19:00,delwebb_to_marketpl,SB,0.25,0.78,32.5
11/13/2024 20:00,delwebb_to_marketpl,SB,0.22,0.75,34.4
11/13/2024 21:00,delwebb_to_marketpl,SB,0.15,0.67,38
11/13/2024 22:00,delwebb_to_marketpl,SB,0.19,0.73,34.7
11/13/2024 23:00,delwebb_to_marketpl,SB,0.17,0.73,35.2
11/14/2024 0:00,delwebb_to_marketpl,SB,0.11,0.66,37.9
11/14/2024 1:00,delwebb_to_marketpl,SB,0.07,0.61,41
11/14/2024 2:00,delwebb_to_marketpl,SB,0.1,0.64,39.5
11/14/2024 3:00,delwebb_to_marketpl,SB,0.06,0.61,40.7
11/14/2024 4:00,delwebb_to_marketpl,SB,0.06,0.61,40.8
11/14/2024 5:00,delwebb_to_marketpl,SB,0.12,0.67,37.5
11/14/2024 6:00,delwebb_to_marketpl,SB,0.28,0.8,32.2
11/14/2024 7:00,delwebb_to_marketpl,SB,0.26,0.81,31.6
11/14/2024 8:00,delwebb_to_marketpl,SB,0.55,1.1,24.6
11/14/2024 9:00,delwebb_to_marketpl,SB,0.54,1.09,24
11/14/2024 10:00,delwebb_to_marketpl,SB,0.64,1.21,21.3
11/14/2024 11:00,delwebb_to_marketpl,SB,0.64,1.2,21.4
11/14/2024 12:00,delwebb_to_marketpl,SB,0.42,0.99,26
11/14/2024 13:00,delwebb_to_marketpl,SB,0.49,1.06,24.6
11/14/2024 14:00,delwebb_to_marketpl,SB,0.54,1.1,23.7
11/14/2024 15:00,delwebb_to_marketpl,SB,0.6,1.15,22.3
11/14/2024 16:00,delwebb_to_marketpl,SB,0.62,1.18,21.6
11/14/2024 17:00,delwebb_to_marketpl,SB,0.73,1.28,20.6
11/14/2024 18:00,delwebb_to_marketpl,SB,0.41,0.95,28.7
11/14/2024 19:00,delwebb_to_marketpl,SB,0.35,0.93,27.3
11/14/2024 20:00,delwebb_to_marketpl,SB,0.25,0.81,32.2
11/14/2024 21:00,delwebb_to_marketpl,SB,0.19,0.74,33.9
11/14/2024 22:00,delwebb_to_marketpl,SB,0.23,0.78,32.9
11/14/2024 23:00,delwebb_to_marketpl,SB,0.17,0.72,35
11/15/2024 0:00,delwebb_to_marketpl,SB,0.16,0.69,37.5
11/15/2024 1:00,delwebb_to_marketpl,SB,0.02,0.56,44.1
11/15/2024 2:00,delwebb_to_marketpl,SB,0.01,0.56,44.9
11/15/2024 3:00,delwebb_to_marketpl,SB,0.01,0.54,46.1
11/15/2024 4:00,delwebb_to_marketpl,SB,0.05,0.61,40.9
11/15/2024 5:00,delwebb_to_marketpl,SB,0.18,0.73,34.8
11/15/2024 6:00,delwebb_to_marketpl,SB,0.26,0.79,32.8
11/15/2024 7:00,delwebb_to_marketpl,SB,0.52,1.09,23.9
11/15/2024 8:00,delwebb_to_marketpl,SB,0.54,1.09,23.5
11/15/2024 9:00,delwebb_to_marketpl,SB,0.58,1.15,22.1
11/15/2024 10:00,delwebb_to_marketpl,SB,0.55,1.12,22.7
11/15/2024 11:00,delwebb_to_marketpl,SB,0.57,1.14,22.5
11/15/2024 12:00,delwebb_to_marketpl,SB,0.7,1.26,20.1
11/15/2024 13:00,delwebb_to_marketpl,SB,0.44,1,25.4
11/15/2024 14:00,delwebb_to_marketpl,SB,0.5,1.06,24.5
11/15/2024 15:00,delwebb_to_marketpl,SB,0.69,1.25,20.2
11/15/2024 16:00,delwebb_to_marketpl,SB,0.41,0.97,26.6
11/15/2024 17:00,delwebb_to_marketpl,SB,0.55,1.11,22.8
11/15/2024 18:00,delwebb_to_marketpl,SB,0.43,0.99,25.6
11/15/2024 19:00,delwebb_to_marketpl,SB,0.32,0.86,29.3
11/15/2024 20:00,delwebb_to_marketpl,SB,0.21,0.78,32.5
11/15/2024 21:00,delwebb_to_marketpl,SB,0.22,0.77,34.2
11/15/2024 22:00,delwebb_to_marketpl,SB,0.32,0.83,31.2
11/15/2024 23:00,delwebb_to_marketpl,SB,0.18,0.74,34.6
11/16/2024 0:00,delwebb_to_marketpl,SB,0.15,0.69,36.8
11/16/2024 1:00,delwebb_to_marketpl,SB,0.06,0.6,42.3
11/16/2024 2:00,delwebb_to_marketpl,SB,0.07,0.63,40.4
11/16/2024 3:00,delwebb_to_marketpl,SB,0.06,0.58,42.9
11/16/2024 4:00,delwebb_to_marketpl,SB,0.17,0.73,35.6
11/16/2024 5:00,delwebb_to_marketpl,SB,0.14,0.69,37.1
11/16/2024 6:00,delwebb_to_marketpl,SB,0.13,0.65,39
11/16/2024 7:00,delwebb_to_marketpl,SB,0.19,0.71,35.4
11/16/2024 8:00,delwebb_to_marketpl,SB,0.53,1.12,23.6
11/16/2024 9:00,delwebb_to_marketpl,SB,0.31,0.88,29.1
11/16/2024 10:00,delwebb_to_marketpl,SB,0.22,0.77,33
11/16/2024 11:00,delwebb_to_marketpl,SB,0.52,1.09,23.4
11/16/2024 12:00,delwebb_to_marketpl,SB,0.42,0.99,27.1
11/16/2024 13:00,delwebb_to_marketpl,SB,0.41,0.95,27.1
11/16/2024 14:00,delwebb_to_marketpl,SB,0.48,1.04,24.3
11/16/2024 15:00,delwebb_to_marketpl,SB,0.29,0.84,29.8
11/16/2024 16:00,delwebb_to_marketpl,SB,0.25,0.79,32.6
11/16/2024 17:00,delwebb_to_marketpl,SB,0.29,0.84,30.5
11/16/2024 18:00,delwebb_to_marketpl,SB,0.42,0.98,26.4
11/16/2024 19:00,delwebb_to_marketpl,SB,0.56,1.12,23.8
11/16/2024 20:00,delwebb_to_marketpl,SB,0.21,0.77,33.2
11/16/2024 21:00,delwebb_to_marketpl,SB,0.08,0.62,40.2
11/16/2024 22:00,delwebb_to_marketpl,SB,0.42,0.98,26.2
11/16/2024 23:00,delwebb_to_marketpl,SB,0.35,0.9,28.7
11/17/2024 0:00,delwebb_to_marketpl,SB,0.18,0.72,35.3
11/17/2024 1:00,delwebb_to_marketpl,SB,0.2,0.72,36.6
11/17/2024 2:00,delwebb_to_marketpl,SB,0.09,0.62,41.2
11/17/2024 3:00,delwebb_to_marketpl,SB,0.01,0.55,45.4
11/17/2024 4:00,delwebb_to_marketpl,SB,0.08,0.63,40.1
11/17/2024 5:00,delwebb_to_marketpl,SB,0.11,0.64,40
11/17/2024 6:00,delwebb_to_marketpl,SB,0.14,0.69,37.5
11/17/2024 7:00,delwebb_to_marketpl,SB,0.2,0.74,34.3
11/17/2024 8:00,delwebb_to_marketpl,SB,0.4,0.93,27.6
11/17/2024 9:00,delwebb_to_marketpl,SB,0.36,0.9,29.4
11/17/2024 10:00,delwebb_to_marketpl,SB,0.33,0.87,30.5
11/17/2024 11:00,delwebb_to_marketpl,SB,0.36,0.91,28
11/17/2024 12:00,delwebb_to_marketpl,SB,0.45,1.02,26.8
11/17/2024 13:00,delwebb_to_marketpl,SB,0.58,1.14,22.3
11/17/2024 14:00,delwebb_to_marketpl,SB,0.27,0.8,31.5
11/17/2024 15:00,delwebb_to_marketpl,SB,0.31,0.86,29.3
11/17/2024 16:00,delwebb_to_marketpl,SB,0.37,0.94,26.9
11/17/2024 17:00,delwebb_to_marketpl,SB,0.26,0.79,32.7
11/17/2024 18:00,delwebb_to_marketpl,SB,0.4,0.95,27.4
11/17/2024 19:00,delwebb_to_marketpl,SB,0.22,0.78,32.6
11/17/2024 20:00,delwebb_to_marketpl,SB,0.28,0.8,32.7
11/17/2024 21:00,delwebb_to_marketpl,SB,0.13,0.65,38.9
11/17/2024 22:00,delwebb_to_marketpl,SB,0.08,0.63,39.4
11/17/2024 23:00,delwebb_to_marketpl,SB,0.11,0.65,38.4
11/18/2024 0:00,delwebb_to_marketpl,SB,0.07,0.62,39.8
11/18/2024 1:00,delwebb_to_marketpl,SB,0.03,0.58,43.2
11/18/2024 2:00,delwebb_to_marketpl,SB,0.09,0.65,38.5
11/18/2024 3:00,delwebb_to_marketpl,SB,0,0.54,46.1
11/18/2024 4:00,delwebb_to_marketpl,SB,0.11,0.65,39.2
11/18/2024 5:00,delwebb_to_marketpl,SB,0.09,0.63,40
11/18/2024 6:00,delwebb_to_marketpl,SB,0.44,0.98,27.3
11/18/2024 7:00,delwebb_to_marketpl,SB,0.55,1.1,23.5
11/18/2024 8:00,delwebb_to_marketpl,SB,0.62,1.17,22
11/18/2024 9:00,delwebb_to_marketpl,SB,0.47,1.02,25
11/18/2024 10:00,delwebb_to_marketpl,SB,0.53,1.09,24.4
11/18/2024 11:00,delwebb_to_marketpl,SB,0.47,1.05,24.6
11/18/2024 12:00,delwebb_to_marketpl,SB,0.49,1.06,24.2
11/18/2024 13:00,delwebb_to_marketpl,SB,0.58,1.14,22.4
11/18/2024 14:00,delwebb_to_marketpl,SB,0.59,1.14,23
11/18/2024 15:00,delwebb_to_marketpl,SB,0.62,1.19,21.8
11/18/2024 16:00,delwebb_to_marketpl,SB,0.51,1.07,23.8
11/18/2024 17:00,delwebb_to_marketpl,SB,0.3,0.86,29.3
11/18/2024 18:00,delwebb_to_marketpl,SB,0.32,0.86,30.9
11/18/2024 19:00,delwebb_to_marketpl,SB,0.33,0.88,29.4
11/18/2024 20:00,delwebb_to_marketpl,SB,0.11,0.63,40
11/18/2024 21:00,delwebb_to_marketpl,SB,0.11,0.64,39.4
11/18/2024 22:00,delwebb_to_marketpl,SB,0.07,0.57,43.8
11/18/2024 23:00,delwebb_to_marketpl,SB,0.1,0.64,39
11/19/2024 0:00,delwebb_to_marketpl,SB,0.04,0.55,45.6
11/19/2024 1:00,delwebb_to_marketpl,SB,0.07,0.61,41.1
11/19/2024 2:00,delwebb_to_marketpl,SB,0,0.54,45.9
11/19/2024 3:00,delwebb_to_marketpl,SB,0.03,0.57,43.5
11/19/2024 4:00,delwebb_to_marketpl,SB,0.11,0.66,38.9
11/19/2024 5:00,delwebb_to_marketpl,SB,0.14,0.69,36.6
11/19/2024 6:00,delwebb_to_marketpl,SB,0.23,0.77,33.4
11/19/2024 7:00,delwebb_to_marketpl,SB,0.57,1.12,24.5
11/19/2024 8:00,delwebb_to_marketpl,SB,0.67,1.22,21.3
11/19/2024 9:00,delwebb_to_marketpl,SB,0.43,0.99,26
11/19/2024 10:00,delwebb_to_marketpl,SB,0.78,1.35,18.9
11/19/2024 11:00,delwebb_to_marketpl,SB,0.48,1.05,24.2
11/19/2024 12:00,delwebb_to_marketpl,SB,0.77,1.35,18.6
11/19/2024 13:00,delwebb_to_marketpl,SB,0.71,1.27,20
11/19/2024 14:00,delwebb_to_marketpl,SB,0.52,1.09,23.2
11/19/2024 15:00,delwebb_to_marketpl,SB,0.42,0.98,26.5
11/19/2024 16:00,delwebb_to_marketpl,SB,0.52,1.08,23.2
11/19/2024 17:00,delwebb_to_marketpl,SB,0.67,1.24,21.5
11/19/2024 18:00,delwebb_to_marketpl,SB,0.55,1.13,22.9
11/19/2024 19:00,delwebb_to_marketpl,SB,0.24,0.76,35.3
11/19/2024 20:00,delwebb_to_marketpl,SB,0.26,0.8,32.9
11/19/2024 21:00,delwebb_to_marketpl,SB,0.14,0.7,35.8
11/19/2024 22:00,delwebb_to_marketpl,SB,0.14,0.69,36.1
11/19/2024 23:00,delwebb_to_marketpl,SB,0.06,0.61,40.6
11/20/2024 0:00,delwebb_to_marketpl,SB,0.08,0.62,40.7
11/20/2024 1:00,delwebb_to_marketpl,SB,0.01,0.55,45.7
11/20/2024 2:00,delwebb_to_marketpl,SB,0,0.54,46.1
11/20/2024 3:00,delwebb_to_marketpl,SB,0,0.54,46.1
11/20/2024 4:00,delwebb_to_marketpl,SB,0.02,0.56,44.2
11/20/2024 5:00,delwebb_to_marketpl,SB,0.26,0.8,32.7
11/20/2024 6:00,delwebb_to_marketpl,SB,0.32,0.86,30
11/20/2024 7:00,delwebb_to_marketpl,SB,0.4,0.94,27
11/20/2024 8:00,delwebb_to_marketpl,SB,0.52,1.07,23.9
11/20/2024 9:00,delwebb_to_marketpl,SB,0.51,1.07,23.7
11/20/2024 10:00,delwebb_to_marketpl,SB,0.8,1.37,18.7
11/20/2024 11:00,delwebb_to_marketpl,SB,0.84,1.41,18.3
11/20/2024 12:00,delwebb_to_marketpl,SB,0.31,0.88,29
11/20/2024 13:00,delwebb_to_marketpl,SB,0.28,0.85,30
11/20/2024 14:00,delwebb_to_marketpl,SB,0.55,1.12,23
11/20/2024 15:00,delwebb_to_marketpl,SB,0.64,1.22,21.3
11/20/2024 16:00,delwebb_to_marketpl,SB,0.55,1.13,22.4
11/20/2024 17:00,delwebb_to_marketpl,SB,0.37,0.93,27.6
11/20/2024 18:00,delwebb_to_marketpl,SB,0.47,1.02,25.6
11/20/2024 19:00,delwebb_to_marketpl,SB,0.25,0.79,33.3
11/20/2024 20:00,delwebb_to_marketpl,SB,0.17,0.71,35.9
11/20/2024 21:00,delwebb_to_marketpl,SB,0.22,0.78,32.8
11/20/2024 22:00,delwebb_to_marketpl,SB,0.77,1.33,21.6
11/20/2024 23:00,delwebb_to_marketpl,SB,0.13,0.68,37
11/21/2024 0:00,delwebb_to_marketpl,SB,0.08,0.63,40.6
11/21/2024 1:00,delwebb_to_marketpl,SB,0,0.5,50.1
11/21/2024 2:00,delwebb_to_marketpl,SB,0,0.54,46.1
11/21/2024 3:00,delwebb_to_marketpl,SB,0,0.54,46.1
11/21/2024 4:00,delwebb_to_marketpl,SB,0.05,0.59,42.2
11/21/2024 5:00,delwebb_to_marketpl,SB,0.17,0.73,35
11/21/2024 6:00,delwebb_to_marketpl,SB,0.29,0.82,32.6
11/21/2024 7:00,delwebb_to_marketpl,SB,0.64,1.2,21.7
11/21/2024 8:00,delwebb_to_marketpl,SB,0.7,1.26,20.6
11/21/2024 9:00,delwebb_to_marketpl,SB,0.67,1.23,20.9
11/21/2024 10:00,delwebb_to_marketpl,SB,0.35,0.91,27.8
11/21/2024 11:00,delwebb_to_marketpl,SB,0.58,1.14,24.6
11/21/2024 12:00,delwebb_to_marketpl,SB,0.38,0.94,26.6
11/21/2024 13:00,delwebb_to_marketpl,SB,0.43,0.98,26.5
11/21/2024 14:00,delwebb_to_marketpl,SB,0.6,1.16,21.9
11/21/2024 15:00,delwebb_to_marketpl,SB,0.59,1.14,23.4
11/21/2024 16:00,delwebb_to_marketpl,SB,0.52,1.07,25.8
11/21/2024 17:00,delwebb_to_marketpl,SB,0.48,1.03,24.4
11/21/2024 18:00,delwebb_to_marketpl,SB,0.46,1.01,26.5
11/21/2024 19:00,delwebb_to_marketpl,SB,0.45,1.02,26.5
11/21/2024 20:00,delwebb_to_marketpl,SB,0.25,0.8,33.3
11/21/2024 21:00,delwebb_to_marketpl,SB,0.2,0.74,35.3
11/21/2024 22:00,delwebb_to_marketpl,SB,0.14,0.7,35.9
11/21/2024 23:00,delwebb_to_marketpl,SB,0.08,0.64,39.2
11/22/2024 0:00,delwebb_to_marketpl,SB,0.04,0.6,41.7
11/22/2024 1:00,delwebb_to_marketpl,SB,0.03,0.58,42.9
11/22/2024 2:00,delwebb_to_marketpl,SB,0.02,0.57,44
11/22/2024 3:00,delwebb_to_marketpl,SB,0.07,0.64,38.9
11/22/2024 4:00,delwebb_to_marketpl,SB,0.23,0.78,32.3
11/22/2024 5:00,delwebb_to_marketpl,SB,0.24,0.79,32.2
11/22/2024 6:00,delwebb_to_marketpl,SB,0.36,0.92,28.5
11/22/2024 7:00,delwebb_to_marketpl,SB,0.57,1.13,23.3
11/22/2024 8:00,delwebb_to_marketpl,SB,0.4,0.96,27.1
11/22/2024 9:00,delwebb_to_marketpl,SB,0.52,1.09,25.6
11/22/2024 10:00,delwebb_to_marketpl,SB,0.68,1.25,21.3
11/22/2024 11:00,delwebb_to_marketpl,SB,0.77,1.34,19
11/22/2024 12:00,delwebb_to_marketpl,SB,0.75,1.31,20.1
11/22/2024 13:00,delwebb_to_marketpl,SB,0.86,1.43,18.5
11/22/2024 14:00,delwebb_to_marketpl,SB,0.69,1.25,20.6
11/22/2024 15:00,delwebb_to_marketpl,SB,0.65,1.22,21
11/22/2024 16:00,delwebb_to_marketpl,SB,0.59,1.15,22.3
11/22/2024 17:00,delwebb_to_marketpl,SB,0.53,1.09,24.7
11/22/2024 18:00,delwebb_to_marketpl,SB,0.5,1.06,24.5
11/22/2024 19:00,delwebb_to_marketpl,SB,0.55,1.11,23
11/22/2024 20:00,delwebb_to_marketpl,SB,0.27,0.79,33.3
11/22/2024 21:00,delwebb_to_marketpl,SB,0.25,0.78,32.5
11/22/2024 22:00,delwebb_to_marketpl,SB,0.31,0.87,29
11/22/2024 23:00,delwebb_to_marketpl,SB,0.18,0.74,34.4
11/23/2024 0:00,delwebb_to_marketpl,SB,0.13,0.69,36.1
11/23/2024 1:00,delwebb_to_marketpl,SB,0.07,0.62,40.1
11/23/2024 2:00,delwebb_to_marketpl,SB,0.04,0.6,41.4
11/23/2024 3:00,delwebb_to_marketpl,SB,0.07,0.64,39.4
11/23/2024 4:00,delwebb_to_marketpl,SB,0.01,0.55,45.4
11/23/2024 5:00,delwebb_to_marketpl,SB,0.03,0.52,47.6
11/23/2024 6:00,delwebb_to_marketpl,SB,0.17,0.73,34.4
11/23/2024 7:00,delwebb_to_marketpl,SB,0.26,0.8,31.9
11/23/2024 8:00,delwebb_to_marketpl,SB,0.33,0.88,29.6
11/23/2024 9:00,delwebb_to_marketpl,SB,0.38,0.95,26.7
11/23/2024 10:00,delwebb_to_marketpl,SB,0.71,1.27,20.5
11/23/2024 11:00,delwebb_to_marketpl,SB,0.49,1.06,24.8
11/23/2024 12:00,delwebb_to_marketpl,SB,0.29,0.86,30.4
11/23/2024 13:00,delwebb_to_marketpl,SB,0.48,1.03,25.8
11/23/2024 14:00,delwebb_to_marketpl,SB,0.59,1.15,22.1
11/23/2024 15:00,delwebb_to_marketpl,SB,0.43,0.98,26.1
11/23/2024 16:00,delwebb_to_marketpl,SB,0.48,1.03,24.8
11/23/2024 17:00,delwebb_to_marketpl,SB,0.43,1,25.6
11/23/2024 18:00,delwebb_to_marketpl,SB,0.38,0.94,28.6
11/23/2024 19:00,delwebb_to_marketpl,SB,0.3,0.85,30.3
11/23/2024 20:00,delwebb_to_marketpl,SB,0.34,0.89,30.5
11/23/2024 21:00,delwebb_to_marketpl,SB,0.17,0.67,37.7
11/23/2024 22:00,delwebb_to_marketpl,SB,0.15,0.7,36.1
11/23/2024 23:00,delwebb_to_marketpl,SB,0.13,0.63,39.9
11/24/2024 0:00,delwebb_to_marketpl,SB,0.14,0.64,39.7
11/24/2024 1:00,delwebb_to_marketpl,SB,0.03,0.55,45.4
11/24/2024 2:00,delwebb_to_marketpl,SB,0.07,0.62,39.8
11/24/2024 3:00,delwebb_to_marketpl,SB,0.02,0.55,44.9
11/24/2024 4:00,delwebb_to_marketpl,SB,0.06,0.6,42.2
11/24/2024 5:00,delwebb_to_marketpl,SB,0.09,0.63,39.5
11/24/2024 6:00,delwebb_to_marketpl,SB,0.09,0.64,39
11/24/2024 7:00,delwebb_to_marketpl,SB,0.16,0.7,35.7
11/24/2024 8:00,delwebb_to_marketpl,SB,0.18,0.74,34.1
11/24/2024 9:00,delwebb_to_marketpl,SB,0.41,0.97,26.8
11/24/2024 10:00,delwebb_to_marketpl,SB,0.23,0.78,32.1
11/24/2024 11:00,delwebb_to_marketpl,SB,0.35,0.9,28.6
11/24/2024 12:00,delwebb_to_marketpl,SB,0.3,0.85,29.6
11/24/2024 13:00,delwebb_to_marketpl,SB,0.41,0.96,26.9
11/24/2024 14:00,delwebb_to_marketpl,SB,0.45,1,26.8
11/24/2024 15:00,delwebb_to_marketpl,SB,0.35,0.88,29.7
11/24/2024 16:00,delwebb_to_marketpl,SB,0.57,1.14,22.4
11/24/2024 17:00,delwebb_to_marketpl,SB,0.51,1.08,23.2
11/24/2024 18:00,delwebb_to_marketpl,SB,0.43,1,26.6
11/24/2024 19:00,delwebb_to_marketpl,SB,0.24,0.79,32.9
11/24/2024 20:00,delwebb_to_marketpl,SB,0.37,0.96,28.2
11/24/2024 21:00,delwebb_to_marketpl,SB,0.12,0.66,38.9
11/24/2024 22:00,delwebb_to_marketpl,SB,0.17,0.69,36.6
11/24/2024 23:00,delwebb_to_marketpl,SB,0.19,0.73,34.5
11/25/2024 0:00,delwebb_to_marketpl,SB,0.26,0.81,31.4
11/25/2024 1:00,delwebb_to_marketpl,SB,0.09,0.61,41.3
11/25/2024 2:00,delwebb_to_marketpl,SB,0.06,0.59,42.5
11/25/2024 3:00,delwebb_to_marketpl,SB,0.02,0.56,44.5
11/25/2024 4:00,delwebb_to_marketpl,SB,0.07,0.63,39.7
11/25/2024 5:00,delwebb_to_marketpl,SB,0.13,0.69,36.9
11/25/2024 6:00,delwebb_to_marketpl,SB,0.17,0.69,36.9
11/25/2024 7:00,delwebb_to_marketpl,SB,0.52,1.09,23.3
11/25/2024 8:00,delwebb_to_marketpl,SB,0.53,1.09,23.3
11/25/2024 9:00,delwebb_to_marketpl,SB,0.61,1.18,22.5
11/25/2024 10:00,delwebb_to_marketpl,SB,0.47,1.04,25
11/25/2024 11:00,delwebb_to_marketpl,SB,0.51,1.07,24.7
11/25/2024 12:00,delwebb_to_marketpl,SB,0.55,1.12,23.1
11/25/2024 13:00,delwebb_to_marketpl,SB,0.75,1.32,19.7
11/25/2024 14:00,delwebb_to_marketpl,SB,0.73,1.3,20
11/25/2024 15:00,delwebb_to_marketpl,SB,0.7,1.26,20.7
11/25/2024 16:00,delwebb_to_marketpl,SB,0.71,1.28,20
11/25/2024 17:00,delwebb_to_marketpl,SB,0.28,0.85,30.2
11/25/2024 18:00,delwebb_to_marketpl,SB,0.13,0.69,36.1
11/25/2024 19:00,delwebb_to_marketpl,SB,0.24,0.78,32.1
11/25/2024 20:00,delwebb_to_marketpl,SB,0.26,0.79,32.3
11/25/2024 21:00,delwebb_to_marketpl,SB,0.1,0.65,38.7
11/25/2024 22:00,delwebb_to_marketpl,SB,0.29,0.82,30.5
11/25/2024 23:00,delwebb_to_marketpl,SB,0.1,0.66,38.1
11/26/2024 0:00,delwebb_to_marketpl,SB,0.06,0.61,40.6
11/26/2024 1:00,delwebb_to_marketpl,SB,0.04,0.59,42.1
11/26/2024 2:00,delwebb_to_marketpl,SB,0.14,0.67,37.6
11/26/2024 3:00,delwebb_to_marketpl,SB,0.03,0.57,43.5
11/26/2024 4:00,delwebb_to_marketpl,SB,0.03,0.57,43.7
11/26/2024 5:00,delwebb_to_marketpl,SB,0.1,0.63,39.9
11/26/2024 6:00,delwebb_to_marketpl,SB,0.28,0.81,31.9
11/26/2024 7:00,delwebb_to_marketpl,SB,0.5,1.06,23.9
11/26/2024 8:00,delwebb_to_marketpl,SB,0.58,1.14,21.9
11/26/2024 9:00,delwebb_to_marketpl,SB,0.77,1.34,19
11/26/2024 10:00,delwebb_to_marketpl,SB,0.8,1.36,19.1
11/26/2024 11:00,delwebb_to_marketpl,SB,0.72,1.29,19.9
11/26/2024 12:00,delwebb_to_marketpl,SB,0.79,1.35,20
11/26/2024 13:00,delwebb_to_marketpl,SB,0.75,1.32,19.2
11/26/2024 14:00,delwebb_to_marketpl,SB,0.68,1.24,21.2
11/26/2024 15:00,delwebb_to_marketpl,SB,0.69,1.26,20
11/26/2024 16:00,delwebb_to_marketpl,SB,0.83,1.4,19
11/26/2024 17:00,delwebb_to_marketpl,SB,0.6,1.17,22.6
11/26/2024 18:00,delwebb_to_marketpl,SB,0.28,0.84,30.7
11/26/2024 19:00,delwebb_to_marketpl,SB,0.51,1.07,24.5
11/26/2024 20:00,delwebb_to_marketpl,SB,0.21,0.77,32.2
11/26/2024 21:00,delwebb_to_marketpl,SB,0.28,0.84,29.9
11/26/2024 22:00,delwebb_to_marketpl,SB,0.31,0.84,30
11/26/2024 23:00,delwebb_to_marketpl,SB,0.25,0.78,32.4
11/27/2024 0:00,delwebb_to_marketpl,SB,0.1,0.64,40
11/27/2024 1:00,delwebb_to_marketpl,SB,0.04,0.55,45.9
11/27/2024 2:00,delwebb_to_marketpl,SB,0.1,0.65,39
11/27/2024 3:00,delwebb_to_marketpl,SB,0.05,0.59,42.1
11/27/2024 4:00,delwebb_to_marketpl,SB,0.13,0.67,38.2
11/27/2024 5:00,delwebb_to_marketpl,SB,0.08,0.61,40.7
11/27/2024 6:00,delwebb_to_marketpl,SB,0.2,0.73,34.4
11/27/2024 7:00,delwebb_to_marketpl,SB,0.32,0.88,29
11/27/2024 8:00,delwebb_to_marketpl,SB,0.38,0.95,27.4
11/27/2024 9:00,delwebb_to_marketpl,SB,0.64,1.21,21.2
11/27/2024 10:00,delwebb_to_marketpl,SB,0.58,1.14,22.2
11/27/2024 11:00,delwebb_to_marketpl,SB,0.68,1.24,20.2
11/27/2024 12:00,delwebb_to_marketpl,SB,0.55,1.13,22.9
11/27/2024 13:00,delwebb_to_marketpl,SB,0.61,1.18,21.7
11/27/2024 14:00,delwebb_to_marketpl,SB,0.63,1.2,21.5
11/27/2024 15:00,delwebb_to_marketpl,SB,0.64,1.21,21.7
11/27/2024 16:00,delwebb_to_marketpl,SB,0.48,1.03,25.7
11/27/2024 17:00,delwebb_to_marketpl,SB,0.49,1.07,24.6
11/27/2024 18:00,delwebb_to_marketpl,SB,0.51,1.08,24
11/27/2024 19:00,delwebb_to_marketpl,SB,0.2,0.73,34.6
11/27/2024 20:00,delwebb_to_marketpl,SB,0.37,0.92,28.1
11/27/2024 21:00,delwebb_to_marketpl,SB,0.32,0.87,29.6
11/27/2024 22:00,delwebb_to_marketpl,SB,0.23,0.79,32.2
11/27/2024 23:00,delwebb_to_marketpl,SB,0.11,0.66,38.8
11/28/2024 0:00,delwebb_to_marketpl,SB,0.15,0.68,37.8
11/28/2024 1:00,delwebb_to_marketpl,SB,0.14,0.67,38.2
11/28/2024 2:00,delwebb_to_marketpl,SB,0.07,0.58,42.9
11/28/2024 3:00,delwebb_to_marketpl,SB,0,0.48,52.5
11/28/2024 4:00,delwebb_to_marketpl,SB,0.04,0.57,43.8
11/28/2024 5:00,delwebb_to_marketpl,SB,0.05,0.59,41.9
11/28/2024 6:00,delwebb_to_marketpl,SB,0.1,0.64,40
11/28/2024 7:00,delwebb_to_marketpl,SB,0.25,0.77,35.1
11/28/2024 8:00,delwebb_to_marketpl,SB,0.27,0.82,30.6
11/28/2024 9:00,delwebb_to_marketpl,SB,0.31,0.86,30.3
11/28/2024 10:00,delwebb_to_marketpl,SB,0.34,0.91,28.3
11/28/2024 11:00,delwebb_to_marketpl,SB,0.28,0.82,30.9
11/28/2024 12:00,delwebb_to_marketpl,SB,0.26,0.81,31.8
11/28/2024 13:00,delwebb_to_marketpl,SB,0.44,1,25.5
11/28/2024 14:00,delwebb_to_marketpl,SB,0.28,0.83,30.9
11/28/2024 15:00,delwebb_to_marketpl,SB,0.37,0.92,27.9
11/28/2024 16:00,delwebb_to_marketpl,SB,0.61,1.17,22.5
11/28/2024 17:00,delwebb_to_marketpl,SB,0.29,0.83,31.2
11/28/2024 18:00,delwebb_to_marketpl,SB,0.31,0.87,29.5
11/28/2024 19:00,delwebb_to_marketpl,SB,0.45,1.02,25.7
11/28/2024 20:00,delwebb_to_marketpl,SB,0.39,0.96,26.8
11/28/2024 21:00,delwebb_to_marketpl,SB,0.25,0.81,30.8
11/28/2024 22:00,delwebb_to_marketpl,SB,0.36,0.92,27.5
11/28/2024 23:00,delwebb_to_marketpl,SB,0.29,0.82,31.4
11/29/2024 0:00,delwebb_to_marketpl,SB,0.14,0.69,36.7
11/29/2024 1:00,delwebb_to_marketpl,SB,0.1,0.64,39.6
11/29/2024 2:00,delwebb_to_marketpl,SB,0.01,0.52,47.7
11/29/2024 3:00,delwebb_to_marketpl,SB,0.06,0.6,42.1
11/29/2024 4:00,delwebb_to_marketpl,SB,0.11,0.68,37.1
11/29/2024 5:00,delwebb_to_marketpl,SB,0.17,0.71,35.8
11/29/2024 6:00,delwebb_to_marketpl,SB,0.17,0.73,34.7
11/29/2024 7:00,delwebb_to_marketpl,SB,0.34,0.9,28.6
11/29/2024 8:00,delwebb_to_marketpl,SB,0.4,0.95,28.7
11/29/2024 9:00,delwebb_to_marketpl,SB,0.4,0.97,26.3
11/29/2024 10:00,delwebb_to_marketpl,SB,0.46,1.02,25.5
11/29/2024 11:00,delwebb_to_marketpl,SB,0.32,0.88,28.8
11/29/2024 12:00,delwebb_to_marketpl,SB,0.38,0.94,27.8
11/29/2024 13:00,delwebb_to_marketpl,SB,0.41,0.98,26.2
11/29/2024 14:00,delwebb_to_marketpl,SB,0.54,1.11,23.3
11/29/2024 15:00,delwebb_to_marketpl,SB,0.27,0.83,30.6
11/29/2024 16:00,delwebb_to_marketpl,SB,0.59,1.15,22.5
11/29/2024 17:00,delwebb_to_marketpl,SB,0.38,0.95,26.7
11/29/2024 18:00,delwebb_to_marketpl,SB,0.28,0.84,30.5
11/29/2024 19:00,delwebb_to_marketpl,SB,0.38,0.93,27.1
11/29/2024 20:00,delwebb_to_marketpl,SB,0.28,0.83,30.4
11/29/2024 21:00,delwebb_to_marketpl,SB,0.28,0.85,30.4
11/29/2024 22:00,delwebb_to_marketpl,SB,0.25,0.75,34.1
11/29/2024 23:00,delwebb_to_marketpl,SB,0.19,0.75,33.8
11/30/2024 0:00,delwebb_to_marketpl,SB,0.08,0.62,40.5
11/30/2024 1:00,delwebb_to_marketpl,SB,0.11,0.65,39.3
11/30/2024 2:00,delwebb_to_marketpl,SB,0.08,0.61,41.4
11/30/2024 3:00,delwebb_to_marketpl,SB,0.02,0.52,48.9
11/30/2024 4:00,delwebb_to_marketpl,SB,0.02,0.55,44.8
11/30/2024 5:00,delwebb_to_marketpl,SB,0.04,0.6,41.8
11/30/2024 6:00,delwebb_to_marketpl,SB,0.11,0.65,39
11/30/2024 7:00,delwebb_to_marketpl,SB,0.2,0.77,33.4
11/30/2024 8:00,delwebb_to_marketpl,SB,0.42,0.98,26.2
11/30/2024 9:00,delwebb_to_marketpl,SB,0.23,0.79,32.4
11/30/2024 10:00,delwebb_to_marketpl,SB,0.5,1.07,24.5
11/30/2024 11:00,delwebb_to_marketpl,SB,0.47,1.04,24.2
11/30/2024 12:00,delwebb_to_marketpl,SB,0.43,0.98,26.9
11/30/2024 13:00,delwebb_to_marketpl,SB,0.35,0.9,28.7
11/30/2024 14:00,delwebb_to_marketpl,SB,0.34,0.89,29
11/30/2024 15:00,delwebb_to_marketpl,SB,0.47,1.02,25.3
11/30/2024 16:00,delwebb_to_marketpl,SB,0.49,1.05,25.7
11/30/2024 17:00,delwebb_to_marketpl,SB,0.5,1.06,25.3
11/30/2024 18:00,delwebb_to_marketpl,SB,0.45,1.02,25
11/30/2024 19:00,delwebb_to_marketpl,SB,0.23,0.79,31.9
11/30/2024 20:00,delwebb_to_marketpl,SB,0.32,0.89,28.8
11/30/2024 21:00,delwebb_to_marketpl,SB,0.32,0.88,29.7
11/30/2024 22:00,delwebb_to_marketpl,SB,0.21,0.75,34.2
11/30/2024 23:00,delwebb_to_marketpl,SB,0.14,0.68,36.9
12/1/2024 0:00,delwebb_to_marketpl,SB,0.08,0.6,41.4
12/1/2024 1:00,delwebb_to_marketpl,SB,0.05,0.6,41.8
12/1/2024 2:00,delwebb_to_marketpl,SB,0.07,0.63,39.5
12/1/2024 3:00,delwebb_to_marketpl,SB,0.06,0.61,41.1
12/1/2024 4:00,delwebb_to_marketpl,SB,0.03,0.56,44
12/1/2024 5:00,delwebb_to_marketpl,SB,0.04,0.57,43.4
12/1/2024 6:00,delwebb_to_marketpl,SB,0.1,0.66,38.1
12/1/2024 7:00,delwebb_to_marketpl,SB,0.18,0.72,34.9
12/1/2024 8:00,delwebb_to_marketpl,SB,0.17,0.69,37.1
12/1/2024 9:00,delwebb_to_marketpl,SB,0.23,0.76,33.3
12/1/2024 10:00,delwebb_to_marketpl,SB,0.17,0.73,35.4
12/1/2024 11:00,delwebb_to_marketpl,SB,0.35,0.89,28.8
12/1/2024 12:00,delwebb_to_marketpl,SB,0.3,0.85,29.9
12/1/2024 13:00,delwebb_to_marketpl,SB,0.31,0.84,30.8
12/1/2024 14:00,delwebb_to_marketpl,SB,0.24,0.77,33.3
12/1/2024 15:00,delwebb_to_marketpl,SB,0.34,0.89,28.6
12/1/2024 16:00,delwebb_to_marketpl,SB,0.35,0.9,30.1
12/1/2024 17:00,delwebb_to_marketpl,SB,0.48,1.04,25
12/1/2024 18:00,delwebb_to_marketpl,SB,0.21,0.76,33
12/1/2024 19:00,delwebb_to_marketpl,SB,0.23,0.81,31.9
12/1/2024 20:00,delwebb_to_marketpl,SB,0.17,0.72,35.2
12/1/2024 21:00,delwebb_to_marketpl,SB,0.11,0.66,38.4
12/1/2024 22:00,delwebb_to_marketpl,SB,0.21,0.74,34
12/1/2024 23:00,delwebb_to_marketpl,SB,0.17,0.72,34.8
12/2/2024 0:00,delwebb_to_marketpl,SB,0.04,0.59,42.4
12/2/2024 1:00,delwebb_to_marketpl,SB,0.03,0.58,43.2
12/2/2024 2:00,delwebb_to_marketpl,SB,0,0.54,45.7
12/2/2024 3:00,delwebb_to_marketpl,SB,0.01,0.56,44.5
12/2/2024 4:00,delwebb_to_marketpl,SB,0.08,0.64,38.8
12/2/2024 5:00,delwebb_to_marketpl,SB,0.18,0.71,36.5
12/2/2024 6:00,delwebb_to_marketpl,SB,0.21,0.74,35.1
12/2/2024 7:00,delwebb_to_marketpl,SB,0.33,0.89,28.9
12/2/2024 8:00,delwebb_to_marketpl,SB,0.55,1.11,23.6
12/2/2024 9:00,delwebb_to_marketpl,SB,0.77,1.33,20.8
12/2/2024 10:00,delwebb_to_marketpl,SB,0.81,1.37,18.7
12/2/2024 11:00,delwebb_to_marketpl,SB,0.97,1.53,16.7
12/2/2024 12:00,delwebb_to_marketpl,SB,0.62,1.19,21.3
12/2/2024 13:00,delwebb_to_marketpl,SB,0.54,1.1,23.5
12/2/2024 14:00,delwebb_to_marketpl,SB,0.47,1.05,24.5
12/2/2024 15:00,delwebb_to_marketpl,SB,0.67,1.23,20.8
12/2/2024 16:00,delwebb_to_marketpl,SB,0.38,0.93,27.7
12/2/2024 17:00,delwebb_to_marketpl,SB,0.58,1.15,22.2
12/2/2024 18:00,delwebb_to_marketpl,SB,0.34,0.91,28.2
12/2/2024 19:00,delwebb_to_marketpl,SB,0.38,0.95,27.3
12/2/2024 20:00,delwebb_to_marketpl,SB,0.19,0.77,33
12/2/2024 21:00,delwebb_to_marketpl,SB,0.25,0.8,33
12/2/2024 22:00,delwebb_to_marketpl,SB,0.19,0.72,34.8
12/2/2024 23:00,delwebb_to_marketpl,SB,0.06,0.61,40.7
12/3/2024 0:00,delwebb_to_marketpl,SB,0.05,0.6,41.5
12/3/2024 1:00,delwebb_to_marketpl,SB,0.07,0.62,40.5
12/3/2024 2:00,delwebb_to_marketpl,SB,0.04,0.59,41.9
12/3/2024 3:00,delwebb_to_marketpl,SB,0.05,0.6,43
12/3/2024 4:00,delwebb_to_marketpl,SB,0.19,0.74,35.2
12/3/2024 5:00,delwebb_to_marketpl,SB,0.09,0.65,38.5
12/3/2024 6:00,delwebb_to_marketpl,SB,0.28,0.84,31.7
12/3/2024 7:00,delwebb_to_marketpl,SB,0.44,0.98,27.1
12/3/2024 8:00,delwebb_to_marketpl,SB,0.41,0.97,26.9
12/3/2024 9:00,delwebb_to_marketpl,SB,0.51,1.07,24.3
12/3/2024 10:00,delwebb_to_marketpl,SB,0.46,1.03,25.3
12/3/2024 11:00,delwebb_to_marketpl,SB,0.48,1.05,24.1
12/3/2024 12:00,delwebb_to_marketpl,SB,0.47,1.04,25.3
12/3/2024 13:00,delwebb_to_marketpl,SB,0.55,1.12,23.2
12/3/2024 14:00,delwebb_to_marketpl,SB,0.54,1.09,24.7
12/3/2024 15:00,delwebb_to_marketpl,SB,0.75,1.31,19.8
12/3/2024 16:00,delwebb_to_marketpl,SB,0.9,1.47,17.6
12/3/2024 17:00,delwebb_to_marketpl,SB,0.25,0.8,32.4
12/3/2024 18:00,delwebb_to_marketpl,SB,0.19,0.75,33.3
12/3/2024 19:00,delwebb_to_marketpl,SB,0.12,0.64,38.9
12/3/2024 20:00,delwebb_to_marketpl,SB,0.13,0.68,37.1
12/3/2024 21:00,delwebb_to_marketpl,SB,0.2,0.72,35.2
12/3/2024 22:00,delwebb_to_marketpl,SB,0.25,0.81,31.9
12/3/2024 23:00,delwebb_to_marketpl,SB,0.08,0.61,40.8
12/4/2024 0:00,delwebb_to_marketpl,SB,0.1,0.65,38.8
12/4/2024 1:00,delwebb_to_marketpl,SB,0.02,0.53,47.6
12/4/2024 2:00,delwebb_to_marketpl,SB,0.04,0.6,41.9
12/4/2024 3:00,delwebb_to_marketpl,SB,0.01,0.56,44.4
12/4/2024 4:00,delwebb_to_marketpl,SB,0.1,0.66,38.2
12/4/2024 5:00,delwebb_to_marketpl,SB,0.16,0.65,40.5
12/4/2024 6:00,delwebb_to_marketpl,SB,0.2,0.74,35.1
12/4/2024 7:00,delwebb_to_marketpl,SB,0.35,0.91,28.1
12/4/2024 8:00,delwebb_to_marketpl,SB,0.62,1.17,22.3
12/4/2024 9:00,delwebb_to_marketpl,SB,0.42,0.98,26.4
12/4/2024 10:00,delwebb_to_marketpl,SB,0.72,1.29,20
12/4/2024 11:00,delwebb_to_marketpl,SB,0.3,0.91,27.5
12/4/2024 12:00,delwebb_to_marketpl,SB,0.28,0.89,28
12/4/2024 13:00,delwebb_to_marketpl,SB,0.3,0.91,27.7
12/4/2024 14:00,delwebb_to_marketpl,SB,0.28,0.87,28.7
12/4/2024 15:00,delwebb_to_marketpl,SB,0.29,0.88,28.9
12/4/2024 16:00,delwebb_to_marketpl,SB,0.25,0.86,29.3
12/4/2024 17:00,delwebb_to_marketpl,SB,0.3,0.92,27.8
12/4/2024 18:00,delwebb_to_marketpl,SB,0.35,0.97,26
12/4/2024 19:00,delwebb_to_marketpl,SB,0.15,0.72,35.7
12/4/2024 20:00,delwebb_to_marketpl,SB,0.08,0.67,37.2
12/4/2024 21:00,delwebb_to_marketpl,SB,0.2,0.8,31.2
12/4/2024 22:00,delwebb_to_marketpl,SB,0.05,0.63,39.7
12/4/2024 23:00,delwebb_to_marketpl,SB,0.08,0.67,38
12/5/2024 0:00,delwebb_to_marketpl,SB,0.02,0.56,44.5
12/5/2024 1:00,delwebb_to_marketpl,SB,0.02,0.59,42.5
12/5/2024 2:00,delwebb_to_marketpl,SB,0.01,0.57,43.2
12/5/2024 3:00,delwebb_to_marketpl,SB,0.05,0.64,39.4
12/5/2024 4:00,delwebb_to_marketpl,SB,0,0.56,44
12/5/2024 5:00,delwebb_to_marketpl,SB,0.09,0.67,37.3
12/5/2024 6:00,delwebb_to_marketpl,SB,0.06,0.61,41.2
12/5/2024 7:00,delwebb_to_marketpl,SB,0.17,0.76,33.1
12/5/2024 8:00,delwebb_to_marketpl,SB,0.14,0.74,33.6
12/5/2024 9:00,delwebb_to_marketpl,SB,0.26,0.87,28.9
12/5/2024 10:00,delwebb_to_marketpl,SB,0.2,0.82,30.6
12/5/2024 11:00,delwebb_to_marketpl,SB,0.31,0.93,27.5
12/5/2024 12:00,delwebb_to_marketpl,SB,0.37,0.98,25.7
12/5/2024 13:00,delwebb_to_marketpl,SB,0.39,1.01,24.7
12/5/2024 14:00,delwebb_to_marketpl,SB,0.28,0.89,28.4
12/5/2024 15:00,delwebb_to_marketpl,SB,0.27,0.88,28.6
12/5/2024 16:00,delwebb_to_marketpl,SB,0.36,0.98,25.6
12/5/2024 17:00,delwebb_to_marketpl,SB,0.27,0.89,28.2
12/5/2024 18:00,delwebb_to_marketpl,SB,0.19,0.79,32.7
12/5/2024 19:00,delwebb_to_marketpl,SB,0.21,0.81,31.4
12/5/2024 20:00,delwebb_to_marketpl,SB,0.15,0.72,35.6
12/5/2024 21:00,delwebb_to_marketpl,SB,0.08,0.64,39.7
12/5/2024 22:00,delwebb_to_marketpl,SB,0.1,0.66,38.2
12/5/2024 23:00,delwebb_to_marketpl,SB,0,0.56,44
12/6/2024 0:00,delwebb_to_marketpl,SB,0,0.56,44
12/6/2024 1:00,delwebb_to_marketpl,SB,0,0.57,43.9
12/6/2024 2:00,delwebb_to_marketpl,SB,0.09,0.69,36.5
12/6/2024 3:00,delwebb_to_marketpl,SB,0.06,0.63,39.8
12/6/2024 4:00,delwebb_to_marketpl,SB,0.14,0.73,35.6
12/6/2024 5:00,delwebb_to_marketpl,SB,0.06,0.66,38.4
12/6/2024 6:00,delwebb_to_marketpl,SB,0.07,0.63,39.4
12/6/2024 7:00,delwebb_to_marketpl,SB,0.24,0.84,30.1
12/6/2024 8:00,delwebb_to_marketpl,SB,0.27,0.86,29.1
12/6/2024 9:00,delwebb_to_marketpl,SB,0.17,0.75,33.8
12/6/2024 10:00,delwebb_to_marketpl,SB,0.27,0.89,28.5
12/6/2024 11:00,delwebb_to_marketpl,SB,0.22,0.83,30
12/6/2024 12:00,delwebb_to_marketpl,SB,0.35,0.97,26.2
12/6/2024 13:00,delwebb_to_marketpl,SB,0.34,0.96,26.2
12/6/2024 14:00,delwebb_to_marketpl,SB,0.24,0.85,29.5
12/6/2024 15:00,delwebb_to_marketpl,SB,0.34,0.93,27.4
12/6/2024 16:00,delwebb_to_marketpl,SB,0.23,0.84,29.9
12/6/2024 17:00,delwebb_to_marketpl,SB,0.28,0.89,28.6
12/6/2024 18:00,delwebb_to_marketpl,SB,0.18,0.79,32
12/6/2024 19:00,delwebb_to_marketpl,SB,0.24,0.84,30.2
12/6/2024 20:00,delwebb_to_marketpl,SB,0.13,0.72,35.1
12/6/2024 21:00,delwebb_to_marketpl,SB,0.1,0.67,37.9
12/6/2024 22:00,delwebb_to_marketpl,SB,0.2,0.8,31.6
12/6/2024 23:00,delwebb_to_marketpl,SB,0.11,0.7,36.3
12/7/2024 0:00,delwebb_to_marketpl,SB,0.07,0.63,39.6
12/7/2024 1:00,delwebb_to_marketpl,SB,0,0.57,43.7
12/7/2024 2:00,delwebb_to_marketpl,SB,0.01,0.55,45.1
12/7/2024 3:00,delwebb_to_marketpl,SB,0,0.55,45.4
12/7/2024 4:00,delwebb_to_marketpl,SB,0.13,0.73,35
12/7/2024 5:00,delwebb_to_marketpl,SB,0.06,0.63,40
12/7/2024 6:00,delwebb_to_marketpl,SB,0.05,0.63,40
12/7/2024 7:00,delwebb_to_marketpl,SB,0.17,0.76,33
12/7/2024 8:00,delwebb_to_marketpl,SB,0.16,0.76,33
12/7/2024 9:00,delwebb_to_marketpl,SB,0.24,0.82,30.6
12/7/2024 10:00,delwebb_to_marketpl,SB,0.29,0.9,27.9
12/7/2024 11:00,delwebb_to_marketpl,SB,0.37,0.97,25.9
12/7/2024 12:00,delwebb_to_marketpl,SB,0.18,0.77,32.5
12/7/2024 13:00,delwebb_to_marketpl,SB,0.23,0.84,30.2
12/7/2024 14:00,delwebb_to_marketpl,SB,0.18,0.77,32.5
12/7/2024 15:00,delwebb_to_marketpl,SB,0.15,0.72,35
12/7/2024 16:00,delwebb_to_marketpl,SB,0.21,0.82,31
12/7/2024 17:00,delwebb_to_marketpl,SB,0.19,0.79,31.7
12/7/2024 18:00,delwebb_to_marketpl,SB,0.17,0.77,32.4
12/7/2024 19:00,delwebb_to_marketpl,SB,0.19,0.81,31.3
12/7/2024 20:00,delwebb_to_marketpl,SB,0.17,0.79,32.2
12/7/2024 21:00,delwebb_to_marketpl,SB,0.22,0.79,32.3
12/7/2024 22:00,delwebb_to_marketpl,SB,0.09,0.67,37.4
12/7/2024 23:00,delwebb_to_marketpl,SB,0.1,0.69,37
12/8/2024 0:00,delwebb_to_marketpl,SB,0.05,0.6,41.7
12/8/2024 1:00,delwebb_to_marketpl,SB,0.12,0.71,36.4
12/8/2024 2:00,delwebb_to_marketpl,SB,0,0.56,44
12/8/2024 3:00,delwebb_to_marketpl,SB,0,0.56,44
12/8/2024 4:00,delwebb_to_marketpl,SB,0,0.56,44.2
12/8/2024 5:00,delwebb_to_marketpl,SB,0,0.54,46.2
12/8/2024 6:00,delwebb_to_marketpl,SB,0.08,0.64,39.2
12/8/2024 7:00,delwebb_to_marketpl,SB,0.15,0.75,33.9
12/8/2024 8:00,delwebb_to_marketpl,SB,0.1,0.67,38.2
12/8/2024 9:00,delwebb_to_marketpl,SB,0.18,0.78,32.2
12/8/2024 10:00,delwebb_to_marketpl,SB,0.16,0.78,32.3
12/8/2024 11:00,delwebb_to_marketpl,SB,0.18,0.78,32.3
12/8/2024 12:00,delwebb_to_marketpl,SB,0.23,0.84,30.4
12/8/2024 13:00,delwebb_to_marketpl,SB,0.16,0.74,34.1
12/8/2024 14:00,delwebb_to_marketpl,SB,0.13,0.71,35.3
12/8/2024 15:00,delwebb_to_marketpl,SB,0.21,0.8,31.3
12/8/2024 16:00,delwebb_to_marketpl,SB,0.24,0.84,29.9
12/8/2024 17:00,delwebb_to_marketpl,SB,0.25,0.86,29.1
12/8/2024 18:00,delwebb_to_marketpl,SB,0.26,0.87,29.2
12/8/2024 19:00,delwebb_to_marketpl,SB,0.26,0.87,28.6
12/8/2024 20:00,delwebb_to_marketpl,SB,0.23,0.83,30.3
12/8/2024 21:00,delwebb_to_marketpl,SB,0.27,0.88,28.4
12/8/2024 22:00,delwebb_to_marketpl,SB,0.09,0.64,39.5
12/8/2024 23:00,delwebb_to_marketpl,SB,0.13,0.71,36.7
12/9/2024 0:00,delwebb_to_marketpl,SB,0.01,0.55,45
12/9/2024 1:00,delwebb_to_marketpl,SB,0.02,0.57,43.3
12/9/2024 2:00,delwebb_to_marketpl,SB,0,0.56,44
12/9/2024 3:00,delwebb_to_marketpl,SB,0,0.57,43.6
12/9/2024 4:00,delwebb_to_marketpl,SB,0.18,0.79,32.2
12/9/2024 5:00,delwebb_to_marketpl,SB,0.1,0.68,37.4
12/9/2024 6:00,delwebb_to_marketpl,SB,0.1,0.66,38.3
12/9/2024 7:00,delwebb_to_marketpl,SB,0.22,0.79,31.8
12/9/2024 8:00,delwebb_to_marketpl,SB,0.27,0.87,29.5
12/9/2024 9:00,delwebb_to_marketpl,SB,0.32,0.92,27.2
12/9/2024 10:00,delwebb_to_marketpl,SB,0.22,0.83,30.3
12/9/2024 11:00,delwebb_to_marketpl,SB,0.31,0.92,27.1
12/9/2024 12:00,delwebb_to_marketpl,SB,0.38,0.99,26.2
12/9/2024 13:00,delwebb_to_marketpl,SB,0.36,0.97,25.7
12/9/2024 14:00,delwebb_to_marketpl,SB,0.34,0.96,26.4
12/9/2024 15:00,delwebb_to_marketpl,SB,0.33,0.94,27.7
12/9/2024 16:00,delwebb_to_marketpl,SB,0.24,0.84,30
12/9/2024 17:00,delwebb_to_marketpl,SB,0.21,0.81,31.3
12/9/2024 18:00,delwebb_to_marketpl,SB,0.22,0.82,30.9
12/9/2024 19:00,delwebb_to_marketpl,SB,0.16,0.72,34.9
12/9/2024 20:00,delwebb_to_marketpl,SB,0.23,0.81,30.8
12/9/2024 21:00,delwebb_to_marketpl,SB,0.07,0.65,38.4
12/9/2024 22:00,delwebb_to_marketpl,SB,0.1,0.68,36.8
12/9/2024 23:00,delwebb_to_marketpl,SB,0.03,0.6,42.2
12/10/2024 0:00,delwebb_to_marketpl,SB,0,0.56,44
12/10/2024 1:00,delwebb_to_marketpl,SB,0,0.56,44
12/10/2024 2:00,delwebb_to_marketpl,SB,0.01,0.58,42.8
12/10/2024 3:00,delwebb_to_marketpl,SB,0.01,0.59,42
12/10/2024 4:00,delwebb_to_marketpl,SB,0,0.56,44
12/10/2024 5:00,delwebb_to_marketpl,SB,0.06,0.66,38.5
12/10/2024 6:00,delwebb_to_marketpl,SB,0.18,0.77,34
12/10/2024 7:00,delwebb_to_marketpl,SB,0.2,0.78,33.2
12/10/2024 8:00,delwebb_to_marketpl,SB,0.31,0.9,28
12/10/2024 9:00,delwebb_to_marketpl,SB,0.3,0.91,27.9
12/10/2024 10:00,delwebb_to_marketpl,SB,0.46,1.08,23.5
12/10/2024 11:00,delwebb_to_marketpl,SB,0.41,1.03,24.7
12/10/2024 12:00,delwebb_to_marketpl,SB,0.27,0.88,28.6
12/10/2024 13:00,delwebb_to_marketpl,SB,0.32,0.93,27.2
12/10/2024 14:00,delwebb_to_marketpl,SB,0.33,0.94,26.6
12/10/2024 15:00,delwebb_to_marketpl,SB,0.31,0.92,27.1
12/10/2024 16:00,delwebb_to_marketpl,SB,0.35,0.95,26.3
12/10/2024 17:00,delwebb_to_marketpl,SB,0.29,0.89,28.3
12/10/2024 18:00,delwebb_to_marketpl,SB,0.21,0.82,30.6
12/10/2024 19:00,delwebb_to_marketpl,SB,0.15,0.77,32.9
12/10/2024 20:00,delwebb_to_marketpl,SB,0.23,0.82,30.6
12/10/2024 21:00,delwebb_to_marketpl,SB,0.16,0.76,33.3
12/10/2024 22:00,delwebb_to_marketpl,SB,0.07,0.66,38.1
12/10/2024 23:00,delwebb_to_marketpl,SB,0.04,0.61,41.2
12/11/2024 0:00,delwebb_to_marketpl,SB,0,0.57,43.8
12/11/2024 1:00,delwebb_to_marketpl,SB,0,0.56,44
12/11/2024 2:00,delwebb_to_marketpl,SB,0,0.56,44
12/11/2024 3:00,delwebb_to_marketpl,SB,0.04,0.61,41.6
12/11/2024 4:00,delwebb_to_marketpl,SB,0.16,0.76,34.2
12/11/2024 5:00,delwebb_to_marketpl,SB,0.01,0.58,43.1
12/11/2024 6:00,delwebb_to_marketpl,SB,0.09,0.66,37.9
12/11/2024 7:00,delwebb_to_marketpl,SB,0.13,0.72,35.2
12/11/2024 8:00,delwebb_to_marketpl,SB,0.19,0.78,31.9
12/11/2024 9:00,delwebb_to_marketpl,SB,0.24,0.84,29.8
12/11/2024 10:00,delwebb_to_marketpl,SB,0.22,0.83,30.4
12/11/2024 11:00,delwebb_to_marketpl,SB,0.24,0.85,29.9
12/11/2024 12:00,delwebb_to_marketpl,SB,0.27,0.89,28.6
12/11/2024 13:00,delwebb_to_marketpl,SB,0.16,0.77,32.6
12/11/2024 14:00,delwebb_to_marketpl,SB,0.24,0.86,29.7
12/11/2024 15:00,delwebb_to_marketpl,SB,0.29,0.89,28.4
12/11/2024 16:00,delwebb_to_marketpl,SB,0.21,0.82,31.1
12/11/2024 17:00,delwebb_to_marketpl,SB,0.19,0.81,31.2
12/11/2024 18:00,delwebb_to_marketpl,SB,0.11,0.71,35.7
12/11/2024 19:00,delwebb_to_marketpl,SB,0.02,0.61,40.7
12/11/2024 20:00,delwebb_to_marketpl,SB,0.01,0.55,45.8
12/11/2024 21:00,delwebb_to_marketpl,SB,0,0.5,50.8
12/11/2024 22:00,delwebb_to_marketpl,SB,0.04,0.62,40.6
12/11/2024 23:00,delwebb_to_marketpl,SB,0.01,0.6,41.6
12/12/2024 0:00,delwebb_to_marketpl,SB,0,0.47,53.2
12/12/2024 1:00,delwebb_to_marketpl,SB,0,0.57,43.7
12/12/2024 2:00,delwebb_to_marketpl,SB,0,0.56,44
12/12/2024 3:00,delwebb_to_marketpl,SB,0.06,0.65,38.7
12/12/2024 4:00,delwebb_to_marketpl,SB,0.01,0.6,41.7
12/12/2024 5:00,delwebb_to_marketpl,SB,0,0.59,42.5
12/12/2024 6:00,delwebb_to_marketpl,SB,0.05,0.64,39.7
12/12/2024 7:00,delwebb_to_marketpl,SB,0.05,0.65,38.5
12/12/2024 8:00,delwebb_to_marketpl,SB,0.07,0.64,40
12/12/2024 9:00,delwebb_to_marketpl,SB,0.1,0.69,36.7
12/12/2024 10:00,delwebb_to_marketpl,SB,0.13,0.75,33.4
12/12/2024 11:00,delwebb_to_marketpl,SB,0.19,0.81,30.9
12/12/2024 12:00,delwebb_to_marketpl,SB,0.3,0.91,27.7
12/12/2024 13:00,delwebb_to_marketpl,SB,0.21,0.82,30.6
12/12/2024 14:00,delwebb_to_marketpl,SB,0.2,0.8,31.6
12/12/2024 15:00,delwebb_to_marketpl,SB,0.13,0.73,35.3
12/12/2024 16:00,delwebb_to_marketpl,SB,0.3,0.92,27.5
12/12/2024 17:00,delwebb_to_marketpl,SB,0.27,0.87,28.7
12/12/2024 18:00,delwebb_to_marketpl,SB,0.09,0.69,36.7
12/12/2024 19:00,delwebb_to_marketpl,SB,0.06,0.61,40.8
12/12/2024 20:00,delwebb_to_marketpl,SB,0.08,0.67,37.3
12/12/2024 21:00,delwebb_to_marketpl,SB,0.05,0.64,39.1
12/12/2024 22:00,delwebb_to_marketpl,SB,0.03,0.6,41.7
12/12/2024 23:00,delwebb_to_marketpl,SB,0.05,0.63,39.3
12/13/2024 0:00,delwebb_to_marketpl,SB,0.01,0.57,43.3
12/13/2024 1:00,delwebb_to_marketpl,SB,0,0.56,44
12/13/2024 2:00,delwebb_to_marketpl,SB,0,0.56,44
12/13/2024 3:00,delwebb_to_marketpl,SB,0,0.57,43.9
12/13/2024 4:00,delwebb_to_marketpl,SB,0.16,0.75,35.2
12/13/2024 5:00,delwebb_to_marketpl,SB,0,0.57,44
12/13/2024 6:00,delwebb_to_marketpl,SB,0.03,0.58,43.5
12/13/2024 7:00,delwebb_to_marketpl,SB,0.12,0.71,36.1
12/13/2024 8:00,delwebb_to_marketpl,SB,0.11,0.69,36.5
12/13/2024 9:00,delwebb_to_marketpl,SB,0.27,0.89,28
12/13/2024 10:00,delwebb_to_marketpl,SB,0.26,0.88,28.6
12/13/2024 11:00,delwebb_to_marketpl,SB,0.25,0.87,29
12/13/2024 12:00,delwebb_to_marketpl,SB,0.29,0.91,27.4
12/13/2024 13:00,delwebb_to_marketpl,SB,0.21,0.83,30.2
12/13/2024 14:00,delwebb_to_marketpl,SB,0.25,0.86,29.7
12/13/2024 15:00,delwebb_to_marketpl,SB,0.26,0.86,30
12/13/2024 16:00,delwebb_to_marketpl,SB,0.23,0.83,30.8
12/13/2024 17:00,delwebb_to_marketpl,SB,0.22,0.8,31.3
12/13/2024 18:00,delwebb_to_marketpl,SB,0.12,0.69,36.7
12/13/2024 19:00,delwebb_to_marketpl,SB,0.17,0.78,33.1
12/13/2024 20:00,delwebb_to_marketpl,SB,0.12,0.72,35.5
12/13/2024 21:00,delwebb_to_marketpl,SB,0.03,0.62,40.2
12/13/2024 22:00,delwebb_to_marketpl,SB,0.05,0.65,38.6
12/13/2024 23:00,delwebb_to_marketpl,SB,0.03,0.63,39.7
12/14/2024 0:00,delwebb_to_marketpl,SB,0.22,0.81,34.6
12/14/2024 1:00,delwebb_to_marketpl,SB,0.01,0.55,44.9
12/14/2024 2:00,delwebb_to_marketpl,SB,0.01,0.6,41.8
12/14/2024 3:00,delwebb_to_marketpl,SB,0,0.57,43.7
12/14/2024 4:00,delwebb_to_marketpl,SB,0,0.56,44
12/14/2024 5:00,delwebb_to_marketpl,SB,0.02,0.59,42.4
12/14/2024 6:00,delwebb_to_marketpl,SB,0.01,0.59,42.3
12/14/2024 7:00,delwebb_to_marketpl,SB,0.11,0.7,37.2
12/14/2024 8:00,delwebb_to_marketpl,SB,0.08,0.66,37.6
12/14/2024 9:00,delwebb_to_marketpl,SB,0.06,0.67,37.6
12/14/2024 10:00,delwebb_to_marketpl,SB,0.11,0.69,36.4
12/14/2024 11:00,delwebb_to_marketpl,SB,0.21,0.82,30.9
12/14/2024 12:00,delwebb_to_marketpl,SB,0.19,0.78,32.3
12/14/2024 13:00,delwebb_to_marketpl,SB,0.17,0.77,33.1
12/14/2024 14:00,delwebb_to_marketpl,SB,0.12,0.71,36.8
12/14/2024 15:00,delwebb_to_marketpl,SB,0.07,0.66,38.1
12/14/2024 16:00,delwebb_to_marketpl,SB,0.21,0.82,31
12/14/2024 17:00,delwebb_to_marketpl,SB,0.23,0.82,31.3
12/14/2024 18:00,delwebb_to_marketpl,SB,0.09,0.68,36.5
12/14/2024 19:00,delwebb_to_marketpl,SB,0.17,0.78,32.8
12/14/2024 20:00,delwebb_to_marketpl,SB,0.12,0.72,35.4
12/14/2024 21:00,delwebb_to_marketpl,SB,0.06,0.61,40.9
12/14/2024 22:00,delwebb_to_marketpl,SB,0.01,0.56,44.5
12/14/2024 23:00,delwebb_to_marketpl,SB,0.01,0.58,42.7
12/15/2024 0:00,delwebb_to_marketpl,SB,0,0.54,45.9
12/15/2024 1:00,delwebb_to_marketpl,SB,0.01,0.57,43.8
12/15/2024 2:00,delwebb_to_marketpl,SB,0,0.54,46
12/15/2024 3:00,delwebb_to_marketpl,SB,0.03,0.6,41.8
12/15/2024 4:00,delwebb_to_marketpl,SB,0.07,0.68,37.1
12/15/2024 5:00,delwebb_to_marketpl,SB,0.02,0.56,45.2
12/15/2024 6:00,delwebb_to_marketpl,SB,0.02,0.59,42
12/15/2024 7:00,delwebb_to_marketpl,SB,0.03,0.6,42
12/15/2024 8:00,delwebb_to_marketpl,SB,0.14,0.76,33.1
12/15/2024 9:00,delwebb_to_marketpl,SB,0.1,0.69,36.2
12/15/2024 10:00,delwebb_to_marketpl,SB,0.13,0.73,35.2
12/15/2024 11:00,delwebb_to_marketpl,SB,0.15,0.73,34.6
12/15/2024 12:00,delwebb_to_marketpl,SB,0.13,0.74,33.8
12/15/2024 13:00,delwebb_to_marketpl,SB,0.12,0.71,35.9
12/15/2024 14:00,delwebb_to_marketpl,SB,0.15,0.76,33.3
12/15/2024 15:00,delwebb_to_marketpl,SB,0.11,0.71,35.4
12/15/2024 16:00,delwebb_to_marketpl,SB,0.13,0.73,34.2
12/15/2024 17:00,delwebb_to_marketpl,SB,0.14,0.74,34.2
12/15/2024 18:00,delwebb_to_marketpl,SB,0.24,0.86,29.2
12/15/2024 19:00,delwebb_to_marketpl,SB,0.1,0.69,36.4
12/15/2024 20:00,delwebb_to_marketpl,SB,0.03,0.62,40.2
12/15/2024 21:00,delwebb_to_marketpl,SB,0.09,0.66,38
12/15/2024 22:00,delwebb_to_marketpl,SB,0.03,0.62,40.1
12/15/2024 23:00,delwebb_to_marketpl,SB,0,0.55,45.8
12/16/2024 0:00,delwebb_to_marketpl,SB,0,0.57,43.7
12/16/2024 1:00,delwebb_to_marketpl,SB,0,0.58,43
12/16/2024 2:00,delwebb_to_marketpl,SB,0,0.56,44
12/16/2024 3:00,delwebb_to_marketpl,SB,0,0.57,43.9
12/16/2024 4:00,delwebb_to_marketpl,SB,0.02,0.6,41.4
12/16/2024 5:00,delwebb_to_marketpl,SB,0.02,0.58,43.4
12/16/2024 6:00,delwebb_to_marketpl,SB,0.04,0.59,42.3
12/16/2024 7:00,delwebb_to_marketpl,SB,0.05,0.62,40.6
12/16/2024 8:00,delwebb_to_marketpl,SB,0.11,0.7,35.8
12/16/2024 9:00,delwebb_to_marketpl,SB,0.2,0.79,32.1
12/16/2024 10:00,delwebb_to_marketpl,SB,0.26,0.88,28.6
12/16/2024 11:00,delwebb_to_marketpl,SB,0.26,0.87,29.1
12/16/2024 12:00,delwebb_to_marketpl,SB,0.3,0.92,27.5
12/16/2024 13:00,delwebb_to_marketpl,SB,0.25,0.86,29.7
12/16/2024 14:00,delwebb_to_marketpl,SB,0.1,0.69,36.4
12/16/2024 15:00,delwebb_to_marketpl,SB,0.26,0.86,29.2
12/16/2024 16:00,delwebb_to_marketpl,SB,0.27,0.87,29.1
12/16/2024 17:00,delwebb_to_marketpl,SB,0.17,0.76,33.2
12/16/2024 18:00,delwebb_to_marketpl,SB,0.16,0.76,33.7
12/16/2024 19:00,delwebb_to_marketpl,SB,0.09,0.7,35.8
12/16/2024 20:00,delwebb_to_marketpl,SB,0.01,0.57,43.6
12/16/2024 21:00,delwebb_to_marketpl,SB,0.05,0.64,39.6
12/16/2024 22:00,delwebb_to_marketpl,SB,0.08,0.67,37.8
12/16/2024 23:00,delwebb_to_marketpl,SB,0,0.57,43.4
12/17/2024 0:00,delwebb_to_marketpl,SB,0,0.56,44
12/17/2024 1:00,delwebb_to_marketpl,SB,0,0.53,46.7
12/17/2024 2:00,delwebb_to_marketpl,SB,0,0.56,44.6
12/17/2024 3:00,delwebb_to_marketpl,SB,0,0.56,44
12/17/2024 4:00,delwebb_to_marketpl,SB,0.03,0.62,40.5
12/17/2024 5:00,delwebb_to_marketpl,SB,0.04,0.63,39.9
12/17/2024 6:00,delwebb_to_marketpl,SB,0.01,0.58,43.1
12/17/2024 7:00,delwebb_to_marketpl,SB,0.05,0.61,42
12/17/2024 8:00,delwebb_to_marketpl,SB,0.08,0.66,38.1
12/17/2024 9:00,delwebb_to_marketpl,SB,0.13,0.72,35.1
12/17/2024 10:00,delwebb_to_marketpl,SB,0.2,0.82,30.9
12/17/2024 11:00,delwebb_to_marketpl,SB,0.25,0.86,29.2
12/17/2024 12:00,delwebb_to_marketpl,SB,0.18,0.79,31.8
12/17/2024 13:00,delwebb_to_marketpl,SB,0.24,0.86,29
12/17/2024 14:00,delwebb_to_marketpl,SB,0.35,0.96,26.4
12/17/2024 15:00,delwebb_to_marketpl,SB,0.26,0.88,28.7
12/17/2024 16:00,delwebb_to_marketpl,SB,0.22,0.84,30.2
12/17/2024 17:00,delwebb_to_marketpl,SB,0.32,0.94,27.1
12/17/2024 18:00,delwebb_to_marketpl,SB,0.3,0.92,28.2
12/17/2024 19:00,delwebb_to_marketpl,SB,0.12,0.71,35.3
12/17/2024 20:00,delwebb_to_marketpl,SB,0.13,0.75,33.6
12/17/2024 21:00,delwebb_to_marketpl,SB,0.04,0.64,39.2
12/17/2024 22:00,delwebb_to_marketpl,SB,0,0.57,43.3
12/17/2024 23:00,delwebb_to_marketpl,SB,0,0.53,46.8
12/18/2024 0:00,delwebb_to_marketpl,SB,0,0.52,47.7
12/18/2024 1:00,delwebb_to_marketpl,SB,0,0.56,44.7
12/18/2024 2:00,delwebb_to_marketpl,SB,0,0.56,44
12/18/2024 3:00,delwebb_to_marketpl,SB,0,0.57,44
12/18/2024 4:00,delwebb_to_marketpl,SB,0.02,0.6,41.7
12/18/2024 5:00,delwebb_to_marketpl,SB,0.01,0.61,41
12/18/2024 6:00,delwebb_to_marketpl,SB,0.03,0.61,41.3
12/18/2024 7:00,delwebb_to_marketpl,SB,0.06,0.66,37.6
12/18/2024 8:00,delwebb_to_marketpl,SB,0.07,0.64,39
12/18/2024 9:00,delwebb_to_marketpl,SB,0.13,0.73,34
12/18/2024 10:00,delwebb_to_marketpl,SB,0.2,0.81,31.6
12/18/2024 11:00,delwebb_to_marketpl,SB,0.24,0.85,29.8
12/18/2024 12:00,delwebb_to_marketpl,SB,0.31,0.93,26.9
12/18/2024 13:00,delwebb_to_marketpl,SB,0.23,0.85,29.5
12/18/2024 14:00,delwebb_to_marketpl,SB,0.23,0.83,30.4
12/18/2024 15:00,delwebb_to_marketpl,SB,0.3,0.92,27.4
12/18/2024 16:00,delwebb_to_marketpl,SB,0.14,0.75,33.6
12/18/2024 17:00,delwebb_to_marketpl,SB,0.25,0.85,29.6
12/18/2024 18:00,delwebb_to_marketpl,SB,0.13,0.74,33.9
12/18/2024 19:00,delwebb_to_marketpl,SB,0.1,0.69,36.4
12/18/2024 20:00,delwebb_to_marketpl,SB,0.16,0.76,33.2
12/18/2024 21:00,delwebb_to_marketpl,SB,0.04,0.62,40.4
12/18/2024 22:00,delwebb_to_marketpl,SB,0.03,0.6,41.3
12/18/2024 23:00,delwebb_to_marketpl,SB,0.03,0.63,40.2
12/19/2024 0:00,delwebb_to_marketpl,SB,0.05,0.54,50.2
12/19/2024 1:00,delwebb_to_marketpl,SB,0,0.55,45.1
12/19/2024 2:00,delwebb_to_marketpl,SB,0,0.56,44
12/19/2024 3:00,delwebb_to_marketpl,SB,0,0.56,44
12/19/2024 4:00,delwebb_to_marketpl,SB,0,0.56,44
12/19/2024 5:00,delwebb_to_marketpl,SB,0,0.52,47.6
12/19/2024 6:00,delwebb_to_marketpl,SB,0.04,0.6,41.8
12/19/2024 7:00,delwebb_to_marketpl,SB,0.06,0.65,38.7
12/19/2024 8:00,delwebb_to_marketpl,SB,0.06,0.66,38
12/19/2024 9:00,delwebb_to_marketpl,SB,0.17,0.78,32.5
12/19/2024 10:00,delwebb_to_marketpl,SB,0.17,0.77,32.2
12/19/2024 11:00,delwebb_to_marketpl,SB,0.28,0.9,28
12/19/2024 12:00,delwebb_to_marketpl,SB,0.29,0.9,27.8
12/19/2024 13:00,delwebb_to_marketpl,SB,0.24,0.85,29.7
12/19/2024 14:00,delwebb_to_marketpl,SB,0.25,0.86,29.1
12/19/2024 15:00,delwebb_to_marketpl,SB,0.15,0.75,33.5
12/19/2024 16:00,delwebb_to_marketpl,SB,0.2,0.8,31.6
12/19/2024 17:00,delwebb_to_marketpl,SB,0.34,0.95,26.5
12/19/2024 18:00,delwebb_to_marketpl,SB,0.24,0.86,29.4
12/19/2024 19:00,delwebb_to_marketpl,SB,0.07,0.65,38.5
12/19/2024 20:00,delwebb_to_marketpl,SB,0.06,0.63,39.9
12/19/2024 21:00,delwebb_to_marketpl,SB,0.02,0.58,42.8
12/19/2024 22:00,delwebb_to_marketpl,SB,0.05,0.66,38
12/19/2024 23:00,delwebb_to_marketpl,SB,0.11,0.72,35.1
12/20/2024 0:00,delwebb_to_marketpl,SB,0,0.57,43.4
12/20/2024 1:00,delwebb_to_marketpl,SB,0,0.55,44.9
12/20/2024 2:00,delwebb_to_marketpl,SB,0,0.56,44
12/20/2024 3:00,delwebb_to_marketpl,SB,0,0.56,44
12/20/2024 4:00,delwebb_to_marketpl,SB,0,0.56,44.1
12/20/2024 5:00,delwebb_to_marketpl,SB,0.05,0.6,41.6
12/20/2024 6:00,delwebb_to_marketpl,SB,0.03,0.56,45.5
12/20/2024 7:00,delwebb_to_marketpl,SB,0.07,0.68,36.9
12/20/2024 8:00,delwebb_to_marketpl,SB,0.12,0.7,36.3
12/20/2024 9:00,delwebb_to_marketpl,SB,0.11,0.72,35.1
12/20/2024 10:00,delwebb_to_marketpl,SB,0.2,0.81,31
12/20/2024 11:00,delwebb_to_marketpl,SB,0.28,0.89,28.3
12/20/2024 12:00,delwebb_to_marketpl,SB,0.27,0.87,29.2
12/20/2024 13:00,delwebb_to_marketpl,SB,0.23,0.84,29.9
12/20/2024 14:00,delwebb_to_marketpl,SB,0.26,0.87,28.7
12/20/2024 15:00,delwebb_to_marketpl,SB,0.21,0.82,30.9
12/20/2024 16:00,delwebb_to_marketpl,SB,0.16,0.76,33
12/20/2024 17:00,delwebb_to_marketpl,SB,0.2,0.79,32
12/20/2024 18:00,delwebb_to_marketpl,SB,0.15,0.75,33.6
12/20/2024 19:00,delwebb_to_marketpl,SB,0.06,0.61,40.6
12/20/2024 20:00,delwebb_to_marketpl,SB,0.05,0.65,38.9
12/20/2024 21:00,delwebb_to_marketpl,SB,0.02,0.6,41.5
12/20/2024 22:00,delwebb_to_marketpl,SB,0.08,0.66,38.1
12/20/2024 23:00,delwebb_to_marketpl,SB,0.02,0.57,43.9
12/21/2024 0:00,delwebb_to_marketpl,SB,0.01,0.53,46.9
12/21/2024 1:00,delwebb_to_marketpl,SB,0,0.56,44
12/21/2024 2:00,delwebb_to_marketpl,SB,0.15,0.75,35.1
12/21/2024 3:00,delwebb_to_marketpl,SB,0,0.57,43.8
12/21/2024 4:00,delwebb_to_marketpl,SB,0.12,0.72,35.9
12/21/2024 5:00,delwebb_to_marketpl,SB,0.08,0.64,40.6
12/21/2024 6:00,delwebb_to_marketpl,SB,0.03,0.59,42.2
12/21/2024 7:00,delwebb_to_marketpl,SB,0.06,0.64,39.2
12/21/2024 8:00,delwebb_to_marketpl,SB,0.11,0.73,34.5
12/21/2024 9:00,delwebb_to_marketpl,SB,0.14,0.75,33.4
12/21/2024 10:00,delwebb_to_marketpl,SB,0.14,0.74,34.5
12/21/2024 11:00,delwebb_to_marketpl,SB,0.14,0.74,34
12/21/2024 12:00,delwebb_to_marketpl,SB,0.3,0.91,27.8
12/21/2024 13:00,delwebb_to_marketpl,SB,0.19,0.81,31.5
12/21/2024 14:00,delwebb_to_marketpl,SB,0.21,0.81,31.3
12/21/2024 15:00,delwebb_to_marketpl,SB,0.11,0.72,34.5
12/21/2024 16:00,delwebb_to_marketpl,SB,0.16,0.78,32.5
12/21/2024 17:00,delwebb_to_marketpl,SB,0.1,0.7,36.2
12/21/2024 18:00,delwebb_to_marketpl,SB,0.1,0.7,35.7
12/21/2024 19:00,delwebb_to_marketpl,SB,0.06,0.64,38.8
12/21/2024 20:00,delwebb_to_marketpl,SB,0.21,0.82,31.5
12/21/2024 21:00,delwebb_to_marketpl,SB,0.13,0.74,33.6
12/21/2024 22:00,delwebb_to_marketpl,SB,0.08,0.69,36.5
12/21/2024 23:00,delwebb_to_marketpl,SB,0.07,0.69,36.2
12/22/2024 0:00,delwebb_to_marketpl,SB,0.02,0.64,39
12/22/2024 1:00,delwebb_to_marketpl,SB,0.01,0.57,43.8
12/22/2024 2:00,delwebb_to_marketpl,SB,0,0.55,45.6
12/22/2024 3:00,delwebb_to_marketpl,SB,0.03,0.63,40.1
12/22/2024 4:00,delwebb_to_marketpl,SB,0.12,0.73,35.4
12/22/2024 5:00,delwebb_to_marketpl,SB,0.02,0.61,41.1
12/22/2024 6:00,delwebb_to_marketpl,SB,0.05,0.63,39.8
12/22/2024 7:00,delwebb_to_marketpl,SB,0.08,0.69,36.1
12/22/2024 8:00,delwebb_to_marketpl,SB,0.15,0.74,34.9
12/22/2024 9:00,delwebb_to_marketpl,SB,0.07,0.65,38.9
12/22/2024 10:00,delwebb_to_marketpl,SB,0.11,0.72,35.6
12/22/2024 11:00,delwebb_to_marketpl,SB,0.2,0.81,32.1
12/22/2024 12:00,delwebb_to_marketpl,SB,0.23,0.84,30.1
12/22/2024 13:00,delwebb_to_marketpl,SB,0.12,0.71,35.6
12/22/2024 14:00,delwebb_to_marketpl,SB,0.18,0.77,33.7
12/22/2024 15:00,delwebb_to_marketpl,SB,0.21,0.8,31.9
12/22/2024 16:00,delwebb_to_marketpl,SB,0.11,0.71,35.7
12/22/2024 17:00,delwebb_to_marketpl,SB,0.13,0.74,34.2
12/22/2024 18:00,delwebb_to_marketpl,SB,0.03,0.62,40.8
12/22/2024 19:00,delwebb_to_marketpl,SB,0.02,0.59,42.4
12/22/2024 20:00,delwebb_to_marketpl,SB,0.1,0.69,36
12/22/2024 21:00,delwebb_to_marketpl,SB,0.01,0.57,44.2
12/22/2024 22:00,delwebb_to_marketpl,SB,0.19,0.81,31.4
12/22/2024 23:00,delwebb_to_marketpl,SB,0,0.56,44
12/23/2024 0:00,delwebb_to_marketpl,SB,0,0.56,44
12/23/2024 1:00,delwebb_to_marketpl,SB,0,0.56,44
12/23/2024 2:00,delwebb_to_marketpl,SB,0,0.56,44
12/23/2024 3:00,delwebb_to_marketpl,SB,0,0.56,44
12/23/2024 4:00,delwebb_to_marketpl,SB,0,0.56,44
12/23/2024 5:00,delwebb_to_marketpl,SB,0.1,0.69,36.7
12/23/2024 6:00,delwebb_to_marketpl,SB,0.01,0.57,43.8
12/23/2024 7:00,delwebb_to_marketpl,SB,0.05,0.63,39.7
12/23/2024 8:00,delwebb_to_marketpl,SB,0.1,0.71,35.3
12/23/2024 9:00,delwebb_to_marketpl,SB,0.19,0.8,31.6
12/23/2024 10:00,delwebb_to_marketpl,SB,0.31,0.93,27
12/23/2024 11:00,delwebb_to_marketpl,SB,0.25,0.87,28.6
12/23/2024 12:00,delwebb_to_marketpl,SB,0.32,0.94,26.5
12/23/2024 13:00,delwebb_to_marketpl,SB,0.28,0.89,28.4
12/23/2024 14:00,delwebb_to_marketpl,SB,0.24,0.85,29.5
12/23/2024 15:00,delwebb_to_marketpl,SB,0.33,0.94,26.8
12/23/2024 16:00,delwebb_to_marketpl,SB,0.28,0.87,29.4
12/23/2024 17:00,delwebb_to_marketpl,SB,0.27,0.86,30.1
12/23/2024 18:00,delwebb_to_marketpl,SB,0.17,0.76,34.2
12/23/2024 19:00,delwebb_to_marketpl,SB,0.09,0.68,37
12/23/2024 20:00,delwebb_to_marketpl,SB,0.12,0.73,34.3
12/23/2024 21:00,delwebb_to_marketpl,SB,0.07,0.66,37.8
12/23/2024 22:00,delwebb_to_marketpl,SB,0.02,0.55,46.5
12/23/2024 23:00,delwebb_to_marketpl,SB,0,0.55,44.9
12/24/2024 0:00,delwebb_to_marketpl,SB,0,0.54,45.9
12/24/2024 1:00,delwebb_to_marketpl,SB,0.03,0.59,41.9
12/24/2024 2:00,delwebb_to_marketpl,SB,0.02,0.54,47.1
12/24/2024 3:00,delwebb_to_marketpl,SB,0.05,0.62,40.9
12/24/2024 4:00,delwebb_to_marketpl,SB,0,0.56,44
12/24/2024 5:00,delwebb_to_marketpl,SB,0.01,0.56,44.8
12/24/2024 6:00,delwebb_to_marketpl,SB,0.03,0.59,42.7
12/24/2024 7:00,delwebb_to_marketpl,SB,0.1,0.7,36.1
12/24/2024 8:00,delwebb_to_marketpl,SB,0.1,0.71,35.3
12/24/2024 9:00,delwebb_to_marketpl,SB,0.13,0.72,35.2
12/24/2024 10:00,delwebb_to_marketpl,SB,0.26,0.89,28.5
12/24/2024 11:00,delwebb_to_marketpl,SB,0.24,0.85,29.7
12/24/2024 12:00,delwebb_to_marketpl,SB,0.21,0.82,30.5
12/24/2024 13:00,delwebb_to_marketpl,SB,0.25,0.86,29.1
12/24/2024 14:00,delwebb_to_marketpl,SB,0.17,0.76,33.6
12/24/2024 15:00,delwebb_to_marketpl,SB,0.16,0.76,33
12/24/2024 16:00,delwebb_to_marketpl,SB,0.1,0.7,35.6
12/24/2024 17:00,delwebb_to_marketpl,SB,0.11,0.7,35.9
12/24/2024 18:00,delwebb_to_marketpl,SB,0.12,0.7,36
12/24/2024 19:00,delwebb_to_marketpl,SB,0.09,0.67,38.3
12/24/2024 20:00,delwebb_to_marketpl,SB,0.17,0.78,32.8
12/24/2024 21:00,delwebb_to_marketpl,SB,0.06,0.67,37.8
12/24/2024 22:00,delwebb_to_marketpl,SB,0.02,0.61,41.1
12/24/2024 23:00,delwebb_to_marketpl,SB,0.03,0.65,38.5
12/25/2024 0:00,delwebb_to_marketpl,SB,0.03,0.6,41.6
12/25/2024 1:00,delwebb_to_marketpl,SB,0,0.56,44.7
12/25/2024 2:00,delwebb_to_marketpl,SB,0,0.55,45.1
12/25/2024 3:00,delwebb_to_marketpl,SB,0,0.56,44.5
12/25/2024 4:00,delwebb_to_marketpl,SB,0,0.56,44
12/25/2024 5:00,delwebb_to_marketpl,SB,0,0.55,44.8
12/25/2024 6:00,delwebb_to_marketpl,SB,0,0.54,45.8
12/25/2024 7:00,delwebb_to_marketpl,SB,0.17,0.76,35.6
12/25/2024 8:00,delwebb_to_marketpl,SB,0.06,0.62,40.7
12/25/2024 9:00,delwebb_to_marketpl,SB,0.17,0.79,32
12/25/2024 10:00,delwebb_to_marketpl,SB,0.11,0.69,36.8
12/25/2024 11:00,delwebb_to_marketpl,SB,0.13,0.74,34.8
12/25/2024 12:00,delwebb_to_marketpl,SB,0.04,0.62,40.6
12/25/2024 13:00,delwebb_to_marketpl,SB,0.16,0.78,32.1
12/25/2024 14:00,delwebb_to_marketpl,SB,0.05,0.65,38.4
12/25/2024 15:00,delwebb_to_marketpl,SB,0.01,0.56,44.3
12/25/2024 16:00,delwebb_to_marketpl,SB,0.05,0.63,39.7
12/25/2024 17:00,delwebb_to_marketpl,SB,0.04,0.65,38.6
12/25/2024 18:00,delwebb_to_marketpl,SB,0.02,0.58,42.8
12/25/2024 19:00,delwebb_to_marketpl,SB,0.08,0.66,38.9
12/25/2024 20:00,delwebb_to_marketpl,SB,0.13,0.71,36.5
12/25/2024 21:00,delwebb_to_marketpl,SB,0.01,0.58,43.2
12/25/2024 22:00,delwebb_to_marketpl,SB,0.01,0.59,42.5
12/25/2024 23:00,delwebb_to_marketpl,SB,0.01,0.59,42.2
12/26/2024 0:00,delwebb_to_marketpl,SB,0.02,0.59,42
12/26/2024 1:00,delwebb_to_marketpl,SB,0,0.53,47.1
12/26/2024 2:00,delwebb_to_marketpl,SB,0.05,0.65,39.1
12/26/2024 3:00,delwebb_to_marketpl,SB,0,0.57,43.9
12/26/2024 4:00,delwebb_to_marketpl,SB,0,0.56,44
12/26/2024 5:00,delwebb_to_marketpl,SB,0,0.54,46
12/26/2024 6:00,delwebb_to_marketpl,SB,0.01,0.55,45.4
12/26/2024 7:00,delwebb_to_marketpl,SB,0.05,0.65,38.4
12/26/2024 8:00,delwebb_to_marketpl,SB,0.18,0.8,31.9
12/26/2024 9:00,delwebb_to_marketpl,SB,0.14,0.74,34.2
12/26/2024 10:00,delwebb_to_marketpl,SB,0.19,0.8,32
12/26/2024 11:00,delwebb_to_marketpl,SB,0.19,0.8,31.7
12/26/2024 12:00,delwebb_to_marketpl,SB,0.26,0.88,28.8
12/26/2024 13:00,delwebb_to_marketpl,SB,0.22,0.81,30.9
12/26/2024 14:00,delwebb_to_marketpl,SB,0.26,0.87,29
12/26/2024 15:00,delwebb_to_marketpl,SB,0.21,0.82,30.6
12/26/2024 16:00,delwebb_to_marketpl,SB,0.23,0.83,30.6
12/26/2024 17:00,delwebb_to_marketpl,SB,0.3,0.92,27.3
12/26/2024 18:00,delwebb_to_marketpl,SB,0.21,0.82,30.7
12/26/2024 19:00,delwebb_to_marketpl,SB,0.1,0.67,37.3
12/26/2024 20:00,delwebb_to_marketpl,SB,0.12,0.72,35.4
12/26/2024 21:00,delwebb_to_marketpl,SB,0.03,0.57,43.9
12/26/2024 22:00,delwebb_to_marketpl,SB,0.06,0.68,36.7
12/26/2024 23:00,delwebb_to_marketpl,SB,0.01,0.59,42.4
12/27/2024 0:00,delwebb_to_marketpl,SB,0,0.57,43.5
12/27/2024 1:00,delwebb_to_marketpl,SB,0,0.56,44
12/27/2024 2:00,delwebb_to_marketpl,SB,0,0.56,44
12/27/2024 3:00,delwebb_to_marketpl,SB,0,0.56,44
12/27/2024 4:00,delwebb_to_marketpl,SB,0.06,0.66,38.4
12/27/2024 5:00,delwebb_to_marketpl,SB,0,0.52,47.9
12/27/2024 6:00,delwebb_to_marketpl,SB,0.01,0.59,42.4
12/27/2024 7:00,delwebb_to_marketpl,SB,0.03,0.61,41
12/27/2024 8:00,delwebb_to_marketpl,SB,0.07,0.67,37.6
12/27/2024 9:00,delwebb_to_marketpl,SB,0.11,0.73,34.8
12/27/2024 10:00,delwebb_to_marketpl,SB,0.2,0.82,31.3
12/27/2024 11:00,delwebb_to_marketpl,SB,0.24,0.86,29.5
12/27/2024 12:00,delwebb_to_marketpl,SB,0.29,0.91,27.8
12/27/2024 13:00,delwebb_to_marketpl,SB,0.27,0.88,28.9
12/27/2024 14:00,delwebb_to_marketpl,SB,0.24,0.83,30.5
12/27/2024 15:00,delwebb_to_marketpl,SB,0.23,0.83,30.5
12/27/2024 16:00,delwebb_to_marketpl,SB,0.25,0.87,29.4
12/27/2024 17:00,delwebb_to_marketpl,SB,0.18,0.8,31.4
12/27/2024 18:00,delwebb_to_marketpl,SB,0.15,0.74,34
12/27/2024 19:00,delwebb_to_marketpl,SB,0.15,0.76,33.2
12/27/2024 20:00,delwebb_to_marketpl,SB,0.15,0.75,33.5
12/27/2024 21:00,delwebb_to_marketpl,SB,0.15,0.73,35.3
12/27/2024 22:00,delwebb_to_marketpl,SB,0.06,0.65,38.4
12/27/2024 23:00,delwebb_to_marketpl,SB,0.01,0.57,43.6
12/28/2024 0:00,delwebb_to_marketpl,SB,0,0.55,45.4
12/28/2024 1:00,delwebb_to_marketpl,SB,0,0.54,46.2
12/28/2024 2:00,delwebb_to_marketpl,SB,0,0.54,46.1
12/28/2024 3:00,delwebb_to_marketpl,SB,0.03,0.6,41.6
12/28/2024 4:00,delwebb_to_marketpl,SB,0.04,0.61,41.4
12/28/2024 5:00,delwebb_to_marketpl,SB,0.04,0.64,39.1
12/28/2024 6:00,delwebb_to_marketpl,SB,0.02,0.61,41.2
12/28/2024 7:00,delwebb_to_marketpl,SB,0.05,0.62,40.5
12/28/2024 8:00,delwebb_to_marketpl,SB,0.08,0.65,39.7
12/28/2024 9:00,delwebb_to_marketpl,SB,0.08,0.68,36.9
12/28/2024 10:00,delwebb_to_marketpl,SB,0.16,0.77,32.7
12/28/2024 11:00,delwebb_to_marketpl,SB,0.24,0.84,30.6
12/28/2024 12:00,delwebb_to_marketpl,SB,0.23,0.82,30.8
12/28/2024 13:00,delwebb_to_marketpl,SB,0.15,0.76,33.3
12/28/2024 14:00,delwebb_to_marketpl,SB,0.15,0.76,33
12/28/2024 15:00,delwebb_to_marketpl,SB,0.14,0.75,33.3
12/28/2024 16:00,delwebb_to_marketpl,SB,0.1,0.68,37.1
12/28/2024 17:00,delwebb_to_marketpl,SB,0.15,0.76,32.7
12/28/2024 18:00,delwebb_to_marketpl,SB,0.07,0.68,37.3
12/28/2024 19:00,delwebb_to_marketpl,SB,0.14,0.75,34
12/28/2024 20:00,delwebb_to_marketpl,SB,0.1,0.71,35.1
12/28/2024 21:00,delwebb_to_marketpl,SB,0.05,0.61,41.4
12/28/2024 22:00,delwebb_to_marketpl,SB,0.01,0.51,49
12/28/2024 23:00,delwebb_to_marketpl,SB,0.01,0.51,49.4
12/29/2024 0:00,delwebb_to_marketpl,SB,0.04,0.62,40.9
12/29/2024 1:00,delwebb_to_marketpl,SB,0.07,0.67,38
12/29/2024 2:00,delwebb_to_marketpl,SB,0,0.51,49.2
12/29/2024 3:00,delwebb_to_marketpl,SB,0,0.57,43.5
12/29/2024 4:00,delwebb_to_marketpl,SB,0.06,0.67,37.6
12/29/2024 5:00,delwebb_to_marketpl,SB,0.23,0.84,29.7
12/29/2024 6:00,delwebb_to_marketpl,SB,0.07,0.67,37.6
12/29/2024 7:00,delwebb_to_marketpl,SB,0.03,0.59,42.5
12/29/2024 8:00,delwebb_to_marketpl,SB,0.08,0.67,37.5
12/29/2024 9:00,delwebb_to_marketpl,SB,0.11,0.71,35.7
12/29/2024 10:00,delwebb_to_marketpl,SB,0.08,0.66,38.4
12/29/2024 11:00,delwebb_to_marketpl,SB,0.17,0.79,32
12/29/2024 12:00,delwebb_to_marketpl,SB,0.17,0.77,32.9
12/29/2024 13:00,delwebb_to_marketpl,SB,0.07,0.67,38.1
12/29/2024 14:00,delwebb_to_marketpl,SB,0.18,0.78,32.5
12/29/2024 15:00,delwebb_to_marketpl,SB,0.21,0.82,30.7
12/29/2024 16:00,delwebb_to_marketpl,SB,0.15,0.76,33.2
12/29/2024 17:00,delwebb_to_marketpl,SB,0.14,0.75,33.9
12/29/2024 18:00,delwebb_to_marketpl,SB,0.08,0.63,40
12/29/2024 19:00,delwebb_to_marketpl,SB,0.09,0.69,36.5
12/29/2024 20:00,delwebb_to_marketpl,SB,0.14,0.76,32.8
12/29/2024 21:00,delwebb_to_marketpl,SB,0.1,0.72,35
12/29/2024 22:00,delwebb_to_marketpl,SB,0.04,0.63,40.2
12/29/2024 23:00,delwebb_to_marketpl,SB,0.02,0.57,43.7
12/30/2024 0:00,delwebb_to_marketpl,SB,0.01,0.61,41
12/30/2024 1:00,delwebb_to_marketpl,SB,0.01,0.58,42.6
12/30/2024 2:00,delwebb_to_marketpl,SB,0,0.56,44
12/30/2024 3:00,delwebb_to_marketpl,SB,0,0.56,44
12/30/2024 4:00,delwebb_to_marketpl,SB,0.08,0.67,38.1
12/30/2024 5:00,delwebb_to_marketpl,SB,0.07,0.63,40.2
12/30/2024 6:00,delwebb_to_marketpl,SB,0.13,0.7,36.6
12/30/2024 7:00,delwebb_to_marketpl,SB,0.14,0.75,33.6
12/30/2024 8:00,delwebb_to_marketpl,SB,0.07,0.65,38.3
12/30/2024 9:00,delwebb_to_marketpl,SB,0.11,0.72,35.2
12/30/2024 10:00,delwebb_to_marketpl,SB,0.32,0.94,27.3
12/30/2024 11:00,delwebb_to_marketpl,SB,0.23,0.85,29.7
12/30/2024 12:00,delwebb_to_marketpl,SB,0.23,0.84,30.4
12/30/2024 13:00,delwebb_to_marketpl,SB,0.25,0.86,29.6
12/30/2024 14:00,delwebb_to_marketpl,SB,0.29,0.88,28.5
12/30/2024 15:00,delwebb_to_marketpl,SB,0.15,0.73,34.9
12/30/2024 16:00,delwebb_to_marketpl,SB,0.21,0.81,31.9
12/30/2024 17:00,delwebb_to_marketpl,SB,0.22,0.83,30.3
12/30/2024 18:00,delwebb_to_marketpl,SB,0.21,0.82,31.2
12/30/2024 19:00,delwebb_to_marketpl,SB,0.19,0.77,33.3
12/30/2024 20:00,delwebb_to_marketpl,SB,0.16,0.77,32.5
12/30/2024 21:00,delwebb_to_marketpl,SB,0.03,0.57,43.6
12/30/2024 22:00,delwebb_to_marketpl,SB,0.05,0.63,40.1
12/30/2024 23:00,delwebb_to_marketpl,SB,0.05,0.63,40.1
12/31/2024 0:00,delwebb_to_marketpl,SB,0,0.57,43.8
12/31/2024 1:00,delwebb_to_marketpl,SB,0,0.56,44
12/31/2024 2:00,delwebb_to_marketpl,SB,0,0.56,44
12/31/2024 3:00,delwebb_to_marketpl,SB,0.05,0.64,39.2
12/31/2024 4:00,delwebb_to_marketpl,SB,0,0.56,44
12/31/2024 5:00,delwebb_to_marketpl,SB,0.08,0.64,40.3
12/31/2024 6:00,delwebb_to_marketpl,SB,0.02,0.58,43.3
12/31/2024 7:00,delwebb_to_marketpl,SB,0.04,0.62,40.3
12/31/2024 8:00,delwebb_to_marketpl,SB,0.14,0.75,33.6
12/31/2024 9:00,delwebb_to_marketpl,SB,0.18,0.79,32
12/31/2024 10:00,delwebb_to_marketpl,SB,0.2,0.81,31.5
12/31/2024 11:00,delwebb_to_marketpl,SB,0.17,0.78,32.1
12/31/2024 12:00,delwebb_to_marketpl,SB,0.27,0.89,28.4
12/31/2024 13:00,delwebb_to_marketpl,SB,0.26,0.87,28.7
12/31/2024 14:00,delwebb_to_marketpl,SB,0.2,0.81,30.7
12/31/2024 15:00,delwebb_to_marketpl,SB,0.25,0.87,28.8
12/31/2024 16:00,delwebb_to_marketpl,SB,0.16,0.76,33.4
12/31/2024 17:00,delwebb_to_marketpl,SB,0.26,0.86,29.6
12/31/2024 18:00,delwebb_to_marketpl,SB,0.24,0.85,30.4
12/31/2024 19:00,delwebb_to_marketpl,SB,0.16,0.76,33.1
12/31/2024 20:00,delwebb_to_marketpl,SB,0.06,0.67,37.5
12/31/2024 21:00,delwebb_to_marketpl,SB,0.03,0.62,40.8
12/31/2024 22:00,delwebb_to_marketpl,SB,0.06,0.63,41
12/31/2024 23:00,delwebb_to_marketpl,SB,0.02,0.55,45.7
1/1/2025 0:00,delwebb_to_marketpl,SB,0.01,0.55,45.4
1/1/2025 1:00,delwebb_to_marketpl,SB,0.01,0.59,42.1
1/1/2025 2:00,delwebb_to_marketpl,SB,0.01,0.54,46.4
1/1/2025 3:00,delwebb_to_marketpl,SB,0.06,0.6,42.4
1/1/2025 4:00,delwebb_to_marketpl,SB,0.03,0.62,40.5
1/1/2025 5:00,delwebb_to_marketpl,SB,0.01,0.57,43.9
1/1/2025 6:00,delwebb_to_marketpl,SB,0.04,0.62,40.4
1/1/2025 7:00,delwebb_to_marketpl,SB,0.06,0.64,39.5
1/1/2025 8:00,delwebb_to_marketpl,SB,0.06,0.65,39.2
1/1/2025 9:00,delwebb_to_marketpl,SB,0.04,0.61,41.3
1/1/2025 10:00,delwebb_to_marketpl,SB,0.05,0.63,39.7
1/1/2025 11:00,delwebb_to_marketpl,SB,0.31,0.91,27.9
1/1/2025 12:00,delwebb_to_marketpl,SB,0.14,0.76,33.3
1/1/2025 13:00,delwebb_to_marketpl,SB,0.17,0.78,32
1/1/2025 14:00,delwebb_to_marketpl,SB,0.24,0.84,30.5
1/1/2025 15:00,delwebb_to_marketpl,SB,0.11,0.72,34.8
1/1/2025 16:00,delwebb_to_marketpl,SB,0.16,0.73,35.2
1/1/2025 17:00,delwebb_to_marketpl,SB,0.06,0.66,37.6
1/1/2025 18:00,delwebb_to_marketpl,SB,0.07,0.64,39.5
1/1/2025 19:00,delwebb_to_marketpl,SB,0.16,0.78,33.3
1/1/2025 20:00,delwebb_to_marketpl,SB,0.05,0.65,38.6
1/1/2025 21:00,delwebb_to_marketpl,SB,0.04,0.64,39.2
1/1/2025 22:00,delwebb_to_marketpl,SB,0,0.58,43
1/1/2025 23:00,delwebb_to_marketpl,SB,0.01,0.55,45.6
1/2/2025 0:00,delwebb_to_marketpl,SB,0,0.55,44.9
1/2/2025 1:00,delwebb_to_marketpl,SB,0.01,0.6,41.7
1/2/2025 2:00,delwebb_to_marketpl,SB,0,0.56,44
1/2/2025 3:00,delwebb_to_marketpl,SB,0,0.56,44
1/2/2025 4:00,delwebb_to_marketpl,SB,0.04,0.64,39.1
1/2/2025 5:00,delwebb_to_marketpl,SB,0.05,0.6,42.9
1/2/2025 6:00,delwebb_to_marketpl,SB,0,0.57,43.5
1/2/2025 7:00,delwebb_to_marketpl,SB,0.03,0.63,39.9
1/2/2025 8:00,delwebb_to_marketpl,SB,0.17,0.77,32.6
1/2/2025 9:00,delwebb_to_marketpl,SB,0.13,0.74,34.6
1/2/2025 10:00,delwebb_to_marketpl,SB,0.19,0.81,31.1
1/2/2025 11:00,delwebb_to_marketpl,SB,0.22,0.83,30
1/2/2025 12:00,delwebb_to_marketpl,SB,0.23,0.84,30
1/2/2025 13:00,delwebb_to_marketpl,SB,0.2,0.81,31
1/2/2025 14:00,delwebb_to_marketpl,SB,0.21,0.8,31.4
1/2/2025 15:00,delwebb_to_marketpl,SB,0.23,0.84,30
1/2/2025 16:00,delwebb_to_marketpl,SB,0.24,0.85,29.9
1/2/2025 17:00,delwebb_to_marketpl,SB,0.16,0.75,33.5
1/2/2025 18:00,delwebb_to_marketpl,SB,0.21,0.81,31.4
1/2/2025 19:00,delwebb_to_marketpl,SB,0.11,0.68,37
1/2/2025 20:00,delwebb_to_marketpl,SB,0.1,0.71,35
1/2/2025 21:00,delwebb_to_marketpl,SB,0.11,0.72,35.6
1/2/2025 22:00,delwebb_to_marketpl,SB,0.03,0.64,38.9
1/2/2025 23:00,delwebb_to_marketpl,SB,0,0.57,43.5
1/3/2025 0:00,delwebb_to_marketpl,SB,0,0.56,44.5
1/3/2025 1:00,delwebb_to_marketpl,SB,0.02,0.61,40.7
1/3/2025 2:00,delwebb_to_marketpl,SB,0,0.56,44
1/3/2025 3:00,delwebb_to_marketpl,SB,0,0.57,43.7
1/3/2025 4:00,delwebb_to_marketpl,SB,0.03,0.6,41.5
1/3/2025 5:00,delwebb_to_marketpl,SB,0.01,0.59,42.5
1/3/2025 6:00,delwebb_to_marketpl,SB,0.04,0.62,40.2
1/3/2025 7:00,delwebb_to_marketpl,SB,0.09,0.7,35.8
1/3/2025 8:00,delwebb_to_marketpl,SB,0.05,0.62,40.4
1/3/2025 9:00,delwebb_to_marketpl,SB,0.11,0.7,35.5
1/3/2025 10:00,delwebb_to_marketpl,SB,0.2,0.81,31.1
1/3/2025 11:00,delwebb_to_marketpl,SB,0.17,0.79,31.7
1/3/2025 12:00,delwebb_to_marketpl,SB,0.28,0.9,28.1
1/3/2025 13:00,delwebb_to_marketpl,SB,0.27,0.88,28.8
1/3/2025 14:00,delwebb_to_marketpl,SB,0.25,0.86,29.3
1/3/2025 15:00,delwebb_to_marketpl,SB,0.26,0.87,29.5
1/3/2025 16:00,delwebb_to_marketpl,SB,0.19,0.79,31.7
1/3/2025 17:00,delwebb_to_marketpl,SB,0.15,0.76,33
1/3/2025 18:00,delwebb_to_marketpl,SB,0.11,0.7,35.6
1/3/2025 19:00,delwebb_to_marketpl,SB,0.07,0.66,37.6
1/3/2025 20:00,delwebb_to_marketpl,SB,0.1,0.7,35.8
1/3/2025 21:00,delwebb_to_marketpl,SB,0.06,0.65,38.3
1/3/2025 22:00,delwebb_to_marketpl,SB,0.13,0.73,34.9
1/3/2025 23:00,delwebb_to_marketpl,SB,0.04,0.65,38.6
1/4/2025 0:00,delwebb_to_marketpl,SB,0,0.56,44
1/4/2025 1:00,delwebb_to_marketpl,SB,0,0.56,44
1/4/2025 2:00,delwebb_to_marketpl,SB,0,0.52,47.6
1/4/2025 3:00,delwebb_to_marketpl,SB,0,0.57,43.3
1/4/2025 4:00,delwebb_to_marketpl,SB,0,0.56,44.5
1/4/2025 5:00,delwebb_to_marketpl,SB,0,0.56,44.5
1/4/2025 6:00,delwebb_to_marketpl,SB,0.04,0.63,40
1/4/2025 7:00,delwebb_to_marketpl,SB,0.03,0.61,40.9
1/4/2025 8:00,delwebb_to_marketpl,SB,0.05,0.62,40.1
1/4/2025 9:00,delwebb_to_marketpl,SB,0.08,0.67,37.7
1/4/2025 10:00,delwebb_to_marketpl,SB,0.14,0.76,33
1/4/2025 11:00,delwebb_to_marketpl,SB,0.16,0.76,32.8
1/4/2025 12:00,delwebb_to_marketpl,SB,0.17,0.78,31.8
1/4/2025 13:00,delwebb_to_marketpl,SB,0.22,0.82,30.7
1/4/2025 14:00,delwebb_to_marketpl,SB,0.1,0.7,35.8
1/4/2025 15:00,delwebb_to_marketpl,SB,0.28,0.9,28.3
1/4/2025 16:00,delwebb_to_marketpl,SB,0.24,0.84,30.4
1/4/2025 17:00,delwebb_to_marketpl,SB,0.18,0.78,32.6
1/4/2025 18:00,delwebb_to_marketpl,SB,0.16,0.77,32.7
1/4/2025 19:00,delwebb_to_marketpl,SB,0.07,0.66,38.3
1/4/2025 20:00,delwebb_to_marketpl,SB,0.03,0.58,42.7
1/4/2025 21:00,delwebb_to_marketpl,SB,0.04,0.62,39.8
1/4/2025 22:00,delwebb_to_marketpl,SB,0.07,0.64,39.2
1/4/2025 23:00,delwebb_to_marketpl,SB,0.01,0.58,43.7
1/5/2025 0:00,delwebb_to_marketpl,SB,0,0.54,46.7
1/5/2025 1:00,delwebb_to_marketpl,SB,0,0.52,48.6
1/5/2025 2:00,delwebb_to_marketpl,SB,0,0.56,44
1/5/2025 3:00,delwebb_to_marketpl,SB,0,0.56,44
1/5/2025 4:00,delwebb_to_marketpl,SB,0,0.56,44
1/5/2025 5:00,delwebb_to_marketpl,SB,0,0.52,47.6
1/5/2025 6:00,delwebb_to_marketpl,SB,0.07,0.67,37.5
1/5/2025 7:00,delwebb_to_marketpl,SB,0.03,0.64,39.2
1/5/2025 8:00,delwebb_to_marketpl,SB,0.02,0.58,42.8
1/5/2025 9:00,delwebb_to_marketpl,SB,0.15,0.74,35.2
1/5/2025 10:00,delwebb_to_marketpl,SB,0.1,0.72,34.8
1/5/2025 11:00,delwebb_to_marketpl,SB,0.09,0.64,39.8
1/5/2025 12:00,delwebb_to_marketpl,SB,0.17,0.77,32.3
1/5/2025 13:00,delwebb_to_marketpl,SB,0.13,0.73,34.5
1/5/2025 14:00,delwebb_to_marketpl,SB,0.09,0.67,37.4
1/5/2025 15:00,delwebb_to_marketpl,SB,0.11,0.71,35.7
1/5/2025 16:00,delwebb_to_marketpl,SB,0.24,0.84,29.8
1/5/2025 17:00,delwebb_to_marketpl,SB,0.05,0.62,40.5
1/5/2025 18:00,delwebb_to_marketpl,SB,0.08,0.7,35.9
1/5/2025 19:00,delwebb_to_marketpl,SB,0.13,0.71,35.6
1/5/2025 20:00,delwebb_to_marketpl,SB,0.07,0.67,37
1/5/2025 21:00,delwebb_to_marketpl,SB,0.04,0.6,41.4
1/5/2025 22:00,delwebb_to_marketpl,SB,0,0.55,45.5
1/5/2025 23:00,delwebb_to_marketpl,SB,0,0.56,44
1/6/2025 0:00,delwebb_to_marketpl,SB,0,0.56,44
1/6/2025 1:00,delwebb_to_marketpl,SB,0.02,0.59,42.6
1/6/2025 2:00,delwebb_to_marketpl,SB,0.02,0.61,41.3
1/6/2025 3:00,delwebb_to_marketpl,SB,0.04,0.61,41.6
1/6/2025 4:00,delwebb_to_marketpl,SB,0.03,0.63,39.6
1/6/2025 5:00,delwebb_to_marketpl,SB,0.04,0.57,45.7
1/6/2025 6:00,delwebb_to_marketpl,SB,0.06,0.6,43.2
1/6/2025 7:00,delwebb_to_marketpl,SB,0.06,0.65,38.3
1/6/2025 8:00,delwebb_to_marketpl,SB,0.1,0.71,35.4
1/6/2025 9:00,delwebb_to_marketpl,SB,0.16,0.77,33.7
1/6/2025 10:00,delwebb_to_marketpl,SB,0.18,0.79,31.8
1/6/2025 11:00,delwebb_to_marketpl,SB,0.22,0.83,30.3
1/6/2025 12:00,delwebb_to_marketpl,SB,0.22,0.83,30
1/6/2025 13:00,delwebb_to_marketpl,SB,0.18,0.8,31.5
1/6/2025 14:00,delwebb_to_marketpl,SB,0.22,0.83,30.1
1/6/2025 15:00,delwebb_to_marketpl,SB,0.17,0.77,32.4
1/6/2025 16:00,delwebb_to_marketpl,SB,0.23,0.84,30.4
1/6/2025 17:00,delwebb_to_marketpl,SB,0.27,0.88,29.5
1/6/2025 18:00,delwebb_to_marketpl,SB,0.2,0.81,31.3
1/6/2025 19:00,delwebb_to_marketpl,SB,0.09,0.69,36.4
1/6/2025 20:00,delwebb_to_marketpl,SB,0.02,0.58,43.6
1/6/2025 21:00,delwebb_to_marketpl,SB,0.02,0.58,42.6
1/6/2025 22:00,delwebb_to_marketpl,SB,0.04,0.63,40.2
1/6/2025 23:00,delwebb_to_marketpl,SB,0,0.52,47.8
1/7/2025 0:00,delwebb_to_marketpl,SB,0,0.54,46.4
1/7/2025 1:00,delwebb_to_marketpl,SB,0,0.56,44
1/7/2025 2:00,delwebb_to_marketpl,SB,0,0.56,44
1/7/2025 3:00,delwebb_to_marketpl,SB,0,0.56,44
1/7/2025 4:00,delwebb_to_marketpl,SB,0,0.57,43.3
1/7/2025 5:00,delwebb_to_marketpl,SB,0.18,0.79,32.8
1/7/2025 6:00,delwebb_to_marketpl,SB,0.01,0.57,43.5
1/7/2025 7:00,delwebb_to_marketpl,SB,0.03,0.59,42.7
1/7/2025 8:00,delwebb_to_marketpl,SB,0.08,0.67,37.2
1/7/2025 9:00,delwebb_to_marketpl,SB,0.17,0.76,33.4
1/7/2025 10:00,delwebb_to_marketpl,SB,0.17,0.77,33.1
1/7/2025 11:00,delwebb_to_marketpl,SB,0.34,0.95,26.5
1/7/2025 12:00,delwebb_to_marketpl,SB,0.23,0.84,29.8
1/7/2025 13:00,delwebb_to_marketpl,SB,0.26,0.88,28.6
1/7/2025 14:00,delwebb_to_marketpl,SB,0.34,0.96,26.2
1/7/2025 15:00,delwebb_to_marketpl,SB,0.18,0.78,32.4
1/7/2025 16:00,delwebb_to_marketpl,SB,0.16,0.76,33.2
1/7/2025 17:00,delwebb_to_marketpl,SB,0.15,0.75,33.7
1/7/2025 18:00,delwebb_to_marketpl,SB,0.1,0.72,35.2
1/7/2025 19:00,delwebb_to_marketpl,SB,0.01,0.59,42.2
1/7/2025 20:00,delwebb_to_marketpl,SB,0,0.55,45.5
1/7/2025 21:00,delwebb_to_marketpl,SB,0.01,0.53,47.1
1/7/2025 22:00,delwebb_to_marketpl,SB,0.02,0.58,42.9
1/7/2025 23:00,delwebb_to_marketpl,SB,0,0.55,45.5
1/8/2025 0:00,delwebb_to_marketpl,SB,0,0.55,45
1/8/2025 1:00,delwebb_to_marketpl,SB,0,0.57,44
1/8/2025 2:00,delwebb_to_marketpl,SB,0,0.57,43.9
1/8/2025 3:00,delwebb_to_marketpl,SB,0,0.57,43.5
1/8/2025 4:00,delwebb_to_marketpl,SB,0.02,0.6,41.8
1/8/2025 5:00,delwebb_to_marketpl,SB,0.06,0.67,37.6
1/8/2025 6:00,delwebb_to_marketpl,SB,0.05,0.6,42.3
1/8/2025 7:00,delwebb_to_marketpl,SB,0.04,0.62,40.9
1/8/2025 8:00,delwebb_to_marketpl,SB,0.07,0.68,36.8
1/8/2025 9:00,delwebb_to_marketpl,SB,0.08,0.69,36.5
1/8/2025 10:00,delwebb_to_marketpl,SB,0.14,0.75,33.5
1/8/2025 11:00,delwebb_to_marketpl,SB,0.16,0.76,33.5
1/8/2025 12:00,delwebb_to_marketpl,SB,0.24,0.86,29.1
1/8/2025 13:00,delwebb_to_marketpl,SB,0.23,0.84,30.1
1/8/2025 14:00,delwebb_to_marketpl,SB,0.3,0.92,27.3
1/8/2025 15:00,delwebb_to_marketpl,SB,0.18,0.77,33.1
1/8/2025 16:00,delwebb_to_marketpl,SB,0.1,0.72,34.9
1/8/2025 17:00,delwebb_to_marketpl,SB,0.13,0.73,34.4
1/8/2025 18:00,delwebb_to_marketpl,SB,0.14,0.74,34.2
1/8/2025 19:00,delwebb_to_marketpl,SB,0.06,0.65,38.6
1/8/2025 20:00,delwebb_to_marketpl,SB,0.14,0.77,32.7
1/8/2025 21:00,delwebb_to_marketpl,SB,0.14,0.75,33.8
1/8/2025 22:00,delwebb_to_marketpl,SB,0.03,0.63,39.8
1/8/2025 23:00,delwebb_to_marketpl,SB,0.01,0.57,43.4
1/9/2025 0:00,delwebb_to_marketpl,SB,0.02,0.58,42.8
1/9/2025 1:00,delwebb_to_marketpl,SB,0,0.51,49.7
1/9/2025 2:00,delwebb_to_marketpl,SB,0,0.56,44.5
1/9/2025 3:00,delwebb_to_marketpl,SB,0.04,0.62,41.2
1/9/2025 4:00,delwebb_to_marketpl,SB,0.07,0.64,40
1/9/2025 5:00,delwebb_to_marketpl,SB,0.07,0.65,39.4
1/9/2025 6:00,delwebb_to_marketpl,SB,0.04,0.63,39.9
1/9/2025 7:00,delwebb_to_marketpl,SB,0.04,0.61,40.7
1/9/2025 8:00,delwebb_to_marketpl,SB,0.05,0.65,38.7
1/9/2025 9:00,delwebb_to_marketpl,SB,0.12,0.72,34.8
1/9/2025 10:00,delwebb_to_marketpl,SB,0.21,0.83,30.2
1/9/2025 11:00,delwebb_to_marketpl,SB,0.3,0.91,28.1
1/9/2025 12:00,delwebb_to_marketpl,SB,0.37,0.98,25.5
1/9/2025 13:00,delwebb_to_marketpl,SB,0.25,0.87,29.2
1/9/2025 14:00,delwebb_to_marketpl,SB,0.27,0.89,28.2
1/9/2025 15:00,delwebb_to_marketpl,SB,0.22,0.83,30
1/9/2025 16:00,delwebb_to_marketpl,SB,0.13,0.72,34.8
1/9/2025 17:00,delwebb_to_marketpl,SB,0.16,0.77,32.3
1/9/2025 18:00,delwebb_to_marketpl,SB,0.11,0.72,35.3
1/9/2025 19:00,delwebb_to_marketpl,SB,0.19,0.8,31.4
1/9/2025 20:00,delwebb_to_marketpl,SB,0.08,0.68,37.4
1/9/2025 21:00,delwebb_to_marketpl,SB,0.01,0.59,42.2
1/9/2025 22:00,delwebb_to_marketpl,SB,0.01,0.57,43.7
1/9/2025 23:00,delwebb_to_marketpl,SB,0,0.56,44.4
1/10/2025 0:00,delwebb_to_marketpl,SB,0,0.54,46.2
1/10/2025 1:00,delwebb_to_marketpl,SB,0,0.54,46
1/10/2025 2:00,delwebb_to_marketpl,SB,0,0.56,44
1/10/2025 3:00,delwebb_to_marketpl,SB,0,0.56,44
1/10/2025 4:00,delwebb_to_marketpl,SB,0.01,0.58,43.4
1/10/2025 5:00,delwebb_to_marketpl,SB,0.1,0.71,35.4
1/10/2025 6:00,delwebb_to_marketpl,SB,0.03,0.59,42.6
1/10/2025 7:00,delwebb_to_marketpl,SB,0.1,0.7,36.2
1/10/2025 8:00,delwebb_to_marketpl,SB,0.16,0.77,32.6
1/10/2025 9:00,delwebb_to_marketpl,SB,0.14,0.76,33.5
1/10/2025 10:00,delwebb_to_marketpl,SB,0.25,0.87,29.4
1/10/2025 11:00,delwebb_to_marketpl,SB,0.2,0.81,31.1
1/10/2025 12:00,delwebb_to_marketpl,SB,0.26,0.87,29.2
1/10/2025 13:00,delwebb_to_marketpl,SB,0.26,0.87,29.1
1/10/2025 14:00,delwebb_to_marketpl,SB,0.29,0.89,28.5
1/10/2025 15:00,delwebb_to_marketpl,SB,0.2,0.8,31.4
1/10/2025 16:00,delwebb_to_marketpl,SB,0.17,0.79,31.7
1/10/2025 17:00,delwebb_to_marketpl,SB,0.24,0.85,29.5
1/10/2025 18:00,delwebb_to_marketpl,SB,0.12,0.72,34.6
1/10/2025 19:00,delwebb_to_marketpl,SB,0.11,0.68,36.9
1/10/2025 20:00,delwebb_to_marketpl,SB,0.15,0.74,34
1/10/2025 21:00,delwebb_to_marketpl,SB,0.12,0.73,34.6
1/10/2025 22:00,delwebb_to_marketpl,SB,0.01,0.6,41.7
1/10/2025 23:00,delwebb_to_marketpl,SB,0.03,0.61,41
1/11/2025 0:00,delwebb_to_marketpl,SB,0,0.54,46.7
1/11/2025 1:00,delwebb_to_marketpl,SB,0,0.54,46.7
1/11/2025 2:00,delwebb_to_marketpl,SB,0.01,0.6,41.8
1/11/2025 3:00,delwebb_to_marketpl,SB,0,0.56,44
1/11/2025 4:00,delwebb_to_marketpl,SB,0,0.57,43.5
1/11/2025 5:00,delwebb_to_marketpl,SB,0,0.52,48.7
1/11/2025 6:00,delwebb_to_marketpl,SB,0,0.57,43.8
1/11/2025 7:00,delwebb_to_marketpl,SB,0.04,0.64,39.3
1/11/2025 8:00,delwebb_to_marketpl,SB,0.1,0.69,36.2
1/11/2025 9:00,delwebb_to_marketpl,SB,0.02,0.6,41.7
1/11/2025 10:00,delwebb_to_marketpl,SB,0.12,0.71,35.9
1/11/2025 11:00,delwebb_to_marketpl,SB,0.22,0.84,30.1
1/11/2025 12:00,delwebb_to_marketpl,SB,0.18,0.78,32.9
1/11/2025 13:00,delwebb_to_marketpl,SB,0.11,0.72,34.6
1/11/2025 14:00,delwebb_to_marketpl,SB,0.15,0.75,34.3
1/11/2025 15:00,delwebb_to_marketpl,SB,0.14,0.75,33.7
1/11/2025 16:00,delwebb_to_marketpl,SB,0.18,0.79,32.4
1/11/2025 17:00,delwebb_to_marketpl,SB,0.13,0.72,34.9
1/11/2025 18:00,delwebb_to_marketpl,SB,0.12,0.73,34
1/11/2025 19:00,delwebb_to_marketpl,SB,0.11,0.72,35.1
1/11/2025 20:00,delwebb_to_marketpl,SB,0.03,0.62,40.7
1/11/2025 21:00,delwebb_to_marketpl,SB,0.04,0.6,41.8
1/11/2025 22:00,delwebb_to_marketpl,SB,0.01,0.58,43.5
1/11/2025 23:00,delwebb_to_marketpl,SB,0.01,0.6,41.7
1/12/2025 0:00,delwebb_to_marketpl,SB,0,0.57,43.5
1/12/2025 1:00,delwebb_to_marketpl,SB,0,0.59,42
1/12/2025 2:00,delwebb_to_marketpl,SB,0,0.56,44
1/12/2025 3:00,delwebb_to_marketpl,SB,0,0.56,44
1/12/2025 4:00,delwebb_to_marketpl,SB,0.01,0.6,41.9
1/12/2025 5:00,delwebb_to_marketpl,SB,0,0.54,46.2
1/12/2025 6:00,delwebb_to_marketpl,SB,0.03,0.61,41.4
1/12/2025 7:00,delwebb_to_marketpl,SB,0.05,0.64,39.4
1/12/2025 8:00,delwebb_to_marketpl,SB,0.12,0.72,35.2
1/12/2025 9:00,delwebb_to_marketpl,SB,0.13,0.73,34.2
1/12/2025 10:00,delwebb_to_marketpl,SB,0.05,0.66,38.1
1/12/2025 11:00,delwebb_to_marketpl,SB,0.09,0.68,37.4
1/12/2025 12:00,delwebb_to_marketpl,SB,0.07,0.67,37.2
1/12/2025 13:00,delwebb_to_marketpl,SB,0.2,0.8,32
1/12/2025 14:00,delwebb_to_marketpl,SB,0.14,0.74,33.9
1/12/2025 15:00,delwebb_to_marketpl,SB,0.11,0.69,36.8
1/12/2025 16:00,delwebb_to_marketpl,SB,0.22,0.83,30.4
1/12/2025 17:00,delwebb_to_marketpl,SB,0.22,0.83,30.7
1/12/2025 18:00,delwebb_to_marketpl,SB,0.14,0.72,34.6
1/12/2025 19:00,delwebb_to_marketpl,SB,0.08,0.68,36.7
1/12/2025 20:00,delwebb_to_marketpl,SB,0.13,0.71,35.4
1/12/2025 21:00,delwebb_to_marketpl,SB,0.07,0.65,39.1
1/12/2025 22:00,delwebb_to_marketpl,SB,0.13,0.72,35.3
1/12/2025 23:00,delwebb_to_marketpl,SB,0,0.6,41.7
1/13/2025 0:00,delwebb_to_marketpl,SB,0.01,0.58,43.2
1/13/2025 1:00,delwebb_to_marketpl,SB,0,0.56,44
1/13/2025 2:00,delwebb_to_marketpl,SB,0,0.56,44
1/13/2025 3:00,delwebb_to_marketpl,SB,0,0.56,44.5
1/13/2025 4:00,delwebb_to_marketpl,SB,0.01,0.55,45.7
1/13/2025 5:00,delwebb_to_marketpl,SB,0.07,0.68,37.2
1/13/2025 6:00,delwebb_to_marketpl,SB,0.02,0.56,44.4
1/13/2025 7:00,delwebb_to_marketpl,SB,0.08,0.68,36.6
1/13/2025 8:00,delwebb_to_marketpl,SB,0.08,0.68,37
1/13/2025 9:00,delwebb_to_marketpl,SB,0.15,0.75,33.7
1/13/2025 10:00,delwebb_to_marketpl,SB,0.28,0.89,28.9
1/13/2025 11:00,delwebb_to_marketpl,SB,0.3,0.91,27.8
1/13/2025 12:00,delwebb_to_marketpl,SB,0.19,0.81,30.8
1/13/2025 13:00,delwebb_to_marketpl,SB,0.22,0.83,30.2
1/13/2025 14:00,delwebb_to_marketpl,SB,0.2,0.8,31.4
1/13/2025 15:00,delwebb_to_marketpl,SB,0.19,0.8,31.4
1/13/2025 16:00,delwebb_to_marketpl,SB,0.26,0.86,29.1
1/13/2025 17:00,delwebb_to_marketpl,SB,0.19,0.8,31.4
1/13/2025 18:00,delwebb_to_marketpl,SB,0.14,0.76,33.2
1/13/2025 19:00,delwebb_to_marketpl,SB,0.09,0.7,35.8
1/13/2025 20:00,delwebb_to_marketpl,SB,0.01,0.59,42.1
1/13/2025 21:00,delwebb_to_marketpl,SB,0,0.54,45.9
1/13/2025 22:00,delwebb_to_marketpl,SB,0.03,0.58,44
1/13/2025 23:00,delwebb_to_marketpl,SB,0,0.56,44.4
1/14/2025 0:00,delwebb_to_marketpl,SB,0,0.53,47.1
1/14/2025 1:00,delwebb_to_marketpl,SB,0,0.56,44.3
1/14/2025 2:00,delwebb_to_marketpl,SB,0,0.56,44
1/14/2025 3:00,delwebb_to_marketpl,SB,0,0.56,44
1/14/2025 4:00,delwebb_to_marketpl,SB,0.01,0.59,42.5
1/14/2025 5:00,delwebb_to_marketpl,SB,0,0.57,43.9
1/14/2025 6:00,delwebb_to_marketpl,SB,0.03,0.59,42.6
1/14/2025 7:00,delwebb_to_marketpl,SB,0.07,0.65,38.6
1/14/2025 8:00,delwebb_to_marketpl,SB,0.15,0.72,35.4
1/14/2025 9:00,delwebb_to_marketpl,SB,0.12,0.71,35.7
1/14/2025 10:00,delwebb_to_marketpl,SB,0.22,0.84,29.7
1/14/2025 11:00,delwebb_to_marketpl,SB,0.2,0.82,30.4
1/14/2025 12:00,delwebb_to_marketpl,SB,0.3,0.92,27.7
1/14/2025 13:00,delwebb_to_marketpl,SB,0.2,0.81,31.1
1/14/2025 14:00,delwebb_to_marketpl,SB,0.24,0.85,29.4
1/14/2025 15:00,delwebb_to_marketpl,SB,0.34,0.95,26.4
1/14/2025 16:00,delwebb_to_marketpl,SB,0.17,0.77,32.3
1/14/2025 17:00,delwebb_to_marketpl,SB,0.36,0.97,26.4
1/14/2025 18:00,delwebb_to_marketpl,SB,0.17,0.78,32.1
1/14/2025 19:00,delwebb_to_marketpl,SB,0.06,0.64,39.1
1/14/2025 20:00,delwebb_to_marketpl,SB,0.06,0.65,38.7
1/14/2025 21:00,delwebb_to_marketpl,SB,0.05,0.63,39.8
1/14/2025 22:00,delwebb_to_marketpl,SB,0.18,0.79,32.3
1/14/2025 23:00,delwebb_to_marketpl,SB,0.05,0.62,40.8
1/15/2025 0:00,delwebb_to_marketpl,SB,0,0.56,44
1/15/2025 1:00,delwebb_to_marketpl,SB,0,0.56,44
1/15/2025 2:00,delwebb_to_marketpl,SB,0.13,0.73,35.5
1/15/2025 3:00,delwebb_to_marketpl,SB,0,0.58,43.1
1/15/2025 4:00,delwebb_to_marketpl,SB,0.01,0.51,49.2
1/15/2025 5:00,delwebb_to_marketpl,SB,0,0.58,43.3
1/15/2025 6:00,delwebb_to_marketpl,SB,0.04,0.61,40.7
1/15/2025 7:00,delwebb_to_marketpl,SB,0.06,0.65,38.9
1/15/2025 8:00,delwebb_to_marketpl,SB,0.11,0.69,36.4
1/15/2025 9:00,delwebb_to_marketpl,SB,0.08,0.67,37.3
1/15/2025 10:00,delwebb_to_marketpl,SB,0.17,0.78,31.9
1/15/2025 11:00,delwebb_to_marketpl,SB,0.16,0.76,32.8
1/15/2025 12:00,delwebb_to_marketpl,SB,0.33,0.95,26.7
1/15/2025 13:00,delwebb_to_marketpl,SB,0.15,0.74,33.8
1/15/2025 14:00,delwebb_to_marketpl,SB,0.22,0.83,30.1
1/15/2025 15:00,delwebb_to_marketpl,SB,0.26,0.88,28.6
1/15/2025 16:00,delwebb_to_marketpl,SB,0.22,0.82,30.8
1/15/2025 17:00,delwebb_to_marketpl,SB,0.27,0.89,28.4
1/15/2025 18:00,delwebb_to_marketpl,SB,0.19,0.81,31.2
1/15/2025 19:00,delwebb_to_marketpl,SB,0.08,0.64,38.8
1/15/2025 20:00,delwebb_to_marketpl,SB,0.05,0.62,40.2
1/15/2025 21:00,delwebb_to_marketpl,SB,0.11,0.7,36.2
1/15/2025 22:00,delwebb_to_marketpl,SB,0.11,0.72,35.4
1/15/2025 23:00,delwebb_to_marketpl,SB,0.08,0.65,38.8
1/16/2025 0:00,delwebb_to_marketpl,SB,0.01,0.58,43.2
1/16/2025 1:00,delwebb_to_marketpl,SB,0,0.57,43.7
1/16/2025 2:00,delwebb_to_marketpl,SB,0,0.56,44
1/16/2025 3:00,delwebb_to_marketpl,SB,0,0.56,44
1/16/2025 4:00,delwebb_to_marketpl,SB,0.13,0.72,36.3
1/16/2025 5:00,delwebb_to_marketpl,SB,0,0.55,45.4
1/16/2025 6:00,delwebb_to_marketpl,SB,0.02,0.57,43.8
1/16/2025 7:00,delwebb_to_marketpl,SB,0.02,0.6,42.1
1/16/2025 8:00,delwebb_to_marketpl,SB,0.08,0.68,36.9
1/16/2025 9:00,delwebb_to_marketpl,SB,0.08,0.67,37.1
1/16/2025 10:00,delwebb_to_marketpl,SB,0.15,0.75,33.3
1/16/2025 11:00,delwebb_to_marketpl,SB,0.28,0.9,28.3
1/16/2025 12:00,delwebb_to_marketpl,SB,0.29,0.91,27.9
1/16/2025 13:00,delwebb_to_marketpl,SB,0.23,0.84,30.4
1/16/2025 14:00,delwebb_to_marketpl,SB,0.17,0.78,32.5
1/16/2025 15:00,delwebb_to_marketpl,SB,0.22,0.83,30.8
1/16/2025 16:00,delwebb_to_marketpl,SB,0.23,0.82,30.8
1/16/2025 17:00,delwebb_to_marketpl,SB,0.22,0.81,30.9
1/16/2025 18:00,delwebb_to_marketpl,SB,0.1,0.71,35.8
1/16/2025 19:00,delwebb_to_marketpl,SB,0.19,0.8,31.8
1/16/2025 20:00,delwebb_to_marketpl,SB,0.04,0.65,38.5
1/16/2025 21:00,delwebb_to_marketpl,SB,0.05,0.66,37.8
1/16/2025 22:00,delwebb_to_marketpl,SB,0.04,0.62,40.5
1/16/2025 23:00,delwebb_to_marketpl,SB,0.06,0.64,39.1
1/17/2025 0:00,delwebb_to_marketpl,SB,0,0.54,46.4
1/17/2025 1:00,delwebb_to_marketpl,SB,0,0.56,44.2
1/17/2025 2:00,delwebb_to_marketpl,SB,0,0.56,44
1/17/2025 3:00,delwebb_to_marketpl,SB,0,0.56,44
1/17/2025 4:00,delwebb_to_marketpl,SB,0,0.57,43.6
1/17/2025 5:00,delwebb_to_marketpl,SB,0,0.58,42.9
1/17/2025 6:00,delwebb_to_marketpl,SB,0.01,0.57,43.5
1/17/2025 7:00,delwebb_to_marketpl,SB,0.04,0.62,40.2
1/17/2025 8:00,delwebb_to_marketpl,SB,0.06,0.65,38.5
1/17/2025 9:00,delwebb_to_marketpl,SB,0.23,0.84,30.6
1/17/2025 10:00,delwebb_to_marketpl,SB,0.26,0.87,29.4
1/17/2025 11:00,delwebb_to_marketpl,SB,0.25,0.87,29
1/17/2025 12:00,delwebb_to_marketpl,SB,0.39,1.01,25.3
1/17/2025 13:00,delwebb_to_marketpl,SB,0.24,0.85,29.4
1/17/2025 14:00,delwebb_to_marketpl,SB,0.25,0.87,29.1
1/17/2025 15:00,delwebb_to_marketpl,SB,0.26,0.87,28.8
1/17/2025 16:00,delwebb_to_marketpl,SB,0.26,0.86,29.1
1/17/2025 17:00,delwebb_to_marketpl,SB,0.25,0.85,29.8
1/17/2025 18:00,delwebb_to_marketpl,SB,0.17,0.78,32.8
1/17/2025 19:00,delwebb_to_marketpl,SB,0.05,0.64,39.3
1/17/2025 20:00,delwebb_to_marketpl,SB,0.06,0.64,39.4
1/17/2025 21:00,delwebb_to_marketpl,SB,0.12,0.71,35.8
1/17/2025 22:00,delwebb_to_marketpl,SB,0.01,0.59,42.7
1/17/2025 23:00,delwebb_to_marketpl,SB,0,0.51,49.1
1/18/2025 0:00,delwebb_to_marketpl,SB,0,0.56,44
1/18/2025 1:00,delwebb_to_marketpl,SB,0,0.56,44
1/18/2025 2:00,delwebb_to_marketpl,SB,0.05,0.65,39.1
1/18/2025 3:00,delwebb_to_marketpl,SB,0,0.56,44
1/18/2025 4:00,delwebb_to_marketpl,SB,0.02,0.62,40.6
1/18/2025 5:00,delwebb_to_marketpl,SB,0,0.57,43.7
1/18/2025 6:00,delwebb_to_marketpl,SB,0,0.54,46.2
1/18/2025 7:00,delwebb_to_marketpl,SB,0.05,0.66,38.3
1/18/2025 8:00,delwebb_to_marketpl,SB,0.04,0.62,41.2
1/18/2025 9:00,delwebb_to_marketpl,SB,0.09,0.7,35.8
1/18/2025 10:00,delwebb_to_marketpl,SB,0.13,0.73,34.8
1/18/2025 11:00,delwebb_to_marketpl,SB,0.14,0.74,33.7
1/18/2025 12:00,delwebb_to_marketpl,SB,0.15,0.75,33.9
1/18/2025 13:00,delwebb_to_marketpl,SB,0.1,0.7,36.4
1/18/2025 14:00,delwebb_to_marketpl,SB,0.12,0.71,35.5
1/18/2025 15:00,delwebb_to_marketpl,SB,0.19,0.81,31.6
1/18/2025 16:00,delwebb_to_marketpl,SB,0.17,0.77,32.8
1/18/2025 17:00,delwebb_to_marketpl,SB,0.2,0.81,31.3
1/18/2025 18:00,delwebb_to_marketpl,SB,0.13,0.72,35.4
1/18/2025 19:00,delwebb_to_marketpl,SB,0.1,0.68,36.9
1/18/2025 20:00,delwebb_to_marketpl,SB,0.1,0.67,37.3
1/18/2025 21:00,delwebb_to_marketpl,SB,0.18,0.77,33.2
1/18/2025 22:00,delwebb_to_marketpl,SB,0.07,0.64,39
1/18/2025 23:00,delwebb_to_marketpl,SB,0.01,0.57,43.5
1/19/2025 0:00,delwebb_to_marketpl,SB,0.01,0.57,43.7
1/19/2025 1:00,delwebb_to_marketpl,SB,0.01,0.59,42.1
1/19/2025 2:00,delwebb_to_marketpl,SB,0,0.56,44
1/19/2025 3:00,delwebb_to_marketpl,SB,0.02,0.61,41
1/19/2025 4:00,delwebb_to_marketpl,SB,0.11,0.7,37.1
1/19/2025 5:00,delwebb_to_marketpl,SB,0.01,0.6,41.2
1/19/2025 6:00,delwebb_to_marketpl,SB,0.01,0.57,43.9
1/19/2025 7:00,delwebb_to_marketpl,SB,0.03,0.61,41.1
1/19/2025 8:00,delwebb_to_marketpl,SB,0.01,0.55,45.1
1/19/2025 9:00,delwebb_to_marketpl,SB,0.06,0.63,39.7
1/19/2025 10:00,delwebb_to_marketpl,SB,0.14,0.73,34.8
1/19/2025 11:00,delwebb_to_marketpl,SB,0.23,0.84,30
1/19/2025 12:00,delwebb_to_marketpl,SB,0.11,0.71,35.1
1/19/2025 13:00,delwebb_to_marketpl,SB,0.13,0.73,34.2
1/19/2025 14:00,delwebb_to_marketpl,SB,0.16,0.73,34.4
1/19/2025 15:00,delwebb_to_marketpl,SB,0.19,0.79,33.1
1/19/2025 16:00,delwebb_to_marketpl,SB,0.2,0.8,31
1/19/2025 17:00,delwebb_to_marketpl,SB,0.17,0.76,34.2
1/19/2025 18:00,delwebb_to_marketpl,SB,0.09,0.68,37.1
1/19/2025 19:00,delwebb_to_marketpl,SB,0.09,0.7,35.9
1/19/2025 20:00,delwebb_to_marketpl,SB,0.05,0.65,38.4
1/19/2025 21:00,delwebb_to_marketpl,SB,0.12,0.7,36.9
1/19/2025 22:00,delwebb_to_marketpl,SB,0.01,0.55,45.8
1/19/2025 23:00,delwebb_to_marketpl,SB,0,0.56,44.7
1/20/2025 0:00,delwebb_to_marketpl,SB,0,0.53,47.1
1/20/2025 1:00,delwebb_to_marketpl,SB,0,0.56,44
1/20/2025 2:00,delwebb_to_marketpl,SB,0,0.56,44
1/20/2025 3:00,delwebb_to_marketpl,SB,0,0.56,44
1/20/2025 4:00,delwebb_to_marketpl,SB,0.02,0.6,41.8
1/20/2025 5:00,delwebb_to_marketpl,SB,0.01,0.54,46.7
1/20/2025 6:00,delwebb_to_marketpl,SB,0.05,0.63,40
1/20/2025 7:00,delwebb_to_marketpl,SB,0.05,0.64,39.2
1/20/2025 8:00,delwebb_to_marketpl,SB,0.09,0.67,37.3
1/20/2025 9:00,delwebb_to_marketpl,SB,0.1,0.7,36.2
1/20/2025 10:00,delwebb_to_marketpl,SB,0.16,0.76,33.1
1/20/2025 11:00,delwebb_to_marketpl,SB,0.12,0.71,35.2
1/20/2025 12:00,delwebb_to_marketpl,SB,0.17,0.77,33
1/20/2025 13:00,delwebb_to_marketpl,SB,0.12,0.72,34.8
1/20/2025 14:00,delwebb_to_marketpl,SB,0.17,0.78,32.7
1/20/2025 15:00,delwebb_to_marketpl,SB,0.17,0.77,32.4
1/20/2025 16:00,delwebb_to_marketpl,SB,0.27,0.87,28.6
1/20/2025 17:00,delwebb_to_marketpl,SB,0.17,0.77,32.6
1/20/2025 18:00,delwebb_to_marketpl,SB,0.08,0.67,37.3
1/20/2025 19:00,delwebb_to_marketpl,SB,0.19,0.79,31.4
1/20/2025 20:00,delwebb_to_marketpl,SB,0.05,0.64,39.1
1/20/2025 21:00,delwebb_to_marketpl,SB,0.09,0.69,36.7
1/20/2025 22:00,delwebb_to_marketpl,SB,0.06,0.63,40.4
1/20/2025 23:00,delwebb_to_marketpl,SB,0.03,0.59,42.5
1/21/2025 0:00,delwebb_to_marketpl,SB,0.01,0.56,44.2
1/21/2025 1:00,delwebb_to_marketpl,SB,0.09,0.69,37.4
1/21/2025 2:00,delwebb_to_marketpl,SB,0,0.56,44
1/21/2025 3:00,delwebb_to_marketpl,SB,0,0.56,44.4
1/21/2025 4:00,delwebb_to_marketpl,SB,0,0.57,43.4
1/21/2025 5:00,delwebb_to_marketpl,SB,0.03,0.61,41.3
1/21/2025 6:00,delwebb_to_marketpl,SB,0.03,0.59,42.3
1/21/2025 7:00,delwebb_to_marketpl,SB,0.04,0.6,41.5
1/21/2025 8:00,delwebb_to_marketpl,SB,0.1,0.69,36.1
1/21/2025 9:00,delwebb_to_marketpl,SB,0.14,0.72,34.7
1/21/2025 10:00,delwebb_to_marketpl,SB,0.16,0.76,33.5
1/21/2025 11:00,delwebb_to_marketpl,SB,0.24,0.86,29.6
1/21/2025 12:00,delwebb_to_marketpl,SB,0.31,0.92,27.2
1/21/2025 13:00,delwebb_to_marketpl,SB,0.27,0.88,28.7
1/21/2025 14:00,delwebb_to_marketpl,SB,0.24,0.85,29.8
1/21/2025 15:00,delwebb_to_marketpl,SB,0.23,0.85,29.7
1/21/2025 16:00,delwebb_to_marketpl,SB,0.17,0.77,33
1/21/2025 17:00,delwebb_to_marketpl,SB,0.32,0.93,27.9
1/21/2025 18:00,delwebb_to_marketpl,SB,0.32,0.94,26.9
1/21/2025 19:00,delwebb_to_marketpl,SB,0.12,0.73,34.3
1/21/2025 20:00,delwebb_to_marketpl,SB,0.12,0.72,35.7
1/21/2025 21:00,delwebb_to_marketpl,SB,0.18,0.78,34.7
1/21/2025 22:00,delwebb_to_marketpl,SB,0.01,0.55,45.4
1/21/2025 23:00,delwebb_to_marketpl,SB,0.01,0.58,42.6
1/22/2025 0:00,delwebb_to_marketpl,SB,0,0.56,44
1/22/2025 1:00,delwebb_to_marketpl,SB,0,0.56,44
1/22/2025 2:00,delwebb_to_marketpl,SB,0,0.56,44
1/22/2025 3:00,delwebb_to_marketpl,SB,0,0.56,44
1/22/2025 4:00,delwebb_to_marketpl,SB,0.1,0.69,36.8
1/22/2025 5:00,delwebb_to_marketpl,SB,0.02,0.61,40.7
1/22/2025 6:00,delwebb_to_marketpl,SB,0.08,0.66,38.1
1/22/2025 7:00,delwebb_to_marketpl,SB,0.12,0.72,35.2
1/22/2025 8:00,delwebb_to_marketpl,SB,0.11,0.71,35.2
1/22/2025 9:00,delwebb_to_marketpl,SB,0.07,0.66,38.2
1/22/2025 10:00,delwebb_to_marketpl,SB,0.22,0.83,30.4
1/22/2025 11:00,delwebb_to_marketpl,SB,0.25,0.87,28.7
1/22/2025 12:00,delwebb_to_marketpl,SB,0.21,0.82,30.7
1/22/2025 13:00,delwebb_to_marketpl,SB,0.26,0.87,29.3
1/22/2025 14:00,delwebb_to_marketpl,SB,0.22,0.84,30.2
1/22/2025 15:00,delwebb_to_marketpl,SB,0.2,0.8,31.8
1/22/2025 16:00,delwebb_to_marketpl,SB,0.17,0.79,31.8
1/22/2025 17:00,delwebb_to_marketpl,SB,0.18,0.77,33
1/22/2025 18:00,delwebb_to_marketpl,SB,0.06,0.65,38.5
1/22/2025 19:00,delwebb_to_marketpl,SB,0.14,0.71,35.7
1/22/2025 20:00,delwebb_to_marketpl,SB,0.11,0.7,35.7
1/22/2025 21:00,delwebb_to_marketpl,SB,0.04,0.62,40.4
1/22/2025 22:00,delwebb_to_marketpl,SB,0,0.58,43.2
1/22/2025 23:00,delwebb_to_marketpl,SB,0,0.57,43.5
1/23/2025 0:00,delwebb_to_marketpl,SB,0.01,0.58,43
1/23/2025 1:00,delwebb_to_marketpl,SB,0,0.56,44
1/23/2025 2:00,delwebb_to_marketpl,SB,0,0.56,44
1/23/2025 3:00,delwebb_to_marketpl,SB,0,0.56,44
1/23/2025 4:00,delwebb_to_marketpl,SB,0.01,0.58,42.9
1/23/2025 5:00,delwebb_to_marketpl,SB,0.02,0.59,42.5
1/23/2025 6:00,delwebb_to_marketpl,SB,0.01,0.59,42.5
1/23/2025 7:00,delwebb_to_marketpl,SB,0.06,0.64,39.1
1/23/2025 8:00,delwebb_to_marketpl,SB,0.06,0.64,39.2
1/23/2025 9:00,delwebb_to_marketpl,SB,0.2,0.79,33.7
1/23/2025 10:00,delwebb_to_marketpl,SB,0.16,0.76,32.9
1/23/2025 11:00,delwebb_to_marketpl,SB,0.16,0.77,32.5
1/23/2025 12:00,delwebb_to_marketpl,SB,0.28,0.9,28.3
1/23/2025 13:00,delwebb_to_marketpl,SB,0.21,0.83,29.9
1/23/2025 14:00,delwebb_to_marketpl,SB,0.16,0.75,33.4
1/23/2025 15:00,delwebb_to_marketpl,SB,0.14,0.74,34.5
1/23/2025 16:00,delwebb_to_marketpl,SB,0.22,0.84,29.9
1/23/2025 17:00,delwebb_to_marketpl,SB,0.17,0.78,32.4
1/23/2025 18:00,delwebb_to_marketpl,SB,0.12,0.73,34.7
1/23/2025 19:00,delwebb_to_marketpl,SB,0.12,0.74,34
1/23/2025 20:00,delwebb_to_marketpl,SB,0.13,0.73,35
1/23/2025 21:00,delwebb_to_marketpl,SB,0.03,0.6,41.9
1/23/2025 22:00,delwebb_to_marketpl,SB,0.03,0.59,42.1
1/23/2025 23:00,delwebb_to_marketpl,SB,0,0.57,43.8
1/24/2025 0:00,delwebb_to_marketpl,SB,0.01,0.61,41.2
1/24/2025 1:00,delwebb_to_marketpl,SB,0,0.56,44
1/24/2025 2:00,delwebb_to_marketpl,SB,0,0.56,44
1/24/2025 3:00,delwebb_to_marketpl,SB,0,0.56,44
1/24/2025 4:00,delwebb_to_marketpl,SB,0,0.56,44.7
1/24/2025 5:00,delwebb_to_marketpl,SB,0.03,0.61,40.7
1/24/2025 6:00,delwebb_to_marketpl,SB,0.03,0.58,43.3
1/24/2025 7:00,delwebb_to_marketpl,SB,0.07,0.66,37.7
1/24/2025 8:00,delwebb_to_marketpl,SB,0.1,0.68,37
1/24/2025 9:00,delwebb_to_marketpl,SB,0.14,0.75,33.5
1/24/2025 10:00,delwebb_to_marketpl,SB,0.18,0.79,31.6
1/24/2025 11:00,delwebb_to_marketpl,SB,0.28,0.9,27.9
1/24/2025 12:00,delwebb_to_marketpl,SB,0.26,0.88,28.8
1/24/2025 13:00,delwebb_to_marketpl,SB,0.23,0.83,30.7
1/24/2025 14:00,delwebb_to_marketpl,SB,0.25,0.86,29.3
1/24/2025 15:00,delwebb_to_marketpl,SB,0.25,0.86,29.7
1/24/2025 16:00,delwebb_to_marketpl,SB,0.24,0.86,29.4
1/24/2025 17:00,delwebb_to_marketpl,SB,0.27,0.89,29
1/24/2025 18:00,delwebb_to_marketpl,SB,0.18,0.79,31.7
1/24/2025 19:00,delwebb_to_marketpl,SB,0.1,0.7,35.9
1/24/2025 20:00,delwebb_to_marketpl,SB,0.14,0.75,33.8
1/24/2025 21:00,delwebb_to_marketpl,SB,0.14,0.75,33.7
1/24/2025 22:00,delwebb_to_marketpl,SB,0.09,0.69,36.4
1/24/2025 23:00,delwebb_to_marketpl,SB,0.03,0.62,40.3
1/25/2025 0:00,delwebb_to_marketpl,SB,0,0.56,44
1/25/2025 1:00,delwebb_to_marketpl,SB,0,0.56,44
1/25/2025 2:00,delwebb_to_marketpl,SB,0,0.54,46.5
1/25/2025 3:00,delwebb_to_marketpl,SB,0,0.56,44
1/25/2025 4:00,delwebb_to_marketpl,SB,0,0.56,44.8
1/25/2025 5:00,delwebb_to_marketpl,SB,0.02,0.59,43.1
1/25/2025 6:00,delwebb_to_marketpl,SB,0.07,0.66,38.4
1/25/2025 7:00,delwebb_to_marketpl,SB,0.11,0.72,35.1
1/25/2025 8:00,delwebb_to_marketpl,SB,0.05,0.62,40.8
1/25/2025 9:00,delwebb_to_marketpl,SB,0.09,0.68,36.7
1/25/2025 10:00,delwebb_to_marketpl,SB,0.11,0.71,35.6
1/25/2025 11:00,delwebb_to_marketpl,SB,0.23,0.84,30
1/25/2025 12:00,delwebb_to_marketpl,SB,0.2,0.81,31.4
1/25/2025 13:00,delwebb_to_marketpl,SB,0.12,0.73,34.3
1/25/2025 14:00,delwebb_to_marketpl,SB,0.16,0.76,33.3
1/25/2025 15:00,delwebb_to_marketpl,SB,0.08,0.67,37.2
1/25/2025 16:00,delwebb_to_marketpl,SB,0.11,0.72,35
1/25/2025 17:00,delwebb_to_marketpl,SB,0.12,0.7,35.6
1/25/2025 18:00,delwebb_to_marketpl,SB,0.14,0.73,34.6
1/25/2025 19:00,delwebb_to_marketpl,SB,0.11,0.71,35.1
1/25/2025 20:00,delwebb_to_marketpl,SB,0.08,0.68,36.6
1/25/2025 21:00,delwebb_to_marketpl,SB,0.1,0.72,34.8
1/25/2025 22:00,delwebb_to_marketpl,SB,0.01,0.57,44.5
1/25/2025 23:00,delwebb_to_marketpl,SB,0.01,0.57,43.3
1/26/2025 0:00,delwebb_to_marketpl,SB,0.04,0.63,39.9
1/26/2025 1:00,delwebb_to_marketpl,SB,0.09,0.68,38.6
1/26/2025 2:00,delwebb_to_marketpl,SB,0.1,0.7,36.2
1/26/2025 3:00,delwebb_to_marketpl,SB,0,0.56,44
1/26/2025 4:00,delwebb_to_marketpl,SB,0.08,0.67,37.9
1/26/2025 5:00,delwebb_to_marketpl,SB,0,0.58,43.1
1/26/2025 6:00,delwebb_to_marketpl,SB,0,0.57,43.6
1/26/2025 7:00,delwebb_to_marketpl,SB,0.03,0.62,40.6
1/26/2025 8:00,delwebb_to_marketpl,SB,0.05,0.62,40.5
1/26/2025 9:00,delwebb_to_marketpl,SB,0.07,0.67,38.4
1/26/2025 10:00,delwebb_to_marketpl,SB,0.13,0.73,34.5
1/26/2025 11:00,delwebb_to_marketpl,SB,0.11,0.7,35.9
1/26/2025 12:00,delwebb_to_marketpl,SB,0.21,0.82,30.8
1/26/2025 13:00,delwebb_to_marketpl,SB,0.17,0.76,33.4
1/26/2025 14:00,delwebb_to_marketpl,SB,0.12,0.74,34
1/26/2025 15:00,delwebb_to_marketpl,SB,0.16,0.78,32.2
1/26/2025 16:00,delwebb_to_marketpl,SB,0.18,0.77,32.5
1/26/2025 17:00,delwebb_to_marketpl,SB,0.14,0.75,34
1/26/2025 18:00,delwebb_to_marketpl,SB,0.12,0.72,34.6
1/26/2025 19:00,delwebb_to_marketpl,SB,0.13,0.73,34.9
1/26/2025 20:00,delwebb_to_marketpl,SB,0.07,0.64,38.9
1/26/2025 21:00,delwebb_to_marketpl,SB,0.01,0.55,45.9
1/26/2025 22:00,delwebb_to_marketpl,SB,0.01,0.6,41.9
1/26/2025 23:00,delwebb_to_marketpl,SB,0.04,0.65,38.8
1/27/2025 0:00,delwebb_to_marketpl,SB,0,0.56,44
1/27/2025 1:00,delwebb_to_marketpl,SB,0,0.56,44
1/27/2025 2:00,delwebb_to_marketpl,SB,0,0.56,44
1/27/2025 3:00,delwebb_to_marketpl,SB,0,0.56,44
1/27/2025 4:00,delwebb_to_marketpl,SB,0,0.58,42.8
1/27/2025 5:00,delwebb_to_marketpl,SB,0.04,0.63,40.4
1/27/2025 6:00,delwebb_to_marketpl,SB,0.01,0.58,43.1
1/27/2025 7:00,delwebb_to_marketpl,SB,0.04,0.63,39.7
1/27/2025 8:00,delwebb_to_marketpl,SB,0.11,0.72,34.8
1/27/2025 9:00,delwebb_to_marketpl,SB,0.13,0.74,34.4
1/27/2025 10:00,delwebb_to_marketpl,SB,0.26,0.87,29.1
1/27/2025 11:00,delwebb_to_marketpl,SB,0.14,0.76,33.2
1/27/2025 12:00,delwebb_to_marketpl,SB,0.16,0.76,33.5
1/27/2025 13:00,delwebb_to_marketpl,SB,0.2,0.79,31.8
1/27/2025 14:00,delwebb_to_marketpl,SB,0.24,0.84,30.2
1/27/2025 15:00,delwebb_to_marketpl,SB,0.25,0.86,29.2
1/27/2025 16:00,delwebb_to_marketpl,SB,0.17,0.75,33.8
1/27/2025 17:00,delwebb_to_marketpl,SB,0.23,0.83,30.5
1/27/2025 18:00,delwebb_to_marketpl,SB,0.11,0.71,35.2
1/27/2025 19:00,delwebb_to_marketpl,SB,0.05,0.65,38.5
1/27/2025 20:00,delwebb_to_marketpl,SB,0.16,0.76,33.2
1/27/2025 21:00,delwebb_to_marketpl,SB,0.09,0.68,37.7
1/27/2025 22:00,delwebb_to_marketpl,SB,0.08,0.66,40
1/27/2025 23:00,delwebb_to_marketpl,SB,0,0.57,43.8
1/28/2025 0:00,delwebb_to_marketpl,SB,0,0.56,44
1/28/2025 1:00,delwebb_to_marketpl,SB,0,0.54,46.1
1/28/2025 2:00,delwebb_to_marketpl,SB,0,0.55,45.5
1/28/2025 3:00,delwebb_to_marketpl,SB,0,0.56,44
1/28/2025 4:00,delwebb_to_marketpl,SB,0,0.56,44.6
1/28/2025 5:00,delwebb_to_marketpl,SB,0,0.55,45.2
1/28/2025 6:00,delwebb_to_marketpl,SB,0.01,0.55,45.1
1/28/2025 7:00,delwebb_to_marketpl,SB,0.02,0.59,42
1/28/2025 8:00,delwebb_to_marketpl,SB,0.06,0.64,39.3
1/28/2025 9:00,delwebb_to_marketpl,SB,0.17,0.76,33.2
1/28/2025 10:00,delwebb_to_marketpl,SB,0.17,0.78,32.1
1/28/2025 11:00,delwebb_to_marketpl,SB,0.19,0.8,31.4
1/28/2025 12:00,delwebb_to_marketpl,SB,0.19,0.8,31.3
1/28/2025 13:00,delwebb_to_marketpl,SB,0.18,0.79,32.4
1/28/2025 14:00,delwebb_to_marketpl,SB,0.21,0.82,30.5
1/28/2025 15:00,delwebb_to_marketpl,SB,0.25,0.86,29.4
1/28/2025 16:00,delwebb_to_marketpl,SB,0.21,0.8,31.4
1/28/2025 17:00,delwebb_to_marketpl,SB,0.35,0.97,26
1/28/2025 18:00,delwebb_to_marketpl,SB,0.12,0.73,34.7
1/28/2025 19:00,delwebb_to_marketpl,SB,0.03,0.61,41.3
1/28/2025 20:00,delwebb_to_marketpl,SB,0.09,0.66,39.4
1/28/2025 21:00,delwebb_to_marketpl,SB,0,0.56,44.5
1/28/2025 22:00,delwebb_to_marketpl,SB,0.02,0.59,42.6
1/28/2025 23:00,delwebb_to_marketpl,SB,0,0.56,44.5
1/29/2025 0:00,delwebb_to_marketpl,SB,0.05,0.64,39.4
1/29/2025 1:00,delwebb_to_marketpl,SB,0,0.56,44
1/29/2025 2:00,delwebb_to_marketpl,SB,0,0.56,44
1/29/2025 3:00,delwebb_to_marketpl,SB,0,0.56,44
1/29/2025 4:00,delwebb_to_marketpl,SB,0.03,0.6,41.4
1/29/2025 5:00,delwebb_to_marketpl,SB,0.01,0.56,44.5
1/29/2025 6:00,delwebb_to_marketpl,SB,0.01,0.58,42.9
1/29/2025 7:00,delwebb_to_marketpl,SB,0.05,0.64,38.9
1/29/2025 8:00,delwebb_to_marketpl,SB,0.11,0.69,36.4
1/29/2025 9:00,delwebb_to_marketpl,SB,0.1,0.71,35.2
1/29/2025 10:00,delwebb_to_marketpl,SB,0.24,0.86,29.3
1/29/2025 11:00,delwebb_to_marketpl,SB,0.22,0.84,29.6
1/29/2025 12:00,delwebb_to_marketpl,SB,0.35,0.97,25.9
1/29/2025 13:00,delwebb_to_marketpl,SB,0.19,0.8,31.4
1/29/2025 14:00,delwebb_to_marketpl,SB,0.23,0.83,30.7
1/29/2025 15:00,delwebb_to_marketpl,SB,0.21,0.8,31.6
1/29/2025 16:00,delwebb_to_marketpl,SB,0.28,0.9,28.4
1/29/2025 17:00,delwebb_to_marketpl,SB,0.24,0.84,29.9
1/29/2025 18:00,delwebb_to_marketpl,SB,0.18,0.8,31.4
1/29/2025 19:00,delwebb_to_marketpl,SB,0.1,0.72,34.6
1/29/2025 20:00,delwebb_to_marketpl,SB,0.03,0.6,41.6
1/29/2025 21:00,delwebb_to_marketpl,SB,0.09,0.7,35.7
1/29/2025 22:00,delwebb_to_marketpl,SB,0.05,0.65,38.4
1/29/2025 23:00,delwebb_to_marketpl,SB,0,0.57,43.8
1/30/2025 0:00,delwebb_to_marketpl,SB,0.01,0.53,46.8
1/30/2025 1:00,delwebb_to_marketpl,SB,0.01,0.57,43.6
1/30/2025 2:00,delwebb_to_marketpl,SB,0.11,0.69,37.3
1/30/2025 3:00,delwebb_to_marketpl,SB,0,0.56,44
1/30/2025 4:00,delwebb_to_marketpl,SB,0,0.57,43.8
1/30/2025 5:00,delwebb_to_marketpl,SB,0.01,0.56,44.9
1/30/2025 6:00,delwebb_to_marketpl,SB,0.03,0.58,42.8
1/30/2025 7:00,delwebb_to_marketpl,SB,0.05,0.64,39.1
1/30/2025 8:00,delwebb_to_marketpl,SB,0.16,0.74,34.7
1/30/2025 9:00,delwebb_to_marketpl,SB,0.09,0.69,36.6
1/30/2025 10:00,delwebb_to_marketpl,SB,0.18,0.79,32.1
1/30/2025 11:00,delwebb_to_marketpl,SB,0.31,0.93,27.2
1/30/2025 12:00,delwebb_to_marketpl,SB,0.25,0.85,29.4
1/30/2025 13:00,delwebb_to_marketpl,SB,0.12,0.74,34
1/30/2025 14:00,delwebb_to_marketpl,SB,0.2,0.81,31.1
1/30/2025 15:00,delwebb_to_marketpl,SB,0.27,0.89,28.5
1/30/2025 16:00,delwebb_to_marketpl,SB,0.21,0.82,30.6
1/30/2025 17:00,delwebb_to_marketpl,SB,0.19,0.8,31.3
1/30/2025 18:00,delwebb_to_marketpl,SB,0.18,0.79,31.6
1/30/2025 19:00,delwebb_to_marketpl,SB,0.06,0.62,40.7
1/30/2025 20:00,delwebb_to_marketpl,SB,0.17,0.77,34.9
1/30/2025 21:00,delwebb_to_marketpl,SB,0.01,0.6,41.8
1/30/2025 22:00,delwebb_to_marketpl,SB,0.07,0.64,39.9
1/30/2025 23:00,delwebb_to_marketpl,SB,0.01,0.58,42.8
1/31/2025 0:00,delwebb_to_marketpl,SB,0,0.51,48.4
1/31/2025 1:00,delwebb_to_marketpl,SB,0.01,0.58,42.8
1/31/2025 2:00,delwebb_to_marketpl,SB,0.03,0.61,41.3
1/31/2025 3:00,delwebb_to_marketpl,SB,0,0.56,44
1/31/2025 4:00,delwebb_to_marketpl,SB,0.04,0.61,41.7
1/31/2025 5:00,delwebb_to_marketpl,SB,0.04,0.63,40
1/31/2025 6:00,delwebb_to_marketpl,SB,0.03,0.61,41
1/31/2025 7:00,delwebb_to_marketpl,SB,0.09,0.69,36.8
1/31/2025 8:00,delwebb_to_marketpl,SB,0.07,0.63,39.4
1/31/2025 9:00,delwebb_to_marketpl,SB,0.14,0.75,33.8
1/31/2025 10:00,delwebb_to_marketpl,SB,0.23,0.84,30.6
1/31/2025 11:00,delwebb_to_marketpl,SB,0.31,0.93,27.4
1/31/2025 12:00,delwebb_to_marketpl,SB,0.18,0.79,31.5
1/31/2025 13:00,delwebb_to_marketpl,SB,0.25,0.87,29.2
1/31/2025 14:00,delwebb_to_marketpl,SB,0.23,0.82,31.3
1/31/2025 15:00,delwebb_to_marketpl,SB,0.29,0.91,27.6
1/31/2025 16:00,delwebb_to_marketpl,SB,0.23,0.84,30.4
1/31/2025 17:00,delwebb_to_marketpl,SB,0.18,0.79,31.5
1/31/2025 18:00,delwebb_to_marketpl,SB,0.12,0.73,34.7
1/31/2025 19:00,delwebb_to_marketpl,SB,0.15,0.74,34.3
1/31/2025 20:00,delwebb_to_marketpl,SB,0.14,0.72,35.3
1/31/2025 21:00,delwebb_to_marketpl,SB,0.08,0.66,38.3
1/31/2025 22:00,delwebb_to_marketpl,SB,0.04,0.61,41.2
1/31/2025 23:00,delwebb_to_marketpl,SB,0,0.55,45
2/1/2025 0:00,delwebb_to_marketpl,SB,0,0.56,44
2/1/2025 1:00,delwebb_to_marketpl,SB,0,0.57,43.7
2/1/2025 2:00,delwebb_to_marketpl,SB,0.05,0.62,40.3
2/1/2025 3:00,delwebb_to_marketpl,SB,0.08,0.67,38.3
2/1/2025 4:00,delwebb_to_marketpl,SB,0.02,0.61,40.8
2/1/2025 5:00,delwebb_to_marketpl,SB,0,0.57,43.4
2/1/2025 6:00,delwebb_to_marketpl,SB,0.04,0.64,38.8
2/1/2025 7:00,delwebb_to_marketpl,SB,0.08,0.65,39.3
2/1/2025 8:00,delwebb_to_marketpl,SB,0.02,0.57,44.1
2/1/2025 9:00,delwebb_to_marketpl,SB,0.12,0.71,35.4
2/1/2025 10:00,delwebb_to_marketpl,SB,0.12,0.73,34.4
2/1/2025 11:00,delwebb_to_marketpl,SB,0.17,0.77,32.5
2/1/2025 12:00,delwebb_to_marketpl,SB,0.18,0.79,31.7
2/1/2025 13:00,delwebb_to_marketpl,SB,0.19,0.78,32.4
2/1/2025 14:00,delwebb_to_marketpl,SB,0.11,0.7,35.9
2/1/2025 15:00,delwebb_to_marketpl,SB,0.22,0.83,30.1
2/1/2025 16:00,delwebb_to_marketpl,SB,0.11,0.72,35.1
2/1/2025 17:00,delwebb_to_marketpl,SB,0.2,0.81,30.9
2/1/2025 18:00,delwebb_to_marketpl,SB,0.15,0.77,32.9
2/1/2025 19:00,delwebb_to_marketpl,SB,0.05,0.65,38.6
2/1/2025 20:00,delwebb_to_marketpl,SB,0.14,0.73,34.4
2/1/2025 21:00,delwebb_to_marketpl,SB,0.09,0.69,36.1
2/1/2025 22:00,delwebb_to_marketpl,SB,0.22,0.82,33
2/1/2025 23:00,delwebb_to_marketpl,SB,0.01,0.58,43
2/2/2025 0:00,delwebb_to_marketpl,SB,0.02,0.6,41.5
2/2/2025 1:00,delwebb_to_marketpl,SB,0.01,0.59,42.6
2/2/2025 2:00,delwebb_to_marketpl,SB,0.02,0.6,41.5
2/2/2025 3:00,delwebb_to_marketpl,SB,0,0.58,43.2
2/2/2025 4:00,delwebb_to_marketpl,SB,0.02,0.58,43.6
2/2/2025 5:00,delwebb_to_marketpl,SB,0.03,0.56,46.3
2/2/2025 6:00,delwebb_to_marketpl,SB,0.03,0.61,41.1
2/2/2025 7:00,delwebb_to_marketpl,SB,0.02,0.59,42.3
2/2/2025 8:00,delwebb_to_marketpl,SB,0.03,0.6,42.7
2/2/2025 9:00,delwebb_to_marketpl,SB,0.05,0.64,39.3
2/2/2025 10:00,delwebb_to_marketpl,SB,0.05,0.62,40.3
2/2/2025 11:00,delwebb_to_marketpl,SB,0.22,0.83,30.4
2/2/2025 12:00,delwebb_to_marketpl,SB,0.17,0.77,33.6
2/2/2025 13:00,delwebb_to_marketpl,SB,0.13,0.74,33.8
2/2/2025 14:00,delwebb_to_marketpl,SB,0.05,0.64,39.8
2/2/2025 15:00,delwebb_to_marketpl,SB,0.04,0.61,41.2
2/2/2025 16:00,delwebb_to_marketpl,SB,0.11,0.71,35.5
2/2/2025 17:00,delwebb_to_marketpl,SB,0.15,0.75,34.1
2/2/2025 18:00,delwebb_to_marketpl,SB,0.12,0.71,35.3
2/2/2025 19:00,delwebb_to_marketpl,SB,0.05,0.67,37
2/2/2025 20:00,delwebb_to_marketpl,SB,0.07,0.65,38.9
2/2/2025 21:00,delwebb_to_marketpl,SB,0.05,0.64,39.2
2/2/2025 22:00,delwebb_to_marketpl,SB,0.02,0.56,44.6
2/2/2025 23:00,delwebb_to_marketpl,SB,0.05,0.64,39.6
2/3/2025 0:00,delwebb_to_marketpl,SB,0,0.58,43
2/3/2025 1:00,delwebb_to_marketpl,SB,0.01,0.58,42.9
2/3/2025 2:00,delwebb_to_marketpl,SB,0,0.57,43.9
2/3/2025 3:00,delwebb_to_marketpl,SB,0.02,0.59,42.5
2/3/2025 4:00,delwebb_to_marketpl,SB,0.09,0.69,36.5
2/3/2025 5:00,delwebb_to_marketpl,SB,0.01,0.6,41.4
2/3/2025 6:00,delwebb_to_marketpl,SB,0.03,0.6,41.9
2/3/2025 7:00,delwebb_to_marketpl,SB,0.05,0.63,40.1
2/3/2025 8:00,delwebb_to_marketpl,SB,0.09,0.69,36.1
2/3/2025 9:00,delwebb_to_marketpl,SB,0.14,0.76,33.6
2/3/2025 10:00,delwebb_to_marketpl,SB,0.21,0.82,30.7
2/3/2025 11:00,delwebb_to_marketpl,SB,0.17,0.78,32
2/3/2025 12:00,delwebb_to_marketpl,SB,0.29,0.91,27.6
2/3/2025 13:00,delwebb_to_marketpl,SB,0.25,0.84,30.3
2/3/2025 14:00,delwebb_to_marketpl,SB,0.15,0.75,33.6
2/3/2025 15:00,delwebb_to_marketpl,SB,0.19,0.81,31.5
2/3/2025 16:00,delwebb_to_marketpl,SB,0.19,0.8,31.7
2/3/2025 17:00,delwebb_to_marketpl,SB,0.32,0.93,27
2/3/2025 18:00,delwebb_to_marketpl,SB,0.16,0.77,32.6
2/3/2025 19:00,delwebb_to_marketpl,SB,0.03,0.59,42.5
2/3/2025 20:00,delwebb_to_marketpl,SB,0.05,0.64,38.9
2/3/2025 21:00,delwebb_to_marketpl,SB,0.08,0.67,37.2
2/3/2025 22:00,delwebb_to_marketpl,SB,0.02,0.6,41.9
2/3/2025 23:00,delwebb_to_marketpl,SB,0.01,0.56,44.2
2/4/2025 0:00,delwebb_to_marketpl,SB,0,0.57,43.9
2/4/2025 1:00,delwebb_to_marketpl,SB,0,0.56,44
2/4/2025 2:00,delwebb_to_marketpl,SB,0,0.56,44
2/4/2025 3:00,delwebb_to_marketpl,SB,0,0.56,44
2/4/2025 4:00,delwebb_to_marketpl,SB,0,0.56,44.2
2/4/2025 5:00,delwebb_to_marketpl,SB,0.09,0.68,37.2
2/4/2025 6:00,delwebb_to_marketpl,SB,0.05,0.61,41.4
2/4/2025 7:00,delwebb_to_marketpl,SB,0.07,0.64,39.3
2/4/2025 8:00,delwebb_to_marketpl,SB,0.08,0.67,37.1
2/4/2025 9:00,delwebb_to_marketpl,SB,0.11,0.71,35.8
2/4/2025 10:00,delwebb_to_marketpl,SB,0.23,0.85,30.1
2/4/2025 11:00,delwebb_to_marketpl,SB,0.35,0.97,26.2
2/4/2025 12:00,delwebb_to_marketpl,SB,0.36,0.98,26
2/4/2025 13:00,delwebb_to_marketpl,SB,0.3,0.91,28.2
2/4/2025 14:00,delwebb_to_marketpl,SB,0.33,0.94,26.9
2/4/2025 15:00,delwebb_to_marketpl,SB,0.45,1.07,23.9
2/4/2025 16:00,delwebb_to_marketpl,SB,0.4,1.02,25.1
2/4/2025 17:00,delwebb_to_marketpl,SB,0.26,0.87,28.8
2/4/2025 18:00,delwebb_to_marketpl,SB,0.2,0.82,31.9
2/4/2025 19:00,delwebb_to_marketpl,SB,0.22,0.81,32.3
2/4/2025 20:00,delwebb_to_marketpl,SB,0.09,0.7,36.4
2/4/2025 21:00,delwebb_to_marketpl,SB,0.05,0.62,40.5
2/4/2025 22:00,delwebb_to_marketpl,SB,0.08,0.68,37.2
2/4/2025 23:00,delwebb_to_marketpl,SB,0,0.56,44
2/5/2025 0:00,delwebb_to_marketpl,SB,0.05,0.64,39.2
2/5/2025 1:00,delwebb_to_marketpl,SB,0,0.56,44
2/5/2025 2:00,delwebb_to_marketpl,SB,0,0.56,44
2/5/2025 3:00,delwebb_to_marketpl,SB,0,0.57,43.7
2/5/2025 4:00,delwebb_to_marketpl,SB,0.01,0.58,43.2
2/5/2025 5:00,delwebb_to_marketpl,SB,0,0.55,45.5
2/5/2025 6:00,delwebb_to_marketpl,SB,0.03,0.63,39.7
2/5/2025 7:00,delwebb_to_marketpl,SB,0.05,0.64,38.9
2/5/2025 8:00,delwebb_to_marketpl,SB,0.09,0.68,37.1
2/5/2025 9:00,delwebb_to_marketpl,SB,0.09,0.68,36.7
2/5/2025 10:00,delwebb_to_marketpl,SB,0.19,0.81,31.1
2/5/2025 11:00,delwebb_to_marketpl,SB,0.23,0.85,29.6
2/5/2025 12:00,delwebb_to_marketpl,SB,0.39,1.01,25
2/5/2025 13:00,delwebb_to_marketpl,SB,0.18,0.79,31.5
2/5/2025 14:00,delwebb_to_marketpl,SB,0.17,0.77,32.3
2/5/2025 15:00,delwebb_to_marketpl,SB,0.16,0.77,32.7
2/5/2025 16:00,delwebb_to_marketpl,SB,0.22,0.83,30.1
2/5/2025 17:00,delwebb_to_marketpl,SB,0.32,0.93,27
2/5/2025 18:00,delwebb_to_marketpl,SB,0.18,0.78,32.3
2/5/2025 19:00,delwebb_to_marketpl,SB,0.07,0.64,39.3
2/5/2025 20:00,delwebb_to_marketpl,SB,0.05,0.62,40.2
2/5/2025 21:00,delwebb_to_marketpl,SB,0.01,0.53,46.8
2/5/2025 22:00,delwebb_to_marketpl,SB,0.02,0.59,42.1
2/5/2025 23:00,delwebb_to_marketpl,SB,0,0.55,45.7
2/6/2025 0:00,delwebb_to_marketpl,SB,0,0.57,43.5
2/6/2025 1:00,delwebb_to_marketpl,SB,0,0.59,42.2
2/6/2025 2:00,delwebb_to_marketpl,SB,0,0.57,43.6
2/6/2025 3:00,delwebb_to_marketpl,SB,0,0.56,44
2/6/2025 4:00,delwebb_to_marketpl,SB,0,0.56,44.2
2/6/2025 5:00,delwebb_to_marketpl,SB,0.01,0.58,42.8
2/6/2025 6:00,delwebb_to_marketpl,SB,0.01,0.56,44.4
2/6/2025 7:00,delwebb_to_marketpl,SB,0.06,0.64,39.1
2/6/2025 8:00,delwebb_to_marketpl,SB,0.11,0.72,34.9
2/6/2025 9:00,delwebb_to_marketpl,SB,0.2,0.81,31
2/6/2025 10:00,delwebb_to_marketpl,SB,0.21,0.82,30.7
2/6/2025 11:00,delwebb_to_marketpl,SB,0.22,0.84,30
2/6/2025 12:00,delwebb_to_marketpl,SB,0.16,0.77,32.7
2/6/2025 13:00,delwebb_to_marketpl,SB,0.25,0.87,29
2/6/2025 14:00,delwebb_to_marketpl,SB,0.16,0.77,32.6
2/6/2025 15:00,delwebb_to_marketpl,SB,0.2,0.81,30.9
2/6/2025 16:00,delwebb_to_marketpl,SB,0.17,0.76,33.6
2/6/2025 17:00,delwebb_to_marketpl,SB,0.27,0.88,29.4
2/6/2025 18:00,delwebb_to_marketpl,SB,0.11,0.72,34.5
2/6/2025 19:00,delwebb_to_marketpl,SB,0.13,0.74,33.8
2/6/2025 20:00,delwebb_to_marketpl,SB,0.16,0.73,36
2/6/2025 21:00,delwebb_to_marketpl,SB,0.12,0.71,36.4
2/6/2025 22:00,delwebb_to_marketpl,SB,0.04,0.57,44.3
2/6/2025 23:00,delwebb_to_marketpl,SB,0.05,0.65,38.8
2/7/2025 0:00,delwebb_to_marketpl,SB,0.02,0.59,42.2
2/7/2025 1:00,delwebb_to_marketpl,SB,0,0.56,44
2/7/2025 2:00,delwebb_to_marketpl,SB,0.05,0.62,40.3
2/7/2025 3:00,delwebb_to_marketpl,SB,0.03,0.63,39.7
2/7/2025 4:00,delwebb_to_marketpl,SB,0.15,0.76,34.1
2/7/2025 5:00,delwebb_to_marketpl,SB,0.06,0.66,37.7
2/7/2025 6:00,delwebb_to_marketpl,SB,0.03,0.63,39.6
2/7/2025 7:00,delwebb_to_marketpl,SB,0.06,0.65,39.3
2/7/2025 8:00,delwebb_to_marketpl,SB,0.11,0.7,35.9
2/7/2025 9:00,delwebb_to_marketpl,SB,0.17,0.78,32
2/7/2025 10:00,delwebb_to_marketpl,SB,0.21,0.82,30.8
2/7/2025 11:00,delwebb_to_marketpl,SB,0.16,0.75,33.9
2/7/2025 12:00,delwebb_to_marketpl,SB,0.19,0.79,32.1
2/7/2025 13:00,delwebb_to_marketpl,SB,0.19,0.81,31.2
2/7/2025 14:00,delwebb_to_marketpl,SB,0.26,0.87,29.1
2/7/2025 15:00,delwebb_to_marketpl,SB,0.32,0.92,27.5
2/7/2025 16:00,delwebb_to_marketpl,SB,0.12,0.71,35.3
2/7/2025 17:00,delwebb_to_marketpl,SB,0.19,0.79,31.7
2/7/2025 18:00,delwebb_to_marketpl,SB,0.1,0.68,36.8
2/7/2025 19:00,delwebb_to_marketpl,SB,0.22,0.81,30.8
2/7/2025 20:00,delwebb_to_marketpl,SB,0.03,0.62,40.3
2/7/2025 21:00,delwebb_to_marketpl,SB,0.1,0.71,35.6
2/7/2025 22:00,delwebb_to_marketpl,SB,0.02,0.58,43.7
2/7/2025 23:00,delwebb_to_marketpl,SB,0,0.51,48.5
2/8/2025 0:00,delwebb_to_marketpl,SB,0.01,0.57,43.3
2/8/2025 1:00,delwebb_to_marketpl,SB,0,0.56,44
2/8/2025 2:00,delwebb_to_marketpl,SB,0,0.56,44
2/8/2025 3:00,delwebb_to_marketpl,SB,0,0.56,44
2/8/2025 4:00,delwebb_to_marketpl,SB,0.02,0.59,42.4
2/8/2025 5:00,delwebb_to_marketpl,SB,0.06,0.66,38.6
2/8/2025 6:00,delwebb_to_marketpl,SB,0.01,0.61,41.2
2/8/2025 7:00,delwebb_to_marketpl,SB,0.05,0.66,38.1
2/8/2025 8:00,delwebb_to_marketpl,SB,0.05,0.66,37.7
2/8/2025 9:00,delwebb_to_marketpl,SB,0.21,0.83,30.4
2/8/2025 10:00,delwebb_to_marketpl,SB,0.17,0.76,33.1
2/8/2025 11:00,delwebb_to_marketpl,SB,0.14,0.75,33.5
2/8/2025 12:00,delwebb_to_marketpl,SB,0.17,0.78,32.3
2/8/2025 13:00,delwebb_to_marketpl,SB,0.09,0.7,35.9
2/8/2025 14:00,delwebb_to_marketpl,SB,0.12,0.72,35.4
2/8/2025 15:00,delwebb_to_marketpl,SB,0.12,0.7,35.7
2/8/2025 16:00,delwebb_to_marketpl,SB,0.16,0.78,32.5
2/8/2025 17:00,delwebb_to_marketpl,SB,0.12,0.73,34.5
2/8/2025 18:00,delwebb_to_marketpl,SB,0.2,0.81,31
2/8/2025 19:00,delwebb_to_marketpl,SB,0.09,0.68,37.3
2/8/2025 20:00,delwebb_to_marketpl,SB,0.02,0.6,41.9
2/8/2025 21:00,delwebb_to_marketpl,SB,0.13,0.71,36.3
2/8/2025 22:00,delwebb_to_marketpl,SB,0.1,0.7,36.4
2/8/2025 23:00,delwebb_to_marketpl,SB,0.01,0.56,44.7
2/9/2025 0:00,delwebb_to_marketpl,SB,0.01,0.56,45
2/9/2025 1:00,delwebb_to_marketpl,SB,0.03,0.6,42.3
2/9/2025 2:00,delwebb_to_marketpl,SB,0.05,0.57,46.2
2/9/2025 3:00,delwebb_to_marketpl,SB,0,0.56,44
2/9/2025 4:00,delwebb_to_marketpl,SB,0,0.57,43.7
2/9/2025 5:00,delwebb_to_marketpl,SB,0,0.59,42.6
2/9/2025 6:00,delwebb_to_marketpl,SB,0.04,0.64,38.9
2/9/2025 7:00,delwebb_to_marketpl,SB,0.08,0.68,37.4
2/9/2025 8:00,delwebb_to_marketpl,SB,0.03,0.61,41.6
2/9/2025 9:00,delwebb_to_marketpl,SB,0.08,0.67,37.9
2/9/2025 10:00,delwebb_to_marketpl,SB,0.16,0.76,32.9
2/9/2025 11:00,delwebb_to_marketpl,SB,0.1,0.69,36.6
2/9/2025 12:00,delwebb_to_marketpl,SB,0.17,0.78,32.5
2/9/2025 13:00,delwebb_to_marketpl,SB,0.16,0.74,34.1
2/9/2025 14:00,delwebb_to_marketpl,SB,0.14,0.73,34.3
2/9/2025 15:00,delwebb_to_marketpl,SB,0.08,0.68,36.6
2/9/2025 16:00,delwebb_to_marketpl,SB,0.05,0.65,39
2/9/2025 17:00,delwebb_to_marketpl,SB,0.06,0.64,39.2
2/9/2025 18:00,delwebb_to_marketpl,SB,0.07,0.64,39.5
2/9/2025 19:00,delwebb_to_marketpl,SB,0.08,0.67,37.2
2/9/2025 20:00,delwebb_to_marketpl,SB,0.06,0.65,38.5
2/9/2025 21:00,delwebb_to_marketpl,SB,0.05,0.63,39.8
2/9/2025 22:00,delwebb_to_marketpl,SB,0.04,0.58,43.9
2/9/2025 23:00,delwebb_to_marketpl,SB,0,0.57,43.7
2/10/2025 0:00,delwebb_to_marketpl,SB,0,0.57,43.8
2/10/2025 1:00,delwebb_to_marketpl,SB,0.03,0.62,40.8
2/10/2025 2:00,delwebb_to_marketpl,SB,0.06,0.66,37.9
2/10/2025 3:00,delwebb_to_marketpl,SB,0.01,0.57,43.4
2/10/2025 4:00,delwebb_to_marketpl,SB,0.04,0.62,40.2
2/10/2025 5:00,delwebb_to_marketpl,SB,0.09,0.69,36.8
2/10/2025 6:00,delwebb_to_marketpl,SB,0.07,0.66,38.1
2/10/2025 7:00,delwebb_to_marketpl,SB,0.06,0.63,40.2
2/10/2025 8:00,delwebb_to_marketpl,SB,0.08,0.69,36.2
2/10/2025 9:00,delwebb_to_marketpl,SB,0.08,0.68,36.8
2/10/2025 10:00,delwebb_to_marketpl,SB,0.15,0.74,33.8
2/10/2025 11:00,delwebb_to_marketpl,SB,0.17,0.78,32
2/10/2025 12:00,delwebb_to_marketpl,SB,0.27,0.89,28.8
2/10/2025 13:00,delwebb_to_marketpl,SB,0.26,0.87,28.9
2/10/2025 14:00,delwebb_to_marketpl,SB,0.15,0.74,33.7
2/10/2025 15:00,delwebb_to_marketpl,SB,0.22,0.83,30.3
2/10/2025 16:00,delwebb_to_marketpl,SB,0.22,0.84,30
2/10/2025 17:00,delwebb_to_marketpl,SB,0.17,0.78,32
2/10/2025 18:00,delwebb_to_marketpl,SB,0.17,0.78,32.2
2/10/2025 19:00,delwebb_to_marketpl,SB,0.1,0.7,36.6
2/10/2025 20:00,delwebb_to_marketpl,SB,0.06,0.59,43.7
2/10/2025 21:00,delwebb_to_marketpl,SB,0.11,0.69,37.9
2/10/2025 22:00,delwebb_to_marketpl,SB,0,0.53,47
2/10/2025 23:00,delwebb_to_marketpl,SB,0,0.58,42.6
2/11/2025 0:00,delwebb_to_marketpl,SB,0,0.57,43.8
2/11/2025 1:00,delwebb_to_marketpl,SB,0,0.56,44
2/11/2025 2:00,delwebb_to_marketpl,SB,0,0.56,44
2/11/2025 3:00,delwebb_to_marketpl,SB,0,0.56,44
2/11/2025 4:00,delwebb_to_marketpl,SB,0.01,0.61,41.3
2/11/2025 5:00,delwebb_to_marketpl,SB,0.01,0.55,45.3
2/11/2025 6:00,delwebb_to_marketpl,SB,0.03,0.6,42.1
2/11/2025 7:00,delwebb_to_marketpl,SB,0.08,0.68,37.1
2/11/2025 8:00,delwebb_to_marketpl,SB,0.05,0.63,39.5
2/11/2025 9:00,delwebb_to_marketpl,SB,0.12,0.71,35.6
2/11/2025 10:00,delwebb_to_marketpl,SB,0.25,0.86,28.9
2/11/2025 11:00,delwebb_to_marketpl,SB,0.14,0.76,32.7
2/11/2025 12:00,delwebb_to_marketpl,SB,0.2,0.81,31
2/11/2025 13:00,delwebb_to_marketpl,SB,0.2,0.82,30.8
2/11/2025 14:00,delwebb_to_marketpl,SB,0.23,0.84,30.2
2/11/2025 15:00,delwebb_to_marketpl,SB,0.17,0.77,33
2/11/2025 16:00,delwebb_to_marketpl,SB,0.21,0.81,31.2
2/11/2025 17:00,delwebb_to_marketpl,SB,0.15,0.76,32.9
2/11/2025 18:00,delwebb_to_marketpl,SB,0.18,0.8,31.6
2/11/2025 19:00,delwebb_to_marketpl,SB,0.1,0.69,36.7
2/11/2025 20:00,delwebb_to_marketpl,SB,0.18,0.78,35.3
2/11/2025 21:00,delwebb_to_marketpl,SB,0.11,0.71,37.2
2/11/2025 22:00,delwebb_to_marketpl,SB,0,0.53,47.3
2/11/2025 23:00,delwebb_to_marketpl,SB,0,0.55,45.2
2/12/2025 0:00,delwebb_to_marketpl,SB,0,0.56,44
2/12/2025 1:00,delwebb_to_marketpl,SB,0.01,0.57,43.5
2/12/2025 2:00,delwebb_to_marketpl,SB,0.01,0.58,42.9
2/12/2025 3:00,delwebb_to_marketpl,SB,0,0.56,44
2/12/2025 4:00,delwebb_to_marketpl,SB,0.03,0.62,40.2
2/12/2025 5:00,delwebb_to_marketpl,SB,0.09,0.66,38.7
2/12/2025 6:00,delwebb_to_marketpl,SB,0.01,0.58,43.4
2/12/2025 7:00,delwebb_to_marketpl,SB,0.07,0.65,38.7
2/12/2025 8:00,delwebb_to_marketpl,SB,0.13,0.71,36.2
2/12/2025 9:00,delwebb_to_marketpl,SB,0.14,0.75,33.5
2/12/2025 10:00,delwebb_to_marketpl,SB,0.18,0.79,31.7
2/12/2025 11:00,delwebb_to_marketpl,SB,0.23,0.84,29.9
2/12/2025 12:00,delwebb_to_marketpl,SB,0.21,0.82,30.6
2/12/2025 13:00,delwebb_to_marketpl,SB,0.18,0.79,31.9
2/12/2025 14:00,delwebb_to_marketpl,SB,0.29,0.91,28.5
2/12/2025 15:00,delwebb_to_marketpl,SB,0.28,0.89,28
2/12/2025 16:00,delwebb_to_marketpl,SB,0.21,0.79,32.2
2/12/2025 17:00,delwebb_to_marketpl,SB,0.15,0.76,33.3
2/12/2025 18:00,delwebb_to_marketpl,SB,0.17,0.76,33.6
2/12/2025 19:00,delwebb_to_marketpl,SB,0.13,0.69,36.5
2/12/2025 20:00,delwebb_to_marketpl,SB,0.03,0.58,43.1
2/12/2025 21:00,delwebb_to_marketpl,SB,0.09,0.7,36.1
2/12/2025 22:00,delwebb_to_marketpl,SB,0.01,0.58,42.8
2/12/2025 23:00,delwebb_to_marketpl,SB,0,0.56,44
2/13/2025 0:00,delwebb_to_marketpl,SB,0.03,0.59,42.1
2/13/2025 1:00,delwebb_to_marketpl,SB,0,0.57,43.3
2/13/2025 2:00,delwebb_to_marketpl,SB,0,0.57,43.8
2/13/2025 3:00,delwebb_to_marketpl,SB,0,0.56,44
2/13/2025 4:00,delwebb_to_marketpl,SB,0,0.57,43.8
2/13/2025 5:00,delwebb_to_marketpl,SB,0.02,0.6,41.6
2/13/2025 6:00,delwebb_to_marketpl,SB,0.01,0.55,45.2
2/13/2025 7:00,delwebb_to_marketpl,SB,0.05,0.62,40.6
2/13/2025 8:00,delwebb_to_marketpl,SB,0.09,0.69,36.1
2/13/2025 9:00,delwebb_to_marketpl,SB,0.18,0.79,31.7
2/13/2025 10:00,delwebb_to_marketpl,SB,0.15,0.76,32.8
2/13/2025 11:00,delwebb_to_marketpl,SB,0.25,0.86,29.1
2/13/2025 12:00,delwebb_to_marketpl,SB,0.2,0.81,31.2
2/13/2025 13:00,delwebb_to_marketpl,SB,0.31,0.93,27
2/13/2025 14:00,delwebb_to_marketpl,SB,0.23,0.84,30.2
2/13/2025 15:00,delwebb_to_marketpl,SB,0.21,0.81,31.3
2/13/2025 16:00,delwebb_to_marketpl,SB,0.17,0.77,32.5
2/13/2025 17:00,delwebb_to_marketpl,SB,0.31,0.93,27.2
2/13/2025 18:00,delwebb_to_marketpl,SB,0.21,0.84,30.7
2/13/2025 19:00,delwebb_to_marketpl,SB,0.1,0.72,34.8
2/13/2025 20:00,delwebb_to_marketpl,SB,0.09,0.65,38.8
2/13/2025 21:00,delwebb_to_marketpl,SB,0.07,0.69,36.5
2/13/2025 22:00,delwebb_to_marketpl,SB,0.02,0.6,41.3
2/13/2025 23:00,delwebb_to_marketpl,SB,0.01,0.6,41.4
2/14/2025 0:00,delwebb_to_marketpl,SB,0,0.57,43.8
2/14/2025 1:00,delwebb_to_marketpl,SB,0,0.58,43.1
2/14/2025 2:00,delwebb_to_marketpl,SB,0.1,0.69,37.2
2/14/2025 3:00,delwebb_to_marketpl,SB,0.02,0.59,42.3
2/14/2025 4:00,delwebb_to_marketpl,SB,0.16,0.75,35.7
2/14/2025 5:00,delwebb_to_marketpl,SB,0,0.58,43.1
2/14/2025 6:00,delwebb_to_marketpl,SB,0.08,0.68,36.4
2/14/2025 7:00,delwebb_to_marketpl,SB,0.06,0.63,39.7
2/14/2025 8:00,delwebb_to_marketpl,SB,0.15,0.74,34.2
2/14/2025 9:00,delwebb_to_marketpl,SB,0.18,0.8,31.4
2/14/2025 10:00,delwebb_to_marketpl,SB,0.22,0.83,30.3
2/14/2025 11:00,delwebb_to_marketpl,SB,0.27,0.89,28.2
2/14/2025 12:00,delwebb_to_marketpl,SB,0.21,0.81,31.3
2/14/2025 13:00,delwebb_to_marketpl,SB,0.24,0.85,29.5
2/14/2025 14:00,delwebb_to_marketpl,SB,0.16,0.77,32.7
2/14/2025 15:00,delwebb_to_marketpl,SB,0.32,0.94,27
2/14/2025 16:00,delwebb_to_marketpl,SB,0.29,0.89,29
2/14/2025 17:00,delwebb_to_marketpl,SB,0.25,0.83,30.6
2/14/2025 18:00,delwebb_to_marketpl,SB,0.22,0.82,30.7
2/14/2025 19:00,delwebb_to_marketpl,SB,0.24,0.82,30.7
2/14/2025 20:00,delwebb_to_marketpl,SB,0.14,0.74,34.1
2/14/2025 21:00,delwebb_to_marketpl,SB,0.07,0.66,38.1
2/14/2025 22:00,delwebb_to_marketpl,SB,0.01,0.57,43.4
2/14/2025 23:00,delwebb_to_marketpl,SB,0.05,0.56,45.7
2/15/2025 0:00,delwebb_to_marketpl,SB,0.02,0.6,41.8
2/15/2025 1:00,delwebb_to_marketpl,SB,0,0.55,45.2
2/15/2025 2:00,delwebb_to_marketpl,SB,0,0.57,43.4
2/15/2025 3:00,delwebb_to_marketpl,SB,0,0.56,44
2/15/2025 4:00,delwebb_to_marketpl,SB,0.01,0.58,43.1
2/15/2025 5:00,delwebb_to_marketpl,SB,0.02,0.59,42.1
2/15/2025 6:00,delwebb_to_marketpl,SB,0.07,0.63,39.6
2/15/2025 7:00,delwebb_to_marketpl,SB,0.1,0.7,36.2
2/15/2025 8:00,delwebb_to_marketpl,SB,0.04,0.65,38.5
2/15/2025 9:00,delwebb_to_marketpl,SB,0.13,0.74,33.8
2/15/2025 10:00,delwebb_to_marketpl,SB,0.17,0.77,32.4
2/15/2025 11:00,delwebb_to_marketpl,SB,0.18,0.8,31.6
2/15/2025 12:00,delwebb_to_marketpl,SB,0.2,0.8,31.5
2/15/2025 13:00,delwebb_to_marketpl,SB,0.16,0.76,33.4
2/15/2025 14:00,delwebb_to_marketpl,SB,0.29,0.91,27.9
2/15/2025 15:00,delwebb_to_marketpl,SB,0.17,0.77,32.5
2/15/2025 16:00,delwebb_to_marketpl,SB,0.08,0.69,36
2/15/2025 17:00,delwebb_to_marketpl,SB,0.2,0.8,31.7
2/15/2025 18:00,delwebb_to_marketpl,SB,0.15,0.76,33.2
2/15/2025 19:00,delwebb_to_marketpl,SB,0.11,0.73,34.7
2/15/2025 20:00,delwebb_to_marketpl,SB,0.06,0.63,40.1
2/15/2025 21:00,delwebb_to_marketpl,SB,0.03,0.62,40.4
2/15/2025 22:00,delwebb_to_marketpl,SB,0.11,0.68,37.4
2/15/2025 23:00,delwebb_to_marketpl,SB,0.01,0.58,43.2
2/16/2025 0:00,delwebb_to_marketpl,SB,0.02,0.56,45.6
2/16/2025 1:00,delwebb_to_marketpl,SB,0,0.53,46.9
2/16/2025 2:00,delwebb_to_marketpl,SB,0.01,0.55,45
2/16/2025 3:00,delwebb_to_marketpl,SB,0,0.57,43.9
2/16/2025 4:00,delwebb_to_marketpl,SB,0,0.56,44
2/16/2025 5:00,delwebb_to_marketpl,SB,0,0.56,44
2/16/2025 6:00,delwebb_to_marketpl,SB,0.2,0.82,31.4
2/16/2025 7:00,delwebb_to_marketpl,SB,0.14,0.75,35.1
2/16/2025 8:00,delwebb_to_marketpl,SB,0.07,0.67,38.1
2/16/2025 9:00,delwebb_to_marketpl,SB,0.05,0.66,37.8
2/16/2025 10:00,delwebb_to_marketpl,SB,0.08,0.69,36.9
2/16/2025 11:00,delwebb_to_marketpl,SB,0.19,0.78,32.9
2/16/2025 12:00,delwebb_to_marketpl,SB,0.1,0.69,36.9
2/16/2025 13:00,delwebb_to_marketpl,SB,0.12,0.72,35.1
2/16/2025 14:00,delwebb_to_marketpl,SB,0.19,0.8,31.3
2/16/2025 15:00,delwebb_to_marketpl,SB,0.16,0.76,33
2/16/2025 16:00,delwebb_to_marketpl,SB,0.21,0.81,32.5
2/16/2025 17:00,delwebb_to_marketpl,SB,0.17,0.79,31.6
2/16/2025 18:00,delwebb_to_marketpl,SB,0.18,0.79,31.9
2/16/2025 19:00,delwebb_to_marketpl,SB,0.1,0.7,36.3
2/16/2025 20:00,delwebb_to_marketpl,SB,0.08,0.68,37
2/16/2025 21:00,delwebb_to_marketpl,SB,0.09,0.67,37.4
2/16/2025 22:00,delwebb_to_marketpl,SB,0.04,0.61,41.5
2/16/2025 23:00,delwebb_to_marketpl,SB,0.03,0.62,40.5
2/17/2025 0:00,delwebb_to_marketpl,SB,0.06,0.65,39.4
2/17/2025 1:00,delwebb_to_marketpl,SB,0.04,0.64,39.5
2/17/2025 2:00,delwebb_to_marketpl,SB,0.01,0.57,43.3
2/17/2025 3:00,delwebb_to_marketpl,SB,0,0.58,42.9
2/17/2025 4:00,delwebb_to_marketpl,SB,0.04,0.61,41.2
2/17/2025 5:00,delwebb_to_marketpl,SB,0,0.56,44.9
2/17/2025 6:00,delwebb_to_marketpl,SB,0.03,0.58,43.5
2/17/2025 7:00,delwebb_to_marketpl,SB,0.04,0.61,40.9
2/17/2025 8:00,delwebb_to_marketpl,SB,0.09,0.68,37.7
2/17/2025 9:00,delwebb_to_marketpl,SB,0.11,0.72,35
2/17/2025 10:00,delwebb_to_marketpl,SB,0.17,0.77,33.2
2/17/2025 11:00,delwebb_to_marketpl,SB,0.27,0.89,28.2
2/17/2025 12:00,delwebb_to_marketpl,SB,0.18,0.78,32.2
2/17/2025 13:00,delwebb_to_marketpl,SB,0.21,0.82,31.8
2/17/2025 14:00,delwebb_to_marketpl,SB,0.3,0.91,27.8
2/17/2025 15:00,delwebb_to_marketpl,SB,0.17,0.77,32.9
2/17/2025 16:00,delwebb_to_marketpl,SB,0.18,0.79,31.7
2/17/2025 17:00,delwebb_to_marketpl,SB,0.11,0.71,35.4
2/17/2025 18:00,delwebb_to_marketpl,SB,0.16,0.77,33.3
2/17/2025 19:00,delwebb_to_marketpl,SB,0.13,0.73,34.4
2/17/2025 20:00,delwebb_to_marketpl,SB,0.09,0.69,36.9
2/17/2025 21:00,delwebb_to_marketpl,SB,0.09,0.69,36.7
2/17/2025 22:00,delwebb_to_marketpl,SB,0.01,0.55,46
2/17/2025 23:00,delwebb_to_marketpl,SB,0,0.53,46.7
2/18/2025 0:00,delwebb_to_marketpl,SB,0.01,0.57,44.1
2/18/2025 1:00,delwebb_to_marketpl,SB,0,0.58,43.1
2/18/2025 2:00,delwebb_to_marketpl,SB,0,0.58,43
2/18/2025 3:00,delwebb_to_marketpl,SB,0,0.58,42.8
2/18/2025 4:00,delwebb_to_marketpl,SB,0.03,0.63,40
2/18/2025 5:00,delwebb_to_marketpl,SB,0,0.6,41.8
2/18/2025 6:00,delwebb_to_marketpl,SB,0.02,0.58,43.4
2/18/2025 7:00,delwebb_to_marketpl,SB,0.03,0.64,39.2
2/18/2025 8:00,delwebb_to_marketpl,SB,0.12,0.7,35.6
2/18/2025 9:00,delwebb_to_marketpl,SB,0.16,0.76,33.1
2/18/2025 10:00,delwebb_to_marketpl,SB,0.18,0.79,32.1
2/18/2025 11:00,delwebb_to_marketpl,SB,0.22,0.83,30.4
2/18/2025 12:00,delwebb_to_marketpl,SB,0.34,0.95,27.3
2/18/2025 13:00,delwebb_to_marketpl,SB,0.17,0.79,31.9
2/18/2025 14:00,delwebb_to_marketpl,SB,0.25,0.85,29.6
2/18/2025 15:00,delwebb_to_marketpl,SB,0.26,0.88,28.6
2/18/2025 16:00,delwebb_to_marketpl,SB,0.26,0.85,29.4
2/18/2025 17:00,delwebb_to_marketpl,SB,0.17,0.78,32.7
2/18/2025 18:00,delwebb_to_marketpl,SB,0.14,0.76,33.2
2/18/2025 19:00,delwebb_to_marketpl,SB,0.13,0.74,34.7
2/18/2025 20:00,delwebb_to_marketpl,SB,0.03,0.61,41
2/18/2025 21:00,delwebb_to_marketpl,SB,0.03,0.6,41.8
2/18/2025 22:00,delwebb_to_marketpl,SB,0,0.53,47
2/18/2025 23:00,delwebb_to_marketpl,SB,0,0.57,43.9
2/19/2025 0:00,delwebb_to_marketpl,SB,0.09,0.69,37.9
2/19/2025 1:00,delwebb_to_marketpl,SB,0,0.58,43
2/19/2025 2:00,delwebb_to_marketpl,SB,0,0.56,44
2/19/2025 3:00,delwebb_to_marketpl,SB,0,0.56,44
2/19/2025 4:00,delwebb_to_marketpl,SB,0,0.56,44.4
2/19/2025 5:00,delwebb_to_marketpl,SB,0.05,0.63,40
2/19/2025 6:00,delwebb_to_marketpl,SB,0.03,0.63,39.4
2/19/2025 7:00,delwebb_to_marketpl,SB,0.06,0.62,40.8
2/19/2025 8:00,delwebb_to_marketpl,SB,0.1,0.71,35.4
2/19/2025 9:00,delwebb_to_marketpl,SB,0.11,0.73,34.3
2/19/2025 10:00,delwebb_to_marketpl,SB,0.23,0.85,29.5
2/19/2025 11:00,delwebb_to_marketpl,SB,0.18,0.8,31.1
2/19/2025 12:00,delwebb_to_marketpl,SB,0.28,0.88,28.9
2/19/2025 13:00,delwebb_to_marketpl,SB,0.26,0.87,29
2/19/2025 14:00,delwebb_to_marketpl,SB,0.28,0.89,28.4
2/19/2025 15:00,delwebb_to_marketpl,SB,0.22,0.83,30.8
2/19/2025 16:00,delwebb_to_marketpl,SB,0.33,0.95,26.7
2/19/2025 17:00,delwebb_to_marketpl,SB,0.25,0.87,28.9
2/19/2025 18:00,delwebb_to_marketpl,SB,0.14,0.76,33.6
2/19/2025 19:00,delwebb_to_marketpl,SB,0.13,0.74,33.6
2/19/2025 20:00,delwebb_to_marketpl,SB,0.2,0.79,32.5
2/19/2025 21:00,delwebb_to_marketpl,SB,0.05,0.66,37.8
2/19/2025 22:00,delwebb_to_marketpl,SB,0.03,0.61,40.8
2/19/2025 23:00,delwebb_to_marketpl,SB,0.01,0.6,41.2
2/20/2025 0:00,delwebb_to_marketpl,SB,0.01,0.58,43.2
2/20/2025 1:00,delwebb_to_marketpl,SB,0,0.56,44
2/20/2025 2:00,delwebb_to_marketpl,SB,0,0.56,44
2/20/2025 3:00,delwebb_to_marketpl,SB,0,0.56,44
2/20/2025 4:00,delwebb_to_marketpl,SB,0,0.58,43.1
2/20/2025 5:00,delwebb_to_marketpl,SB,0,0.58,42.6
2/20/2025 6:00,delwebb_to_marketpl,SB,0,0.53,46.6
2/20/2025 7:00,delwebb_to_marketpl,SB,0.05,0.62,39.9
2/20/2025 8:00,delwebb_to_marketpl,SB,0.12,0.73,34.6
2/20/2025 9:00,delwebb_to_marketpl,SB,0.22,0.82,31.4
2/20/2025 10:00,delwebb_to_marketpl,SB,0.18,0.79,31.6
2/20/2025 11:00,delwebb_to_marketpl,SB,0.19,0.79,32.1
2/20/2025 12:00,delwebb_to_marketpl,SB,0.25,0.87,29
2/20/2025 13:00,delwebb_to_marketpl,SB,0.21,0.82,30.4
2/20/2025 14:00,delwebb_to_marketpl,SB,0.2,0.81,31.3
2/20/2025 15:00,delwebb_to_marketpl,SB,0.23,0.84,29.9
2/20/2025 16:00,delwebb_to_marketpl,SB,0.29,0.9,28.1
2/20/2025 17:00,delwebb_to_marketpl,SB,0.21,0.83,30.3
2/20/2025 18:00,delwebb_to_marketpl,SB,0.15,0.77,32.9
2/20/2025 19:00,delwebb_to_marketpl,SB,0.13,0.72,34.8
2/20/2025 20:00,delwebb_to_marketpl,SB,0.09,0.7,35.7
2/20/2025 21:00,delwebb_to_marketpl,SB,0.02,0.62,40.5
2/20/2025 22:00,delwebb_to_marketpl,SB,0.02,0.6,41.9
2/20/2025 23:00,delwebb_to_marketpl,SB,0.03,0.59,42.3
2/21/2025 0:00,delwebb_to_marketpl,SB,0,0.56,44
2/21/2025 1:00,delwebb_to_marketpl,SB,0,0.56,44
2/21/2025 2:00,delwebb_to_marketpl,SB,0,0.56,44
2/21/2025 3:00,delwebb_to_marketpl,SB,0,0.56,44
2/21/2025 4:00,delwebb_to_marketpl,SB,0,0.57,43.5
2/21/2025 5:00,delwebb_to_marketpl,SB,0.05,0.66,37.7
2/21/2025 6:00,delwebb_to_marketpl,SB,0.08,0.64,39.7
2/21/2025 7:00,delwebb_to_marketpl,SB,0.05,0.63,39.9
2/21/2025 8:00,delwebb_to_marketpl,SB,0.16,0.76,33.7
2/21/2025 9:00,delwebb_to_marketpl,SB,0.21,0.83,30.4
2/21/2025 10:00,delwebb_to_marketpl,SB,0.31,0.93,27.4
2/21/2025 11:00,delwebb_to_marketpl,SB,0.25,0.86,29.9
2/21/2025 12:00,delwebb_to_marketpl,SB,0.25,0.86,30
2/21/2025 13:00,delwebb_to_marketpl,SB,0.27,0.89,28.6
2/21/2025 14:00,delwebb_to_marketpl,SB,0.19,0.81,31.4
2/21/2025 15:00,delwebb_to_marketpl,SB,0.26,0.86,29.3
2/21/2025 16:00,delwebb_to_marketpl,SB,0.24,0.84,30.4
2/21/2025 17:00,delwebb_to_marketpl,SB,0.14,0.75,33.6
2/21/2025 18:00,delwebb_to_marketpl,SB,0.21,0.81,31.5
2/21/2025 19:00,delwebb_to_marketpl,SB,0.11,0.73,34.1
2/21/2025 20:00,delwebb_to_marketpl,SB,0.11,0.72,35
2/21/2025 21:00,delwebb_to_marketpl,SB,0.09,0.7,35.7
2/21/2025 22:00,delwebb_to_marketpl,SB,0.04,0.65,38.5
2/21/2025 23:00,delwebb_to_marketpl,SB,0.02,0.53,48.7
2/22/2025 0:00,delwebb_to_marketpl,SB,0,0.57,43.7
2/22/2025 1:00,delwebb_to_marketpl,SB,0,0.56,44.7
2/22/2025 2:00,delwebb_to_marketpl,SB,0,0.56,44
2/22/2025 3:00,delwebb_to_marketpl,SB,0,0.57,43.7
2/22/2025 4:00,delwebb_to_marketpl,SB,0.06,0.65,38.8
2/22/2025 5:00,delwebb_to_marketpl,SB,0,0.56,45.1
2/22/2025 6:00,delwebb_to_marketpl,SB,0,0.58,43.1
2/22/2025 7:00,delwebb_to_marketpl,SB,0.04,0.62,40.8
2/22/2025 8:00,delwebb_to_marketpl,SB,0.07,0.66,37.8
2/22/2025 9:00,delwebb_to_marketpl,SB,0.05,0.63,39.6
2/22/2025 10:00,delwebb_to_marketpl,SB,0.21,0.82,31.4
2/22/2025 11:00,delwebb_to_marketpl,SB,0.18,0.78,32.2
2/22/2025 12:00,delwebb_to_marketpl,SB,0.15,0.76,32.9
2/22/2025 13:00,delwebb_to_marketpl,SB,0.2,0.81,31.9
2/22/2025 14:00,delwebb_to_marketpl,SB,0.15,0.76,33.2
2/22/2025 15:00,delwebb_to_marketpl,SB,0.13,0.72,35.4
2/22/2025 16:00,delwebb_to_marketpl,SB,0.1,0.67,37.8
2/22/2025 17:00,delwebb_to_marketpl,SB,0.26,0.87,29.2
2/22/2025 18:00,delwebb_to_marketpl,SB,0.18,0.78,32.2
2/22/2025 19:00,delwebb_to_marketpl,SB,0.15,0.7,36.1
2/22/2025 20:00,delwebb_to_marketpl,SB,0.08,0.65,38.2
2/22/2025 21:00,delwebb_to_marketpl,SB,0.1,0.67,38.1
2/22/2025 22:00,delwebb_to_marketpl,SB,0.06,0.67,37.2
2/22/2025 23:00,delwebb_to_marketpl,SB,0.01,0.57,43.7
2/23/2025 0:00,delwebb_to_marketpl,SB,0.01,0.56,44.6
2/23/2025 1:00,delwebb_to_marketpl,SB,0,0.54,46.2
2/23/2025 2:00,delwebb_to_marketpl,SB,0,0.56,44
2/23/2025 3:00,delwebb_to_marketpl,SB,0.05,0.64,39.7
2/23/2025 4:00,delwebb_to_marketpl,SB,0.01,0.59,42.8
2/23/2025 5:00,delwebb_to_marketpl,SB,0.06,0.66,38.6
2/23/2025 6:00,delwebb_to_marketpl,SB,0.01,0.59,42.3
2/23/2025 7:00,delwebb_to_marketpl,SB,0.04,0.63,39.5
2/23/2025 8:00,delwebb_to_marketpl,SB,0.13,0.73,35.3
2/23/2025 9:00,delwebb_to_marketpl,SB,0.1,0.72,34.6
2/23/2025 10:00,delwebb_to_marketpl,SB,0.11,0.72,35.4
2/23/2025 11:00,delwebb_to_marketpl,SB,0.17,0.77,32.2
2/23/2025 12:00,delwebb_to_marketpl,SB,0.17,0.78,32.4
2/23/2025 13:00,delwebb_to_marketpl,SB,0.17,0.79,31.8
2/23/2025 14:00,delwebb_to_marketpl,SB,0.17,0.78,32.9
2/23/2025 15:00,delwebb_to_marketpl,SB,0.15,0.77,32.6
2/23/2025 16:00,delwebb_to_marketpl,SB,0.09,0.65,39
2/23/2025 17:00,delwebb_to_marketpl,SB,0.12,0.72,35
2/23/2025 18:00,delwebb_to_marketpl,SB,0.06,0.67,37.1
2/23/2025 19:00,delwebb_to_marketpl,SB,0.07,0.66,38.6
2/23/2025 20:00,delwebb_to_marketpl,SB,0.01,0.58,43
2/23/2025 21:00,delwebb_to_marketpl,SB,0.02,0.64,39.2
2/23/2025 22:00,delwebb_to_marketpl,SB,0,0.53,47.3
2/23/2025 23:00,delwebb_to_marketpl,SB,0.01,0.54,46
2/24/2025 0:00,delwebb_to_marketpl,SB,0,0.57,43.9
2/24/2025 1:00,delwebb_to_marketpl,SB,0,0.57,43.5
2/24/2025 2:00,delwebb_to_marketpl,SB,0,0.56,44
2/24/2025 3:00,delwebb_to_marketpl,SB,0.01,0.57,44.1
2/24/2025 4:00,delwebb_to_marketpl,SB,0.03,0.61,41
2/24/2025 5:00,delwebb_to_marketpl,SB,0,0.57,43.3
2/24/2025 6:00,delwebb_to_marketpl,SB,0.05,0.66,38.3
2/24/2025 7:00,delwebb_to_marketpl,SB,0.1,0.68,37.2
2/24/2025 8:00,delwebb_to_marketpl,SB,0.1,0.69,36.1
2/24/2025 9:00,delwebb_to_marketpl,SB,0.12,0.71,35.6
2/24/2025 10:00,delwebb_to_marketpl,SB,0.14,0.73,34.3
2/24/2025 11:00,delwebb_to_marketpl,SB,0.23,0.83,30.8
2/24/2025 12:00,delwebb_to_marketpl,SB,0.33,0.95,26.6
2/24/2025 13:00,delwebb_to_marketpl,SB,0.28,0.89,28.6
2/24/2025 14:00,delwebb_to_marketpl,SB,0.19,0.81,30.8
2/24/2025 15:00,delwebb_to_marketpl,SB,0.27,0.88,28.9
2/24/2025 16:00,delwebb_to_marketpl,SB,0.28,0.89,28.3
2/24/2025 17:00,delwebb_to_marketpl,SB,0.26,0.87,28.8
2/24/2025 18:00,delwebb_to_marketpl,SB,0.13,0.72,34.8
2/24/2025 19:00,delwebb_to_marketpl,SB,0.11,0.7,35.7
2/24/2025 20:00,delwebb_to_marketpl,SB,0.11,0.74,34.4
2/24/2025 21:00,delwebb_to_marketpl,SB,0.17,0.77,34.3
2/24/2025 22:00,delwebb_to_marketpl,SB,0.08,0.68,37
2/24/2025 23:00,delwebb_to_marketpl,SB,0.01,0.59,42.4
2/25/2025 0:00,delwebb_to_marketpl,SB,0.02,0.53,48.2
2/25/2025 1:00,delwebb_to_marketpl,SB,0,0.56,44
2/25/2025 2:00,delwebb_to_marketpl,SB,0,0.56,44
2/25/2025 3:00,delwebb_to_marketpl,SB,0,0.56,44
2/25/2025 4:00,delwebb_to_marketpl,SB,0,0.57,43.8
2/25/2025 5:00,delwebb_to_marketpl,SB,0.02,0.61,41.2
2/25/2025 6:00,delwebb_to_marketpl,SB,0.02,0.57,44
2/25/2025 7:00,delwebb_to_marketpl,SB,0.08,0.68,36.7
2/25/2025 8:00,delwebb_to_marketpl,SB,0.08,0.68,37.1
2/25/2025 9:00,delwebb_to_marketpl,SB,0.17,0.78,31.9
2/25/2025 10:00,delwebb_to_marketpl,SB,0.22,0.83,29.9
2/25/2025 11:00,delwebb_to_marketpl,SB,0.21,0.83,30.2
2/25/2025 12:00,delwebb_to_marketpl,SB,0.27,0.88,28.4
2/25/2025 13:00,delwebb_to_marketpl,SB,0.3,0.91,27.7
2/25/2025 14:00,delwebb_to_marketpl,SB,0.18,0.78,32.5
2/25/2025 15:00,delwebb_to_marketpl,SB,0.16,0.78,32.2
2/25/2025 16:00,delwebb_to_marketpl,SB,0.17,0.78,31.9
2/25/2025 17:00,delwebb_to_marketpl,SB,0.2,0.81,31.4
2/25/2025 18:00,delwebb_to_marketpl,SB,0.13,0.71,36.3
2/25/2025 19:00,delwebb_to_marketpl,SB,0.07,0.67,37.5
2/25/2025 20:00,delwebb_to_marketpl,SB,0.17,0.79,32.1
2/25/2025 21:00,delwebb_to_marketpl,SB,0.11,0.73,34.2
2/25/2025 22:00,delwebb_to_marketpl,SB,0.04,0.65,38.7
2/25/2025 23:00,delwebb_to_marketpl,SB,0.04,0.61,41.7
2/26/2025 0:00,delwebb_to_marketpl,SB,0,0.57,44.1
2/26/2025 1:00,delwebb_to_marketpl,SB,0.01,0.61,41.2
2/26/2025 2:00,delwebb_to_marketpl,SB,0,0.51,49.1
2/26/2025 3:00,delwebb_to_marketpl,SB,0,0.56,44
2/26/2025 4:00,delwebb_to_marketpl,SB,0,0.56,44
2/26/2025 5:00,delwebb_to_marketpl,SB,0,0.57,43.3
2/26/2025 6:00,delwebb_to_marketpl,SB,0.03,0.61,41
2/26/2025 7:00,delwebb_to_marketpl,SB,0.05,0.66,37.7
2/26/2025 8:00,delwebb_to_marketpl,SB,0.08,0.65,38.6
2/26/2025 9:00,delwebb_to_marketpl,SB,0.13,0.73,34.1
2/26/2025 10:00,delwebb_to_marketpl,SB,0.18,0.8,31.4
2/26/2025 11:00,delwebb_to_marketpl,SB,0.23,0.84,30.5
2/26/2025 12:00,delwebb_to_marketpl,SB,0.31,0.93,27.2
2/26/2025 13:00,delwebb_to_marketpl,SB,0.33,0.95,26.9
2/26/2025 14:00,delwebb_to_marketpl,SB,0.22,0.81,31.1
2/26/2025 15:00,delwebb_to_marketpl,SB,0.24,0.86,29
2/26/2025 16:00,delwebb_to_marketpl,SB,0.2,0.81,31.5
2/26/2025 17:00,delwebb_to_marketpl,SB,0.21,0.82,31.1
2/26/2025 18:00,delwebb_to_marketpl,SB,0.15,0.74,33.9
2/26/2025 19:00,delwebb_to_marketpl,SB,0.13,0.74,33.6
2/26/2025 20:00,delwebb_to_marketpl,SB,0.02,0.61,40.8
2/26/2025 21:00,delwebb_to_marketpl,SB,0.06,0.66,38.8
2/26/2025 22:00,delwebb_to_marketpl,SB,0,0.56,44.4
2/26/2025 23:00,delwebb_to_marketpl,SB,0.02,0.6,41.5
2/27/2025 0:00,delwebb_to_marketpl,SB,0.03,0.61,41.6
2/27/2025 1:00,delwebb_to_marketpl,SB,0.02,0.59,42.3
2/27/2025 2:00,delwebb_to_marketpl,SB,0.02,0.61,41.2
2/27/2025 3:00,delwebb_to_marketpl,SB,0.02,0.61,40.9
2/27/2025 4:00,delwebb_to_marketpl,SB,0.01,0.59,42.4
2/27/2025 5:00,delwebb_to_marketpl,SB,0.02,0.59,42
2/27/2025 6:00,delwebb_to_marketpl,SB,0.03,0.64,39.2
2/27/2025 7:00,delwebb_to_marketpl,SB,0.1,0.72,35.1
2/27/2025 8:00,delwebb_to_marketpl,SB,0.12,0.73,34.4
2/27/2025 9:00,delwebb_to_marketpl,SB,0.14,0.72,35
2/27/2025 10:00,delwebb_to_marketpl,SB,0.18,0.78,32.3
2/27/2025 11:00,delwebb_to_marketpl,SB,0.26,0.86,29.8
2/27/2025 12:00,delwebb_to_marketpl,SB,0.27,0.87,29
2/27/2025 13:00,delwebb_to_marketpl,SB,0.2,0.79,31.8
2/27/2025 14:00,delwebb_to_marketpl,SB,0.19,0.8,31.5
2/27/2025 15:00,delwebb_to_marketpl,SB,0.24,0.86,29.2
2/27/2025 16:00,delwebb_to_marketpl,SB,0.26,0.87,29
2/27/2025 17:00,delwebb_to_marketpl,SB,0.21,0.82,31.1
2/27/2025 18:00,delwebb_to_marketpl,SB,0.14,0.76,32.9
2/27/2025 19:00,delwebb_to_marketpl,SB,0.24,0.86,29.6
2/27/2025 20:00,delwebb_to_marketpl,SB,0.06,0.66,38.3
2/27/2025 21:00,delwebb_to_marketpl,SB,0.09,0.7,36
2/27/2025 22:00,delwebb_to_marketpl,SB,0.09,0.68,37.3
2/27/2025 23:00,delwebb_to_marketpl,SB,0.04,0.63,39.8
2/28/2025 0:00,delwebb_to_marketpl,SB,0,0.51,49.6
2/28/2025 1:00,delwebb_to_marketpl,SB,0.02,0.62,40.6
2/28/2025 2:00,delwebb_to_marketpl,SB,0.04,0.63,39.6
2/28/2025 3:00,delwebb_to_marketpl,SB,0,0.56,44
2/28/2025 4:00,delwebb_to_marketpl,SB,0,0.55,45.1
2/28/2025 5:00,delwebb_to_marketpl,SB,0.01,0.6,41.8
2/28/2025 6:00,delwebb_to_marketpl,SB,0.09,0.67,37.8
2/28/2025 7:00,delwebb_to_marketpl,SB,0.08,0.68,37.1
2/28/2025 8:00,delwebb_to_marketpl,SB,0.07,0.65,38.7
2/28/2025 9:00,delwebb_to_marketpl,SB,0.14,0.73,34.1
2/28/2025 10:00,delwebb_to_marketpl,SB,0.16,0.77,32.6
2/28/2025 11:00,delwebb_to_marketpl,SB,0.31,0.93,27.6
2/28/2025 12:00,delwebb_to_marketpl,SB,0.36,0.98,26
2/28/2025 13:00,delwebb_to_marketpl,SB,0.31,0.92,27.5
2/28/2025 14:00,delwebb_to_marketpl,SB,0.27,0.88,28.5
2/28/2025 15:00,delwebb_to_marketpl,SB,0.22,0.83,30.5
2/28/2025 16:00,delwebb_to_marketpl,SB,0.17,0.76,33.2
2/28/2025 17:00,delwebb_to_marketpl,SB,0.24,0.84,30.2
2/28/2025 18:00,delwebb_to_marketpl,SB,0.11,0.71,35.2
2/28/2025 19:00,delwebb_to_marketpl,SB,0.13,0.73,34.7
2/28/2025 20:00,delwebb_to_marketpl,SB,0.21,0.83,30.2
2/28/2025 21:00,delwebb_to_marketpl,SB,0.03,0.63,40.1
2/28/2025 22:00,delwebb_to_marketpl,SB,0.01,0.55,45.2
2/28/2025 23:00,delwebb_to_marketpl,SB,0.05,0.65,38.4
3/1/2025 0:00,delwebb_to_marketpl,SB,0.05,0.63,39.9
3/1/2025 1:00,delwebb_to_marketpl,SB,0.07,0.67,37.5
3/1/2025 2:00,delwebb_to_marketpl,SB,0,0.56,44
3/1/2025 3:00,delwebb_to_marketpl,SB,0,0.54,46.5
3/1/2025 4:00,delwebb_to_marketpl,SB,0.04,0.63,39.8
3/1/2025 5:00,delwebb_to_marketpl,SB,0,0.56,44.5
3/1/2025 6:00,delwebb_to_marketpl,SB,0.01,0.57,43.5
3/1/2025 7:00,delwebb_to_marketpl,SB,0,0.54,46.3
3/1/2025 8:00,delwebb_to_marketpl,SB,0.06,0.66,38.1
3/1/2025 9:00,delwebb_to_marketpl,SB,0.12,0.72,34.9
3/1/2025 10:00,delwebb_to_marketpl,SB,0.19,0.81,31.6
3/1/2025 11:00,delwebb_to_marketpl,SB,0.19,0.8,31.7
3/1/2025 12:00,delwebb_to_marketpl,SB,0.16,0.77,32.6
3/1/2025 13:00,delwebb_to_marketpl,SB,0.17,0.78,32.5
3/1/2025 14:00,delwebb_to_marketpl,SB,0.15,0.75,33.4
3/1/2025 15:00,delwebb_to_marketpl,SB,0.1,0.68,37
3/1/2025 16:00,delwebb_to_marketpl,SB,0.06,0.65,38.8
3/1/2025 17:00,delwebb_to_marketpl,SB,0.11,0.72,35.2
3/1/2025 18:00,delwebb_to_marketpl,SB,0.08,0.66,37.7
3/1/2025 19:00,delwebb_to_marketpl,SB,0.07,0.62,40.7
3/1/2025 20:00,delwebb_to_marketpl,SB,0.05,0.62,41
3/1/2025 21:00,delwebb_to_marketpl,SB,0.02,0.61,41.1
3/1/2025 22:00,delwebb_to_marketpl,SB,0.07,0.61,41.1
3/1/2025 23:00,delwebb_to_marketpl,SB,0.06,0.64,38.7
3/2/2025 0:00,delwebb_to_marketpl,SB,0.06,0.65,38.8
3/2/2025 1:00,delwebb_to_marketpl,SB,0,0.56,44
3/2/2025 2:00,delwebb_to_marketpl,SB,0,0.55,45.6
3/2/2025 3:00,delwebb_to_marketpl,SB,0,0.56,44
3/2/2025 4:00,delwebb_to_marketpl,SB,0.01,0.57,43.5
3/2/2025 5:00,delwebb_to_marketpl,SB,0.03,0.59,42.9
3/2/2025 6:00,delwebb_to_marketpl,SB,0,0.56,44.1
3/2/2025 7:00,delwebb_to_marketpl,SB,0.01,0.56,45.3
3/2/2025 8:00,delwebb_to_marketpl,SB,0.15,0.76,33.7
3/2/2025 9:00,delwebb_to_marketpl,SB,0.05,0.66,38.2
3/2/2025 10:00,delwebb_to_marketpl,SB,0.15,0.74,34.1
3/2/2025 11:00,delwebb_to_marketpl,SB,0.1,0.71,35.5
3/2/2025 12:00,delwebb_to_marketpl,SB,0.13,0.72,35
3/2/2025 13:00,delwebb_to_marketpl,SB,0.15,0.76,33.2
3/2/2025 14:00,delwebb_to_marketpl,SB,0.06,0.63,40.3
3/2/2025 15:00,delwebb_to_marketpl,SB,0.15,0.74,34.1
3/2/2025 16:00,delwebb_to_marketpl,SB,0.1,0.69,36.3
3/2/2025 17:00,delwebb_to_marketpl,SB,0.05,0.64,39.2
3/2/2025 18:00,delwebb_to_marketpl,SB,0.14,0.74,34.2
3/2/2025 19:00,delwebb_to_marketpl,SB,0.09,0.7,35.7
3/2/2025 20:00,delwebb_to_marketpl,SB,0.16,0.75,34.2
3/2/2025 21:00,delwebb_to_marketpl,SB,0,0.54,46.4
3/2/2025 22:00,delwebb_to_marketpl,SB,0.05,0.65,38.1
3/2/2025 23:00,delwebb_to_marketpl,SB,0.05,0.62,40.2
3/3/2025 0:00,delwebb_to_marketpl,SB,0.07,0.65,38.9
3/3/2025 1:00,delwebb_to_marketpl,SB,0,0.52,48.3
3/3/2025 2:00,delwebb_to_marketpl,SB,0,0.56,44
3/3/2025 3:00,delwebb_to_marketpl,SB,0,0.56,44
3/3/2025 4:00,delwebb_to_marketpl,SB,0.01,0.6,41.7
3/3/2025 5:00,delwebb_to_marketpl,SB,0,0.56,44
3/3/2025 6:00,delwebb_to_marketpl,SB,0.02,0.58,43
3/3/2025 7:00,delwebb_to_marketpl,SB,0.14,0.71,36
3/3/2025 8:00,delwebb_to_marketpl,SB,0.07,0.62,40.2
3/3/2025 9:00,delwebb_to_marketpl,SB,0.11,0.71,35.1
3/3/2025 10:00,delwebb_to_marketpl,SB,0.19,0.8,31.3
3/3/2025 11:00,delwebb_to_marketpl,SB,0.21,0.82,30.8
3/3/2025 12:00,delwebb_to_marketpl,SB,0.25,0.87,28.8
3/3/2025 13:00,delwebb_to_marketpl,SB,0.18,0.77,32.5
3/3/2025 14:00,delwebb_to_marketpl,SB,0.26,0.86,29.8
3/3/2025 15:00,delwebb_to_marketpl,SB,0.27,0.88,28.9
3/3/2025 16:00,delwebb_to_marketpl,SB,0.23,0.83,30.6
3/3/2025 17:00,delwebb_to_marketpl,SB,0.19,0.79,31.6
3/3/2025 18:00,delwebb_to_marketpl,SB,0.15,0.75,33.6
3/3/2025 19:00,delwebb_to_marketpl,SB,0.09,0.67,37.4
3/3/2025 20:00,delwebb_to_marketpl,SB,0.05,0.64,39.3
3/3/2025 21:00,delwebb_to_marketpl,SB,0.06,0.65,39.2
3/3/2025 22:00,delwebb_to_marketpl,SB,0,0.51,48.9
3/3/2025 23:00,delwebb_to_marketpl,SB,0.01,0.55,45.2
3/4/2025 0:00,delwebb_to_marketpl,SB,0,0.56,44
3/4/2025 1:00,delwebb_to_marketpl,SB,0,0.56,44
3/4/2025 2:00,delwebb_to_marketpl,SB,0,0.56,44
3/4/2025 3:00,delwebb_to_marketpl,SB,0.02,0.58,42.9
3/4/2025 4:00,delwebb_to_marketpl,SB,0.09,0.68,37.9
3/4/2025 5:00,delwebb_to_marketpl,SB,0.02,0.56,45.6
3/4/2025 6:00,delwebb_to_marketpl,SB,0.01,0.58,43.2
3/4/2025 7:00,delwebb_to_marketpl,SB,0.05,0.64,39.1
3/4/2025 8:00,delwebb_to_marketpl,SB,0.11,0.69,36.3
3/4/2025 9:00,delwebb_to_marketpl,SB,0.12,0.72,34.8
3/4/2025 10:00,delwebb_to_marketpl,SB,0.09,0.67,38.4
3/4/2025 11:00,delwebb_to_marketpl,SB,0.02,0.59,42.3
3/4/2025 12:00,delwebb_to_marketpl,SB,0.22,0.84,29.8
3/4/2025 13:00,delwebb_to_marketpl,SB,0.26,0.88,28.5
3/4/2025 14:00,delwebb_to_marketpl,SB,0.18,0.79,32.3
3/4/2025 15:00,delwebb_to_marketpl,SB,0.28,0.92,27.3
3/4/2025 16:00,delwebb_to_marketpl,SB,0.11,0.74,33.8
3/4/2025 17:00,delwebb_to_marketpl,SB,0.12,0.74,34.5
3/4/2025 18:00,delwebb_to_marketpl,SB,0.09,0.71,35.3
3/4/2025 19:00,delwebb_to_marketpl,SB,0.09,0.71,35.3
3/4/2025 20:00,delwebb_to_marketpl,SB,0.12,0.75,33.9
3/4/2025 21:00,delwebb_to_marketpl,SB,0.16,0.77,33.1
3/4/2025 22:00,delwebb_to_marketpl,SB,0.04,0.61,41.4
3/4/2025 23:00,delwebb_to_marketpl,SB,0,0.6,41.9
3/5/2025 0:00,delwebb_to_marketpl,SB,0.09,0.72,35.6
3/5/2025 1:00,delwebb_to_marketpl,SB,0,0.56,44
3/5/2025 2:00,delwebb_to_marketpl,SB,0,0.56,44
3/5/2025 3:00,delwebb_to_marketpl,SB,0.04,0.61,42.2
3/5/2025 4:00,delwebb_to_marketpl,SB,0.14,0.75,36.1
3/5/2025 5:00,delwebb_to_marketpl,SB,0.01,0.54,46.3
3/5/2025 6:00,delwebb_to_marketpl,SB,0.03,0.6,42.1
3/5/2025 7:00,delwebb_to_marketpl,SB,0.06,0.65,38.6
3/5/2025 8:00,delwebb_to_marketpl,SB,0.08,0.69,36.2
3/5/2025 9:00,delwebb_to_marketpl,SB,0.1,0.72,35.7
3/5/2025 10:00,delwebb_to_marketpl,SB,0.25,0.89,28.6
3/5/2025 11:00,delwebb_to_marketpl,SB,0.24,0.87,28.6
3/5/2025 12:00,delwebb_to_marketpl,SB,0.27,0.91,28.4
3/5/2025 13:00,delwebb_to_marketpl,SB,0.28,0.92,27.5
3/5/2025 14:00,delwebb_to_marketpl,SB,0.16,0.8,31.2
3/5/2025 15:00,delwebb_to_marketpl,SB,0.21,0.86,29.7
3/5/2025 16:00,delwebb_to_marketpl,SB,0.11,0.71,35.6
3/5/2025 17:00,delwebb_to_marketpl,SB,0.2,0.84,29.9
3/5/2025 18:00,delwebb_to_marketpl,SB,0.21,0.86,29
3/5/2025 19:00,delwebb_to_marketpl,SB,0.08,0.69,36.6
3/5/2025 20:00,delwebb_to_marketpl,SB,0.03,0.62,40.5
3/5/2025 21:00,delwebb_to_marketpl,SB,0.08,0.73,34.3
3/5/2025 22:00,delwebb_to_marketpl,SB,0.02,0.55,45.5
3/5/2025 23:00,delwebb_to_marketpl,SB,0.01,0.58,43.8
3/6/2025 0:00,delwebb_to_marketpl,SB,0,0.53,47.1
3/6/2025 1:00,delwebb_to_marketpl,SB,0,0.56,44
3/6/2025 2:00,delwebb_to_marketpl,SB,0,0.57,43.8
3/6/2025 3:00,delwebb_to_marketpl,SB,0,0.58,43.1
3/6/2025 4:00,delwebb_to_marketpl,SB,0,0.61,41.2
3/6/2025 5:00,delwebb_to_marketpl,SB,0,0.57,43.6
3/6/2025 6:00,delwebb_to_marketpl,SB,0.01,0.56,44.7
3/6/2025 7:00,delwebb_to_marketpl,SB,0.06,0.65,38.3
3/6/2025 8:00,delwebb_to_marketpl,SB,0.12,0.74,34.3
3/6/2025 9:00,delwebb_to_marketpl,SB,0.06,0.67,37.1
3/6/2025 10:00,delwebb_to_marketpl,SB,0.2,0.84,30.5
3/6/2025 11:00,delwebb_to_marketpl,SB,0.2,0.84,29.8
3/6/2025 12:00,delwebb_to_marketpl,SB,0.21,0.86,29.3
3/6/2025 13:00,delwebb_to_marketpl,SB,0.23,0.87,28.9
3/6/2025 14:00,delwebb_to_marketpl,SB,0.15,0.75,33.9
3/6/2025 15:00,delwebb_to_marketpl,SB,0.26,0.89,28.2
3/6/2025 16:00,delwebb_to_marketpl,SB,0.22,0.84,30.5
3/6/2025 17:00,delwebb_to_marketpl,SB,0.12,0.72,35.4
3/6/2025 18:00,delwebb_to_marketpl,SB,0.06,0.7,35.4
3/6/2025 19:00,delwebb_to_marketpl,SB,0.14,0.78,32.6
3/6/2025 20:00,delwebb_to_marketpl,SB,0.15,0.81,31.6
3/6/2025 21:00,delwebb_to_marketpl,SB,0.03,0.64,39.3
3/6/2025 22:00,delwebb_to_marketpl,SB,0.02,0.62,40.4
3/6/2025 23:00,delwebb_to_marketpl,SB,0.01,0.63,39.4
3/7/2025 0:00,delwebb_to_marketpl,SB,0,0.57,43.7
3/7/2025 1:00,delwebb_to_marketpl,SB,0,0.57,44
3/7/2025 2:00,delwebb_to_marketpl,SB,0,0.55,45
3/7/2025 3:00,delwebb_to_marketpl,SB,0,0.56,44
3/7/2025 4:00,delwebb_to_marketpl,SB,0.12,0.73,36
3/7/2025 5:00,delwebb_to_marketpl,SB,0,0.58,43
3/7/2025 6:00,delwebb_to_marketpl,SB,0.02,0.58,43.1
3/7/2025 7:00,delwebb_to_marketpl,SB,0.05,0.64,39.7
3/7/2025 8:00,delwebb_to_marketpl,SB,0.07,0.67,37.7
3/7/2025 9:00,delwebb_to_marketpl,SB,0.12,0.75,33.5
3/7/2025 10:00,delwebb_to_marketpl,SB,0.2,0.83,30.3
3/7/2025 11:00,delwebb_to_marketpl,SB,0.24,0.86,29.5
3/7/2025 12:00,delwebb_to_marketpl,SB,0.24,0.88,28.7
3/7/2025 13:00,delwebb_to_marketpl,SB,0.27,0.91,27.8
3/7/2025 14:00,delwebb_to_marketpl,SB,0.23,0.87,29.6
3/7/2025 15:00,delwebb_to_marketpl,SB,0.29,0.92,27.7
3/7/2025 16:00,delwebb_to_marketpl,SB,0.18,0.79,31.9
3/7/2025 17:00,delwebb_to_marketpl,SB,0.31,0.94,27.4
3/7/2025 18:00,delwebb_to_marketpl,SB,0.14,0.76,32.9
3/7/2025 19:00,delwebb_to_marketpl,SB,0.08,0.71,35
3/7/2025 20:00,delwebb_to_marketpl,SB,0.13,0.75,33.9
3/7/2025 21:00,delwebb_to_marketpl,SB,0.05,0.63,39.9
3/7/2025 22:00,delwebb_to_marketpl,SB,0.11,0.73,34.6
3/7/2025 23:00,delwebb_to_marketpl,SB,0.02,0.64,39.4
3/8/2025 0:00,delwebb_to_marketpl,SB,0,0.58,43.1
3/8/2025 1:00,delwebb_to_marketpl,SB,0,0.58,42.9
3/8/2025 2:00,delwebb_to_marketpl,SB,0,0.53,47.4
3/8/2025 3:00,delwebb_to_marketpl,SB,0,0.56,44
3/8/2025 4:00,delwebb_to_marketpl,SB,0.08,0.7,36.9
3/8/2025 5:00,delwebb_to_marketpl,SB,0,0.56,44
3/8/2025 6:00,delwebb_to_marketpl,SB,0.01,0.57,43.9
3/8/2025 7:00,delwebb_to_marketpl,SB,0.03,0.59,42.5
3/8/2025 8:00,delwebb_to_marketpl,SB,0.03,0.63,39.4
3/8/2025 9:00,delwebb_to_marketpl,SB,0.1,0.75,33.8
3/8/2025 10:00,delwebb_to_marketpl,SB,0.19,0.83,30.6
3/8/2025 11:00,delwebb_to_marketpl,SB,0.18,0.81,31.1
3/8/2025 12:00,delwebb_to_marketpl,SB,0.19,0.79,32
3/8/2025 13:00,delwebb_to_marketpl,SB,0.07,0.66,37.8
3/8/2025 14:00,delwebb_to_marketpl,SB,0.12,0.76,32.9
3/8/2025 15:00,delwebb_to_marketpl,SB,0.17,0.78,33.7
3/8/2025 16:00,delwebb_to_marketpl,SB,0.16,0.78,33
3/8/2025 17:00,delwebb_to_marketpl,SB,0.15,0.79,32.6
3/8/2025 18:00,delwebb_to_marketpl,SB,0.07,0.7,35.7
3/8/2025 19:00,delwebb_to_marketpl,SB,0.1,0.71,35.8
3/8/2025 20:00,delwebb_to_marketpl,SB,0.08,0.67,37.4
3/8/2025 21:00,delwebb_to_marketpl,SB,0.03,0.64,38.9
3/8/2025 22:00,delwebb_to_marketpl,SB,0.11,0.72,34.8
3/8/2025 23:00,delwebb_to_marketpl,SB,0.02,0.59,42.3
3/9/2025 0:00,delwebb_to_marketpl,SB,0,0.56,44.3
3/9/2025 1:00,delwebb_to_marketpl,SB,0,0.56,44
3/9/2025 3:00,delwebb_to_marketpl,SB,0,0.53,47.6
3/9/2025 4:00,delwebb_to_marketpl,SB,0,0.56,44
3/9/2025 5:00,delwebb_to_marketpl,SB,0,0.56,44
3/9/2025 6:00,delwebb_to_marketpl,SB,0.01,0.6,41.9
3/9/2025 7:00,delwebb_to_marketpl,SB,0.06,0.71,35
3/9/2025 8:00,delwebb_to_marketpl,SB,0.06,0.69,36.2
3/9/2025 9:00,delwebb_to_marketpl,SB,0.09,0.7,36.7
3/9/2025 10:00,delwebb_to_marketpl,SB,0.09,0.69,36.3
3/9/2025 11:00,delwebb_to_marketpl,SB,0.18,0.8,31.3
3/9/2025 12:00,delwebb_to_marketpl,SB,0.12,0.76,33.3
3/9/2025 13:00,delwebb_to_marketpl,SB,0.17,0.8,31.7
3/9/2025 14:00,delwebb_to_marketpl,SB,0.2,0.82,30.7
3/9/2025 15:00,delwebb_to_marketpl,SB,0.11,0.74,34.8
3/9/2025 16:00,delwebb_to_marketpl,SB,0.08,0.64,39.4
3/9/2025 17:00,delwebb_to_marketpl,SB,0.19,0.83,30.3
3/9/2025 18:00,delwebb_to_marketpl,SB,0.13,0.73,34.3
3/9/2025 19:00,delwebb_to_marketpl,SB,0.12,0.72,35.6
3/9/2025 20:00,delwebb_to_marketpl,SB,0.09,0.71,35.3
3/9/2025 21:00,delwebb_to_marketpl,SB,0.08,0.71,35.5
3/9/2025 22:00,delwebb_to_marketpl,SB,0.08,0.67,37.9
3/9/2025 23:00,delwebb_to_marketpl,SB,0.07,0.64,39.8
3/10/2025 0:00,delwebb_to_marketpl,SB,0,0.56,44.6
3/10/2025 1:00,delwebb_to_marketpl,SB,0,0.57,44.2
3/10/2025 2:00,delwebb_to_marketpl,SB,0,0.51,49.4
3/10/2025 3:00,delwebb_to_marketpl,SB,0.01,0.6,41.6
3/10/2025 4:00,delwebb_to_marketpl,SB,0.01,0.57,44.6
3/10/2025 5:00,delwebb_to_marketpl,SB,0,0.57,43.8
3/10/2025 6:00,delwebb_to_marketpl,SB,0.01,0.59,42.3
3/10/2025 7:00,delwebb_to_marketpl,SB,0.03,0.62,40.3
3/10/2025 8:00,delwebb_to_marketpl,SB,0.1,0.71,35.7
3/10/2025 9:00,delwebb_to_marketpl,SB,0.1,0.73,34.1
3/10/2025 10:00,delwebb_to_marketpl,SB,0.2,0.85,29.7
3/10/2025 11:00,delwebb_to_marketpl,SB,0.25,0.9,28.4
3/10/2025 12:00,delwebb_to_marketpl,SB,0.21,0.86,29.1
3/10/2025 13:00,delwebb_to_marketpl,SB,0.22,0.86,29.4
3/10/2025 14:00,delwebb_to_marketpl,SB,0.16,0.78,32.2
3/10/2025 15:00,delwebb_to_marketpl,SB,0.21,0.83,30.2
3/10/2025 16:00,delwebb_to_marketpl,SB,0.22,0.87,28.8
3/10/2025 17:00,delwebb_to_marketpl,SB,0.15,0.76,32.8
3/10/2025 18:00,delwebb_to_marketpl,SB,0.19,0.81,31.3
3/10/2025 19:00,delwebb_to_marketpl,SB,0.14,0.78,32.1
3/10/2025 20:00,delwebb_to_marketpl,SB,0.12,0.73,34
3/10/2025 21:00,delwebb_to_marketpl,SB,0.05,0.65,38.3
3/10/2025 22:00,delwebb_to_marketpl,SB,0.02,0.64,39.2
3/10/2025 23:00,delwebb_to_marketpl,SB,0,0.6,41.5
3/11/2025 0:00,delwebb_to_marketpl,SB,0.01,0.6,41.5
3/11/2025 1:00,delwebb_to_marketpl,SB,0,0.56,44
3/11/2025 2:00,delwebb_to_marketpl,SB,0,0.56,44
3/11/2025 3:00,delwebb_to_marketpl,SB,0,0.56,44
3/11/2025 4:00,delwebb_to_marketpl,SB,0,0.56,44
3/11/2025 5:00,delwebb_to_marketpl,SB,0.05,0.62,42.4
3/11/2025 6:00,delwebb_to_marketpl,SB,0.01,0.58,42.6
3/11/2025 7:00,delwebb_to_marketpl,SB,0.04,0.65,38.1
3/11/2025 8:00,delwebb_to_marketpl,SB,0.07,0.67,37.3
3/11/2025 9:00,delwebb_to_marketpl,SB,0.12,0.77,32.7
3/11/2025 10:00,delwebb_to_marketpl,SB,0.11,0.75,33.4
3/11/2025 11:00,delwebb_to_marketpl,SB,0.22,0.87,28.7
3/11/2025 12:00,delwebb_to_marketpl,SB,0.32,0.98,25.8
3/11/2025 13:00,delwebb_to_marketpl,SB,0.21,0.84,30
3/11/2025 14:00,delwebb_to_marketpl,SB,0.24,0.87,29
3/11/2025 15:00,delwebb_to_marketpl,SB,0.19,0.83,30.3
3/11/2025 16:00,delwebb_to_marketpl,SB,0.2,0.84,30.2
3/11/2025 17:00,delwebb_to_marketpl,SB,0.13,0.75,33.5
3/11/2025 18:00,delwebb_to_marketpl,SB,0.25,0.88,29
3/11/2025 19:00,delwebb_to_marketpl,SB,0.11,0.74,34
3/11/2025 20:00,delwebb_to_marketpl,SB,0.02,0.62,40.2
3/11/2025 21:00,delwebb_to_marketpl,SB,0.08,0.72,35.4
3/11/2025 22:00,delwebb_to_marketpl,SB,0.09,0.71,35.9
3/11/2025 23:00,delwebb_to_marketpl,SB,0,0.6,41.7
3/12/2025 0:00,delwebb_to_marketpl,SB,0.02,0.62,41
3/12/2025 1:00,delwebb_to_marketpl,SB,0,0.56,44
3/12/2025 2:00,delwebb_to_marketpl,SB,0,0.56,44
3/12/2025 3:00,delwebb_to_marketpl,SB,0,0.56,44
3/12/2025 4:00,delwebb_to_marketpl,SB,0,0.59,42.1
3/12/2025 5:00,delwebb_to_marketpl,SB,0.01,0.58,42.9
3/12/2025 6:00,delwebb_to_marketpl,SB,0.01,0.55,45
3/12/2025 7:00,delwebb_to_marketpl,SB,0.06,0.69,36.6
3/12/2025 8:00,delwebb_to_marketpl,SB,0.07,0.66,37.7
3/12/2025 9:00,delwebb_to_marketpl,SB,0.1,0.71,35.6
3/12/2025 10:00,delwebb_to_marketpl,SB,0.12,0.76,33.2
3/12/2025 11:00,delwebb_to_marketpl,SB,0.18,0.83,30.8
3/12/2025 12:00,delwebb_to_marketpl,SB,0.16,0.79,31.9
3/12/2025 13:00,delwebb_to_marketpl,SB,0.25,0.87,29.4
3/12/2025 14:00,delwebb_to_marketpl,SB,0.16,0.81,30.7
3/12/2025 15:00,delwebb_to_marketpl,SB,0.2,0.83,30.1
3/12/2025 16:00,delwebb_to_marketpl,SB,0.26,0.88,28.6
3/12/2025 17:00,delwebb_to_marketpl,SB,0.18,0.79,31.9
3/12/2025 18:00,delwebb_to_marketpl,SB,0.14,0.76,33.3
3/12/2025 19:00,delwebb_to_marketpl,SB,0.15,0.77,32.4
3/12/2025 20:00,delwebb_to_marketpl,SB,0.13,0.73,35
3/12/2025 21:00,delwebb_to_marketpl,SB,0.04,0.64,39.4
3/12/2025 22:00,delwebb_to_marketpl,SB,0.03,0.59,42.3
3/12/2025 23:00,delwebb_to_marketpl,SB,0,0.55,45.3
3/13/2025 0:00,delwebb_to_marketpl,SB,0,0.56,44
3/13/2025 1:00,delwebb_to_marketpl,SB,0.03,0.65,39.1
3/13/2025 2:00,delwebb_to_marketpl,SB,0,0.56,44
3/13/2025 3:00,delwebb_to_marketpl,SB,0,0.57,43.8
3/13/2025 4:00,delwebb_to_marketpl,SB,0.04,0.63,39.6
3/13/2025 5:00,delwebb_to_marketpl,SB,0,0.55,46
3/13/2025 6:00,delwebb_to_marketpl,SB,0.04,0.64,39.2
3/13/2025 7:00,delwebb_to_marketpl,SB,0.01,0.62,40.5
3/13/2025 8:00,delwebb_to_marketpl,SB,0.09,0.71,35.1
3/13/2025 9:00,delwebb_to_marketpl,SB,0.1,0.72,35.3
3/13/2025 10:00,delwebb_to_marketpl,SB,0.15,0.8,31.5
3/13/2025 11:00,delwebb_to_marketpl,SB,0.18,0.82,31
3/13/2025 12:00,delwebb_to_marketpl,SB,0.22,0.85,29.3
3/13/2025 13:00,delwebb_to_marketpl,SB,0.22,0.84,29.7
3/13/2025 14:00,delwebb_to_marketpl,SB,0.13,0.73,34.2
3/13/2025 15:00,delwebb_to_marketpl,SB,0.22,0.86,29.2
3/13/2025 16:00,delwebb_to_marketpl,SB,0.18,0.82,30.8
3/13/2025 17:00,delwebb_to_marketpl,SB,0.19,0.82,30.5
3/13/2025 18:00,delwebb_to_marketpl,SB,0.14,0.74,35.2
3/13/2025 19:00,delwebb_to_marketpl,SB,0.15,0.74,34.1
3/13/2025 20:00,delwebb_to_marketpl,SB,0.02,0.61,40.8
3/13/2025 21:00,delwebb_to_marketpl,SB,0.03,0.66,37.7
3/13/2025 22:00,delwebb_to_marketpl,SB,0.01,0.55,46
3/13/2025 23:00,delwebb_to_marketpl,SB,0.01,0.58,42.9
3/14/2025 0:00,delwebb_to_marketpl,SB,0,0.57,43.6
3/14/2025 1:00,delwebb_to_marketpl,SB,0.02,0.61,40.7
3/14/2025 2:00,delwebb_to_marketpl,SB,0,0.56,44
3/14/2025 3:00,delwebb_to_marketpl,SB,0,0.56,44
3/14/2025 4:00,delwebb_to_marketpl,SB,0,0.56,44
3/14/2025 5:00,delwebb_to_marketpl,SB,0,0.55,45.1
3/14/2025 6:00,delwebb_to_marketpl,SB,0.05,0.64,39.4
3/14/2025 7:00,delwebb_to_marketpl,SB,0.1,0.71,35.7
3/14/2025 8:00,delwebb_to_marketpl,SB,0.08,0.68,37.3
3/14/2025 9:00,delwebb_to_marketpl,SB,0.11,0.73,34.7
3/14/2025 10:00,delwebb_to_marketpl,SB,0.17,0.8,31.6
3/14/2025 11:00,delwebb_to_marketpl,SB,0.28,0.92,27.8
3/14/2025 12:00,delwebb_to_marketpl,SB,0.23,0.88,28.4
3/14/2025 13:00,delwebb_to_marketpl,SB,0.19,0.83,30.4
3/14/2025 14:00,delwebb_to_marketpl,SB,0.27,0.91,28
3/14/2025 15:00,delwebb_to_marketpl,SB,0.27,0.89,28.9
3/14/2025 16:00,delwebb_to_marketpl,SB,0.22,0.84,29.7
3/14/2025 17:00,delwebb_to_marketpl,SB,0.15,0.76,32.8
3/14/2025 18:00,delwebb_to_marketpl,SB,0.16,0.77,32.9
3/14/2025 19:00,delwebb_to_marketpl,SB,0.12,0.72,34.8
3/14/2025 20:00,delwebb_to_marketpl,SB,0.05,0.64,38.8
3/14/2025 21:00,delwebb_to_marketpl,SB,0.05,0.63,40.8
3/14/2025 22:00,delwebb_to_marketpl,SB,0.04,0.61,41.9
3/14/2025 23:00,delwebb_to_marketpl,SB,0.03,0.6,42.4
3/15/2025 0:00,delwebb_to_marketpl,SB,0,0.59,42.3
3/15/2025 1:00,delwebb_to_marketpl,SB,0,0.56,44
3/15/2025 2:00,delwebb_to_marketpl,SB,0,0.59,42.4
3/15/2025 3:00,delwebb_to_marketpl,SB,0,0.57,43.8
3/15/2025 4:00,delwebb_to_marketpl,SB,0,0.56,44.5
3/15/2025 5:00,delwebb_to_marketpl,SB,0,0.55,44.8
3/15/2025 6:00,delwebb_to_marketpl,SB,0.05,0.64,39.7
3/15/2025 7:00,delwebb_to_marketpl,SB,0.03,0.62,40.5
3/15/2025 8:00,delwebb_to_marketpl,SB,0.05,0.64,38.9
3/15/2025 9:00,delwebb_to_marketpl,SB,0.06,0.68,37
3/15/2025 10:00,delwebb_to_marketpl,SB,0.08,0.7,36
3/15/2025 11:00,delwebb_to_marketpl,SB,0.11,0.72,34.9
3/15/2025 12:00,delwebb_to_marketpl,SB,0.07,0.71,35.3
3/15/2025 13:00,delwebb_to_marketpl,SB,0.23,0.87,29.3
3/15/2025 14:00,delwebb_to_marketpl,SB,0.19,0.84,30.5
3/15/2025 15:00,delwebb_to_marketpl,SB,0.15,0.79,32.1
3/15/2025 16:00,delwebb_to_marketpl,SB,0.14,0.72,35.8
3/15/2025 17:00,delwebb_to_marketpl,SB,0.18,0.82,30.6
3/15/2025 18:00,delwebb_to_marketpl,SB,0.13,0.77,32.2
3/15/2025 19:00,delwebb_to_marketpl,SB,0.06,0.7,36
3/15/2025 20:00,delwebb_to_marketpl,SB,0.06,0.64,39.3
3/15/2025 21:00,delwebb_to_marketpl,SB,0.09,0.68,37.3
3/15/2025 22:00,delwebb_to_marketpl,SB,0.02,0.58,43.3
3/15/2025 23:00,delwebb_to_marketpl,SB,0,0.57,43.7
3/16/2025 0:00,delwebb_to_marketpl,SB,0,0.56,44
3/16/2025 1:00,delwebb_to_marketpl,SB,0,0.56,44
3/16/2025 2:00,delwebb_to_marketpl,SB,0,0.57,43.8
3/16/2025 3:00,delwebb_to_marketpl,SB,0.05,0.67,38.3
3/16/2025 4:00,delwebb_to_marketpl,SB,0,0.58,42.8
3/16/2025 5:00,delwebb_to_marketpl,SB,0,0.59,42.2
3/16/2025 6:00,delwebb_to_marketpl,SB,0.01,0.61,41.1
3/16/2025 7:00,delwebb_to_marketpl,SB,0.01,0.59,42.5
3/16/2025 8:00,delwebb_to_marketpl,SB,0.06,0.69,36.4
3/16/2025 9:00,delwebb_to_marketpl,SB,0.05,0.67,37.6
3/16/2025 10:00,delwebb_to_marketpl,SB,0.08,0.66,38.8
3/16/2025 11:00,delwebb_to_marketpl,SB,0.1,0.7,36.1
3/16/2025 12:00,delwebb_to_marketpl,SB,0.14,0.79,31.9
3/16/2025 13:00,delwebb_to_marketpl,SB,0.17,0.79,32.2
3/16/2025 14:00,delwebb_to_marketpl,SB,0.11,0.74,34
3/16/2025 15:00,delwebb_to_marketpl,SB,0.09,0.72,34.7
3/16/2025 16:00,delwebb_to_marketpl,SB,0.19,0.79,32.4
3/16/2025 17:00,delwebb_to_marketpl,SB,0.13,0.74,34
3/16/2025 18:00,delwebb_to_marketpl,SB,0.15,0.74,33.9
3/16/2025 19:00,delwebb_to_marketpl,SB,0.19,0.82,30.8
3/16/2025 20:00,delwebb_to_marketpl,SB,0.08,0.68,37.2
3/16/2025 21:00,delwebb_to_marketpl,SB,0.05,0.67,37.2
3/16/2025 22:00,delwebb_to_marketpl,SB,0,0.58,43.2
3/16/2025 23:00,delwebb_to_marketpl,SB,0,0.62,40.4
3/17/2025 0:00,delwebb_to_marketpl,SB,0,0.56,44.1
3/17/2025 1:00,delwebb_to_marketpl,SB,0,0.55,45.3
3/17/2025 2:00,delwebb_to_marketpl,SB,0,0.56,44
3/17/2025 3:00,delwebb_to_marketpl,SB,0,0.56,44
3/17/2025 4:00,delwebb_to_marketpl,SB,0,0.57,43.7
3/17/2025 5:00,delwebb_to_marketpl,SB,0,0.56,44.2
3/17/2025 6:00,delwebb_to_marketpl,SB,0.01,0.57,43.8
3/17/2025 7:00,delwebb_to_marketpl,SB,0.06,0.64,39.6
3/17/2025 8:00,delwebb_to_marketpl,SB,0.07,0.65,39.1
3/17/2025 9:00,delwebb_to_marketpl,SB,0.12,0.73,34.9
3/17/2025 10:00,delwebb_to_marketpl,SB,0.15,0.79,31.7
3/17/2025 11:00,delwebb_to_marketpl,SB,0.18,0.83,30.6
3/17/2025 12:00,delwebb_to_marketpl,SB,0.26,0.9,27.9
3/17/2025 13:00,delwebb_to_marketpl,SB,0.2,0.82,30.8
3/17/2025 14:00,delwebb_to_marketpl,SB,0.23,0.87,29.2
3/17/2025 15:00,delwebb_to_marketpl,SB,0.28,0.93,27.1
3/17/2025 16:00,delwebb_to_marketpl,SB,0.28,0.9,28.6
3/17/2025 17:00,delwebb_to_marketpl,SB,0.18,0.79,31.6
3/17/2025 18:00,delwebb_to_marketpl,SB,0.14,0.76,33.4
3/17/2025 19:00,delwebb_to_marketpl,SB,0.08,0.67,38.6
3/17/2025 20:00,delwebb_to_marketpl,SB,0.05,0.66,38.3
3/17/2025 21:00,delwebb_to_marketpl,SB,0.08,0.71,35.5
3/17/2025 22:00,delwebb_to_marketpl,SB,0.02,0.62,40.1
3/17/2025 23:00,delwebb_to_marketpl,SB,0,0.59,42.7
3/18/2025 0:00,delwebb_to_marketpl,SB,0,0.56,44
3/18/2025 1:00,delwebb_to_marketpl,SB,0,0.56,44
3/18/2025 2:00,delwebb_to_marketpl,SB,0,0.54,46.1
3/18/2025 3:00,delwebb_to_marketpl,SB,0,0.56,44
3/18/2025 4:00,delwebb_to_marketpl,SB,0,0.56,44
3/18/2025 5:00,delwebb_to_marketpl,SB,0.03,0.6,41.5
3/18/2025 6:00,delwebb_to_marketpl,SB,0.03,0.58,43
3/18/2025 7:00,delwebb_to_marketpl,SB,0.09,0.71,35.3
3/18/2025 8:00,delwebb_to_marketpl,SB,0.12,0.73,34.7
3/18/2025 9:00,delwebb_to_marketpl,SB,0.14,0.77,33.3
3/18/2025 10:00,delwebb_to_marketpl,SB,0.21,0.86,29.5
3/18/2025 11:00,delwebb_to_marketpl,SB,0.19,0.83,30.4
3/18/2025 12:00,delwebb_to_marketpl,SB,0.19,0.83,30.3
3/18/2025 13:00,delwebb_to_marketpl,SB,0.19,0.82,30.4
3/18/2025 14:00,delwebb_to_marketpl,SB,0.27,0.9,27.9
3/18/2025 15:00,delwebb_to_marketpl,SB,0.17,0.79,32.1
3/18/2025 16:00,delwebb_to_marketpl,SB,0.18,0.84,30.2
3/18/2025 17:00,delwebb_to_marketpl,SB,0.27,0.9,27.8
3/18/2025 18:00,delwebb_to_marketpl,SB,0.18,0.77,32.4
3/18/2025 19:00,delwebb_to_marketpl,SB,0.14,0.76,33.1
3/18/2025 20:00,delwebb_to_marketpl,SB,0.02,0.62,40.2
3/18/2025 21:00,delwebb_to_marketpl,SB,0.13,0.76,34.3
3/18/2025 22:00,delwebb_to_marketpl,SB,0.11,0.71,37.7
3/18/2025 23:00,delwebb_to_marketpl,SB,0.04,0.65,39
3/19/2025 0:00,delwebb_to_marketpl,SB,0,0.56,44
3/19/2025 1:00,delwebb_to_marketpl,SB,0.04,0.62,40.4
3/19/2025 2:00,delwebb_to_marketpl,SB,0,0.56,44
3/19/2025 3:00,delwebb_to_marketpl,SB,0,0.58,43.2
3/19/2025 4:00,delwebb_to_marketpl,SB,0,0.58,42.7
3/19/2025 5:00,delwebb_to_marketpl,SB,0,0.56,44.4
3/19/2025 6:00,delwebb_to_marketpl,SB,0.02,0.62,40.5
3/19/2025 7:00,delwebb_to_marketpl,SB,0.04,0.62,40.4
3/19/2025 8:00,delwebb_to_marketpl,SB,0.16,0.76,33.1
3/19/2025 9:00,delwebb_to_marketpl,SB,0.07,0.69,36.7
3/19/2025 10:00,delwebb_to_marketpl,SB,0.15,0.74,34.8
3/19/2025 11:00,delwebb_to_marketpl,SB,0.23,0.86,29.4
3/19/2025 12:00,delwebb_to_marketpl,SB,0.3,0.93,27
3/19/2025 13:00,delwebb_to_marketpl,SB,0.23,0.86,29.7
3/19/2025 14:00,delwebb_to_marketpl,SB,0.31,0.97,26.3
3/19/2025 15:00,delwebb_to_marketpl,SB,0.28,0.93,27.4
3/19/2025 16:00,delwebb_to_marketpl,SB,0.24,0.85,29.7
3/19/2025 17:00,delwebb_to_marketpl,SB,0.09,0.7,35.8
3/19/2025 18:00,delwebb_to_marketpl,SB,0.16,0.77,32.7
3/19/2025 19:00,delwebb_to_marketpl,SB,0.14,0.77,32.8
3/19/2025 20:00,delwebb_to_marketpl,SB,0.11,0.76,33.4
3/19/2025 21:00,delwebb_to_marketpl,SB,0.1,0.71,35.6
3/19/2025 22:00,delwebb_to_marketpl,SB,0.03,0.6,42
3/19/2025 23:00,delwebb_to_marketpl,SB,0,0.59,42.4
3/20/2025 0:00,delwebb_to_marketpl,SB,0,0.56,44
3/20/2025 1:00,delwebb_to_marketpl,SB,0,0.54,46.1
3/20/2025 2:00,delwebb_to_marketpl,SB,0,0.56,44
3/20/2025 3:00,delwebb_to_marketpl,SB,0,0.52,48.5
3/20/2025 4:00,delwebb_to_marketpl,SB,0,0.56,44
3/20/2025 5:00,delwebb_to_marketpl,SB,0,0.56,44
3/20/2025 6:00,delwebb_to_marketpl,SB,0.02,0.6,41.8
3/20/2025 7:00,delwebb_to_marketpl,SB,0.04,0.63,39.9
3/20/2025 8:00,delwebb_to_marketpl,SB,0.08,0.68,36.9
3/20/2025 9:00,delwebb_to_marketpl,SB,0.17,0.81,31
3/20/2025 10:00,delwebb_to_marketpl,SB,0.13,0.76,32.9
3/20/2025 11:00,delwebb_to_marketpl,SB,0.17,0.81,31.3
3/20/2025 12:00,delwebb_to_marketpl,SB,0.2,0.83,30.4
3/20/2025 13:00,delwebb_to_marketpl,SB,0.14,0.76,32.9
3/20/2025 14:00,delwebb_to_marketpl,SB,0.2,0.84,30.3
3/20/2025 15:00,delwebb_to_marketpl,SB,0.2,0.85,30
3/20/2025 16:00,delwebb_to_marketpl,SB,0.19,0.82,30.6
3/20/2025 17:00,delwebb_to_marketpl,SB,0.23,0.87,28.8
3/20/2025 18:00,delwebb_to_marketpl,SB,0.16,0.77,32.7
3/20/2025 19:00,delwebb_to_marketpl,SB,0.11,0.71,35.2
3/20/2025 20:00,delwebb_to_marketpl,SB,0.07,0.68,36.8
3/20/2025 21:00,delwebb_to_marketpl,SB,0.05,0.68,36.8
3/20/2025 22:00,delwebb_to_marketpl,SB,0.02,0.62,40.9
3/20/2025 23:00,delwebb_to_marketpl,SB,0,0.55,45.7
3/21/2025 0:00,delwebb_to_marketpl,SB,0.03,0.62,41
3/21/2025 1:00,delwebb_to_marketpl,SB,0.03,0.62,40.8
3/21/2025 2:00,delwebb_to_marketpl,SB,0,0.56,44
3/21/2025 3:00,delwebb_to_marketpl,SB,0,0.56,44
3/21/2025 4:00,delwebb_to_marketpl,SB,0.04,0.63,39.6
3/21/2025 5:00,delwebb_to_marketpl,SB,0.01,0.55,45.3
3/21/2025 6:00,delwebb_to_marketpl,SB,0.01,0.6,41.6
3/21/2025 7:00,delwebb_to_marketpl,SB,0.12,0.75,33.9
3/21/2025 8:00,delwebb_to_marketpl,SB,0.08,0.69,36.4
3/21/2025 9:00,delwebb_to_marketpl,SB,0.1,0.74,34
3/21/2025 10:00,delwebb_to_marketpl,SB,0.24,0.89,28.3
3/21/2025 11:00,delwebb_to_marketpl,SB,0.23,0.88,29
3/21/2025 12:00,delwebb_to_marketpl,SB,0.32,0.95,26.9
3/21/2025 13:00,delwebb_to_marketpl,SB,0.14,0.77,32.8
3/21/2025 14:00,delwebb_to_marketpl,SB,0.31,0.94,27.1
3/21/2025 15:00,delwebb_to_marketpl,SB,0.29,0.95,26.3
3/21/2025 16:00,delwebb_to_marketpl,SB,0.14,0.75,34.1
3/21/2025 17:00,delwebb_to_marketpl,SB,0.17,0.8,31.6
3/21/2025 18:00,delwebb_to_marketpl,SB,0.16,0.77,32.7
3/21/2025 19:00,delwebb_to_marketpl,SB,0.16,0.79,31.8
3/21/2025 20:00,delwebb_to_marketpl,SB,0.08,0.71,35.3
3/21/2025 21:00,delwebb_to_marketpl,SB,0.04,0.61,41
3/21/2025 22:00,delwebb_to_marketpl,SB,0.03,0.62,40.5
3/21/2025 23:00,delwebb_to_marketpl,SB,0,0.56,44.3
3/22/2025 0:00,delwebb_to_marketpl,SB,0.01,0.59,42.6
3/22/2025 1:00,delwebb_to_marketpl,SB,0,0.53,47.6
3/22/2025 2:00,delwebb_to_marketpl,SB,0.04,0.67,38.1
3/22/2025 3:00,delwebb_to_marketpl,SB,0,0.58,43.2
3/22/2025 4:00,delwebb_to_marketpl,SB,0.08,0.7,36.3
3/22/2025 5:00,delwebb_to_marketpl,SB,0,0.57,43.7
3/22/2025 6:00,delwebb_to_marketpl,SB,0.01,0.62,40.3
3/22/2025 7:00,delwebb_to_marketpl,SB,0.02,0.6,41.3
3/22/2025 8:00,delwebb_to_marketpl,SB,0.08,0.69,36.5
3/22/2025 9:00,delwebb_to_marketpl,SB,0.16,0.8,31.5
3/22/2025 10:00,delwebb_to_marketpl,SB,0.12,0.75,33.6
3/22/2025 11:00,delwebb_to_marketpl,SB,0.22,0.85,29.9
3/22/2025 12:00,delwebb_to_marketpl,SB,0.2,0.83,30.5
3/22/2025 13:00,delwebb_to_marketpl,SB,0.17,0.79,31.6
3/22/2025 14:00,delwebb_to_marketpl,SB,0.11,0.74,34.1
3/22/2025 15:00,delwebb_to_marketpl,SB,0.22,0.84,30.1
3/22/2025 16:00,delwebb_to_marketpl,SB,0.18,0.82,30.4
3/22/2025 17:00,delwebb_to_marketpl,SB,0.11,0.74,34.2
3/22/2025 18:00,delwebb_to_marketpl,SB,0.13,0.77,33
3/22/2025 19:00,delwebb_to_marketpl,SB,0.08,0.69,36.9
3/22/2025 20:00,delwebb_to_marketpl,SB,0.04,0.66,38
3/22/2025 21:00,delwebb_to_marketpl,SB,0.05,0.64,39.1
3/22/2025 22:00,delwebb_to_marketpl,SB,0.08,0.68,37.7
3/22/2025 23:00,delwebb_to_marketpl,SB,0.07,0.7,36.5
3/23/2025 0:00,delwebb_to_marketpl,SB,0,0.57,43.6
3/23/2025 1:00,delwebb_to_marketpl,SB,0,0.58,42.8
3/23/2025 2:00,delwebb_to_marketpl,SB,0,0.56,44
3/23/2025 3:00,delwebb_to_marketpl,SB,0,0.56,44
3/23/2025 4:00,delwebb_to_marketpl,SB,0.02,0.62,40.2
3/23/2025 5:00,delwebb_to_marketpl,SB,0.05,0.65,38.7
3/23/2025 6:00,delwebb_to_marketpl,SB,0,0.49,51.4
3/23/2025 7:00,delwebb_to_marketpl,SB,0.08,0.68,37.4
3/23/2025 8:00,delwebb_to_marketpl,SB,0.05,0.66,38.1
3/23/2025 9:00,delwebb_to_marketpl,SB,0.07,0.72,35
3/23/2025 10:00,delwebb_to_marketpl,SB,0.04,0.65,38.5
3/23/2025 11:00,delwebb_to_marketpl,SB,0.06,0.68,36.9
3/23/2025 12:00,delwebb_to_marketpl,SB,0.16,0.79,32
3/23/2025 13:00,delwebb_to_marketpl,SB,0.13,0.77,32.7
3/23/2025 14:00,delwebb_to_marketpl,SB,0.18,0.81,31
3/23/2025 15:00,delwebb_to_marketpl,SB,0.11,0.7,36.7
3/23/2025 16:00,delwebb_to_marketpl,SB,0.09,0.69,36.8
3/23/2025 17:00,delwebb_to_marketpl,SB,0.17,0.76,33.4
3/23/2025 18:00,delwebb_to_marketpl,SB,0.21,0.84,31
3/23/2025 19:00,delwebb_to_marketpl,SB,0.03,0.6,41.5
3/23/2025 20:00,delwebb_to_marketpl,SB,0.08,0.69,36
3/23/2025 21:00,delwebb_to_marketpl,SB,0.03,0.62,40
3/23/2025 22:00,delwebb_to_marketpl,SB,0.07,0.64,39
3/23/2025 23:00,delwebb_to_marketpl,SB,0.04,0.63,39.9
3/24/2025 0:00,delwebb_to_marketpl,SB,0,0.56,44.4
3/24/2025 1:00,delwebb_to_marketpl,SB,0,0.56,44
3/24/2025 2:00,delwebb_to_marketpl,SB,0.02,0.65,38.6
3/24/2025 3:00,delwebb_to_marketpl,SB,0,0.57,43.4
3/24/2025 4:00,delwebb_to_marketpl,SB,0.01,0.61,41.1
3/24/2025 5:00,delwebb_to_marketpl,SB,0.03,0.65,38.2
3/24/2025 6:00,delwebb_to_marketpl,SB,0.01,0.59,42.2
3/24/2025 7:00,delwebb_to_marketpl,SB,0.11,0.72,35
3/24/2025 8:00,delwebb_to_marketpl,SB,0.1,0.72,35.2
3/24/2025 9:00,delwebb_to_marketpl,SB,0.17,0.8,31.2
3/24/2025 10:00,delwebb_to_marketpl,SB,0.18,0.81,31.6
3/24/2025 11:00,delwebb_to_marketpl,SB,0.22,0.86,29.1
3/24/2025 12:00,delwebb_to_marketpl,SB,0.3,0.93,27.1
3/24/2025 13:00,delwebb_to_marketpl,SB,0.24,0.89,28.5
3/24/2025 14:00,delwebb_to_marketpl,SB,0.29,0.93,27.9
3/24/2025 15:00,delwebb_to_marketpl,SB,0.21,0.85,30.6
3/24/2025 16:00,delwebb_to_marketpl,SB,0.23,0.85,30.4
3/24/2025 17:00,delwebb_to_marketpl,SB,0.14,0.75,34.2
3/24/2025 18:00,delwebb_to_marketpl,SB,0.14,0.77,33.1
3/24/2025 19:00,delwebb_to_marketpl,SB,0.08,0.69,36.4
3/24/2025 20:00,delwebb_to_marketpl,SB,0.09,0.71,35.2
3/24/2025 21:00,delwebb_to_marketpl,SB,0.07,0.72,35.1
3/24/2025 22:00,delwebb_to_marketpl,SB,0.04,0.68,36.9
3/24/2025 23:00,delwebb_to_marketpl,SB,0.02,0.66,38.3
3/25/2025 0:00,delwebb_to_marketpl,SB,0,0.56,44
3/25/2025 1:00,delwebb_to_marketpl,SB,0,0.56,44
3/25/2025 2:00,delwebb_to_marketpl,SB,0.01,0.6,41.7
3/25/2025 3:00,delwebb_to_marketpl,SB,0,0.56,44
3/25/2025 4:00,delwebb_to_marketpl,SB,0.04,0.64,39.6
3/25/2025 5:00,delwebb_to_marketpl,SB,0.01,0.6,41.7
3/25/2025 6:00,delwebb_to_marketpl,SB,0.01,0.6,42
3/25/2025 7:00,delwebb_to_marketpl,SB,0.14,0.77,33.4
3/25/2025 8:00,delwebb_to_marketpl,SB,0.07,0.69,36.2
3/25/2025 9:00,delwebb_to_marketpl,SB,0.19,0.84,30.3
3/25/2025 10:00,delwebb_to_marketpl,SB,0.15,0.77,32.4
3/25/2025 11:00,delwebb_to_marketpl,SB,0.22,0.84,29.8
3/25/2025 12:00,delwebb_to_marketpl,SB,0.18,0.8,31.5
3/25/2025 13:00,delwebb_to_marketpl,SB,0.2,0.83,30.7
3/25/2025 14:00,delwebb_to_marketpl,SB,0.13,0.78,32
3/25/2025 15:00,delwebb_to_marketpl,SB,0.17,0.81,31.3
3/25/2025 16:00,delwebb_to_marketpl,SB,0.21,0.82,30.6
3/25/2025 17:00,delwebb_to_marketpl,SB,0.15,0.75,34.1
3/25/2025 18:00,delwebb_to_marketpl,SB,0.09,0.7,36
3/25/2025 19:00,delwebb_to_marketpl,SB,0.05,0.66,37.6
3/25/2025 20:00,delwebb_to_marketpl,SB,0.14,0.72,34.7
3/25/2025 21:00,delwebb_to_marketpl,SB,0.02,0.6,41.3
3/25/2025 22:00,delwebb_to_marketpl,SB,0,0.54,46.5
3/25/2025 23:00,delwebb_to_marketpl,SB,0,0.56,44
3/26/2025 0:00,delwebb_to_marketpl,SB,0,0.56,44
3/26/2025 1:00,delwebb_to_marketpl,SB,0,0.56,44
3/26/2025 2:00,delwebb_to_marketpl,SB,0,0.56,44
3/26/2025 3:00,delwebb_to_marketpl,SB,0,0.57,43.4
3/26/2025 4:00,delwebb_to_marketpl,SB,0.02,0.64,39
3/26/2025 5:00,delwebb_to_marketpl,SB,0.09,0.69,36.4
3/26/2025 6:00,delwebb_to_marketpl,SB,0.1,0.71,35.7
3/26/2025 7:00,delwebb_to_marketpl,SB,0.05,0.64,39.9
3/26/2025 8:00,delwebb_to_marketpl,SB,0.06,0.63,39.4
3/26/2025 9:00,delwebb_to_marketpl,SB,0.17,0.8,31.7
3/26/2025 10:00,delwebb_to_marketpl,SB,0.15,0.79,31.6
3/26/2025 11:00,delwebb_to_marketpl,SB,0.17,0.81,31
3/26/2025 12:00,delwebb_to_marketpl,SB,0.19,0.82,31
3/26/2025 13:00,delwebb_to_marketpl,SB,0.1,0.73,34.4
3/26/2025 14:00,delwebb_to_marketpl,SB,0.19,0.83,30.8
3/26/2025 15:00,delwebb_to_marketpl,SB,0.26,0.9,27.9
3/26/2025 16:00,delwebb_to_marketpl,SB,0.1,0.71,35
3/26/2025 17:00,delwebb_to_marketpl,SB,0.22,0.84,29.8
3/26/2025 18:00,delwebb_to_marketpl,SB,0.15,0.79,31.9
3/26/2025 19:00,delwebb_to_marketpl,SB,0.15,0.8,31.1
3/26/2025 20:00,delwebb_to_marketpl,SB,0.07,0.69,36.1
3/26/2025 21:00,delwebb_to_marketpl,SB,0.05,0.61,41.5
3/26/2025 22:00,delwebb_to_marketpl,SB,0.01,0.52,48.2
3/26/2025 23:00,delwebb_to_marketpl,SB,0,0.52,47.9
3/27/2025 0:00,delwebb_to_marketpl,SB,0,0.57,43.9
3/27/2025 1:00,delwebb_to_marketpl,SB,0,0.56,44
3/27/2025 2:00,delwebb_to_marketpl,SB,0,0.56,44
3/27/2025 3:00,delwebb_to_marketpl,SB,0,0.56,44
3/27/2025 4:00,delwebb_to_marketpl,SB,0.01,0.61,40.5
3/27/2025 5:00,delwebb_to_marketpl,SB,0,0.57,43.5
3/27/2025 6:00,delwebb_to_marketpl,SB,0.01,0.58,43.1
3/27/2025 7:00,delwebb_to_marketpl,SB,0.03,0.62,40.7
3/27/2025 8:00,delwebb_to_marketpl,SB,0.07,0.67,37.4
3/27/2025 9:00,delwebb_to_marketpl,SB,0.14,0.76,33.4
3/27/2025 10:00,delwebb_to_marketpl,SB,0.16,0.78,32.6
3/27/2025 11:00,delwebb_to_marketpl,SB,0.2,0.84,29.9
3/27/2025 12:00,delwebb_to_marketpl,SB,0.25,0.88,29.2
3/27/2025 13:00,delwebb_to_marketpl,SB,0.19,0.77,32.9
3/27/2025 14:00,delwebb_to_marketpl,SB,0.22,0.84,30.4
3/27/2025 15:00,delwebb_to_marketpl,SB,0.31,0.95,26.3
3/27/2025 16:00,delwebb_to_marketpl,SB,0.25,0.88,28.7
3/27/2025 17:00,delwebb_to_marketpl,SB,0.12,0.74,33.8
3/27/2025 18:00,delwebb_to_marketpl,SB,0.18,0.79,32.7
3/27/2025 19:00,delwebb_to_marketpl,SB,0.14,0.74,34.7
3/27/2025 20:00,delwebb_to_marketpl,SB,0.07,0.7,35.9
3/27/2025 21:00,delwebb_to_marketpl,SB,0.11,0.72,36
3/27/2025 22:00,delwebb_to_marketpl,SB,0.03,0.61,41
3/27/2025 23:00,delwebb_to_marketpl,SB,0,0.56,44.3
3/28/2025 0:00,delwebb_to_marketpl,SB,0,0.56,44.9
3/28/2025 1:00,delwebb_to_marketpl,SB,0.01,0.62,40.4
3/28/2025 2:00,delwebb_to_marketpl,SB,0,0.56,44
3/28/2025 3:00,delwebb_to_marketpl,SB,0,0.56,44.2
3/28/2025 4:00,delwebb_to_marketpl,SB,0.04,0.64,39.2
3/28/2025 5:00,delwebb_to_marketpl,SB,0.01,0.6,41.6
3/28/2025 6:00,delwebb_to_marketpl,SB,0.05,0.61,40.7
3/28/2025 7:00,delwebb_to_marketpl,SB,0.03,0.62,40
3/28/2025 8:00,delwebb_to_marketpl,SB,0.08,0.66,38.5
3/28/2025 9:00,delwebb_to_marketpl,SB,0.19,0.8,31.9
3/28/2025 10:00,delwebb_to_marketpl,SB,0.26,0.91,27.7
3/28/2025 11:00,delwebb_to_marketpl,SB,0.27,0.92,27.4
3/28/2025 12:00,delwebb_to_marketpl,SB,0.26,0.92,27.3
3/28/2025 13:00,delwebb_to_marketpl,SB,0.22,0.87,28.9
3/28/2025 14:00,delwebb_to_marketpl,SB,0.39,1.03,25.1
3/28/2025 15:00,delwebb_to_marketpl,SB,0.21,0.85,29.6
3/28/2025 16:00,delwebb_to_marketpl,SB,0.29,0.93,27.3
3/28/2025 17:00,delwebb_to_marketpl,SB,0.13,0.73,34.5
3/28/2025 18:00,delwebb_to_marketpl,SB,0.13,0.75,33.6
3/28/2025 19:00,delwebb_to_marketpl,SB,0.05,0.65,38.3
3/28/2025 20:00,delwebb_to_marketpl,SB,0.02,0.61,41.2
3/28/2025 21:00,delwebb_to_marketpl,SB,0.04,0.64,39.2
3/28/2025 22:00,delwebb_to_marketpl,SB,0.05,0.62,40.4
3/28/2025 23:00,delwebb_to_marketpl,SB,0.03,0.64,39.6
3/29/2025 0:00,delwebb_to_marketpl,SB,0.01,0.58,43.4
3/29/2025 1:00,delwebb_to_marketpl,SB,0.02,0.6,41.9
3/29/2025 2:00,delwebb_to_marketpl,SB,0.01,0.61,40.8
3/29/2025 3:00,delwebb_to_marketpl,SB,0,0.57,43.6
3/29/2025 4:00,delwebb_to_marketpl,SB,0.03,0.65,38.6
3/29/2025 5:00,delwebb_to_marketpl,SB,0,0.59,42.1
3/29/2025 6:00,delwebb_to_marketpl,SB,0.01,0.56,44.2
3/29/2025 7:00,delwebb_to_marketpl,SB,0.08,0.67,37.9
3/29/2025 8:00,delwebb_to_marketpl,SB,0.02,0.57,43.3
3/29/2025 9:00,delwebb_to_marketpl,SB,0.04,0.66,38.2
3/29/2025 10:00,delwebb_to_marketpl,SB,0.1,0.71,35.5
3/29/2025 11:00,delwebb_to_marketpl,SB,0.18,0.83,30.6
3/29/2025 12:00,delwebb_to_marketpl,SB,0.2,0.85,29.3
3/29/2025 13:00,delwebb_to_marketpl,SB,0.1,0.72,35.6
3/29/2025 14:00,delwebb_to_marketpl,SB,0.08,0.7,36
3/29/2025 15:00,delwebb_to_marketpl,SB,0.1,0.71,35.1
3/29/2025 16:00,delwebb_to_marketpl,SB,0.07,0.71,35
3/29/2025 17:00,delwebb_to_marketpl,SB,0.11,0.74,34.2
3/29/2025 18:00,delwebb_to_marketpl,SB,0.13,0.7,35.8
3/29/2025 19:00,delwebb_to_marketpl,SB,0.06,0.65,38.6
3/29/2025 20:00,delwebb_to_marketpl,SB,0.11,0.72,35
3/29/2025 21:00,delwebb_to_marketpl,SB,0.12,0.75,33.3
3/29/2025 22:00,delwebb_to_marketpl,SB,0.13,0.75,35.3
3/29/2025 23:00,delwebb_to_marketpl,SB,0.01,0.57,43.5
3/30/2025 0:00,delwebb_to_marketpl,SB,0.02,0.6,41.9
3/30/2025 1:00,delwebb_to_marketpl,SB,0,0.57,43.5
3/30/2025 2:00,delwebb_to_marketpl,SB,0,0.58,43.1
3/30/2025 3:00,delwebb_to_marketpl,SB,0.06,0.68,36.9
3/30/2025 4:00,delwebb_to_marketpl,SB,0.01,0.58,43
3/30/2025 5:00,delwebb_to_marketpl,SB,0,0.57,43.3
3/30/2025 6:00,delwebb_to_marketpl,SB,0,0.55,46.1
3/30/2025 7:00,delwebb_to_marketpl,SB,0.01,0.52,47.7
3/30/2025 8:00,delwebb_to_marketpl,SB,0.02,0.62,40
3/30/2025 9:00,delwebb_to_marketpl,SB,0.08,0.71,35.5
3/30/2025 10:00,delwebb_to_marketpl,SB,0.11,0.75,34
3/30/2025 11:00,delwebb_to_marketpl,SB,0.22,0.85,29.6
3/30/2025 12:00,delwebb_to_marketpl,SB,0.1,0.72,34.5
3/30/2025 13:00,delwebb_to_marketpl,SB,0.05,0.66,37.8
3/30/2025 14:00,delwebb_to_marketpl,SB,0.11,0.71,35.8
3/30/2025 15:00,delwebb_to_marketpl,SB,0.11,0.73,34.8
3/30/2025 16:00,delwebb_to_marketpl,SB,0.08,0.71,36
3/30/2025 17:00,delwebb_to_marketpl,SB,0.09,0.71,35.3
3/30/2025 18:00,delwebb_to_marketpl,SB,0.11,0.75,33.7
3/30/2025 19:00,delwebb_to_marketpl,SB,0.14,0.75,33.4
3/30/2025 20:00,delwebb_to_marketpl,SB,0.12,0.76,33.1
3/30/2025 21:00,delwebb_to_marketpl,SB,0.07,0.68,37.5
3/30/2025 22:00,delwebb_to_marketpl,SB,0.04,0.62,40.3
3/30/2025 23:00,delwebb_to_marketpl,SB,0,0.59,42.7
3/31/2025 0:00,delwebb_to_marketpl,SB,0,0.57,43.4
3/31/2025 1:00,delwebb_to_marketpl,SB,0.04,0.65,38.8
3/31/2025 2:00,delwebb_to_marketpl,SB,0,0.56,44
3/31/2025 3:00,delwebb_to_marketpl,SB,0,0.57,44
3/31/2025 4:00,delwebb_to_marketpl,SB,0.02,0.64,39.3
3/31/2025 5:00,delwebb_to_marketpl,SB,0,0.58,43.4
3/31/2025 6:00,delwebb_to_marketpl,SB,0,0.56,44.7
3/31/2025 7:00,delwebb_to_marketpl,SB,0.13,0.74,34.9
3/31/2025 8:00,delwebb_to_marketpl,SB,0.04,0.66,37.6
3/31/2025 9:00,delwebb_to_marketpl,SB,0.1,0.72,34.8
3/31/2025 10:00,delwebb_to_marketpl,SB,0.29,0.94,27.4
3/31/2025 11:00,delwebb_to_marketpl,SB,0.23,0.85,30.2
3/31/2025 12:00,delwebb_to_marketpl,SB,0.2,0.83,30.4
3/31/2025 13:00,delwebb_to_marketpl,SB,0.19,0.83,30.8
3/31/2025 14:00,delwebb_to_marketpl,SB,0.17,0.8,31.2
3/31/2025 15:00,delwebb_to_marketpl,SB,0.2,0.84,30
3/31/2025 16:00,delwebb_to_marketpl,SB,0.15,0.75,33.5
3/31/2025 17:00,delwebb_to_marketpl,SB,0.19,0.8,31.4
3/31/2025 18:00,delwebb_to_marketpl,SB,0.15,0.75,33.4
3/31/2025 19:00,delwebb_to_marketpl,SB,0.09,0.68,37.2
3/31/2025 20:00,delwebb_to_marketpl,SB,0.05,0.68,36.8
3/31/2025 21:00,delwebb_to_marketpl,SB,0.06,0.67,37.3
3/31/2025 22:00,delwebb_to_marketpl,SB,0.03,0.58,43
3/31/2025 23:00,delwebb_to_marketpl,SB,0,0.57,43.8
4/1/2025 0:00,delwebb_to_marketpl,SB,0,0.57,43.7
4/1/2025 1:00,delwebb_to_marketpl,SB,0,0.56,44
4/1/2025 2:00,delwebb_to_marketpl,SB,0,0.56,44
4/1/2025 3:00,delwebb_to_marketpl,SB,0,0.56,44
4/1/2025 4:00,delwebb_to_marketpl,SB,0.02,0.61,41.5
4/1/2025 5:00,delwebb_to_marketpl,SB,0.01,0.57,43.5
4/1/2025 6:00,delwebb_to_marketpl,SB,0.01,0.57,43.5
4/1/2025 7:00,delwebb_to_marketpl,SB,0.08,0.67,37.7
4/1/2025 8:00,delwebb_to_marketpl,SB,0.12,0.74,34.3
4/1/2025 9:00,delwebb_to_marketpl,SB,0.11,0.73,34.2
4/1/2025 10:00,delwebb_to_marketpl,SB,0.25,0.88,28.4
4/1/2025 11:00,delwebb_to_marketpl,SB,0.15,0.78,31.9
4/1/2025 12:00,delwebb_to_marketpl,SB,0.22,0.82,30.7
4/1/2025 13:00,delwebb_to_marketpl,SB,0.26,0.91,27.4
4/1/2025 14:00,delwebb_to_marketpl,SB,0.16,0.79,31.6
4/1/2025 15:00,delwebb_to_marketpl,SB,0.16,0.78,32.1
4/1/2025 16:00,delwebb_to_marketpl,SB,0.21,0.84,29.8
4/1/2025 17:00,delwebb_to_marketpl,SB,0.14,0.75,34
4/1/2025 18:00,delwebb_to_marketpl,SB,0.17,0.78,32.8
4/1/2025 19:00,delwebb_to_marketpl,SB,0.12,0.75,34
4/1/2025 20:00,delwebb_to_marketpl,SB,0.14,0.79,31.9
4/1/2025 21:00,delwebb_to_marketpl,SB,0.04,0.67,37.5
4/1/2025 22:00,delwebb_to_marketpl,SB,0,0.57,43.4
4/1/2025 23:00,delwebb_to_marketpl,SB,0.07,0.66,39.1
4/2/2025 0:00,delwebb_to_marketpl,SB,0,0.57,43.6
4/2/2025 1:00,delwebb_to_marketpl,SB,0,0.56,44
4/2/2025 2:00,delwebb_to_marketpl,SB,0,0.56,44
4/2/2025 3:00,delwebb_to_marketpl,SB,0,0.56,44
4/2/2025 4:00,delwebb_to_marketpl,SB,0.01,0.58,43.1
4/2/2025 5:00,delwebb_to_marketpl,SB,0.17,0.81,31
4/2/2025 6:00,delwebb_to_marketpl,SB,0.04,0.64,40
4/2/2025 7:00,delwebb_to_marketpl,SB,0.08,0.69,36.5
4/2/2025 8:00,delwebb_to_marketpl,SB,0.16,0.81,31.1
4/2/2025 9:00,delwebb_to_marketpl,SB,0.2,0.86,29
4/2/2025 10:00,delwebb_to_marketpl,SB,0.25,0.91,27.6
4/2/2025 11:00,delwebb_to_marketpl,SB,0.4,1.05,24.1
4/2/2025 12:00,delwebb_to_marketpl,SB,0.33,0.96,26.1
4/2/2025 13:00,delwebb_to_marketpl,SB,0.19,0.81,31.1
4/2/2025 14:00,delwebb_to_marketpl,SB,0.19,0.83,30.4
4/2/2025 15:00,delwebb_to_marketpl,SB,0.16,0.78,32.1
4/2/2025 16:00,delwebb_to_marketpl,SB,0.24,0.87,28.9
4/2/2025 17:00,delwebb_to_marketpl,SB,0.12,0.73,34.7
4/2/2025 18:00,delwebb_to_marketpl,SB,0.19,0.8,31.6
4/2/2025 19:00,delwebb_to_marketpl,SB,0.15,0.79,32.7
4/2/2025 20:00,delwebb_to_marketpl,SB,0.09,0.71,35.2
4/2/2025 21:00,delwebb_to_marketpl,SB,0.07,0.69,36.7
4/2/2025 22:00,delwebb_to_marketpl,SB,0.04,0.63,39.7
4/2/2025 23:00,delwebb_to_marketpl,SB,0.02,0.6,41.5
4/3/2025 0:00,delwebb_to_marketpl,SB,0,0.55,45.7
4/3/2025 1:00,delwebb_to_marketpl,SB,0,0.57,43.7
4/3/2025 2:00,delwebb_to_marketpl,SB,0,0.57,43.9
4/3/2025 3:00,delwebb_to_marketpl,SB,0,0.56,44
4/3/2025 4:00,delwebb_to_marketpl,SB,0,0.56,44
4/3/2025 5:00,delwebb_to_marketpl,SB,0.01,0.57,43.7
4/3/2025 6:00,delwebb_to_marketpl,SB,0.01,0.57,43.7
4/3/2025 7:00,delwebb_to_marketpl,SB,0.1,0.71,35.6
4/3/2025 8:00,delwebb_to_marketpl,SB,0.1,0.72,35.1
4/3/2025 9:00,delwebb_to_marketpl,SB,0.1,0.73,34.2
4/3/2025 10:00,delwebb_to_marketpl,SB,0.15,0.78,32.1
4/3/2025 11:00,delwebb_to_marketpl,SB,0.22,0.84,29.8
4/3/2025 12:00,delwebb_to_marketpl,SB,0.24,0.88,28.8
4/3/2025 13:00,delwebb_to_marketpl,SB,0.31,0.96,26
4/3/2025 14:00,delwebb_to_marketpl,SB,0.22,0.87,29.3
4/3/2025 15:00,delwebb_to_marketpl,SB,0.2,0.83,30.1
4/3/2025 16:00,delwebb_to_marketpl,SB,0.3,0.94,26.7
4/3/2025 17:00,delwebb_to_marketpl,SB,0.13,0.74,33.9
4/3/2025 18:00,delwebb_to_marketpl,SB,0.16,0.76,33.4
4/3/2025 19:00,delwebb_to_marketpl,SB,0.11,0.71,35.3
4/3/2025 20:00,delwebb_to_marketpl,SB,0.09,0.69,36.2
4/3/2025 21:00,delwebb_to_marketpl,SB,0.05,0.65,38.8
4/3/2025 22:00,delwebb_to_marketpl,SB,0.03,0.65,38.4
4/3/2025 23:00,delwebb_to_marketpl,SB,0.04,0.64,39.5
4/4/2025 0:00,delwebb_to_marketpl,SB,0.02,0.66,37.9
4/4/2025 1:00,delwebb_to_marketpl,SB,0,0.57,43.9
4/4/2025 2:00,delwebb_to_marketpl,SB,0,0.56,44
4/4/2025 3:00,delwebb_to_marketpl,SB,0,0.56,44
4/4/2025 4:00,delwebb_to_marketpl,SB,0,0.56,44
4/4/2025 5:00,delwebb_to_marketpl,SB,0.02,0.67,37.1
4/4/2025 6:00,delwebb_to_marketpl,SB,0.01,0.59,42.2
4/4/2025 7:00,delwebb_to_marketpl,SB,0.1,0.73,35.3
4/4/2025 8:00,delwebb_to_marketpl,SB,0.05,0.65,38.5
4/4/2025 9:00,delwebb_to_marketpl,SB,0.1,0.71,35.5
4/4/2025 10:00,delwebb_to_marketpl,SB,0.25,0.89,28.2
4/4/2025 11:00,delwebb_to_marketpl,SB,0.26,0.89,28.5
4/4/2025 12:00,delwebb_to_marketpl,SB,0.18,0.83,30
4/4/2025 13:00,delwebb_to_marketpl,SB,0.18,0.82,30.8
4/4/2025 14:00,delwebb_to_marketpl,SB,0.2,0.85,29.6
4/4/2025 15:00,delwebb_to_marketpl,SB,0.24,0.88,28.7
4/4/2025 16:00,delwebb_to_marketpl,SB,0.29,0.92,27.3
4/4/2025 17:00,delwebb_to_marketpl,SB,0.15,0.78,32.2
4/4/2025 18:00,delwebb_to_marketpl,SB,0.11,0.69,36.5
4/4/2025 19:00,delwebb_to_marketpl,SB,0.08,0.67,37.2
4/4/2025 20:00,delwebb_to_marketpl,SB,0.08,0.69,36.4
4/4/2025 21:00,delwebb_to_marketpl,SB,0.05,0.62,40.6
4/4/2025 22:00,delwebb_to_marketpl,SB,0.05,0.64,39.6
4/4/2025 23:00,delwebb_to_marketpl,SB,0.1,0.7,36.3
4/5/2025 0:00,delwebb_to_marketpl,SB,0.01,0.59,42.3
4/5/2025 1:00,delwebb_to_marketpl,SB,0,0.58,43.2
4/5/2025 2:00,delwebb_to_marketpl,SB,0,0.57,43.7
4/5/2025 3:00,delwebb_to_marketpl,SB,0,0.58,42.7
4/5/2025 4:00,delwebb_to_marketpl,SB,0,0.56,44
4/5/2025 5:00,delwebb_to_marketpl,SB,0,0.56,44
4/5/2025 6:00,delwebb_to_marketpl,SB,0.02,0.63,39.4
4/5/2025 7:00,delwebb_to_marketpl,SB,0.04,0.65,38.4
4/5/2025 8:00,delwebb_to_marketpl,SB,0.1,0.71,35.9
4/5/2025 9:00,delwebb_to_marketpl,SB,0.12,0.74,33.8
4/5/2025 10:00,delwebb_to_marketpl,SB,0.11,0.71,35.6
4/5/2025 11:00,delwebb_to_marketpl,SB,0.25,0.88,28.3
4/5/2025 12:00,delwebb_to_marketpl,SB,0.08,0.71,35.4
4/5/2025 13:00,delwebb_to_marketpl,SB,0.16,0.79,32.3
4/5/2025 14:00,delwebb_to_marketpl,SB,0.22,0.86,29.5
4/5/2025 15:00,delwebb_to_marketpl,SB,0.09,0.71,35.8
4/5/2025 16:00,delwebb_to_marketpl,SB,0.24,0.88,28.9
4/5/2025 17:00,delwebb_to_marketpl,SB,0.11,0.75,33.9
4/5/2025 18:00,delwebb_to_marketpl,SB,0.06,0.69,36.1
4/5/2025 19:00,delwebb_to_marketpl,SB,0.09,0.71,35.3
4/5/2025 20:00,delwebb_to_marketpl,SB,0.09,0.73,34.6
4/5/2025 21:00,delwebb_to_marketpl,SB,0.05,0.62,40.6
4/5/2025 22:00,delwebb_to_marketpl,SB,0.01,0.58,43.7
4/5/2025 23:00,delwebb_to_marketpl,SB,0.01,0.61,40.7
4/6/2025 0:00,delwebb_to_marketpl,SB,0.01,0.62,40.8
4/6/2025 1:00,delwebb_to_marketpl,SB,0,0.56,44.4
4/6/2025 2:00,delwebb_to_marketpl,SB,0,0.6,41.3
4/6/2025 3:00,delwebb_to_marketpl,SB,0,0.56,44
4/6/2025 4:00,delwebb_to_marketpl,SB,0,0.56,44.1
4/6/2025 5:00,delwebb_to_marketpl,SB,0,0.55,45.3
4/6/2025 6:00,delwebb_to_marketpl,SB,0.09,0.72,35.6
4/6/2025 7:00,delwebb_to_marketpl,SB,0.11,0.74,34.7
4/6/2025 8:00,delwebb_to_marketpl,SB,0.06,0.71,35.6
4/6/2025 9:00,delwebb_to_marketpl,SB,0.07,0.67,37.6
4/6/2025 10:00,delwebb_to_marketpl,SB,0.05,0.66,37.9
4/6/2025 11:00,delwebb_to_marketpl,SB,0.1,0.69,36.5
4/6/2025 12:00,delwebb_to_marketpl,SB,0.12,0.74,33.7
4/6/2025 13:00,delwebb_to_marketpl,SB,0.09,0.7,35.8
4/6/2025 14:00,delwebb_to_marketpl,SB,0.18,0.79,32.6
4/6/2025 15:00,delwebb_to_marketpl,SB,0.17,0.79,32.5
4/6/2025 16:00,delwebb_to_marketpl,SB,0.14,0.75,33.7
4/6/2025 17:00,delwebb_to_marketpl,SB,0.08,0.68,36.9
4/6/2025 18:00,delwebb_to_marketpl,SB,0.02,0.63,39.7
4/6/2025 19:00,delwebb_to_marketpl,SB,0.08,0.72,34.5
4/6/2025 20:00,delwebb_to_marketpl,SB,0.06,0.67,37
4/6/2025 21:00,delwebb_to_marketpl,SB,0.09,0.71,36.1
4/6/2025 22:00,delwebb_to_marketpl,SB,0,0.56,44.3
4/6/2025 23:00,delwebb_to_marketpl,SB,0,0.57,43.9
4/7/2025 0:00,delwebb_to_marketpl,SB,0,0.61,40.9
4/7/2025 1:00,delwebb_to_marketpl,SB,0,0.57,43.5
4/7/2025 2:00,delwebb_to_marketpl,SB,0,0.58,42.7
4/7/2025 3:00,delwebb_to_marketpl,SB,0,0.59,42.9
4/7/2025 4:00,delwebb_to_marketpl,SB,0,0.58,43.1
4/7/2025 5:00,delwebb_to_marketpl,SB,0,0.56,44
4/7/2025 6:00,delwebb_to_marketpl,SB,0.01,0.61,41
4/7/2025 7:00,delwebb_to_marketpl,SB,0.09,0.68,36.9
4/7/2025 8:00,delwebb_to_marketpl,SB,0.05,0.65,38.6
4/7/2025 9:00,delwebb_to_marketpl,SB,0.09,0.7,35.7
4/7/2025 10:00,delwebb_to_marketpl,SB,0.25,0.9,28.5
4/7/2025 11:00,delwebb_to_marketpl,SB,0.21,0.86,29
4/7/2025 12:00,delwebb_to_marketpl,SB,0.27,0.91,28.2
4/7/2025 13:00,delwebb_to_marketpl,SB,0.23,0.86,29.2
4/7/2025 14:00,delwebb_to_marketpl,SB,0.2,0.83,30.2
4/7/2025 15:00,delwebb_to_marketpl,SB,0.1,0.72,34.7
4/7/2025 16:00,delwebb_to_marketpl,SB,0.34,0.99,26
4/7/2025 17:00,delwebb_to_marketpl,SB,0.11,0.75,33.3
4/7/2025 18:00,delwebb_to_marketpl,SB,0.06,0.68,37.1
4/7/2025 19:00,delwebb_to_marketpl,SB,0.04,0.66,38.1
4/7/2025 20:00,delwebb_to_marketpl,SB,0.07,0.69,36.6
4/7/2025 21:00,delwebb_to_marketpl,SB,0.1,0.75,33.4
4/7/2025 22:00,delwebb_to_marketpl,SB,0.03,0.55,46.8
4/7/2025 23:00,delwebb_to_marketpl,SB,0.04,0.65,39.1
4/8/2025 0:00,delwebb_to_marketpl,SB,0,0.57,43.4
4/8/2025 1:00,delwebb_to_marketpl,SB,0,0.56,44
4/8/2025 2:00,delwebb_to_marketpl,SB,0,0.56,44
4/8/2025 3:00,delwebb_to_marketpl,SB,0,0.61,41
4/8/2025 4:00,delwebb_to_marketpl,SB,0,0.54,46.4
4/8/2025 5:00,delwebb_to_marketpl,SB,0.09,0.7,37.2
4/8/2025 6:00,delwebb_to_marketpl,SB,0.01,0.58,43
4/8/2025 7:00,delwebb_to_marketpl,SB,0.06,0.66,38.2
4/8/2025 8:00,delwebb_to_marketpl,SB,0.12,0.73,34.5
4/8/2025 9:00,delwebb_to_marketpl,SB,0.13,0.74,33.8
4/8/2025 10:00,delwebb_to_marketpl,SB,0.14,0.77,32.3
4/8/2025 11:00,delwebb_to_marketpl,SB,0.2,0.83,30.5
4/8/2025 12:00,delwebb_to_marketpl,SB,0.38,1.04,24.5
4/8/2025 13:00,delwebb_to_marketpl,SB,0.27,0.93,27
4/8/2025 14:00,delwebb_to_marketpl,SB,0.16,0.78,32.7
4/8/2025 15:00,delwebb_to_marketpl,SB,0.31,0.93,27.1
4/8/2025 16:00,delwebb_to_marketpl,SB,0.2,0.81,31.1
4/8/2025 17:00,delwebb_to_marketpl,SB,0.2,0.83,30.7
4/8/2025 18:00,delwebb_to_marketpl,SB,0.15,0.75,34.6
4/8/2025 19:00,delwebb_to_marketpl,SB,0.05,0.65,38.2
4/8/2025 20:00,delwebb_to_marketpl,SB,0.03,0.63,39.6
4/8/2025 21:00,delwebb_to_marketpl,SB,0.09,0.69,36.2
4/8/2025 22:00,delwebb_to_marketpl,SB,0.05,0.68,37.3
4/8/2025 23:00,delwebb_to_marketpl,SB,0,0.56,44.7
4/9/2025 0:00,delwebb_to_marketpl,SB,0,0.56,44.4
4/9/2025 1:00,delwebb_to_marketpl,SB,0,0.56,44
4/9/2025 2:00,delwebb_to_marketpl,SB,0,0.54,46
4/9/2025 3:00,delwebb_to_marketpl,SB,0.09,0.68,39.1
4/9/2025 4:00,delwebb_to_marketpl,SB,0.06,0.67,38.6
4/9/2025 5:00,delwebb_to_marketpl,SB,0.02,0.58,44
4/9/2025 6:00,delwebb_to_marketpl,SB,0.02,0.6,41.8
4/9/2025 7:00,delwebb_to_marketpl,SB,0.04,0.62,40.2
4/9/2025 8:00,delwebb_to_marketpl,SB,0.06,0.67,37.4
4/9/2025 9:00,delwebb_to_marketpl,SB,0.22,0.85,30
4/9/2025 10:00,delwebb_to_marketpl,SB,0.11,0.75,33.5
4/9/2025 11:00,delwebb_to_marketpl,SB,0.19,0.82,31.2
4/9/2025 12:00,delwebb_to_marketpl,SB,0.22,0.86,29.3
4/9/2025 13:00,delwebb_to_marketpl,SB,0.31,0.96,26
4/9/2025 14:00,delwebb_to_marketpl,SB,0.25,0.9,28
4/9/2025 15:00,delwebb_to_marketpl,SB,0.18,0.81,30.9
4/9/2025 16:00,delwebb_to_marketpl,SB,0.19,0.82,31.1
4/9/2025 17:00,delwebb_to_marketpl,SB,0.19,0.82,30.7
4/9/2025 18:00,delwebb_to_marketpl,SB,0.18,0.8,31.5
4/9/2025 19:00,delwebb_to_marketpl,SB,0.08,0.71,35.8
4/9/2025 20:00,delwebb_to_marketpl,SB,0.1,0.73,34.4
4/9/2025 21:00,delwebb_to_marketpl,SB,0.02,0.65,38.4
4/9/2025 22:00,delwebb_to_marketpl,SB,0.02,0.63,39.9
4/9/2025 23:00,delwebb_to_marketpl,SB,0.06,0.67,38.3
4/10/2025 0:00,delwebb_to_marketpl,SB,0.02,0.61,41.5
4/10/2025 1:00,delwebb_to_marketpl,SB,0,0.56,44
4/10/2025 2:00,delwebb_to_marketpl,SB,0,0.56,44.5
4/10/2025 3:00,delwebb_to_marketpl,SB,0,0.55,45.7
4/10/2025 4:00,delwebb_to_marketpl,SB,0.06,0.67,38
4/10/2025 5:00,delwebb_to_marketpl,SB,0,0.56,45
4/10/2025 6:00,delwebb_to_marketpl,SB,0.01,0.57,43.7
4/10/2025 7:00,delwebb_to_marketpl,SB,0.04,0.62,40.5
4/10/2025 8:00,delwebb_to_marketpl,SB,0.11,0.7,36.3
4/10/2025 9:00,delwebb_to_marketpl,SB,0.18,0.82,30.7
4/10/2025 10:00,delwebb_to_marketpl,SB,0.19,0.83,30.5
4/10/2025 11:00,delwebb_to_marketpl,SB,0.29,0.93,27.6
4/10/2025 12:00,delwebb_to_marketpl,SB,0.3,0.94,26.6
4/10/2025 13:00,delwebb_to_marketpl,SB,0.2,0.84,30.9
4/10/2025 14:00,delwebb_to_marketpl,SB,0.18,0.81,31.2
4/10/2025 15:00,delwebb_to_marketpl,SB,0.19,0.83,30.5
4/10/2025 16:00,delwebb_to_marketpl,SB,0.23,0.86,29.4
4/10/2025 17:00,delwebb_to_marketpl,SB,0.16,0.8,31.4
4/10/2025 18:00,delwebb_to_marketpl,SB,0.11,0.74,34.4
4/10/2025 19:00,delwebb_to_marketpl,SB,0.08,0.69,36.3
4/10/2025 20:00,delwebb_to_marketpl,SB,0.13,0.78,32
4/10/2025 21:00,delwebb_to_marketpl,SB,0.1,0.74,34.2
4/10/2025 22:00,delwebb_to_marketpl,SB,0.05,0.67,37.1
4/10/2025 23:00,delwebb_to_marketpl,SB,0.1,0.71,36.5
4/11/2025 0:00,delwebb_to_marketpl,SB,0,0.55,45.5
4/11/2025 1:00,delwebb_to_marketpl,SB,0,0.57,43.9
4/11/2025 2:00,delwebb_to_marketpl,SB,0,0.56,44
4/11/2025 3:00,delwebb_to_marketpl,SB,0,0.58,43.2
4/11/2025 4:00,delwebb_to_marketpl,SB,0.22,0.85,31
4/11/2025 5:00,delwebb_to_marketpl,SB,0.04,0.65,39.4
4/11/2025 6:00,delwebb_to_marketpl,SB,0.02,0.61,40.8
4/11/2025 7:00,delwebb_to_marketpl,SB,0.11,0.73,34.6
4/11/2025 8:00,delwebb_to_marketpl,SB,0.1,0.7,36.1
4/11/2025 9:00,delwebb_to_marketpl,SB,0.21,0.87,29.3
4/11/2025 10:00,delwebb_to_marketpl,SB,0.22,0.87,29.1
4/11/2025 11:00,delwebb_to_marketpl,SB,0.19,0.83,30.2
4/11/2025 12:00,delwebb_to_marketpl,SB,0.17,0.8,31.2
4/11/2025 13:00,delwebb_to_marketpl,SB,0.18,0.8,31.4
4/11/2025 14:00,delwebb_to_marketpl,SB,0.23,0.86,29.3
4/11/2025 15:00,delwebb_to_marketpl,SB,0.42,1.06,23.9
4/11/2025 16:00,delwebb_to_marketpl,SB,0.51,1.14,23.5
4/11/2025 17:00,delwebb_to_marketpl,SB,0.29,0.91,27.6
4/11/2025 18:00,delwebb_to_marketpl,SB,0.15,0.77,32.7
4/11/2025 19:00,delwebb_to_marketpl,SB,0.09,0.68,37.7
4/11/2025 20:00,delwebb_to_marketpl,SB,0.05,0.67,37.9
4/11/2025 21:00,delwebb_to_marketpl,SB,0.07,0.68,37.9
4/11/2025 22:00,delwebb_to_marketpl,SB,0,0.6,41.6
4/11/2025 23:00,delwebb_to_marketpl,SB,0.08,0.69,37.6
4/12/2025 0:00,delwebb_to_marketpl,SB,0,0.57,44
4/12/2025 1:00,delwebb_to_marketpl,SB,0.02,0.61,40.9
4/12/2025 2:00,delwebb_to_marketpl,SB,0.12,0.75,34.7
4/12/2025 3:00,delwebb_to_marketpl,SB,0,0.6,41.2
4/12/2025 4:00,delwebb_to_marketpl,SB,0.01,0.62,40.3
4/12/2025 5:00,delwebb_to_marketpl,SB,0,0.61,40.6
4/12/2025 6:00,delwebb_to_marketpl,SB,0.03,0.65,38.8
4/12/2025 7:00,delwebb_to_marketpl,SB,0.02,0.66,38.1
4/12/2025 8:00,delwebb_to_marketpl,SB,0.06,0.67,37.7
4/12/2025 9:00,delwebb_to_marketpl,SB,0.11,0.71,35.7
4/12/2025 10:00,delwebb_to_marketpl,SB,0.04,0.67,37.3
4/12/2025 11:00,delwebb_to_marketpl,SB,0.18,0.81,31.3
4/12/2025 12:00,delwebb_to_marketpl,SB,0.18,0.81,31.4
4/12/2025 13:00,delwebb_to_marketpl,SB,0.16,0.79,32
4/12/2025 14:00,delwebb_to_marketpl,SB,0.11,0.72,34.8
4/12/2025 15:00,delwebb_to_marketpl,SB,0.14,0.74,34.2
4/12/2025 16:00,delwebb_to_marketpl,SB,0.12,0.72,34.8
4/12/2025 17:00,delwebb_to_marketpl,SB,0.12,0.72,35.2
4/12/2025 18:00,delwebb_to_marketpl,SB,0.06,0.64,39.8
4/12/2025 19:00,delwebb_to_marketpl,SB,0.03,0.59,42.3
4/12/2025 20:00,delwebb_to_marketpl,SB,0.04,0.64,38.7
4/12/2025 21:00,delwebb_to_marketpl,SB,0.08,0.7,36
4/12/2025 22:00,delwebb_to_marketpl,SB,0.05,0.65,39.1
4/12/2025 23:00,delwebb_to_marketpl,SB,0,0.54,45.8
4/13/2025 0:00,delwebb_to_marketpl,SB,0.06,0.66,38.5
4/13/2025 1:00,delwebb_to_marketpl,SB,0,0.53,46.9
4/13/2025 2:00,delwebb_to_marketpl,SB,0,0.58,43.2
4/13/2025 3:00,delwebb_to_marketpl,SB,0.01,0.57,43.5
4/13/2025 4:00,delwebb_to_marketpl,SB,0,0.56,44
4/13/2025 5:00,delwebb_to_marketpl,SB,0,0.57,43.9
4/13/2025 6:00,delwebb_to_marketpl,SB,0.07,0.65,40.3
4/13/2025 7:00,delwebb_to_marketpl,SB,0.05,0.68,36.9
4/13/2025 8:00,delwebb_to_marketpl,SB,0.13,0.78,32.5
4/13/2025 9:00,delwebb_to_marketpl,SB,0.06,0.66,38.3
4/13/2025 10:00,delwebb_to_marketpl,SB,0.09,0.68,37.7
4/13/2025 11:00,delwebb_to_marketpl,SB,0.08,0.68,36.6
4/13/2025 12:00,delwebb_to_marketpl,SB,0.07,0.69,36.3
4/13/2025 13:00,delwebb_to_marketpl,SB,0.04,0.62,40.3
4/13/2025 14:00,delwebb_to_marketpl,SB,0.14,0.74,34.1
4/13/2025 15:00,delwebb_to_marketpl,SB,0.12,0.73,34.6
4/13/2025 16:00,delwebb_to_marketpl,SB,0.12,0.72,35.1
4/13/2025 17:00,delwebb_to_marketpl,SB,0.11,0.71,35.8
4/13/2025 18:00,delwebb_to_marketpl,SB,0.1,0.72,34.9
4/13/2025 19:00,delwebb_to_marketpl,SB,0.04,0.62,40.1
4/13/2025 20:00,delwebb_to_marketpl,SB,0.11,0.71,35.9
4/13/2025 21:00,delwebb_to_marketpl,SB,0.06,0.7,36.3
4/13/2025 22:00,delwebb_to_marketpl,SB,0.22,0.86,30.7
4/13/2025 23:00,delwebb_to_marketpl,SB,0.01,0.61,41
4/14/2025 0:00,delwebb_to_marketpl,SB,0,0.57,43.4
4/14/2025 1:00,delwebb_to_marketpl,SB,0.01,0.6,41.8
4/14/2025 2:00,delwebb_to_marketpl,SB,0,0.57,43.9
4/14/2025 3:00,delwebb_to_marketpl,SB,0,0.57,43.9
4/14/2025 4:00,delwebb_to_marketpl,SB,0.02,0.61,41.2
4/14/2025 5:00,delwebb_to_marketpl,SB,0,0.54,46.1
4/14/2025 6:00,delwebb_to_marketpl,SB,0.04,0.61,41.7
4/14/2025 7:00,delwebb_to_marketpl,SB,0.03,0.61,41.1
4/14/2025 8:00,delwebb_to_marketpl,SB,0.09,0.69,36.5
4/14/2025 9:00,delwebb_to_marketpl,SB,0.05,0.67,37.5
4/14/2025 10:00,delwebb_to_marketpl,SB,0.12,0.77,32.7
4/14/2025 11:00,delwebb_to_marketpl,SB,0.24,0.89,28.8
4/14/2025 12:00,delwebb_to_marketpl,SB,0.28,0.92,27.8
4/14/2025 13:00,delwebb_to_marketpl,SB,0.28,0.94,27.1
4/14/2025 14:00,delwebb_to_marketpl,SB,0.2,0.82,30.6
4/14/2025 15:00,delwebb_to_marketpl,SB,0.24,0.89,28.3
4/14/2025 16:00,delwebb_to_marketpl,SB,0.11,0.72,35
4/14/2025 17:00,delwebb_to_marketpl,SB,0.16,0.77,32.8
4/14/2025 18:00,delwebb_to_marketpl,SB,0.11,0.71,35.3
4/14/2025 19:00,delwebb_to_marketpl,SB,0.07,0.64,39.9
4/14/2025 20:00,delwebb_to_marketpl,SB,0.07,0.67,37.4
4/14/2025 21:00,delwebb_to_marketpl,SB,0.04,0.67,37.6
4/14/2025 22:00,delwebb_to_marketpl,SB,0.01,0.6,41.8
4/14/2025 23:00,delwebb_to_marketpl,SB,0.11,0.72,36
4/15/2025 0:00,delwebb_to_marketpl,SB,0,0.57,43.6
4/15/2025 1:00,delwebb_to_marketpl,SB,0,0.56,44
4/15/2025 2:00,delwebb_to_marketpl,SB,0,0.56,44
4/15/2025 3:00,delwebb_to_marketpl,SB,0,0.57,43.8
4/15/2025 4:00,delwebb_to_marketpl,SB,0.02,0.64,39.3
4/15/2025 5:00,delwebb_to_marketpl,SB,0.01,0.6,42.2
4/15/2025 6:00,delwebb_to_marketpl,SB,0.01,0.6,41.2
4/15/2025 7:00,delwebb_to_marketpl,SB,0.03,0.64,39.1
4/15/2025 8:00,delwebb_to_marketpl,SB,0.1,0.72,34.7
4/15/2025 9:00,delwebb_to_marketpl,SB,0.08,0.7,35.8
4/15/2025 10:00,delwebb_to_marketpl,SB,0.19,0.84,30.8
4/15/2025 11:00,delwebb_to_marketpl,SB,0.18,0.79,31.9
4/15/2025 12:00,delwebb_to_marketpl,SB,0.16,0.8,31.5
4/15/2025 13:00,delwebb_to_marketpl,SB,0.2,0.84,30.1
4/15/2025 14:00,delwebb_to_marketpl,SB,0.15,0.77,32.5
4/15/2025 15:00,delwebb_to_marketpl,SB,0.19,0.79,31.5
4/15/2025 16:00,delwebb_to_marketpl,SB,0.11,0.75,33.4
4/15/2025 17:00,delwebb_to_marketpl,SB,0.18,0.83,30.1
4/15/2025 18:00,delwebb_to_marketpl,SB,0.1,0.71,35.2
4/15/2025 19:00,delwebb_to_marketpl,SB,0.06,0.62,41.2
4/15/2025 20:00,delwebb_to_marketpl,SB,0.08,0.69,36.4
4/15/2025 21:00,delwebb_to_marketpl,SB,0.15,0.79,32.1
4/15/2025 22:00,delwebb_to_marketpl,SB,0.06,0.66,38.4
4/15/2025 23:00,delwebb_to_marketpl,SB,0,0.57,43.9
4/16/2025 0:00,delwebb_to_marketpl,SB,0,0.56,44
4/16/2025 1:00,delwebb_to_marketpl,SB,0,0.56,44
4/16/2025 2:00,delwebb_to_marketpl,SB,0.02,0.63,39.7
4/16/2025 3:00,delwebb_to_marketpl,SB,0,0.56,44
4/16/2025 4:00,delwebb_to_marketpl,SB,0,0.56,44
4/16/2025 5:00,delwebb_to_marketpl,SB,0.01,0.52,48.5
4/16/2025 6:00,delwebb_to_marketpl,SB,0.02,0.62,40.4
4/16/2025 7:00,delwebb_to_marketpl,SB,0.04,0.63,39.8
4/16/2025 8:00,delwebb_to_marketpl,SB,0.08,0.69,36.5
4/16/2025 9:00,delwebb_to_marketpl,SB,0.1,0.75,33.6
4/16/2025 10:00,delwebb_to_marketpl,SB,0.16,0.78,32.2
4/16/2025 11:00,delwebb_to_marketpl,SB,0.22,0.85,29.4
4/16/2025 12:00,delwebb_to_marketpl,SB,0.35,1,25.6
4/16/2025 13:00,delwebb_to_marketpl,SB,0.27,0.9,28.5
4/16/2025 14:00,delwebb_to_marketpl,SB,0.16,0.77,32.5
4/16/2025 15:00,delwebb_to_marketpl,SB,0.12,0.74,34
4/16/2025 16:00,delwebb_to_marketpl,SB,0.13,0.73,34.6
4/16/2025 17:00,delwebb_to_marketpl,SB,0.1,0.74,33.5
4/16/2025 18:00,delwebb_to_marketpl,SB,0.06,0.65,38.5
4/16/2025 19:00,delwebb_to_marketpl,SB,0.04,0.6,42.1
4/16/2025 20:00,delwebb_to_marketpl,SB,0.05,0.65,38.6
4/16/2025 21:00,delwebb_to_marketpl,SB,0.04,0.63,39.5
4/16/2025 22:00,delwebb_to_marketpl,SB,0.01,0.61,41.3
4/16/2025 23:00,delwebb_to_marketpl,SB,0.06,0.67,38.4
4/17/2025 0:00,delwebb_to_marketpl,SB,0.08,0.68,38.2
4/17/2025 1:00,delwebb_to_marketpl,SB,0,0.56,44.6
4/17/2025 2:00,delwebb_to_marketpl,SB,0,0.55,45
4/17/2025 3:00,delwebb_to_marketpl,SB,0,0.55,45.5
4/17/2025 4:00,delwebb_to_marketpl,SB,0.02,0.61,41
4/17/2025 5:00,delwebb_to_marketpl,SB,0.01,0.58,42.8
4/17/2025 6:00,delwebb_to_marketpl,SB,0.02,0.64,39
4/17/2025 7:00,delwebb_to_marketpl,SB,0.06,0.66,38.3
4/17/2025 8:00,delwebb_to_marketpl,SB,0.11,0.74,33.5
4/17/2025 9:00,delwebb_to_marketpl,SB,0.17,0.79,32.1
4/17/2025 10:00,delwebb_to_marketpl,SB,0.16,0.79,31.8
4/17/2025 11:00,delwebb_to_marketpl,SB,0.2,0.85,29.7
4/17/2025 12:00,delwebb_to_marketpl,SB,0.22,0.86,29.2
4/17/2025 13:00,delwebb_to_marketpl,SB,0.18,0.82,31
4/17/2025 14:00,delwebb_to_marketpl,SB,0.22,0.84,30
4/17/2025 15:00,delwebb_to_marketpl,SB,0.12,0.73,34.6
4/17/2025 16:00,delwebb_to_marketpl,SB,0.23,0.84,30.3
4/17/2025 17:00,delwebb_to_marketpl,SB,0.17,0.78,32.4
4/17/2025 18:00,delwebb_to_marketpl,SB,0.06,0.65,38.3
4/17/2025 19:00,delwebb_to_marketpl,SB,0.18,0.81,31.8
4/17/2025 20:00,delwebb_to_marketpl,SB,0.12,0.7,36
4/17/2025 21:00,delwebb_to_marketpl,SB,0.07,0.73,34.3
4/17/2025 22:00,delwebb_to_marketpl,SB,0.11,0.71,38
4/17/2025 23:00,delwebb_to_marketpl,SB,0,0.59,42.5
4/18/2025 0:00,delwebb_to_marketpl,SB,0,0.58,43
4/18/2025 1:00,delwebb_to_marketpl,SB,0,0.57,43.5
4/18/2025 2:00,delwebb_to_marketpl,SB,0.01,0.54,45.9
4/18/2025 3:00,delwebb_to_marketpl,SB,0.01,0.58,43
4/18/2025 4:00,delwebb_to_marketpl,SB,0.1,0.73,35.1
4/18/2025 5:00,delwebb_to_marketpl,SB,0,0.59,42
4/18/2025 6:00,delwebb_to_marketpl,SB,0.01,0.58,43.8
4/18/2025 7:00,delwebb_to_marketpl,SB,0.09,0.7,36
4/18/2025 8:00,delwebb_to_marketpl,SB,0.11,0.7,36.6
4/18/2025 9:00,delwebb_to_marketpl,SB,0.2,0.84,30
4/18/2025 10:00,delwebb_to_marketpl,SB,0.22,0.85,29.5
4/18/2025 11:00,delwebb_to_marketpl,SB,0.22,0.87,29
4/18/2025 12:00,delwebb_to_marketpl,SB,0.27,0.89,29
4/18/2025 13:00,delwebb_to_marketpl,SB,0.29,0.94,27.2
4/18/2025 14:00,delwebb_to_marketpl,SB,0.42,1.03,27.5
4/18/2025 15:00,delwebb_to_marketpl,SB,1.48,2.14,13.3
4/18/2025 16:00,delwebb_to_marketpl,SB,0.71,1.34,20.2
4/18/2025 17:00,delwebb_to_marketpl,SB,0.19,0.79,31.6
4/18/2025 18:00,delwebb_to_marketpl,SB,0.12,0.72,35.2
4/18/2025 19:00,delwebb_to_marketpl,SB,0.17,0.81,30.9
4/18/2025 20:00,delwebb_to_marketpl,SB,0.04,0.64,38.9
4/18/2025 21:00,delwebb_to_marketpl,SB,0.06,0.65,38.5
4/18/2025 22:00,delwebb_to_marketpl,SB,0.07,0.7,36
4/18/2025 23:00,delwebb_to_marketpl,SB,0.05,0.6,41.4
4/19/2025 0:00,delwebb_to_marketpl,SB,0,0.57,43.6
4/19/2025 1:00,delwebb_to_marketpl,SB,0,0.56,44.5
4/19/2025 2:00,delwebb_to_marketpl,SB,0.02,0.64,38.9
4/19/2025 3:00,delwebb_to_marketpl,SB,0.03,0.63,39.9
4/19/2025 4:00,delwebb_to_marketpl,SB,0.01,0.6,41.6
4/19/2025 5:00,delwebb_to_marketpl,SB,0,0.57,43.3
4/19/2025 6:00,delwebb_to_marketpl,SB,0.05,0.63,40.6
4/19/2025 7:00,delwebb_to_marketpl,SB,0.04,0.66,37.9
4/19/2025 8:00,delwebb_to_marketpl,SB,0.06,0.65,38.6
4/19/2025 9:00,delwebb_to_marketpl,SB,0.08,0.67,37.9
4/19/2025 10:00,delwebb_to_marketpl,SB,0.15,0.79,31.9
4/19/2025 11:00,delwebb_to_marketpl,SB,0.13,0.76,33.1
4/19/2025 12:00,delwebb_to_marketpl,SB,0.08,0.69,36.1
4/19/2025 13:00,delwebb_to_marketpl,SB,0.18,0.8,31.8
4/19/2025 14:00,delwebb_to_marketpl,SB,0.1,0.72,34.9
4/19/2025 15:00,delwebb_to_marketpl,SB,0.13,0.74,33.6
4/19/2025 16:00,delwebb_to_marketpl,SB,0.1,0.73,34.5
4/19/2025 17:00,delwebb_to_marketpl,SB,0.2,0.82,31.3
4/19/2025 18:00,delwebb_to_marketpl,SB,0.13,0.76,33
4/19/2025 19:00,delwebb_to_marketpl,SB,0.14,0.77,32.9
4/19/2025 20:00,delwebb_to_marketpl,SB,0.13,0.74,33.8
4/19/2025 21:00,delwebb_to_marketpl,SB,0.05,0.65,38.8
4/19/2025 22:00,delwebb_to_marketpl,SB,0.02,0.59,42.2
4/19/2025 23:00,delwebb_to_marketpl,SB,0.01,0.58,43.1
4/20/2025 0:00,delwebb_to_marketpl,SB,0.01,0.58,43.5
4/20/2025 1:00,delwebb_to_marketpl,SB,0,0.53,46.8
4/20/2025 2:00,delwebb_to_marketpl,SB,0.01,0.53,48.2
4/20/2025 3:00,delwebb_to_marketpl,SB,0.01,0.56,44.6
4/20/2025 4:00,delwebb_to_marketpl,SB,0,0.55,45.4
4/20/2025 5:00,delwebb_to_marketpl,SB,0.03,0.64,39.5
4/20/2025 6:00,delwebb_to_marketpl,SB,0.05,0.64,39.5
4/20/2025 7:00,delwebb_to_marketpl,SB,0.08,0.69,36.4
4/20/2025 8:00,delwebb_to_marketpl,SB,0.02,0.65,38.7
4/20/2025 9:00,delwebb_to_marketpl,SB,0.04,0.67,37.4
4/20/2025 10:00,delwebb_to_marketpl,SB,0.05,0.65,38.4
4/20/2025 11:00,delwebb_to_marketpl,SB,0.13,0.73,34.3
4/20/2025 12:00,delwebb_to_marketpl,SB,0.1,0.7,35.9
4/20/2025 13:00,delwebb_to_marketpl,SB,0.13,0.77,32.7
4/20/2025 14:00,delwebb_to_marketpl,SB,0.08,0.69,36.4
4/20/2025 15:00,delwebb_to_marketpl,SB,0.05,0.64,39.5
4/20/2025 16:00,delwebb_to_marketpl,SB,0.09,0.7,35.8
4/20/2025 17:00,delwebb_to_marketpl,SB,0.08,0.67,37.5
4/20/2025 18:00,delwebb_to_marketpl,SB,0.05,0.65,38.6
4/20/2025 19:00,delwebb_to_marketpl,SB,0.07,0.67,37.8
4/20/2025 20:00,delwebb_to_marketpl,SB,0.14,0.77,33
4/20/2025 21:00,delwebb_to_marketpl,SB,0.05,0.68,36.9
4/20/2025 22:00,delwebb_to_marketpl,SB,0.01,0.55,45.4
4/20/2025 23:00,delwebb_to_marketpl,SB,0.02,0.62,40.9
4/21/2025 0:00,delwebb_to_marketpl,SB,0.05,0.64,38.8
4/21/2025 1:00,delwebb_to_marketpl,SB,0,0.57,43.3
4/21/2025 2:00,delwebb_to_marketpl,SB,0.01,0.61,41.1
4/21/2025 3:00,delwebb_to_marketpl,SB,0,0.57,43.6
4/21/2025 4:00,delwebb_to_marketpl,SB,0,0.6,41.5
4/21/2025 5:00,delwebb_to_marketpl,SB,0.01,0.58,42.8
4/21/2025 6:00,delwebb_to_marketpl,SB,0.03,0.6,41.7
4/21/2025 7:00,delwebb_to_marketpl,SB,0.09,0.69,37.8
4/21/2025 8:00,delwebb_to_marketpl,SB,0.05,0.63,39.4
4/21/2025 9:00,delwebb_to_marketpl,SB,0.11,0.73,34.7
4/21/2025 10:00,delwebb_to_marketpl,SB,0.21,0.87,29.1
4/21/2025 11:00,delwebb_to_marketpl,SB,0.16,0.78,32.4
4/21/2025 12:00,delwebb_to_marketpl,SB,0.2,0.81,30.8
4/21/2025 13:00,delwebb_to_marketpl,SB,0.21,0.85,29.4
4/21/2025 14:00,delwebb_to_marketpl,SB,0.25,0.9,27.7
4/21/2025 15:00,delwebb_to_marketpl,SB,0.13,0.78,32.2
4/21/2025 16:00,delwebb_to_marketpl,SB,0.25,0.88,29.8
4/21/2025 17:00,delwebb_to_marketpl,SB,0.15,0.78,32.9
4/21/2025 18:00,delwebb_to_marketpl,SB,0.12,0.75,34.2
4/21/2025 19:00,delwebb_to_marketpl,SB,0.07,0.66,38.7
4/21/2025 20:00,delwebb_to_marketpl,SB,0.01,0.56,44.5
4/21/2025 21:00,delwebb_to_marketpl,SB,0.02,0.6,41.7
4/21/2025 22:00,delwebb_to_marketpl,SB,0,0.51,49
4/21/2025 23:00,delwebb_to_marketpl,SB,0,0.56,44.8
4/22/2025 0:00,delwebb_to_marketpl,SB,0,0.57,43.7
4/22/2025 1:00,delwebb_to_marketpl,SB,0,0.56,44
4/22/2025 2:00,delwebb_to_marketpl,SB,0,0.56,44
4/22/2025 3:00,delwebb_to_marketpl,SB,0.01,0.59,42.8
4/22/2025 4:00,delwebb_to_marketpl,SB,0.09,0.69,38.4
4/22/2025 5:00,delwebb_to_marketpl,SB,0,0.55,45.1
4/22/2025 6:00,delwebb_to_marketpl,SB,0.03,0.62,40.3
4/22/2025 7:00,delwebb_to_marketpl,SB,0.05,0.68,36.9
4/22/2025 8:00,delwebb_to_marketpl,SB,0.11,0.71,35.5
4/22/2025 9:00,delwebb_to_marketpl,SB,0.11,0.74,34.4
4/22/2025 10:00,delwebb_to_marketpl,SB,0.12,0.76,33
4/22/2025 11:00,delwebb_to_marketpl,SB,0.23,0.88,28.6
4/22/2025 12:00,delwebb_to_marketpl,SB,0.22,0.87,28.8
4/22/2025 13:00,delwebb_to_marketpl,SB,0.15,0.8,31.5
4/22/2025 14:00,delwebb_to_marketpl,SB,0.11,0.74,33.8
4/22/2025 15:00,delwebb_to_marketpl,SB,0.16,0.79,31.7
4/22/2025 16:00,delwebb_to_marketpl,SB,0.12,0.71,35
4/22/2025 17:00,delwebb_to_marketpl,SB,0.16,0.8,31.2
4/22/2025 18:00,delwebb_to_marketpl,SB,0.06,0.67,37.3
4/22/2025 19:00,delwebb_to_marketpl,SB,0.04,0.62,40.5
4/22/2025 20:00,delwebb_to_marketpl,SB,0.1,0.67,37.6
4/22/2025 21:00,delwebb_to_marketpl,SB,0.09,0.72,35.4
4/22/2025 22:00,delwebb_to_marketpl,SB,0.02,0.56,44.7
4/22/2025 23:00,delwebb_to_marketpl,SB,0,0.53,46.9
4/23/2025 0:00,delwebb_to_marketpl,SB,0,0.6,42
4/23/2025 1:00,delwebb_to_marketpl,SB,0,0.56,44.3
4/23/2025 2:00,delwebb_to_marketpl,SB,0,0.53,46.8
4/23/2025 3:00,delwebb_to_marketpl,SB,0.01,0.61,41
4/23/2025 4:00,delwebb_to_marketpl,SB,0,0.56,44
4/23/2025 5:00,delwebb_to_marketpl,SB,0,0.57,43.4
4/23/2025 6:00,delwebb_to_marketpl,SB,0.01,0.58,43
4/23/2025 7:00,delwebb_to_marketpl,SB,0.06,0.66,38.1
4/23/2025 8:00,delwebb_to_marketpl,SB,0.07,0.66,38.1
4/23/2025 9:00,delwebb_to_marketpl,SB,0.09,0.72,34.8
4/23/2025 10:00,delwebb_to_marketpl,SB,0.22,0.85,30
4/23/2025 11:00,delwebb_to_marketpl,SB,0.21,0.86,29.6
4/23/2025 12:00,delwebb_to_marketpl,SB,0.23,0.87,29.6
4/23/2025 13:00,delwebb_to_marketpl,SB,0.28,0.92,27.4
4/23/2025 14:00,delwebb_to_marketpl,SB,0.15,0.78,32.2
4/23/2025 15:00,delwebb_to_marketpl,SB,0.2,0.82,30.7
4/23/2025 16:00,delwebb_to_marketpl,SB,0.19,0.8,31.6
4/23/2025 17:00,delwebb_to_marketpl,SB,0.1,0.71,35.5
4/23/2025 18:00,delwebb_to_marketpl,SB,0.08,0.67,38.1
4/23/2025 19:00,delwebb_to_marketpl,SB,0.04,0.6,42.5
4/23/2025 20:00,delwebb_to_marketpl,SB,0.1,0.69,38.1
4/23/2025 21:00,delwebb_to_marketpl,SB,0.13,0.77,32.6
4/23/2025 22:00,delwebb_to_marketpl,SB,0.09,0.69,36.8
4/23/2025 23:00,delwebb_to_marketpl,SB,0.01,0.53,47.3
4/24/2025 0:00,delwebb_to_marketpl,SB,0,0.47,54
4/24/2025 1:00,delwebb_to_marketpl,SB,0,0.56,44
4/24/2025 2:00,delwebb_to_marketpl,SB,0,0.53,47.9
4/24/2025 3:00,delwebb_to_marketpl,SB,0,0.57,44.4
4/24/2025 4:00,delwebb_to_marketpl,SB,0,0.61,41.2
4/24/2025 5:00,delwebb_to_marketpl,SB,0.05,0.62,41.8
4/24/2025 6:00,delwebb_to_marketpl,SB,0.01,0.6,41.9
4/24/2025 7:00,delwebb_to_marketpl,SB,0.12,0.74,34.2
4/24/2025 8:00,delwebb_to_marketpl,SB,0.06,0.69,36.3
4/24/2025 9:00,delwebb_to_marketpl,SB,0.13,0.76,33.2
4/24/2025 10:00,delwebb_to_marketpl,SB,0.17,0.8,31.6
4/24/2025 11:00,delwebb_to_marketpl,SB,0.16,0.8,31.2
4/24/2025 12:00,delwebb_to_marketpl,SB,0.24,0.88,28.8
4/24/2025 13:00,delwebb_to_marketpl,SB,0.2,0.85,29.5
4/24/2025 14:00,delwebb_to_marketpl,SB,0.2,0.83,30.9
4/24/2025 15:00,delwebb_to_marketpl,SB,0.14,0.76,33.4
4/24/2025 16:00,delwebb_to_marketpl,SB,0.21,0.84,29.9
4/24/2025 17:00,delwebb_to_marketpl,SB,0.16,0.79,32.3
4/24/2025 18:00,delwebb_to_marketpl,SB,0.1,0.71,35.5
4/24/2025 19:00,delwebb_to_marketpl,SB,0.13,0.75,33.7
4/24/2025 20:00,delwebb_to_marketpl,SB,0.04,0.61,40.6
4/24/2025 21:00,delwebb_to_marketpl,SB,0.03,0.66,38.1
4/24/2025 22:00,delwebb_to_marketpl,SB,0.04,0.63,39.6
4/24/2025 23:00,delwebb_to_marketpl,SB,0.05,0.65,38.1
4/25/2025 0:00,delwebb_to_marketpl,SB,0,0.56,44
4/25/2025 1:00,delwebb_to_marketpl,SB,0.05,0.65,39.1
4/25/2025 2:00,delwebb_to_marketpl,SB,0,0.57,43.9
4/25/2025 3:00,delwebb_to_marketpl,SB,0,0.56,44
4/25/2025 4:00,delwebb_to_marketpl,SB,0,0.56,44
4/25/2025 5:00,delwebb_to_marketpl,SB,0,0.57,44
4/25/2025 6:00,delwebb_to_marketpl,SB,0,0.54,45.7
4/25/2025 7:00,delwebb_to_marketpl,SB,0.08,0.67,37.3
4/25/2025 8:00,delwebb_to_marketpl,SB,0.08,0.71,35.6
4/25/2025 9:00,delwebb_to_marketpl,SB,0.13,0.77,32.8
4/25/2025 10:00,delwebb_to_marketpl,SB,0.12,0.76,33.2
4/25/2025 11:00,delwebb_to_marketpl,SB,0.35,1,25
4/25/2025 12:00,delwebb_to_marketpl,SB,0.16,0.78,32.1
4/25/2025 13:00,delwebb_to_marketpl,SB,0.16,0.78,32.6
4/25/2025 14:00,delwebb_to_marketpl,SB,0.17,0.78,32.2
4/25/2025 15:00,delwebb_to_marketpl,SB,0.13,0.75,33.6
4/25/2025 16:00,delwebb_to_marketpl,SB,0.2,0.81,31.7
4/25/2025 17:00,delwebb_to_marketpl,SB,0.22,0.82,30.8
4/25/2025 18:00,delwebb_to_marketpl,SB,0.1,0.69,36.1
4/25/2025 19:00,delwebb_to_marketpl,SB,0.1,0.69,36.9
4/25/2025 20:00,delwebb_to_marketpl,SB,0.03,0.59,42.2
4/25/2025 21:00,delwebb_to_marketpl,SB,0.1,0.69,37
4/25/2025 22:00,delwebb_to_marketpl,SB,0.03,0.63,39.8
4/25/2025 23:00,delwebb_to_marketpl,SB,0,0.54,46.2
4/26/2025 0:00,delwebb_to_marketpl,SB,0.03,0.65,38.5
4/26/2025 1:00,delwebb_to_marketpl,SB,0.28,0.9,32.7
4/26/2025 2:00,delwebb_to_marketpl,SB,0.06,0.64,41.1
4/26/2025 3:00,delwebb_to_marketpl,SB,0,0.56,44
4/26/2025 4:00,delwebb_to_marketpl,SB,0.03,0.65,38.9
4/26/2025 5:00,delwebb_to_marketpl,SB,0,0.56,44.9
4/26/2025 6:00,delwebb_to_marketpl,SB,0.06,0.62,41.8
4/26/2025 7:00,delwebb_to_marketpl,SB,0.04,0.66,37.6
4/26/2025 8:00,delwebb_to_marketpl,SB,0.04,0.64,39.2
4/26/2025 9:00,delwebb_to_marketpl,SB,0.07,0.69,36.4
4/26/2025 10:00,delwebb_to_marketpl,SB,0.15,0.81,31.1
4/26/2025 11:00,delwebb_to_marketpl,SB,0.13,0.76,33
4/26/2025 12:00,delwebb_to_marketpl,SB,0.15,0.76,33.3
4/26/2025 13:00,delwebb_to_marketpl,SB,0.19,0.81,31.3
4/26/2025 14:00,delwebb_to_marketpl,SB,0.17,0.8,31.3
4/26/2025 15:00,delwebb_to_marketpl,SB,0.13,0.74,34.5
4/26/2025 16:00,delwebb_to_marketpl,SB,0.1,0.71,35.6
4/26/2025 17:00,delwebb_to_marketpl,SB,0.11,0.7,35.5
4/26/2025 18:00,delwebb_to_marketpl,SB,0.1,0.72,35.1
4/26/2025 19:00,delwebb_to_marketpl,SB,0.13,0.71,35.4
4/26/2025 20:00,delwebb_to_marketpl,SB,0.07,0.7,35.9
4/26/2025 21:00,delwebb_to_marketpl,SB,0.09,0.7,35.5
4/26/2025 22:00,delwebb_to_marketpl,SB,0.03,0.61,41.3
4/26/2025 23:00,delwebb_to_marketpl,SB,0.1,0.74,34.2
4/27/2025 0:00,delwebb_to_marketpl,SB,0.06,0.66,38.6
4/27/2025 1:00,delwebb_to_marketpl,SB,0.02,0.61,41.6
4/27/2025 2:00,delwebb_to_marketpl,SB,0,0.6,41.8
4/27/2025 3:00,delwebb_to_marketpl,SB,0,0.56,44
4/27/2025 4:00,delwebb_to_marketpl,SB,0.01,0.64,39.1
4/27/2025 5:00,delwebb_to_marketpl,SB,0.03,0.63,39.7
4/27/2025 6:00,delwebb_to_marketpl,SB,0,0.57,44
4/27/2025 7:00,delwebb_to_marketpl,SB,0.06,0.67,37.3
4/27/2025 8:00,delwebb_to_marketpl,SB,0.06,0.68,37.3
4/27/2025 9:00,delwebb_to_marketpl,SB,0.05,0.65,38.9
4/27/2025 10:00,delwebb_to_marketpl,SB,0.08,0.63,40.3
4/27/2025 11:00,delwebb_to_marketpl,SB,0.08,0.7,35.5
4/27/2025 12:00,delwebb_to_marketpl,SB,0.14,0.74,35
4/27/2025 13:00,delwebb_to_marketpl,SB,0.04,0.64,38.9
4/27/2025 14:00,delwebb_to_marketpl,SB,0.1,0.73,34.8
4/27/2025 15:00,delwebb_to_marketpl,SB,0.21,0.82,31.1
4/27/2025 16:00,delwebb_to_marketpl,SB,0.16,0.73,34.3
4/27/2025 17:00,delwebb_to_marketpl,SB,0.1,0.69,36.3
4/27/2025 18:00,delwebb_to_marketpl,SB,0.11,0.7,35.8
4/27/2025 19:00,delwebb_to_marketpl,SB,0.05,0.67,37.5
4/27/2025 20:00,delwebb_to_marketpl,SB,0.03,0.6,41.3
4/27/2025 21:00,delwebb_to_marketpl,SB,0.01,0.59,42.4
4/27/2025 22:00,delwebb_to_marketpl,SB,0.03,0.64,39.5
4/27/2025 23:00,delwebb_to_marketpl,SB,0,0.57,43.9
4/28/2025 0:00,delwebb_to_marketpl,SB,0,0.56,44.3
4/28/2025 1:00,delwebb_to_marketpl,SB,0,0.56,44.3
4/28/2025 2:00,delwebb_to_marketpl,SB,0,0.62,40.2
4/28/2025 3:00,delwebb_to_marketpl,SB,0.03,0.62,40.2
4/28/2025 4:00,delwebb_to_marketpl,SB,0,0.56,44.4
4/28/2025 5:00,delwebb_to_marketpl,SB,0.01,0.56,44.6
4/28/2025 6:00,delwebb_to_marketpl,SB,0.03,0.64,39.5
4/28/2025 7:00,delwebb_to_marketpl,SB,0.05,0.64,39.6
4/28/2025 8:00,delwebb_to_marketpl,SB,0.07,0.67,37.5
4/28/2025 9:00,delwebb_to_marketpl,SB,0.2,0.82,31.4
4/28/2025 10:00,delwebb_to_marketpl,SB,0.23,0.85,29.6
4/28/2025 11:00,delwebb_to_marketpl,SB,0.2,0.83,30.8
4/28/2025 12:00,delwebb_to_marketpl,SB,0.14,0.78,32.4
4/28/2025 13:00,delwebb_to_marketpl,SB,0.14,0.77,33.4
4/28/2025 14:00,delwebb_to_marketpl,SB,0.23,0.87,28.9
4/28/2025 15:00,delwebb_to_marketpl,SB,0.17,0.82,30.6
4/28/2025 16:00,delwebb_to_marketpl,SB,0.1,0.71,35.2
4/28/2025 17:00,delwebb_to_marketpl,SB,0.13,0.73,34.7
4/28/2025 18:00,delwebb_to_marketpl,SB,0.09,0.67,38.2
4/28/2025 19:00,delwebb_to_marketpl,SB,0.09,0.69,36.5
4/28/2025 20:00,delwebb_to_marketpl,SB,0.14,0.75,34.8
4/28/2025 21:00,delwebb_to_marketpl,SB,0.06,0.64,40.9
4/28/2025 22:00,delwebb_to_marketpl,SB,0.2,0.8,35.1
4/28/2025 23:00,delwebb_to_marketpl,SB,0.04,0.63,40
4/29/2025 0:00,delwebb_to_marketpl,SB,0.02,0.54,47.7
4/29/2025 1:00,delwebb_to_marketpl,SB,0.03,0.58,43.4
4/29/2025 2:00,delwebb_to_marketpl,SB,0.01,0.58,42.6
4/29/2025 3:00,delwebb_to_marketpl,SB,0,0.57,43.7
4/29/2025 4:00,delwebb_to_marketpl,SB,0,0.56,44
4/29/2025 5:00,delwebb_to_marketpl,SB,0.02,0.6,42
4/29/2025 6:00,delwebb_to_marketpl,SB,0.03,0.63,39.7
4/29/2025 7:00,delwebb_to_marketpl,SB,0.05,0.63,39.9
4/29/2025 8:00,delwebb_to_marketpl,SB,0.05,0.64,38.8
4/29/2025 9:00,delwebb_to_marketpl,SB,0.16,0.82,30.8
4/29/2025 10:00,delwebb_to_marketpl,SB,0.16,0.8,31
4/29/2025 11:00,delwebb_to_marketpl,SB,0.28,0.93,26.9
4/29/2025 12:00,delwebb_to_marketpl,SB,0.22,0.87,29
4/29/2025 13:00,delwebb_to_marketpl,SB,0.21,0.85,29.8
4/29/2025 14:00,delwebb_to_marketpl,SB,0.14,0.79,31.7
4/29/2025 15:00,delwebb_to_marketpl,SB,0.22,0.82,30.8
4/29/2025 16:00,delwebb_to_marketpl,SB,0.13,0.75,33.6
4/29/2025 17:00,delwebb_to_marketpl,SB,0.1,0.73,34.9
4/29/2025 18:00,delwebb_to_marketpl,SB,0.05,0.64,39.1
4/29/2025 19:00,delwebb_to_marketpl,SB,0.05,0.62,40.8
4/29/2025 20:00,delwebb_to_marketpl,SB,0.01,0.62,40.1
4/29/2025 21:00,delwebb_to_marketpl,SB,0,0.58,42.8
4/29/2025 22:00,delwebb_to_marketpl,SB,0.04,0.65,39.2
4/29/2025 23:00,delwebb_to_marketpl,SB,0.04,0.63,40.7
4/30/2025 0:00,delwebb_to_marketpl,SB,0,0.54,46.2
4/30/2025 1:00,delwebb_to_marketpl,SB,0,0.54,46.5
4/30/2025 2:00,delwebb_to_marketpl,SB,0,0.54,45.9
4/30/2025 3:00,delwebb_to_marketpl,SB,0,0.57,43.9
4/30/2025 4:00,delwebb_to_marketpl,SB,0.01,0.6,41.8
4/30/2025 5:00,delwebb_to_marketpl,SB,0.02,0.61,41.2
4/30/2025 6:00,delwebb_to_marketpl,SB,0.01,0.58,43.4
4/30/2025 7:00,delwebb_to_marketpl,SB,0.03,0.59,42.7
4/30/2025 8:00,delwebb_to_marketpl,SB,0.12,0.73,34.2
4/30/2025 9:00,delwebb_to_marketpl,SB,0.16,0.8,31.2
4/30/2025 10:00,delwebb_to_marketpl,SB,0.19,0.82,31
4/30/2025 11:00,delwebb_to_marketpl,SB,0.19,0.82,30.3
4/30/2025 12:00,delwebb_to_marketpl,SB,0.2,0.85,29.4
4/30/2025 13:00,delwebb_to_marketpl,SB,0.18,0.82,30.7
4/30/2025 14:00,delwebb_to_marketpl,SB,0.14,0.77,32.8
4/30/2025 15:00,delwebb_to_marketpl,SB,0.14,0.77,32.6
4/30/2025 16:00,delwebb_to_marketpl,SB,0.2,0.81,31.4
4/30/2025 17:00,delwebb_to_marketpl,SB,0.13,0.73,34.3
4/30/2025 18:00,delwebb_to_marketpl,SB,0.06,0.66,37.9
4/30/2025 19:00,delwebb_to_marketpl,SB,0.07,0.66,38.4
4/30/2025 20:00,delwebb_to_marketpl,SB,0.12,0.72,34.6
4/30/2025 21:00,delwebb_to_marketpl,SB,0.09,0.7,35.6
4/30/2025 22:00,delwebb_to_marketpl,SB,0.01,0.59,42.2
4/30/2025 23:00,delwebb_to_marketpl,SB,0.02,0.59,42.5
5/1/2025 0:00,delwebb_to_marketpl,SB,0,0.58,43.2
5/1/2025 1:00,delwebb_to_marketpl,SB,0,0.59,42.5
5/1/2025 2:00,delwebb_to_marketpl,SB,0,0.56,44
5/1/2025 3:00,delwebb_to_marketpl,SB,0.1,0.72,36
5/1/2025 4:00,delwebb_to_marketpl,SB,0,0.56,44
5/1/2025 5:00,delwebb_to_marketpl,SB,0,0.56,44
5/1/2025 6:00,delwebb_to_marketpl,SB,0.01,0.59,42.2
5/1/2025 7:00,delwebb_to_marketpl,SB,0.05,0.61,41
5/1/2025 8:00,delwebb_to_marketpl,SB,0.07,0.68,37.1
5/1/2025 9:00,delwebb_to_marketpl,SB,0.15,0.77,33.3
5/1/2025 10:00,delwebb_to_marketpl,SB,0.08,0.71,35.5
5/1/2025 11:00,delwebb_to_marketpl,SB,0.19,0.83,30.5
5/1/2025 12:00,delwebb_to_marketpl,SB,0.24,0.88,28.8
5/1/2025 13:00,delwebb_to_marketpl,SB,0.14,0.79,31.8
5/1/2025 14:00,delwebb_to_marketpl,SB,0.24,0.85,29.5
5/1/2025 15:00,delwebb_to_marketpl,SB,0.12,0.74,33.8
5/1/2025 16:00,delwebb_to_marketpl,SB,0.16,0.78,32.6
5/1/2025 17:00,delwebb_to_marketpl,SB,0.12,0.7,36.2
5/1/2025 18:00,delwebb_to_marketpl,SB,0.14,0.77,32.7
5/1/2025 19:00,delwebb_to_marketpl,SB,0.12,0.76,33.3
5/1/2025 20:00,delwebb_to_marketpl,SB,0.06,0.68,36.7
5/1/2025 21:00,delwebb_to_marketpl,SB,0.05,0.69,36.7
5/1/2025 22:00,delwebb_to_marketpl,SB,0.1,0.7,36
5/1/2025 23:00,delwebb_to_marketpl,SB,0.02,0.58,43.8
5/2/2025 0:00,delwebb_to_marketpl,SB,0,0.52,47.6
5/2/2025 1:00,delwebb_to_marketpl,SB,0.02,0.62,40.3
5/2/2025 2:00,delwebb_to_marketpl,SB,0,0.57,43.7
5/2/2025 3:00,delwebb_to_marketpl,SB,0.04,0.65,39.2
5/2/2025 4:00,delwebb_to_marketpl,SB,0,0.56,44
5/2/2025 5:00,delwebb_to_marketpl,SB,0,0.54,45.9
5/2/2025 6:00,delwebb_to_marketpl,SB,0.03,0.65,38.4
5/2/2025 7:00,delwebb_to_marketpl,SB,0.05,0.63,40
5/2/2025 8:00,delwebb_to_marketpl,SB,0.09,0.72,34.8
5/2/2025 9:00,delwebb_to_marketpl,SB,0.16,0.8,31.4
5/2/2025 10:00,delwebb_to_marketpl,SB,0.13,0.78,31.9
5/2/2025 11:00,delwebb_to_marketpl,SB,0.15,0.76,32.9
5/2/2025 12:00,delwebb_to_marketpl,SB,0.26,0.92,27.8
5/2/2025 13:00,delwebb_to_marketpl,SB,0.21,0.86,29.2
5/2/2025 14:00,delwebb_to_marketpl,SB,0.23,0.87,29.4
5/2/2025 15:00,delwebb_to_marketpl,SB,0.2,0.82,30.7
5/2/2025 16:00,delwebb_to_marketpl,SB,0.24,0.87,28.8
5/2/2025 17:00,delwebb_to_marketpl,SB,0.16,0.77,32.5
5/2/2025 18:00,delwebb_to_marketpl,SB,0.13,0.74,33.9
5/2/2025 19:00,delwebb_to_marketpl,SB,0.09,0.69,36.5
5/2/2025 20:00,delwebb_to_marketpl,SB,0.02,0.62,40
5/2/2025 21:00,delwebb_to_marketpl,SB,0.1,0.71,35.4
5/2/2025 22:00,delwebb_to_marketpl,SB,0.05,0.66,38.3
5/2/2025 23:00,delwebb_to_marketpl,SB,0,0.54,45.8
5/3/2025 0:00,delwebb_to_marketpl,SB,0,0.59,42.4
5/3/2025 1:00,delwebb_to_marketpl,SB,0.02,0.63,39.6
5/3/2025 2:00,delwebb_to_marketpl,SB,0.05,0.65,39
5/3/2025 3:00,delwebb_to_marketpl,SB,0,0.56,44
5/3/2025 4:00,delwebb_to_marketpl,SB,0.02,0.61,41
5/3/2025 5:00,delwebb_to_marketpl,SB,0,0.56,44
5/3/2025 6:00,delwebb_to_marketpl,SB,0,0.57,44
5/3/2025 7:00,delwebb_to_marketpl,SB,0.05,0.63,39.7
5/3/2025 8:00,delwebb_to_marketpl,SB,0.02,0.62,40
5/3/2025 9:00,delwebb_to_marketpl,SB,0.01,0.61,40.6
5/3/2025 10:00,delwebb_to_marketpl,SB,0.06,0.68,37
5/3/2025 11:00,delwebb_to_marketpl,SB,0.07,0.71,34.8
5/3/2025 12:00,delwebb_to_marketpl,SB,0.14,0.75,33.8
5/3/2025 13:00,delwebb_to_marketpl,SB,0.13,0.73,34.3
5/3/2025 14:00,delwebb_to_marketpl,SB,0.11,0.72,35
5/3/2025 15:00,delwebb_to_marketpl,SB,0.07,0.66,39
5/3/2025 16:00,delwebb_to_marketpl,SB,0.12,0.71,35.5
5/3/2025 17:00,delwebb_to_marketpl,SB,0.25,0.9,28
5/3/2025 18:00,delwebb_to_marketpl,SB,0.12,0.74,33.9
5/3/2025 19:00,delwebb_to_marketpl,SB,0.07,0.67,37.7
5/3/2025 20:00,delwebb_to_marketpl,SB,0.09,0.7,35.4
5/3/2025 21:00,delwebb_to_marketpl,SB,0.04,0.63,40
5/3/2025 22:00,delwebb_to_marketpl,SB,0,0.6,41.7
5/3/2025 23:00,delwebb_to_marketpl,SB,0.01,0.6,42.1
5/4/2025 0:00,delwebb_to_marketpl,SB,0.01,0.6,41.5
5/4/2025 1:00,delwebb_to_marketpl,SB,0,0.56,44
5/4/2025 2:00,delwebb_to_marketpl,SB,0,0.56,44
5/4/2025 3:00,delwebb_to_marketpl,SB,0,0.56,44
5/4/2025 4:00,delwebb_to_marketpl,SB,0,0.56,44.4
5/4/2025 5:00,delwebb_to_marketpl,SB,0,0.55,45.3
5/4/2025 6:00,delwebb_to_marketpl,SB,0,0.57,43.9
5/4/2025 7:00,delwebb_to_marketpl,SB,0.02,0.57,43.8
5/4/2025 8:00,delwebb_to_marketpl,SB,0.07,0.7,35.8
5/4/2025 9:00,delwebb_to_marketpl,SB,0.05,0.68,36.7
5/4/2025 10:00,delwebb_to_marketpl,SB,0.12,0.76,33.2
5/4/2025 11:00,delwebb_to_marketpl,SB,0.27,0.93,26.9
5/4/2025 12:00,delwebb_to_marketpl,SB,0.08,0.67,37.9
5/4/2025 13:00,delwebb_to_marketpl,SB,0.05,0.65,38.7
5/4/2025 14:00,delwebb_to_marketpl,SB,0.11,0.72,35.6
5/4/2025 15:00,delwebb_to_marketpl,SB,0.14,0.74,34.7
5/4/2025 16:00,delwebb_to_marketpl,SB,0.05,0.65,38.7
5/4/2025 17:00,delwebb_to_marketpl,SB,0.17,0.81,31.3
5/4/2025 18:00,delwebb_to_marketpl,SB,0.09,0.66,38
5/4/2025 19:00,delwebb_to_marketpl,SB,0.02,0.62,40.4
5/4/2025 20:00,delwebb_to_marketpl,SB,0.05,0.68,36.7
5/4/2025 21:00,delwebb_to_marketpl,SB,0.09,0.68,36.6
5/4/2025 22:00,delwebb_to_marketpl,SB,0,0.56,44.3
5/4/2025 23:00,delwebb_to_marketpl,SB,0,0.56,44
5/5/2025 0:00,delwebb_to_marketpl,SB,0,0.57,43.7
5/5/2025 1:00,delwebb_to_marketpl,SB,0,0.6,41.4
5/5/2025 2:00,delwebb_to_marketpl,SB,0,0.57,43.9
5/5/2025 3:00,delwebb_to_marketpl,SB,0,0.55,45
5/5/2025 4:00,delwebb_to_marketpl,SB,0,0.58,43
5/5/2025 5:00,delwebb_to_marketpl,SB,0,0.6,41.6
5/5/2025 6:00,delwebb_to_marketpl,SB,0.03,0.6,42.2
5/5/2025 7:00,delwebb_to_marketpl,SB,0.12,0.71,35.9
5/5/2025 8:00,delwebb_to_marketpl,SB,0.13,0.72,35.2
5/5/2025 9:00,delwebb_to_marketpl,SB,0.15,0.8,31.4
5/5/2025 10:00,delwebb_to_marketpl,SB,0.2,0.85,29.7
5/5/2025 11:00,delwebb_to_marketpl,SB,0.2,0.85,29.6
5/5/2025 12:00,delwebb_to_marketpl,SB,0.14,0.78,31.9
5/5/2025 13:00,delwebb_to_marketpl,SB,0.14,0.77,32.3
5/5/2025 14:00,delwebb_to_marketpl,SB,0.17,0.79,32.4
5/5/2025 15:00,delwebb_to_marketpl,SB,0.16,0.8,31.4
5/5/2025 16:00,delwebb_to_marketpl,SB,0.17,0.8,31.5
5/5/2025 17:00,delwebb_to_marketpl,SB,0.15,0.79,32.7
5/5/2025 18:00,delwebb_to_marketpl,SB,0.12,0.74,34.4
5/5/2025 19:00,delwebb_to_marketpl,SB,0.01,0.6,41.9
5/5/2025 20:00,delwebb_to_marketpl,SB,0.04,0.65,38.6
5/5/2025 21:00,delwebb_to_marketpl,SB,0.08,0.67,37.8
5/5/2025 22:00,delwebb_to_marketpl,SB,0.1,0.63,40.1
5/5/2025 23:00,delwebb_to_marketpl,SB,0,0.56,44.1
5/6/2025 0:00,delwebb_to_marketpl,SB,0,0.56,44
5/6/2025 1:00,delwebb_to_marketpl,SB,0,0.56,44
5/6/2025 2:00,delwebb_to_marketpl,SB,0,0.56,44
5/6/2025 3:00,delwebb_to_marketpl,SB,0,0.56,44
5/6/2025 4:00,delwebb_to_marketpl,SB,0,0.55,45.7
5/6/2025 5:00,delwebb_to_marketpl,SB,0.06,0.67,37.9
5/6/2025 6:00,delwebb_to_marketpl,SB,0.01,0.61,41.1
5/6/2025 7:00,delwebb_to_marketpl,SB,0.06,0.66,38
5/6/2025 8:00,delwebb_to_marketpl,SB,0.06,0.69,36.2
5/6/2025 9:00,delwebb_to_marketpl,SB,0.1,0.73,34.6
5/6/2025 10:00,delwebb_to_marketpl,SB,0.2,0.85,30.1
5/6/2025 11:00,delwebb_to_marketpl,SB,0.26,0.91,27.7
5/6/2025 12:00,delwebb_to_marketpl,SB,0.15,0.8,31.1
5/6/2025 13:00,delwebb_to_marketpl,SB,0.18,0.82,30.5
5/6/2025 14:00,delwebb_to_marketpl,SB,0.23,0.87,28.9
5/6/2025 15:00,delwebb_to_marketpl,SB,0.13,0.73,34.3
5/6/2025 16:00,delwebb_to_marketpl,SB,0.11,0.73,34.3
5/6/2025 17:00,delwebb_to_marketpl,SB,0.17,0.77,32.9
5/6/2025 18:00,delwebb_to_marketpl,SB,0.15,0.75,33.6
5/6/2025 19:00,delwebb_to_marketpl,SB,0.04,0.63,39.7
5/6/2025 20:00,delwebb_to_marketpl,SB,0.05,0.65,38.5
5/6/2025 21:00,delwebb_to_marketpl,SB,0.08,0.67,38.9
5/6/2025 22:00,delwebb_to_marketpl,SB,0.12,0.71,37.5
5/6/2025 23:00,delwebb_to_marketpl,SB,0,0.58,42.5
5/7/2025 0:00,delwebb_to_marketpl,SB,0,0.58,42.9
5/7/2025 1:00,delwebb_to_marketpl,SB,0.03,0.61,41.4
5/7/2025 2:00,delwebb_to_marketpl,SB,0.06,0.66,38.9
5/7/2025 3:00,delwebb_to_marketpl,SB,0,0.56,44
5/7/2025 4:00,delwebb_to_marketpl,SB,0,0.56,44
5/7/2025 5:00,delwebb_to_marketpl,SB,0.04,0.65,38.4
5/7/2025 6:00,delwebb_to_marketpl,SB,0.02,0.63,39.5
5/7/2025 7:00,delwebb_to_marketpl,SB,0.04,0.61,40.8
5/7/2025 8:00,delwebb_to_marketpl,SB,0.07,0.67,37.4
5/7/2025 9:00,delwebb_to_marketpl,SB,0.1,0.72,35.4
5/7/2025 10:00,delwebb_to_marketpl,SB,0.11,0.77,32.6
5/7/2025 11:00,delwebb_to_marketpl,SB,0.15,0.78,32.4
5/7/2025 12:00,delwebb_to_marketpl,SB,0.14,0.78,32.2
5/7/2025 13:00,delwebb_to_marketpl,SB,0.23,0.86,29.5
5/7/2025 14:00,delwebb_to_marketpl,SB,0.25,0.87,30.3
5/7/2025 15:00,delwebb_to_marketpl,SB,0.11,0.74,33.5
5/7/2025 16:00,delwebb_to_marketpl,SB,0.12,0.74,33.9
5/7/2025 17:00,delwebb_to_marketpl,SB,0.08,0.7,36
5/7/2025 18:00,delwebb_to_marketpl,SB,0.05,0.66,37.7
5/7/2025 19:00,delwebb_to_marketpl,SB,0.08,0.66,38.2
5/7/2025 20:00,delwebb_to_marketpl,SB,0.06,0.67,37
5/7/2025 21:00,delwebb_to_marketpl,SB,0.04,0.66,37.8
5/7/2025 22:00,delwebb_to_marketpl,SB,0.04,0.62,40.6
5/7/2025 23:00,delwebb_to_marketpl,SB,0.09,0.73,34.8
5/8/2025 0:00,delwebb_to_marketpl,SB,0.01,0.6,41.4
5/8/2025 1:00,delwebb_to_marketpl,SB,0,0.58,43
5/8/2025 2:00,delwebb_to_marketpl,SB,0,0.56,44
5/8/2025 3:00,delwebb_to_marketpl,SB,0,0.57,43.4
5/8/2025 4:00,delwebb_to_marketpl,SB,0.03,0.62,40.6
5/8/2025 5:00,delwebb_to_marketpl,SB,0.01,0.57,45
5/8/2025 6:00,delwebb_to_marketpl,SB,0.02,0.57,43.6
5/8/2025 7:00,delwebb_to_marketpl,SB,0.04,0.62,40.5
5/8/2025 8:00,delwebb_to_marketpl,SB,0.12,0.72,34.7
5/8/2025 9:00,delwebb_to_marketpl,SB,0.15,0.76,33.6
5/8/2025 10:00,delwebb_to_marketpl,SB,0.15,0.8,31.8
5/8/2025 11:00,delwebb_to_marketpl,SB,0.22,0.83,30.6
5/8/2025 12:00,delwebb_to_marketpl,SB,0.19,0.82,30.5
5/8/2025 13:00,delwebb_to_marketpl,SB,0.14,0.78,32.2
5/8/2025 14:00,delwebb_to_marketpl,SB,0.14,0.78,31.8
5/8/2025 15:00,delwebb_to_marketpl,SB,0.14,0.74,34.3
5/8/2025 16:00,delwebb_to_marketpl,SB,0.17,0.8,31.4
5/8/2025 17:00,delwebb_to_marketpl,SB,0.22,0.84,29.7
5/8/2025 18:00,delwebb_to_marketpl,SB,0.1,0.75,33.2
5/8/2025 19:00,delwebb_to_marketpl,SB,0.07,0.68,37.2
5/8/2025 20:00,delwebb_to_marketpl,SB,0.04,0.65,38.8
5/8/2025 21:00,delwebb_to_marketpl,SB,0.16,0.81,31.3
5/8/2025 22:00,delwebb_to_marketpl,SB,0.02,0.66,37.8
5/8/2025 23:00,delwebb_to_marketpl,SB,0.03,0.64,39.4
5/9/2025 0:00,delwebb_to_marketpl,SB,0,0.57,44
5/9/2025 1:00,delwebb_to_marketpl,SB,0,0.53,47.2
5/9/2025 2:00,delwebb_to_marketpl,SB,0,0.56,44
5/9/2025 3:00,delwebb_to_marketpl,SB,0,0.56,44
5/9/2025 4:00,delwebb_to_marketpl,SB,0,0.57,44
5/9/2025 5:00,delwebb_to_marketpl,SB,0.07,0.65,39.2
5/9/2025 6:00,delwebb_to_marketpl,SB,0.03,0.57,43.8
5/9/2025 7:00,delwebb_to_marketpl,SB,0.07,0.67,37.5
5/9/2025 8:00,delwebb_to_marketpl,SB,0.05,0.65,38.5
5/9/2025 9:00,delwebb_to_marketpl,SB,0.17,0.81,31.4
5/9/2025 10:00,delwebb_to_marketpl,SB,0.2,0.85,29.9
5/9/2025 11:00,delwebb_to_marketpl,SB,0.23,0.86,29.1
5/9/2025 12:00,delwebb_to_marketpl,SB,0.17,0.83,30.6
5/9/2025 13:00,delwebb_to_marketpl,SB,0.17,0.81,31.8
5/9/2025 14:00,delwebb_to_marketpl,SB,0.17,0.82,31
5/9/2025 15:00,delwebb_to_marketpl,SB,0.21,0.83,30.8
5/9/2025 16:00,delwebb_to_marketpl,SB,0.16,0.79,32
5/9/2025 17:00,delwebb_to_marketpl,SB,0.07,0.7,35.9
5/9/2025 18:00,delwebb_to_marketpl,SB,0.11,0.75,33.6
5/9/2025 19:00,delwebb_to_marketpl,SB,0.06,0.62,40.2
5/9/2025 20:00,delwebb_to_marketpl,SB,0.08,0.7,35.5
5/9/2025 21:00,delwebb_to_marketpl,SB,0.07,0.71,35.1
5/9/2025 22:00,delwebb_to_marketpl,SB,0.01,0.58,42.8
5/9/2025 23:00,delwebb_to_marketpl,SB,0.04,0.68,36.6
5/10/2025 0:00,delwebb_to_marketpl,SB,0.01,0.63,39.6
5/10/2025 1:00,delwebb_to_marketpl,SB,0,0.6,41.6
5/10/2025 2:00,delwebb_to_marketpl,SB,0,0.56,44.3
5/10/2025 3:00,delwebb_to_marketpl,SB,0.03,0.64,39.1
5/10/2025 4:00,delwebb_to_marketpl,SB,0,0.57,43.3
5/10/2025 5:00,delwebb_to_marketpl,SB,0,0.57,43.9
5/10/2025 6:00,delwebb_to_marketpl,SB,0.01,0.6,41.9
5/10/2025 7:00,delwebb_to_marketpl,SB,0.08,0.73,34.4
5/10/2025 8:00,delwebb_to_marketpl,SB,0.02,0.64,38.9
5/10/2025 9:00,delwebb_to_marketpl,SB,0.08,0.68,37.3
5/10/2025 10:00,delwebb_to_marketpl,SB,0.11,0.75,33.6
5/10/2025 11:00,delwebb_to_marketpl,SB,0.1,0.72,35.2
5/10/2025 12:00,delwebb_to_marketpl,SB,0.18,0.84,29.9
5/10/2025 13:00,delwebb_to_marketpl,SB,0.05,0.67,37.4
5/10/2025 14:00,delwebb_to_marketpl,SB,0.15,0.77,32.7
5/10/2025 15:00,delwebb_to_marketpl,SB,0.14,0.79,31.9
5/10/2025 16:00,delwebb_to_marketpl,SB,0.09,0.7,36.1
5/10/2025 17:00,delwebb_to_marketpl,SB,0.14,0.75,33.9
5/10/2025 18:00,delwebb_to_marketpl,SB,0.08,0.71,34.9
5/10/2025 19:00,delwebb_to_marketpl,SB,0.03,0.64,38.8
5/10/2025 20:00,delwebb_to_marketpl,SB,0.05,0.67,37.2
5/10/2025 21:00,delwebb_to_marketpl,SB,0.08,0.72,34.7
5/10/2025 22:00,delwebb_to_marketpl,SB,0.09,0.74,34.3
5/10/2025 23:00,delwebb_to_marketpl,SB,0,0.59,42.2
5/11/2025 0:00,delwebb_to_marketpl,SB,0.02,0.65,38.7
5/11/2025 1:00,delwebb_to_marketpl,SB,0.03,0.6,41.8
5/11/2025 2:00,delwebb_to_marketpl,SB,0,0.56,44.6
5/11/2025 3:00,delwebb_to_marketpl,SB,0,0.52,47.6
5/11/2025 4:00,delwebb_to_marketpl,SB,0.05,0.61,43.2
5/11/2025 5:00,delwebb_to_marketpl,SB,0.1,0.72,35.7
5/11/2025 6:00,delwebb_to_marketpl,SB,0.18,0.82,31.4
5/11/2025 7:00,delwebb_to_marketpl,SB,0.08,0.69,37
5/11/2025 8:00,delwebb_to_marketpl,SB,0.05,0.67,37.6
5/11/2025 9:00,delwebb_to_marketpl,SB,0.09,0.67,38.1
5/11/2025 10:00,delwebb_to_marketpl,SB,0.07,0.65,38.5
5/11/2025 11:00,delwebb_to_marketpl,SB,0.17,0.8,31.4
5/11/2025 12:00,delwebb_to_marketpl,SB,0.08,0.67,37.1
5/11/2025 13:00,delwebb_to_marketpl,SB,0.11,0.7,36.1
5/11/2025 14:00,delwebb_to_marketpl,SB,0.06,0.62,40.5
5/11/2025 15:00,delwebb_to_marketpl,SB,0.08,0.72,34.8
5/11/2025 16:00,delwebb_to_marketpl,SB,0.07,0.65,38.9
5/11/2025 17:00,delwebb_to_marketpl,SB,0.05,0.67,37.4
5/11/2025 18:00,delwebb_to_marketpl,SB,0.08,0.66,38
5/11/2025 19:00,delwebb_to_marketpl,SB,0.07,0.65,38.7
5/11/2025 20:00,delwebb_to_marketpl,SB,0.07,0.68,36.6
5/11/2025 21:00,delwebb_to_marketpl,SB,0.08,0.73,34.6
5/11/2025 22:00,delwebb_to_marketpl,SB,0.01,0.59,42.2
5/11/2025 23:00,delwebb_to_marketpl,SB,0.01,0.58,42.9
5/12/2025 0:00,delwebb_to_marketpl,SB,0,0.57,43.5
5/12/2025 1:00,delwebb_to_marketpl,SB,0,0.57,43.6
5/12/2025 2:00,delwebb_to_marketpl,SB,0,0.56,44.3
5/12/2025 3:00,delwebb_to_marketpl,SB,0,0.56,44
5/12/2025 4:00,delwebb_to_marketpl,SB,0,0.55,45.8
5/12/2025 5:00,delwebb_to_marketpl,SB,0.01,0.55,45.8
5/12/2025 6:00,delwebb_to_marketpl,SB,0.03,0.63,39.8
5/12/2025 7:00,delwebb_to_marketpl,SB,0.03,0.61,41
5/12/2025 8:00,delwebb_to_marketpl,SB,0.05,0.64,39
5/12/2025 9:00,delwebb_to_marketpl,SB,0.07,0.71,35.3
5/12/2025 10:00,delwebb_to_marketpl,SB,0.16,0.8,31.4
5/12/2025 11:00,delwebb_to_marketpl,SB,0.13,0.76,33.9
5/12/2025 12:00,delwebb_to_marketpl,SB,0.09,0.73,34.2
5/12/2025 13:00,delwebb_to_marketpl,SB,0.25,0.91,28
5/12/2025 14:00,delwebb_to_marketpl,SB,0.2,0.79,31.8
5/12/2025 15:00,delwebb_to_marketpl,SB,0.21,0.85,29.8
5/12/2025 16:00,delwebb_to_marketpl,SB,0.23,0.85,29.7
5/12/2025 17:00,delwebb_to_marketpl,SB,0.15,0.77,32.6
5/12/2025 18:00,delwebb_to_marketpl,SB,0.03,0.6,41.6
5/12/2025 19:00,delwebb_to_marketpl,SB,0.09,0.68,36.8
5/12/2025 20:00,delwebb_to_marketpl,SB,0.04,0.63,39.9
5/12/2025 21:00,delwebb_to_marketpl,SB,0.08,0.71,35.7
5/12/2025 22:00,delwebb_to_marketpl,SB,0,0.58,42.9
5/12/2025 23:00,delwebb_to_marketpl,SB,0.01,0.57,43.9
5/13/2025 0:00,delwebb_to_marketpl,SB,0.01,0.62,40.8
5/13/2025 1:00,delwebb_to_marketpl,SB,0,0.56,44
5/13/2025 2:00,delwebb_to_marketpl,SB,0,0.56,44
5/13/2025 3:00,delwebb_to_marketpl,SB,0,0.56,44
5/13/2025 4:00,delwebb_to_marketpl,SB,0.01,0.61,40.9
5/13/2025 5:00,delwebb_to_marketpl,SB,0.08,0.73,34.1
5/13/2025 6:00,delwebb_to_marketpl,SB,0.01,0.55,46.1
5/13/2025 7:00,delwebb_to_marketpl,SB,0.04,0.62,40.3
5/13/2025 8:00,delwebb_to_marketpl,SB,0.08,0.68,37.2
5/13/2025 9:00,delwebb_to_marketpl,SB,0.17,0.79,31.8
5/13/2025 10:00,delwebb_to_marketpl,SB,0.2,0.85,29.8
5/13/2025 11:00,delwebb_to_marketpl,SB,0.12,0.76,33
5/13/2025 12:00,delwebb_to_marketpl,SB,0.19,0.83,30.6
5/13/2025 13:00,delwebb_to_marketpl,SB,0.15,0.78,32.2
5/13/2025 14:00,delwebb_to_marketpl,SB,0.13,0.76,33
5/13/2025 15:00,delwebb_to_marketpl,SB,0.19,0.83,30.5
5/13/2025 16:00,delwebb_to_marketpl,SB,0.15,0.77,32.9
5/13/2025 17:00,delwebb_to_marketpl,SB,0.15,0.77,32.7
5/13/2025 18:00,delwebb_to_marketpl,SB,0.02,0.63,39.6
5/13/2025 19:00,delwebb_to_marketpl,SB,0.03,0.62,40.2
5/13/2025 20:00,delwebb_to_marketpl,SB,0.14,0.77,32.9
5/13/2025 21:00,delwebb_to_marketpl,SB,0.01,0.55,45.4
5/13/2025 22:00,delwebb_to_marketpl,SB,0.09,0.68,37.7
5/13/2025 23:00,delwebb_to_marketpl,SB,0.03,0.6,42.3
5/14/2025 0:00,delwebb_to_marketpl,SB,0.02,0.61,41.3
5/14/2025 1:00,delwebb_to_marketpl,SB,0,0.6,41.7
5/14/2025 2:00,delwebb_to_marketpl,SB,0,0.56,44
5/14/2025 3:00,delwebb_to_marketpl,SB,0,0.56,44
5/14/2025 4:00,delwebb_to_marketpl,SB,0.19,0.81,32.9
5/14/2025 5:00,delwebb_to_marketpl,SB,0,0.54,46
5/14/2025 6:00,delwebb_to_marketpl,SB,0.02,0.6,41.6
5/14/2025 7:00,delwebb_to_marketpl,SB,0.04,0.64,39.2
5/14/2025 8:00,delwebb_to_marketpl,SB,0.04,0.63,40
5/14/2025 9:00,delwebb_to_marketpl,SB,0.13,0.76,33.3
5/14/2025 10:00,delwebb_to_marketpl,SB,0.13,0.77,32.7
5/14/2025 11:00,delwebb_to_marketpl,SB,0.19,0.83,30.5
5/14/2025 12:00,delwebb_to_marketpl,SB,0.17,0.81,31.1
5/14/2025 13:00,delwebb_to_marketpl,SB,0.11,0.75,33.8
5/14/2025 14:00,delwebb_to_marketpl,SB,0.17,0.81,31.1
5/14/2025 15:00,delwebb_to_marketpl,SB,0.12,0.71,35.9
5/14/2025 16:00,delwebb_to_marketpl,SB,0.12,0.72,34.9
5/14/2025 17:00,delwebb_to_marketpl,SB,0.09,0.69,36.3
5/14/2025 18:00,delwebb_to_marketpl,SB,0.07,0.63,40.5
5/14/2025 19:00,delwebb_to_marketpl,SB,0.04,0.65,38.3
5/14/2025 20:00,delwebb_to_marketpl,SB,0.04,0.65,38.7
5/14/2025 21:00,delwebb_to_marketpl,SB,0.13,0.75,34.2
5/14/2025 22:00,delwebb_to_marketpl,SB,0.01,0.57,43.9
5/14/2025 23:00,delwebb_to_marketpl,SB,0,0.59,42.5
5/15/2025 0:00,delwebb_to_marketpl,SB,0,0.58,43
5/15/2025 1:00,delwebb_to_marketpl,SB,0,0.58,42.8
5/15/2025 2:00,delwebb_to_marketpl,SB,0,0.56,44
5/15/2025 3:00,delwebb_to_marketpl,SB,0,0.56,44
5/15/2025 4:00,delwebb_to_marketpl,SB,0,0.58,42.7
5/15/2025 5:00,delwebb_to_marketpl,SB,0.01,0.57,44.5
5/15/2025 6:00,delwebb_to_marketpl,SB,0.06,0.62,40.4
5/15/2025 7:00,delwebb_to_marketpl,SB,0.07,0.67,37.4
5/15/2025 8:00,delwebb_to_marketpl,SB,0.06,0.66,37.5
5/15/2025 9:00,delwebb_to_marketpl,SB,0.11,0.74,33.7
5/15/2025 10:00,delwebb_to_marketpl,SB,0.14,0.77,32.4
5/15/2025 11:00,delwebb_to_marketpl,SB,0.14,0.75,33.2
5/15/2025 12:00,delwebb_to_marketpl,SB,0.11,0.75,33.6
5/15/2025 13:00,delwebb_to_marketpl,SB,0.16,0.81,31.1
5/15/2025 14:00,delwebb_to_marketpl,SB,0.14,0.76,33.2
5/15/2025 15:00,delwebb_to_marketpl,SB,0.16,0.78,32.1
5/15/2025 16:00,delwebb_to_marketpl,SB,0.15,0.78,32
5/15/2025 17:00,delwebb_to_marketpl,SB,0.08,0.71,35.8
5/15/2025 18:00,delwebb_to_marketpl,SB,0.1,0.69,36.6
5/15/2025 19:00,delwebb_to_marketpl,SB,0.02,0.63,39.8
5/15/2025 20:00,delwebb_to_marketpl,SB,0.03,0.61,40.7
5/15/2025 21:00,delwebb_to_marketpl,SB,0.08,0.72,35.1
5/15/2025 22:00,delwebb_to_marketpl,SB,0.04,0.67,37.7
5/15/2025 23:00,delwebb_to_marketpl,SB,0,0.57,43.5
5/16/2025 0:00,delwebb_to_marketpl,SB,0,0.56,44
5/16/2025 1:00,delwebb_to_marketpl,SB,0,0.57,43.9
5/16/2025 2:00,delwebb_to_marketpl,SB,0,0.56,44
5/16/2025 3:00,delwebb_to_marketpl,SB,0,0.57,43.9
5/16/2025 4:00,delwebb_to_marketpl,SB,0,0.6,41.6
5/16/2025 5:00,delwebb_to_marketpl,SB,0.01,0.57,43.4
5/16/2025 6:00,delwebb_to_marketpl,SB,0.06,0.68,37
5/16/2025 7:00,delwebb_to_marketpl,SB,0.08,0.7,36
5/16/2025 8:00,delwebb_to_marketpl,SB,0.05,0.64,39.5
5/16/2025 9:00,delwebb_to_marketpl,SB,0.11,0.75,33.1
5/16/2025 10:00,delwebb_to_marketpl,SB,0.1,0.72,34.8
5/16/2025 11:00,delwebb_to_marketpl,SB,0.11,0.72,35.1
5/16/2025 12:00,delwebb_to_marketpl,SB,0.19,0.8,32
5/16/2025 13:00,delwebb_to_marketpl,SB,0.17,0.78,32
5/16/2025 14:00,delwebb_to_marketpl,SB,0.19,0.83,30.6
5/16/2025 15:00,delwebb_to_marketpl,SB,0.15,0.78,32.2
5/16/2025 16:00,delwebb_to_marketpl,SB,0.2,0.82,31
5/16/2025 17:00,delwebb_to_marketpl,SB,0.1,0.71,35.2
5/16/2025 18:00,delwebb_to_marketpl,SB,0.08,0.71,35.5
5/16/2025 19:00,delwebb_to_marketpl,SB,0.06,0.64,39.3
5/16/2025 20:00,delwebb_to_marketpl,SB,0.07,0.66,38.3
5/16/2025 21:00,delwebb_to_marketpl,SB,0.16,0.77,32.6
5/16/2025 22:00,delwebb_to_marketpl,SB,0.15,0.75,33.5
5/16/2025 23:00,delwebb_to_marketpl,SB,0,0.55,45.7
5/17/2025 0:00,delwebb_to_marketpl,SB,0,0.56,44.5
5/17/2025 1:00,delwebb_to_marketpl,SB,0,0.6,41.3
5/17/2025 2:00,delwebb_to_marketpl,SB,0,0.56,44.1
5/17/2025 3:00,delwebb_to_marketpl,SB,0,0.56,44
5/17/2025 4:00,delwebb_to_marketpl,SB,0.05,0.68,37
5/17/2025 5:00,delwebb_to_marketpl,SB,0.03,0.63,39.3
5/17/2025 6:00,delwebb_to_marketpl,SB,0.01,0.63,39.9
5/17/2025 7:00,delwebb_to_marketpl,SB,0.05,0.64,39.5
5/17/2025 8:00,delwebb_to_marketpl,SB,0.05,0.66,37.6
5/17/2025 9:00,delwebb_to_marketpl,SB,0.12,0.72,34.8
5/17/2025 10:00,delwebb_to_marketpl,SB,0.06,0.68,36.9
5/17/2025 11:00,delwebb_to_marketpl,SB,0.12,0.76,33.7
5/17/2025 12:00,delwebb_to_marketpl,SB,0.14,0.77,32.3
5/17/2025 13:00,delwebb_to_marketpl,SB,0.11,0.7,36.3
5/17/2025 14:00,delwebb_to_marketpl,SB,0.08,0.69,36.4
5/17/2025 15:00,delwebb_to_marketpl,SB,0.13,0.73,35.2
5/17/2025 16:00,delwebb_to_marketpl,SB,0.11,0.72,35.1
5/17/2025 17:00,delwebb_to_marketpl,SB,0.18,0.82,30.9
5/17/2025 18:00,delwebb_to_marketpl,SB,0.11,0.69,36.3
5/17/2025 19:00,delwebb_to_marketpl,SB,0.07,0.67,37.5
5/17/2025 20:00,delwebb_to_marketpl,SB,0.09,0.67,38.4
5/17/2025 21:00,delwebb_to_marketpl,SB,0.25,0.9,29.1
5/17/2025 22:00,delwebb_to_marketpl,SB,0.01,0.61,40.8
5/17/2025 23:00,delwebb_to_marketpl,SB,0.05,0.62,41.2
5/18/2025 0:00,delwebb_to_marketpl,SB,0.04,0.64,39.4
5/18/2025 1:00,delwebb_to_marketpl,SB,0.01,0.54,47.1
5/18/2025 2:00,delwebb_to_marketpl,SB,0,0.58,43.1
5/18/2025 3:00,delwebb_to_marketpl,SB,0,0.56,44
5/18/2025 4:00,delwebb_to_marketpl,SB,0.01,0.58,42.7
5/18/2025 5:00,delwebb_to_marketpl,SB,0.01,0.59,42.3
5/18/2025 6:00,delwebb_to_marketpl,SB,0.01,0.59,42
5/18/2025 7:00,delwebb_to_marketpl,SB,0.02,0.62,40.3
5/18/2025 8:00,delwebb_to_marketpl,SB,0.01,0.62,39.9
5/18/2025 9:00,delwebb_to_marketpl,SB,0.04,0.65,38.9
5/18/2025 10:00,delwebb_to_marketpl,SB,0.07,0.65,38.9
5/18/2025 11:00,delwebb_to_marketpl,SB,0.06,0.65,38.8
5/18/2025 12:00,delwebb_to_marketpl,SB,0.06,0.64,39.4
5/18/2025 13:00,delwebb_to_marketpl,SB,0.04,0.62,40.4
5/18/2025 14:00,delwebb_to_marketpl,SB,0.09,0.68,37.1
5/18/2025 15:00,delwebb_to_marketpl,SB,0.11,0.72,35.2
5/18/2025 16:00,delwebb_to_marketpl,SB,0.08,0.68,36.8
5/18/2025 17:00,delwebb_to_marketpl,SB,0.1,0.74,33.8
5/18/2025 18:00,delwebb_to_marketpl,SB,0.17,0.8,32
5/18/2025 19:00,delwebb_to_marketpl,SB,0.07,0.64,38.9
5/18/2025 20:00,delwebb_to_marketpl,SB,0.07,0.68,37
5/18/2025 21:00,delwebb_to_marketpl,SB,0.02,0.56,44.2
5/18/2025 22:00,delwebb_to_marketpl,SB,0.01,0.62,40.1
5/18/2025 23:00,delwebb_to_marketpl,SB,0,0.52,47.8
5/19/2025 0:00,delwebb_to_marketpl,SB,0,0.56,44.2
5/19/2025 1:00,delwebb_to_marketpl,SB,0,0.54,45.9
5/19/2025 2:00,delwebb_to_marketpl,SB,0,0.57,44.1
5/19/2025 3:00,delwebb_to_marketpl,SB,0,0.55,45
5/19/2025 4:00,delwebb_to_marketpl,SB,0.28,0.91,29.5
5/19/2025 5:00,delwebb_to_marketpl,SB,0,0.61,40.9
5/19/2025 6:00,delwebb_to_marketpl,SB,0.02,0.61,41.3
5/19/2025 7:00,delwebb_to_marketpl,SB,0.05,0.65,38.5
5/19/2025 8:00,delwebb_to_marketpl,SB,0.07,0.66,37.7
5/19/2025 9:00,delwebb_to_marketpl,SB,0.05,0.66,37.7
5/19/2025 10:00,delwebb_to_marketpl,SB,0.13,0.75,33.6
5/19/2025 11:00,delwebb_to_marketpl,SB,0.1,0.71,35.2
5/19/2025 12:00,delwebb_to_marketpl,SB,0.16,0.79,32.2
5/19/2025 13:00,delwebb_to_marketpl,SB,0.21,0.83,30.4
5/19/2025 14:00,delwebb_to_marketpl,SB,0.16,0.8,32
5/19/2025 15:00,delwebb_to_marketpl,SB,0.16,0.8,31.4
5/19/2025 16:00,delwebb_to_marketpl,SB,0.08,0.66,38.2
5/19/2025 17:00,delwebb_to_marketpl,SB,0.12,0.74,34.1
5/19/2025 18:00,delwebb_to_marketpl,SB,0.1,0.69,36.4
5/19/2025 19:00,delwebb_to_marketpl,SB,0.06,0.65,38.4
5/19/2025 20:00,delwebb_to_marketpl,SB,0.04,0.6,41.5
5/19/2025 21:00,delwebb_to_marketpl,SB,0.05,0.66,38
5/19/2025 22:00,delwebb_to_marketpl,SB,0.1,0.7,37.5
5/19/2025 23:00,delwebb_to_marketpl,SB,0.02,0.64,39.2
5/20/2025 0:00,delwebb_to_marketpl,SB,0.02,0.63,39.9
5/20/2025 1:00,delwebb_to_marketpl,SB,0,0.57,43.3
5/20/2025 2:00,delwebb_to_marketpl,SB,0,0.57,43.6
5/20/2025 3:00,delwebb_to_marketpl,SB,0,0.59,42.5
5/20/2025 4:00,delwebb_to_marketpl,SB,0.01,0.59,42.6
5/20/2025 5:00,delwebb_to_marketpl,SB,0.01,0.57,44
5/20/2025 6:00,delwebb_to_marketpl,SB,0.01,0.6,42.1
5/20/2025 7:00,delwebb_to_marketpl,SB,0.07,0.68,37.2
5/20/2025 8:00,delwebb_to_marketpl,SB,0.12,0.71,35.8
5/20/2025 9:00,delwebb_to_marketpl,SB,0.12,0.74,33.6
5/20/2025 10:00,delwebb_to_marketpl,SB,0.11,0.74,33.9
5/20/2025 11:00,delwebb_to_marketpl,SB,0.23,0.86,30.1
5/20/2025 12:00,delwebb_to_marketpl,SB,0.2,0.85,29.4
5/20/2025 13:00,delwebb_to_marketpl,SB,0.1,0.74,34.6
5/20/2025 14:00,delwebb_to_marketpl,SB,0.16,0.81,31.1
5/20/2025 15:00,delwebb_to_marketpl,SB,0.12,0.74,33.7
5/20/2025 16:00,delwebb_to_marketpl,SB,0.14,0.77,32.9
5/20/2025 17:00,delwebb_to_marketpl,SB,0.12,0.71,35.2
5/20/2025 18:00,delwebb_to_marketpl,SB,0.06,0.66,38.8
5/20/2025 19:00,delwebb_to_marketpl,SB,0.02,0.61,41.2
5/20/2025 20:00,delwebb_to_marketpl,SB,0.11,0.76,33.1
5/20/2025 21:00,delwebb_to_marketpl,SB,0.04,0.6,42
5/20/2025 22:00,delwebb_to_marketpl,SB,0.03,0.57,44
5/20/2025 23:00,delwebb_to_marketpl,SB,0,0.56,44.3
5/21/2025 0:00,delwebb_to_marketpl,SB,0,0.57,43.9
5/21/2025 1:00,delwebb_to_marketpl,SB,0,0.55,45.4
5/21/2025 2:00,delwebb_to_marketpl,SB,0,0.56,44.4
5/21/2025 3:00,delwebb_to_marketpl,SB,0,0.55,45.3
5/21/2025 4:00,delwebb_to_marketpl,SB,0,0.56,44.1
5/21/2025 5:00,delwebb_to_marketpl,SB,0,0.58,42.6
5/21/2025 6:00,delwebb_to_marketpl,SB,0.02,0.6,41.4
5/21/2025 7:00,delwebb_to_marketpl,SB,0.04,0.64,39.1
5/21/2025 8:00,delwebb_to_marketpl,SB,0.04,0.65,38.3
5/21/2025 9:00,delwebb_to_marketpl,SB,0.11,0.75,33.2
5/21/2025 10:00,delwebb_to_marketpl,SB,0.11,0.74,33.7
5/21/2025 11:00,delwebb_to_marketpl,SB,0.19,0.82,31.6
5/21/2025 12:00,delwebb_to_marketpl,SB,0.25,0.88,29.1
5/21/2025 13:00,delwebb_to_marketpl,SB,0.16,0.8,31.6
5/21/2025 14:00,delwebb_to_marketpl,SB,0.19,0.85,30.7
5/21/2025 15:00,delwebb_to_marketpl,SB,0.22,0.84,29.6
5/21/2025 16:00,delwebb_to_marketpl,SB,0.17,0.77,32.3
5/21/2025 17:00,delwebb_to_marketpl,SB,0.14,0.75,33.5
5/21/2025 18:00,delwebb_to_marketpl,SB,0.05,0.64,39.2
5/21/2025 19:00,delwebb_to_marketpl,SB,0.04,0.63,39.7
5/21/2025 20:00,delwebb_to_marketpl,SB,0.02,0.62,40.4
5/21/2025 21:00,delwebb_to_marketpl,SB,0,0.54,46.7
5/21/2025 22:00,delwebb_to_marketpl,SB,0.05,0.63,41.1
5/21/2025 23:00,delwebb_to_marketpl,SB,0.06,0.64,39.3
5/22/2025 0:00,delwebb_to_marketpl,SB,0.02,0.61,41
5/22/2025 1:00,delwebb_to_marketpl,SB,0.1,0.72,35.8
5/22/2025 2:00,delwebb_to_marketpl,SB,0,0.56,44.5
5/22/2025 3:00,delwebb_to_marketpl,SB,0,0.59,42.3
5/22/2025 4:00,delwebb_to_marketpl,SB,0,0.56,44
5/22/2025 5:00,delwebb_to_marketpl,SB,0.01,0.57,43.9
5/22/2025 6:00,delwebb_to_marketpl,SB,0.02,0.6,41.4
5/22/2025 7:00,delwebb_to_marketpl,SB,0.06,0.67,37.1
5/22/2025 8:00,delwebb_to_marketpl,SB,0.06,0.66,38.5
5/22/2025 9:00,delwebb_to_marketpl,SB,0.05,0.65,38.5
5/22/2025 10:00,delwebb_to_marketpl,SB,0.17,0.79,31.5
5/22/2025 11:00,delwebb_to_marketpl,SB,0.25,0.91,28
5/22/2025 12:00,delwebb_to_marketpl,SB,0.23,0.87,28.6
5/22/2025 13:00,delwebb_to_marketpl,SB,0.22,0.85,29.5
5/22/2025 14:00,delwebb_to_marketpl,SB,0.16,0.79,31.9
5/22/2025 15:00,delwebb_to_marketpl,SB,0.1,0.72,35
5/22/2025 16:00,delwebb_to_marketpl,SB,0.09,0.73,34.1
5/22/2025 17:00,delwebb_to_marketpl,SB,0.16,0.81,30.9
5/22/2025 18:00,delwebb_to_marketpl,SB,0.19,0.84,29.7
5/22/2025 19:00,delwebb_to_marketpl,SB,0.08,0.69,36.4
5/22/2025 20:00,delwebb_to_marketpl,SB,0.06,0.66,37.9
5/22/2025 21:00,delwebb_to_marketpl,SB,0.05,0.63,40.2
5/22/2025 22:00,delwebb_to_marketpl,SB,0.02,0.6,41.3
5/22/2025 23:00,delwebb_to_marketpl,SB,0.04,0.62,40.9
5/23/2025 0:00,delwebb_to_marketpl,SB,0.05,0.64,39.9
5/23/2025 1:00,delwebb_to_marketpl,SB,0,0.56,44
5/23/2025 2:00,delwebb_to_marketpl,SB,0.1,0.71,36.5
5/23/2025 3:00,delwebb_to_marketpl,SB,0,0.56,44
5/23/2025 4:00,delwebb_to_marketpl,SB,0.01,0.59,42.3
5/23/2025 5:00,delwebb_to_marketpl,SB,0,0.56,44.2
5/23/2025 6:00,delwebb_to_marketpl,SB,0,0.58,43.3
5/23/2025 7:00,delwebb_to_marketpl,SB,0.05,0.63,39.5
5/23/2025 8:00,delwebb_to_marketpl,SB,0.07,0.67,37
5/23/2025 9:00,delwebb_to_marketpl,SB,0.16,0.8,31.7
5/23/2025 10:00,delwebb_to_marketpl,SB,0.13,0.76,33
5/23/2025 11:00,delwebb_to_marketpl,SB,0.13,0.76,33.2
5/23/2025 12:00,delwebb_to_marketpl,SB,0.17,0.79,32.1
5/23/2025 13:00,delwebb_to_marketpl,SB,0.23,0.88,28.8
5/23/2025 14:00,delwebb_to_marketpl,SB,0.09,0.71,35.7
5/23/2025 15:00,delwebb_to_marketpl,SB,0.16,0.77,32.6
5/23/2025 16:00,delwebb_to_marketpl,SB,0.26,0.88,28.9
5/23/2025 17:00,delwebb_to_marketpl,SB,0.26,0.87,28.7
5/23/2025 18:00,delwebb_to_marketpl,SB,0.15,0.76,32.8
5/23/2025 19:00,delwebb_to_marketpl,SB,0.1,0.71,35.3
5/23/2025 20:00,delwebb_to_marketpl,SB,0.13,0.74,34.7
5/23/2025 21:00,delwebb_to_marketpl,SB,0.11,0.74,34.1
5/23/2025 22:00,delwebb_to_marketpl,SB,0.02,0.59,42.1
5/23/2025 23:00,delwebb_to_marketpl,SB,0.08,0.69,36.1
5/24/2025 0:00,delwebb_to_marketpl,SB,0.03,0.62,41.1
5/24/2025 1:00,delwebb_to_marketpl,SB,0.04,0.66,38.1
5/24/2025 2:00,delwebb_to_marketpl,SB,0,0.53,46.9
5/24/2025 3:00,delwebb_to_marketpl,SB,0.01,0.6,42.2
5/24/2025 4:00,delwebb_to_marketpl,SB,0.09,0.73,34.9
5/24/2025 5:00,delwebb_to_marketpl,SB,0.02,0.61,41.3
5/24/2025 6:00,delwebb_to_marketpl,SB,0.03,0.62,40.3
5/24/2025 7:00,delwebb_to_marketpl,SB,0.06,0.66,38.4
5/24/2025 8:00,delwebb_to_marketpl,SB,0.04,0.66,37.8
5/24/2025 9:00,delwebb_to_marketpl,SB,0.09,0.7,36.3
5/24/2025 10:00,delwebb_to_marketpl,SB,0.1,0.73,34.4
5/24/2025 11:00,delwebb_to_marketpl,SB,0.13,0.75,33.8
5/24/2025 12:00,delwebb_to_marketpl,SB,0.14,0.77,33.8
5/24/2025 13:00,delwebb_to_marketpl,SB,0.15,0.74,34.1
5/24/2025 14:00,delwebb_to_marketpl,SB,0.15,0.76,33.4
5/24/2025 15:00,delwebb_to_marketpl,SB,0.03,0.63,39.9
5/24/2025 16:00,delwebb_to_marketpl,SB,0.13,0.74,33.9
5/24/2025 17:00,delwebb_to_marketpl,SB,0.09,0.71,35.3
5/24/2025 18:00,delwebb_to_marketpl,SB,0.1,0.71,35
5/24/2025 19:00,delwebb_to_marketpl,SB,0.09,0.69,37.5
5/24/2025 20:00,delwebb_to_marketpl,SB,0.05,0.62,40.7
5/24/2025 21:00,delwebb_to_marketpl,SB,0.06,0.63,39.5
5/24/2025 22:00,delwebb_to_marketpl,SB,0.08,0.66,38
5/24/2025 23:00,delwebb_to_marketpl,SB,0.18,0.81,32.2
5/25/2025 0:00,delwebb_to_marketpl,SB,0,0.57,44.2
5/25/2025 1:00,delwebb_to_marketpl,SB,0,0.57,43.9
5/25/2025 2:00,delwebb_to_marketpl,SB,0,0.54,46.4
5/25/2025 3:00,delwebb_to_marketpl,SB,0,0.53,46.8
5/25/2025 4:00,delwebb_to_marketpl,SB,0,0.56,44.4
5/25/2025 5:00,delwebb_to_marketpl,SB,0,0.57,43.4
5/25/2025 6:00,delwebb_to_marketpl,SB,0,0.56,44.5
5/25/2025 7:00,delwebb_to_marketpl,SB,0.06,0.66,37.8
5/25/2025 8:00,delwebb_to_marketpl,SB,0.2,0.84,30.8
5/25/2025 9:00,delwebb_to_marketpl,SB,0.06,0.68,37
5/25/2025 10:00,delwebb_to_marketpl,SB,0.09,0.69,37.1
5/25/2025 11:00,delwebb_to_marketpl,SB,0.16,0.77,32.8
5/25/2025 12:00,delwebb_to_marketpl,SB,0.11,0.71,35.8
5/25/2025 13:00,delwebb_to_marketpl,SB,0.09,0.72,34.5
5/25/2025 14:00,delwebb_to_marketpl,SB,0.1,0.68,37.1
5/25/2025 15:00,delwebb_to_marketpl,SB,0.17,0.77,33.5
5/25/2025 16:00,delwebb_to_marketpl,SB,0.08,0.67,37.7
5/25/2025 17:00,delwebb_to_marketpl,SB,0.15,0.77,32.5
5/25/2025 18:00,delwebb_to_marketpl,SB,0.1,0.73,34.1
5/25/2025 19:00,delwebb_to_marketpl,SB,0.08,0.68,37.6
5/25/2025 20:00,delwebb_to_marketpl,SB,0.04,0.66,37.7
5/25/2025 21:00,delwebb_to_marketpl,SB,0.05,0.64,39.1
5/25/2025 22:00,delwebb_to_marketpl,SB,0.04,0.64,38.7
5/25/2025 23:00,delwebb_to_marketpl,SB,0.01,0.59,42.5
5/26/2025 0:00,delwebb_to_marketpl,SB,0.03,0.58,43.8
5/26/2025 1:00,delwebb_to_marketpl,SB,0,0.54,45.8
5/26/2025 2:00,delwebb_to_marketpl,SB,0,0.56,44
5/26/2025 3:00,delwebb_to_marketpl,SB,0,0.56,44
5/26/2025 4:00,delwebb_to_marketpl,SB,0.01,0.58,43
5/26/2025 5:00,delwebb_to_marketpl,SB,0.01,0.55,45.4
5/26/2025 6:00,delwebb_to_marketpl,SB,0.02,0.58,43.4
5/26/2025 7:00,delwebb_to_marketpl,SB,0.04,0.68,36.9
5/26/2025 8:00,delwebb_to_marketpl,SB,0.1,0.73,35.6
5/26/2025 9:00,delwebb_to_marketpl,SB,0.12,0.72,35.4
5/26/2025 10:00,delwebb_to_marketpl,SB,0.11,0.72,35.4
5/26/2025 11:00,delwebb_to_marketpl,SB,0.07,0.69,36.3
5/26/2025 12:00,delwebb_to_marketpl,SB,0.08,0.7,36.2
5/26/2025 13:00,delwebb_to_marketpl,SB,0.11,0.73,34.3
5/26/2025 14:00,delwebb_to_marketpl,SB,0.17,0.81,32.1
5/26/2025 15:00,delwebb_to_marketpl,SB,0.16,0.78,32
5/26/2025 16:00,delwebb_to_marketpl,SB,0.16,0.77,33
5/26/2025 17:00,delwebb_to_marketpl,SB,0.07,0.66,38.4
5/26/2025 18:00,delwebb_to_marketpl,SB,0.09,0.65,38.7
5/26/2025 19:00,delwebb_to_marketpl,SB,0.06,0.63,39.7
5/26/2025 20:00,delwebb_to_marketpl,SB,0.07,0.67,37.1
5/26/2025 21:00,delwebb_to_marketpl,SB,0.05,0.66,38.8
5/26/2025 22:00,delwebb_to_marketpl,SB,0.02,0.61,42.2
5/26/2025 23:00,delwebb_to_marketpl,SB,0,0.59,42.5
5/27/2025 0:00,delwebb_to_marketpl,SB,0,0.59,42
5/27/2025 1:00,delwebb_to_marketpl,SB,0,0.57,44
5/27/2025 2:00,delwebb_to_marketpl,SB,0,0.57,43.8
5/27/2025 3:00,delwebb_to_marketpl,SB,0,0.56,44
5/27/2025 4:00,delwebb_to_marketpl,SB,0,0.56,44
5/27/2025 5:00,delwebb_to_marketpl,SB,0.01,0.59,42.1
5/27/2025 6:00,delwebb_to_marketpl,SB,0.01,0.56,44.2
5/27/2025 7:00,delwebb_to_marketpl,SB,0.04,0.66,38
5/27/2025 8:00,delwebb_to_marketpl,SB,0.09,0.72,35.3
5/27/2025 9:00,delwebb_to_marketpl,SB,0.1,0.73,34.9
5/27/2025 10:00,delwebb_to_marketpl,SB,0.21,0.86,29.2
5/27/2025 11:00,delwebb_to_marketpl,SB,0.25,0.88,28.7
5/27/2025 12:00,delwebb_to_marketpl,SB,0.13,0.74,34.4
5/27/2025 13:00,delwebb_to_marketpl,SB,0.1,0.73,34
5/27/2025 14:00,delwebb_to_marketpl,SB,0.19,0.82,30.7
5/27/2025 15:00,delwebb_to_marketpl,SB,0.17,0.78,32.4
5/27/2025 16:00,delwebb_to_marketpl,SB,0.12,0.73,34.9
5/27/2025 17:00,delwebb_to_marketpl,SB,0.21,0.87,29.1
5/27/2025 18:00,delwebb_to_marketpl,SB,0.04,0.63,39.3
5/27/2025 19:00,delwebb_to_marketpl,SB,0.08,0.71,35.3
5/27/2025 20:00,delwebb_to_marketpl,SB,0.08,0.72,34.7
5/27/2025 21:00,delwebb_to_marketpl,SB,0.08,0.61,41.4
5/27/2025 22:00,delwebb_to_marketpl,SB,0.03,0.57,44.2
5/27/2025 23:00,delwebb_to_marketpl,SB,0.09,0.67,38.2
5/28/2025 0:00,delwebb_to_marketpl,SB,0,0.57,43.4
5/28/2025 1:00,delwebb_to_marketpl,SB,0.22,0.84,33.5
5/28/2025 2:00,delwebb_to_marketpl,SB,0.01,0.57,43.3
5/28/2025 3:00,delwebb_to_marketpl,SB,0,0.56,44
5/28/2025 4:00,delwebb_to_marketpl,SB,0,0.55,45.6
5/28/2025 5:00,delwebb_to_marketpl,SB,0,0.53,46.7
5/28/2025 6:00,delwebb_to_marketpl,SB,0.01,0.56,44.5
5/28/2025 7:00,delwebb_to_marketpl,SB,0.04,0.61,40.6
5/28/2025 8:00,delwebb_to_marketpl,SB,0.05,0.63,39.8
5/28/2025 9:00,delwebb_to_marketpl,SB,0.12,0.73,34.3
5/28/2025 10:00,delwebb_to_marketpl,SB,0.18,0.83,30.3
5/28/2025 11:00,delwebb_to_marketpl,SB,0.2,0.85,30.3
5/28/2025 12:00,delwebb_to_marketpl,SB,0.15,0.79,31.9
5/28/2025 13:00,delwebb_to_marketpl,SB,0.19,0.83,30.4
5/28/2025 14:00,delwebb_to_marketpl,SB,0.1,0.72,35.2
5/28/2025 15:00,delwebb_to_marketpl,SB,0.1,0.71,35.3
5/28/2025 16:00,delwebb_to_marketpl,SB,0.19,0.81,31.3
5/28/2025 17:00,delwebb_to_marketpl,SB,0.14,0.76,32.8
5/28/2025 18:00,delwebb_to_marketpl,SB,0.06,0.65,38.3
5/28/2025 19:00,delwebb_to_marketpl,SB,0.06,0.65,38.6
5/28/2025 20:00,delwebb_to_marketpl,SB,0.04,0.66,38.1
5/28/2025 21:00,delwebb_to_marketpl,SB,0.04,0.65,38.9
5/28/2025 22:00,delwebb_to_marketpl,SB,0.05,0.67,37.7
5/28/2025 23:00,delwebb_to_marketpl,SB,0.07,0.68,37.8
5/29/2025 0:00,delwebb_to_marketpl,SB,0,0.54,45.8
5/29/2025 1:00,delwebb_to_marketpl,SB,0,0.53,47.1
5/29/2025 2:00,delwebb_to_marketpl,SB,0,0.56,44
5/29/2025 3:00,delwebb_to_marketpl,SB,0,0.6,41.8
5/29/2025 4:00,delwebb_to_marketpl,SB,0,0.6,41.6
5/29/2025 5:00,delwebb_to_marketpl,SB,0.01,0.58,42.8
5/29/2025 6:00,delwebb_to_marketpl,SB,0.05,0.63,40
5/29/2025 7:00,delwebb_to_marketpl,SB,0.07,0.68,36.8
5/29/2025 8:00,delwebb_to_marketpl,SB,0.1,0.73,34.3
5/29/2025 9:00,delwebb_to_marketpl,SB,0.18,0.81,31.2
5/29/2025 10:00,delwebb_to_marketpl,SB,0.12,0.73,34.6
5/29/2025 11:00,delwebb_to_marketpl,SB,0.14,0.77,32.5
5/29/2025 12:00,delwebb_to_marketpl,SB,0.11,0.75,33.9
5/29/2025 13:00,delwebb_to_marketpl,SB,0.21,0.85,29.9
5/29/2025 14:00,delwebb_to_marketpl,SB,0.13,0.75,34
5/29/2025 15:00,delwebb_to_marketpl,SB,0.18,0.82,31
5/29/2025 16:00,delwebb_to_marketpl,SB,0.17,0.79,32
5/29/2025 17:00,delwebb_to_marketpl,SB,0.14,0.74,34.1
5/29/2025 18:00,delwebb_to_marketpl,SB,0.13,0.73,35.9
5/29/2025 19:00,delwebb_to_marketpl,SB,0.07,0.66,38.1
5/29/2025 20:00,delwebb_to_marketpl,SB,0.04,0.64,38.9
5/29/2025 21:00,delwebb_to_marketpl,SB,0.03,0.61,41
5/29/2025 22:00,delwebb_to_marketpl,SB,0.01,0.61,40.6
5/29/2025 23:00,delwebb_to_marketpl,SB,0.02,0.6,42.2
5/30/2025 0:00,delwebb_to_marketpl,SB,0,0.57,44
5/30/2025 1:00,delwebb_to_marketpl,SB,0,0.56,44.1
5/30/2025 2:00,delwebb_to_marketpl,SB,0,0.56,44
5/30/2025 3:00,delwebb_to_marketpl,SB,0,0.58,43.1
5/30/2025 4:00,delwebb_to_marketpl,SB,0.02,0.63,39.7
5/30/2025 5:00,delwebb_to_marketpl,SB,0.01,0.57,43.3
5/30/2025 6:00,delwebb_to_marketpl,SB,0.02,0.58,42.9
5/30/2025 7:00,delwebb_to_marketpl,SB,0.07,0.63,40
5/30/2025 8:00,delwebb_to_marketpl,SB,0.06,0.64,39.2
5/30/2025 9:00,delwebb_to_marketpl,SB,0.1,0.72,35.4
5/30/2025 10:00,delwebb_to_marketpl,SB,0.19,0.82,30.8
5/30/2025 11:00,delwebb_to_marketpl,SB,0.28,0.92,27.4
5/30/2025 12:00,delwebb_to_marketpl,SB,0.32,0.96,26.5
5/30/2025 13:00,delwebb_to_marketpl,SB,0.12,0.75,33.9
5/30/2025 14:00,delwebb_to_marketpl,SB,0.23,0.87,28.9
5/30/2025 15:00,delwebb_to_marketpl,SB,0.26,0.86,29.3
5/30/2025 16:00,delwebb_to_marketpl,SB,0.1,0.73,35
5/30/2025 17:00,delwebb_to_marketpl,SB,0.13,0.77,32.7
5/30/2025 18:00,delwebb_to_marketpl,SB,0.09,0.68,37.1
5/30/2025 19:00,delwebb_to_marketpl,SB,0.12,0.72,35.2
5/30/2025 20:00,delwebb_to_marketpl,SB,0.11,0.69,36.1
5/30/2025 21:00,delwebb_to_marketpl,SB,0.06,0.64,39.1
5/30/2025 22:00,delwebb_to_marketpl,SB,0.12,0.73,35.8
5/30/2025 23:00,delwebb_to_marketpl,SB,0.03,0.59,42.2
5/31/2025 0:00,delwebb_to_marketpl,SB,0,0.55,45.6
5/31/2025 1:00,delwebb_to_marketpl,SB,0,0.6,41.8
5/31/2025 2:00,delwebb_to_marketpl,SB,0,0.54,45.9
5/31/2025 3:00,delwebb_to_marketpl,SB,0,0.56,44.7
5/31/2025 4:00,delwebb_to_marketpl,SB,0.05,0.64,39.5
5/31/2025 5:00,delwebb_to_marketpl,SB,0.09,0.7,37.1
5/31/2025 6:00,delwebb_to_marketpl,SB,0.01,0.58,43.8
5/31/2025 7:00,delwebb_to_marketpl,SB,0.03,0.6,41.4
5/31/2025 8:00,delwebb_to_marketpl,SB,0.08,0.69,36.4
5/31/2025 9:00,delwebb_to_marketpl,SB,0.04,0.65,38.5
5/31/2025 10:00,delwebb_to_marketpl,SB,0.07,0.69,36.3
5/31/2025 11:00,delwebb_to_marketpl,SB,0.08,0.71,35.2
5/31/2025 12:00,delwebb_to_marketpl,SB,0.12,0.75,33.6
5/31/2025 13:00,delwebb_to_marketpl,SB,0.15,0.73,34.6
5/31/2025 14:00,delwebb_to_marketpl,SB,0.1,0.7,36.3
5/31/2025 15:00,delwebb_to_marketpl,SB,0.15,0.79,31.9
5/31/2025 16:00,delwebb_to_marketpl,SB,0.07,0.69,36.4
5/31/2025 17:00,delwebb_to_marketpl,SB,0.09,0.69,36.5
5/31/2025 18:00,delwebb_to_marketpl,SB,0.04,0.61,41.2
5/31/2025 19:00,delwebb_to_marketpl,SB,0.07,0.62,40.3
5/31/2025 20:00,delwebb_to_marketpl,SB,0.06,0.62,40.1
5/31/2025 21:00,delwebb_to_marketpl,SB,0.05,0.62,40.3
5/31/2025 22:00,delwebb_to_marketpl,SB,0.02,0.58,43.1
5/31/2025 23:00,delwebb_to_marketpl,SB,0,0.51,48.5
6/1/2025 0:00,delwebb_to_marketpl,SB,0,0.58,43.3
6/1/2025 1:00,delwebb_to_marketpl,SB,0.01,0.56,44.6
6/1/2025 2:00,delwebb_to_marketpl,SB,0.01,0.56,44.3
6/1/2025 3:00,delwebb_to_marketpl,SB,0,0.55,45.4
6/1/2025 4:00,delwebb_to_marketpl,SB,0,0.56,44.5
6/1/2025 5:00,delwebb_to_marketpl,SB,0,0.55,45.7
6/1/2025 6:00,delwebb_to_marketpl,SB,0.03,0.64,39.2
6/1/2025 7:00,delwebb_to_marketpl,SB,0.1,0.72,35
6/1/2025 8:00,delwebb_to_marketpl,SB,0.2,0.86,31
6/1/2025 9:00,delwebb_to_marketpl,SB,0.12,0.75,33.6
6/1/2025 10:00,delwebb_to_marketpl,SB,0.09,0.71,35.3
6/1/2025 11:00,delwebb_to_marketpl,SB,0.01,0.58,42.9
6/1/2025 12:00,delwebb_to_marketpl,SB,0.08,0.73,34
6/1/2025 13:00,delwebb_to_marketpl,SB,0.09,0.69,36.6
6/1/2025 14:00,delwebb_to_marketpl,SB,0.08,0.69,36.8
6/1/2025 15:00,delwebb_to_marketpl,SB,0.15,0.76,33.7
6/1/2025 16:00,delwebb_to_marketpl,SB,0.06,0.67,37.9
6/1/2025 17:00,delwebb_to_marketpl,SB,0.12,0.74,33.9
6/1/2025 18:00,delwebb_to_marketpl,SB,0.14,0.76,33.7
6/1/2025 19:00,delwebb_to_marketpl,SB,0.16,0.8,31.2
6/1/2025 20:00,delwebb_to_marketpl,SB,0.03,0.63,39.7
6/1/2025 21:00,delwebb_to_marketpl,SB,0,0.58,43.4
6/1/2025 22:00,delwebb_to_marketpl,SB,0.09,0.72,34.7
6/1/2025 23:00,delwebb_to_marketpl,SB,0,0.56,44.1
6/2/2025 0:00,delwebb_to_marketpl,SB,0,0.56,44.5
6/2/2025 1:00,delwebb_to_marketpl,SB,0,0.56,44
6/2/2025 2:00,delwebb_to_marketpl,SB,0,0.56,44
6/2/2025 3:00,delwebb_to_marketpl,SB,0,0.56,44
6/2/2025 4:00,delwebb_to_marketpl,SB,0,0.57,43.9
6/2/2025 5:00,delwebb_to_marketpl,SB,0.01,0.63,39.6
6/2/2025 6:00,delwebb_to_marketpl,SB,0.06,0.65,38.8
6/2/2025 7:00,delwebb_to_marketpl,SB,0.09,0.69,37
6/2/2025 8:00,delwebb_to_marketpl,SB,0.06,0.64,39.4
6/2/2025 9:00,delwebb_to_marketpl,SB,0.14,0.77,32.8
6/2/2025 10:00,delwebb_to_marketpl,SB,0.24,0.89,28.5
6/2/2025 11:00,delwebb_to_marketpl,SB,0.14,0.76,33
6/2/2025 12:00,delwebb_to_marketpl,SB,0.21,0.84,29.8
6/2/2025 13:00,delwebb_to_marketpl,SB,0.29,0.91,29.1
6/2/2025 14:00,delwebb_to_marketpl,SB,0.14,0.78,32.4
6/2/2025 15:00,delwebb_to_marketpl,SB,0.1,0.71,35.6
6/2/2025 16:00,delwebb_to_marketpl,SB,0.12,0.73,34.5
6/2/2025 17:00,delwebb_to_marketpl,SB,0.07,0.67,37.6
6/2/2025 18:00,delwebb_to_marketpl,SB,0.11,0.74,33.7
6/2/2025 19:00,delwebb_to_marketpl,SB,0.09,0.7,36.4
6/2/2025 20:00,delwebb_to_marketpl,SB,0.04,0.64,38.7
6/2/2025 21:00,delwebb_to_marketpl,SB,0.01,0.59,42.2
6/2/2025 22:00,delwebb_to_marketpl,SB,0.01,0.62,40.4
6/2/2025 23:00,delwebb_to_marketpl,SB,0.01,0.58,43.1
6/3/2025 0:00,delwebb_to_marketpl,SB,0,0.59,42.4
6/3/2025 1:00,delwebb_to_marketpl,SB,0,0.56,44
6/3/2025 2:00,delwebb_to_marketpl,SB,0,0.56,44
6/3/2025 3:00,delwebb_to_marketpl,SB,0,0.56,44
6/3/2025 4:00,delwebb_to_marketpl,SB,0.05,0.65,39.5
6/3/2025 5:00,delwebb_to_marketpl,SB,0,0.55,45.2
6/3/2025 6:00,delwebb_to_marketpl,SB,0.02,0.6,41.6
6/3/2025 7:00,delwebb_to_marketpl,SB,0.1,0.71,36.4
6/3/2025 8:00,delwebb_to_marketpl,SB,0.1,0.71,35.6
6/3/2025 9:00,delwebb_to_marketpl,SB,0.12,0.74,33.6
6/3/2025 10:00,delwebb_to_marketpl,SB,0.16,0.79,31.9
6/3/2025 11:00,delwebb_to_marketpl,SB,0.09,0.71,35.6
6/3/2025 12:00,delwebb_to_marketpl,SB,0.17,0.8,31.2
6/3/2025 13:00,delwebb_to_marketpl,SB,0.24,0.89,28
6/3/2025 14:00,delwebb_to_marketpl,SB,0.14,0.77,32.9
6/3/2025 15:00,delwebb_to_marketpl,SB,0.12,0.76,33.2
6/3/2025 16:00,delwebb_to_marketpl,SB,0.15,0.76,33.6
6/3/2025 17:00,delwebb_to_marketpl,SB,0.13,0.73,34.4
6/3/2025 18:00,delwebb_to_marketpl,SB,0.04,0.63,40.2
6/3/2025 19:00,delwebb_to_marketpl,SB,0.04,0.62,40.4
6/3/2025 20:00,delwebb_to_marketpl,SB,0.05,0.64,38.9
6/3/2025 21:00,delwebb_to_marketpl,SB,0.05,0.61,40.7
6/3/2025 22:00,delwebb_to_marketpl,SB,0.05,0.65,38.7
6/3/2025 23:00,delwebb_to_marketpl,SB,0.01,0.61,40.9
6/4/2025 0:00,delwebb_to_marketpl,SB,0,0.56,44.7
6/4/2025 1:00,delwebb_to_marketpl,SB,0,0.58,42.6
6/4/2025 2:00,delwebb_to_marketpl,SB,0,0.56,44
6/4/2025 3:00,delwebb_to_marketpl,SB,0,0.57,43.9
6/4/2025 4:00,delwebb_to_marketpl,SB,0.02,0.62,40.3
6/4/2025 5:00,delwebb_to_marketpl,SB,0.02,0.62,40.2
6/4/2025 6:00,delwebb_to_marketpl,SB,0.01,0.58,42.9
6/4/2025 7:00,delwebb_to_marketpl,SB,0.08,0.66,37.8
6/4/2025 8:00,delwebb_to_marketpl,SB,0.11,0.73,34.6
6/4/2025 9:00,delwebb_to_marketpl,SB,0.16,0.77,32.7
6/4/2025 10:00,delwebb_to_marketpl,SB,0.14,0.78,32.5
6/4/2025 11:00,delwebb_to_marketpl,SB,0.1,0.74,34
6/4/2025 12:00,delwebb_to_marketpl,SB,0.18,0.81,31.5
6/4/2025 13:00,delwebb_to_marketpl,SB,0.12,0.75,33.7
6/4/2025 14:00,delwebb_to_marketpl,SB,0.17,0.8,32.2
6/4/2025 15:00,delwebb_to_marketpl,SB,0.12,0.74,33.9
6/4/2025 16:00,delwebb_to_marketpl,SB,0.2,0.83,31.4
6/4/2025 17:00,delwebb_to_marketpl,SB,0.03,0.64,38.9
6/4/2025 18:00,delwebb_to_marketpl,SB,0.13,0.72,35.8
6/4/2025 19:00,delwebb_to_marketpl,SB,0.09,0.7,36.7
6/4/2025 20:00,delwebb_to_marketpl,SB,0.06,0.63,39.7
6/4/2025 21:00,delwebb_to_marketpl,SB,0.04,0.66,38.2
6/4/2025 22:00,delwebb_to_marketpl,SB,0.02,0.56,44
6/4/2025 23:00,delwebb_to_marketpl,SB,0.01,0.6,41.6
6/5/2025 0:00,delwebb_to_marketpl,SB,0,0.57,43.4
6/5/2025 1:00,delwebb_to_marketpl,SB,0.07,0.67,38.1
6/5/2025 2:00,delwebb_to_marketpl,SB,0,0.57,43.6
6/5/2025 3:00,delwebb_to_marketpl,SB,0,0.56,44
6/5/2025 4:00,delwebb_to_marketpl,SB,0,0.57,43.8
6/5/2025 5:00,delwebb_to_marketpl,SB,0.04,0.64,39.6
6/5/2025 6:00,delwebb_to_marketpl,SB,0.04,0.65,38.8
6/5/2025 7:00,delwebb_to_marketpl,SB,0.07,0.69,36.1
6/5/2025 8:00,delwebb_to_marketpl,SB,0.06,0.66,38.1
6/5/2025 9:00,delwebb_to_marketpl,SB,0.18,0.82,31.3
6/5/2025 10:00,delwebb_to_marketpl,SB,0.19,0.84,30.3
6/5/2025 11:00,delwebb_to_marketpl,SB,0.22,0.85,29.6
6/5/2025 12:00,delwebb_to_marketpl,SB,0.11,0.73,34.3
6/5/2025 13:00,delwebb_to_marketpl,SB,0.12,0.75,33.7
6/5/2025 14:00,delwebb_to_marketpl,SB,0.14,0.74,34.2
6/5/2025 15:00,delwebb_to_marketpl,SB,0.16,0.78,32.4
6/5/2025 16:00,delwebb_to_marketpl,SB,0.15,0.75,34
6/5/2025 17:00,delwebb_to_marketpl,SB,0.14,0.8,31.3
6/5/2025 18:00,delwebb_to_marketpl,SB,0.16,0.81,31.1
6/5/2025 19:00,delwebb_to_marketpl,SB,0.06,0.68,37.2
6/5/2025 20:00,delwebb_to_marketpl,SB,0.14,0.78,32.8
6/5/2025 21:00,delwebb_to_marketpl,SB,0.06,0.65,38.6
6/5/2025 22:00,delwebb_to_marketpl,SB,0.01,0.61,41.3
6/5/2025 23:00,delwebb_to_marketpl,SB,0.21,0.84,32
6/6/2025 0:00,delwebb_to_marketpl,SB,0,0.59,42.5
6/6/2025 1:00,delwebb_to_marketpl,SB,0,0.56,44
6/6/2025 2:00,delwebb_to_marketpl,SB,0,0.56,44
6/6/2025 3:00,delwebb_to_marketpl,SB,0,0.56,44
6/6/2025 4:00,delwebb_to_marketpl,SB,0.01,0.58,43.3
6/6/2025 5:00,delwebb_to_marketpl,SB,0,0.59,42.2
6/6/2025 6:00,delwebb_to_marketpl,SB,0.02,0.6,41.7
6/6/2025 7:00,delwebb_to_marketpl,SB,0.05,0.67,37.5
6/6/2025 8:00,delwebb_to_marketpl,SB,0.13,0.76,33.1
6/6/2025 9:00,delwebb_to_marketpl,SB,0.12,0.75,33.3
6/6/2025 10:00,delwebb_to_marketpl,SB,0.11,0.74,33.9
6/6/2025 11:00,delwebb_to_marketpl,SB,0.29,0.94,26.8
6/6/2025 12:00,delwebb_to_marketpl,SB,0.19,0.85,29.6
6/6/2025 13:00,delwebb_to_marketpl,SB,0.16,0.8,31.4
6/6/2025 14:00,delwebb_to_marketpl,SB,0.22,0.87,28.8
6/6/2025 15:00,delwebb_to_marketpl,SB,0.17,0.79,31.8
6/6/2025 16:00,delwebb_to_marketpl,SB,0.19,0.81,31.5
6/6/2025 17:00,delwebb_to_marketpl,SB,0.21,0.85,30
6/6/2025 18:00,delwebb_to_marketpl,SB,0.13,0.74,34.2
6/6/2025 19:00,delwebb_to_marketpl,SB,0.06,0.67,37.9
6/6/2025 20:00,delwebb_to_marketpl,SB,0.04,0.64,38.9
6/6/2025 21:00,delwebb_to_marketpl,SB,0.08,0.68,36.7
6/6/2025 22:00,delwebb_to_marketpl,SB,0.05,0.64,39
6/6/2025 23:00,delwebb_to_marketpl,SB,0.01,0.58,42.9
6/7/2025 0:00,delwebb_to_marketpl,SB,0,0.57,43.9
6/7/2025 1:00,delwebb_to_marketpl,SB,0,0.59,42.1
6/7/2025 2:00,delwebb_to_marketpl,SB,0,0.58,43
6/7/2025 3:00,delwebb_to_marketpl,SB,0,0.56,44
6/7/2025 4:00,delwebb_to_marketpl,SB,0,0.53,46.8
6/7/2025 5:00,delwebb_to_marketpl,SB,0.04,0.65,38.6
6/7/2025 6:00,delwebb_to_marketpl,SB,0.03,0.63,39.6
6/7/2025 7:00,delwebb_to_marketpl,SB,0.04,0.66,38.1
6/7/2025 8:00,delwebb_to_marketpl,SB,0.01,0.59,42.5
6/7/2025 9:00,delwebb_to_marketpl,SB,0.1,0.75,33.7
6/7/2025 10:00,delwebb_to_marketpl,SB,0.1,0.72,35.3
6/7/2025 11:00,delwebb_to_marketpl,SB,0.14,0.76,33.4
6/7/2025 12:00,delwebb_to_marketpl,SB,0.17,0.81,31.1
6/7/2025 13:00,delwebb_to_marketpl,SB,0.14,0.78,32.1
6/7/2025 14:00,delwebb_to_marketpl,SB,0.15,0.76,33.1
6/7/2025 15:00,delwebb_to_marketpl,SB,0.09,0.7,36.5
6/7/2025 16:00,delwebb_to_marketpl,SB,0.12,0.76,32.9
6/7/2025 17:00,delwebb_to_marketpl,SB,0.04,0.65,38.6
6/7/2025 18:00,delwebb_to_marketpl,SB,0.12,0.74,34
6/7/2025 19:00,delwebb_to_marketpl,SB,0.07,0.68,36.8
6/7/2025 20:00,delwebb_to_marketpl,SB,0.01,0.6,41.5
6/7/2025 21:00,delwebb_to_marketpl,SB,0.03,0.62,39.9
6/7/2025 22:00,delwebb_to_marketpl,SB,0.01,0.58,43.1
6/7/2025 23:00,delwebb_to_marketpl,SB,0.01,0.6,41.4
6/8/2025 0:00,delwebb_to_marketpl,SB,0,0.58,42.7
6/8/2025 1:00,delwebb_to_marketpl,SB,0.02,0.58,43.6
6/8/2025 2:00,delwebb_to_marketpl,SB,0.03,0.67,37.3
6/8/2025 3:00,delwebb_to_marketpl,SB,0,0.58,43.1
6/8/2025 4:00,delwebb_to_marketpl,SB,0,0.56,44
6/8/2025 5:00,delwebb_to_marketpl,SB,0,0.56,44
6/8/2025 6:00,delwebb_to_marketpl,SB,0.11,0.72,35.4
6/8/2025 7:00,delwebb_to_marketpl,SB,0.1,0.74,34.2
6/8/2025 8:00,delwebb_to_marketpl,SB,0.03,0.62,40.2
6/8/2025 9:00,delwebb_to_marketpl,SB,0.12,0.73,34.4
6/8/2025 10:00,delwebb_to_marketpl,SB,0.04,0.63,39.4
6/8/2025 11:00,delwebb_to_marketpl,SB,0.07,0.71,35.5
6/8/2025 12:00,delwebb_to_marketpl,SB,0.19,0.84,29.9
6/8/2025 13:00,delwebb_to_marketpl,SB,0.15,0.78,32.7
6/8/2025 14:00,delwebb_to_marketpl,SB,0.12,0.75,33.5
6/8/2025 15:00,delwebb_to_marketpl,SB,0.06,0.67,37.6
6/8/2025 16:00,delwebb_to_marketpl,SB,0.08,0.63,40.7
6/8/2025 17:00,delwebb_to_marketpl,SB,0.12,0.73,34.2
6/8/2025 18:00,delwebb_to_marketpl,SB,0.05,0.64,39.8
6/8/2025 19:00,delwebb_to_marketpl,SB,0.03,0.64,38.9
6/8/2025 20:00,delwebb_to_marketpl,SB,0.03,0.63,39.7
6/8/2025 21:00,delwebb_to_marketpl,SB,0,0.58,43.2
6/8/2025 22:00,delwebb_to_marketpl,SB,0.01,0.62,40.3
6/8/2025 23:00,delwebb_to_marketpl,SB,0.05,0.62,40.2
6/9/2025 0:00,delwebb_to_marketpl,SB,0.03,0.61,40.8
6/9/2025 1:00,delwebb_to_marketpl,SB,0,0.56,44
6/9/2025 2:00,delwebb_to_marketpl,SB,0,0.53,47.3
6/9/2025 3:00,delwebb_to_marketpl,SB,0,0.57,43.7
6/9/2025 4:00,delwebb_to_marketpl,SB,0,0.59,42.2
6/9/2025 5:00,delwebb_to_marketpl,SB,0.06,0.63,39.7
6/9/2025 6:00,delwebb_to_marketpl,SB,0.02,0.63,39.6
6/9/2025 7:00,delwebb_to_marketpl,SB,0.07,0.69,36.7
6/9/2025 8:00,delwebb_to_marketpl,SB,0.08,0.69,36.1
6/9/2025 9:00,delwebb_to_marketpl,SB,0.17,0.8,31.8
6/9/2025 10:00,delwebb_to_marketpl,SB,0.15,0.76,33.4
6/9/2025 11:00,delwebb_to_marketpl,SB,0.2,0.84,30.3
6/9/2025 12:00,delwebb_to_marketpl,SB,0.18,0.83,30.4
6/9/2025 13:00,delwebb_to_marketpl,SB,0.09,0.73,34.2
6/9/2025 14:00,delwebb_to_marketpl,SB,0.21,0.84,30.3
6/9/2025 15:00,delwebb_to_marketpl,SB,0.12,0.73,34.2
6/9/2025 16:00,delwebb_to_marketpl,SB,0.15,0.76,32.8
6/9/2025 17:00,delwebb_to_marketpl,SB,0.16,0.73,34.4
6/9/2025 18:00,delwebb_to_marketpl,SB,0.13,0.73,34.4
6/9/2025 19:00,delwebb_to_marketpl,SB,0.1,0.71,35.6
6/9/2025 20:00,delwebb_to_marketpl,SB,0.03,0.63,39.5
6/9/2025 21:00,delwebb_to_marketpl,SB,0.04,0.64,39.5
6/9/2025 22:00,delwebb_to_marketpl,SB,0.12,0.75,33.4
6/9/2025 23:00,delwebb_to_marketpl,SB,0.05,0.66,38.7
6/10/2025 0:00,delwebb_to_marketpl,SB,0.02,0.6,42.1
6/10/2025 1:00,delwebb_to_marketpl,SB,0,0.56,44
6/10/2025 2:00,delwebb_to_marketpl,SB,0.01,0.59,42.9
6/10/2025 3:00,delwebb_to_marketpl,SB,0.08,0.68,37.9
6/10/2025 4:00,delwebb_to_marketpl,SB,0,0.55,44.9
6/10/2025 5:00,delwebb_to_marketpl,SB,0.01,0.56,44.8
6/10/2025 6:00,delwebb_to_marketpl,SB,0.03,0.62,40.6
6/10/2025 7:00,delwebb_to_marketpl,SB,0.03,0.63,40.1
6/10/2025 8:00,delwebb_to_marketpl,SB,0.09,0.71,35.4
6/10/2025 9:00,delwebb_to_marketpl,SB,0.17,0.8,31.5
6/10/2025 10:00,delwebb_to_marketpl,SB,0.17,0.81,30.9
6/10/2025 11:00,delwebb_to_marketpl,SB,0.19,0.82,30.6
6/10/2025 12:00,delwebb_to_marketpl,SB,0.22,0.86,29
6/10/2025 13:00,delwebb_to_marketpl,SB,0.21,0.87,28.8
6/10/2025 14:00,delwebb_to_marketpl,SB,0.15,0.74,34.8
6/10/2025 15:00,delwebb_to_marketpl,SB,0.16,0.78,33
6/10/2025 16:00,delwebb_to_marketpl,SB,0.17,0.8,32.1
6/10/2025 17:00,delwebb_to_marketpl,SB,0.17,0.79,31.3
6/10/2025 18:00,delwebb_to_marketpl,SB,0.1,0.7,36.7
6/10/2025 19:00,delwebb_to_marketpl,SB,0.08,0.67,37.4
6/10/2025 20:00,delwebb_to_marketpl,SB,0.06,0.65,38.8
6/10/2025 21:00,delwebb_to_marketpl,SB,0.01,0.57,43.4
6/10/2025 22:00,delwebb_to_marketpl,SB,0.04,0.61,40.9
6/10/2025 23:00,delwebb_to_marketpl,SB,0.02,0.58,42.7
6/11/2025 0:00,delwebb_to_marketpl,SB,0,0.56,44
6/11/2025 1:00,delwebb_to_marketpl,SB,0,0.56,44
6/11/2025 2:00,delwebb_to_marketpl,SB,0,0.56,44
6/11/2025 3:00,delwebb_to_marketpl,SB,0,0.56,44
6/11/2025 4:00,delwebb_to_marketpl,SB,0.01,0.57,43.4
6/11/2025 5:00,delwebb_to_marketpl,SB,0.02,0.62,40.3
6/11/2025 6:00,delwebb_to_marketpl,SB,0.08,0.72,34.6
6/11/2025 7:00,delwebb_to_marketpl,SB,0.11,0.71,35.5
6/11/2025 8:00,delwebb_to_marketpl,SB,0.12,0.74,34.9
6/11/2025 9:00,delwebb_to_marketpl,SB,0.08,0.69,36.7
6/11/2025 10:00,delwebb_to_marketpl,SB,0.21,0.84,29.8
6/11/2025 11:00,delwebb_to_marketpl,SB,0.19,0.83,30.1
6/11/2025 12:00,delwebb_to_marketpl,SB,0.22,0.86,29
6/11/2025 13:00,delwebb_to_marketpl,SB,0.21,0.84,29.8
6/11/2025 14:00,delwebb_to_marketpl,SB,0.13,0.75,33.6
6/11/2025 15:00,delwebb_to_marketpl,SB,0.11,0.73,34.3
6/11/2025 16:00,delwebb_to_marketpl,SB,0.25,0.9,27.7
6/11/2025 17:00,delwebb_to_marketpl,SB,0.17,0.8,31.3
6/11/2025 18:00,delwebb_to_marketpl,SB,0.18,0.78,31.8
6/11/2025 19:00,delwebb_to_marketpl,SB,0.13,0.75,33.6
6/11/2025 20:00,delwebb_to_marketpl,SB,0.07,0.67,37
6/11/2025 21:00,delwebb_to_marketpl,SB,0.06,0.69,36.1
6/11/2025 22:00,delwebb_to_marketpl,SB,0.01,0.58,42.9
6/11/2025 23:00,delwebb_to_marketpl,SB,0.01,0.59,42.1
6/12/2025 0:00,delwebb_to_marketpl,SB,0,0.5,50
6/12/2025 1:00,delwebb_to_marketpl,SB,0.01,0.57,43.4
6/12/2025 2:00,delwebb_to_marketpl,SB,0,0.56,44
6/12/2025 3:00,delwebb_to_marketpl,SB,0,0.56,44
6/12/2025 4:00,delwebb_to_marketpl,SB,0,0.56,44.7
6/12/2025 5:00,delwebb_to_marketpl,SB,0.01,0.57,43.8
6/12/2025 6:00,delwebb_to_marketpl,SB,0.03,0.63,39.8
6/12/2025 7:00,delwebb_to_marketpl,SB,0.07,0.67,37.4
6/12/2025 8:00,delwebb_to_marketpl,SB,0.05,0.67,37.6
6/12/2025 9:00,delwebb_to_marketpl,SB,0.11,0.74,34
6/12/2025 10:00,delwebb_to_marketpl,SB,0.1,0.7,36.4
6/12/2025 11:00,delwebb_to_marketpl,SB,0.14,0.75,33.3
6/12/2025 12:00,delwebb_to_marketpl,SB,0.21,0.85,29.5
6/12/2025 13:00,delwebb_to_marketpl,SB,0.22,0.86,29.2
6/12/2025 14:00,delwebb_to_marketpl,SB,0.09,0.71,35.4
6/12/2025 15:00,delwebb_to_marketpl,SB,0.15,0.77,32.7
6/12/2025 16:00,delwebb_to_marketpl,SB,0.17,0.81,31.1
6/12/2025 17:00,delwebb_to_marketpl,SB,0.15,0.78,32.2
6/12/2025 18:00,delwebb_to_marketpl,SB,0.1,0.69,36.7
6/12/2025 19:00,delwebb_to_marketpl,SB,0.07,0.65,38.2
6/12/2025 20:00,delwebb_to_marketpl,SB,0.06,0.66,37.9
6/12/2025 21:00,delwebb_to_marketpl,SB,0.02,0.61,41
6/12/2025 22:00,delwebb_to_marketpl,SB,0.01,0.61,40.8
6/12/2025 23:00,delwebb_to_marketpl,SB,0.01,0.59,42.1
6/13/2025 0:00,delwebb_to_marketpl,SB,0,0.58,42.8
6/13/2025 1:00,delwebb_to_marketpl,SB,0,0.57,43.8
6/13/2025 2:00,delwebb_to_marketpl,SB,0,0.54,46.5
6/13/2025 3:00,delwebb_to_marketpl,SB,0,0.56,44.4
6/13/2025 4:00,delwebb_to_marketpl,SB,0.16,0.76,35.4
6/13/2025 5:00,delwebb_to_marketpl,SB,0,0.56,45.4
6/13/2025 6:00,delwebb_to_marketpl,SB,0.02,0.64,38.9
6/13/2025 7:00,delwebb_to_marketpl,SB,0.11,0.75,33.6
6/13/2025 8:00,delwebb_to_marketpl,SB,0.07,0.69,36.9
6/13/2025 9:00,delwebb_to_marketpl,SB,0.12,0.73,34.5
6/13/2025 10:00,delwebb_to_marketpl,SB,0.16,0.81,31.1
6/13/2025 11:00,delwebb_to_marketpl,SB,0.17,0.8,31.4
6/13/2025 12:00,delwebb_to_marketpl,SB,0.16,0.79,31.7
6/13/2025 13:00,delwebb_to_marketpl,SB,0.14,0.77,33
6/13/2025 14:00,delwebb_to_marketpl,SB,0.16,0.77,33
6/13/2025 15:00,delwebb_to_marketpl,SB,0.19,0.82,30.8
6/13/2025 16:00,delwebb_to_marketpl,SB,0.11,0.72,35.3
6/13/2025 17:00,delwebb_to_marketpl,SB,0.08,0.69,36.5
6/13/2025 18:00,delwebb_to_marketpl,SB,0.06,0.66,38.1
6/13/2025 19:00,delwebb_to_marketpl,SB,0.14,0.75,33.5
6/13/2025 20:00,delwebb_to_marketpl,SB,0.07,0.66,37.8
6/13/2025 21:00,delwebb_to_marketpl,SB,0.02,0.62,40.6
6/13/2025 22:00,delwebb_to_marketpl,SB,0,0.55,45.4
6/13/2025 23:00,delwebb_to_marketpl,SB,0.24,0.87,31.5
6/14/2025 0:00,delwebb_to_marketpl,SB,0,0.53,46.7
6/14/2025 1:00,delwebb_to_marketpl,SB,0.04,0.65,39.2
6/14/2025 2:00,delwebb_to_marketpl,SB,0,0.57,43.8
6/14/2025 3:00,delwebb_to_marketpl,SB,0,0.56,44.4
6/14/2025 4:00,delwebb_to_marketpl,SB,0.05,0.65,38.9
6/14/2025 5:00,delwebb_to_marketpl,SB,0,0.57,43.7
6/14/2025 6:00,delwebb_to_marketpl,SB,0.1,0.72,36.1
6/14/2025 7:00,delwebb_to_marketpl,SB,0.02,0.62,40.3
6/14/2025 8:00,delwebb_to_marketpl,SB,0.04,0.62,40.4
6/14/2025 9:00,delwebb_to_marketpl,SB,0.06,0.68,36.9
6/14/2025 10:00,delwebb_to_marketpl,SB,0.05,0.66,38
6/14/2025 11:00,delwebb_to_marketpl,SB,0.19,0.83,30.2
6/14/2025 12:00,delwebb_to_marketpl,SB,0.11,0.71,35.5
6/14/2025 13:00,delwebb_to_marketpl,SB,0.02,0.65,38.7
6/14/2025 14:00,delwebb_to_marketpl,SB,0.17,0.82,30.6
6/14/2025 15:00,delwebb_to_marketpl,SB,0.23,0.88,28.7
6/14/2025 16:00,delwebb_to_marketpl,SB,0.16,0.78,32.9
6/14/2025 17:00,delwebb_to_marketpl,SB,0.07,0.69,36.6
6/14/2025 18:00,delwebb_to_marketpl,SB,0.08,0.7,35.8
6/14/2025 19:00,delwebb_to_marketpl,SB,0.09,0.69,37.1
6/14/2025 20:00,delwebb_to_marketpl,SB,0.09,0.68,36.7
6/14/2025 21:00,delwebb_to_marketpl,SB,0.09,0.69,36.6
6/14/2025 22:00,delwebb_to_marketpl,SB,0.03,0.63,39.9
6/14/2025 23:00,delwebb_to_marketpl,SB,0,0.57,43.7
6/15/2025 0:00,delwebb_to_marketpl,SB,0,0.58,42.9
6/15/2025 1:00,delwebb_to_marketpl,SB,0.01,0.62,40.2
6/15/2025 2:00,delwebb_to_marketpl,SB,0,0.57,43.4
6/15/2025 3:00,delwebb_to_marketpl,SB,0,0.58,43.2
6/15/2025 4:00,delwebb_to_marketpl,SB,0.01,0.6,41.5
6/15/2025 5:00,delwebb_to_marketpl,SB,0,0.58,43
6/15/2025 6:00,delwebb_to_marketpl,SB,0.08,0.71,36.1
6/15/2025 7:00,delwebb_to_marketpl,SB,0.04,0.64,39.1
6/15/2025 8:00,delwebb_to_marketpl,SB,0.08,0.68,36.7
6/15/2025 9:00,delwebb_to_marketpl,SB,0.11,0.71,35
6/15/2025 10:00,delwebb_to_marketpl,SB,0.02,0.65,38.4
6/15/2025 11:00,delwebb_to_marketpl,SB,0.09,0.72,34.8
6/15/2025 12:00,delwebb_to_marketpl,SB,0.09,0.71,35.7
6/15/2025 13:00,delwebb_to_marketpl,SB,0.14,0.71,35.7
6/15/2025 14:00,delwebb_to_marketpl,SB,0.1,0.7,35.7
6/15/2025 15:00,delwebb_to_marketpl,SB,0.07,0.68,37.5
6/15/2025 16:00,delwebb_to_marketpl,SB,0.09,0.72,35.6
6/15/2025 17:00,delwebb_to_marketpl,SB,0.03,0.65,38.5
6/15/2025 18:00,delwebb_to_marketpl,SB,0.06,0.65,39.3
6/15/2025 19:00,delwebb_to_marketpl,SB,0.1,0.68,38.2
6/15/2025 20:00,delwebb_to_marketpl,SB,0.06,0.64,39.8
6/15/2025 21:00,delwebb_to_marketpl,SB,0.04,0.64,39
6/15/2025 22:00,delwebb_to_marketpl,SB,0.01,0.6,41.2
6/15/2025 23:00,delwebb_to_marketpl,SB,0.01,0.57,44.7
6/16/2025 0:00,delwebb_to_marketpl,SB,0,0.56,44.1
6/16/2025 1:00,delwebb_to_marketpl,SB,0,0.56,44
6/16/2025 2:00,delwebb_to_marketpl,SB,0,0.57,43.7
6/16/2025 3:00,delwebb_to_marketpl,SB,0,0.57,43.6
6/16/2025 4:00,delwebb_to_marketpl,SB,0.17,0.79,34.2
6/16/2025 5:00,delwebb_to_marketpl,SB,0,0.57,43.6
6/16/2025 6:00,delwebb_to_marketpl,SB,0.01,0.58,43.2
6/16/2025 7:00,delwebb_to_marketpl,SB,0.06,0.68,37.1
6/16/2025 8:00,delwebb_to_marketpl,SB,0.09,0.69,36.1
6/16/2025 9:00,delwebb_to_marketpl,SB,0.09,0.7,36.2
6/16/2025 10:00,delwebb_to_marketpl,SB,0.28,0.92,27.3
6/16/2025 11:00,delwebb_to_marketpl,SB,0.23,0.85,29.7
6/16/2025 12:00,delwebb_to_marketpl,SB,0.12,0.75,33.4
6/16/2025 13:00,delwebb_to_marketpl,SB,0.16,0.79,31.9
6/16/2025 14:00,delwebb_to_marketpl,SB,0.14,0.74,34.2
6/16/2025 15:00,delwebb_to_marketpl,SB,0.16,0.78,32.7
6/16/2025 16:00,delwebb_to_marketpl,SB,0.16,0.76,34
6/16/2025 17:00,delwebb_to_marketpl,SB,0.11,0.75,33.2
6/16/2025 18:00,delwebb_to_marketpl,SB,0.14,0.76,33.6
6/16/2025 19:00,delwebb_to_marketpl,SB,0.05,0.65,38.9
6/16/2025 20:00,delwebb_to_marketpl,SB,0.02,0.6,41.4
6/16/2025 21:00,delwebb_to_marketpl,SB,0.05,0.66,38.6
6/16/2025 22:00,delwebb_to_marketpl,SB,0,0.5,49.5
6/16/2025 23:00,delwebb_to_marketpl,SB,0,0.54,46.1
6/17/2025 0:00,delwebb_to_marketpl,SB,0,0.58,43.2
6/17/2025 1:00,delwebb_to_marketpl,SB,0,0.54,46.3
6/17/2025 2:00,delwebb_to_marketpl,SB,0,0.55,45.5
6/17/2025 3:00,delwebb_to_marketpl,SB,0,0.56,44
6/17/2025 4:00,delwebb_to_marketpl,SB,0,0.57,43.6
6/17/2025 5:00,delwebb_to_marketpl,SB,0.05,0.63,39.8
6/17/2025 6:00,delwebb_to_marketpl,SB,0.02,0.6,41.3
6/17/2025 7:00,delwebb_to_marketpl,SB,0.1,0.72,35.6
6/17/2025 8:00,delwebb_to_marketpl,SB,0.13,0.77,32.7
6/17/2025 9:00,delwebb_to_marketpl,SB,0.25,0.9,29
6/17/2025 10:00,delwebb_to_marketpl,SB,0.1,0.74,33.8
6/17/2025 11:00,delwebb_to_marketpl,SB,0.22,0.87,28.9
6/17/2025 12:00,delwebb_to_marketpl,SB,0.23,0.88,28.7
6/17/2025 13:00,delwebb_to_marketpl,SB,0.2,0.81,31.3
6/17/2025 14:00,delwebb_to_marketpl,SB,0.15,0.77,32.4
6/17/2025 15:00,delwebb_to_marketpl,SB,0.14,0.74,34.6
6/17/2025 16:00,delwebb_to_marketpl,SB,0.1,0.71,35.1
6/17/2025 17:00,delwebb_to_marketpl,SB,0.09,0.72,35
6/17/2025 18:00,delwebb_to_marketpl,SB,0.12,0.71,35.9
6/17/2025 19:00,delwebb_to_marketpl,SB,0.04,0.65,38.5
6/17/2025 20:00,delwebb_to_marketpl,SB,0.05,0.66,38.4
6/17/2025 21:00,delwebb_to_marketpl,SB,0.06,0.67,37.9
6/17/2025 22:00,delwebb_to_marketpl,SB,0.05,0.67,37.9
6/17/2025 23:00,delwebb_to_marketpl,SB,0.01,0.58,43.4
6/18/2025 0:00,delwebb_to_marketpl,SB,0,0.57,44
6/18/2025 1:00,delwebb_to_marketpl,SB,0,0.57,44
6/18/2025 2:00,delwebb_to_marketpl,SB,0,0.56,44
6/18/2025 3:00,delwebb_to_marketpl,SB,0,0.58,42.9
6/18/2025 4:00,delwebb_to_marketpl,SB,0.01,0.61,41.2
6/18/2025 5:00,delwebb_to_marketpl,SB,0.01,0.59,42.4
6/18/2025 6:00,delwebb_to_marketpl,SB,0.03,0.62,40
6/18/2025 7:00,delwebb_to_marketpl,SB,0.08,0.68,37.4
6/18/2025 8:00,delwebb_to_marketpl,SB,0.09,0.71,35.4
6/18/2025 9:00,delwebb_to_marketpl,SB,0.09,0.72,34.8
6/18/2025 10:00,delwebb_to_marketpl,SB,0.24,0.89,28.3
6/18/2025 11:00,delwebb_to_marketpl,SB,0.21,0.84,30.2
6/18/2025 12:00,delwebb_to_marketpl,SB,0.19,0.83,30.3
6/18/2025 13:00,delwebb_to_marketpl,SB,0.29,0.91,28.2
6/18/2025 14:00,delwebb_to_marketpl,SB,0.33,0.94,26.8
6/18/2025 15:00,delwebb_to_marketpl,SB,0.24,0.88,29.6
6/18/2025 16:00,delwebb_to_marketpl,SB,0.15,0.79,31.8
6/18/2025 17:00,delwebb_to_marketpl,SB,0.13,0.73,34.5
6/18/2025 18:00,delwebb_to_marketpl,SB,0.11,0.71,36.4
6/18/2025 19:00,delwebb_to_marketpl,SB,0.17,0.79,33.6
6/18/2025 20:00,delwebb_to_marketpl,SB,0.05,0.68,36.9
6/18/2025 21:00,delwebb_to_marketpl,SB,0.01,0.58,42.8
6/18/2025 22:00,delwebb_to_marketpl,SB,0.02,0.57,44.7
6/18/2025 23:00,delwebb_to_marketpl,SB,0.1,0.67,38.7
6/19/2025 0:00,delwebb_to_marketpl,SB,0,0.56,44
6/19/2025 1:00,delwebb_to_marketpl,SB,0,0.56,44
6/19/2025 2:00,delwebb_to_marketpl,SB,0,0.58,43.3
6/19/2025 3:00,delwebb_to_marketpl,SB,0,0.58,42.8
6/19/2025 4:00,delwebb_to_marketpl,SB,0,0.56,44.5
6/19/2025 5:00,delwebb_to_marketpl,SB,0.03,0.64,39.2
6/19/2025 6:00,delwebb_to_marketpl,SB,0.01,0.6,41.4
6/19/2025 7:00,delwebb_to_marketpl,SB,0.03,0.64,38.9
6/19/2025 8:00,delwebb_to_marketpl,SB,0.07,0.68,37.1
6/19/2025 9:00,delwebb_to_marketpl,SB,0.17,0.8,31.1
6/19/2025 10:00,delwebb_to_marketpl,SB,0.19,0.83,30.8
6/19/2025 11:00,delwebb_to_marketpl,SB,0.16,0.8,32.3
6/19/2025 12:00,delwebb_to_marketpl,SB,0.28,0.93,27.7
6/19/2025 13:00,delwebb_to_marketpl,SB,0.15,0.78,32
6/19/2025 14:00,delwebb_to_marketpl,SB,0.16,0.78,32.3
6/19/2025 15:00,delwebb_to_marketpl,SB,0.13,0.71,35.5
6/19/2025 16:00,delwebb_to_marketpl,SB,0.14,0.75,33.4
6/19/2025 17:00,delwebb_to_marketpl,SB,0.12,0.74,34
6/19/2025 18:00,delwebb_to_marketpl,SB,0.11,0.69,36.2
6/19/2025 19:00,delwebb_to_marketpl,SB,0.13,0.76,32.7
6/19/2025 20:00,delwebb_to_marketpl,SB,0.12,0.73,34.1
6/19/2025 21:00,delwebb_to_marketpl,SB,0.01,0.62,40.2
6/19/2025 22:00,delwebb_to_marketpl,SB,0.07,0.71,35.9
6/19/2025 23:00,delwebb_to_marketpl,SB,0.03,0.64,39.5
6/20/2025 0:00,delwebb_to_marketpl,SB,0.05,0.67,38
6/20/2025 1:00,delwebb_to_marketpl,SB,0,0.59,42.3
6/20/2025 2:00,delwebb_to_marketpl,SB,0,0.55,45.2
6/20/2025 3:00,delwebb_to_marketpl,SB,0,0.56,44
6/20/2025 4:00,delwebb_to_marketpl,SB,0,0.56,44.5
6/20/2025 5:00,delwebb_to_marketpl,SB,0.01,0.59,42.4
6/20/2025 6:00,delwebb_to_marketpl,SB,0.01,0.58,43.1
6/20/2025 7:00,delwebb_to_marketpl,SB,0.07,0.67,37.2
6/20/2025 8:00,delwebb_to_marketpl,SB,0.04,0.65,38.7
6/20/2025 9:00,delwebb_to_marketpl,SB,0.14,0.77,33.1
6/20/2025 10:00,delwebb_to_marketpl,SB,0.15,0.8,31.5
6/20/2025 11:00,delwebb_to_marketpl,SB,0.13,0.77,32.4
6/20/2025 12:00,delwebb_to_marketpl,SB,0.19,0.82,31.3
6/20/2025 13:00,delwebb_to_marketpl,SB,0.17,0.79,32.4
6/20/2025 14:00,delwebb_to_marketpl,SB,0.24,0.86,29.3
6/20/2025 15:00,delwebb_to_marketpl,SB,0.16,0.78,32.6
6/20/2025 16:00,delwebb_to_marketpl,SB,0.12,0.74,33.7
6/20/2025 17:00,delwebb_to_marketpl,SB,0.1,0.73,34.2
6/20/2025 18:00,delwebb_to_marketpl,SB,0.12,0.74,33.8
6/20/2025 19:00,delwebb_to_marketpl,SB,0.11,0.74,34.1
6/20/2025 20:00,delwebb_to_marketpl,SB,0.15,0.76,33.3
6/20/2025 21:00,delwebb_to_marketpl,SB,0.09,0.71,35.6
6/20/2025 22:00,delwebb_to_marketpl,SB,0.07,0.7,36.2
6/20/2025 23:00,delwebb_to_marketpl,SB,0.02,0.65,38.4
6/21/2025 0:00,delwebb_to_marketpl,SB,0,0.59,42.5
6/21/2025 1:00,delwebb_to_marketpl,SB,0,0.57,43.9
6/21/2025 2:00,delwebb_to_marketpl,SB,0,0.6,41.5
6/21/2025 3:00,delwebb_to_marketpl,SB,0,0.57,43.4
6/21/2025 4:00,delwebb_to_marketpl,SB,0.04,0.65,39.2
6/21/2025 5:00,delwebb_to_marketpl,SB,0,0.57,43.6
6/21/2025 6:00,delwebb_to_marketpl,SB,0,0.56,44.5
6/21/2025 7:00,delwebb_to_marketpl,SB,0.05,0.66,37.7
6/21/2025 8:00,delwebb_to_marketpl,SB,0.07,0.73,34.3
6/21/2025 9:00,delwebb_to_marketpl,SB,0.08,0.67,37.3
6/21/2025 10:00,delwebb_to_marketpl,SB,0.05,0.67,37.4
6/21/2025 11:00,delwebb_to_marketpl,SB,0.13,0.77,32.8
6/21/2025 12:00,delwebb_to_marketpl,SB,0.08,0.71,35.4
6/21/2025 13:00,delwebb_to_marketpl,SB,0.19,0.83,30.1
6/21/2025 14:00,delwebb_to_marketpl,SB,0.11,0.73,34.6
6/21/2025 15:00,delwebb_to_marketpl,SB,0.16,0.78,32.4
6/21/2025 16:00,delwebb_to_marketpl,SB,0.16,0.81,31.2
6/21/2025 17:00,delwebb_to_marketpl,SB,0.11,0.71,35.3
6/21/2025 18:00,delwebb_to_marketpl,SB,0.1,0.71,35.8
6/21/2025 19:00,delwebb_to_marketpl,SB,0.02,0.6,42.1
6/21/2025 20:00,delwebb_to_marketpl,SB,0.05,0.62,40.6
6/21/2025 21:00,delwebb_to_marketpl,SB,0.01,0.6,41.3
6/21/2025 22:00,delwebb_to_marketpl,SB,0,0.57,43.6
6/21/2025 23:00,delwebb_to_marketpl,SB,0,0.55,45.5
6/22/2025 0:00,delwebb_to_marketpl,SB,0.02,0.62,39.9
6/22/2025 1:00,delwebb_to_marketpl,SB,0,0.62,40.3
6/22/2025 2:00,delwebb_to_marketpl,SB,0,0.56,44
6/22/2025 3:00,delwebb_to_marketpl,SB,0,0.57,43.6
6/22/2025 4:00,delwebb_to_marketpl,SB,0,0.58,42.8
6/22/2025 5:00,delwebb_to_marketpl,SB,0,0.56,44.5
6/22/2025 6:00,delwebb_to_marketpl,SB,0.01,0.54,46.6
6/22/2025 7:00,delwebb_to_marketpl,SB,0,0.57,43.4
6/22/2025 8:00,delwebb_to_marketpl,SB,0.07,0.66,38.2
6/22/2025 9:00,delwebb_to_marketpl,SB,0.11,0.71,36.7
6/22/2025 10:00,delwebb_to_marketpl,SB,0.03,0.65,38.7
6/22/2025 11:00,delwebb_to_marketpl,SB,0.04,0.67,37.1
6/22/2025 12:00,delwebb_to_marketpl,SB,0.1,0.72,35
6/22/2025 13:00,delwebb_to_marketpl,SB,0.07,0.7,35.8
6/22/2025 14:00,delwebb_to_marketpl,SB,0.07,0.71,35.5
6/22/2025 15:00,delwebb_to_marketpl,SB,0.12,0.72,35.3
6/22/2025 16:00,delwebb_to_marketpl,SB,0.16,0.81,31.8
6/22/2025 17:00,delwebb_to_marketpl,SB,0.09,0.73,34.7
6/22/2025 18:00,delwebb_to_marketpl,SB,0.1,0.7,35.8
6/22/2025 19:00,delwebb_to_marketpl,SB,0.14,0.78,32.4
6/22/2025 20:00,delwebb_to_marketpl,SB,0.01,0.63,39.6
6/22/2025 21:00,delwebb_to_marketpl,SB,0.03,0.61,40.8
6/22/2025 22:00,delwebb_to_marketpl,SB,0,0.57,43.4
6/22/2025 23:00,delwebb_to_marketpl,SB,0.02,0.63,39.9
6/23/2025 0:00,delwebb_to_marketpl,SB,0,0.63,39.6
6/23/2025 1:00,delwebb_to_marketpl,SB,0,0.5,50.5
6/23/2025 2:00,delwebb_to_marketpl,SB,0,0.56,44
6/23/2025 3:00,delwebb_to_marketpl,SB,0,0.56,44
6/23/2025 4:00,delwebb_to_marketpl,SB,0,0.55,45.1
6/23/2025 5:00,delwebb_to_marketpl,SB,0.01,0.52,47.9
6/23/2025 6:00,delwebb_to_marketpl,SB,0,0.54,46.2
6/23/2025 7:00,delwebb_to_marketpl,SB,0.09,0.68,37.2
6/23/2025 8:00,delwebb_to_marketpl,SB,0.1,0.7,36.3
6/23/2025 9:00,delwebb_to_marketpl,SB,0.14,0.8,31.6
6/23/2025 10:00,delwebb_to_marketpl,SB,0.09,0.71,35.5
6/23/2025 11:00,delwebb_to_marketpl,SB,0.17,0.81,31
6/23/2025 12:00,delwebb_to_marketpl,SB,0.18,0.81,30.7
6/23/2025 13:00,delwebb_to_marketpl,SB,0.12,0.75,34.1
6/23/2025 14:00,delwebb_to_marketpl,SB,0.08,0.7,35.6
6/23/2025 15:00,delwebb_to_marketpl,SB,0.14,0.77,32.4
6/23/2025 16:00,delwebb_to_marketpl,SB,0.06,0.67,37.2
6/23/2025 17:00,delwebb_to_marketpl,SB,0.1,0.72,34.9
6/23/2025 18:00,delwebb_to_marketpl,SB,0.19,0.81,31.3
6/23/2025 19:00,delwebb_to_marketpl,SB,0.05,0.61,40.9
6/23/2025 20:00,delwebb_to_marketpl,SB,0.05,0.66,37.8
6/23/2025 21:00,delwebb_to_marketpl,SB,0.01,0.6,41.4
6/23/2025 22:00,delwebb_to_marketpl,SB,0.01,0.62,39.9
6/23/2025 23:00,delwebb_to_marketpl,SB,0,0.57,43.4
6/24/2025 0:00,delwebb_to_marketpl,SB,0.02,0.56,44.1
6/24/2025 1:00,delwebb_to_marketpl,SB,0,0.56,44
6/24/2025 2:00,delwebb_to_marketpl,SB,0,0.56,44
6/24/2025 3:00,delwebb_to_marketpl,SB,0,0.56,44
6/24/2025 4:00,delwebb_to_marketpl,SB,0.02,0.58,42.6
6/24/2025 5:00,delwebb_to_marketpl,SB,0.02,0.6,41.7
6/24/2025 6:00,delwebb_to_marketpl,SB,0.07,0.69,36.7
6/24/2025 7:00,delwebb_to_marketpl,SB,0.06,0.67,37.6
6/24/2025 8:00,delwebb_to_marketpl,SB,0.05,0.68,36.8
6/24/2025 9:00,delwebb_to_marketpl,SB,0.07,0.69,36.5
6/24/2025 10:00,delwebb_to_marketpl,SB,0.15,0.78,32.2
6/24/2025 11:00,delwebb_to_marketpl,SB,0.12,0.76,33.2
6/24/2025 12:00,delwebb_to_marketpl,SB,0.2,0.86,29.3
6/24/2025 13:00,delwebb_to_marketpl,SB,0.19,0.82,30.5
6/24/2025 14:00,delwebb_to_marketpl,SB,0.09,0.72,34.7
6/24/2025 15:00,delwebb_to_marketpl,SB,0.18,0.8,31.5
6/24/2025 16:00,delwebb_to_marketpl,SB,0.17,0.77,33
6/24/2025 17:00,delwebb_to_marketpl,SB,0.19,0.8,31.8
6/24/2025 18:00,delwebb_to_marketpl,SB,0.11,0.74,34.8
6/24/2025 19:00,delwebb_to_marketpl,SB,0.07,0.67,37.5
6/24/2025 20:00,delwebb_to_marketpl,SB,0.02,0.64,38.8
6/24/2025 21:00,delwebb_to_marketpl,SB,0.05,0.65,39.2
6/24/2025 22:00,delwebb_to_marketpl,SB,0.01,0.59,42.5
6/24/2025 23:00,delwebb_to_marketpl,SB,0.01,0.58,42.6
6/25/2025 0:00,delwebb_to_marketpl,SB,0,0.56,44
6/25/2025 1:00,delwebb_to_marketpl,SB,0.01,0.57,43.4
6/25/2025 2:00,delwebb_to_marketpl,SB,0.01,0.65,38.6
6/25/2025 3:00,delwebb_to_marketpl,SB,0,0.57,43.5
6/25/2025 4:00,delwebb_to_marketpl,SB,0.05,0.66,38.5
6/25/2025 5:00,delwebb_to_marketpl,SB,0,0.54,46.9
6/25/2025 6:00,delwebb_to_marketpl,SB,0.04,0.63,40
6/25/2025 7:00,delwebb_to_marketpl,SB,0.05,0.67,37.7
6/25/2025 8:00,delwebb_to_marketpl,SB,0.09,0.7,35.9
6/25/2025 9:00,delwebb_to_marketpl,SB,0.12,0.77,32.5
6/25/2025 10:00,delwebb_to_marketpl,SB,0.17,0.82,30.4
6/25/2025 11:00,delwebb_to_marketpl,SB,0.1,0.74,34.1
6/25/2025 12:00,delwebb_to_marketpl,SB,0.27,0.9,28.8
6/25/2025 13:00,delwebb_to_marketpl,SB,0.17,0.8,32.3
6/25/2025 14:00,delwebb_to_marketpl,SB,0.12,0.76,32.9
6/25/2025 15:00,delwebb_to_marketpl,SB,0.1,0.71,35.7
6/25/2025 16:00,delwebb_to_marketpl,SB,0.12,0.74,33.8
6/25/2025 17:00,delwebb_to_marketpl,SB,0.17,0.82,30.8
6/25/2025 18:00,delwebb_to_marketpl,SB,0.03,0.63,39.7
6/25/2025 19:00,delwebb_to_marketpl,SB,0.08,0.68,36.6
6/25/2025 20:00,delwebb_to_marketpl,SB,0.02,0.6,41.4
6/25/2025 21:00,delwebb_to_marketpl,SB,0.06,0.66,38
6/25/2025 22:00,delwebb_to_marketpl,SB,0,0.58,42.8
6/25/2025 23:00,delwebb_to_marketpl,SB,0,0.57,43.8
6/26/2025 0:00,delwebb_to_marketpl,SB,0,0.57,43.6
6/26/2025 1:00,delwebb_to_marketpl,SB,0,0.56,44
6/26/2025 2:00,delwebb_to_marketpl,SB,0,0.56,44
6/26/2025 3:00,delwebb_to_marketpl,SB,0,0.56,44
6/26/2025 4:00,delwebb_to_marketpl,SB,0.1,0.72,35.5
6/26/2025 5:00,delwebb_to_marketpl,SB,0,0.57,43.5
6/26/2025 6:00,delwebb_to_marketpl,SB,0.03,0.62,40.7
6/26/2025 7:00,delwebb_to_marketpl,SB,0.07,0.7,35.8
6/26/2025 8:00,delwebb_to_marketpl,SB,0.06,0.7,35.6
6/26/2025 9:00,delwebb_to_marketpl,SB,0.14,0.79,32.3
6/26/2025 10:00,delwebb_to_marketpl,SB,0.13,0.75,33.3
6/26/2025 11:00,delwebb_to_marketpl,SB,0.22,0.87,28.8
6/26/2025 12:00,delwebb_to_marketpl,SB,0.19,0.83,30.6
6/26/2025 13:00,delwebb_to_marketpl,SB,0.16,0.79,31.5
6/26/2025 14:00,delwebb_to_marketpl,SB,0.15,0.77,32.8
6/26/2025 15:00,delwebb_to_marketpl,SB,0.07,0.7,36.3
6/26/2025 16:00,delwebb_to_marketpl,SB,0.12,0.74,34
6/26/2025 17:00,delwebb_to_marketpl,SB,0.16,0.77,32.4
6/26/2025 18:00,delwebb_to_marketpl,SB,0.11,0.7,36.6
6/26/2025 19:00,delwebb_to_marketpl,SB,0.05,0.61,40.6
6/26/2025 20:00,delwebb_to_marketpl,SB,0.02,0.64,39.2
6/26/2025 21:00,delwebb_to_marketpl,SB,0.13,0.77,32.7
6/26/2025 22:00,delwebb_to_marketpl,SB,0.11,0.72,35
6/26/2025 23:00,delwebb_to_marketpl,SB,0.02,0.6,41.9
6/27/2025 0:00,delwebb_to_marketpl,SB,0.09,0.72,35.2
6/27/2025 1:00,delwebb_to_marketpl,SB,0.02,0.6,42
6/27/2025 2:00,delwebb_to_marketpl,SB,0,0.56,44
6/27/2025 3:00,delwebb_to_marketpl,SB,0,0.57,43.6
6/27/2025 4:00,delwebb_to_marketpl,SB,0.01,0.61,41.2
6/27/2025 5:00,delwebb_to_marketpl,SB,0.01,0.59,42.2
6/27/2025 6:00,delwebb_to_marketpl,SB,0.01,0.57,43.6
6/27/2025 7:00,delwebb_to_marketpl,SB,0.1,0.7,35.5
6/27/2025 8:00,delwebb_to_marketpl,SB,0.09,0.69,36.4
6/27/2025 9:00,delwebb_to_marketpl,SB,0.07,0.71,35.5
6/27/2025 10:00,delwebb_to_marketpl,SB,0.19,0.84,30.2
6/27/2025 11:00,delwebb_to_marketpl,SB,0.17,0.8,31.1
6/27/2025 12:00,delwebb_to_marketpl,SB,0.24,0.89,28.5
6/27/2025 13:00,delwebb_to_marketpl,SB,0.21,0.85,29.7
6/27/2025 14:00,delwebb_to_marketpl,SB,0.19,0.84,30.2
6/27/2025 15:00,delwebb_to_marketpl,SB,0.2,0.83,30.5
6/27/2025 16:00,delwebb_to_marketpl,SB,0.11,0.73,34.3
6/27/2025 17:00,delwebb_to_marketpl,SB,0.12,0.74,35.1
6/27/2025 18:00,delwebb_to_marketpl,SB,0.13,0.75,33.8
6/27/2025 19:00,delwebb_to_marketpl,SB,0.07,0.67,37.5
6/27/2025 20:00,delwebb_to_marketpl,SB,0.04,0.64,40.1
6/27/2025 21:00,delwebb_to_marketpl,SB,0.01,0.57,44
6/27/2025 22:00,delwebb_to_marketpl,SB,0.01,0.6,41.5
6/27/2025 23:00,delwebb_to_marketpl,SB,0.02,0.61,41.4
6/28/2025 0:00,delwebb_to_marketpl,SB,0,0.55,45
6/28/2025 1:00,delwebb_to_marketpl,SB,0.02,0.6,41.7
6/28/2025 2:00,delwebb_to_marketpl,SB,0.01,0.6,41.6
6/28/2025 3:00,delwebb_to_marketpl,SB,0,0.56,44
6/28/2025 4:00,delwebb_to_marketpl,SB,0,0.58,43
6/28/2025 5:00,delwebb_to_marketpl,SB,0,0.59,42.3
6/28/2025 6:00,delwebb_to_marketpl,SB,0.01,0.61,40.7
6/28/2025 7:00,delwebb_to_marketpl,SB,0.02,0.65,38.6
6/28/2025 8:00,delwebb_to_marketpl,SB,0.02,0.65,38.3
6/28/2025 9:00,delwebb_to_marketpl,SB,0.03,0.61,41.4
6/28/2025 10:00,delwebb_to_marketpl,SB,0.07,0.67,37.4
6/28/2025 11:00,delwebb_to_marketpl,SB,0.13,0.72,35.4
6/28/2025 12:00,delwebb_to_marketpl,SB,0.15,0.8,31.4
6/28/2025 13:00,delwebb_to_marketpl,SB,0.14,0.78,32.2
6/28/2025 14:00,delwebb_to_marketpl,SB,0.04,0.66,38.2
6/28/2025 15:00,delwebb_to_marketpl,SB,0.07,0.67,37.8
6/28/2025 16:00,delwebb_to_marketpl,SB,0.1,0.75,33.1
6/28/2025 17:00,delwebb_to_marketpl,SB,0.07,0.69,35.9
6/28/2025 18:00,delwebb_to_marketpl,SB,0.08,0.65,38.8
6/28/2025 19:00,delwebb_to_marketpl,SB,0.19,0.84,29.9
6/28/2025 20:00,delwebb_to_marketpl,SB,0.09,0.68,36.9
6/28/2025 21:00,delwebb_to_marketpl,SB,0.03,0.61,41.1
6/28/2025 22:00,delwebb_to_marketpl,SB,0.02,0.61,41.3
6/28/2025 23:00,delwebb_to_marketpl,SB,0.01,0.57,43.4
6/29/2025 0:00,delwebb_to_marketpl,SB,0,0.61,40.7
6/29/2025 1:00,delwebb_to_marketpl,SB,0.01,0.61,41.4
6/29/2025 2:00,delwebb_to_marketpl,SB,0.03,0.67,37.4
6/29/2025 3:00,delwebb_to_marketpl,SB,0.03,0.6,42.8
6/29/2025 4:00,delwebb_to_marketpl,SB,0,0.58,43.1
6/29/2025 5:00,delwebb_to_marketpl,SB,0,0.56,44
6/29/2025 6:00,delwebb_to_marketpl,SB,0.07,0.65,39.8
6/29/2025 7:00,delwebb_to_marketpl,SB,0.11,0.75,34.6
6/29/2025 8:00,delwebb_to_marketpl,SB,0.02,0.63,39.4
6/29/2025 9:00,delwebb_to_marketpl,SB,0.04,0.65,38.5
6/29/2025 10:00,delwebb_to_marketpl,SB,0.04,0.65,38.6
6/29/2025 11:00,delwebb_to_marketpl,SB,0.05,0.65,38.9
6/29/2025 12:00,delwebb_to_marketpl,SB,0.09,0.72,35.3
6/29/2025 13:00,delwebb_to_marketpl,SB,0.06,0.71,35.5
6/29/2025 14:00,delwebb_to_marketpl,SB,0.06,0.63,40.1
6/29/2025 15:00,delwebb_to_marketpl,SB,0.17,0.79,32.2
6/29/2025 16:00,delwebb_to_marketpl,SB,0.12,0.76,33.5
6/29/2025 17:00,delwebb_to_marketpl,SB,0.07,0.67,38
6/29/2025 18:00,delwebb_to_marketpl,SB,0.07,0.7,35.8
6/29/2025 19:00,delwebb_to_marketpl,SB,0.06,0.67,37.6
6/29/2025 20:00,delwebb_to_marketpl,SB,0.03,0.62,40.7
6/29/2025 21:00,delwebb_to_marketpl,SB,0.03,0.61,41.8
6/29/2025 22:00,delwebb_to_marketpl,SB,0,0.61,40.8
6/29/2025 23:00,delwebb_to_marketpl,SB,0.05,0.65,38.7
6/30/2025 0:00,delwebb_to_marketpl,SB,0.03,0.63,40.1
6/30/2025 1:00,delwebb_to_marketpl,SB,0,0.56,44.2
6/30/2025 2:00,delwebb_to_marketpl,SB,0,0.57,43.6
6/30/2025 3:00,delwebb_to_marketpl,SB,0,0.56,44
6/30/2025 4:00,delwebb_to_marketpl,SB,0,0.57,43.4
6/30/2025 5:00,delwebb_to_marketpl,SB,0,0.54,46
6/30/2025 6:00,delwebb_to_marketpl,SB,0.02,0.58,43.3
6/30/2025 7:00,delwebb_to_marketpl,SB,0.07,0.69,36.6
6/30/2025 8:00,delwebb_to_marketpl,SB,0.08,0.69,36.4
6/30/2025 9:00,delwebb_to_marketpl,SB,0.11,0.72,34.7
6/30/2025 10:00,delwebb_to_marketpl,SB,0.15,0.79,31.8
6/30/2025 11:00,delwebb_to_marketpl,SB,0.18,0.83,30.7
6/30/2025 12:00,delwebb_to_marketpl,SB,0.12,0.76,33
6/30/2025 13:00,delwebb_to_marketpl,SB,0.18,0.82,30.4
6/30/2025 14:00,delwebb_to_marketpl,SB,0.12,0.76,33.6
6/30/2025 15:00,delwebb_to_marketpl,SB,0.12,0.75,33.6
6/30/2025 16:00,delwebb_to_marketpl,SB,0.13,0.77,32.7
6/30/2025 17:00,delwebb_to_marketpl,SB,0.08,0.7,36.5
6/30/2025 18:00,delwebb_to_marketpl,SB,0.08,0.73,34.3
6/30/2025 19:00,delwebb_to_marketpl,SB,0.05,0.64,39.5
6/30/2025 20:00,delwebb_to_marketpl,SB,0.03,0.61,41.5
6/30/2025 21:00,delwebb_to_marketpl,SB,0.02,0.59,42.7
6/30/2025 22:00,delwebb_to_marketpl,SB,0.01,0.59,42.1
6/30/2025 23:00,delwebb_to_marketpl,SB,0.01,0.57,43.7
7/1/2025 0:00,delwebb_to_marketpl,SB,0.04,0.6,42
7/1/2025 1:00,delwebb_to_marketpl,SB,0,0.56,44
7/1/2025 2:00,delwebb_to_marketpl,SB,0,0.55,45
7/1/2025 3:00,delwebb_to_marketpl,SB,0,0.57,43.7
7/1/2025 4:00,delwebb_to_marketpl,SB,0.04,0.58,43.6
7/1/2025 5:00,delwebb_to_marketpl,SB,0.02,0.58,42.9
7/1/2025 6:00,delwebb_to_marketpl,SB,0.03,0.65,38.8
7/1/2025 7:00,delwebb_to_marketpl,SB,0.05,0.68,37.1
7/1/2025 8:00,delwebb_to_marketpl,SB,0.07,0.72,34.8
7/1/2025 9:00,delwebb_to_marketpl,SB,0.13,0.77,32.6
7/1/2025 10:00,delwebb_to_marketpl,SB,0.11,0.75,33.9
7/1/2025 11:00,delwebb_to_marketpl,SB,0.22,0.86,29
7/1/2025 12:00,delwebb_to_marketpl,SB,0.26,0.9,28.3
7/1/2025 13:00,delwebb_to_marketpl,SB,0.21,0.85,29.4
7/1/2025 14:00,delwebb_to_marketpl,SB,0.16,0.78,32.4
7/1/2025 15:00,delwebb_to_marketpl,SB,0.15,0.79,31.9
7/1/2025 16:00,delwebb_to_marketpl,SB,0.08,0.66,37.7
7/1/2025 17:00,delwebb_to_marketpl,SB,0.05,0.63,40.2
7/1/2025 18:00,delwebb_to_marketpl,SB,0.08,0.7,35.9
7/1/2025 19:00,delwebb_to_marketpl,SB,0.07,0.66,37.9
7/1/2025 20:00,delwebb_to_marketpl,SB,0.11,0.68,36.7
7/1/2025 21:00,delwebb_to_marketpl,SB,0.06,0.65,39
7/1/2025 22:00,delwebb_to_marketpl,SB,0.14,0.77,32.9
7/1/2025 23:00,delwebb_to_marketpl,SB,0.15,0.8,31.9
7/2/2025 0:00,delwebb_to_marketpl,SB,0,0.57,43.4
7/2/2025 1:00,delwebb_to_marketpl,SB,0.02,0.6,41.6
7/2/2025 2:00,delwebb_to_marketpl,SB,0,0.61,40.6
7/2/2025 3:00,delwebb_to_marketpl,SB,0,0.56,44
7/2/2025 4:00,delwebb_to_marketpl,SB,0.07,0.65,38.7
7/2/2025 5:00,delwebb_to_marketpl,SB,0.03,0.63,40.7
7/2/2025 6:00,delwebb_to_marketpl,SB,0.01,0.56,44.3
7/2/2025 7:00,delwebb_to_marketpl,SB,0.1,0.71,35.1
7/2/2025 8:00,delwebb_to_marketpl,SB,0.07,0.7,35.6
7/2/2025 9:00,delwebb_to_marketpl,SB,0.1,0.72,34.8
7/2/2025 10:00,delwebb_to_marketpl,SB,0.1,0.71,35.2
7/2/2025 11:00,delwebb_to_marketpl,SB,0.2,0.83,30.4
7/2/2025 12:00,delwebb_to_marketpl,SB,0.19,0.84,29.8
7/2/2025 13:00,delwebb_to_marketpl,SB,0.21,0.85,29.9
7/2/2025 14:00,delwebb_to_marketpl,SB,0.12,0.74,34.5
7/2/2025 15:00,delwebb_to_marketpl,SB,0.13,0.75,33.8
7/2/2025 16:00,delwebb_to_marketpl,SB,0.22,0.87,29
7/2/2025 17:00,delwebb_to_marketpl,SB,0.15,0.79,31.8
7/2/2025 18:00,delwebb_to_marketpl,SB,0.08,0.66,37.7
7/2/2025 19:00,delwebb_to_marketpl,SB,0.03,0.6,41.3
7/2/2025 20:00,delwebb_to_marketpl,SB,0.1,0.7,35.6
7/2/2025 21:00,delwebb_to_marketpl,SB,0.03,0.63,39.5
7/2/2025 22:00,delwebb_to_marketpl,SB,0.02,0.61,41.2
7/2/2025 23:00,delwebb_to_marketpl,SB,0.09,0.68,38.3
7/3/2025 0:00,delwebb_to_marketpl,SB,0,0.56,44
7/3/2025 1:00,delwebb_to_marketpl,SB,0,0.56,44
7/3/2025 2:00,delwebb_to_marketpl,SB,0,0.56,44
7/3/2025 3:00,delwebb_to_marketpl,SB,0,0.56,44
7/3/2025 4:00,delwebb_to_marketpl,SB,0.01,0.57,43.8
7/3/2025 5:00,delwebb_to_marketpl,SB,0.05,0.64,39.5
7/3/2025 6:00,delwebb_to_marketpl,SB,0.02,0.64,39.2
7/3/2025 7:00,delwebb_to_marketpl,SB,0.04,0.63,39.5
7/3/2025 8:00,delwebb_to_marketpl,SB,0.05,0.63,39.6
7/3/2025 9:00,delwebb_to_marketpl,SB,0.15,0.77,32.8
7/3/2025 10:00,delwebb_to_marketpl,SB,0.21,0.86,29.6
7/3/2025 11:00,delwebb_to_marketpl,SB,0.19,0.8,31.6
7/3/2025 12:00,delwebb_to_marketpl,SB,0.19,0.84,30.2
7/3/2025 13:00,delwebb_to_marketpl,SB,0.26,0.89,28.5
7/3/2025 14:00,delwebb_to_marketpl,SB,0.16,0.79,31.9
7/3/2025 15:00,delwebb_to_marketpl,SB,0.18,0.8,31.9
7/3/2025 16:00,delwebb_to_marketpl,SB,0.22,0.82,30.8
7/3/2025 17:00,delwebb_to_marketpl,SB,0.17,0.8,31.4
7/3/2025 18:00,delwebb_to_marketpl,SB,0.12,0.72,35
7/3/2025 19:00,delwebb_to_marketpl,SB,0.05,0.64,39.1
7/3/2025 20:00,delwebb_to_marketpl,SB,0.05,0.65,38.8
7/3/2025 21:00,delwebb_to_marketpl,SB,0.07,0.69,37
7/3/2025 22:00,delwebb_to_marketpl,SB,0.02,0.64,38.9
7/3/2025 23:00,delwebb_to_marketpl,SB,0.03,0.63,39.7
7/4/2025 0:00,delwebb_to_marketpl,SB,0,0.58,42.8
7/4/2025 1:00,delwebb_to_marketpl,SB,0,0.56,44
7/4/2025 2:00,delwebb_to_marketpl,SB,0.07,0.68,37.6
7/4/2025 3:00,delwebb_to_marketpl,SB,0,0.57,43.4
7/4/2025 4:00,delwebb_to_marketpl,SB,0,0.58,43.2
7/4/2025 5:00,delwebb_to_marketpl,SB,0,0.57,43.4
7/4/2025 6:00,delwebb_to_marketpl,SB,0.12,0.72,37.1
7/4/2025 7:00,delwebb_to_marketpl,SB,0.06,0.62,40.4
7/4/2025 8:00,delwebb_to_marketpl,SB,0.08,0.7,35.9
7/4/2025 9:00,delwebb_to_marketpl,SB,0.04,0.65,38.6
7/4/2025 10:00,delwebb_to_marketpl,SB,0.16,0.8,31.5
7/4/2025 11:00,delwebb_to_marketpl,SB,0.1,0.67,38.8
7/4/2025 12:00,delwebb_to_marketpl,SB,0.14,0.76,33.1
7/4/2025 13:00,delwebb_to_marketpl,SB,0.09,0.68,36.9
7/4/2025 14:00,delwebb_to_marketpl,SB,0.17,0.8,32.1
7/4/2025 15:00,delwebb_to_marketpl,SB,0.05,0.61,41.2
7/4/2025 16:00,delwebb_to_marketpl,SB,0.08,0.72,34.9
7/4/2025 17:00,delwebb_to_marketpl,SB,0.07,0.67,37.6
7/4/2025 18:00,delwebb_to_marketpl,SB,0.02,0.59,42.4
7/4/2025 19:00,delwebb_to_marketpl,SB,0.02,0.6,41.8
7/4/2025 20:00,delwebb_to_marketpl,SB,0.02,0.65,38.6
7/4/2025 21:00,delwebb_to_marketpl,SB,0.03,0.63,40
7/4/2025 22:00,delwebb_to_marketpl,SB,0.03,0.61,41.6
7/4/2025 23:00,delwebb_to_marketpl,SB,0,0.6,41.3
7/5/2025 0:00,delwebb_to_marketpl,SB,0,0.57,43.5
7/5/2025 1:00,delwebb_to_marketpl,SB,0,0.56,44.7
7/5/2025 2:00,delwebb_to_marketpl,SB,0.01,0.59,42.2
7/5/2025 3:00,delwebb_to_marketpl,SB,0.02,0.61,41.3
7/5/2025 4:00,delwebb_to_marketpl,SB,0.07,0.7,36.2
7/5/2025 5:00,delwebb_to_marketpl,SB,0,0.57,43.7
7/5/2025 6:00,delwebb_to_marketpl,SB,0,0.56,44.3
7/5/2025 7:00,delwebb_to_marketpl,SB,0.02,0.61,40.9
7/5/2025 8:00,delwebb_to_marketpl,SB,0.01,0.61,41.3
7/5/2025 9:00,delwebb_to_marketpl,SB,0.07,0.64,40.1
7/5/2025 10:00,delwebb_to_marketpl,SB,0.13,0.74,34.2
7/5/2025 11:00,delwebb_to_marketpl,SB,0.12,0.73,34.6
7/5/2025 12:00,delwebb_to_marketpl,SB,0.07,0.65,38.8
7/5/2025 13:00,delwebb_to_marketpl,SB,0.19,0.84,30.1
7/5/2025 14:00,delwebb_to_marketpl,SB,0.06,0.67,37.6
7/5/2025 15:00,delwebb_to_marketpl,SB,0.11,0.7,36.4
7/5/2025 16:00,delwebb_to_marketpl,SB,0.12,0.74,34.1
7/5/2025 17:00,delwebb_to_marketpl,SB,0.17,0.8,32.1
7/5/2025 18:00,delwebb_to_marketpl,SB,0.12,0.78,32.3
7/5/2025 19:00,delwebb_to_marketpl,SB,0.05,0.66,37.7
7/5/2025 20:00,delwebb_to_marketpl,SB,0.1,0.74,34
7/5/2025 21:00,delwebb_to_marketpl,SB,0.06,0.69,36.6
7/5/2025 22:00,delwebb_to_marketpl,SB,0.01,0.57,43.8
7/5/2025 23:00,delwebb_to_marketpl,SB,0.03,0.62,40.5
7/6/2025 0:00,delwebb_to_marketpl,SB,0,0.53,47.1
7/6/2025 1:00,delwebb_to_marketpl,SB,0.06,0.68,37
7/6/2025 2:00,delwebb_to_marketpl,SB,0,0.56,44
7/6/2025 3:00,delwebb_to_marketpl,SB,0,0.56,44
7/6/2025 4:00,delwebb_to_marketpl,SB,0.01,0.62,40.2
7/6/2025 5:00,delwebb_to_marketpl,SB,0,0.56,44.3
7/6/2025 6:00,delwebb_to_marketpl,SB,0.05,0.6,43.2
7/6/2025 7:00,delwebb_to_marketpl,SB,0.06,0.67,37.2
7/6/2025 8:00,delwebb_to_marketpl,SB,0.03,0.65,38.7
7/6/2025 9:00,delwebb_to_marketpl,SB,0.04,0.63,39.8
7/6/2025 10:00,delwebb_to_marketpl,SB,0.05,0.62,40.1
7/6/2025 11:00,delwebb_to_marketpl,SB,0.1,0.71,36.3
7/6/2025 12:00,delwebb_to_marketpl,SB,0.1,0.7,36.8
7/6/2025 13:00,delwebb_to_marketpl,SB,0.05,0.65,39
7/6/2025 14:00,delwebb_to_marketpl,SB,0.13,0.75,34.4
7/6/2025 15:00,delwebb_to_marketpl,SB,0.1,0.72,35.2
7/6/2025 16:00,delwebb_to_marketpl,SB,0.06,0.68,37.5
7/6/2025 17:00,delwebb_to_marketpl,SB,0.1,0.71,37
7/6/2025 18:00,delwebb_to_marketpl,SB,0.04,0.67,37.2
7/6/2025 19:00,delwebb_to_marketpl,SB,0.08,0.69,36.4
7/6/2025 20:00,delwebb_to_marketpl,SB,0.07,0.64,39
7/6/2025 21:00,delwebb_to_marketpl,SB,0.01,0.57,44
7/6/2025 22:00,delwebb_to_marketpl,SB,0.07,0.69,37.3
7/6/2025 23:00,delwebb_to_marketpl,SB,0,0.59,42
7/7/2025 0:00,delwebb_to_marketpl,SB,0,0.56,44
7/7/2025 1:00,delwebb_to_marketpl,SB,0,0.57,43.5
7/7/2025 2:00,delwebb_to_marketpl,SB,0.04,0.62,40.3
7/7/2025 3:00,delwebb_to_marketpl,SB,0,0.56,44
7/7/2025 4:00,delwebb_to_marketpl,SB,0.06,0.66,38.2
7/7/2025 5:00,delwebb_to_marketpl,SB,0.01,0.55,45.3
7/7/2025 6:00,delwebb_to_marketpl,SB,0.09,0.65,38.6
7/7/2025 7:00,delwebb_to_marketpl,SB,0.04,0.65,38.2
7/7/2025 8:00,delwebb_to_marketpl,SB,0.1,0.71,35.8
7/7/2025 9:00,delwebb_to_marketpl,SB,0.11,0.75,33.2
7/7/2025 10:00,delwebb_to_marketpl,SB,0.14,0.79,31.9
7/7/2025 11:00,delwebb_to_marketpl,SB,0.26,0.92,27.5
7/7/2025 12:00,delwebb_to_marketpl,SB,0.25,0.89,28.1
7/7/2025 13:00,delwebb_to_marketpl,SB,0.23,0.86,29.5
7/7/2025 14:00,delwebb_to_marketpl,SB,0.16,0.81,31
7/7/2025 15:00,delwebb_to_marketpl,SB,0.21,0.84,29.6
7/7/2025 16:00,delwebb_to_marketpl,SB,0.16,0.77,33.8
7/7/2025 17:00,delwebb_to_marketpl,SB,0.08,0.68,36.7
7/7/2025 18:00,delwebb_to_marketpl,SB,0.14,0.74,33.9
7/7/2025 19:00,delwebb_to_marketpl,SB,0.05,0.65,38.4
7/7/2025 20:00,delwebb_to_marketpl,SB,0.08,0.68,36.8
7/7/2025 21:00,delwebb_to_marketpl,SB,0.01,0.64,39.1
7/7/2025 22:00,delwebb_to_marketpl,SB,0,0.61,40.6
7/7/2025 23:00,delwebb_to_marketpl,SB,0.06,0.68,37.6
7/8/2025 0:00,delwebb_to_marketpl,SB,0,0.56,44
7/8/2025 1:00,delwebb_to_marketpl,SB,0,0.53,47.4
7/8/2025 2:00,delwebb_to_marketpl,SB,0,0.57,43.7
7/8/2025 3:00,delwebb_to_marketpl,SB,0,0.6,41.5
7/8/2025 4:00,delwebb_to_marketpl,SB,0,0.56,44.4
7/8/2025 5:00,delwebb_to_marketpl,SB,0.01,0.57,43.6
7/8/2025 6:00,delwebb_to_marketpl,SB,0.04,0.62,40.8
7/8/2025 7:00,delwebb_to_marketpl,SB,0.06,0.66,38.3
7/8/2025 8:00,delwebb_to_marketpl,SB,0.05,0.69,36.2
7/8/2025 9:00,delwebb_to_marketpl,SB,0.12,0.77,32.5
7/8/2025 10:00,delwebb_to_marketpl,SB,0.17,0.81,31
7/8/2025 11:00,delwebb_to_marketpl,SB,0.17,0.8,31.7
7/8/2025 12:00,delwebb_to_marketpl,SB,0.17,0.8,32
7/8/2025 13:00,delwebb_to_marketpl,SB,0.17,0.79,31.9
7/8/2025 14:00,delwebb_to_marketpl,SB,0.11,0.7,35.8
7/8/2025 15:00,delwebb_to_marketpl,SB,0.19,0.82,30.9
7/8/2025 16:00,delwebb_to_marketpl,SB,0.14,0.76,33.2
7/8/2025 17:00,delwebb_to_marketpl,SB,0.15,0.76,33.3
7/8/2025 18:00,delwebb_to_marketpl,SB,0.06,0.65,38.6
7/8/2025 19:00,delwebb_to_marketpl,SB,0.03,0.6,41.9
7/8/2025 20:00,delwebb_to_marketpl,SB,0.09,0.69,36.5
7/8/2025 21:00,delwebb_to_marketpl,SB,0.05,0.64,39.4
7/8/2025 22:00,delwebb_to_marketpl,SB,0.02,0.63,39.9
7/8/2025 23:00,delwebb_to_marketpl,SB,0.05,0.63,41
7/9/2025 0:00,delwebb_to_marketpl,SB,0.04,0.64,39.5
7/9/2025 1:00,delwebb_to_marketpl,SB,0,0.56,44
7/9/2025 2:00,delwebb_to_marketpl,SB,0,0.56,44
7/9/2025 3:00,delwebb_to_marketpl,SB,0,0.56,44
7/9/2025 4:00,delwebb_to_marketpl,SB,0,0.54,46.6
7/9/2025 5:00,delwebb_to_marketpl,SB,0,0.56,44.9
7/9/2025 6:00,delwebb_to_marketpl,SB,0.03,0.6,41.4
7/9/2025 7:00,delwebb_to_marketpl,SB,0.13,0.75,33.9
7/9/2025 8:00,delwebb_to_marketpl,SB,0.1,0.72,34.9
7/9/2025 9:00,delwebb_to_marketpl,SB,0.15,0.76,33.8
7/9/2025 10:00,delwebb_to_marketpl,SB,0.32,0.98,25.7
7/9/2025 11:00,delwebb_to_marketpl,SB,0.17,0.82,30.7
7/9/2025 12:00,delwebb_to_marketpl,SB,0.13,0.77,32.6
7/9/2025 13:00,delwebb_to_marketpl,SB,0.18,0.81,31.1
7/9/2025 14:00,delwebb_to_marketpl,SB,0.17,0.82,30.6
7/9/2025 15:00,delwebb_to_marketpl,SB,0.18,0.81,31.5
7/9/2025 16:00,delwebb_to_marketpl,SB,0.17,0.79,32.2
7/9/2025 17:00,delwebb_to_marketpl,SB,0.09,0.71,35.5
7/9/2025 18:00,delwebb_to_marketpl,SB,0.1,0.72,34.7
7/9/2025 19:00,delwebb_to_marketpl,SB,0.11,0.75,34.2
7/9/2025 20:00,delwebb_to_marketpl,SB,0.05,0.68,37.1
7/9/2025 21:00,delwebb_to_marketpl,SB,0.04,0.61,40.8
7/9/2025 22:00,delwebb_to_marketpl,SB,0.02,0.57,43.9
7/9/2025 23:00,delwebb_to_marketpl,SB,0.02,0.6,41.4
7/10/2025 0:00,delwebb_to_marketpl,SB,0.03,0.65,38.8
7/10/2025 1:00,delwebb_to_marketpl,SB,0.01,0.59,42.7
7/10/2025 2:00,delwebb_to_marketpl,SB,0,0.56,44
7/10/2025 3:00,delwebb_to_marketpl,SB,0,0.56,44
7/10/2025 4:00,delwebb_to_marketpl,SB,0.01,0.61,41
7/10/2025 5:00,delwebb_to_marketpl,SB,0,0.56,44.9
7/10/2025 6:00,delwebb_to_marketpl,SB,0.03,0.6,41.6
7/10/2025 7:00,delwebb_to_marketpl,SB,0.07,0.67,37.3
7/10/2025 8:00,delwebb_to_marketpl,SB,0.09,0.71,35.6
7/10/2025 9:00,delwebb_to_marketpl,SB,0.15,0.77,33.4
7/10/2025 10:00,delwebb_to_marketpl,SB,0.12,0.75,33.8
7/10/2025 11:00,delwebb_to_marketpl,SB,0.13,0.76,32.8
7/10/2025 12:00,delwebb_to_marketpl,SB,0.2,0.85,29.8
7/10/2025 13:00,delwebb_to_marketpl,SB,0.19,0.82,32.2
7/10/2025 14:00,delwebb_to_marketpl,SB,0.17,0.8,31.2
7/10/2025 15:00,delwebb_to_marketpl,SB,0.12,0.75,33.7
7/10/2025 16:00,delwebb_to_marketpl,SB,0.09,0.72,34.8
7/10/2025 17:00,delwebb_to_marketpl,SB,0.15,0.74,33.9
7/10/2025 18:00,delwebb_to_marketpl,SB,0.08,0.69,36.2
7/10/2025 19:00,delwebb_to_marketpl,SB,0.17,0.76,32.9
7/10/2025 20:00,delwebb_to_marketpl,SB,0.18,0.79,31.8
7/10/2025 21:00,delwebb_to_marketpl,SB,0.07,0.71,35.6
7/10/2025 22:00,delwebb_to_marketpl,SB,0.01,0.57,44.3
7/10/2025 23:00,delwebb_to_marketpl,SB,0.01,0.6,41.6
7/11/2025 0:00,delwebb_to_marketpl,SB,0.05,0.67,37.9
7/11/2025 1:00,delwebb_to_marketpl,SB,0,0.57,43.8
7/11/2025 2:00,delwebb_to_marketpl,SB,0,0.5,50.4
7/11/2025 3:00,delwebb_to_marketpl,SB,0,0.56,44
7/11/2025 4:00,delwebb_to_marketpl,SB,0,0.6,41.5
7/11/2025 5:00,delwebb_to_marketpl,SB,0.03,0.59,42.4
7/11/2025 6:00,delwebb_to_marketpl,SB,0.03,0.63,40.3
7/11/2025 7:00,delwebb_to_marketpl,SB,0.06,0.66,38.4
7/11/2025 8:00,delwebb_to_marketpl,SB,0.08,0.68,36.9
7/11/2025 9:00,delwebb_to_marketpl,SB,0.08,0.68,37.1
7/11/2025 10:00,delwebb_to_marketpl,SB,0.07,0.7,35.8
7/11/2025 11:00,delwebb_to_marketpl,SB,0.16,0.77,32.4
7/11/2025 12:00,delwebb_to_marketpl,SB,0.13,0.77,32.6
7/11/2025 13:00,delwebb_to_marketpl,SB,0.16,0.79,31.7
7/11/2025 14:00,delwebb_to_marketpl,SB,0.2,0.84,30.6
7/11/2025 15:00,delwebb_to_marketpl,SB,0.17,0.77,32.9
7/11/2025 16:00,delwebb_to_marketpl,SB,0.15,0.76,33.3
7/11/2025 17:00,delwebb_to_marketpl,SB,0.1,0.71,35.5
7/11/2025 18:00,delwebb_to_marketpl,SB,0.05,0.64,38.8
7/11/2025 19:00,delwebb_to_marketpl,SB,0.02,0.61,40.9
7/11/2025 20:00,delwebb_to_marketpl,SB,0.05,0.62,40.7
7/11/2025 21:00,delwebb_to_marketpl,SB,0.08,0.68,36.6
7/11/2025 22:00,delwebb_to_marketpl,SB,0.01,0.51,49
7/11/2025 23:00,delwebb_to_marketpl,SB,0,0.57,43.5
7/12/2025 0:00,delwebb_to_marketpl,SB,0,0.57,44.1
7/12/2025 1:00,delwebb_to_marketpl,SB,0,0.61,41
7/12/2025 2:00,delwebb_to_marketpl,SB,0.03,0.63,39.7
7/12/2025 3:00,delwebb_to_marketpl,SB,0,0.56,44
7/12/2025 4:00,delwebb_to_marketpl,SB,0.07,0.68,37.5
7/12/2025 5:00,delwebb_to_marketpl,SB,0,0.54,46
7/12/2025 6:00,delwebb_to_marketpl,SB,0.01,0.6,42.2
7/12/2025 7:00,delwebb_to_marketpl,SB,0.04,0.68,36.6
7/12/2025 8:00,delwebb_to_marketpl,SB,0.03,0.67,37.5
7/12/2025 9:00,delwebb_to_marketpl,SB,0.13,0.77,32.6
7/12/2025 10:00,delwebb_to_marketpl,SB,0.13,0.76,32.9
7/12/2025 11:00,delwebb_to_marketpl,SB,0.17,0.8,31.3
7/12/2025 12:00,delwebb_to_marketpl,SB,0.15,0.77,33.2
7/12/2025 13:00,delwebb_to_marketpl,SB,0.07,0.7,36
7/12/2025 14:00,delwebb_to_marketpl,SB,0.08,0.69,36.1
7/12/2025 15:00,delwebb_to_marketpl,SB,0.19,0.81,31.1
7/12/2025 16:00,delwebb_to_marketpl,SB,0.12,0.69,36.9
7/12/2025 17:00,delwebb_to_marketpl,SB,0.13,0.78,32
7/12/2025 18:00,delwebb_to_marketpl,SB,0.16,0.8,31.2
7/12/2025 19:00,delwebb_to_marketpl,SB,0.1,0.71,35.3
7/12/2025 20:00,delwebb_to_marketpl,SB,0.12,0.74,36
7/12/2025 21:00,delwebb_to_marketpl,SB,0.04,0.62,40.3
7/12/2025 22:00,delwebb_to_marketpl,SB,0.02,0.57,43.5
7/12/2025 23:00,delwebb_to_marketpl,SB,0.03,0.59,42.4
7/13/2025 0:00,delwebb_to_marketpl,SB,0.01,0.59,42.4
7/13/2025 1:00,delwebb_to_marketpl,SB,0.02,0.66,37.8
7/13/2025 2:00,delwebb_to_marketpl,SB,0,0.56,44
7/13/2025 3:00,delwebb_to_marketpl,SB,0,0.56,44
7/13/2025 4:00,delwebb_to_marketpl,SB,0,0.56,44
7/13/2025 5:00,delwebb_to_marketpl,SB,0,0.6,41.5
7/13/2025 6:00,delwebb_to_marketpl,SB,0.04,0.64,40.1
7/13/2025 7:00,delwebb_to_marketpl,SB,0.03,0.59,42.3
7/13/2025 8:00,delwebb_to_marketpl,SB,0.01,0.63,39.2
7/13/2025 9:00,delwebb_to_marketpl,SB,0.07,0.69,36.2
7/13/2025 10:00,delwebb_to_marketpl,SB,0.02,0.62,40.6
7/13/2025 11:00,delwebb_to_marketpl,SB,0.02,0.63,39.4
7/13/2025 12:00,delwebb_to_marketpl,SB,0.18,0.82,30.5
7/13/2025 13:00,delwebb_to_marketpl,SB,0.08,0.67,37.7
7/13/2025 14:00,delwebb_to_marketpl,SB,0.08,0.69,36.6
7/13/2025 15:00,delwebb_to_marketpl,SB,0.07,0.68,37
7/13/2025 16:00,delwebb_to_marketpl,SB,0.15,0.76,33.3
7/13/2025 17:00,delwebb_to_marketpl,SB,0.11,0.71,35.5
7/13/2025 18:00,delwebb_to_marketpl,SB,0.07,0.67,37.3
7/13/2025 19:00,delwebb_to_marketpl,SB,0.13,0.75,33.8
7/13/2025 20:00,delwebb_to_marketpl,SB,0.18,0.83,30.4
7/13/2025 21:00,delwebb_to_marketpl,SB,0.08,0.68,36.5
7/13/2025 22:00,delwebb_to_marketpl,SB,0.02,0.64,38.9
7/13/2025 23:00,delwebb_to_marketpl,SB,0.01,0.6,41.8
7/14/2025 0:00,delwebb_to_marketpl,SB,0,0.56,44.1
7/14/2025 1:00,delwebb_to_marketpl,SB,0,0.56,44
7/14/2025 2:00,delwebb_to_marketpl,SB,0.04,0.66,38
7/14/2025 3:00,delwebb_to_marketpl,SB,0.01,0.59,42.2
7/14/2025 4:00,delwebb_to_marketpl,SB,0.05,0.63,40.6
7/14/2025 5:00,delwebb_to_marketpl,SB,0.01,0.62,40.5
7/14/2025 6:00,delwebb_to_marketpl,SB,0.03,0.61,41
7/14/2025 7:00,delwebb_to_marketpl,SB,0.04,0.65,38.3
7/14/2025 8:00,delwebb_to_marketpl,SB,0.04,0.65,38.5
7/14/2025 9:00,delwebb_to_marketpl,SB,0.12,0.76,33.5
7/14/2025 10:00,delwebb_to_marketpl,SB,0.17,0.8,31.4
7/14/2025 11:00,delwebb_to_marketpl,SB,0.18,0.81,31.4
7/14/2025 12:00,delwebb_to_marketpl,SB,0.16,0.77,32.5
7/14/2025 13:00,delwebb_to_marketpl,SB,0.14,0.78,32.2
7/14/2025 14:00,delwebb_to_marketpl,SB,0.22,0.86,29.7
7/14/2025 15:00,delwebb_to_marketpl,SB,0.15,0.78,32.7
7/14/2025 16:00,delwebb_to_marketpl,SB,0.11,0.74,34
7/14/2025 17:00,delwebb_to_marketpl,SB,0.1,0.72,35.3
7/14/2025 18:00,delwebb_to_marketpl,SB,0.04,0.63,40
7/14/2025 19:00,delwebb_to_marketpl,SB,0.02,0.64,39
7/14/2025 20:00,delwebb_to_marketpl,SB,0.04,0.65,38
7/14/2025 21:00,delwebb_to_marketpl,SB,0.13,0.76,33.6
7/14/2025 22:00,delwebb_to_marketpl,SB,0.03,0.63,39.9
7/14/2025 23:00,delwebb_to_marketpl,SB,0.04,0.63,39.8
7/15/2025 0:00,delwebb_to_marketpl,SB,0,0.56,44
7/15/2025 1:00,delwebb_to_marketpl,SB,0.07,0.65,40.1
7/15/2025 2:00,delwebb_to_marketpl,SB,0,0.56,44
7/15/2025 3:00,delwebb_to_marketpl,SB,0,0.56,44
7/15/2025 4:00,delwebb_to_marketpl,SB,0,0.55,45
7/15/2025 5:00,delwebb_to_marketpl,SB,0.02,0.62,40.5
7/15/2025 6:00,delwebb_to_marketpl,SB,0.02,0.63,39.9
7/15/2025 7:00,delwebb_to_marketpl,SB,0.05,0.65,38.2
7/15/2025 8:00,delwebb_to_marketpl,SB,0.12,0.76,32.7
7/15/2025 9:00,delwebb_to_marketpl,SB,0.08,0.72,34.6
7/15/2025 10:00,delwebb_to_marketpl,SB,0.12,0.74,34.9
7/15/2025 11:00,delwebb_to_marketpl,SB,0.23,0.88,28.6
7/15/2025 12:00,delwebb_to_marketpl,SB,0.18,0.81,31
7/15/2025 13:00,delwebb_to_marketpl,SB,0.24,0.85,29.6
7/15/2025 14:00,delwebb_to_marketpl,SB,0.19,0.81,31.2
7/15/2025 15:00,delwebb_to_marketpl,SB,0.15,0.77,32.8
7/15/2025 16:00,delwebb_to_marketpl,SB,0.17,0.81,30.6
7/15/2025 17:00,delwebb_to_marketpl,SB,0.07,0.67,37.9
7/15/2025 18:00,delwebb_to_marketpl,SB,0.08,0.7,35.8
7/15/2025 19:00,delwebb_to_marketpl,SB,0.01,0.58,43
7/15/2025 20:00,delwebb_to_marketpl,SB,0.09,0.7,36
7/15/2025 21:00,delwebb_to_marketpl,SB,0.05,0.68,37.2
7/15/2025 22:00,delwebb_to_marketpl,SB,0.04,0.66,37.7
7/15/2025 23:00,delwebb_to_marketpl,SB,0.01,0.65,38.3
7/16/2025 0:00,delwebb_to_marketpl,SB,0,0.56,44
7/16/2025 1:00,delwebb_to_marketpl,SB,0,0.56,44
7/16/2025 2:00,delwebb_to_marketpl,SB,0,0.57,43.6
7/16/2025 3:00,delwebb_to_marketpl,SB,0,0.56,44
7/16/2025 4:00,delwebb_to_marketpl,SB,0,0.59,42.4
7/16/2025 5:00,delwebb_to_marketpl,SB,0.07,0.67,39
7/16/2025 6:00,delwebb_to_marketpl,SB,0.03,0.61,41
7/16/2025 7:00,delwebb_to_marketpl,SB,0.07,0.66,37.7
7/16/2025 8:00,delwebb_to_marketpl,SB,0.09,0.69,36.9
7/16/2025 9:00,delwebb_to_marketpl,SB,0.07,0.72,34.9
7/16/2025 10:00,delwebb_to_marketpl,SB,0.12,0.73,34.7
7/16/2025 11:00,delwebb_to_marketpl,SB,0.16,0.79,31.8
7/16/2025 12:00,delwebb_to_marketpl,SB,0.18,0.81,31.3
7/16/2025 13:00,delwebb_to_marketpl,SB,0.16,0.79,32
7/16/2025 14:00,delwebb_to_marketpl,SB,0.16,0.78,32.4
7/16/2025 15:00,delwebb_to_marketpl,SB,0.1,0.71,35.7
7/16/2025 16:00,delwebb_to_marketpl,SB,0.09,0.71,35.7
7/16/2025 17:00,delwebb_to_marketpl,SB,0.13,0.78,32.4
7/16/2025 18:00,delwebb_to_marketpl,SB,0.14,0.75,34.1
7/16/2025 19:00,delwebb_to_marketpl,SB,0.05,0.68,36.9
7/16/2025 20:00,delwebb_to_marketpl,SB,0.05,0.67,37.2
7/16/2025 21:00,delwebb_to_marketpl,SB,0.06,0.64,40.8
7/16/2025 22:00,delwebb_to_marketpl,SB,0,0.51,48.5
7/16/2025 23:00,delwebb_to_marketpl,SB,0,0.55,45
7/17/2025 0:00,delwebb_to_marketpl,SB,0.02,0.63,39.5
7/17/2025 1:00,delwebb_to_marketpl,SB,0,0.58,42.6
7/17/2025 2:00,delwebb_to_marketpl,SB,0,0.56,44
7/17/2025 3:00,delwebb_to_marketpl,SB,0,0.57,43.7
7/17/2025 4:00,delwebb_to_marketpl,SB,0.09,0.69,36.6
7/17/2025 5:00,delwebb_to_marketpl,SB,0.02,0.62,39.8
7/17/2025 6:00,delwebb_to_marketpl,SB,0.03,0.6,41.3
7/17/2025 7:00,delwebb_to_marketpl,SB,0.05,0.65,38.2
7/17/2025 8:00,delwebb_to_marketpl,SB,0.18,0.82,31.3
7/17/2025 9:00,delwebb_to_marketpl,SB,0.1,0.73,34.7
7/17/2025 10:00,delwebb_to_marketpl,SB,0.12,0.73,34.2
7/17/2025 11:00,delwebb_to_marketpl,SB,0.24,0.89,28.6
7/17/2025 12:00,delwebb_to_marketpl,SB,0.2,0.85,29.6
7/17/2025 13:00,delwebb_to_marketpl,SB,0.18,0.82,30.8
7/17/2025 14:00,delwebb_to_marketpl,SB,0.17,0.78,32.2
7/17/2025 15:00,delwebb_to_marketpl,SB,0.19,0.81,31.3
7/17/2025 16:00,delwebb_to_marketpl,SB,0.13,0.77,32.5
7/17/2025 17:00,delwebb_to_marketpl,SB,0.05,0.62,40.9
7/17/2025 18:00,delwebb_to_marketpl,SB,0.04,0.63,39.9
7/17/2025 19:00,delwebb_to_marketpl,SB,0.11,0.71,35.2
7/17/2025 20:00,delwebb_to_marketpl,SB,0.1,0.72,35.3
7/17/2025 21:00,delwebb_to_marketpl,SB,0.01,0.6,41.5
7/17/2025 22:00,delwebb_to_marketpl,SB,0.03,0.61,41.2
7/17/2025 23:00,delwebb_to_marketpl,SB,0,0.57,43.8
7/18/2025 0:00,delwebb_to_marketpl,SB,0.06,0.69,37.2
7/18/2025 1:00,delwebb_to_marketpl,SB,0,0.55,45.2
7/18/2025 2:00,delwebb_to_marketpl,SB,0,0.56,44
7/18/2025 3:00,delwebb_to_marketpl,SB,0,0.56,44
7/18/2025 4:00,delwebb_to_marketpl,SB,0,0.58,42.5
7/18/2025 5:00,delwebb_to_marketpl,SB,0,0.59,42.1
7/18/2025 6:00,delwebb_to_marketpl,SB,0.03,0.63,39.6
7/18/2025 7:00,delwebb_to_marketpl,SB,0.01,0.59,42.3
7/18/2025 8:00,delwebb_to_marketpl,SB,0.07,0.67,37.6
7/18/2025 9:00,delwebb_to_marketpl,SB,0.21,0.86,29.4
7/18/2025 10:00,delwebb_to_marketpl,SB,0.1,0.7,35.4
7/18/2025 11:00,delwebb_to_marketpl,SB,0.08,0.71,35
7/18/2025 12:00,delwebb_to_marketpl,SB,0.18,0.82,30.3
7/18/2025 13:00,delwebb_to_marketpl,SB,0.25,0.88,28.7
7/18/2025 14:00,delwebb_to_marketpl,SB,0.16,0.77,32.5
7/18/2025 15:00,delwebb_to_marketpl,SB,0.18,0.8,31.7
7/18/2025 16:00,delwebb_to_marketpl,SB,0.18,0.79,31.5
7/18/2025 17:00,delwebb_to_marketpl,SB,0.13,0.73,34.8
7/18/2025 18:00,delwebb_to_marketpl,SB,0.1,0.71,35.3
7/18/2025 19:00,delwebb_to_marketpl,SB,0.1,0.7,36.9
7/18/2025 20:00,delwebb_to_marketpl,SB,0.02,0.59,42.3
7/18/2025 21:00,delwebb_to_marketpl,SB,0.06,0.62,40.5
7/18/2025 22:00,delwebb_to_marketpl,SB,0,0.57,43.8
7/18/2025 23:00,delwebb_to_marketpl,SB,0,0.58,43.2
7/19/2025 0:00,delwebb_to_marketpl,SB,0.03,0.62,40.9
7/19/2025 1:00,delwebb_to_marketpl,SB,0.02,0.62,40.7
7/19/2025 2:00,delwebb_to_marketpl,SB,0,0.57,44
7/19/2025 3:00,delwebb_to_marketpl,SB,0,0.54,46.2
7/19/2025 4:00,delwebb_to_marketpl,SB,0,0.6,41.6
7/19/2025 5:00,delwebb_to_marketpl,SB,0,0.55,45.4
7/19/2025 6:00,delwebb_to_marketpl,SB,0.03,0.62,40.6
7/19/2025 7:00,delwebb_to_marketpl,SB,0.02,0.58,43
7/19/2025 8:00,delwebb_to_marketpl,SB,0.05,0.66,38.4
7/19/2025 9:00,delwebb_to_marketpl,SB,0.07,0.67,38.2
7/19/2025 10:00,delwebb_to_marketpl,SB,0.11,0.76,32.8
7/19/2025 11:00,delwebb_to_marketpl,SB,0.12,0.72,35.9
7/19/2025 12:00,delwebb_to_marketpl,SB,0.21,0.82,32.2
7/19/2025 13:00,delwebb_to_marketpl,SB,0.08,0.68,37.5
7/19/2025 14:00,delwebb_to_marketpl,SB,0.22,0.85,30.9
7/19/2025 15:00,delwebb_to_marketpl,SB,0.08,0.71,35.2
7/19/2025 16:00,delwebb_to_marketpl,SB,0.11,0.72,34.8
7/19/2025 17:00,delwebb_to_marketpl,SB,0.12,0.76,33.2
7/19/2025 18:00,delwebb_to_marketpl,SB,0.09,0.71,35.1
7/19/2025 19:00,delwebb_to_marketpl,SB,0.15,0.75,34.3
7/19/2025 20:00,delwebb_to_marketpl,SB,0.03,0.57,43.9
7/19/2025 21:00,delwebb_to_marketpl,SB,0.1,0.68,38.9
7/19/2025 22:00,delwebb_to_marketpl,SB,0.01,0.58,43.4
7/19/2025 23:00,delwebb_to_marketpl,SB,0,0.58,43.4
7/20/2025 0:00,delwebb_to_marketpl,SB,0,0.55,45.6
7/20/2025 1:00,delwebb_to_marketpl,SB,0,0.59,42.3
7/20/2025 2:00,delwebb_to_marketpl,SB,0,0.56,44
7/20/2025 3:00,delwebb_to_marketpl,SB,0.01,0.59,42
7/20/2025 4:00,delwebb_to_marketpl,SB,0.01,0.58,42.7
7/20/2025 5:00,delwebb_to_marketpl,SB,0,0.56,44
7/20/2025 6:00,delwebb_to_marketpl,SB,0.01,0.54,46.1
7/20/2025 7:00,delwebb_to_marketpl,SB,0.03,0.61,40.8
7/20/2025 8:00,delwebb_to_marketpl,SB,0.04,0.61,41.6
7/20/2025 9:00,delwebb_to_marketpl,SB,0.08,0.71,35.9
7/20/2025 10:00,delwebb_to_marketpl,SB,0.01,0.6,41.4
7/20/2025 11:00,delwebb_to_marketpl,SB,0.05,0.64,38.9
7/20/2025 12:00,delwebb_to_marketpl,SB,0.16,0.81,30.8
7/20/2025 13:00,delwebb_to_marketpl,SB,0.09,0.71,36
7/20/2025 14:00,delwebb_to_marketpl,SB,0.08,0.67,37.5
7/20/2025 15:00,delwebb_to_marketpl,SB,0.04,0.68,36.8
7/20/2025 16:00,delwebb_to_marketpl,SB,0.06,0.67,37.3
7/20/2025 17:00,delwebb_to_marketpl,SB,0.09,0.74,33.8
7/20/2025 18:00,delwebb_to_marketpl,SB,0.02,0.59,42.2
7/20/2025 19:00,delwebb_to_marketpl,SB,0.1,0.74,34.1
7/20/2025 20:00,delwebb_to_marketpl,SB,0.03,0.61,41.2
7/20/2025 21:00,delwebb_to_marketpl,SB,0.04,0.6,43.1
7/20/2025 22:00,delwebb_to_marketpl,SB,0.05,0.67,38.1
7/20/2025 23:00,delwebb_to_marketpl,SB,0.01,0.59,42.2
7/21/2025 0:00,delwebb_to_marketpl,SB,0,0.58,42.9
7/21/2025 1:00,delwebb_to_marketpl,SB,0.03,0.63,39.9
7/21/2025 2:00,delwebb_to_marketpl,SB,0,0.54,46.1
7/21/2025 3:00,delwebb_to_marketpl,SB,0.01,0.59,42.6
7/21/2025 4:00,delwebb_to_marketpl,SB,0.21,0.84,31.9
7/21/2025 5:00,delwebb_to_marketpl,SB,0.05,0.65,38.6
7/21/2025 6:00,delwebb_to_marketpl,SB,0.03,0.6,43.1
7/21/2025 7:00,delwebb_to_marketpl,SB,0.05,0.65,38.4
7/21/2025 8:00,delwebb_to_marketpl,SB,0.06,0.68,36.8
7/21/2025 9:00,delwebb_to_marketpl,SB,0.11,0.77,32.6
7/21/2025 10:00,delwebb_to_marketpl,SB,0.09,0.73,34.6
7/21/2025 11:00,delwebb_to_marketpl,SB,0.14,0.78,32.2
7/21/2025 12:00,delwebb_to_marketpl,SB,0.13,0.77,32.8
7/21/2025 13:00,delwebb_to_marketpl,SB,0.19,0.84,30.1
7/21/2025 14:00,delwebb_to_marketpl,SB,0.13,0.76,32.8
7/21/2025 15:00,delwebb_to_marketpl,SB,0.15,0.78,32.6
7/21/2025 16:00,delwebb_to_marketpl,SB,0.2,0.82,31
7/21/2025 17:00,delwebb_to_marketpl,SB,0.11,0.72,35.8
7/21/2025 18:00,delwebb_to_marketpl,SB,0.1,0.7,36.2
7/21/2025 19:00,delwebb_to_marketpl,SB,0.13,0.78,32.4
7/21/2025 20:00,delwebb_to_marketpl,SB,0.1,0.69,36.3
7/21/2025 21:00,delwebb_to_marketpl,SB,0.04,0.61,41
7/21/2025 22:00,delwebb_to_marketpl,SB,0,0.49,51.2
7/21/2025 23:00,delwebb_to_marketpl,SB,0.05,0.66,38.6
7/22/2025 0:00,delwebb_to_marketpl,SB,0,0.61,41.1
7/22/2025 1:00,delwebb_to_marketpl,SB,0,0.54,46.5
7/22/2025 2:00,delwebb_to_marketpl,SB,0.03,0.6,42
7/22/2025 3:00,delwebb_to_marketpl,SB,0.12,0.72,36.6
7/22/2025 4:00,delwebb_to_marketpl,SB,0.13,0.73,37.4
7/22/2025 5:00,delwebb_to_marketpl,SB,0.01,0.58,43.1
7/22/2025 6:00,delwebb_to_marketpl,SB,0.03,0.59,42.4
7/22/2025 7:00,delwebb_to_marketpl,SB,0.1,0.74,33.9
7/22/2025 8:00,delwebb_to_marketpl,SB,0.13,0.76,33.6
7/22/2025 9:00,delwebb_to_marketpl,SB,0.12,0.75,33.8
7/22/2025 10:00,delwebb_to_marketpl,SB,0.18,0.81,30.7
7/22/2025 11:00,delwebb_to_marketpl,SB,0.27,0.91,27.8
7/22/2025 12:00,delwebb_to_marketpl,SB,0.16,0.81,31.1
7/22/2025 13:00,delwebb_to_marketpl,SB,0.06,0.65,39.1
7/22/2025 14:00,delwebb_to_marketpl,SB,0.21,0.84,30.3
7/22/2025 15:00,delwebb_to_marketpl,SB,0.1,0.71,35.5
7/22/2025 16:00,delwebb_to_marketpl,SB,0.12,0.72,35.3
7/22/2025 17:00,delwebb_to_marketpl,SB,0.16,0.74,34.2
7/22/2025 18:00,delwebb_to_marketpl,SB,0.24,0.9,28.2
7/22/2025 19:00,delwebb_to_marketpl,SB,0.06,0.66,38.3
7/22/2025 20:00,delwebb_to_marketpl,SB,0.08,0.66,38.7
7/22/2025 21:00,delwebb_to_marketpl,SB,0.08,0.73,34.4
7/22/2025 22:00,delwebb_to_marketpl,SB,0.02,0.64,39.2
7/22/2025 23:00,delwebb_to_marketpl,SB,0.01,0.61,41.4
7/23/2025 0:00,delwebb_to_marketpl,SB,0,0.58,42.7
7/23/2025 1:00,delwebb_to_marketpl,SB,0,0.55,45.1
7/23/2025 2:00,delwebb_to_marketpl,SB,0.05,0.62,40.6
7/23/2025 3:00,delwebb_to_marketpl,SB,0.02,0.59,42.4
7/23/2025 4:00,delwebb_to_marketpl,SB,0,0.56,44.3
7/23/2025 5:00,delwebb_to_marketpl,SB,0,0.54,46
7/23/2025 6:00,delwebb_to_marketpl,SB,0.05,0.62,40.1
7/23/2025 7:00,delwebb_to_marketpl,SB,0.06,0.66,38
7/23/2025 8:00,delwebb_to_marketpl,SB,0.07,0.7,36.5
7/23/2025 9:00,delwebb_to_marketpl,SB,0.1,0.74,33.9
7/23/2025 10:00,delwebb_to_marketpl,SB,0.06,0.65,38.4
7/23/2025 11:00,delwebb_to_marketpl,SB,0.16,0.79,31.6
7/23/2025 12:00,delwebb_to_marketpl,SB,0.15,0.79,32.1
7/23/2025 13:00,delwebb_to_marketpl,SB,0.17,0.8,31.4
7/23/2025 14:00,delwebb_to_marketpl,SB,0.13,0.75,33.5
7/23/2025 15:00,delwebb_to_marketpl,SB,0.14,0.76,33.9
7/23/2025 16:00,delwebb_to_marketpl,SB,0.11,0.74,34.4
7/23/2025 17:00,delwebb_to_marketpl,SB,0.13,0.77,32.5
7/23/2025 18:00,delwebb_to_marketpl,SB,0.13,0.75,33.7
7/23/2025 19:00,delwebb_to_marketpl,SB,0.09,0.7,35.9
7/23/2025 20:00,delwebb_to_marketpl,SB,0.04,0.67,37.3
7/23/2025 21:00,delwebb_to_marketpl,SB,0.06,0.67,37.7
7/23/2025 22:00,delwebb_to_marketpl,SB,0.03,0.62,40.7
7/23/2025 23:00,delwebb_to_marketpl,SB,0,0.58,42.7
7/24/2025 0:00,delwebb_to_marketpl,SB,0,0.53,47.6
7/24/2025 1:00,delwebb_to_marketpl,SB,0,0.56,44
7/24/2025 2:00,delwebb_to_marketpl,SB,0,0.61,40.8
7/24/2025 3:00,delwebb_to_marketpl,SB,0,0.56,44
7/24/2025 4:00,delwebb_to_marketpl,SB,0.1,0.7,36.7
7/24/2025 5:00,delwebb_to_marketpl,SB,0,0.58,42.8
7/24/2025 6:00,delwebb_to_marketpl,SB,0.01,0.55,45.3
7/24/2025 7:00,delwebb_to_marketpl,SB,0.04,0.61,41.1
7/24/2025 8:00,delwebb_to_marketpl,SB,0.05,0.65,38.3
7/24/2025 9:00,delwebb_to_marketpl,SB,0.09,0.73,34.2
7/24/2025 10:00,delwebb_to_marketpl,SB,0.16,0.79,31.9
7/24/2025 11:00,delwebb_to_marketpl,SB,0.13,0.75,33.4
7/24/2025 12:00,delwebb_to_marketpl,SB,0.12,0.74,33.8
7/24/2025 13:00,delwebb_to_marketpl,SB,0.14,0.78,32.6
7/24/2025 14:00,delwebb_to_marketpl,SB,0.2,0.82,30.7
7/24/2025 15:00,delwebb_to_marketpl,SB,0.11,0.71,35.9
7/24/2025 16:00,delwebb_to_marketpl,SB,0.08,0.7,36.2
7/24/2025 17:00,delwebb_to_marketpl,SB,0.09,0.71,35.3
7/24/2025 18:00,delwebb_to_marketpl,SB,0.07,0.64,39.5
7/24/2025 19:00,delwebb_to_marketpl,SB,0.11,0.74,34.3
7/24/2025 20:00,delwebb_to_marketpl,SB,0.08,0.72,34.6
7/24/2025 21:00,delwebb_to_marketpl,SB,0.03,0.62,41.4
7/24/2025 22:00,delwebb_to_marketpl,SB,0.01,0.59,43.3
7/24/2025 23:00,delwebb_to_marketpl,SB,0.06,0.65,39.9
7/25/2025 0:00,delwebb_to_marketpl,SB,0,0.53,47.4
7/25/2025 1:00,delwebb_to_marketpl,SB,0,0.56,44
7/25/2025 2:00,delwebb_to_marketpl,SB,0,0.56,44
7/25/2025 3:00,delwebb_to_marketpl,SB,0.05,0.67,37.8
7/25/2025 4:00,delwebb_to_marketpl,SB,0.14,0.78,32.3
7/25/2025 5:00,delwebb_to_marketpl,SB,0.01,0.57,43.8
7/25/2025 6:00,delwebb_to_marketpl,SB,0.02,0.56,45.5
7/25/2025 7:00,delwebb_to_marketpl,SB,0.13,0.76,33.1
7/25/2025 8:00,delwebb_to_marketpl,SB,0.07,0.67,37.1
7/25/2025 9:00,delwebb_to_marketpl,SB,0.08,0.7,36.4
7/25/2025 10:00,delwebb_to_marketpl,SB,0.18,0.81,31.6
7/25/2025 11:00,delwebb_to_marketpl,SB,0.23,0.88,28.4
7/25/2025 12:00,delwebb_to_marketpl,SB,0.12,0.75,33.9
7/25/2025 13:00,delwebb_to_marketpl,SB,0.14,0.74,33.7
7/25/2025 14:00,delwebb_to_marketpl,SB,0.13,0.75,33.4
7/25/2025 15:00,delwebb_to_marketpl,SB,0.14,0.77,32.7
7/25/2025 16:00,delwebb_to_marketpl,SB,0.16,0.78,32.1
7/25/2025 17:00,delwebb_to_marketpl,SB,0.13,0.71,35.3
7/25/2025 18:00,delwebb_to_marketpl,SB,0.06,0.64,39.4
7/25/2025 19:00,delwebb_to_marketpl,SB,0.06,0.65,38.3
7/25/2025 20:00,delwebb_to_marketpl,SB,0.04,0.63,39.4
7/25/2025 21:00,delwebb_to_marketpl,SB,0.02,0.6,41.6
7/25/2025 22:00,delwebb_to_marketpl,SB,0.01,0.54,47
7/25/2025 23:00,delwebb_to_marketpl,SB,0.06,0.66,37.6
7/26/2025 0:00,delwebb_to_marketpl,SB,0.01,0.58,43.6
7/26/2025 1:00,delwebb_to_marketpl,SB,0,0.56,44.2
7/26/2025 2:00,delwebb_to_marketpl,SB,0,0.56,44
7/26/2025 3:00,delwebb_to_marketpl,SB,0,0.56,44
7/26/2025 4:00,delwebb_to_marketpl,SB,0.02,0.59,42.7
7/26/2025 5:00,delwebb_to_marketpl,SB,0,0.56,44.8
7/26/2025 6:00,delwebb_to_marketpl,SB,0,0.59,42.4
7/26/2025 7:00,delwebb_to_marketpl,SB,0.02,0.6,41.7
7/26/2025 8:00,delwebb_to_marketpl,SB,0.05,0.63,40.3
7/26/2025 9:00,delwebb_to_marketpl,SB,0.1,0.71,36
7/26/2025 10:00,delwebb_to_marketpl,SB,0.11,0.73,34.6
7/26/2025 11:00,delwebb_to_marketpl,SB,0.03,0.62,40.4
7/26/2025 12:00,delwebb_to_marketpl,SB,0.05,0.67,37.2
7/26/2025 13:00,delwebb_to_marketpl,SB,0.12,0.75,33.8
7/26/2025 14:00,delwebb_to_marketpl,SB,0.08,0.69,36.3
7/26/2025 15:00,delwebb_to_marketpl,SB,0.05,0.69,36.1
7/26/2025 16:00,delwebb_to_marketpl,SB,0.17,0.81,31.8
7/26/2025 17:00,delwebb_to_marketpl,SB,0.11,0.69,37.1
7/26/2025 18:00,delwebb_to_marketpl,SB,0.09,0.73,34.2
7/26/2025 19:00,delwebb_to_marketpl,SB,0.1,0.7,36.1
7/26/2025 20:00,delwebb_to_marketpl,SB,0.09,0.67,37
7/26/2025 21:00,delwebb_to_marketpl,SB,0.06,0.68,36.8
7/26/2025 22:00,delwebb_to_marketpl,SB,0.02,0.64,39.4
7/26/2025 23:00,delwebb_to_marketpl,SB,0.01,0.62,40.4
7/27/2025 0:00,delwebb_to_marketpl,SB,0,0.58,43.5
7/27/2025 1:00,delwebb_to_marketpl,SB,0,0.57,43.7
7/27/2025 2:00,delwebb_to_marketpl,SB,0.01,0.62,40.4
7/27/2025 3:00,delwebb_to_marketpl,SB,0.01,0.54,46.8
7/27/2025 4:00,delwebb_to_marketpl,SB,0.03,0.66,37.8
7/27/2025 5:00,delwebb_to_marketpl,SB,0,0.53,46.6
7/27/2025 6:00,delwebb_to_marketpl,SB,0.03,0.62,41
7/27/2025 7:00,delwebb_to_marketpl,SB,0.1,0.75,33.5
7/27/2025 8:00,delwebb_to_marketpl,SB,0.08,0.65,39.5
7/27/2025 9:00,delwebb_to_marketpl,SB,0.03,0.63,40
7/27/2025 10:00,delwebb_to_marketpl,SB,0.03,0.59,42.6
7/27/2025 11:00,delwebb_to_marketpl,SB,0.12,0.69,37.2
7/27/2025 12:00,delwebb_to_marketpl,SB,0.07,0.69,36.3
7/27/2025 13:00,delwebb_to_marketpl,SB,0.26,0.91,28.9
7/27/2025 14:00,delwebb_to_marketpl,SB,0.07,0.68,37.1
7/27/2025 15:00,delwebb_to_marketpl,SB,0.04,0.63,39.8
7/27/2025 16:00,delwebb_to_marketpl,SB,0.07,0.66,38.2
7/27/2025 17:00,delwebb_to_marketpl,SB,0.02,0.59,42.3
7/27/2025 18:00,delwebb_to_marketpl,SB,0.12,0.76,33.7
7/27/2025 19:00,delwebb_to_marketpl,SB,0.12,0.71,35.6
7/27/2025 20:00,delwebb_to_marketpl,SB,0.01,0.63,39.7
7/27/2025 21:00,delwebb_to_marketpl,SB,0.01,0.6,41.2
7/27/2025 22:00,delwebb_to_marketpl,SB,0.02,0.61,41.1
7/27/2025 23:00,delwebb_to_marketpl,SB,0.01,0.57,43.5
7/28/2025 0:00,delwebb_to_marketpl,SB,0.03,0.6,42.4
7/28/2025 1:00,delwebb_to_marketpl,SB,0.1,0.7,37.2
7/28/2025 2:00,delwebb_to_marketpl,SB,0,0.57,44.2
7/28/2025 3:00,delwebb_to_marketpl,SB,0,0.58,42.7
7/28/2025 4:00,delwebb_to_marketpl,SB,0.13,0.7,37.7
7/28/2025 5:00,delwebb_to_marketpl,SB,0,0.56,44.4
7/28/2025 6:00,delwebb_to_marketpl,SB,0.01,0.56,44.8
7/28/2025 7:00,delwebb_to_marketpl,SB,0.06,0.64,38.8
7/28/2025 8:00,delwebb_to_marketpl,SB,0.18,0.81,31.6
7/28/2025 9:00,delwebb_to_marketpl,SB,0.15,0.81,31
7/28/2025 10:00,delwebb_to_marketpl,SB,0.16,0.77,32.8
7/28/2025 11:00,delwebb_to_marketpl,SB,0.23,0.88,28.4
7/28/2025 12:00,delwebb_to_marketpl,SB,0.15,0.76,33.2
7/28/2025 13:00,delwebb_to_marketpl,SB,0.34,0.99,25.2
7/28/2025 14:00,delwebb_to_marketpl,SB,0.18,0.79,32.2
7/28/2025 15:00,delwebb_to_marketpl,SB,0.18,0.78,32
7/28/2025 16:00,delwebb_to_marketpl,SB,0.04,0.65,38.5
7/28/2025 17:00,delwebb_to_marketpl,SB,0.17,0.77,32.9
7/28/2025 18:00,delwebb_to_marketpl,SB,0.14,0.75,33.7
7/28/2025 19:00,delwebb_to_marketpl,SB,0.08,0.67,37.9
7/28/2025 20:00,delwebb_to_marketpl,SB,0.08,0.69,36.7
7/28/2025 21:00,delwebb_to_marketpl,SB,0.06,0.66,38.4
7/28/2025 22:00,delwebb_to_marketpl,SB,0.08,0.68,37.9
7/28/2025 23:00,delwebb_to_marketpl,SB,0,0.55,45.3
7/29/2025 0:00,delwebb_to_marketpl,SB,0,0.57,43.9
7/29/2025 1:00,delwebb_to_marketpl,SB,0,0.58,42.7
7/29/2025 2:00,delwebb_to_marketpl,SB,0,0.57,43.5
7/29/2025 3:00,delwebb_to_marketpl,SB,0,0.56,44
7/29/2025 4:00,delwebb_to_marketpl,SB,0.01,0.59,42.7
7/29/2025 5:00,delwebb_to_marketpl,SB,0.01,0.58,43.9
7/29/2025 6:00,delwebb_to_marketpl,SB,0.01,0.6,41.4
7/29/2025 7:00,delwebb_to_marketpl,SB,0.05,0.67,37.1
7/29/2025 8:00,delwebb_to_marketpl,SB,0.19,0.81,31.4
7/29/2025 9:00,delwebb_to_marketpl,SB,0.07,0.68,36.7
7/29/2025 10:00,delwebb_to_marketpl,SB,0.15,0.78,32.4
7/29/2025 11:00,delwebb_to_marketpl,SB,0.13,0.77,32.5
7/29/2025 12:00,delwebb_to_marketpl,SB,0.12,0.76,32.8
7/29/2025 13:00,delwebb_to_marketpl,SB,0.24,0.87,29.2
7/29/2025 14:00,delwebb_to_marketpl,SB,0.21,0.85,29.5
7/29/2025 15:00,delwebb_to_marketpl,SB,0.12,0.76,33.5
7/29/2025 16:00,delwebb_to_marketpl,SB,0.14,0.77,33
7/29/2025 17:00,delwebb_to_marketpl,SB,0.15,0.78,32.9
7/29/2025 18:00,delwebb_to_marketpl,SB,0.06,0.69,36.4
7/29/2025 19:00,delwebb_to_marketpl,SB,0.17,0.77,34.6
7/29/2025 20:00,delwebb_to_marketpl,SB,0.06,0.68,36.8
7/29/2025 21:00,delwebb_to_marketpl,SB,0.01,0.58,43
7/29/2025 22:00,delwebb_to_marketpl,SB,0.01,0.62,40.3
7/29/2025 23:00,delwebb_to_marketpl,SB,0.02,0.64,38.7
7/30/2025 0:00,delwebb_to_marketpl,SB,0.01,0.6,41.7
7/30/2025 1:00,delwebb_to_marketpl,SB,0,0.56,44.3
7/30/2025 2:00,delwebb_to_marketpl,SB,0,0.56,44
7/30/2025 3:00,delwebb_to_marketpl,SB,0,0.56,44
7/30/2025 4:00,delwebb_to_marketpl,SB,0,0.53,46.9
7/30/2025 5:00,delwebb_to_marketpl,SB,0.01,0.59,42.6
7/30/2025 6:00,delwebb_to_marketpl,SB,0.03,0.62,40.4
7/30/2025 7:00,delwebb_to_marketpl,SB,0.04,0.65,38.1
7/30/2025 8:00,delwebb_to_marketpl,SB,0.01,0.61,40.6
7/30/2025 9:00,delwebb_to_marketpl,SB,0.17,0.82,30.9
7/30/2025 10:00,delwebb_to_marketpl,SB,0.17,0.8,31.6
7/30/2025 11:00,delwebb_to_marketpl,SB,0.15,0.79,31.8
7/30/2025 12:00,delwebb_to_marketpl,SB,0.15,0.77,33.4
7/30/2025 13:00,delwebb_to_marketpl,SB,0.11,0.73,34.5
7/30/2025 14:00,delwebb_to_marketpl,SB,0.21,0.84,30.3
7/30/2025 15:00,delwebb_to_marketpl,SB,0.23,0.84,30.2
7/30/2025 16:00,delwebb_to_marketpl,SB,0.2,0.83,29.9
7/30/2025 17:00,delwebb_to_marketpl,SB,0.1,0.71,35.8
7/30/2025 18:00,delwebb_to_marketpl,SB,0.1,0.71,35.7
7/30/2025 19:00,delwebb_to_marketpl,SB,0.07,0.7,35.5
7/30/2025 20:00,delwebb_to_marketpl,SB,0.05,0.66,37.8
7/30/2025 21:00,delwebb_to_marketpl,SB,0.02,0.6,41.4
7/30/2025 22:00,delwebb_to_marketpl,SB,0.04,0.66,38.2
7/30/2025 23:00,delwebb_to_marketpl,SB,0,0.56,44.5
7/31/2025 0:00,delwebb_to_marketpl,SB,0.01,0.56,45.6
7/31/2025 1:00,delwebb_to_marketpl,SB,0.05,0.68,37.2
7/31/2025 2:00,delwebb_to_marketpl,SB,0,0.56,44
7/31/2025 3:00,delwebb_to_marketpl,SB,0,0.53,47.4
7/31/2025 4:00,delwebb_to_marketpl,SB,0,0.57,43.4
7/31/2025 5:00,delwebb_to_marketpl,SB,0,0.57,43.6
7/31/2025 6:00,delwebb_to_marketpl,SB,0.02,0.56,44.6
7/31/2025 7:00,delwebb_to_marketpl,SB,0.05,0.64,39.1
7/31/2025 8:00,delwebb_to_marketpl,SB,0.07,0.69,36.5
7/31/2025 9:00,delwebb_to_marketpl,SB,0.07,0.67,37.2
7/31/2025 10:00,delwebb_to_marketpl,SB,0.17,0.79,32.2
7/31/2025 11:00,delwebb_to_marketpl,SB,0.11,0.75,33.1
7/31/2025 12:00,delwebb_to_marketpl,SB,0.21,0.85,29.9
7/31/2025 13:00,delwebb_to_marketpl,SB,0.13,0.77,32.6
7/31/2025 14:00,delwebb_to_marketpl,SB,0.2,0.84,30.5
7/31/2025 15:00,delwebb_to_marketpl,SB,0.08,0.69,36.6
7/31/2025 16:00,delwebb_to_marketpl,SB,0.18,0.82,31.1
7/31/2025 17:00,delwebb_to_marketpl,SB,0.14,0.76,33.2
7/31/2025 18:00,delwebb_to_marketpl,SB,0.07,0.7,36.2
7/31/2025 19:00,delwebb_to_marketpl,SB,0.1,0.71,35.1
7/31/2025 20:00,delwebb_to_marketpl,SB,0.05,0.68,36.8
7/31/2025 21:00,delwebb_to_marketpl,SB,0.02,0.62,40
7/31/2025 22:00,delwebb_to_marketpl,SB,0.08,0.72,35.2
7/31/2025 23:00,delwebb_to_marketpl,SB,0.06,0.68,37.5
8/1/2025 0:00,delwebb_to_marketpl,SB,0,0.58,43.1
8/1/2025 1:00,delwebb_to_marketpl,SB,0,0.6,41.9
8/1/2025 2:00,delwebb_to_marketpl,SB,0.02,0.62,40.5
8/1/2025 3:00,delwebb_to_marketpl,SB,0,0.54,46
8/1/2025 4:00,delwebb_to_marketpl,SB,0,0.55,45
8/1/2025 5:00,delwebb_to_marketpl,SB,0,0.59,42.4
8/1/2025 6:00,delwebb_to_marketpl,SB,0.03,0.62,40
8/1/2025 7:00,delwebb_to_marketpl,SB,0.05,0.64,39.4
8/1/2025 8:00,delwebb_to_marketpl,SB,0.11,0.73,34
8/1/2025 9:00,delwebb_to_marketpl,SB,0.1,0.72,35.3
8/1/2025 10:00,delwebb_to_marketpl,SB,0.1,0.74,33.8
8/1/2025 11:00,delwebb_to_marketpl,SB,0.18,0.83,30.1
8/1/2025 12:00,delwebb_to_marketpl,SB,0.17,0.79,32.4
8/1/2025 13:00,delwebb_to_marketpl,SB,0.14,0.78,32.3
8/1/2025 14:00,delwebb_to_marketpl,SB,0.22,0.86,29.1
8/1/2025 15:00,delwebb_to_marketpl,SB,0.21,0.85,30.5
8/1/2025 16:00,delwebb_to_marketpl,SB,0.23,0.85,29.8
8/1/2025 17:00,delwebb_to_marketpl,SB,0.22,0.83,30
8/1/2025 18:00,delwebb_to_marketpl,SB,0.09,0.67,38
8/1/2025 19:00,delwebb_to_marketpl,SB,0.05,0.62,40.4
8/1/2025 20:00,delwebb_to_marketpl,SB,0.07,0.71,35.2
8/1/2025 21:00,delwebb_to_marketpl,SB,0.01,0.59,42
8/1/2025 22:00,delwebb_to_marketpl,SB,0.03,0.65,38.8
8/1/2025 23:00,delwebb_to_marketpl,SB,0,0.58,42.7
8/2/2025 0:00,delwebb_to_marketpl,SB,0,0.55,45.3
8/2/2025 1:00,delwebb_to_marketpl,SB,0,0.57,43.5
8/2/2025 2:00,delwebb_to_marketpl,SB,0,0.58,42.9
8/2/2025 3:00,delwebb_to_marketpl,SB,0,0.59,42.5
8/2/2025 4:00,delwebb_to_marketpl,SB,0.01,0.57,43.7
8/2/2025 5:00,delwebb_to_marketpl,SB,0,0.57,43.8
8/2/2025 6:00,delwebb_to_marketpl,SB,0.01,0.62,40.2
8/2/2025 7:00,delwebb_to_marketpl,SB,0.04,0.65,38.2
8/2/2025 8:00,delwebb_to_marketpl,SB,0.09,0.73,34.5
8/2/2025 9:00,delwebb_to_marketpl,SB,0.09,0.71,35.6
8/2/2025 10:00,delwebb_to_marketpl,SB,0.06,0.66,37.6
8/2/2025 11:00,delwebb_to_marketpl,SB,0.11,0.76,33.3
8/2/2025 12:00,delwebb_to_marketpl,SB,0.2,0.82,30.7
8/2/2025 13:00,delwebb_to_marketpl,SB,0.13,0.75,33.5
8/2/2025 14:00,delwebb_to_marketpl,SB,0.07,0.68,37
8/2/2025 15:00,delwebb_to_marketpl,SB,0.14,0.76,33.2
8/2/2025 16:00,delwebb_to_marketpl,SB,0.11,0.73,34.6
8/2/2025 17:00,delwebb_to_marketpl,SB,0.04,0.66,37.9
8/2/2025 18:00,delwebb_to_marketpl,SB,0.07,0.69,36.3
8/2/2025 19:00,delwebb_to_marketpl,SB,0.08,0.71,35.2
8/2/2025 20:00,delwebb_to_marketpl,SB,0.18,0.83,30.4
8/2/2025 21:00,delwebb_to_marketpl,SB,0.06,0.65,38.5
8/2/2025 22:00,delwebb_to_marketpl,SB,0.06,0.66,38
8/2/2025 23:00,delwebb_to_marketpl,SB,0.01,0.62,40.4
8/3/2025 0:00,delwebb_to_marketpl,SB,0,0.6,41.4
8/3/2025 1:00,delwebb_to_marketpl,SB,0,0.58,44
8/3/2025 2:00,delwebb_to_marketpl,SB,0,0.54,47.2
8/3/2025 3:00,delwebb_to_marketpl,SB,0,0.57,43.8
8/3/2025 4:00,delwebb_to_marketpl,SB,0.02,0.61,41.3
8/3/2025 5:00,delwebb_to_marketpl,SB,0,0.56,44.1
8/3/2025 6:00,delwebb_to_marketpl,SB,0,0.57,43.6
8/3/2025 7:00,delwebb_to_marketpl,SB,0.06,0.68,37.2
8/3/2025 8:00,delwebb_to_marketpl,SB,0.07,0.69,36.8
8/3/2025 9:00,delwebb_to_marketpl,SB,0.09,0.73,34.9
8/3/2025 10:00,delwebb_to_marketpl,SB,0.09,0.68,37.3
8/3/2025 11:00,delwebb_to_marketpl,SB,0.11,0.74,34.2
8/3/2025 12:00,delwebb_to_marketpl,SB,0.07,0.7,36.1
8/3/2025 13:00,delwebb_to_marketpl,SB,0.1,0.74,33.8
8/3/2025 14:00,delwebb_to_marketpl,SB,0.14,0.74,34.5
8/3/2025 15:00,delwebb_to_marketpl,SB,0.19,0.84,30.1
8/3/2025 16:00,delwebb_to_marketpl,SB,0.09,0.69,37.3
8/3/2025 17:00,delwebb_to_marketpl,SB,0.03,0.61,41.7
8/3/2025 18:00,delwebb_to_marketpl,SB,0.05,0.62,40.6
8/3/2025 19:00,delwebb_to_marketpl,SB,0.03,0.62,40.2
8/3/2025 20:00,delwebb_to_marketpl,SB,0.03,0.61,40.7
8/3/2025 21:00,delwebb_to_marketpl,SB,0.05,0.62,40.4
8/3/2025 22:00,delwebb_to_marketpl,SB,0.01,0.54,46.1
8/3/2025 23:00,delwebb_to_marketpl,SB,0,0.56,44.6
8/4/2025 0:00,delwebb_to_marketpl,SB,0,0.56,44
8/4/2025 1:00,delwebb_to_marketpl,SB,0,0.56,44
8/4/2025 2:00,delwebb_to_marketpl,SB,0,0.56,44
8/4/2025 3:00,delwebb_to_marketpl,SB,0,0.56,44
8/4/2025 4:00,delwebb_to_marketpl,SB,0.03,0.62,40.8
8/4/2025 5:00,delwebb_to_marketpl,SB,0,0.53,46.6
8/4/2025 6:00,delwebb_to_marketpl,SB,0.02,0.61,41.3
8/4/2025 7:00,delwebb_to_marketpl,SB,0.06,0.65,39.5
8/4/2025 8:00,delwebb_to_marketpl,SB,0.06,0.66,37.9
8/4/2025 9:00,delwebb_to_marketpl,SB,0.12,0.73,35
8/4/2025 10:00,delwebb_to_marketpl,SB,0.14,0.76,34.1
8/4/2025 11:00,delwebb_to_marketpl,SB,0.18,0.82,30.4
8/4/2025 12:00,delwebb_to_marketpl,SB,0.14,0.78,32.4
8/4/2025 13:00,delwebb_to_marketpl,SB,0.31,0.95,27.1
8/4/2025 14:00,delwebb_to_marketpl,SB,0.19,0.82,30.6
8/4/2025 15:00,delwebb_to_marketpl,SB,0.12,0.74,33.9
8/4/2025 16:00,delwebb_to_marketpl,SB,0.15,0.76,33.6
8/4/2025 17:00,delwebb_to_marketpl,SB,0.11,0.75,33.7
8/4/2025 18:00,delwebb_to_marketpl,SB,0.11,0.74,34.3
8/4/2025 19:00,delwebb_to_marketpl,SB,0.07,0.65,39.1
8/4/2025 20:00,delwebb_to_marketpl,SB,0.05,0.67,37.7
8/4/2025 21:00,delwebb_to_marketpl,SB,0.09,0.72,35.3
8/4/2025 22:00,delwebb_to_marketpl,SB,0.01,0.53,47.6
8/4/2025 23:00,delwebb_to_marketpl,SB,0.02,0.61,41.4
8/5/2025 0:00,delwebb_to_marketpl,SB,0,0.56,44
8/5/2025 1:00,delwebb_to_marketpl,SB,0.01,0.55,45.2
8/5/2025 2:00,delwebb_to_marketpl,SB,0,0.56,44
8/5/2025 3:00,delwebb_to_marketpl,SB,0,0.56,44
8/5/2025 4:00,delwebb_to_marketpl,SB,0.02,0.6,41.7
8/5/2025 5:00,delwebb_to_marketpl,SB,0.01,0.54,46.1
8/5/2025 6:00,delwebb_to_marketpl,SB,0.02,0.59,42.2
8/5/2025 7:00,delwebb_to_marketpl,SB,0.08,0.7,35.6
8/5/2025 8:00,delwebb_to_marketpl,SB,0.05,0.63,39.4
8/5/2025 9:00,delwebb_to_marketpl,SB,0.11,0.73,34.3
8/5/2025 10:00,delwebb_to_marketpl,SB,0.14,0.78,32.4
8/5/2025 11:00,delwebb_to_marketpl,SB,0.17,0.81,31
8/5/2025 12:00,delwebb_to_marketpl,SB,0.14,0.77,32.6
8/5/2025 13:00,delwebb_to_marketpl,SB,0.15,0.79,32
8/5/2025 14:00,delwebb_to_marketpl,SB,0.1,0.7,36
8/5/2025 15:00,delwebb_to_marketpl,SB,0.11,0.74,33.6
8/5/2025 16:00,delwebb_to_marketpl,SB,0.13,0.74,33.9
8/5/2025 17:00,delwebb_to_marketpl,SB,0.13,0.78,32
8/5/2025 18:00,delwebb_to_marketpl,SB,0.11,0.7,35.6
8/5/2025 19:00,delwebb_to_marketpl,SB,0.13,0.77,32.5
8/5/2025 20:00,delwebb_to_marketpl,SB,0.15,0.77,33.2
8/5/2025 21:00,delwebb_to_marketpl,SB,0.01,0.6,41.5
8/5/2025 22:00,delwebb_to_marketpl,SB,0.03,0.63,39.9
8/5/2025 23:00,delwebb_to_marketpl,SB,0.03,0.65,38.8
8/6/2025 0:00,delwebb_to_marketpl,SB,0,0.56,44.5
8/6/2025 1:00,delwebb_to_marketpl,SB,0,0.56,44
8/6/2025 2:00,delwebb_to_marketpl,SB,0,0.56,44
8/6/2025 3:00,delwebb_to_marketpl,SB,0,0.56,44
8/6/2025 4:00,delwebb_to_marketpl,SB,0.06,0.64,40.1
8/6/2025 5:00,delwebb_to_marketpl,SB,0,0.6,41.2
8/6/2025 6:00,delwebb_to_marketpl,SB,0.05,0.66,38.8
8/6/2025 7:00,delwebb_to_marketpl,SB,0.1,0.67,38.1
8/6/2025 8:00,delwebb_to_marketpl,SB,0.05,0.66,38
8/6/2025 9:00,delwebb_to_marketpl,SB,0.18,0.83,30.7
8/6/2025 10:00,delwebb_to_marketpl,SB,0.12,0.76,33
8/6/2025 11:00,delwebb_to_marketpl,SB,0.16,0.79,31.8
8/6/2025 12:00,delwebb_to_marketpl,SB,0.14,0.77,32.7
8/6/2025 13:00,delwebb_to_marketpl,SB,0.15,0.79,31.8
8/6/2025 14:00,delwebb_to_marketpl,SB,0.11,0.75,33.4
8/6/2025 15:00,delwebb_to_marketpl,SB,0.17,0.79,31.9
8/6/2025 16:00,delwebb_to_marketpl,SB,0.09,0.71,35.1
8/6/2025 17:00,delwebb_to_marketpl,SB,0.1,0.7,35.5
8/6/2025 18:00,delwebb_to_marketpl,SB,0.03,0.61,40.7
8/6/2025 19:00,delwebb_to_marketpl,SB,0.01,0.58,43
8/6/2025 20:00,delwebb_to_marketpl,SB,0.05,0.63,39.2
8/6/2025 21:00,delwebb_to_marketpl,SB,0.07,0.69,36.3
8/6/2025 22:00,delwebb_to_marketpl,SB,0.04,0.67,37.4
8/6/2025 23:00,delwebb_to_marketpl,SB,0,0.54,45.9
8/7/2025 0:00,delwebb_to_marketpl,SB,0.14,0.75,35.6
8/7/2025 1:00,delwebb_to_marketpl,SB,0,0.56,44.4
8/7/2025 2:00,delwebb_to_marketpl,SB,0,0.56,44.1
8/7/2025 3:00,delwebb_to_marketpl,SB,0,0.56,44
8/7/2025 4:00,delwebb_to_marketpl,SB,0.03,0.64,39
8/7/2025 5:00,delwebb_to_marketpl,SB,0.01,0.6,41.7
8/7/2025 6:00,delwebb_to_marketpl,SB,0.03,0.59,42.5
8/7/2025 7:00,delwebb_to_marketpl,SB,0.05,0.64,38.9
8/7/2025 8:00,delwebb_to_marketpl,SB,0.16,0.79,32.2
8/7/2025 9:00,delwebb_to_marketpl,SB,0.1,0.7,35.6
8/7/2025 10:00,delwebb_to_marketpl,SB,0.14,0.76,33
8/7/2025 11:00,delwebb_to_marketpl,SB,0.09,0.67,37.6
8/7/2025 12:00,delwebb_to_marketpl,SB,0.15,0.76,33.1
8/7/2025 13:00,delwebb_to_marketpl,SB,0.23,0.89,28.3
8/7/2025 14:00,delwebb_to_marketpl,SB,0.1,0.72,34.7
8/7/2025 15:00,delwebb_to_marketpl,SB,0.24,0.85,29.7
8/7/2025 16:00,delwebb_to_marketpl,SB,0.09,0.7,35.8
8/7/2025 17:00,delwebb_to_marketpl,SB,0.14,0.75,33.5
8/7/2025 18:00,delwebb_to_marketpl,SB,0.12,0.73,34.5
8/7/2025 19:00,delwebb_to_marketpl,SB,0.11,0.75,33.5
8/7/2025 20:00,delwebb_to_marketpl,SB,0.02,0.64,39.1
8/7/2025 21:00,delwebb_to_marketpl,SB,0,0.56,44.6
8/7/2025 22:00,delwebb_to_marketpl,SB,0.01,0.57,45
8/7/2025 23:00,delwebb_to_marketpl,SB,0.01,0.59,42.3
8/8/2025 0:00,delwebb_to_marketpl,SB,0,0.55,45.6
8/8/2025 1:00,delwebb_to_marketpl,SB,0,0.55,45.3
8/8/2025 2:00,delwebb_to_marketpl,SB,0,0.55,45
8/8/2025 3:00,delwebb_to_marketpl,SB,0,0.56,44
8/8/2025 4:00,delwebb_to_marketpl,SB,0.04,0.63,40.8
8/8/2025 5:00,delwebb_to_marketpl,SB,0.01,0.51,48.6
8/8/2025 6:00,delwebb_to_marketpl,SB,0.04,0.6,42.4
8/8/2025 7:00,delwebb_to_marketpl,SB,0.1,0.7,35.5
8/8/2025 8:00,delwebb_to_marketpl,SB,0.09,0.73,34.5
8/8/2025 9:00,delwebb_to_marketpl,SB,0.13,0.76,32.8
8/8/2025 10:00,delwebb_to_marketpl,SB,0.22,0.87,29.6
8/8/2025 11:00,delwebb_to_marketpl,SB,0.31,0.96,26.2
8/8/2025 12:00,delwebb_to_marketpl,SB,0.2,0.82,31
8/8/2025 13:00,delwebb_to_marketpl,SB,0.18,0.83,30.4
8/8/2025 14:00,delwebb_to_marketpl,SB,0.19,0.8,31.1
8/8/2025 15:00,delwebb_to_marketpl,SB,0.2,0.79,32
8/8/2025 16:00,delwebb_to_marketpl,SB,0.13,0.75,33.6
8/8/2025 17:00,delwebb_to_marketpl,SB,0.17,0.77,33.7
8/8/2025 18:00,delwebb_to_marketpl,SB,0.07,0.67,37.4
8/8/2025 19:00,delwebb_to_marketpl,SB,0.05,0.63,40.7
8/8/2025 20:00,delwebb_to_marketpl,SB,0.08,0.73,34.5
8/8/2025 21:00,delwebb_to_marketpl,SB,0.07,0.67,37.6
8/8/2025 22:00,delwebb_to_marketpl,SB,0.15,0.73,34.6
8/8/2025 23:00,delwebb_to_marketpl,SB,0,0.58,43.2
8/9/2025 0:00,delwebb_to_marketpl,SB,0,0.57,43.7
8/9/2025 1:00,delwebb_to_marketpl,SB,0,0.6,41.7
8/9/2025 2:00,delwebb_to_marketpl,SB,0,0.55,45.1
8/9/2025 3:00,delwebb_to_marketpl,SB,0,0.56,44
8/9/2025 4:00,delwebb_to_marketpl,SB,0.06,0.66,39.1
8/9/2025 5:00,delwebb_to_marketpl,SB,0,0.53,47.4
8/9/2025 6:00,delwebb_to_marketpl,SB,0,0.53,46.7
8/9/2025 7:00,delwebb_to_marketpl,SB,0.03,0.64,38.9
8/9/2025 8:00,delwebb_to_marketpl,SB,0.08,0.7,36
8/9/2025 9:00,delwebb_to_marketpl,SB,0.15,0.77,32.9
8/9/2025 10:00,delwebb_to_marketpl,SB,0.03,0.6,41.7
8/9/2025 11:00,delwebb_to_marketpl,SB,0.09,0.73,34.7
8/9/2025 12:00,delwebb_to_marketpl,SB,0.14,0.79,31.9
8/9/2025 13:00,delwebb_to_marketpl,SB,0.17,0.83,30
8/9/2025 14:00,delwebb_to_marketpl,SB,0.08,0.7,36.1
8/9/2025 15:00,delwebb_to_marketpl,SB,0.11,0.72,35.1
8/9/2025 16:00,delwebb_to_marketpl,SB,0.08,0.71,35.2
8/9/2025 17:00,delwebb_to_marketpl,SB,0.06,0.69,36.3
8/9/2025 18:00,delwebb_to_marketpl,SB,0.11,0.72,34.6
8/9/2025 19:00,delwebb_to_marketpl,SB,0.03,0.63,39.7
8/9/2025 20:00,delwebb_to_marketpl,SB,0.09,0.7,35.8
8/9/2025 21:00,delwebb_to_marketpl,SB,0.13,0.77,32.5
8/9/2025 22:00,delwebb_to_marketpl,SB,0.03,0.63,40.3
8/9/2025 23:00,delwebb_to_marketpl,SB,0.03,0.64,39.5
8/10/2025 0:00,delwebb_to_marketpl,SB,0.01,0.57,43.3
8/10/2025 1:00,delwebb_to_marketpl,SB,0.04,0.64,39.6
8/10/2025 2:00,delwebb_to_marketpl,SB,0,0.56,44
8/10/2025 3:00,delwebb_to_marketpl,SB,0,0.56,44
8/10/2025 4:00,delwebb_to_marketpl,SB,0,0.56,44.7
8/10/2025 5:00,delwebb_to_marketpl,SB,0,0.59,42.6
8/10/2025 6:00,delwebb_to_marketpl,SB,0.01,0.6,41.8
8/10/2025 7:00,delwebb_to_marketpl,SB,0.01,0.59,43
8/10/2025 8:00,delwebb_to_marketpl,SB,0.03,0.64,38.9
8/10/2025 9:00,delwebb_to_marketpl,SB,0.01,0.58,42.8
8/10/2025 10:00,delwebb_to_marketpl,SB,0.02,0.63,39.6
8/10/2025 11:00,delwebb_to_marketpl,SB,0.1,0.71,35.2
8/10/2025 12:00,delwebb_to_marketpl,SB,0.12,0.77,32.6
8/10/2025 13:00,delwebb_to_marketpl,SB,0.22,0.87,30.1
8/10/2025 14:00,delwebb_to_marketpl,SB,0.03,0.62,40.5
8/10/2025 15:00,delwebb_to_marketpl,SB,0.11,0.72,35
8/10/2025 16:00,delwebb_to_marketpl,SB,0.14,0.77,32.4
8/10/2025 17:00,delwebb_to_marketpl,SB,0.04,0.67,37.5
8/10/2025 18:00,delwebb_to_marketpl,SB,0.1,0.71,35.4
8/10/2025 19:00,delwebb_to_marketpl,SB,0.05,0.67,38.1
8/10/2025 20:00,delwebb_to_marketpl,SB,0.01,0.6,41.8
8/10/2025 21:00,delwebb_to_marketpl,SB,0.21,0.82,33.8
8/10/2025 22:00,delwebb_to_marketpl,SB,0.07,0.63,42.9
8/10/2025 23:00,delwebb_to_marketpl,SB,0.23,0.84,34.1
8/11/2025 0:00,delwebb_to_marketpl,SB,0.11,0.75,33.9
8/11/2025 1:00,delwebb_to_marketpl,SB,0,0.57,43.4
8/11/2025 2:00,delwebb_to_marketpl,SB,0,0.56,44
8/11/2025 3:00,delwebb_to_marketpl,SB,0,0.59,42.5
8/11/2025 4:00,delwebb_to_marketpl,SB,0.03,0.63,39.8
8/11/2025 5:00,delwebb_to_marketpl,SB,0.03,0.6,42.6
8/11/2025 6:00,delwebb_to_marketpl,SB,0.03,0.62,40.3
8/11/2025 7:00,delwebb_to_marketpl,SB,0.02,0.61,41.2
8/11/2025 8:00,delwebb_to_marketpl,SB,0.09,0.73,34.8
8/11/2025 9:00,delwebb_to_marketpl,SB,0.08,0.71,35.7
8/11/2025 10:00,delwebb_to_marketpl,SB,0.21,0.86,29.4
8/11/2025 11:00,delwebb_to_marketpl,SB,0.23,0.84,30
8/11/2025 12:00,delwebb_to_marketpl,SB,0.11,0.73,34.3
8/11/2025 13:00,delwebb_to_marketpl,SB,0.16,0.79,31.5
8/11/2025 14:00,delwebb_to_marketpl,SB,0.15,0.79,31.5
8/11/2025 15:00,delwebb_to_marketpl,SB,0.11,0.75,33.9
8/11/2025 16:00,delwebb_to_marketpl,SB,0.14,0.77,32.5
8/11/2025 17:00,delwebb_to_marketpl,SB,0.12,0.72,34.9
8/11/2025 18:00,delwebb_to_marketpl,SB,0.08,0.66,38.2
8/11/2025 19:00,delwebb_to_marketpl,SB,0.09,0.72,34.6
8/11/2025 20:00,delwebb_to_marketpl,SB,0.09,0.73,34.2
8/11/2025 21:00,delwebb_to_marketpl,SB,0.06,0.66,38.1
8/11/2025 22:00,delwebb_to_marketpl,SB,0,0.55,45.5
8/11/2025 23:00,delwebb_to_marketpl,SB,0,0.56,44.7
8/12/2025 0:00,delwebb_to_marketpl,SB,0,0.56,44.3
8/12/2025 1:00,delwebb_to_marketpl,SB,0,0.56,44
8/12/2025 2:00,delwebb_to_marketpl,SB,0,0.56,44
8/12/2025 3:00,delwebb_to_marketpl,SB,0,0.57,43.8
8/12/2025 4:00,delwebb_to_marketpl,SB,0.02,0.61,41.1
8/12/2025 5:00,delwebb_to_marketpl,SB,0,0.55,46.1
8/12/2025 6:00,delwebb_to_marketpl,SB,0.06,0.66,37.9
8/12/2025 7:00,delwebb_to_marketpl,SB,0.03,0.59,42.6
8/12/2025 8:00,delwebb_to_marketpl,SB,0.12,0.72,35.4
8/12/2025 9:00,delwebb_to_marketpl,SB,0.08,0.71,35.6
8/12/2025 10:00,delwebb_to_marketpl,SB,0.1,0.71,35.4
8/12/2025 11:00,delwebb_to_marketpl,SB,0.13,0.75,33.5
8/12/2025 12:00,delwebb_to_marketpl,SB,0.2,0.84,29.8
8/12/2025 13:00,delwebb_to_marketpl,SB,0.14,0.75,34.3
8/12/2025 14:00,delwebb_to_marketpl,SB,0.19,0.83,30.5
8/12/2025 15:00,delwebb_to_marketpl,SB,0.09,0.7,35.9
8/12/2025 16:00,delwebb_to_marketpl,SB,0.1,0.69,36.2
8/12/2025 17:00,delwebb_to_marketpl,SB,0.1,0.71,36.2
8/12/2025 18:00,delwebb_to_marketpl,SB,0.06,0.63,40.4
8/12/2025 19:00,delwebb_to_marketpl,SB,0.04,0.63,39.8
8/12/2025 20:00,delwebb_to_marketpl,SB,0.07,0.71,35.7
8/12/2025 21:00,delwebb_to_marketpl,SB,0.11,0.7,35.5
8/12/2025 22:00,delwebb_to_marketpl,SB,0.08,0.67,37.9
8/12/2025 23:00,delwebb_to_marketpl,SB,0,0.57,43.6
8/13/2025 0:00,delwebb_to_marketpl,SB,0,0.55,45.2
8/13/2025 1:00,delwebb_to_marketpl,SB,0,0.57,43.4
8/13/2025 2:00,delwebb_to_marketpl,SB,0,0.56,44
8/13/2025 3:00,delwebb_to_marketpl,SB,0,0.56,44
8/13/2025 4:00,delwebb_to_marketpl,SB,0,0.56,44.4
8/13/2025 5:00,delwebb_to_marketpl,SB,0,0.56,44.9
8/13/2025 6:00,delwebb_to_marketpl,SB,0.05,0.65,38.8
8/13/2025 7:00,delwebb_to_marketpl,SB,0.08,0.71,35.3
8/13/2025 8:00,delwebb_to_marketpl,SB,0.06,0.68,36.6
8/13/2025 9:00,delwebb_to_marketpl,SB,0.06,0.7,35.7
8/13/2025 10:00,delwebb_to_marketpl,SB,0.14,0.78,32.1
8/13/2025 11:00,delwebb_to_marketpl,SB,0.1,0.72,35.1
8/13/2025 12:00,delwebb_to_marketpl,SB,0.18,0.81,31
8/13/2025 13:00,delwebb_to_marketpl,SB,0.14,0.79,31.7
8/13/2025 14:00,delwebb_to_marketpl,SB,0.16,0.79,31.9
8/13/2025 15:00,delwebb_to_marketpl,SB,0.08,0.73,34.1
8/13/2025 16:00,delwebb_to_marketpl,SB,0.14,0.77,32.9
8/13/2025 17:00,delwebb_to_marketpl,SB,0.07,0.68,36.7
8/13/2025 18:00,delwebb_to_marketpl,SB,0.11,0.73,34.1
8/13/2025 19:00,delwebb_to_marketpl,SB,0.09,0.69,36.5
8/13/2025 20:00,delwebb_to_marketpl,SB,0.04,0.62,39.9
8/13/2025 21:00,delwebb_to_marketpl,SB,0.04,0.67,37.6
8/13/2025 22:00,delwebb_to_marketpl,SB,0.03,0.65,39.3
8/13/2025 23:00,delwebb_to_marketpl,SB,0.02,0.61,40.8
8/14/2025 0:00,delwebb_to_marketpl,SB,0.05,0.62,40.8
8/14/2025 1:00,delwebb_to_marketpl,SB,0,0.56,44
8/14/2025 2:00,delwebb_to_marketpl,SB,0,0.6,41.8
8/14/2025 3:00,delwebb_to_marketpl,SB,0.02,0.61,41.3
8/14/2025 4:00,delwebb_to_marketpl,SB,0.09,0.7,36.2
8/14/2025 5:00,delwebb_to_marketpl,SB,0.01,0.57,43.7
8/14/2025 6:00,delwebb_to_marketpl,SB,0.03,0.58,44.1
8/14/2025 7:00,delwebb_to_marketpl,SB,0.07,0.66,38.2
8/14/2025 8:00,delwebb_to_marketpl,SB,0.08,0.67,39
8/14/2025 9:00,delwebb_to_marketpl,SB,0.19,0.83,30.9
8/14/2025 10:00,delwebb_to_marketpl,SB,0.1,0.7,36
8/14/2025 11:00,delwebb_to_marketpl,SB,0.26,0.89,28.7
8/14/2025 12:00,delwebb_to_marketpl,SB,0.13,0.77,32.6
8/14/2025 13:00,delwebb_to_marketpl,SB,0.13,0.78,32.3
8/14/2025 14:00,delwebb_to_marketpl,SB,0.14,0.76,33
8/14/2025 15:00,delwebb_to_marketpl,SB,0.11,0.74,34.4
8/14/2025 16:00,delwebb_to_marketpl,SB,0.08,0.7,35.6
8/14/2025 17:00,delwebb_to_marketpl,SB,0.12,0.74,34.2
8/14/2025 18:00,delwebb_to_marketpl,SB,0.05,0.6,41.4
8/14/2025 19:00,delwebb_to_marketpl,SB,0.03,0.62,40.2
8/14/2025 20:00,delwebb_to_marketpl,SB,0.12,0.75,33.3
8/14/2025 21:00,delwebb_to_marketpl,SB,0.07,0.64,38.8
8/14/2025 22:00,delwebb_to_marketpl,SB,0.08,0.71,35.8
8/14/2025 23:00,delwebb_to_marketpl,SB,0.02,0.62,40.4
8/15/2025 0:00,delwebb_to_marketpl,SB,0,0.56,44
8/15/2025 1:00,delwebb_to_marketpl,SB,0,0.57,43.7
8/15/2025 2:00,delwebb_to_marketpl,SB,0,0.57,43.8
8/15/2025 3:00,delwebb_to_marketpl,SB,0.03,0.6,42.1
8/15/2025 4:00,delwebb_to_marketpl,SB,0.03,0.6,42.3
8/15/2025 5:00,delwebb_to_marketpl,SB,0.02,0.61,41.2
8/15/2025 6:00,delwebb_to_marketpl,SB,0.01,0.58,42.7
8/15/2025 7:00,delwebb_to_marketpl,SB,0.1,0.71,35.9
8/15/2025 8:00,delwebb_to_marketpl,SB,0.03,0.64,39
8/15/2025 9:00,delwebb_to_marketpl,SB,0.26,0.91,27.5
8/15/2025 10:00,delwebb_to_marketpl,SB,0.22,0.85,29.3
8/15/2025 11:00,delwebb_to_marketpl,SB,0.18,0.81,31.1
8/15/2025 12:00,delwebb_to_marketpl,SB,0.12,0.77,32.6
8/15/2025 13:00,delwebb_to_marketpl,SB,0.12,0.74,33.8
8/15/2025 14:00,delwebb_to_marketpl,SB,0.16,0.8,31.4
8/15/2025 15:00,delwebb_to_marketpl,SB,0.1,0.75,33.4
8/15/2025 16:00,delwebb_to_marketpl,SB,0.15,0.77,32.6
8/15/2025 17:00,delwebb_to_marketpl,SB,0.16,0.78,31.9
8/15/2025 18:00,delwebb_to_marketpl,SB,0.08,0.67,37.4
8/15/2025 19:00,delwebb_to_marketpl,SB,0.08,0.67,37.4
8/15/2025 20:00,delwebb_to_marketpl,SB,0.08,0.71,35.5
8/15/2025 21:00,delwebb_to_marketpl,SB,0.07,0.7,36.1
8/15/2025 22:00,delwebb_to_marketpl,SB,0.04,0.63,39.5
8/15/2025 23:00,delwebb_to_marketpl,SB,0.02,0.57,43.7
8/16/2025 0:00,delwebb_to_marketpl,SB,0.01,0.6,41.5
8/16/2025 1:00,delwebb_to_marketpl,SB,0,0.56,44
8/16/2025 2:00,delwebb_to_marketpl,SB,0,0.56,44
8/16/2025 3:00,delwebb_to_marketpl,SB,0.02,0.6,42.5
8/16/2025 4:00,delwebb_to_marketpl,SB,0.12,0.73,36.5
8/16/2025 5:00,delwebb_to_marketpl,SB,0,0.59,42
8/16/2025 6:00,delwebb_to_marketpl,SB,0.09,0.69,37.6
8/16/2025 7:00,delwebb_to_marketpl,SB,0.03,0.63,39.9
8/16/2025 8:00,delwebb_to_marketpl,SB,0.09,0.7,35.8
8/16/2025 9:00,delwebb_to_marketpl,SB,0.06,0.66,38
8/16/2025 10:00,delwebb_to_marketpl,SB,0.12,0.72,35.6
8/16/2025 11:00,delwebb_to_marketpl,SB,0.19,0.81,31
8/16/2025 12:00,delwebb_to_marketpl,SB,0.21,0.84,31.2
8/16/2025 13:00,delwebb_to_marketpl,SB,0.06,0.65,39.5
8/16/2025 14:00,delwebb_to_marketpl,SB,0.16,0.77,32.9
8/16/2025 15:00,delwebb_to_marketpl,SB,0.06,0.65,38.9
8/16/2025 16:00,delwebb_to_marketpl,SB,0.08,0.71,35.5
8/16/2025 17:00,delwebb_to_marketpl,SB,0.07,0.71,35.6
8/16/2025 18:00,delwebb_to_marketpl,SB,0.02,0.57,44.1
8/16/2025 19:00,delwebb_to_marketpl,SB,0.09,0.68,37.8
8/16/2025 20:00,delwebb_to_marketpl,SB,0.02,0.62,40.2
8/16/2025 21:00,delwebb_to_marketpl,SB,0.04,0.68,36.8
8/16/2025 22:00,delwebb_to_marketpl,SB,0.03,0.63,39.6
8/16/2025 23:00,delwebb_to_marketpl,SB,0.1,0.73,34.5
8/17/2025 0:00,delwebb_to_marketpl,SB,0.02,0.63,39.5
8/17/2025 1:00,delwebb_to_marketpl,SB,0,0.56,44.2
8/17/2025 2:00,delwebb_to_marketpl,SB,0,0.57,43.4
8/17/2025 3:00,delwebb_to_marketpl,SB,0,0.59,42.1
8/17/2025 4:00,delwebb_to_marketpl,SB,0,0.58,43.1
8/17/2025 5:00,delwebb_to_marketpl,SB,0,0.56,44.7
8/17/2025 6:00,delwebb_to_marketpl,SB,0.01,0.6,41.4
8/17/2025 7:00,delwebb_to_marketpl,SB,0.08,0.64,39.3
8/17/2025 8:00,delwebb_to_marketpl,SB,0.02,0.62,40.5
8/17/2025 9:00,delwebb_to_marketpl,SB,0.01,0.62,40.4
8/17/2025 10:00,delwebb_to_marketpl,SB,0.07,0.67,37.6
8/17/2025 11:00,delwebb_to_marketpl,SB,0.04,0.65,38.7
8/17/2025 12:00,delwebb_to_marketpl,SB,0.06,0.67,37.5
8/17/2025 13:00,delwebb_to_marketpl,SB,0.1,0.73,34.3
8/17/2025 14:00,delwebb_to_marketpl,SB,0.08,0.71,35.2
8/17/2025 15:00,delwebb_to_marketpl,SB,0.14,0.77,32.8
8/17/2025 16:00,delwebb_to_marketpl,SB,0.14,0.79,32.3
8/17/2025 17:00,delwebb_to_marketpl,SB,0.11,0.75,33.5
8/17/2025 18:00,delwebb_to_marketpl,SB,0.05,0.66,38
8/17/2025 19:00,delwebb_to_marketpl,SB,0.06,0.65,39
8/17/2025 20:00,delwebb_to_marketpl,SB,0.07,0.67,38
8/17/2025 21:00,delwebb_to_marketpl,SB,0.08,0.67,37.4
8/17/2025 22:00,delwebb_to_marketpl,SB,0.03,0.6,41.2
8/17/2025 23:00,delwebb_to_marketpl,SB,0,0.6,41.2
8/18/2025 0:00,delwebb_to_marketpl,SB,0,0.56,44
8/18/2025 1:00,delwebb_to_marketpl,SB,0,0.56,44
8/18/2025 2:00,delwebb_to_marketpl,SB,0,0.56,44
8/18/2025 3:00,delwebb_to_marketpl,SB,0,0.56,44
8/18/2025 4:00,delwebb_to_marketpl,SB,0.06,0.68,37.5
8/18/2025 5:00,delwebb_to_marketpl,SB,0.01,0.54,46.3
8/18/2025 6:00,delwebb_to_marketpl,SB,0,0.54,45.8
8/18/2025 7:00,delwebb_to_marketpl,SB,0.05,0.62,40.4
8/18/2025 8:00,delwebb_to_marketpl,SB,0.06,0.63,39.8
8/18/2025 9:00,delwebb_to_marketpl,SB,0.11,0.74,34
8/18/2025 10:00,delwebb_to_marketpl,SB,0.09,0.72,34.8
8/18/2025 11:00,delwebb_to_marketpl,SB,0.23,0.88,29.4
8/18/2025 12:00,delwebb_to_marketpl,SB,0.25,0.91,27.7
8/18/2025 13:00,delwebb_to_marketpl,SB,0.17,0.81,31.1
8/18/2025 14:00,delwebb_to_marketpl,SB,0.15,0.78,32.5
8/18/2025 15:00,delwebb_to_marketpl,SB,0.15,0.78,32
8/18/2025 16:00,delwebb_to_marketpl,SB,0.07,0.69,36.5
8/18/2025 17:00,delwebb_to_marketpl,SB,0.13,0.74,34.6
8/18/2025 18:00,delwebb_to_marketpl,SB,0.05,0.62,40.5
8/18/2025 19:00,delwebb_to_marketpl,SB,0.04,0.64,39.3
8/18/2025 20:00,delwebb_to_marketpl,SB,0.1,0.74,33.9
8/18/2025 21:00,delwebb_to_marketpl,SB,0.19,0.82,33
8/18/2025 22:00,delwebb_to_marketpl,SB,0.04,0.59,43.9
8/18/2025 23:00,delwebb_to_marketpl,SB,0,0.56,44.5
8/19/2025 0:00,delwebb_to_marketpl,SB,0,0.61,40.8
8/19/2025 1:00,delwebb_to_marketpl,SB,0,0.56,44
8/19/2025 2:00,delwebb_to_marketpl,SB,0,0.56,44
8/19/2025 3:00,delwebb_to_marketpl,SB,0.02,0.63,40.1
8/19/2025 4:00,delwebb_to_marketpl,SB,0,0.58,43.2
8/19/2025 5:00,delwebb_to_marketpl,SB,0.01,0.6,41.7
8/19/2025 6:00,delwebb_to_marketpl,SB,0.09,0.7,36.3
8/19/2025 7:00,delwebb_to_marketpl,SB,0.06,0.69,36.4
8/19/2025 8:00,delwebb_to_marketpl,SB,0.05,0.62,40.2
8/19/2025 9:00,delwebb_to_marketpl,SB,0.24,0.89,28.8
8/19/2025 10:00,delwebb_to_marketpl,SB,0.12,0.77,32.8
8/19/2025 11:00,delwebb_to_marketpl,SB,0.08,0.7,35.7
8/19/2025 12:00,delwebb_to_marketpl,SB,0.17,0.81,30.8
8/19/2025 13:00,delwebb_to_marketpl,SB,0.25,0.87,29
8/19/2025 14:00,delwebb_to_marketpl,SB,0.14,0.75,33.4
8/19/2025 15:00,delwebb_to_marketpl,SB,0.07,0.69,36.5
8/19/2025 16:00,delwebb_to_marketpl,SB,0.15,0.77,32.3
8/19/2025 17:00,delwebb_to_marketpl,SB,0.15,0.75,33.3
8/19/2025 18:00,delwebb_to_marketpl,SB,0.13,0.72,34.7
8/19/2025 19:00,delwebb_to_marketpl,SB,0.06,0.64,38.9
8/19/2025 20:00,delwebb_to_marketpl,SB,0.08,0.72,34.7
8/19/2025 21:00,delwebb_to_marketpl,SB,0.02,0.58,43.5
8/19/2025 22:00,delwebb_to_marketpl,SB,0.06,0.59,43.1
8/19/2025 23:00,delwebb_to_marketpl,SB,0.02,0.6,41.7
8/20/2025 0:00,delwebb_to_marketpl,SB,0,0.56,44
8/20/2025 1:00,delwebb_to_marketpl,SB,0,0.56,44
8/20/2025 2:00,delwebb_to_marketpl,SB,0,0.56,44.6
8/20/2025 3:00,delwebb_to_marketpl,SB,0,0.56,44
8/20/2025 4:00,delwebb_to_marketpl,SB,0.01,0.59,42.4
8/20/2025 5:00,delwebb_to_marketpl,SB,0.01,0.59,42.9
8/20/2025 6:00,delwebb_to_marketpl,SB,0.01,0.54,46.7
8/20/2025 7:00,delwebb_to_marketpl,SB,0.06,0.63,39.5
8/20/2025 8:00,delwebb_to_marketpl,SB,0.09,0.7,36
8/20/2025 9:00,delwebb_to_marketpl,SB,0.24,0.89,28.3
8/20/2025 10:00,delwebb_to_marketpl,SB,0.22,0.87,29.8
8/20/2025 11:00,delwebb_to_marketpl,SB,0.17,0.81,30.9
8/20/2025 12:00,delwebb_to_marketpl,SB,0.14,0.77,33
8/20/2025 13:00,delwebb_to_marketpl,SB,0.17,0.79,32.1
8/20/2025 14:00,delwebb_to_marketpl,SB,0.21,0.83,30.3
8/20/2025 15:00,delwebb_to_marketpl,SB,0.21,0.83,30.3
8/20/2025 16:00,delwebb_to_marketpl,SB,0.14,0.75,33.8
8/20/2025 17:00,delwebb_to_marketpl,SB,0.12,0.76,33.5
8/20/2025 18:00,delwebb_to_marketpl,SB,0.09,0.67,38.7
8/20/2025 19:00,delwebb_to_marketpl,SB,0.05,0.66,37.7
8/20/2025 20:00,delwebb_to_marketpl,SB,0.06,0.68,36.8
8/20/2025 21:00,delwebb_to_marketpl,SB,0.08,0.68,37.4
8/20/2025 22:00,delwebb_to_marketpl,SB,0.03,0.59,43.6
8/20/2025 23:00,delwebb_to_marketpl,SB,0,0.59,42.1
8/21/2025 0:00,delwebb_to_marketpl,SB,0,0.6,41.6
8/21/2025 1:00,delwebb_to_marketpl,SB,0,0.56,44
8/21/2025 2:00,delwebb_to_marketpl,SB,0,0.56,44
8/21/2025 3:00,delwebb_to_marketpl,SB,0,0.58,43.1
8/21/2025 4:00,delwebb_to_marketpl,SB,0.02,0.64,39
8/21/2025 5:00,delwebb_to_marketpl,SB,0.01,0.6,41.7
8/21/2025 6:00,delwebb_to_marketpl,SB,0.02,0.62,40.5
8/21/2025 7:00,delwebb_to_marketpl,SB,0.03,0.59,42.2
8/21/2025 8:00,delwebb_to_marketpl,SB,0.17,0.8,31.9
8/21/2025 9:00,delwebb_to_marketpl,SB,0.11,0.74,33.6
8/21/2025 10:00,delwebb_to_marketpl,SB,0.14,0.78,32.9
8/21/2025 11:00,delwebb_to_marketpl,SB,0.12,0.73,34.3
8/21/2025 12:00,delwebb_to_marketpl,SB,0.09,0.72,34.8
8/21/2025 13:00,delwebb_to_marketpl,SB,0.17,0.81,31.2
8/21/2025 14:00,delwebb_to_marketpl,SB,0.14,0.76,33.2
8/21/2025 15:00,delwebb_to_marketpl,SB,0.16,0.8,31.3
8/21/2025 16:00,delwebb_to_marketpl,SB,0.18,0.8,31.8
8/21/2025 17:00,delwebb_to_marketpl,SB,0.13,0.71,35.3
8/21/2025 18:00,delwebb_to_marketpl,SB,0.06,0.7,36.1
8/21/2025 19:00,delwebb_to_marketpl,SB,0.14,0.77,32.8
8/21/2025 20:00,delwebb_to_marketpl,SB,0.08,0.68,37
8/21/2025 21:00,delwebb_to_marketpl,SB,0.07,0.68,37
8/21/2025 22:00,delwebb_to_marketpl,SB,0.01,0.62,40.2
8/21/2025 23:00,delwebb_to_marketpl,SB,0,0.57,44
8/22/2025 0:00,delwebb_to_marketpl,SB,0.01,0.55,45.1
8/22/2025 1:00,delwebb_to_marketpl,SB,0,0.58,42.9
8/22/2025 2:00,delwebb_to_marketpl,SB,0,0.56,44
8/22/2025 3:00,delwebb_to_marketpl,SB,0,0.58,42.9
8/22/2025 4:00,delwebb_to_marketpl,SB,0.02,0.63,39.9
8/22/2025 5:00,delwebb_to_marketpl,SB,0.02,0.6,41.7
8/22/2025 6:00,delwebb_to_marketpl,SB,0.02,0.52,48.5
8/22/2025 7:00,delwebb_to_marketpl,SB,0.1,0.69,36.8
8/22/2025 8:00,delwebb_to_marketpl,SB,0.05,0.66,38.5
8/22/2025 9:00,delwebb_to_marketpl,SB,0.21,0.84,31
8/22/2025 10:00,delwebb_to_marketpl,SB,0.2,0.85,30.1
8/22/2025 11:00,delwebb_to_marketpl,SB,0.2,0.85,29.4
8/22/2025 12:00,delwebb_to_marketpl,SB,0.22,0.87,28.8
8/22/2025 13:00,delwebb_to_marketpl,SB,0.12,0.74,33.9
8/22/2025 14:00,delwebb_to_marketpl,SB,0.21,0.83,30.5
8/22/2025 15:00,delwebb_to_marketpl,SB,0.17,0.77,32.8
8/22/2025 16:00,delwebb_to_marketpl,SB,0.17,0.77,32.7
8/22/2025 17:00,delwebb_to_marketpl,SB,0.16,0.79,31.8
8/22/2025 18:00,delwebb_to_marketpl,SB,0.06,0.66,37.9
8/22/2025 19:00,delwebb_to_marketpl,SB,0.07,0.69,36.5
8/22/2025 20:00,delwebb_to_marketpl,SB,0.03,0.61,41.2
8/22/2025 21:00,delwebb_to_marketpl,SB,0.03,0.68,36.7
8/22/2025 22:00,delwebb_to_marketpl,SB,0.02,0.63,40.1
8/22/2025 23:00,delwebb_to_marketpl,SB,0.01,0.6,41.7
8/23/2025 0:00,delwebb_to_marketpl,SB,0,0.56,44
8/23/2025 1:00,delwebb_to_marketpl,SB,0.01,0.62,40.4
8/23/2025 2:00,delwebb_to_marketpl,SB,0.1,0.7,37.7
8/23/2025 3:00,delwebb_to_marketpl,SB,0.04,0.64,39.4
8/23/2025 4:00,delwebb_to_marketpl,SB,0,0.59,42
8/23/2025 5:00,delwebb_to_marketpl,SB,0,0.58,43.3
8/23/2025 6:00,delwebb_to_marketpl,SB,0.02,0.56,44.4
8/23/2025 7:00,delwebb_to_marketpl,SB,0.01,0.64,39.2
8/23/2025 8:00,delwebb_to_marketpl,SB,0.04,0.66,38
8/23/2025 9:00,delwebb_to_marketpl,SB,0.07,0.68,36.6
8/23/2025 10:00,delwebb_to_marketpl,SB,0.08,0.71,35.7
8/23/2025 11:00,delwebb_to_marketpl,SB,0.2,0.83,30.2
8/23/2025 12:00,delwebb_to_marketpl,SB,0.02,0.63,39.9
8/23/2025 13:00,delwebb_to_marketpl,SB,0.09,0.67,38.1
8/23/2025 14:00,delwebb_to_marketpl,SB,0.06,0.68,36.8
8/23/2025 15:00,delwebb_to_marketpl,SB,0.12,0.76,33.3
8/23/2025 16:00,delwebb_to_marketpl,SB,0.02,0.61,41.1
8/23/2025 17:00,delwebb_to_marketpl,SB,0.04,0.64,39
8/23/2025 18:00,delwebb_to_marketpl,SB,0.11,0.74,33.9
8/23/2025 19:00,delwebb_to_marketpl,SB,0.11,0.74,33.6
8/23/2025 20:00,delwebb_to_marketpl,SB,0.11,0.74,34
8/23/2025 21:00,delwebb_to_marketpl,SB,0.04,0.6,41.8
8/23/2025 22:00,delwebb_to_marketpl,SB,0.02,0.58,43.5
8/23/2025 23:00,delwebb_to_marketpl,SB,0.02,0.61,41
8/24/2025 0:00,delwebb_to_marketpl,SB,0,0.58,42.8
8/24/2025 1:00,delwebb_to_marketpl,SB,0,0.59,42.3
8/24/2025 2:00,delwebb_to_marketpl,SB,0.02,0.61,41
8/24/2025 3:00,delwebb_to_marketpl,SB,0,0.56,44
8/24/2025 4:00,delwebb_to_marketpl,SB,0,0.55,45.3
8/24/2025 5:00,delwebb_to_marketpl,SB,0,0.55,45.5
8/24/2025 6:00,delwebb_to_marketpl,SB,0.02,0.65,38.7
8/24/2025 7:00,delwebb_to_marketpl,SB,0.02,0.58,43
8/24/2025 8:00,delwebb_to_marketpl,SB,0.03,0.61,40.8
8/24/2025 9:00,delwebb_to_marketpl,SB,0.08,0.7,36.5
8/24/2025 10:00,delwebb_to_marketpl,SB,0.04,0.63,40
8/24/2025 11:00,delwebb_to_marketpl,SB,0.06,0.69,36.1
8/24/2025 12:00,delwebb_to_marketpl,SB,0.09,0.71,35.9
8/24/2025 13:00,delwebb_to_marketpl,SB,0.07,0.66,38.2
8/24/2025 14:00,delwebb_to_marketpl,SB,0.1,0.71,35.6
8/24/2025 15:00,delwebb_to_marketpl,SB,0.07,0.65,38.7
8/24/2025 16:00,delwebb_to_marketpl,SB,0.06,0.64,40
8/24/2025 17:00,delwebb_to_marketpl,SB,0.07,0.65,38.6
8/24/2025 18:00,delwebb_to_marketpl,SB,0.09,0.72,35.7
8/24/2025 19:00,delwebb_to_marketpl,SB,0.01,0.59,42.5
8/24/2025 20:00,delwebb_to_marketpl,SB,0.03,0.65,38.4
8/24/2025 21:00,delwebb_to_marketpl,SB,0.01,0.6,41.8
8/24/2025 22:00,delwebb_to_marketpl,SB,0.05,0.64,39.5
8/24/2025 23:00,delwebb_to_marketpl,SB,0.03,0.62,40.5
8/25/2025 0:00,delwebb_to_marketpl,SB,0.01,0.57,43.9
8/25/2025 1:00,delwebb_to_marketpl,SB,0,0.57,43.9
8/25/2025 2:00,delwebb_to_marketpl,SB,0,0.56,44
8/25/2025 3:00,delwebb_to_marketpl,SB,0.01,0.62,40.5
8/25/2025 4:00,delwebb_to_marketpl,SB,0.02,0.63,39.6
8/25/2025 5:00,delwebb_to_marketpl,SB,0,0.52,48
8/25/2025 6:00,delwebb_to_marketpl,SB,0.02,0.6,42.3
8/25/2025 7:00,delwebb_to_marketpl,SB,0.04,0.62,40.3
8/25/2025 8:00,delwebb_to_marketpl,SB,0.09,0.7,36.5
8/25/2025 9:00,delwebb_to_marketpl,SB,0.06,0.69,36.1
8/25/2025 10:00,delwebb_to_marketpl,SB,0.12,0.74,33.8
8/25/2025 11:00,delwebb_to_marketpl,SB,0.13,0.77,32.8
8/25/2025 12:00,delwebb_to_marketpl,SB,0.14,0.8,31.4
8/25/2025 13:00,delwebb_to_marketpl,SB,0.07,0.7,35.8
8/25/2025 14:00,delwebb_to_marketpl,SB,0.08,0.71,35.2
8/25/2025 15:00,delwebb_to_marketpl,SB,0.07,0.67,37.4
8/25/2025 16:00,delwebb_to_marketpl,SB,0.14,0.78,32.2
8/25/2025 17:00,delwebb_to_marketpl,SB,0.13,0.76,33.2
8/25/2025 18:00,delwebb_to_marketpl,SB,0.06,0.66,38
8/25/2025 19:00,delwebb_to_marketpl,SB,0.1,0.71,35.4
8/25/2025 20:00,delwebb_to_marketpl,SB,0.08,0.7,35.9
8/25/2025 21:00,delwebb_to_marketpl,SB,0.03,0.63,39.6
8/25/2025 22:00,delwebb_to_marketpl,SB,0,0.53,46.7
8/25/2025 23:00,delwebb_to_marketpl,SB,0,0.59,42.4
8/26/2025 0:00,delwebb_to_marketpl,SB,0,0.51,49
8/26/2025 1:00,delwebb_to_marketpl,SB,0,0.58,42.9
8/26/2025 2:00,delwebb_to_marketpl,SB,0,0.58,42.8
8/26/2025 3:00,delwebb_to_marketpl,SB,0,0.57,43.5
8/26/2025 4:00,delwebb_to_marketpl,SB,0.04,0.63,40.7
8/26/2025 5:00,delwebb_to_marketpl,SB,0.04,0.65,38.5
8/26/2025 6:00,delwebb_to_marketpl,SB,0.01,0.59,41.9
8/26/2025 7:00,delwebb_to_marketpl,SB,0.02,0.57,43.7
8/26/2025 8:00,delwebb_to_marketpl,SB,0.11,0.75,33.9
8/26/2025 9:00,delwebb_to_marketpl,SB,0.11,0.74,33.8
8/26/2025 10:00,delwebb_to_marketpl,SB,0.12,0.75,33.5
8/26/2025 11:00,delwebb_to_marketpl,SB,0.21,0.87,29.6
8/26/2025 12:00,delwebb_to_marketpl,SB,0.28,0.91,27.9
8/26/2025 13:00,delwebb_to_marketpl,SB,0.17,0.8,31.4
8/26/2025 14:00,delwebb_to_marketpl,SB,0.25,0.86,29.5
8/26/2025 15:00,delwebb_to_marketpl,SB,0.14,0.77,32.6
8/26/2025 16:00,delwebb_to_marketpl,SB,0.11,0.75,33.7
8/26/2025 17:00,delwebb_to_marketpl,SB,0.18,0.8,31.9
8/26/2025 18:00,delwebb_to_marketpl,SB,0.13,0.74,34.3
8/26/2025 19:00,delwebb_to_marketpl,SB,0.05,0.63,40
8/26/2025 20:00,delwebb_to_marketpl,SB,0.05,0.68,36.8
8/26/2025 21:00,delwebb_to_marketpl,SB,0.05,0.68,36.8
8/26/2025 22:00,delwebb_to_marketpl,SB,0.01,0.61,41.1
8/26/2025 23:00,delwebb_to_marketpl,SB,0.07,0.66,38.4
8/27/2025 0:00,delwebb_to_marketpl,SB,0,0.55,45.5
8/27/2025 1:00,delwebb_to_marketpl,SB,0,0.56,44
8/27/2025 2:00,delwebb_to_marketpl,SB,0,0.56,44
8/27/2025 3:00,delwebb_to_marketpl,SB,0,0.57,43.5
8/27/2025 4:00,delwebb_to_marketpl,SB,0,0.57,44.1
8/27/2025 5:00,delwebb_to_marketpl,SB,0,0.52,48.8
8/27/2025 6:00,delwebb_to_marketpl,SB,0.02,0.58,43.4
8/27/2025 7:00,delwebb_to_marketpl,SB,0.05,0.63,39.4
8/27/2025 8:00,delwebb_to_marketpl,SB,0.1,0.7,35.9
8/27/2025 9:00,delwebb_to_marketpl,SB,0.09,0.72,34.6
8/27/2025 10:00,delwebb_to_marketpl,SB,0.12,0.76,33.1
8/27/2025 11:00,delwebb_to_marketpl,SB,0.12,0.76,33.2
8/27/2025 12:00,delwebb_to_marketpl,SB,0.18,0.82,30.7
8/27/2025 13:00,delwebb_to_marketpl,SB,0.23,0.88,28.8
8/27/2025 14:00,delwebb_to_marketpl,SB,0.17,0.8,31.4
8/27/2025 15:00,delwebb_to_marketpl,SB,0.11,0.72,34.8
8/27/2025 16:00,delwebb_to_marketpl,SB,0.11,0.72,34.6
8/27/2025 17:00,delwebb_to_marketpl,SB,0.19,0.78,32.3
8/27/2025 18:00,delwebb_to_marketpl,SB,0.07,0.69,36.1
8/27/2025 19:00,delwebb_to_marketpl,SB,0.18,0.83,31.2
8/27/2025 20:00,delwebb_to_marketpl,SB,0.06,0.66,38.2
8/27/2025 21:00,delwebb_to_marketpl,SB,0,0.58,43.6
8/27/2025 22:00,delwebb_to_marketpl,SB,0.01,0.64,39.1
8/27/2025 23:00,delwebb_to_marketpl,SB,0,0.59,42.2
8/28/2025 0:00,delwebb_to_marketpl,SB,0.06,0.63,40.5
8/28/2025 1:00,delwebb_to_marketpl,SB,0.06,0.61,42.3
8/28/2025 2:00,delwebb_to_marketpl,SB,0,0.56,44
8/28/2025 3:00,delwebb_to_marketpl,SB,0,0.56,44
8/28/2025 4:00,delwebb_to_marketpl,SB,0,0.54,46
8/28/2025 5:00,delwebb_to_marketpl,SB,0,0.55,45
8/28/2025 6:00,delwebb_to_marketpl,SB,0.01,0.59,42.1
8/28/2025 7:00,delwebb_to_marketpl,SB,0.06,0.66,38
8/28/2025 8:00,delwebb_to_marketpl,SB,0.09,0.73,34.1
8/28/2025 9:00,delwebb_to_marketpl,SB,0.14,0.79,32.1
8/28/2025 10:00,delwebb_to_marketpl,SB,0.07,0.71,35.5
8/28/2025 11:00,delwebb_to_marketpl,SB,0.19,0.84,30.1
8/28/2025 12:00,delwebb_to_marketpl,SB,0.08,0.72,35.1
8/28/2025 13:00,delwebb_to_marketpl,SB,0.13,0.74,33.8
8/28/2025 14:00,delwebb_to_marketpl,SB,0.13,0.77,32.7
8/28/2025 15:00,delwebb_to_marketpl,SB,0.16,0.77,32.8
8/28/2025 16:00,delwebb_to_marketpl,SB,0.21,0.84,30
8/28/2025 17:00,delwebb_to_marketpl,SB,0.1,0.69,36.5
8/28/2025 18:00,delwebb_to_marketpl,SB,0.14,0.76,33.3
8/28/2025 19:00,delwebb_to_marketpl,SB,0.12,0.73,35
8/28/2025 20:00,delwebb_to_marketpl,SB,0.03,0.62,40.2
8/28/2025 21:00,delwebb_to_marketpl,SB,0,0.6,41.5
8/28/2025 22:00,delwebb_to_marketpl,SB,0.02,0.63,39.9
8/28/2025 23:00,delwebb_to_marketpl,SB,0.15,0.77,34.5
8/29/2025 0:00,delwebb_to_marketpl,SB,0.04,0.63,40.7
8/29/2025 1:00,delwebb_to_marketpl,SB,0,0.56,44.8
8/29/2025 2:00,delwebb_to_marketpl,SB,0,0.56,44
8/29/2025 3:00,delwebb_to_marketpl,SB,0,0.56,44.2
8/29/2025 4:00,delwebb_to_marketpl,SB,0,0.55,45
8/29/2025 5:00,delwebb_to_marketpl,SB,0,0.58,43.2
8/29/2025 6:00,delwebb_to_marketpl,SB,0.02,0.57,43.8
8/29/2025 7:00,delwebb_to_marketpl,SB,0.02,0.6,41.8
8/29/2025 8:00,delwebb_to_marketpl,SB,0.07,0.67,37.5
8/29/2025 9:00,delwebb_to_marketpl,SB,0.17,0.81,30.9
8/29/2025 10:00,delwebb_to_marketpl,SB,0.2,0.85,29.7
8/29/2025 11:00,delwebb_to_marketpl,SB,0.15,0.79,31.9
8/29/2025 12:00,delwebb_to_marketpl,SB,0.14,0.78,32.3
8/29/2025 13:00,delwebb_to_marketpl,SB,0.19,0.84,29.8
8/29/2025 14:00,delwebb_to_marketpl,SB,0.17,0.8,31.3
8/29/2025 15:00,delwebb_to_marketpl,SB,0.18,0.8,31.2
8/29/2025 16:00,delwebb_to_marketpl,SB,0.18,0.8,31.5
8/29/2025 17:00,delwebb_to_marketpl,SB,0.18,0.8,31.2
8/29/2025 18:00,delwebb_to_marketpl,SB,0.15,0.76,33.1
8/29/2025 19:00,delwebb_to_marketpl,SB,0.09,0.69,37
8/29/2025 20:00,delwebb_to_marketpl,SB,0.12,0.76,33.1
8/29/2025 21:00,delwebb_to_marketpl,SB,0.06,0.7,35.6
8/29/2025 22:00,delwebb_to_marketpl,SB,0.1,0.72,35.9
8/29/2025 23:00,delwebb_to_marketpl,SB,0,0.56,45
8/30/2025 0:00,delwebb_to_marketpl,SB,0.01,0.6,42
8/30/2025 1:00,delwebb_to_marketpl,SB,0.01,0.62,40.6
8/30/2025 2:00,delwebb_to_marketpl,SB,0,0.56,44.9
8/30/2025 3:00,delwebb_to_marketpl,SB,0,0.57,43.9
8/30/2025 4:00,delwebb_to_marketpl,SB,0,0.6,41.9
8/30/2025 5:00,delwebb_to_marketpl,SB,0.02,0.64,39.4
8/30/2025 6:00,delwebb_to_marketpl,SB,0,0.57,44.2
8/30/2025 7:00,delwebb_to_marketpl,SB,0.07,0.71,35.2
8/30/2025 8:00,delwebb_to_marketpl,SB,0.1,0.74,34.4
8/30/2025 9:00,delwebb_to_marketpl,SB,0.04,0.65,38.3
8/30/2025 10:00,delwebb_to_marketpl,SB,0.06,0.69,36.5
8/30/2025 11:00,delwebb_to_marketpl,SB,0.05,0.66,37.6
8/30/2025 12:00,delwebb_to_marketpl,SB,0.07,0.69,36.4
8/30/2025 13:00,delwebb_to_marketpl,SB,0.08,0.67,38.1
8/30/2025 14:00,delwebb_to_marketpl,SB,0.07,0.66,38.6
8/30/2025 15:00,delwebb_to_marketpl,SB,0.09,0.75,33.4
8/30/2025 16:00,delwebb_to_marketpl,SB,0.07,0.67,37.8
8/30/2025 17:00,delwebb_to_marketpl,SB,0.07,0.64,39.1
8/30/2025 18:00,delwebb_to_marketpl,SB,0.14,0.75,33.7
8/30/2025 19:00,delwebb_to_marketpl,SB,0.11,0.72,34.7
8/30/2025 20:00,delwebb_to_marketpl,SB,0.04,0.64,39.1
8/30/2025 21:00,delwebb_to_marketpl,SB,0.02,0.64,39.1
8/30/2025 22:00,delwebb_to_marketpl,SB,0.08,0.7,35.6
8/30/2025 23:00,delwebb_to_marketpl,SB,0,0.56,44.7
8/31/2025 0:00,delwebb_to_marketpl,SB,0,0.56,44.9
8/31/2025 1:00,delwebb_to_marketpl,SB,0,0.57,43.6
8/31/2025 2:00,delwebb_to_marketpl,SB,0,0.52,48.6
8/31/2025 3:00,delwebb_to_marketpl,SB,0,0.56,44
8/31/2025 4:00,delwebb_to_marketpl,SB,0,0.56,44
8/31/2025 5:00,delwebb_to_marketpl,SB,0,0.56,44
8/31/2025 6:00,delwebb_to_marketpl,SB,0,0.58,42.8
8/31/2025 7:00,delwebb_to_marketpl,SB,0,0.61,41
8/31/2025 8:00,delwebb_to_marketpl,SB,0.01,0.62,40.6
8/31/2025 9:00,delwebb_to_marketpl,SB,0.13,0.73,35.3
8/31/2025 10:00,delwebb_to_marketpl,SB,0.08,0.71,35.1
8/31/2025 11:00,delwebb_to_marketpl,SB,0.11,0.71,35.2
8/31/2025 12:00,delwebb_to_marketpl,SB,0.11,0.73,35
8/31/2025 13:00,delwebb_to_marketpl,SB,0.11,0.74,34.2
8/31/2025 14:00,delwebb_to_marketpl,SB,0.1,0.71,35.6
8/31/2025 15:00,delwebb_to_marketpl,SB,0.05,0.67,38
8/31/2025 16:00,delwebb_to_marketpl,SB,0.11,0.77,32.9
8/31/2025 17:00,delwebb_to_marketpl,SB,0.07,0.67,37.5
8/31/2025 18:00,delwebb_to_marketpl,SB,0.15,0.79,32.5
8/31/2025 19:00,delwebb_to_marketpl,SB,0.13,0.72,35.5
8/31/2025 20:00,delwebb_to_marketpl,SB,0.11,0.76,33
8/31/2025 21:00,delwebb_to_marketpl,SB,0.03,0.61,41.6
8/31/2025 22:00,delwebb_to_marketpl,SB,0.01,0.62,40.5
8/31/2025 23:00,delwebb_to_marketpl,SB,0,0.56,44.2
9/1/2025 0:00,delwebb_to_marketpl,SB,0.21,0.79,34.1
9/1/2025 1:00,delwebb_to_marketpl,SB,0.03,0.6,42.2
9/1/2025 2:00,delwebb_to_marketpl,SB,0,0.58,43.2
9/1/2025 3:00,delwebb_to_marketpl,SB,0.02,0.59,42.6
9/1/2025 4:00,delwebb_to_marketpl,SB,0.04,0.6,42.5
9/1/2025 5:00,delwebb_to_marketpl,SB,0,0.55,45.3
9/1/2025 6:00,delwebb_to_marketpl,SB,0.02,0.56,44.2
9/1/2025 7:00,delwebb_to_marketpl,SB,0.05,0.65,38.8
9/1/2025 8:00,delwebb_to_marketpl,SB,0.08,0.73,34.5
9/1/2025 9:00,delwebb_to_marketpl,SB,0.03,0.66,38.1
9/1/2025 10:00,delwebb_to_marketpl,SB,0.06,0.69,36.4
9/1/2025 11:00,delwebb_to_marketpl,SB,0.14,0.77,32.3
9/1/2025 12:00,delwebb_to_marketpl,SB,0.18,0.82,30.5
9/1/2025 13:00,delwebb_to_marketpl,SB,0.13,0.77,32.8
9/1/2025 14:00,delwebb_to_marketpl,SB,0.13,0.75,34.2
9/1/2025 15:00,delwebb_to_marketpl,SB,0.09,0.7,35.7
9/1/2025 16:00,delwebb_to_marketpl,SB,0.14,0.77,32.3
9/1/2025 17:00,delwebb_to_marketpl,SB,0.08,0.71,35.4
9/1/2025 18:00,delwebb_to_marketpl,SB,0.06,0.66,37.9
9/1/2025 19:00,delwebb_to_marketpl,SB,0.03,0.61,41.2
9/1/2025 20:00,delwebb_to_marketpl,SB,0.01,0.55,45.9
9/1/2025 21:00,delwebb_to_marketpl,SB,0.02,0.56,44.8
9/1/2025 22:00,delwebb_to_marketpl,SB,0.01,0.54,45.8
9/1/2025 23:00,delwebb_to_marketpl,SB,0,0.55,45.6
9/2/2025 0:00,delwebb_to_marketpl,SB,0,0.62,40.7
9/2/2025 1:00,delwebb_to_marketpl,SB,0,0.56,44
9/2/2025 2:00,delwebb_to_marketpl,SB,0,0.56,44
9/2/2025 3:00,delwebb_to_marketpl,SB,0,0.56,44
9/2/2025 4:00,delwebb_to_marketpl,SB,0,0.58,42.9
9/2/2025 5:00,delwebb_to_marketpl,SB,0,0.57,44
9/2/2025 6:00,delwebb_to_marketpl,SB,0.02,0.66,37.8
9/2/2025 7:00,delwebb_to_marketpl,SB,0.1,0.72,34.9
9/2/2025 8:00,delwebb_to_marketpl,SB,0.05,0.67,37.4
9/2/2025 9:00,delwebb_to_marketpl,SB,0.07,0.7,35.6
9/2/2025 10:00,delwebb_to_marketpl,SB,0.18,0.82,30.6
9/2/2025 11:00,delwebb_to_marketpl,SB,0.2,0.85,30.3
9/2/2025 12:00,delwebb_to_marketpl,SB,0.08,0.71,35.4
9/2/2025 13:00,delwebb_to_marketpl,SB,0.15,0.77,33.1
9/2/2025 14:00,delwebb_to_marketpl,SB,0.15,0.78,32.4
9/2/2025 15:00,delwebb_to_marketpl,SB,0.14,0.77,32.5
9/2/2025 16:00,delwebb_to_marketpl,SB,0.09,0.7,36
9/2/2025 17:00,delwebb_to_marketpl,SB,0.11,0.72,35.3
9/2/2025 18:00,delwebb_to_marketpl,SB,0.1,0.71,35.7
9/2/2025 19:00,delwebb_to_marketpl,SB,0.07,0.68,37.1
9/2/2025 20:00,delwebb_to_marketpl,SB,0.02,0.62,40.1
9/2/2025 21:00,delwebb_to_marketpl,SB,0.07,0.64,38.8
9/2/2025 22:00,delwebb_to_marketpl,SB,0.02,0.63,39.8
9/2/2025 23:00,delwebb_to_marketpl,SB,0,0.55,45.3
9/3/2025 0:00,delwebb_to_marketpl,SB,0,0.56,44.8
9/3/2025 1:00,delwebb_to_marketpl,SB,0.03,0.64,39.6
9/3/2025 2:00,delwebb_to_marketpl,SB,0.01,0.59,42.6
9/3/2025 3:00,delwebb_to_marketpl,SB,0,0.56,44
9/3/2025 4:00,delwebb_to_marketpl,SB,0,0.6,41.5
9/3/2025 5:00,delwebb_to_marketpl,SB,0.01,0.57,43.7
9/3/2025 6:00,delwebb_to_marketpl,SB,0.04,0.63,39.8
9/3/2025 7:00,delwebb_to_marketpl,SB,0.11,0.71,35.5
9/3/2025 8:00,delwebb_to_marketpl,SB,0.11,0.7,36.1
9/3/2025 9:00,delwebb_to_marketpl,SB,0.22,0.87,29.2
9/3/2025 10:00,delwebb_to_marketpl,SB,0.03,0.64,39.5
9/3/2025 11:00,delwebb_to_marketpl,SB,0.16,0.81,31.2
9/3/2025 12:00,delwebb_to_marketpl,SB,0.16,0.79,31.8
9/3/2025 13:00,delwebb_to_marketpl,SB,0.15,0.77,32.3
9/3/2025 14:00,delwebb_to_marketpl,SB,0.29,0.91,27.5
9/3/2025 15:00,delwebb_to_marketpl,SB,0.14,0.76,33
9/3/2025 16:00,delwebb_to_marketpl,SB,0.14,0.77,32.5
9/3/2025 17:00,delwebb_to_marketpl,SB,0.12,0.74,34
9/3/2025 18:00,delwebb_to_marketpl,SB,0.08,0.72,34.9
9/3/2025 19:00,delwebb_to_marketpl,SB,0.07,0.65,38.8
9/3/2025 20:00,delwebb_to_marketpl,SB,0.08,0.64,39.4
9/3/2025 21:00,delwebb_to_marketpl,SB,0.01,0.6,41.9
9/3/2025 22:00,delwebb_to_marketpl,SB,0.03,0.61,42.3
9/3/2025 23:00,delwebb_to_marketpl,SB,0.01,0.61,41.4
9/4/2025 0:00,delwebb_to_marketpl,SB,0.15,0.77,34.6
9/4/2025 1:00,delwebb_to_marketpl,SB,0.05,0.64,40.1
9/4/2025 2:00,delwebb_to_marketpl,SB,0,0.56,44
9/4/2025 3:00,delwebb_to_marketpl,SB,0.06,0.65,38.9
9/4/2025 4:00,delwebb_to_marketpl,SB,0,0.59,42.2
9/4/2025 5:00,delwebb_to_marketpl,SB,0.01,0.6,41.3
9/4/2025 6:00,delwebb_to_marketpl,SB,0.01,0.59,42
9/4/2025 7:00,delwebb_to_marketpl,SB,0.07,0.65,39.1
9/4/2025 8:00,delwebb_to_marketpl,SB,0.08,0.71,35.4
9/4/2025 9:00,delwebb_to_marketpl,SB,0.05,0.69,35.9
9/4/2025 10:00,delwebb_to_marketpl,SB,0.11,0.76,33.5
9/4/2025 11:00,delwebb_to_marketpl,SB,0.14,0.76,33.2
9/4/2025 12:00,delwebb_to_marketpl,SB,0.19,0.83,30.5
9/4/2025 13:00,delwebb_to_marketpl,SB,0.21,0.82,30.3
9/4/2025 14:00,delwebb_to_marketpl,SB,0.19,0.82,31
9/4/2025 15:00,delwebb_to_marketpl,SB,0.23,0.88,28.7
9/4/2025 16:00,delwebb_to_marketpl,SB,0.18,0.8,31.7
9/4/2025 17:00,delwebb_to_marketpl,SB,0.16,0.77,32.4
9/4/2025 18:00,delwebb_to_marketpl,SB,0.08,0.68,37.6
9/4/2025 19:00,delwebb_to_marketpl,SB,0.09,0.71,35.9
9/4/2025 20:00,delwebb_to_marketpl,SB,0.01,0.57,43.8
9/4/2025 21:00,delwebb_to_marketpl,SB,0.06,0.62,40
9/4/2025 22:00,delwebb_to_marketpl,SB,0.02,0.61,40.8
9/4/2025 23:00,delwebb_to_marketpl,SB,0.01,0.56,44.2
9/5/2025 0:00,delwebb_to_marketpl,SB,0,0.57,43.7
9/5/2025 1:00,delwebb_to_marketpl,SB,0,0.56,44
9/5/2025 2:00,delwebb_to_marketpl,SB,0,0.56,44
9/5/2025 3:00,delwebb_to_marketpl,SB,0,0.57,43.4
9/5/2025 4:00,delwebb_to_marketpl,SB,0.04,0.63,40
9/5/2025 5:00,delwebb_to_marketpl,SB,0.01,0.56,45
9/5/2025 6:00,delwebb_to_marketpl,SB,0.02,0.59,42.1
9/5/2025 7:00,delwebb_to_marketpl,SB,0.08,0.63,39.8
9/5/2025 8:00,delwebb_to_marketpl,SB,0.05,0.66,37.9
9/5/2025 9:00,delwebb_to_marketpl,SB,0.13,0.74,34
9/5/2025 10:00,delwebb_to_marketpl,SB,0.12,0.74,34.4
9/5/2025 11:00,delwebb_to_marketpl,SB,0.19,0.82,31.3
9/5/2025 12:00,delwebb_to_marketpl,SB,0.13,0.76,32.8
9/5/2025 13:00,delwebb_to_marketpl,SB,0.14,0.77,32.5
9/5/2025 14:00,delwebb_to_marketpl,SB,0.17,0.79,31.7
9/5/2025 15:00,delwebb_to_marketpl,SB,0.15,0.79,31.5
9/5/2025 16:00,delwebb_to_marketpl,SB,0.15,0.76,32.9
9/5/2025 17:00,delwebb_to_marketpl,SB,0.17,0.81,31.1
9/5/2025 18:00,delwebb_to_marketpl,SB,0.16,0.77,33.3
9/5/2025 19:00,delwebb_to_marketpl,SB,0.02,0.62,40.4
9/5/2025 20:00,delwebb_to_marketpl,SB,0.02,0.64,38.9
9/5/2025 21:00,delwebb_to_marketpl,SB,0,0.55,44.9
9/5/2025 22:00,delwebb_to_marketpl,SB,0,0.53,47.1
9/5/2025 23:00,delwebb_to_marketpl,SB,0,0.56,44.7
9/6/2025 0:00,delwebb_to_marketpl,SB,0,0.5,49.7
9/6/2025 1:00,delwebb_to_marketpl,SB,0,0.56,44
9/6/2025 2:00,delwebb_to_marketpl,SB,0.05,0.64,40
9/6/2025 3:00,delwebb_to_marketpl,SB,0,0.57,43.9
9/6/2025 4:00,delwebb_to_marketpl,SB,0,0.6,41.5
9/6/2025 5:00,delwebb_to_marketpl,SB,0,0.56,44
9/6/2025 6:00,delwebb_to_marketpl,SB,0.01,0.61,40.9
9/6/2025 7:00,delwebb_to_marketpl,SB,0.03,0.62,40.2
9/6/2025 8:00,delwebb_to_marketpl,SB,0.09,0.71,35.4
9/6/2025 9:00,delwebb_to_marketpl,SB,0.05,0.67,37.3
9/6/2025 10:00,delwebb_to_marketpl,SB,0.17,0.8,31.3
9/6/2025 11:00,delwebb_to_marketpl,SB,0.13,0.77,32.3
9/6/2025 12:00,delwebb_to_marketpl,SB,0.14,0.77,32.7
9/6/2025 13:00,delwebb_to_marketpl,SB,0.18,0.82,30.8
9/6/2025 14:00,delwebb_to_marketpl,SB,0.18,0.8,31.4
9/6/2025 15:00,delwebb_to_marketpl,SB,0.12,0.72,35
9/6/2025 16:00,delwebb_to_marketpl,SB,0.09,0.7,36.3
9/6/2025 17:00,delwebb_to_marketpl,SB,0.13,0.78,32.2
9/6/2025 18:00,delwebb_to_marketpl,SB,0.07,0.67,37.5
9/6/2025 19:00,delwebb_to_marketpl,SB,0.08,0.71,35.5
9/6/2025 20:00,delwebb_to_marketpl,SB,0.08,0.69,36.4
9/6/2025 21:00,delwebb_to_marketpl,SB,0.07,0.7,36.4
9/6/2025 22:00,delwebb_to_marketpl,SB,0,0.57,43.5
9/6/2025 23:00,delwebb_to_marketpl,SB,0.07,0.63,39.9
9/7/2025 0:00,delwebb_to_marketpl,SB,0.02,0.63,40.2
9/7/2025 1:00,delwebb_to_marketpl,SB,0,0.58,42.7
9/7/2025 2:00,delwebb_to_marketpl,SB,0,0.57,43.9
9/7/2025 3:00,delwebb_to_marketpl,SB,0.02,0.6,42.1
9/7/2025 4:00,delwebb_to_marketpl,SB,0.04,0.63,40.4
9/7/2025 5:00,delwebb_to_marketpl,SB,0.01,0.52,48.2
9/7/2025 6:00,delwebb_to_marketpl,SB,0.09,0.67,38.8
9/7/2025 7:00,delwebb_to_marketpl,SB,0.02,0.67,37.4
9/7/2025 8:00,delwebb_to_marketpl,SB,0.01,0.64,39.1
9/7/2025 9:00,delwebb_to_marketpl,SB,0.05,0.63,39.8
9/7/2025 10:00,delwebb_to_marketpl,SB,0.04,0.63,39.8
9/7/2025 11:00,delwebb_to_marketpl,SB,0.08,0.7,36.4
9/7/2025 12:00,delwebb_to_marketpl,SB,0.12,0.76,33.2
9/7/2025 13:00,delwebb_to_marketpl,SB,0.08,0.69,36.6
9/7/2025 14:00,delwebb_to_marketpl,SB,0.19,0.81,31.5
9/7/2025 15:00,delwebb_to_marketpl,SB,0.09,0.68,37.5
9/7/2025 16:00,delwebb_to_marketpl,SB,0.12,0.71,35.9
9/7/2025 17:00,delwebb_to_marketpl,SB,0.05,0.63,39.8
9/7/2025 18:00,delwebb_to_marketpl,SB,0.12,0.71,35.6
9/7/2025 19:00,delwebb_to_marketpl,SB,0.05,0.61,40.6
9/7/2025 20:00,delwebb_to_marketpl,SB,0.02,0.6,41.5
9/7/2025 21:00,delwebb_to_marketpl,SB,0.04,0.61,41.5
9/7/2025 22:00,delwebb_to_marketpl,SB,0.08,0.66,40
9/7/2025 23:00,delwebb_to_marketpl,SB,0,0.55,45.2
9/8/2025 0:00,delwebb_to_marketpl,SB,0.01,0.6,41.5
9/8/2025 1:00,delwebb_to_marketpl,SB,0.03,0.61,40.9
9/8/2025 2:00,delwebb_to_marketpl,SB,0,0.56,44
9/8/2025 3:00,delwebb_to_marketpl,SB,0,0.57,43.4
9/8/2025 4:00,delwebb_to_marketpl,SB,0.02,0.64,39.2
9/8/2025 5:00,delwebb_to_marketpl,SB,0.02,0.54,47
9/8/2025 6:00,delwebb_to_marketpl,SB,0.02,0.6,42
9/8/2025 7:00,delwebb_to_marketpl,SB,0.03,0.59,42
9/8/2025 8:00,delwebb_to_marketpl,SB,0.1,0.68,37.4
9/8/2025 9:00,delwebb_to_marketpl,SB,0.11,0.75,33.6
9/8/2025 10:00,delwebb_to_marketpl,SB,0.11,0.73,34.1
9/8/2025 11:00,delwebb_to_marketpl,SB,0.13,0.75,34.1
9/8/2025 12:00,delwebb_to_marketpl,SB,0.26,0.91,28
9/8/2025 13:00,delwebb_to_marketpl,SB,0.17,0.81,31.2
9/8/2025 14:00,delwebb_to_marketpl,SB,1.04,1.69,16.3
9/8/2025 15:00,delwebb_to_marketpl,SB,0.18,0.81,30.9
9/8/2025 16:00,delwebb_to_marketpl,SB,0.14,0.77,32.8
9/8/2025 17:00,delwebb_to_marketpl,SB,0.14,0.75,34.1
9/8/2025 18:00,delwebb_to_marketpl,SB,0.16,0.74,34.9
9/8/2025 19:00,delwebb_to_marketpl,SB,0.04,0.62,40
9/8/2025 20:00,delwebb_to_marketpl,SB,0.04,0.67,37.3
9/8/2025 21:00,delwebb_to_marketpl,SB,0.01,0.62,40.2
9/8/2025 22:00,delwebb_to_marketpl,SB,0.03,0.62,40.2
9/8/2025 23:00,delwebb_to_marketpl,SB,0.06,0.64,41
9/9/2025 0:00,delwebb_to_marketpl,SB,0,0.56,44.5
9/9/2025 1:00,delwebb_to_marketpl,SB,0,0.56,44
9/9/2025 2:00,delwebb_to_marketpl,SB,0,0.56,44
9/9/2025 3:00,delwebb_to_marketpl,SB,0,0.57,43.7
9/9/2025 4:00,delwebb_to_marketpl,SB,0,0.56,44
9/9/2025 5:00,delwebb_to_marketpl,SB,0,0.63,39.7
9/9/2025 6:00,delwebb_to_marketpl,SB,0.01,0.59,42
9/9/2025 7:00,delwebb_to_marketpl,SB,0.1,0.69,36.4
9/9/2025 8:00,delwebb_to_marketpl,SB,0.08,0.67,37.7
9/9/2025 9:00,delwebb_to_marketpl,SB,0.19,0.84,30.1
9/9/2025 10:00,delwebb_to_marketpl,SB,0.07,0.7,35.5
9/9/2025 11:00,delwebb_to_marketpl,SB,0.24,0.89,28.6
9/9/2025 12:00,delwebb_to_marketpl,SB,0.15,0.8,31.9
9/9/2025 13:00,delwebb_to_marketpl,SB,0.15,0.78,32.2
9/9/2025 14:00,delwebb_to_marketpl,SB,0.18,0.81,31.4
9/9/2025 15:00,delwebb_to_marketpl,SB,0.16,0.78,32.3
9/9/2025 16:00,delwebb_to_marketpl,SB,0.24,0.87,29
9/9/2025 17:00,delwebb_to_marketpl,SB,0.1,0.72,34.8
9/9/2025 18:00,delwebb_to_marketpl,SB,0.05,0.6,41.9
9/9/2025 19:00,delwebb_to_marketpl,SB,0.12,0.76,33.1
9/9/2025 20:00,delwebb_to_marketpl,SB,0.03,0.65,39
9/9/2025 21:00,delwebb_to_marketpl,SB,0.08,0.72,34.9
9/9/2025 22:00,delwebb_to_marketpl,SB,0.04,0.68,36.7
9/9/2025 23:00,delwebb_to_marketpl,SB,0,0.58,43.2
9/10/2025 0:00,delwebb_to_marketpl,SB,0,0.51,48.9
9/10/2025 1:00,delwebb_to_marketpl,SB,0,0.51,49.8
9/10/2025 2:00,delwebb_to_marketpl,SB,0,0.56,44
9/10/2025 3:00,delwebb_to_marketpl,SB,0,0.56,44.2
9/10/2025 4:00,delwebb_to_marketpl,SB,0.01,0.61,41.1
9/10/2025 5:00,delwebb_to_marketpl,SB,0,0.56,44.3
9/10/2025 6:00,delwebb_to_marketpl,SB,0.01,0.61,41.2
9/10/2025 7:00,delwebb_to_marketpl,SB,0.05,0.64,39.2
9/10/2025 8:00,delwebb_to_marketpl,SB,0.05,0.66,38
9/10/2025 9:00,delwebb_to_marketpl,SB,0.1,0.72,35
9/10/2025 10:00,delwebb_to_marketpl,SB,0.22,0.86,30.1
9/10/2025 11:00,delwebb_to_marketpl,SB,0.24,0.87,28.7
9/10/2025 12:00,delwebb_to_marketpl,SB,0.13,0.78,32.1
9/10/2025 13:00,delwebb_to_marketpl,SB,0.23,0.88,28.4
9/10/2025 14:00,delwebb_to_marketpl,SB,0.13,0.76,32.9
9/10/2025 15:00,delwebb_to_marketpl,SB,0.15,0.78,32
9/10/2025 16:00,delwebb_to_marketpl,SB,0.09,0.69,36.1
9/10/2025 17:00,delwebb_to_marketpl,SB,0.08,0.69,37.1
9/10/2025 18:00,delwebb_to_marketpl,SB,0.02,0.62,40.5
9/10/2025 19:00,delwebb_to_marketpl,SB,0.06,0.65,38.6
9/10/2025 20:00,delwebb_to_marketpl,SB,0.12,0.74,34.4
9/10/2025 21:00,delwebb_to_marketpl,SB,0.03,0.66,38.1
9/10/2025 22:00,delwebb_to_marketpl,SB,0.04,0.62,41.2
9/10/2025 23:00,delwebb_to_marketpl,SB,0.01,0.57,43.4
9/11/2025 0:00,delwebb_to_marketpl,SB,0,0.52,48
9/11/2025 1:00,delwebb_to_marketpl,SB,0,0.55,45.1
9/11/2025 2:00,delwebb_to_marketpl,SB,0,0.56,44
9/11/2025 3:00,delwebb_to_marketpl,SB,0,0.56,44
9/11/2025 4:00,delwebb_to_marketpl,SB,0.03,0.59,42
9/11/2025 5:00,delwebb_to_marketpl,SB,0,0.55,45.2
9/11/2025 6:00,delwebb_to_marketpl,SB,0.01,0.57,43.4
9/11/2025 7:00,delwebb_to_marketpl,SB,0.09,0.67,37.6
9/11/2025 8:00,delwebb_to_marketpl,SB,0.1,0.72,34.8
9/11/2025 9:00,delwebb_to_marketpl,SB,0.1,0.71,35.2
9/11/2025 10:00,delwebb_to_marketpl,SB,0.15,0.8,31.7
9/11/2025 11:00,delwebb_to_marketpl,SB,0.23,0.87,28.7
9/11/2025 12:00,delwebb_to_marketpl,SB,0.17,0.82,30.6
9/11/2025 13:00,delwebb_to_marketpl,SB,0.11,0.74,33.9
9/11/2025 14:00,delwebb_to_marketpl,SB,0.16,0.78,32.3
9/11/2025 15:00,delwebb_to_marketpl,SB,0.18,0.79,31.8
9/11/2025 16:00,delwebb_to_marketpl,SB,0.17,0.81,30.7
9/11/2025 17:00,delwebb_to_marketpl,SB,0.14,0.76,33.1
9/11/2025 18:00,delwebb_to_marketpl,SB,0.12,0.74,34
9/11/2025 19:00,delwebb_to_marketpl,SB,0.1,0.71,35.5
9/11/2025 20:00,delwebb_to_marketpl,SB,0.06,0.67,37.3
9/11/2025 21:00,delwebb_to_marketpl,SB,0.01,0.56,44.8
9/11/2025 22:00,delwebb_to_marketpl,SB,0.01,0.58,43.3
9/11/2025 23:00,delwebb_to_marketpl,SB,0.13,0.77,33
9/12/2025 0:00,delwebb_to_marketpl,SB,0.13,0.76,34
9/12/2025 1:00,delwebb_to_marketpl,SB,0,0.57,43.9
9/12/2025 2:00,delwebb_to_marketpl,SB,0.01,0.57,44
9/12/2025 3:00,delwebb_to_marketpl,SB,0.01,0.59,42.2
9/12/2025 4:00,delwebb_to_marketpl,SB,0.02,0.64,39.5
9/12/2025 5:00,delwebb_to_marketpl,SB,0.03,0.63,39.6
9/12/2025 6:00,delwebb_to_marketpl,SB,0.01,0.54,46.1
9/12/2025 7:00,delwebb_to_marketpl,SB,0.07,0.63,40.1
9/12/2025 8:00,delwebb_to_marketpl,SB,0.08,0.7,35.7
9/12/2025 9:00,delwebb_to_marketpl,SB,0.15,0.77,33.7
9/12/2025 10:00,delwebb_to_marketpl,SB,0.22,0.87,28.7
9/12/2025 11:00,delwebb_to_marketpl,SB,0.14,0.78,31.9
9/12/2025 12:00,delwebb_to_marketpl,SB,0.21,0.83,30
9/12/2025 13:00,delwebb_to_marketpl,SB,0.09,0.7,35.8
9/12/2025 14:00,delwebb_to_marketpl,SB,0.19,0.82,30.5
9/12/2025 15:00,delwebb_to_marketpl,SB,0.19,0.84,30.3
9/12/2025 16:00,delwebb_to_marketpl,SB,0.17,0.8,31.3
9/12/2025 17:00,delwebb_to_marketpl,SB,0.12,0.75,33.3
9/12/2025 18:00,delwebb_to_marketpl,SB,0.19,0.82,30.9
9/12/2025 19:00,delwebb_to_marketpl,SB,0.17,0.8,32.6
9/12/2025 20:00,delwebb_to_marketpl,SB,0.1,0.74,33.9
9/12/2025 21:00,delwebb_to_marketpl,SB,0.02,0.63,39.7
9/12/2025 22:00,delwebb_to_marketpl,SB,0,0.58,42.9
9/12/2025 23:00,delwebb_to_marketpl,SB,0.01,0.64,39.2
9/13/2025 0:00,delwebb_to_marketpl,SB,0,0.58,43
9/13/2025 1:00,delwebb_to_marketpl,SB,0.02,0.61,41.7
9/13/2025 2:00,delwebb_to_marketpl,SB,0,0.57,43.9
9/13/2025 3:00,delwebb_to_marketpl,SB,0,0.56,44.1
9/13/2025 4:00,delwebb_to_marketpl,SB,0,0.6,41.6
9/13/2025 5:00,delwebb_to_marketpl,SB,0,0.57,43.5
9/13/2025 6:00,delwebb_to_marketpl,SB,0.01,0.59,42.9
9/13/2025 7:00,delwebb_to_marketpl,SB,0.04,0.64,39.3
9/13/2025 8:00,delwebb_to_marketpl,SB,0.04,0.68,37
9/13/2025 9:00,delwebb_to_marketpl,SB,0.05,0.64,39
9/13/2025 10:00,delwebb_to_marketpl,SB,0.15,0.78,32.4
9/13/2025 11:00,delwebb_to_marketpl,SB,0.1,0.73,34.5
9/13/2025 12:00,delwebb_to_marketpl,SB,0.07,0.71,35.4
9/13/2025 13:00,delwebb_to_marketpl,SB,0.1,0.71,35.4
9/13/2025 14:00,delwebb_to_marketpl,SB,0.1,0.73,34.2
9/13/2025 15:00,delwebb_to_marketpl,SB,0.16,0.77,32.6
9/13/2025 16:00,delwebb_to_marketpl,SB,0.1,0.72,35.5
9/13/2025 17:00,delwebb_to_marketpl,SB,0.09,0.69,36.4
9/13/2025 18:00,delwebb_to_marketpl,SB,0.2,0.82,31.1
9/13/2025 19:00,delwebb_to_marketpl,SB,0.05,0.66,37.6
9/13/2025 20:00,delwebb_to_marketpl,SB,0.07,0.65,39.2
9/13/2025 21:00,delwebb_to_marketpl,SB,0.04,0.65,38.6
9/13/2025 22:00,delwebb_to_marketpl,SB,0.01,0.64,39.3
9/13/2025 23:00,delwebb_to_marketpl,SB,0.05,0.64,40
9/14/2025 0:00,delwebb_to_marketpl,SB,0.01,0.61,40.9
9/14/2025 1:00,delwebb_to_marketpl,SB,0,0.57,43.3
9/14/2025 2:00,delwebb_to_marketpl,SB,0.01,0.58,43.1
9/14/2025 3:00,delwebb_to_marketpl,SB,0,0.58,43.3
9/14/2025 4:00,delwebb_to_marketpl,SB,0,0.56,44
9/14/2025 5:00,delwebb_to_marketpl,SB,0,0.56,44
9/14/2025 6:00,delwebb_to_marketpl,SB,0.04,0.61,41.3
9/14/2025 7:00,delwebb_to_marketpl,SB,0.08,0.71,36.1
9/14/2025 8:00,delwebb_to_marketpl,SB,0.04,0.65,38.3
9/14/2025 9:00,delwebb_to_marketpl,SB,0.07,0.65,38.6
9/14/2025 10:00,delwebb_to_marketpl,SB,0.05,0.66,37.8
9/14/2025 11:00,delwebb_to_marketpl,SB,0.07,0.68,37
9/14/2025 12:00,delwebb_to_marketpl,SB,0.06,0.67,37.4
9/14/2025 13:00,delwebb_to_marketpl,SB,0.12,0.75,33.6
9/14/2025 14:00,delwebb_to_marketpl,SB,0.03,0.59,42.4
9/14/2025 15:00,delwebb_to_marketpl,SB,0.1,0.73,34.7
9/14/2025 16:00,delwebb_to_marketpl,SB,0.05,0.69,36.6
9/14/2025 17:00,delwebb_to_marketpl,SB,0.03,0.64,38.9
9/14/2025 18:00,delwebb_to_marketpl,SB,0.1,0.72,35.7
9/14/2025 19:00,delwebb_to_marketpl,SB,0.14,0.78,33.2
9/14/2025 20:00,delwebb_to_marketpl,SB,0.03,0.65,38.4
9/14/2025 21:00,delwebb_to_marketpl,SB,0.01,0.62,40.1
9/14/2025 22:00,delwebb_to_marketpl,SB,0.01,0.54,46.1
9/14/2025 23:00,delwebb_to_marketpl,SB,0.07,0.69,36.6
9/15/2025 0:00,delwebb_to_marketpl,SB,0,0.56,44.1
9/15/2025 1:00,delwebb_to_marketpl,SB,0,0.56,44
9/15/2025 2:00,delwebb_to_marketpl,SB,0.01,0.53,47
9/15/2025 3:00,delwebb_to_marketpl,SB,0.06,0.66,38.6
9/15/2025 4:00,delwebb_to_marketpl,SB,0.15,0.76,34.4
9/15/2025 5:00,delwebb_to_marketpl,SB,0.02,0.58,43.8
9/15/2025 6:00,delwebb_to_marketpl,SB,0.01,0.57,43.5
9/15/2025 7:00,delwebb_to_marketpl,SB,0.04,0.62,40.3
9/15/2025 8:00,delwebb_to_marketpl,SB,0.06,0.67,37.3
9/15/2025 9:00,delwebb_to_marketpl,SB,0.12,0.73,34.2
9/15/2025 10:00,delwebb_to_marketpl,SB,0.1,0.72,34.8
9/15/2025 11:00,delwebb_to_marketpl,SB,0.17,0.8,31.5
9/15/2025 12:00,delwebb_to_marketpl,SB,0.17,0.81,31
9/15/2025 13:00,delwebb_to_marketpl,SB,0.26,0.91,27.7
9/15/2025 14:00,delwebb_to_marketpl,SB,0.22,0.83,30.1
9/15/2025 15:00,delwebb_to_marketpl,SB,0.17,0.78,32.2
9/15/2025 16:00,delwebb_to_marketpl,SB,0.25,0.9,27.8
9/15/2025 17:00,delwebb_to_marketpl,SB,0.14,0.78,32
9/15/2025 18:00,delwebb_to_marketpl,SB,0.18,0.78,32.7
9/15/2025 19:00,delwebb_to_marketpl,SB,0.09,0.7,36.1
9/15/2025 20:00,delwebb_to_marketpl,SB,0.04,0.62,40.6
9/15/2025 21:00,delwebb_to_marketpl,SB,0.04,0.54,47.6
9/15/2025 22:00,delwebb_to_marketpl,SB,0,0.49,51.2
9/15/2025 23:00,delwebb_to_marketpl,SB,0,0.56,44.4
9/16/2025 0:00,delwebb_to_marketpl,SB,0,0.56,44
9/16/2025 1:00,delwebb_to_marketpl,SB,0,0.56,44
9/16/2025 2:00,delwebb_to_marketpl,SB,0,0.56,44
9/16/2025 3:00,delwebb_to_marketpl,SB,0.03,0.65,39
9/16/2025 4:00,delwebb_to_marketpl,SB,0,0.57,43.9
9/16/2025 5:00,delwebb_to_marketpl,SB,0.02,0.59,43.2
9/16/2025 6:00,delwebb_to_marketpl,SB,0.01,0.59,42.1
9/16/2025 7:00,delwebb_to_marketpl,SB,0.14,0.72,35
9/16/2025 8:00,delwebb_to_marketpl,SB,0.09,0.68,37.1
9/16/2025 9:00,delwebb_to_marketpl,SB,0.12,0.75,33.9
9/16/2025 10:00,delwebb_to_marketpl,SB,0.21,0.87,28.9
9/16/2025 11:00,delwebb_to_marketpl,SB,0.19,0.85,29.4
9/16/2025 12:00,delwebb_to_marketpl,SB,0.19,0.83,30.3
9/16/2025 13:00,delwebb_to_marketpl,SB,0.16,0.78,32.2
9/16/2025 14:00,delwebb_to_marketpl,SB,0.15,0.78,32.4
9/16/2025 15:00,delwebb_to_marketpl,SB,0.23,0.88,28.5
9/16/2025 16:00,delwebb_to_marketpl,SB,0.2,0.84,29.7
9/16/2025 17:00,delwebb_to_marketpl,SB,0.08,0.68,36.6
9/16/2025 18:00,delwebb_to_marketpl,SB,0.02,0.61,41.1
9/16/2025 19:00,delwebb_to_marketpl,SB,0.05,0.64,39.6
9/16/2025 20:00,delwebb_to_marketpl,SB,0.09,0.69,36.3
9/16/2025 21:00,delwebb_to_marketpl,SB,0,0.57,43.4
9/16/2025 22:00,delwebb_to_marketpl,SB,0.06,0.67,37.8
9/16/2025 23:00,delwebb_to_marketpl,SB,0,0.58,43.1
9/17/2025 0:00,delwebb_to_marketpl,SB,0,0.57,43.5
9/17/2025 1:00,delwebb_to_marketpl,SB,0,0.56,44
9/17/2025 2:00,delwebb_to_marketpl,SB,0,0.56,44
9/17/2025 3:00,delwebb_to_marketpl,SB,0,0.56,44.1
9/17/2025 4:00,delwebb_to_marketpl,SB,0,0.55,44.9
9/17/2025 5:00,delwebb_to_marketpl,SB,0,0.54,45.9
9/17/2025 6:00,delwebb_to_marketpl,SB,0.07,0.66,37.8
9/17/2025 7:00,delwebb_to_marketpl,SB,0.08,0.68,37.1
9/17/2025 8:00,delwebb_to_marketpl,SB,0.09,0.71,35.4
9/17/2025 9:00,delwebb_to_marketpl,SB,0.09,0.71,35.2
9/17/2025 10:00,delwebb_to_marketpl,SB,0.14,0.76,33
9/17/2025 11:00,delwebb_to_marketpl,SB,0.07,0.68,36.7
9/17/2025 12:00,delwebb_to_marketpl,SB,0.13,0.78,32
9/17/2025 13:00,delwebb_to_marketpl,SB,0.15,0.79,31.6
9/17/2025 14:00,delwebb_to_marketpl,SB,0.25,0.91,28.1
9/17/2025 15:00,delwebb_to_marketpl,SB,0.18,0.83,30.4
9/17/2025 16:00,delwebb_to_marketpl,SB,0.13,0.75,33.4
9/17/2025 17:00,delwebb_to_marketpl,SB,0.08,0.67,38.1
9/17/2025 18:00,delwebb_to_marketpl,SB,0.07,0.68,37.2
9/17/2025 19:00,delwebb_to_marketpl,SB,0.06,0.67,37.8
9/17/2025 20:00,delwebb_to_marketpl,SB,0.08,0.68,37.1
9/17/2025 21:00,delwebb_to_marketpl,SB,0,0.57,43.6
9/17/2025 22:00,delwebb_to_marketpl,SB,0.01,0.56,44.5
9/17/2025 23:00,delwebb_to_marketpl,SB,0,0.56,44.4
9/18/2025 0:00,delwebb_to_marketpl,SB,0,0.55,45.1
9/18/2025 1:00,delwebb_to_marketpl,SB,0.05,0.66,38.3
9/18/2025 2:00,delwebb_to_marketpl,SB,0,0.56,44
9/18/2025 3:00,delwebb_to_marketpl,SB,0,0.56,44
9/18/2025 4:00,delwebb_to_marketpl,SB,0,0.56,44.5
9/18/2025 5:00,delwebb_to_marketpl,SB,0,0.55,45
9/18/2025 6:00,delwebb_to_marketpl,SB,0.01,0.58,43
9/18/2025 7:00,delwebb_to_marketpl,SB,0.04,0.62,40.5
9/18/2025 8:00,delwebb_to_marketpl,SB,0.04,0.64,39.2
9/18/2025 9:00,delwebb_to_marketpl,SB,0.09,0.73,34.3
9/18/2025 10:00,delwebb_to_marketpl,SB,0.12,0.76,33.1
9/18/2025 11:00,delwebb_to_marketpl,SB,0.15,0.78,33.1
9/18/2025 12:00,delwebb_to_marketpl,SB,0.13,0.77,32.5
9/18/2025 13:00,delwebb_to_marketpl,SB,0.12,0.75,33.1
9/18/2025 14:00,delwebb_to_marketpl,SB,0.09,0.73,34.3
9/18/2025 15:00,delwebb_to_marketpl,SB,0.15,0.79,31.7
9/18/2025 16:00,delwebb_to_marketpl,SB,0.21,0.86,29.3
9/18/2025 17:00,delwebb_to_marketpl,SB,0.09,0.72,34.7
9/18/2025 18:00,delwebb_to_marketpl,SB,0.12,0.75,33.3
9/18/2025 19:00,delwebb_to_marketpl,SB,0.15,0.76,33.1
9/18/2025 20:00,delwebb_to_marketpl,SB,0.04,0.67,37.5
9/18/2025 21:00,delwebb_to_marketpl,SB,0.03,0.65,38.3
9/18/2025 22:00,delwebb_to_marketpl,SB,0,0.58,42.6
9/18/2025 23:00,delwebb_to_marketpl,SB,0,0.53,47.6
9/19/2025 0:00,delwebb_to_marketpl,SB,0,0.6,41.9
9/19/2025 1:00,delwebb_to_marketpl,SB,0.06,0.68,37.1
9/19/2025 2:00,delwebb_to_marketpl,SB,0,0.57,43.6
9/19/2025 3:00,delwebb_to_marketpl,SB,0,0.56,44.6
9/19/2025 4:00,delwebb_to_marketpl,SB,0,0.52,47.8
9/19/2025 5:00,delwebb_to_marketpl,SB,0,0.53,47
9/19/2025 6:00,delwebb_to_marketpl,SB,0.02,0.58,43
9/19/2025 7:00,delwebb_to_marketpl,SB,0.08,0.68,36.7
9/19/2025 8:00,delwebb_to_marketpl,SB,0.07,0.64,38.8
9/19/2025 9:00,delwebb_to_marketpl,SB,0.16,0.8,31.9
9/19/2025 10:00,delwebb_to_marketpl,SB,0.12,0.77,32.2
9/19/2025 11:00,delwebb_to_marketpl,SB,0.14,0.79,31.5
9/19/2025 12:00,delwebb_to_marketpl,SB,0.2,0.84,29.8
9/19/2025 13:00,delwebb_to_marketpl,SB,0.17,0.81,31.2
9/19/2025 14:00,delwebb_to_marketpl,SB,0.15,0.75,33.5
9/19/2025 15:00,delwebb_to_marketpl,SB,0.17,0.79,32.1
9/19/2025 16:00,delwebb_to_marketpl,SB,0.23,0.86,29.3
9/19/2025 17:00,delwebb_to_marketpl,SB,0.14,0.75,33.3
9/19/2025 18:00,delwebb_to_marketpl,SB,0.18,0.81,30.9
9/19/2025 19:00,delwebb_to_marketpl,SB,0.18,0.81,31.1
9/19/2025 20:00,delwebb_to_marketpl,SB,0.06,0.64,39.1
9/19/2025 21:00,delwebb_to_marketpl,SB,0.03,0.61,41
9/19/2025 22:00,delwebb_to_marketpl,SB,0.04,0.66,37.9
9/19/2025 23:00,delwebb_to_marketpl,SB,0,0.56,44.7
9/20/2025 0:00,delwebb_to_marketpl,SB,0,0.58,42.8
9/20/2025 1:00,delwebb_to_marketpl,SB,0,0.58,43.2
9/20/2025 2:00,delwebb_to_marketpl,SB,0.01,0.59,42.4
9/20/2025 3:00,delwebb_to_marketpl,SB,0,0.56,44.1
9/20/2025 4:00,delwebb_to_marketpl,SB,0.02,0.62,40.8
9/20/2025 5:00,delwebb_to_marketpl,SB,0,0.58,43.1
9/20/2025 6:00,delwebb_to_marketpl,SB,0.03,0.64,39.2
9/20/2025 7:00,delwebb_to_marketpl,SB,0.03,0.61,40.7
9/20/2025 8:00,delwebb_to_marketpl,SB,0.09,0.7,36
9/20/2025 9:00,delwebb_to_marketpl,SB,0.09,0.68,37
9/20/2025 10:00,delwebb_to_marketpl,SB,0.08,0.71,35.4
9/20/2025 11:00,delwebb_to_marketpl,SB,0.09,0.7,35.8
9/20/2025 12:00,delwebb_to_marketpl,SB,0.2,0.84,29.9
9/20/2025 13:00,delwebb_to_marketpl,SB,0.09,0.71,35.4
9/20/2025 14:00,delwebb_to_marketpl,SB,0.12,0.76,33
9/20/2025 15:00,delwebb_to_marketpl,SB,0.08,0.67,37.1
9/20/2025 16:00,delwebb_to_marketpl,SB,0.13,0.75,33.4
9/20/2025 17:00,delwebb_to_marketpl,SB,0.07,0.72,34.8
9/20/2025 18:00,delwebb_to_marketpl,SB,0.08,0.67,37
9/20/2025 19:00,delwebb_to_marketpl,SB,0.08,0.68,37.2
9/20/2025 20:00,delwebb_to_marketpl,SB,0.07,0.69,36.7
9/20/2025 21:00,delwebb_to_marketpl,SB,0.03,0.6,42.3
9/20/2025 22:00,delwebb_to_marketpl,SB,0.01,0.59,42.4
9/20/2025 23:00,delwebb_to_marketpl,SB,0.01,0.62,40.3
9/21/2025 0:00,delwebb_to_marketpl,SB,0.02,0.67,37
9/21/2025 1:00,delwebb_to_marketpl,SB,0,0.61,40.9
9/21/2025 2:00,delwebb_to_marketpl,SB,0,0.57,43.7
9/21/2025 3:00,delwebb_to_marketpl,SB,0.01,0.58,43.1
9/21/2025 4:00,delwebb_to_marketpl,SB,0.02,0.61,41.4
9/21/2025 5:00,delwebb_to_marketpl,SB,0.01,0.58,42.7
9/21/2025 6:00,delwebb_to_marketpl,SB,0.02,0.61,41.1
9/21/2025 7:00,delwebb_to_marketpl,SB,0.09,0.71,35.7
9/21/2025 8:00,delwebb_to_marketpl,SB,0.08,0.69,36.6
9/21/2025 9:00,delwebb_to_marketpl,SB,0.07,0.71,35.5
9/21/2025 10:00,delwebb_to_marketpl,SB,0.13,0.72,34.6
9/21/2025 11:00,delwebb_to_marketpl,SB,0.08,0.7,35.7
9/21/2025 12:00,delwebb_to_marketpl,SB,0.07,0.7,35.9
9/21/2025 13:00,delwebb_to_marketpl,SB,0.12,0.74,34.2
9/21/2025 14:00,delwebb_to_marketpl,SB,0.08,0.64,40
9/21/2025 15:00,delwebb_to_marketpl,SB,0.11,0.72,35.4
9/21/2025 16:00,delwebb_to_marketpl,SB,0.13,0.75,33.5
9/21/2025 17:00,delwebb_to_marketpl,SB,0.06,0.67,37.6
9/21/2025 18:00,delwebb_to_marketpl,SB,0.11,0.71,36.2
9/21/2025 19:00,delwebb_to_marketpl,SB,0.07,0.7,35.8
9/21/2025 20:00,delwebb_to_marketpl,SB,0.03,0.67,37.4
9/21/2025 21:00,delwebb_to_marketpl,SB,0.01,0.6,41.7
9/21/2025 22:00,delwebb_to_marketpl,SB,0,0.59,42
9/21/2025 23:00,delwebb_to_marketpl,SB,0.01,0.59,42.3
9/22/2025 0:00,delwebb_to_marketpl,SB,0.06,0.67,38.6
9/22/2025 1:00,delwebb_to_marketpl,SB,0.12,0.74,35
9/22/2025 2:00,delwebb_to_marketpl,SB,0,0.56,44
9/22/2025 3:00,delwebb_to_marketpl,SB,0,0.56,44
9/22/2025 4:00,delwebb_to_marketpl,SB,0.01,0.62,40.4
9/22/2025 5:00,delwebb_to_marketpl,SB,0.02,0.58,43.8
9/22/2025 6:00,delwebb_to_marketpl,SB,0.01,0.56,44.5
9/22/2025 7:00,delwebb_to_marketpl,SB,0.06,0.67,37.7
9/22/2025 8:00,delwebb_to_marketpl,SB,0.05,0.63,40.1
9/22/2025 9:00,delwebb_to_marketpl,SB,0.05,0.67,37.2
9/22/2025 10:00,delwebb_to_marketpl,SB,0.15,0.79,31.9
9/22/2025 11:00,delwebb_to_marketpl,SB,0.2,0.84,30
9/22/2025 12:00,delwebb_to_marketpl,SB,0.16,0.81,31.1
9/22/2025 13:00,delwebb_to_marketpl,SB,0.14,0.78,32.6
9/22/2025 14:00,delwebb_to_marketpl,SB,0.11,0.75,33.2
9/22/2025 15:00,delwebb_to_marketpl,SB,0.15,0.79,32.3
9/22/2025 16:00,delwebb_to_marketpl,SB,0.17,0.81,31.2
9/22/2025 17:00,delwebb_to_marketpl,SB,0.13,0.77,32.8
9/22/2025 18:00,delwebb_to_marketpl,SB,0.06,0.68,36.6
9/22/2025 19:00,delwebb_to_marketpl,SB,0.09,0.7,37.3
9/22/2025 20:00,delwebb_to_marketpl,SB,0.06,0.68,36.9
9/22/2025 21:00,delwebb_to_marketpl,SB,0.04,0.61,40.7
9/22/2025 22:00,delwebb_to_marketpl,SB,0.03,0.63,39.6
9/22/2025 23:00,delwebb_to_marketpl,SB,0,0.57,43.6
9/23/2025 0:00,delwebb_to_marketpl,SB,0,0.57,43.8
9/23/2025 1:00,delwebb_to_marketpl,SB,0,0.56,44
9/23/2025 2:00,delwebb_to_marketpl,SB,0,0.56,44
9/23/2025 3:00,delwebb_to_marketpl,SB,0,0.56,44
9/23/2025 4:00,delwebb_to_marketpl,SB,0,0.6,41.9
9/23/2025 5:00,delwebb_to_marketpl,SB,0.02,0.62,40.3
9/23/2025 6:00,delwebb_to_marketpl,SB,0.01,0.58,43.2
9/23/2025 7:00,delwebb_to_marketpl,SB,0.1,0.7,35.9
9/23/2025 8:00,delwebb_to_marketpl,SB,0.12,0.71,35.7
9/23/2025 9:00,delwebb_to_marketpl,SB,0.16,0.79,32
9/23/2025 10:00,delwebb_to_marketpl,SB,0.16,0.82,30.7
9/23/2025 11:00,delwebb_to_marketpl,SB,0.13,0.76,33.1
9/23/2025 12:00,delwebb_to_marketpl,SB,0.16,0.78,31.9
9/23/2025 13:00,delwebb_to_marketpl,SB,0.11,0.75,33.4
9/23/2025 14:00,delwebb_to_marketpl,SB,0.16,0.77,32.5
9/23/2025 15:00,delwebb_to_marketpl,SB,0.12,0.73,34.4
9/23/2025 16:00,delwebb_to_marketpl,SB,0.12,0.75,33.6
9/23/2025 17:00,delwebb_to_marketpl,SB,0.18,0.82,30.7
9/23/2025 18:00,delwebb_to_marketpl,SB,0.18,0.82,30.5
9/23/2025 19:00,delwebb_to_marketpl,SB,0.08,0.69,36.6
9/23/2025 20:00,delwebb_to_marketpl,SB,0.02,0.63,39.7
9/23/2025 21:00,delwebb_to_marketpl,SB,0.01,0.59,42.3
9/23/2025 22:00,delwebb_to_marketpl,SB,0.09,0.64,39.8
9/23/2025 23:00,delwebb_to_marketpl,SB,0,0.56,44.2
9/24/2025 0:00,delwebb_to_marketpl,SB,0,0.57,44
9/24/2025 1:00,delwebb_to_marketpl,SB,0,0.57,43.8
9/24/2025 2:00,delwebb_to_marketpl,SB,0,0.57,43.6
9/24/2025 3:00,delwebb_to_marketpl,SB,0,0.56,44
9/24/2025 4:00,delwebb_to_marketpl,SB,0,0.57,43.8
9/24/2025 5:00,delwebb_to_marketpl,SB,0,0.57,44
9/24/2025 6:00,delwebb_to_marketpl,SB,0.06,0.63,39.8
9/24/2025 7:00,delwebb_to_marketpl,SB,0.07,0.67,37.3
9/24/2025 8:00,delwebb_to_marketpl,SB,0.04,0.64,39.1
9/24/2025 9:00,delwebb_to_marketpl,SB,0.06,0.68,37
9/24/2025 10:00,delwebb_to_marketpl,SB,0.08,0.72,34.9
9/24/2025 11:00,delwebb_to_marketpl,SB,0.16,0.79,32
9/24/2025 12:00,delwebb_to_marketpl,SB,0.13,0.77,32.8
9/24/2025 13:00,delwebb_to_marketpl,SB,0.13,0.77,32.2
9/24/2025 14:00,delwebb_to_marketpl,SB,0.12,0.74,34.2
9/24/2025 15:00,delwebb_to_marketpl,SB,0.17,0.78,32.4
9/24/2025 16:00,delwebb_to_marketpl,SB,0.18,0.8,31.4
9/24/2025 17:00,delwebb_to_marketpl,SB,0.14,0.78,32.1
9/24/2025 18:00,delwebb_to_marketpl,SB,0.06,0.65,38.4
9/24/2025 19:00,delwebb_to_marketpl,SB,0.06,0.65,38.4
9/24/2025 20:00,delwebb_to_marketpl,SB,0.06,0.65,38.4
9/24/2025 21:00,delwebb_to_marketpl,SB,0.02,0.59,42.4
9/24/2025 22:00,delwebb_to_marketpl,SB,0,0.56,44
9/24/2025 23:00,delwebb_to_marketpl,SB,0.05,0.65,38.4
9/25/2025 0:00,delwebb_to_marketpl,SB,0.01,0.57,44.6
9/25/2025 1:00,delwebb_to_marketpl,SB,0,0.56,44
9/25/2025 2:00,delwebb_to_marketpl,SB,0,0.56,44
9/25/2025 3:00,delwebb_to_marketpl,SB,0,0.56,44
9/25/2025 4:00,delwebb_to_marketpl,SB,0,0.6,41.6
9/25/2025 5:00,delwebb_to_marketpl,SB,0,0.55,45
9/25/2025 6:00,delwebb_to_marketpl,SB,0.02,0.57,43.5
9/25/2025 7:00,delwebb_to_marketpl,SB,0.07,0.65,38.5
9/25/2025 8:00,delwebb_to_marketpl,SB,0.06,0.66,38
9/25/2025 9:00,delwebb_to_marketpl,SB,0.09,0.72,34.4
9/25/2025 10:00,delwebb_to_marketpl,SB,0.21,0.84,30.2
9/25/2025 11:00,delwebb_to_marketpl,SB,0.16,0.78,32
9/25/2025 12:00,delwebb_to_marketpl,SB,0.12,0.74,33.8
9/25/2025 13:00,delwebb_to_marketpl,SB,0.15,0.8,31.6
9/25/2025 14:00,delwebb_to_marketpl,SB,0.16,0.78,31.9
9/25/2025 15:00,delwebb_to_marketpl,SB,0.2,0.82,30.6
9/25/2025 16:00,delwebb_to_marketpl,SB,0.09,0.72,34.8
9/25/2025 17:00,delwebb_to_marketpl,SB,0.19,0.81,30.9
9/25/2025 18:00,delwebb_to_marketpl,SB,0.14,0.74,34.5
9/25/2025 19:00,delwebb_to_marketpl,SB,0.15,0.76,33.3
9/25/2025 20:00,delwebb_to_marketpl,SB,0.12,0.76,33.1
9/25/2025 21:00,delwebb_to_marketpl,SB,0.1,0.76,32.9
9/25/2025 22:00,delwebb_to_marketpl,SB,0.02,0.62,40.4
9/25/2025 23:00,delwebb_to_marketpl,SB,0.04,0.64,39.5
9/26/2025 0:00,delwebb_to_marketpl,SB,0.03,0.63,39.9
9/26/2025 1:00,delwebb_to_marketpl,SB,0,0.5,50.5
9/26/2025 2:00,delwebb_to_marketpl,SB,0.04,0.65,38.9
9/26/2025 3:00,delwebb_to_marketpl,SB,0,0.56,44
9/26/2025 4:00,delwebb_to_marketpl,SB,0.03,0.6,41.6
9/26/2025 5:00,delwebb_to_marketpl,SB,0.01,0.58,43.2
9/26/2025 6:00,delwebb_to_marketpl,SB,0.05,0.63,39.7
9/26/2025 7:00,delwebb_to_marketpl,SB,0.06,0.64,39.3
9/26/2025 8:00,delwebb_to_marketpl,SB,0.07,0.68,36.8
9/26/2025 9:00,delwebb_to_marketpl,SB,0.14,0.77,32.6
9/26/2025 10:00,delwebb_to_marketpl,SB,0.18,0.82,30.7
9/26/2025 11:00,delwebb_to_marketpl,SB,0.2,0.86,29.1
9/26/2025 12:00,delwebb_to_marketpl,SB,0.2,0.83,30.3
9/26/2025 13:00,delwebb_to_marketpl,SB,0.32,0.98,25.8
9/26/2025 14:00,delwebb_to_marketpl,SB,0.24,0.88,28.8
9/26/2025 15:00,delwebb_to_marketpl,SB,0.1,0.71,35.1
9/26/2025 16:00,delwebb_to_marketpl,SB,0.13,0.76,32.8
9/26/2025 17:00,delwebb_to_marketpl,SB,0.19,0.81,31.3
9/26/2025 18:00,delwebb_to_marketpl,SB,0.08,0.69,36.4
9/26/2025 19:00,delwebb_to_marketpl,SB,0.04,0.66,37.9
9/26/2025 20:00,delwebb_to_marketpl,SB,0.07,0.68,36.5
9/26/2025 21:00,delwebb_to_marketpl,SB,0.08,0.71,35.5
9/26/2025 22:00,delwebb_to_marketpl,SB,0.01,0.6,41.1
9/26/2025 23:00,delwebb_to_marketpl,SB,0.01,0.56,44.8
9/27/2025 0:00,delwebb_to_marketpl,SB,0,0.57,43.6
9/27/2025 1:00,delwebb_to_marketpl,SB,0,0.54,46.2
9/27/2025 2:00,delwebb_to_marketpl,SB,0.03,0.64,39.4
9/27/2025 3:00,delwebb_to_marketpl,SB,0,0.58,43.1
9/27/2025 4:00,delwebb_to_marketpl,SB,0,0.53,46.5
9/27/2025 5:00,delwebb_to_marketpl,SB,0,0.6,41.8
9/27/2025 6:00,delwebb_to_marketpl,SB,0.04,0.69,36.4
9/27/2025 7:00,delwebb_to_marketpl,SB,0.03,0.65,38.7
9/27/2025 8:00,delwebb_to_marketpl,SB,0.02,0.61,41.2
9/27/2025 9:00,delwebb_to_marketpl,SB,0.08,0.71,35.5
9/27/2025 10:00,delwebb_to_marketpl,SB,0.16,0.79,33.1
9/27/2025 11:00,delwebb_to_marketpl,SB,0.15,0.77,32.8
9/27/2025 12:00,delwebb_to_marketpl,SB,0.1,0.74,33.9
9/27/2025 13:00,delwebb_to_marketpl,SB,0.09,0.7,36
9/27/2025 14:00,delwebb_to_marketpl,SB,0.05,0.67,37.8
9/27/2025 15:00,delwebb_to_marketpl,SB,0.18,0.8,31.2
9/27/2025 16:00,delwebb_to_marketpl,SB,0.11,0.72,35.2
9/27/2025 17:00,delwebb_to_marketpl,SB,0.16,0.81,31.1
9/27/2025 18:00,delwebb_to_marketpl,SB,0.12,0.76,32.7
9/27/2025 19:00,delwebb_to_marketpl,SB,0.07,0.71,35.8
9/27/2025 20:00,delwebb_to_marketpl,SB,0.04,0.65,38.8
9/27/2025 21:00,delwebb_to_marketpl,SB,0.12,0.76,33
9/27/2025 22:00,delwebb_to_marketpl,SB,0.04,0.64,39.4
9/27/2025 23:00,delwebb_to_marketpl,SB,0.01,0.56,44.6
9/28/2025 0:00,delwebb_to_marketpl,SB,0.02,0.62,40.3
9/28/2025 1:00,delwebb_to_marketpl,SB,0.02,0.63,39.5
9/28/2025 2:00,delwebb_to_marketpl,SB,0.05,0.65,39.1
9/28/2025 3:00,delwebb_to_marketpl,SB,0,0.56,44
9/28/2025 4:00,delwebb_to_marketpl,SB,0.08,0.71,36.3
9/28/2025 5:00,delwebb_to_marketpl,SB,0.1,0.75,33.3
9/28/2025 6:00,delwebb_to_marketpl,SB,0.16,0.79,33.3
9/28/2025 7:00,delwebb_to_marketpl,SB,0.09,0.72,35
9/28/2025 8:00,delwebb_to_marketpl,SB,0.02,0.63,39.5
9/28/2025 9:00,delwebb_to_marketpl,SB,0.1,0.7,35.7
9/28/2025 10:00,delwebb_to_marketpl,SB,0.03,0.62,40.6
9/28/2025 11:00,delwebb_to_marketpl,SB,0.14,0.75,33.8
9/28/2025 12:00,delwebb_to_marketpl,SB,0.07,0.67,37.5
9/28/2025 13:00,delwebb_to_marketpl,SB,0.06,0.68,37.2
9/28/2025 14:00,delwebb_to_marketpl,SB,0.09,0.73,34.3
9/28/2025 15:00,delwebb_to_marketpl,SB,0.07,0.68,37.3
9/28/2025 16:00,delwebb_to_marketpl,SB,0.06,0.66,38
9/28/2025 17:00,delwebb_to_marketpl,SB,0.09,0.69,36.3
9/28/2025 18:00,delwebb_to_marketpl,SB,0.18,0.79,31.8
9/28/2025 19:00,delwebb_to_marketpl,SB,0.11,0.71,35.7
9/28/2025 20:00,delwebb_to_marketpl,SB,0.14,0.79,31.8
9/28/2025 21:00,delwebb_to_marketpl,SB,0.03,0.66,38
9/28/2025 22:00,delwebb_to_marketpl,SB,0.03,0.6,41.7
9/28/2025 23:00,delwebb_to_marketpl,SB,0,0.49,50.5
9/29/2025 0:00,delwebb_to_marketpl,SB,0,0.53,46.9
9/29/2025 1:00,delwebb_to_marketpl,SB,0,0.58,42.6
9/29/2025 2:00,delwebb_to_marketpl,SB,0,0.55,45
9/29/2025 3:00,delwebb_to_marketpl,SB,0.02,0.58,43.5
9/29/2025 4:00,delwebb_to_marketpl,SB,0.04,0.64,39.2
9/29/2025 5:00,delwebb_to_marketpl,SB,0.03,0.61,41.4
9/29/2025 6:00,delwebb_to_marketpl,SB,0.05,0.63,40.4
9/29/2025 7:00,delwebb_to_marketpl,SB,0.05,0.61,41.4
9/29/2025 8:00,delwebb_to_marketpl,SB,0.05,0.63,39.6
9/29/2025 9:00,delwebb_to_marketpl,SB,0.09,0.72,35
9/29/2025 10:00,delwebb_to_marketpl,SB,0.09,0.72,34.8
9/29/2025 11:00,delwebb_to_marketpl,SB,0.2,0.85,30
9/29/2025 12:00,delwebb_to_marketpl,SB,0.28,0.93,27.2
9/29/2025 13:00,delwebb_to_marketpl,SB,0.14,0.78,32.2
9/29/2025 14:00,delwebb_to_marketpl,SB,0.17,0.8,31.3
9/29/2025 15:00,delwebb_to_marketpl,SB,0.14,0.77,32.8
9/29/2025 16:00,delwebb_to_marketpl,SB,0.13,0.75,34.3
9/29/2025 17:00,delwebb_to_marketpl,SB,0.12,0.73,34.6
9/29/2025 18:00,delwebb_to_marketpl,SB,0.15,0.78,32.6
9/29/2025 19:00,delwebb_to_marketpl,SB,0.18,0.81,31.1
9/29/2025 20:00,delwebb_to_marketpl,SB,0.02,0.59,42.3
9/29/2025 21:00,delwebb_to_marketpl,SB,0,0.55,45.2
9/29/2025 22:00,delwebb_to_marketpl,SB,0.01,0.56,45
9/29/2025 23:00,delwebb_to_marketpl,SB,0.01,0.55,45.6
9/30/2025 0:00,delwebb_to_marketpl,SB,0.03,0.64,39.4
9/30/2025 1:00,delwebb_to_marketpl,SB,0,0.56,44.3
9/30/2025 2:00,delwebb_to_marketpl,SB,0,0.57,43.9
9/30/2025 3:00,delwebb_to_marketpl,SB,0,0.55,45.1
9/30/2025 4:00,delwebb_to_marketpl,SB,0,0.52,47.7
9/30/2025 5:00,delwebb_to_marketpl,SB,0.01,0.56,45.2
9/30/2025 6:00,delwebb_to_marketpl,SB,0.02,0.58,43.4
9/30/2025 7:00,delwebb_to_marketpl,SB,0.05,0.65,38.3
9/30/2025 8:00,delwebb_to_marketpl,SB,0.11,0.7,36.8
9/30/2025 9:00,delwebb_to_marketpl,SB,0.09,0.71,35.1
9/30/2025 10:00,delwebb_to_marketpl,SB,0.09,0.73,34.6
9/30/2025 11:00,delwebb_to_marketpl,SB,0.14,0.77,32.6
9/30/2025 12:00,delwebb_to_marketpl,SB,0.19,0.83,30.6
9/30/2025 13:00,delwebb_to_marketpl,SB,0.18,0.82,30.7
9/30/2025 14:00,delwebb_to_marketpl,SB,0.11,0.75,33.2
9/30/2025 15:00,delwebb_to_marketpl,SB,0.19,0.82,30.9
9/30/2025 16:00,delwebb_to_marketpl,SB,0.21,0.8,31.6
9/30/2025 17:00,delwebb_to_marketpl,SB,0.14,0.75,33.8
9/30/2025 18:00,delwebb_to_marketpl,SB,0.13,0.75,33.1
9/30/2025 19:00,delwebb_to_marketpl,SB,0.05,0.68,36.7
9/30/2025 20:00,delwebb_to_marketpl,SB,0.03,0.66,37.8
9/30/2025 21:00,delwebb_to_marketpl,SB,0.05,0.65,38.6
9/30/2025 22:00,delwebb_to_marketpl,SB,0,0.58,43.1
9/30/2025 23:00,delwebb_to_marketpl,SB,0.01,0.59,41.9
10/1/2025 0:00,delwebb_to_marketpl,SB,0,0.57,43.5
10/1/2025 1:00,delwebb_to_marketpl,SB,0,0.56,44
10/1/2025 2:00,delwebb_to_marketpl,SB,0,0.56,44
10/1/2025 3:00,delwebb_to_marketpl,SB,0,0.54,46.1
10/1/2025 4:00,delwebb_to_marketpl,SB,0.06,0.64,39
10/1/2025 5:00,delwebb_to_marketpl,SB,0.01,0.53,48.1
10/1/2025 6:00,delwebb_to_marketpl,SB,0.02,0.6,42.2
10/1/2025 7:00,delwebb_to_marketpl,SB,0.07,0.68,36.9
10/1/2025 8:00,delwebb_to_marketpl,SB,0.14,0.76,33.3
10/1/2025 9:00,delwebb_to_marketpl,SB,0.11,0.73,34.2
10/1/2025 10:00,delwebb_to_marketpl,SB,0.11,0.76,32.9
10/1/2025 11:00,delwebb_to_marketpl,SB,0.21,0.86,29.5
10/1/2025 12:00,delwebb_to_marketpl,SB,0.2,0.81,31.2
10/1/2025 13:00,delwebb_to_marketpl,SB,0.18,0.82,30.7
10/1/2025 14:00,delwebb_to_marketpl,SB,0.2,0.84,29.7
10/1/2025 15:00,delwebb_to_marketpl,SB,0.2,0.83,30.3
10/1/2025 16:00,delwebb_to_marketpl,SB,0.22,0.86,29.6
10/1/2025 17:00,delwebb_to_marketpl,SB,0.27,0.92,27.3
10/1/2025 18:00,delwebb_to_marketpl,SB,0.13,0.74,34.8
10/1/2025 19:00,delwebb_to_marketpl,SB,0.2,0.84,30.3
10/1/2025 20:00,delwebb_to_marketpl,SB,0.16,0.81,31.1
10/1/2025 21:00,delwebb_to_marketpl,SB,0.03,0.62,40.8
10/1/2025 22:00,delwebb_to_marketpl,SB,0.01,0.56,44.9
10/1/2025 23:00,delwebb_to_marketpl,SB,0.03,0.56,44.6
10/2/2025 0:00,delwebb_to_marketpl,SB,0.02,0.59,42.4
10/2/2025 1:00,delwebb_to_marketpl,SB,0.05,0.66,38.6
10/2/2025 2:00,delwebb_to_marketpl,SB,0,0.57,43.7
10/2/2025 3:00,delwebb_to_marketpl,SB,0,0.58,43.1
10/2/2025 4:00,delwebb_to_marketpl,SB,0.01,0.53,47.1
10/2/2025 5:00,delwebb_to_marketpl,SB,0,0.57,44.2
10/2/2025 6:00,delwebb_to_marketpl,SB,0.02,0.62,40.1
10/2/2025 7:00,delwebb_to_marketpl,SB,0.08,0.67,37.1
10/2/2025 8:00,delwebb_to_marketpl,SB,0.09,0.7,36
10/2/2025 9:00,delwebb_to_marketpl,SB,0.14,0.78,32.3
10/2/2025 10:00,delwebb_to_marketpl,SB,0.1,0.73,34.4
10/2/2025 11:00,delwebb_to_marketpl,SB,0.18,0.82,30.5
10/2/2025 12:00,delwebb_to_marketpl,SB,0.23,0.86,29.9
10/2/2025 13:00,delwebb_to_marketpl,SB,0.12,0.75,33.4
10/2/2025 14:00,delwebb_to_marketpl,SB,0.21,0.85,29.5
10/2/2025 15:00,delwebb_to_marketpl,SB,0.18,0.84,30.3
10/2/2025 16:00,delwebb_to_marketpl,SB,0.19,0.83,30.3
10/2/2025 17:00,delwebb_to_marketpl,SB,0.14,0.77,32.6
10/2/2025 18:00,delwebb_to_marketpl,SB,0.14,0.77,32.9
10/2/2025 19:00,delwebb_to_marketpl,SB,0.09,0.69,36.7
10/2/2025 20:00,delwebb_to_marketpl,SB,0.04,0.67,37.1
10/2/2025 21:00,delwebb_to_marketpl,SB,0.06,0.68,37
10/2/2025 22:00,delwebb_to_marketpl,SB,0,0.58,43.3
10/2/2025 23:00,delwebb_to_marketpl,SB,0,0.57,43.4
10/3/2025 0:00,delwebb_to_marketpl,SB,0,0.6,41.8
10/3/2025 1:00,delwebb_to_marketpl,SB,0,0.56,44
10/3/2025 2:00,delwebb_to_marketpl,SB,0,0.56,44
10/3/2025 3:00,delwebb_to_marketpl,SB,0.02,0.58,43.1
10/3/2025 4:00,delwebb_to_marketpl,SB,0.03,0.64,39.8
10/3/2025 5:00,delwebb_to_marketpl,SB,0.04,0.68,36.7
10/3/2025 6:00,delwebb_to_marketpl,SB,0.03,0.65,39
10/3/2025 7:00,delwebb_to_marketpl,SB,0.1,0.68,36.9
10/3/2025 8:00,delwebb_to_marketpl,SB,0.1,0.73,34.8
10/3/2025 9:00,delwebb_to_marketpl,SB,0.13,0.75,34.3
10/3/2025 10:00,delwebb_to_marketpl,SB,0.16,0.78,32.7
10/3/2025 11:00,delwebb_to_marketpl,SB,0.16,0.8,31.4
10/3/2025 12:00,delwebb_to_marketpl,SB,0.23,0.85,29.7
10/3/2025 13:00,delwebb_to_marketpl,SB,0.2,0.84,29.9
10/3/2025 14:00,delwebb_to_marketpl,SB,0.25,0.89,29
10/3/2025 15:00,delwebb_to_marketpl,SB,0.31,0.93,27.1
10/3/2025 16:00,delwebb_to_marketpl,SB,0.26,0.86,29.6
10/3/2025 17:00,delwebb_to_marketpl,SB,0.2,0.83,30.5
10/3/2025 18:00,delwebb_to_marketpl,SB,0.08,0.68,36.8
10/3/2025 19:00,delwebb_to_marketpl,SB,0.09,0.7,35.9
10/3/2025 20:00,delwebb_to_marketpl,SB,0.06,0.67,37.7
10/3/2025 21:00,delwebb_to_marketpl,SB,0,0.57,43.4
10/3/2025 22:00,delwebb_to_marketpl,SB,0.04,0.64,39
10/3/2025 23:00,delwebb_to_marketpl,SB,0.01,0.53,47.8
10/4/2025 0:00,delwebb_to_marketpl,SB,0.01,0.62,40.9
10/4/2025 1:00,delwebb_to_marketpl,SB,0,0.56,44
10/4/2025 2:00,delwebb_to_marketpl,SB,0,0.56,44
10/4/2025 3:00,delwebb_to_marketpl,SB,0.02,0.62,40.7
10/4/2025 4:00,delwebb_to_marketpl,SB,0.02,0.63,39.7
10/4/2025 5:00,delwebb_to_marketpl,SB,0.01,0.55,45.5
10/4/2025 6:00,delwebb_to_marketpl,SB,0.03,0.63,39.4
10/4/2025 7:00,delwebb_to_marketpl,SB,0.01,0.63,39.4
10/4/2025 8:00,delwebb_to_marketpl,SB,0.04,0.63,40.4
10/4/2025 9:00,delwebb_to_marketpl,SB,0.05,0.65,38.7
10/4/2025 10:00,delwebb_to_marketpl,SB,0.16,0.79,32
10/4/2025 11:00,delwebb_to_marketpl,SB,0.15,0.79,31.9
10/4/2025 12:00,delwebb_to_marketpl,SB,0.15,0.76,33
10/4/2025 13:00,delwebb_to_marketpl,SB,0.13,0.75,33.4
10/4/2025 14:00,delwebb_to_marketpl,SB,0.08,0.7,37.1
10/4/2025 15:00,delwebb_to_marketpl,SB,0.08,0.65,39.3
10/4/2025 16:00,delwebb_to_marketpl,SB,0.05,0.68,37
10/4/2025 17:00,delwebb_to_marketpl,SB,0.17,0.78,33.2
10/4/2025 18:00,delwebb_to_marketpl,SB,0.16,0.78,32.5
10/4/2025 19:00,delwebb_to_marketpl,SB,0.05,0.64,39.3
10/4/2025 20:00,delwebb_to_marketpl,SB,0.16,0.79,32
10/4/2025 21:00,delwebb_to_marketpl,SB,0.01,0.62,40.5
10/4/2025 22:00,delwebb_to_marketpl,SB,0.01,0.61,41
10/4/2025 23:00,delwebb_to_marketpl,SB,0.02,0.6,41.9
10/5/2025 0:00,delwebb_to_marketpl,SB,0.03,0.64,39
10/5/2025 1:00,delwebb_to_marketpl,SB,0.02,0.62,40.3
10/5/2025 2:00,delwebb_to_marketpl,SB,0,0.56,44
10/5/2025 3:00,delwebb_to_marketpl,SB,0.03,0.64,39.4
10/5/2025 4:00,delwebb_to_marketpl,SB,0.01,0.58,42.7
10/5/2025 5:00,delwebb_to_marketpl,SB,0.03,0.62,40.8
10/5/2025 6:00,delwebb_to_marketpl,SB,0.01,0.55,45.1
10/5/2025 7:00,delwebb_to_marketpl,SB,0.01,0.58,43.1
10/5/2025 8:00,delwebb_to_marketpl,SB,0.05,0.66,38.2
10/5/2025 9:00,delwebb_to_marketpl,SB,0.13,0.75,33.5
10/5/2025 10:00,delwebb_to_marketpl,SB,0.07,0.68,37.5
10/5/2025 11:00,delwebb_to_marketpl,SB,0.05,0.67,37.3
10/5/2025 12:00,delwebb_to_marketpl,SB,0.08,0.7,36
10/5/2025 13:00,delwebb_to_marketpl,SB,0.15,0.76,33.1
10/5/2025 14:00,delwebb_to_marketpl,SB,0.29,0.94,27.2
10/5/2025 15:00,delwebb_to_marketpl,SB,0.11,0.72,35.3
10/5/2025 16:00,delwebb_to_marketpl,SB,0.11,0.71,35.4
10/5/2025 17:00,delwebb_to_marketpl,SB,0.11,0.72,34.9
10/5/2025 18:00,delwebb_to_marketpl,SB,0.15,0.77,32.7
10/5/2025 19:00,delwebb_to_marketpl,SB,0.1,0.7,36.5
10/5/2025 20:00,delwebb_to_marketpl,SB,0.02,0.64,39.1
10/5/2025 21:00,delwebb_to_marketpl,SB,0.02,0.62,40.6
10/5/2025 22:00,delwebb_to_marketpl,SB,0.04,0.65,39.4
10/5/2025 23:00,delwebb_to_marketpl,SB,0,0.6,41.7
10/6/2025 0:00,delwebb_to_marketpl,SB,0.02,0.61,40.8
10/6/2025 1:00,delwebb_to_marketpl,SB,0,0.56,44
10/6/2025 2:00,delwebb_to_marketpl,SB,0,0.56,44
10/6/2025 3:00,delwebb_to_marketpl,SB,0,0.54,46.4
10/6/2025 4:00,delwebb_to_marketpl,SB,0.02,0.62,40.8
10/6/2025 5:00,delwebb_to_marketpl,SB,0.1,0.7,37.8
10/6/2025 6:00,delwebb_to_marketpl,SB,0.02,0.62,40.5
10/6/2025 7:00,delwebb_to_marketpl,SB,0.04,0.62,40.4
10/6/2025 8:00,delwebb_to_marketpl,SB,0.06,0.64,39.5
10/6/2025 9:00,delwebb_to_marketpl,SB,0.1,0.72,35
10/6/2025 10:00,delwebb_to_marketpl,SB,0.19,0.83,30.4
10/6/2025 11:00,delwebb_to_marketpl,SB,0.19,0.83,30.2
10/6/2025 12:00,delwebb_to_marketpl,SB,0.25,0.9,28.8
10/6/2025 13:00,delwebb_to_marketpl,SB,0.14,0.78,32.1
10/6/2025 14:00,delwebb_to_marketpl,SB,0.13,0.77,32.5
10/6/2025 15:00,delwebb_to_marketpl,SB,0.18,0.79,32
10/6/2025 16:00,delwebb_to_marketpl,SB,0.09,0.71,35
10/6/2025 17:00,delwebb_to_marketpl,SB,0.13,0.74,34
10/6/2025 18:00,delwebb_to_marketpl,SB,0.12,0.74,34.2
10/6/2025 19:00,delwebb_to_marketpl,SB,0.1,0.75,33.4
10/6/2025 20:00,delwebb_to_marketpl,SB,0.09,0.73,34.6
10/6/2025 21:00,delwebb_to_marketpl,SB,0,0.57,43.6
10/6/2025 22:00,delwebb_to_marketpl,SB,0.01,0.57,43.6
10/6/2025 23:00,delwebb_to_marketpl,SB,0,0.56,44.1
10/7/2025 0:00,delwebb_to_marketpl,SB,0,0.55,45.5
10/7/2025 1:00,delwebb_to_marketpl,SB,0,0.56,44
10/7/2025 2:00,delwebb_to_marketpl,SB,0,0.55,44.8
10/7/2025 3:00,delwebb_to_marketpl,SB,0,0.53,47.3
10/7/2025 4:00,delwebb_to_marketpl,SB,0,0.56,44
10/7/2025 5:00,delwebb_to_marketpl,SB,0,0.59,42.4
10/7/2025 6:00,delwebb_to_marketpl,SB,0.02,0.58,43.3
10/7/2025 7:00,delwebb_to_marketpl,SB,0.06,0.63,39.5
10/7/2025 8:00,delwebb_to_marketpl,SB,0.07,0.68,37.5
10/7/2025 9:00,delwebb_to_marketpl,SB,0.12,0.75,33.3
10/7/2025 10:00,delwebb_to_marketpl,SB,0.17,0.8,31.7
10/7/2025 11:00,delwebb_to_marketpl,SB,0.18,0.81,31
10/7/2025 12:00,delwebb_to_marketpl,SB,0.15,0.78,32.3
10/7/2025 13:00,delwebb_to_marketpl,SB,0.23,0.87,28.8
10/7/2025 14:00,delwebb_to_marketpl,SB,0.21,0.84,29.8
10/7/2025 15:00,delwebb_to_marketpl,SB,0.17,0.79,32.3
10/7/2025 16:00,delwebb_to_marketpl,SB,0.19,0.83,30.6
10/7/2025 17:00,delwebb_to_marketpl,SB,0.18,0.8,31.4
10/7/2025 18:00,delwebb_to_marketpl,SB,0.12,0.73,34.7
10/7/2025 19:00,delwebb_to_marketpl,SB,0.17,0.79,33
10/7/2025 20:00,delwebb_to_marketpl,SB,0.09,0.68,37.4
10/7/2025 21:00,delwebb_to_marketpl,SB,0,0.56,44.4
10/7/2025 22:00,delwebb_to_marketpl,SB,0,0.54,46.1
10/7/2025 23:00,delwebb_to_marketpl,SB,0,0.53,47.1
10/8/2025 0:00,delwebb_to_marketpl,SB,0,0.54,46.3
10/8/2025 1:00,delwebb_to_marketpl,SB,0,0.56,44
10/8/2025 2:00,delwebb_to_marketpl,SB,0,0.56,44
10/8/2025 3:00,delwebb_to_marketpl,SB,0.08,0.69,37.1
10/8/2025 4:00,delwebb_to_marketpl,SB,0,0.55,45.7
10/8/2025 5:00,delwebb_to_marketpl,SB,0.01,0.59,42.6
10/8/2025 6:00,delwebb_to_marketpl,SB,0.02,0.6,41.8
10/8/2025 7:00,delwebb_to_marketpl,SB,0.09,0.68,37.3
10/8/2025 8:00,delwebb_to_marketpl,SB,0.05,0.65,38.5
10/8/2025 9:00,delwebb_to_marketpl,SB,0.1,0.74,34.3
10/8/2025 10:00,delwebb_to_marketpl,SB,0.13,0.76,33
10/8/2025 11:00,delwebb_to_marketpl,SB,0.17,0.8,31.6
10/8/2025 12:00,delwebb_to_marketpl,SB,0.1,0.75,33.4
10/8/2025 13:00,delwebb_to_marketpl,SB,0.22,0.86,29
10/8/2025 14:00,delwebb_to_marketpl,SB,0.17,0.82,30.5
10/8/2025 15:00,delwebb_to_marketpl,SB,0.16,0.79,31.8
10/8/2025 16:00,delwebb_to_marketpl,SB,0.16,0.78,32.5
10/8/2025 17:00,delwebb_to_marketpl,SB,0.21,0.83,30.6
10/8/2025 18:00,delwebb_to_marketpl,SB,0.15,0.76,33.3
10/8/2025 19:00,delwebb_to_marketpl,SB,0.02,0.65,38.4
10/8/2025 20:00,delwebb_to_marketpl,SB,0.16,0.81,31.5
10/8/2025 21:00,delwebb_to_marketpl,SB,0.01,0.55,45.6
10/8/2025 22:00,delwebb_to_marketpl,SB,0,0.59,42.2
10/8/2025 23:00,delwebb_to_marketpl,SB,0,0.59,42.5
10/9/2025 0:00,delwebb_to_marketpl,SB,0.03,0.65,38.8
10/9/2025 1:00,delwebb_to_marketpl,SB,0.02,0.61,41.6
10/9/2025 2:00,delwebb_to_marketpl,SB,0,0.57,43.9
10/9/2025 3:00,delwebb_to_marketpl,SB,0.01,0.6,41.9
10/9/2025 4:00,delwebb_to_marketpl,SB,0.01,0.59,43.1
10/9/2025 5:00,delwebb_to_marketpl,SB,0.01,0.6,42
10/9/2025 6:00,delwebb_to_marketpl,SB,0.02,0.56,44.5
10/9/2025 7:00,delwebb_to_marketpl,SB,0.02,0.61,41.1
10/9/2025 8:00,delwebb_to_marketpl,SB,0.05,0.64,38.6
10/9/2025 9:00,delwebb_to_marketpl,SB,0.02,0.64,39
10/9/2025 10:00,delwebb_to_marketpl,SB,0.15,0.78,32
10/9/2025 11:00,delwebb_to_marketpl,SB,0.14,0.78,32.1
10/9/2025 12:00,delwebb_to_marketpl,SB,0.16,0.81,30.9
10/9/2025 13:00,delwebb_to_marketpl,SB,0.18,0.83,30.6
10/9/2025 14:00,delwebb_to_marketpl,SB,0.15,0.77,32.7
10/9/2025 15:00,delwebb_to_marketpl,SB,0.2,0.85,29.9
10/9/2025 16:00,delwebb_to_marketpl,SB,0.21,0.85,29.7
10/9/2025 17:00,delwebb_to_marketpl,SB,0.16,0.8,31.4
10/9/2025 18:00,delwebb_to_marketpl,SB,0.11,0.73,34.5
10/9/2025 19:00,delwebb_to_marketpl,SB,0.08,0.73,34.4
10/9/2025 20:00,delwebb_to_marketpl,SB,0.12,0.69,36.7
10/9/2025 21:00,delwebb_to_marketpl,SB,0.2,0.82,31.7
10/9/2025 22:00,delwebb_to_marketpl,SB,0.07,0.68,37.7
10/9/2025 23:00,delwebb_to_marketpl,SB,0.03,0.61,40.7
10/10/2025 0:00,delwebb_to_marketpl,SB,0.01,0.6,41.5
10/10/2025 1:00,delwebb_to_marketpl,SB,0.01,0.61,41
10/10/2025 2:00,delwebb_to_marketpl,SB,0.01,0.59,42.5
10/10/2025 3:00,delwebb_to_marketpl,SB,0.13,0.74,35.5
10/10/2025 4:00,delwebb_to_marketpl,SB,0,0.56,44.7
10/10/2025 5:00,delwebb_to_marketpl,SB,0.14,0.78,32.9
10/10/2025 6:00,delwebb_to_marketpl,SB,0.01,0.6,41.6
10/10/2025 7:00,delwebb_to_marketpl,SB,0.05,0.62,40.3
10/10/2025 8:00,delwebb_to_marketpl,SB,0.12,0.75,33.9
10/10/2025 9:00,delwebb_to_marketpl,SB,0.17,0.79,32.2
10/10/2025 10:00,delwebb_to_marketpl,SB,0.15,0.8,31.2
10/10/2025 11:00,delwebb_to_marketpl,SB,0.16,0.81,30.8
10/10/2025 12:00,delwebb_to_marketpl,SB,0.23,0.87,28.7
10/10/2025 13:00,delwebb_to_marketpl,SB,0.14,0.76,32.8
10/10/2025 14:00,delwebb_to_marketpl,SB,0.28,0.9,28.8
10/10/2025 15:00,delwebb_to_marketpl,SB,0.22,0.85,29.8
10/10/2025 16:00,delwebb_to_marketpl,SB,0.11,0.74,33.8
10/10/2025 17:00,delwebb_to_marketpl,SB,0.13,0.71,35.3
10/10/2025 18:00,delwebb_to_marketpl,SB,0.17,0.79,31.8
10/10/2025 19:00,delwebb_to_marketpl,SB,0.08,0.68,37.7
10/10/2025 20:00,delwebb_to_marketpl,SB,0.1,0.71,35.9
10/10/2025 21:00,delwebb_to_marketpl,SB,0.1,0.7,35.9
10/10/2025 22:00,delwebb_to_marketpl,SB,0.09,0.7,35.9
10/10/2025 23:00,delwebb_to_marketpl,SB,0.1,0.71,35.5
10/11/2025 0:00,delwebb_to_marketpl,SB,0.01,0.57,43.6
10/11/2025 1:00,delwebb_to_marketpl,SB,0,0.57,43.4
10/11/2025 2:00,delwebb_to_marketpl,SB,0,0.59,42.5
10/11/2025 3:00,delwebb_to_marketpl,SB,0,0.6,41.7
10/11/2025 4:00,delwebb_to_marketpl,SB,0,0.57,43.9
10/11/2025 5:00,delwebb_to_marketpl,SB,0.08,0.71,36.1
10/11/2025 6:00,delwebb_to_marketpl,SB,0.02,0.59,43
10/11/2025 7:00,delwebb_to_marketpl,SB,0,0.58,43.3
10/11/2025 8:00,delwebb_to_marketpl,SB,0.08,0.71,35.2
10/11/2025 9:00,delwebb_to_marketpl,SB,0.12,0.77,33
10/11/2025 10:00,delwebb_to_marketpl,SB,0.06,0.68,36.5
10/11/2025 11:00,delwebb_to_marketpl,SB,0.15,0.8,31.2
10/11/2025 12:00,delwebb_to_marketpl,SB,0.02,0.62,40.7
10/11/2025 13:00,delwebb_to_marketpl,SB,0,0.55,45
10/11/2025 14:00,delwebb_to_marketpl,SB,0,0.55,45
10/11/2025 15:00,delwebb_to_marketpl,SB,0,0.55,45
10/11/2025 16:00,delwebb_to_marketpl,SB,0.12,0.72,35.3
10/11/2025 17:00,delwebb_to_marketpl,SB,0.05,0.66,38
10/11/2025 18:00,delwebb_to_marketpl,SB,0.17,0.81,31
10/11/2025 19:00,delwebb_to_marketpl,SB,0.09,0.73,34.6
10/11/2025 20:00,delwebb_to_marketpl,SB,0.05,0.64,38.8
10/11/2025 21:00,delwebb_to_marketpl,SB,0.01,0.6,41.9
10/11/2025 22:00,delwebb_to_marketpl,SB,0.07,0.69,36.5
10/11/2025 23:00,delwebb_to_marketpl,SB,0.03,0.63,40
10/12/2025 0:00,delwebb_to_marketpl,SB,0.01,0.55,45.1
10/12/2025 1:00,delwebb_to_marketpl,SB,0,0.55,45.7
10/12/2025 2:00,delwebb_to_marketpl,SB,0,0.54,46.2
10/12/2025 3:00,delwebb_to_marketpl,SB,0.02,0.63,39.8
10/12/2025 4:00,delwebb_to_marketpl,SB,0,0.55,45.6
10/12/2025 5:00,delwebb_to_marketpl,SB,0,0.52,48.6
10/12/2025 6:00,delwebb_to_marketpl,SB,0.01,0.61,40.8
10/12/2025 7:00,delwebb_to_marketpl,SB,0.03,0.68,36.8
10/12/2025 8:00,delwebb_to_marketpl,SB,0.02,0.62,40.4
10/12/2025 9:00,delwebb_to_marketpl,SB,0.11,0.73,35.1
10/12/2025 10:00,delwebb_to_marketpl,SB,0.08,0.7,36.5
10/12/2025 11:00,delwebb_to_marketpl,SB,0.03,0.65,38.5
10/12/2025 12:00,delwebb_to_marketpl,SB,0.13,0.76,33.3
10/12/2025 13:00,delwebb_to_marketpl,SB,0.13,0.75,33.7
10/12/2025 14:00,delwebb_to_marketpl,SB,0.11,0.75,33.7
10/12/2025 15:00,delwebb_to_marketpl,SB,0.18,0.8,31.4
10/12/2025 16:00,delwebb_to_marketpl,SB,0.17,0.82,31.1
10/12/2025 17:00,delwebb_to_marketpl,SB,0.09,0.69,36.9
10/12/2025 18:00,delwebb_to_marketpl,SB,0.13,0.75,33.4
10/12/2025 19:00,delwebb_to_marketpl,SB,0.15,0.78,32.6
10/12/2025 20:00,delwebb_to_marketpl,SB,0.08,0.7,35.9
10/12/2025 21:00,delwebb_to_marketpl,SB,0.02,0.59,42.8
10/12/2025 22:00,delwebb_to_marketpl,SB,0.04,0.62,40.9
10/12/2025 23:00,delwebb_to_marketpl,SB,0,0.58,42.6
10/13/2025 0:00,delwebb_to_marketpl,SB,0,0.56,44
10/13/2025 1:00,delwebb_to_marketpl,SB,0,0.54,46
10/13/2025 2:00,delwebb_to_marketpl,SB,0.06,0.67,38.2
10/13/2025 3:00,delwebb_to_marketpl,SB,0,0.55,44.9
10/13/2025 4:00,delwebb_to_marketpl,SB,0,0.59,42.1
10/13/2025 5:00,delwebb_to_marketpl,SB,0.01,0.61,41
10/13/2025 6:00,delwebb_to_marketpl,SB,0.01,0.56,44.5
10/13/2025 7:00,delwebb_to_marketpl,SB,0.04,0.6,41.6
10/13/2025 8:00,delwebb_to_marketpl,SB,0.09,0.7,36.3
10/13/2025 9:00,delwebb_to_marketpl,SB,0.13,0.77,32.6
10/13/2025 10:00,delwebb_to_marketpl,SB,0.12,0.75,33.4
10/13/2025 11:00,delwebb_to_marketpl,SB,0.18,0.82,30.3
10/13/2025 12:00,delwebb_to_marketpl,SB,0.15,0.79,32
10/13/2025 13:00,delwebb_to_marketpl,SB,0.26,0.9,28.2
10/13/2025 14:00,delwebb_to_marketpl,SB,0.23,0.87,28.8
10/13/2025 15:00,delwebb_to_marketpl,SB,0.18,0.8,31.5
10/13/2025 16:00,delwebb_to_marketpl,SB,0.15,0.8,31.7
10/13/2025 17:00,delwebb_to_marketpl,SB,0.13,0.76,33.2
10/13/2025 18:00,delwebb_to_marketpl,SB,0.18,0.81,31.4
10/13/2025 19:00,delwebb_to_marketpl,SB,0.02,0.61,41
10/13/2025 20:00,delwebb_to_marketpl,SB,0.05,0.67,37.6
10/13/2025 21:00,delwebb_to_marketpl,SB,0,0.58,42.8
10/13/2025 22:00,delwebb_to_marketpl,SB,0.01,0.56,44.3
10/13/2025 23:00,delwebb_to_marketpl,SB,0,0.56,44.2
10/14/2025 0:00,delwebb_to_marketpl,SB,0,0.57,43.9
10/14/2025 1:00,delwebb_to_marketpl,SB,0,0.57,43.9
10/14/2025 2:00,delwebb_to_marketpl,SB,0,0.57,43.8
10/14/2025 3:00,delwebb_to_marketpl,SB,0,0.57,43.8
10/14/2025 4:00,delwebb_to_marketpl,SB,0.03,0.63,40
10/14/2025 5:00,delwebb_to_marketpl,SB,0.04,0.65,38.9
10/14/2025 6:00,delwebb_to_marketpl,SB,0.02,0.6,41.5
10/14/2025 7:00,delwebb_to_marketpl,SB,0.02,0.59,42.3
10/14/2025 8:00,delwebb_to_marketpl,SB,0.14,0.78,32.3
10/14/2025 9:00,delwebb_to_marketpl,SB,0.11,0.73,34.3
10/14/2025 10:00,delwebb_to_marketpl,SB,0.23,0.88,28.5
10/14/2025 11:00,delwebb_to_marketpl,SB,0.2,0.85,30.7
10/14/2025 12:00,delwebb_to_marketpl,SB,0.16,0.79,31.8
10/14/2025 13:00,delwebb_to_marketpl,SB,0.21,0.85,29.9
10/14/2025 14:00,delwebb_to_marketpl,SB,0.14,0.78,32.7
10/14/2025 15:00,delwebb_to_marketpl,SB,0.23,0.85,29.9
10/14/2025 16:00,delwebb_to_marketpl,SB,0.14,0.75,33.1
10/14/2025 17:00,delwebb_to_marketpl,SB,0.16,0.78,32.6
10/14/2025 18:00,delwebb_to_marketpl,SB,0.01,0.57,43.5
10/14/2025 19:00,delwebb_to_marketpl,SB,0.14,0.75,33.8
10/14/2025 20:00,delwebb_to_marketpl,SB,0.15,0.8,31.5
10/14/2025 21:00,delwebb_to_marketpl,SB,0.03,0.58,43.2
10/14/2025 22:00,delwebb_to_marketpl,SB,0.03,0.64,39.7
10/14/2025 23:00,delwebb_to_marketpl,SB,0.08,0.67,37.8
10/15/2025 0:00,delwebb_to_marketpl,SB,0,0.53,46.7
10/15/2025 1:00,delwebb_to_marketpl,SB,0,0.56,44
10/15/2025 2:00,delwebb_to_marketpl,SB,0,0.57,43.7
10/15/2025 3:00,delwebb_to_marketpl,SB,0,0.57,43.5
10/15/2025 4:00,delwebb_to_marketpl,SB,0,0.59,42.1
10/15/2025 5:00,delwebb_to_marketpl,SB,0,0.58,43
10/15/2025 6:00,delwebb_to_marketpl,SB,0.04,0.63,39.8
10/15/2025 7:00,delwebb_to_marketpl,SB,0.06,0.63,39.4
10/15/2025 8:00,delwebb_to_marketpl,SB,0.12,0.75,33.8
10/15/2025 9:00,delwebb_to_marketpl,SB,0.22,0.88,28.9
10/15/2025 10:00,delwebb_to_marketpl,SB,0.09,0.72,34.9
10/15/2025 11:00,delwebb_to_marketpl,SB,0.24,0.9,28.5
10/15/2025 12:00,delwebb_to_marketpl,SB,0.16,0.79,31.7
10/15/2025 13:00,delwebb_to_marketpl,SB,0.19,0.83,30.2
10/15/2025 14:00,delwebb_to_marketpl,SB,0.22,0.87,29
10/15/2025 15:00,delwebb_to_marketpl,SB,0.2,0.82,30.6
10/15/2025 16:00,delwebb_to_marketpl,SB,0.09,0.69,36.2
10/15/2025 17:00,delwebb_to_marketpl,SB,0.28,0.9,28.2
10/15/2025 18:00,delwebb_to_marketpl,SB,0.03,0.62,40
10/15/2025 19:00,delwebb_to_marketpl,SB,0.1,0.71,35.3
10/15/2025 20:00,delwebb_to_marketpl,SB,0.02,0.62,40.4
10/15/2025 21:00,delwebb_to_marketpl,SB,0.13,0.75,33.9
10/15/2025 22:00,delwebb_to_marketpl,SB,0,0.53,47.3
10/15/2025 23:00,delwebb_to_marketpl,SB,0.01,0.57,44.1
10/16/2025 0:00,delwebb_to_marketpl,SB,0.02,0.6,41.6
10/16/2025 1:00,delwebb_to_marketpl,SB,0.07,0.67,39
10/16/2025 2:00,delwebb_to_marketpl,SB,0,0.56,44
10/16/2025 3:00,delwebb_to_marketpl,SB,0.02,0.64,39.6
10/16/2025 4:00,delwebb_to_marketpl,SB,0,0.57,43.5
10/16/2025 5:00,delwebb_to_marketpl,SB,0,0.57,43.3
10/16/2025 6:00,delwebb_to_marketpl,SB,0.01,0.59,42.3
10/16/2025 7:00,delwebb_to_marketpl,SB,0.06,0.66,38
10/16/2025 8:00,delwebb_to_marketpl,SB,0.07,0.66,38.8
10/16/2025 9:00,delwebb_to_marketpl,SB,0.09,0.72,34.9
10/16/2025 10:00,delwebb_to_marketpl,SB,0.24,0.88,28.5
10/16/2025 11:00,delwebb_to_marketpl,SB,0.11,0.74,34.2
10/16/2025 12:00,delwebb_to_marketpl,SB,0.13,0.76,33.6
10/16/2025 13:00,delwebb_to_marketpl,SB,0.2,0.84,30
10/16/2025 14:00,delwebb_to_marketpl,SB,0.17,0.8,31.1
10/16/2025 15:00,delwebb_to_marketpl,SB,0.18,0.81,31.1
10/16/2025 16:00,delwebb_to_marketpl,SB,0.14,0.78,32.3
10/16/2025 17:00,delwebb_to_marketpl,SB,0.23,0.87,29
10/16/2025 18:00,delwebb_to_marketpl,SB,0.09,0.68,36.9
10/16/2025 19:00,delwebb_to_marketpl,SB,0.05,0.66,37.7
10/16/2025 20:00,delwebb_to_marketpl,SB,0.12,0.71,36.6
10/16/2025 21:00,delwebb_to_marketpl,SB,0.05,0.61,41.8
10/16/2025 22:00,delwebb_to_marketpl,SB,0.02,0.59,42.3
10/16/2025 23:00,delwebb_to_marketpl,SB,0,0.54,46.5
10/17/2025 0:00,delwebb_to_marketpl,SB,0,0.54,45.7
10/17/2025 1:00,delwebb_to_marketpl,SB,0,0.56,44
10/17/2025 2:00,delwebb_to_marketpl,SB,0,0.56,44
10/17/2025 3:00,delwebb_to_marketpl,SB,0,0.56,44
10/17/2025 4:00,delwebb_to_marketpl,SB,0,0.55,45.2
10/17/2025 5:00,delwebb_to_marketpl,SB,0,0.56,44.3
10/17/2025 6:00,delwebb_to_marketpl,SB,0.06,0.68,37.8
10/17/2025 7:00,delwebb_to_marketpl,SB,0.04,0.61,40.9
10/17/2025 8:00,delwebb_to_marketpl,SB,0.07,0.68,36.7
10/17/2025 9:00,delwebb_to_marketpl,SB,0.09,0.72,34.9
10/17/2025 10:00,delwebb_to_marketpl,SB,0.07,0.7,36.2
10/17/2025 11:00,delwebb_to_marketpl,SB,0.13,0.78,32.2
10/17/2025 12:00,delwebb_to_marketpl,SB,0.11,0.75,33.8
10/17/2025 13:00,delwebb_to_marketpl,SB,0.15,0.78,32.9
10/17/2025 14:00,delwebb_to_marketpl,SB,0.14,0.77,32.4
10/17/2025 15:00,delwebb_to_marketpl,SB,0.2,0.82,30.8
10/17/2025 16:00,delwebb_to_marketpl,SB,0.11,0.72,35
10/17/2025 17:00,delwebb_to_marketpl,SB,0.18,0.81,31.5
10/17/2025 18:00,delwebb_to_marketpl,SB,0.21,0.84,29.9
10/17/2025 19:00,delwebb_to_marketpl,SB,0.09,0.69,36.3
10/17/2025 20:00,delwebb_to_marketpl,SB,0.14,0.78,32.9
10/17/2025 21:00,delwebb_to_marketpl,SB,0.05,0.66,38.2
10/17/2025 22:00,delwebb_to_marketpl,SB,0.02,0.66,37.8
10/17/2025 23:00,delwebb_to_marketpl,SB,0,0.59,42.1
10/18/2025 0:00,delwebb_to_marketpl,SB,0,0.58,42.9
10/18/2025 1:00,delwebb_to_marketpl,SB,0,0.56,44.4
10/18/2025 2:00,delwebb_to_marketpl,SB,0.02,0.59,42.6
10/18/2025 3:00,delwebb_to_marketpl,SB,0,0.54,46.4
10/18/2025 4:00,delwebb_to_marketpl,SB,0,0.53,47.2
10/18/2025 5:00,delwebb_to_marketpl,SB,0,0.52,48.1
10/18/2025 6:00,delwebb_to_marketpl,SB,0,0.54,46
10/18/2025 7:00,delwebb_to_marketpl,SB,0,0.56,44.5
10/18/2025 8:00,delwebb_to_marketpl,SB,0.09,0.75,33.5
10/18/2025 9:00,delwebb_to_marketpl,SB,0.1,0.73,35.2
10/18/2025 10:00,delwebb_to_marketpl,SB,0.05,0.66,38.2
10/18/2025 11:00,delwebb_to_marketpl,SB,0.12,0.77,32.7
10/18/2025 12:00,delwebb_to_marketpl,SB,0.2,0.81,31.5
10/18/2025 13:00,delwebb_to_marketpl,SB,0.1,0.71,35.6
10/18/2025 14:00,delwebb_to_marketpl,SB,0.2,0.82,30.8
10/18/2025 15:00,delwebb_to_marketpl,SB,0.15,0.74,33.7
10/18/2025 16:00,delwebb_to_marketpl,SB,0.11,0.73,34.8
10/18/2025 17:00,delwebb_to_marketpl,SB,0.16,0.77,32.5
10/18/2025 18:00,delwebb_to_marketpl,SB,0.08,0.71,35.3
10/18/2025 19:00,delwebb_to_marketpl,SB,0.08,0.7,36.2
10/18/2025 20:00,delwebb_to_marketpl,SB,0.02,0.61,40.9
10/18/2025 21:00,delwebb_to_marketpl,SB,0.1,0.71,35.4
10/18/2025 22:00,delwebb_to_marketpl,SB,0.02,0.6,41.7
10/18/2025 23:00,delwebb_to_marketpl,SB,0.05,0.66,38
10/19/2025 0:00,delwebb_to_marketpl,SB,0,0.58,42.7
10/19/2025 1:00,delwebb_to_marketpl,SB,0,0.6,41.3
10/19/2025 2:00,delwebb_to_marketpl,SB,0.01,0.58,43.1
10/19/2025 3:00,delwebb_to_marketpl,SB,0,0.56,44.3
10/19/2025 4:00,delwebb_to_marketpl,SB,0,0.56,44
10/19/2025 5:00,delwebb_to_marketpl,SB,0,0.56,44
10/19/2025 6:00,delwebb_to_marketpl,SB,0.02,0.61,41
10/19/2025 7:00,delwebb_to_marketpl,SB,0.12,0.78,32.4
10/19/2025 8:00,delwebb_to_marketpl,SB,0.1,0.74,34.1
10/19/2025 9:00,delwebb_to_marketpl,SB,0.06,0.65,38.9
10/19/2025 10:00,delwebb_to_marketpl,SB,0.04,0.67,37.2
10/19/2025 11:00,delwebb_to_marketpl,SB,0.1,0.71,35.3
10/19/2025 12:00,delwebb_to_marketpl,SB,0.11,0.71,35.7
10/19/2025 13:00,delwebb_to_marketpl,SB,0.09,0.69,36
10/19/2025 14:00,delwebb_to_marketpl,SB,0.11,0.73,34.7
10/19/2025 15:00,delwebb_to_marketpl,SB,0.11,0.75,33.8
10/19/2025 16:00,delwebb_to_marketpl,SB,0.05,0.65,38.5
10/19/2025 17:00,delwebb_to_marketpl,SB,0.22,0.84,29.6
10/19/2025 18:00,delwebb_to_marketpl,SB,0.06,0.66,38.6
10/19/2025 19:00,delwebb_to_marketpl,SB,0.06,0.7,35.9
10/19/2025 20:00,delwebb_to_marketpl,SB,0.06,0.69,36
10/19/2025 21:00,delwebb_to_marketpl,SB,0.15,0.8,31.2
10/19/2025 22:00,delwebb_to_marketpl,SB,0.09,0.7,37.3
10/19/2025 23:00,delwebb_to_marketpl,SB,0.02,0.63,40.2
10/20/2025 0:00,delwebb_to_marketpl,SB,0,0.55,45
10/20/2025 1:00,delwebb_to_marketpl,SB,0,0.55,45
10/20/2025 2:00,delwebb_to_marketpl,SB,0,0.56,44.7
10/20/2025 3:00,delwebb_to_marketpl,SB,0,0.56,44
10/20/2025 4:00,delwebb_to_marketpl,SB,0.01,0.62,40.5
10/20/2025 5:00,delwebb_to_marketpl,SB,0,0.56,44
10/20/2025 6:00,delwebb_to_marketpl,SB,0.09,0.69,37
10/20/2025 7:00,delwebb_to_marketpl,SB,0.24,0.89,29.8
10/20/2025 8:00,delwebb_to_marketpl,SB,0.07,0.71,35.6
10/20/2025 9:00,delwebb_to_marketpl,SB,0.11,0.72,36.9
10/20/2025 10:00,delwebb_to_marketpl,SB,0,0.55,45
10/20/2025 11:00,delwebb_to_marketpl,SB,0,0.55,45
10/20/2025 12:00,delwebb_to_marketpl,SB,0.12,0.73,35.9
10/20/2025 13:00,delwebb_to_marketpl,SB,0.12,0.77,32.4
10/20/2025 14:00,delwebb_to_marketpl,SB,0.08,0.68,37.5
10/20/2025 15:00,delwebb_to_marketpl,SB,0.09,0.69,36.5
10/20/2025 16:00,delwebb_to_marketpl,SB,0.08,0.7,36.5
10/20/2025 17:00,delwebb_to_marketpl,SB,0.07,0.64,40
10/20/2025 18:00,delwebb_to_marketpl,SB,0.15,0.77,33.3
10/20/2025 19:00,delwebb_to_marketpl,SB,0.15,0.77,32.8
10/20/2025 20:00,delwebb_to_marketpl,SB,0.1,0.72,34.8
10/20/2025 21:00,delwebb_to_marketpl,SB,0.11,0.73,35.5
10/20/2025 22:00,delwebb_to_marketpl,SB,0.01,0.62,40.5
10/20/2025 23:00,delwebb_to_marketpl,SB,0,0.54,46.2
10/21/2025 0:00,delwebb_to_marketpl,SB,0,0.55,45.4
10/21/2025 1:00,delwebb_to_marketpl,SB,0,0.56,44
10/21/2025 2:00,delwebb_to_marketpl,SB,0,0.56,44
10/21/2025 3:00,delwebb_to_marketpl,SB,0,0.56,44.5
10/21/2025 4:00,delwebb_to_marketpl,SB,0,0.53,46.9
10/21/2025 5:00,delwebb_to_marketpl,SB,0.04,0.62,40.3
10/21/2025 6:00,delwebb_to_marketpl,SB,0.06,0.64,39.7
10/21/2025 7:00,delwebb_to_marketpl,SB,0.06,0.65,38.8
10/21/2025 8:00,delwebb_to_marketpl,SB,0.06,0.66,38.5
10/21/2025 9:00,delwebb_to_marketpl,SB,0.17,0.79,32.4
10/21/2025 10:00,delwebb_to_marketpl,SB,0.14,0.79,31.5
10/21/2025 11:00,delwebb_to_marketpl,SB,0.15,0.78,32.7
10/21/2025 12:00,delwebb_to_marketpl,SB,0.23,0.84,29.8
10/21/2025 13:00,delwebb_to_marketpl,SB,0.17,0.81,30.8
10/21/2025 14:00,delwebb_to_marketpl,SB,0.25,0.89,27.9
10/21/2025 15:00,delwebb_to_marketpl,SB,0.18,0.79,32
10/21/2025 16:00,delwebb_to_marketpl,SB,0.21,0.85,29.6
10/21/2025 17:00,delwebb_to_marketpl,SB,0.13,0.76,32.8
10/21/2025 18:00,delwebb_to_marketpl,SB,0.03,0.64,39.3
10/21/2025 19:00,delwebb_to_marketpl,SB,0.05,0.68,36.9
10/21/2025 20:00,delwebb_to_marketpl,SB,0.13,0.77,32.6
10/21/2025 21:00,delwebb_to_marketpl,SB,0.01,0.62,40.3
10/21/2025 22:00,delwebb_to_marketpl,SB,0.01,0.57,43.9
10/21/2025 23:00,delwebb_to_marketpl,SB,0.01,0.54,46.5
10/22/2025 0:00,delwebb_to_marketpl,SB,0,0.56,44.4
10/22/2025 1:00,delwebb_to_marketpl,SB,0.01,0.61,41.1
10/22/2025 2:00,delwebb_to_marketpl,SB,0,0.56,44.2
10/22/2025 3:00,delwebb_to_marketpl,SB,0,0.56,44.1
10/22/2025 4:00,delwebb_to_marketpl,SB,0,0.54,45.8
10/22/2025 5:00,delwebb_to_marketpl,SB,0.03,0.59,42.4
10/22/2025 6:00,delwebb_to_marketpl,SB,0.06,0.64,39.6
10/22/2025 7:00,delwebb_to_marketpl,SB,0.07,0.68,37.2
10/22/2025 8:00,delwebb_to_marketpl,SB,0.07,0.67,37.5
10/22/2025 9:00,delwebb_to_marketpl,SB,0.09,0.74,33.8
10/22/2025 10:00,delwebb_to_marketpl,SB,0.21,0.83,30.4
10/22/2025 11:00,delwebb_to_marketpl,SB,0.18,0.81,31
10/22/2025 12:00,delwebb_to_marketpl,SB,0.17,0.8,31.6
10/22/2025 13:00,delwebb_to_marketpl,SB,0.15,0.79,31.9
10/22/2025 14:00,delwebb_to_marketpl,SB,0.16,0.79,31.8
10/22/2025 15:00,delwebb_to_marketpl,SB,0.12,0.73,34.3
10/22/2025 16:00,delwebb_to_marketpl,SB,0.14,0.77,32.8
10/22/2025 17:00,delwebb_to_marketpl,SB,0.19,0.8,31.7
10/22/2025 18:00,delwebb_to_marketpl,SB,0.1,0.71,35.4
10/22/2025 19:00,delwebb_to_marketpl,SB,0.11,0.71,35.2
10/22/2025 20:00,delwebb_to_marketpl,SB,0.05,0.65,38.2
10/22/2025 21:00,delwebb_to_marketpl,SB,0.03,0.63,39.8
10/22/2025 22:00,delwebb_to_marketpl,SB,0.01,0.63,39.5
10/22/2025 23:00,delwebb_to_marketpl,SB,0.08,0.68,38
10/23/2025 0:00,delwebb_to_marketpl,SB,0.04,0.59,44.3
10/23/2025 1:00,delwebb_to_marketpl,SB,0,0.55,45.7
10/23/2025 2:00,delwebb_to_marketpl,SB,0,0.56,44
10/23/2025 3:00,delwebb_to_marketpl,SB,0,0.56,44.5
10/23/2025 4:00,delwebb_to_marketpl,SB,0.02,0.62,40.7
10/23/2025 5:00,delwebb_to_marketpl,SB,0.05,0.68,36.8
10/23/2025 6:00,delwebb_to_marketpl,SB,0.02,0.6,41.5
10/23/2025 7:00,delwebb_to_marketpl,SB,0.03,0.61,41.2
10/23/2025 8:00,delwebb_to_marketpl,SB,0.07,0.69,35.9
10/23/2025 9:00,delwebb_to_marketpl,SB,0.09,0.71,35.3
10/23/2025 10:00,delwebb_to_marketpl,SB,0.15,0.79,31.7
10/23/2025 11:00,delwebb_to_marketpl,SB,0.18,0.83,30.1
10/23/2025 12:00,delwebb_to_marketpl,SB,0.19,0.83,30.7
10/23/2025 13:00,delwebb_to_marketpl,SB,0.25,0.9,28
10/23/2025 14:00,delwebb_to_marketpl,SB,0.08,0.7,35.7
10/23/2025 15:00,delwebb_to_marketpl,SB,0.2,0.83,30.2
10/23/2025 16:00,delwebb_to_marketpl,SB,0.21,0.84,30.3
10/23/2025 17:00,delwebb_to_marketpl,SB,0.19,0.8,31.8
10/23/2025 18:00,delwebb_to_marketpl,SB,0.04,0.67,37.4
10/23/2025 19:00,delwebb_to_marketpl,SB,0.04,0.67,37.3
10/23/2025 20:00,delwebb_to_marketpl,SB,0.15,0.78,33.4
10/23/2025 21:00,delwebb_to_marketpl,SB,0.11,0.72,35
10/23/2025 22:00,delwebb_to_marketpl,SB,0.01,0.57,44.1
10/23/2025 23:00,delwebb_to_marketpl,SB,0,0.56,44.4
10/24/2025 0:00,delwebb_to_marketpl,SB,0,0.52,48.5
10/24/2025 1:00,delwebb_to_marketpl,SB,0,0.58,43.2
10/24/2025 2:00,delwebb_to_marketpl,SB,0,0.58,42.8
10/24/2025 3:00,delwebb_to_marketpl,SB,0.01,0.58,42.9
10/24/2025 4:00,delwebb_to_marketpl,SB,0.03,0.59,43.2
10/24/2025 5:00,delwebb_to_marketpl,SB,0.01,0.63,39.9
10/24/2025 6:00,delwebb_to_marketpl,SB,0.02,0.62,40.2
10/24/2025 7:00,delwebb_to_marketpl,SB,0.06,0.64,39.1
10/24/2025 8:00,delwebb_to_marketpl,SB,0.13,0.71,35.8
10/24/2025 9:00,delwebb_to_marketpl,SB,0.22,0.84,29.9
10/24/2025 10:00,delwebb_to_marketpl,SB,0.18,0.83,30.2
10/24/2025 11:00,delwebb_to_marketpl,SB,0.18,0.82,30.8
10/24/2025 12:00,delwebb_to_marketpl,SB,0.16,0.8,31.1
10/24/2025 13:00,delwebb_to_marketpl,SB,0.22,0.87,28.7
10/24/2025 14:00,delwebb_to_marketpl,SB,0.19,0.83,30.5
10/24/2025 15:00,delwebb_to_marketpl,SB,0.24,0.87,29.3
10/24/2025 16:00,delwebb_to_marketpl,SB,0.22,0.84,30
10/24/2025 17:00,delwebb_to_marketpl,SB,0.13,0.73,34.4
10/24/2025 18:00,delwebb_to_marketpl,SB,0.08,0.7,36.2
10/24/2025 19:00,delwebb_to_marketpl,SB,0.12,0.74,33.9
10/24/2025 20:00,delwebb_to_marketpl,SB,0.13,0.75,34.5
10/24/2025 21:00,delwebb_to_marketpl,SB,0.05,0.62,40.9
10/24/2025 22:00,delwebb_to_marketpl,SB,0.02,0.58,43.5
10/24/2025 23:00,delwebb_to_marketpl,SB,0,0.51,48.5
10/25/2025 0:00,delwebb_to_marketpl,SB,0.04,0.67,37.9
10/25/2025 1:00,delwebb_to_marketpl,SB,0,0.59,42.5
10/25/2025 2:00,delwebb_to_marketpl,SB,0.11,0.73,34.9
10/25/2025 3:00,delwebb_to_marketpl,SB,0.01,0.57,44.3
10/25/2025 4:00,delwebb_to_marketpl,SB,0.09,0.68,38.3
10/25/2025 5:00,delwebb_to_marketpl,SB,0,0.58,43.2
10/25/2025 6:00,delwebb_to_marketpl,SB,0.05,0.65,39.2
10/25/2025 7:00,delwebb_to_marketpl,SB,0.01,0.62,40.1
10/25/2025 8:00,delwebb_to_marketpl,SB,0.06,0.67,37.9
10/25/2025 9:00,delwebb_to_marketpl,SB,0.12,0.74,34.2
10/25/2025 10:00,delwebb_to_marketpl,SB,0.12,0.75,33.5
10/25/2025 11:00,delwebb_to_marketpl,SB,0.13,0.76,33.6
10/25/2025 12:00,delwebb_to_marketpl,SB,0.1,0.73,34.6
10/25/2025 13:00,delwebb_to_marketpl,SB,0.11,0.73,34.7
10/25/2025 14:00,delwebb_to_marketpl,SB,0.13,0.76,33.2
10/25/2025 15:00,delwebb_to_marketpl,SB,0.13,0.74,33.9
10/25/2025 16:00,delwebb_to_marketpl,SB,0.11,0.74,34
10/25/2025 17:00,delwebb_to_marketpl,SB,0.23,0.86,29.3
10/25/2025 18:00,delwebb_to_marketpl,SB,0.12,0.77,32.5
10/25/2025 19:00,delwebb_to_marketpl,SB,0.15,0.78,32
10/25/2025 20:00,delwebb_to_marketpl,SB,0.07,0.69,36.3
10/25/2025 21:00,delwebb_to_marketpl,SB,0.1,0.73,34.6
10/25/2025 22:00,delwebb_to_marketpl,SB,0.04,0.62,40.6
10/25/2025 23:00,delwebb_to_marketpl,SB,0.03,0.6,42.1
10/26/2025 0:00,delwebb_to_marketpl,SB,0.01,0.62,40.6
10/26/2025 1:00,delwebb_to_marketpl,SB,0,0.55,45.5
10/26/2025 2:00,delwebb_to_marketpl,SB,0,0.58,43.1
10/26/2025 3:00,delwebb_to_marketpl,SB,0,0.57,43.6
10/26/2025 4:00,delwebb_to_marketpl,SB,0,0.61,40.9
10/26/2025 5:00,delwebb_to_marketpl,SB,0.15,0.77,34.8
10/26/2025 6:00,delwebb_to_marketpl,SB,0.02,0.64,39.3
10/26/2025 7:00,delwebb_to_marketpl,SB,0.02,0.64,39.1
10/26/2025 8:00,delwebb_to_marketpl,SB,0.09,0.72,34.9
10/26/2025 9:00,delwebb_to_marketpl,SB,0.09,0.7,36.3
10/26/2025 10:00,delwebb_to_marketpl,SB,0.17,0.83,30.6
10/26/2025 11:00,delwebb_to_marketpl,SB,0.17,0.8,31.2
10/26/2025 12:00,delwebb_to_marketpl,SB,0.13,0.75,33.4
10/26/2025 13:00,delwebb_to_marketpl,SB,0.08,0.66,37.8
10/26/2025 14:00,delwebb_to_marketpl,SB,0.09,0.71,35.4
10/26/2025 15:00,delwebb_to_marketpl,SB,0.05,0.61,40.9
10/26/2025 16:00,delwebb_to_marketpl,SB,0.09,0.71,35.9
10/26/2025 17:00,delwebb_to_marketpl,SB,0.15,0.76,33
10/26/2025 18:00,delwebb_to_marketpl,SB,0.13,0.75,33.4
10/26/2025 19:00,delwebb_to_marketpl,SB,0.16,0.8,31.2
10/26/2025 20:00,delwebb_to_marketpl,SB,0.07,0.67,37.6
10/26/2025 21:00,delwebb_to_marketpl,SB,0.03,0.62,40.5
10/26/2025 22:00,delwebb_to_marketpl,SB,0.05,0.64,39.8
10/26/2025 23:00,delwebb_to_marketpl,SB,0,0.55,45.3
10/27/2025 0:00,delwebb_to_marketpl,SB,0,0.56,44
10/27/2025 1:00,delwebb_to_marketpl,SB,0,0.58,43.1
10/27/2025 2:00,delwebb_to_marketpl,SB,0.02,0.62,40.4
10/27/2025 3:00,delwebb_to_marketpl,SB,0,0.56,44.2
10/27/2025 4:00,delwebb_to_marketpl,SB,0.02,0.62,40.3
10/27/2025 5:00,delwebb_to_marketpl,SB,0.04,0.65,39.2
10/27/2025 6:00,delwebb_to_marketpl,SB,0.02,0.55,45.6
10/27/2025 7:00,delwebb_to_marketpl,SB,0.06,0.64,38.7
10/27/2025 8:00,delwebb_to_marketpl,SB,0.08,0.7,36
10/27/2025 9:00,delwebb_to_marketpl,SB,0.13,0.77,32.4
10/27/2025 10:00,delwebb_to_marketpl,SB,0.14,0.78,32.5
10/27/2025 11:00,delwebb_to_marketpl,SB,0.22,0.86,29.5
10/27/2025 12:00,delwebb_to_marketpl,SB,0.14,0.79,32
10/27/2025 13:00,delwebb_to_marketpl,SB,0.27,0.91,27.6
10/27/2025 14:00,delwebb_to_marketpl,SB,0.17,0.78,32.2
10/27/2025 15:00,delwebb_to_marketpl,SB,0.13,0.77,32.5
10/27/2025 16:00,delwebb_to_marketpl,SB,0.14,0.78,31.9
10/27/2025 17:00,delwebb_to_marketpl,SB,0.18,0.82,30.5
10/27/2025 18:00,delwebb_to_marketpl,SB,0.08,0.71,35.7
10/27/2025 19:00,delwebb_to_marketpl,SB,0.21,0.87,30.3
10/27/2025 20:00,delwebb_to_marketpl,SB,0.09,0.7,35.8
10/27/2025 21:00,delwebb_to_marketpl,SB,0.06,0.69,36.5
10/27/2025 22:00,delwebb_to_marketpl,SB,0,0.57,43.8
10/27/2025 23:00,delwebb_to_marketpl,SB,0.01,0.6,41.9
10/28/2025 0:00,delwebb_to_marketpl,SB,0,0.54,45.7
10/28/2025 1:00,delwebb_to_marketpl,SB,0,0.56,44
10/28/2025 2:00,delwebb_to_marketpl,SB,0,0.57,43.8
10/28/2025 3:00,delwebb_to_marketpl,SB,0,0.57,43.5
10/28/2025 4:00,delwebb_to_marketpl,SB,0.01,0.62,40.1
10/28/2025 5:00,delwebb_to_marketpl,SB,0.02,0.65,38.3
10/28/2025 6:00,delwebb_to_marketpl,SB,0.02,0.61,41.2
10/28/2025 7:00,delwebb_to_marketpl,SB,0.03,0.61,40.9
10/28/2025 8:00,delwebb_to_marketpl,SB,0.1,0.76,33
10/28/2025 9:00,delwebb_to_marketpl,SB,0.11,0.75,33.2
10/28/2025 10:00,delwebb_to_marketpl,SB,0.13,0.78,32.1
10/28/2025 11:00,delwebb_to_marketpl,SB,0.16,0.81,31
10/28/2025 12:00,delwebb_to_marketpl,SB,0.12,0.76,32.6
10/28/2025 13:00,delwebb_to_marketpl,SB,0.12,0.77,32.8
10/28/2025 14:00,delwebb_to_marketpl,SB,0.15,0.8,31.4
10/28/2025 15:00,delwebb_to_marketpl,SB,0.15,0.76,32.7
10/28/2025 16:00,delwebb_to_marketpl,SB,0.13,0.75,33.6
10/28/2025 17:00,delwebb_to_marketpl,SB,0.18,0.81,31
10/28/2025 18:00,delwebb_to_marketpl,SB,0.11,0.75,33.3
10/28/2025 19:00,delwebb_to_marketpl,SB,0.18,0.83,30.8
10/28/2025 20:00,delwebb_to_marketpl,SB,0.11,0.72,35.1
10/28/2025 21:00,delwebb_to_marketpl,SB,0.03,0.57,44.1
10/28/2025 22:00,delwebb_to_marketpl,SB,0.18,0.82,30.9
10/28/2025 23:00,delwebb_to_marketpl,SB,0,0.55,44.9
10/29/2025 0:00,delwebb_to_marketpl,SB,0,0.57,43.5
10/29/2025 1:00,delwebb_to_marketpl,SB,0,0.57,43.7
10/29/2025 2:00,delwebb_to_marketpl,SB,0.01,0.56,45.6
10/29/2025 3:00,delwebb_to_marketpl,SB,0,0.55,45
10/29/2025 4:00,delwebb_to_marketpl,SB,0,0.56,45
10/29/2025 5:00,delwebb_to_marketpl,SB,0.02,0.66,38.1
10/29/2025 6:00,delwebb_to_marketpl,SB,0.02,0.58,42.7
10/29/2025 7:00,delwebb_to_marketpl,SB,0.03,0.64,38.9
10/29/2025 8:00,delwebb_to_marketpl,SB,0.1,0.71,35.3
10/29/2025 9:00,delwebb_to_marketpl,SB,0.18,0.84,29.9
10/29/2025 10:00,delwebb_to_marketpl,SB,0.24,0.87,29.2
10/29/2025 11:00,delwebb_to_marketpl,SB,0.19,0.84,29.6
10/29/2025 12:00,delwebb_to_marketpl,SB,0.22,0.87,28.8
10/29/2025 13:00,delwebb_to_marketpl,SB,0.17,0.82,30.8
10/29/2025 14:00,delwebb_to_marketpl,SB,0.14,0.77,32.9
10/29/2025 15:00,delwebb_to_marketpl,SB,0.21,0.87,28.9
10/29/2025 16:00,delwebb_to_marketpl,SB,0.14,0.78,32.5
10/29/2025 17:00,delwebb_to_marketpl,SB,0.18,0.81,31.1
10/29/2025 18:00,delwebb_to_marketpl,SB,0.08,0.69,36.3
10/29/2025 19:00,delwebb_to_marketpl,SB,0.1,0.72,35
10/29/2025 20:00,delwebb_to_marketpl,SB,0.05,0.62,40.3
10/29/2025 21:00,delwebb_to_marketpl,SB,0.03,0.64,38.8
10/29/2025 22:00,delwebb_to_marketpl,SB,0.02,0.62,40.8
10/29/2025 23:00,delwebb_to_marketpl,SB,0.08,0.7,36.9
10/30/2025 0:00,delwebb_to_marketpl,SB,0.03,0.66,38.1
10/30/2025 1:00,delwebb_to_marketpl,SB,0.03,0.61,41.3
10/30/2025 2:00,delwebb_to_marketpl,SB,0.03,0.62,40.1
10/30/2025 3:00,delwebb_to_marketpl,SB,0,0.52,48.3
10/30/2025 4:00,delwebb_to_marketpl,SB,0,0.58,43.2
10/30/2025 5:00,delwebb_to_marketpl,SB,0,0.57,43.4
10/30/2025 6:00,delwebb_to_marketpl,SB,0.03,0.62,40.2
10/30/2025 7:00,delwebb_to_marketpl,SB,0.04,0.64,39.1
10/30/2025 8:00,delwebb_to_marketpl,SB,0.13,0.75,33.5
10/30/2025 9:00,delwebb_to_marketpl,SB,0.15,0.79,31.5
10/30/2025 10:00,delwebb_to_marketpl,SB,0.14,0.76,33.2
10/30/2025 11:00,delwebb_to_marketpl,SB,0.31,0.96,26.2
10/30/2025 12:00,delwebb_to_marketpl,SB,0.22,0.85,29.6
10/30/2025 13:00,delwebb_to_marketpl,SB,0.19,0.83,31.3
10/30/2025 14:00,delwebb_to_marketpl,SB,0.23,0.87,29.5
10/30/2025 15:00,delwebb_to_marketpl,SB,0.17,0.81,31.1
10/30/2025 16:00,delwebb_to_marketpl,SB,0.19,0.81,31.3
10/30/2025 17:00,delwebb_to_marketpl,SB,0.14,0.76,32.9
10/30/2025 18:00,delwebb_to_marketpl,SB,0.14,0.76,32.8
10/30/2025 19:00,delwebb_to_marketpl,SB,0.11,0.76,33
10/30/2025 20:00,delwebb_to_marketpl,SB,0.08,0.66,38.1
10/30/2025 21:00,delwebb_to_marketpl,SB,0.12,0.74,34
10/30/2025 22:00,delwebb_to_marketpl,SB,0.01,0.57,43.8
10/30/2025 23:00,delwebb_to_marketpl,SB,0.01,0.57,43.6
10/31/2025 0:00,delwebb_to_marketpl,SB,0,0.54,46
10/31/2025 1:00,delwebb_to_marketpl,SB,0.02,0.61,41.2
10/31/2025 2:00,delwebb_to_marketpl,SB,0.01,0.59,42.9
10/31/2025 3:00,delwebb_to_marketpl,SB,0.02,0.59,42.5
10/31/2025 4:00,delwebb_to_marketpl,SB,0.01,0.58,43.3
10/31/2025 5:00,delwebb_to_marketpl,SB,0.02,0.63,40
10/31/2025 6:00,delwebb_to_marketpl,SB,0.05,0.66,38
10/31/2025 7:00,delwebb_to_marketpl,SB,0.07,0.67,38.1
10/31/2025 8:00,delwebb_to_marketpl,SB,0.13,0.77,32.5
10/31/2025 9:00,delwebb_to_marketpl,SB,0.2,0.83,30.4
10/31/2025 10:00,delwebb_to_marketpl,SB,0.17,0.79,31.9
10/31/2025 11:00,delwebb_to_marketpl,SB,0.21,0.83,30.2
10/31/2025 12:00,delwebb_to_marketpl,SB,0.22,0.85,29.9
10/31/2025 13:00,delwebb_to_marketpl,SB,0.26,0.91,27.9
10/31/2025 14:00,delwebb_to_marketpl,SB,0.23,0.88,28.5
10/31/2025 15:00,delwebb_to_marketpl,SB,0.23,0.86,29.9
10/31/2025 16:00,delwebb_to_marketpl,SB,0.19,0.8,31.6
10/31/2025 17:00,delwebb_to_marketpl,SB,0.1,0.72,34.9
10/31/2025 18:00,delwebb_to_marketpl,SB,0.22,0.87,29.4
10/31/2025 19:00,delwebb_to_marketpl,SB,0.06,0.64,39.2
10/31/2025 20:00,delwebb_to_marketpl,SB,0.05,0.66,37.9
10/31/2025 21:00,delwebb_to_marketpl,SB,0.09,0.65,38.4
10/31/2025 22:00,delwebb_to_marketpl,SB,0.05,0.63,39.9
10/31/2025 23:00,delwebb_to_marketpl,SB,0.01,0.6,42
11/1/2025 0:00,delwebb_to_marketpl,SB,0,0.57,43.9
11/1/2025 1:00,delwebb_to_marketpl,SB,0.01,0.58,43.3
11/1/2025 2:00,delwebb_to_marketpl,SB,0.01,0.61,40.8
11/1/2025 3:00,delwebb_to_marketpl,SB,0.01,0.57,43.5
11/1/2025 4:00,delwebb_to_marketpl,SB,0.04,0.61,41
11/1/2025 5:00,delwebb_to_marketpl,SB,0,0.57,43.9
11/1/2025 6:00,delwebb_to_marketpl,SB,0.01,0.57,43.6
11/1/2025 7:00,delwebb_to_marketpl,SB,0.07,0.68,37.2
11/1/2025 8:00,delwebb_to_marketpl,SB,0.05,0.66,37.9
11/1/2025 9:00,delwebb_to_marketpl,SB,0.1,0.73,34.4
11/1/2025 10:00,delwebb_to_marketpl,SB,0.11,0.75,33.4
11/1/2025 11:00,delwebb_to_marketpl,SB,0.1,0.72,34.9
11/1/2025 12:00,delwebb_to_marketpl,SB,0.09,0.73,34.3
11/1/2025 13:00,delwebb_to_marketpl,SB,0.13,0.78,32.2
11/1/2025 14:00,delwebb_to_marketpl,SB,0.17,0.8,31.8
11/1/2025 15:00,delwebb_to_marketpl,SB,0.11,0.73,35
11/1/2025 16:00,delwebb_to_marketpl,SB,0.12,0.73,34.3
11/1/2025 17:00,delwebb_to_marketpl,SB,0.15,0.79,32
11/1/2025 18:00,delwebb_to_marketpl,SB,0.08,0.71,35.5
11/1/2025 19:00,delwebb_to_marketpl,SB,0.06,0.67,37.4
11/1/2025 20:00,delwebb_to_marketpl,SB,0.03,0.63,39.8
11/1/2025 21:00,delwebb_to_marketpl,SB,0.05,0.66,38.3
11/1/2025 22:00,delwebb_to_marketpl,SB,0.05,0.64,39.4
11/1/2025 23:00,delwebb_to_marketpl,SB,0.03,0.61,41.4
11/2/2025 0:00,delwebb_to_marketpl,SB,0.01,0.55,44.9
11/2/2025 1:00,delwebb_to_marketpl,SB,0,0.54,46.2
11/2/2025 1:00,delwebb_to_marketpl,SB,0,0.56,44.6
11/2/2025 2:00,delwebb_to_marketpl,SB,0,0.55,45.4
11/2/2025 3:00,delwebb_to_marketpl,SB,0,0.57,43.9
11/2/2025 4:00,delwebb_to_marketpl,SB,0,0.58,42.8
11/2/2025 5:00,delwebb_to_marketpl,SB,0.01,0.6,41.4
11/2/2025 6:00,delwebb_to_marketpl,SB,0.02,0.61,41.1
11/2/2025 7:00,delwebb_to_marketpl,SB,0.01,0.6,41.8
11/2/2025 8:00,delwebb_to_marketpl,SB,0.05,0.69,36.3
11/2/2025 9:00,delwebb_to_marketpl,SB,0.11,0.74,34.3
11/2/2025 10:00,delwebb_to_marketpl,SB,0.19,0.83,30.4
11/2/2025 11:00,delwebb_to_marketpl,SB,0.14,0.75,33
11/2/2025 12:00,delwebb_to_marketpl,SB,0.05,0.65,38.4
11/2/2025 13:00,delwebb_to_marketpl,SB,0.05,0.65,38.2
11/2/2025 14:00,delwebb_to_marketpl,SB,0.13,0.73,34.3
11/2/2025 15:00,delwebb_to_marketpl,SB,0.2,0.83,30.9
11/2/2025 16:00,delwebb_to_marketpl,SB,0.09,0.7,36.7
11/2/2025 17:00,delwebb_to_marketpl,SB,0.14,0.78,32.6
11/2/2025 18:00,delwebb_to_marketpl,SB,0.17,0.81,30.8
11/2/2025 19:00,delwebb_to_marketpl,SB,0.04,0.65,38.7
11/2/2025 20:00,delwebb_to_marketpl,SB,0.06,0.69,36.5
11/2/2025 21:00,delwebb_to_marketpl,SB,0.04,0.63,40
11/2/2025 22:00,delwebb_to_marketpl,SB,0.01,0.56,44.9
11/2/2025 23:00,delwebb_to_marketpl,SB,0,0.55,45.5
11/3/2025 0:00,delwebb_to_marketpl,SB,0,0.57,43.9
11/3/2025 1:00,delwebb_to_marketpl,SB,0,0.56,44
11/3/2025 2:00,delwebb_to_marketpl,SB,0,0.56,44
11/3/2025 3:00,delwebb_to_marketpl,SB,0,0.56,44.1
11/3/2025 4:00,delwebb_to_marketpl,SB,0.04,0.61,41.3
11/3/2025 5:00,delwebb_to_marketpl,SB,0,0.57,43.6
11/3/2025 6:00,delwebb_to_marketpl,SB,0.04,0.65,38.7
11/3/2025 7:00,delwebb_to_marketpl,SB,0.04,0.61,41
11/3/2025 8:00,delwebb_to_marketpl,SB,0.08,0.7,35.9
11/3/2025 9:00,delwebb_to_marketpl,SB,0.11,0.73,34.2
11/3/2025 10:00,delwebb_to_marketpl,SB,0.18,0.83,29.9
11/3/2025 11:00,delwebb_to_marketpl,SB,0.1,0.74,33.9
11/3/2025 12:00,delwebb_to_marketpl,SB,0.13,0.77,32.8
11/3/2025 13:00,delwebb_to_marketpl,SB,0.23,0.86,29.2
11/3/2025 14:00,delwebb_to_marketpl,SB,0.16,0.8,31.6
11/3/2025 15:00,delwebb_to_marketpl,SB,0.16,0.77,32.4
11/3/2025 16:00,delwebb_to_marketpl,SB,0.17,0.81,30.8
11/3/2025 17:00,delwebb_to_marketpl,SB,0.25,0.89,28.5
11/3/2025 18:00,delwebb_to_marketpl,SB,0.1,0.71,35.8
11/3/2025 19:00,delwebb_to_marketpl,SB,0.06,0.65,38.8
11/3/2025 20:00,delwebb_to_marketpl,SB,0.1,0.72,35.2
11/3/2025 21:00,delwebb_to_marketpl,SB,0.07,0.68,37.6
11/3/2025 22:00,delwebb_to_marketpl,SB,0.03,0.61,41.6
11/3/2025 23:00,delwebb_to_marketpl,SB,0.05,0.61,42
11/4/2025 0:00,delwebb_to_marketpl,SB,0.02,0.59,42.4
11/4/2025 1:00,delwebb_to_marketpl,SB,0,0.56,44
11/4/2025 2:00,delwebb_to_marketpl,SB,0,0.61,41.1
11/4/2025 3:00,delwebb_to_marketpl,SB,0,0.56,44.1
11/4/2025 4:00,delwebb_to_marketpl,SB,0,0.52,47.5
11/4/2025 5:00,delwebb_to_marketpl,SB,0.02,0.59,42.8
11/4/2025 6:00,delwebb_to_marketpl,SB,0.02,0.6,41.5
11/4/2025 7:00,delwebb_to_marketpl,SB,0.13,0.73,34.5
11/4/2025 8:00,delwebb_to_marketpl,SB,0.14,0.76,33.3
11/4/2025 9:00,delwebb_to_marketpl,SB,0.12,0.76,33.2
11/4/2025 10:00,delwebb_to_marketpl,SB,0.12,0.75,34
11/4/2025 11:00,delwebb_to_marketpl,SB,0.15,0.79,32.2
11/4/2025 12:00,delwebb_to_marketpl,SB,0.18,0.84,29.9
11/4/2025 13:00,delwebb_to_marketpl,SB,0.18,0.81,31.1
11/4/2025 14:00,delwebb_to_marketpl,SB,0.19,0.79,31.5
11/4/2025 15:00,delwebb_to_marketpl,SB,0.15,0.77,32.3
11/4/2025 16:00,delwebb_to_marketpl,SB,0.23,0.86,29.9
11/4/2025 17:00,delwebb_to_marketpl,SB,0.1,0.72,34.8
11/4/2025 18:00,delwebb_to_marketpl,SB,0.15,0.78,32.8
11/4/2025 19:00,delwebb_to_marketpl,SB,0.07,0.7,35.9
11/4/2025 20:00,delwebb_to_marketpl,SB,0.02,0.62,40
11/4/2025 21:00,delwebb_to_marketpl,SB,0.08,0.7,35.6
11/4/2025 22:00,delwebb_to_marketpl,SB,0.07,0.71,35.4
11/4/2025 23:00,delwebb_to_marketpl,SB,0.02,0.62,40.1
11/5/2025 0:00,delwebb_to_marketpl,SB,0,0.56,44
11/5/2025 1:00,delwebb_to_marketpl,SB,0,0.56,44
11/5/2025 2:00,delwebb_to_marketpl,SB,0,0.56,44
11/5/2025 3:00,delwebb_to_marketpl,SB,0,0.56,44.5
11/5/2025 4:00,delwebb_to_marketpl,SB,0.02,0.58,42.9
11/5/2025 5:00,delwebb_to_marketpl,SB,0.04,0.63,40.1
11/5/2025 6:00,delwebb_to_marketpl,SB,0.04,0.64,39.8
11/5/2025 7:00,delwebb_to_marketpl,SB,0.06,0.63,39.5
11/5/2025 8:00,delwebb_to_marketpl,SB,0.17,0.77,33.1
11/5/2025 9:00,delwebb_to_marketpl,SB,0.16,0.8,31.5
11/5/2025 10:00,delwebb_to_marketpl,SB,0.1,0.74,33.8
11/5/2025 11:00,delwebb_to_marketpl,SB,0.2,0.84,30
11/5/2025 12:00,delwebb_to_marketpl,SB,0.17,0.81,30.7
11/5/2025 13:00,delwebb_to_marketpl,SB,0.16,0.81,31.3
11/5/2025 14:00,delwebb_to_marketpl,SB,0.22,0.87,29
11/5/2025 15:00,delwebb_to_marketpl,SB,0.21,0.83,30.5
11/5/2025 16:00,delwebb_to_marketpl,SB,0.28,0.91,27.7
11/5/2025 17:00,delwebb_to_marketpl,SB,0.2,0.83,30.7
11/5/2025 18:00,delwebb_to_marketpl,SB,0.15,0.77,32.6
11/5/2025 19:00,delwebb_to_marketpl,SB,0.05,0.64,39.2
11/5/2025 20:00,delwebb_to_marketpl,SB,0.07,0.71,35
11/5/2025 21:00,delwebb_to_marketpl,SB,0.01,0.59,42.2
11/5/2025 22:00,delwebb_to_marketpl,SB,0.01,0.57,43.3
11/5/2025 23:00,delwebb_to_marketpl,SB,0,0.57,43.5
11/6/2025 0:00,delwebb_to_marketpl,SB,0,0.56,44.3
11/6/2025 1:00,delwebb_to_marketpl,SB,0.04,0.61,41.9
11/6/2025 2:00,delwebb_to_marketpl,SB,0.06,0.66,39.3
11/6/2025 3:00,delwebb_to_marketpl,SB,0.07,0.67,38.5
11/6/2025 4:00,delwebb_to_marketpl,SB,0.05,0.68,37.5
11/6/2025 5:00,delwebb_to_marketpl,SB,0.08,0.71,35.5
11/6/2025 6:00,delwebb_to_marketpl,SB,0.01,0.6,41.7
11/6/2025 7:00,delwebb_to_marketpl,SB,0.04,0.65,38.4
11/6/2025 8:00,delwebb_to_marketpl,SB,0.09,0.71,35.9
11/6/2025 9:00,delwebb_to_marketpl,SB,0.14,0.78,32.5
11/6/2025 10:00,delwebb_to_marketpl,SB,0.26,0.92,27.4
11/6/2025 11:00,delwebb_to_marketpl,SB,0.2,0.85,29.5
11/6/2025 12:00,delwebb_to_marketpl,SB,0.1,0.75,33.5
11/6/2025 13:00,delwebb_to_marketpl,SB,0.21,0.83,31
11/6/2025 14:00,delwebb_to_marketpl,SB,0.1,0.71,35.9
11/6/2025 15:00,delwebb_to_marketpl,SB,0.17,0.81,30.9
11/6/2025 16:00,delwebb_to_marketpl,SB,0.27,0.91,27.9
11/6/2025 17:00,delwebb_to_marketpl,SB,0.23,0.86,29.1
11/6/2025 18:00,delwebb_to_marketpl,SB,0.05,0.66,37.9
11/6/2025 19:00,delwebb_to_marketpl,SB,0.14,0.77,32.8
11/6/2025 20:00,delwebb_to_marketpl,SB,0.06,0.65,38.8
11/6/2025 21:00,delwebb_to_marketpl,SB,0.11,0.74,34.5
11/6/2025 22:00,delwebb_to_marketpl,SB,0,0.56,44.2
11/6/2025 23:00,delwebb_to_marketpl,SB,0.04,0.67,37.4
11/7/2025 0:00,delwebb_to_marketpl,SB,0,0.57,43.7
11/7/2025 1:00,delwebb_to_marketpl,SB,0,0.56,44
11/7/2025 2:00,delwebb_to_marketpl,SB,0,0.56,44
11/7/2025 3:00,delwebb_to_marketpl,SB,0,0.56,44.3
11/7/2025 4:00,delwebb_to_marketpl,SB,0,0.53,46.6
11/7/2025 5:00,delwebb_to_marketpl,SB,0.02,0.62,40.2
11/7/2025 6:00,delwebb_to_marketpl,SB,0.01,0.59,42.6
11/7/2025 7:00,delwebb_to_marketpl,SB,0.06,0.63,39.4
11/7/2025 8:00,delwebb_to_marketpl,SB,0.21,0.86,29.2
11/7/2025 9:00,delwebb_to_marketpl,SB,0.11,0.77,32.6
11/7/2025 10:00,delwebb_to_marketpl,SB,0.19,0.83,30.2
11/7/2025 11:00,delwebb_to_marketpl,SB,0.19,0.83,30.3
11/7/2025 12:00,delwebb_to_marketpl,SB,0.17,0.78,32.3
11/7/2025 13:00,delwebb_to_marketpl,SB,0.19,0.82,31
11/7/2025 14:00,delwebb_to_marketpl,SB,0.3,0.95,27.1
11/7/2025 15:00,delwebb_to_marketpl,SB,0.22,0.83,30.5
11/7/2025 16:00,delwebb_to_marketpl,SB,0.3,0.93,27
11/7/2025 17:00,delwebb_to_marketpl,SB,0.25,0.88,28.8
11/7/2025 18:00,delwebb_to_marketpl,SB,0.19,0.83,30.2
11/7/2025 19:00,delwebb_to_marketpl,SB,0.17,0.81,31.1
11/7/2025 20:00,delwebb_to_marketpl,SB,0.07,0.69,36.2
11/7/2025 21:00,delwebb_to_marketpl,SB,0.04,0.63,39.9
11/7/2025 22:00,delwebb_to_marketpl,SB,0.03,0.66,37.8
11/7/2025 23:00,delwebb_to_marketpl,SB,0.02,0.64,39.2
11/8/2025 0:00,delwebb_to_marketpl,SB,0.03,0.61,40.9
11/8/2025 1:00,delwebb_to_marketpl,SB,0,0.57,43.9
11/8/2025 2:00,delwebb_to_marketpl,SB,0,0.56,44.3
11/8/2025 3:00,delwebb_to_marketpl,SB,0.01,0.63,39.7
11/8/2025 4:00,delwebb_to_marketpl,SB,0.13,0.75,35.7
11/8/2025 5:00,delwebb_to_marketpl,SB,0,0.56,44.6
11/8/2025 6:00,delwebb_to_marketpl,SB,0.01,0.56,44.5
11/8/2025 7:00,delwebb_to_marketpl,SB,0.07,0.71,35.2
11/8/2025 8:00,delwebb_to_marketpl,SB,0.13,0.76,32.9
11/8/2025 9:00,delwebb_to_marketpl,SB,0.19,0.84,29.8
11/8/2025 10:00,delwebb_to_marketpl,SB,0.13,0.76,33.3
11/8/2025 11:00,delwebb_to_marketpl,SB,0.21,0.84,30.1
11/8/2025 12:00,delwebb_to_marketpl,SB,0.21,0.85,30.1
11/8/2025 13:00,delwebb_to_marketpl,SB,0.11,0.75,33.4
11/8/2025 14:00,delwebb_to_marketpl,SB,0.09,0.7,35.9
11/8/2025 15:00,delwebb_to_marketpl,SB,0.11,0.74,34.1
11/8/2025 16:00,delwebb_to_marketpl,SB,0.19,0.81,31.5
11/8/2025 17:00,delwebb_to_marketpl,SB,0.17,0.81,30.9
11/8/2025 18:00,delwebb_to_marketpl,SB,0.14,0.78,32.1
11/8/2025 19:00,delwebb_to_marketpl,SB,0.11,0.71,36.6
11/8/2025 20:00,delwebb_to_marketpl,SB,0.14,0.78,31.9
11/8/2025 21:00,delwebb_to_marketpl,SB,0.05,0.69,36.7
11/8/2025 22:00,delwebb_to_marketpl,SB,0.05,0.7,35.5
11/8/2025 23:00,delwebb_to_marketpl,SB,0.02,0.6,41.5
11/9/2025 0:00,delwebb_to_marketpl,SB,0.04,0.63,41
11/9/2025 1:00,delwebb_to_marketpl,SB,0.16,0.79,33.3
11/9/2025 2:00,delwebb_to_marketpl,SB,0,0.58,43.2
11/9/2025 3:00,delwebb_to_marketpl,SB,0,0.57,43.5
11/9/2025 4:00,delwebb_to_marketpl,SB,0,0.59,42.5
11/9/2025 5:00,delwebb_to_marketpl,SB,0,0.52,47.9
11/9/2025 6:00,delwebb_to_marketpl,SB,0.11,0.74,34.3
11/9/2025 7:00,delwebb_to_marketpl,SB,0.05,0.64,39.7
11/9/2025 8:00,delwebb_to_marketpl,SB,0.02,0.6,41.3
11/9/2025 9:00,delwebb_to_marketpl,SB,0.04,0.63,39.7
11/9/2025 10:00,delwebb_to_marketpl,SB,0.12,0.74,33.9
11/9/2025 11:00,delwebb_to_marketpl,SB,0.1,0.74,33.6
11/9/2025 12:00,delwebb_to_marketpl,SB,0.09,0.71,35.2
11/9/2025 13:00,delwebb_to_marketpl,SB,0.06,0.71,35
11/9/2025 14:00,delwebb_to_marketpl,SB,0.12,0.73,34.4
11/9/2025 15:00,delwebb_to_marketpl,SB,0.1,0.71,35.1
11/9/2025 16:00,delwebb_to_marketpl,SB,0.21,0.85,29.6
11/9/2025 17:00,delwebb_to_marketpl,SB,0.15,0.79,32.5
11/9/2025 18:00,delwebb_to_marketpl,SB,0.07,0.68,37.1
11/9/2025 19:00,delwebb_to_marketpl,SB,0.12,0.75,34
11/9/2025 20:00,delwebb_to_marketpl,SB,0.11,0.72,35.4
11/9/2025 21:00,delwebb_to_marketpl,SB,0.06,0.7,35.7
11/9/2025 22:00,delwebb_to_marketpl,SB,0.04,0.63,40.4
11/9/2025 23:00,delwebb_to_marketpl,SB,0.01,0.52,47.6
11/10/2025 0:00,delwebb_to_marketpl,SB,0.01,0.57,43.4
11/10/2025 1:00,delwebb_to_marketpl,SB,0.35,0.97,29.7
11/10/2025 2:00,delwebb_to_marketpl,SB,0.01,0.58,44.1
11/10/2025 3:00,delwebb_to_marketpl,SB,0.01,0.62,40.4
11/10/2025 4:00,delwebb_to_marketpl,SB,0.04,0.63,40.4
11/10/2025 5:00,delwebb_to_marketpl,SB,0.05,0.65,38.4
11/10/2025 6:00,delwebb_to_marketpl,SB,0.01,0.58,43.2
11/10/2025 7:00,delwebb_to_marketpl,SB,0.09,0.68,37
11/10/2025 8:00,delwebb_to_marketpl,SB,0.09,0.7,35.9
11/10/2025 9:00,delwebb_to_marketpl,SB,0.13,0.78,32.3
11/10/2025 10:00,delwebb_to_marketpl,SB,0.13,0.77,32.8
11/10/2025 11:00,delwebb_to_marketpl,SB,0.25,0.91,27.7
11/10/2025 12:00,delwebb_to_marketpl,SB,0.14,0.79,31.8
11/10/2025 13:00,delwebb_to_marketpl,SB,0.22,0.83,30.4
11/10/2025 14:00,delwebb_to_marketpl,SB,0.18,0.8,31.1
11/10/2025 15:00,delwebb_to_marketpl,SB,0.29,0.93,27.4
11/10/2025 16:00,delwebb_to_marketpl,SB,0.22,0.84,29.9
11/10/2025 17:00,delwebb_to_marketpl,SB,0.15,0.77,32.6
11/10/2025 18:00,delwebb_to_marketpl,SB,0.08,0.68,37.2
11/10/2025 19:00,delwebb_to_marketpl,SB,0.11,0.73,34.4
11/10/2025 20:00,delwebb_to_marketpl,SB,0.04,0.64,39.8
11/10/2025 21:00,delwebb_to_marketpl,SB,0.15,0.73,37.2
11/10/2025 22:00,delwebb_to_marketpl,SB,0,0.54,46.5
11/10/2025 23:00,delwebb_to_marketpl,SB,0,0.54,46.1
11/11/2025 0:00,delwebb_to_marketpl,SB,0,0.56,44
11/11/2025 1:00,delwebb_to_marketpl,SB,0,0.56,44
11/11/2025 2:00,delwebb_to_marketpl,SB,0,0.56,44
11/11/2025 3:00,delwebb_to_marketpl,SB,0,0.57,43.8
11/11/2025 4:00,delwebb_to_marketpl,SB,0.07,0.71,35.3
11/11/2025 5:00,delwebb_to_marketpl,SB,0.03,0.65,38.2
11/11/2025 6:00,delwebb_to_marketpl,SB,0.02,0.6,41.3
11/11/2025 7:00,delwebb_to_marketpl,SB,0.04,0.65,38.3
11/11/2025 8:00,delwebb_to_marketpl,SB,0.08,0.69,36
11/11/2025 9:00,delwebb_to_marketpl,SB,0.15,0.81,31
11/11/2025 10:00,delwebb_to_marketpl,SB,0.19,0.83,30.2
11/11/2025 11:00,delwebb_to_marketpl,SB,0.17,0.81,30.9
11/11/2025 12:00,delwebb_to_marketpl,SB,0.24,0.89,28.5
11/11/2025 13:00,delwebb_to_marketpl,SB,0.21,0.85,29.8
11/11/2025 14:00,delwebb_to_marketpl,SB,0.14,0.77,32.6
11/11/2025 15:00,delwebb_to_marketpl,SB,0.16,0.78,31.9
11/11/2025 16:00,delwebb_to_marketpl,SB,0.12,0.72,34.8
11/11/2025 17:00,delwebb_to_marketpl,SB,0.17,0.81,31
11/11/2025 18:00,delwebb_to_marketpl,SB,0.09,0.71,35.3
11/11/2025 19:00,delwebb_to_marketpl,SB,0.07,0.7,35.9
11/11/2025 20:00,delwebb_to_marketpl,SB,0.18,0.76,33.3
11/11/2025 21:00,delwebb_to_marketpl,SB,0.1,0.73,35.4
11/11/2025 22:00,delwebb_to_marketpl,SB,0.01,0.59,42.6
11/11/2025 23:00,delwebb_to_marketpl,SB,0,0.6,41.7
11/12/2025 0:00,delwebb_to_marketpl,SB,0,0.57,43.7
11/12/2025 1:00,delwebb_to_marketpl,SB,0,0.57,43.9
11/12/2025 2:00,delwebb_to_marketpl,SB,0,0.56,44
11/12/2025 3:00,delwebb_to_marketpl,SB,0,0.56,44.3
11/12/2025 4:00,delwebb_to_marketpl,SB,0,0.59,42.5
11/12/2025 5:00,delwebb_to_marketpl,SB,0.01,0.59,42
11/12/2025 6:00,delwebb_to_marketpl,SB,0.01,0.61,40.6
11/12/2025 7:00,delwebb_to_marketpl,SB,0.04,0.64,39
11/12/2025 8:00,delwebb_to_marketpl,SB,0.07,0.67,37.3
11/12/2025 9:00,delwebb_to_marketpl,SB,0.15,0.8,31.5
11/12/2025 10:00,delwebb_to_marketpl,SB,0.21,0.86,29.4
11/12/2025 11:00,delwebb_to_marketpl,SB,0.25,0.9,28.6
11/12/2025 12:00,delwebb_to_marketpl,SB,0.15,0.79,31.6
11/12/2025 13:00,delwebb_to_marketpl,SB,0.19,0.83,30.5
11/12/2025 14:00,delwebb_to_marketpl,SB,0.16,0.8,31.3
11/12/2025 15:00,delwebb_to_marketpl,SB,0.21,0.85,29.6
11/12/2025 16:00,delwebb_to_marketpl,SB,0.2,0.83,30.3
11/12/2025 17:00,delwebb_to_marketpl,SB,0.14,0.77,32.3
11/12/2025 18:00,delwebb_to_marketpl,SB,0.1,0.7,35.8
11/12/2025 19:00,delwebb_to_marketpl,SB,0.11,0.75,33.5
11/12/2025 20:00,delwebb_to_marketpl,SB,0.06,0.68,36.9
11/12/2025 21:00,delwebb_to_marketpl,SB,0.08,0.68,37.5
11/12/2025 22:00,delwebb_to_marketpl,SB,0.1,0.71,37.1
11/12/2025 23:00,delwebb_to_marketpl,SB,0,0.57,43.4
11/13/2025 0:00,delwebb_to_marketpl,SB,0,0.57,43.9
11/13/2025 1:00,delwebb_to_marketpl,SB,0,0.57,43.6
11/13/2025 2:00,delwebb_to_marketpl,SB,0.09,0.69,37.6
11/13/2025 3:00,delwebb_to_marketpl,SB,0,0.57,43.5
11/13/2025 4:00,delwebb_to_marketpl,SB,0.09,0.74,34.1
11/13/2025 5:00,delwebb_to_marketpl,SB,0.02,0.61,41.2
11/13/2025 6:00,delwebb_to_marketpl,SB,0.02,0.61,40.6
11/13/2025 7:00,delwebb_to_marketpl,SB,0.08,0.7,36.3
11/13/2025 8:00,delwebb_to_marketpl,SB,0.08,0.71,35.4
11/13/2025 9:00,delwebb_to_marketpl,SB,0.16,0.79,31.8
11/13/2025 10:00,delwebb_to_marketpl,SB,0.18,0.82,30.8
11/13/2025 11:00,delwebb_to_marketpl,SB,0.18,0.83,30.5
11/13/2025 12:00,delwebb_to_marketpl,SB,0.21,0.84,30
11/13/2025 13:00,delwebb_to_marketpl,SB,0.22,0.85,29.5
11/13/2025 14:00,delwebb_to_marketpl,SB,0.21,0.83,30.3
11/13/2025 15:00,delwebb_to_marketpl,SB,0.18,0.81,30.8
11/13/2025 16:00,delwebb_to_marketpl,SB,0.14,0.77,33.5
11/13/2025 17:00,delwebb_to_marketpl,SB,0.18,0.81,31.5
11/13/2025 18:00,delwebb_to_marketpl,SB,0.11,0.73,34.1
11/13/2025 19:00,delwebb_to_marketpl,SB,0.17,0.82,30.6
11/13/2025 20:00,delwebb_to_marketpl,SB,0.04,0.64,39.3
11/13/2025 21:00,delwebb_to_marketpl,SB,0.06,0.68,37.1
11/13/2025 22:00,delwebb_to_marketpl,SB,0,0.59,42.4
11/13/2025 23:00,delwebb_to_marketpl,SB,0,0.52,48.5
11/14/2025 0:00,delwebb_to_marketpl,SB,0.03,0.61,40.9
11/14/2025 1:00,delwebb_to_marketpl,SB,0,0.56,44
11/14/2025 2:00,delwebb_to_marketpl,SB,0,0.57,44
11/14/2025 3:00,delwebb_to_marketpl,SB,0.01,0.59,42.4
11/14/2025 4:00,delwebb_to_marketpl,SB,0,0.59,42.6
11/14/2025 5:00,delwebb_to_marketpl,SB,0,0.58,43.1
11/14/2025 6:00,delwebb_to_marketpl,SB,0.01,0.57,44
11/14/2025 7:00,delwebb_to_marketpl,SB,0.07,0.66,38.1
11/14/2025 8:00,delwebb_to_marketpl,SB,0.19,0.81,32.2
11/14/2025 9:00,delwebb_to_marketpl,SB,0.16,0.8,31.6
11/14/2025 10:00,delwebb_to_marketpl,SB,0.16,0.79,32.2
11/14/2025 11:00,delwebb_to_marketpl,SB,0.17,0.81,31.1
11/14/2025 12:00,delwebb_to_marketpl,SB,0.13,0.76,33.5
11/14/2025 13:00,delwebb_to_marketpl,SB,0.19,0.84,30
11/14/2025 14:00,delwebb_to_marketpl,SB,0.16,0.78,32
11/14/2025 15:00,delwebb_to_marketpl,SB,0.15,0.78,32.4
11/14/2025 16:00,delwebb_to_marketpl,SB,0.16,0.78,31.9
11/14/2025 17:00,delwebb_to_marketpl,SB,0.26,0.89,28.5
11/14/2025 18:00,delwebb_to_marketpl,SB,0.15,0.77,33
11/14/2025 19:00,delwebb_to_marketpl,SB,0.25,0.89,31.3
11/14/2025 20:00,delwebb_to_marketpl,SB,0.09,0.73,34.4
11/14/2025 21:00,delwebb_to_marketpl,SB,0.02,0.62,40.1
11/14/2025 22:00,delwebb_to_marketpl,SB,0.01,0.57,43.9
11/14/2025 23:00,delwebb_to_marketpl,SB,0,0.55,45.4
11/15/2025 0:00,delwebb_to_marketpl,SB,0.03,0.6,41.6
11/15/2025 1:00,delwebb_to_marketpl,SB,0,0.58,43
11/15/2025 2:00,delwebb_to_marketpl,SB,0,0.57,43.8
11/15/2025 3:00,delwebb_to_marketpl,SB,0.03,0.61,41.6
11/15/2025 4:00,delwebb_to_marketpl,SB,0.12,0.77,33.2
11/15/2025 5:00,delwebb_to_marketpl,SB,0,0.6,41.5
11/15/2025 6:00,delwebb_to_marketpl,SB,0.04,0.66,38.2
11/15/2025 7:00,delwebb_to_marketpl,SB,0.08,0.71,35.4
11/15/2025 8:00,delwebb_to_marketpl,SB,0.13,0.75,33.7
11/15/2025 9:00,delwebb_to_marketpl,SB,0.05,0.69,36.2
11/15/2025 10:00,delwebb_to_marketpl,SB,0.16,0.79,32.3
11/15/2025 11:00,delwebb_to_marketpl,SB,0.21,0.86,29
11/15/2025 12:00,delwebb_to_marketpl,SB,0.11,0.74,34.1
11/15/2025 13:00,delwebb_to_marketpl,SB,0.11,0.72,35.1
11/15/2025 14:00,delwebb_to_marketpl,SB,0.1,0.73,34
11/15/2025 15:00,delwebb_to_marketpl,SB,0.2,0.85,29.6
11/15/2025 16:00,delwebb_to_marketpl,SB,0.2,0.84,30.5
11/15/2025 17:00,delwebb_to_marketpl,SB,0.2,0.85,29.9
11/15/2025 18:00,delwebb_to_marketpl,SB,0.07,0.7,35.7
11/15/2025 19:00,delwebb_to_marketpl,SB,0.14,0.77,32.5
11/15/2025 20:00,delwebb_to_marketpl,SB,0.12,0.73,35.7
11/15/2025 21:00,delwebb_to_marketpl,SB,0.2,0.83,30.2
11/15/2025 22:00,delwebb_to_marketpl,SB,0.04,0.68,36.9
11/15/2025 23:00,delwebb_to_marketpl,SB,0.15,0.8,31.4
11/16/2025 0:00,delwebb_to_marketpl,SB,0.12,0.73,34.5
11/16/2025 1:00,delwebb_to_marketpl,SB,0.05,0.61,40.9
11/16/2025 2:00,delwebb_to_marketpl,SB,0,0.56,44
11/16/2025 3:00,delwebb_to_marketpl,SB,0.01,0.57,43.6
11/16/2025 4:00,delwebb_to_marketpl,SB,0.07,0.66,38.5
11/16/2025 5:00,delwebb_to_marketpl,SB,0.02,0.63,39.8
11/16/2025 6:00,delwebb_to_marketpl,SB,0.08,0.69,36.8
11/16/2025 7:00,delwebb_to_marketpl,SB,0.09,0.74,33.9
11/16/2025 8:00,delwebb_to_marketpl,SB,0.09,0.69,36.7
11/16/2025 9:00,delwebb_to_marketpl,SB,0.1,0.71,35.5
11/16/2025 10:00,delwebb_to_marketpl,SB,0.2,0.84,29.7
11/16/2025 11:00,delwebb_to_marketpl,SB,0.15,0.76,33.1
11/16/2025 12:00,delwebb_to_marketpl,SB,0.17,0.78,31.9
11/16/2025 13:00,delwebb_to_marketpl,SB,0.09,0.72,34.8
11/16/2025 14:00,delwebb_to_marketpl,SB,0.12,0.73,34.5
11/16/2025 15:00,delwebb_to_marketpl,SB,0.12,0.74,33.8
11/16/2025 16:00,delwebb_to_marketpl,SB,0.07,0.68,37.3
11/16/2025 17:00,delwebb_to_marketpl,SB,0.07,0.68,36.6
11/16/2025 18:00,delwebb_to_marketpl,SB,0.12,0.75,33.9
11/16/2025 19:00,delwebb_to_marketpl,SB,0.1,0.72,35.2
11/16/2025 20:00,delwebb_to_marketpl,SB,0.02,0.67,37.4
11/16/2025 21:00,delwebb_to_marketpl,SB,0.04,0.64,39.2
11/16/2025 22:00,delwebb_to_marketpl,SB,0.01,0.61,41.3
11/16/2025 23:00,delwebb_to_marketpl,SB,0,0.6,41.2
11/17/2025 0:00,delwebb_to_marketpl,SB,0,0.57,43.8
11/17/2025 1:00,delwebb_to_marketpl,SB,0,0.56,44
11/17/2025 2:00,delwebb_to_marketpl,SB,0.01,0.57,43.5
11/17/2025 3:00,delwebb_to_marketpl,SB,0,0.59,42.3
11/17/2025 4:00,delwebb_to_marketpl,SB,0,0.57,43.5
11/17/2025 5:00,delwebb_to_marketpl,SB,0,0.57,43.6
11/17/2025 6:00,delwebb_to_marketpl,SB,0.02,0.58,42.9
11/17/2025 7:00,delwebb_to_marketpl,SB,0.07,0.66,38.4
11/17/2025 8:00,delwebb_to_marketpl,SB,0.1,0.74,33.7
11/17/2025 9:00,delwebb_to_marketpl,SB,0.14,0.78,32.2
11/17/2025 10:00,delwebb_to_marketpl,SB,0.18,0.82,30.7
11/17/2025 11:00,delwebb_to_marketpl,SB,0.17,0.81,31.1
11/17/2025 12:00,delwebb_to_marketpl,SB,0.22,0.86,29.3
11/17/2025 13:00,delwebb_to_marketpl,SB,0.19,0.82,30.6
11/17/2025 14:00,delwebb_to_marketpl,SB,0.15,0.77,32.9
11/17/2025 15:00,delwebb_to_marketpl,SB,0.16,0.79,31.8
11/17/2025 16:00,delwebb_to_marketpl,SB,0.21,0.85,29.6
11/17/2025 17:00,delwebb_to_marketpl,SB,0.08,0.72,35.1
11/17/2025 18:00,delwebb_to_marketpl,SB,0.21,0.83,30.9
11/17/2025 19:00,delwebb_to_marketpl,SB,0.14,0.76,33.1
11/17/2025 20:00,delwebb_to_marketpl,SB,0.05,0.62,41.2
11/17/2025 21:00,delwebb_to_marketpl,SB,0.08,0.71,35.3
11/17/2025 22:00,delwebb_to_marketpl,SB,0.04,0.65,38.6
11/17/2025 23:00,delwebb_to_marketpl,SB,0,0.55,44.9
11/18/2025 0:00,delwebb_to_marketpl,SB,0,0.56,44
11/18/2025 1:00,delwebb_to_marketpl,SB,0,0.56,44
11/18/2025 2:00,delwebb_to_marketpl,SB,0,0.57,44
11/18/2025 3:00,delwebb_to_marketpl,SB,0.01,0.59,42.3
11/18/2025 4:00,delwebb_to_marketpl,SB,0.06,0.68,37
11/18/2025 5:00,delwebb_to_marketpl,SB,0.06,0.67,37.6
11/18/2025 6:00,delwebb_to_marketpl,SB,0.05,0.63,40
11/18/2025 7:00,delwebb_to_marketpl,SB,0.06,0.68,36.6
11/18/2025 8:00,delwebb_to_marketpl,SB,0.09,0.71,35.4
11/18/2025 9:00,delwebb_to_marketpl,SB,0.14,0.78,32.1
11/18/2025 10:00,delwebb_to_marketpl,SB,0.09,0.7,35.6
11/18/2025 11:00,delwebb_to_marketpl,SB,0.22,0.86,28.9
11/18/2025 12:00,delwebb_to_marketpl,SB,0.22,0.86,29.7
11/18/2025 13:00,delwebb_to_marketpl,SB,0.18,0.81,31.2
11/18/2025 14:00,delwebb_to_marketpl,SB,0.14,0.77,33.2
11/18/2025 15:00,delwebb_to_marketpl,SB,0.24,0.88,28.6
11/18/2025 16:00,delwebb_to_marketpl,SB,0.14,0.78,32.6
11/18/2025 17:00,delwebb_to_marketpl,SB,0.2,0.82,30.7
11/18/2025 18:00,delwebb_to_marketpl,SB,0.08,0.71,35.1
11/18/2025 19:00,delwebb_to_marketpl,SB,0.07,0.67,37
11/18/2025 20:00,delwebb_to_marketpl,SB,0.05,0.68,37.5
11/18/2025 21:00,delwebb_to_marketpl,SB,0.01,0.6,41.7
11/18/2025 22:00,delwebb_to_marketpl,SB,0,0.59,42.3
11/18/2025 23:00,delwebb_to_marketpl,SB,0.01,0.6,41.8
11/19/2025 0:00,delwebb_to_marketpl,SB,0,0.56,44
11/19/2025 1:00,delwebb_to_marketpl,SB,0,0.56,44
11/19/2025 2:00,delwebb_to_marketpl,SB,0.05,0.67,38
11/19/2025 3:00,delwebb_to_marketpl,SB,0.01,0.57,43.8
11/19/2025 4:00,delwebb_to_marketpl,SB,0,0.57,44
11/19/2025 5:00,delwebb_to_marketpl,SB,0.04,0.64,39.2
11/19/2025 6:00,delwebb_to_marketpl,SB,0.04,0.64,39.3
11/19/2025 7:00,delwebb_to_marketpl,SB,0.09,0.7,36.3
11/19/2025 8:00,delwebb_to_marketpl,SB,0.14,0.76,33.4
11/19/2025 9:00,delwebb_to_marketpl,SB,0.13,0.78,32.6
11/19/2025 10:00,delwebb_to_marketpl,SB,0.21,0.85,29.5
11/19/2025 11:00,delwebb_to_marketpl,SB,0.19,0.83,30.5
11/19/2025 12:00,delwebb_to_marketpl,SB,0.18,0.82,30.7
11/19/2025 13:00,delwebb_to_marketpl,SB,0.19,0.83,29.9
11/19/2025 14:00,delwebb_to_marketpl,SB,0.16,0.79,31.5
11/19/2025 15:00,delwebb_to_marketpl,SB,0.19,0.8,31.4
11/19/2025 16:00,delwebb_to_marketpl,SB,0.16,0.78,32.1
11/19/2025 17:00,delwebb_to_marketpl,SB,0.23,0.87,29
11/19/2025 18:00,delwebb_to_marketpl,SB,0.16,0.81,31
11/19/2025 19:00,delwebb_to_marketpl,SB,0.1,0.73,34.3
11/19/2025 20:00,delwebb_to_marketpl,SB,0.11,0.74,34.3
11/19/2025 21:00,delwebb_to_marketpl,SB,0.07,0.68,37.9
11/19/2025 22:00,delwebb_to_marketpl,SB,0.04,0.64,39.9
11/19/2025 23:00,delwebb_to_marketpl,SB,0,0.58,43
11/20/2025 0:00,delwebb_to_marketpl,SB,0,0.57,43.9
11/20/2025 1:00,delwebb_to_marketpl,SB,0,0.56,44
11/20/2025 2:00,delwebb_to_marketpl,SB,0,0.56,44
11/20/2025 3:00,delwebb_to_marketpl,SB,0,0.59,42.4
11/20/2025 4:00,delwebb_to_marketpl,SB,0.01,0.62,40.2
11/20/2025 5:00,delwebb_to_marketpl,SB,0.01,0.58,43
11/20/2025 6:00,delwebb_to_marketpl,SB,0.01,0.58,43.1
11/20/2025 7:00,delwebb_to_marketpl,SB,0.05,0.62,40.2
11/20/2025 8:00,delwebb_to_marketpl,SB,0.12,0.74,34.4
11/20/2025 9:00,delwebb_to_marketpl,SB,0.12,0.74,33.6
11/20/2025 10:00,delwebb_to_marketpl,SB,0.17,0.81,31
11/20/2025 11:00,delwebb_to_marketpl,SB,0.15,0.8,31.6
11/20/2025 12:00,delwebb_to_marketpl,SB,0.23,0.88,28.5
11/20/2025 13:00,delwebb_to_marketpl,SB,0.24,0.89,28.2
11/20/2025 14:00,delwebb_to_marketpl,SB,0.18,0.81,30.9
11/20/2025 15:00,delwebb_to_marketpl,SB,0.16,0.79,31.7
11/20/2025 16:00,delwebb_to_marketpl,SB,0.17,0.8,31.4
11/20/2025 17:00,delwebb_to_marketpl,SB,0.18,0.81,30.9
11/20/2025 18:00,delwebb_to_marketpl,SB,0.03,0.61,40.6
11/20/2025 19:00,delwebb_to_marketpl,SB,0.19,0.82,30.8
11/20/2025 20:00,delwebb_to_marketpl,SB,0.14,0.78,32.3
11/20/2025 21:00,delwebb_to_marketpl,SB,0.02,0.6,41.3
11/20/2025 22:00,delwebb_to_marketpl,SB,0.09,0.69,37.6
11/20/2025 23:00,delwebb_to_marketpl,SB,0.01,0.59,42.8
11/21/2025 0:00,delwebb_to_marketpl,SB,0.02,0.63,40.1
11/21/2025 1:00,delwebb_to_marketpl,SB,0,0.55,45
11/21/2025 2:00,delwebb_to_marketpl,SB,0,0.56,44
11/21/2025 3:00,delwebb_to_marketpl,SB,0,0.56,44.3
11/21/2025 4:00,delwebb_to_marketpl,SB,0,0.54,46.3
11/21/2025 5:00,delwebb_to_marketpl,SB,0,0.6,41.9
11/21/2025 6:00,delwebb_to_marketpl,SB,0.01,0.6,41.4
11/21/2025 7:00,delwebb_to_marketpl,SB,0.07,0.67,37.1
11/21/2025 8:00,delwebb_to_marketpl,SB,0.09,0.73,34.6
11/21/2025 9:00,delwebb_to_marketpl,SB,0.13,0.78,32.2
11/21/2025 10:00,delwebb_to_marketpl,SB,0.21,0.86,29.3
11/21/2025 11:00,delwebb_to_marketpl,SB,0.15,0.8,32
11/21/2025 12:00,delwebb_to_marketpl,SB,0.26,0.92,27.8
11/21/2025 13:00,delwebb_to_marketpl,SB,0.2,0.85,29.6
11/21/2025 14:00,delwebb_to_marketpl,SB,0.16,0.78,32.2
11/21/2025 15:00,delwebb_to_marketpl,SB,0.15,0.78,31.8
11/21/2025 16:00,delwebb_to_marketpl,SB,0.2,0.84,30.3
11/21/2025 17:00,delwebb_to_marketpl,SB,0.18,0.82,30.6
11/21/2025 18:00,delwebb_to_marketpl,SB,0.1,0.74,34.7
11/21/2025 19:00,delwebb_to_marketpl,SB,0.08,0.7,35.7
11/21/2025 20:00,delwebb_to_marketpl,SB,0.1,0.75,33.5
11/21/2025 21:00,delwebb_to_marketpl,SB,0.06,0.68,36.9
11/21/2025 22:00,delwebb_to_marketpl,SB,0.01,0.61,41.2
11/21/2025 23:00,delwebb_to_marketpl,SB,0.01,0.55,45.6
11/22/2025 0:00,delwebb_to_marketpl,SB,0.02,0.58,43.1
11/22/2025 1:00,delwebb_to_marketpl,SB,0.02,0.59,42.5
11/22/2025 2:00,delwebb_to_marketpl,SB,0,0.56,44
11/22/2025 3:00,delwebb_to_marketpl,SB,0.03,0.63,39.7
11/22/2025 4:00,delwebb_to_marketpl,SB,0,0.59,42
11/22/2025 5:00,delwebb_to_marketpl,SB,0.02,0.61,41.5
11/22/2025 6:00,delwebb_to_marketpl,SB,0.1,0.72,35.5
11/22/2025 7:00,delwebb_to_marketpl,SB,0.12,0.74,34.1
11/22/2025 8:00,delwebb_to_marketpl,SB,0.1,0.75,33.4
11/22/2025 9:00,delwebb_to_marketpl,SB,0.11,0.74,34.4
11/22/2025 10:00,delwebb_to_marketpl,SB,0.14,0.77,32.5
11/22/2025 11:00,delwebb_to_marketpl,SB,0.12,0.77,32.7
11/22/2025 12:00,delwebb_to_marketpl,SB,0.16,0.77,32.7
11/22/2025 13:00,delwebb_to_marketpl,SB,0.08,0.69,36.7
11/22/2025 14:00,delwebb_to_marketpl,SB,0.05,0.65,39
11/22/2025 15:00,delwebb_to_marketpl,SB,0.07,0.7,35.7
11/22/2025 16:00,delwebb_to_marketpl,SB,0.11,0.75,33.1
11/22/2025 17:00,delwebb_to_marketpl,SB,0.16,0.8,31.6
11/22/2025 18:00,delwebb_to_marketpl,SB,0.11,0.76,32.9
11/22/2025 19:00,delwebb_to_marketpl,SB,0.04,0.65,38.5
11/22/2025 20:00,delwebb_to_marketpl,SB,0.01,0.6,41.1
11/22/2025 21:00,delwebb_to_marketpl,SB,0.07,0.69,36.6
11/22/2025 22:00,delwebb_to_marketpl,SB,0.03,0.6,42
11/22/2025 23:00,delwebb_to_marketpl,SB,0.13,0.76,34
11/23/2025 0:00,delwebb_to_marketpl,SB,0.02,0.63,39.7
11/23/2025 1:00,delwebb_to_marketpl,SB,0.02,0.63,39.8
11/23/2025 2:00,delwebb_to_marketpl,SB,0,0.56,44
11/23/2025 3:00,delwebb_to_marketpl,SB,0,0.57,43.7
11/23/2025 4:00,delwebb_to_marketpl,SB,0.02,0.61,41
11/23/2025 5:00,delwebb_to_marketpl,SB,0,0.59,42.6
11/23/2025 6:00,delwebb_to_marketpl,SB,0.08,0.7,36.5
11/23/2025 7:00,delwebb_to_marketpl,SB,0.01,0.56,44.8
11/23/2025 8:00,delwebb_to_marketpl,SB,0.05,0.66,38.4
11/23/2025 9:00,delwebb_to_marketpl,SB,0.07,0.71,35.4
11/23/2025 10:00,delwebb_to_marketpl,SB,0.12,0.75,33.7
11/23/2025 11:00,delwebb_to_marketpl,SB,0.11,0.68,36.8
11/23/2025 12:00,delwebb_to_marketpl,SB,0.13,0.76,33.5
11/23/2025 13:00,delwebb_to_marketpl,SB,0.12,0.73,35
11/23/2025 14:00,delwebb_to_marketpl,SB,0.13,0.72,35.6
11/23/2025 15:00,delwebb_to_marketpl,SB,0.23,0.81,30.9
11/23/2025 16:00,delwebb_to_marketpl,SB,0.14,0.75,33.8
11/23/2025 17:00,delwebb_to_marketpl,SB,0.15,0.79,31.7
11/23/2025 18:00,delwebb_to_marketpl,SB,0.15,0.79,32.1
11/23/2025 19:00,delwebb_to_marketpl,SB,0.1,0.74,34.4
11/23/2025 20:00,delwebb_to_marketpl,SB,0.07,0.69,36.1
11/23/2025 21:00,delwebb_to_marketpl,SB,0.12,0.76,33.8
11/23/2025 22:00,delwebb_to_marketpl,SB,0.01,0.6,41.7
11/23/2025 23:00,delwebb_to_marketpl,SB,0.01,0.58,42.7
11/24/2025 0:00,delwebb_to_marketpl,SB,0.1,0.72,36.1
11/24/2025 1:00,delwebb_to_marketpl,SB,0,0.56,44
11/24/2025 2:00,delwebb_to_marketpl,SB,0,0.56,44
11/24/2025 3:00,delwebb_to_marketpl,SB,0,0.55,45.4
11/24/2025 4:00,delwebb_to_marketpl,SB,0.02,0.59,42.1
11/24/2025 5:00,delwebb_to_marketpl,SB,0.08,0.67,37.9
11/24/2025 6:00,delwebb_to_marketpl,SB,0.01,0.61,41.2
11/24/2025 7:00,delwebb_to_marketpl,SB,0.06,0.68,37.2
11/24/2025 8:00,delwebb_to_marketpl,SB,0.07,0.67,37.6
11/24/2025 9:00,delwebb_to_marketpl,SB,0.16,0.79,32.2
11/24/2025 10:00,delwebb_to_marketpl,SB,0.13,0.77,32.7
11/24/2025 11:00,delwebb_to_marketpl,SB,0.22,0.86,29.1
11/24/2025 12:00,delwebb_to_marketpl,SB,0.2,0.84,29.9
11/24/2025 13:00,delwebb_to_marketpl,SB,0.27,0.9,28
11/24/2025 14:00,delwebb_to_marketpl,SB,0.21,0.84,30.1
11/24/2025 15:00,delwebb_to_marketpl,SB,0.26,0.92,27.7
11/24/2025 16:00,delwebb_to_marketpl,SB,0.31,0.95,27.6
11/24/2025 17:00,delwebb_to_marketpl,SB,0.2,0.83,30.4
11/24/2025 18:00,delwebb_to_marketpl,SB,0.09,0.69,36.2
11/24/2025 19:00,delwebb_to_marketpl,SB,0.04,0.64,38.6
11/24/2025 20:00,delwebb_to_marketpl,SB,0.09,0.71,35.6
11/24/2025 21:00,delwebb_to_marketpl,SB,0.05,0.62,40.5
11/24/2025 22:00,delwebb_to_marketpl,SB,0.01,0.56,44.4
11/24/2025 23:00,delwebb_to_marketpl,SB,0.01,0.63,39.7
11/25/2025 0:00,delwebb_to_marketpl,SB,0.01,0.58,42.7
11/25/2025 1:00,delwebb_to_marketpl,SB,0,0.55,45.1
11/25/2025 2:00,delwebb_to_marketpl,SB,0,0.55,45.2
11/25/2025 3:00,delwebb_to_marketpl,SB,0,0.56,44
11/25/2025 4:00,delwebb_to_marketpl,SB,0.01,0.57,43.9
11/25/2025 5:00,delwebb_to_marketpl,SB,0.01,0.53,47.7
11/25/2025 6:00,delwebb_to_marketpl,SB,0.04,0.64,39.7
11/25/2025 7:00,delwebb_to_marketpl,SB,0.08,0.66,37.9
11/25/2025 8:00,delwebb_to_marketpl,SB,0.08,0.7,35.8
11/25/2025 9:00,delwebb_to_marketpl,SB,0.16,0.8,31.5
11/25/2025 10:00,delwebb_to_marketpl,SB,0.15,0.79,32.2
11/25/2025 11:00,delwebb_to_marketpl,SB,0.16,0.81,30.9
11/25/2025 12:00,delwebb_to_marketpl,SB,0.23,0.87,28.7
11/25/2025 13:00,delwebb_to_marketpl,SB,0.27,0.92,27.4
11/25/2025 14:00,delwebb_to_marketpl,SB,0.22,0.85,29.6
11/25/2025 15:00,delwebb_to_marketpl,SB,0.21,0.83,30.2
11/25/2025 16:00,delwebb_to_marketpl,SB,0.2,0.82,30.7
11/25/2025 17:00,delwebb_to_marketpl,SB,0.22,0.86,29.4
11/25/2025 18:00,delwebb_to_marketpl,SB,0.17,0.79,31.8
11/25/2025 19:00,delwebb_to_marketpl,SB,0.09,0.73,34.5
11/25/2025 20:00,delwebb_to_marketpl,SB,0.18,0.84,29.6
11/25/2025 21:00,delwebb_to_marketpl,SB,0.14,0.76,33.7
11/25/2025 22:00,delwebb_to_marketpl,SB,0.08,0.7,35.8
11/25/2025 23:00,delwebb_to_marketpl,SB,0.02,0.59,43.8
11/26/2025 0:00,delwebb_to_marketpl,SB,0,0.54,46.5
11/26/2025 1:00,delwebb_to_marketpl,SB,0,0.56,44.3
11/26/2025 2:00,delwebb_to_marketpl,SB,0,0.56,44
11/26/2025 3:00,delwebb_to_marketpl,SB,0,0.56,44
11/26/2025 4:00,delwebb_to_marketpl,SB,0.01,0.62,39.9
11/26/2025 5:00,delwebb_to_marketpl,SB,0.03,0.58,43.2
11/26/2025 6:00,delwebb_to_marketpl,SB,0.02,0.61,41
11/26/2025 7:00,delwebb_to_marketpl,SB,0.12,0.75,33.9
11/26/2025 8:00,delwebb_to_marketpl,SB,0.12,0.75,33.8
11/26/2025 9:00,delwebb_to_marketpl,SB,0.14,0.75,33.3
11/26/2025 10:00,delwebb_to_marketpl,SB,0.28,0.94,26.6
11/26/2025 11:00,delwebb_to_marketpl,SB,0.18,0.8,31.1
11/26/2025 12:00,delwebb_to_marketpl,SB,0.22,0.86,29
11/26/2025 13:00,delwebb_to_marketpl,SB,0.17,0.81,31.1
11/26/2025 14:00,delwebb_to_marketpl,SB,0.22,0.85,30
11/26/2025 15:00,delwebb_to_marketpl,SB,0.27,0.92,27.4
11/26/2025 16:00,delwebb_to_marketpl,SB,0.2,0.85,29.4
11/26/2025 17:00,delwebb_to_marketpl,SB,0.16,0.77,32.6
11/26/2025 18:00,delwebb_to_marketpl,SB,0.15,0.78,32.7
11/26/2025 19:00,delwebb_to_marketpl,SB,0.15,0.74,34
11/26/2025 20:00,delwebb_to_marketpl,SB,0.15,0.76,33.6
11/26/2025 21:00,delwebb_to_marketpl,SB,0.09,0.71,35.4
11/26/2025 22:00,delwebb_to_marketpl,SB,0.1,0.7,36.4
11/26/2025 23:00,delwebb_to_marketpl,SB,0.02,0.61,41.5
11/27/2025 0:00,delwebb_to_marketpl,SB,0,0.54,46.3
11/27/2025 1:00,delwebb_to_marketpl,SB,0,0.56,44.4
11/27/2025 2:00,delwebb_to_marketpl,SB,0,0.56,44
11/27/2025 3:00,delwebb_to_marketpl,SB,0.03,0.6,42.3
11/27/2025 4:00,delwebb_to_marketpl,SB,0.12,0.72,36.4
11/27/2025 5:00,delwebb_to_marketpl,SB,0,0.55,45.3
11/27/2025 6:00,delwebb_to_marketpl,SB,0.01,0.61,40.8
11/27/2025 7:00,delwebb_to_marketpl,SB,0.05,0.67,37.9
11/27/2025 8:00,delwebb_to_marketpl,SB,0.11,0.71,35.3
11/27/2025 9:00,delwebb_to_marketpl,SB,0.22,0.86,29.2
11/27/2025 10:00,delwebb_to_marketpl,SB,0.13,0.76,32.9
11/27/2025 11:00,delwebb_to_marketpl,SB,0.16,0.78,32
11/27/2025 12:00,delwebb_to_marketpl,SB,0.1,0.73,34.6
11/27/2025 13:00,delwebb_to_marketpl,SB,0.13,0.76,33.2
11/27/2025 14:00,delwebb_to_marketpl,SB,0.12,0.72,35
11/27/2025 15:00,delwebb_to_marketpl,SB,0.08,0.68,36.9
11/27/2025 16:00,delwebb_to_marketpl,SB,0.16,0.77,32.3
11/27/2025 17:00,delwebb_to_marketpl,SB,0.07,0.66,38.1
11/27/2025 18:00,delwebb_to_marketpl,SB,0.06,0.7,35.4
11/27/2025 19:00,delwebb_to_marketpl,SB,0.11,0.75,33.6
11/27/2025 20:00,delwebb_to_marketpl,SB,0.06,0.69,36.4
11/27/2025 21:00,delwebb_to_marketpl,SB,0.02,0.61,40.7
11/27/2025 22:00,delwebb_to_marketpl,SB,0.08,0.69,37
11/27/2025 23:00,delwebb_to_marketpl,SB,0,0.55,45.4
11/28/2025 0:00,delwebb_to_marketpl,SB,0,0.54,45.8
11/28/2025 1:00,delwebb_to_marketpl,SB,0,0.57,43.7
11/28/2025 2:00,delwebb_to_marketpl,SB,0,0.58,42.9
11/28/2025 3:00,delwebb_to_marketpl,SB,0,0.55,44.9
11/28/2025 4:00,delwebb_to_marketpl,SB,0,0.55,45.7
11/28/2025 5:00,delwebb_to_marketpl,SB,0,0.61,41.2
11/28/2025 6:00,delwebb_to_marketpl,SB,0.12,0.73,36.1
11/28/2025 7:00,delwebb_to_marketpl,SB,0.02,0.61,41.2
11/28/2025 8:00,delwebb_to_marketpl,SB,0.05,0.69,36.4
11/28/2025 9:00,delwebb_to_marketpl,SB,0.12,0.74,33.7
11/28/2025 10:00,delwebb_to_marketpl,SB,0.2,0.83,30.1
11/28/2025 11:00,delwebb_to_marketpl,SB,0.16,0.81,31.1
11/28/2025 12:00,delwebb_to_marketpl,SB,0.16,0.81,31.2
11/28/2025 13:00,delwebb_to_marketpl,SB,0.16,0.78,32.7
11/28/2025 14:00,delwebb_to_marketpl,SB,0.12,0.72,34.9
11/28/2025 15:00,delwebb_to_marketpl,SB,0.2,0.84,30.1
11/28/2025 16:00,delwebb_to_marketpl,SB,0.17,0.8,31.3
11/28/2025 17:00,delwebb_to_marketpl,SB,0.18,0.83,30.6
11/28/2025 18:00,delwebb_to_marketpl,SB,0.08,0.71,35.6
11/28/2025 19:00,delwebb_to_marketpl,SB,0.05,0.65,39.4
11/28/2025 20:00,delwebb_to_marketpl,SB,0.05,0.66,37.9
11/28/2025 21:00,delwebb_to_marketpl,SB,0.16,0.78,32.3
11/28/2025 22:00,delwebb_to_marketpl,SB,0.03,0.63,39.8
11/28/2025 23:00,delwebb_to_marketpl,SB,0.01,0.62,40.7
11/29/2025 0:00,delwebb_to_marketpl,SB,0.01,0.6,41.6
11/29/2025 1:00,delwebb_to_marketpl,SB,0,0.56,44.6
11/29/2025 2:00,delwebb_to_marketpl,SB,0,0.56,44
11/29/2025 3:00,delwebb_to_marketpl,SB,0,0.56,44.2
11/29/2025 4:00,delwebb_to_marketpl,SB,0.08,0.72,35.7
11/29/2025 5:00,delwebb_to_marketpl,SB,0.07,0.71,35.9
11/29/2025 6:00,delwebb_to_marketpl,SB,0.03,0.62,40.4
11/29/2025 7:00,delwebb_to_marketpl,SB,0.02,0.63,40
11/29/2025 8:00,delwebb_to_marketpl,SB,0.06,0.66,38.2
11/29/2025 9:00,delwebb_to_marketpl,SB,0.1,0.75,33.5
11/29/2025 10:00,delwebb_to_marketpl,SB,0.12,0.75,33.6
11/29/2025 11:00,delwebb_to_marketpl,SB,0.2,0.84,30
11/29/2025 12:00,delwebb_to_marketpl,SB,0.19,0.82,31
11/29/2025 13:00,delwebb_to_marketpl,SB,0.1,0.72,34.9
11/29/2025 14:00,delwebb_to_marketpl,SB,0.18,0.78,32.6
11/29/2025 15:00,delwebb_to_marketpl,SB,0.12,0.74,33.6
11/29/2025 16:00,delwebb_to_marketpl,SB,0.11,0.72,35
11/29/2025 17:00,delwebb_to_marketpl,SB,0.19,0.84,30.6
11/29/2025 18:00,delwebb_to_marketpl,SB,0.12,0.74,34.5
11/29/2025 19:00,delwebb_to_marketpl,SB,0.08,0.67,37.6
11/29/2025 20:00,delwebb_to_marketpl,SB,0.05,0.67,37.3
11/29/2025 21:00,delwebb_to_marketpl,SB,0.05,0.63,40
11/29/2025 22:00,delwebb_to_marketpl,SB,0.02,0.6,41.3
11/29/2025 23:00,delwebb_to_marketpl,SB,0.02,0.6,41.3
11/30/2025 0:00,delwebb_to_marketpl,SB,0.01,0.62,40.2
11/30/2025 1:00,delwebb_to_marketpl,SB,0,0.56,44.7
11/30/2025 2:00,delwebb_to_marketpl,SB,0.02,0.61,41.1
11/30/2025 3:00,delwebb_to_marketpl,SB,0,0.57,43.9
11/30/2025 4:00,delwebb_to_marketpl,SB,0.02,0.61,41.3
11/30/2025 5:00,delwebb_to_marketpl,SB,0.01,0.58,43.1
11/30/2025 6:00,delwebb_to_marketpl,SB,0.03,0.64,39.2
11/30/2025 7:00,delwebb_to_marketpl,SB,0,0.58,42.7
11/30/2025 8:00,delwebb_to_marketpl,SB,0.1,0.75,33.8
11/30/2025 9:00,delwebb_to_marketpl,SB,0.07,0.7,35.8
11/30/2025 10:00,delwebb_to_marketpl,SB,0.12,0.74,34.6
11/30/2025 11:00,delwebb_to_marketpl,SB,0.08,0.69,36.6
11/30/2025 12:00,delwebb_to_marketpl,SB,0.1,0.7,36.2
11/30/2025 13:00,delwebb_to_marketpl,SB,0.11,0.73,34.3
11/30/2025 14:00,delwebb_to_marketpl,SB,0.15,0.78,32.3
11/30/2025 15:00,delwebb_to_marketpl,SB,0.12,0.76,32.9
11/30/2025 16:00,delwebb_to_marketpl,SB,0.08,0.7,35.8
11/30/2025 17:00,delwebb_to_marketpl,SB,0.15,0.79,31.8
11/30/2025 18:00,delwebb_to_marketpl,SB,0.17,0.79,31.4
11/30/2025 19:00,delwebb_to_marketpl,SB,0.07,0.7,36.1
11/30/2025 20:00,delwebb_to_marketpl,SB,0.05,0.68,36.6
11/30/2025 21:00,delwebb_to_marketpl,SB,0.02,0.64,38.7
11/30/2025 22:00,delwebb_to_marketpl,SB,0.07,0.68,36.5
11/30/2025 23:00,delwebb_to_marketpl,SB,0.35,1,28.4
12/1/2025 0:00,delwebb_to_marketpl,SB,0,0.55,45.5
12/1/2025 1:00,delwebb_to_marketpl,SB,0,0.56,44
12/1/2025 2:00,delwebb_to_marketpl,SB,0,0.58,42.9
12/1/2025 3:00,delwebb_to_marketpl,SB,0,0.57,43.6
12/1/2025 4:00,delwebb_to_marketpl,SB,0.03,0.65,38.7
12/1/2025 5:00,delwebb_to_marketpl,SB,0,0.57,43.8
12/1/2025 6:00,delwebb_to_marketpl,SB,0.03,0.59,42.6
12/1/2025 7:00,delwebb_to_marketpl,SB,0.06,0.66,37.9
12/1/2025 8:00,delwebb_to_marketpl,SB,0.11,0.75,33.2
12/1/2025 9:00,delwebb_to_marketpl,SB,0.15,0.8,31.2
12/1/2025 10:00,delwebb_to_marketpl,SB,0.18,0.81,30.7
12/1/2025 11:00,delwebb_to_marketpl,SB,0.25,0.9,27.8
12/1/2025 12:00,delwebb_to_marketpl,SB,0.19,0.83,30.8
12/1/2025 13:00,delwebb_to_marketpl,SB,0.18,0.83,30.5
12/1/2025 14:00,delwebb_to_marketpl,SB,0.25,0.9,28.3
12/1/2025 15:00,delwebb_to_marketpl,SB,0.25,0.89,28.4
12/1/2025 16:00,delwebb_to_marketpl,SB,0.14,0.79,31.7
12/1/2025 17:00,delwebb_to_marketpl,SB,0.16,0.79,32
12/1/2025 18:00,delwebb_to_marketpl,SB,0.11,0.72,34.8
12/1/2025 19:00,delwebb_to_marketpl,SB,0.04,0.65,38.9
12/1/2025 20:00,delwebb_to_marketpl,SB,0.06,0.68,37.3
12/1/2025 21:00,delwebb_to_marketpl,SB,0.12,0.71,37.6
12/1/2025 22:00,delwebb_to_marketpl,SB,0,0.58,43.2
12/1/2025 23:00,delwebb_to_marketpl,SB,0,0.55,45
12/2/2025 0:00,delwebb_to_marketpl,SB,0,0.56,44.4
12/2/2025 1:00,delwebb_to_marketpl,SB,0,0.57,43.5
12/2/2025 2:00,delwebb_to_marketpl,SB,0,0.56,44
12/2/2025 3:00,delwebb_to_marketpl,SB,0,0.56,44
12/2/2025 4:00,delwebb_to_marketpl,SB,0,0.6,41.7
12/2/2025 5:00,delwebb_to_marketpl,SB,0,0.58,43.2
12/2/2025 6:00,delwebb_to_marketpl,SB,0.01,0.55,45.6
12/2/2025 7:00,delwebb_to_marketpl,SB,0.08,0.67,37.7
12/2/2025 8:00,delwebb_to_marketpl,SB,0.1,0.74,34
12/2/2025 9:00,delwebb_to_marketpl,SB,0.18,0.84,29.7
12/2/2025 10:00,delwebb_to_marketpl,SB,0.11,0.75,33.6
12/2/2025 11:00,delwebb_to_marketpl,SB,0.15,0.8,31.3
12/2/2025 12:00,delwebb_to_marketpl,SB,0.12,0.77,32.9
12/2/2025 13:00,delwebb_to_marketpl,SB,0.14,0.76,33.6
12/2/2025 14:00,delwebb_to_marketpl,SB,0.11,0.76,33.1
12/2/2025 15:00,delwebb_to_marketpl,SB,0.19,0.84,29.8
12/2/2025 16:00,delwebb_to_marketpl,SB,0.13,0.77,33
12/2/2025 17:00,delwebb_to_marketpl,SB,0.06,0.69,36
12/2/2025 18:00,delwebb_to_marketpl,SB,0.08,0.7,35.6
12/2/2025 19:00,delwebb_to_marketpl,SB,0.04,0.64,39.1
12/2/2025 20:00,delwebb_to_marketpl,SB,0.01,0.58,42.7
12/2/2025 21:00,delwebb_to_marketpl,SB,0.01,0.6,41.8
12/2/2025 22:00,delwebb_to_marketpl,SB,0.01,0.6,41.8
12/2/2025 23:00,delwebb_to_marketpl,SB,0,0.58,42.7
12/3/2025 0:00,delwebb_to_marketpl,SB,0,0.56,44
12/3/2025 1:00,delwebb_to_marketpl,SB,0,0.58,42.9
12/3/2025 2:00,delwebb_to_marketpl,SB,0,0.56,44.1
12/3/2025 3:00,delwebb_to_marketpl,SB,0.01,0.59,42.5
12/3/2025 4:00,delwebb_to_marketpl,SB,0.01,0.62,40.4
12/3/2025 5:00,delwebb_to_marketpl,SB,0.01,0.61,40.9
12/3/2025 6:00,delwebb_to_marketpl,SB,0.01,0.6,41.8
12/3/2025 7:00,delwebb_to_marketpl,SB,0.07,0.69,36.2
12/3/2025 8:00,delwebb_to_marketpl,SB,0.06,0.69,36.3
12/3/2025 9:00,delwebb_to_marketpl,SB,0.17,0.82,30.7
12/3/2025 10:00,delwebb_to_marketpl,SB,0.1,0.73,34.1
12/3/2025 11:00,delwebb_to_marketpl,SB,0.1,0.75,33.2
12/3/2025 12:00,delwebb_to_marketpl,SB,0.14,0.79,31.5
12/3/2025 13:00,delwebb_to_marketpl,SB,0.12,0.74,33.6
12/3/2025 14:00,delwebb_to_marketpl,SB,0.16,0.78,32.4
12/3/2025 15:00,delwebb_to_marketpl,SB,0.1,0.75,33.5
12/3/2025 16:00,delwebb_to_marketpl,SB,0.14,0.76,33
12/3/2025 17:00,delwebb_to_marketpl,SB,0.08,0.7,35.5
12/3/2025 18:00,delwebb_to_marketpl,SB,0.07,0.66,37.9
12/3/2025 19:00,delwebb_to_marketpl,SB,0.05,0.65,38.6
12/3/2025 20:00,delwebb_to_marketpl,SB,0.02,0.63,39.5
12/3/2025 21:00,delwebb_to_marketpl,SB,0.04,0.65,38.7
12/3/2025 22:00,delwebb_to_marketpl,SB,0.02,0.61,41.1
12/3/2025 23:00,delwebb_to_marketpl,SB,0,0.56,44.1
12/4/2025 0:00,delwebb_to_marketpl,SB,0,0.56,44
12/4/2025 1:00,delwebb_to_marketpl,SB,0,0.55,45.3
12/4/2025 2:00,delwebb_to_marketpl,SB,0.01,0.59,42.6
12/4/2025 3:00,delwebb_to_marketpl,SB,0,0.56,44
12/4/2025 4:00,delwebb_to_marketpl,SB,0,0.57,43.4
12/4/2025 5:00,delwebb_to_marketpl,SB,0,0.58,42.7
12/4/2025 6:00,delwebb_to_marketpl,SB,0,0.56,44.8
12/4/2025 7:00,delwebb_to_marketpl,SB,0.03,0.64,39.1
12/4/2025 8:00,delwebb_to_marketpl,SB,0.05,0.63,39.7
12/4/2025 9:00,delwebb_to_marketpl,SB,0.08,0.71,35.5
12/4/2025 10:00,delwebb_to_marketpl,SB,0.08,0.71,35
12/4/2025 11:00,delwebb_to_marketpl,SB,0.14,0.79,31.9
12/4/2025 12:00,delwebb_to_marketpl,SB,0.12,0.74,33.6
12/4/2025 13:00,delwebb_to_marketpl,SB,0.15,0.79,31.9
12/4/2025 14:00,delwebb_to_marketpl,SB,0.13,0.75,33.4
12/4/2025 15:00,delwebb_to_marketpl,SB,0.1,0.74,34
12/4/2025 16:00,delwebb_to_marketpl,SB,0.15,0.78,31.8
12/4/2025 17:00,delwebb_to_marketpl,SB,0.17,0.82,30.6
12/4/2025 18:00,delwebb_to_marketpl,SB,0.06,0.66,38.4
12/4/2025 19:00,delwebb_to_marketpl,SB,0.09,0.72,34.6
12/4/2025 20:00,delwebb_to_marketpl,SB,0.06,0.68,37.4
12/4/2025 21:00,delwebb_to_marketpl,SB,0.01,0.61,41.2
12/4/2025 22:00,delwebb_to_marketpl,SB,0,0.59,42.5
12/4/2025 23:00,delwebb_to_marketpl,SB,0,0.56,44
12/5/2025 0:00,delwebb_to_marketpl,SB,0,0.58,43.2
12/5/2025 1:00,delwebb_to_marketpl,SB,0,0.56,44
12/5/2025 2:00,delwebb_to_marketpl,SB,0,0.56,44
12/5/2025 3:00,delwebb_to_marketpl,SB,0,0.56,44
12/5/2025 4:00,delwebb_to_marketpl,SB,0,0.56,44.7
12/5/2025 5:00,delwebb_to_marketpl,SB,0,0.58,42.6
12/5/2025 6:00,delwebb_to_marketpl,SB,0.01,0.59,42.4
12/5/2025 7:00,delwebb_to_marketpl,SB,0.05,0.66,38.1
12/5/2025 8:00,delwebb_to_marketpl,SB,0.09,0.71,35.4
12/5/2025 9:00,delwebb_to_marketpl,SB,0.09,0.72,34.6
12/5/2025 10:00,delwebb_to_marketpl,SB,0.08,0.72,34.6
12/5/2025 11:00,delwebb_to_marketpl,SB,0.17,0.82,30.5
12/5/2025 12:00,delwebb_to_marketpl,SB,0.09,0.73,34.4
12/5/2025 13:00,delwebb_to_marketpl,SB,0.15,0.8,31.5
12/5/2025 14:00,delwebb_to_marketpl,SB,0.17,0.81,30.9
12/5/2025 15:00,delwebb_to_marketpl,SB,0.16,0.82,30.5
12/5/2025 16:00,delwebb_to_marketpl,SB,0.17,0.79,31.4
12/5/2025 17:00,delwebb_to_marketpl,SB,0.13,0.78,32.2
12/5/2025 18:00,delwebb_to_marketpl,SB,0.06,0.67,37.5
12/5/2025 19:00,delwebb_to_marketpl,SB,0.03,0.63,39.6
12/5/2025 20:00,delwebb_to_marketpl,SB,0.03,0.63,40.2
12/5/2025 21:00,delwebb_to_marketpl,SB,0.01,0.6,41.7
12/5/2025 22:00,delwebb_to_marketpl,SB,0,0.59,41.9
12/5/2025 23:00,delwebb_to_marketpl,SB,0,0.57,43.8
12/6/2025 0:00,delwebb_to_marketpl,SB,0.01,0.6,41.6
12/6/2025 1:00,delwebb_to_marketpl,SB,0,0.58,43.1
12/6/2025 2:00,delwebb_to_marketpl,SB,0,0.58,43.2
12/6/2025 3:00,delwebb_to_marketpl,SB,0,0.58,43.2
12/6/2025 4:00,delwebb_to_marketpl,SB,0,0.56,44
12/6/2025 5:00,delwebb_to_marketpl,SB,0,0.59,42.2
12/6/2025 6:00,delwebb_to_marketpl,SB,0.02,0.61,40.9
12/6/2025 7:00,delwebb_to_marketpl,SB,0.02,0.6,41.7
12/6/2025 8:00,delwebb_to_marketpl,SB,0.02,0.61,41.1
12/6/2025 9:00,delwebb_to_marketpl,SB,0.06,0.66,38.2
12/6/2025 10:00,delwebb_to_marketpl,SB,0.07,0.67,37.3
12/6/2025 11:00,delwebb_to_marketpl,SB,0.06,0.71,35.1
12/6/2025 12:00,delwebb_to_marketpl,SB,0.05,0.66,38
12/6/2025 13:00,delwebb_to_marketpl,SB,0.09,0.73,34.1
12/6/2025 14:00,delwebb_to_marketpl,SB,0.11,0.73,34.3
12/6/2025 15:00,delwebb_to_marketpl,SB,0.06,0.7,35.9
12/6/2025 16:00,delwebb_to_marketpl,SB,0.1,0.75,33.4
12/6/2025 17:00,delwebb_to_marketpl,SB,0.03,0.62,40.4
12/6/2025 18:00,delwebb_to_marketpl,SB,0.1,0.72,34.4
12/6/2025 19:00,delwebb_to_marketpl,SB,0.05,0.66,38.1
12/6/2025 20:00,delwebb_to_marketpl,SB,0.03,0.65,38.4
12/6/2025 21:00,delwebb_to_marketpl,SB,0.03,0.63,39.4
12/6/2025 22:00,delwebb_to_marketpl,SB,0.01,0.59,42.4
12/6/2025 23:00,delwebb_to_marketpl,SB,0.04,0.63,40.1
12/7/2025 0:00,delwebb_to_marketpl,SB,0,0.59,42.5
12/7/2025 1:00,delwebb_to_marketpl,SB,0,0.57,43.5
12/7/2025 2:00,delwebb_to_marketpl,SB,0,0.57,43.7
12/7/2025 3:00,delwebb_to_marketpl,SB,0,0.56,44
12/7/2025 4:00,delwebb_to_marketpl,SB,0,0.58,43.2
12/7/2025 5:00,delwebb_to_marketpl,SB,0.02,0.62,40.5
12/7/2025 6:00,delwebb_to_marketpl,SB,0.01,0.58,42.8
12/7/2025 7:00,delwebb_to_marketpl,SB,0.01,0.6,41.5
12/7/2025 8:00,delwebb_to_marketpl,SB,0.02,0.62,40.1
12/7/2025 9:00,delwebb_to_marketpl,SB,0.03,0.62,40.2
12/7/2025 10:00,delwebb_to_marketpl,SB,0.06,0.67,37.9
12/7/2025 11:00,delwebb_to_marketpl,SB,0.06,0.67,37.1
12/7/2025 12:00,delwebb_to_marketpl,SB,0.07,0.68,36.9
12/7/2025 13:00,delwebb_to_marketpl,SB,0.06,0.67,37.9
12/7/2025 14:00,delwebb_to_marketpl,SB,0.06,0.67,37.3
12/7/2025 15:00,delwebb_to_marketpl,SB,0.05,0.68,36.5
12/7/2025 16:00,delwebb_to_marketpl,SB,0.11,0.72,34.9
12/7/2025 17:00,delwebb_to_marketpl,SB,0.1,0.7,35.7
12/7/2025 18:00,delwebb_to_marketpl,SB,0.02,0.61,41.1
12/7/2025 19:00,delwebb_to_marketpl,SB,0.02,0.59,42.6
12/7/2025 20:00,delwebb_to_marketpl,SB,0.01,0.61,40.7
12/7/2025 21:00,delwebb_to_marketpl,SB,0.02,0.62,40.6
12/7/2025 22:00,delwebb_to_marketpl,SB,0,0.56,44.7
12/7/2025 23:00,delwebb_to_marketpl,SB,0.02,0.6,42.3
12/8/2025 0:00,delwebb_to_marketpl,SB,0,0.57,43.8
12/8/2025 1:00,delwebb_to_marketpl,SB,0,0.57,43.4
12/8/2025 2:00,delwebb_to_marketpl,SB,0,0.56,44
12/8/2025 3:00,delwebb_to_marketpl,SB,0,0.57,43.4
12/8/2025 4:00,delwebb_to_marketpl,SB,0,0.58,43.2
12/8/2025 5:00,delwebb_to_marketpl,SB,0,0.59,42.5
12/8/2025 6:00,delwebb_to_marketpl,SB,0.01,0.58,43.1
12/8/2025 7:00,delwebb_to_marketpl,SB,0.05,0.65,39
12/8/2025 8:00,delwebb_to_marketpl,SB,0.07,0.68,37.1
12/8/2025 9:00,delwebb_to_marketpl,SB,0.07,0.7,36
12/8/2025 10:00,delwebb_to_marketpl,SB,0.1,0.74,33.6
12/8/2025 11:00,delwebb_to_marketpl,SB,0.12,0.76,32.9
12/8/2025 12:00,delwebb_to_marketpl,SB,0.15,0.79,31.6
12/8/2025 13:00,delwebb_to_marketpl,SB,0.09,0.73,34.2
12/8/2025 14:00,delwebb_to_marketpl,SB,0.09,0.7,35.9
12/8/2025 15:00,delwebb_to_marketpl,SB,0.15,0.78,32.3
12/8/2025 16:00,delwebb_to_marketpl,SB,0.07,0.69,36.4
12/8/2025 17:00,delwebb_to_marketpl,SB,0.07,0.7,35.8
12/8/2025 18:00,delwebb_to_marketpl,SB,0.09,0.74,33.7
12/8/2025 19:00,delwebb_to_marketpl,SB,0.07,0.68,36.9
12/8/2025 20:00,delwebb_to_marketpl,SB,0.02,0.61,41.1
12/8/2025 21:00,delwebb_to_marketpl,SB,0.02,0.61,40.6
12/8/2025 22:00,delwebb_to_marketpl,SB,0,0.58,43
12/8/2025 23:00,delwebb_to_marketpl,SB,0.02,0.62,40.6
12/9/2025 0:00,delwebb_to_marketpl,SB,0,0.57,43.9
12/9/2025 1:00,delwebb_to_marketpl,SB,0,0.56,44
12/9/2025 2:00,delwebb_to_marketpl,SB,0,0.56,44
12/9/2025 3:00,delwebb_to_marketpl,SB,0,0.56,44
12/9/2025 4:00,delwebb_to_marketpl,SB,0,0.58,42.8
12/9/2025 5:00,delwebb_to_marketpl,SB,0,0.56,44.7
12/9/2025 6:00,delwebb_to_marketpl,SB,0,0.53,46.8
12/9/2025 7:00,delwebb_to_marketpl,SB,0.04,0.64,39
12/9/2025 8:00,delwebb_to_marketpl,SB,0.06,0.67,37.5
12/9/2025 9:00,delwebb_to_marketpl,SB,0.1,0.73,34.5
12/9/2025 10:00,delwebb_to_marketpl,SB,0.11,0.75,33.7
12/9/2025 11:00,delwebb_to_marketpl,SB,0.14,0.78,31.8
12/9/2025 12:00,delwebb_to_marketpl,SB,0.13,0.77,32.5
12/9/2025 13:00,delwebb_to_marketpl,SB,0.15,0.78,32
12/9/2025 14:00,delwebb_to_marketpl,SB,0.11,0.75,33.5
12/9/2025 15:00,delwebb_to_marketpl,SB,0.08,0.68,36.4
12/9/2025 16:00,delwebb_to_marketpl,SB,0.13,0.78,32
12/9/2025 17:00,delwebb_to_marketpl,SB,0.13,0.78,32.2
12/9/2025 18:00,delwebb_to_marketpl,SB,0.07,0.7,35.7
12/9/2025 19:00,delwebb_to_marketpl,SB,0.04,0.64,39
12/9/2025 20:00,delwebb_to_marketpl,SB,0.02,0.63,39.6
12/9/2025 21:00,delwebb_to_marketpl,SB,0.03,0.63,39.9
12/9/2025 22:00,delwebb_to_marketpl,SB,0.04,0.64,39.2
12/9/2025 23:00,delwebb_to_marketpl,SB,0.01,0.59,42.3
12/10/2025 0:00,delwebb_to_marketpl,SB,0,0.56,44.1
12/10/2025 1:00,delwebb_to_marketpl,SB,0,0.56,44.2
12/10/2025 2:00,delwebb_to_marketpl,SB,0,0.57,43.5
12/10/2025 3:00,delwebb_to_marketpl,SB,0,0.58,42.9
12/10/2025 4:00,delwebb_to_marketpl,SB,0,0.58,42.8
12/10/2025 5:00,delwebb_to_marketpl,SB,0,0.57,43.9
12/10/2025 6:00,delwebb_to_marketpl,SB,0.01,0.59,42.1
12/10/2025 7:00,delwebb_to_marketpl,SB,0.07,0.69,36.4
12/10/2025 8:00,delwebb_to_marketpl,SB,0.04,0.64,39.7
12/10/2025 9:00,delwebb_to_marketpl,SB,0.11,0.76,33.3
12/10/2025 10:00,delwebb_to_marketpl,SB,0.15,0.78,32.1
12/10/2025 11:00,delwebb_to_marketpl,SB,0.15,0.79,31.7
12/10/2025 12:00,delwebb_to_marketpl,SB,0.19,0.83,30.2
12/10/2025 13:00,delwebb_to_marketpl,SB,0.13,0.78,32.1
12/10/2025 14:00,delwebb_to_marketpl,SB,0.13,0.77,32.4
12/10/2025 15:00,delwebb_to_marketpl,SB,0.14,0.78,32.2
12/10/2025 16:00,delwebb_to_marketpl,SB,0.09,0.73,34.2
12/10/2025 17:00,delwebb_to_marketpl,SB,0.1,0.73,34.2
12/10/2025 18:00,delwebb_to_marketpl,SB,0.04,0.65,38.7
12/10/2025 19:00,delwebb_to_marketpl,SB,0.03,0.61,40.9
12/10/2025 20:00,delwebb_to_marketpl,SB,0.03,0.63,40.2
12/10/2025 21:00,delwebb_to_marketpl,SB,0.01,0.6,41.6
12/10/2025 22:00,delwebb_to_marketpl,SB,0.01,0.58,42.9
12/10/2025 23:00,delwebb_to_marketpl,SB,0,0.57,43.5
12/11/2025 0:00,delwebb_to_marketpl,SB,0.01,0.6,42.2
12/11/2025 1:00,delwebb_to_marketpl,SB,0,0.56,44
12/11/2025 2:00,delwebb_to_marketpl,SB,0,0.56,44
12/11/2025 3:00,delwebb_to_marketpl,SB,0,0.56,44
12/11/2025 4:00,delwebb_to_marketpl,SB,0,0.56,44.8
12/11/2025 5:00,delwebb_to_marketpl,SB,0,0.6,41.6
12/11/2025 6:00,delwebb_to_marketpl,SB,0.02,0.62,40.1
12/11/2025 7:00,delwebb_to_marketpl,SB,0.06,0.65,38.6
12/11/2025 8:00,delwebb_to_marketpl,SB,0.06,0.66,38.1
12/11/2025 9:00,delwebb_to_marketpl,SB,0.14,0.76,32.8
12/11/2025 10:00,delwebb_to_marketpl,SB,0.07,0.72,34.8
12/11/2025 11:00,delwebb_to_marketpl,SB,0.14,0.75,33.3
12/11/2025 12:00,delwebb_to_marketpl,SB,0.17,0.81,30.9
12/11/2025 13:00,delwebb_to_marketpl,SB,0.13,0.78,31.9
12/11/2025 14:00,delwebb_to_marketpl,SB,0.13,0.76,33.1
12/11/2025 15:00,delwebb_to_marketpl,SB,0.11,0.73,34.2
12/11/2025 16:00,delwebb_to_marketpl,SB,0.16,0.81,30.8
12/11/2025 17:00,delwebb_to_marketpl,SB,0.11,0.74,33.6
12/11/2025 18:00,delwebb_to_marketpl,SB,0.06,0.68,36.5
12/11/2025 19:00,delwebb_to_marketpl,SB,0.04,0.67,37.2
12/11/2025 20:00,delwebb_to_marketpl,SB,0.05,0.69,36.2
12/11/2025 21:00,delwebb_to_marketpl,SB,0.01,0.6,42
12/11/2025 22:00,delwebb_to_marketpl,SB,0,0.58,43.1
12/11/2025 23:00,delwebb_to_marketpl,SB,0,0.58,42.5
12/12/2025 0:00,delwebb_to_marketpl,SB,0.01,0.59,42
12/12/2025 1:00,delwebb_to_marketpl,SB,0,0.57,43.5
12/12/2025 2:00,delwebb_to_marketpl,SB,0,0.57,43.4
12/12/2025 3:00,delwebb_to_marketpl,SB,0.01,0.58,42.9
12/12/2025 4:00,delwebb_to_marketpl,SB,0.02,0.6,41.7
12/12/2025 5:00,delwebb_to_marketpl,SB,0,0.59,42.1
12/12/2025 6:00,delwebb_to_marketpl,SB,0.02,0.62,40.4
12/12/2025 7:00,delwebb_to_marketpl,SB,0.04,0.63,39.6
12/12/2025 8:00,delwebb_to_marketpl,SB,0.06,0.66,37.8
12/12/2025 9:00,delwebb_to_marketpl,SB,0.09,0.71,35
12/12/2025 10:00,delwebb_to_marketpl,SB,0.14,0.77,32.4
12/12/2025 11:00,delwebb_to_marketpl,SB,0.12,0.76,33
12/12/2025 12:00,delwebb_to_marketpl,SB,0.16,0.8,31.3
12/12/2025 13:00,delwebb_to_marketpl,SB,0.13,0.78,32.2
12/12/2025 14:00,delwebb_to_marketpl,SB,0.15,0.78,32.3
12/12/2025 15:00,delwebb_to_marketpl,SB,0.1,0.72,34.6
12/12/2025 16:00,delwebb_to_marketpl,SB,0.1,0.72,34.6
12/12/2025 17:00,delwebb_to_marketpl,SB,0.13,0.75,33.3
12/12/2025 18:00,delwebb_to_marketpl,SB,0.09,0.71,35.2
12/12/2025 19:00,delwebb_to_marketpl,SB,0.11,0.74,35.2
12/12/2025 20:00,delwebb_to_marketpl,SB,0.05,0.69,36.2
12/12/2025 21:00,delwebb_to_marketpl,SB,0.01,0.6,41.4
12/12/2025 22:00,delwebb_to_marketpl,SB,0,0.58,43.3
12/12/2025 23:00,delwebb_to_marketpl,SB,0,0.58,43.3
12/13/2025 0:00,delwebb_to_marketpl,SB,0,0.58,43.3
12/13/2025 1:00,delwebb_to_marketpl,SB,0,0.58,43
12/13/2025 2:00,delwebb_to_marketpl,SB,0,0.56,44
12/13/2025 3:00,delwebb_to_marketpl,SB,0,0.58,43.3
12/13/2025 4:00,delwebb_to_marketpl,SB,0.03,0.64,39.6
12/13/2025 5:00,delwebb_to_marketpl,SB,0,0.58,43.1
12/13/2025 6:00,delwebb_to_marketpl,SB,0.01,0.62,40.4
12/13/2025 7:00,delwebb_to_marketpl,SB,0.03,0.64,38.9
12/13/2025 8:00,delwebb_to_marketpl,SB,0.05,0.67,37.4
12/13/2025 9:00,delwebb_to_marketpl,SB,0.06,0.69,36.5
12/13/2025 10:00,delwebb_to_marketpl,SB,0.03,0.62,40.8
12/13/2025 11:00,delwebb_to_marketpl,SB,0.12,0.76,32.9
12/13/2025 12:00,delwebb_to_marketpl,SB,0.03,0.63,39.7
12/13/2025 13:00,delwebb_to_marketpl,SB,0.13,0.74,34.3
12/13/2025 14:00,delwebb_to_marketpl,SB,0.08,0.71,35.4
12/13/2025 15:00,delwebb_to_marketpl,SB,0.07,0.7,36
12/13/2025 16:00,delwebb_to_marketpl,SB,0.06,0.66,38
12/13/2025 17:00,delwebb_to_marketpl,SB,0.11,0.74,34
12/13/2025 18:00,delwebb_to_marketpl,SB,0.05,0.67,37.2
12/13/2025 19:00,delwebb_to_marketpl,SB,0.04,0.64,39.1
12/13/2025 20:00,delwebb_to_marketpl,SB,0.04,0.65,38.2
12/13/2025 21:00,delwebb_to_marketpl,SB,0.03,0.66,38.1
12/13/2025 22:00,delwebb_to_marketpl,SB,0.02,0.6,41.5
12/13/2025 23:00,delwebb_to_marketpl,SB,0.01,0.59,42.3
12/14/2025 0:00,delwebb_to_marketpl,SB,0,0.56,44
12/14/2025 1:00,delwebb_to_marketpl,SB,0,0.59,42.5
12/14/2025 2:00,delwebb_to_marketpl,SB,0,0.57,43.7
12/14/2025 3:00,delwebb_to_marketpl,SB,0.01,0.59,42.4
12/14/2025 4:00,delwebb_to_marketpl,SB,0,0.57,43.7
12/14/2025 5:00,delwebb_to_marketpl,SB,0.01,0.59,42.3
12/14/2025 6:00,delwebb_to_marketpl,SB,0.03,0.65,38.9
12/14/2025 7:00,delwebb_to_marketpl,SB,0.01,0.6,41.8
12/14/2025 8:00,delwebb_to_marketpl,SB,0,0.56,44.3
12/14/2025 9:00,delwebb_to_marketpl,SB,0.05,0.65,39
12/14/2025 10:00,delwebb_to_marketpl,SB,0.02,0.65,38.1
12/14/2025 11:00,delwebb_to_marketpl,SB,0.06,0.67,37.8
12/14/2025 12:00,delwebb_to_marketpl,SB,0.03,0.64,39.1
12/14/2025 13:00,delwebb_to_marketpl,SB,0.02,0.64,39
12/14/2025 14:00,delwebb_to_marketpl,SB,0.04,0.64,39.3
12/14/2025 15:00,delwebb_to_marketpl,SB,0.06,0.67,37
12/14/2025 16:00,delwebb_to_marketpl,SB,0.07,0.71,35
12/14/2025 17:00,delwebb_to_marketpl,SB,0.12,0.75,33.6
12/14/2025 18:00,delwebb_to_marketpl,SB,0.06,0.67,37.6
12/14/2025 19:00,delwebb_to_marketpl,SB,0.09,0.72,35.1
12/14/2025 20:00,delwebb_to_marketpl,SB,0.01,0.61,41.2
12/14/2025 21:00,delwebb_to_marketpl,SB,0.05,0.65,38.7
12/14/2025 22:00,delwebb_to_marketpl,SB,0,0.57,43.5
12/14/2025 23:00,delwebb_to_marketpl,SB,0.01,0.59,42.1
12/15/2025 0:00,delwebb_to_marketpl,SB,0.03,0.65,38.8
12/15/2025 1:00,delwebb_to_marketpl,SB,0,0.56,44
12/15/2025 2:00,delwebb_to_marketpl,SB,0,0.56,44
12/15/2025 3:00,delwebb_to_marketpl,SB,0,0.57,43.5
12/15/2025 4:00,delwebb_to_marketpl,SB,0,0.57,43.9
12/15/2025 5:00,delwebb_to_marketpl,SB,0.01,0.59,42.3
12/15/2025 6:00,delwebb_to_marketpl,SB,0,0.59,42.5
12/15/2025 7:00,delwebb_to_marketpl,SB,0.04,0.62,40.3
12/15/2025 8:00,delwebb_to_marketpl,SB,0.06,0.67,37.1
12/15/2025 9:00,delwebb_to_marketpl,SB,0.1,0.7,35.9
12/15/2025 10:00,delwebb_to_marketpl,SB,0.09,0.73,34.7
12/15/2025 11:00,delwebb_to_marketpl,SB,0.14,0.78,32.1
12/15/2025 12:00,delwebb_to_marketpl,SB,0.1,0.74,33.7
12/15/2025 13:00,delwebb_to_marketpl,SB,0.16,0.82,30.4
12/15/2025 14:00,delwebb_to_marketpl,SB,0.13,0.75,33.5
12/15/2025 15:00,delwebb_to_marketpl,SB,0.09,0.69,36
12/15/2025 16:00,delwebb_to_marketpl,SB,0.09,0.74,33.9
12/15/2025 17:00,delwebb_to_marketpl,SB,0.11,0.74,34
12/15/2025 18:00,delwebb_to_marketpl,SB,0.04,0.66,37.9
12/15/2025 19:00,delwebb_to_marketpl,SB,0.02,0.65,38.6
12/15/2025 20:00,delwebb_to_marketpl,SB,0.02,0.61,41.1
12/15/2025 21:00,delwebb_to_marketpl,SB,0.02,0.63,40.2
12/15/2025 22:00,delwebb_to_marketpl,SB,0.02,0.61,41.6
12/15/2025 23:00,delwebb_to_marketpl,SB,0,0.57,43.8
12/16/2025 0:00,delwebb_to_marketpl,SB,0,0.55,45
12/16/2025 1:00,delwebb_to_marketpl,SB,0,0.56,44
12/16/2025 2:00,delwebb_to_marketpl,SB,0,0.56,44
12/16/2025 3:00,delwebb_to_marketpl,SB,0,0.57,43.4
12/16/2025 4:00,delwebb_to_marketpl,SB,0,0.57,43.7
12/16/2025 5:00,delwebb_to_marketpl,SB,0,0.57,44
12/16/2025 6:00,delwebb_to_marketpl,SB,0,0.56,44.2
12/16/2025 7:00,delwebb_to_marketpl,SB,0.04,0.65,38.3
12/16/2025 8:00,delwebb_to_marketpl,SB,0.06,0.65,38.4
12/16/2025 9:00,delwebb_to_marketpl,SB,0.07,0.68,36.6
12/16/2025 10:00,delwebb_to_marketpl,SB,0.09,0.74,34.1
12/16/2025 11:00,delwebb_to_marketpl,SB,0.15,0.79,32
12/16/2025 12:00,delwebb_to_marketpl,SB,0.15,0.78,32.3
12/16/2025 13:00,delwebb_to_marketpl,SB,0.02,0.59,42.7
12/16/2025 14:00,delwebb_to_marketpl,SB,0,0.55,45
12/16/2025 15:00,delwebb_to_marketpl,SB,0.04,0.64,39.4
12/16/2025 16:00,delwebb_to_marketpl,SB,0.15,0.78,31.9
12/16/2025 17:00,delwebb_to_marketpl,SB,0.12,0.75,33.3
12/16/2025 18:00,delwebb_to_marketpl,SB,0.11,0.75,33.6
12/16/2025 19:00,delwebb_to_marketpl,SB,0.08,0.72,34.8
12/16/2025 20:00,delwebb_to_marketpl,SB,0.08,0.7,36.6
12/16/2025 21:00,delwebb_to_marketpl,SB,0.02,0.62,40.6
12/16/2025 22:00,delwebb_to_marketpl,SB,0,0.57,43.8
12/16/2025 23:00,delwebb_to_marketpl,SB,0.04,0.63,40
12/17/2025 0:00,delwebb_to_marketpl,SB,0,0.57,43.7
12/17/2025 1:00,delwebb_to_marketpl,SB,0,0.56,44
12/17/2025 2:00,delwebb_to_marketpl,SB,0,0.57,43.6
12/17/2025 3:00,delwebb_to_marketpl,SB,0,0.56,44.3
12/17/2025 4:00,delwebb_to_marketpl,SB,0,0.58,43.1
12/17/2025 5:00,delwebb_to_marketpl,SB,0.02,0.61,41.3
12/17/2025 6:00,delwebb_to_marketpl,SB,0.01,0.58,42.6
12/17/2025 7:00,delwebb_to_marketpl,SB,0.03,0.63,39.7
12/17/2025 8:00,delwebb_to_marketpl,SB,0.13,0.75,33.3
12/17/2025 9:00,delwebb_to_marketpl,SB,0.09,0.74,33.7
12/17/2025 10:00,delwebb_to_marketpl,SB,0.15,0.8,31.1
12/17/2025 11:00,delwebb_to_marketpl,SB,0.14,0.77,32.3
12/17/2025 12:00,delwebb_to_marketpl,SB,0.12,0.76,33.4
12/17/2025 13:00,delwebb_to_marketpl,SB,0.13,0.77,32.6
12/17/2025 14:00,delwebb_to_marketpl,SB,0.1,0.73,34.4
12/17/2025 15:00,delwebb_to_marketpl,SB,0.13,0.78,32.3
12/17/2025 16:00,delwebb_to_marketpl,SB,0.15,0.78,32.5
12/17/2025 17:00,delwebb_to_marketpl,SB,0.12,0.75,33.4
12/17/2025 18:00,delwebb_to_marketpl,SB,0.09,0.73,34.5
12/17/2025 19:00,delwebb_to_marketpl,SB,0.1,0.72,35.4
12/17/2025 20:00,delwebb_to_marketpl,SB,0.01,0.61,41.1
12/17/2025 21:00,delwebb_to_marketpl,SB,0.02,0.62,40.7
12/17/2025 22:00,delwebb_to_marketpl,SB,0.01,0.58,43.1
12/17/2025 23:00,delwebb_to_marketpl,SB,0,0.57,43.3
12/18/2025 0:00,delwebb_to_marketpl,SB,0,0.58,43.1
12/18/2025 1:00,delwebb_to_marketpl,SB,0,0.58,43
12/18/2025 2:00,delwebb_to_marketpl,SB,0.01,0.58,42.7
12/18/2025 3:00,delwebb_to_marketpl,SB,0.01,0.59,42.6
12/18/2025 4:00,delwebb_to_marketpl,SB,0,0.58,43.3
12/18/2025 5:00,delwebb_to_marketpl,SB,0,0.55,44.8
12/18/2025 6:00,delwebb_to_marketpl,SB,0.02,0.62,40.4
12/18/2025 7:00,delwebb_to_marketpl,SB,0.04,0.64,39.1
12/18/2025 8:00,delwebb_to_marketpl,SB,0.05,0.66,38.4
12/18/2025 9:00,delwebb_to_marketpl,SB,0.06,0.68,36.8
12/18/2025 10:00,delwebb_to_marketpl,SB,0.13,0.77,33
12/18/2025 11:00,delwebb_to_marketpl,SB,0.14,0.77,32.7
12/18/2025 12:00,delwebb_to_marketpl,SB,0.13,0.78,31.8
12/18/2025 13:00,delwebb_to_marketpl,SB,0.13,0.76,32.9
12/18/2025 14:00,delwebb_to_marketpl,SB,0.13,0.76,32.6
12/18/2025 15:00,delwebb_to_marketpl,SB,0.12,0.72,34.7
12/18/2025 16:00,delwebb_to_marketpl,SB,0.14,0.77,32.6
12/18/2025 17:00,delwebb_to_marketpl,SB,0.13,0.77,32.3
12/18/2025 18:00,delwebb_to_marketpl,SB,0.1,0.75,33.4
12/18/2025 19:00,delwebb_to_marketpl,SB,0.04,0.65,38.1
12/18/2025 20:00,delwebb_to_marketpl,SB,0.08,0.71,35.2
12/18/2025 21:00,delwebb_to_marketpl,SB,0.04,0.67,37.9
12/18/2025 22:00,delwebb_to_marketpl,SB,0,0.55,45.3
12/18/2025 23:00,delwebb_to_marketpl,SB,0.01,0.59,42.6
12/19/2025 0:00,delwebb_to_marketpl,SB,0,0.58,43.2
12/19/2025 1:00,delwebb_to_marketpl,SB,0,0.58,43.2
12/19/2025 2:00,delwebb_to_marketpl,SB,0,0.56,44
12/19/2025 3:00,delwebb_to_marketpl,SB,0,0.58,43.2
12/19/2025 4:00,delwebb_to_marketpl,SB,0,0.58,42.7
12/19/2025 5:00,delwebb_to_marketpl,SB,0,0.57,43.5
12/19/2025 6:00,delwebb_to_marketpl,SB,0.03,0.63,39.8
12/19/2025 7:00,delwebb_to_marketpl,SB,0.04,0.67,37.5
12/19/2025 8:00,delwebb_to_marketpl,SB,0.07,0.69,36.4
12/19/2025 9:00,delwebb_to_marketpl,SB,0.09,0.71,35.3
12/19/2025 10:00,delwebb_to_marketpl,SB,0.12,0.77,32.8
12/19/2025 11:00,delwebb_to_marketpl,SB,0.13,0.77,32.6
12/19/2025 12:00,delwebb_to_marketpl,SB,0.14,0.78,31.9
12/19/2025 13:00,delwebb_to_marketpl,SB,0.16,0.78,32.3
12/19/2025 14:00,delwebb_to_marketpl,SB,0.13,0.77,32.9
12/19/2025 15:00,delwebb_to_marketpl,SB,0.12,0.73,34.4
12/19/2025 16:00,delwebb_to_marketpl,SB,0.09,0.72,34.7
12/19/2025 17:00,delwebb_to_marketpl,SB,0.06,0.67,37.1
12/19/2025 18:00,delwebb_to_marketpl,SB,0.12,0.76,33.1
12/19/2025 19:00,delwebb_to_marketpl,SB,0.04,0.67,37.5
12/19/2025 20:00,delwebb_to_marketpl,SB,0.05,0.66,37.7
12/19/2025 21:00,delwebb_to_marketpl,SB,0.02,0.61,40.9
12/19/2025 22:00,delwebb_to_marketpl,SB,0.02,0.62,40.4
12/19/2025 23:00,delwebb_to_marketpl,SB,0,0.56,44.3
12/20/2025 0:00,delwebb_to_marketpl,SB,0,0.57,43.8
12/20/2025 1:00,delwebb_to_marketpl,SB,0,0.56,44.6
12/20/2025 2:00,delwebb_to_marketpl,SB,0,0.55,45
12/20/2025 3:00,delwebb_to_marketpl,SB,0.02,0.61,41.4
12/20/2025 4:00,delwebb_to_marketpl,SB,0,0.57,43.2
12/20/2025 5:00,delwebb_to_marketpl,SB,0,0.57,43.7
12/20/2025 6:00,delwebb_to_marketpl,SB,0,0.57,43.7
12/20/2025 7:00,delwebb_to_marketpl,SB,0.03,0.63,40.2
12/20/2025 8:00,delwebb_to_marketpl,SB,0.02,0.65,38.2
12/20/2025 9:00,delwebb_to_marketpl,SB,0.06,0.66,38.1
12/20/2025 10:00,delwebb_to_marketpl,SB,0.05,0.67,37.2
12/20/2025 11:00,delwebb_to_marketpl,SB,0.12,0.76,32.6
12/20/2025 12:00,delwebb_to_marketpl,SB,0.17,0.82,30.3
12/20/2025 13:00,delwebb_to_marketpl,SB,0.07,0.71,35.4
12/20/2025 14:00,delwebb_to_marketpl,SB,0.08,0.69,36.2
12/20/2025 15:00,delwebb_to_marketpl,SB,0.04,0.65,38.3
12/20/2025 16:00,delwebb_to_marketpl,SB,0.08,0.68,37.1
12/20/2025 17:00,delwebb_to_marketpl,SB,0.14,0.78,31.9
12/20/2025 18:00,delwebb_to_marketpl,SB,0.08,0.69,37.3
12/20/2025 19:00,delwebb_to_marketpl,SB,0.06,0.7,36
12/20/2025 20:00,delwebb_to_marketpl,SB,0.04,0.63,40.1
12/20/2025 21:00,delwebb_to_marketpl,SB,0.02,0.61,41.4
12/20/2025 22:00,delwebb_to_marketpl,SB,0.07,0.69,37
12/20/2025 23:00,delwebb_to_marketpl,SB,0.01,0.6,41.4
12/21/2025 0:00,delwebb_to_marketpl,SB,0.01,0.61,41.2
12/21/2025 1:00,delwebb_to_marketpl,SB,0,0.58,43.1
12/21/2025 2:00,delwebb_to_marketpl,SB,0,0.56,44
12/21/2025 3:00,delwebb_to_marketpl,SB,0,0.58,42.8
12/21/2025 4:00,delwebb_to_marketpl,SB,0.01,0.58,42.7
12/21/2025 5:00,delwebb_to_marketpl,SB,0,0.57,43.3
12/21/2025 6:00,delwebb_to_marketpl,SB,0.01,0.6,41.5
12/21/2025 7:00,delwebb_to_marketpl,SB,0.01,0.6,41.6
12/21/2025 8:00,delwebb_to_marketpl,SB,0.02,0.63,39.5
12/21/2025 9:00,delwebb_to_marketpl,SB,0.08,0.69,36.1
12/21/2025 10:00,delwebb_to_marketpl,SB,0.04,0.65,38.7
12/21/2025 11:00,delwebb_to_marketpl,SB,0.12,0.73,34.2
12/21/2025 12:00,delwebb_to_marketpl,SB,0.1,0.7,36.3
12/21/2025 13:00,delwebb_to_marketpl,SB,0.07,0.66,37.7
12/21/2025 14:00,delwebb_to_marketpl,SB,0.08,0.71,35.6
12/21/2025 15:00,delwebb_to_marketpl,SB,0.1,0.71,35.4
12/21/2025 16:00,delwebb_to_marketpl,SB,0.05,0.66,38
12/21/2025 17:00,delwebb_to_marketpl,SB,0.08,0.69,36
12/21/2025 18:00,delwebb_to_marketpl,SB,0.04,0.63,40
12/21/2025 19:00,delwebb_to_marketpl,SB,0.06,0.66,38
12/21/2025 20:00,delwebb_to_marketpl,SB,0.01,0.61,41.3
12/21/2025 21:00,delwebb_to_marketpl,SB,0.06,0.67,37.8
12/21/2025 22:00,delwebb_to_marketpl,SB,0.01,0.6,41.4
12/21/2025 23:00,delwebb_to_marketpl,SB,0,0.55,45.3
12/22/2025 0:00,delwebb_to_marketpl,SB,0.02,0.6,41.7
12/22/2025 1:00,delwebb_to_marketpl,SB,0,0.59,42.4
12/22/2025 2:00,delwebb_to_marketpl,SB,0,0.56,44
12/22/2025 3:00,delwebb_to_marketpl,SB,0.01,0.59,42.3
12/22/2025 4:00,delwebb_to_marketpl,SB,0.01,0.6,41.7
12/22/2025 5:00,delwebb_to_marketpl,SB,0,0.58,43.2
12/22/2025 6:00,delwebb_to_marketpl,SB,0.01,0.58,42.7
12/22/2025 7:00,delwebb_to_marketpl,SB,0.03,0.62,40.3
12/22/2025 8:00,delwebb_to_marketpl,SB,0.07,0.69,35.9
12/22/2025 9:00,delwebb_to_marketpl,SB,0.07,0.71,35
12/22/2025 10:00,delwebb_to_marketpl,SB,0.12,0.76,32.8
12/22/2025 11:00,delwebb_to_marketpl,SB,0.14,0.77,32.6
12/22/2025 12:00,delwebb_to_marketpl,SB,0.17,0.82,30.3
12/22/2025 13:00,delwebb_to_marketpl,SB,0.15,0.79,31.8
12/22/2025 14:00,delwebb_to_marketpl,SB,0.12,0.76,32.9
12/22/2025 15:00,delwebb_to_marketpl,SB,0.16,0.8,31.2
12/22/2025 16:00,delwebb_to_marketpl,SB,0.09,0.72,34.4
12/22/2025 17:00,delwebb_to_marketpl,SB,0.1,0.72,34.8
12/22/2025 18:00,delwebb_to_marketpl,SB,0.04,0.65,38.4
12/22/2025 19:00,delwebb_to_marketpl,SB,0.1,0.72,35.1
12/22/2025 20:00,delwebb_to_marketpl,SB,0.05,0.68,37.2
12/22/2025 21:00,delwebb_to_marketpl,SB,0,0.58,43
12/22/2025 22:00,delwebb_to_marketpl,SB,0,0.58,42.9
12/22/2025 23:00,delwebb_to_marketpl,SB,0,0.57,43.8
12/23/2025 0:00,delwebb_to_marketpl,SB,0.02,0.61,41.7
12/23/2025 1:00,delwebb_to_marketpl,SB,0,0.56,44.4
12/23/2025 2:00,delwebb_to_marketpl,SB,0,0.58,43.2
12/23/2025 3:00,delwebb_to_marketpl,SB,0,0.56,44
12/23/2025 4:00,delwebb_to_marketpl,SB,0,0.58,43.2
12/23/2025 5:00,delwebb_to_marketpl,SB,0,0.59,42.5
12/23/2025 6:00,delwebb_to_marketpl,SB,0.02,0.63,39.5
12/23/2025 7:00,delwebb_to_marketpl,SB,0.04,0.65,38.5
12/23/2025 8:00,delwebb_to_marketpl,SB,0.07,0.7,35.7
12/23/2025 9:00,delwebb_to_marketpl,SB,0.12,0.77,32.6
12/23/2025 10:00,delwebb_to_marketpl,SB,0.09,0.72,34.6
12/23/2025 11:00,delwebb_to_marketpl,SB,0.13,0.76,32.8
12/23/2025 12:00,delwebb_to_marketpl,SB,0.23,0.88,28.4
12/23/2025 13:00,delwebb_to_marketpl,SB,0.15,0.8,31.2
12/23/2025 14:00,delwebb_to_marketpl,SB,0.16,0.81,31.1
12/23/2025 15:00,delwebb_to_marketpl,SB,0.17,0.79,32
12/23/2025 16:00,delwebb_to_marketpl,SB,0.1,0.73,34.3
12/23/2025 17:00,delwebb_to_marketpl,SB,0.05,0.67,37.5
12/23/2025 18:00,delwebb_to_marketpl,SB,0.06,0.68,37.4
12/23/2025 19:00,delwebb_to_marketpl,SB,0.04,0.65,38.6
12/23/2025 20:00,delwebb_to_marketpl,SB,0.04,0.65,38.6
12/23/2025 21:00,delwebb_to_marketpl,SB,0.04,0.66,38.2
12/23/2025 22:00,delwebb_to_marketpl,SB,0,0.55,45
12/23/2025 23:00,delwebb_to_marketpl,SB,0,0.58,43
12/24/2025 0:00,delwebb_to_marketpl,SB,0,0.57,43.5
12/24/2025 1:00,delwebb_to_marketpl,SB,0,0.58,42.8
12/24/2025 2:00,delwebb_to_marketpl,SB,0,0.56,44
12/24/2025 3:00,delwebb_to_marketpl,SB,0,0.59,42.1
12/24/2025 4:00,delwebb_to_marketpl,SB,0.04,0.63,40
12/24/2025 5:00,delwebb_to_marketpl,SB,0.01,0.61,41
12/24/2025 6:00,delwebb_to_marketpl,SB,0,0.61,40.8
12/24/2025 7:00,delwebb_to_marketpl,SB,0.05,0.65,39.5
12/24/2025 8:00,delwebb_to_marketpl,SB,0.05,0.65,38.4
12/24/2025 9:00,delwebb_to_marketpl,SB,0.08,0.72,34.5
12/24/2025 10:00,delwebb_to_marketpl,SB,0.13,0.78,32.2
12/24/2025 11:00,delwebb_to_marketpl,SB,0.14,0.78,32.3
12/24/2025 12:00,delwebb_to_marketpl,SB,0.15,0.76,33.4
12/24/2025 13:00,delwebb_to_marketpl,SB,0.14,0.78,32
12/24/2025 14:00,delwebb_to_marketpl,SB,0.11,0.75,33.5
12/24/2025 15:00,delwebb_to_marketpl,SB,0.14,0.8,31.6
12/24/2025 16:00,delwebb_to_marketpl,SB,0.11,0.76,33.1
12/24/2025 17:00,delwebb_to_marketpl,SB,0.1,0.76,33.2
12/24/2025 18:00,delwebb_to_marketpl,SB,0,0.59,42
12/24/2025 19:00,delwebb_to_marketpl,SB,0.01,0.63,39.4
12/24/2025 20:00,delwebb_to_marketpl,SB,0.04,0.63,39.3
12/24/2025 21:00,delwebb_to_marketpl,SB,0.01,0.61,40.7
12/24/2025 22:00,delwebb_to_marketpl,SB,0.01,0.59,42.6
12/24/2025 23:00,delwebb_to_marketpl,SB,0.03,0.64,39.2
12/25/2025 0:00,delwebb_to_marketpl,SB,0,0.6,41.7
12/25/2025 1:00,delwebb_to_marketpl,SB,0,0.56,44.5
12/25/2025 2:00,delwebb_to_marketpl,SB,0,0.58,42.9
12/25/2025 3:00,delwebb_to_marketpl,SB,0,0.57,43.9
12/25/2025 4:00,delwebb_to_marketpl,SB,0,0.55,45
12/25/2025 5:00,delwebb_to_marketpl,SB,0,0.58,43
12/25/2025 6:00,delwebb_to_marketpl,SB,0,0.59,42.4
12/25/2025 7:00,delwebb_to_marketpl,SB,0,0.57,43.5
12/25/2025 8:00,delwebb_to_marketpl,SB,0.02,0.59,42.6
12/25/2025 9:00,delwebb_to_marketpl,SB,0.05,0.66,38
12/25/2025 10:00,delwebb_to_marketpl,SB,0.05,0.66,38.5
12/25/2025 11:00,delwebb_to_marketpl,SB,0.01,0.6,41.7
12/25/2025 12:00,delwebb_to_marketpl,SB,0.03,0.63,40.3
12/25/2025 13:00,delwebb_to_marketpl,SB,0.06,0.68,36.8
12/25/2025 14:00,delwebb_to_marketpl,SB,0.04,0.63,40.2
12/25/2025 15:00,delwebb_to_marketpl,SB,0.04,0.66,38.2
12/25/2025 16:00,delwebb_to_marketpl,SB,0.04,0.65,38.6
12/25/2025 17:00,delwebb_to_marketpl,SB,0.01,0.63,39.3
12/25/2025 18:00,delwebb_to_marketpl,SB,0.03,0.63,39.5
12/25/2025 19:00,delwebb_to_marketpl,SB,0,0.6,41.8
12/25/2025 20:00,delwebb_to_marketpl,SB,0.02,0.64,39.3
12/25/2025 21:00,delwebb_to_marketpl,SB,0,0.61,40.9
12/25/2025 22:00,delwebb_to_marketpl,SB,0.03,0.64,39.6
12/25/2025 23:00,delwebb_to_marketpl,SB,0,0.57,43.5
12/26/2025 0:00,delwebb_to_marketpl,SB,0,0.57,44
12/26/2025 1:00,delwebb_to_marketpl,SB,0,0.56,44
12/26/2025 2:00,delwebb_to_marketpl,SB,0,0.57,43.3
12/26/2025 3:00,delwebb_to_marketpl,SB,0,0.57,43.6
12/26/2025 4:00,delwebb_to_marketpl,SB,0,0.57,43.4
12/26/2025 5:00,delwebb_to_marketpl,SB,0.01,0.6,41.5
12/26/2025 6:00,delwebb_to_marketpl,SB,0.01,0.58,42.8
12/26/2025 7:00,delwebb_to_marketpl,SB,0.01,0.58,42.8
12/26/2025 8:00,delwebb_to_marketpl,SB,0.01,0.6,41.5
12/26/2025 9:00,delwebb_to_marketpl,SB,0.09,0.72,35.2
12/26/2025 10:00,delwebb_to_marketpl,SB,0.08,0.71,35.3
12/26/2025 11:00,delwebb_to_marketpl,SB,0.14,0.76,32.9
12/26/2025 12:00,delwebb_to_marketpl,SB,0.16,0.8,31.4
12/26/2025 13:00,delwebb_to_marketpl,SB,0.15,0.78,32.3
12/26/2025 14:00,delwebb_to_marketpl,SB,0.08,0.73,34.3
12/26/2025 15:00,delwebb_to_marketpl,SB,0.12,0.76,33.1
12/26/2025 16:00,delwebb_to_marketpl,SB,0.14,0.78,32.2
12/26/2025 17:00,delwebb_to_marketpl,SB,0.08,0.71,35.1
12/26/2025 18:00,delwebb_to_marketpl,SB,0.12,0.75,33.3
12/26/2025 19:00,delwebb_to_marketpl,SB,0.05,0.67,37.1
12/26/2025 20:00,delwebb_to_marketpl,SB,0.03,0.64,39.2
12/26/2025 21:00,delwebb_to_marketpl,SB,0.04,0.66,37.9
12/26/2025 22:00,delwebb_to_marketpl,SB,0.01,0.59,42.5
12/26/2025 23:00,delwebb_to_marketpl,SB,0.01,0.59,42.2
12/27/2025 0:00,delwebb_to_marketpl,SB,0,0.58,42.9
12/27/2025 1:00,delwebb_to_marketpl,SB,0,0.57,43.5
12/27/2025 2:00,delwebb_to_marketpl,SB,0,0.56,44
12/27/2025 3:00,delwebb_to_marketpl,SB,0,0.56,44.3
12/27/2025 4:00,delwebb_to_marketpl,SB,0.01,0.6,41.6
12/27/2025 5:00,delwebb_to_marketpl,SB,0,0.57,43.8
12/27/2025 6:00,delwebb_to_marketpl,SB,0,0.58,42.9
12/27/2025 7:00,delwebb_to_marketpl,SB,0.05,0.67,37.7
12/27/2025 8:00,delwebb_to_marketpl,SB,0.04,0.65,38.5
12/27/2025 9:00,delwebb_to_marketpl,SB,0.08,0.7,36.2
12/27/2025 10:00,delwebb_to_marketpl,SB,0.06,0.67,37.8
12/27/2025 11:00,delwebb_to_marketpl,SB,0.09,0.71,35.2
12/27/2025 12:00,delwebb_to_marketpl,SB,0.07,0.69,35.9
12/27/2025 13:00,delwebb_to_marketpl,SB,0.17,0.8,31.5
12/27/2025 14:00,delwebb_to_marketpl,SB,0.1,0.7,35.6
12/27/2025 15:00,delwebb_to_marketpl,SB,0.11,0.72,34.9
12/27/2025 16:00,delwebb_to_marketpl,SB,0.07,0.7,35.7
12/27/2025 17:00,delwebb_to_marketpl,SB,0.1,0.75,33.3
12/27/2025 18:00,delwebb_to_marketpl,SB,0.07,0.7,35.7
12/27/2025 19:00,delwebb_to_marketpl,SB,0.06,0.67,37.5
12/27/2025 20:00,delwebb_to_marketpl,SB,0.03,0.63,40
12/27/2025 21:00,delwebb_to_marketpl,SB,0.05,0.65,38.6
12/27/2025 22:00,delwebb_to_marketpl,SB,0.01,0.62,40.3
12/27/2025 23:00,delwebb_to_marketpl,SB,0.03,0.64,39.4
12/28/2025 0:00,delwebb_to_marketpl,SB,0,0.58,42.9
12/28/2025 1:00,delwebb_to_marketpl,SB,0,0.56,44
12/28/2025 2:00,delwebb_to_marketpl,SB,0,0.56,44
12/28/2025 3:00,delwebb_to_marketpl,SB,0,0.56,44
12/28/2025 4:00,delwebb_to_marketpl,SB,0,0.56,44
12/28/2025 5:00,delwebb_to_marketpl,SB,0.01,0.59,42.6
12/28/2025 6:00,delwebb_to_marketpl,SB,0,0.57,43.8
12/28/2025 7:00,delwebb_to_marketpl,SB,0.02,0.63,39.9
12/28/2025 8:00,delwebb_to_marketpl,SB,0.05,0.65,38.8
12/28/2025 9:00,delwebb_to_marketpl,SB,0.05,0.68,37.2
12/28/2025 10:00,delwebb_to_marketpl,SB,0.11,0.74,34.1
12/28/2025 11:00,delwebb_to_marketpl,SB,0.07,0.7,35.5
12/28/2025 12:00,delwebb_to_marketpl,SB,0.07,0.66,38.2
12/28/2025 13:00,delwebb_to_marketpl,SB,0.1,0.7,35.6
12/28/2025 14:00,delwebb_to_marketpl,SB,0.09,0.73,34.2
12/28/2025 15:00,delwebb_to_marketpl,SB,0.06,0.7,35.5
12/28/2025 16:00,delwebb_to_marketpl,SB,0.08,0.68,37
12/28/2025 17:00,delwebb_to_marketpl,SB,0.07,0.7,35.5
12/28/2025 18:00,delwebb_to_marketpl,SB,0.08,0.71,35
12/28/2025 19:00,delwebb_to_marketpl,SB,0.05,0.66,37.8
12/28/2025 20:00,delwebb_to_marketpl,SB,0.03,0.63,39.7
12/28/2025 21:00,delwebb_to_marketpl,SB,0.01,0.59,41.9
12/28/2025 22:00,delwebb_to_marketpl,SB,0.01,0.59,42
12/28/2025 23:00,delwebb_to_marketpl,SB,0.06,0.64,40.3
12/29/2025 0:00,delwebb_to_marketpl,SB,0,0.58,42.7
12/29/2025 1:00,delwebb_to_marketpl,SB,0,0.56,44
12/29/2025 2:00,delwebb_to_marketpl,SB,0.01,0.6,41.9
12/29/2025 3:00,delwebb_to_marketpl,SB,0,0.57,43.4
12/29/2025 4:00,delwebb_to_marketpl,SB,0.02,0.62,40.5
12/29/2025 5:00,delwebb_to_marketpl,SB,0.01,0.6,42.1
12/29/2025 6:00,delwebb_to_marketpl,SB,0.03,0.61,41.1
12/29/2025 7:00,delwebb_to_marketpl,SB,0.02,0.58,43.3
12/29/2025 8:00,delwebb_to_marketpl,SB,0.07,0.7,35.9
12/29/2025 9:00,delwebb_to_marketpl,SB,0.1,0.74,34.2
12/29/2025 10:00,delwebb_to_marketpl,SB,0.15,0.78,32.5
12/29/2025 11:00,delwebb_to_marketpl,SB,0.14,0.76,33
12/29/2025 12:00,delwebb_to_marketpl,SB,0.11,0.75,33.4
12/29/2025 13:00,delwebb_to_marketpl,SB,0.14,0.79,31.7
12/29/2025 14:00,delwebb_to_marketpl,SB,0.18,0.81,30.9
12/29/2025 15:00,delwebb_to_marketpl,SB,0.15,0.78,32.4
12/29/2025 16:00,delwebb_to_marketpl,SB,0.12,0.75,33.5
12/29/2025 17:00,delwebb_to_marketpl,SB,0.09,0.71,35.5
12/29/2025 18:00,delwebb_to_marketpl,SB,0.06,0.67,37.5
12/29/2025 19:00,delwebb_to_marketpl,SB,0.06,0.66,37.9
12/29/2025 20:00,delwebb_to_marketpl,SB,0.02,0.63,39.7
12/29/2025 21:00,delwebb_to_marketpl,SB,0.01,0.59,42.3
12/29/2025 22:00,delwebb_to_marketpl,SB,0,0.57,43.3
12/29/2025 23:00,delwebb_to_marketpl,SB,0.01,0.58,43.2
12/30/2025 0:00,delwebb_to_marketpl,SB,0,0.57,43.4
12/30/2025 1:00,delwebb_to_marketpl,SB,0,0.56,44
12/30/2025 2:00,delwebb_to_marketpl,SB,0,0.56,44
12/30/2025 3:00,delwebb_to_marketpl,SB,0.01,0.59,42.1
12/30/2025 4:00,delwebb_to_marketpl,SB,0.01,0.6,41.7
12/30/2025 5:00,delwebb_to_marketpl,SB,0,0.59,42.6
12/30/2025 6:00,delwebb_to_marketpl,SB,0.04,0.64,39.3
12/30/2025 7:00,delwebb_to_marketpl,SB,0.02,0.63,40
12/30/2025 8:00,delwebb_to_marketpl,SB,0.08,0.68,36.9
12/30/2025 9:00,delwebb_to_marketpl,SB,0.08,0.69,36.3
12/30/2025 10:00,delwebb_to_marketpl,SB,0.1,0.72,34.8
12/30/2025 11:00,delwebb_to_marketpl,SB,0.14,0.78,32.2
12/30/2025 12:00,delwebb_to_marketpl,SB,0.13,0.77,32.5
12/30/2025 13:00,delwebb_to_marketpl,SB,0.11,0.73,34.1
12/30/2025 14:00,delwebb_to_marketpl,SB,0.15,0.79,31.7
12/30/2025 15:00,delwebb_to_marketpl,SB,0.14,0.78,32.1
12/30/2025 16:00,delwebb_to_marketpl,SB,0.09,0.72,34.8
12/30/2025 17:00,delwebb_to_marketpl,SB,0.13,0.78,32.1
12/30/2025 18:00,delwebb_to_marketpl,SB,0.09,0.7,35.9
12/30/2025 19:00,delwebb_to_marketpl,SB,0.02,0.61,41
12/30/2025 20:00,delwebb_to_marketpl,SB,0.02,0.6,41.3
12/30/2025 21:00,delwebb_to_marketpl,SB,0.04,0.65,38.5
12/30/2025 22:00,delwebb_to_marketpl,SB,0.01,0.54,46.5
12/30/2025 23:00,delwebb_to_marketpl,SB,0.02,0.62,40.6
12/31/2025 0:00,delwebb_to_marketpl,SB,0.03,0.61,41.8
12/31/2025 1:00,delwebb_to_marketpl,SB,0,0.56,44
12/31/2025 2:00,delwebb_to_marketpl,SB,0,0.57,43.5
12/31/2025 3:00,delwebb_to_marketpl,SB,0,0.56,44
12/31/2025 4:00,delwebb_to_marketpl,SB,0,0.58,43.4
12/31/2025 5:00,delwebb_to_marketpl,SB,0,0.61,40.6
12/31/2025 6:00,delwebb_to_marketpl,SB,0,0.57,43.5
12/31/2025 7:00,delwebb_to_marketpl,SB,0.01,0.62,40.3
12/31/2025 8:00,delwebb_to_marketpl,SB,0.04,0.66,38
12/31/2025 9:00,delwebb_to_marketpl,SB,0.08,0.7,35.6
12/31/2025 10:00,delwebb_to_marketpl,SB,0.1,0.71,35.1
12/31/2025 11:00,delwebb_to_marketpl,SB,0.1,0.73,34.1
12/31/2025 12:00,delwebb_to_marketpl,SB,0.12,0.76,32.7
12/31/2025 13:00,delwebb_to_marketpl,SB,0.11,0.74,33.8
12/31/2025 14:00,delwebb_to_marketpl,SB,0.09,0.73,34.7
12/31/2025 15:00,delwebb_to_marketpl,SB,0.09,0.72,35.1
12/31/2025 16:00,delwebb_to_marketpl,SB,0.1,0.75,33.4
12/31/2025 17:00,delwebb_to_marketpl,SB,0.12,0.76,32.9
12/31/2025 18:00,delwebb_to_marketpl,SB,0.08,0.72,34.8
12/31/2025 19:00,delwebb_to_marketpl,SB,0.02,0.63,40.1
12/31/2025 20:00,delwebb_to_marketpl,SB,0.03,0.64,39.5
12/31/2025 21:00,delwebb_to_marketpl,SB,0.09,0.71,36.9
12/31/2025 22:00,delwebb_to_marketpl,SB,0.02,0.64,38.9
12/31/2025 23:00,delwebb_to_marketpl,SB,0.01,0.61,41
1/1/2026 0:00,delwebb_to_marketpl,SB,0,0.56,44.5
1/1/2026 1:00,delwebb_to_marketpl,SB,0.01,0.61,41
1/1/2026 2:00,delwebb_to_marketpl,SB,0,0.6,41.7
1/1/2026 3:00,delwebb_to_marketpl,SB,0,0.57,43.6
1/1/2026 4:00,delwebb_to_marketpl,SB,0,0.56,44.3
1/1/2026 5:00,delwebb_to_marketpl,SB,0,0.56,44.3
1/1/2026 6:00,delwebb_to_marketpl,SB,0,0.58,42.7
1/1/2026 7:00,delwebb_to_marketpl,SB,0.01,0.58,43.1
1/1/2026 8:00,delwebb_to_marketpl,SB,0.03,0.63,39.6
1/1/2026 9:00,delwebb_to_marketpl,SB,0.02,0.62,40.2
1/1/2026 10:00,delwebb_to_marketpl,SB,0.03,0.63,39.9
1/1/2026 11:00,delwebb_to_marketpl,SB,0.13,0.79,31.6
1/1/2026 12:00,delwebb_to_marketpl,SB,0.02,0.62,40.3
1/1/2026 13:00,delwebb_to_marketpl,SB,0.1,0.75,33.4
1/1/2026 14:00,delwebb_to_marketpl,SB,0.1,0.74,34
1/1/2026 15:00,delwebb_to_marketpl,SB,0.05,0.64,38.6
1/1/2026 16:00,delwebb_to_marketpl,SB,0.05,0.66,38.1
1/1/2026 17:00,delwebb_to_marketpl,SB,0.11,0.76,32.8
1/1/2026 18:00,delwebb_to_marketpl,SB,0.05,0.68,37
1/1/2026 19:00,delwebb_to_marketpl,SB,0.03,0.65,38.7
1/1/2026 20:00,delwebb_to_marketpl,SB,0.03,0.62,40.4
1/1/2026 21:00,delwebb_to_marketpl,SB,0,0.59,42.2
1/1/2026 22:00,delwebb_to_marketpl,SB,0,0.58,43.3
1/1/2026 23:00,delwebb_to_marketpl,SB,0.01,0.62,40.6
1/2/2026 0:00,delwebb_to_marketpl,SB,0,0.58,43.3
1/2/2026 1:00,delwebb_to_marketpl,SB,0,0.56,44.4
1/2/2026 2:00,delwebb_to_marketpl,SB,0.01,0.58,43
1/2/2026 3:00,delwebb_to_marketpl,SB,0,0.56,44
1/2/2026 4:00,delwebb_to_marketpl,SB,0.02,0.61,41
1/2/2026 5:00,delwebb_to_marketpl,SB,0,0.58,42.7
1/2/2026 6:00,delwebb_to_marketpl,SB,0,0.61,40.9
1/2/2026 7:00,delwebb_to_marketpl,SB,0.02,0.6,41.7
1/2/2026 8:00,delwebb_to_marketpl,SB,0.03,0.64,38.9
1/2/2026 9:00,delwebb_to_marketpl,SB,0.09,0.71,35.1
1/2/2026 10:00,delwebb_to_marketpl,SB,0.13,0.78,32.7
1/2/2026 11:00,delwebb_to_marketpl,SB,0.14,0.79,31.5
1/2/2026 12:00,delwebb_to_marketpl,SB,0.16,0.8,31.4
1/2/2026 13:00,delwebb_to_marketpl,SB,0.16,0.8,31.1
1/2/2026 14:00,delwebb_to_marketpl,SB,0.1,0.73,34.2
1/2/2026 15:00,delwebb_to_marketpl,SB,0.17,0.8,31.5
1/2/2026 16:00,delwebb_to_marketpl,SB,0.1,0.72,34.7
1/2/2026 17:00,delwebb_to_marketpl,SB,0.14,0.77,32.3
1/2/2026 18:00,delwebb_to_marketpl,SB,0.08,0.7,35.4
1/2/2026 19:00,delwebb_to_marketpl,SB,0.07,0.71,35.2
1/2/2026 20:00,delwebb_to_marketpl,SB,0,0.58,42.9
1/2/2026 21:00,delwebb_to_marketpl,SB,0.01,0.62,40.1
1/2/2026 22:00,delwebb_to_marketpl,SB,0.01,0.58,42.7
1/2/2026 23:00,delwebb_to_marketpl,SB,0.02,0.62,40.8
1/3/2026 0:00,delwebb_to_marketpl,SB,0,0.57,43.7
1/3/2026 1:00,delwebb_to_marketpl,SB,0,0.56,44.5
1/3/2026 2:00,delwebb_to_marketpl,SB,0,0.58,43
1/3/2026 3:00,delwebb_to_marketpl,SB,0,0.58,43.1
1/3/2026 4:00,delwebb_to_marketpl,SB,0,0.57,43.6
1/3/2026 5:00,delwebb_to_marketpl,SB,0,0.56,44
1/3/2026 6:00,delwebb_to_marketpl,SB,0.01,0.6,41.8
1/3/2026 7:00,delwebb_to_marketpl,SB,0.02,0.65,38.5
1/3/2026 8:00,delwebb_to_marketpl,SB,0.03,0.64,39
1/3/2026 9:00,delwebb_to_marketpl,SB,0.03,0.65,38.5
1/3/2026 10:00,delwebb_to_marketpl,SB,0.06,0.67,37.8
1/3/2026 11:00,delwebb_to_marketpl,SB,0.08,0.66,37.7
1/3/2026 12:00,delwebb_to_marketpl,SB,0.09,0.72,34.6
1/3/2026 13:00,delwebb_to_marketpl,SB,0.07,0.68,36.8
1/3/2026 14:00,delwebb_to_marketpl,SB,0.12,0.74,33.7
1/3/2026 15:00,delwebb_to_marketpl,SB,0.09,0.73,34.5
1/3/2026 16:00,delwebb_to_marketpl,SB,0.11,0.74,34.3
1/3/2026 17:00,delwebb_to_marketpl,SB,0.06,0.69,36.3
1/3/2026 18:00,delwebb_to_marketpl,SB,0.05,0.69,36.7
1/3/2026 19:00,delwebb_to_marketpl,SB,0.04,0.67,37.5
1/3/2026 20:00,delwebb_to_marketpl,SB,0.03,0.64,38.8
1/3/2026 21:00,delwebb_to_marketpl,SB,0.03,0.6,41.3
1/3/2026 22:00,delwebb_to_marketpl,SB,0.1,0.72,35
1/3/2026 23:00,delwebb_to_marketpl,SB,0.01,0.58,43.4
1/4/2026 0:00,delwebb_to_marketpl,SB,0.02,0.62,40.5
1/4/2026 1:00,delwebb_to_marketpl,SB,0,0.58,42.8
1/4/2026 2:00,delwebb_to_marketpl,SB,0,0.56,44
1/4/2026 3:00,delwebb_to_marketpl,SB,0,0.56,44
1/4/2026 4:00,delwebb_to_marketpl,SB,0,0.58,43.1
1/4/2026 5:00,delwebb_to_marketpl,SB,0.01,0.58,42.8
1/4/2026 6:00,delwebb_to_marketpl,SB,0.01,0.59,42.4
1/4/2026 7:00,delwebb_to_marketpl,SB,0.01,0.59,42.4
1/4/2026 8:00,delwebb_to_marketpl,SB,0.02,0.61,41.2
1/4/2026 9:00,delwebb_to_marketpl,SB,0.01,0.6,41.5
1/4/2026 10:00,delwebb_to_marketpl,SB,0.09,0.69,36.4
1/4/2026 11:00,delwebb_to_marketpl,SB,0.14,0.75,33.4
1/4/2026 12:00,delwebb_to_marketpl,SB,0.18,0.83,30.3
1/4/2026 13:00,delwebb_to_marketpl,SB,0.18,0.83,30.5
1/4/2026 14:00,delwebb_to_marketpl,SB,0.23,0.87,29
1/4/2026 15:00,delwebb_to_marketpl,SB,0.14,0.79,31.5
1/4/2026 16:00,delwebb_to_marketpl,SB,0.08,0.7,35.9
1/4/2026 17:00,delwebb_to_marketpl,SB,0.07,0.68,37.4
1/4/2026 18:00,delwebb_to_marketpl,SB,0.08,0.68,36.9
1/4/2026 19:00,delwebb_to_marketpl,SB,0.02,0.6,41.5
1/4/2026 20:00,delwebb_to_marketpl,SB,0.04,0.65,38.8
1/4/2026 21:00,delwebb_to_marketpl,SB,0.08,0.7,36.1
1/4/2026 22:00,delwebb_to_marketpl,SB,0.01,0.6,41.9
1/4/2026 23:00,delwebb_to_marketpl,SB,0,0.56,44
1/5/2026 0:00,delwebb_to_marketpl,SB,0.02,0.58,42.9
1/5/2026 1:00,delwebb_to_marketpl,SB,0,0.56,44
1/5/2026 2:00,delwebb_to_marketpl,SB,0,0.56,44
1/5/2026 3:00,delwebb_to_marketpl,SB,0,0.57,43.6
1/5/2026 4:00,delwebb_to_marketpl,SB,0.01,0.58,43.2
1/5/2026 5:00,delwebb_to_marketpl,SB,0.02,0.6,41.9
1/5/2026 6:00,delwebb_to_marketpl,SB,0.06,0.64,39.3
1/5/2026 7:00,delwebb_to_marketpl,SB,0.12,0.72,34.6
1/5/2026 8:00,delwebb_to_marketpl,SB,0.12,0.75,33.4
1/5/2026 9:00,delwebb_to_marketpl,SB,0.17,0.82,30.7
1/5/2026 10:00,delwebb_to_marketpl,SB,0.15,0.79,31.7
1/5/2026 11:00,delwebb_to_marketpl,SB,0.19,0.84,29.8
1/5/2026 12:00,delwebb_to_marketpl,SB,0.23,0.87,28.7
1/5/2026 13:00,delwebb_to_marketpl,SB,0.19,0.82,30.4
1/5/2026 14:00,delwebb_to_marketpl,SB,0.2,0.84,29.8
1/5/2026 15:00,delwebb_to_marketpl,SB,0.16,0.77,32.5
1/5/2026 16:00,delwebb_to_marketpl,SB,0.09,0.72,34.7
1/5/2026 17:00,delwebb_to_marketpl,SB,0.17,0.8,32.5
1/5/2026 18:00,delwebb_to_marketpl,SB,0.05,0.66,38.3
1/5/2026 19:00,delwebb_to_marketpl,SB,0.06,0.68,37.1
1/5/2026 20:00,delwebb_to_marketpl,SB,0,0.57,43.9
1/5/2026 21:00,delwebb_to_marketpl,SB,0.01,0.57,43.9
1/5/2026 22:00,delwebb_to_marketpl,SB,0.01,0.6,42
1/5/2026 23:00,delwebb_to_marketpl,SB,0.01,0.59,42
1/6/2026 0:00,delwebb_to_marketpl,SB,0,0.58,42.9
1/6/2026 1:00,delwebb_to_marketpl,SB,0,0.56,44
1/6/2026 2:00,delwebb_to_marketpl,SB,0,0.56,44
1/6/2026 3:00,delwebb_to_marketpl,SB,0,0.58,43.2
1/6/2026 4:00,delwebb_to_marketpl,SB,0,0.59,42.1
1/6/2026 5:00,delwebb_to_marketpl,SB,0.02,0.59,42.5
1/6/2026 6:00,delwebb_to_marketpl,SB,0.01,0.61,41
1/6/2026 7:00,delwebb_to_marketpl,SB,0.03,0.62,40.3
1/6/2026 8:00,delwebb_to_marketpl,SB,0.06,0.69,36.1
1/6/2026 9:00,delwebb_to_marketpl,SB,0.1,0.75,33.5
1/6/2026 10:00,delwebb_to_marketpl,SB,0.09,0.72,34.9
1/6/2026 11:00,delwebb_to_marketpl,SB,0.1,0.75,33.1
1/6/2026 12:00,delwebb_to_marketpl,SB,0.11,0.75,33.4
1/6/2026 13:00,delwebb_to_marketpl,SB,0.14,0.77,32.3
1/6/2026 14:00,delwebb_to_marketpl,SB,0.12,0.77,32.5
1/6/2026 15:00,delwebb_to_marketpl,SB,0.1,0.72,34.5
1/6/2026 16:00,delwebb_to_marketpl,SB,0.13,0.74,33.9
1/6/2026 17:00,delwebb_to_marketpl,SB,0.12,0.77,32.3
1/6/2026 18:00,delwebb_to_marketpl,SB,0.1,0.71,35.3
1/6/2026 19:00,delwebb_to_marketpl,SB,0.06,0.67,37.8
1/6/2026 20:00,delwebb_to_marketpl,SB,0.03,0.65,39
1/6/2026 21:00,delwebb_to_marketpl,SB,0.03,0.63,39.8
1/6/2026 22:00,delwebb_to_marketpl,SB,0.01,0.6,41.8
1/6/2026 23:00,delwebb_to_marketpl,SB,0,0.57,43.9
1/7/2026 0:00,delwebb_to_marketpl,SB,0,0.56,44
1/7/2026 1:00,delwebb_to_marketpl,SB,0,0.57,43.8
1/7/2026 2:00,delwebb_to_marketpl,SB,0,0.57,43.9
1/7/2026 3:00,delwebb_to_marketpl,SB,0,0.57,43.9
1/7/2026 4:00,delwebb_to_marketpl,SB,0.02,0.63,39.5
1/7/2026 5:00,delwebb_to_marketpl,SB,0.01,0.61,41.3
1/7/2026 6:00,delwebb_to_marketpl,SB,0.02,0.61,40.9
1/7/2026 7:00,delwebb_to_marketpl,SB,0.02,0.6,41.9
1/7/2026 8:00,delwebb_to_marketpl,SB,0.05,0.68,37
1/7/2026 9:00,delwebb_to_marketpl,SB,0.07,0.68,36.8
1/7/2026 10:00,delwebb_to_marketpl,SB,0.07,0.7,35.6
1/7/2026 11:00,delwebb_to_marketpl,SB,0.12,0.76,33.1
1/7/2026 12:00,delwebb_to_marketpl,SB,0.18,0.83,30.5
1/7/2026 13:00,delwebb_to_marketpl,SB,0.08,0.7,35.7
1/7/2026 14:00,delwebb_to_marketpl,SB,0.12,0.76,32.7
1/7/2026 15:00,delwebb_to_marketpl,SB,0.14,0.78,32.2
1/7/2026 16:00,delwebb_to_marketpl,SB,0.11,0.74,33.7
1/7/2026 17:00,delwebb_to_marketpl,SB,0.19,0.83,30
1/7/2026 18:00,delwebb_to_marketpl,SB,0.07,0.68,36.6
1/7/2026 19:00,delwebb_to_marketpl,SB,0.02,0.63,40.1
1/7/2026 20:00,delwebb_to_marketpl,SB,0.03,0.63,39.4
1/7/2026 21:00,delwebb_to_marketpl,SB,0.02,0.61,41.1
1/7/2026 22:00,delwebb_to_marketpl,SB,0,0.58,43.2
1/7/2026 23:00,delwebb_to_marketpl,SB,0,0.56,44
1/8/2026 0:00,delwebb_to_marketpl,SB,0,0.57,43.9
1/8/2026 1:00,delwebb_to_marketpl,SB,0,0.56,44
1/8/2026 2:00,delwebb_to_marketpl,SB,0.01,0.59,42.4
1/8/2026 3:00,delwebb_to_marketpl,SB,0,0.57,43.8
1/8/2026 4:00,delwebb_to_marketpl,SB,0,0.58,43
1/8/2026 5:00,delwebb_to_marketpl,SB,0.01,0.61,41.4
1/8/2026 6:00,delwebb_to_marketpl,SB,0.03,0.62,39.9
1/8/2026 7:00,delwebb_to_marketpl,SB,0.03,0.62,40.6
1/8/2026 8:00,delwebb_to_marketpl,SB,0.07,0.69,36.3
1/8/2026 9:00,delwebb_to_marketpl,SB,0.09,0.73,34.2
1/8/2026 10:00,delwebb_to_marketpl,SB,0.09,0.72,34.7
1/8/2026 11:00,delwebb_to_marketpl,SB,0.1,0.74,33.5
1/8/2026 12:00,delwebb_to_marketpl,SB,0.17,0.79,31.7
1/8/2026 13:00,delwebb_to_marketpl,SB,0.13,0.75,33.2
1/8/2026 14:00,delwebb_to_marketpl,SB,0.13,0.75,33.1
1/8/2026 15:00,delwebb_to_marketpl,SB,0.15,0.8,31.3
1/8/2026 16:00,delwebb_to_marketpl,SB,0.11,0.75,33.4
1/8/2026 17:00,delwebb_to_marketpl,SB,0.09,0.72,34.9
1/8/2026 18:00,delwebb_to_marketpl,SB,0.09,0.71,35.4
1/8/2026 19:00,delwebb_to_marketpl,SB,0.04,0.63,39.8
1/8/2026 20:00,delwebb_to_marketpl,SB,0,0.58,43
1/8/2026 21:00,delwebb_to_marketpl,SB,0.02,0.6,41.9
1/8/2026 22:00,delwebb_to_marketpl,SB,0,0.56,44
1/8/2026 23:00,delwebb_to_marketpl,SB,0,0.58,42.9
1/9/2026 0:00,delwebb_to_marketpl,SB,0,0.57,43.6
1/9/2026 1:00,delwebb_to_marketpl,SB,0,0.56,44.3
1/9/2026 2:00,delwebb_to_marketpl,SB,0,0.56,44
1/9/2026 3:00,delwebb_to_marketpl,SB,0,0.56,44.4
1/9/2026 4:00,delwebb_to_marketpl,SB,0,0.59,42.1
1/9/2026 5:00,delwebb_to_marketpl,SB,0.01,0.61,41.2
1/9/2026 6:00,delwebb_to_marketpl,SB,0.01,0.61,41
1/9/2026 7:00,delwebb_to_marketpl,SB,0.01,0.6,41.8
1/9/2026 8:00,delwebb_to_marketpl,SB,0.06,0.65,38.8
1/9/2026 9:00,delwebb_to_marketpl,SB,0.06,0.7,36.1
1/9/2026 10:00,delwebb_to_marketpl,SB,0.11,0.76,33
1/9/2026 11:00,delwebb_to_marketpl,SB,0.12,0.77,32.5
1/9/2026 12:00,delwebb_to_marketpl,SB,0.18,0.83,30.3
1/9/2026 13:00,delwebb_to_marketpl,SB,0.1,0.72,35.1
1/9/2026 14:00,delwebb_to_marketpl,SB,0.16,0.79,31.6
1/9/2026 15:00,delwebb_to_marketpl,SB,0.12,0.74,34
1/9/2026 16:00,delwebb_to_marketpl,SB,0.13,0.77,32.5
1/9/2026 17:00,delwebb_to_marketpl,SB,0.11,0.72,34.8
1/9/2026 18:00,delwebb_to_marketpl,SB,0.08,0.72,34.9
1/9/2026 19:00,delwebb_to_marketpl,SB,0.07,0.69,36.8
1/9/2026 20:00,delwebb_to_marketpl,SB,0.02,0.64,39.2
1/9/2026 21:00,delwebb_to_marketpl,SB,0,0.61,40.8
1/9/2026 22:00,delwebb_to_marketpl,SB,0.01,0.58,43.1
1/9/2026 23:00,delwebb_to_marketpl,SB,0,0.57,43.8
1/10/2026 0:00,delwebb_to_marketpl,SB,0,0.56,44.7
1/10/2026 1:00,delwebb_to_marketpl,SB,0,0.56,44
1/10/2026 2:00,delwebb_to_marketpl,SB,0,0.57,43.3
1/10/2026 3:00,delwebb_to_marketpl,SB,0,0.58,43
1/10/2026 4:00,delwebb_to_marketpl,SB,0.01,0.6,41.5
1/10/2026 5:00,delwebb_to_marketpl,SB,0.01,0.6,41.9
1/10/2026 6:00,delwebb_to_marketpl,SB,0.01,0.62,40.4
1/10/2026 7:00,delwebb_to_marketpl,SB,0.03,0.65,38.2
1/10/2026 8:00,delwebb_to_marketpl,SB,0.03,0.64,39.2
1/10/2026 9:00,delwebb_to_marketpl,SB,0.05,0.68,37.1
1/10/2026 10:00,delwebb_to_marketpl,SB,0.08,0.72,34.7
1/10/2026 11:00,delwebb_to_marketpl,SB,0.08,0.7,35.6
1/10/2026 12:00,delwebb_to_marketpl,SB,0.11,0.73,34.1
1/10/2026 13:00,delwebb_to_marketpl,SB,0.13,0.75,33.9
1/10/2026 14:00,delwebb_to_marketpl,SB,0.07,0.72,34.6
1/10/2026 15:00,delwebb_to_marketpl,SB,0.08,0.7,35.6
1/10/2026 16:00,delwebb_to_marketpl,SB,0.15,0.79,31.9
1/10/2026 17:00,delwebb_to_marketpl,SB,0.11,0.74,34.6
1/10/2026 18:00,delwebb_to_marketpl,SB,0.14,0.79,32.3
1/10/2026 19:00,delwebb_to_marketpl,SB,0.01,0.61,40.6
1/10/2026 20:00,delwebb_to_marketpl,SB,0.01,0.63,39.4
1/10/2026 21:00,delwebb_to_marketpl,SB,0.07,0.68,37.5
1/10/2026 22:00,delwebb_to_marketpl,SB,0,0.57,43.3
1/10/2026 23:00,delwebb_to_marketpl,SB,0.01,0.6,41.9
1/11/2026 0:00,delwebb_to_marketpl,SB,0,0.56,44
1/11/2026 1:00,delwebb_to_marketpl,SB,0,0.57,43.5
1/11/2026 2:00,delwebb_to_marketpl,SB,0,0.56,44
1/11/2026 3:00,delwebb_to_marketpl,SB,0,0.56,44
1/11/2026 4:00,delwebb_to_marketpl,SB,0,0.56,44.1
1/11/2026 5:00,delwebb_to_marketpl,SB,0,0.56,44.1
1/11/2026 6:00,delwebb_to_marketpl,SB,0,0.6,41.8
1/11/2026 7:00,delwebb_to_marketpl,SB,0.04,0.63,39.6
1/11/2026 8:00,delwebb_to_marketpl,SB,0.01,0.6,41.4
1/11/2026 9:00,delwebb_to_marketpl,SB,0.08,0.7,35.9
1/11/2026 10:00,delwebb_to_marketpl,SB,0.04,0.63,39.8
1/11/2026 11:00,delwebb_to_marketpl,SB,0.1,0.75,33.4
1/11/2026 12:00,delwebb_to_marketpl,SB,0.08,0.72,34.4
1/11/2026 13:00,delwebb_to_marketpl,SB,0.06,0.69,36.6
1/11/2026 14:00,delwebb_to_marketpl,SB,0.05,0.67,37.4
1/11/2026 15:00,delwebb_to_marketpl,SB,0.08,0.69,36.4
1/11/2026 16:00,delwebb_to_marketpl,SB,0.07,0.68,37
1/11/2026 17:00,delwebb_to_marketpl,SB,0.08,0.71,35.1
1/11/2026 18:00,delwebb_to_marketpl,SB,0.06,0.67,37.6
1/11/2026 19:00,delwebb_to_marketpl,SB,0.05,0.65,38.5
1/11/2026 20:00,delwebb_to_marketpl,SB,0.02,0.6,41.6
1/11/2026 21:00,delwebb_to_marketpl,SB,0.01,0.6,41.8
1/11/2026 22:00,delwebb_to_marketpl,SB,0,0.59,42.3
1/11/2026 23:00,delwebb_to_marketpl,SB,0,0.58,43.2
1/12/2026 0:00,delwebb_to_marketpl,SB,0,0.56,44
1/12/2026 1:00,delwebb_to_marketpl,SB,0,0.56,44
1/12/2026 2:00,delwebb_to_marketpl,SB,0,0.59,42.4
1/12/2026 3:00,delwebb_to_marketpl,SB,0,0.58,43.2
1/12/2026 4:00,delwebb_to_marketpl,SB,0,0.56,44.4
1/12/2026 5:00,delwebb_to_marketpl,SB,0,0.61,41.1
1/12/2026 6:00,delwebb_to_marketpl,SB,0.01,0.6,41.6
1/12/2026 7:00,delwebb_to_marketpl,SB,0.02,0.63,39.7
1/12/2026 8:00,delwebb_to_marketpl,SB,0.05,0.67,37.4
1/12/2026 9:00,delwebb_to_marketpl,SB,0.09,0.74,33.7
1/12/2026 10:00,delwebb_to_marketpl,SB,0.12,0.77,32.7
1/12/2026 11:00,delwebb_to_marketpl,SB,0.15,0.8,31.4
1/12/2026 12:00,delwebb_to_marketpl,SB,0.1,0.71,35.4
1/12/2026 13:00,delwebb_to_marketpl,SB,0.14,0.78,32.1
1/12/2026 14:00,delwebb_to_marketpl,SB,0.13,0.77,32.4
1/12/2026 15:00,delwebb_to_marketpl,SB,0.12,0.74,33.6
1/12/2026 16:00,delwebb_to_marketpl,SB,0.13,0.76,32.6
1/12/2026 17:00,delwebb_to_marketpl,SB,0.14,0.77,32.7
1/12/2026 18:00,delwebb_to_marketpl,SB,0.08,0.71,35.2
1/12/2026 19:00,delwebb_to_marketpl,SB,0.06,0.68,37
1/12/2026 20:00,delwebb_to_marketpl,SB,0.04,0.65,38.6
1/12/2026 21:00,delwebb_to_marketpl,SB,0.02,0.61,41.1
1/12/2026 22:00,delwebb_to_marketpl,SB,0,0.59,42.2
1/12/2026 23:00,delwebb_to_marketpl,SB,0,0.57,43.9
1/13/2026 0:00,delwebb_to_marketpl,SB,0,0.58,42.8
1/13/2026 1:00,delwebb_to_marketpl,SB,0,0.57,43.8
1/13/2026 2:00,delwebb_to_marketpl,SB,0,0.58,43.1
1/13/2026 3:00,delwebb_to_marketpl,SB,0,0.58,43
1/13/2026 4:00,delwebb_to_marketpl,SB,0,0.58,42.8
1/13/2026 5:00,delwebb_to_marketpl,SB,0,0.59,42.1
1/13/2026 6:00,delwebb_to_marketpl,SB,0,0.59,42.5
1/13/2026 7:00,delwebb_to_marketpl,SB,0.06,0.64,39.1
1/13/2026 8:00,delwebb_to_marketpl,SB,0.08,0.73,34.3
1/13/2026 9:00,delwebb_to_marketpl,SB,0.05,0.66,37.7
1/13/2026 10:00,delwebb_to_marketpl,SB,0.07,0.71,35.4
1/13/2026 11:00,delwebb_to_marketpl,SB,0.14,0.79,31.6
1/13/2026 12:00,delwebb_to_marketpl,SB,0.12,0.75,34.1
1/13/2026 13:00,delwebb_to_marketpl,SB,0.12,0.76,33
1/13/2026 14:00,delwebb_to_marketpl,SB,0.11,0.73,34.1
1/13/2026 15:00,delwebb_to_marketpl,SB,0.1,0.71,35
1/13/2026 16:00,delwebb_to_marketpl,SB,0.13,0.77,32.6
1/13/2026 17:00,delwebb_to_marketpl,SB,0.1,0.73,34.2
1/13/2026 18:00,delwebb_to_marketpl,SB,0.05,0.65,38.6
1/13/2026 19:00,delwebb_to_marketpl,SB,0.04,0.64,39
1/13/2026 20:00,delwebb_to_marketpl,SB,0.03,0.62,40.3
1/13/2026 21:00,delwebb_to_marketpl,SB,0.02,0.61,40.8
1/13/2026 22:00,delwebb_to_marketpl,SB,0,0.57,43.7
1/13/2026 23:00,delwebb_to_marketpl,SB,0,0.58,42.7
1/14/2026 0:00,delwebb_to_marketpl,SB,0,0.57,43.5
1/14/2026 1:00,delwebb_to_marketpl,SB,0,0.57,43.4
1/14/2026 2:00,delwebb_to_marketpl,SB,0,0.56,44
1/14/2026 3:00,delwebb_to_marketpl,SB,0,0.6,41.9
1/14/2026 4:00,delwebb_to_marketpl,SB,0.03,0.64,39.3
1/14/2026 5:00,delwebb_to_marketpl,SB,0,0.57,43.5
1/14/2026 6:00,delwebb_to_marketpl,SB,0.03,0.62,40.4
1/14/2026 7:00,delwebb_to_marketpl,SB,0.06,0.68,36.8
1/14/2026 8:00,delwebb_to_marketpl,SB,0.05,0.69,36.2
1/14/2026 9:00,delwebb_to_marketpl,SB,0.09,0.72,34.5
1/14/2026 10:00,delwebb_to_marketpl,SB,0.13,0.75,33.4
1/14/2026 11:00,delwebb_to_marketpl,SB,0.11,0.75,33.1
1/14/2026 12:00,delwebb_to_marketpl,SB,0.14,0.77,32.7
1/14/2026 13:00,delwebb_to_marketpl,SB,0.21,0.85,29.8
1/14/2026 14:00,delwebb_to_marketpl,SB,0.11,0.74,33.5
1/14/2026 15:00,delwebb_to_marketpl,SB,0.16,0.81,30.9
1/14/2026 16:00,delwebb_to_marketpl,SB,0.14,0.77,32.8
1/14/2026 17:00,delwebb_to_marketpl,SB,0.12,0.75,33.3
1/14/2026 18:00,delwebb_to_marketpl,SB,0.05,0.66,37.8
1/14/2026 19:00,delwebb_to_marketpl,SB,0.05,0.68,37
1/14/2026 20:00,delwebb_to_marketpl,SB,0.1,0.73,34.5
1/14/2026 21:00,delwebb_to_marketpl,SB,0.05,0.66,38.5
1/14/2026 22:00,delwebb_to_marketpl,SB,0,0.52,47.5
1/14/2026 23:00,delwebb_to_marketpl,SB,0,0.57,43.6
1/15/2026 0:00,delwebb_to_marketpl,SB,0,0.56,44
1/15/2026 1:00,delwebb_to_marketpl,SB,0,0.57,43.8
1/15/2026 2:00,delwebb_to_marketpl,SB,0,0.56,44
1/15/2026 3:00,delwebb_to_marketpl,SB,0,0.56,44
1/15/2026 4:00,delwebb_to_marketpl,SB,0.02,0.62,40.9
1/15/2026 5:00,delwebb_to_marketpl,SB,0.01,0.61,40.8
1/15/2026 6:00,delwebb_to_marketpl,SB,0.02,0.59,42.6
1/15/2026 7:00,delwebb_to_marketpl,SB,0.04,0.64,38.8
1/15/2026 8:00,delwebb_to_marketpl,SB,0.08,0.72,34.9
1/15/2026 9:00,delwebb_to_marketpl,SB,0.04,0.65,38.4
1/15/2026 10:00,delwebb_to_marketpl,SB,0.07,0.69,36.8
1/15/2026 11:00,delwebb_to_marketpl,SB,0.15,0.8,31.3
1/15/2026 12:00,delwebb_to_marketpl,SB,0.12,0.77,32.5
1/15/2026 13:00,delwebb_to_marketpl,SB,0.11,0.75,33.5
1/15/2026 14:00,delwebb_to_marketpl,SB,0.16,0.8,31.3
1/15/2026 15:00,delwebb_to_marketpl,SB,0.16,0.8,31.6
1/15/2026 16:00,delwebb_to_marketpl,SB,0.11,0.74,33.7
1/15/2026 17:00,delwebb_to_marketpl,SB,0.12,0.75,33.5
1/15/2026 18:00,delwebb_to_marketpl,SB,0.09,0.73,34.5
1/15/2026 19:00,delwebb_to_marketpl,SB,0.04,0.64,40
1/15/2026 20:00,delwebb_to_marketpl,SB,0.03,0.63,40.1
1/15/2026 21:00,delwebb_to_marketpl,SB,0.07,0.67,38.4
1/15/2026 22:00,delwebb_to_marketpl,SB,0,0.58,42.7
1/15/2026 23:00,delwebb_to_marketpl,SB,0,0.57,43.5
1/16/2026 0:00,delwebb_to_marketpl,SB,0,0.56,44.7
1/16/2026 1:00,delwebb_to_marketpl,SB,0,0.57,43.5
1/16/2026 2:00,delwebb_to_marketpl,SB,0,0.56,44.1
1/16/2026 3:00,delwebb_to_marketpl,SB,0.01,0.61,41.4
1/16/2026 4:00,delwebb_to_marketpl,SB,0.02,0.61,41
1/16/2026 5:00,delwebb_to_marketpl,SB,0,0.58,43.3
1/16/2026 6:00,delwebb_to_marketpl,SB,0.01,0.58,42.9
1/16/2026 7:00,delwebb_to_marketpl,SB,0.06,0.69,36.4
1/16/2026 8:00,delwebb_to_marketpl,SB,0.07,0.7,35.9
1/16/2026 9:00,delwebb_to_marketpl,SB,0.08,0.72,34.6
1/16/2026 10:00,delwebb_to_marketpl,SB,0.1,0.74,33.9
1/16/2026 11:00,delwebb_to_marketpl,SB,0.12,0.74,33.7
1/16/2026 12:00,delwebb_to_marketpl,SB,0.14,0.78,32
1/16/2026 13:00,delwebb_to_marketpl,SB,0.14,0.77,32.5
1/16/2026 14:00,delwebb_to_marketpl,SB,0.11,0.74,33.7
1/16/2026 15:00,delwebb_to_marketpl,SB,0.17,0.8,31.4
1/16/2026 16:00,delwebb_to_marketpl,SB,0.15,0.78,32.1
1/16/2026 17:00,delwebb_to_marketpl,SB,0.16,0.8,31.5
1/16/2026 18:00,delwebb_to_marketpl,SB,0.13,0.75,33.4
1/16/2026 19:00,delwebb_to_marketpl,SB,0.05,0.67,37.4
1/16/2026 20:00,delwebb_to_marketpl,SB,0.04,0.66,38.1
1/16/2026 21:00,delwebb_to_marketpl,SB,0.04,0.65,38.8
1/16/2026 22:00,delwebb_to_marketpl,SB,0,0.59,42.5
1/16/2026 23:00,delwebb_to_marketpl,SB,0,0.58,43.2
1/17/2026 0:00,delwebb_to_marketpl,SB,0,0.58,42.9
1/17/2026 1:00,delwebb_to_marketpl,SB,0,0.57,43.3
1/17/2026 2:00,delwebb_to_marketpl,SB,0,0.58,43.1
1/17/2026 3:00,delwebb_to_marketpl,SB,0,0.56,44.1
1/17/2026 4:00,delwebb_to_marketpl,SB,0,0.57,43.6
1/17/2026 5:00,delwebb_to_marketpl,SB,0,0.58,42.6
1/17/2026 6:00,delwebb_to_marketpl,SB,0.01,0.59,42.5
1/17/2026 7:00,delwebb_to_marketpl,SB,0.01,0.57,43.4
1/17/2026 8:00,delwebb_to_marketpl,SB,0.07,0.7,35.6
1/17/2026 9:00,delwebb_to_marketpl,SB,0.07,0.71,35.5
1/17/2026 10:00,delwebb_to_marketpl,SB,0.1,0.74,34
1/17/2026 11:00,delwebb_to_marketpl,SB,0.1,0.73,35.1
1/17/2026 12:00,delwebb_to_marketpl,SB,0.08,0.69,36
1/17/2026 13:00,delwebb_to_marketpl,SB,0.04,0.66,38.1
1/17/2026 14:00,delwebb_to_marketpl,SB,0.1,0.74,34.1
1/17/2026 15:00,delwebb_to_marketpl,SB,0.07,0.71,34.9
1/17/2026 16:00,delwebb_to_marketpl,SB,0.04,0.64,39.2
1/17/2026 17:00,delwebb_to_marketpl,SB,0.12,0.76,32.8
1/17/2026 18:00,delwebb_to_marketpl,SB,0.06,0.68,36.6
1/17/2026 19:00,delwebb_to_marketpl,SB,0.08,0.69,36.4
1/17/2026 20:00,delwebb_to_marketpl,SB,0.03,0.65,38.8
1/17/2026 21:00,delwebb_to_marketpl,SB,0.05,0.68,37.3
1/17/2026 22:00,delwebb_to_marketpl,SB,0,0.57,43.6
1/17/2026 23:00,delwebb_to_marketpl,SB,0.03,0.63,39.8
1/18/2026 0:00,delwebb_to_marketpl,SB,0,0.57,43.6
1/18/2026 1:00,delwebb_to_marketpl,SB,0.01,0.59,42.4
1/18/2026 2:00,delwebb_to_marketpl,SB,0,0.57,43.9
1/18/2026 3:00,delwebb_to_marketpl,SB,0,0.57,43.6
1/18/2026 4:00,delwebb_to_marketpl,SB,0,0.57,43.7
1/18/2026 5:00,delwebb_to_marketpl,SB,0,0.57,43.7
1/18/2026 6:00,delwebb_to_marketpl,SB,0,0.56,44.5
1/18/2026 7:00,delwebb_to_marketpl,SB,0,0.6,41.5
1/18/2026 8:00,delwebb_to_marketpl,SB,0.04,0.64,39.5
1/18/2026 9:00,delwebb_to_marketpl,SB,0.11,0.77,32.5
1/18/2026 10:00,delwebb_to_marketpl,SB,0.11,0.75,33.2
1/18/2026 11:00,delwebb_to_marketpl,SB,0.09,0.73,34.1
1/18/2026 12:00,delwebb_to_marketpl,SB,0.1,0.74,33.7
1/18/2026 13:00,delwebb_to_marketpl,SB,0.06,0.66,38
1/18/2026 14:00,delwebb_to_marketpl,SB,0.06,0.67,37.3
1/18/2026 15:00,delwebb_to_marketpl,SB,0.06,0.66,38
1/18/2026 16:00,delwebb_to_marketpl,SB,0.07,0.7,35.9
1/18/2026 17:00,delwebb_to_marketpl,SB,0.07,0.68,36.5
1/18/2026 18:00,delwebb_to_marketpl,SB,0.05,0.67,37.4
1/18/2026 19:00,delwebb_to_marketpl,SB,0.1,0.74,34.1
1/18/2026 20:00,delwebb_to_marketpl,SB,0.02,0.61,40.8
1/18/2026 21:00,delwebb_to_marketpl,SB,0.01,0.61,41.1
1/18/2026 22:00,delwebb_to_marketpl,SB,0,0.59,42.5
1/18/2026 23:00,delwebb_to_marketpl,SB,0,0.58,43.1
1/19/2026 0:00,delwebb_to_marketpl,SB,0,0.59,42.5
1/19/2026 1:00,delwebb_to_marketpl,SB,0,0.56,44
1/19/2026 2:00,delwebb_to_marketpl,SB,0,0.57,43.8
1/19/2026 3:00,delwebb_to_marketpl,SB,0,0.57,43.8
1/19/2026 4:00,delwebb_to_marketpl,SB,0,0.59,42.3
1/19/2026 5:00,delwebb_to_marketpl,SB,0.01,0.6,41.8
1/19/2026 6:00,delwebb_to_marketpl,SB,0,0.56,44.1
1/19/2026 7:00,delwebb_to_marketpl,SB,0.01,0.6,41.7
1/19/2026 8:00,delwebb_to_marketpl,SB,0.04,0.66,37.8
1/19/2026 9:00,delwebb_to_marketpl,SB,0.06,0.69,36.5
1/19/2026 10:00,delwebb_to_marketpl,SB,0.12,0.75,33.3
1/19/2026 11:00,delwebb_to_marketpl,SB,0.13,0.77,32.5
1/19/2026 12:00,delwebb_to_marketpl,SB,0.18,0.83,30.2
1/19/2026 13:00,delwebb_to_marketpl,SB,0.13,0.75,33.6
1/19/2026 14:00,delwebb_to_marketpl,SB,0.11,0.74,33.6
1/19/2026 15:00,delwebb_to_marketpl,SB,0.07,0.7,35.6
1/19/2026 16:00,delwebb_to_marketpl,SB,0.09,0.72,34.9
1/19/2026 17:00,delwebb_to_marketpl,SB,0.07,0.69,35.9
1/19/2026 18:00,delwebb_to_marketpl,SB,0.05,0.65,38.3
1/19/2026 19:00,delwebb_to_marketpl,SB,0.08,0.7,35.9
1/19/2026 20:00,delwebb_to_marketpl,SB,0.02,0.61,40.8
1/19/2026 21:00,delwebb_to_marketpl,SB,0,0.57,43.3
1/19/2026 22:00,delwebb_to_marketpl,SB,0.02,0.6,41.7
1/19/2026 23:00,delwebb_to_marketpl,SB,0,0.59,42.4
1/20/2026 0:00,delwebb_to_marketpl,SB,0,0.57,43.4
1/20/2026 1:00,delwebb_to_marketpl,SB,0,0.58,43
1/20/2026 2:00,delwebb_to_marketpl,SB,0,0.56,44
1/20/2026 3:00,delwebb_to_marketpl,SB,0,0.56,44
1/20/2026 4:00,delwebb_to_marketpl,SB,0,0.58,42.9
1/20/2026 5:00,delwebb_to_marketpl,SB,0,0.57,43.8
1/20/2026 6:00,delwebb_to_marketpl,SB,0.01,0.58,42.8
1/20/2026 7:00,delwebb_to_marketpl,SB,0.04,0.64,39.2
1/20/2026 8:00,delwebb_to_marketpl,SB,0.09,0.73,34.3
1/20/2026 9:00,delwebb_to_marketpl,SB,0.06,0.69,36
1/20/2026 10:00,delwebb_to_marketpl,SB,0.14,0.77,33.1
1/20/2026 11:00,delwebb_to_marketpl,SB,0.16,0.8,31.4
1/20/2026 12:00,delwebb_to_marketpl,SB,0.07,0.7,35.7
1/20/2026 13:00,delwebb_to_marketpl,SB,0.15,0.8,31.2
1/20/2026 14:00,delwebb_to_marketpl,SB,0.13,0.75,33.5
1/20/2026 15:00,delwebb_to_marketpl,SB,0.14,0.78,31.9
1/20/2026 16:00,delwebb_to_marketpl,SB,0.15,0.77,32.6
1/20/2026 17:00,delwebb_to_marketpl,SB,0.13,0.77,32.9
1/20/2026 18:00,delwebb_to_marketpl,SB,0.09,0.73,34.6
1/20/2026 19:00,delwebb_to_marketpl,SB,0.08,0.72,35.1
1/20/2026 20:00,delwebb_to_marketpl,SB,0.09,0.73,34.3
1/20/2026 21:00,delwebb_to_marketpl,SB,0.03,0.66,38.1
1/20/2026 22:00,delwebb_to_marketpl,SB,0,0.57,43.9
1/20/2026 23:00,delwebb_to_marketpl,SB,0,0.56,44
1/21/2026 0:00,delwebb_to_marketpl,SB,0,0.56,44.6
1/21/2026 1:00,delwebb_to_marketpl,SB,0,0.56,44
1/21/2026 2:00,delwebb_to_marketpl,SB,0,0.56,44
1/21/2026 3:00,delwebb_to_marketpl,SB,0.01,0.58,42.9
1/21/2026 4:00,delwebb_to_marketpl,SB,0.03,0.65,38.8
1/21/2026 5:00,delwebb_to_marketpl,SB,0,0.58,43.1
1/21/2026 6:00,delwebb_to_marketpl,SB,0.01,0.6,41.4
1/21/2026 7:00,delwebb_to_marketpl,SB,0.05,0.64,39
1/21/2026 8:00,delwebb_to_marketpl,SB,0.1,0.72,35
1/21/2026 9:00,delwebb_to_marketpl,SB,0.05,0.66,37.9
1/21/2026 10:00,delwebb_to_marketpl,SB,0.09,0.72,34.7
1/21/2026 11:00,delwebb_to_marketpl,SB,0.13,0.78,32.5
1/21/2026 12:00,delwebb_to_marketpl,SB,0.17,0.82,30.6
1/21/2026 13:00,delwebb_to_marketpl,SB,0.07,0.71,35.4
1/21/2026 14:00,delwebb_to_marketpl,SB,0.13,0.76,33
1/21/2026 15:00,delwebb_to_marketpl,SB,0.19,0.84,29.8
1/21/2026 16:00,delwebb_to_marketpl,SB,0.11,0.75,33.7
1/21/2026 17:00,delwebb_to_marketpl,SB,0.14,0.77,32.8
1/21/2026 18:00,delwebb_to_marketpl,SB,0.09,0.7,36.5
1/21/2026 19:00,delwebb_to_marketpl,SB,0.07,0.69,36.4
1/21/2026 20:00,delwebb_to_marketpl,SB,0,0.59,42.1
1/21/2026 21:00,delwebb_to_marketpl,SB,0.03,0.65,38.3
1/21/2026 22:00,delwebb_to_marketpl,SB,0,0.59,42.4
1/21/2026 23:00,delwebb_to_marketpl,SB,0,0.57,43.7
1/22/2026 0:00,delwebb_to_marketpl,SB,0,0.58,43
1/22/2026 1:00,delwebb_to_marketpl,SB,0,0.56,44
1/22/2026 2:00,delwebb_to_marketpl,SB,0,0.59,42.6
1/22/2026 3:00,delwebb_to_marketpl,SB,0,0.56,44
1/22/2026 4:00,delwebb_to_marketpl,SB,0,0.57,43.3
1/22/2026 5:00,delwebb_to_marketpl,SB,0,0.59,42.4
1/22/2026 6:00,delwebb_to_marketpl,SB,0.01,0.59,42.7
1/22/2026 7:00,delwebb_to_marketpl,SB,0.01,0.6,41.1
1/22/2026 8:00,delwebb_to_marketpl,SB,0.05,0.66,38.3
1/22/2026 9:00,delwebb_to_marketpl,SB,0.12,0.75,33.7
1/22/2026 10:00,delwebb_to_marketpl,SB,0.13,0.78,32
1/22/2026 11:00,delwebb_to_marketpl,SB,0.13,0.77,32.4
1/22/2026 12:00,delwebb_to_marketpl,SB,0.1,0.73,34.2
1/22/2026 13:00,delwebb_to_marketpl,SB,0.14,0.78,32.3
1/22/2026 14:00,delwebb_to_marketpl,SB,0.1,0.73,34.7
1/22/2026 15:00,delwebb_to_marketpl,SB,0.13,0.77,32.5
1/22/2026 16:00,delwebb_to_marketpl,SB,0.15,0.77,32.4
1/22/2026 17:00,delwebb_to_marketpl,SB,0.15,0.78,32
1/22/2026 18:00,delwebb_to_marketpl,SB,0.06,0.65,38.2
1/22/2026 19:00,delwebb_to_marketpl,SB,0.05,0.66,38
1/22/2026 20:00,delwebb_to_marketpl,SB,0.06,0.68,36.7
1/22/2026 21:00,delwebb_to_marketpl,SB,0.02,0.62,40.4
1/22/2026 22:00,delwebb_to_marketpl,SB,0,0.56,44.3
1/22/2026 23:00,delwebb_to_marketpl,SB,0,0.59,42.4
1/23/2026 0:00,delwebb_to_marketpl,SB,0.01,0.59,42.5
1/23/2026 1:00,delwebb_to_marketpl,SB,0,0.56,44
1/23/2026 2:00,delwebb_to_marketpl,SB,0,0.56,44
1/23/2026 3:00,delwebb_to_marketpl,SB,0,0.57,43.5
1/23/2026 4:00,delwebb_to_marketpl,SB,0,0.6,41.8
1/23/2026 5:00,delwebb_to_marketpl,SB,0.01,0.61,41.4
1/23/2026 6:00,delwebb_to_marketpl,SB,0.01,0.57,43.9
1/23/2026 7:00,delwebb_to_marketpl,SB,0.01,0.59,42.3
1/23/2026 8:00,delwebb_to_marketpl,SB,0.11,0.74,34.1
1/23/2026 9:00,delwebb_to_marketpl,SB,0.1,0.75,33.3
1/23/2026 10:00,delwebb_to_marketpl,SB,0.09,0.73,34.3
1/23/2026 11:00,delwebb_to_marketpl,SB,0.14,0.77,32.5
1/23/2026 12:00,delwebb_to_marketpl,SB,0.13,0.77,32.6
1/23/2026 13:00,delwebb_to_marketpl,SB,0.1,0.73,34.3
1/23/2026 14:00,delwebb_to_marketpl,SB,0.12,0.76,32.8
1/23/2026 15:00,delwebb_to_marketpl,SB,0.14,0.77,32.9
1/23/2026 16:00,delwebb_to_marketpl,SB,0.11,0.72,34.9
1/23/2026 17:00,delwebb_to_marketpl,SB,0.1,0.69,36.3
1/23/2026 18:00,delwebb_to_marketpl,SB,0.06,0.66,37.9
1/23/2026 19:00,delwebb_to_marketpl,SB,0.1,0.72,35
1/23/2026 20:00,delwebb_to_marketpl,SB,0.1,0.73,34.3
1/23/2026 21:00,delwebb_to_marketpl,SB,0.02,0.64,39
1/23/2026 22:00,delwebb_to_marketpl,SB,0.03,0.63,40
1/23/2026 23:00,delwebb_to_marketpl,SB,0,0.58,42.9
1/24/2026 0:00,delwebb_to_marketpl,SB,0,0.56,44
1/24/2026 1:00,delwebb_to_marketpl,SB,0,0.56,44
1/24/2026 2:00,delwebb_to_marketpl,SB,0,0.56,44.1
1/24/2026 3:00,delwebb_to_marketpl,SB,0,0.58,43.1
1/24/2026 4:00,delwebb_to_marketpl,SB,0,0.56,44
1/24/2026 5:00,delwebb_to_marketpl,SB,0,0.56,44.3
1/24/2026 6:00,delwebb_to_marketpl,SB,0,0.57,43.3
1/24/2026 7:00,delwebb_to_marketpl,SB,0.04,0.63,39.9
1/24/2026 8:00,delwebb_to_marketpl,SB,0.02,0.62,40.5
1/24/2026 9:00,delwebb_to_marketpl,SB,0.05,0.66,37.6
1/24/2026 10:00,delwebb_to_marketpl,SB,0.09,0.72,34.5
1/24/2026 11:00,delwebb_to_marketpl,SB,0.07,0.68,36.9
1/24/2026 12:00,delwebb_to_marketpl,SB,0.08,0.71,35.1
1/24/2026 13:00,delwebb_to_marketpl,SB,0.1,0.71,35.2
1/24/2026 14:00,delwebb_to_marketpl,SB,0.11,0.72,34.7
1/24/2026 15:00,delwebb_to_marketpl,SB,0.08,0.68,36.8
1/24/2026 16:00,delwebb_to_marketpl,SB,0.09,0.7,35.7
1/24/2026 17:00,delwebb_to_marketpl,SB,0.05,0.67,37.4
1/24/2026 18:00,delwebb_to_marketpl,SB,0.08,0.71,35.9
1/24/2026 19:00,delwebb_to_marketpl,SB,0.04,0.64,39.1
1/24/2026 20:00,delwebb_to_marketpl,SB,0.02,0.59,42
1/24/2026 21:00,delwebb_to_marketpl,SB,0.07,0.69,36.4
1/24/2026 22:00,delwebb_to_marketpl,SB,0.02,0.62,40.2
1/24/2026 23:00,delwebb_to_marketpl,SB,0.01,0.61,40.8
1/25/2026 0:00,delwebb_to_marketpl,SB,0,0.55,45.4
1/25/2026 1:00,delwebb_to_marketpl,SB,0,0.58,43.2
1/25/2026 2:00,delwebb_to_marketpl,SB,0,0.57,43.6
1/25/2026 3:00,delwebb_to_marketpl,SB,0,0.56,44
1/25/2026 4:00,delwebb_to_marketpl,SB,0,0.56,44
1/25/2026 5:00,delwebb_to_marketpl,SB,0.01,0.6,41.7
1/25/2026 6:00,delwebb_to_marketpl,SB,0,0.57,43.4
1/25/2026 7:00,delwebb_to_marketpl,SB,0.02,0.6,42
1/25/2026 8:00,delwebb_to_marketpl,SB,0.02,0.66,37.7
1/25/2026 9:00,delwebb_to_marketpl,SB,0.03,0.63,39.9
1/25/2026 10:00,delwebb_to_marketpl,SB,0.05,0.67,37.5
1/25/2026 11:00,delwebb_to_marketpl,SB,0.04,0.64,39
1/25/2026 12:00,delwebb_to_marketpl,SB,0.08,0.69,36.1
1/25/2026 13:00,delwebb_to_marketpl,SB,0.05,0.66,38.1
1/25/2026 14:00,delwebb_to_marketpl,SB,0.06,0.67,37.6
1/25/2026 15:00,delwebb_to_marketpl,SB,0.1,0.7,35.5
1/25/2026 16:00,delwebb_to_marketpl,SB,0.08,0.7,36.1
1/25/2026 17:00,delwebb_to_marketpl,SB,0.06,0.69,36.2
1/25/2026 18:00,delwebb_to_marketpl,SB,0.05,0.67,37.8
1/25/2026 19:00,delwebb_to_marketpl,SB,0.09,0.71,35.9
1/25/2026 20:00,delwebb_to_marketpl,SB,0.03,0.64,39.7
1/25/2026 21:00,delwebb_to_marketpl,SB,0.01,0.59,42.2
1/25/2026 22:00,delwebb_to_marketpl,SB,0,0.57,43.5
1/25/2026 23:00,delwebb_to_marketpl,SB,0.02,0.61,41.3
1/26/2026 0:00,delwebb_to_marketpl,SB,0,0.57,43.9
1/26/2026 1:00,delwebb_to_marketpl,SB,0,0.56,44
1/26/2026 2:00,delwebb_to_marketpl,SB,0,0.57,43.5
1/26/2026 3:00,delwebb_to_marketpl,SB,0,0.59,42.5
1/26/2026 4:00,delwebb_to_marketpl,SB,0.01,0.58,42.8
1/26/2026 5:00,delwebb_to_marketpl,SB,0.01,0.61,41.3
1/26/2026 6:00,delwebb_to_marketpl,SB,0.01,0.59,42.2
1/26/2026 7:00,delwebb_to_marketpl,SB,0.05,0.67,37.3
1/26/2026 8:00,delwebb_to_marketpl,SB,0.03,0.64,38.8
1/26/2026 9:00,delwebb_to_marketpl,SB,0.06,0.68,37
1/26/2026 10:00,delwebb_to_marketpl,SB,0.05,0.66,37.8
1/26/2026 11:00,delwebb_to_marketpl,SB,0.08,0.72,34.8
1/26/2026 12:00,delwebb_to_marketpl,SB,0.16,0.81,31.2
1/26/2026 13:00,delwebb_to_marketpl,SB,0.1,0.72,34.6
1/26/2026 14:00,delwebb_to_marketpl,SB,0.12,0.76,33.2
1/26/2026 15:00,delwebb_to_marketpl,SB,0.16,0.82,30.6
1/26/2026 16:00,delwebb_to_marketpl,SB,0.1,0.74,34
1/26/2026 17:00,delwebb_to_marketpl,SB,0.1,0.72,34.6
1/26/2026 18:00,delwebb_to_marketpl,SB,0.1,0.73,34.3
1/26/2026 19:00,delwebb_to_marketpl,SB,0.04,0.65,38.8
1/26/2026 20:00,delwebb_to_marketpl,SB,0.01,0.59,43
1/26/2026 21:00,delwebb_to_marketpl,SB,0,0.57,43.5
1/26/2026 22:00,delwebb_to_marketpl,SB,0.03,0.62,40.8
1/26/2026 23:00,delwebb_to_marketpl,SB,0.01,0.59,42.4
1/27/2026 0:00,delwebb_to_marketpl,SB,0,0.58,42.7
1/27/2026 1:00,delwebb_to_marketpl,SB,0,0.56,44
1/27/2026 2:00,delwebb_to_marketpl,SB,0,0.56,44
1/27/2026 3:00,delwebb_to_marketpl,SB,0,0.57,43.5
1/27/2026 4:00,delwebb_to_marketpl,SB,0,0.56,44.1
1/27/2026 5:00,delwebb_to_marketpl,SB,0,0.55,44.9
1/27/2026 6:00,delwebb_to_marketpl,SB,0,0.55,45
1/27/2026 7:00,delwebb_to_marketpl,SB,0.02,0.62,39.9
1/27/2026 8:00,delwebb_to_marketpl,SB,0.13,0.76,33.1
1/27/2026 9:00,delwebb_to_marketpl,SB,0.07,0.69,36.5
1/27/2026 10:00,delwebb_to_marketpl,SB,0.13,0.77,32.6
1/27/2026 11:00,delwebb_to_marketpl,SB,0.1,0.74,33.8
1/27/2026 12:00,delwebb_to_marketpl,SB,0.15,0.78,32
1/27/2026 13:00,delwebb_to_marketpl,SB,0.12,0.76,32.6
1/27/2026 14:00,delwebb_to_marketpl,SB,0.11,0.74,33.7
1/27/2026 15:00,delwebb_to_marketpl,SB,0.14,0.78,32
1/27/2026 16:00,delwebb_to_marketpl,SB,0.14,0.76,33.4
1/27/2026 17:00,delwebb_to_marketpl,SB,0.16,0.8,31.5
1/27/2026 18:00,delwebb_to_marketpl,SB,0.04,0.65,38.6
1/27/2026 19:00,delwebb_to_marketpl,SB,0.04,0.63,39.3
1/27/2026 20:00,delwebb_to_marketpl,SB,0.03,0.63,39.5
1/27/2026 21:00,delwebb_to_marketpl,SB,0,0.57,43.8
1/27/2026 22:00,delwebb_to_marketpl,SB,0.01,0.58,42.7
1/27/2026 23:00,delwebb_to_marketpl,SB,0,0.56,44.3
1/28/2026 0:00,delwebb_to_marketpl,SB,0.02,0.6,41.9
1/28/2026 1:00,delwebb_to_marketpl,SB,0,0.57,43.3
1/28/2026 2:00,delwebb_to_marketpl,SB,0,0.56,44
1/28/2026 3:00,delwebb_to_marketpl,SB,0,0.56,44
1/28/2026 4:00,delwebb_to_marketpl,SB,0,0.58,43.1
1/28/2026 5:00,delwebb_to_marketpl,SB,0,0.59,42.3
1/28/2026 6:00,delwebb_to_marketpl,SB,0,0.55,45.1
1/28/2026 7:00,delwebb_to_marketpl,SB,0.03,0.65,38.7
1/28/2026 8:00,delwebb_to_marketpl,SB,0.04,0.66,37.8
1/28/2026 9:00,delwebb_to_marketpl,SB,0.04,0.65,38.2
1/28/2026 10:00,delwebb_to_marketpl,SB,0.08,0.71,35.2
1/28/2026 11:00,delwebb_to_marketpl,SB,0.1,0.74,33.8
1/28/2026 12:00,delwebb_to_marketpl,SB,0.17,0.81,30.8
1/28/2026 13:00,delwebb_to_marketpl,SB,0.13,0.77,32.5
1/28/2026 14:00,delwebb_to_marketpl,SB,0.13,0.75,33.5
1/28/2026 15:00,delwebb_to_marketpl,SB,0.09,0.72,34.7
1/28/2026 16:00,delwebb_to_marketpl,SB,0.07,0.7,35.8
1/28/2026 17:00,delwebb_to_marketpl,SB,0.18,0.84,29.8
1/28/2026 18:00,delwebb_to_marketpl,SB,0.07,0.7,35.8
1/28/2026 19:00,delwebb_to_marketpl,SB,0.1,0.74,34.5
1/28/2026 20:00,delwebb_to_marketpl,SB,0.02,0.61,40.7
1/28/2026 21:00,delwebb_to_marketpl,SB,0.01,0.59,41.9
1/28/2026 22:00,delwebb_to_marketpl,SB,0.01,0.59,42.4
1/28/2026 23:00,delwebb_to_marketpl,SB,0.02,0.61,41.5
1/29/2026 0:00,delwebb_to_marketpl,SB,0,0.57,43.7
1/29/2026 1:00,delwebb_to_marketpl,SB,0,0.56,44
1/29/2026 2:00,delwebb_to_marketpl,SB,0,0.56,44
1/29/2026 3:00,delwebb_to_marketpl,SB,0,0.57,43.6
1/29/2026 4:00,delwebb_to_marketpl,SB,0,0.59,42.4
1/29/2026 5:00,delwebb_to_marketpl,SB,0,0.57,43.6
1/29/2026 6:00,delwebb_to_marketpl,SB,0,0.58,43
1/29/2026 7:00,delwebb_to_marketpl,SB,0.07,0.65,39.2
1/29/2026 8:00,delwebb_to_marketpl,SB,0.06,0.7,35.8
1/29/2026 9:00,delwebb_to_marketpl,SB,0.11,0.75,33.4
1/29/2026 10:00,delwebb_to_marketpl,SB,0.13,0.77,32.4
1/29/2026 11:00,delwebb_to_marketpl,SB,0.15,0.78,32.4
1/29/2026 12:00,delwebb_to_marketpl,SB,0.1,0.72,34.7
1/29/2026 13:00,delwebb_to_marketpl,SB,0.07,0.7,35.6
1/29/2026 14:00,delwebb_to_marketpl,SB,0.2,0.83,30.5
1/29/2026 15:00,delwebb_to_marketpl,SB,0.13,0.77,32.3
1/29/2026 16:00,delwebb_to_marketpl,SB,0.1,0.71,35.5
1/29/2026 17:00,delwebb_to_marketpl,SB,0.11,0.72,34.7
1/29/2026 18:00,delwebb_to_marketpl,SB,0.11,0.72,34.8
1/29/2026 19:00,delwebb_to_marketpl,SB,0.05,0.66,38.1
1/29/2026 20:00,delwebb_to_marketpl,SB,0.06,0.65,39.4
1/29/2026 21:00,delwebb_to_marketpl,SB,0.01,0.62,40.6
1/29/2026 22:00,delwebb_to_marketpl,SB,0,0.57,43.8
1/29/2026 23:00,delwebb_to_marketpl,SB,0,0.56,44.5
1/30/2026 0:00,delwebb_to_marketpl,SB,0.01,0.6,41.9
1/30/2026 1:00,delwebb_to_marketpl,SB,0,0.56,44
1/30/2026 2:00,delwebb_to_marketpl,SB,0,0.56,44
1/30/2026 3:00,delwebb_to_marketpl,SB,0,0.58,43.2
1/30/2026 4:00,delwebb_to_marketpl,SB,0,0.57,43.9
1/30/2026 5:00,delwebb_to_marketpl,SB,0,0.58,43.1
1/30/2026 6:00,delwebb_to_marketpl,SB,0.01,0.58,42.7
1/30/2026 7:00,delwebb_to_marketpl,SB,0.03,0.64,39.2
1/30/2026 8:00,delwebb_to_marketpl,SB,0.08,0.7,35.9
1/30/2026 9:00,delwebb_to_marketpl,SB,0.08,0.73,34.5
1/30/2026 10:00,delwebb_to_marketpl,SB,0.13,0.77,32.3
1/30/2026 11:00,delwebb_to_marketpl,SB,0.14,0.79,31.6
1/30/2026 12:00,delwebb_to_marketpl,SB,0.13,0.78,32.1
1/30/2026 13:00,delwebb_to_marketpl,SB,0.15,0.8,31.2
1/30/2026 14:00,delwebb_to_marketpl,SB,0.14,0.77,32.3
1/30/2026 15:00,delwebb_to_marketpl,SB,0.12,0.76,32.9
1/30/2026 16:00,delwebb_to_marketpl,SB,0.11,0.75,33.4
1/30/2026 17:00,delwebb_to_marketpl,SB,0.13,0.78,31.9
1/30/2026 18:00,delwebb_to_marketpl,SB,0.09,0.74,34
1/30/2026 19:00,delwebb_to_marketpl,SB,0.06,0.67,37.4
1/30/2026 20:00,delwebb_to_marketpl,SB,0.03,0.66,38.3
1/30/2026 21:00,delwebb_to_marketpl,SB,0.05,0.65,38.4
1/30/2026 22:00,delwebb_to_marketpl,SB,0.06,0.66,37.9
1/30/2026 23:00,delwebb_to_marketpl,SB,0,0.59,42.4
1/31/2026 0:00,delwebb_to_marketpl,SB,0,0.56,44.4
1/31/2026 1:00,delwebb_to_marketpl,SB,0,0.59,42.5
1/31/2026 2:00,delwebb_to_marketpl,SB,0,0.56,44.2
1/31/2026 3:00,delwebb_to_marketpl,SB,0.01,0.58,43
1/31/2026 4:00,delwebb_to_marketpl,SB,0,0.56,44.5
1/31/2026 5:00,delwebb_to_marketpl,SB,0.04,0.66,38.4
1/31/2026 6:00,delwebb_to_marketpl,SB,0,0.61,40.8
1/31/2026 7:00,delwebb_to_marketpl,SB,0.02,0.62,40.1
1/31/2026 8:00,delwebb_to_marketpl,SB,0.03,0.67,37
1/31/2026 9:00,delwebb_to_marketpl,SB,0.03,0.66,38.1
1/31/2026 10:00,delwebb_to_marketpl,SB,0.04,0.67,37.4
1/31/2026 11:00,delwebb_to_marketpl,SB,0.11,0.75,33.5
1/31/2026 12:00,delwebb_to_marketpl,SB,0.18,0.83,30.4
1/31/2026 13:00,delwebb_to_marketpl,SB,0.05,0.69,36.4
1/31/2026 14:00,delwebb_to_marketpl,SB,0.12,0.75,33.3
1/31/2026 15:00,delwebb_to_marketpl,SB,0.08,0.71,35.1
1/31/2026 16:00,delwebb_to_marketpl,SB,0.08,0.71,35.1
1/31/2026 17:00,delwebb_to_marketpl,SB,0.11,0.75,33.4
1/31/2026 18:00,delwebb_to_marketpl,SB,0.13,0.77,32.4
1/31/2026 19:00,delwebb_to_marketpl,SB,0.04,0.66,38.2
1/31/2026 20:00,delwebb_to_marketpl,SB,0.03,0.63,39.3
1/31/2026 21:00,delwebb_to_marketpl,SB,0.01,0.61,40.8
1/31/2026 22:00,delwebb_to_marketpl,SB,0,0.58,43.3
1/31/2026 23:00,delwebb_to_marketpl,SB,0.05,0.66,38.7
2/1/2026 0:00,delwebb_to_marketpl,SB,0,0.56,44.4
2/1/2026 1:00,delwebb_to_marketpl,SB,0,0.57,43.6
2/1/2026 2:00,delwebb_to_marketpl,SB,0,0.58,43.2
2/1/2026 3:00,delwebb_to_marketpl,SB,0,0.58,42.7
2/1/2026 4:00,delwebb_to_marketpl,SB,0,0.57,43.7
2/1/2026 5:00,delwebb_to_marketpl,SB,0,0.57,43.5
2/1/2026 6:00,delwebb_to_marketpl,SB,0,0.59,42.3
2/1/2026 7:00,delwebb_to_marketpl,SB,0.04,0.65,38.7
2/1/2026 8:00,delwebb_to_marketpl,SB,0.03,0.65,38.5
2/1/2026 9:00,delwebb_to_marketpl,SB,0.04,0.66,38.1
2/1/2026 10:00,delwebb_to_marketpl,SB,0.05,0.68,36.9
2/1/2026 11:00,delwebb_to_marketpl,SB,0.08,0.7,36.2
2/1/2026 12:00,delwebb_to_marketpl,SB,0.03,0.65,38.9
2/1/2026 13:00,delwebb_to_marketpl,SB,0.12,0.76,33.7
2/1/2026 14:00,delwebb_to_marketpl,SB,0.09,0.69,36.2
2/1/2026 15:00,delwebb_to_marketpl,SB,0.05,0.67,37.4
2/1/2026 16:00,delwebb_to_marketpl,SB,0.05,0.65,38.6
2/1/2026 17:00,delwebb_to_marketpl,SB,0.09,0.73,34
2/1/2026 18:00,delwebb_to_marketpl,SB,0.09,0.72,35.6
2/1/2026 19:00,delwebb_to_marketpl,SB,0.03,0.62,40.6
2/1/2026 20:00,delwebb_to_marketpl,SB,0.02,0.63,39.6
2/1/2026 21:00,delwebb_to_marketpl,SB,0.01,0.59,42
2/1/2026 22:00,delwebb_to_marketpl,SB,0.03,0.61,41.3
2/1/2026 23:00,delwebb_to_marketpl,SB,0.02,0.62,40.8
2/2/2026 0:00,delwebb_to_marketpl,SB,0,0.57,43.5
2/2/2026 1:00,delwebb_to_marketpl,SB,0,0.57,43.6
2/2/2026 2:00,delwebb_to_marketpl,SB,0.04,0.63,40.4
2/2/2026 3:00,delwebb_to_marketpl,SB,0,0.56,44
2/2/2026 4:00,delwebb_to_marketpl,SB,0.01,0.58,43
2/2/2026 5:00,delwebb_to_marketpl,SB,0,0.57,43.9
2/2/2026 6:00,delwebb_to_marketpl,SB,0.01,0.57,43.3
2/2/2026 7:00,delwebb_to_marketpl,SB,0.04,0.64,38.9
2/2/2026 8:00,delwebb_to_marketpl,SB,0.07,0.66,38
2/2/2026 9:00,delwebb_to_marketpl,SB,0.08,0.68,36.5
2/2/2026 10:00,delwebb_to_marketpl,SB,0.12,0.76,33.1
2/2/2026 11:00,delwebb_to_marketpl,SB,0.13,0.76,33.1
2/2/2026 12:00,delwebb_to_marketpl,SB,0.12,0.76,32.9
2/2/2026 13:00,delwebb_to_marketpl,SB,0.13,0.76,32.7
2/2/2026 14:00,delwebb_to_marketpl,SB,0.14,0.78,32.1
2/2/2026 15:00,delwebb_to_marketpl,SB,0.1,0.73,34.6
2/2/2026 16:00,delwebb_to_marketpl,SB,0.08,0.72,34.8
2/2/2026 17:00,delwebb_to_marketpl,SB,0.13,0.76,32.7
2/2/2026 18:00,delwebb_to_marketpl,SB,0.04,0.63,40.1
2/2/2026 19:00,delwebb_to_marketpl,SB,0.04,0.65,38.7
2/2/2026 20:00,delwebb_to_marketpl,SB,0.03,0.65,39
2/2/2026 21:00,delwebb_to_marketpl,SB,0.01,0.58,42.8
2/2/2026 22:00,delwebb_to_marketpl,SB,0,0.57,43.6
2/2/2026 23:00,delwebb_to_marketpl,SB,0,0.56,44
2/3/2026 0:00,delwebb_to_marketpl,SB,0,0.58,43.2
2/3/2026 1:00,delwebb_to_marketpl,SB,0,0.58,43.2
2/3/2026 2:00,delwebb_to_marketpl,SB,0,0.56,44
2/3/2026 3:00,delwebb_to_marketpl,SB,0,0.56,44.7
2/3/2026 4:00,delwebb_to_marketpl,SB,0,0.57,43.5
2/3/2026 5:00,delwebb_to_marketpl,SB,0.01,0.59,42
2/3/2026 6:00,delwebb_to_marketpl,SB,0,0.56,44.7
2/3/2026 7:00,delwebb_to_marketpl,SB,0.03,0.62,40.5
2/3/2026 8:00,delwebb_to_marketpl,SB,0.06,0.65,38.4
2/3/2026 9:00,delwebb_to_marketpl,SB,0.06,0.68,36.8
2/3/2026 10:00,delwebb_to_marketpl,SB,0.1,0.73,34.4
2/3/2026 11:00,delwebb_to_marketpl,SB,0.12,0.76,33
2/3/2026 12:00,delwebb_to_marketpl,SB,0.14,0.79,31.6
2/3/2026 13:00,delwebb_to_marketpl,SB,0.1,0.73,34.4
2/3/2026 14:00,delwebb_to_marketpl,SB,0.11,0.74,34.1
2/3/2026 15:00,delwebb_to_marketpl,SB,0.13,0.77,32.6
2/3/2026 16:00,delwebb_to_marketpl,SB,0.09,0.72,35
2/3/2026 17:00,delwebb_to_marketpl,SB,0.1,0.74,33.5
2/3/2026 18:00,delwebb_to_marketpl,SB,0.08,0.71,35.4
2/3/2026 19:00,delwebb_to_marketpl,SB,0.05,0.65,38.1
2/3/2026 20:00,delwebb_to_marketpl,SB,0.01,0.63,39.5
2/3/2026 21:00,delwebb_to_marketpl,SB,0,0.57,43.4
2/3/2026 22:00,delwebb_to_marketpl,SB,0,0.57,43.3
2/3/2026 23:00,delwebb_to_marketpl,SB,0,0.57,43.4
2/4/2026 0:00,delwebb_to_marketpl,SB,0,0.56,44.5
2/4/2026 1:00,delwebb_to_marketpl,SB,0,0.58,42.8
2/4/2026 2:00,delwebb_to_marketpl,SB,0,0.56,44
2/4/2026 3:00,delwebb_to_marketpl,SB,0,0.57,43.7
2/4/2026 4:00,delwebb_to_marketpl,SB,0.01,0.6,41.6
2/4/2026 5:00,delwebb_to_marketpl,SB,0,0.58,42.9
2/4/2026 6:00,delwebb_to_marketpl,SB,0.02,0.6,41.8
2/4/2026 7:00,delwebb_to_marketpl,SB,0.05,0.65,38.7
2/4/2026 8:00,delwebb_to_marketpl,SB,0.13,0.73,34.8
2/4/2026 9:00,delwebb_to_marketpl,SB,0.12,0.77,32.5
2/4/2026 10:00,delwebb_to_marketpl,SB,0.07,0.69,36.4
2/4/2026 11:00,delwebb_to_marketpl,SB,0.14,0.78,32.1
2/4/2026 12:00,delwebb_to_marketpl,SB,0.2,0.85,29.4
2/4/2026 13:00,delwebb_to_marketpl,SB,0.09,0.72,34.9
2/4/2026 14:00,delwebb_to_marketpl,SB,0.14,0.78,32.2
2/4/2026 15:00,delwebb_to_marketpl,SB,0.12,0.73,34.4
2/4/2026 16:00,delwebb_to_marketpl,SB,0.17,0.81,30.7
2/4/2026 17:00,delwebb_to_marketpl,SB,0.12,0.76,33
2/4/2026 18:00,delwebb_to_marketpl,SB,0.1,0.72,35
2/4/2026 19:00,delwebb_to_marketpl,SB,0.07,0.71,35.3
2/4/2026 20:00,delwebb_to_marketpl,SB,0.03,0.63,39.6
2/4/2026 21:00,delwebb_to_marketpl,SB,0.03,0.61,41.3
2/4/2026 22:00,delwebb_to_marketpl,SB,0.01,0.61,41
2/4/2026 23:00,delwebb_to_marketpl,SB,0,0.56,44
2/5/2026 0:00,delwebb_to_marketpl,SB,0,0.58,43
2/5/2026 1:00,delwebb_to_marketpl,SB,0,0.57,43.5
2/5/2026 2:00,delwebb_to_marketpl,SB,0,0.56,44
2/5/2026 3:00,delwebb_to_marketpl,SB,0,0.57,43.3
2/5/2026 4:00,delwebb_to_marketpl,SB,0,0.57,43.4
2/5/2026 5:00,delwebb_to_marketpl,SB,0,0.57,43.7
2/5/2026 6:00,delwebb_to_marketpl,SB,0.01,0.59,42.6
2/5/2026 7:00,delwebb_to_marketpl,SB,0.04,0.66,38.1
2/5/2026 8:00,delwebb_to_marketpl,SB,0.07,0.71,35.6
2/5/2026 9:00,delwebb_to_marketpl,SB,0.05,0.67,37.5
2/5/2026 10:00,delwebb_to_marketpl,SB,0.16,0.81,31.2
2/5/2026 11:00,delwebb_to_marketpl,SB,0.12,0.73,34.2
2/5/2026 12:00,delwebb_to_marketpl,SB,0.11,0.74,33.6
2/5/2026 13:00,delwebb_to_marketpl,SB,0.12,0.76,33
2/5/2026 14:00,delwebb_to_marketpl,SB,0.09,0.73,34.2
2/5/2026 15:00,delwebb_to_marketpl,SB,0.17,0.82,30.5
2/5/2026 16:00,delwebb_to_marketpl,SB,0.15,0.77,33.2
2/5/2026 17:00,delwebb_to_marketpl,SB,0.13,0.75,33.1
2/5/2026 18:00,delwebb_to_marketpl,SB,0.04,0.68,36.7
2/5/2026 19:00,delwebb_to_marketpl,SB,0.03,0.65,38.7
2/5/2026 20:00,delwebb_to_marketpl,SB,0.09,0.7,36
2/5/2026 21:00,delwebb_to_marketpl,SB,0.03,0.63,40.2
2/5/2026 22:00,delwebb_to_marketpl,SB,0,0.59,42
2/5/2026 23:00,delwebb_to_marketpl,SB,0,0.57,43.4
2/6/2026 0:00,delwebb_to_marketpl,SB,0.01,0.6,41.7
2/6/2026 1:00,delwebb_to_marketpl,SB,0,0.56,44
2/6/2026 2:00,delwebb_to_marketpl,SB,0,0.58,43.1
2/6/2026 3:00,delwebb_to_marketpl,SB,0,0.57,43.5
2/6/2026 4:00,delwebb_to_marketpl,SB,0,0.57,43.4
2/6/2026 5:00,delwebb_to_marketpl,SB,0,0.57,43.9
2/6/2026 6:00,delwebb_to_marketpl,SB,0.01,0.57,43.5
2/6/2026 7:00,delwebb_to_marketpl,SB,0.03,0.6,41.4
2/6/2026 8:00,delwebb_to_marketpl,SB,0.11,0.74,34.2
2/6/2026 9:00,delwebb_to_marketpl,SB,0.09,0.72,34.9
2/6/2026 10:00,delwebb_to_marketpl,SB,0.13,0.76,33
2/6/2026 11:00,delwebb_to_marketpl,SB,0.11,0.76,33.1
2/6/2026 12:00,delwebb_to_marketpl,SB,0.15,0.8,31.3
2/6/2026 13:00,delwebb_to_marketpl,SB,0.16,0.8,31.3
2/6/2026 14:00,delwebb_to_marketpl,SB,0.13,0.75,33.4
2/6/2026 15:00,delwebb_to_marketpl,SB,0.1,0.73,34.1
2/6/2026 16:00,delwebb_to_marketpl,SB,0.11,0.73,34.3
2/6/2026 17:00,delwebb_to_marketpl,SB,0.14,0.77,32.6
2/6/2026 18:00,delwebb_to_marketpl,SB,0.11,0.74,34.9
2/6/2026 19:00,delwebb_to_marketpl,SB,0.04,0.63,39.7
2/6/2026 20:00,delwebb_to_marketpl,SB,0.04,0.65,38.9
2/6/2026 21:00,delwebb_to_marketpl,SB,0,0.58,42.5
2/6/2026 22:00,delwebb_to_marketpl,SB,0.02,0.64,39.1
2/6/2026 23:00,delwebb_to_marketpl,SB,0,0.57,43.7
2/7/2026 0:00,delwebb_to_marketpl,SB,0,0.57,43.7
2/7/2026 1:00,delwebb_to_marketpl,SB,0,0.57,43.5
2/7/2026 2:00,delwebb_to_marketpl,SB,0,0.56,44
2/7/2026 3:00,delwebb_to_marketpl,SB,0,0.56,44
2/7/2026 4:00,delwebb_to_marketpl,SB,0,0.57,43.4
2/7/2026 5:00,delwebb_to_marketpl,SB,0.01,0.59,42.2
2/7/2026 6:00,delwebb_to_marketpl,SB,0,0.58,42.7
2/7/2026 7:00,delwebb_to_marketpl,SB,0.03,0.65,38.5
2/7/2026 8:00,delwebb_to_marketpl,SB,0.12,0.77,32.9
2/7/2026 9:00,delwebb_to_marketpl,SB,0.51,1.17,21.6
2/7/2026 10:00,delwebb_to_marketpl,SB,0.12,0.76,33.2
2/7/2026 11:00,delwebb_to_marketpl,SB,0.08,0.7,35.9
2/7/2026 12:00,delwebb_to_marketpl,SB,0.1,0.74,33.9
2/7/2026 13:00,delwebb_to_marketpl,SB,0.08,0.71,35.3
2/7/2026 14:00,delwebb_to_marketpl,SB,0.08,0.72,35
2/7/2026 15:00,delwebb_to_marketpl,SB,0.15,0.79,32.2
2/7/2026 16:00,delwebb_to_marketpl,SB,0.09,0.72,34.9
2/7/2026 17:00,delwebb_to_marketpl,SB,0.12,0.77,32.5
2/7/2026 18:00,delwebb_to_marketpl,SB,0.04,0.68,36.6
2/7/2026 19:00,delwebb_to_marketpl,SB,0.04,0.66,37.9
2/7/2026 20:00,delwebb_to_marketpl,SB,0.09,0.73,34.3
2/7/2026 21:00,delwebb_to_marketpl,SB,0.02,0.6,41.4
2/7/2026 22:00,delwebb_to_marketpl,SB,0.02,0.64,39.5
2/7/2026 23:00,delwebb_to_marketpl,SB,0,0.57,43.6
2/8/2026 0:00,delwebb_to_marketpl,SB,0,0.58,43.1
2/8/2026 1:00,delwebb_to_marketpl,SB,0,0.57,43.5
2/8/2026 2:00,delwebb_to_marketpl,SB,0,0.57,43.8
2/8/2026 3:00,delwebb_to_marketpl,SB,0,0.56,44
2/8/2026 4:00,delwebb_to_marketpl,SB,0.01,0.59,42.2
2/8/2026 5:00,delwebb_to_marketpl,SB,0,0.58,43
2/8/2026 6:00,delwebb_to_marketpl,SB,0.03,0.65,38.4
2/8/2026 7:00,delwebb_to_marketpl,SB,0.02,0.64,39.1
2/8/2026 8:00,delwebb_to_marketpl,SB,0.03,0.65,38.6
2/8/2026 9:00,delwebb_to_marketpl,SB,0.07,0.68,37.2
2/8/2026 10:00,delwebb_to_marketpl,SB,0.05,0.66,37.5
2/8/2026 11:00,delwebb_to_marketpl,SB,0.1,0.69,35.9
2/8/2026 12:00,delwebb_to_marketpl,SB,0.07,0.67,37.5
2/8/2026 13:00,delwebb_to_marketpl,SB,0.09,0.71,35.3
2/8/2026 14:00,delwebb_to_marketpl,SB,0.11,0.72,35.1
2/8/2026 15:00,delwebb_to_marketpl,SB,0.13,0.73,34.5
2/8/2026 16:00,delwebb_to_marketpl,SB,0.03,0.63,39.8
2/8/2026 17:00,delwebb_to_marketpl,SB,0.04,0.67,37.8
2/8/2026 18:00,delwebb_to_marketpl,SB,0.03,0.63,39.8
2/8/2026 19:00,delwebb_to_marketpl,SB,0.04,0.67,37.8
2/8/2026 20:00,delwebb_to_marketpl,SB,0.01,0.61,40.6
2/8/2026 21:00,delwebb_to_marketpl,SB,0.04,0.66,38.4
2/8/2026 22:00,delwebb_to_marketpl,SB,0,0.56,44
2/8/2026 23:00,delwebb_to_marketpl,SB,0,0.59,42.1
2/9/2026 0:00,delwebb_to_marketpl,SB,0.01,0.58,42.8
2/9/2026 1:00,delwebb_to_marketpl,SB,0,0.56,44
2/9/2026 2:00,delwebb_to_marketpl,SB,0,0.56,44
2/9/2026 3:00,delwebb_to_marketpl,SB,0.01,0.63,40
2/9/2026 4:00,delwebb_to_marketpl,SB,0,0.59,42.3
2/9/2026 5:00,delwebb_to_marketpl,SB,0,0.6,41.9
2/9/2026 6:00,delwebb_to_marketpl,SB,0.01,0.59,42.3
2/9/2026 7:00,delwebb_to_marketpl,SB,0.03,0.64,39.1
2/9/2026 8:00,delwebb_to_marketpl,SB,0.04,0.66,38.2
2/9/2026 9:00,delwebb_to_marketpl,SB,0.05,0.67,37.5
2/9/2026 10:00,delwebb_to_marketpl,SB,0.13,0.77,32.5
2/9/2026 11:00,delwebb_to_marketpl,SB,0.16,0.81,30.7
2/9/2026 12:00,delwebb_to_marketpl,SB,0.12,0.74,33.8
2/9/2026 13:00,delwebb_to_marketpl,SB,0.13,0.77,32.6
2/9/2026 14:00,delwebb_to_marketpl,SB,0.17,0.82,30.5
2/9/2026 15:00,delwebb_to_marketpl,SB,0.14,0.79,31.8
2/9/2026 16:00,delwebb_to_marketpl,SB,0.13,0.78,32.1
2/9/2026 17:00,delwebb_to_marketpl,SB,0.09,0.71,35.2
2/9/2026 18:00,delwebb_to_marketpl,SB,0.05,0.66,37.7
2/9/2026 19:00,delwebb_to_marketpl,SB,0.03,0.63,39.9
2/9/2026 20:00,delwebb_to_marketpl,SB,0.04,0.65,38.6
2/9/2026 21:00,delwebb_to_marketpl,SB,0,0.58,42.7
2/9/2026 22:00,delwebb_to_marketpl,SB,0,0.56,44.5
2/9/2026 23:00,delwebb_to_marketpl,SB,0,0.56,44
2/10/2026 0:00,delwebb_to_marketpl,SB,0,0.57,43.5
2/10/2026 1:00,delwebb_to_marketpl,SB,0,0.56,44
2/10/2026 2:00,delwebb_to_marketpl,SB,0,0.56,44
2/10/2026 3:00,delwebb_to_marketpl,SB,0,0.57,43.9
2/10/2026 4:00,delwebb_to_marketpl,SB,0,0.58,43.2
2/10/2026 5:00,delwebb_to_marketpl,SB,0.01,0.61,41.1
2/10/2026 6:00,delwebb_to_marketpl,SB,0.01,0.58,43.2
2/10/2026 7:00,delwebb_to_marketpl,SB,0,0.56,44
2/10/2026 8:00,delwebb_to_marketpl,SB,0,0.56,44
2/10/2026 9:00,delwebb_to_marketpl,SB,0,0.56,44
2/10/2026 10:00,delwebb_to_marketpl,SB,0,0.56,44
2/10/2026 11:00,delwebb_to_marketpl,SB,0.12,0.74,35.5
2/10/2026 12:00,delwebb_to_marketpl,SB,0.17,0.81,30.9
2/10/2026 13:00,delwebb_to_marketpl,SB,0.13,0.75,33.2
2/10/2026 14:00,delwebb_to_marketpl,SB,0.08,0.72,34.7
2/10/2026 15:00,delwebb_to_marketpl,SB,0.14,0.76,33.1
2/10/2026 16:00,delwebb_to_marketpl,SB,0.09,0.71,35.4
2/10/2026 17:00,delwebb_to_marketpl,SB,0.12,0.74,33.6
2/10/2026 18:00,delwebb_to_marketpl,SB,0.11,0.75,33.4
2/10/2026 19:00,delwebb_to_marketpl,SB,0.06,0.71,35.2
2/10/2026 20:00,delwebb_to_marketpl,SB,0.06,0.7,35.4
2/10/2026 21:00,delwebb_to_marketpl,SB,0.01,0.61,40.7
2/10/2026 22:00,delwebb_to_marketpl,SB,0,0.57,43.7
2/10/2026 23:00,delwebb_to_marketpl,SB,0,0.56,44.2
2/11/2026 0:00,delwebb_to_marketpl,SB,0,0.56,44.1
2/11/2026 1:00,delwebb_to_marketpl,SB,0,0.56,44
2/11/2026 2:00,delwebb_to_marketpl,SB,0,0.56,44
2/11/2026 3:00,delwebb_to_marketpl,SB,0,0.57,43.3
2/11/2026 4:00,delwebb_to_marketpl,SB,0,0.58,42.7
2/11/2026 5:00,delwebb_to_marketpl,SB,0.01,0.59,42.4
2/11/2026 6:00,delwebb_to_marketpl,SB,0.02,0.62,40.5
2/11/2026 7:00,delwebb_to_marketpl,SB,0.07,0.69,36.2
2/11/2026 8:00,delwebb_to_marketpl,SB,0.06,0.69,36.5
2/11/2026 9:00,delwebb_to_marketpl,SB,0.1,0.74,33.9
2/11/2026 10:00,delwebb_to_marketpl,SB,0.12,0.76,32.9
2/11/2026 11:00,delwebb_to_marketpl,SB,0.15,0.8,31.5
2/11/2026 12:00,delwebb_to_marketpl,SB,0.12,0.77,32.7
2/11/2026 13:00,delwebb_to_marketpl,SB,0.14,0.79,31.7
2/11/2026 14:00,delwebb_to_marketpl,SB,0.17,0.81,30.8
2/11/2026 15:00,delwebb_to_marketpl,SB,0.09,0.73,34.4
2/11/2026 16:00,delwebb_to_marketpl,SB,0.13,0.76,32.7
2/11/2026 17:00,delwebb_to_marketpl,SB,0.11,0.74,34.1
2/11/2026 18:00,delwebb_to_marketpl,SB,0.12,0.73,34.1
2/11/2026 19:00,delwebb_to_marketpl,SB,0.04,0.64,39.1
2/11/2026 20:00,delwebb_to_marketpl,SB,0.03,0.63,40
2/11/2026 21:00,delwebb_to_marketpl,SB,0,0.6,41.3
2/11/2026 22:00,delwebb_to_marketpl,SB,0.02,0.59,42.6
2/11/2026 23:00,delwebb_to_marketpl,SB,0.03,0.63,39.7
2/12/2026 0:00,delwebb_to_marketpl,SB,0.01,0.61,41.2
2/12/2026 1:00,delwebb_to_marketpl,SB,0,0.56,44
2/12/2026 2:00,delwebb_to_marketpl,SB,0,0.58,43.2
2/12/2026 3:00,delwebb_to_marketpl,SB,0,0.56,44
2/12/2026 4:00,delwebb_to_marketpl,SB,0,0.56,44
2/12/2026 5:00,delwebb_to_marketpl,SB,0,0.57,43.6
2/12/2026 6:00,delwebb_to_marketpl,SB,0.01,0.58,43.5
2/12/2026 7:00,delwebb_to_marketpl,SB,0.03,0.63,39.3
2/12/2026 8:00,delwebb_to_marketpl,SB,0.06,0.69,36.3
2/12/2026 9:00,delwebb_to_marketpl,SB,0.09,0.72,34.7
2/12/2026 10:00,delwebb_to_marketpl,SB,0.15,0.8,31.3
2/12/2026 11:00,delwebb_to_marketpl,SB,0.14,0.78,32.2
2/12/2026 12:00,delwebb_to_marketpl,SB,0.2,0.86,29.1
2/12/2026 13:00,delwebb_to_marketpl,SB,0.15,0.79,31.6
2/12/2026 14:00,delwebb_to_marketpl,SB,0.09,0.72,35
2/12/2026 15:00,delwebb_to_marketpl,SB,0.11,0.74,33.9
2/12/2026 16:00,delwebb_to_marketpl,SB,0.16,0.78,31.9
2/12/2026 17:00,delwebb_to_marketpl,SB,0.14,0.75,33.4
2/12/2026 18:00,delwebb_to_marketpl,SB,0.09,0.7,35.7
2/12/2026 19:00,delwebb_to_marketpl,SB,0.06,0.66,37.9
2/12/2026 20:00,delwebb_to_marketpl,SB,0.05,0.67,37.7
2/12/2026 21:00,delwebb_to_marketpl,SB,0.01,0.6,41.6
2/12/2026 22:00,delwebb_to_marketpl,SB,0.02,0.61,41.4
2/12/2026 23:00,delwebb_to_marketpl,SB,0,0.58,43.2
2/13/2026 0:00,delwebb_to_marketpl,SB,0,0.58,43.1
2/13/2026 1:00,delwebb_to_marketpl,SB,0,0.58,42.7
2/13/2026 2:00,delwebb_to_marketpl,SB,0,0.58,42.8
2/13/2026 3:00,delwebb_to_marketpl,SB,0,0.58,43.2
2/13/2026 4:00,delwebb_to_marketpl,SB,0,0.59,42.5
2/13/2026 5:00,delwebb_to_marketpl,SB,0,0.58,42.7
2/13/2026 6:00,delwebb_to_marketpl,SB,0.01,0.59,42.2
2/13/2026 7:00,delwebb_to_marketpl,SB,0.06,0.63,39.9
2/13/2026 8:00,delwebb_to_marketpl,SB,0.08,0.71,35.4
2/13/2026 9:00,delwebb_to_marketpl,SB,0.09,0.73,34.1
2/13/2026 10:00,delwebb_to_marketpl,SB,0.11,0.76,33.2
2/13/2026 11:00,delwebb_to_marketpl,SB,0.21,0.86,29.1
2/13/2026 12:00,delwebb_to_marketpl,SB,0.16,0.78,32
2/13/2026 13:00,delwebb_to_marketpl,SB,0.16,0.81,31.2
2/13/2026 14:00,delwebb_to_marketpl,SB,0.31,0.96,27.5
2/13/2026 15:00,delwebb_to_marketpl,SB,0.3,0.93,27.8
2/13/2026 16:00,delwebb_to_marketpl,SB,0.19,0.82,30.7
2/13/2026 17:00,delwebb_to_marketpl,SB,0.13,0.77,32.6
2/13/2026 18:00,delwebb_to_marketpl,SB,0.09,0.73,34.1
2/13/2026 19:00,delwebb_to_marketpl,SB,0.1,0.72,35
2/13/2026 20:00,delwebb_to_marketpl,SB,0.04,0.63,40
2/13/2026 21:00,delwebb_to_marketpl,SB,0.04,0.62,40.4
2/13/2026 22:00,delwebb_to_marketpl,SB,0.01,0.58,42.7
2/13/2026 23:00,delwebb_to_marketpl,SB,0.01,0.61,41.1
2/14/2026 0:00,delwebb_to_marketpl,SB,0,0.59,42
2/14/2026 1:00,delwebb_to_marketpl,SB,0.01,0.59,42.4
2/14/2026 2:00,delwebb_to_marketpl,SB,0,0.56,44.4
2/14/2026 3:00,delwebb_to_marketpl,SB,0,0.56,44.1
2/14/2026 4:00,delwebb_to_marketpl,SB,0,0.57,43.4
2/14/2026 5:00,delwebb_to_marketpl,SB,0,0.57,43.9
2/14/2026 6:00,delwebb_to_marketpl,SB,0.02,0.62,40.2
2/14/2026 7:00,delwebb_to_marketpl,SB,0.05,0.65,38.6
2/14/2026 8:00,delwebb_to_marketpl,SB,0.04,0.64,39.3
2/14/2026 9:00,delwebb_to_marketpl,SB,0.05,0.66,37.5
2/14/2026 10:00,delwebb_to_marketpl,SB,0.08,0.72,34.7
2/14/2026 11:00,delwebb_to_marketpl,SB,0.04,0.66,37.7
2/14/2026 12:00,delwebb_to_marketpl,SB,0.14,0.77,32.5
2/14/2026 13:00,delwebb_to_marketpl,SB,0.1,0.73,34.8
2/14/2026 14:00,delwebb_to_marketpl,SB,0.12,0.74,34.2
2/14/2026 15:00,delwebb_to_marketpl,SB,0.13,0.78,32.1
2/14/2026 16:00,delwebb_to_marketpl,SB,0.09,0.73,34.5
2/14/2026 17:00,delwebb_to_marketpl,SB,0.07,0.68,36.7
2/14/2026 18:00,delwebb_to_marketpl,SB,0.08,0.71,35.4
2/14/2026 19:00,delwebb_to_marketpl,SB,0.08,0.7,35.8
2/14/2026 20:00,delwebb_to_marketpl,SB,0.07,0.69,36.1
2/14/2026 21:00,delwebb_to_marketpl,SB,0.02,0.6,41.9
2/14/2026 22:00,delwebb_to_marketpl,SB,0,0.59,42.4
2/14/2026 23:00,delwebb_to_marketpl,SB,0.01,0.6,41.8
2/15/2026 0:00,delwebb_to_marketpl,SB,0.02,0.61,41
2/15/2026 1:00,delwebb_to_marketpl,SB,0,0.57,43.4
2/15/2026 2:00,delwebb_to_marketpl,SB,0,0.56,44.1
2/15/2026 3:00,delwebb_to_marketpl,SB,0.01,0.59,42.2
2/15/2026 4:00,delwebb_to_marketpl,SB,0,0.57,43.3
2/15/2026 5:00,delwebb_to_marketpl,SB,0,0.57,43.4
2/15/2026 6:00,delwebb_to_marketpl,SB,0,0.58,42.8
2/15/2026 7:00,delwebb_to_marketpl,SB,0.02,0.62,40.8
2/15/2026 8:00,delwebb_to_marketpl,SB,0.04,0.67,37.5
2/15/2026 9:00,delwebb_to_marketpl,SB,0.07,0.71,35.6
2/15/2026 10:00,delwebb_to_marketpl,SB,0.07,0.69,36.6
2/15/2026 11:00,delwebb_to_marketpl,SB,0.11,0.75,34
2/15/2026 12:00,delwebb_to_marketpl,SB,0.06,0.7,35.9
2/15/2026 13:00,delwebb_to_marketpl,SB,0.12,0.73,34.5
2/15/2026 14:00,delwebb_to_marketpl,SB,0.11,0.74,34
2/15/2026 15:00,delwebb_to_marketpl,SB,0.14,0.78,32
2/15/2026 16:00,delwebb_to_marketpl,SB,0.06,0.69,36.5
2/15/2026 17:00,delwebb_to_marketpl,SB,0.09,0.71,35.5
2/15/2026 18:00,delwebb_to_marketpl,SB,0.13,0.74,33.8
2/15/2026 19:00,delwebb_to_marketpl,SB,0.02,0.6,41.5
2/15/2026 20:00,delwebb_to_marketpl,SB,0.02,0.64,39
2/15/2026 21:00,delwebb_to_marketpl,SB,0.01,0.6,41.6
2/15/2026 22:00,delwebb_to_marketpl,SB,0,0.59,42.3
2/15/2026 23:00,delwebb_to_marketpl,SB,0.03,0.63,39.6
2/16/2026 0:00,delwebb_to_marketpl,SB,0,0.57,43.4
2/16/2026 1:00,delwebb_to_marketpl,SB,0,0.56,44
2/16/2026 2:00,delwebb_to_marketpl,SB,0.01,0.6,41.5
2/16/2026 3:00,delwebb_to_marketpl,SB,0,0.56,44.1
2/16/2026 4:00,delwebb_to_marketpl,SB,0.02,0.6,41.9
2/16/2026 5:00,delwebb_to_marketpl,SB,0.01,0.59,42.2
2/16/2026 6:00,delwebb_to_marketpl,SB,0,0.59,42.2
2/16/2026 7:00,delwebb_to_marketpl,SB,0.03,0.65,38.2
2/16/2026 8:00,delwebb_to_marketpl,SB,0.05,0.66,37.8
2/16/2026 9:00,delwebb_to_marketpl,SB,0.06,0.69,36.2
2/16/2026 10:00,delwebb_to_marketpl,SB,0.08,0.72,34.7
2/16/2026 11:00,delwebb_to_marketpl,SB,0.16,0.79,31.7
2/16/2026 12:00,delwebb_to_marketpl,SB,0.12,0.77,32.7
2/16/2026 13:00,delwebb_to_marketpl,SB,0.09,0.7,36
2/16/2026 14:00,delwebb_to_marketpl,SB,0.16,0.79,31.6
2/16/2026 15:00,delwebb_to_marketpl,SB,0.12,0.76,33.1
2/16/2026 16:00,delwebb_to_marketpl,SB,0.1,0.74,34.1
2/16/2026 17:00,delwebb_to_marketpl,SB,0.07,0.7,36
2/16/2026 18:00,delwebb_to_marketpl,SB,0.08,0.71,35.5
2/16/2026 19:00,delwebb_to_marketpl,SB,0.08,0.7,36.1
2/16/2026 20:00,delwebb_to_marketpl,SB,0.02,0.62,40.6
2/16/2026 21:00,delwebb_to_marketpl,SB,0.01,0.59,42.5
2/16/2026 22:00,delwebb_to_marketpl,SB,0,0.57,44
2/16/2026 23:00,delwebb_to_marketpl,SB,0,0.57,43.6
2/17/2026 0:00,delwebb_to_marketpl,SB,0,0.58,43.2
2/17/2026 1:00,delwebb_to_marketpl,SB,0.02,0.61,41.1
2/17/2026 2:00,delwebb_to_marketpl,SB,0,0.58,43.1
2/17/2026 3:00,delwebb_to_marketpl,SB,0,0.56,44
2/17/2026 4:00,delwebb_to_marketpl,SB,0,0.56,44.4
2/17/2026 5:00,delwebb_to_marketpl,SB,0.01,0.59,42.4
2/17/2026 6:00,delwebb_to_marketpl,SB,0.01,0.6,41.9
2/17/2026 7:00,delwebb_to_marketpl,SB,0.04,0.62,39.9
2/17/2026 8:00,delwebb_to_marketpl,SB,0.06,0.67,37.3
2/17/2026 9:00,delwebb_to_marketpl,SB,0.12,0.76,32.9
2/17/2026 10:00,delwebb_to_marketpl,SB,0.1,0.75,33.2
2/17/2026 11:00,delwebb_to_marketpl,SB,0.11,0.76,32.6
2/17/2026 12:00,delwebb_to_marketpl,SB,0.13,0.78,32.1
2/17/2026 13:00,delwebb_to_marketpl,SB,0.14,0.78,32
2/17/2026 14:00,delwebb_to_marketpl,SB,0.12,0.75,33.4
2/17/2026 15:00,delwebb_to_marketpl,SB,0.16,0.8,31.3
2/17/2026 16:00,delwebb_to_marketpl,SB,0.15,0.76,33.1
2/17/2026 17:00,delwebb_to_marketpl,SB,0.11,0.74,34.2
2/17/2026 18:00,delwebb_to_marketpl,SB,0.09,0.71,35.4
2/17/2026 19:00,delwebb_to_marketpl,SB,0.01,0.64,39.2
2/17/2026 20:00,delwebb_to_marketpl,SB,0.01,0.62,40.2
2/17/2026 21:00,delwebb_to_marketpl,SB,0.01,0.6,41.8
2/17/2026 22:00,delwebb_to_marketpl,SB,0,0.59,42.2
2/17/2026 23:00,delwebb_to_marketpl,SB,0.01,0.6,41.9
2/18/2026 0:00,delwebb_to_marketpl,SB,0,0.57,43.7
2/18/2026 1:00,delwebb_to_marketpl,SB,0.01,0.59,42.6
2/18/2026 2:00,delwebb_to_marketpl,SB,0,0.56,44
2/18/2026 3:00,delwebb_to_marketpl,SB,0.01,0.58,43.1
2/18/2026 4:00,delwebb_to_marketpl,SB,0.01,0.6,41.8
2/18/2026 5:00,delwebb_to_marketpl,SB,0,0.56,44.2
2/18/2026 6:00,delwebb_to_marketpl,SB,0,0.57,43.7
2/18/2026 7:00,delwebb_to_marketpl,SB,0.04,0.61,41.1
2/18/2026 8:00,delwebb_to_marketpl,SB,0.05,0.67,37.1
2/18/2026 9:00,delwebb_to_marketpl,SB,0.06,0.68,36.6
2/18/2026 10:00,delwebb_to_marketpl,SB,0.11,0.74,34.2
2/18/2026 11:00,delwebb_to_marketpl,SB,0.13,0.79,31.7
2/18/2026 12:00,delwebb_to_marketpl,SB,0.14,0.78,32.1
2/18/2026 13:00,delwebb_to_marketpl,SB,0.16,0.8,31.5
2/18/2026 14:00,delwebb_to_marketpl,SB,0.18,0.82,30.7
2/18/2026 15:00,delwebb_to_marketpl,SB,0.15,0.8,31.1
2/18/2026 16:00,delwebb_to_marketpl,SB,0.09,0.71,35.4
2/18/2026 17:00,delwebb_to_marketpl,SB,0.08,0.7,35.5
2/18/2026 18:00,delwebb_to_marketpl,SB,0.03,0.65,38.3
2/18/2026 19:00,delwebb_to_marketpl,SB,0.05,0.67,37.1
2/18/2026 20:00,delwebb_to_marketpl,SB,0.04,0.66,38
2/18/2026 21:00,delwebb_to_marketpl,SB,0.02,0.62,40.6
2/18/2026 22:00,delwebb_to_marketpl,SB,0,0.58,42.8
2/18/2026 23:00,delwebb_to_marketpl,SB,0,0.56,44.5
