local_datetime,segment_id,weekday,measure,value
9/9/2025 0:00,Jefferson Street and Fred Waring,3-TUESDAY,total_counts,0
9/9/2025 0:00,Jefferson Street and Fred Waring,3-TUESDAY,trucks_counts,0
9/9/2025 0:00,Jefferson Street and Fred Waring,3-TUESDAY,cars_counts,0
9/9/2025 0:00,Jefferson Street and Fred Waring,3-TUESDAY,buses_counts,0
9/9/2025 0:00,Jefferson Street and Fred Waring,3-TUESDAY,motorcycles_counts,0
9/9/2025 0:00,Jefferson Street and Fred Waring,3-TUESDAY,persons_counts,0
9/9/2025 0:00,Jefferson Street and Fred Waring,3-TUESDAY,bikes_counts,0
9/9/2025 0:00,Jefferson Street and Fred Waring,3-TUESDAY,bicycles_counts,0
9/9/2025 0:00,Jefferson Street and Fred Waring,3-TUESDAY,average_speed_mph,0
9/9/2025 0:00,Jefferson Street and Fred Waring,3-TUESDAY,trucks_speed_in_mph,0
9/9/2025 0:00,Jefferson Street and Fred Waring,3-TUESDAY,cars_speed_in_mph,0
9/9/2025 0:00,Jefferson Street and Fred Waring,3-TUESDAY,buses_speed_in_mph,0
9/9/2025 0:00,Jefferson Street and Fred Waring,3-TUESDAY,motorcycles_speed_in_mph,0
9/9/2025 0:00,Jefferson Street and Fred Waring,3-TUESDAY,persons_speed_in_mph,0
9/9/2025 0:00,Jefferson Street and Fred Waring,3-TUESDAY,bikes_speed_in_mph,0
9/9/2025 0:00,Jefferson Street and Fred Waring,3-TUESDAY,bicycles_speed_in_mph,0
9/9/2025 0:00,Jefferson Street and Fred Waring,3-TUESDAY,total_stopped_objects,0
9/9/2025 0:00,Jefferson Street and Fred Waring,3-TUESDAY,trucks_stopped,0
9/9/2025 0:00,Jefferson Street and Fred Waring,3-TUESDAY,cars_stopped,0
9/9/2025 0:00,Jefferson Street and Fred Waring,3-TUESDAY,buses_stopped,0
9/9/2025 0:00,Jefferson Street and Fred Waring,3-TUESDAY,motorcycles_stopped,0
9/9/2025 0:00,Jefferson Street and Fred Waring,3-TUESDAY,persons_stopped,0
9/9/2025 0:00,Jefferson Street and Fred Waring,3-TUESDAY,bikes_stopped,0
9/9/2025 0:00,Jefferson Street and Fred Waring,3-TUESDAY,bicycles_stopped,0
9/9/2025 1:00,Jefferson Street and Fred Waring,3-TUESDAY,total_counts,0
9/9/2025 1:00,Jefferson Street and Fred Waring,3-TUESDAY,trucks_counts,0
9/9/2025 1:00,Jefferson Street and Fred Waring,3-TUESDAY,cars_counts,0
9/9/2025 1:00,Jefferson Street and Fred Waring,3-TUESDAY,buses_counts,0
9/9/2025 1:00,Jefferson Street and Fred Waring,3-TUESDAY,motorcycles_counts,0
9/9/2025 1:00,Jefferson Street and Fred Waring,3-TUESDAY,persons_counts,0
9/9/2025 1:00,Jefferson Street and Fred Waring,3-TUESDAY,bikes_counts,0
9/9/2025 1:00,Jefferson Street and Fred Waring,3-TUESDAY,bicycles_counts,0
9/9/2025 1:00,Jefferson Street and Fred Waring,3-TUESDAY,average_speed_mph,0
9/9/2025 1:00,Jefferson Street and Fred Waring,3-TUESDAY,trucks_speed_in_mph,0
9/9/2025 1:00,Jefferson Street and Fred Waring,3-TUESDAY,cars_speed_in_mph,0
9/9/2025 1:00,Jefferson Street and Fred Waring,3-TUESDAY,buses_speed_in_mph,0
9/9/2025 1:00,Jefferson Street and Fred Waring,3-TUESDAY,motorcycles_speed_in_mph,0
9/9/2025 1:00,Jefferson Street and Fred Waring,3-TUESDAY,persons_speed_in_mph,0
9/9/2025 1:00,Jefferson Street and Fred Waring,3-TUESDAY,bikes_speed_in_mph,0
9/9/2025 1:00,Jefferson Street and Fred Waring,3-TUESDAY,bicycles_speed_in_mph,0
9/9/2025 1:00,Jefferson Street and Fred Waring,3-TUESDAY,total_stopped_objects,0
9/9/2025 1:00,Jefferson Street and Fred Waring,3-TUESDAY,trucks_stopped,0
9/9/2025 1:00,Jefferson Street and Fred Waring,3-TUESDAY,cars_stopped,0
9/9/2025 1:00,Jefferson Street and Fred Waring,3-TUESDAY,buses_stopped,0
9/9/2025 1:00,Jefferson Street and Fred Waring,3-TUESDAY,motorcycles_stopped,0
9/9/2025 1:00,Jefferson Street and Fred Waring,3-TUESDAY,persons_stopped,0
9/9/2025 1:00,Jefferson Street and Fred Waring,3-TUESDAY,bikes_stopped,0
9/9/2025 1:00,Jefferson Street and Fred Waring,3-TUESDAY,bicycles_stopped,0
9/9/2025 2:00,Jefferson Street and Fred Waring,3-TUESDAY,total_counts,0
9/9/2025 2:00,Jefferson Street and Fred Waring,3-TUESDAY,trucks_counts,0
9/9/2025 2:00,Jefferson Street and Fred Waring,3-TUESDAY,cars_counts,0
9/9/2025 2:00,Jefferson Street and Fred Waring,3-TUESDAY,buses_counts,0
9/9/2025 2:00,Jefferson Street and Fred Waring,3-TUESDAY,motorcycles_counts,0
9/9/2025 2:00,Jefferson Street and Fred Waring,3-TUESDAY,persons_counts,0
9/9/2025 2:00,Jefferson Street and Fred Waring,3-TUESDAY,bikes_counts,0
9/9/2025 2:00,Jefferson Street and Fred Waring,3-TUESDAY,bicycles_counts,0
9/9/2025 2:00,Jefferson Street and Fred Waring,3-TUESDAY,average_speed_mph,0
9/9/2025 2:00,Jefferson Street and Fred Waring,3-TUESDAY,trucks_speed_in_mph,0
9/9/2025 2:00,Jefferson Street and Fred Waring,3-TUESDAY,cars_speed_in_mph,0
9/9/2025 2:00,Jefferson Street and Fred Waring,3-TUESDAY,buses_speed_in_mph,0
9/9/2025 2:00,Jefferson Street and Fred Waring,3-TUESDAY,motorcycles_speed_in_mph,0
9/9/2025 2:00,Jefferson Street and Fred Waring,3-TUESDAY,persons_speed_in_mph,0
9/9/2025 2:00,Jefferson Street and Fred Waring,3-TUESDAY,bikes_speed_in_mph,0
9/9/2025 2:00,Jefferson Street and Fred Waring,3-TUESDAY,bicycles_speed_in_mph,0
9/9/2025 2:00,Jefferson Street and Fred Waring,3-TUESDAY,total_stopped_objects,0
9/9/2025 2:00,Jefferson Street and Fred Waring,3-TUESDAY,trucks_stopped,0
9/9/2025 2:00,Jefferson Street and Fred Waring,3-TUESDAY,cars_stopped,0
9/9/2025 2:00,Jefferson Street and Fred Waring,3-TUESDAY,buses_stopped,0
9/9/2025 2:00,Jefferson Street and Fred Waring,3-TUESDAY,motorcycles_stopped,0
9/9/2025 2:00,Jefferson Street and Fred Waring,3-TUESDAY,persons_stopped,0
9/9/2025 2:00,Jefferson Street and Fred Waring,3-TUESDAY,bikes_stopped,0
9/9/2025 2:00,Jefferson Street and Fred Waring,3-TUESDAY,bicycles_stopped,0
9/9/2025 3:00,Jefferson Street and Fred Waring,3-TUESDAY,total_counts,0
9/9/2025 3:00,Jefferson Street and Fred Waring,3-TUESDAY,trucks_counts,0
9/9/2025 3:00,Jefferson Street and Fred Waring,3-TUESDAY,cars_counts,0
9/9/2025 3:00,Jefferson Street and Fred Waring,3-TUESDAY,buses_counts,0
9/9/2025 3:00,Jefferson Street and Fred Waring,3-TUESDAY,motorcycles_counts,0
9/9/2025 3:00,Jefferson Street and Fred Waring,3-TUESDAY,persons_counts,0
9/9/2025 3:00,Jefferson Street and Fred Waring,3-TUESDAY,bikes_counts,0
9/9/2025 3:00,Jefferson Street and Fred Waring,3-TUESDAY,bicycles_counts,0
9/9/2025 3:00,Jefferson Street and Fred Waring,3-TUESDAY,average_speed_mph,0
9/9/2025 3:00,Jefferson Street and Fred Waring,3-TUESDAY,trucks_speed_in_mph,0
9/9/2025 3:00,Jefferson Street and Fred Waring,3-TUESDAY,cars_speed_in_mph,0
9/9/2025 3:00,Jefferson Street and Fred Waring,3-TUESDAY,buses_speed_in_mph,0
9/9/2025 3:00,Jefferson Street and Fred Waring,3-TUESDAY,motorcycles_speed_in_mph,0
9/9/2025 3:00,Jefferson Street and Fred Waring,3-TUESDAY,persons_speed_in_mph,0
9/9/2025 3:00,Jefferson Street and Fred Waring,3-TUESDAY,bikes_speed_in_mph,0
9/9/2025 3:00,Jefferson Street and Fred Waring,3-TUESDAY,bicycles_speed_in_mph,0
9/9/2025 3:00,Jefferson Street and Fred Waring,3-TUESDAY,total_stopped_objects,0
9/9/2025 3:00,Jefferson Street and Fred Waring,3-TUESDAY,trucks_stopped,0
9/9/2025 3:00,Jefferson Street and Fred Waring,3-TUESDAY,cars_stopped,0
9/9/2025 3:00,Jefferson Street and Fred Waring,3-TUESDAY,buses_stopped,0
9/9/2025 3:00,Jefferson Street and Fred Waring,3-TUESDAY,motorcycles_stopped,0
9/9/2025 3:00,Jefferson Street and Fred Waring,3-TUESDAY,persons_stopped,0
9/9/2025 3:00,Jefferson Street and Fred Waring,3-TUESDAY,bikes_stopped,0
9/9/2025 3:00,Jefferson Street and Fred Waring,3-TUESDAY,bicycles_stopped,0
9/9/2025 4:00,Jefferson Street and Fred Waring,3-TUESDAY,total_counts,0
9/9/2025 4:00,Jefferson Street and Fred Waring,3-TUESDAY,trucks_counts,0
9/9/2025 4:00,Jefferson Street and Fred Waring,3-TUESDAY,cars_counts,0
9/9/2025 4:00,Jefferson Street and Fred Waring,3-TUESDAY,buses_counts,0
9/9/2025 4:00,Jefferson Street and Fred Waring,3-TUESDAY,motorcycles_counts,0
9/9/2025 4:00,Jefferson Street and Fred Waring,3-TUESDAY,persons_counts,0
9/9/2025 4:00,Jefferson Street and Fred Waring,3-TUESDAY,bikes_counts,0
9/9/2025 4:00,Jefferson Street and Fred Waring,3-TUESDAY,bicycles_counts,0
9/9/2025 4:00,Jefferson Street and Fred Waring,3-TUESDAY,average_speed_mph,0
9/9/2025 4:00,Jefferson Street and Fred Waring,3-TUESDAY,trucks_speed_in_mph,0
9/9/2025 4:00,Jefferson Street and Fred Waring,3-TUESDAY,cars_speed_in_mph,0
9/9/2025 4:00,Jefferson Street and Fred Waring,3-TUESDAY,buses_speed_in_mph,0
9/9/2025 4:00,Jefferson Street and Fred Waring,3-TUESDAY,motorcycles_speed_in_mph,0
9/9/2025 4:00,Jefferson Street and Fred Waring,3-TUESDAY,persons_speed_in_mph,0
9/9/2025 4:00,Jefferson Street and Fred Waring,3-TUESDAY,bikes_speed_in_mph,0
9/9/2025 4:00,Jefferson Street and Fred Waring,3-TUESDAY,bicycles_speed_in_mph,0
9/9/2025 4:00,Jefferson Street and Fred Waring,3-TUESDAY,total_stopped_objects,0
9/9/2025 4:00,Jefferson Street and Fred Waring,3-TUESDAY,trucks_stopped,0
9/9/2025 4:00,Jefferson Street and Fred Waring,3-TUESDAY,cars_stopped,0
9/9/2025 4:00,Jefferson Street and Fred Waring,3-TUESDAY,buses_stopped,0
9/9/2025 4:00,Jefferson Street and Fred Waring,3-TUESDAY,motorcycles_stopped,0
9/9/2025 4:00,Jefferson Street and Fred Waring,3-TUESDAY,persons_stopped,0
9/9/2025 4:00,Jefferson Street and Fred Waring,3-TUESDAY,bikes_stopped,0
9/9/2025 4:00,Jefferson Street and Fred Waring,3-TUESDAY,bicycles_stopped,0
9/9/2025 5:00,Jefferson Street and Fred Waring,3-TUESDAY,total_counts,0
9/9/2025 5:00,Jefferson Street and Fred Waring,3-TUESDAY,trucks_counts,0
9/9/2025 5:00,Jefferson Street and Fred Waring,3-TUESDAY,cars_counts,0
9/9/2025 5:00,Jefferson Street and Fred Waring,3-TUESDAY,buses_counts,0
9/9/2025 5:00,Jefferson Street and Fred Waring,3-TUESDAY,motorcycles_counts,0
9/9/2025 5:00,Jefferson Street and Fred Waring,3-TUESDAY,persons_counts,0
9/9/2025 5:00,Jefferson Street and Fred Waring,3-TUESDAY,bikes_counts,0
9/9/2025 5:00,Jefferson Street and Fred Waring,3-TUESDAY,bicycles_counts,0
9/9/2025 5:00,Jefferson Street and Fred Waring,3-TUESDAY,average_speed_mph,0
9/9/2025 5:00,Jefferson Street and Fred Waring,3-TUESDAY,trucks_speed_in_mph,0
9/9/2025 5:00,Jefferson Street and Fred Waring,3-TUESDAY,cars_speed_in_mph,0
9/9/2025 5:00,Jefferson Street and Fred Waring,3-TUESDAY,buses_speed_in_mph,0
9/9/2025 5:00,Jefferson Street and Fred Waring,3-TUESDAY,motorcycles_speed_in_mph,0
9/9/2025 5:00,Jefferson Street and Fred Waring,3-TUESDAY,persons_speed_in_mph,0
9/9/2025 5:00,Jefferson Street and Fred Waring,3-TUESDAY,bikes_speed_in_mph,0
9/9/2025 5:00,Jefferson Street and Fred Waring,3-TUESDAY,bicycles_speed_in_mph,0
9/9/2025 5:00,Jefferson Street and Fred Waring,3-TUESDAY,total_stopped_objects,0
9/9/2025 5:00,Jefferson Street and Fred Waring,3-TUESDAY,trucks_stopped,0
9/9/2025 5:00,Jefferson Street and Fred Waring,3-TUESDAY,cars_stopped,0
9/9/2025 5:00,Jefferson Street and Fred Waring,3-TUESDAY,buses_stopped,0
9/9/2025 5:00,Jefferson Street and Fred Waring,3-TUESDAY,motorcycles_stopped,0
9/9/2025 5:00,Jefferson Street and Fred Waring,3-TUESDAY,persons_stopped,0
9/9/2025 5:00,Jefferson Street and Fred Waring,3-TUESDAY,bikes_stopped,0
9/9/2025 5:00,Jefferson Street and Fred Waring,3-TUESDAY,bicycles_stopped,0
9/9/2025 6:00,Jefferson Street and Fred Waring,3-TUESDAY,total_counts,0
9/9/2025 6:00,Jefferson Street and Fred Waring,3-TUESDAY,trucks_counts,0
9/9/2025 6:00,Jefferson Street and Fred Waring,3-TUESDAY,cars_counts,0
9/9/2025 6:00,Jefferson Street and Fred Waring,3-TUESDAY,buses_counts,0
9/9/2025 6:00,Jefferson Street and Fred Waring,3-TUESDAY,motorcycles_counts,0
9/9/2025 6:00,Jefferson Street and Fred Waring,3-TUESDAY,persons_counts,0
9/9/2025 6:00,Jefferson Street and Fred Waring,3-TUESDAY,bikes_counts,0
9/9/2025 6:00,Jefferson Street and Fred Waring,3-TUESDAY,bicycles_counts,0
9/9/2025 6:00,Jefferson Street and Fred Waring,3-TUESDAY,average_speed_mph,0
9/9/2025 6:00,Jefferson Street and Fred Waring,3-TUESDAY,trucks_speed_in_mph,0
9/9/2025 6:00,Jefferson Street and Fred Waring,3-TUESDAY,cars_speed_in_mph,0
9/9/2025 6:00,Jefferson Street and Fred Waring,3-TUESDAY,buses_speed_in_mph,0
9/9/2025 6:00,Jefferson Street and Fred Waring,3-TUESDAY,motorcycles_speed_in_mph,0
9/9/2025 6:00,Jefferson Street and Fred Waring,3-TUESDAY,persons_speed_in_mph,0
9/9/2025 6:00,Jefferson Street and Fred Waring,3-TUESDAY,bikes_speed_in_mph,0
9/9/2025 6:00,Jefferson Street and Fred Waring,3-TUESDAY,bicycles_speed_in_mph,0
9/9/2025 6:00,Jefferson Street and Fred Waring,3-TUESDAY,total_stopped_objects,0
9/9/2025 6:00,Jefferson Street and Fred Waring,3-TUESDAY,trucks_stopped,0
9/9/2025 6:00,Jefferson Street and Fred Waring,3-TUESDAY,cars_stopped,0
9/9/2025 6:00,Jefferson Street and Fred Waring,3-TUESDAY,buses_stopped,0
9/9/2025 6:00,Jefferson Street and Fred Waring,3-TUESDAY,motorcycles_stopped,0
9/9/2025 6:00,Jefferson Street and Fred Waring,3-TUESDAY,persons_stopped,0
9/9/2025 6:00,Jefferson Street and Fred Waring,3-TUESDAY,bikes_stopped,0
9/9/2025 6:00,Jefferson Street and Fred Waring,3-TUESDAY,bicycles_stopped,0
9/9/2025 7:00,Jefferson Street and Fred Waring,3-TUESDAY,total_counts,0
9/9/2025 7:00,Jefferson Street and Fred Waring,3-TUESDAY,trucks_counts,0
9/9/2025 7:00,Jefferson Street and Fred Waring,3-TUESDAY,cars_counts,0
9/9/2025 7:00,Jefferson Street and Fred Waring,3-TUESDAY,buses_counts,0
9/9/2025 7:00,Jefferson Street and Fred Waring,3-TUESDAY,motorcycles_counts,0
9/9/2025 7:00,Jefferson Street and Fred Waring,3-TUESDAY,persons_counts,0
9/9/2025 7:00,Jefferson Street and Fred Waring,3-TUESDAY,bikes_counts,0
9/9/2025 7:00,Jefferson Street and Fred Waring,3-TUESDAY,bicycles_counts,0
9/9/2025 7:00,Jefferson Street and Fred Waring,3-TUESDAY,average_speed_mph,0
9/9/2025 7:00,Jefferson Street and Fred Waring,3-TUESDAY,trucks_speed_in_mph,0
9/9/2025 7:00,Jefferson Street and Fred Waring,3-TUESDAY,cars_speed_in_mph,0
9/9/2025 7:00,Jefferson Street and Fred Waring,3-TUESDAY,buses_speed_in_mph,0
9/9/2025 7:00,Jefferson Street and Fred Waring,3-TUESDAY,motorcycles_speed_in_mph,0
9/9/2025 7:00,Jefferson Street and Fred Waring,3-TUESDAY,persons_speed_in_mph,0
9/9/2025 7:00,Jefferson Street and Fred Waring,3-TUESDAY,bikes_speed_in_mph,0
9/9/2025 7:00,Jefferson Street and Fred Waring,3-TUESDAY,bicycles_speed_in_mph,0
9/9/2025 7:00,Jefferson Street and Fred Waring,3-TUESDAY,total_stopped_objects,0
9/9/2025 7:00,Jefferson Street and Fred Waring,3-TUESDAY,trucks_stopped,0
9/9/2025 7:00,Jefferson Street and Fred Waring,3-TUESDAY,cars_stopped,0
9/9/2025 7:00,Jefferson Street and Fred Waring,3-TUESDAY,buses_stopped,0
9/9/2025 7:00,Jefferson Street and Fred Waring,3-TUESDAY,motorcycles_stopped,0
9/9/2025 7:00,Jefferson Street and Fred Waring,3-TUESDAY,persons_stopped,0
9/9/2025 7:00,Jefferson Street and Fred Waring,3-TUESDAY,bikes_stopped,0
9/9/2025 7:00,Jefferson Street and Fred Waring,3-TUESDAY,bicycles_stopped,0
9/9/2025 8:00,Jefferson Street and Fred Waring,3-TUESDAY,total_counts,0
9/9/2025 8:00,Jefferson Street and Fred Waring,3-TUESDAY,trucks_counts,0
9/9/2025 8:00,Jefferson Street and Fred Waring,3-TUESDAY,cars_counts,0
9/9/2025 8:00,Jefferson Street and Fred Waring,3-TUESDAY,buses_counts,0
9/9/2025 8:00,Jefferson Street and Fred Waring,3-TUESDAY,motorcycles_counts,0
9/9/2025 8:00,Jefferson Street and Fred Waring,3-TUESDAY,persons_counts,0
9/9/2025 8:00,Jefferson Street and Fred Waring,3-TUESDAY,bikes_counts,0
9/9/2025 8:00,Jefferson Street and Fred Waring,3-TUESDAY,bicycles_counts,0
9/9/2025 8:00,Jefferson Street and Fred Waring,3-TUESDAY,average_speed_mph,0
9/9/2025 8:00,Jefferson Street and Fred Waring,3-TUESDAY,trucks_speed_in_mph,0
9/9/2025 8:00,Jefferson Street and Fred Waring,3-TUESDAY,cars_speed_in_mph,0
9/9/2025 8:00,Jefferson Street and Fred Waring,3-TUESDAY,buses_speed_in_mph,0
9/9/2025 8:00,Jefferson Street and Fred Waring,3-TUESDAY,motorcycles_speed_in_mph,0
9/9/2025 8:00,Jefferson Street and Fred Waring,3-TUESDAY,persons_speed_in_mph,0
9/9/2025 8:00,Jefferson Street and Fred Waring,3-TUESDAY,bikes_speed_in_mph,0
9/9/2025 8:00,Jefferson Street and Fred Waring,3-TUESDAY,bicycles_speed_in_mph,0
9/9/2025 8:00,Jefferson Street and Fred Waring,3-TUESDAY,total_stopped_objects,0
9/9/2025 8:00,Jefferson Street and Fred Waring,3-TUESDAY,trucks_stopped,0
9/9/2025 8:00,Jefferson Street and Fred Waring,3-TUESDAY,cars_stopped,0
9/9/2025 8:00,Jefferson Street and Fred Waring,3-TUESDAY,buses_stopped,0
9/9/2025 8:00,Jefferson Street and Fred Waring,3-TUESDAY,motorcycles_stopped,0
9/9/2025 8:00,Jefferson Street and Fred Waring,3-TUESDAY,persons_stopped,0
9/9/2025 8:00,Jefferson Street and Fred Waring,3-TUESDAY,bikes_stopped,0
9/9/2025 8:00,Jefferson Street and Fred Waring,3-TUESDAY,bicycles_stopped,0
9/9/2025 9:00,Jefferson Street and Fred Waring,3-TUESDAY,total_counts,0
9/9/2025 9:00,Jefferson Street and Fred Waring,3-TUESDAY,trucks_counts,0
9/9/2025 9:00,Jefferson Street and Fred Waring,3-TUESDAY,cars_counts,0
9/9/2025 9:00,Jefferson Street and Fred Waring,3-TUESDAY,buses_counts,0
9/9/2025 9:00,Jefferson Street and Fred Waring,3-TUESDAY,motorcycles_counts,0
9/9/2025 9:00,Jefferson Street and Fred Waring,3-TUESDAY,persons_counts,0
9/9/2025 9:00,Jefferson Street and Fred Waring,3-TUESDAY,bikes_counts,0
9/9/2025 9:00,Jefferson Street and Fred Waring,3-TUESDAY,bicycles_counts,0
9/9/2025 9:00,Jefferson Street and Fred Waring,3-TUESDAY,average_speed_mph,0
9/9/2025 9:00,Jefferson Street and Fred Waring,3-TUESDAY,trucks_speed_in_mph,0
9/9/2025 9:00,Jefferson Street and Fred Waring,3-TUESDAY,cars_speed_in_mph,0
9/9/2025 9:00,Jefferson Street and Fred Waring,3-TUESDAY,buses_speed_in_mph,0
9/9/2025 9:00,Jefferson Street and Fred Waring,3-TUESDAY,motorcycles_speed_in_mph,0
9/9/2025 9:00,Jefferson Street and Fred Waring,3-TUESDAY,persons_speed_in_mph,0
9/9/2025 9:00,Jefferson Street and Fred Waring,3-TUESDAY,bikes_speed_in_mph,0
9/9/2025 9:00,Jefferson Street and Fred Waring,3-TUESDAY,bicycles_speed_in_mph,0
9/9/2025 9:00,Jefferson Street and Fred Waring,3-TUESDAY,total_stopped_objects,0
9/9/2025 9:00,Jefferson Street and Fred Waring,3-TUESDAY,trucks_stopped,0
9/9/2025 9:00,Jefferson Street and Fred Waring,3-TUESDAY,cars_stopped,0
9/9/2025 9:00,Jefferson Street and Fred Waring,3-TUESDAY,buses_stopped,0
9/9/2025 9:00,Jefferson Street and Fred Waring,3-TUESDAY,motorcycles_stopped,0
9/9/2025 9:00,Jefferson Street and Fred Waring,3-TUESDAY,persons_stopped,0
9/9/2025 9:00,Jefferson Street and Fred Waring,3-TUESDAY,bikes_stopped,0
9/9/2025 9:00,Jefferson Street and Fred Waring,3-TUESDAY,bicycles_stopped,0
9/9/2025 10:00,Jefferson Street and Fred Waring,3-TUESDAY,total_counts,0
9/9/2025 10:00,Jefferson Street and Fred Waring,3-TUESDAY,trucks_counts,0
9/9/2025 10:00,Jefferson Street and Fred Waring,3-TUESDAY,cars_counts,0
9/9/2025 10:00,Jefferson Street and Fred Waring,3-TUESDAY,buses_counts,0
9/9/2025 10:00,Jefferson Street and Fred Waring,3-TUESDAY,motorcycles_counts,0
9/9/2025 10:00,Jefferson Street and Fred Waring,3-TUESDAY,persons_counts,0
9/9/2025 10:00,Jefferson Street and Fred Waring,3-TUESDAY,bikes_counts,0
9/9/2025 10:00,Jefferson Street and Fred Waring,3-TUESDAY,bicycles_counts,0
9/9/2025 10:00,Jefferson Street and Fred Waring,3-TUESDAY,average_speed_mph,0
9/9/2025 10:00,Jefferson Street and Fred Waring,3-TUESDAY,trucks_speed_in_mph,0
9/9/2025 10:00,Jefferson Street and Fred Waring,3-TUESDAY,cars_speed_in_mph,0
9/9/2025 10:00,Jefferson Street and Fred Waring,3-TUESDAY,buses_speed_in_mph,0
9/9/2025 10:00,Jefferson Street and Fred Waring,3-TUESDAY,motorcycles_speed_in_mph,0
9/9/2025 10:00,Jefferson Street and Fred Waring,3-TUESDAY,persons_speed_in_mph,0
9/9/2025 10:00,Jefferson Street and Fred Waring,3-TUESDAY,bikes_speed_in_mph,0
9/9/2025 10:00,Jefferson Street and Fred Waring,3-TUESDAY,bicycles_speed_in_mph,0
9/9/2025 10:00,Jefferson Street and Fred Waring,3-TUESDAY,total_stopped_objects,0
9/9/2025 10:00,Jefferson Street and Fred Waring,3-TUESDAY,trucks_stopped,0
9/9/2025 10:00,Jefferson Street and Fred Waring,3-TUESDAY,cars_stopped,0
9/9/2025 10:00,Jefferson Street and Fred Waring,3-TUESDAY,buses_stopped,0
9/9/2025 10:00,Jefferson Street and Fred Waring,3-TUESDAY,motorcycles_stopped,0
9/9/2025 10:00,Jefferson Street and Fred Waring,3-TUESDAY,persons_stopped,0
9/9/2025 10:00,Jefferson Street and Fred Waring,3-TUESDAY,bikes_stopped,0
9/9/2025 10:00,Jefferson Street and Fred Waring,3-TUESDAY,bicycles_stopped,0
9/9/2025 11:00,Jefferson Street and Fred Waring,3-TUESDAY,total_counts,0
9/9/2025 11:00,Jefferson Street and Fred Waring,3-TUESDAY,trucks_counts,0
9/9/2025 11:00,Jefferson Street and Fred Waring,3-TUESDAY,cars_counts,0
9/9/2025 11:00,Jefferson Street and Fred Waring,3-TUESDAY,buses_counts,0
9/9/2025 11:00,Jefferson Street and Fred Waring,3-TUESDAY,motorcycles_counts,0
9/9/2025 11:00,Jefferson Street and Fred Waring,3-TUESDAY,persons_counts,0
9/9/2025 11:00,Jefferson Street and Fred Waring,3-TUESDAY,bikes_counts,0
9/9/2025 11:00,Jefferson Street and Fred Waring,3-TUESDAY,bicycles_counts,0
9/9/2025 11:00,Jefferson Street and Fred Waring,3-TUESDAY,average_speed_mph,0
9/9/2025 11:00,Jefferson Street and Fred Waring,3-TUESDAY,trucks_speed_in_mph,0
9/9/2025 11:00,Jefferson Street and Fred Waring,3-TUESDAY,cars_speed_in_mph,0
9/9/2025 11:00,Jefferson Street and Fred Waring,3-TUESDAY,buses_speed_in_mph,0
9/9/2025 11:00,Jefferson Street and Fred Waring,3-TUESDAY,motorcycles_speed_in_mph,0
9/9/2025 11:00,Jefferson Street and Fred Waring,3-TUESDAY,persons_speed_in_mph,0
9/9/2025 11:00,Jefferson Street and Fred Waring,3-TUESDAY,bikes_speed_in_mph,0
9/9/2025 11:00,Jefferson Street and Fred Waring,3-TUESDAY,bicycles_speed_in_mph,0
9/9/2025 11:00,Jefferson Street and Fred Waring,3-TUESDAY,total_stopped_objects,0
9/9/2025 11:00,Jefferson Street and Fred Waring,3-TUESDAY,trucks_stopped,0
9/9/2025 11:00,Jefferson Street and Fred Waring,3-TUESDAY,cars_stopped,0
9/9/2025 11:00,Jefferson Street and Fred Waring,3-TUESDAY,buses_stopped,0
9/9/2025 11:00,Jefferson Street and Fred Waring,3-TUESDAY,motorcycles_stopped,0
9/9/2025 11:00,Jefferson Street and Fred Waring,3-TUESDAY,persons_stopped,0
9/9/2025 11:00,Jefferson Street and Fred Waring,3-TUESDAY,bikes_stopped,0
9/9/2025 11:00,Jefferson Street and Fred Waring,3-TUESDAY,bicycles_stopped,0
9/9/2025 12:00,Jefferson Street and Fred Waring,3-TUESDAY,total_counts,0
9/9/2025 12:00,Jefferson Street and Fred Waring,3-TUESDAY,trucks_counts,0
9/9/2025 12:00,Jefferson Street and Fred Waring,3-TUESDAY,cars_counts,0
9/9/2025 12:00,Jefferson Street and Fred Waring,3-TUESDAY,buses_counts,0
9/9/2025 12:00,Jefferson Street and Fred Waring,3-TUESDAY,motorcycles_counts,0
9/9/2025 12:00,Jefferson Street and Fred Waring,3-TUESDAY,persons_counts,0
9/9/2025 12:00,Jefferson Street and Fred Waring,3-TUESDAY,bikes_counts,0
9/9/2025 12:00,Jefferson Street and Fred Waring,3-TUESDAY,bicycles_counts,0
9/9/2025 12:00,Jefferson Street and Fred Waring,3-TUESDAY,average_speed_mph,0
9/9/2025 12:00,Jefferson Street and Fred Waring,3-TUESDAY,trucks_speed_in_mph,0
9/9/2025 12:00,Jefferson Street and Fred Waring,3-TUESDAY,cars_speed_in_mph,0
9/9/2025 12:00,Jefferson Street and Fred Waring,3-TUESDAY,buses_speed_in_mph,0
9/9/2025 12:00,Jefferson Street and Fred Waring,3-TUESDAY,motorcycles_speed_in_mph,0
9/9/2025 12:00,Jefferson Street and Fred Waring,3-TUESDAY,persons_speed_in_mph,0
9/9/2025 12:00,Jefferson Street and Fred Waring,3-TUESDAY,bikes_speed_in_mph,0
9/9/2025 12:00,Jefferson Street and Fred Waring,3-TUESDAY,bicycles_speed_in_mph,0
9/9/2025 12:00,Jefferson Street and Fred Waring,3-TUESDAY,total_stopped_objects,0
9/9/2025 12:00,Jefferson Street and Fred Waring,3-TUESDAY,trucks_stopped,0
9/9/2025 12:00,Jefferson Street and Fred Waring,3-TUESDAY,cars_stopped,0
9/9/2025 12:00,Jefferson Street and Fred Waring,3-TUESDAY,buses_stopped,0
9/9/2025 12:00,Jefferson Street and Fred Waring,3-TUESDAY,motorcycles_stopped,0
9/9/2025 12:00,Jefferson Street and Fred Waring,3-TUESDAY,persons_stopped,0
9/9/2025 12:00,Jefferson Street and Fred Waring,3-TUESDAY,bikes_stopped,0
9/9/2025 12:00,Jefferson Street and Fred Waring,3-TUESDAY,bicycles_stopped,0
9/9/2025 13:00,Jefferson Street and Fred Waring,3-TUESDAY,total_counts,0
9/9/2025 13:00,Jefferson Street and Fred Waring,3-TUESDAY,trucks_counts,0
9/9/2025 13:00,Jefferson Street and Fred Waring,3-TUESDAY,cars_counts,0
9/9/2025 13:00,Jefferson Street and Fred Waring,3-TUESDAY,buses_counts,0
9/9/2025 13:00,Jefferson Street and Fred Waring,3-TUESDAY,motorcycles_counts,0
9/9/2025 13:00,Jefferson Street and Fred Waring,3-TUESDAY,persons_counts,0
9/9/2025 13:00,Jefferson Street and Fred Waring,3-TUESDAY,bikes_counts,0
9/9/2025 13:00,Jefferson Street and Fred Waring,3-TUESDAY,bicycles_counts,0
9/9/2025 13:00,Jefferson Street and Fred Waring,3-TUESDAY,average_speed_mph,0
9/9/2025 13:00,Jefferson Street and Fred Waring,3-TUESDAY,trucks_speed_in_mph,0
9/9/2025 13:00,Jefferson Street and Fred Waring,3-TUESDAY,cars_speed_in_mph,0
9/9/2025 13:00,Jefferson Street and Fred Waring,3-TUESDAY,buses_speed_in_mph,0
9/9/2025 13:00,Jefferson Street and Fred Waring,3-TUESDAY,motorcycles_speed_in_mph,0
9/9/2025 13:00,Jefferson Street and Fred Waring,3-TUESDAY,persons_speed_in_mph,0
9/9/2025 13:00,Jefferson Street and Fred Waring,3-TUESDAY,bikes_speed_in_mph,0
9/9/2025 13:00,Jefferson Street and Fred Waring,3-TUESDAY,bicycles_speed_in_mph,0
9/9/2025 13:00,Jefferson Street and Fred Waring,3-TUESDAY,total_stopped_objects,0
9/9/2025 13:00,Jefferson Street and Fred Waring,3-TUESDAY,trucks_stopped,0
9/9/2025 13:00,Jefferson Street and Fred Waring,3-TUESDAY,cars_stopped,0
9/9/2025 13:00,Jefferson Street and Fred Waring,3-TUESDAY,buses_stopped,0
9/9/2025 13:00,Jefferson Street and Fred Waring,3-TUESDAY,motorcycles_stopped,0
9/9/2025 13:00,Jefferson Street and Fred Waring,3-TUESDAY,persons_stopped,0
9/9/2025 13:00,Jefferson Street and Fred Waring,3-TUESDAY,bikes_stopped,0
9/9/2025 13:00,Jefferson Street and Fred Waring,3-TUESDAY,bicycles_stopped,0
9/9/2025 14:00,Jefferson Street and Fred Waring,3-TUESDAY,total_counts,0
9/9/2025 14:00,Jefferson Street and Fred Waring,3-TUESDAY,trucks_counts,0
9/9/2025 14:00,Jefferson Street and Fred Waring,3-TUESDAY,cars_counts,0
9/9/2025 14:00,Jefferson Street and Fred Waring,3-TUESDAY,buses_counts,0
9/9/2025 14:00,Jefferson Street and Fred Waring,3-TUESDAY,motorcycles_counts,0
9/9/2025 14:00,Jefferson Street and Fred Waring,3-TUESDAY,persons_counts,0
9/9/2025 14:00,Jefferson Street and Fred Waring,3-TUESDAY,bikes_counts,0
9/9/2025 14:00,Jefferson Street and Fred Waring,3-TUESDAY,bicycles_counts,0
9/9/2025 14:00,Jefferson Street and Fred Waring,3-TUESDAY,average_speed_mph,0
9/9/2025 14:00,Jefferson Street and Fred Waring,3-TUESDAY,trucks_speed_in_mph,0
9/9/2025 14:00,Jefferson Street and Fred Waring,3-TUESDAY,cars_speed_in_mph,0
9/9/2025 14:00,Jefferson Street and Fred Waring,3-TUESDAY,buses_speed_in_mph,0
9/9/2025 14:00,Jefferson Street and Fred Waring,3-TUESDAY,motorcycles_speed_in_mph,0
9/9/2025 14:00,Jefferson Street and Fred Waring,3-TUESDAY,persons_speed_in_mph,0
9/9/2025 14:00,Jefferson Street and Fred Waring,3-TUESDAY,bikes_speed_in_mph,0
9/9/2025 14:00,Jefferson Street and Fred Waring,3-TUESDAY,bicycles_speed_in_mph,0
9/9/2025 14:00,Jefferson Street and Fred Waring,3-TUESDAY,total_stopped_objects,0
9/9/2025 14:00,Jefferson Street and Fred Waring,3-TUESDAY,trucks_stopped,0
9/9/2025 14:00,Jefferson Street and Fred Waring,3-TUESDAY,cars_stopped,0
9/9/2025 14:00,Jefferson Street and Fred Waring,3-TUESDAY,buses_stopped,0
9/9/2025 14:00,Jefferson Street and Fred Waring,3-TUESDAY,motorcycles_stopped,0
9/9/2025 14:00,Jefferson Street and Fred Waring,3-TUESDAY,persons_stopped,0
9/9/2025 14:00,Jefferson Street and Fred Waring,3-TUESDAY,bikes_stopped,0
9/9/2025 14:00,Jefferson Street and Fred Waring,3-TUESDAY,bicycles_stopped,0
9/9/2025 15:00,Jefferson Street and Fred Waring,3-TUESDAY,total_counts,0
9/9/2025 15:00,Jefferson Street and Fred Waring,3-TUESDAY,trucks_counts,0
9/9/2025 15:00,Jefferson Street and Fred Waring,3-TUESDAY,cars_counts,0
9/9/2025 15:00,Jefferson Street and Fred Waring,3-TUESDAY,buses_counts,0
9/9/2025 15:00,Jefferson Street and Fred Waring,3-TUESDAY,motorcycles_counts,0
9/9/2025 15:00,Jefferson Street and Fred Waring,3-TUESDAY,persons_counts,0
9/9/2025 15:00,Jefferson Street and Fred Waring,3-TUESDAY,bikes_counts,0
9/9/2025 15:00,Jefferson Street and Fred Waring,3-TUESDAY,bicycles_counts,0
9/9/2025 15:00,Jefferson Street and Fred Waring,3-TUESDAY,average_speed_mph,0
9/9/2025 15:00,Jefferson Street and Fred Waring,3-TUESDAY,trucks_speed_in_mph,0
9/9/2025 15:00,Jefferson Street and Fred Waring,3-TUESDAY,cars_speed_in_mph,0
9/9/2025 15:00,Jefferson Street and Fred Waring,3-TUESDAY,buses_speed_in_mph,0
9/9/2025 15:00,Jefferson Street and Fred Waring,3-TUESDAY,motorcycles_speed_in_mph,0
9/9/2025 15:00,Jefferson Street and Fred Waring,3-TUESDAY,persons_speed_in_mph,0
9/9/2025 15:00,Jefferson Street and Fred Waring,3-TUESDAY,bikes_speed_in_mph,0
9/9/2025 15:00,Jefferson Street and Fred Waring,3-TUESDAY,bicycles_speed_in_mph,0
9/9/2025 15:00,Jefferson Street and Fred Waring,3-TUESDAY,total_stopped_objects,0
9/9/2025 15:00,Jefferson Street and Fred Waring,3-TUESDAY,trucks_stopped,0
9/9/2025 15:00,Jefferson Street and Fred Waring,3-TUESDAY,cars_stopped,0
9/9/2025 15:00,Jefferson Street and Fred Waring,3-TUESDAY,buses_stopped,0
9/9/2025 15:00,Jefferson Street and Fred Waring,3-TUESDAY,motorcycles_stopped,0
9/9/2025 15:00,Jefferson Street and Fred Waring,3-TUESDAY,persons_stopped,0
9/9/2025 15:00,Jefferson Street and Fred Waring,3-TUESDAY,bikes_stopped,0
9/9/2025 15:00,Jefferson Street and Fred Waring,3-TUESDAY,bicycles_stopped,0
9/9/2025 16:00,Jefferson Street and Fred Waring,3-TUESDAY,total_counts,0
9/9/2025 16:00,Jefferson Street and Fred Waring,3-TUESDAY,trucks_counts,0
9/9/2025 16:00,Jefferson Street and Fred Waring,3-TUESDAY,cars_counts,0
9/9/2025 16:00,Jefferson Street and Fred Waring,3-TUESDAY,buses_counts,0
9/9/2025 16:00,Jefferson Street and Fred Waring,3-TUESDAY,motorcycles_counts,0
9/9/2025 16:00,Jefferson Street and Fred Waring,3-TUESDAY,persons_counts,0
9/9/2025 16:00,Jefferson Street and Fred Waring,3-TUESDAY,bikes_counts,0
9/9/2025 16:00,Jefferson Street and Fred Waring,3-TUESDAY,bicycles_counts,0
9/9/2025 16:00,Jefferson Street and Fred Waring,3-TUESDAY,average_speed_mph,0
9/9/2025 16:00,Jefferson Street and Fred Waring,3-TUESDAY,trucks_speed_in_mph,0
9/9/2025 16:00,Jefferson Street and Fred Waring,3-TUESDAY,cars_speed_in_mph,0
9/9/2025 16:00,Jefferson Street and Fred Waring,3-TUESDAY,buses_speed_in_mph,0
9/9/2025 16:00,Jefferson Street and Fred Waring,3-TUESDAY,motorcycles_speed_in_mph,0
9/9/2025 16:00,Jefferson Street and Fred Waring,3-TUESDAY,persons_speed_in_mph,0
9/9/2025 16:00,Jefferson Street and Fred Waring,3-TUESDAY,bikes_speed_in_mph,0
9/9/2025 16:00,Jefferson Street and Fred Waring,3-TUESDAY,bicycles_speed_in_mph,0
9/9/2025 16:00,Jefferson Street and Fred Waring,3-TUESDAY,total_stopped_objects,0
9/9/2025 16:00,Jefferson Street and Fred Waring,3-TUESDAY,trucks_stopped,0
9/9/2025 16:00,Jefferson Street and Fred Waring,3-TUESDAY,cars_stopped,0
9/9/2025 16:00,Jefferson Street and Fred Waring,3-TUESDAY,buses_stopped,0
9/9/2025 16:00,Jefferson Street and Fred Waring,3-TUESDAY,motorcycles_stopped,0
9/9/2025 16:00,Jefferson Street and Fred Waring,3-TUESDAY,persons_stopped,0
9/9/2025 16:00,Jefferson Street and Fred Waring,3-TUESDAY,bikes_stopped,0
9/9/2025 16:00,Jefferson Street and Fred Waring,3-TUESDAY,bicycles_stopped,0
9/9/2025 17:00,Jefferson Street and Fred Waring,3-TUESDAY,total_counts,0
9/9/2025 17:00,Jefferson Street and Fred Waring,3-TUESDAY,trucks_counts,0
9/9/2025 17:00,Jefferson Street and Fred Waring,3-TUESDAY,cars_counts,0
9/9/2025 17:00,Jefferson Street and Fred Waring,3-TUESDAY,buses_counts,0
9/9/2025 17:00,Jefferson Street and Fred Waring,3-TUESDAY,motorcycles_counts,0
9/9/2025 17:00,Jefferson Street and Fred Waring,3-TUESDAY,persons_counts,0
9/9/2025 17:00,Jefferson Street and Fred Waring,3-TUESDAY,bikes_counts,0
9/9/2025 17:00,Jefferson Street and Fred Waring,3-TUESDAY,bicycles_counts,0
9/9/2025 17:00,Jefferson Street and Fred Waring,3-TUESDAY,average_speed_mph,0
9/9/2025 17:00,Jefferson Street and Fred Waring,3-TUESDAY,trucks_speed_in_mph,0
9/9/2025 17:00,Jefferson Street and Fred Waring,3-TUESDAY,cars_speed_in_mph,0
9/9/2025 17:00,Jefferson Street and Fred Waring,3-TUESDAY,buses_speed_in_mph,0
9/9/2025 17:00,Jefferson Street and Fred Waring,3-TUESDAY,motorcycles_speed_in_mph,0
9/9/2025 17:00,Jefferson Street and Fred Waring,3-TUESDAY,persons_speed_in_mph,0
9/9/2025 17:00,Jefferson Street and Fred Waring,3-TUESDAY,bikes_speed_in_mph,0
9/9/2025 17:00,Jefferson Street and Fred Waring,3-TUESDAY,bicycles_speed_in_mph,0
9/9/2025 17:00,Jefferson Street and Fred Waring,3-TUESDAY,total_stopped_objects,0
9/9/2025 17:00,Jefferson Street and Fred Waring,3-TUESDAY,trucks_stopped,0
9/9/2025 17:00,Jefferson Street and Fred Waring,3-TUESDAY,cars_stopped,0
9/9/2025 17:00,Jefferson Street and Fred Waring,3-TUESDAY,buses_stopped,0
9/9/2025 17:00,Jefferson Street and Fred Waring,3-TUESDAY,motorcycles_stopped,0
9/9/2025 17:00,Jefferson Street and Fred Waring,3-TUESDAY,persons_stopped,0
9/9/2025 17:00,Jefferson Street and Fred Waring,3-TUESDAY,bikes_stopped,0
9/9/2025 17:00,Jefferson Street and Fred Waring,3-TUESDAY,bicycles_stopped,0
9/9/2025 18:00,Jefferson Street and Fred Waring,3-TUESDAY,total_counts,0
9/9/2025 18:00,Jefferson Street and Fred Waring,3-TUESDAY,trucks_counts,0
9/9/2025 18:00,Jefferson Street and Fred Waring,3-TUESDAY,cars_counts,0
9/9/2025 18:00,Jefferson Street and Fred Waring,3-TUESDAY,buses_counts,0
9/9/2025 18:00,Jefferson Street and Fred Waring,3-TUESDAY,motorcycles_counts,0
9/9/2025 18:00,Jefferson Street and Fred Waring,3-TUESDAY,persons_counts,0
9/9/2025 18:00,Jefferson Street and Fred Waring,3-TUESDAY,bikes_counts,0
9/9/2025 18:00,Jefferson Street and Fred Waring,3-TUESDAY,bicycles_counts,0
9/9/2025 18:00,Jefferson Street and Fred Waring,3-TUESDAY,average_speed_mph,0
9/9/2025 18:00,Jefferson Street and Fred Waring,3-TUESDAY,trucks_speed_in_mph,0
9/9/2025 18:00,Jefferson Street and Fred Waring,3-TUESDAY,cars_speed_in_mph,0
9/9/2025 18:00,Jefferson Street and Fred Waring,3-TUESDAY,buses_speed_in_mph,0
9/9/2025 18:00,Jefferson Street and Fred Waring,3-TUESDAY,motorcycles_speed_in_mph,0
9/9/2025 18:00,Jefferson Street and Fred Waring,3-TUESDAY,persons_speed_in_mph,0
9/9/2025 18:00,Jefferson Street and Fred Waring,3-TUESDAY,bikes_speed_in_mph,0
9/9/2025 18:00,Jefferson Street and Fred Waring,3-TUESDAY,bicycles_speed_in_mph,0
9/9/2025 18:00,Jefferson Street and Fred Waring,3-TUESDAY,total_stopped_objects,0
9/9/2025 18:00,Jefferson Street and Fred Waring,3-TUESDAY,trucks_stopped,0
9/9/2025 18:00,Jefferson Street and Fred Waring,3-TUESDAY,cars_stopped,0
9/9/2025 18:00,Jefferson Street and Fred Waring,3-TUESDAY,buses_stopped,0
9/9/2025 18:00,Jefferson Street and Fred Waring,3-TUESDAY,motorcycles_stopped,0
9/9/2025 18:00,Jefferson Street and Fred Waring,3-TUESDAY,persons_stopped,0
9/9/2025 18:00,Jefferson Street and Fred Waring,3-TUESDAY,bikes_stopped,0
9/9/2025 18:00,Jefferson Street and Fred Waring,3-TUESDAY,bicycles_stopped,0
9/9/2025 19:00,Jefferson Street and Fred Waring,3-TUESDAY,total_counts,0
9/9/2025 19:00,Jefferson Street and Fred Waring,3-TUESDAY,trucks_counts,0
9/9/2025 19:00,Jefferson Street and Fred Waring,3-TUESDAY,cars_counts,0
9/9/2025 19:00,Jefferson Street and Fred Waring,3-TUESDAY,buses_counts,0
9/9/2025 19:00,Jefferson Street and Fred Waring,3-TUESDAY,motorcycles_counts,0
9/9/2025 19:00,Jefferson Street and Fred Waring,3-TUESDAY,persons_counts,0
9/9/2025 19:00,Jefferson Street and Fred Waring,3-TUESDAY,bikes_counts,0
9/9/2025 19:00,Jefferson Street and Fred Waring,3-TUESDAY,bicycles_counts,0
9/9/2025 19:00,Jefferson Street and Fred Waring,3-TUESDAY,average_speed_mph,0
9/9/2025 19:00,Jefferson Street and Fred Waring,3-TUESDAY,trucks_speed_in_mph,0
9/9/2025 19:00,Jefferson Street and Fred Waring,3-TUESDAY,cars_speed_in_mph,0
9/9/2025 19:00,Jefferson Street and Fred Waring,3-TUESDAY,buses_speed_in_mph,0
9/9/2025 19:00,Jefferson Street and Fred Waring,3-TUESDAY,motorcycles_speed_in_mph,0
9/9/2025 19:00,Jefferson Street and Fred Waring,3-TUESDAY,persons_speed_in_mph,0
9/9/2025 19:00,Jefferson Street and Fred Waring,3-TUESDAY,bikes_speed_in_mph,0
9/9/2025 19:00,Jefferson Street and Fred Waring,3-TUESDAY,bicycles_speed_in_mph,0
9/9/2025 19:00,Jefferson Street and Fred Waring,3-TUESDAY,total_stopped_objects,0
9/9/2025 19:00,Jefferson Street and Fred Waring,3-TUESDAY,trucks_stopped,0
9/9/2025 19:00,Jefferson Street and Fred Waring,3-TUESDAY,cars_stopped,0
9/9/2025 19:00,Jefferson Street and Fred Waring,3-TUESDAY,buses_stopped,0
9/9/2025 19:00,Jefferson Street and Fred Waring,3-TUESDAY,motorcycles_stopped,0
9/9/2025 19:00,Jefferson Street and Fred Waring,3-TUESDAY,persons_stopped,0
9/9/2025 19:00,Jefferson Street and Fred Waring,3-TUESDAY,bikes_stopped,0
9/9/2025 19:00,Jefferson Street and Fred Waring,3-TUESDAY,bicycles_stopped,0
9/9/2025 20:00,Jefferson Street and Fred Waring,3-TUESDAY,total_counts,0
9/9/2025 20:00,Jefferson Street and Fred Waring,3-TUESDAY,trucks_counts,0
9/9/2025 20:00,Jefferson Street and Fred Waring,3-TUESDAY,cars_counts,0
9/9/2025 20:00,Jefferson Street and Fred Waring,3-TUESDAY,buses_counts,0
9/9/2025 20:00,Jefferson Street and Fred Waring,3-TUESDAY,motorcycles_counts,0
9/9/2025 20:00,Jefferson Street and Fred Waring,3-TUESDAY,persons_counts,0
9/9/2025 20:00,Jefferson Street and Fred Waring,3-TUESDAY,bikes_counts,0
9/9/2025 20:00,Jefferson Street and Fred Waring,3-TUESDAY,bicycles_counts,0
9/9/2025 20:00,Jefferson Street and Fred Waring,3-TUESDAY,average_speed_mph,0
9/9/2025 20:00,Jefferson Street and Fred Waring,3-TUESDAY,trucks_speed_in_mph,0
9/9/2025 20:00,Jefferson Street and Fred Waring,3-TUESDAY,cars_speed_in_mph,0
9/9/2025 20:00,Jefferson Street and Fred Waring,3-TUESDAY,buses_speed_in_mph,0
9/9/2025 20:00,Jefferson Street and Fred Waring,3-TUESDAY,motorcycles_speed_in_mph,0
9/9/2025 20:00,Jefferson Street and Fred Waring,3-TUESDAY,persons_speed_in_mph,0
9/9/2025 20:00,Jefferson Street and Fred Waring,3-TUESDAY,bikes_speed_in_mph,0
9/9/2025 20:00,Jefferson Street and Fred Waring,3-TUESDAY,bicycles_speed_in_mph,0
9/9/2025 20:00,Jefferson Street and Fred Waring,3-TUESDAY,total_stopped_objects,0
9/9/2025 20:00,Jefferson Street and Fred Waring,3-TUESDAY,trucks_stopped,0
9/9/2025 20:00,Jefferson Street and Fred Waring,3-TUESDAY,cars_stopped,0
9/9/2025 20:00,Jefferson Street and Fred Waring,3-TUESDAY,buses_stopped,0
9/9/2025 20:00,Jefferson Street and Fred Waring,3-TUESDAY,motorcycles_stopped,0
9/9/2025 20:00,Jefferson Street and Fred Waring,3-TUESDAY,persons_stopped,0
9/9/2025 20:00,Jefferson Street and Fred Waring,3-TUESDAY,bikes_stopped,0
9/9/2025 20:00,Jefferson Street and Fred Waring,3-TUESDAY,bicycles_stopped,0
9/9/2025 21:00,Jefferson Street and Fred Waring,3-TUESDAY,total_counts,0
9/9/2025 21:00,Jefferson Street and Fred Waring,3-TUESDAY,trucks_counts,0
9/9/2025 21:00,Jefferson Street and Fred Waring,3-TUESDAY,cars_counts,0
9/9/2025 21:00,Jefferson Street and Fred Waring,3-TUESDAY,buses_counts,0
9/9/2025 21:00,Jefferson Street and Fred Waring,3-TUESDAY,motorcycles_counts,0
9/9/2025 21:00,Jefferson Street and Fred Waring,3-TUESDAY,persons_counts,0
9/9/2025 21:00,Jefferson Street and Fred Waring,3-TUESDAY,bikes_counts,0
9/9/2025 21:00,Jefferson Street and Fred Waring,3-TUESDAY,bicycles_counts,0
9/9/2025 21:00,Jefferson Street and Fred Waring,3-TUESDAY,average_speed_mph,0
9/9/2025 21:00,Jefferson Street and Fred Waring,3-TUESDAY,trucks_speed_in_mph,0
9/9/2025 21:00,Jefferson Street and Fred Waring,3-TUESDAY,cars_speed_in_mph,0
9/9/2025 21:00,Jefferson Street and Fred Waring,3-TUESDAY,buses_speed_in_mph,0
9/9/2025 21:00,Jefferson Street and Fred Waring,3-TUESDAY,motorcycles_speed_in_mph,0
9/9/2025 21:00,Jefferson Street and Fred Waring,3-TUESDAY,persons_speed_in_mph,0
9/9/2025 21:00,Jefferson Street and Fred Waring,3-TUESDAY,bikes_speed_in_mph,0
9/9/2025 21:00,Jefferson Street and Fred Waring,3-TUESDAY,bicycles_speed_in_mph,0
9/9/2025 21:00,Jefferson Street and Fred Waring,3-TUESDAY,total_stopped_objects,0
9/9/2025 21:00,Jefferson Street and Fred Waring,3-TUESDAY,trucks_stopped,0
9/9/2025 21:00,Jefferson Street and Fred Waring,3-TUESDAY,cars_stopped,0
9/9/2025 21:00,Jefferson Street and Fred Waring,3-TUESDAY,buses_stopped,0
9/9/2025 21:00,Jefferson Street and Fred Waring,3-TUESDAY,motorcycles_stopped,0
9/9/2025 21:00,Jefferson Street and Fred Waring,3-TUESDAY,persons_stopped,0
9/9/2025 21:00,Jefferson Street and Fred Waring,3-TUESDAY,bikes_stopped,0
9/9/2025 21:00,Jefferson Street and Fred Waring,3-TUESDAY,bicycles_stopped,0
9/9/2025 22:00,Jefferson Street and Fred Waring,3-TUESDAY,total_counts,0
9/9/2025 22:00,Jefferson Street and Fred Waring,3-TUESDAY,trucks_counts,0
9/9/2025 22:00,Jefferson Street and Fred Waring,3-TUESDAY,cars_counts,0
9/9/2025 22:00,Jefferson Street and Fred Waring,3-TUESDAY,buses_counts,0
9/9/2025 22:00,Jefferson Street and Fred Waring,3-TUESDAY,motorcycles_counts,0
9/9/2025 22:00,Jefferson Street and Fred Waring,3-TUESDAY,persons_counts,0
9/9/2025 22:00,Jefferson Street and Fred Waring,3-TUESDAY,bikes_counts,0
9/9/2025 22:00,Jefferson Street and Fred Waring,3-TUESDAY,bicycles_counts,0
9/9/2025 22:00,Jefferson Street and Fred Waring,3-TUESDAY,average_speed_mph,0
9/9/2025 22:00,Jefferson Street and Fred Waring,3-TUESDAY,trucks_speed_in_mph,0
9/9/2025 22:00,Jefferson Street and Fred Waring,3-TUESDAY,cars_speed_in_mph,0
9/9/2025 22:00,Jefferson Street and Fred Waring,3-TUESDAY,buses_speed_in_mph,0
9/9/2025 22:00,Jefferson Street and Fred Waring,3-TUESDAY,motorcycles_speed_in_mph,0
9/9/2025 22:00,Jefferson Street and Fred Waring,3-TUESDAY,persons_speed_in_mph,0
9/9/2025 22:00,Jefferson Street and Fred Waring,3-TUESDAY,bikes_speed_in_mph,0
9/9/2025 22:00,Jefferson Street and Fred Waring,3-TUESDAY,bicycles_speed_in_mph,0
9/9/2025 22:00,Jefferson Street and Fred Waring,3-TUESDAY,total_stopped_objects,0
9/9/2025 22:00,Jefferson Street and Fred Waring,3-TUESDAY,trucks_stopped,0
9/9/2025 22:00,Jefferson Street and Fred Waring,3-TUESDAY,cars_stopped,0
9/9/2025 22:00,Jefferson Street and Fred Waring,3-TUESDAY,buses_stopped,0
9/9/2025 22:00,Jefferson Street and Fred Waring,3-TUESDAY,motorcycles_stopped,0
9/9/2025 22:00,Jefferson Street and Fred Waring,3-TUESDAY,persons_stopped,0
9/9/2025 22:00,Jefferson Street and Fred Waring,3-TUESDAY,bikes_stopped,0
9/9/2025 22:00,Jefferson Street and Fred Waring,3-TUESDAY,bicycles_stopped,0
9/9/2025 23:00,Jefferson Street and Fred Waring,3-TUESDAY,total_counts,0
9/9/2025 23:00,Jefferson Street and Fred Waring,3-TUESDAY,trucks_counts,0
9/9/2025 23:00,Jefferson Street and Fred Waring,3-TUESDAY,cars_counts,0
9/9/2025 23:00,Jefferson Street and Fred Waring,3-TUESDAY,buses_counts,0
9/9/2025 23:00,Jefferson Street and Fred Waring,3-TUESDAY,motorcycles_counts,0
9/9/2025 23:00,Jefferson Street and Fred Waring,3-TUESDAY,persons_counts,0
9/9/2025 23:00,Jefferson Street and Fred Waring,3-TUESDAY,bikes_counts,0
9/9/2025 23:00,Jefferson Street and Fred Waring,3-TUESDAY,bicycles_counts,0
9/9/2025 23:00,Jefferson Street and Fred Waring,3-TUESDAY,average_speed_mph,0
9/9/2025 23:00,Jefferson Street and Fred Waring,3-TUESDAY,trucks_speed_in_mph,0
9/9/2025 23:00,Jefferson Street and Fred Waring,3-TUESDAY,cars_speed_in_mph,0
9/9/2025 23:00,Jefferson Street and Fred Waring,3-TUESDAY,buses_speed_in_mph,0
9/9/2025 23:00,Jefferson Street and Fred Waring,3-TUESDAY,motorcycles_speed_in_mph,0
9/9/2025 23:00,Jefferson Street and Fred Waring,3-TUESDAY,persons_speed_in_mph,0
9/9/2025 23:00,Jefferson Street and Fred Waring,3-TUESDAY,bikes_speed_in_mph,0
9/9/2025 23:00,Jefferson Street and Fred Waring,3-TUESDAY,bicycles_speed_in_mph,0
9/9/2025 23:00,Jefferson Street and Fred Waring,3-TUESDAY,total_stopped_objects,0
9/9/2025 23:00,Jefferson Street and Fred Waring,3-TUESDAY,trucks_stopped,0
9/9/2025 23:00,Jefferson Street and Fred Waring,3-TUESDAY,cars_stopped,0
9/9/2025 23:00,Jefferson Street and Fred Waring,3-TUESDAY,buses_stopped,0
9/9/2025 23:00,Jefferson Street and Fred Waring,3-TUESDAY,motorcycles_stopped,0
9/9/2025 23:00,Jefferson Street and Fred Waring,3-TUESDAY,persons_stopped,0
9/9/2025 23:00,Jefferson Street and Fred Waring,3-TUESDAY,bikes_stopped,0
9/9/2025 23:00,Jefferson Street and Fred Waring,3-TUESDAY,bicycles_stopped,0
9/10/2025 0:00,Jefferson Street and Fred Waring,4-WEDNESDAY,total_counts,0
9/10/2025 0:00,Jefferson Street and Fred Waring,4-WEDNESDAY,trucks_counts,0
9/10/2025 0:00,Jefferson Street and Fred Waring,4-WEDNESDAY,cars_counts,0
9/10/2025 0:00,Jefferson Street and Fred Waring,4-WEDNESDAY,buses_counts,0
9/10/2025 0:00,Jefferson Street and Fred Waring,4-WEDNESDAY,motorcycles_counts,0
9/10/2025 0:00,Jefferson Street and Fred Waring,4-WEDNESDAY,persons_counts,0
9/10/2025 0:00,Jefferson Street and Fred Waring,4-WEDNESDAY,bikes_counts,0
9/10/2025 0:00,Jefferson Street and Fred Waring,4-WEDNESDAY,bicycles_counts,0
9/10/2025 0:00,Jefferson Street and Fred Waring,4-WEDNESDAY,average_speed_mph,0
9/10/2025 0:00,Jefferson Street and Fred Waring,4-WEDNESDAY,trucks_speed_in_mph,0
9/10/2025 0:00,Jefferson Street and Fred Waring,4-WEDNESDAY,cars_speed_in_mph,0
9/10/2025 0:00,Jefferson Street and Fred Waring,4-WEDNESDAY,buses_speed_in_mph,0
9/10/2025 0:00,Jefferson Street and Fred Waring,4-WEDNESDAY,motorcycles_speed_in_mph,0
9/10/2025 0:00,Jefferson Street and Fred Waring,4-WEDNESDAY,persons_speed_in_mph,0
9/10/2025 0:00,Jefferson Street and Fred Waring,4-WEDNESDAY,bikes_speed_in_mph,0
9/10/2025 0:00,Jefferson Street and Fred Waring,4-WEDNESDAY,bicycles_speed_in_mph,0
9/10/2025 0:00,Jefferson Street and Fred Waring,4-WEDNESDAY,total_stopped_objects,0
9/10/2025 0:00,Jefferson Street and Fred Waring,4-WEDNESDAY,trucks_stopped,0
9/10/2025 0:00,Jefferson Street and Fred Waring,4-WEDNESDAY,cars_stopped,0
9/10/2025 0:00,Jefferson Street and Fred Waring,4-WEDNESDAY,buses_stopped,0
9/10/2025 0:00,Jefferson Street and Fred Waring,4-WEDNESDAY,motorcycles_stopped,0
9/10/2025 0:00,Jefferson Street and Fred Waring,4-WEDNESDAY,persons_stopped,0
9/10/2025 0:00,Jefferson Street and Fred Waring,4-WEDNESDAY,bikes_stopped,0
9/10/2025 0:00,Jefferson Street and Fred Waring,4-WEDNESDAY,bicycles_stopped,0
9/10/2025 1:00,Jefferson Street and Fred Waring,4-WEDNESDAY,total_counts,0
9/10/2025 1:00,Jefferson Street and Fred Waring,4-WEDNESDAY,trucks_counts,0
9/10/2025 1:00,Jefferson Street and Fred Waring,4-WEDNESDAY,cars_counts,0
9/10/2025 1:00,Jefferson Street and Fred Waring,4-WEDNESDAY,buses_counts,0
9/10/2025 1:00,Jefferson Street and Fred Waring,4-WEDNESDAY,motorcycles_counts,0
9/10/2025 1:00,Jefferson Street and Fred Waring,4-WEDNESDAY,persons_counts,0
9/10/2025 1:00,Jefferson Street and Fred Waring,4-WEDNESDAY,bikes_counts,0
9/10/2025 1:00,Jefferson Street and Fred Waring,4-WEDNESDAY,bicycles_counts,0
9/10/2025 1:00,Jefferson Street and Fred Waring,4-WEDNESDAY,average_speed_mph,0
9/10/2025 1:00,Jefferson Street and Fred Waring,4-WEDNESDAY,trucks_speed_in_mph,0
9/10/2025 1:00,Jefferson Street and Fred Waring,4-WEDNESDAY,cars_speed_in_mph,0
9/10/2025 1:00,Jefferson Street and Fred Waring,4-WEDNESDAY,buses_speed_in_mph,0
9/10/2025 1:00,Jefferson Street and Fred Waring,4-WEDNESDAY,motorcycles_speed_in_mph,0
9/10/2025 1:00,Jefferson Street and Fred Waring,4-WEDNESDAY,persons_speed_in_mph,0
9/10/2025 1:00,Jefferson Street and Fred Waring,4-WEDNESDAY,bikes_speed_in_mph,0
9/10/2025 1:00,Jefferson Street and Fred Waring,4-WEDNESDAY,bicycles_speed_in_mph,0
9/10/2025 1:00,Jefferson Street and Fred Waring,4-WEDNESDAY,total_stopped_objects,0
9/10/2025 1:00,Jefferson Street and Fred Waring,4-WEDNESDAY,trucks_stopped,0
9/10/2025 1:00,Jefferson Street and Fred Waring,4-WEDNESDAY,cars_stopped,0
9/10/2025 1:00,Jefferson Street and Fred Waring,4-WEDNESDAY,buses_stopped,0
9/10/2025 1:00,Jefferson Street and Fred Waring,4-WEDNESDAY,motorcycles_stopped,0
9/10/2025 1:00,Jefferson Street and Fred Waring,4-WEDNESDAY,persons_stopped,0
9/10/2025 1:00,Jefferson Street and Fred Waring,4-WEDNESDAY,bikes_stopped,0
9/10/2025 1:00,Jefferson Street and Fred Waring,4-WEDNESDAY,bicycles_stopped,0
9/10/2025 2:00,Jefferson Street and Fred Waring,4-WEDNESDAY,total_counts,0
9/10/2025 2:00,Jefferson Street and Fred Waring,4-WEDNESDAY,trucks_counts,0
9/10/2025 2:00,Jefferson Street and Fred Waring,4-WEDNESDAY,cars_counts,0
9/10/2025 2:00,Jefferson Street and Fred Waring,4-WEDNESDAY,buses_counts,0
9/10/2025 2:00,Jefferson Street and Fred Waring,4-WEDNESDAY,motorcycles_counts,0
9/10/2025 2:00,Jefferson Street and Fred Waring,4-WEDNESDAY,persons_counts,0
9/10/2025 2:00,Jefferson Street and Fred Waring,4-WEDNESDAY,bikes_counts,0
9/10/2025 2:00,Jefferson Street and Fred Waring,4-WEDNESDAY,bicycles_counts,0
9/10/2025 2:00,Jefferson Street and Fred Waring,4-WEDNESDAY,average_speed_mph,0
9/10/2025 2:00,Jefferson Street and Fred Waring,4-WEDNESDAY,trucks_speed_in_mph,0
9/10/2025 2:00,Jefferson Street and Fred Waring,4-WEDNESDAY,cars_speed_in_mph,0
9/10/2025 2:00,Jefferson Street and Fred Waring,4-WEDNESDAY,buses_speed_in_mph,0
9/10/2025 2:00,Jefferson Street and Fred Waring,4-WEDNESDAY,motorcycles_speed_in_mph,0
9/10/2025 2:00,Jefferson Street and Fred Waring,4-WEDNESDAY,persons_speed_in_mph,0
9/10/2025 2:00,Jefferson Street and Fred Waring,4-WEDNESDAY,bikes_speed_in_mph,0
9/10/2025 2:00,Jefferson Street and Fred Waring,4-WEDNESDAY,bicycles_speed_in_mph,0
9/10/2025 2:00,Jefferson Street and Fred Waring,4-WEDNESDAY,total_stopped_objects,0
9/10/2025 2:00,Jefferson Street and Fred Waring,4-WEDNESDAY,trucks_stopped,0
9/10/2025 2:00,Jefferson Street and Fred Waring,4-WEDNESDAY,cars_stopped,0
9/10/2025 2:00,Jefferson Street and Fred Waring,4-WEDNESDAY,buses_stopped,0
9/10/2025 2:00,Jefferson Street and Fred Waring,4-WEDNESDAY,motorcycles_stopped,0
9/10/2025 2:00,Jefferson Street and Fred Waring,4-WEDNESDAY,persons_stopped,0
9/10/2025 2:00,Jefferson Street and Fred Waring,4-WEDNESDAY,bikes_stopped,0
9/10/2025 2:00,Jefferson Street and Fred Waring,4-WEDNESDAY,bicycles_stopped,0
9/10/2025 3:00,Jefferson Street and Fred Waring,4-WEDNESDAY,total_counts,0
9/10/2025 3:00,Jefferson Street and Fred Waring,4-WEDNESDAY,trucks_counts,0
9/10/2025 3:00,Jefferson Street and Fred Waring,4-WEDNESDAY,cars_counts,0
9/10/2025 3:00,Jefferson Street and Fred Waring,4-WEDNESDAY,buses_counts,0
9/10/2025 3:00,Jefferson Street and Fred Waring,4-WEDNESDAY,motorcycles_counts,0
9/10/2025 3:00,Jefferson Street and Fred Waring,4-WEDNESDAY,persons_counts,0
9/10/2025 3:00,Jefferson Street and Fred Waring,4-WEDNESDAY,bikes_counts,0
9/10/2025 3:00,Jefferson Street and Fred Waring,4-WEDNESDAY,bicycles_counts,0
9/10/2025 3:00,Jefferson Street and Fred Waring,4-WEDNESDAY,average_speed_mph,0
9/10/2025 3:00,Jefferson Street and Fred Waring,4-WEDNESDAY,trucks_speed_in_mph,0
9/10/2025 3:00,Jefferson Street and Fred Waring,4-WEDNESDAY,cars_speed_in_mph,0
9/10/2025 3:00,Jefferson Street and Fred Waring,4-WEDNESDAY,buses_speed_in_mph,0
9/10/2025 3:00,Jefferson Street and Fred Waring,4-WEDNESDAY,motorcycles_speed_in_mph,0
9/10/2025 3:00,Jefferson Street and Fred Waring,4-WEDNESDAY,persons_speed_in_mph,0
9/10/2025 3:00,Jefferson Street and Fred Waring,4-WEDNESDAY,bikes_speed_in_mph,0
9/10/2025 3:00,Jefferson Street and Fred Waring,4-WEDNESDAY,bicycles_speed_in_mph,0
9/10/2025 3:00,Jefferson Street and Fred Waring,4-WEDNESDAY,total_stopped_objects,0
9/10/2025 3:00,Jefferson Street and Fred Waring,4-WEDNESDAY,trucks_stopped,0
9/10/2025 3:00,Jefferson Street and Fred Waring,4-WEDNESDAY,cars_stopped,0
9/10/2025 3:00,Jefferson Street and Fred Waring,4-WEDNESDAY,buses_stopped,0
9/10/2025 3:00,Jefferson Street and Fred Waring,4-WEDNESDAY,motorcycles_stopped,0
9/10/2025 3:00,Jefferson Street and Fred Waring,4-WEDNESDAY,persons_stopped,0
9/10/2025 3:00,Jefferson Street and Fred Waring,4-WEDNESDAY,bikes_stopped,0
9/10/2025 3:00,Jefferson Street and Fred Waring,4-WEDNESDAY,bicycles_stopped,0
9/10/2025 4:00,Jefferson Street and Fred Waring,4-WEDNESDAY,total_counts,0
9/10/2025 4:00,Jefferson Street and Fred Waring,4-WEDNESDAY,trucks_counts,0
9/10/2025 4:00,Jefferson Street and Fred Waring,4-WEDNESDAY,cars_counts,0
9/10/2025 4:00,Jefferson Street and Fred Waring,4-WEDNESDAY,buses_counts,0
9/10/2025 4:00,Jefferson Street and Fred Waring,4-WEDNESDAY,motorcycles_counts,0
9/10/2025 4:00,Jefferson Street and Fred Waring,4-WEDNESDAY,persons_counts,0
9/10/2025 4:00,Jefferson Street and Fred Waring,4-WEDNESDAY,bikes_counts,0
9/10/2025 4:00,Jefferson Street and Fred Waring,4-WEDNESDAY,bicycles_counts,0
9/10/2025 4:00,Jefferson Street and Fred Waring,4-WEDNESDAY,average_speed_mph,0
9/10/2025 4:00,Jefferson Street and Fred Waring,4-WEDNESDAY,trucks_speed_in_mph,0
9/10/2025 4:00,Jefferson Street and Fred Waring,4-WEDNESDAY,cars_speed_in_mph,0
9/10/2025 4:00,Jefferson Street and Fred Waring,4-WEDNESDAY,buses_speed_in_mph,0
9/10/2025 4:00,Jefferson Street and Fred Waring,4-WEDNESDAY,motorcycles_speed_in_mph,0
9/10/2025 4:00,Jefferson Street and Fred Waring,4-WEDNESDAY,persons_speed_in_mph,0
9/10/2025 4:00,Jefferson Street and Fred Waring,4-WEDNESDAY,bikes_speed_in_mph,0
9/10/2025 4:00,Jefferson Street and Fred Waring,4-WEDNESDAY,bicycles_speed_in_mph,0
9/10/2025 4:00,Jefferson Street and Fred Waring,4-WEDNESDAY,total_stopped_objects,0
9/10/2025 4:00,Jefferson Street and Fred Waring,4-WEDNESDAY,trucks_stopped,0
9/10/2025 4:00,Jefferson Street and Fred Waring,4-WEDNESDAY,cars_stopped,0
9/10/2025 4:00,Jefferson Street and Fred Waring,4-WEDNESDAY,buses_stopped,0
9/10/2025 4:00,Jefferson Street and Fred Waring,4-WEDNESDAY,motorcycles_stopped,0
9/10/2025 4:00,Jefferson Street and Fred Waring,4-WEDNESDAY,persons_stopped,0
9/10/2025 4:00,Jefferson Street and Fred Waring,4-WEDNESDAY,bikes_stopped,0
9/10/2025 4:00,Jefferson Street and Fred Waring,4-WEDNESDAY,bicycles_stopped,0
9/10/2025 5:00,Jefferson Street and Fred Waring,4-WEDNESDAY,total_counts,0
9/10/2025 5:00,Jefferson Street and Fred Waring,4-WEDNESDAY,trucks_counts,0
9/10/2025 5:00,Jefferson Street and Fred Waring,4-WEDNESDAY,cars_counts,0
9/10/2025 5:00,Jefferson Street and Fred Waring,4-WEDNESDAY,buses_counts,0
9/10/2025 5:00,Jefferson Street and Fred Waring,4-WEDNESDAY,motorcycles_counts,0
9/10/2025 5:00,Jefferson Street and Fred Waring,4-WEDNESDAY,persons_counts,0
9/10/2025 5:00,Jefferson Street and Fred Waring,4-WEDNESDAY,bikes_counts,0
9/10/2025 5:00,Jefferson Street and Fred Waring,4-WEDNESDAY,bicycles_counts,0
9/10/2025 5:00,Jefferson Street and Fred Waring,4-WEDNESDAY,average_speed_mph,0
9/10/2025 5:00,Jefferson Street and Fred Waring,4-WEDNESDAY,trucks_speed_in_mph,0
9/10/2025 5:00,Jefferson Street and Fred Waring,4-WEDNESDAY,cars_speed_in_mph,0
9/10/2025 5:00,Jefferson Street and Fred Waring,4-WEDNESDAY,buses_speed_in_mph,0
9/10/2025 5:00,Jefferson Street and Fred Waring,4-WEDNESDAY,motorcycles_speed_in_mph,0
9/10/2025 5:00,Jefferson Street and Fred Waring,4-WEDNESDAY,persons_speed_in_mph,0
9/10/2025 5:00,Jefferson Street and Fred Waring,4-WEDNESDAY,bikes_speed_in_mph,0
9/10/2025 5:00,Jefferson Street and Fred Waring,4-WEDNESDAY,bicycles_speed_in_mph,0
9/10/2025 5:00,Jefferson Street and Fred Waring,4-WEDNESDAY,total_stopped_objects,0
9/10/2025 5:00,Jefferson Street and Fred Waring,4-WEDNESDAY,trucks_stopped,0
9/10/2025 5:00,Jefferson Street and Fred Waring,4-WEDNESDAY,cars_stopped,0
9/10/2025 5:00,Jefferson Street and Fred Waring,4-WEDNESDAY,buses_stopped,0
9/10/2025 5:00,Jefferson Street and Fred Waring,4-WEDNESDAY,motorcycles_stopped,0
9/10/2025 5:00,Jefferson Street and Fred Waring,4-WEDNESDAY,persons_stopped,0
9/10/2025 5:00,Jefferson Street and Fred Waring,4-WEDNESDAY,bikes_stopped,0
9/10/2025 5:00,Jefferson Street and Fred Waring,4-WEDNESDAY,bicycles_stopped,0
9/10/2025 6:00,Jefferson Street and Fred Waring,4-WEDNESDAY,total_counts,0
9/10/2025 6:00,Jefferson Street and Fred Waring,4-WEDNESDAY,trucks_counts,0
9/10/2025 6:00,Jefferson Street and Fred Waring,4-WEDNESDAY,cars_counts,0
9/10/2025 6:00,Jefferson Street and Fred Waring,4-WEDNESDAY,buses_counts,0
9/10/2025 6:00,Jefferson Street and Fred Waring,4-WEDNESDAY,motorcycles_counts,0
9/10/2025 6:00,Jefferson Street and Fred Waring,4-WEDNESDAY,persons_counts,0
9/10/2025 6:00,Jefferson Street and Fred Waring,4-WEDNESDAY,bikes_counts,0
9/10/2025 6:00,Jefferson Street and Fred Waring,4-WEDNESDAY,bicycles_counts,0
9/10/2025 6:00,Jefferson Street and Fred Waring,4-WEDNESDAY,average_speed_mph,0
9/10/2025 6:00,Jefferson Street and Fred Waring,4-WEDNESDAY,trucks_speed_in_mph,0
9/10/2025 6:00,Jefferson Street and Fred Waring,4-WEDNESDAY,cars_speed_in_mph,0
9/10/2025 6:00,Jefferson Street and Fred Waring,4-WEDNESDAY,buses_speed_in_mph,0
9/10/2025 6:00,Jefferson Street and Fred Waring,4-WEDNESDAY,motorcycles_speed_in_mph,0
9/10/2025 6:00,Jefferson Street and Fred Waring,4-WEDNESDAY,persons_speed_in_mph,0
9/10/2025 6:00,Jefferson Street and Fred Waring,4-WEDNESDAY,bikes_speed_in_mph,0
9/10/2025 6:00,Jefferson Street and Fred Waring,4-WEDNESDAY,bicycles_speed_in_mph,0
9/10/2025 6:00,Jefferson Street and Fred Waring,4-WEDNESDAY,total_stopped_objects,0
9/10/2025 6:00,Jefferson Street and Fred Waring,4-WEDNESDAY,trucks_stopped,0
9/10/2025 6:00,Jefferson Street and Fred Waring,4-WEDNESDAY,cars_stopped,0
9/10/2025 6:00,Jefferson Street and Fred Waring,4-WEDNESDAY,buses_stopped,0
9/10/2025 6:00,Jefferson Street and Fred Waring,4-WEDNESDAY,motorcycles_stopped,0
9/10/2025 6:00,Jefferson Street and Fred Waring,4-WEDNESDAY,persons_stopped,0
9/10/2025 6:00,Jefferson Street and Fred Waring,4-WEDNESDAY,bikes_stopped,0
9/10/2025 6:00,Jefferson Street and Fred Waring,4-WEDNESDAY,bicycles_stopped,0
9/10/2025 7:00,Jefferson Street and Fred Waring,4-WEDNESDAY,total_counts,0
9/10/2025 7:00,Jefferson Street and Fred Waring,4-WEDNESDAY,trucks_counts,0
9/10/2025 7:00,Jefferson Street and Fred Waring,4-WEDNESDAY,cars_counts,0
9/10/2025 7:00,Jefferson Street and Fred Waring,4-WEDNESDAY,buses_counts,0
9/10/2025 7:00,Jefferson Street and Fred Waring,4-WEDNESDAY,motorcycles_counts,0
9/10/2025 7:00,Jefferson Street and Fred Waring,4-WEDNESDAY,persons_counts,0
9/10/2025 7:00,Jefferson Street and Fred Waring,4-WEDNESDAY,bikes_counts,0
9/10/2025 7:00,Jefferson Street and Fred Waring,4-WEDNESDAY,bicycles_counts,0
9/10/2025 7:00,Jefferson Street and Fred Waring,4-WEDNESDAY,average_speed_mph,0
9/10/2025 7:00,Jefferson Street and Fred Waring,4-WEDNESDAY,trucks_speed_in_mph,0
9/10/2025 7:00,Jefferson Street and Fred Waring,4-WEDNESDAY,cars_speed_in_mph,0
9/10/2025 7:00,Jefferson Street and Fred Waring,4-WEDNESDAY,buses_speed_in_mph,0
9/10/2025 7:00,Jefferson Street and Fred Waring,4-WEDNESDAY,motorcycles_speed_in_mph,0
9/10/2025 7:00,Jefferson Street and Fred Waring,4-WEDNESDAY,persons_speed_in_mph,0
9/10/2025 7:00,Jefferson Street and Fred Waring,4-WEDNESDAY,bikes_speed_in_mph,0
9/10/2025 7:00,Jefferson Street and Fred Waring,4-WEDNESDAY,bicycles_speed_in_mph,0
9/10/2025 7:00,Jefferson Street and Fred Waring,4-WEDNESDAY,total_stopped_objects,0
9/10/2025 7:00,Jefferson Street and Fred Waring,4-WEDNESDAY,trucks_stopped,0
9/10/2025 7:00,Jefferson Street and Fred Waring,4-WEDNESDAY,cars_stopped,0
9/10/2025 7:00,Jefferson Street and Fred Waring,4-WEDNESDAY,buses_stopped,0
9/10/2025 7:00,Jefferson Street and Fred Waring,4-WEDNESDAY,motorcycles_stopped,0
9/10/2025 7:00,Jefferson Street and Fred Waring,4-WEDNESDAY,persons_stopped,0
9/10/2025 7:00,Jefferson Street and Fred Waring,4-WEDNESDAY,bikes_stopped,0
9/10/2025 7:00,Jefferson Street and Fred Waring,4-WEDNESDAY,bicycles_stopped,0
9/10/2025 8:00,Jefferson Street and Fred Waring,4-WEDNESDAY,total_counts,0
9/10/2025 8:00,Jefferson Street and Fred Waring,4-WEDNESDAY,trucks_counts,0
9/10/2025 8:00,Jefferson Street and Fred Waring,4-WEDNESDAY,cars_counts,0
9/10/2025 8:00,Jefferson Street and Fred Waring,4-WEDNESDAY,buses_counts,0
9/10/2025 8:00,Jefferson Street and Fred Waring,4-WEDNESDAY,motorcycles_counts,0
9/10/2025 8:00,Jefferson Street and Fred Waring,4-WEDNESDAY,persons_counts,0
9/10/2025 8:00,Jefferson Street and Fred Waring,4-WEDNESDAY,bikes_counts,0
9/10/2025 8:00,Jefferson Street and Fred Waring,4-WEDNESDAY,bicycles_counts,0
9/10/2025 8:00,Jefferson Street and Fred Waring,4-WEDNESDAY,average_speed_mph,0
9/10/2025 8:00,Jefferson Street and Fred Waring,4-WEDNESDAY,trucks_speed_in_mph,0
9/10/2025 8:00,Jefferson Street and Fred Waring,4-WEDNESDAY,cars_speed_in_mph,0
9/10/2025 8:00,Jefferson Street and Fred Waring,4-WEDNESDAY,buses_speed_in_mph,0
9/10/2025 8:00,Jefferson Street and Fred Waring,4-WEDNESDAY,motorcycles_speed_in_mph,0
9/10/2025 8:00,Jefferson Street and Fred Waring,4-WEDNESDAY,persons_speed_in_mph,0
9/10/2025 8:00,Jefferson Street and Fred Waring,4-WEDNESDAY,bikes_speed_in_mph,0
9/10/2025 8:00,Jefferson Street and Fred Waring,4-WEDNESDAY,bicycles_speed_in_mph,0
9/10/2025 8:00,Jefferson Street and Fred Waring,4-WEDNESDAY,total_stopped_objects,0
9/10/2025 8:00,Jefferson Street and Fred Waring,4-WEDNESDAY,trucks_stopped,0
9/10/2025 8:00,Jefferson Street and Fred Waring,4-WEDNESDAY,cars_stopped,0
9/10/2025 8:00,Jefferson Street and Fred Waring,4-WEDNESDAY,buses_stopped,0
9/10/2025 8:00,Jefferson Street and Fred Waring,4-WEDNESDAY,motorcycles_stopped,0
9/10/2025 8:00,Jefferson Street and Fred Waring,4-WEDNESDAY,persons_stopped,0
9/10/2025 8:00,Jefferson Street and Fred Waring,4-WEDNESDAY,bikes_stopped,0
9/10/2025 8:00,Jefferson Street and Fred Waring,4-WEDNESDAY,bicycles_stopped,0
9/10/2025 9:00,Jefferson Street and Fred Waring,4-WEDNESDAY,total_counts,0
9/10/2025 9:00,Jefferson Street and Fred Waring,4-WEDNESDAY,trucks_counts,0
9/10/2025 9:00,Jefferson Street and Fred Waring,4-WEDNESDAY,cars_counts,0
9/10/2025 9:00,Jefferson Street and Fred Waring,4-WEDNESDAY,buses_counts,0
9/10/2025 9:00,Jefferson Street and Fred Waring,4-WEDNESDAY,motorcycles_counts,0
9/10/2025 9:00,Jefferson Street and Fred Waring,4-WEDNESDAY,persons_counts,0
9/10/2025 9:00,Jefferson Street and Fred Waring,4-WEDNESDAY,bikes_counts,0
9/10/2025 9:00,Jefferson Street and Fred Waring,4-WEDNESDAY,bicycles_counts,0
9/10/2025 9:00,Jefferson Street and Fred Waring,4-WEDNESDAY,average_speed_mph,0
9/10/2025 9:00,Jefferson Street and Fred Waring,4-WEDNESDAY,trucks_speed_in_mph,0
9/10/2025 9:00,Jefferson Street and Fred Waring,4-WEDNESDAY,cars_speed_in_mph,0
9/10/2025 9:00,Jefferson Street and Fred Waring,4-WEDNESDAY,buses_speed_in_mph,0
9/10/2025 9:00,Jefferson Street and Fred Waring,4-WEDNESDAY,motorcycles_speed_in_mph,0
9/10/2025 9:00,Jefferson Street and Fred Waring,4-WEDNESDAY,persons_speed_in_mph,0
9/10/2025 9:00,Jefferson Street and Fred Waring,4-WEDNESDAY,bikes_speed_in_mph,0
9/10/2025 9:00,Jefferson Street and Fred Waring,4-WEDNESDAY,bicycles_speed_in_mph,0
9/10/2025 9:00,Jefferson Street and Fred Waring,4-WEDNESDAY,total_stopped_objects,0
9/10/2025 9:00,Jefferson Street and Fred Waring,4-WEDNESDAY,trucks_stopped,0
9/10/2025 9:00,Jefferson Street and Fred Waring,4-WEDNESDAY,cars_stopped,0
9/10/2025 9:00,Jefferson Street and Fred Waring,4-WEDNESDAY,buses_stopped,0
9/10/2025 9:00,Jefferson Street and Fred Waring,4-WEDNESDAY,motorcycles_stopped,0
9/10/2025 9:00,Jefferson Street and Fred Waring,4-WEDNESDAY,persons_stopped,0
9/10/2025 9:00,Jefferson Street and Fred Waring,4-WEDNESDAY,bikes_stopped,0
9/10/2025 9:00,Jefferson Street and Fred Waring,4-WEDNESDAY,bicycles_stopped,0
9/10/2025 10:00,Jefferson Street and Fred Waring,4-WEDNESDAY,total_counts,0
9/10/2025 10:00,Jefferson Street and Fred Waring,4-WEDNESDAY,trucks_counts,0
9/10/2025 10:00,Jefferson Street and Fred Waring,4-WEDNESDAY,cars_counts,0
9/10/2025 10:00,Jefferson Street and Fred Waring,4-WEDNESDAY,buses_counts,0
9/10/2025 10:00,Jefferson Street and Fred Waring,4-WEDNESDAY,motorcycles_counts,0
9/10/2025 10:00,Jefferson Street and Fred Waring,4-WEDNESDAY,persons_counts,0
9/10/2025 10:00,Jefferson Street and Fred Waring,4-WEDNESDAY,bikes_counts,0
9/10/2025 10:00,Jefferson Street and Fred Waring,4-WEDNESDAY,bicycles_counts,0
9/10/2025 10:00,Jefferson Street and Fred Waring,4-WEDNESDAY,average_speed_mph,0
9/10/2025 10:00,Jefferson Street and Fred Waring,4-WEDNESDAY,trucks_speed_in_mph,0
9/10/2025 10:00,Jefferson Street and Fred Waring,4-WEDNESDAY,cars_speed_in_mph,0
9/10/2025 10:00,Jefferson Street and Fred Waring,4-WEDNESDAY,buses_speed_in_mph,0
9/10/2025 10:00,Jefferson Street and Fred Waring,4-WEDNESDAY,motorcycles_speed_in_mph,0
9/10/2025 10:00,Jefferson Street and Fred Waring,4-WEDNESDAY,persons_speed_in_mph,0
9/10/2025 10:00,Jefferson Street and Fred Waring,4-WEDNESDAY,bikes_speed_in_mph,0
9/10/2025 10:00,Jefferson Street and Fred Waring,4-WEDNESDAY,bicycles_speed_in_mph,0
9/10/2025 10:00,Jefferson Street and Fred Waring,4-WEDNESDAY,total_stopped_objects,0
9/10/2025 10:00,Jefferson Street and Fred Waring,4-WEDNESDAY,trucks_stopped,0
9/10/2025 10:00,Jefferson Street and Fred Waring,4-WEDNESDAY,cars_stopped,0
9/10/2025 10:00,Jefferson Street and Fred Waring,4-WEDNESDAY,buses_stopped,0
9/10/2025 10:00,Jefferson Street and Fred Waring,4-WEDNESDAY,motorcycles_stopped,0
9/10/2025 10:00,Jefferson Street and Fred Waring,4-WEDNESDAY,persons_stopped,0
9/10/2025 10:00,Jefferson Street and Fred Waring,4-WEDNESDAY,bikes_stopped,0
9/10/2025 10:00,Jefferson Street and Fred Waring,4-WEDNESDAY,bicycles_stopped,0
9/10/2025 11:00,Jefferson Street and Fred Waring,4-WEDNESDAY,total_counts,0
9/10/2025 11:00,Jefferson Street and Fred Waring,4-WEDNESDAY,trucks_counts,0
9/10/2025 11:00,Jefferson Street and Fred Waring,4-WEDNESDAY,cars_counts,0
9/10/2025 11:00,Jefferson Street and Fred Waring,4-WEDNESDAY,buses_counts,0
9/10/2025 11:00,Jefferson Street and Fred Waring,4-WEDNESDAY,motorcycles_counts,0
9/10/2025 11:00,Jefferson Street and Fred Waring,4-WEDNESDAY,persons_counts,0
9/10/2025 11:00,Jefferson Street and Fred Waring,4-WEDNESDAY,bikes_counts,0
9/10/2025 11:00,Jefferson Street and Fred Waring,4-WEDNESDAY,bicycles_counts,0
9/10/2025 11:00,Jefferson Street and Fred Waring,4-WEDNESDAY,average_speed_mph,0
9/10/2025 11:00,Jefferson Street and Fred Waring,4-WEDNESDAY,trucks_speed_in_mph,0
9/10/2025 11:00,Jefferson Street and Fred Waring,4-WEDNESDAY,cars_speed_in_mph,0
9/10/2025 11:00,Jefferson Street and Fred Waring,4-WEDNESDAY,buses_speed_in_mph,0
9/10/2025 11:00,Jefferson Street and Fred Waring,4-WEDNESDAY,motorcycles_speed_in_mph,0
9/10/2025 11:00,Jefferson Street and Fred Waring,4-WEDNESDAY,persons_speed_in_mph,0
9/10/2025 11:00,Jefferson Street and Fred Waring,4-WEDNESDAY,bikes_speed_in_mph,0
9/10/2025 11:00,Jefferson Street and Fred Waring,4-WEDNESDAY,bicycles_speed_in_mph,0
9/10/2025 11:00,Jefferson Street and Fred Waring,4-WEDNESDAY,total_stopped_objects,0
9/10/2025 11:00,Jefferson Street and Fred Waring,4-WEDNESDAY,trucks_stopped,0
9/10/2025 11:00,Jefferson Street and Fred Waring,4-WEDNESDAY,cars_stopped,0
9/10/2025 11:00,Jefferson Street and Fred Waring,4-WEDNESDAY,buses_stopped,0
9/10/2025 11:00,Jefferson Street and Fred Waring,4-WEDNESDAY,motorcycles_stopped,0
9/10/2025 11:00,Jefferson Street and Fred Waring,4-WEDNESDAY,persons_stopped,0
9/10/2025 11:00,Jefferson Street and Fred Waring,4-WEDNESDAY,bikes_stopped,0
9/10/2025 11:00,Jefferson Street and Fred Waring,4-WEDNESDAY,bicycles_stopped,0
9/10/2025 12:00,Jefferson Street and Fred Waring,4-WEDNESDAY,total_counts,0
9/10/2025 12:00,Jefferson Street and Fred Waring,4-WEDNESDAY,trucks_counts,0
9/10/2025 12:00,Jefferson Street and Fred Waring,4-WEDNESDAY,cars_counts,0
9/10/2025 12:00,Jefferson Street and Fred Waring,4-WEDNESDAY,buses_counts,0
9/10/2025 12:00,Jefferson Street and Fred Waring,4-WEDNESDAY,motorcycles_counts,0
9/10/2025 12:00,Jefferson Street and Fred Waring,4-WEDNESDAY,persons_counts,0
9/10/2025 12:00,Jefferson Street and Fred Waring,4-WEDNESDAY,bikes_counts,0
9/10/2025 12:00,Jefferson Street and Fred Waring,4-WEDNESDAY,bicycles_counts,0
9/10/2025 12:00,Jefferson Street and Fred Waring,4-WEDNESDAY,average_speed_mph,0
9/10/2025 12:00,Jefferson Street and Fred Waring,4-WEDNESDAY,trucks_speed_in_mph,0
9/10/2025 12:00,Jefferson Street and Fred Waring,4-WEDNESDAY,cars_speed_in_mph,0
9/10/2025 12:00,Jefferson Street and Fred Waring,4-WEDNESDAY,buses_speed_in_mph,0
9/10/2025 12:00,Jefferson Street and Fred Waring,4-WEDNESDAY,motorcycles_speed_in_mph,0
9/10/2025 12:00,Jefferson Street and Fred Waring,4-WEDNESDAY,persons_speed_in_mph,0
9/10/2025 12:00,Jefferson Street and Fred Waring,4-WEDNESDAY,bikes_speed_in_mph,0
9/10/2025 12:00,Jefferson Street and Fred Waring,4-WEDNESDAY,bicycles_speed_in_mph,0
9/10/2025 12:00,Jefferson Street and Fred Waring,4-WEDNESDAY,total_stopped_objects,0
9/10/2025 12:00,Jefferson Street and Fred Waring,4-WEDNESDAY,trucks_stopped,0
9/10/2025 12:00,Jefferson Street and Fred Waring,4-WEDNESDAY,cars_stopped,0
9/10/2025 12:00,Jefferson Street and Fred Waring,4-WEDNESDAY,buses_stopped,0
9/10/2025 12:00,Jefferson Street and Fred Waring,4-WEDNESDAY,motorcycles_stopped,0
9/10/2025 12:00,Jefferson Street and Fred Waring,4-WEDNESDAY,persons_stopped,0
9/10/2025 12:00,Jefferson Street and Fred Waring,4-WEDNESDAY,bikes_stopped,0
9/10/2025 12:00,Jefferson Street and Fred Waring,4-WEDNESDAY,bicycles_stopped,0
9/10/2025 13:00,Jefferson Street and Fred Waring,4-WEDNESDAY,total_counts,0
9/10/2025 13:00,Jefferson Street and Fred Waring,4-WEDNESDAY,trucks_counts,0
9/10/2025 13:00,Jefferson Street and Fred Waring,4-WEDNESDAY,cars_counts,0
9/10/2025 13:00,Jefferson Street and Fred Waring,4-WEDNESDAY,buses_counts,0
9/10/2025 13:00,Jefferson Street and Fred Waring,4-WEDNESDAY,motorcycles_counts,0
9/10/2025 13:00,Jefferson Street and Fred Waring,4-WEDNESDAY,persons_counts,0
9/10/2025 13:00,Jefferson Street and Fred Waring,4-WEDNESDAY,bikes_counts,0
9/10/2025 13:00,Jefferson Street and Fred Waring,4-WEDNESDAY,bicycles_counts,0
9/10/2025 13:00,Jefferson Street and Fred Waring,4-WEDNESDAY,average_speed_mph,0
9/10/2025 13:00,Jefferson Street and Fred Waring,4-WEDNESDAY,trucks_speed_in_mph,0
9/10/2025 13:00,Jefferson Street and Fred Waring,4-WEDNESDAY,cars_speed_in_mph,0
9/10/2025 13:00,Jefferson Street and Fred Waring,4-WEDNESDAY,buses_speed_in_mph,0
9/10/2025 13:00,Jefferson Street and Fred Waring,4-WEDNESDAY,motorcycles_speed_in_mph,0
9/10/2025 13:00,Jefferson Street and Fred Waring,4-WEDNESDAY,persons_speed_in_mph,0
9/10/2025 13:00,Jefferson Street and Fred Waring,4-WEDNESDAY,bikes_speed_in_mph,0
9/10/2025 13:00,Jefferson Street and Fred Waring,4-WEDNESDAY,bicycles_speed_in_mph,0
9/10/2025 13:00,Jefferson Street and Fred Waring,4-WEDNESDAY,total_stopped_objects,0
9/10/2025 13:00,Jefferson Street and Fred Waring,4-WEDNESDAY,trucks_stopped,0
9/10/2025 13:00,Jefferson Street and Fred Waring,4-WEDNESDAY,cars_stopped,0
9/10/2025 13:00,Jefferson Street and Fred Waring,4-WEDNESDAY,buses_stopped,0
9/10/2025 13:00,Jefferson Street and Fred Waring,4-WEDNESDAY,motorcycles_stopped,0
9/10/2025 13:00,Jefferson Street and Fred Waring,4-WEDNESDAY,persons_stopped,0
9/10/2025 13:00,Jefferson Street and Fred Waring,4-WEDNESDAY,bikes_stopped,0
9/10/2025 13:00,Jefferson Street and Fred Waring,4-WEDNESDAY,bicycles_stopped,0
9/10/2025 14:00,Jefferson Street and Fred Waring,4-WEDNESDAY,total_counts,0
9/10/2025 14:00,Jefferson Street and Fred Waring,4-WEDNESDAY,trucks_counts,0
9/10/2025 14:00,Jefferson Street and Fred Waring,4-WEDNESDAY,cars_counts,0
9/10/2025 14:00,Jefferson Street and Fred Waring,4-WEDNESDAY,buses_counts,0
9/10/2025 14:00,Jefferson Street and Fred Waring,4-WEDNESDAY,motorcycles_counts,0
9/10/2025 14:00,Jefferson Street and Fred Waring,4-WEDNESDAY,persons_counts,0
9/10/2025 14:00,Jefferson Street and Fred Waring,4-WEDNESDAY,bikes_counts,0
9/10/2025 14:00,Jefferson Street and Fred Waring,4-WEDNESDAY,bicycles_counts,0
9/10/2025 14:00,Jefferson Street and Fred Waring,4-WEDNESDAY,average_speed_mph,0
9/10/2025 14:00,Jefferson Street and Fred Waring,4-WEDNESDAY,trucks_speed_in_mph,0
9/10/2025 14:00,Jefferson Street and Fred Waring,4-WEDNESDAY,cars_speed_in_mph,0
9/10/2025 14:00,Jefferson Street and Fred Waring,4-WEDNESDAY,buses_speed_in_mph,0
9/10/2025 14:00,Jefferson Street and Fred Waring,4-WEDNESDAY,motorcycles_speed_in_mph,0
9/10/2025 14:00,Jefferson Street and Fred Waring,4-WEDNESDAY,persons_speed_in_mph,0
9/10/2025 14:00,Jefferson Street and Fred Waring,4-WEDNESDAY,bikes_speed_in_mph,0
9/10/2025 14:00,Jefferson Street and Fred Waring,4-WEDNESDAY,bicycles_speed_in_mph,0
9/10/2025 14:00,Jefferson Street and Fred Waring,4-WEDNESDAY,total_stopped_objects,0
9/10/2025 14:00,Jefferson Street and Fred Waring,4-WEDNESDAY,trucks_stopped,0
9/10/2025 14:00,Jefferson Street and Fred Waring,4-WEDNESDAY,cars_stopped,0
9/10/2025 14:00,Jefferson Street and Fred Waring,4-WEDNESDAY,buses_stopped,0
9/10/2025 14:00,Jefferson Street and Fred Waring,4-WEDNESDAY,motorcycles_stopped,0
9/10/2025 14:00,Jefferson Street and Fred Waring,4-WEDNESDAY,persons_stopped,0
9/10/2025 14:00,Jefferson Street and Fred Waring,4-WEDNESDAY,bikes_stopped,0
9/10/2025 14:00,Jefferson Street and Fred Waring,4-WEDNESDAY,bicycles_stopped,0
9/10/2025 15:00,Jefferson Street and Fred Waring,4-WEDNESDAY,total_counts,0
9/10/2025 15:00,Jefferson Street and Fred Waring,4-WEDNESDAY,trucks_counts,0
9/10/2025 15:00,Jefferson Street and Fred Waring,4-WEDNESDAY,cars_counts,0
9/10/2025 15:00,Jefferson Street and Fred Waring,4-WEDNESDAY,buses_counts,0
9/10/2025 15:00,Jefferson Street and Fred Waring,4-WEDNESDAY,motorcycles_counts,0
9/10/2025 15:00,Jefferson Street and Fred Waring,4-WEDNESDAY,persons_counts,0
9/10/2025 15:00,Jefferson Street and Fred Waring,4-WEDNESDAY,bikes_counts,0
9/10/2025 15:00,Jefferson Street and Fred Waring,4-WEDNESDAY,bicycles_counts,0
9/10/2025 15:00,Jefferson Street and Fred Waring,4-WEDNESDAY,average_speed_mph,0
9/10/2025 15:00,Jefferson Street and Fred Waring,4-WEDNESDAY,trucks_speed_in_mph,0
9/10/2025 15:00,Jefferson Street and Fred Waring,4-WEDNESDAY,cars_speed_in_mph,0
9/10/2025 15:00,Jefferson Street and Fred Waring,4-WEDNESDAY,buses_speed_in_mph,0
9/10/2025 15:00,Jefferson Street and Fred Waring,4-WEDNESDAY,motorcycles_speed_in_mph,0
9/10/2025 15:00,Jefferson Street and Fred Waring,4-WEDNESDAY,persons_speed_in_mph,0
9/10/2025 15:00,Jefferson Street and Fred Waring,4-WEDNESDAY,bikes_speed_in_mph,0
9/10/2025 15:00,Jefferson Street and Fred Waring,4-WEDNESDAY,bicycles_speed_in_mph,0
9/10/2025 15:00,Jefferson Street and Fred Waring,4-WEDNESDAY,total_stopped_objects,0
9/10/2025 15:00,Jefferson Street and Fred Waring,4-WEDNESDAY,trucks_stopped,0
9/10/2025 15:00,Jefferson Street and Fred Waring,4-WEDNESDAY,cars_stopped,0
9/10/2025 15:00,Jefferson Street and Fred Waring,4-WEDNESDAY,buses_stopped,0
9/10/2025 15:00,Jefferson Street and Fred Waring,4-WEDNESDAY,motorcycles_stopped,0
9/10/2025 15:00,Jefferson Street and Fred Waring,4-WEDNESDAY,persons_stopped,0
9/10/2025 15:00,Jefferson Street and Fred Waring,4-WEDNESDAY,bikes_stopped,0
9/10/2025 15:00,Jefferson Street and Fred Waring,4-WEDNESDAY,bicycles_stopped,0
9/10/2025 16:00,Jefferson Street and Fred Waring,4-WEDNESDAY,total_counts,0
9/10/2025 16:00,Jefferson Street and Fred Waring,4-WEDNESDAY,trucks_counts,0
9/10/2025 16:00,Jefferson Street and Fred Waring,4-WEDNESDAY,cars_counts,0
9/10/2025 16:00,Jefferson Street and Fred Waring,4-WEDNESDAY,buses_counts,0
9/10/2025 16:00,Jefferson Street and Fred Waring,4-WEDNESDAY,motorcycles_counts,0
9/10/2025 16:00,Jefferson Street and Fred Waring,4-WEDNESDAY,persons_counts,0
9/10/2025 16:00,Jefferson Street and Fred Waring,4-WEDNESDAY,bikes_counts,0
9/10/2025 16:00,Jefferson Street and Fred Waring,4-WEDNESDAY,bicycles_counts,0
9/10/2025 16:00,Jefferson Street and Fred Waring,4-WEDNESDAY,average_speed_mph,0
9/10/2025 16:00,Jefferson Street and Fred Waring,4-WEDNESDAY,trucks_speed_in_mph,0
9/10/2025 16:00,Jefferson Street and Fred Waring,4-WEDNESDAY,cars_speed_in_mph,0
9/10/2025 16:00,Jefferson Street and Fred Waring,4-WEDNESDAY,buses_speed_in_mph,0
9/10/2025 16:00,Jefferson Street and Fred Waring,4-WEDNESDAY,motorcycles_speed_in_mph,0
9/10/2025 16:00,Jefferson Street and Fred Waring,4-WEDNESDAY,persons_speed_in_mph,0
9/10/2025 16:00,Jefferson Street and Fred Waring,4-WEDNESDAY,bikes_speed_in_mph,0
9/10/2025 16:00,Jefferson Street and Fred Waring,4-WEDNESDAY,bicycles_speed_in_mph,0
9/10/2025 16:00,Jefferson Street and Fred Waring,4-WEDNESDAY,total_stopped_objects,0
9/10/2025 16:00,Jefferson Street and Fred Waring,4-WEDNESDAY,trucks_stopped,0
9/10/2025 16:00,Jefferson Street and Fred Waring,4-WEDNESDAY,cars_stopped,0
9/10/2025 16:00,Jefferson Street and Fred Waring,4-WEDNESDAY,buses_stopped,0
9/10/2025 16:00,Jefferson Street and Fred Waring,4-WEDNESDAY,motorcycles_stopped,0
9/10/2025 16:00,Jefferson Street and Fred Waring,4-WEDNESDAY,persons_stopped,0
9/10/2025 16:00,Jefferson Street and Fred Waring,4-WEDNESDAY,bikes_stopped,0
9/10/2025 16:00,Jefferson Street and Fred Waring,4-WEDNESDAY,bicycles_stopped,0
9/10/2025 17:00,Jefferson Street and Fred Waring,4-WEDNESDAY,total_counts,0
9/10/2025 17:00,Jefferson Street and Fred Waring,4-WEDNESDAY,trucks_counts,0
9/10/2025 17:00,Jefferson Street and Fred Waring,4-WEDNESDAY,cars_counts,0
9/10/2025 17:00,Jefferson Street and Fred Waring,4-WEDNESDAY,buses_counts,0
9/10/2025 17:00,Jefferson Street and Fred Waring,4-WEDNESDAY,motorcycles_counts,0
9/10/2025 17:00,Jefferson Street and Fred Waring,4-WEDNESDAY,persons_counts,0
9/10/2025 17:00,Jefferson Street and Fred Waring,4-WEDNESDAY,bikes_counts,0
9/10/2025 17:00,Jefferson Street and Fred Waring,4-WEDNESDAY,bicycles_counts,0
9/10/2025 17:00,Jefferson Street and Fred Waring,4-WEDNESDAY,average_speed_mph,0
9/10/2025 17:00,Jefferson Street and Fred Waring,4-WEDNESDAY,trucks_speed_in_mph,0
9/10/2025 17:00,Jefferson Street and Fred Waring,4-WEDNESDAY,cars_speed_in_mph,0
9/10/2025 17:00,Jefferson Street and Fred Waring,4-WEDNESDAY,buses_speed_in_mph,0
9/10/2025 17:00,Jefferson Street and Fred Waring,4-WEDNESDAY,motorcycles_speed_in_mph,0
9/10/2025 17:00,Jefferson Street and Fred Waring,4-WEDNESDAY,persons_speed_in_mph,0
9/10/2025 17:00,Jefferson Street and Fred Waring,4-WEDNESDAY,bikes_speed_in_mph,0
9/10/2025 17:00,Jefferson Street and Fred Waring,4-WEDNESDAY,bicycles_speed_in_mph,0
9/10/2025 17:00,Jefferson Street and Fred Waring,4-WEDNESDAY,total_stopped_objects,0
9/10/2025 17:00,Jefferson Street and Fred Waring,4-WEDNESDAY,trucks_stopped,0
9/10/2025 17:00,Jefferson Street and Fred Waring,4-WEDNESDAY,cars_stopped,0
9/10/2025 17:00,Jefferson Street and Fred Waring,4-WEDNESDAY,buses_stopped,0
9/10/2025 17:00,Jefferson Street and Fred Waring,4-WEDNESDAY,motorcycles_stopped,0
9/10/2025 17:00,Jefferson Street and Fred Waring,4-WEDNESDAY,persons_stopped,0
9/10/2025 17:00,Jefferson Street and Fred Waring,4-WEDNESDAY,bikes_stopped,0
9/10/2025 17:00,Jefferson Street and Fred Waring,4-WEDNESDAY,bicycles_stopped,0
9/10/2025 18:00,Jefferson Street and Fred Waring,4-WEDNESDAY,total_counts,0
9/10/2025 18:00,Jefferson Street and Fred Waring,4-WEDNESDAY,trucks_counts,0
9/10/2025 18:00,Jefferson Street and Fred Waring,4-WEDNESDAY,cars_counts,0
9/10/2025 18:00,Jefferson Street and Fred Waring,4-WEDNESDAY,buses_counts,0
9/10/2025 18:00,Jefferson Street and Fred Waring,4-WEDNESDAY,motorcycles_counts,0
9/10/2025 18:00,Jefferson Street and Fred Waring,4-WEDNESDAY,persons_counts,0
9/10/2025 18:00,Jefferson Street and Fred Waring,4-WEDNESDAY,bikes_counts,0
9/10/2025 18:00,Jefferson Street and Fred Waring,4-WEDNESDAY,bicycles_counts,0
9/10/2025 18:00,Jefferson Street and Fred Waring,4-WEDNESDAY,average_speed_mph,0
9/10/2025 18:00,Jefferson Street and Fred Waring,4-WEDNESDAY,trucks_speed_in_mph,0
9/10/2025 18:00,Jefferson Street and Fred Waring,4-WEDNESDAY,cars_speed_in_mph,0
9/10/2025 18:00,Jefferson Street and Fred Waring,4-WEDNESDAY,buses_speed_in_mph,0
9/10/2025 18:00,Jefferson Street and Fred Waring,4-WEDNESDAY,motorcycles_speed_in_mph,0
9/10/2025 18:00,Jefferson Street and Fred Waring,4-WEDNESDAY,persons_speed_in_mph,0
9/10/2025 18:00,Jefferson Street and Fred Waring,4-WEDNESDAY,bikes_speed_in_mph,0
9/10/2025 18:00,Jefferson Street and Fred Waring,4-WEDNESDAY,bicycles_speed_in_mph,0
9/10/2025 18:00,Jefferson Street and Fred Waring,4-WEDNESDAY,total_stopped_objects,0
9/10/2025 18:00,Jefferson Street and Fred Waring,4-WEDNESDAY,trucks_stopped,0
9/10/2025 18:00,Jefferson Street and Fred Waring,4-WEDNESDAY,cars_stopped,0
9/10/2025 18:00,Jefferson Street and Fred Waring,4-WEDNESDAY,buses_stopped,0
9/10/2025 18:00,Jefferson Street and Fred Waring,4-WEDNESDAY,motorcycles_stopped,0
9/10/2025 18:00,Jefferson Street and Fred Waring,4-WEDNESDAY,persons_stopped,0
9/10/2025 18:00,Jefferson Street and Fred Waring,4-WEDNESDAY,bikes_stopped,0
9/10/2025 18:00,Jefferson Street and Fred Waring,4-WEDNESDAY,bicycles_stopped,0
9/10/2025 19:00,Jefferson Street and Fred Waring,4-WEDNESDAY,total_counts,0
9/10/2025 19:00,Jefferson Street and Fred Waring,4-WEDNESDAY,trucks_counts,0
9/10/2025 19:00,Jefferson Street and Fred Waring,4-WEDNESDAY,cars_counts,0
9/10/2025 19:00,Jefferson Street and Fred Waring,4-WEDNESDAY,buses_counts,0
9/10/2025 19:00,Jefferson Street and Fred Waring,4-WEDNESDAY,motorcycles_counts,0
9/10/2025 19:00,Jefferson Street and Fred Waring,4-WEDNESDAY,persons_counts,0
9/10/2025 19:00,Jefferson Street and Fred Waring,4-WEDNESDAY,bikes_counts,0
9/10/2025 19:00,Jefferson Street and Fred Waring,4-WEDNESDAY,bicycles_counts,0
9/10/2025 19:00,Jefferson Street and Fred Waring,4-WEDNESDAY,average_speed_mph,0
9/10/2025 19:00,Jefferson Street and Fred Waring,4-WEDNESDAY,trucks_speed_in_mph,0
9/10/2025 19:00,Jefferson Street and Fred Waring,4-WEDNESDAY,cars_speed_in_mph,0
9/10/2025 19:00,Jefferson Street and Fred Waring,4-WEDNESDAY,buses_speed_in_mph,0
9/10/2025 19:00,Jefferson Street and Fred Waring,4-WEDNESDAY,motorcycles_speed_in_mph,0
9/10/2025 19:00,Jefferson Street and Fred Waring,4-WEDNESDAY,persons_speed_in_mph,0
9/10/2025 19:00,Jefferson Street and Fred Waring,4-WEDNESDAY,bikes_speed_in_mph,0
9/10/2025 19:00,Jefferson Street and Fred Waring,4-WEDNESDAY,bicycles_speed_in_mph,0
9/10/2025 19:00,Jefferson Street and Fred Waring,4-WEDNESDAY,total_stopped_objects,0
9/10/2025 19:00,Jefferson Street and Fred Waring,4-WEDNESDAY,trucks_stopped,0
9/10/2025 19:00,Jefferson Street and Fred Waring,4-WEDNESDAY,cars_stopped,0
9/10/2025 19:00,Jefferson Street and Fred Waring,4-WEDNESDAY,buses_stopped,0
9/10/2025 19:00,Jefferson Street and Fred Waring,4-WEDNESDAY,motorcycles_stopped,0
9/10/2025 19:00,Jefferson Street and Fred Waring,4-WEDNESDAY,persons_stopped,0
9/10/2025 19:00,Jefferson Street and Fred Waring,4-WEDNESDAY,bikes_stopped,0
9/10/2025 19:00,Jefferson Street and Fred Waring,4-WEDNESDAY,bicycles_stopped,0
9/10/2025 20:00,Jefferson Street and Fred Waring,4-WEDNESDAY,total_counts,0
9/10/2025 20:00,Jefferson Street and Fred Waring,4-WEDNESDAY,trucks_counts,0
9/10/2025 20:00,Jefferson Street and Fred Waring,4-WEDNESDAY,cars_counts,0
9/10/2025 20:00,Jefferson Street and Fred Waring,4-WEDNESDAY,buses_counts,0
9/10/2025 20:00,Jefferson Street and Fred Waring,4-WEDNESDAY,motorcycles_counts,0
9/10/2025 20:00,Jefferson Street and Fred Waring,4-WEDNESDAY,persons_counts,0
9/10/2025 20:00,Jefferson Street and Fred Waring,4-WEDNESDAY,bikes_counts,0
9/10/2025 20:00,Jefferson Street and Fred Waring,4-WEDNESDAY,bicycles_counts,0
9/10/2025 20:00,Jefferson Street and Fred Waring,4-WEDNESDAY,average_speed_mph,0
9/10/2025 20:00,Jefferson Street and Fred Waring,4-WEDNESDAY,trucks_speed_in_mph,0
9/10/2025 20:00,Jefferson Street and Fred Waring,4-WEDNESDAY,cars_speed_in_mph,0
9/10/2025 20:00,Jefferson Street and Fred Waring,4-WEDNESDAY,buses_speed_in_mph,0
9/10/2025 20:00,Jefferson Street and Fred Waring,4-WEDNESDAY,motorcycles_speed_in_mph,0
9/10/2025 20:00,Jefferson Street and Fred Waring,4-WEDNESDAY,persons_speed_in_mph,0
9/10/2025 20:00,Jefferson Street and Fred Waring,4-WEDNESDAY,bikes_speed_in_mph,0
9/10/2025 20:00,Jefferson Street and Fred Waring,4-WEDNESDAY,bicycles_speed_in_mph,0
9/10/2025 20:00,Jefferson Street and Fred Waring,4-WEDNESDAY,total_stopped_objects,0
9/10/2025 20:00,Jefferson Street and Fred Waring,4-WEDNESDAY,trucks_stopped,0
9/10/2025 20:00,Jefferson Street and Fred Waring,4-WEDNESDAY,cars_stopped,0
9/10/2025 20:00,Jefferson Street and Fred Waring,4-WEDNESDAY,buses_stopped,0
9/10/2025 20:00,Jefferson Street and Fred Waring,4-WEDNESDAY,motorcycles_stopped,0
9/10/2025 20:00,Jefferson Street and Fred Waring,4-WEDNESDAY,persons_stopped,0
9/10/2025 20:00,Jefferson Street and Fred Waring,4-WEDNESDAY,bikes_stopped,0
9/10/2025 20:00,Jefferson Street and Fred Waring,4-WEDNESDAY,bicycles_stopped,0
9/10/2025 21:00,Jefferson Street and Fred Waring,4-WEDNESDAY,total_counts,0
9/10/2025 21:00,Jefferson Street and Fred Waring,4-WEDNESDAY,trucks_counts,0
9/10/2025 21:00,Jefferson Street and Fred Waring,4-WEDNESDAY,cars_counts,0
9/10/2025 21:00,Jefferson Street and Fred Waring,4-WEDNESDAY,buses_counts,0
9/10/2025 21:00,Jefferson Street and Fred Waring,4-WEDNESDAY,motorcycles_counts,0
9/10/2025 21:00,Jefferson Street and Fred Waring,4-WEDNESDAY,persons_counts,0
9/10/2025 21:00,Jefferson Street and Fred Waring,4-WEDNESDAY,bikes_counts,0
9/10/2025 21:00,Jefferson Street and Fred Waring,4-WEDNESDAY,bicycles_counts,0
9/10/2025 21:00,Jefferson Street and Fred Waring,4-WEDNESDAY,average_speed_mph,0
9/10/2025 21:00,Jefferson Street and Fred Waring,4-WEDNESDAY,trucks_speed_in_mph,0
9/10/2025 21:00,Jefferson Street and Fred Waring,4-WEDNESDAY,cars_speed_in_mph,0
9/10/2025 21:00,Jefferson Street and Fred Waring,4-WEDNESDAY,buses_speed_in_mph,0
9/10/2025 21:00,Jefferson Street and Fred Waring,4-WEDNESDAY,motorcycles_speed_in_mph,0
9/10/2025 21:00,Jefferson Street and Fred Waring,4-WEDNESDAY,persons_speed_in_mph,0
9/10/2025 21:00,Jefferson Street and Fred Waring,4-WEDNESDAY,bikes_speed_in_mph,0
9/10/2025 21:00,Jefferson Street and Fred Waring,4-WEDNESDAY,bicycles_speed_in_mph,0
9/10/2025 21:00,Jefferson Street and Fred Waring,4-WEDNESDAY,total_stopped_objects,0
9/10/2025 21:00,Jefferson Street and Fred Waring,4-WEDNESDAY,trucks_stopped,0
9/10/2025 21:00,Jefferson Street and Fred Waring,4-WEDNESDAY,cars_stopped,0
9/10/2025 21:00,Jefferson Street and Fred Waring,4-WEDNESDAY,buses_stopped,0
9/10/2025 21:00,Jefferson Street and Fred Waring,4-WEDNESDAY,motorcycles_stopped,0
9/10/2025 21:00,Jefferson Street and Fred Waring,4-WEDNESDAY,persons_stopped,0
9/10/2025 21:00,Jefferson Street and Fred Waring,4-WEDNESDAY,bikes_stopped,0
9/10/2025 21:00,Jefferson Street and Fred Waring,4-WEDNESDAY,bicycles_stopped,0
9/10/2025 22:00,Jefferson Street and Fred Waring,4-WEDNESDAY,total_counts,0
9/10/2025 22:00,Jefferson Street and Fred Waring,4-WEDNESDAY,trucks_counts,0
9/10/2025 22:00,Jefferson Street and Fred Waring,4-WEDNESDAY,cars_counts,0
9/10/2025 22:00,Jefferson Street and Fred Waring,4-WEDNESDAY,buses_counts,0
9/10/2025 22:00,Jefferson Street and Fred Waring,4-WEDNESDAY,motorcycles_counts,0
9/10/2025 22:00,Jefferson Street and Fred Waring,4-WEDNESDAY,persons_counts,0
9/10/2025 22:00,Jefferson Street and Fred Waring,4-WEDNESDAY,bikes_counts,0
9/10/2025 22:00,Jefferson Street and Fred Waring,4-WEDNESDAY,bicycles_counts,0
9/10/2025 22:00,Jefferson Street and Fred Waring,4-WEDNESDAY,average_speed_mph,0
9/10/2025 22:00,Jefferson Street and Fred Waring,4-WEDNESDAY,trucks_speed_in_mph,0
9/10/2025 22:00,Jefferson Street and Fred Waring,4-WEDNESDAY,cars_speed_in_mph,0
9/10/2025 22:00,Jefferson Street and Fred Waring,4-WEDNESDAY,buses_speed_in_mph,0
9/10/2025 22:00,Jefferson Street and Fred Waring,4-WEDNESDAY,motorcycles_speed_in_mph,0
9/10/2025 22:00,Jefferson Street and Fred Waring,4-WEDNESDAY,persons_speed_in_mph,0
9/10/2025 22:00,Jefferson Street and Fred Waring,4-WEDNESDAY,bikes_speed_in_mph,0
9/10/2025 22:00,Jefferson Street and Fred Waring,4-WEDNESDAY,bicycles_speed_in_mph,0
9/10/2025 22:00,Jefferson Street and Fred Waring,4-WEDNESDAY,total_stopped_objects,0
9/10/2025 22:00,Jefferson Street and Fred Waring,4-WEDNESDAY,trucks_stopped,0
9/10/2025 22:00,Jefferson Street and Fred Waring,4-WEDNESDAY,cars_stopped,0
9/10/2025 22:00,Jefferson Street and Fred Waring,4-WEDNESDAY,buses_stopped,0
9/10/2025 22:00,Jefferson Street and Fred Waring,4-WEDNESDAY,motorcycles_stopped,0
9/10/2025 22:00,Jefferson Street and Fred Waring,4-WEDNESDAY,persons_stopped,0
9/10/2025 22:00,Jefferson Street and Fred Waring,4-WEDNESDAY,bikes_stopped,0
9/10/2025 22:00,Jefferson Street and Fred Waring,4-WEDNESDAY,bicycles_stopped,0
9/10/2025 23:00,Jefferson Street and Fred Waring,4-WEDNESDAY,total_counts,0
9/10/2025 23:00,Jefferson Street and Fred Waring,4-WEDNESDAY,trucks_counts,0
9/10/2025 23:00,Jefferson Street and Fred Waring,4-WEDNESDAY,cars_counts,0
9/10/2025 23:00,Jefferson Street and Fred Waring,4-WEDNESDAY,buses_counts,0
9/10/2025 23:00,Jefferson Street and Fred Waring,4-WEDNESDAY,motorcycles_counts,0
9/10/2025 23:00,Jefferson Street and Fred Waring,4-WEDNESDAY,persons_counts,0
9/10/2025 23:00,Jefferson Street and Fred Waring,4-WEDNESDAY,bikes_counts,0
9/10/2025 23:00,Jefferson Street and Fred Waring,4-WEDNESDAY,bicycles_counts,0
9/10/2025 23:00,Jefferson Street and Fred Waring,4-WEDNESDAY,average_speed_mph,0
9/10/2025 23:00,Jefferson Street and Fred Waring,4-WEDNESDAY,trucks_speed_in_mph,0
9/10/2025 23:00,Jefferson Street and Fred Waring,4-WEDNESDAY,cars_speed_in_mph,0
9/10/2025 23:00,Jefferson Street and Fred Waring,4-WEDNESDAY,buses_speed_in_mph,0
9/10/2025 23:00,Jefferson Street and Fred Waring,4-WEDNESDAY,motorcycles_speed_in_mph,0
9/10/2025 23:00,Jefferson Street and Fred Waring,4-WEDNESDAY,persons_speed_in_mph,0
9/10/2025 23:00,Jefferson Street and Fred Waring,4-WEDNESDAY,bikes_speed_in_mph,0
9/10/2025 23:00,Jefferson Street and Fred Waring,4-WEDNESDAY,bicycles_speed_in_mph,0
9/10/2025 23:00,Jefferson Street and Fred Waring,4-WEDNESDAY,total_stopped_objects,0
9/10/2025 23:00,Jefferson Street and Fred Waring,4-WEDNESDAY,trucks_stopped,0
9/10/2025 23:00,Jefferson Street and Fred Waring,4-WEDNESDAY,cars_stopped,0
9/10/2025 23:00,Jefferson Street and Fred Waring,4-WEDNESDAY,buses_stopped,0
9/10/2025 23:00,Jefferson Street and Fred Waring,4-WEDNESDAY,motorcycles_stopped,0
9/10/2025 23:00,Jefferson Street and Fred Waring,4-WEDNESDAY,persons_stopped,0
9/10/2025 23:00,Jefferson Street and Fred Waring,4-WEDNESDAY,bikes_stopped,0
9/10/2025 23:00,Jefferson Street and Fred Waring,4-WEDNESDAY,bicycles_stopped,0
9/11/2025 0:00,Jefferson Street and Fred Waring,5-THURSDAY,total_counts,0
9/11/2025 0:00,Jefferson Street and Fred Waring,5-THURSDAY,trucks_counts,0
9/11/2025 0:00,Jefferson Street and Fred Waring,5-THURSDAY,cars_counts,0
9/11/2025 0:00,Jefferson Street and Fred Waring,5-THURSDAY,buses_counts,0
9/11/2025 0:00,Jefferson Street and Fred Waring,5-THURSDAY,motorcycles_counts,0
9/11/2025 0:00,Jefferson Street and Fred Waring,5-THURSDAY,persons_counts,0
9/11/2025 0:00,Jefferson Street and Fred Waring,5-THURSDAY,bikes_counts,0
9/11/2025 0:00,Jefferson Street and Fred Waring,5-THURSDAY,bicycles_counts,0
9/11/2025 0:00,Jefferson Street and Fred Waring,5-THURSDAY,average_speed_mph,0
9/11/2025 0:00,Jefferson Street and Fred Waring,5-THURSDAY,trucks_speed_in_mph,0
9/11/2025 0:00,Jefferson Street and Fred Waring,5-THURSDAY,cars_speed_in_mph,0
9/11/2025 0:00,Jefferson Street and Fred Waring,5-THURSDAY,buses_speed_in_mph,0
9/11/2025 0:00,Jefferson Street and Fred Waring,5-THURSDAY,motorcycles_speed_in_mph,0
9/11/2025 0:00,Jefferson Street and Fred Waring,5-THURSDAY,persons_speed_in_mph,0
9/11/2025 0:00,Jefferson Street and Fred Waring,5-THURSDAY,bikes_speed_in_mph,0
9/11/2025 0:00,Jefferson Street and Fred Waring,5-THURSDAY,bicycles_speed_in_mph,0
9/11/2025 0:00,Jefferson Street and Fred Waring,5-THURSDAY,total_stopped_objects,0
9/11/2025 0:00,Jefferson Street and Fred Waring,5-THURSDAY,trucks_stopped,0
9/11/2025 0:00,Jefferson Street and Fred Waring,5-THURSDAY,cars_stopped,0
9/11/2025 0:00,Jefferson Street and Fred Waring,5-THURSDAY,buses_stopped,0
9/11/2025 0:00,Jefferson Street and Fred Waring,5-THURSDAY,motorcycles_stopped,0
9/11/2025 0:00,Jefferson Street and Fred Waring,5-THURSDAY,persons_stopped,0
9/11/2025 0:00,Jefferson Street and Fred Waring,5-THURSDAY,bikes_stopped,0
9/11/2025 0:00,Jefferson Street and Fred Waring,5-THURSDAY,bicycles_stopped,0
9/11/2025 1:00,Jefferson Street and Fred Waring,5-THURSDAY,total_counts,0
9/11/2025 1:00,Jefferson Street and Fred Waring,5-THURSDAY,trucks_counts,0
9/11/2025 1:00,Jefferson Street and Fred Waring,5-THURSDAY,cars_counts,0
9/11/2025 1:00,Jefferson Street and Fred Waring,5-THURSDAY,buses_counts,0
9/11/2025 1:00,Jefferson Street and Fred Waring,5-THURSDAY,motorcycles_counts,0
9/11/2025 1:00,Jefferson Street and Fred Waring,5-THURSDAY,persons_counts,0
9/11/2025 1:00,Jefferson Street and Fred Waring,5-THURSDAY,bikes_counts,0
9/11/2025 1:00,Jefferson Street and Fred Waring,5-THURSDAY,bicycles_counts,0
9/11/2025 1:00,Jefferson Street and Fred Waring,5-THURSDAY,average_speed_mph,0
9/11/2025 1:00,Jefferson Street and Fred Waring,5-THURSDAY,trucks_speed_in_mph,0
9/11/2025 1:00,Jefferson Street and Fred Waring,5-THURSDAY,cars_speed_in_mph,0
9/11/2025 1:00,Jefferson Street and Fred Waring,5-THURSDAY,buses_speed_in_mph,0
9/11/2025 1:00,Jefferson Street and Fred Waring,5-THURSDAY,motorcycles_speed_in_mph,0
9/11/2025 1:00,Jefferson Street and Fred Waring,5-THURSDAY,persons_speed_in_mph,0
9/11/2025 1:00,Jefferson Street and Fred Waring,5-THURSDAY,bikes_speed_in_mph,0
9/11/2025 1:00,Jefferson Street and Fred Waring,5-THURSDAY,bicycles_speed_in_mph,0
9/11/2025 1:00,Jefferson Street and Fred Waring,5-THURSDAY,total_stopped_objects,0
9/11/2025 1:00,Jefferson Street and Fred Waring,5-THURSDAY,trucks_stopped,0
9/11/2025 1:00,Jefferson Street and Fred Waring,5-THURSDAY,cars_stopped,0
9/11/2025 1:00,Jefferson Street and Fred Waring,5-THURSDAY,buses_stopped,0
9/11/2025 1:00,Jefferson Street and Fred Waring,5-THURSDAY,motorcycles_stopped,0
9/11/2025 1:00,Jefferson Street and Fred Waring,5-THURSDAY,persons_stopped,0
9/11/2025 1:00,Jefferson Street and Fred Waring,5-THURSDAY,bikes_stopped,0
9/11/2025 1:00,Jefferson Street and Fred Waring,5-THURSDAY,bicycles_stopped,0
9/11/2025 2:00,Jefferson Street and Fred Waring,5-THURSDAY,total_counts,0
9/11/2025 2:00,Jefferson Street and Fred Waring,5-THURSDAY,trucks_counts,0
9/11/2025 2:00,Jefferson Street and Fred Waring,5-THURSDAY,cars_counts,0
9/11/2025 2:00,Jefferson Street and Fred Waring,5-THURSDAY,buses_counts,0
9/11/2025 2:00,Jefferson Street and Fred Waring,5-THURSDAY,motorcycles_counts,0
9/11/2025 2:00,Jefferson Street and Fred Waring,5-THURSDAY,persons_counts,0
9/11/2025 2:00,Jefferson Street and Fred Waring,5-THURSDAY,bikes_counts,0
9/11/2025 2:00,Jefferson Street and Fred Waring,5-THURSDAY,bicycles_counts,0
9/11/2025 2:00,Jefferson Street and Fred Waring,5-THURSDAY,average_speed_mph,0
9/11/2025 2:00,Jefferson Street and Fred Waring,5-THURSDAY,trucks_speed_in_mph,0
9/11/2025 2:00,Jefferson Street and Fred Waring,5-THURSDAY,cars_speed_in_mph,0
9/11/2025 2:00,Jefferson Street and Fred Waring,5-THURSDAY,buses_speed_in_mph,0
9/11/2025 2:00,Jefferson Street and Fred Waring,5-THURSDAY,motorcycles_speed_in_mph,0
9/11/2025 2:00,Jefferson Street and Fred Waring,5-THURSDAY,persons_speed_in_mph,0
9/11/2025 2:00,Jefferson Street and Fred Waring,5-THURSDAY,bikes_speed_in_mph,0
9/11/2025 2:00,Jefferson Street and Fred Waring,5-THURSDAY,bicycles_speed_in_mph,0
9/11/2025 2:00,Jefferson Street and Fred Waring,5-THURSDAY,total_stopped_objects,0
9/11/2025 2:00,Jefferson Street and Fred Waring,5-THURSDAY,trucks_stopped,0
9/11/2025 2:00,Jefferson Street and Fred Waring,5-THURSDAY,cars_stopped,0
9/11/2025 2:00,Jefferson Street and Fred Waring,5-THURSDAY,buses_stopped,0
9/11/2025 2:00,Jefferson Street and Fred Waring,5-THURSDAY,motorcycles_stopped,0
9/11/2025 2:00,Jefferson Street and Fred Waring,5-THURSDAY,persons_stopped,0
9/11/2025 2:00,Jefferson Street and Fred Waring,5-THURSDAY,bikes_stopped,0
9/11/2025 2:00,Jefferson Street and Fred Waring,5-THURSDAY,bicycles_stopped,0
9/11/2025 3:00,Jefferson Street and Fred Waring,5-THURSDAY,total_counts,0
9/11/2025 3:00,Jefferson Street and Fred Waring,5-THURSDAY,trucks_counts,0
9/11/2025 3:00,Jefferson Street and Fred Waring,5-THURSDAY,cars_counts,0
9/11/2025 3:00,Jefferson Street and Fred Waring,5-THURSDAY,buses_counts,0
9/11/2025 3:00,Jefferson Street and Fred Waring,5-THURSDAY,motorcycles_counts,0
9/11/2025 3:00,Jefferson Street and Fred Waring,5-THURSDAY,persons_counts,0
9/11/2025 3:00,Jefferson Street and Fred Waring,5-THURSDAY,bikes_counts,0
9/11/2025 3:00,Jefferson Street and Fred Waring,5-THURSDAY,bicycles_counts,0
9/11/2025 3:00,Jefferson Street and Fred Waring,5-THURSDAY,average_speed_mph,0
9/11/2025 3:00,Jefferson Street and Fred Waring,5-THURSDAY,trucks_speed_in_mph,0
9/11/2025 3:00,Jefferson Street and Fred Waring,5-THURSDAY,cars_speed_in_mph,0
9/11/2025 3:00,Jefferson Street and Fred Waring,5-THURSDAY,buses_speed_in_mph,0
9/11/2025 3:00,Jefferson Street and Fred Waring,5-THURSDAY,motorcycles_speed_in_mph,0
9/11/2025 3:00,Jefferson Street and Fred Waring,5-THURSDAY,persons_speed_in_mph,0
9/11/2025 3:00,Jefferson Street and Fred Waring,5-THURSDAY,bikes_speed_in_mph,0
9/11/2025 3:00,Jefferson Street and Fred Waring,5-THURSDAY,bicycles_speed_in_mph,0
9/11/2025 3:00,Jefferson Street and Fred Waring,5-THURSDAY,total_stopped_objects,0
9/11/2025 3:00,Jefferson Street and Fred Waring,5-THURSDAY,trucks_stopped,0
9/11/2025 3:00,Jefferson Street and Fred Waring,5-THURSDAY,cars_stopped,0
9/11/2025 3:00,Jefferson Street and Fred Waring,5-THURSDAY,buses_stopped,0
9/11/2025 3:00,Jefferson Street and Fred Waring,5-THURSDAY,motorcycles_stopped,0
9/11/2025 3:00,Jefferson Street and Fred Waring,5-THURSDAY,persons_stopped,0
9/11/2025 3:00,Jefferson Street and Fred Waring,5-THURSDAY,bikes_stopped,0
9/11/2025 3:00,Jefferson Street and Fred Waring,5-THURSDAY,bicycles_stopped,0
9/11/2025 4:00,Jefferson Street and Fred Waring,5-THURSDAY,total_counts,0
9/11/2025 4:00,Jefferson Street and Fred Waring,5-THURSDAY,trucks_counts,0
9/11/2025 4:00,Jefferson Street and Fred Waring,5-THURSDAY,cars_counts,0
9/11/2025 4:00,Jefferson Street and Fred Waring,5-THURSDAY,buses_counts,0
9/11/2025 4:00,Jefferson Street and Fred Waring,5-THURSDAY,motorcycles_counts,0
9/11/2025 4:00,Jefferson Street and Fred Waring,5-THURSDAY,persons_counts,0
9/11/2025 4:00,Jefferson Street and Fred Waring,5-THURSDAY,bikes_counts,0
9/11/2025 4:00,Jefferson Street and Fred Waring,5-THURSDAY,bicycles_counts,0
9/11/2025 4:00,Jefferson Street and Fred Waring,5-THURSDAY,average_speed_mph,0
9/11/2025 4:00,Jefferson Street and Fred Waring,5-THURSDAY,trucks_speed_in_mph,0
9/11/2025 4:00,Jefferson Street and Fred Waring,5-THURSDAY,cars_speed_in_mph,0
9/11/2025 4:00,Jefferson Street and Fred Waring,5-THURSDAY,buses_speed_in_mph,0
9/11/2025 4:00,Jefferson Street and Fred Waring,5-THURSDAY,motorcycles_speed_in_mph,0
9/11/2025 4:00,Jefferson Street and Fred Waring,5-THURSDAY,persons_speed_in_mph,0
9/11/2025 4:00,Jefferson Street and Fred Waring,5-THURSDAY,bikes_speed_in_mph,0
9/11/2025 4:00,Jefferson Street and Fred Waring,5-THURSDAY,bicycles_speed_in_mph,0
9/11/2025 4:00,Jefferson Street and Fred Waring,5-THURSDAY,total_stopped_objects,0
9/11/2025 4:00,Jefferson Street and Fred Waring,5-THURSDAY,trucks_stopped,0
9/11/2025 4:00,Jefferson Street and Fred Waring,5-THURSDAY,cars_stopped,0
9/11/2025 4:00,Jefferson Street and Fred Waring,5-THURSDAY,buses_stopped,0
9/11/2025 4:00,Jefferson Street and Fred Waring,5-THURSDAY,motorcycles_stopped,0
9/11/2025 4:00,Jefferson Street and Fred Waring,5-THURSDAY,persons_stopped,0
9/11/2025 4:00,Jefferson Street and Fred Waring,5-THURSDAY,bikes_stopped,0
9/11/2025 4:00,Jefferson Street and Fred Waring,5-THURSDAY,bicycles_stopped,0
9/11/2025 5:00,Jefferson Street and Fred Waring,5-THURSDAY,total_counts,0
9/11/2025 5:00,Jefferson Street and Fred Waring,5-THURSDAY,trucks_counts,0
9/11/2025 5:00,Jefferson Street and Fred Waring,5-THURSDAY,cars_counts,0
9/11/2025 5:00,Jefferson Street and Fred Waring,5-THURSDAY,buses_counts,0
9/11/2025 5:00,Jefferson Street and Fred Waring,5-THURSDAY,motorcycles_counts,0
9/11/2025 5:00,Jefferson Street and Fred Waring,5-THURSDAY,persons_counts,0
9/11/2025 5:00,Jefferson Street and Fred Waring,5-THURSDAY,bikes_counts,0
9/11/2025 5:00,Jefferson Street and Fred Waring,5-THURSDAY,bicycles_counts,0
9/11/2025 5:00,Jefferson Street and Fred Waring,5-THURSDAY,average_speed_mph,0
9/11/2025 5:00,Jefferson Street and Fred Waring,5-THURSDAY,trucks_speed_in_mph,0
9/11/2025 5:00,Jefferson Street and Fred Waring,5-THURSDAY,cars_speed_in_mph,0
9/11/2025 5:00,Jefferson Street and Fred Waring,5-THURSDAY,buses_speed_in_mph,0
9/11/2025 5:00,Jefferson Street and Fred Waring,5-THURSDAY,motorcycles_speed_in_mph,0
9/11/2025 5:00,Jefferson Street and Fred Waring,5-THURSDAY,persons_speed_in_mph,0
9/11/2025 5:00,Jefferson Street and Fred Waring,5-THURSDAY,bikes_speed_in_mph,0
9/11/2025 5:00,Jefferson Street and Fred Waring,5-THURSDAY,bicycles_speed_in_mph,0
9/11/2025 5:00,Jefferson Street and Fred Waring,5-THURSDAY,total_stopped_objects,0
9/11/2025 5:00,Jefferson Street and Fred Waring,5-THURSDAY,trucks_stopped,0
9/11/2025 5:00,Jefferson Street and Fred Waring,5-THURSDAY,cars_stopped,0
9/11/2025 5:00,Jefferson Street and Fred Waring,5-THURSDAY,buses_stopped,0
9/11/2025 5:00,Jefferson Street and Fred Waring,5-THURSDAY,motorcycles_stopped,0
9/11/2025 5:00,Jefferson Street and Fred Waring,5-THURSDAY,persons_stopped,0
9/11/2025 5:00,Jefferson Street and Fred Waring,5-THURSDAY,bikes_stopped,0
9/11/2025 5:00,Jefferson Street and Fred Waring,5-THURSDAY,bicycles_stopped,0
9/11/2025 6:00,Jefferson Street and Fred Waring,5-THURSDAY,total_counts,0
9/11/2025 6:00,Jefferson Street and Fred Waring,5-THURSDAY,trucks_counts,0
9/11/2025 6:00,Jefferson Street and Fred Waring,5-THURSDAY,cars_counts,0
9/11/2025 6:00,Jefferson Street and Fred Waring,5-THURSDAY,buses_counts,0
9/11/2025 6:00,Jefferson Street and Fred Waring,5-THURSDAY,motorcycles_counts,0
9/11/2025 6:00,Jefferson Street and Fred Waring,5-THURSDAY,persons_counts,0
9/11/2025 6:00,Jefferson Street and Fred Waring,5-THURSDAY,bikes_counts,0
9/11/2025 6:00,Jefferson Street and Fred Waring,5-THURSDAY,bicycles_counts,0
9/11/2025 6:00,Jefferson Street and Fred Waring,5-THURSDAY,average_speed_mph,0
9/11/2025 6:00,Jefferson Street and Fred Waring,5-THURSDAY,trucks_speed_in_mph,0
9/11/2025 6:00,Jefferson Street and Fred Waring,5-THURSDAY,cars_speed_in_mph,0
9/11/2025 6:00,Jefferson Street and Fred Waring,5-THURSDAY,buses_speed_in_mph,0
9/11/2025 6:00,Jefferson Street and Fred Waring,5-THURSDAY,motorcycles_speed_in_mph,0
9/11/2025 6:00,Jefferson Street and Fred Waring,5-THURSDAY,persons_speed_in_mph,0
9/11/2025 6:00,Jefferson Street and Fred Waring,5-THURSDAY,bikes_speed_in_mph,0
9/11/2025 6:00,Jefferson Street and Fred Waring,5-THURSDAY,bicycles_speed_in_mph,0
9/11/2025 6:00,Jefferson Street and Fred Waring,5-THURSDAY,total_stopped_objects,0
9/11/2025 6:00,Jefferson Street and Fred Waring,5-THURSDAY,trucks_stopped,0
9/11/2025 6:00,Jefferson Street and Fred Waring,5-THURSDAY,cars_stopped,0
9/11/2025 6:00,Jefferson Street and Fred Waring,5-THURSDAY,buses_stopped,0
9/11/2025 6:00,Jefferson Street and Fred Waring,5-THURSDAY,motorcycles_stopped,0
9/11/2025 6:00,Jefferson Street and Fred Waring,5-THURSDAY,persons_stopped,0
9/11/2025 6:00,Jefferson Street and Fred Waring,5-THURSDAY,bikes_stopped,0
9/11/2025 6:00,Jefferson Street and Fred Waring,5-THURSDAY,bicycles_stopped,0
9/11/2025 7:00,Jefferson Street and Fred Waring,5-THURSDAY,total_counts,2028
9/11/2025 7:00,Jefferson Street and Fred Waring,5-THURSDAY,trucks_counts,78
9/11/2025 7:00,Jefferson Street and Fred Waring,5-THURSDAY,cars_counts,1942
9/11/2025 7:00,Jefferson Street and Fred Waring,5-THURSDAY,buses_counts,4
9/11/2025 7:00,Jefferson Street and Fred Waring,5-THURSDAY,motorcycles_counts,1
9/11/2025 7:00,Jefferson Street and Fred Waring,5-THURSDAY,persons_counts,3
9/11/2025 7:00,Jefferson Street and Fred Waring,5-THURSDAY,bikes_counts,0
9/11/2025 7:00,Jefferson Street and Fred Waring,5-THURSDAY,bicycles_counts,0
9/11/2025 7:00,Jefferson Street and Fred Waring,5-THURSDAY,average_speed_mph,28.67
9/11/2025 7:00,Jefferson Street and Fred Waring,5-THURSDAY,trucks_speed_in_mph,30.56
9/11/2025 7:00,Jefferson Street and Fred Waring,5-THURSDAY,cars_speed_in_mph,28.64
9/11/2025 7:00,Jefferson Street and Fred Waring,5-THURSDAY,buses_speed_in_mph,29.3
9/11/2025 7:00,Jefferson Street and Fred Waring,5-THURSDAY,motorcycles_speed_in_mph,3.74
9/11/2025 7:00,Jefferson Street and Fred Waring,5-THURSDAY,persons_speed_in_mph,4.21
9/11/2025 7:00,Jefferson Street and Fred Waring,5-THURSDAY,bikes_speed_in_mph,0
9/11/2025 7:00,Jefferson Street and Fred Waring,5-THURSDAY,bicycles_speed_in_mph,0
9/11/2025 7:00,Jefferson Street and Fred Waring,5-THURSDAY,total_stopped_objects,68
9/11/2025 7:00,Jefferson Street and Fred Waring,5-THURSDAY,trucks_stopped,2
9/11/2025 7:00,Jefferson Street and Fred Waring,5-THURSDAY,cars_stopped,65
9/11/2025 7:00,Jefferson Street and Fred Waring,5-THURSDAY,buses_stopped,0
9/11/2025 7:00,Jefferson Street and Fred Waring,5-THURSDAY,motorcycles_stopped,0
9/11/2025 7:00,Jefferson Street and Fred Waring,5-THURSDAY,persons_stopped,1
9/11/2025 7:00,Jefferson Street and Fred Waring,5-THURSDAY,bikes_stopped,0
9/11/2025 7:00,Jefferson Street and Fred Waring,5-THURSDAY,bicycles_stopped,0
9/11/2025 8:00,Jefferson Street and Fred Waring,5-THURSDAY,total_counts,164
9/11/2025 8:00,Jefferson Street and Fred Waring,5-THURSDAY,trucks_counts,2
9/11/2025 8:00,Jefferson Street and Fred Waring,5-THURSDAY,cars_counts,162
9/11/2025 8:00,Jefferson Street and Fred Waring,5-THURSDAY,buses_counts,0
9/11/2025 8:00,Jefferson Street and Fred Waring,5-THURSDAY,motorcycles_counts,0
9/11/2025 8:00,Jefferson Street and Fred Waring,5-THURSDAY,persons_counts,0
9/11/2025 8:00,Jefferson Street and Fred Waring,5-THURSDAY,bikes_counts,0
9/11/2025 8:00,Jefferson Street and Fred Waring,5-THURSDAY,bicycles_counts,0
9/11/2025 8:00,Jefferson Street and Fred Waring,5-THURSDAY,average_speed_mph,26.44
9/11/2025 8:00,Jefferson Street and Fred Waring,5-THURSDAY,trucks_speed_in_mph,31.12
9/11/2025 8:00,Jefferson Street and Fred Waring,5-THURSDAY,cars_speed_in_mph,26.38
9/11/2025 8:00,Jefferson Street and Fred Waring,5-THURSDAY,buses_speed_in_mph,0
9/11/2025 8:00,Jefferson Street and Fred Waring,5-THURSDAY,motorcycles_speed_in_mph,0
9/11/2025 8:00,Jefferson Street and Fred Waring,5-THURSDAY,persons_speed_in_mph,0
9/11/2025 8:00,Jefferson Street and Fred Waring,5-THURSDAY,bikes_speed_in_mph,0
9/11/2025 8:00,Jefferson Street and Fred Waring,5-THURSDAY,bicycles_speed_in_mph,0
9/11/2025 8:00,Jefferson Street and Fred Waring,5-THURSDAY,total_stopped_objects,7
9/11/2025 8:00,Jefferson Street and Fred Waring,5-THURSDAY,trucks_stopped,0
9/11/2025 8:00,Jefferson Street and Fred Waring,5-THURSDAY,cars_stopped,7
9/11/2025 8:00,Jefferson Street and Fred Waring,5-THURSDAY,buses_stopped,0
9/11/2025 8:00,Jefferson Street and Fred Waring,5-THURSDAY,motorcycles_stopped,0
9/11/2025 8:00,Jefferson Street and Fred Waring,5-THURSDAY,persons_stopped,0
9/11/2025 8:00,Jefferson Street and Fred Waring,5-THURSDAY,bikes_stopped,0
9/11/2025 8:00,Jefferson Street and Fred Waring,5-THURSDAY,bicycles_stopped,0
9/11/2025 9:00,Jefferson Street and Fred Waring,5-THURSDAY,total_counts,0
9/11/2025 9:00,Jefferson Street and Fred Waring,5-THURSDAY,trucks_counts,0
9/11/2025 9:00,Jefferson Street and Fred Waring,5-THURSDAY,cars_counts,0
9/11/2025 9:00,Jefferson Street and Fred Waring,5-THURSDAY,buses_counts,0
9/11/2025 9:00,Jefferson Street and Fred Waring,5-THURSDAY,motorcycles_counts,0
9/11/2025 9:00,Jefferson Street and Fred Waring,5-THURSDAY,persons_counts,0
9/11/2025 9:00,Jefferson Street and Fred Waring,5-THURSDAY,bikes_counts,0
9/11/2025 9:00,Jefferson Street and Fred Waring,5-THURSDAY,bicycles_counts,0
9/11/2025 9:00,Jefferson Street and Fred Waring,5-THURSDAY,average_speed_mph,0
9/11/2025 9:00,Jefferson Street and Fred Waring,5-THURSDAY,trucks_speed_in_mph,0
9/11/2025 9:00,Jefferson Street and Fred Waring,5-THURSDAY,cars_speed_in_mph,0
9/11/2025 9:00,Jefferson Street and Fred Waring,5-THURSDAY,buses_speed_in_mph,0
9/11/2025 9:00,Jefferson Street and Fred Waring,5-THURSDAY,motorcycles_speed_in_mph,0
9/11/2025 9:00,Jefferson Street and Fred Waring,5-THURSDAY,persons_speed_in_mph,0
9/11/2025 9:00,Jefferson Street and Fred Waring,5-THURSDAY,bikes_speed_in_mph,0
9/11/2025 9:00,Jefferson Street and Fred Waring,5-THURSDAY,bicycles_speed_in_mph,0
9/11/2025 9:00,Jefferson Street and Fred Waring,5-THURSDAY,total_stopped_objects,0
9/11/2025 9:00,Jefferson Street and Fred Waring,5-THURSDAY,trucks_stopped,0
9/11/2025 9:00,Jefferson Street and Fred Waring,5-THURSDAY,cars_stopped,0
9/11/2025 9:00,Jefferson Street and Fred Waring,5-THURSDAY,buses_stopped,0
9/11/2025 9:00,Jefferson Street and Fred Waring,5-THURSDAY,motorcycles_stopped,0
9/11/2025 9:00,Jefferson Street and Fred Waring,5-THURSDAY,persons_stopped,0
9/11/2025 9:00,Jefferson Street and Fred Waring,5-THURSDAY,bikes_stopped,0
9/11/2025 9:00,Jefferson Street and Fred Waring,5-THURSDAY,bicycles_stopped,0
9/11/2025 10:00,Jefferson Street and Fred Waring,5-THURSDAY,total_counts,0
9/11/2025 10:00,Jefferson Street and Fred Waring,5-THURSDAY,trucks_counts,0
9/11/2025 10:00,Jefferson Street and Fred Waring,5-THURSDAY,cars_counts,0
9/11/2025 10:00,Jefferson Street and Fred Waring,5-THURSDAY,buses_counts,0
9/11/2025 10:00,Jefferson Street and Fred Waring,5-THURSDAY,motorcycles_counts,0
9/11/2025 10:00,Jefferson Street and Fred Waring,5-THURSDAY,persons_counts,0
9/11/2025 10:00,Jefferson Street and Fred Waring,5-THURSDAY,bikes_counts,0
9/11/2025 10:00,Jefferson Street and Fred Waring,5-THURSDAY,bicycles_counts,0
9/11/2025 10:00,Jefferson Street and Fred Waring,5-THURSDAY,average_speed_mph,0
9/11/2025 10:00,Jefferson Street and Fred Waring,5-THURSDAY,trucks_speed_in_mph,0
9/11/2025 10:00,Jefferson Street and Fred Waring,5-THURSDAY,cars_speed_in_mph,0
9/11/2025 10:00,Jefferson Street and Fred Waring,5-THURSDAY,buses_speed_in_mph,0
9/11/2025 10:00,Jefferson Street and Fred Waring,5-THURSDAY,motorcycles_speed_in_mph,0
9/11/2025 10:00,Jefferson Street and Fred Waring,5-THURSDAY,persons_speed_in_mph,0
9/11/2025 10:00,Jefferson Street and Fred Waring,5-THURSDAY,bikes_speed_in_mph,0
9/11/2025 10:00,Jefferson Street and Fred Waring,5-THURSDAY,bicycles_speed_in_mph,0
9/11/2025 10:00,Jefferson Street and Fred Waring,5-THURSDAY,total_stopped_objects,0
9/11/2025 10:00,Jefferson Street and Fred Waring,5-THURSDAY,trucks_stopped,0
9/11/2025 10:00,Jefferson Street and Fred Waring,5-THURSDAY,cars_stopped,0
9/11/2025 10:00,Jefferson Street and Fred Waring,5-THURSDAY,buses_stopped,0
9/11/2025 10:00,Jefferson Street and Fred Waring,5-THURSDAY,motorcycles_stopped,0
9/11/2025 10:00,Jefferson Street and Fred Waring,5-THURSDAY,persons_stopped,0
9/11/2025 10:00,Jefferson Street and Fred Waring,5-THURSDAY,bikes_stopped,0
9/11/2025 10:00,Jefferson Street and Fred Waring,5-THURSDAY,bicycles_stopped,0
9/11/2025 11:00,Jefferson Street and Fred Waring,5-THURSDAY,total_counts,0
9/11/2025 11:00,Jefferson Street and Fred Waring,5-THURSDAY,trucks_counts,0
9/11/2025 11:00,Jefferson Street and Fred Waring,5-THURSDAY,cars_counts,0
9/11/2025 11:00,Jefferson Street and Fred Waring,5-THURSDAY,buses_counts,0
9/11/2025 11:00,Jefferson Street and Fred Waring,5-THURSDAY,motorcycles_counts,0
9/11/2025 11:00,Jefferson Street and Fred Waring,5-THURSDAY,persons_counts,0
9/11/2025 11:00,Jefferson Street and Fred Waring,5-THURSDAY,bikes_counts,0
9/11/2025 11:00,Jefferson Street and Fred Waring,5-THURSDAY,bicycles_counts,0
9/11/2025 11:00,Jefferson Street and Fred Waring,5-THURSDAY,average_speed_mph,0
9/11/2025 11:00,Jefferson Street and Fred Waring,5-THURSDAY,trucks_speed_in_mph,0
9/11/2025 11:00,Jefferson Street and Fred Waring,5-THURSDAY,cars_speed_in_mph,0
9/11/2025 11:00,Jefferson Street and Fred Waring,5-THURSDAY,buses_speed_in_mph,0
9/11/2025 11:00,Jefferson Street and Fred Waring,5-THURSDAY,motorcycles_speed_in_mph,0
9/11/2025 11:00,Jefferson Street and Fred Waring,5-THURSDAY,persons_speed_in_mph,0
9/11/2025 11:00,Jefferson Street and Fred Waring,5-THURSDAY,bikes_speed_in_mph,0
9/11/2025 11:00,Jefferson Street and Fred Waring,5-THURSDAY,bicycles_speed_in_mph,0
9/11/2025 11:00,Jefferson Street and Fred Waring,5-THURSDAY,total_stopped_objects,0
9/11/2025 11:00,Jefferson Street and Fred Waring,5-THURSDAY,trucks_stopped,0
9/11/2025 11:00,Jefferson Street and Fred Waring,5-THURSDAY,cars_stopped,0
9/11/2025 11:00,Jefferson Street and Fred Waring,5-THURSDAY,buses_stopped,0
9/11/2025 11:00,Jefferson Street and Fred Waring,5-THURSDAY,motorcycles_stopped,0
9/11/2025 11:00,Jefferson Street and Fred Waring,5-THURSDAY,persons_stopped,0
9/11/2025 11:00,Jefferson Street and Fred Waring,5-THURSDAY,bikes_stopped,0
9/11/2025 11:00,Jefferson Street and Fred Waring,5-THURSDAY,bicycles_stopped,0
9/11/2025 12:00,Jefferson Street and Fred Waring,5-THURSDAY,total_counts,0
9/11/2025 12:00,Jefferson Street and Fred Waring,5-THURSDAY,trucks_counts,0
9/11/2025 12:00,Jefferson Street and Fred Waring,5-THURSDAY,cars_counts,0
9/11/2025 12:00,Jefferson Street and Fred Waring,5-THURSDAY,buses_counts,0
9/11/2025 12:00,Jefferson Street and Fred Waring,5-THURSDAY,motorcycles_counts,0
9/11/2025 12:00,Jefferson Street and Fred Waring,5-THURSDAY,persons_counts,0
9/11/2025 12:00,Jefferson Street and Fred Waring,5-THURSDAY,bikes_counts,0
9/11/2025 12:00,Jefferson Street and Fred Waring,5-THURSDAY,bicycles_counts,0
9/11/2025 12:00,Jefferson Street and Fred Waring,5-THURSDAY,average_speed_mph,0
9/11/2025 12:00,Jefferson Street and Fred Waring,5-THURSDAY,trucks_speed_in_mph,0
9/11/2025 12:00,Jefferson Street and Fred Waring,5-THURSDAY,cars_speed_in_mph,0
9/11/2025 12:00,Jefferson Street and Fred Waring,5-THURSDAY,buses_speed_in_mph,0
9/11/2025 12:00,Jefferson Street and Fred Waring,5-THURSDAY,motorcycles_speed_in_mph,0
9/11/2025 12:00,Jefferson Street and Fred Waring,5-THURSDAY,persons_speed_in_mph,0
9/11/2025 12:00,Jefferson Street and Fred Waring,5-THURSDAY,bikes_speed_in_mph,0
9/11/2025 12:00,Jefferson Street and Fred Waring,5-THURSDAY,bicycles_speed_in_mph,0
9/11/2025 12:00,Jefferson Street and Fred Waring,5-THURSDAY,total_stopped_objects,0
9/11/2025 12:00,Jefferson Street and Fred Waring,5-THURSDAY,trucks_stopped,0
9/11/2025 12:00,Jefferson Street and Fred Waring,5-THURSDAY,cars_stopped,0
9/11/2025 12:00,Jefferson Street and Fred Waring,5-THURSDAY,buses_stopped,0
9/11/2025 12:00,Jefferson Street and Fred Waring,5-THURSDAY,motorcycles_stopped,0
9/11/2025 12:00,Jefferson Street and Fred Waring,5-THURSDAY,persons_stopped,0
9/11/2025 12:00,Jefferson Street and Fred Waring,5-THURSDAY,bikes_stopped,0
9/11/2025 12:00,Jefferson Street and Fred Waring,5-THURSDAY,bicycles_stopped,0
9/11/2025 13:00,Jefferson Street and Fred Waring,5-THURSDAY,total_counts,0
9/11/2025 13:00,Jefferson Street and Fred Waring,5-THURSDAY,trucks_counts,0
9/11/2025 13:00,Jefferson Street and Fred Waring,5-THURSDAY,cars_counts,0
9/11/2025 13:00,Jefferson Street and Fred Waring,5-THURSDAY,buses_counts,0
9/11/2025 13:00,Jefferson Street and Fred Waring,5-THURSDAY,motorcycles_counts,0
9/11/2025 13:00,Jefferson Street and Fred Waring,5-THURSDAY,persons_counts,0
9/11/2025 13:00,Jefferson Street and Fred Waring,5-THURSDAY,bikes_counts,0
9/11/2025 13:00,Jefferson Street and Fred Waring,5-THURSDAY,bicycles_counts,0
9/11/2025 13:00,Jefferson Street and Fred Waring,5-THURSDAY,average_speed_mph,0
9/11/2025 13:00,Jefferson Street and Fred Waring,5-THURSDAY,trucks_speed_in_mph,0
9/11/2025 13:00,Jefferson Street and Fred Waring,5-THURSDAY,cars_speed_in_mph,0
9/11/2025 13:00,Jefferson Street and Fred Waring,5-THURSDAY,buses_speed_in_mph,0
9/11/2025 13:00,Jefferson Street and Fred Waring,5-THURSDAY,motorcycles_speed_in_mph,0
9/11/2025 13:00,Jefferson Street and Fred Waring,5-THURSDAY,persons_speed_in_mph,0
9/11/2025 13:00,Jefferson Street and Fred Waring,5-THURSDAY,bikes_speed_in_mph,0
9/11/2025 13:00,Jefferson Street and Fred Waring,5-THURSDAY,bicycles_speed_in_mph,0
9/11/2025 13:00,Jefferson Street and Fred Waring,5-THURSDAY,total_stopped_objects,0
9/11/2025 13:00,Jefferson Street and Fred Waring,5-THURSDAY,trucks_stopped,0
9/11/2025 13:00,Jefferson Street and Fred Waring,5-THURSDAY,cars_stopped,0
9/11/2025 13:00,Jefferson Street and Fred Waring,5-THURSDAY,buses_stopped,0
9/11/2025 13:00,Jefferson Street and Fred Waring,5-THURSDAY,motorcycles_stopped,0
9/11/2025 13:00,Jefferson Street and Fred Waring,5-THURSDAY,persons_stopped,0
9/11/2025 13:00,Jefferson Street and Fred Waring,5-THURSDAY,bikes_stopped,0
9/11/2025 13:00,Jefferson Street and Fred Waring,5-THURSDAY,bicycles_stopped,0
9/11/2025 14:00,Jefferson Street and Fred Waring,5-THURSDAY,total_counts,0
9/11/2025 14:00,Jefferson Street and Fred Waring,5-THURSDAY,trucks_counts,0
9/11/2025 14:00,Jefferson Street and Fred Waring,5-THURSDAY,cars_counts,0
9/11/2025 14:00,Jefferson Street and Fred Waring,5-THURSDAY,buses_counts,0
9/11/2025 14:00,Jefferson Street and Fred Waring,5-THURSDAY,motorcycles_counts,0
9/11/2025 14:00,Jefferson Street and Fred Waring,5-THURSDAY,persons_counts,0
9/11/2025 14:00,Jefferson Street and Fred Waring,5-THURSDAY,bikes_counts,0
9/11/2025 14:00,Jefferson Street and Fred Waring,5-THURSDAY,bicycles_counts,0
9/11/2025 14:00,Jefferson Street and Fred Waring,5-THURSDAY,average_speed_mph,0
9/11/2025 14:00,Jefferson Street and Fred Waring,5-THURSDAY,trucks_speed_in_mph,0
9/11/2025 14:00,Jefferson Street and Fred Waring,5-THURSDAY,cars_speed_in_mph,0
9/11/2025 14:00,Jefferson Street and Fred Waring,5-THURSDAY,buses_speed_in_mph,0
9/11/2025 14:00,Jefferson Street and Fred Waring,5-THURSDAY,motorcycles_speed_in_mph,0
9/11/2025 14:00,Jefferson Street and Fred Waring,5-THURSDAY,persons_speed_in_mph,0
9/11/2025 14:00,Jefferson Street and Fred Waring,5-THURSDAY,bikes_speed_in_mph,0
9/11/2025 14:00,Jefferson Street and Fred Waring,5-THURSDAY,bicycles_speed_in_mph,0
9/11/2025 14:00,Jefferson Street and Fred Waring,5-THURSDAY,total_stopped_objects,0
9/11/2025 14:00,Jefferson Street and Fred Waring,5-THURSDAY,trucks_stopped,0
9/11/2025 14:00,Jefferson Street and Fred Waring,5-THURSDAY,cars_stopped,0
9/11/2025 14:00,Jefferson Street and Fred Waring,5-THURSDAY,buses_stopped,0
9/11/2025 14:00,Jefferson Street and Fred Waring,5-THURSDAY,motorcycles_stopped,0
9/11/2025 14:00,Jefferson Street and Fred Waring,5-THURSDAY,persons_stopped,0
9/11/2025 14:00,Jefferson Street and Fred Waring,5-THURSDAY,bikes_stopped,0
9/11/2025 14:00,Jefferson Street and Fred Waring,5-THURSDAY,bicycles_stopped,0
9/11/2025 15:00,Jefferson Street and Fred Waring,5-THURSDAY,total_counts,0
9/11/2025 15:00,Jefferson Street and Fred Waring,5-THURSDAY,trucks_counts,0
9/11/2025 15:00,Jefferson Street and Fred Waring,5-THURSDAY,cars_counts,0
9/11/2025 15:00,Jefferson Street and Fred Waring,5-THURSDAY,buses_counts,0
9/11/2025 15:00,Jefferson Street and Fred Waring,5-THURSDAY,motorcycles_counts,0
9/11/2025 15:00,Jefferson Street and Fred Waring,5-THURSDAY,persons_counts,0
9/11/2025 15:00,Jefferson Street and Fred Waring,5-THURSDAY,bikes_counts,0
9/11/2025 15:00,Jefferson Street and Fred Waring,5-THURSDAY,bicycles_counts,0
9/11/2025 15:00,Jefferson Street and Fred Waring,5-THURSDAY,average_speed_mph,0
9/11/2025 15:00,Jefferson Street and Fred Waring,5-THURSDAY,trucks_speed_in_mph,0
9/11/2025 15:00,Jefferson Street and Fred Waring,5-THURSDAY,cars_speed_in_mph,0
9/11/2025 15:00,Jefferson Street and Fred Waring,5-THURSDAY,buses_speed_in_mph,0
9/11/2025 15:00,Jefferson Street and Fred Waring,5-THURSDAY,motorcycles_speed_in_mph,0
9/11/2025 15:00,Jefferson Street and Fred Waring,5-THURSDAY,persons_speed_in_mph,0
9/11/2025 15:00,Jefferson Street and Fred Waring,5-THURSDAY,bikes_speed_in_mph,0
9/11/2025 15:00,Jefferson Street and Fred Waring,5-THURSDAY,bicycles_speed_in_mph,0
9/11/2025 15:00,Jefferson Street and Fred Waring,5-THURSDAY,total_stopped_objects,0
9/11/2025 15:00,Jefferson Street and Fred Waring,5-THURSDAY,trucks_stopped,0
9/11/2025 15:00,Jefferson Street and Fred Waring,5-THURSDAY,cars_stopped,0
9/11/2025 15:00,Jefferson Street and Fred Waring,5-THURSDAY,buses_stopped,0
9/11/2025 15:00,Jefferson Street and Fred Waring,5-THURSDAY,motorcycles_stopped,0
9/11/2025 15:00,Jefferson Street and Fred Waring,5-THURSDAY,persons_stopped,0
9/11/2025 15:00,Jefferson Street and Fred Waring,5-THURSDAY,bikes_stopped,0
9/11/2025 15:00,Jefferson Street and Fred Waring,5-THURSDAY,bicycles_stopped,0
9/11/2025 16:00,Jefferson Street and Fred Waring,5-THURSDAY,total_counts,0
9/11/2025 16:00,Jefferson Street and Fred Waring,5-THURSDAY,trucks_counts,0
9/11/2025 16:00,Jefferson Street and Fred Waring,5-THURSDAY,cars_counts,0
9/11/2025 16:00,Jefferson Street and Fred Waring,5-THURSDAY,buses_counts,0
9/11/2025 16:00,Jefferson Street and Fred Waring,5-THURSDAY,motorcycles_counts,0
9/11/2025 16:00,Jefferson Street and Fred Waring,5-THURSDAY,persons_counts,0
9/11/2025 16:00,Jefferson Street and Fred Waring,5-THURSDAY,bikes_counts,0
9/11/2025 16:00,Jefferson Street and Fred Waring,5-THURSDAY,bicycles_counts,0
9/11/2025 16:00,Jefferson Street and Fred Waring,5-THURSDAY,average_speed_mph,0
9/11/2025 16:00,Jefferson Street and Fred Waring,5-THURSDAY,trucks_speed_in_mph,0
9/11/2025 16:00,Jefferson Street and Fred Waring,5-THURSDAY,cars_speed_in_mph,0
9/11/2025 16:00,Jefferson Street and Fred Waring,5-THURSDAY,buses_speed_in_mph,0
9/11/2025 16:00,Jefferson Street and Fred Waring,5-THURSDAY,motorcycles_speed_in_mph,0
9/11/2025 16:00,Jefferson Street and Fred Waring,5-THURSDAY,persons_speed_in_mph,0
9/11/2025 16:00,Jefferson Street and Fred Waring,5-THURSDAY,bikes_speed_in_mph,0
9/11/2025 16:00,Jefferson Street and Fred Waring,5-THURSDAY,bicycles_speed_in_mph,0
9/11/2025 16:00,Jefferson Street and Fred Waring,5-THURSDAY,total_stopped_objects,0
9/11/2025 16:00,Jefferson Street and Fred Waring,5-THURSDAY,trucks_stopped,0
9/11/2025 16:00,Jefferson Street and Fred Waring,5-THURSDAY,cars_stopped,0
9/11/2025 16:00,Jefferson Street and Fred Waring,5-THURSDAY,buses_stopped,0
9/11/2025 16:00,Jefferson Street and Fred Waring,5-THURSDAY,motorcycles_stopped,0
9/11/2025 16:00,Jefferson Street and Fred Waring,5-THURSDAY,persons_stopped,0
9/11/2025 16:00,Jefferson Street and Fred Waring,5-THURSDAY,bikes_stopped,0
9/11/2025 16:00,Jefferson Street and Fred Waring,5-THURSDAY,bicycles_stopped,0
9/11/2025 17:00,Jefferson Street and Fred Waring,5-THURSDAY,total_counts,0
9/11/2025 17:00,Jefferson Street and Fred Waring,5-THURSDAY,trucks_counts,0
9/11/2025 17:00,Jefferson Street and Fred Waring,5-THURSDAY,cars_counts,0
9/11/2025 17:00,Jefferson Street and Fred Waring,5-THURSDAY,buses_counts,0
9/11/2025 17:00,Jefferson Street and Fred Waring,5-THURSDAY,motorcycles_counts,0
9/11/2025 17:00,Jefferson Street and Fred Waring,5-THURSDAY,persons_counts,0
9/11/2025 17:00,Jefferson Street and Fred Waring,5-THURSDAY,bikes_counts,0
9/11/2025 17:00,Jefferson Street and Fred Waring,5-THURSDAY,bicycles_counts,0
9/11/2025 17:00,Jefferson Street and Fred Waring,5-THURSDAY,average_speed_mph,0
9/11/2025 17:00,Jefferson Street and Fred Waring,5-THURSDAY,trucks_speed_in_mph,0
9/11/2025 17:00,Jefferson Street and Fred Waring,5-THURSDAY,cars_speed_in_mph,0
9/11/2025 17:00,Jefferson Street and Fred Waring,5-THURSDAY,buses_speed_in_mph,0
9/11/2025 17:00,Jefferson Street and Fred Waring,5-THURSDAY,motorcycles_speed_in_mph,0
9/11/2025 17:00,Jefferson Street and Fred Waring,5-THURSDAY,persons_speed_in_mph,0
9/11/2025 17:00,Jefferson Street and Fred Waring,5-THURSDAY,bikes_speed_in_mph,0
9/11/2025 17:00,Jefferson Street and Fred Waring,5-THURSDAY,bicycles_speed_in_mph,0
9/11/2025 17:00,Jefferson Street and Fred Waring,5-THURSDAY,total_stopped_objects,0
9/11/2025 17:00,Jefferson Street and Fred Waring,5-THURSDAY,trucks_stopped,0
9/11/2025 17:00,Jefferson Street and Fred Waring,5-THURSDAY,cars_stopped,0
9/11/2025 17:00,Jefferson Street and Fred Waring,5-THURSDAY,buses_stopped,0
9/11/2025 17:00,Jefferson Street and Fred Waring,5-THURSDAY,motorcycles_stopped,0
9/11/2025 17:00,Jefferson Street and Fred Waring,5-THURSDAY,persons_stopped,0
9/11/2025 17:00,Jefferson Street and Fred Waring,5-THURSDAY,bikes_stopped,0
9/11/2025 17:00,Jefferson Street and Fred Waring,5-THURSDAY,bicycles_stopped,0
9/11/2025 18:00,Jefferson Street and Fred Waring,5-THURSDAY,total_counts,0
9/11/2025 18:00,Jefferson Street and Fred Waring,5-THURSDAY,trucks_counts,0
9/11/2025 18:00,Jefferson Street and Fred Waring,5-THURSDAY,cars_counts,0
9/11/2025 18:00,Jefferson Street and Fred Waring,5-THURSDAY,buses_counts,0
9/11/2025 18:00,Jefferson Street and Fred Waring,5-THURSDAY,motorcycles_counts,0
9/11/2025 18:00,Jefferson Street and Fred Waring,5-THURSDAY,persons_counts,0
9/11/2025 18:00,Jefferson Street and Fred Waring,5-THURSDAY,bikes_counts,0
9/11/2025 18:00,Jefferson Street and Fred Waring,5-THURSDAY,bicycles_counts,0
9/11/2025 18:00,Jefferson Street and Fred Waring,5-THURSDAY,average_speed_mph,0
9/11/2025 18:00,Jefferson Street and Fred Waring,5-THURSDAY,trucks_speed_in_mph,0
9/11/2025 18:00,Jefferson Street and Fred Waring,5-THURSDAY,cars_speed_in_mph,0
9/11/2025 18:00,Jefferson Street and Fred Waring,5-THURSDAY,buses_speed_in_mph,0
9/11/2025 18:00,Jefferson Street and Fred Waring,5-THURSDAY,motorcycles_speed_in_mph,0
9/11/2025 18:00,Jefferson Street and Fred Waring,5-THURSDAY,persons_speed_in_mph,0
9/11/2025 18:00,Jefferson Street and Fred Waring,5-THURSDAY,bikes_speed_in_mph,0
9/11/2025 18:00,Jefferson Street and Fred Waring,5-THURSDAY,bicycles_speed_in_mph,0
9/11/2025 18:00,Jefferson Street and Fred Waring,5-THURSDAY,total_stopped_objects,0
9/11/2025 18:00,Jefferson Street and Fred Waring,5-THURSDAY,trucks_stopped,0
9/11/2025 18:00,Jefferson Street and Fred Waring,5-THURSDAY,cars_stopped,0
9/11/2025 18:00,Jefferson Street and Fred Waring,5-THURSDAY,buses_stopped,0
9/11/2025 18:00,Jefferson Street and Fred Waring,5-THURSDAY,motorcycles_stopped,0
9/11/2025 18:00,Jefferson Street and Fred Waring,5-THURSDAY,persons_stopped,0
9/11/2025 18:00,Jefferson Street and Fred Waring,5-THURSDAY,bikes_stopped,0
9/11/2025 18:00,Jefferson Street and Fred Waring,5-THURSDAY,bicycles_stopped,0
9/11/2025 19:00,Jefferson Street and Fred Waring,5-THURSDAY,total_counts,0
9/11/2025 19:00,Jefferson Street and Fred Waring,5-THURSDAY,trucks_counts,0
9/11/2025 19:00,Jefferson Street and Fred Waring,5-THURSDAY,cars_counts,0
9/11/2025 19:00,Jefferson Street and Fred Waring,5-THURSDAY,buses_counts,0
9/11/2025 19:00,Jefferson Street and Fred Waring,5-THURSDAY,motorcycles_counts,0
9/11/2025 19:00,Jefferson Street and Fred Waring,5-THURSDAY,persons_counts,0
9/11/2025 19:00,Jefferson Street and Fred Waring,5-THURSDAY,bikes_counts,0
9/11/2025 19:00,Jefferson Street and Fred Waring,5-THURSDAY,bicycles_counts,0
9/11/2025 19:00,Jefferson Street and Fred Waring,5-THURSDAY,average_speed_mph,0
9/11/2025 19:00,Jefferson Street and Fred Waring,5-THURSDAY,trucks_speed_in_mph,0
9/11/2025 19:00,Jefferson Street and Fred Waring,5-THURSDAY,cars_speed_in_mph,0
9/11/2025 19:00,Jefferson Street and Fred Waring,5-THURSDAY,buses_speed_in_mph,0
9/11/2025 19:00,Jefferson Street and Fred Waring,5-THURSDAY,motorcycles_speed_in_mph,0
9/11/2025 19:00,Jefferson Street and Fred Waring,5-THURSDAY,persons_speed_in_mph,0
9/11/2025 19:00,Jefferson Street and Fred Waring,5-THURSDAY,bikes_speed_in_mph,0
9/11/2025 19:00,Jefferson Street and Fred Waring,5-THURSDAY,bicycles_speed_in_mph,0
9/11/2025 19:00,Jefferson Street and Fred Waring,5-THURSDAY,total_stopped_objects,0
9/11/2025 19:00,Jefferson Street and Fred Waring,5-THURSDAY,trucks_stopped,0
9/11/2025 19:00,Jefferson Street and Fred Waring,5-THURSDAY,cars_stopped,0
9/11/2025 19:00,Jefferson Street and Fred Waring,5-THURSDAY,buses_stopped,0
9/11/2025 19:00,Jefferson Street and Fred Waring,5-THURSDAY,motorcycles_stopped,0
9/11/2025 19:00,Jefferson Street and Fred Waring,5-THURSDAY,persons_stopped,0
9/11/2025 19:00,Jefferson Street and Fred Waring,5-THURSDAY,bikes_stopped,0
9/11/2025 19:00,Jefferson Street and Fred Waring,5-THURSDAY,bicycles_stopped,0
9/11/2025 20:00,Jefferson Street and Fred Waring,5-THURSDAY,total_counts,0
9/11/2025 20:00,Jefferson Street and Fred Waring,5-THURSDAY,trucks_counts,0
9/11/2025 20:00,Jefferson Street and Fred Waring,5-THURSDAY,cars_counts,0
9/11/2025 20:00,Jefferson Street and Fred Waring,5-THURSDAY,buses_counts,0
9/11/2025 20:00,Jefferson Street and Fred Waring,5-THURSDAY,motorcycles_counts,0
9/11/2025 20:00,Jefferson Street and Fred Waring,5-THURSDAY,persons_counts,0
9/11/2025 20:00,Jefferson Street and Fred Waring,5-THURSDAY,bikes_counts,0
9/11/2025 20:00,Jefferson Street and Fred Waring,5-THURSDAY,bicycles_counts,0
9/11/2025 20:00,Jefferson Street and Fred Waring,5-THURSDAY,average_speed_mph,0
9/11/2025 20:00,Jefferson Street and Fred Waring,5-THURSDAY,trucks_speed_in_mph,0
9/11/2025 20:00,Jefferson Street and Fred Waring,5-THURSDAY,cars_speed_in_mph,0
9/11/2025 20:00,Jefferson Street and Fred Waring,5-THURSDAY,buses_speed_in_mph,0
9/11/2025 20:00,Jefferson Street and Fred Waring,5-THURSDAY,motorcycles_speed_in_mph,0
9/11/2025 20:00,Jefferson Street and Fred Waring,5-THURSDAY,persons_speed_in_mph,0
9/11/2025 20:00,Jefferson Street and Fred Waring,5-THURSDAY,bikes_speed_in_mph,0
9/11/2025 20:00,Jefferson Street and Fred Waring,5-THURSDAY,bicycles_speed_in_mph,0
9/11/2025 20:00,Jefferson Street and Fred Waring,5-THURSDAY,total_stopped_objects,0
9/11/2025 20:00,Jefferson Street and Fred Waring,5-THURSDAY,trucks_stopped,0
9/11/2025 20:00,Jefferson Street and Fred Waring,5-THURSDAY,cars_stopped,0
9/11/2025 20:00,Jefferson Street and Fred Waring,5-THURSDAY,buses_stopped,0
9/11/2025 20:00,Jefferson Street and Fred Waring,5-THURSDAY,motorcycles_stopped,0
9/11/2025 20:00,Jefferson Street and Fred Waring,5-THURSDAY,persons_stopped,0
9/11/2025 20:00,Jefferson Street and Fred Waring,5-THURSDAY,bikes_stopped,0
9/11/2025 20:00,Jefferson Street and Fred Waring,5-THURSDAY,bicycles_stopped,0
9/11/2025 21:00,Jefferson Street and Fred Waring,5-THURSDAY,total_counts,0
9/11/2025 21:00,Jefferson Street and Fred Waring,5-THURSDAY,trucks_counts,0
9/11/2025 21:00,Jefferson Street and Fred Waring,5-THURSDAY,cars_counts,0
9/11/2025 21:00,Jefferson Street and Fred Waring,5-THURSDAY,buses_counts,0
9/11/2025 21:00,Jefferson Street and Fred Waring,5-THURSDAY,motorcycles_counts,0
9/11/2025 21:00,Jefferson Street and Fred Waring,5-THURSDAY,persons_counts,0
9/11/2025 21:00,Jefferson Street and Fred Waring,5-THURSDAY,bikes_counts,0
9/11/2025 21:00,Jefferson Street and Fred Waring,5-THURSDAY,bicycles_counts,0
9/11/2025 21:00,Jefferson Street and Fred Waring,5-THURSDAY,average_speed_mph,0
9/11/2025 21:00,Jefferson Street and Fred Waring,5-THURSDAY,trucks_speed_in_mph,0
9/11/2025 21:00,Jefferson Street and Fred Waring,5-THURSDAY,cars_speed_in_mph,0
9/11/2025 21:00,Jefferson Street and Fred Waring,5-THURSDAY,buses_speed_in_mph,0
9/11/2025 21:00,Jefferson Street and Fred Waring,5-THURSDAY,motorcycles_speed_in_mph,0
9/11/2025 21:00,Jefferson Street and Fred Waring,5-THURSDAY,persons_speed_in_mph,0
9/11/2025 21:00,Jefferson Street and Fred Waring,5-THURSDAY,bikes_speed_in_mph,0
9/11/2025 21:00,Jefferson Street and Fred Waring,5-THURSDAY,bicycles_speed_in_mph,0
9/11/2025 21:00,Jefferson Street and Fred Waring,5-THURSDAY,total_stopped_objects,0
9/11/2025 21:00,Jefferson Street and Fred Waring,5-THURSDAY,trucks_stopped,0
9/11/2025 21:00,Jefferson Street and Fred Waring,5-THURSDAY,cars_stopped,0
9/11/2025 21:00,Jefferson Street and Fred Waring,5-THURSDAY,buses_stopped,0
9/11/2025 21:00,Jefferson Street and Fred Waring,5-THURSDAY,motorcycles_stopped,0
9/11/2025 21:00,Jefferson Street and Fred Waring,5-THURSDAY,persons_stopped,0
9/11/2025 21:00,Jefferson Street and Fred Waring,5-THURSDAY,bikes_stopped,0
9/11/2025 21:00,Jefferson Street and Fred Waring,5-THURSDAY,bicycles_stopped,0
9/11/2025 22:00,Jefferson Street and Fred Waring,5-THURSDAY,total_counts,0
9/11/2025 22:00,Jefferson Street and Fred Waring,5-THURSDAY,trucks_counts,0
9/11/2025 22:00,Jefferson Street and Fred Waring,5-THURSDAY,cars_counts,0
9/11/2025 22:00,Jefferson Street and Fred Waring,5-THURSDAY,buses_counts,0
9/11/2025 22:00,Jefferson Street and Fred Waring,5-THURSDAY,motorcycles_counts,0
9/11/2025 22:00,Jefferson Street and Fred Waring,5-THURSDAY,persons_counts,0
9/11/2025 22:00,Jefferson Street and Fred Waring,5-THURSDAY,bikes_counts,0
9/11/2025 22:00,Jefferson Street and Fred Waring,5-THURSDAY,bicycles_counts,0
9/11/2025 22:00,Jefferson Street and Fred Waring,5-THURSDAY,average_speed_mph,0
9/11/2025 22:00,Jefferson Street and Fred Waring,5-THURSDAY,trucks_speed_in_mph,0
9/11/2025 22:00,Jefferson Street and Fred Waring,5-THURSDAY,cars_speed_in_mph,0
9/11/2025 22:00,Jefferson Street and Fred Waring,5-THURSDAY,buses_speed_in_mph,0
9/11/2025 22:00,Jefferson Street and Fred Waring,5-THURSDAY,motorcycles_speed_in_mph,0
9/11/2025 22:00,Jefferson Street and Fred Waring,5-THURSDAY,persons_speed_in_mph,0
9/11/2025 22:00,Jefferson Street and Fred Waring,5-THURSDAY,bikes_speed_in_mph,0
9/11/2025 22:00,Jefferson Street and Fred Waring,5-THURSDAY,bicycles_speed_in_mph,0
9/11/2025 22:00,Jefferson Street and Fred Waring,5-THURSDAY,total_stopped_objects,0
9/11/2025 22:00,Jefferson Street and Fred Waring,5-THURSDAY,trucks_stopped,0
9/11/2025 22:00,Jefferson Street and Fred Waring,5-THURSDAY,cars_stopped,0
9/11/2025 22:00,Jefferson Street and Fred Waring,5-THURSDAY,buses_stopped,0
9/11/2025 22:00,Jefferson Street and Fred Waring,5-THURSDAY,motorcycles_stopped,0
9/11/2025 22:00,Jefferson Street and Fred Waring,5-THURSDAY,persons_stopped,0
9/11/2025 22:00,Jefferson Street and Fred Waring,5-THURSDAY,bikes_stopped,0
9/11/2025 22:00,Jefferson Street and Fred Waring,5-THURSDAY,bicycles_stopped,0
9/11/2025 23:00,Jefferson Street and Fred Waring,5-THURSDAY,total_counts,0
9/11/2025 23:00,Jefferson Street and Fred Waring,5-THURSDAY,trucks_counts,0
9/11/2025 23:00,Jefferson Street and Fred Waring,5-THURSDAY,cars_counts,0
9/11/2025 23:00,Jefferson Street and Fred Waring,5-THURSDAY,buses_counts,0
9/11/2025 23:00,Jefferson Street and Fred Waring,5-THURSDAY,motorcycles_counts,0
9/11/2025 23:00,Jefferson Street and Fred Waring,5-THURSDAY,persons_counts,0
9/11/2025 23:00,Jefferson Street and Fred Waring,5-THURSDAY,bikes_counts,0
9/11/2025 23:00,Jefferson Street and Fred Waring,5-THURSDAY,bicycles_counts,0
9/11/2025 23:00,Jefferson Street and Fred Waring,5-THURSDAY,average_speed_mph,0
9/11/2025 23:00,Jefferson Street and Fred Waring,5-THURSDAY,trucks_speed_in_mph,0
9/11/2025 23:00,Jefferson Street and Fred Waring,5-THURSDAY,cars_speed_in_mph,0
9/11/2025 23:00,Jefferson Street and Fred Waring,5-THURSDAY,buses_speed_in_mph,0
9/11/2025 23:00,Jefferson Street and Fred Waring,5-THURSDAY,motorcycles_speed_in_mph,0
9/11/2025 23:00,Jefferson Street and Fred Waring,5-THURSDAY,persons_speed_in_mph,0
9/11/2025 23:00,Jefferson Street and Fred Waring,5-THURSDAY,bikes_speed_in_mph,0
9/11/2025 23:00,Jefferson Street and Fred Waring,5-THURSDAY,bicycles_speed_in_mph,0
9/11/2025 23:00,Jefferson Street and Fred Waring,5-THURSDAY,total_stopped_objects,0
9/11/2025 23:00,Jefferson Street and Fred Waring,5-THURSDAY,trucks_stopped,0
9/11/2025 23:00,Jefferson Street and Fred Waring,5-THURSDAY,cars_stopped,0
9/11/2025 23:00,Jefferson Street and Fred Waring,5-THURSDAY,buses_stopped,0
9/11/2025 23:00,Jefferson Street and Fred Waring,5-THURSDAY,motorcycles_stopped,0
9/11/2025 23:00,Jefferson Street and Fred Waring,5-THURSDAY,persons_stopped,0
9/11/2025 23:00,Jefferson Street and Fred Waring,5-THURSDAY,bikes_stopped,0
9/11/2025 23:00,Jefferson Street and Fred Waring,5-THURSDAY,bicycles_stopped,0
9/12/2025 0:00,Jefferson Street and Fred Waring,6-FRIDAY,total_counts,0
9/12/2025 0:00,Jefferson Street and Fred Waring,6-FRIDAY,trucks_counts,0
9/12/2025 0:00,Jefferson Street and Fred Waring,6-FRIDAY,cars_counts,0
9/12/2025 0:00,Jefferson Street and Fred Waring,6-FRIDAY,buses_counts,0
9/12/2025 0:00,Jefferson Street and Fred Waring,6-FRIDAY,motorcycles_counts,0
9/12/2025 0:00,Jefferson Street and Fred Waring,6-FRIDAY,persons_counts,0
9/12/2025 0:00,Jefferson Street and Fred Waring,6-FRIDAY,bikes_counts,0
9/12/2025 0:00,Jefferson Street and Fred Waring,6-FRIDAY,bicycles_counts,0
9/12/2025 0:00,Jefferson Street and Fred Waring,6-FRIDAY,average_speed_mph,0
9/12/2025 0:00,Jefferson Street and Fred Waring,6-FRIDAY,trucks_speed_in_mph,0
9/12/2025 0:00,Jefferson Street and Fred Waring,6-FRIDAY,cars_speed_in_mph,0
9/12/2025 0:00,Jefferson Street and Fred Waring,6-FRIDAY,buses_speed_in_mph,0
9/12/2025 0:00,Jefferson Street and Fred Waring,6-FRIDAY,motorcycles_speed_in_mph,0
9/12/2025 0:00,Jefferson Street and Fred Waring,6-FRIDAY,persons_speed_in_mph,0
9/12/2025 0:00,Jefferson Street and Fred Waring,6-FRIDAY,bikes_speed_in_mph,0
9/12/2025 0:00,Jefferson Street and Fred Waring,6-FRIDAY,bicycles_speed_in_mph,0
9/12/2025 0:00,Jefferson Street and Fred Waring,6-FRIDAY,total_stopped_objects,0
9/12/2025 0:00,Jefferson Street and Fred Waring,6-FRIDAY,trucks_stopped,0
9/12/2025 0:00,Jefferson Street and Fred Waring,6-FRIDAY,cars_stopped,0
9/12/2025 0:00,Jefferson Street and Fred Waring,6-FRIDAY,buses_stopped,0
9/12/2025 0:00,Jefferson Street and Fred Waring,6-FRIDAY,motorcycles_stopped,0
9/12/2025 0:00,Jefferson Street and Fred Waring,6-FRIDAY,persons_stopped,0
9/12/2025 0:00,Jefferson Street and Fred Waring,6-FRIDAY,bikes_stopped,0
9/12/2025 0:00,Jefferson Street and Fred Waring,6-FRIDAY,bicycles_stopped,0
9/12/2025 1:00,Jefferson Street and Fred Waring,6-FRIDAY,total_counts,0
9/12/2025 1:00,Jefferson Street and Fred Waring,6-FRIDAY,trucks_counts,0
9/12/2025 1:00,Jefferson Street and Fred Waring,6-FRIDAY,cars_counts,0
9/12/2025 1:00,Jefferson Street and Fred Waring,6-FRIDAY,buses_counts,0
9/12/2025 1:00,Jefferson Street and Fred Waring,6-FRIDAY,motorcycles_counts,0
9/12/2025 1:00,Jefferson Street and Fred Waring,6-FRIDAY,persons_counts,0
9/12/2025 1:00,Jefferson Street and Fred Waring,6-FRIDAY,bikes_counts,0
9/12/2025 1:00,Jefferson Street and Fred Waring,6-FRIDAY,bicycles_counts,0
9/12/2025 1:00,Jefferson Street and Fred Waring,6-FRIDAY,average_speed_mph,0
9/12/2025 1:00,Jefferson Street and Fred Waring,6-FRIDAY,trucks_speed_in_mph,0
9/12/2025 1:00,Jefferson Street and Fred Waring,6-FRIDAY,cars_speed_in_mph,0
9/12/2025 1:00,Jefferson Street and Fred Waring,6-FRIDAY,buses_speed_in_mph,0
9/12/2025 1:00,Jefferson Street and Fred Waring,6-FRIDAY,motorcycles_speed_in_mph,0
9/12/2025 1:00,Jefferson Street and Fred Waring,6-FRIDAY,persons_speed_in_mph,0
9/12/2025 1:00,Jefferson Street and Fred Waring,6-FRIDAY,bikes_speed_in_mph,0
9/12/2025 1:00,Jefferson Street and Fred Waring,6-FRIDAY,bicycles_speed_in_mph,0
9/12/2025 1:00,Jefferson Street and Fred Waring,6-FRIDAY,total_stopped_objects,0
9/12/2025 1:00,Jefferson Street and Fred Waring,6-FRIDAY,trucks_stopped,0
9/12/2025 1:00,Jefferson Street and Fred Waring,6-FRIDAY,cars_stopped,0
9/12/2025 1:00,Jefferson Street and Fred Waring,6-FRIDAY,buses_stopped,0
9/12/2025 1:00,Jefferson Street and Fred Waring,6-FRIDAY,motorcycles_stopped,0
9/12/2025 1:00,Jefferson Street and Fred Waring,6-FRIDAY,persons_stopped,0
9/12/2025 1:00,Jefferson Street and Fred Waring,6-FRIDAY,bikes_stopped,0
9/12/2025 1:00,Jefferson Street and Fred Waring,6-FRIDAY,bicycles_stopped,0
9/12/2025 2:00,Jefferson Street and Fred Waring,6-FRIDAY,total_counts,0
9/12/2025 2:00,Jefferson Street and Fred Waring,6-FRIDAY,trucks_counts,0
9/12/2025 2:00,Jefferson Street and Fred Waring,6-FRIDAY,cars_counts,0
9/12/2025 2:00,Jefferson Street and Fred Waring,6-FRIDAY,buses_counts,0
9/12/2025 2:00,Jefferson Street and Fred Waring,6-FRIDAY,motorcycles_counts,0
9/12/2025 2:00,Jefferson Street and Fred Waring,6-FRIDAY,persons_counts,0
9/12/2025 2:00,Jefferson Street and Fred Waring,6-FRIDAY,bikes_counts,0
9/12/2025 2:00,Jefferson Street and Fred Waring,6-FRIDAY,bicycles_counts,0
9/12/2025 2:00,Jefferson Street and Fred Waring,6-FRIDAY,average_speed_mph,0
9/12/2025 2:00,Jefferson Street and Fred Waring,6-FRIDAY,trucks_speed_in_mph,0
9/12/2025 2:00,Jefferson Street and Fred Waring,6-FRIDAY,cars_speed_in_mph,0
9/12/2025 2:00,Jefferson Street and Fred Waring,6-FRIDAY,buses_speed_in_mph,0
9/12/2025 2:00,Jefferson Street and Fred Waring,6-FRIDAY,motorcycles_speed_in_mph,0
9/12/2025 2:00,Jefferson Street and Fred Waring,6-FRIDAY,persons_speed_in_mph,0
9/12/2025 2:00,Jefferson Street and Fred Waring,6-FRIDAY,bikes_speed_in_mph,0
9/12/2025 2:00,Jefferson Street and Fred Waring,6-FRIDAY,bicycles_speed_in_mph,0
9/12/2025 2:00,Jefferson Street and Fred Waring,6-FRIDAY,total_stopped_objects,0
9/12/2025 2:00,Jefferson Street and Fred Waring,6-FRIDAY,trucks_stopped,0
9/12/2025 2:00,Jefferson Street and Fred Waring,6-FRIDAY,cars_stopped,0
9/12/2025 2:00,Jefferson Street and Fred Waring,6-FRIDAY,buses_stopped,0
9/12/2025 2:00,Jefferson Street and Fred Waring,6-FRIDAY,motorcycles_stopped,0
9/12/2025 2:00,Jefferson Street and Fred Waring,6-FRIDAY,persons_stopped,0
9/12/2025 2:00,Jefferson Street and Fred Waring,6-FRIDAY,bikes_stopped,0
9/12/2025 2:00,Jefferson Street and Fred Waring,6-FRIDAY,bicycles_stopped,0
9/12/2025 3:00,Jefferson Street and Fred Waring,6-FRIDAY,total_counts,0
9/12/2025 3:00,Jefferson Street and Fred Waring,6-FRIDAY,trucks_counts,0
9/12/2025 3:00,Jefferson Street and Fred Waring,6-FRIDAY,cars_counts,0
9/12/2025 3:00,Jefferson Street and Fred Waring,6-FRIDAY,buses_counts,0
9/12/2025 3:00,Jefferson Street and Fred Waring,6-FRIDAY,motorcycles_counts,0
9/12/2025 3:00,Jefferson Street and Fred Waring,6-FRIDAY,persons_counts,0
9/12/2025 3:00,Jefferson Street and Fred Waring,6-FRIDAY,bikes_counts,0
9/12/2025 3:00,Jefferson Street and Fred Waring,6-FRIDAY,bicycles_counts,0
9/12/2025 3:00,Jefferson Street and Fred Waring,6-FRIDAY,average_speed_mph,0
9/12/2025 3:00,Jefferson Street and Fred Waring,6-FRIDAY,trucks_speed_in_mph,0
9/12/2025 3:00,Jefferson Street and Fred Waring,6-FRIDAY,cars_speed_in_mph,0
9/12/2025 3:00,Jefferson Street and Fred Waring,6-FRIDAY,buses_speed_in_mph,0
9/12/2025 3:00,Jefferson Street and Fred Waring,6-FRIDAY,motorcycles_speed_in_mph,0
9/12/2025 3:00,Jefferson Street and Fred Waring,6-FRIDAY,persons_speed_in_mph,0
9/12/2025 3:00,Jefferson Street and Fred Waring,6-FRIDAY,bikes_speed_in_mph,0
9/12/2025 3:00,Jefferson Street and Fred Waring,6-FRIDAY,bicycles_speed_in_mph,0
9/12/2025 3:00,Jefferson Street and Fred Waring,6-FRIDAY,total_stopped_objects,0
9/12/2025 3:00,Jefferson Street and Fred Waring,6-FRIDAY,trucks_stopped,0
9/12/2025 3:00,Jefferson Street and Fred Waring,6-FRIDAY,cars_stopped,0
9/12/2025 3:00,Jefferson Street and Fred Waring,6-FRIDAY,buses_stopped,0
9/12/2025 3:00,Jefferson Street and Fred Waring,6-FRIDAY,motorcycles_stopped,0
9/12/2025 3:00,Jefferson Street and Fred Waring,6-FRIDAY,persons_stopped,0
9/12/2025 3:00,Jefferson Street and Fred Waring,6-FRIDAY,bikes_stopped,0
9/12/2025 3:00,Jefferson Street and Fred Waring,6-FRIDAY,bicycles_stopped,0
9/12/2025 4:00,Jefferson Street and Fred Waring,6-FRIDAY,total_counts,0
9/12/2025 4:00,Jefferson Street and Fred Waring,6-FRIDAY,trucks_counts,0
9/12/2025 4:00,Jefferson Street and Fred Waring,6-FRIDAY,cars_counts,0
9/12/2025 4:00,Jefferson Street and Fred Waring,6-FRIDAY,buses_counts,0
9/12/2025 4:00,Jefferson Street and Fred Waring,6-FRIDAY,motorcycles_counts,0
9/12/2025 4:00,Jefferson Street and Fred Waring,6-FRIDAY,persons_counts,0
9/12/2025 4:00,Jefferson Street and Fred Waring,6-FRIDAY,bikes_counts,0
9/12/2025 4:00,Jefferson Street and Fred Waring,6-FRIDAY,bicycles_counts,0
9/12/2025 4:00,Jefferson Street and Fred Waring,6-FRIDAY,average_speed_mph,0
9/12/2025 4:00,Jefferson Street and Fred Waring,6-FRIDAY,trucks_speed_in_mph,0
9/12/2025 4:00,Jefferson Street and Fred Waring,6-FRIDAY,cars_speed_in_mph,0
9/12/2025 4:00,Jefferson Street and Fred Waring,6-FRIDAY,buses_speed_in_mph,0
9/12/2025 4:00,Jefferson Street and Fred Waring,6-FRIDAY,motorcycles_speed_in_mph,0
9/12/2025 4:00,Jefferson Street and Fred Waring,6-FRIDAY,persons_speed_in_mph,0
9/12/2025 4:00,Jefferson Street and Fred Waring,6-FRIDAY,bikes_speed_in_mph,0
9/12/2025 4:00,Jefferson Street and Fred Waring,6-FRIDAY,bicycles_speed_in_mph,0
9/12/2025 4:00,Jefferson Street and Fred Waring,6-FRIDAY,total_stopped_objects,0
9/12/2025 4:00,Jefferson Street and Fred Waring,6-FRIDAY,trucks_stopped,0
9/12/2025 4:00,Jefferson Street and Fred Waring,6-FRIDAY,cars_stopped,0
9/12/2025 4:00,Jefferson Street and Fred Waring,6-FRIDAY,buses_stopped,0
9/12/2025 4:00,Jefferson Street and Fred Waring,6-FRIDAY,motorcycles_stopped,0
9/12/2025 4:00,Jefferson Street and Fred Waring,6-FRIDAY,persons_stopped,0
9/12/2025 4:00,Jefferson Street and Fred Waring,6-FRIDAY,bikes_stopped,0
9/12/2025 4:00,Jefferson Street and Fred Waring,6-FRIDAY,bicycles_stopped,0
9/12/2025 5:00,Jefferson Street and Fred Waring,6-FRIDAY,total_counts,0
9/12/2025 5:00,Jefferson Street and Fred Waring,6-FRIDAY,trucks_counts,0
9/12/2025 5:00,Jefferson Street and Fred Waring,6-FRIDAY,cars_counts,0
9/12/2025 5:00,Jefferson Street and Fred Waring,6-FRIDAY,buses_counts,0
9/12/2025 5:00,Jefferson Street and Fred Waring,6-FRIDAY,motorcycles_counts,0
9/12/2025 5:00,Jefferson Street and Fred Waring,6-FRIDAY,persons_counts,0
9/12/2025 5:00,Jefferson Street and Fred Waring,6-FRIDAY,bikes_counts,0
9/12/2025 5:00,Jefferson Street and Fred Waring,6-FRIDAY,bicycles_counts,0
9/12/2025 5:00,Jefferson Street and Fred Waring,6-FRIDAY,average_speed_mph,0
9/12/2025 5:00,Jefferson Street and Fred Waring,6-FRIDAY,trucks_speed_in_mph,0
9/12/2025 5:00,Jefferson Street and Fred Waring,6-FRIDAY,cars_speed_in_mph,0
9/12/2025 5:00,Jefferson Street and Fred Waring,6-FRIDAY,buses_speed_in_mph,0
9/12/2025 5:00,Jefferson Street and Fred Waring,6-FRIDAY,motorcycles_speed_in_mph,0
9/12/2025 5:00,Jefferson Street and Fred Waring,6-FRIDAY,persons_speed_in_mph,0
9/12/2025 5:00,Jefferson Street and Fred Waring,6-FRIDAY,bikes_speed_in_mph,0
9/12/2025 5:00,Jefferson Street and Fred Waring,6-FRIDAY,bicycles_speed_in_mph,0
9/12/2025 5:00,Jefferson Street and Fred Waring,6-FRIDAY,total_stopped_objects,0
9/12/2025 5:00,Jefferson Street and Fred Waring,6-FRIDAY,trucks_stopped,0
9/12/2025 5:00,Jefferson Street and Fred Waring,6-FRIDAY,cars_stopped,0
9/12/2025 5:00,Jefferson Street and Fred Waring,6-FRIDAY,buses_stopped,0
9/12/2025 5:00,Jefferson Street and Fred Waring,6-FRIDAY,motorcycles_stopped,0
9/12/2025 5:00,Jefferson Street and Fred Waring,6-FRIDAY,persons_stopped,0
9/12/2025 5:00,Jefferson Street and Fred Waring,6-FRIDAY,bikes_stopped,0
9/12/2025 5:00,Jefferson Street and Fred Waring,6-FRIDAY,bicycles_stopped,0
9/12/2025 6:00,Jefferson Street and Fred Waring,6-FRIDAY,total_counts,0
9/12/2025 6:00,Jefferson Street and Fred Waring,6-FRIDAY,trucks_counts,0
9/12/2025 6:00,Jefferson Street and Fred Waring,6-FRIDAY,cars_counts,0
9/12/2025 6:00,Jefferson Street and Fred Waring,6-FRIDAY,buses_counts,0
9/12/2025 6:00,Jefferson Street and Fred Waring,6-FRIDAY,motorcycles_counts,0
9/12/2025 6:00,Jefferson Street and Fred Waring,6-FRIDAY,persons_counts,0
9/12/2025 6:00,Jefferson Street and Fred Waring,6-FRIDAY,bikes_counts,0
9/12/2025 6:00,Jefferson Street and Fred Waring,6-FRIDAY,bicycles_counts,0
9/12/2025 6:00,Jefferson Street and Fred Waring,6-FRIDAY,average_speed_mph,0
9/12/2025 6:00,Jefferson Street and Fred Waring,6-FRIDAY,trucks_speed_in_mph,0
9/12/2025 6:00,Jefferson Street and Fred Waring,6-FRIDAY,cars_speed_in_mph,0
9/12/2025 6:00,Jefferson Street and Fred Waring,6-FRIDAY,buses_speed_in_mph,0
9/12/2025 6:00,Jefferson Street and Fred Waring,6-FRIDAY,motorcycles_speed_in_mph,0
9/12/2025 6:00,Jefferson Street and Fred Waring,6-FRIDAY,persons_speed_in_mph,0
9/12/2025 6:00,Jefferson Street and Fred Waring,6-FRIDAY,bikes_speed_in_mph,0
9/12/2025 6:00,Jefferson Street and Fred Waring,6-FRIDAY,bicycles_speed_in_mph,0
9/12/2025 6:00,Jefferson Street and Fred Waring,6-FRIDAY,total_stopped_objects,0
9/12/2025 6:00,Jefferson Street and Fred Waring,6-FRIDAY,trucks_stopped,0
9/12/2025 6:00,Jefferson Street and Fred Waring,6-FRIDAY,cars_stopped,0
9/12/2025 6:00,Jefferson Street and Fred Waring,6-FRIDAY,buses_stopped,0
9/12/2025 6:00,Jefferson Street and Fred Waring,6-FRIDAY,motorcycles_stopped,0
9/12/2025 6:00,Jefferson Street and Fred Waring,6-FRIDAY,persons_stopped,0
9/12/2025 6:00,Jefferson Street and Fred Waring,6-FRIDAY,bikes_stopped,0
9/12/2025 6:00,Jefferson Street and Fred Waring,6-FRIDAY,bicycles_stopped,0
9/12/2025 7:00,Jefferson Street and Fred Waring,6-FRIDAY,total_counts,0
9/12/2025 7:00,Jefferson Street and Fred Waring,6-FRIDAY,trucks_counts,0
9/12/2025 7:00,Jefferson Street and Fred Waring,6-FRIDAY,cars_counts,0
9/12/2025 7:00,Jefferson Street and Fred Waring,6-FRIDAY,buses_counts,0
9/12/2025 7:00,Jefferson Street and Fred Waring,6-FRIDAY,motorcycles_counts,0
9/12/2025 7:00,Jefferson Street and Fred Waring,6-FRIDAY,persons_counts,0
9/12/2025 7:00,Jefferson Street and Fred Waring,6-FRIDAY,bikes_counts,0
9/12/2025 7:00,Jefferson Street and Fred Waring,6-FRIDAY,bicycles_counts,0
9/12/2025 7:00,Jefferson Street and Fred Waring,6-FRIDAY,average_speed_mph,0
9/12/2025 7:00,Jefferson Street and Fred Waring,6-FRIDAY,trucks_speed_in_mph,0
9/12/2025 7:00,Jefferson Street and Fred Waring,6-FRIDAY,cars_speed_in_mph,0
9/12/2025 7:00,Jefferson Street and Fred Waring,6-FRIDAY,buses_speed_in_mph,0
9/12/2025 7:00,Jefferson Street and Fred Waring,6-FRIDAY,motorcycles_speed_in_mph,0
9/12/2025 7:00,Jefferson Street and Fred Waring,6-FRIDAY,persons_speed_in_mph,0
9/12/2025 7:00,Jefferson Street and Fred Waring,6-FRIDAY,bikes_speed_in_mph,0
9/12/2025 7:00,Jefferson Street and Fred Waring,6-FRIDAY,bicycles_speed_in_mph,0
9/12/2025 7:00,Jefferson Street and Fred Waring,6-FRIDAY,total_stopped_objects,0
9/12/2025 7:00,Jefferson Street and Fred Waring,6-FRIDAY,trucks_stopped,0
9/12/2025 7:00,Jefferson Street and Fred Waring,6-FRIDAY,cars_stopped,0
9/12/2025 7:00,Jefferson Street and Fred Waring,6-FRIDAY,buses_stopped,0
9/12/2025 7:00,Jefferson Street and Fred Waring,6-FRIDAY,motorcycles_stopped,0
9/12/2025 7:00,Jefferson Street and Fred Waring,6-FRIDAY,persons_stopped,0
9/12/2025 7:00,Jefferson Street and Fred Waring,6-FRIDAY,bikes_stopped,0
9/12/2025 7:00,Jefferson Street and Fred Waring,6-FRIDAY,bicycles_stopped,0
9/12/2025 8:00,Jefferson Street and Fred Waring,6-FRIDAY,total_counts,0
9/12/2025 8:00,Jefferson Street and Fred Waring,6-FRIDAY,trucks_counts,0
9/12/2025 8:00,Jefferson Street and Fred Waring,6-FRIDAY,cars_counts,0
9/12/2025 8:00,Jefferson Street and Fred Waring,6-FRIDAY,buses_counts,0
9/12/2025 8:00,Jefferson Street and Fred Waring,6-FRIDAY,motorcycles_counts,0
9/12/2025 8:00,Jefferson Street and Fred Waring,6-FRIDAY,persons_counts,0
9/12/2025 8:00,Jefferson Street and Fred Waring,6-FRIDAY,bikes_counts,0
9/12/2025 8:00,Jefferson Street and Fred Waring,6-FRIDAY,bicycles_counts,0
9/12/2025 8:00,Jefferson Street and Fred Waring,6-FRIDAY,average_speed_mph,0
9/12/2025 8:00,Jefferson Street and Fred Waring,6-FRIDAY,trucks_speed_in_mph,0
9/12/2025 8:00,Jefferson Street and Fred Waring,6-FRIDAY,cars_speed_in_mph,0
9/12/2025 8:00,Jefferson Street and Fred Waring,6-FRIDAY,buses_speed_in_mph,0
9/12/2025 8:00,Jefferson Street and Fred Waring,6-FRIDAY,motorcycles_speed_in_mph,0
9/12/2025 8:00,Jefferson Street and Fred Waring,6-FRIDAY,persons_speed_in_mph,0
9/12/2025 8:00,Jefferson Street and Fred Waring,6-FRIDAY,bikes_speed_in_mph,0
9/12/2025 8:00,Jefferson Street and Fred Waring,6-FRIDAY,bicycles_speed_in_mph,0
9/12/2025 8:00,Jefferson Street and Fred Waring,6-FRIDAY,total_stopped_objects,0
9/12/2025 8:00,Jefferson Street and Fred Waring,6-FRIDAY,trucks_stopped,0
9/12/2025 8:00,Jefferson Street and Fred Waring,6-FRIDAY,cars_stopped,0
9/12/2025 8:00,Jefferson Street and Fred Waring,6-FRIDAY,buses_stopped,0
9/12/2025 8:00,Jefferson Street and Fred Waring,6-FRIDAY,motorcycles_stopped,0
9/12/2025 8:00,Jefferson Street and Fred Waring,6-FRIDAY,persons_stopped,0
9/12/2025 8:00,Jefferson Street and Fred Waring,6-FRIDAY,bikes_stopped,0
9/12/2025 8:00,Jefferson Street and Fred Waring,6-FRIDAY,bicycles_stopped,0
9/12/2025 9:00,Jefferson Street and Fred Waring,6-FRIDAY,total_counts,0
9/12/2025 9:00,Jefferson Street and Fred Waring,6-FRIDAY,trucks_counts,0
9/12/2025 9:00,Jefferson Street and Fred Waring,6-FRIDAY,cars_counts,0
9/12/2025 9:00,Jefferson Street and Fred Waring,6-FRIDAY,buses_counts,0
9/12/2025 9:00,Jefferson Street and Fred Waring,6-FRIDAY,motorcycles_counts,0
9/12/2025 9:00,Jefferson Street and Fred Waring,6-FRIDAY,persons_counts,0
9/12/2025 9:00,Jefferson Street and Fred Waring,6-FRIDAY,bikes_counts,0
9/12/2025 9:00,Jefferson Street and Fred Waring,6-FRIDAY,bicycles_counts,0
9/12/2025 9:00,Jefferson Street and Fred Waring,6-FRIDAY,average_speed_mph,0
9/12/2025 9:00,Jefferson Street and Fred Waring,6-FRIDAY,trucks_speed_in_mph,0
9/12/2025 9:00,Jefferson Street and Fred Waring,6-FRIDAY,cars_speed_in_mph,0
9/12/2025 9:00,Jefferson Street and Fred Waring,6-FRIDAY,buses_speed_in_mph,0
9/12/2025 9:00,Jefferson Street and Fred Waring,6-FRIDAY,motorcycles_speed_in_mph,0
9/12/2025 9:00,Jefferson Street and Fred Waring,6-FRIDAY,persons_speed_in_mph,0
9/12/2025 9:00,Jefferson Street and Fred Waring,6-FRIDAY,bikes_speed_in_mph,0
9/12/2025 9:00,Jefferson Street and Fred Waring,6-FRIDAY,bicycles_speed_in_mph,0
9/12/2025 9:00,Jefferson Street and Fred Waring,6-FRIDAY,total_stopped_objects,0
9/12/2025 9:00,Jefferson Street and Fred Waring,6-FRIDAY,trucks_stopped,0
9/12/2025 9:00,Jefferson Street and Fred Waring,6-FRIDAY,cars_stopped,0
9/12/2025 9:00,Jefferson Street and Fred Waring,6-FRIDAY,buses_stopped,0
9/12/2025 9:00,Jefferson Street and Fred Waring,6-FRIDAY,motorcycles_stopped,0
9/12/2025 9:00,Jefferson Street and Fred Waring,6-FRIDAY,persons_stopped,0
9/12/2025 9:00,Jefferson Street and Fred Waring,6-FRIDAY,bikes_stopped,0
9/12/2025 9:00,Jefferson Street and Fred Waring,6-FRIDAY,bicycles_stopped,0
9/12/2025 10:00,Jefferson Street and Fred Waring,6-FRIDAY,total_counts,0
9/12/2025 10:00,Jefferson Street and Fred Waring,6-FRIDAY,trucks_counts,0
9/12/2025 10:00,Jefferson Street and Fred Waring,6-FRIDAY,cars_counts,0
9/12/2025 10:00,Jefferson Street and Fred Waring,6-FRIDAY,buses_counts,0
9/12/2025 10:00,Jefferson Street and Fred Waring,6-FRIDAY,motorcycles_counts,0
9/12/2025 10:00,Jefferson Street and Fred Waring,6-FRIDAY,persons_counts,0
9/12/2025 10:00,Jefferson Street and Fred Waring,6-FRIDAY,bikes_counts,0
9/12/2025 10:00,Jefferson Street and Fred Waring,6-FRIDAY,bicycles_counts,0
9/12/2025 10:00,Jefferson Street and Fred Waring,6-FRIDAY,average_speed_mph,0
9/12/2025 10:00,Jefferson Street and Fred Waring,6-FRIDAY,trucks_speed_in_mph,0
9/12/2025 10:00,Jefferson Street and Fred Waring,6-FRIDAY,cars_speed_in_mph,0
9/12/2025 10:00,Jefferson Street and Fred Waring,6-FRIDAY,buses_speed_in_mph,0
9/12/2025 10:00,Jefferson Street and Fred Waring,6-FRIDAY,motorcycles_speed_in_mph,0
9/12/2025 10:00,Jefferson Street and Fred Waring,6-FRIDAY,persons_speed_in_mph,0
9/12/2025 10:00,Jefferson Street and Fred Waring,6-FRIDAY,bikes_speed_in_mph,0
9/12/2025 10:00,Jefferson Street and Fred Waring,6-FRIDAY,bicycles_speed_in_mph,0
9/12/2025 10:00,Jefferson Street and Fred Waring,6-FRIDAY,total_stopped_objects,0
9/12/2025 10:00,Jefferson Street and Fred Waring,6-FRIDAY,trucks_stopped,0
9/12/2025 10:00,Jefferson Street and Fred Waring,6-FRIDAY,cars_stopped,0
9/12/2025 10:00,Jefferson Street and Fred Waring,6-FRIDAY,buses_stopped,0
9/12/2025 10:00,Jefferson Street and Fred Waring,6-FRIDAY,motorcycles_stopped,0
9/12/2025 10:00,Jefferson Street and Fred Waring,6-FRIDAY,persons_stopped,0
9/12/2025 10:00,Jefferson Street and Fred Waring,6-FRIDAY,bikes_stopped,0
9/12/2025 10:00,Jefferson Street and Fred Waring,6-FRIDAY,bicycles_stopped,0
9/12/2025 11:00,Jefferson Street and Fred Waring,6-FRIDAY,total_counts,0
9/12/2025 11:00,Jefferson Street and Fred Waring,6-FRIDAY,trucks_counts,0
9/12/2025 11:00,Jefferson Street and Fred Waring,6-FRIDAY,cars_counts,0
9/12/2025 11:00,Jefferson Street and Fred Waring,6-FRIDAY,buses_counts,0
9/12/2025 11:00,Jefferson Street and Fred Waring,6-FRIDAY,motorcycles_counts,0
9/12/2025 11:00,Jefferson Street and Fred Waring,6-FRIDAY,persons_counts,0
9/12/2025 11:00,Jefferson Street and Fred Waring,6-FRIDAY,bikes_counts,0
9/12/2025 11:00,Jefferson Street and Fred Waring,6-FRIDAY,bicycles_counts,0
9/12/2025 11:00,Jefferson Street and Fred Waring,6-FRIDAY,average_speed_mph,0
9/12/2025 11:00,Jefferson Street and Fred Waring,6-FRIDAY,trucks_speed_in_mph,0
9/12/2025 11:00,Jefferson Street and Fred Waring,6-FRIDAY,cars_speed_in_mph,0
9/12/2025 11:00,Jefferson Street and Fred Waring,6-FRIDAY,buses_speed_in_mph,0
9/12/2025 11:00,Jefferson Street and Fred Waring,6-FRIDAY,motorcycles_speed_in_mph,0
9/12/2025 11:00,Jefferson Street and Fred Waring,6-FRIDAY,persons_speed_in_mph,0
9/12/2025 11:00,Jefferson Street and Fred Waring,6-FRIDAY,bikes_speed_in_mph,0
9/12/2025 11:00,Jefferson Street and Fred Waring,6-FRIDAY,bicycles_speed_in_mph,0
9/12/2025 11:00,Jefferson Street and Fred Waring,6-FRIDAY,total_stopped_objects,0
9/12/2025 11:00,Jefferson Street and Fred Waring,6-FRIDAY,trucks_stopped,0
9/12/2025 11:00,Jefferson Street and Fred Waring,6-FRIDAY,cars_stopped,0
9/12/2025 11:00,Jefferson Street and Fred Waring,6-FRIDAY,buses_stopped,0
9/12/2025 11:00,Jefferson Street and Fred Waring,6-FRIDAY,motorcycles_stopped,0
9/12/2025 11:00,Jefferson Street and Fred Waring,6-FRIDAY,persons_stopped,0
9/12/2025 11:00,Jefferson Street and Fred Waring,6-FRIDAY,bikes_stopped,0
9/12/2025 11:00,Jefferson Street and Fred Waring,6-FRIDAY,bicycles_stopped,0
9/12/2025 12:00,Jefferson Street and Fred Waring,6-FRIDAY,total_counts,0
9/12/2025 12:00,Jefferson Street and Fred Waring,6-FRIDAY,trucks_counts,0
9/12/2025 12:00,Jefferson Street and Fred Waring,6-FRIDAY,cars_counts,0
9/12/2025 12:00,Jefferson Street and Fred Waring,6-FRIDAY,buses_counts,0
9/12/2025 12:00,Jefferson Street and Fred Waring,6-FRIDAY,motorcycles_counts,0
9/12/2025 12:00,Jefferson Street and Fred Waring,6-FRIDAY,persons_counts,0
9/12/2025 12:00,Jefferson Street and Fred Waring,6-FRIDAY,bikes_counts,0
9/12/2025 12:00,Jefferson Street and Fred Waring,6-FRIDAY,bicycles_counts,0
9/12/2025 12:00,Jefferson Street and Fred Waring,6-FRIDAY,average_speed_mph,0
9/12/2025 12:00,Jefferson Street and Fred Waring,6-FRIDAY,trucks_speed_in_mph,0
9/12/2025 12:00,Jefferson Street and Fred Waring,6-FRIDAY,cars_speed_in_mph,0
9/12/2025 12:00,Jefferson Street and Fred Waring,6-FRIDAY,buses_speed_in_mph,0
9/12/2025 12:00,Jefferson Street and Fred Waring,6-FRIDAY,motorcycles_speed_in_mph,0
9/12/2025 12:00,Jefferson Street and Fred Waring,6-FRIDAY,persons_speed_in_mph,0
9/12/2025 12:00,Jefferson Street and Fred Waring,6-FRIDAY,bikes_speed_in_mph,0
9/12/2025 12:00,Jefferson Street and Fred Waring,6-FRIDAY,bicycles_speed_in_mph,0
9/12/2025 12:00,Jefferson Street and Fred Waring,6-FRIDAY,total_stopped_objects,0
9/12/2025 12:00,Jefferson Street and Fred Waring,6-FRIDAY,trucks_stopped,0
9/12/2025 12:00,Jefferson Street and Fred Waring,6-FRIDAY,cars_stopped,0
9/12/2025 12:00,Jefferson Street and Fred Waring,6-FRIDAY,buses_stopped,0
9/12/2025 12:00,Jefferson Street and Fred Waring,6-FRIDAY,motorcycles_stopped,0
9/12/2025 12:00,Jefferson Street and Fred Waring,6-FRIDAY,persons_stopped,0
9/12/2025 12:00,Jefferson Street and Fred Waring,6-FRIDAY,bikes_stopped,0
9/12/2025 12:00,Jefferson Street and Fred Waring,6-FRIDAY,bicycles_stopped,0
9/12/2025 13:00,Jefferson Street and Fred Waring,6-FRIDAY,total_counts,0
9/12/2025 13:00,Jefferson Street and Fred Waring,6-FRIDAY,trucks_counts,0
9/12/2025 13:00,Jefferson Street and Fred Waring,6-FRIDAY,cars_counts,0
9/12/2025 13:00,Jefferson Street and Fred Waring,6-FRIDAY,buses_counts,0
9/12/2025 13:00,Jefferson Street and Fred Waring,6-FRIDAY,motorcycles_counts,0
9/12/2025 13:00,Jefferson Street and Fred Waring,6-FRIDAY,persons_counts,0
9/12/2025 13:00,Jefferson Street and Fred Waring,6-FRIDAY,bikes_counts,0
9/12/2025 13:00,Jefferson Street and Fred Waring,6-FRIDAY,bicycles_counts,0
9/12/2025 13:00,Jefferson Street and Fred Waring,6-FRIDAY,average_speed_mph,0
9/12/2025 13:00,Jefferson Street and Fred Waring,6-FRIDAY,trucks_speed_in_mph,0
9/12/2025 13:00,Jefferson Street and Fred Waring,6-FRIDAY,cars_speed_in_mph,0
9/12/2025 13:00,Jefferson Street and Fred Waring,6-FRIDAY,buses_speed_in_mph,0
9/12/2025 13:00,Jefferson Street and Fred Waring,6-FRIDAY,motorcycles_speed_in_mph,0
9/12/2025 13:00,Jefferson Street and Fred Waring,6-FRIDAY,persons_speed_in_mph,0
9/12/2025 13:00,Jefferson Street and Fred Waring,6-FRIDAY,bikes_speed_in_mph,0
9/12/2025 13:00,Jefferson Street and Fred Waring,6-FRIDAY,bicycles_speed_in_mph,0
9/12/2025 13:00,Jefferson Street and Fred Waring,6-FRIDAY,total_stopped_objects,0
9/12/2025 13:00,Jefferson Street and Fred Waring,6-FRIDAY,trucks_stopped,0
9/12/2025 13:00,Jefferson Street and Fred Waring,6-FRIDAY,cars_stopped,0
9/12/2025 13:00,Jefferson Street and Fred Waring,6-FRIDAY,buses_stopped,0
9/12/2025 13:00,Jefferson Street and Fred Waring,6-FRIDAY,motorcycles_stopped,0
9/12/2025 13:00,Jefferson Street and Fred Waring,6-FRIDAY,persons_stopped,0
9/12/2025 13:00,Jefferson Street and Fred Waring,6-FRIDAY,bikes_stopped,0
9/12/2025 13:00,Jefferson Street and Fred Waring,6-FRIDAY,bicycles_stopped,0
9/12/2025 14:00,Jefferson Street and Fred Waring,6-FRIDAY,total_counts,0
9/12/2025 14:00,Jefferson Street and Fred Waring,6-FRIDAY,trucks_counts,0
9/12/2025 14:00,Jefferson Street and Fred Waring,6-FRIDAY,cars_counts,0
9/12/2025 14:00,Jefferson Street and Fred Waring,6-FRIDAY,buses_counts,0
9/12/2025 14:00,Jefferson Street and Fred Waring,6-FRIDAY,motorcycles_counts,0
9/12/2025 14:00,Jefferson Street and Fred Waring,6-FRIDAY,persons_counts,0
9/12/2025 14:00,Jefferson Street and Fred Waring,6-FRIDAY,bikes_counts,0
9/12/2025 14:00,Jefferson Street and Fred Waring,6-FRIDAY,bicycles_counts,0
9/12/2025 14:00,Jefferson Street and Fred Waring,6-FRIDAY,average_speed_mph,0
9/12/2025 14:00,Jefferson Street and Fred Waring,6-FRIDAY,trucks_speed_in_mph,0
9/12/2025 14:00,Jefferson Street and Fred Waring,6-FRIDAY,cars_speed_in_mph,0
9/12/2025 14:00,Jefferson Street and Fred Waring,6-FRIDAY,buses_speed_in_mph,0
9/12/2025 14:00,Jefferson Street and Fred Waring,6-FRIDAY,motorcycles_speed_in_mph,0
9/12/2025 14:00,Jefferson Street and Fred Waring,6-FRIDAY,persons_speed_in_mph,0
9/12/2025 14:00,Jefferson Street and Fred Waring,6-FRIDAY,bikes_speed_in_mph,0
9/12/2025 14:00,Jefferson Street and Fred Waring,6-FRIDAY,bicycles_speed_in_mph,0
9/12/2025 14:00,Jefferson Street and Fred Waring,6-FRIDAY,total_stopped_objects,0
9/12/2025 14:00,Jefferson Street and Fred Waring,6-FRIDAY,trucks_stopped,0
9/12/2025 14:00,Jefferson Street and Fred Waring,6-FRIDAY,cars_stopped,0
9/12/2025 14:00,Jefferson Street and Fred Waring,6-FRIDAY,buses_stopped,0
9/12/2025 14:00,Jefferson Street and Fred Waring,6-FRIDAY,motorcycles_stopped,0
9/12/2025 14:00,Jefferson Street and Fred Waring,6-FRIDAY,persons_stopped,0
9/12/2025 14:00,Jefferson Street and Fred Waring,6-FRIDAY,bikes_stopped,0
9/12/2025 14:00,Jefferson Street and Fred Waring,6-FRIDAY,bicycles_stopped,0
9/12/2025 15:00,Jefferson Street and Fred Waring,6-FRIDAY,total_counts,0
9/12/2025 15:00,Jefferson Street and Fred Waring,6-FRIDAY,trucks_counts,0
9/12/2025 15:00,Jefferson Street and Fred Waring,6-FRIDAY,cars_counts,0
9/12/2025 15:00,Jefferson Street and Fred Waring,6-FRIDAY,buses_counts,0
9/12/2025 15:00,Jefferson Street and Fred Waring,6-FRIDAY,motorcycles_counts,0
9/12/2025 15:00,Jefferson Street and Fred Waring,6-FRIDAY,persons_counts,0
9/12/2025 15:00,Jefferson Street and Fred Waring,6-FRIDAY,bikes_counts,0
9/12/2025 15:00,Jefferson Street and Fred Waring,6-FRIDAY,bicycles_counts,0
9/12/2025 15:00,Jefferson Street and Fred Waring,6-FRIDAY,average_speed_mph,0
9/12/2025 15:00,Jefferson Street and Fred Waring,6-FRIDAY,trucks_speed_in_mph,0
9/12/2025 15:00,Jefferson Street and Fred Waring,6-FRIDAY,cars_speed_in_mph,0
9/12/2025 15:00,Jefferson Street and Fred Waring,6-FRIDAY,buses_speed_in_mph,0
9/12/2025 15:00,Jefferson Street and Fred Waring,6-FRIDAY,motorcycles_speed_in_mph,0
9/12/2025 15:00,Jefferson Street and Fred Waring,6-FRIDAY,persons_speed_in_mph,0
9/12/2025 15:00,Jefferson Street and Fred Waring,6-FRIDAY,bikes_speed_in_mph,0
9/12/2025 15:00,Jefferson Street and Fred Waring,6-FRIDAY,bicycles_speed_in_mph,0
9/12/2025 15:00,Jefferson Street and Fred Waring,6-FRIDAY,total_stopped_objects,0
9/12/2025 15:00,Jefferson Street and Fred Waring,6-FRIDAY,trucks_stopped,0
9/12/2025 15:00,Jefferson Street and Fred Waring,6-FRIDAY,cars_stopped,0
9/12/2025 15:00,Jefferson Street and Fred Waring,6-FRIDAY,buses_stopped,0
9/12/2025 15:00,Jefferson Street and Fred Waring,6-FRIDAY,motorcycles_stopped,0
9/12/2025 15:00,Jefferson Street and Fred Waring,6-FRIDAY,persons_stopped,0
9/12/2025 15:00,Jefferson Street and Fred Waring,6-FRIDAY,bikes_stopped,0
9/12/2025 15:00,Jefferson Street and Fred Waring,6-FRIDAY,bicycles_stopped,0
9/12/2025 16:00,Jefferson Street and Fred Waring,6-FRIDAY,total_counts,0
9/12/2025 16:00,Jefferson Street and Fred Waring,6-FRIDAY,trucks_counts,0
9/12/2025 16:00,Jefferson Street and Fred Waring,6-FRIDAY,cars_counts,0
9/12/2025 16:00,Jefferson Street and Fred Waring,6-FRIDAY,buses_counts,0
9/12/2025 16:00,Jefferson Street and Fred Waring,6-FRIDAY,motorcycles_counts,0
9/12/2025 16:00,Jefferson Street and Fred Waring,6-FRIDAY,persons_counts,0
9/12/2025 16:00,Jefferson Street and Fred Waring,6-FRIDAY,bikes_counts,0
9/12/2025 16:00,Jefferson Street and Fred Waring,6-FRIDAY,bicycles_counts,0
9/12/2025 16:00,Jefferson Street and Fred Waring,6-FRIDAY,average_speed_mph,0
9/12/2025 16:00,Jefferson Street and Fred Waring,6-FRIDAY,trucks_speed_in_mph,0
9/12/2025 16:00,Jefferson Street and Fred Waring,6-FRIDAY,cars_speed_in_mph,0
9/12/2025 16:00,Jefferson Street and Fred Waring,6-FRIDAY,buses_speed_in_mph,0
9/12/2025 16:00,Jefferson Street and Fred Waring,6-FRIDAY,motorcycles_speed_in_mph,0
9/12/2025 16:00,Jefferson Street and Fred Waring,6-FRIDAY,persons_speed_in_mph,0
9/12/2025 16:00,Jefferson Street and Fred Waring,6-FRIDAY,bikes_speed_in_mph,0
9/12/2025 16:00,Jefferson Street and Fred Waring,6-FRIDAY,bicycles_speed_in_mph,0
9/12/2025 16:00,Jefferson Street and Fred Waring,6-FRIDAY,total_stopped_objects,0
9/12/2025 16:00,Jefferson Street and Fred Waring,6-FRIDAY,trucks_stopped,0
9/12/2025 16:00,Jefferson Street and Fred Waring,6-FRIDAY,cars_stopped,0
9/12/2025 16:00,Jefferson Street and Fred Waring,6-FRIDAY,buses_stopped,0
9/12/2025 16:00,Jefferson Street and Fred Waring,6-FRIDAY,motorcycles_stopped,0
9/12/2025 16:00,Jefferson Street and Fred Waring,6-FRIDAY,persons_stopped,0
9/12/2025 16:00,Jefferson Street and Fred Waring,6-FRIDAY,bikes_stopped,0
9/12/2025 16:00,Jefferson Street and Fred Waring,6-FRIDAY,bicycles_stopped,0
9/12/2025 17:00,Jefferson Street and Fred Waring,6-FRIDAY,total_counts,0
9/12/2025 17:00,Jefferson Street and Fred Waring,6-FRIDAY,trucks_counts,0
9/12/2025 17:00,Jefferson Street and Fred Waring,6-FRIDAY,cars_counts,0
9/12/2025 17:00,Jefferson Street and Fred Waring,6-FRIDAY,buses_counts,0
9/12/2025 17:00,Jefferson Street and Fred Waring,6-FRIDAY,motorcycles_counts,0
9/12/2025 17:00,Jefferson Street and Fred Waring,6-FRIDAY,persons_counts,0
9/12/2025 17:00,Jefferson Street and Fred Waring,6-FRIDAY,bikes_counts,0
9/12/2025 17:00,Jefferson Street and Fred Waring,6-FRIDAY,bicycles_counts,0
9/12/2025 17:00,Jefferson Street and Fred Waring,6-FRIDAY,average_speed_mph,0
9/12/2025 17:00,Jefferson Street and Fred Waring,6-FRIDAY,trucks_speed_in_mph,0
9/12/2025 17:00,Jefferson Street and Fred Waring,6-FRIDAY,cars_speed_in_mph,0
9/12/2025 17:00,Jefferson Street and Fred Waring,6-FRIDAY,buses_speed_in_mph,0
9/12/2025 17:00,Jefferson Street and Fred Waring,6-FRIDAY,motorcycles_speed_in_mph,0
9/12/2025 17:00,Jefferson Street and Fred Waring,6-FRIDAY,persons_speed_in_mph,0
9/12/2025 17:00,Jefferson Street and Fred Waring,6-FRIDAY,bikes_speed_in_mph,0
9/12/2025 17:00,Jefferson Street and Fred Waring,6-FRIDAY,bicycles_speed_in_mph,0
9/12/2025 17:00,Jefferson Street and Fred Waring,6-FRIDAY,total_stopped_objects,0
9/12/2025 17:00,Jefferson Street and Fred Waring,6-FRIDAY,trucks_stopped,0
9/12/2025 17:00,Jefferson Street and Fred Waring,6-FRIDAY,cars_stopped,0
9/12/2025 17:00,Jefferson Street and Fred Waring,6-FRIDAY,buses_stopped,0
9/12/2025 17:00,Jefferson Street and Fred Waring,6-FRIDAY,motorcycles_stopped,0
9/12/2025 17:00,Jefferson Street and Fred Waring,6-FRIDAY,persons_stopped,0
9/12/2025 17:00,Jefferson Street and Fred Waring,6-FRIDAY,bikes_stopped,0
9/12/2025 17:00,Jefferson Street and Fred Waring,6-FRIDAY,bicycles_stopped,0
9/12/2025 18:00,Jefferson Street and Fred Waring,6-FRIDAY,total_counts,0
9/12/2025 18:00,Jefferson Street and Fred Waring,6-FRIDAY,trucks_counts,0
9/12/2025 18:00,Jefferson Street and Fred Waring,6-FRIDAY,cars_counts,0
9/12/2025 18:00,Jefferson Street and Fred Waring,6-FRIDAY,buses_counts,0
9/12/2025 18:00,Jefferson Street and Fred Waring,6-FRIDAY,motorcycles_counts,0
9/12/2025 18:00,Jefferson Street and Fred Waring,6-FRIDAY,persons_counts,0
9/12/2025 18:00,Jefferson Street and Fred Waring,6-FRIDAY,bikes_counts,0
9/12/2025 18:00,Jefferson Street and Fred Waring,6-FRIDAY,bicycles_counts,0
9/12/2025 18:00,Jefferson Street and Fred Waring,6-FRIDAY,average_speed_mph,0
9/12/2025 18:00,Jefferson Street and Fred Waring,6-FRIDAY,trucks_speed_in_mph,0
9/12/2025 18:00,Jefferson Street and Fred Waring,6-FRIDAY,cars_speed_in_mph,0
9/12/2025 18:00,Jefferson Street and Fred Waring,6-FRIDAY,buses_speed_in_mph,0
9/12/2025 18:00,Jefferson Street and Fred Waring,6-FRIDAY,motorcycles_speed_in_mph,0
9/12/2025 18:00,Jefferson Street and Fred Waring,6-FRIDAY,persons_speed_in_mph,0
9/12/2025 18:00,Jefferson Street and Fred Waring,6-FRIDAY,bikes_speed_in_mph,0
9/12/2025 18:00,Jefferson Street and Fred Waring,6-FRIDAY,bicycles_speed_in_mph,0
9/12/2025 18:00,Jefferson Street and Fred Waring,6-FRIDAY,total_stopped_objects,0
9/12/2025 18:00,Jefferson Street and Fred Waring,6-FRIDAY,trucks_stopped,0
9/12/2025 18:00,Jefferson Street and Fred Waring,6-FRIDAY,cars_stopped,0
9/12/2025 18:00,Jefferson Street and Fred Waring,6-FRIDAY,buses_stopped,0
9/12/2025 18:00,Jefferson Street and Fred Waring,6-FRIDAY,motorcycles_stopped,0
9/12/2025 18:00,Jefferson Street and Fred Waring,6-FRIDAY,persons_stopped,0
9/12/2025 18:00,Jefferson Street and Fred Waring,6-FRIDAY,bikes_stopped,0
9/12/2025 18:00,Jefferson Street and Fred Waring,6-FRIDAY,bicycles_stopped,0
9/12/2025 19:00,Jefferson Street and Fred Waring,6-FRIDAY,total_counts,0
9/12/2025 19:00,Jefferson Street and Fred Waring,6-FRIDAY,trucks_counts,0
9/12/2025 19:00,Jefferson Street and Fred Waring,6-FRIDAY,cars_counts,0
9/12/2025 19:00,Jefferson Street and Fred Waring,6-FRIDAY,buses_counts,0
9/12/2025 19:00,Jefferson Street and Fred Waring,6-FRIDAY,motorcycles_counts,0
9/12/2025 19:00,Jefferson Street and Fred Waring,6-FRIDAY,persons_counts,0
9/12/2025 19:00,Jefferson Street and Fred Waring,6-FRIDAY,bikes_counts,0
9/12/2025 19:00,Jefferson Street and Fred Waring,6-FRIDAY,bicycles_counts,0
9/12/2025 19:00,Jefferson Street and Fred Waring,6-FRIDAY,average_speed_mph,0
9/12/2025 19:00,Jefferson Street and Fred Waring,6-FRIDAY,trucks_speed_in_mph,0
9/12/2025 19:00,Jefferson Street and Fred Waring,6-FRIDAY,cars_speed_in_mph,0
9/12/2025 19:00,Jefferson Street and Fred Waring,6-FRIDAY,buses_speed_in_mph,0
9/12/2025 19:00,Jefferson Street and Fred Waring,6-FRIDAY,motorcycles_speed_in_mph,0
9/12/2025 19:00,Jefferson Street and Fred Waring,6-FRIDAY,persons_speed_in_mph,0
9/12/2025 19:00,Jefferson Street and Fred Waring,6-FRIDAY,bikes_speed_in_mph,0
9/12/2025 19:00,Jefferson Street and Fred Waring,6-FRIDAY,bicycles_speed_in_mph,0
9/12/2025 19:00,Jefferson Street and Fred Waring,6-FRIDAY,total_stopped_objects,0
9/12/2025 19:00,Jefferson Street and Fred Waring,6-FRIDAY,trucks_stopped,0
9/12/2025 19:00,Jefferson Street and Fred Waring,6-FRIDAY,cars_stopped,0
9/12/2025 19:00,Jefferson Street and Fred Waring,6-FRIDAY,buses_stopped,0
9/12/2025 19:00,Jefferson Street and Fred Waring,6-FRIDAY,motorcycles_stopped,0
9/12/2025 19:00,Jefferson Street and Fred Waring,6-FRIDAY,persons_stopped,0
9/12/2025 19:00,Jefferson Street and Fred Waring,6-FRIDAY,bikes_stopped,0
9/12/2025 19:00,Jefferson Street and Fred Waring,6-FRIDAY,bicycles_stopped,0
9/12/2025 20:00,Jefferson Street and Fred Waring,6-FRIDAY,total_counts,0
9/12/2025 20:00,Jefferson Street and Fred Waring,6-FRIDAY,trucks_counts,0
9/12/2025 20:00,Jefferson Street and Fred Waring,6-FRIDAY,cars_counts,0
9/12/2025 20:00,Jefferson Street and Fred Waring,6-FRIDAY,buses_counts,0
9/12/2025 20:00,Jefferson Street and Fred Waring,6-FRIDAY,motorcycles_counts,0
9/12/2025 20:00,Jefferson Street and Fred Waring,6-FRIDAY,persons_counts,0
9/12/2025 20:00,Jefferson Street and Fred Waring,6-FRIDAY,bikes_counts,0
9/12/2025 20:00,Jefferson Street and Fred Waring,6-FRIDAY,bicycles_counts,0
9/12/2025 20:00,Jefferson Street and Fred Waring,6-FRIDAY,average_speed_mph,0
9/12/2025 20:00,Jefferson Street and Fred Waring,6-FRIDAY,trucks_speed_in_mph,0
9/12/2025 20:00,Jefferson Street and Fred Waring,6-FRIDAY,cars_speed_in_mph,0
9/12/2025 20:00,Jefferson Street and Fred Waring,6-FRIDAY,buses_speed_in_mph,0
9/12/2025 20:00,Jefferson Street and Fred Waring,6-FRIDAY,motorcycles_speed_in_mph,0
9/12/2025 20:00,Jefferson Street and Fred Waring,6-FRIDAY,persons_speed_in_mph,0
9/12/2025 20:00,Jefferson Street and Fred Waring,6-FRIDAY,bikes_speed_in_mph,0
9/12/2025 20:00,Jefferson Street and Fred Waring,6-FRIDAY,bicycles_speed_in_mph,0
9/12/2025 20:00,Jefferson Street and Fred Waring,6-FRIDAY,total_stopped_objects,0
9/12/2025 20:00,Jefferson Street and Fred Waring,6-FRIDAY,trucks_stopped,0
9/12/2025 20:00,Jefferson Street and Fred Waring,6-FRIDAY,cars_stopped,0
9/12/2025 20:00,Jefferson Street and Fred Waring,6-FRIDAY,buses_stopped,0
9/12/2025 20:00,Jefferson Street and Fred Waring,6-FRIDAY,motorcycles_stopped,0
9/12/2025 20:00,Jefferson Street and Fred Waring,6-FRIDAY,persons_stopped,0
9/12/2025 20:00,Jefferson Street and Fred Waring,6-FRIDAY,bikes_stopped,0
9/12/2025 20:00,Jefferson Street and Fred Waring,6-FRIDAY,bicycles_stopped,0
9/12/2025 21:00,Jefferson Street and Fred Waring,6-FRIDAY,total_counts,0
9/12/2025 21:00,Jefferson Street and Fred Waring,6-FRIDAY,trucks_counts,0
9/12/2025 21:00,Jefferson Street and Fred Waring,6-FRIDAY,cars_counts,0
9/12/2025 21:00,Jefferson Street and Fred Waring,6-FRIDAY,buses_counts,0
9/12/2025 21:00,Jefferson Street and Fred Waring,6-FRIDAY,motorcycles_counts,0
9/12/2025 21:00,Jefferson Street and Fred Waring,6-FRIDAY,persons_counts,0
9/12/2025 21:00,Jefferson Street and Fred Waring,6-FRIDAY,bikes_counts,0
9/12/2025 21:00,Jefferson Street and Fred Waring,6-FRIDAY,bicycles_counts,0
9/12/2025 21:00,Jefferson Street and Fred Waring,6-FRIDAY,average_speed_mph,0
9/12/2025 21:00,Jefferson Street and Fred Waring,6-FRIDAY,trucks_speed_in_mph,0
9/12/2025 21:00,Jefferson Street and Fred Waring,6-FRIDAY,cars_speed_in_mph,0
9/12/2025 21:00,Jefferson Street and Fred Waring,6-FRIDAY,buses_speed_in_mph,0
9/12/2025 21:00,Jefferson Street and Fred Waring,6-FRIDAY,motorcycles_speed_in_mph,0
9/12/2025 21:00,Jefferson Street and Fred Waring,6-FRIDAY,persons_speed_in_mph,0
9/12/2025 21:00,Jefferson Street and Fred Waring,6-FRIDAY,bikes_speed_in_mph,0
9/12/2025 21:00,Jefferson Street and Fred Waring,6-FRIDAY,bicycles_speed_in_mph,0
9/12/2025 21:00,Jefferson Street and Fred Waring,6-FRIDAY,total_stopped_objects,0
9/12/2025 21:00,Jefferson Street and Fred Waring,6-FRIDAY,trucks_stopped,0
9/12/2025 21:00,Jefferson Street and Fred Waring,6-FRIDAY,cars_stopped,0
9/12/2025 21:00,Jefferson Street and Fred Waring,6-FRIDAY,buses_stopped,0
9/12/2025 21:00,Jefferson Street and Fred Waring,6-FRIDAY,motorcycles_stopped,0
9/12/2025 21:00,Jefferson Street and Fred Waring,6-FRIDAY,persons_stopped,0
9/12/2025 21:00,Jefferson Street and Fred Waring,6-FRIDAY,bikes_stopped,0
9/12/2025 21:00,Jefferson Street and Fred Waring,6-FRIDAY,bicycles_stopped,0
9/12/2025 22:00,Jefferson Street and Fred Waring,6-FRIDAY,total_counts,0
9/12/2025 22:00,Jefferson Street and Fred Waring,6-FRIDAY,trucks_counts,0
9/12/2025 22:00,Jefferson Street and Fred Waring,6-FRIDAY,cars_counts,0
9/12/2025 22:00,Jefferson Street and Fred Waring,6-FRIDAY,buses_counts,0
9/12/2025 22:00,Jefferson Street and Fred Waring,6-FRIDAY,motorcycles_counts,0
9/12/2025 22:00,Jefferson Street and Fred Waring,6-FRIDAY,persons_counts,0
9/12/2025 22:00,Jefferson Street and Fred Waring,6-FRIDAY,bikes_counts,0
9/12/2025 22:00,Jefferson Street and Fred Waring,6-FRIDAY,bicycles_counts,0
9/12/2025 22:00,Jefferson Street and Fred Waring,6-FRIDAY,average_speed_mph,0
9/12/2025 22:00,Jefferson Street and Fred Waring,6-FRIDAY,trucks_speed_in_mph,0
9/12/2025 22:00,Jefferson Street and Fred Waring,6-FRIDAY,cars_speed_in_mph,0
9/12/2025 22:00,Jefferson Street and Fred Waring,6-FRIDAY,buses_speed_in_mph,0
9/12/2025 22:00,Jefferson Street and Fred Waring,6-FRIDAY,motorcycles_speed_in_mph,0
9/12/2025 22:00,Jefferson Street and Fred Waring,6-FRIDAY,persons_speed_in_mph,0
9/12/2025 22:00,Jefferson Street and Fred Waring,6-FRIDAY,bikes_speed_in_mph,0
9/12/2025 22:00,Jefferson Street and Fred Waring,6-FRIDAY,bicycles_speed_in_mph,0
9/12/2025 22:00,Jefferson Street and Fred Waring,6-FRIDAY,total_stopped_objects,0
9/12/2025 22:00,Jefferson Street and Fred Waring,6-FRIDAY,trucks_stopped,0
9/12/2025 22:00,Jefferson Street and Fred Waring,6-FRIDAY,cars_stopped,0
9/12/2025 22:00,Jefferson Street and Fred Waring,6-FRIDAY,buses_stopped,0
9/12/2025 22:00,Jefferson Street and Fred Waring,6-FRIDAY,motorcycles_stopped,0
9/12/2025 22:00,Jefferson Street and Fred Waring,6-FRIDAY,persons_stopped,0
9/12/2025 22:00,Jefferson Street and Fred Waring,6-FRIDAY,bikes_stopped,0
9/12/2025 22:00,Jefferson Street and Fred Waring,6-FRIDAY,bicycles_stopped,0
9/12/2025 23:00,Jefferson Street and Fred Waring,6-FRIDAY,total_counts,0
9/12/2025 23:00,Jefferson Street and Fred Waring,6-FRIDAY,trucks_counts,0
9/12/2025 23:00,Jefferson Street and Fred Waring,6-FRIDAY,cars_counts,0
9/12/2025 23:00,Jefferson Street and Fred Waring,6-FRIDAY,buses_counts,0
9/12/2025 23:00,Jefferson Street and Fred Waring,6-FRIDAY,motorcycles_counts,0
9/12/2025 23:00,Jefferson Street and Fred Waring,6-FRIDAY,persons_counts,0
9/12/2025 23:00,Jefferson Street and Fred Waring,6-FRIDAY,bikes_counts,0
9/12/2025 23:00,Jefferson Street and Fred Waring,6-FRIDAY,bicycles_counts,0
9/12/2025 23:00,Jefferson Street and Fred Waring,6-FRIDAY,average_speed_mph,0
9/12/2025 23:00,Jefferson Street and Fred Waring,6-FRIDAY,trucks_speed_in_mph,0
9/12/2025 23:00,Jefferson Street and Fred Waring,6-FRIDAY,cars_speed_in_mph,0
9/12/2025 23:00,Jefferson Street and Fred Waring,6-FRIDAY,buses_speed_in_mph,0
9/12/2025 23:00,Jefferson Street and Fred Waring,6-FRIDAY,motorcycles_speed_in_mph,0
9/12/2025 23:00,Jefferson Street and Fred Waring,6-FRIDAY,persons_speed_in_mph,0
9/12/2025 23:00,Jefferson Street and Fred Waring,6-FRIDAY,bikes_speed_in_mph,0
9/12/2025 23:00,Jefferson Street and Fred Waring,6-FRIDAY,bicycles_speed_in_mph,0
9/12/2025 23:00,Jefferson Street and Fred Waring,6-FRIDAY,total_stopped_objects,0
9/12/2025 23:00,Jefferson Street and Fred Waring,6-FRIDAY,trucks_stopped,0
9/12/2025 23:00,Jefferson Street and Fred Waring,6-FRIDAY,cars_stopped,0
9/12/2025 23:00,Jefferson Street and Fred Waring,6-FRIDAY,buses_stopped,0
9/12/2025 23:00,Jefferson Street and Fred Waring,6-FRIDAY,motorcycles_stopped,0
9/12/2025 23:00,Jefferson Street and Fred Waring,6-FRIDAY,persons_stopped,0
9/12/2025 23:00,Jefferson Street and Fred Waring,6-FRIDAY,bikes_stopped,0
9/12/2025 23:00,Jefferson Street and Fred Waring,6-FRIDAY,bicycles_stopped,0
9/13/2025 0:00,Jefferson Street and Fred Waring,7-SATURDAY,total_counts,0
9/13/2025 0:00,Jefferson Street and Fred Waring,7-SATURDAY,trucks_counts,0
9/13/2025 0:00,Jefferson Street and Fred Waring,7-SATURDAY,cars_counts,0
9/13/2025 0:00,Jefferson Street and Fred Waring,7-SATURDAY,buses_counts,0
9/13/2025 0:00,Jefferson Street and Fred Waring,7-SATURDAY,motorcycles_counts,0
9/13/2025 0:00,Jefferson Street and Fred Waring,7-SATURDAY,persons_counts,0
9/13/2025 0:00,Jefferson Street and Fred Waring,7-SATURDAY,bikes_counts,0
9/13/2025 0:00,Jefferson Street and Fred Waring,7-SATURDAY,bicycles_counts,0
9/13/2025 0:00,Jefferson Street and Fred Waring,7-SATURDAY,average_speed_mph,0
9/13/2025 0:00,Jefferson Street and Fred Waring,7-SATURDAY,trucks_speed_in_mph,0
9/13/2025 0:00,Jefferson Street and Fred Waring,7-SATURDAY,cars_speed_in_mph,0
9/13/2025 0:00,Jefferson Street and Fred Waring,7-SATURDAY,buses_speed_in_mph,0
9/13/2025 0:00,Jefferson Street and Fred Waring,7-SATURDAY,motorcycles_speed_in_mph,0
9/13/2025 0:00,Jefferson Street and Fred Waring,7-SATURDAY,persons_speed_in_mph,0
9/13/2025 0:00,Jefferson Street and Fred Waring,7-SATURDAY,bikes_speed_in_mph,0
9/13/2025 0:00,Jefferson Street and Fred Waring,7-SATURDAY,bicycles_speed_in_mph,0
9/13/2025 0:00,Jefferson Street and Fred Waring,7-SATURDAY,total_stopped_objects,0
9/13/2025 0:00,Jefferson Street and Fred Waring,7-SATURDAY,trucks_stopped,0
9/13/2025 0:00,Jefferson Street and Fred Waring,7-SATURDAY,cars_stopped,0
9/13/2025 0:00,Jefferson Street and Fred Waring,7-SATURDAY,buses_stopped,0
9/13/2025 0:00,Jefferson Street and Fred Waring,7-SATURDAY,motorcycles_stopped,0
9/13/2025 0:00,Jefferson Street and Fred Waring,7-SATURDAY,persons_stopped,0
9/13/2025 0:00,Jefferson Street and Fred Waring,7-SATURDAY,bikes_stopped,0
9/13/2025 0:00,Jefferson Street and Fred Waring,7-SATURDAY,bicycles_stopped,0
9/13/2025 1:00,Jefferson Street and Fred Waring,7-SATURDAY,total_counts,0
9/13/2025 1:00,Jefferson Street and Fred Waring,7-SATURDAY,trucks_counts,0
9/13/2025 1:00,Jefferson Street and Fred Waring,7-SATURDAY,cars_counts,0
9/13/2025 1:00,Jefferson Street and Fred Waring,7-SATURDAY,buses_counts,0
9/13/2025 1:00,Jefferson Street and Fred Waring,7-SATURDAY,motorcycles_counts,0
9/13/2025 1:00,Jefferson Street and Fred Waring,7-SATURDAY,persons_counts,0
9/13/2025 1:00,Jefferson Street and Fred Waring,7-SATURDAY,bikes_counts,0
9/13/2025 1:00,Jefferson Street and Fred Waring,7-SATURDAY,bicycles_counts,0
9/13/2025 1:00,Jefferson Street and Fred Waring,7-SATURDAY,average_speed_mph,0
9/13/2025 1:00,Jefferson Street and Fred Waring,7-SATURDAY,trucks_speed_in_mph,0
9/13/2025 1:00,Jefferson Street and Fred Waring,7-SATURDAY,cars_speed_in_mph,0
9/13/2025 1:00,Jefferson Street and Fred Waring,7-SATURDAY,buses_speed_in_mph,0
9/13/2025 1:00,Jefferson Street and Fred Waring,7-SATURDAY,motorcycles_speed_in_mph,0
9/13/2025 1:00,Jefferson Street and Fred Waring,7-SATURDAY,persons_speed_in_mph,0
9/13/2025 1:00,Jefferson Street and Fred Waring,7-SATURDAY,bikes_speed_in_mph,0
9/13/2025 1:00,Jefferson Street and Fred Waring,7-SATURDAY,bicycles_speed_in_mph,0
9/13/2025 1:00,Jefferson Street and Fred Waring,7-SATURDAY,total_stopped_objects,0
9/13/2025 1:00,Jefferson Street and Fred Waring,7-SATURDAY,trucks_stopped,0
9/13/2025 1:00,Jefferson Street and Fred Waring,7-SATURDAY,cars_stopped,0
9/13/2025 1:00,Jefferson Street and Fred Waring,7-SATURDAY,buses_stopped,0
9/13/2025 1:00,Jefferson Street and Fred Waring,7-SATURDAY,motorcycles_stopped,0
9/13/2025 1:00,Jefferson Street and Fred Waring,7-SATURDAY,persons_stopped,0
9/13/2025 1:00,Jefferson Street and Fred Waring,7-SATURDAY,bikes_stopped,0
9/13/2025 1:00,Jefferson Street and Fred Waring,7-SATURDAY,bicycles_stopped,0
9/13/2025 2:00,Jefferson Street and Fred Waring,7-SATURDAY,total_counts,0
9/13/2025 2:00,Jefferson Street and Fred Waring,7-SATURDAY,trucks_counts,0
9/13/2025 2:00,Jefferson Street and Fred Waring,7-SATURDAY,cars_counts,0
9/13/2025 2:00,Jefferson Street and Fred Waring,7-SATURDAY,buses_counts,0
9/13/2025 2:00,Jefferson Street and Fred Waring,7-SATURDAY,motorcycles_counts,0
9/13/2025 2:00,Jefferson Street and Fred Waring,7-SATURDAY,persons_counts,0
9/13/2025 2:00,Jefferson Street and Fred Waring,7-SATURDAY,bikes_counts,0
9/13/2025 2:00,Jefferson Street and Fred Waring,7-SATURDAY,bicycles_counts,0
9/13/2025 2:00,Jefferson Street and Fred Waring,7-SATURDAY,average_speed_mph,0
9/13/2025 2:00,Jefferson Street and Fred Waring,7-SATURDAY,trucks_speed_in_mph,0
9/13/2025 2:00,Jefferson Street and Fred Waring,7-SATURDAY,cars_speed_in_mph,0
9/13/2025 2:00,Jefferson Street and Fred Waring,7-SATURDAY,buses_speed_in_mph,0
9/13/2025 2:00,Jefferson Street and Fred Waring,7-SATURDAY,motorcycles_speed_in_mph,0
9/13/2025 2:00,Jefferson Street and Fred Waring,7-SATURDAY,persons_speed_in_mph,0
9/13/2025 2:00,Jefferson Street and Fred Waring,7-SATURDAY,bikes_speed_in_mph,0
9/13/2025 2:00,Jefferson Street and Fred Waring,7-SATURDAY,bicycles_speed_in_mph,0
9/13/2025 2:00,Jefferson Street and Fred Waring,7-SATURDAY,total_stopped_objects,0
9/13/2025 2:00,Jefferson Street and Fred Waring,7-SATURDAY,trucks_stopped,0
9/13/2025 2:00,Jefferson Street and Fred Waring,7-SATURDAY,cars_stopped,0
9/13/2025 2:00,Jefferson Street and Fred Waring,7-SATURDAY,buses_stopped,0
9/13/2025 2:00,Jefferson Street and Fred Waring,7-SATURDAY,motorcycles_stopped,0
9/13/2025 2:00,Jefferson Street and Fred Waring,7-SATURDAY,persons_stopped,0
9/13/2025 2:00,Jefferson Street and Fred Waring,7-SATURDAY,bikes_stopped,0
9/13/2025 2:00,Jefferson Street and Fred Waring,7-SATURDAY,bicycles_stopped,0
9/13/2025 3:00,Jefferson Street and Fred Waring,7-SATURDAY,total_counts,0
9/13/2025 3:00,Jefferson Street and Fred Waring,7-SATURDAY,trucks_counts,0
9/13/2025 3:00,Jefferson Street and Fred Waring,7-SATURDAY,cars_counts,0
9/13/2025 3:00,Jefferson Street and Fred Waring,7-SATURDAY,buses_counts,0
9/13/2025 3:00,Jefferson Street and Fred Waring,7-SATURDAY,motorcycles_counts,0
9/13/2025 3:00,Jefferson Street and Fred Waring,7-SATURDAY,persons_counts,0
9/13/2025 3:00,Jefferson Street and Fred Waring,7-SATURDAY,bikes_counts,0
9/13/2025 3:00,Jefferson Street and Fred Waring,7-SATURDAY,bicycles_counts,0
9/13/2025 3:00,Jefferson Street and Fred Waring,7-SATURDAY,average_speed_mph,0
9/13/2025 3:00,Jefferson Street and Fred Waring,7-SATURDAY,trucks_speed_in_mph,0
9/13/2025 3:00,Jefferson Street and Fred Waring,7-SATURDAY,cars_speed_in_mph,0
9/13/2025 3:00,Jefferson Street and Fred Waring,7-SATURDAY,buses_speed_in_mph,0
9/13/2025 3:00,Jefferson Street and Fred Waring,7-SATURDAY,motorcycles_speed_in_mph,0
9/13/2025 3:00,Jefferson Street and Fred Waring,7-SATURDAY,persons_speed_in_mph,0
9/13/2025 3:00,Jefferson Street and Fred Waring,7-SATURDAY,bikes_speed_in_mph,0
9/13/2025 3:00,Jefferson Street and Fred Waring,7-SATURDAY,bicycles_speed_in_mph,0
9/13/2025 3:00,Jefferson Street and Fred Waring,7-SATURDAY,total_stopped_objects,0
9/13/2025 3:00,Jefferson Street and Fred Waring,7-SATURDAY,trucks_stopped,0
9/13/2025 3:00,Jefferson Street and Fred Waring,7-SATURDAY,cars_stopped,0
9/13/2025 3:00,Jefferson Street and Fred Waring,7-SATURDAY,buses_stopped,0
9/13/2025 3:00,Jefferson Street and Fred Waring,7-SATURDAY,motorcycles_stopped,0
9/13/2025 3:00,Jefferson Street and Fred Waring,7-SATURDAY,persons_stopped,0
9/13/2025 3:00,Jefferson Street and Fred Waring,7-SATURDAY,bikes_stopped,0
9/13/2025 3:00,Jefferson Street and Fred Waring,7-SATURDAY,bicycles_stopped,0
9/13/2025 4:00,Jefferson Street and Fred Waring,7-SATURDAY,total_counts,0
9/13/2025 4:00,Jefferson Street and Fred Waring,7-SATURDAY,trucks_counts,0
9/13/2025 4:00,Jefferson Street and Fred Waring,7-SATURDAY,cars_counts,0
9/13/2025 4:00,Jefferson Street and Fred Waring,7-SATURDAY,buses_counts,0
9/13/2025 4:00,Jefferson Street and Fred Waring,7-SATURDAY,motorcycles_counts,0
9/13/2025 4:00,Jefferson Street and Fred Waring,7-SATURDAY,persons_counts,0
9/13/2025 4:00,Jefferson Street and Fred Waring,7-SATURDAY,bikes_counts,0
9/13/2025 4:00,Jefferson Street and Fred Waring,7-SATURDAY,bicycles_counts,0
9/13/2025 4:00,Jefferson Street and Fred Waring,7-SATURDAY,average_speed_mph,0
9/13/2025 4:00,Jefferson Street and Fred Waring,7-SATURDAY,trucks_speed_in_mph,0
9/13/2025 4:00,Jefferson Street and Fred Waring,7-SATURDAY,cars_speed_in_mph,0
9/13/2025 4:00,Jefferson Street and Fred Waring,7-SATURDAY,buses_speed_in_mph,0
9/13/2025 4:00,Jefferson Street and Fred Waring,7-SATURDAY,motorcycles_speed_in_mph,0
9/13/2025 4:00,Jefferson Street and Fred Waring,7-SATURDAY,persons_speed_in_mph,0
9/13/2025 4:00,Jefferson Street and Fred Waring,7-SATURDAY,bikes_speed_in_mph,0
9/13/2025 4:00,Jefferson Street and Fred Waring,7-SATURDAY,bicycles_speed_in_mph,0
9/13/2025 4:00,Jefferson Street and Fred Waring,7-SATURDAY,total_stopped_objects,0
9/13/2025 4:00,Jefferson Street and Fred Waring,7-SATURDAY,trucks_stopped,0
9/13/2025 4:00,Jefferson Street and Fred Waring,7-SATURDAY,cars_stopped,0
9/13/2025 4:00,Jefferson Street and Fred Waring,7-SATURDAY,buses_stopped,0
9/13/2025 4:00,Jefferson Street and Fred Waring,7-SATURDAY,motorcycles_stopped,0
9/13/2025 4:00,Jefferson Street and Fred Waring,7-SATURDAY,persons_stopped,0
9/13/2025 4:00,Jefferson Street and Fred Waring,7-SATURDAY,bikes_stopped,0
9/13/2025 4:00,Jefferson Street and Fred Waring,7-SATURDAY,bicycles_stopped,0
9/13/2025 5:00,Jefferson Street and Fred Waring,7-SATURDAY,total_counts,0
9/13/2025 5:00,Jefferson Street and Fred Waring,7-SATURDAY,trucks_counts,0
9/13/2025 5:00,Jefferson Street and Fred Waring,7-SATURDAY,cars_counts,0
9/13/2025 5:00,Jefferson Street and Fred Waring,7-SATURDAY,buses_counts,0
9/13/2025 5:00,Jefferson Street and Fred Waring,7-SATURDAY,motorcycles_counts,0
9/13/2025 5:00,Jefferson Street and Fred Waring,7-SATURDAY,persons_counts,0
9/13/2025 5:00,Jefferson Street and Fred Waring,7-SATURDAY,bikes_counts,0
9/13/2025 5:00,Jefferson Street and Fred Waring,7-SATURDAY,bicycles_counts,0
9/13/2025 5:00,Jefferson Street and Fred Waring,7-SATURDAY,average_speed_mph,0
9/13/2025 5:00,Jefferson Street and Fred Waring,7-SATURDAY,trucks_speed_in_mph,0
9/13/2025 5:00,Jefferson Street and Fred Waring,7-SATURDAY,cars_speed_in_mph,0
9/13/2025 5:00,Jefferson Street and Fred Waring,7-SATURDAY,buses_speed_in_mph,0
9/13/2025 5:00,Jefferson Street and Fred Waring,7-SATURDAY,motorcycles_speed_in_mph,0
9/13/2025 5:00,Jefferson Street and Fred Waring,7-SATURDAY,persons_speed_in_mph,0
9/13/2025 5:00,Jefferson Street and Fred Waring,7-SATURDAY,bikes_speed_in_mph,0
9/13/2025 5:00,Jefferson Street and Fred Waring,7-SATURDAY,bicycles_speed_in_mph,0
9/13/2025 5:00,Jefferson Street and Fred Waring,7-SATURDAY,total_stopped_objects,0
9/13/2025 5:00,Jefferson Street and Fred Waring,7-SATURDAY,trucks_stopped,0
9/13/2025 5:00,Jefferson Street and Fred Waring,7-SATURDAY,cars_stopped,0
9/13/2025 5:00,Jefferson Street and Fred Waring,7-SATURDAY,buses_stopped,0
9/13/2025 5:00,Jefferson Street and Fred Waring,7-SATURDAY,motorcycles_stopped,0
9/13/2025 5:00,Jefferson Street and Fred Waring,7-SATURDAY,persons_stopped,0
9/13/2025 5:00,Jefferson Street and Fred Waring,7-SATURDAY,bikes_stopped,0
9/13/2025 5:00,Jefferson Street and Fred Waring,7-SATURDAY,bicycles_stopped,0
9/13/2025 6:00,Jefferson Street and Fred Waring,7-SATURDAY,total_counts,0
9/13/2025 6:00,Jefferson Street and Fred Waring,7-SATURDAY,trucks_counts,0
9/13/2025 6:00,Jefferson Street and Fred Waring,7-SATURDAY,cars_counts,0
9/13/2025 6:00,Jefferson Street and Fred Waring,7-SATURDAY,buses_counts,0
9/13/2025 6:00,Jefferson Street and Fred Waring,7-SATURDAY,motorcycles_counts,0
9/13/2025 6:00,Jefferson Street and Fred Waring,7-SATURDAY,persons_counts,0
9/13/2025 6:00,Jefferson Street and Fred Waring,7-SATURDAY,bikes_counts,0
9/13/2025 6:00,Jefferson Street and Fred Waring,7-SATURDAY,bicycles_counts,0
9/13/2025 6:00,Jefferson Street and Fred Waring,7-SATURDAY,average_speed_mph,0
9/13/2025 6:00,Jefferson Street and Fred Waring,7-SATURDAY,trucks_speed_in_mph,0
9/13/2025 6:00,Jefferson Street and Fred Waring,7-SATURDAY,cars_speed_in_mph,0
9/13/2025 6:00,Jefferson Street and Fred Waring,7-SATURDAY,buses_speed_in_mph,0
9/13/2025 6:00,Jefferson Street and Fred Waring,7-SATURDAY,motorcycles_speed_in_mph,0
9/13/2025 6:00,Jefferson Street and Fred Waring,7-SATURDAY,persons_speed_in_mph,0
9/13/2025 6:00,Jefferson Street and Fred Waring,7-SATURDAY,bikes_speed_in_mph,0
9/13/2025 6:00,Jefferson Street and Fred Waring,7-SATURDAY,bicycles_speed_in_mph,0
9/13/2025 6:00,Jefferson Street and Fred Waring,7-SATURDAY,total_stopped_objects,0
9/13/2025 6:00,Jefferson Street and Fred Waring,7-SATURDAY,trucks_stopped,0
9/13/2025 6:00,Jefferson Street and Fred Waring,7-SATURDAY,cars_stopped,0
9/13/2025 6:00,Jefferson Street and Fred Waring,7-SATURDAY,buses_stopped,0
9/13/2025 6:00,Jefferson Street and Fred Waring,7-SATURDAY,motorcycles_stopped,0
9/13/2025 6:00,Jefferson Street and Fred Waring,7-SATURDAY,persons_stopped,0
9/13/2025 6:00,Jefferson Street and Fred Waring,7-SATURDAY,bikes_stopped,0
9/13/2025 6:00,Jefferson Street and Fred Waring,7-SATURDAY,bicycles_stopped,0
9/13/2025 7:00,Jefferson Street and Fred Waring,7-SATURDAY,total_counts,0
9/13/2025 7:00,Jefferson Street and Fred Waring,7-SATURDAY,trucks_counts,0
9/13/2025 7:00,Jefferson Street and Fred Waring,7-SATURDAY,cars_counts,0
9/13/2025 7:00,Jefferson Street and Fred Waring,7-SATURDAY,buses_counts,0
9/13/2025 7:00,Jefferson Street and Fred Waring,7-SATURDAY,motorcycles_counts,0
9/13/2025 7:00,Jefferson Street and Fred Waring,7-SATURDAY,persons_counts,0
9/13/2025 7:00,Jefferson Street and Fred Waring,7-SATURDAY,bikes_counts,0
9/13/2025 7:00,Jefferson Street and Fred Waring,7-SATURDAY,bicycles_counts,0
9/13/2025 7:00,Jefferson Street and Fred Waring,7-SATURDAY,average_speed_mph,0
9/13/2025 7:00,Jefferson Street and Fred Waring,7-SATURDAY,trucks_speed_in_mph,0
9/13/2025 7:00,Jefferson Street and Fred Waring,7-SATURDAY,cars_speed_in_mph,0
9/13/2025 7:00,Jefferson Street and Fred Waring,7-SATURDAY,buses_speed_in_mph,0
9/13/2025 7:00,Jefferson Street and Fred Waring,7-SATURDAY,motorcycles_speed_in_mph,0
9/13/2025 7:00,Jefferson Street and Fred Waring,7-SATURDAY,persons_speed_in_mph,0
9/13/2025 7:00,Jefferson Street and Fred Waring,7-SATURDAY,bikes_speed_in_mph,0
9/13/2025 7:00,Jefferson Street and Fred Waring,7-SATURDAY,bicycles_speed_in_mph,0
9/13/2025 7:00,Jefferson Street and Fred Waring,7-SATURDAY,total_stopped_objects,0
9/13/2025 7:00,Jefferson Street and Fred Waring,7-SATURDAY,trucks_stopped,0
9/13/2025 7:00,Jefferson Street and Fred Waring,7-SATURDAY,cars_stopped,0
9/13/2025 7:00,Jefferson Street and Fred Waring,7-SATURDAY,buses_stopped,0
9/13/2025 7:00,Jefferson Street and Fred Waring,7-SATURDAY,motorcycles_stopped,0
9/13/2025 7:00,Jefferson Street and Fred Waring,7-SATURDAY,persons_stopped,0
9/13/2025 7:00,Jefferson Street and Fred Waring,7-SATURDAY,bikes_stopped,0
9/13/2025 7:00,Jefferson Street and Fred Waring,7-SATURDAY,bicycles_stopped,0
9/13/2025 8:00,Jefferson Street and Fred Waring,7-SATURDAY,total_counts,0
9/13/2025 8:00,Jefferson Street and Fred Waring,7-SATURDAY,trucks_counts,0
9/13/2025 8:00,Jefferson Street and Fred Waring,7-SATURDAY,cars_counts,0
9/13/2025 8:00,Jefferson Street and Fred Waring,7-SATURDAY,buses_counts,0
9/13/2025 8:00,Jefferson Street and Fred Waring,7-SATURDAY,motorcycles_counts,0
9/13/2025 8:00,Jefferson Street and Fred Waring,7-SATURDAY,persons_counts,0
9/13/2025 8:00,Jefferson Street and Fred Waring,7-SATURDAY,bikes_counts,0
9/13/2025 8:00,Jefferson Street and Fred Waring,7-SATURDAY,bicycles_counts,0
9/13/2025 8:00,Jefferson Street and Fred Waring,7-SATURDAY,average_speed_mph,0
9/13/2025 8:00,Jefferson Street and Fred Waring,7-SATURDAY,trucks_speed_in_mph,0
9/13/2025 8:00,Jefferson Street and Fred Waring,7-SATURDAY,cars_speed_in_mph,0
9/13/2025 8:00,Jefferson Street and Fred Waring,7-SATURDAY,buses_speed_in_mph,0
9/13/2025 8:00,Jefferson Street and Fred Waring,7-SATURDAY,motorcycles_speed_in_mph,0
9/13/2025 8:00,Jefferson Street and Fred Waring,7-SATURDAY,persons_speed_in_mph,0
9/13/2025 8:00,Jefferson Street and Fred Waring,7-SATURDAY,bikes_speed_in_mph,0
9/13/2025 8:00,Jefferson Street and Fred Waring,7-SATURDAY,bicycles_speed_in_mph,0
9/13/2025 8:00,Jefferson Street and Fred Waring,7-SATURDAY,total_stopped_objects,0
9/13/2025 8:00,Jefferson Street and Fred Waring,7-SATURDAY,trucks_stopped,0
9/13/2025 8:00,Jefferson Street and Fred Waring,7-SATURDAY,cars_stopped,0
9/13/2025 8:00,Jefferson Street and Fred Waring,7-SATURDAY,buses_stopped,0
9/13/2025 8:00,Jefferson Street and Fred Waring,7-SATURDAY,motorcycles_stopped,0
9/13/2025 8:00,Jefferson Street and Fred Waring,7-SATURDAY,persons_stopped,0
9/13/2025 8:00,Jefferson Street and Fred Waring,7-SATURDAY,bikes_stopped,0
9/13/2025 8:00,Jefferson Street and Fred Waring,7-SATURDAY,bicycles_stopped,0
9/13/2025 9:00,Jefferson Street and Fred Waring,7-SATURDAY,total_counts,0
9/13/2025 9:00,Jefferson Street and Fred Waring,7-SATURDAY,trucks_counts,0
9/13/2025 9:00,Jefferson Street and Fred Waring,7-SATURDAY,cars_counts,0
9/13/2025 9:00,Jefferson Street and Fred Waring,7-SATURDAY,buses_counts,0
9/13/2025 9:00,Jefferson Street and Fred Waring,7-SATURDAY,motorcycles_counts,0
9/13/2025 9:00,Jefferson Street and Fred Waring,7-SATURDAY,persons_counts,0
9/13/2025 9:00,Jefferson Street and Fred Waring,7-SATURDAY,bikes_counts,0
9/13/2025 9:00,Jefferson Street and Fred Waring,7-SATURDAY,bicycles_counts,0
9/13/2025 9:00,Jefferson Street and Fred Waring,7-SATURDAY,average_speed_mph,0
9/13/2025 9:00,Jefferson Street and Fred Waring,7-SATURDAY,trucks_speed_in_mph,0
9/13/2025 9:00,Jefferson Street and Fred Waring,7-SATURDAY,cars_speed_in_mph,0
9/13/2025 9:00,Jefferson Street and Fred Waring,7-SATURDAY,buses_speed_in_mph,0
9/13/2025 9:00,Jefferson Street and Fred Waring,7-SATURDAY,motorcycles_speed_in_mph,0
9/13/2025 9:00,Jefferson Street and Fred Waring,7-SATURDAY,persons_speed_in_mph,0
9/13/2025 9:00,Jefferson Street and Fred Waring,7-SATURDAY,bikes_speed_in_mph,0
9/13/2025 9:00,Jefferson Street and Fred Waring,7-SATURDAY,bicycles_speed_in_mph,0
9/13/2025 9:00,Jefferson Street and Fred Waring,7-SATURDAY,total_stopped_objects,0
9/13/2025 9:00,Jefferson Street and Fred Waring,7-SATURDAY,trucks_stopped,0
9/13/2025 9:00,Jefferson Street and Fred Waring,7-SATURDAY,cars_stopped,0
9/13/2025 9:00,Jefferson Street and Fred Waring,7-SATURDAY,buses_stopped,0
9/13/2025 9:00,Jefferson Street and Fred Waring,7-SATURDAY,motorcycles_stopped,0
9/13/2025 9:00,Jefferson Street and Fred Waring,7-SATURDAY,persons_stopped,0
9/13/2025 9:00,Jefferson Street and Fred Waring,7-SATURDAY,bikes_stopped,0
9/13/2025 9:00,Jefferson Street and Fred Waring,7-SATURDAY,bicycles_stopped,0
9/13/2025 10:00,Jefferson Street and Fred Waring,7-SATURDAY,total_counts,0
9/13/2025 10:00,Jefferson Street and Fred Waring,7-SATURDAY,trucks_counts,0
9/13/2025 10:00,Jefferson Street and Fred Waring,7-SATURDAY,cars_counts,0
9/13/2025 10:00,Jefferson Street and Fred Waring,7-SATURDAY,buses_counts,0
9/13/2025 10:00,Jefferson Street and Fred Waring,7-SATURDAY,motorcycles_counts,0
9/13/2025 10:00,Jefferson Street and Fred Waring,7-SATURDAY,persons_counts,0
9/13/2025 10:00,Jefferson Street and Fred Waring,7-SATURDAY,bikes_counts,0
9/13/2025 10:00,Jefferson Street and Fred Waring,7-SATURDAY,bicycles_counts,0
9/13/2025 10:00,Jefferson Street and Fred Waring,7-SATURDAY,average_speed_mph,0
9/13/2025 10:00,Jefferson Street and Fred Waring,7-SATURDAY,trucks_speed_in_mph,0
9/13/2025 10:00,Jefferson Street and Fred Waring,7-SATURDAY,cars_speed_in_mph,0
9/13/2025 10:00,Jefferson Street and Fred Waring,7-SATURDAY,buses_speed_in_mph,0
9/13/2025 10:00,Jefferson Street and Fred Waring,7-SATURDAY,motorcycles_speed_in_mph,0
9/13/2025 10:00,Jefferson Street and Fred Waring,7-SATURDAY,persons_speed_in_mph,0
9/13/2025 10:00,Jefferson Street and Fred Waring,7-SATURDAY,bikes_speed_in_mph,0
9/13/2025 10:00,Jefferson Street and Fred Waring,7-SATURDAY,bicycles_speed_in_mph,0
9/13/2025 10:00,Jefferson Street and Fred Waring,7-SATURDAY,total_stopped_objects,0
9/13/2025 10:00,Jefferson Street and Fred Waring,7-SATURDAY,trucks_stopped,0
9/13/2025 10:00,Jefferson Street and Fred Waring,7-SATURDAY,cars_stopped,0
9/13/2025 10:00,Jefferson Street and Fred Waring,7-SATURDAY,buses_stopped,0
9/13/2025 10:00,Jefferson Street and Fred Waring,7-SATURDAY,motorcycles_stopped,0
9/13/2025 10:00,Jefferson Street and Fred Waring,7-SATURDAY,persons_stopped,0
9/13/2025 10:00,Jefferson Street and Fred Waring,7-SATURDAY,bikes_stopped,0
9/13/2025 10:00,Jefferson Street and Fred Waring,7-SATURDAY,bicycles_stopped,0
9/13/2025 11:00,Jefferson Street and Fred Waring,7-SATURDAY,total_counts,0
9/13/2025 11:00,Jefferson Street and Fred Waring,7-SATURDAY,trucks_counts,0
9/13/2025 11:00,Jefferson Street and Fred Waring,7-SATURDAY,cars_counts,0
9/13/2025 11:00,Jefferson Street and Fred Waring,7-SATURDAY,buses_counts,0
9/13/2025 11:00,Jefferson Street and Fred Waring,7-SATURDAY,motorcycles_counts,0
9/13/2025 11:00,Jefferson Street and Fred Waring,7-SATURDAY,persons_counts,0
9/13/2025 11:00,Jefferson Street and Fred Waring,7-SATURDAY,bikes_counts,0
9/13/2025 11:00,Jefferson Street and Fred Waring,7-SATURDAY,bicycles_counts,0
9/13/2025 11:00,Jefferson Street and Fred Waring,7-SATURDAY,average_speed_mph,0
9/13/2025 11:00,Jefferson Street and Fred Waring,7-SATURDAY,trucks_speed_in_mph,0
9/13/2025 11:00,Jefferson Street and Fred Waring,7-SATURDAY,cars_speed_in_mph,0
9/13/2025 11:00,Jefferson Street and Fred Waring,7-SATURDAY,buses_speed_in_mph,0
9/13/2025 11:00,Jefferson Street and Fred Waring,7-SATURDAY,motorcycles_speed_in_mph,0
9/13/2025 11:00,Jefferson Street and Fred Waring,7-SATURDAY,persons_speed_in_mph,0
9/13/2025 11:00,Jefferson Street and Fred Waring,7-SATURDAY,bikes_speed_in_mph,0
9/13/2025 11:00,Jefferson Street and Fred Waring,7-SATURDAY,bicycles_speed_in_mph,0
9/13/2025 11:00,Jefferson Street and Fred Waring,7-SATURDAY,total_stopped_objects,0
9/13/2025 11:00,Jefferson Street and Fred Waring,7-SATURDAY,trucks_stopped,0
9/13/2025 11:00,Jefferson Street and Fred Waring,7-SATURDAY,cars_stopped,0
9/13/2025 11:00,Jefferson Street and Fred Waring,7-SATURDAY,buses_stopped,0
9/13/2025 11:00,Jefferson Street and Fred Waring,7-SATURDAY,motorcycles_stopped,0
9/13/2025 11:00,Jefferson Street and Fred Waring,7-SATURDAY,persons_stopped,0
9/13/2025 11:00,Jefferson Street and Fred Waring,7-SATURDAY,bikes_stopped,0
9/13/2025 11:00,Jefferson Street and Fred Waring,7-SATURDAY,bicycles_stopped,0
9/13/2025 12:00,Jefferson Street and Fred Waring,7-SATURDAY,total_counts,0
9/13/2025 12:00,Jefferson Street and Fred Waring,7-SATURDAY,trucks_counts,0
9/13/2025 12:00,Jefferson Street and Fred Waring,7-SATURDAY,cars_counts,0
9/13/2025 12:00,Jefferson Street and Fred Waring,7-SATURDAY,buses_counts,0
9/13/2025 12:00,Jefferson Street and Fred Waring,7-SATURDAY,motorcycles_counts,0
9/13/2025 12:00,Jefferson Street and Fred Waring,7-SATURDAY,persons_counts,0
9/13/2025 12:00,Jefferson Street and Fred Waring,7-SATURDAY,bikes_counts,0
9/13/2025 12:00,Jefferson Street and Fred Waring,7-SATURDAY,bicycles_counts,0
9/13/2025 12:00,Jefferson Street and Fred Waring,7-SATURDAY,average_speed_mph,0
9/13/2025 12:00,Jefferson Street and Fred Waring,7-SATURDAY,trucks_speed_in_mph,0
9/13/2025 12:00,Jefferson Street and Fred Waring,7-SATURDAY,cars_speed_in_mph,0
9/13/2025 12:00,Jefferson Street and Fred Waring,7-SATURDAY,buses_speed_in_mph,0
9/13/2025 12:00,Jefferson Street and Fred Waring,7-SATURDAY,motorcycles_speed_in_mph,0
9/13/2025 12:00,Jefferson Street and Fred Waring,7-SATURDAY,persons_speed_in_mph,0
9/13/2025 12:00,Jefferson Street and Fred Waring,7-SATURDAY,bikes_speed_in_mph,0
9/13/2025 12:00,Jefferson Street and Fred Waring,7-SATURDAY,bicycles_speed_in_mph,0
9/13/2025 12:00,Jefferson Street and Fred Waring,7-SATURDAY,total_stopped_objects,0
9/13/2025 12:00,Jefferson Street and Fred Waring,7-SATURDAY,trucks_stopped,0
9/13/2025 12:00,Jefferson Street and Fred Waring,7-SATURDAY,cars_stopped,0
9/13/2025 12:00,Jefferson Street and Fred Waring,7-SATURDAY,buses_stopped,0
9/13/2025 12:00,Jefferson Street and Fred Waring,7-SATURDAY,motorcycles_stopped,0
9/13/2025 12:00,Jefferson Street and Fred Waring,7-SATURDAY,persons_stopped,0
9/13/2025 12:00,Jefferson Street and Fred Waring,7-SATURDAY,bikes_stopped,0
9/13/2025 12:00,Jefferson Street and Fred Waring,7-SATURDAY,bicycles_stopped,0
9/13/2025 13:00,Jefferson Street and Fred Waring,7-SATURDAY,total_counts,0
9/13/2025 13:00,Jefferson Street and Fred Waring,7-SATURDAY,trucks_counts,0
9/13/2025 13:00,Jefferson Street and Fred Waring,7-SATURDAY,cars_counts,0
9/13/2025 13:00,Jefferson Street and Fred Waring,7-SATURDAY,buses_counts,0
9/13/2025 13:00,Jefferson Street and Fred Waring,7-SATURDAY,motorcycles_counts,0
9/13/2025 13:00,Jefferson Street and Fred Waring,7-SATURDAY,persons_counts,0
9/13/2025 13:00,Jefferson Street and Fred Waring,7-SATURDAY,bikes_counts,0
9/13/2025 13:00,Jefferson Street and Fred Waring,7-SATURDAY,bicycles_counts,0
9/13/2025 13:00,Jefferson Street and Fred Waring,7-SATURDAY,average_speed_mph,0
9/13/2025 13:00,Jefferson Street and Fred Waring,7-SATURDAY,trucks_speed_in_mph,0
9/13/2025 13:00,Jefferson Street and Fred Waring,7-SATURDAY,cars_speed_in_mph,0
9/13/2025 13:00,Jefferson Street and Fred Waring,7-SATURDAY,buses_speed_in_mph,0
9/13/2025 13:00,Jefferson Street and Fred Waring,7-SATURDAY,motorcycles_speed_in_mph,0
9/13/2025 13:00,Jefferson Street and Fred Waring,7-SATURDAY,persons_speed_in_mph,0
9/13/2025 13:00,Jefferson Street and Fred Waring,7-SATURDAY,bikes_speed_in_mph,0
9/13/2025 13:00,Jefferson Street and Fred Waring,7-SATURDAY,bicycles_speed_in_mph,0
9/13/2025 13:00,Jefferson Street and Fred Waring,7-SATURDAY,total_stopped_objects,0
9/13/2025 13:00,Jefferson Street and Fred Waring,7-SATURDAY,trucks_stopped,0
9/13/2025 13:00,Jefferson Street and Fred Waring,7-SATURDAY,cars_stopped,0
9/13/2025 13:00,Jefferson Street and Fred Waring,7-SATURDAY,buses_stopped,0
9/13/2025 13:00,Jefferson Street and Fred Waring,7-SATURDAY,motorcycles_stopped,0
9/13/2025 13:00,Jefferson Street and Fred Waring,7-SATURDAY,persons_stopped,0
9/13/2025 13:00,Jefferson Street and Fred Waring,7-SATURDAY,bikes_stopped,0
9/13/2025 13:00,Jefferson Street and Fred Waring,7-SATURDAY,bicycles_stopped,0
9/13/2025 14:00,Jefferson Street and Fred Waring,7-SATURDAY,total_counts,0
9/13/2025 14:00,Jefferson Street and Fred Waring,7-SATURDAY,trucks_counts,0
9/13/2025 14:00,Jefferson Street and Fred Waring,7-SATURDAY,cars_counts,0
9/13/2025 14:00,Jefferson Street and Fred Waring,7-SATURDAY,buses_counts,0
9/13/2025 14:00,Jefferson Street and Fred Waring,7-SATURDAY,motorcycles_counts,0
9/13/2025 14:00,Jefferson Street and Fred Waring,7-SATURDAY,persons_counts,0
9/13/2025 14:00,Jefferson Street and Fred Waring,7-SATURDAY,bikes_counts,0
9/13/2025 14:00,Jefferson Street and Fred Waring,7-SATURDAY,bicycles_counts,0
9/13/2025 14:00,Jefferson Street and Fred Waring,7-SATURDAY,average_speed_mph,0
9/13/2025 14:00,Jefferson Street and Fred Waring,7-SATURDAY,trucks_speed_in_mph,0
9/13/2025 14:00,Jefferson Street and Fred Waring,7-SATURDAY,cars_speed_in_mph,0
9/13/2025 14:00,Jefferson Street and Fred Waring,7-SATURDAY,buses_speed_in_mph,0
9/13/2025 14:00,Jefferson Street and Fred Waring,7-SATURDAY,motorcycles_speed_in_mph,0
9/13/2025 14:00,Jefferson Street and Fred Waring,7-SATURDAY,persons_speed_in_mph,0
9/13/2025 14:00,Jefferson Street and Fred Waring,7-SATURDAY,bikes_speed_in_mph,0
9/13/2025 14:00,Jefferson Street and Fred Waring,7-SATURDAY,bicycles_speed_in_mph,0
9/13/2025 14:00,Jefferson Street and Fred Waring,7-SATURDAY,total_stopped_objects,0
9/13/2025 14:00,Jefferson Street and Fred Waring,7-SATURDAY,trucks_stopped,0
9/13/2025 14:00,Jefferson Street and Fred Waring,7-SATURDAY,cars_stopped,0
9/13/2025 14:00,Jefferson Street and Fred Waring,7-SATURDAY,buses_stopped,0
9/13/2025 14:00,Jefferson Street and Fred Waring,7-SATURDAY,motorcycles_stopped,0
9/13/2025 14:00,Jefferson Street and Fred Waring,7-SATURDAY,persons_stopped,0
9/13/2025 14:00,Jefferson Street and Fred Waring,7-SATURDAY,bikes_stopped,0
9/13/2025 14:00,Jefferson Street and Fred Waring,7-SATURDAY,bicycles_stopped,0
9/13/2025 15:00,Jefferson Street and Fred Waring,7-SATURDAY,total_counts,0
9/13/2025 15:00,Jefferson Street and Fred Waring,7-SATURDAY,trucks_counts,0
9/13/2025 15:00,Jefferson Street and Fred Waring,7-SATURDAY,cars_counts,0
9/13/2025 15:00,Jefferson Street and Fred Waring,7-SATURDAY,buses_counts,0
9/13/2025 15:00,Jefferson Street and Fred Waring,7-SATURDAY,motorcycles_counts,0
9/13/2025 15:00,Jefferson Street and Fred Waring,7-SATURDAY,persons_counts,0
9/13/2025 15:00,Jefferson Street and Fred Waring,7-SATURDAY,bikes_counts,0
9/13/2025 15:00,Jefferson Street and Fred Waring,7-SATURDAY,bicycles_counts,0
9/13/2025 15:00,Jefferson Street and Fred Waring,7-SATURDAY,average_speed_mph,0
9/13/2025 15:00,Jefferson Street and Fred Waring,7-SATURDAY,trucks_speed_in_mph,0
9/13/2025 15:00,Jefferson Street and Fred Waring,7-SATURDAY,cars_speed_in_mph,0
9/13/2025 15:00,Jefferson Street and Fred Waring,7-SATURDAY,buses_speed_in_mph,0
9/13/2025 15:00,Jefferson Street and Fred Waring,7-SATURDAY,motorcycles_speed_in_mph,0
9/13/2025 15:00,Jefferson Street and Fred Waring,7-SATURDAY,persons_speed_in_mph,0
9/13/2025 15:00,Jefferson Street and Fred Waring,7-SATURDAY,bikes_speed_in_mph,0
9/13/2025 15:00,Jefferson Street and Fred Waring,7-SATURDAY,bicycles_speed_in_mph,0
9/13/2025 15:00,Jefferson Street and Fred Waring,7-SATURDAY,total_stopped_objects,0
9/13/2025 15:00,Jefferson Street and Fred Waring,7-SATURDAY,trucks_stopped,0
9/13/2025 15:00,Jefferson Street and Fred Waring,7-SATURDAY,cars_stopped,0
9/13/2025 15:00,Jefferson Street and Fred Waring,7-SATURDAY,buses_stopped,0
9/13/2025 15:00,Jefferson Street and Fred Waring,7-SATURDAY,motorcycles_stopped,0
9/13/2025 15:00,Jefferson Street and Fred Waring,7-SATURDAY,persons_stopped,0
9/13/2025 15:00,Jefferson Street and Fred Waring,7-SATURDAY,bikes_stopped,0
9/13/2025 15:00,Jefferson Street and Fred Waring,7-SATURDAY,bicycles_stopped,0
9/13/2025 16:00,Jefferson Street and Fred Waring,7-SATURDAY,total_counts,0
9/13/2025 16:00,Jefferson Street and Fred Waring,7-SATURDAY,trucks_counts,0
9/13/2025 16:00,Jefferson Street and Fred Waring,7-SATURDAY,cars_counts,0
9/13/2025 16:00,Jefferson Street and Fred Waring,7-SATURDAY,buses_counts,0
9/13/2025 16:00,Jefferson Street and Fred Waring,7-SATURDAY,motorcycles_counts,0
9/13/2025 16:00,Jefferson Street and Fred Waring,7-SATURDAY,persons_counts,0
9/13/2025 16:00,Jefferson Street and Fred Waring,7-SATURDAY,bikes_counts,0
9/13/2025 16:00,Jefferson Street and Fred Waring,7-SATURDAY,bicycles_counts,0
9/13/2025 16:00,Jefferson Street and Fred Waring,7-SATURDAY,average_speed_mph,0
9/13/2025 16:00,Jefferson Street and Fred Waring,7-SATURDAY,trucks_speed_in_mph,0
9/13/2025 16:00,Jefferson Street and Fred Waring,7-SATURDAY,cars_speed_in_mph,0
9/13/2025 16:00,Jefferson Street and Fred Waring,7-SATURDAY,buses_speed_in_mph,0
9/13/2025 16:00,Jefferson Street and Fred Waring,7-SATURDAY,motorcycles_speed_in_mph,0
9/13/2025 16:00,Jefferson Street and Fred Waring,7-SATURDAY,persons_speed_in_mph,0
9/13/2025 16:00,Jefferson Street and Fred Waring,7-SATURDAY,bikes_speed_in_mph,0
9/13/2025 16:00,Jefferson Street and Fred Waring,7-SATURDAY,bicycles_speed_in_mph,0
9/13/2025 16:00,Jefferson Street and Fred Waring,7-SATURDAY,total_stopped_objects,0
9/13/2025 16:00,Jefferson Street and Fred Waring,7-SATURDAY,trucks_stopped,0
9/13/2025 16:00,Jefferson Street and Fred Waring,7-SATURDAY,cars_stopped,0
9/13/2025 16:00,Jefferson Street and Fred Waring,7-SATURDAY,buses_stopped,0
9/13/2025 16:00,Jefferson Street and Fred Waring,7-SATURDAY,motorcycles_stopped,0
9/13/2025 16:00,Jefferson Street and Fred Waring,7-SATURDAY,persons_stopped,0
9/13/2025 16:00,Jefferson Street and Fred Waring,7-SATURDAY,bikes_stopped,0
9/13/2025 16:00,Jefferson Street and Fred Waring,7-SATURDAY,bicycles_stopped,0
9/13/2025 17:00,Jefferson Street and Fred Waring,7-SATURDAY,total_counts,0
9/13/2025 17:00,Jefferson Street and Fred Waring,7-SATURDAY,trucks_counts,0
9/13/2025 17:00,Jefferson Street and Fred Waring,7-SATURDAY,cars_counts,0
9/13/2025 17:00,Jefferson Street and Fred Waring,7-SATURDAY,buses_counts,0
9/13/2025 17:00,Jefferson Street and Fred Waring,7-SATURDAY,motorcycles_counts,0
9/13/2025 17:00,Jefferson Street and Fred Waring,7-SATURDAY,persons_counts,0
9/13/2025 17:00,Jefferson Street and Fred Waring,7-SATURDAY,bikes_counts,0
9/13/2025 17:00,Jefferson Street and Fred Waring,7-SATURDAY,bicycles_counts,0
9/13/2025 17:00,Jefferson Street and Fred Waring,7-SATURDAY,average_speed_mph,0
9/13/2025 17:00,Jefferson Street and Fred Waring,7-SATURDAY,trucks_speed_in_mph,0
9/13/2025 17:00,Jefferson Street and Fred Waring,7-SATURDAY,cars_speed_in_mph,0
9/13/2025 17:00,Jefferson Street and Fred Waring,7-SATURDAY,buses_speed_in_mph,0
9/13/2025 17:00,Jefferson Street and Fred Waring,7-SATURDAY,motorcycles_speed_in_mph,0
9/13/2025 17:00,Jefferson Street and Fred Waring,7-SATURDAY,persons_speed_in_mph,0
9/13/2025 17:00,Jefferson Street and Fred Waring,7-SATURDAY,bikes_speed_in_mph,0
9/13/2025 17:00,Jefferson Street and Fred Waring,7-SATURDAY,bicycles_speed_in_mph,0
9/13/2025 17:00,Jefferson Street and Fred Waring,7-SATURDAY,total_stopped_objects,0
9/13/2025 17:00,Jefferson Street and Fred Waring,7-SATURDAY,trucks_stopped,0
9/13/2025 17:00,Jefferson Street and Fred Waring,7-SATURDAY,cars_stopped,0
9/13/2025 17:00,Jefferson Street and Fred Waring,7-SATURDAY,buses_stopped,0
9/13/2025 17:00,Jefferson Street and Fred Waring,7-SATURDAY,motorcycles_stopped,0
9/13/2025 17:00,Jefferson Street and Fred Waring,7-SATURDAY,persons_stopped,0
9/13/2025 17:00,Jefferson Street and Fred Waring,7-SATURDAY,bikes_stopped,0
9/13/2025 17:00,Jefferson Street and Fred Waring,7-SATURDAY,bicycles_stopped,0
9/13/2025 18:00,Jefferson Street and Fred Waring,7-SATURDAY,total_counts,0
9/13/2025 18:00,Jefferson Street and Fred Waring,7-SATURDAY,trucks_counts,0
9/13/2025 18:00,Jefferson Street and Fred Waring,7-SATURDAY,cars_counts,0
9/13/2025 18:00,Jefferson Street and Fred Waring,7-SATURDAY,buses_counts,0
9/13/2025 18:00,Jefferson Street and Fred Waring,7-SATURDAY,motorcycles_counts,0
9/13/2025 18:00,Jefferson Street and Fred Waring,7-SATURDAY,persons_counts,0
9/13/2025 18:00,Jefferson Street and Fred Waring,7-SATURDAY,bikes_counts,0
9/13/2025 18:00,Jefferson Street and Fred Waring,7-SATURDAY,bicycles_counts,0
9/13/2025 18:00,Jefferson Street and Fred Waring,7-SATURDAY,average_speed_mph,0
9/13/2025 18:00,Jefferson Street and Fred Waring,7-SATURDAY,trucks_speed_in_mph,0
9/13/2025 18:00,Jefferson Street and Fred Waring,7-SATURDAY,cars_speed_in_mph,0
9/13/2025 18:00,Jefferson Street and Fred Waring,7-SATURDAY,buses_speed_in_mph,0
9/13/2025 18:00,Jefferson Street and Fred Waring,7-SATURDAY,motorcycles_speed_in_mph,0
9/13/2025 18:00,Jefferson Street and Fred Waring,7-SATURDAY,persons_speed_in_mph,0
9/13/2025 18:00,Jefferson Street and Fred Waring,7-SATURDAY,bikes_speed_in_mph,0
9/13/2025 18:00,Jefferson Street and Fred Waring,7-SATURDAY,bicycles_speed_in_mph,0
9/13/2025 18:00,Jefferson Street and Fred Waring,7-SATURDAY,total_stopped_objects,0
9/13/2025 18:00,Jefferson Street and Fred Waring,7-SATURDAY,trucks_stopped,0
9/13/2025 18:00,Jefferson Street and Fred Waring,7-SATURDAY,cars_stopped,0
9/13/2025 18:00,Jefferson Street and Fred Waring,7-SATURDAY,buses_stopped,0
9/13/2025 18:00,Jefferson Street and Fred Waring,7-SATURDAY,motorcycles_stopped,0
9/13/2025 18:00,Jefferson Street and Fred Waring,7-SATURDAY,persons_stopped,0
9/13/2025 18:00,Jefferson Street and Fred Waring,7-SATURDAY,bikes_stopped,0
9/13/2025 18:00,Jefferson Street and Fred Waring,7-SATURDAY,bicycles_stopped,0
9/13/2025 19:00,Jefferson Street and Fred Waring,7-SATURDAY,total_counts,0
9/13/2025 19:00,Jefferson Street and Fred Waring,7-SATURDAY,trucks_counts,0
9/13/2025 19:00,Jefferson Street and Fred Waring,7-SATURDAY,cars_counts,0
9/13/2025 19:00,Jefferson Street and Fred Waring,7-SATURDAY,buses_counts,0
9/13/2025 19:00,Jefferson Street and Fred Waring,7-SATURDAY,motorcycles_counts,0
9/13/2025 19:00,Jefferson Street and Fred Waring,7-SATURDAY,persons_counts,0
9/13/2025 19:00,Jefferson Street and Fred Waring,7-SATURDAY,bikes_counts,0
9/13/2025 19:00,Jefferson Street and Fred Waring,7-SATURDAY,bicycles_counts,0
9/13/2025 19:00,Jefferson Street and Fred Waring,7-SATURDAY,average_speed_mph,0
9/13/2025 19:00,Jefferson Street and Fred Waring,7-SATURDAY,trucks_speed_in_mph,0
9/13/2025 19:00,Jefferson Street and Fred Waring,7-SATURDAY,cars_speed_in_mph,0
9/13/2025 19:00,Jefferson Street and Fred Waring,7-SATURDAY,buses_speed_in_mph,0
9/13/2025 19:00,Jefferson Street and Fred Waring,7-SATURDAY,motorcycles_speed_in_mph,0
9/13/2025 19:00,Jefferson Street and Fred Waring,7-SATURDAY,persons_speed_in_mph,0
9/13/2025 19:00,Jefferson Street and Fred Waring,7-SATURDAY,bikes_speed_in_mph,0
9/13/2025 19:00,Jefferson Street and Fred Waring,7-SATURDAY,bicycles_speed_in_mph,0
9/13/2025 19:00,Jefferson Street and Fred Waring,7-SATURDAY,total_stopped_objects,0
9/13/2025 19:00,Jefferson Street and Fred Waring,7-SATURDAY,trucks_stopped,0
9/13/2025 19:00,Jefferson Street and Fred Waring,7-SATURDAY,cars_stopped,0
9/13/2025 19:00,Jefferson Street and Fred Waring,7-SATURDAY,buses_stopped,0
9/13/2025 19:00,Jefferson Street and Fred Waring,7-SATURDAY,motorcycles_stopped,0
9/13/2025 19:00,Jefferson Street and Fred Waring,7-SATURDAY,persons_stopped,0
9/13/2025 19:00,Jefferson Street and Fred Waring,7-SATURDAY,bikes_stopped,0
9/13/2025 19:00,Jefferson Street and Fred Waring,7-SATURDAY,bicycles_stopped,0
9/13/2025 20:00,Jefferson Street and Fred Waring,7-SATURDAY,total_counts,0
9/13/2025 20:00,Jefferson Street and Fred Waring,7-SATURDAY,trucks_counts,0
9/13/2025 20:00,Jefferson Street and Fred Waring,7-SATURDAY,cars_counts,0
9/13/2025 20:00,Jefferson Street and Fred Waring,7-SATURDAY,buses_counts,0
9/13/2025 20:00,Jefferson Street and Fred Waring,7-SATURDAY,motorcycles_counts,0
9/13/2025 20:00,Jefferson Street and Fred Waring,7-SATURDAY,persons_counts,0
9/13/2025 20:00,Jefferson Street and Fred Waring,7-SATURDAY,bikes_counts,0
9/13/2025 20:00,Jefferson Street and Fred Waring,7-SATURDAY,bicycles_counts,0
9/13/2025 20:00,Jefferson Street and Fred Waring,7-SATURDAY,average_speed_mph,0
9/13/2025 20:00,Jefferson Street and Fred Waring,7-SATURDAY,trucks_speed_in_mph,0
9/13/2025 20:00,Jefferson Street and Fred Waring,7-SATURDAY,cars_speed_in_mph,0
9/13/2025 20:00,Jefferson Street and Fred Waring,7-SATURDAY,buses_speed_in_mph,0
9/13/2025 20:00,Jefferson Street and Fred Waring,7-SATURDAY,motorcycles_speed_in_mph,0
9/13/2025 20:00,Jefferson Street and Fred Waring,7-SATURDAY,persons_speed_in_mph,0
9/13/2025 20:00,Jefferson Street and Fred Waring,7-SATURDAY,bikes_speed_in_mph,0
9/13/2025 20:00,Jefferson Street and Fred Waring,7-SATURDAY,bicycles_speed_in_mph,0
9/13/2025 20:00,Jefferson Street and Fred Waring,7-SATURDAY,total_stopped_objects,0
9/13/2025 20:00,Jefferson Street and Fred Waring,7-SATURDAY,trucks_stopped,0
9/13/2025 20:00,Jefferson Street and Fred Waring,7-SATURDAY,cars_stopped,0
9/13/2025 20:00,Jefferson Street and Fred Waring,7-SATURDAY,buses_stopped,0
9/13/2025 20:00,Jefferson Street and Fred Waring,7-SATURDAY,motorcycles_stopped,0
9/13/2025 20:00,Jefferson Street and Fred Waring,7-SATURDAY,persons_stopped,0
9/13/2025 20:00,Jefferson Street and Fred Waring,7-SATURDAY,bikes_stopped,0
9/13/2025 20:00,Jefferson Street and Fred Waring,7-SATURDAY,bicycles_stopped,0
9/13/2025 21:00,Jefferson Street and Fred Waring,7-SATURDAY,total_counts,0
9/13/2025 21:00,Jefferson Street and Fred Waring,7-SATURDAY,trucks_counts,0
9/13/2025 21:00,Jefferson Street and Fred Waring,7-SATURDAY,cars_counts,0
9/13/2025 21:00,Jefferson Street and Fred Waring,7-SATURDAY,buses_counts,0
9/13/2025 21:00,Jefferson Street and Fred Waring,7-SATURDAY,motorcycles_counts,0
9/13/2025 21:00,Jefferson Street and Fred Waring,7-SATURDAY,persons_counts,0
9/13/2025 21:00,Jefferson Street and Fred Waring,7-SATURDAY,bikes_counts,0
9/13/2025 21:00,Jefferson Street and Fred Waring,7-SATURDAY,bicycles_counts,0
9/13/2025 21:00,Jefferson Street and Fred Waring,7-SATURDAY,average_speed_mph,0
9/13/2025 21:00,Jefferson Street and Fred Waring,7-SATURDAY,trucks_speed_in_mph,0
9/13/2025 21:00,Jefferson Street and Fred Waring,7-SATURDAY,cars_speed_in_mph,0
9/13/2025 21:00,Jefferson Street and Fred Waring,7-SATURDAY,buses_speed_in_mph,0
9/13/2025 21:00,Jefferson Street and Fred Waring,7-SATURDAY,motorcycles_speed_in_mph,0
9/13/2025 21:00,Jefferson Street and Fred Waring,7-SATURDAY,persons_speed_in_mph,0
9/13/2025 21:00,Jefferson Street and Fred Waring,7-SATURDAY,bikes_speed_in_mph,0
9/13/2025 21:00,Jefferson Street and Fred Waring,7-SATURDAY,bicycles_speed_in_mph,0
9/13/2025 21:00,Jefferson Street and Fred Waring,7-SATURDAY,total_stopped_objects,0
9/13/2025 21:00,Jefferson Street and Fred Waring,7-SATURDAY,trucks_stopped,0
9/13/2025 21:00,Jefferson Street and Fred Waring,7-SATURDAY,cars_stopped,0
9/13/2025 21:00,Jefferson Street and Fred Waring,7-SATURDAY,buses_stopped,0
9/13/2025 21:00,Jefferson Street and Fred Waring,7-SATURDAY,motorcycles_stopped,0
9/13/2025 21:00,Jefferson Street and Fred Waring,7-SATURDAY,persons_stopped,0
9/13/2025 21:00,Jefferson Street and Fred Waring,7-SATURDAY,bikes_stopped,0
9/13/2025 21:00,Jefferson Street and Fred Waring,7-SATURDAY,bicycles_stopped,0
9/13/2025 22:00,Jefferson Street and Fred Waring,7-SATURDAY,total_counts,0
9/13/2025 22:00,Jefferson Street and Fred Waring,7-SATURDAY,trucks_counts,0
9/13/2025 22:00,Jefferson Street and Fred Waring,7-SATURDAY,cars_counts,0
9/13/2025 22:00,Jefferson Street and Fred Waring,7-SATURDAY,buses_counts,0
9/13/2025 22:00,Jefferson Street and Fred Waring,7-SATURDAY,motorcycles_counts,0
9/13/2025 22:00,Jefferson Street and Fred Waring,7-SATURDAY,persons_counts,0
9/13/2025 22:00,Jefferson Street and Fred Waring,7-SATURDAY,bikes_counts,0
9/13/2025 22:00,Jefferson Street and Fred Waring,7-SATURDAY,bicycles_counts,0
9/13/2025 22:00,Jefferson Street and Fred Waring,7-SATURDAY,average_speed_mph,0
9/13/2025 22:00,Jefferson Street and Fred Waring,7-SATURDAY,trucks_speed_in_mph,0
9/13/2025 22:00,Jefferson Street and Fred Waring,7-SATURDAY,cars_speed_in_mph,0
9/13/2025 22:00,Jefferson Street and Fred Waring,7-SATURDAY,buses_speed_in_mph,0
9/13/2025 22:00,Jefferson Street and Fred Waring,7-SATURDAY,motorcycles_speed_in_mph,0
9/13/2025 22:00,Jefferson Street and Fred Waring,7-SATURDAY,persons_speed_in_mph,0
9/13/2025 22:00,Jefferson Street and Fred Waring,7-SATURDAY,bikes_speed_in_mph,0
9/13/2025 22:00,Jefferson Street and Fred Waring,7-SATURDAY,bicycles_speed_in_mph,0
9/13/2025 22:00,Jefferson Street and Fred Waring,7-SATURDAY,total_stopped_objects,0
9/13/2025 22:00,Jefferson Street and Fred Waring,7-SATURDAY,trucks_stopped,0
9/13/2025 22:00,Jefferson Street and Fred Waring,7-SATURDAY,cars_stopped,0
9/13/2025 22:00,Jefferson Street and Fred Waring,7-SATURDAY,buses_stopped,0
9/13/2025 22:00,Jefferson Street and Fred Waring,7-SATURDAY,motorcycles_stopped,0
9/13/2025 22:00,Jefferson Street and Fred Waring,7-SATURDAY,persons_stopped,0
9/13/2025 22:00,Jefferson Street and Fred Waring,7-SATURDAY,bikes_stopped,0
9/13/2025 22:00,Jefferson Street and Fred Waring,7-SATURDAY,bicycles_stopped,0
9/13/2025 23:00,Jefferson Street and Fred Waring,7-SATURDAY,total_counts,0
9/13/2025 23:00,Jefferson Street and Fred Waring,7-SATURDAY,trucks_counts,0
9/13/2025 23:00,Jefferson Street and Fred Waring,7-SATURDAY,cars_counts,0
9/13/2025 23:00,Jefferson Street and Fred Waring,7-SATURDAY,buses_counts,0
9/13/2025 23:00,Jefferson Street and Fred Waring,7-SATURDAY,motorcycles_counts,0
9/13/2025 23:00,Jefferson Street and Fred Waring,7-SATURDAY,persons_counts,0
9/13/2025 23:00,Jefferson Street and Fred Waring,7-SATURDAY,bikes_counts,0
9/13/2025 23:00,Jefferson Street and Fred Waring,7-SATURDAY,bicycles_counts,0
9/13/2025 23:00,Jefferson Street and Fred Waring,7-SATURDAY,average_speed_mph,0
9/13/2025 23:00,Jefferson Street and Fred Waring,7-SATURDAY,trucks_speed_in_mph,0
9/13/2025 23:00,Jefferson Street and Fred Waring,7-SATURDAY,cars_speed_in_mph,0
9/13/2025 23:00,Jefferson Street and Fred Waring,7-SATURDAY,buses_speed_in_mph,0
9/13/2025 23:00,Jefferson Street and Fred Waring,7-SATURDAY,motorcycles_speed_in_mph,0
9/13/2025 23:00,Jefferson Street and Fred Waring,7-SATURDAY,persons_speed_in_mph,0
9/13/2025 23:00,Jefferson Street and Fred Waring,7-SATURDAY,bikes_speed_in_mph,0
9/13/2025 23:00,Jefferson Street and Fred Waring,7-SATURDAY,bicycles_speed_in_mph,0
9/13/2025 23:00,Jefferson Street and Fred Waring,7-SATURDAY,total_stopped_objects,0
9/13/2025 23:00,Jefferson Street and Fred Waring,7-SATURDAY,trucks_stopped,0
9/13/2025 23:00,Jefferson Street and Fred Waring,7-SATURDAY,cars_stopped,0
9/13/2025 23:00,Jefferson Street and Fred Waring,7-SATURDAY,buses_stopped,0
9/13/2025 23:00,Jefferson Street and Fred Waring,7-SATURDAY,motorcycles_stopped,0
9/13/2025 23:00,Jefferson Street and Fred Waring,7-SATURDAY,persons_stopped,0
9/13/2025 23:00,Jefferson Street and Fred Waring,7-SATURDAY,bikes_stopped,0
9/13/2025 23:00,Jefferson Street and Fred Waring,7-SATURDAY,bicycles_stopped,0
9/14/2025 0:00,Jefferson Street and Fred Waring,1-SUNDAY,total_counts,0
9/14/2025 0:00,Jefferson Street and Fred Waring,1-SUNDAY,trucks_counts,0
9/14/2025 0:00,Jefferson Street and Fred Waring,1-SUNDAY,cars_counts,0
9/14/2025 0:00,Jefferson Street and Fred Waring,1-SUNDAY,buses_counts,0
9/14/2025 0:00,Jefferson Street and Fred Waring,1-SUNDAY,motorcycles_counts,0
9/14/2025 0:00,Jefferson Street and Fred Waring,1-SUNDAY,persons_counts,0
9/14/2025 0:00,Jefferson Street and Fred Waring,1-SUNDAY,bikes_counts,0
9/14/2025 0:00,Jefferson Street and Fred Waring,1-SUNDAY,bicycles_counts,0
9/14/2025 0:00,Jefferson Street and Fred Waring,1-SUNDAY,average_speed_mph,0
9/14/2025 0:00,Jefferson Street and Fred Waring,1-SUNDAY,trucks_speed_in_mph,0
9/14/2025 0:00,Jefferson Street and Fred Waring,1-SUNDAY,cars_speed_in_mph,0
9/14/2025 0:00,Jefferson Street and Fred Waring,1-SUNDAY,buses_speed_in_mph,0
9/14/2025 0:00,Jefferson Street and Fred Waring,1-SUNDAY,motorcycles_speed_in_mph,0
9/14/2025 0:00,Jefferson Street and Fred Waring,1-SUNDAY,persons_speed_in_mph,0
9/14/2025 0:00,Jefferson Street and Fred Waring,1-SUNDAY,bikes_speed_in_mph,0
9/14/2025 0:00,Jefferson Street and Fred Waring,1-SUNDAY,bicycles_speed_in_mph,0
9/14/2025 0:00,Jefferson Street and Fred Waring,1-SUNDAY,total_stopped_objects,0
9/14/2025 0:00,Jefferson Street and Fred Waring,1-SUNDAY,trucks_stopped,0
9/14/2025 0:00,Jefferson Street and Fred Waring,1-SUNDAY,cars_stopped,0
9/14/2025 0:00,Jefferson Street and Fred Waring,1-SUNDAY,buses_stopped,0
9/14/2025 0:00,Jefferson Street and Fred Waring,1-SUNDAY,motorcycles_stopped,0
9/14/2025 0:00,Jefferson Street and Fred Waring,1-SUNDAY,persons_stopped,0
9/14/2025 0:00,Jefferson Street and Fred Waring,1-SUNDAY,bikes_stopped,0
9/14/2025 0:00,Jefferson Street and Fred Waring,1-SUNDAY,bicycles_stopped,0
9/14/2025 1:00,Jefferson Street and Fred Waring,1-SUNDAY,total_counts,0
9/14/2025 1:00,Jefferson Street and Fred Waring,1-SUNDAY,trucks_counts,0
9/14/2025 1:00,Jefferson Street and Fred Waring,1-SUNDAY,cars_counts,0
9/14/2025 1:00,Jefferson Street and Fred Waring,1-SUNDAY,buses_counts,0
9/14/2025 1:00,Jefferson Street and Fred Waring,1-SUNDAY,motorcycles_counts,0
9/14/2025 1:00,Jefferson Street and Fred Waring,1-SUNDAY,persons_counts,0
9/14/2025 1:00,Jefferson Street and Fred Waring,1-SUNDAY,bikes_counts,0
9/14/2025 1:00,Jefferson Street and Fred Waring,1-SUNDAY,bicycles_counts,0
9/14/2025 1:00,Jefferson Street and Fred Waring,1-SUNDAY,average_speed_mph,0
9/14/2025 1:00,Jefferson Street and Fred Waring,1-SUNDAY,trucks_speed_in_mph,0
9/14/2025 1:00,Jefferson Street and Fred Waring,1-SUNDAY,cars_speed_in_mph,0
9/14/2025 1:00,Jefferson Street and Fred Waring,1-SUNDAY,buses_speed_in_mph,0
9/14/2025 1:00,Jefferson Street and Fred Waring,1-SUNDAY,motorcycles_speed_in_mph,0
9/14/2025 1:00,Jefferson Street and Fred Waring,1-SUNDAY,persons_speed_in_mph,0
9/14/2025 1:00,Jefferson Street and Fred Waring,1-SUNDAY,bikes_speed_in_mph,0
9/14/2025 1:00,Jefferson Street and Fred Waring,1-SUNDAY,bicycles_speed_in_mph,0
9/14/2025 1:00,Jefferson Street and Fred Waring,1-SUNDAY,total_stopped_objects,0
9/14/2025 1:00,Jefferson Street and Fred Waring,1-SUNDAY,trucks_stopped,0
9/14/2025 1:00,Jefferson Street and Fred Waring,1-SUNDAY,cars_stopped,0
9/14/2025 1:00,Jefferson Street and Fred Waring,1-SUNDAY,buses_stopped,0
9/14/2025 1:00,Jefferson Street and Fred Waring,1-SUNDAY,motorcycles_stopped,0
9/14/2025 1:00,Jefferson Street and Fred Waring,1-SUNDAY,persons_stopped,0
9/14/2025 1:00,Jefferson Street and Fred Waring,1-SUNDAY,bikes_stopped,0
9/14/2025 1:00,Jefferson Street and Fred Waring,1-SUNDAY,bicycles_stopped,0
9/14/2025 2:00,Jefferson Street and Fred Waring,1-SUNDAY,total_counts,0
9/14/2025 2:00,Jefferson Street and Fred Waring,1-SUNDAY,trucks_counts,0
9/14/2025 2:00,Jefferson Street and Fred Waring,1-SUNDAY,cars_counts,0
9/14/2025 2:00,Jefferson Street and Fred Waring,1-SUNDAY,buses_counts,0
9/14/2025 2:00,Jefferson Street and Fred Waring,1-SUNDAY,motorcycles_counts,0
9/14/2025 2:00,Jefferson Street and Fred Waring,1-SUNDAY,persons_counts,0
9/14/2025 2:00,Jefferson Street and Fred Waring,1-SUNDAY,bikes_counts,0
9/14/2025 2:00,Jefferson Street and Fred Waring,1-SUNDAY,bicycles_counts,0
9/14/2025 2:00,Jefferson Street and Fred Waring,1-SUNDAY,average_speed_mph,0
9/14/2025 2:00,Jefferson Street and Fred Waring,1-SUNDAY,trucks_speed_in_mph,0
9/14/2025 2:00,Jefferson Street and Fred Waring,1-SUNDAY,cars_speed_in_mph,0
9/14/2025 2:00,Jefferson Street and Fred Waring,1-SUNDAY,buses_speed_in_mph,0
9/14/2025 2:00,Jefferson Street and Fred Waring,1-SUNDAY,motorcycles_speed_in_mph,0
9/14/2025 2:00,Jefferson Street and Fred Waring,1-SUNDAY,persons_speed_in_mph,0
9/14/2025 2:00,Jefferson Street and Fred Waring,1-SUNDAY,bikes_speed_in_mph,0
9/14/2025 2:00,Jefferson Street and Fred Waring,1-SUNDAY,bicycles_speed_in_mph,0
9/14/2025 2:00,Jefferson Street and Fred Waring,1-SUNDAY,total_stopped_objects,0
9/14/2025 2:00,Jefferson Street and Fred Waring,1-SUNDAY,trucks_stopped,0
9/14/2025 2:00,Jefferson Street and Fred Waring,1-SUNDAY,cars_stopped,0
9/14/2025 2:00,Jefferson Street and Fred Waring,1-SUNDAY,buses_stopped,0
9/14/2025 2:00,Jefferson Street and Fred Waring,1-SUNDAY,motorcycles_stopped,0
9/14/2025 2:00,Jefferson Street and Fred Waring,1-SUNDAY,persons_stopped,0
9/14/2025 2:00,Jefferson Street and Fred Waring,1-SUNDAY,bikes_stopped,0
9/14/2025 2:00,Jefferson Street and Fred Waring,1-SUNDAY,bicycles_stopped,0
9/14/2025 3:00,Jefferson Street and Fred Waring,1-SUNDAY,total_counts,0
9/14/2025 3:00,Jefferson Street and Fred Waring,1-SUNDAY,trucks_counts,0
9/14/2025 3:00,Jefferson Street and Fred Waring,1-SUNDAY,cars_counts,0
9/14/2025 3:00,Jefferson Street and Fred Waring,1-SUNDAY,buses_counts,0
9/14/2025 3:00,Jefferson Street and Fred Waring,1-SUNDAY,motorcycles_counts,0
9/14/2025 3:00,Jefferson Street and Fred Waring,1-SUNDAY,persons_counts,0
9/14/2025 3:00,Jefferson Street and Fred Waring,1-SUNDAY,bikes_counts,0
9/14/2025 3:00,Jefferson Street and Fred Waring,1-SUNDAY,bicycles_counts,0
9/14/2025 3:00,Jefferson Street and Fred Waring,1-SUNDAY,average_speed_mph,0
9/14/2025 3:00,Jefferson Street and Fred Waring,1-SUNDAY,trucks_speed_in_mph,0
9/14/2025 3:00,Jefferson Street and Fred Waring,1-SUNDAY,cars_speed_in_mph,0
9/14/2025 3:00,Jefferson Street and Fred Waring,1-SUNDAY,buses_speed_in_mph,0
9/14/2025 3:00,Jefferson Street and Fred Waring,1-SUNDAY,motorcycles_speed_in_mph,0
9/14/2025 3:00,Jefferson Street and Fred Waring,1-SUNDAY,persons_speed_in_mph,0
9/14/2025 3:00,Jefferson Street and Fred Waring,1-SUNDAY,bikes_speed_in_mph,0
9/14/2025 3:00,Jefferson Street and Fred Waring,1-SUNDAY,bicycles_speed_in_mph,0
9/14/2025 3:00,Jefferson Street and Fred Waring,1-SUNDAY,total_stopped_objects,0
9/14/2025 3:00,Jefferson Street and Fred Waring,1-SUNDAY,trucks_stopped,0
9/14/2025 3:00,Jefferson Street and Fred Waring,1-SUNDAY,cars_stopped,0
9/14/2025 3:00,Jefferson Street and Fred Waring,1-SUNDAY,buses_stopped,0
9/14/2025 3:00,Jefferson Street and Fred Waring,1-SUNDAY,motorcycles_stopped,0
9/14/2025 3:00,Jefferson Street and Fred Waring,1-SUNDAY,persons_stopped,0
9/14/2025 3:00,Jefferson Street and Fred Waring,1-SUNDAY,bikes_stopped,0
9/14/2025 3:00,Jefferson Street and Fred Waring,1-SUNDAY,bicycles_stopped,0
9/14/2025 4:00,Jefferson Street and Fred Waring,1-SUNDAY,total_counts,0
9/14/2025 4:00,Jefferson Street and Fred Waring,1-SUNDAY,trucks_counts,0
9/14/2025 4:00,Jefferson Street and Fred Waring,1-SUNDAY,cars_counts,0
9/14/2025 4:00,Jefferson Street and Fred Waring,1-SUNDAY,buses_counts,0
9/14/2025 4:00,Jefferson Street and Fred Waring,1-SUNDAY,motorcycles_counts,0
9/14/2025 4:00,Jefferson Street and Fred Waring,1-SUNDAY,persons_counts,0
9/14/2025 4:00,Jefferson Street and Fred Waring,1-SUNDAY,bikes_counts,0
9/14/2025 4:00,Jefferson Street and Fred Waring,1-SUNDAY,bicycles_counts,0
9/14/2025 4:00,Jefferson Street and Fred Waring,1-SUNDAY,average_speed_mph,0
9/14/2025 4:00,Jefferson Street and Fred Waring,1-SUNDAY,trucks_speed_in_mph,0
9/14/2025 4:00,Jefferson Street and Fred Waring,1-SUNDAY,cars_speed_in_mph,0
9/14/2025 4:00,Jefferson Street and Fred Waring,1-SUNDAY,buses_speed_in_mph,0
9/14/2025 4:00,Jefferson Street and Fred Waring,1-SUNDAY,motorcycles_speed_in_mph,0
9/14/2025 4:00,Jefferson Street and Fred Waring,1-SUNDAY,persons_speed_in_mph,0
9/14/2025 4:00,Jefferson Street and Fred Waring,1-SUNDAY,bikes_speed_in_mph,0
9/14/2025 4:00,Jefferson Street and Fred Waring,1-SUNDAY,bicycles_speed_in_mph,0
9/14/2025 4:00,Jefferson Street and Fred Waring,1-SUNDAY,total_stopped_objects,0
9/14/2025 4:00,Jefferson Street and Fred Waring,1-SUNDAY,trucks_stopped,0
9/14/2025 4:00,Jefferson Street and Fred Waring,1-SUNDAY,cars_stopped,0
9/14/2025 4:00,Jefferson Street and Fred Waring,1-SUNDAY,buses_stopped,0
9/14/2025 4:00,Jefferson Street and Fred Waring,1-SUNDAY,motorcycles_stopped,0
9/14/2025 4:00,Jefferson Street and Fred Waring,1-SUNDAY,persons_stopped,0
9/14/2025 4:00,Jefferson Street and Fred Waring,1-SUNDAY,bikes_stopped,0
9/14/2025 4:00,Jefferson Street and Fred Waring,1-SUNDAY,bicycles_stopped,0
9/14/2025 5:00,Jefferson Street and Fred Waring,1-SUNDAY,total_counts,0
9/14/2025 5:00,Jefferson Street and Fred Waring,1-SUNDAY,trucks_counts,0
9/14/2025 5:00,Jefferson Street and Fred Waring,1-SUNDAY,cars_counts,0
9/14/2025 5:00,Jefferson Street and Fred Waring,1-SUNDAY,buses_counts,0
9/14/2025 5:00,Jefferson Street and Fred Waring,1-SUNDAY,motorcycles_counts,0
9/14/2025 5:00,Jefferson Street and Fred Waring,1-SUNDAY,persons_counts,0
9/14/2025 5:00,Jefferson Street and Fred Waring,1-SUNDAY,bikes_counts,0
9/14/2025 5:00,Jefferson Street and Fred Waring,1-SUNDAY,bicycles_counts,0
9/14/2025 5:00,Jefferson Street and Fred Waring,1-SUNDAY,average_speed_mph,0
9/14/2025 5:00,Jefferson Street and Fred Waring,1-SUNDAY,trucks_speed_in_mph,0
9/14/2025 5:00,Jefferson Street and Fred Waring,1-SUNDAY,cars_speed_in_mph,0
9/14/2025 5:00,Jefferson Street and Fred Waring,1-SUNDAY,buses_speed_in_mph,0
9/14/2025 5:00,Jefferson Street and Fred Waring,1-SUNDAY,motorcycles_speed_in_mph,0
9/14/2025 5:00,Jefferson Street and Fred Waring,1-SUNDAY,persons_speed_in_mph,0
9/14/2025 5:00,Jefferson Street and Fred Waring,1-SUNDAY,bikes_speed_in_mph,0
9/14/2025 5:00,Jefferson Street and Fred Waring,1-SUNDAY,bicycles_speed_in_mph,0
9/14/2025 5:00,Jefferson Street and Fred Waring,1-SUNDAY,total_stopped_objects,0
9/14/2025 5:00,Jefferson Street and Fred Waring,1-SUNDAY,trucks_stopped,0
9/14/2025 5:00,Jefferson Street and Fred Waring,1-SUNDAY,cars_stopped,0
9/14/2025 5:00,Jefferson Street and Fred Waring,1-SUNDAY,buses_stopped,0
9/14/2025 5:00,Jefferson Street and Fred Waring,1-SUNDAY,motorcycles_stopped,0
9/14/2025 5:00,Jefferson Street and Fred Waring,1-SUNDAY,persons_stopped,0
9/14/2025 5:00,Jefferson Street and Fred Waring,1-SUNDAY,bikes_stopped,0
9/14/2025 5:00,Jefferson Street and Fred Waring,1-SUNDAY,bicycles_stopped,0
9/14/2025 6:00,Jefferson Street and Fred Waring,1-SUNDAY,total_counts,0
9/14/2025 6:00,Jefferson Street and Fred Waring,1-SUNDAY,trucks_counts,0
9/14/2025 6:00,Jefferson Street and Fred Waring,1-SUNDAY,cars_counts,0
9/14/2025 6:00,Jefferson Street and Fred Waring,1-SUNDAY,buses_counts,0
9/14/2025 6:00,Jefferson Street and Fred Waring,1-SUNDAY,motorcycles_counts,0
9/14/2025 6:00,Jefferson Street and Fred Waring,1-SUNDAY,persons_counts,0
9/14/2025 6:00,Jefferson Street and Fred Waring,1-SUNDAY,bikes_counts,0
9/14/2025 6:00,Jefferson Street and Fred Waring,1-SUNDAY,bicycles_counts,0
9/14/2025 6:00,Jefferson Street and Fred Waring,1-SUNDAY,average_speed_mph,0
9/14/2025 6:00,Jefferson Street and Fred Waring,1-SUNDAY,trucks_speed_in_mph,0
9/14/2025 6:00,Jefferson Street and Fred Waring,1-SUNDAY,cars_speed_in_mph,0
9/14/2025 6:00,Jefferson Street and Fred Waring,1-SUNDAY,buses_speed_in_mph,0
9/14/2025 6:00,Jefferson Street and Fred Waring,1-SUNDAY,motorcycles_speed_in_mph,0
9/14/2025 6:00,Jefferson Street and Fred Waring,1-SUNDAY,persons_speed_in_mph,0
9/14/2025 6:00,Jefferson Street and Fred Waring,1-SUNDAY,bikes_speed_in_mph,0
9/14/2025 6:00,Jefferson Street and Fred Waring,1-SUNDAY,bicycles_speed_in_mph,0
9/14/2025 6:00,Jefferson Street and Fred Waring,1-SUNDAY,total_stopped_objects,0
9/14/2025 6:00,Jefferson Street and Fred Waring,1-SUNDAY,trucks_stopped,0
9/14/2025 6:00,Jefferson Street and Fred Waring,1-SUNDAY,cars_stopped,0
9/14/2025 6:00,Jefferson Street and Fred Waring,1-SUNDAY,buses_stopped,0
9/14/2025 6:00,Jefferson Street and Fred Waring,1-SUNDAY,motorcycles_stopped,0
9/14/2025 6:00,Jefferson Street and Fred Waring,1-SUNDAY,persons_stopped,0
9/14/2025 6:00,Jefferson Street and Fred Waring,1-SUNDAY,bikes_stopped,0
9/14/2025 6:00,Jefferson Street and Fred Waring,1-SUNDAY,bicycles_stopped,0
9/14/2025 7:00,Jefferson Street and Fred Waring,1-SUNDAY,total_counts,0
9/14/2025 7:00,Jefferson Street and Fred Waring,1-SUNDAY,trucks_counts,0
9/14/2025 7:00,Jefferson Street and Fred Waring,1-SUNDAY,cars_counts,0
9/14/2025 7:00,Jefferson Street and Fred Waring,1-SUNDAY,buses_counts,0
9/14/2025 7:00,Jefferson Street and Fred Waring,1-SUNDAY,motorcycles_counts,0
9/14/2025 7:00,Jefferson Street and Fred Waring,1-SUNDAY,persons_counts,0
9/14/2025 7:00,Jefferson Street and Fred Waring,1-SUNDAY,bikes_counts,0
9/14/2025 7:00,Jefferson Street and Fred Waring,1-SUNDAY,bicycles_counts,0
9/14/2025 7:00,Jefferson Street and Fred Waring,1-SUNDAY,average_speed_mph,0
9/14/2025 7:00,Jefferson Street and Fred Waring,1-SUNDAY,trucks_speed_in_mph,0
9/14/2025 7:00,Jefferson Street and Fred Waring,1-SUNDAY,cars_speed_in_mph,0
9/14/2025 7:00,Jefferson Street and Fred Waring,1-SUNDAY,buses_speed_in_mph,0
9/14/2025 7:00,Jefferson Street and Fred Waring,1-SUNDAY,motorcycles_speed_in_mph,0
9/14/2025 7:00,Jefferson Street and Fred Waring,1-SUNDAY,persons_speed_in_mph,0
9/14/2025 7:00,Jefferson Street and Fred Waring,1-SUNDAY,bikes_speed_in_mph,0
9/14/2025 7:00,Jefferson Street and Fred Waring,1-SUNDAY,bicycles_speed_in_mph,0
9/14/2025 7:00,Jefferson Street and Fred Waring,1-SUNDAY,total_stopped_objects,0
9/14/2025 7:00,Jefferson Street and Fred Waring,1-SUNDAY,trucks_stopped,0
9/14/2025 7:00,Jefferson Street and Fred Waring,1-SUNDAY,cars_stopped,0
9/14/2025 7:00,Jefferson Street and Fred Waring,1-SUNDAY,buses_stopped,0
9/14/2025 7:00,Jefferson Street and Fred Waring,1-SUNDAY,motorcycles_stopped,0
9/14/2025 7:00,Jefferson Street and Fred Waring,1-SUNDAY,persons_stopped,0
9/14/2025 7:00,Jefferson Street and Fred Waring,1-SUNDAY,bikes_stopped,0
9/14/2025 7:00,Jefferson Street and Fred Waring,1-SUNDAY,bicycles_stopped,0
9/14/2025 8:00,Jefferson Street and Fred Waring,1-SUNDAY,total_counts,0
9/14/2025 8:00,Jefferson Street and Fred Waring,1-SUNDAY,trucks_counts,0
9/14/2025 8:00,Jefferson Street and Fred Waring,1-SUNDAY,cars_counts,0
9/14/2025 8:00,Jefferson Street and Fred Waring,1-SUNDAY,buses_counts,0
9/14/2025 8:00,Jefferson Street and Fred Waring,1-SUNDAY,motorcycles_counts,0
9/14/2025 8:00,Jefferson Street and Fred Waring,1-SUNDAY,persons_counts,0
9/14/2025 8:00,Jefferson Street and Fred Waring,1-SUNDAY,bikes_counts,0
9/14/2025 8:00,Jefferson Street and Fred Waring,1-SUNDAY,bicycles_counts,0
9/14/2025 8:00,Jefferson Street and Fred Waring,1-SUNDAY,average_speed_mph,0
9/14/2025 8:00,Jefferson Street and Fred Waring,1-SUNDAY,trucks_speed_in_mph,0
9/14/2025 8:00,Jefferson Street and Fred Waring,1-SUNDAY,cars_speed_in_mph,0
9/14/2025 8:00,Jefferson Street and Fred Waring,1-SUNDAY,buses_speed_in_mph,0
9/14/2025 8:00,Jefferson Street and Fred Waring,1-SUNDAY,motorcycles_speed_in_mph,0
9/14/2025 8:00,Jefferson Street and Fred Waring,1-SUNDAY,persons_speed_in_mph,0
9/14/2025 8:00,Jefferson Street and Fred Waring,1-SUNDAY,bikes_speed_in_mph,0
9/14/2025 8:00,Jefferson Street and Fred Waring,1-SUNDAY,bicycles_speed_in_mph,0
9/14/2025 8:00,Jefferson Street and Fred Waring,1-SUNDAY,total_stopped_objects,0
9/14/2025 8:00,Jefferson Street and Fred Waring,1-SUNDAY,trucks_stopped,0
9/14/2025 8:00,Jefferson Street and Fred Waring,1-SUNDAY,cars_stopped,0
9/14/2025 8:00,Jefferson Street and Fred Waring,1-SUNDAY,buses_stopped,0
9/14/2025 8:00,Jefferson Street and Fred Waring,1-SUNDAY,motorcycles_stopped,0
9/14/2025 8:00,Jefferson Street and Fred Waring,1-SUNDAY,persons_stopped,0
9/14/2025 8:00,Jefferson Street and Fred Waring,1-SUNDAY,bikes_stopped,0
9/14/2025 8:00,Jefferson Street and Fred Waring,1-SUNDAY,bicycles_stopped,0
9/14/2025 9:00,Jefferson Street and Fred Waring,1-SUNDAY,total_counts,0
9/14/2025 9:00,Jefferson Street and Fred Waring,1-SUNDAY,trucks_counts,0
9/14/2025 9:00,Jefferson Street and Fred Waring,1-SUNDAY,cars_counts,0
9/14/2025 9:00,Jefferson Street and Fred Waring,1-SUNDAY,buses_counts,0
9/14/2025 9:00,Jefferson Street and Fred Waring,1-SUNDAY,motorcycles_counts,0
9/14/2025 9:00,Jefferson Street and Fred Waring,1-SUNDAY,persons_counts,0
9/14/2025 9:00,Jefferson Street and Fred Waring,1-SUNDAY,bikes_counts,0
9/14/2025 9:00,Jefferson Street and Fred Waring,1-SUNDAY,bicycles_counts,0
9/14/2025 9:00,Jefferson Street and Fred Waring,1-SUNDAY,average_speed_mph,0
9/14/2025 9:00,Jefferson Street and Fred Waring,1-SUNDAY,trucks_speed_in_mph,0
9/14/2025 9:00,Jefferson Street and Fred Waring,1-SUNDAY,cars_speed_in_mph,0
9/14/2025 9:00,Jefferson Street and Fred Waring,1-SUNDAY,buses_speed_in_mph,0
9/14/2025 9:00,Jefferson Street and Fred Waring,1-SUNDAY,motorcycles_speed_in_mph,0
9/14/2025 9:00,Jefferson Street and Fred Waring,1-SUNDAY,persons_speed_in_mph,0
9/14/2025 9:00,Jefferson Street and Fred Waring,1-SUNDAY,bikes_speed_in_mph,0
9/14/2025 9:00,Jefferson Street and Fred Waring,1-SUNDAY,bicycles_speed_in_mph,0
9/14/2025 9:00,Jefferson Street and Fred Waring,1-SUNDAY,total_stopped_objects,0
9/14/2025 9:00,Jefferson Street and Fred Waring,1-SUNDAY,trucks_stopped,0
9/14/2025 9:00,Jefferson Street and Fred Waring,1-SUNDAY,cars_stopped,0
9/14/2025 9:00,Jefferson Street and Fred Waring,1-SUNDAY,buses_stopped,0
9/14/2025 9:00,Jefferson Street and Fred Waring,1-SUNDAY,motorcycles_stopped,0
9/14/2025 9:00,Jefferson Street and Fred Waring,1-SUNDAY,persons_stopped,0
9/14/2025 9:00,Jefferson Street and Fred Waring,1-SUNDAY,bikes_stopped,0
9/14/2025 9:00,Jefferson Street and Fred Waring,1-SUNDAY,bicycles_stopped,0
9/14/2025 10:00,Jefferson Street and Fred Waring,1-SUNDAY,total_counts,0
9/14/2025 10:00,Jefferson Street and Fred Waring,1-SUNDAY,trucks_counts,0
9/14/2025 10:00,Jefferson Street and Fred Waring,1-SUNDAY,cars_counts,0
9/14/2025 10:00,Jefferson Street and Fred Waring,1-SUNDAY,buses_counts,0
9/14/2025 10:00,Jefferson Street and Fred Waring,1-SUNDAY,motorcycles_counts,0
9/14/2025 10:00,Jefferson Street and Fred Waring,1-SUNDAY,persons_counts,0
9/14/2025 10:00,Jefferson Street and Fred Waring,1-SUNDAY,bikes_counts,0
9/14/2025 10:00,Jefferson Street and Fred Waring,1-SUNDAY,bicycles_counts,0
9/14/2025 10:00,Jefferson Street and Fred Waring,1-SUNDAY,average_speed_mph,0
9/14/2025 10:00,Jefferson Street and Fred Waring,1-SUNDAY,trucks_speed_in_mph,0
9/14/2025 10:00,Jefferson Street and Fred Waring,1-SUNDAY,cars_speed_in_mph,0
9/14/2025 10:00,Jefferson Street and Fred Waring,1-SUNDAY,buses_speed_in_mph,0
9/14/2025 10:00,Jefferson Street and Fred Waring,1-SUNDAY,motorcycles_speed_in_mph,0
9/14/2025 10:00,Jefferson Street and Fred Waring,1-SUNDAY,persons_speed_in_mph,0
9/14/2025 10:00,Jefferson Street and Fred Waring,1-SUNDAY,bikes_speed_in_mph,0
9/14/2025 10:00,Jefferson Street and Fred Waring,1-SUNDAY,bicycles_speed_in_mph,0
9/14/2025 10:00,Jefferson Street and Fred Waring,1-SUNDAY,total_stopped_objects,0
9/14/2025 10:00,Jefferson Street and Fred Waring,1-SUNDAY,trucks_stopped,0
9/14/2025 10:00,Jefferson Street and Fred Waring,1-SUNDAY,cars_stopped,0
9/14/2025 10:00,Jefferson Street and Fred Waring,1-SUNDAY,buses_stopped,0
9/14/2025 10:00,Jefferson Street and Fred Waring,1-SUNDAY,motorcycles_stopped,0
9/14/2025 10:00,Jefferson Street and Fred Waring,1-SUNDAY,persons_stopped,0
9/14/2025 10:00,Jefferson Street and Fred Waring,1-SUNDAY,bikes_stopped,0
9/14/2025 10:00,Jefferson Street and Fred Waring,1-SUNDAY,bicycles_stopped,0
9/14/2025 11:00,Jefferson Street and Fred Waring,1-SUNDAY,total_counts,0
9/14/2025 11:00,Jefferson Street and Fred Waring,1-SUNDAY,trucks_counts,0
9/14/2025 11:00,Jefferson Street and Fred Waring,1-SUNDAY,cars_counts,0
9/14/2025 11:00,Jefferson Street and Fred Waring,1-SUNDAY,buses_counts,0
9/14/2025 11:00,Jefferson Street and Fred Waring,1-SUNDAY,motorcycles_counts,0
9/14/2025 11:00,Jefferson Street and Fred Waring,1-SUNDAY,persons_counts,0
9/14/2025 11:00,Jefferson Street and Fred Waring,1-SUNDAY,bikes_counts,0
9/14/2025 11:00,Jefferson Street and Fred Waring,1-SUNDAY,bicycles_counts,0
9/14/2025 11:00,Jefferson Street and Fred Waring,1-SUNDAY,average_speed_mph,0
9/14/2025 11:00,Jefferson Street and Fred Waring,1-SUNDAY,trucks_speed_in_mph,0
9/14/2025 11:00,Jefferson Street and Fred Waring,1-SUNDAY,cars_speed_in_mph,0
9/14/2025 11:00,Jefferson Street and Fred Waring,1-SUNDAY,buses_speed_in_mph,0
9/14/2025 11:00,Jefferson Street and Fred Waring,1-SUNDAY,motorcycles_speed_in_mph,0
9/14/2025 11:00,Jefferson Street and Fred Waring,1-SUNDAY,persons_speed_in_mph,0
9/14/2025 11:00,Jefferson Street and Fred Waring,1-SUNDAY,bikes_speed_in_mph,0
9/14/2025 11:00,Jefferson Street and Fred Waring,1-SUNDAY,bicycles_speed_in_mph,0
9/14/2025 11:00,Jefferson Street and Fred Waring,1-SUNDAY,total_stopped_objects,0
9/14/2025 11:00,Jefferson Street and Fred Waring,1-SUNDAY,trucks_stopped,0
9/14/2025 11:00,Jefferson Street and Fred Waring,1-SUNDAY,cars_stopped,0
9/14/2025 11:00,Jefferson Street and Fred Waring,1-SUNDAY,buses_stopped,0
9/14/2025 11:00,Jefferson Street and Fred Waring,1-SUNDAY,motorcycles_stopped,0
9/14/2025 11:00,Jefferson Street and Fred Waring,1-SUNDAY,persons_stopped,0
9/14/2025 11:00,Jefferson Street and Fred Waring,1-SUNDAY,bikes_stopped,0
9/14/2025 11:00,Jefferson Street and Fred Waring,1-SUNDAY,bicycles_stopped,0
9/14/2025 12:00,Jefferson Street and Fred Waring,1-SUNDAY,total_counts,0
9/14/2025 12:00,Jefferson Street and Fred Waring,1-SUNDAY,trucks_counts,0
9/14/2025 12:00,Jefferson Street and Fred Waring,1-SUNDAY,cars_counts,0
9/14/2025 12:00,Jefferson Street and Fred Waring,1-SUNDAY,buses_counts,0
9/14/2025 12:00,Jefferson Street and Fred Waring,1-SUNDAY,motorcycles_counts,0
9/14/2025 12:00,Jefferson Street and Fred Waring,1-SUNDAY,persons_counts,0
9/14/2025 12:00,Jefferson Street and Fred Waring,1-SUNDAY,bikes_counts,0
9/14/2025 12:00,Jefferson Street and Fred Waring,1-SUNDAY,bicycles_counts,0
9/14/2025 12:00,Jefferson Street and Fred Waring,1-SUNDAY,average_speed_mph,0
9/14/2025 12:00,Jefferson Street and Fred Waring,1-SUNDAY,trucks_speed_in_mph,0
9/14/2025 12:00,Jefferson Street and Fred Waring,1-SUNDAY,cars_speed_in_mph,0
9/14/2025 12:00,Jefferson Street and Fred Waring,1-SUNDAY,buses_speed_in_mph,0
9/14/2025 12:00,Jefferson Street and Fred Waring,1-SUNDAY,motorcycles_speed_in_mph,0
9/14/2025 12:00,Jefferson Street and Fred Waring,1-SUNDAY,persons_speed_in_mph,0
9/14/2025 12:00,Jefferson Street and Fred Waring,1-SUNDAY,bikes_speed_in_mph,0
9/14/2025 12:00,Jefferson Street and Fred Waring,1-SUNDAY,bicycles_speed_in_mph,0
9/14/2025 12:00,Jefferson Street and Fred Waring,1-SUNDAY,total_stopped_objects,0
9/14/2025 12:00,Jefferson Street and Fred Waring,1-SUNDAY,trucks_stopped,0
9/14/2025 12:00,Jefferson Street and Fred Waring,1-SUNDAY,cars_stopped,0
9/14/2025 12:00,Jefferson Street and Fred Waring,1-SUNDAY,buses_stopped,0
9/14/2025 12:00,Jefferson Street and Fred Waring,1-SUNDAY,motorcycles_stopped,0
9/14/2025 12:00,Jefferson Street and Fred Waring,1-SUNDAY,persons_stopped,0
9/14/2025 12:00,Jefferson Street and Fred Waring,1-SUNDAY,bikes_stopped,0
9/14/2025 12:00,Jefferson Street and Fred Waring,1-SUNDAY,bicycles_stopped,0
9/14/2025 13:00,Jefferson Street and Fred Waring,1-SUNDAY,total_counts,0
9/14/2025 13:00,Jefferson Street and Fred Waring,1-SUNDAY,trucks_counts,0
9/14/2025 13:00,Jefferson Street and Fred Waring,1-SUNDAY,cars_counts,0
9/14/2025 13:00,Jefferson Street and Fred Waring,1-SUNDAY,buses_counts,0
9/14/2025 13:00,Jefferson Street and Fred Waring,1-SUNDAY,motorcycles_counts,0
9/14/2025 13:00,Jefferson Street and Fred Waring,1-SUNDAY,persons_counts,0
9/14/2025 13:00,Jefferson Street and Fred Waring,1-SUNDAY,bikes_counts,0
9/14/2025 13:00,Jefferson Street and Fred Waring,1-SUNDAY,bicycles_counts,0
9/14/2025 13:00,Jefferson Street and Fred Waring,1-SUNDAY,average_speed_mph,0
9/14/2025 13:00,Jefferson Street and Fred Waring,1-SUNDAY,trucks_speed_in_mph,0
9/14/2025 13:00,Jefferson Street and Fred Waring,1-SUNDAY,cars_speed_in_mph,0
9/14/2025 13:00,Jefferson Street and Fred Waring,1-SUNDAY,buses_speed_in_mph,0
9/14/2025 13:00,Jefferson Street and Fred Waring,1-SUNDAY,motorcycles_speed_in_mph,0
9/14/2025 13:00,Jefferson Street and Fred Waring,1-SUNDAY,persons_speed_in_mph,0
9/14/2025 13:00,Jefferson Street and Fred Waring,1-SUNDAY,bikes_speed_in_mph,0
9/14/2025 13:00,Jefferson Street and Fred Waring,1-SUNDAY,bicycles_speed_in_mph,0
9/14/2025 13:00,Jefferson Street and Fred Waring,1-SUNDAY,total_stopped_objects,0
9/14/2025 13:00,Jefferson Street and Fred Waring,1-SUNDAY,trucks_stopped,0
9/14/2025 13:00,Jefferson Street and Fred Waring,1-SUNDAY,cars_stopped,0
9/14/2025 13:00,Jefferson Street and Fred Waring,1-SUNDAY,buses_stopped,0
9/14/2025 13:00,Jefferson Street and Fred Waring,1-SUNDAY,motorcycles_stopped,0
9/14/2025 13:00,Jefferson Street and Fred Waring,1-SUNDAY,persons_stopped,0
9/14/2025 13:00,Jefferson Street and Fred Waring,1-SUNDAY,bikes_stopped,0
9/14/2025 13:00,Jefferson Street and Fred Waring,1-SUNDAY,bicycles_stopped,0
9/14/2025 14:00,Jefferson Street and Fred Waring,1-SUNDAY,total_counts,0
9/14/2025 14:00,Jefferson Street and Fred Waring,1-SUNDAY,trucks_counts,0
9/14/2025 14:00,Jefferson Street and Fred Waring,1-SUNDAY,cars_counts,0
9/14/2025 14:00,Jefferson Street and Fred Waring,1-SUNDAY,buses_counts,0
9/14/2025 14:00,Jefferson Street and Fred Waring,1-SUNDAY,motorcycles_counts,0
9/14/2025 14:00,Jefferson Street and Fred Waring,1-SUNDAY,persons_counts,0
9/14/2025 14:00,Jefferson Street and Fred Waring,1-SUNDAY,bikes_counts,0
9/14/2025 14:00,Jefferson Street and Fred Waring,1-SUNDAY,bicycles_counts,0
9/14/2025 14:00,Jefferson Street and Fred Waring,1-SUNDAY,average_speed_mph,0
9/14/2025 14:00,Jefferson Street and Fred Waring,1-SUNDAY,trucks_speed_in_mph,0
9/14/2025 14:00,Jefferson Street and Fred Waring,1-SUNDAY,cars_speed_in_mph,0
9/14/2025 14:00,Jefferson Street and Fred Waring,1-SUNDAY,buses_speed_in_mph,0
9/14/2025 14:00,Jefferson Street and Fred Waring,1-SUNDAY,motorcycles_speed_in_mph,0
9/14/2025 14:00,Jefferson Street and Fred Waring,1-SUNDAY,persons_speed_in_mph,0
9/14/2025 14:00,Jefferson Street and Fred Waring,1-SUNDAY,bikes_speed_in_mph,0
9/14/2025 14:00,Jefferson Street and Fred Waring,1-SUNDAY,bicycles_speed_in_mph,0
9/14/2025 14:00,Jefferson Street and Fred Waring,1-SUNDAY,total_stopped_objects,0
9/14/2025 14:00,Jefferson Street and Fred Waring,1-SUNDAY,trucks_stopped,0
9/14/2025 14:00,Jefferson Street and Fred Waring,1-SUNDAY,cars_stopped,0
9/14/2025 14:00,Jefferson Street and Fred Waring,1-SUNDAY,buses_stopped,0
9/14/2025 14:00,Jefferson Street and Fred Waring,1-SUNDAY,motorcycles_stopped,0
9/14/2025 14:00,Jefferson Street and Fred Waring,1-SUNDAY,persons_stopped,0
9/14/2025 14:00,Jefferson Street and Fred Waring,1-SUNDAY,bikes_stopped,0
9/14/2025 14:00,Jefferson Street and Fred Waring,1-SUNDAY,bicycles_stopped,0
9/14/2025 15:00,Jefferson Street and Fred Waring,1-SUNDAY,total_counts,0
9/14/2025 15:00,Jefferson Street and Fred Waring,1-SUNDAY,trucks_counts,0
9/14/2025 15:00,Jefferson Street and Fred Waring,1-SUNDAY,cars_counts,0
9/14/2025 15:00,Jefferson Street and Fred Waring,1-SUNDAY,buses_counts,0
9/14/2025 15:00,Jefferson Street and Fred Waring,1-SUNDAY,motorcycles_counts,0
9/14/2025 15:00,Jefferson Street and Fred Waring,1-SUNDAY,persons_counts,0
9/14/2025 15:00,Jefferson Street and Fred Waring,1-SUNDAY,bikes_counts,0
9/14/2025 15:00,Jefferson Street and Fred Waring,1-SUNDAY,bicycles_counts,0
9/14/2025 15:00,Jefferson Street and Fred Waring,1-SUNDAY,average_speed_mph,0
9/14/2025 15:00,Jefferson Street and Fred Waring,1-SUNDAY,trucks_speed_in_mph,0
9/14/2025 15:00,Jefferson Street and Fred Waring,1-SUNDAY,cars_speed_in_mph,0
9/14/2025 15:00,Jefferson Street and Fred Waring,1-SUNDAY,buses_speed_in_mph,0
9/14/2025 15:00,Jefferson Street and Fred Waring,1-SUNDAY,motorcycles_speed_in_mph,0
9/14/2025 15:00,Jefferson Street and Fred Waring,1-SUNDAY,persons_speed_in_mph,0
9/14/2025 15:00,Jefferson Street and Fred Waring,1-SUNDAY,bikes_speed_in_mph,0
9/14/2025 15:00,Jefferson Street and Fred Waring,1-SUNDAY,bicycles_speed_in_mph,0
9/14/2025 15:00,Jefferson Street and Fred Waring,1-SUNDAY,total_stopped_objects,0
9/14/2025 15:00,Jefferson Street and Fred Waring,1-SUNDAY,trucks_stopped,0
9/14/2025 15:00,Jefferson Street and Fred Waring,1-SUNDAY,cars_stopped,0
9/14/2025 15:00,Jefferson Street and Fred Waring,1-SUNDAY,buses_stopped,0
9/14/2025 15:00,Jefferson Street and Fred Waring,1-SUNDAY,motorcycles_stopped,0
9/14/2025 15:00,Jefferson Street and Fred Waring,1-SUNDAY,persons_stopped,0
9/14/2025 15:00,Jefferson Street and Fred Waring,1-SUNDAY,bikes_stopped,0
9/14/2025 15:00,Jefferson Street and Fred Waring,1-SUNDAY,bicycles_stopped,0
9/14/2025 16:00,Jefferson Street and Fred Waring,1-SUNDAY,total_counts,0
9/14/2025 16:00,Jefferson Street and Fred Waring,1-SUNDAY,trucks_counts,0
9/14/2025 16:00,Jefferson Street and Fred Waring,1-SUNDAY,cars_counts,0
9/14/2025 16:00,Jefferson Street and Fred Waring,1-SUNDAY,buses_counts,0
9/14/2025 16:00,Jefferson Street and Fred Waring,1-SUNDAY,motorcycles_counts,0
9/14/2025 16:00,Jefferson Street and Fred Waring,1-SUNDAY,persons_counts,0
9/14/2025 16:00,Jefferson Street and Fred Waring,1-SUNDAY,bikes_counts,0
9/14/2025 16:00,Jefferson Street and Fred Waring,1-SUNDAY,bicycles_counts,0
9/14/2025 16:00,Jefferson Street and Fred Waring,1-SUNDAY,average_speed_mph,0
9/14/2025 16:00,Jefferson Street and Fred Waring,1-SUNDAY,trucks_speed_in_mph,0
9/14/2025 16:00,Jefferson Street and Fred Waring,1-SUNDAY,cars_speed_in_mph,0
9/14/2025 16:00,Jefferson Street and Fred Waring,1-SUNDAY,buses_speed_in_mph,0
9/14/2025 16:00,Jefferson Street and Fred Waring,1-SUNDAY,motorcycles_speed_in_mph,0
9/14/2025 16:00,Jefferson Street and Fred Waring,1-SUNDAY,persons_speed_in_mph,0
9/14/2025 16:00,Jefferson Street and Fred Waring,1-SUNDAY,bikes_speed_in_mph,0
9/14/2025 16:00,Jefferson Street and Fred Waring,1-SUNDAY,bicycles_speed_in_mph,0
9/14/2025 16:00,Jefferson Street and Fred Waring,1-SUNDAY,total_stopped_objects,0
9/14/2025 16:00,Jefferson Street and Fred Waring,1-SUNDAY,trucks_stopped,0
9/14/2025 16:00,Jefferson Street and Fred Waring,1-SUNDAY,cars_stopped,0
9/14/2025 16:00,Jefferson Street and Fred Waring,1-SUNDAY,buses_stopped,0
9/14/2025 16:00,Jefferson Street and Fred Waring,1-SUNDAY,motorcycles_stopped,0
9/14/2025 16:00,Jefferson Street and Fred Waring,1-SUNDAY,persons_stopped,0
9/14/2025 16:00,Jefferson Street and Fred Waring,1-SUNDAY,bikes_stopped,0
9/14/2025 16:00,Jefferson Street and Fred Waring,1-SUNDAY,bicycles_stopped,0
9/14/2025 17:00,Jefferson Street and Fred Waring,1-SUNDAY,total_counts,0
9/14/2025 17:00,Jefferson Street and Fred Waring,1-SUNDAY,trucks_counts,0
9/14/2025 17:00,Jefferson Street and Fred Waring,1-SUNDAY,cars_counts,0
9/14/2025 17:00,Jefferson Street and Fred Waring,1-SUNDAY,buses_counts,0
9/14/2025 17:00,Jefferson Street and Fred Waring,1-SUNDAY,motorcycles_counts,0
9/14/2025 17:00,Jefferson Street and Fred Waring,1-SUNDAY,persons_counts,0
9/14/2025 17:00,Jefferson Street and Fred Waring,1-SUNDAY,bikes_counts,0
9/14/2025 17:00,Jefferson Street and Fred Waring,1-SUNDAY,bicycles_counts,0
9/14/2025 17:00,Jefferson Street and Fred Waring,1-SUNDAY,average_speed_mph,0
9/14/2025 17:00,Jefferson Street and Fred Waring,1-SUNDAY,trucks_speed_in_mph,0
9/14/2025 17:00,Jefferson Street and Fred Waring,1-SUNDAY,cars_speed_in_mph,0
9/14/2025 17:00,Jefferson Street and Fred Waring,1-SUNDAY,buses_speed_in_mph,0
9/14/2025 17:00,Jefferson Street and Fred Waring,1-SUNDAY,motorcycles_speed_in_mph,0
9/14/2025 17:00,Jefferson Street and Fred Waring,1-SUNDAY,persons_speed_in_mph,0
9/14/2025 17:00,Jefferson Street and Fred Waring,1-SUNDAY,bikes_speed_in_mph,0
9/14/2025 17:00,Jefferson Street and Fred Waring,1-SUNDAY,bicycles_speed_in_mph,0
9/14/2025 17:00,Jefferson Street and Fred Waring,1-SUNDAY,total_stopped_objects,0
9/14/2025 17:00,Jefferson Street and Fred Waring,1-SUNDAY,trucks_stopped,0
9/14/2025 17:00,Jefferson Street and Fred Waring,1-SUNDAY,cars_stopped,0
9/14/2025 17:00,Jefferson Street and Fred Waring,1-SUNDAY,buses_stopped,0
9/14/2025 17:00,Jefferson Street and Fred Waring,1-SUNDAY,motorcycles_stopped,0
9/14/2025 17:00,Jefferson Street and Fred Waring,1-SUNDAY,persons_stopped,0
9/14/2025 17:00,Jefferson Street and Fred Waring,1-SUNDAY,bikes_stopped,0
9/14/2025 17:00,Jefferson Street and Fred Waring,1-SUNDAY,bicycles_stopped,0
9/14/2025 18:00,Jefferson Street and Fred Waring,1-SUNDAY,total_counts,0
9/14/2025 18:00,Jefferson Street and Fred Waring,1-SUNDAY,trucks_counts,0
9/14/2025 18:00,Jefferson Street and Fred Waring,1-SUNDAY,cars_counts,0
9/14/2025 18:00,Jefferson Street and Fred Waring,1-SUNDAY,buses_counts,0
9/14/2025 18:00,Jefferson Street and Fred Waring,1-SUNDAY,motorcycles_counts,0
9/14/2025 18:00,Jefferson Street and Fred Waring,1-SUNDAY,persons_counts,0
9/14/2025 18:00,Jefferson Street and Fred Waring,1-SUNDAY,bikes_counts,0
9/14/2025 18:00,Jefferson Street and Fred Waring,1-SUNDAY,bicycles_counts,0
9/14/2025 18:00,Jefferson Street and Fred Waring,1-SUNDAY,average_speed_mph,0
9/14/2025 18:00,Jefferson Street and Fred Waring,1-SUNDAY,trucks_speed_in_mph,0
9/14/2025 18:00,Jefferson Street and Fred Waring,1-SUNDAY,cars_speed_in_mph,0
9/14/2025 18:00,Jefferson Street and Fred Waring,1-SUNDAY,buses_speed_in_mph,0
9/14/2025 18:00,Jefferson Street and Fred Waring,1-SUNDAY,motorcycles_speed_in_mph,0
9/14/2025 18:00,Jefferson Street and Fred Waring,1-SUNDAY,persons_speed_in_mph,0
9/14/2025 18:00,Jefferson Street and Fred Waring,1-SUNDAY,bikes_speed_in_mph,0
9/14/2025 18:00,Jefferson Street and Fred Waring,1-SUNDAY,bicycles_speed_in_mph,0
9/14/2025 18:00,Jefferson Street and Fred Waring,1-SUNDAY,total_stopped_objects,0
9/14/2025 18:00,Jefferson Street and Fred Waring,1-SUNDAY,trucks_stopped,0
9/14/2025 18:00,Jefferson Street and Fred Waring,1-SUNDAY,cars_stopped,0
9/14/2025 18:00,Jefferson Street and Fred Waring,1-SUNDAY,buses_stopped,0
9/14/2025 18:00,Jefferson Street and Fred Waring,1-SUNDAY,motorcycles_stopped,0
9/14/2025 18:00,Jefferson Street and Fred Waring,1-SUNDAY,persons_stopped,0
9/14/2025 18:00,Jefferson Street and Fred Waring,1-SUNDAY,bikes_stopped,0
9/14/2025 18:00,Jefferson Street and Fred Waring,1-SUNDAY,bicycles_stopped,0
9/14/2025 19:00,Jefferson Street and Fred Waring,1-SUNDAY,total_counts,0
9/14/2025 19:00,Jefferson Street and Fred Waring,1-SUNDAY,trucks_counts,0
9/14/2025 19:00,Jefferson Street and Fred Waring,1-SUNDAY,cars_counts,0
9/14/2025 19:00,Jefferson Street and Fred Waring,1-SUNDAY,buses_counts,0
9/14/2025 19:00,Jefferson Street and Fred Waring,1-SUNDAY,motorcycles_counts,0
9/14/2025 19:00,Jefferson Street and Fred Waring,1-SUNDAY,persons_counts,0
9/14/2025 19:00,Jefferson Street and Fred Waring,1-SUNDAY,bikes_counts,0
9/14/2025 19:00,Jefferson Street and Fred Waring,1-SUNDAY,bicycles_counts,0
9/14/2025 19:00,Jefferson Street and Fred Waring,1-SUNDAY,average_speed_mph,0
9/14/2025 19:00,Jefferson Street and Fred Waring,1-SUNDAY,trucks_speed_in_mph,0
9/14/2025 19:00,Jefferson Street and Fred Waring,1-SUNDAY,cars_speed_in_mph,0
9/14/2025 19:00,Jefferson Street and Fred Waring,1-SUNDAY,buses_speed_in_mph,0
9/14/2025 19:00,Jefferson Street and Fred Waring,1-SUNDAY,motorcycles_speed_in_mph,0
9/14/2025 19:00,Jefferson Street and Fred Waring,1-SUNDAY,persons_speed_in_mph,0
9/14/2025 19:00,Jefferson Street and Fred Waring,1-SUNDAY,bikes_speed_in_mph,0
9/14/2025 19:00,Jefferson Street and Fred Waring,1-SUNDAY,bicycles_speed_in_mph,0
9/14/2025 19:00,Jefferson Street and Fred Waring,1-SUNDAY,total_stopped_objects,0
9/14/2025 19:00,Jefferson Street and Fred Waring,1-SUNDAY,trucks_stopped,0
9/14/2025 19:00,Jefferson Street and Fred Waring,1-SUNDAY,cars_stopped,0
9/14/2025 19:00,Jefferson Street and Fred Waring,1-SUNDAY,buses_stopped,0
9/14/2025 19:00,Jefferson Street and Fred Waring,1-SUNDAY,motorcycles_stopped,0
9/14/2025 19:00,Jefferson Street and Fred Waring,1-SUNDAY,persons_stopped,0
9/14/2025 19:00,Jefferson Street and Fred Waring,1-SUNDAY,bikes_stopped,0
9/14/2025 19:00,Jefferson Street and Fred Waring,1-SUNDAY,bicycles_stopped,0
9/14/2025 20:00,Jefferson Street and Fred Waring,1-SUNDAY,total_counts,0
9/14/2025 20:00,Jefferson Street and Fred Waring,1-SUNDAY,trucks_counts,0
9/14/2025 20:00,Jefferson Street and Fred Waring,1-SUNDAY,cars_counts,0
9/14/2025 20:00,Jefferson Street and Fred Waring,1-SUNDAY,buses_counts,0
9/14/2025 20:00,Jefferson Street and Fred Waring,1-SUNDAY,motorcycles_counts,0
9/14/2025 20:00,Jefferson Street and Fred Waring,1-SUNDAY,persons_counts,0
9/14/2025 20:00,Jefferson Street and Fred Waring,1-SUNDAY,bikes_counts,0
9/14/2025 20:00,Jefferson Street and Fred Waring,1-SUNDAY,bicycles_counts,0
9/14/2025 20:00,Jefferson Street and Fred Waring,1-SUNDAY,average_speed_mph,0
9/14/2025 20:00,Jefferson Street and Fred Waring,1-SUNDAY,trucks_speed_in_mph,0
9/14/2025 20:00,Jefferson Street and Fred Waring,1-SUNDAY,cars_speed_in_mph,0
9/14/2025 20:00,Jefferson Street and Fred Waring,1-SUNDAY,buses_speed_in_mph,0
9/14/2025 20:00,Jefferson Street and Fred Waring,1-SUNDAY,motorcycles_speed_in_mph,0
9/14/2025 20:00,Jefferson Street and Fred Waring,1-SUNDAY,persons_speed_in_mph,0
9/14/2025 20:00,Jefferson Street and Fred Waring,1-SUNDAY,bikes_speed_in_mph,0
9/14/2025 20:00,Jefferson Street and Fred Waring,1-SUNDAY,bicycles_speed_in_mph,0
9/14/2025 20:00,Jefferson Street and Fred Waring,1-SUNDAY,total_stopped_objects,0
9/14/2025 20:00,Jefferson Street and Fred Waring,1-SUNDAY,trucks_stopped,0
9/14/2025 20:00,Jefferson Street and Fred Waring,1-SUNDAY,cars_stopped,0
9/14/2025 20:00,Jefferson Street and Fred Waring,1-SUNDAY,buses_stopped,0
9/14/2025 20:00,Jefferson Street and Fred Waring,1-SUNDAY,motorcycles_stopped,0
9/14/2025 20:00,Jefferson Street and Fred Waring,1-SUNDAY,persons_stopped,0
9/14/2025 20:00,Jefferson Street and Fred Waring,1-SUNDAY,bikes_stopped,0
9/14/2025 20:00,Jefferson Street and Fred Waring,1-SUNDAY,bicycles_stopped,0
9/14/2025 21:00,Jefferson Street and Fred Waring,1-SUNDAY,total_counts,0
9/14/2025 21:00,Jefferson Street and Fred Waring,1-SUNDAY,trucks_counts,0
9/14/2025 21:00,Jefferson Street and Fred Waring,1-SUNDAY,cars_counts,0
9/14/2025 21:00,Jefferson Street and Fred Waring,1-SUNDAY,buses_counts,0
9/14/2025 21:00,Jefferson Street and Fred Waring,1-SUNDAY,motorcycles_counts,0
9/14/2025 21:00,Jefferson Street and Fred Waring,1-SUNDAY,persons_counts,0
9/14/2025 21:00,Jefferson Street and Fred Waring,1-SUNDAY,bikes_counts,0
9/14/2025 21:00,Jefferson Street and Fred Waring,1-SUNDAY,bicycles_counts,0
9/14/2025 21:00,Jefferson Street and Fred Waring,1-SUNDAY,average_speed_mph,0
9/14/2025 21:00,Jefferson Street and Fred Waring,1-SUNDAY,trucks_speed_in_mph,0
9/14/2025 21:00,Jefferson Street and Fred Waring,1-SUNDAY,cars_speed_in_mph,0
9/14/2025 21:00,Jefferson Street and Fred Waring,1-SUNDAY,buses_speed_in_mph,0
9/14/2025 21:00,Jefferson Street and Fred Waring,1-SUNDAY,motorcycles_speed_in_mph,0
9/14/2025 21:00,Jefferson Street and Fred Waring,1-SUNDAY,persons_speed_in_mph,0
9/14/2025 21:00,Jefferson Street and Fred Waring,1-SUNDAY,bikes_speed_in_mph,0
9/14/2025 21:00,Jefferson Street and Fred Waring,1-SUNDAY,bicycles_speed_in_mph,0
9/14/2025 21:00,Jefferson Street and Fred Waring,1-SUNDAY,total_stopped_objects,0
9/14/2025 21:00,Jefferson Street and Fred Waring,1-SUNDAY,trucks_stopped,0
9/14/2025 21:00,Jefferson Street and Fred Waring,1-SUNDAY,cars_stopped,0
9/14/2025 21:00,Jefferson Street and Fred Waring,1-SUNDAY,buses_stopped,0
9/14/2025 21:00,Jefferson Street and Fred Waring,1-SUNDAY,motorcycles_stopped,0
9/14/2025 21:00,Jefferson Street and Fred Waring,1-SUNDAY,persons_stopped,0
9/14/2025 21:00,Jefferson Street and Fred Waring,1-SUNDAY,bikes_stopped,0
9/14/2025 21:00,Jefferson Street and Fred Waring,1-SUNDAY,bicycles_stopped,0
9/14/2025 22:00,Jefferson Street and Fred Waring,1-SUNDAY,total_counts,0
9/14/2025 22:00,Jefferson Street and Fred Waring,1-SUNDAY,trucks_counts,0
9/14/2025 22:00,Jefferson Street and Fred Waring,1-SUNDAY,cars_counts,0
9/14/2025 22:00,Jefferson Street and Fred Waring,1-SUNDAY,buses_counts,0
9/14/2025 22:00,Jefferson Street and Fred Waring,1-SUNDAY,motorcycles_counts,0
9/14/2025 22:00,Jefferson Street and Fred Waring,1-SUNDAY,persons_counts,0
9/14/2025 22:00,Jefferson Street and Fred Waring,1-SUNDAY,bikes_counts,0
9/14/2025 22:00,Jefferson Street and Fred Waring,1-SUNDAY,bicycles_counts,0
9/14/2025 22:00,Jefferson Street and Fred Waring,1-SUNDAY,average_speed_mph,0
9/14/2025 22:00,Jefferson Street and Fred Waring,1-SUNDAY,trucks_speed_in_mph,0
9/14/2025 22:00,Jefferson Street and Fred Waring,1-SUNDAY,cars_speed_in_mph,0
9/14/2025 22:00,Jefferson Street and Fred Waring,1-SUNDAY,buses_speed_in_mph,0
9/14/2025 22:00,Jefferson Street and Fred Waring,1-SUNDAY,motorcycles_speed_in_mph,0
9/14/2025 22:00,Jefferson Street and Fred Waring,1-SUNDAY,persons_speed_in_mph,0
9/14/2025 22:00,Jefferson Street and Fred Waring,1-SUNDAY,bikes_speed_in_mph,0
9/14/2025 22:00,Jefferson Street and Fred Waring,1-SUNDAY,bicycles_speed_in_mph,0
9/14/2025 22:00,Jefferson Street and Fred Waring,1-SUNDAY,total_stopped_objects,0
9/14/2025 22:00,Jefferson Street and Fred Waring,1-SUNDAY,trucks_stopped,0
9/14/2025 22:00,Jefferson Street and Fred Waring,1-SUNDAY,cars_stopped,0
9/14/2025 22:00,Jefferson Street and Fred Waring,1-SUNDAY,buses_stopped,0
9/14/2025 22:00,Jefferson Street and Fred Waring,1-SUNDAY,motorcycles_stopped,0
9/14/2025 22:00,Jefferson Street and Fred Waring,1-SUNDAY,persons_stopped,0
9/14/2025 22:00,Jefferson Street and Fred Waring,1-SUNDAY,bikes_stopped,0
9/14/2025 22:00,Jefferson Street and Fred Waring,1-SUNDAY,bicycles_stopped,0
9/14/2025 23:00,Jefferson Street and Fred Waring,1-SUNDAY,total_counts,0
9/14/2025 23:00,Jefferson Street and Fred Waring,1-SUNDAY,trucks_counts,0
9/14/2025 23:00,Jefferson Street and Fred Waring,1-SUNDAY,cars_counts,0
9/14/2025 23:00,Jefferson Street and Fred Waring,1-SUNDAY,buses_counts,0
9/14/2025 23:00,Jefferson Street and Fred Waring,1-SUNDAY,motorcycles_counts,0
9/14/2025 23:00,Jefferson Street and Fred Waring,1-SUNDAY,persons_counts,0
9/14/2025 23:00,Jefferson Street and Fred Waring,1-SUNDAY,bikes_counts,0
9/14/2025 23:00,Jefferson Street and Fred Waring,1-SUNDAY,bicycles_counts,0
9/14/2025 23:00,Jefferson Street and Fred Waring,1-SUNDAY,average_speed_mph,0
9/14/2025 23:00,Jefferson Street and Fred Waring,1-SUNDAY,trucks_speed_in_mph,0
9/14/2025 23:00,Jefferson Street and Fred Waring,1-SUNDAY,cars_speed_in_mph,0
9/14/2025 23:00,Jefferson Street and Fred Waring,1-SUNDAY,buses_speed_in_mph,0
9/14/2025 23:00,Jefferson Street and Fred Waring,1-SUNDAY,motorcycles_speed_in_mph,0
9/14/2025 23:00,Jefferson Street and Fred Waring,1-SUNDAY,persons_speed_in_mph,0
9/14/2025 23:00,Jefferson Street and Fred Waring,1-SUNDAY,bikes_speed_in_mph,0
9/14/2025 23:00,Jefferson Street and Fred Waring,1-SUNDAY,bicycles_speed_in_mph,0
9/14/2025 23:00,Jefferson Street and Fred Waring,1-SUNDAY,total_stopped_objects,0
9/14/2025 23:00,Jefferson Street and Fred Waring,1-SUNDAY,trucks_stopped,0
9/14/2025 23:00,Jefferson Street and Fred Waring,1-SUNDAY,cars_stopped,0
9/14/2025 23:00,Jefferson Street and Fred Waring,1-SUNDAY,buses_stopped,0
9/14/2025 23:00,Jefferson Street and Fred Waring,1-SUNDAY,motorcycles_stopped,0
9/14/2025 23:00,Jefferson Street and Fred Waring,1-SUNDAY,persons_stopped,0
9/14/2025 23:00,Jefferson Street and Fred Waring,1-SUNDAY,bikes_stopped,0
9/14/2025 23:00,Jefferson Street and Fred Waring,1-SUNDAY,bicycles_stopped,0
9/15/2025 0:00,Jefferson Street and Fred Waring,2-MONDAY,total_counts,0
9/15/2025 0:00,Jefferson Street and Fred Waring,2-MONDAY,trucks_counts,0
9/15/2025 0:00,Jefferson Street and Fred Waring,2-MONDAY,cars_counts,0
9/15/2025 0:00,Jefferson Street and Fred Waring,2-MONDAY,buses_counts,0
9/15/2025 0:00,Jefferson Street and Fred Waring,2-MONDAY,motorcycles_counts,0
9/15/2025 0:00,Jefferson Street and Fred Waring,2-MONDAY,persons_counts,0
9/15/2025 0:00,Jefferson Street and Fred Waring,2-MONDAY,bikes_counts,0
9/15/2025 0:00,Jefferson Street and Fred Waring,2-MONDAY,bicycles_counts,0
9/15/2025 0:00,Jefferson Street and Fred Waring,2-MONDAY,average_speed_mph,0
9/15/2025 0:00,Jefferson Street and Fred Waring,2-MONDAY,trucks_speed_in_mph,0
9/15/2025 0:00,Jefferson Street and Fred Waring,2-MONDAY,cars_speed_in_mph,0
9/15/2025 0:00,Jefferson Street and Fred Waring,2-MONDAY,buses_speed_in_mph,0
9/15/2025 0:00,Jefferson Street and Fred Waring,2-MONDAY,motorcycles_speed_in_mph,0
9/15/2025 0:00,Jefferson Street and Fred Waring,2-MONDAY,persons_speed_in_mph,0
9/15/2025 0:00,Jefferson Street and Fred Waring,2-MONDAY,bikes_speed_in_mph,0
9/15/2025 0:00,Jefferson Street and Fred Waring,2-MONDAY,bicycles_speed_in_mph,0
9/15/2025 0:00,Jefferson Street and Fred Waring,2-MONDAY,total_stopped_objects,0
9/15/2025 0:00,Jefferson Street and Fred Waring,2-MONDAY,trucks_stopped,0
9/15/2025 0:00,Jefferson Street and Fred Waring,2-MONDAY,cars_stopped,0
9/15/2025 0:00,Jefferson Street and Fred Waring,2-MONDAY,buses_stopped,0
9/15/2025 0:00,Jefferson Street and Fred Waring,2-MONDAY,motorcycles_stopped,0
9/15/2025 0:00,Jefferson Street and Fred Waring,2-MONDAY,persons_stopped,0
9/15/2025 0:00,Jefferson Street and Fred Waring,2-MONDAY,bikes_stopped,0
9/15/2025 0:00,Jefferson Street and Fred Waring,2-MONDAY,bicycles_stopped,0
9/15/2025 1:00,Jefferson Street and Fred Waring,2-MONDAY,total_counts,0
9/15/2025 1:00,Jefferson Street and Fred Waring,2-MONDAY,trucks_counts,0
9/15/2025 1:00,Jefferson Street and Fred Waring,2-MONDAY,cars_counts,0
9/15/2025 1:00,Jefferson Street and Fred Waring,2-MONDAY,buses_counts,0
9/15/2025 1:00,Jefferson Street and Fred Waring,2-MONDAY,motorcycles_counts,0
9/15/2025 1:00,Jefferson Street and Fred Waring,2-MONDAY,persons_counts,0
9/15/2025 1:00,Jefferson Street and Fred Waring,2-MONDAY,bikes_counts,0
9/15/2025 1:00,Jefferson Street and Fred Waring,2-MONDAY,bicycles_counts,0
9/15/2025 1:00,Jefferson Street and Fred Waring,2-MONDAY,average_speed_mph,0
9/15/2025 1:00,Jefferson Street and Fred Waring,2-MONDAY,trucks_speed_in_mph,0
9/15/2025 1:00,Jefferson Street and Fred Waring,2-MONDAY,cars_speed_in_mph,0
9/15/2025 1:00,Jefferson Street and Fred Waring,2-MONDAY,buses_speed_in_mph,0
9/15/2025 1:00,Jefferson Street and Fred Waring,2-MONDAY,motorcycles_speed_in_mph,0
9/15/2025 1:00,Jefferson Street and Fred Waring,2-MONDAY,persons_speed_in_mph,0
9/15/2025 1:00,Jefferson Street and Fred Waring,2-MONDAY,bikes_speed_in_mph,0
9/15/2025 1:00,Jefferson Street and Fred Waring,2-MONDAY,bicycles_speed_in_mph,0
9/15/2025 1:00,Jefferson Street and Fred Waring,2-MONDAY,total_stopped_objects,0
9/15/2025 1:00,Jefferson Street and Fred Waring,2-MONDAY,trucks_stopped,0
9/15/2025 1:00,Jefferson Street and Fred Waring,2-MONDAY,cars_stopped,0
9/15/2025 1:00,Jefferson Street and Fred Waring,2-MONDAY,buses_stopped,0
9/15/2025 1:00,Jefferson Street and Fred Waring,2-MONDAY,motorcycles_stopped,0
9/15/2025 1:00,Jefferson Street and Fred Waring,2-MONDAY,persons_stopped,0
9/15/2025 1:00,Jefferson Street and Fred Waring,2-MONDAY,bikes_stopped,0
9/15/2025 1:00,Jefferson Street and Fred Waring,2-MONDAY,bicycles_stopped,0
9/15/2025 2:00,Jefferson Street and Fred Waring,2-MONDAY,total_counts,0
9/15/2025 2:00,Jefferson Street and Fred Waring,2-MONDAY,trucks_counts,0
9/15/2025 2:00,Jefferson Street and Fred Waring,2-MONDAY,cars_counts,0
9/15/2025 2:00,Jefferson Street and Fred Waring,2-MONDAY,buses_counts,0
9/15/2025 2:00,Jefferson Street and Fred Waring,2-MONDAY,motorcycles_counts,0
9/15/2025 2:00,Jefferson Street and Fred Waring,2-MONDAY,persons_counts,0
9/15/2025 2:00,Jefferson Street and Fred Waring,2-MONDAY,bikes_counts,0
9/15/2025 2:00,Jefferson Street and Fred Waring,2-MONDAY,bicycles_counts,0
9/15/2025 2:00,Jefferson Street and Fred Waring,2-MONDAY,average_speed_mph,0
9/15/2025 2:00,Jefferson Street and Fred Waring,2-MONDAY,trucks_speed_in_mph,0
9/15/2025 2:00,Jefferson Street and Fred Waring,2-MONDAY,cars_speed_in_mph,0
9/15/2025 2:00,Jefferson Street and Fred Waring,2-MONDAY,buses_speed_in_mph,0
9/15/2025 2:00,Jefferson Street and Fred Waring,2-MONDAY,motorcycles_speed_in_mph,0
9/15/2025 2:00,Jefferson Street and Fred Waring,2-MONDAY,persons_speed_in_mph,0
9/15/2025 2:00,Jefferson Street and Fred Waring,2-MONDAY,bikes_speed_in_mph,0
9/15/2025 2:00,Jefferson Street and Fred Waring,2-MONDAY,bicycles_speed_in_mph,0
9/15/2025 2:00,Jefferson Street and Fred Waring,2-MONDAY,total_stopped_objects,0
9/15/2025 2:00,Jefferson Street and Fred Waring,2-MONDAY,trucks_stopped,0
9/15/2025 2:00,Jefferson Street and Fred Waring,2-MONDAY,cars_stopped,0
9/15/2025 2:00,Jefferson Street and Fred Waring,2-MONDAY,buses_stopped,0
9/15/2025 2:00,Jefferson Street and Fred Waring,2-MONDAY,motorcycles_stopped,0
9/15/2025 2:00,Jefferson Street and Fred Waring,2-MONDAY,persons_stopped,0
9/15/2025 2:00,Jefferson Street and Fred Waring,2-MONDAY,bikes_stopped,0
9/15/2025 2:00,Jefferson Street and Fred Waring,2-MONDAY,bicycles_stopped,0
9/15/2025 3:00,Jefferson Street and Fred Waring,2-MONDAY,total_counts,0
9/15/2025 3:00,Jefferson Street and Fred Waring,2-MONDAY,trucks_counts,0
9/15/2025 3:00,Jefferson Street and Fred Waring,2-MONDAY,cars_counts,0
9/15/2025 3:00,Jefferson Street and Fred Waring,2-MONDAY,buses_counts,0
9/15/2025 3:00,Jefferson Street and Fred Waring,2-MONDAY,motorcycles_counts,0
9/15/2025 3:00,Jefferson Street and Fred Waring,2-MONDAY,persons_counts,0
9/15/2025 3:00,Jefferson Street and Fred Waring,2-MONDAY,bikes_counts,0
9/15/2025 3:00,Jefferson Street and Fred Waring,2-MONDAY,bicycles_counts,0
9/15/2025 3:00,Jefferson Street and Fred Waring,2-MONDAY,average_speed_mph,0
9/15/2025 3:00,Jefferson Street and Fred Waring,2-MONDAY,trucks_speed_in_mph,0
9/15/2025 3:00,Jefferson Street and Fred Waring,2-MONDAY,cars_speed_in_mph,0
9/15/2025 3:00,Jefferson Street and Fred Waring,2-MONDAY,buses_speed_in_mph,0
9/15/2025 3:00,Jefferson Street and Fred Waring,2-MONDAY,motorcycles_speed_in_mph,0
9/15/2025 3:00,Jefferson Street and Fred Waring,2-MONDAY,persons_speed_in_mph,0
9/15/2025 3:00,Jefferson Street and Fred Waring,2-MONDAY,bikes_speed_in_mph,0
9/15/2025 3:00,Jefferson Street and Fred Waring,2-MONDAY,bicycles_speed_in_mph,0
9/15/2025 3:00,Jefferson Street and Fred Waring,2-MONDAY,total_stopped_objects,0
9/15/2025 3:00,Jefferson Street and Fred Waring,2-MONDAY,trucks_stopped,0
9/15/2025 3:00,Jefferson Street and Fred Waring,2-MONDAY,cars_stopped,0
9/15/2025 3:00,Jefferson Street and Fred Waring,2-MONDAY,buses_stopped,0
9/15/2025 3:00,Jefferson Street and Fred Waring,2-MONDAY,motorcycles_stopped,0
9/15/2025 3:00,Jefferson Street and Fred Waring,2-MONDAY,persons_stopped,0
9/15/2025 3:00,Jefferson Street and Fred Waring,2-MONDAY,bikes_stopped,0
9/15/2025 3:00,Jefferson Street and Fred Waring,2-MONDAY,bicycles_stopped,0
9/15/2025 4:00,Jefferson Street and Fred Waring,2-MONDAY,total_counts,0
9/15/2025 4:00,Jefferson Street and Fred Waring,2-MONDAY,trucks_counts,0
9/15/2025 4:00,Jefferson Street and Fred Waring,2-MONDAY,cars_counts,0
9/15/2025 4:00,Jefferson Street and Fred Waring,2-MONDAY,buses_counts,0
9/15/2025 4:00,Jefferson Street and Fred Waring,2-MONDAY,motorcycles_counts,0
9/15/2025 4:00,Jefferson Street and Fred Waring,2-MONDAY,persons_counts,0
9/15/2025 4:00,Jefferson Street and Fred Waring,2-MONDAY,bikes_counts,0
9/15/2025 4:00,Jefferson Street and Fred Waring,2-MONDAY,bicycles_counts,0
9/15/2025 4:00,Jefferson Street and Fred Waring,2-MONDAY,average_speed_mph,0
9/15/2025 4:00,Jefferson Street and Fred Waring,2-MONDAY,trucks_speed_in_mph,0
9/15/2025 4:00,Jefferson Street and Fred Waring,2-MONDAY,cars_speed_in_mph,0
9/15/2025 4:00,Jefferson Street and Fred Waring,2-MONDAY,buses_speed_in_mph,0
9/15/2025 4:00,Jefferson Street and Fred Waring,2-MONDAY,motorcycles_speed_in_mph,0
9/15/2025 4:00,Jefferson Street and Fred Waring,2-MONDAY,persons_speed_in_mph,0
9/15/2025 4:00,Jefferson Street and Fred Waring,2-MONDAY,bikes_speed_in_mph,0
9/15/2025 4:00,Jefferson Street and Fred Waring,2-MONDAY,bicycles_speed_in_mph,0
9/15/2025 4:00,Jefferson Street and Fred Waring,2-MONDAY,total_stopped_objects,0
9/15/2025 4:00,Jefferson Street and Fred Waring,2-MONDAY,trucks_stopped,0
9/15/2025 4:00,Jefferson Street and Fred Waring,2-MONDAY,cars_stopped,0
9/15/2025 4:00,Jefferson Street and Fred Waring,2-MONDAY,buses_stopped,0
9/15/2025 4:00,Jefferson Street and Fred Waring,2-MONDAY,motorcycles_stopped,0
9/15/2025 4:00,Jefferson Street and Fred Waring,2-MONDAY,persons_stopped,0
9/15/2025 4:00,Jefferson Street and Fred Waring,2-MONDAY,bikes_stopped,0
9/15/2025 4:00,Jefferson Street and Fred Waring,2-MONDAY,bicycles_stopped,0
9/15/2025 5:00,Jefferson Street and Fred Waring,2-MONDAY,total_counts,0
9/15/2025 5:00,Jefferson Street and Fred Waring,2-MONDAY,trucks_counts,0
9/15/2025 5:00,Jefferson Street and Fred Waring,2-MONDAY,cars_counts,0
9/15/2025 5:00,Jefferson Street and Fred Waring,2-MONDAY,buses_counts,0
9/15/2025 5:00,Jefferson Street and Fred Waring,2-MONDAY,motorcycles_counts,0
9/15/2025 5:00,Jefferson Street and Fred Waring,2-MONDAY,persons_counts,0
9/15/2025 5:00,Jefferson Street and Fred Waring,2-MONDAY,bikes_counts,0
9/15/2025 5:00,Jefferson Street and Fred Waring,2-MONDAY,bicycles_counts,0
9/15/2025 5:00,Jefferson Street and Fred Waring,2-MONDAY,average_speed_mph,0
9/15/2025 5:00,Jefferson Street and Fred Waring,2-MONDAY,trucks_speed_in_mph,0
9/15/2025 5:00,Jefferson Street and Fred Waring,2-MONDAY,cars_speed_in_mph,0
9/15/2025 5:00,Jefferson Street and Fred Waring,2-MONDAY,buses_speed_in_mph,0
9/15/2025 5:00,Jefferson Street and Fred Waring,2-MONDAY,motorcycles_speed_in_mph,0
9/15/2025 5:00,Jefferson Street and Fred Waring,2-MONDAY,persons_speed_in_mph,0
9/15/2025 5:00,Jefferson Street and Fred Waring,2-MONDAY,bikes_speed_in_mph,0
9/15/2025 5:00,Jefferson Street and Fred Waring,2-MONDAY,bicycles_speed_in_mph,0
9/15/2025 5:00,Jefferson Street and Fred Waring,2-MONDAY,total_stopped_objects,0
9/15/2025 5:00,Jefferson Street and Fred Waring,2-MONDAY,trucks_stopped,0
9/15/2025 5:00,Jefferson Street and Fred Waring,2-MONDAY,cars_stopped,0
9/15/2025 5:00,Jefferson Street and Fred Waring,2-MONDAY,buses_stopped,0
9/15/2025 5:00,Jefferson Street and Fred Waring,2-MONDAY,motorcycles_stopped,0
9/15/2025 5:00,Jefferson Street and Fred Waring,2-MONDAY,persons_stopped,0
9/15/2025 5:00,Jefferson Street and Fred Waring,2-MONDAY,bikes_stopped,0
9/15/2025 5:00,Jefferson Street and Fred Waring,2-MONDAY,bicycles_stopped,0
9/15/2025 6:00,Jefferson Street and Fred Waring,2-MONDAY,total_counts,921
9/15/2025 6:00,Jefferson Street and Fred Waring,2-MONDAY,trucks_counts,53
9/15/2025 6:00,Jefferson Street and Fred Waring,2-MONDAY,cars_counts,858
9/15/2025 6:00,Jefferson Street and Fred Waring,2-MONDAY,buses_counts,4
9/15/2025 6:00,Jefferson Street and Fred Waring,2-MONDAY,motorcycles_counts,5
9/15/2025 6:00,Jefferson Street and Fred Waring,2-MONDAY,persons_counts,1
9/15/2025 6:00,Jefferson Street and Fred Waring,2-MONDAY,bikes_counts,0
9/15/2025 6:00,Jefferson Street and Fred Waring,2-MONDAY,bicycles_counts,0
9/15/2025 6:00,Jefferson Street and Fred Waring,2-MONDAY,average_speed_mph,22.82
9/15/2025 6:00,Jefferson Street and Fred Waring,2-MONDAY,trucks_speed_in_mph,18.56
9/15/2025 6:00,Jefferson Street and Fred Waring,2-MONDAY,cars_speed_in_mph,23.09
9/15/2025 6:00,Jefferson Street and Fred Waring,2-MONDAY,buses_speed_in_mph,25.08
9/15/2025 6:00,Jefferson Street and Fred Waring,2-MONDAY,motorcycles_speed_in_mph,21.65
9/15/2025 6:00,Jefferson Street and Fred Waring,2-MONDAY,persons_speed_in_mph,16.05
9/15/2025 6:00,Jefferson Street and Fred Waring,2-MONDAY,bikes_speed_in_mph,0
9/15/2025 6:00,Jefferson Street and Fred Waring,2-MONDAY,bicycles_speed_in_mph,0
9/15/2025 6:00,Jefferson Street and Fred Waring,2-MONDAY,total_stopped_objects,46
9/15/2025 6:00,Jefferson Street and Fred Waring,2-MONDAY,trucks_stopped,4
9/15/2025 6:00,Jefferson Street and Fred Waring,2-MONDAY,cars_stopped,41
9/15/2025 6:00,Jefferson Street and Fred Waring,2-MONDAY,buses_stopped,0
9/15/2025 6:00,Jefferson Street and Fred Waring,2-MONDAY,motorcycles_stopped,1
9/15/2025 6:00,Jefferson Street and Fred Waring,2-MONDAY,persons_stopped,0
9/15/2025 6:00,Jefferson Street and Fred Waring,2-MONDAY,bikes_stopped,0
9/15/2025 6:00,Jefferson Street and Fred Waring,2-MONDAY,bicycles_stopped,0
9/15/2025 7:00,Jefferson Street and Fred Waring,2-MONDAY,total_counts,3392
9/15/2025 7:00,Jefferson Street and Fred Waring,2-MONDAY,trucks_counts,116
9/15/2025 7:00,Jefferson Street and Fred Waring,2-MONDAY,cars_counts,3252
9/15/2025 7:00,Jefferson Street and Fred Waring,2-MONDAY,buses_counts,6
9/15/2025 7:00,Jefferson Street and Fred Waring,2-MONDAY,motorcycles_counts,3
9/15/2025 7:00,Jefferson Street and Fred Waring,2-MONDAY,persons_counts,15
9/15/2025 7:00,Jefferson Street and Fred Waring,2-MONDAY,bikes_counts,0
9/15/2025 7:00,Jefferson Street and Fred Waring,2-MONDAY,bicycles_counts,0
9/15/2025 7:00,Jefferson Street and Fred Waring,2-MONDAY,average_speed_mph,22.29
9/15/2025 7:00,Jefferson Street and Fred Waring,2-MONDAY,trucks_speed_in_mph,16.86
9/15/2025 7:00,Jefferson Street and Fred Waring,2-MONDAY,cars_speed_in_mph,22.58
9/15/2025 7:00,Jefferson Street and Fred Waring,2-MONDAY,buses_speed_in_mph,21.81
9/15/2025 7:00,Jefferson Street and Fred Waring,2-MONDAY,motorcycles_speed_in_mph,19.21
9/15/2025 7:00,Jefferson Street and Fred Waring,2-MONDAY,persons_speed_in_mph,3.43
9/15/2025 7:00,Jefferson Street and Fred Waring,2-MONDAY,bikes_speed_in_mph,0
9/15/2025 7:00,Jefferson Street and Fred Waring,2-MONDAY,bicycles_speed_in_mph,0
9/15/2025 7:00,Jefferson Street and Fred Waring,2-MONDAY,total_stopped_objects,157
9/15/2025 7:00,Jefferson Street and Fred Waring,2-MONDAY,trucks_stopped,11
9/15/2025 7:00,Jefferson Street and Fred Waring,2-MONDAY,cars_stopped,141
9/15/2025 7:00,Jefferson Street and Fred Waring,2-MONDAY,buses_stopped,0
9/15/2025 7:00,Jefferson Street and Fred Waring,2-MONDAY,motorcycles_stopped,1
9/15/2025 7:00,Jefferson Street and Fred Waring,2-MONDAY,persons_stopped,4
9/15/2025 7:00,Jefferson Street and Fred Waring,2-MONDAY,bikes_stopped,0
9/15/2025 7:00,Jefferson Street and Fred Waring,2-MONDAY,bicycles_stopped,0
9/15/2025 8:00,Jefferson Street and Fred Waring,2-MONDAY,total_counts,3377
9/15/2025 8:00,Jefferson Street and Fred Waring,2-MONDAY,trucks_counts,86
9/15/2025 8:00,Jefferson Street and Fred Waring,2-MONDAY,cars_counts,3260
9/15/2025 8:00,Jefferson Street and Fred Waring,2-MONDAY,buses_counts,18
9/15/2025 8:00,Jefferson Street and Fred Waring,2-MONDAY,motorcycles_counts,7
9/15/2025 8:00,Jefferson Street and Fred Waring,2-MONDAY,persons_counts,3
9/15/2025 8:00,Jefferson Street and Fred Waring,2-MONDAY,bikes_counts,0
9/15/2025 8:00,Jefferson Street and Fred Waring,2-MONDAY,bicycles_counts,3
9/15/2025 8:00,Jefferson Street and Fred Waring,2-MONDAY,average_speed_mph,22.85
9/15/2025 8:00,Jefferson Street and Fred Waring,2-MONDAY,trucks_speed_in_mph,20.76
9/15/2025 8:00,Jefferson Street and Fred Waring,2-MONDAY,cars_speed_in_mph,22.93
9/15/2025 8:00,Jefferson Street and Fred Waring,2-MONDAY,buses_speed_in_mph,21.56
9/15/2025 8:00,Jefferson Street and Fred Waring,2-MONDAY,motorcycles_speed_in_mph,17.83
9/15/2025 8:00,Jefferson Street and Fred Waring,2-MONDAY,persons_speed_in_mph,11.46
9/15/2025 8:00,Jefferson Street and Fred Waring,2-MONDAY,bikes_speed_in_mph,0
9/15/2025 8:00,Jefferson Street and Fred Waring,2-MONDAY,bicycles_speed_in_mph,20.02
9/15/2025 8:00,Jefferson Street and Fred Waring,2-MONDAY,total_stopped_objects,138
9/15/2025 8:00,Jefferson Street and Fred Waring,2-MONDAY,trucks_stopped,5
9/15/2025 8:00,Jefferson Street and Fred Waring,2-MONDAY,cars_stopped,132
9/15/2025 8:00,Jefferson Street and Fred Waring,2-MONDAY,buses_stopped,0
9/15/2025 8:00,Jefferson Street and Fred Waring,2-MONDAY,motorcycles_stopped,0
9/15/2025 8:00,Jefferson Street and Fred Waring,2-MONDAY,persons_stopped,1
9/15/2025 8:00,Jefferson Street and Fred Waring,2-MONDAY,bikes_stopped,0
9/15/2025 8:00,Jefferson Street and Fred Waring,2-MONDAY,bicycles_stopped,0
9/15/2025 9:00,Jefferson Street and Fred Waring,2-MONDAY,total_counts,2440
9/15/2025 9:00,Jefferson Street and Fred Waring,2-MONDAY,trucks_counts,100
9/15/2025 9:00,Jefferson Street and Fred Waring,2-MONDAY,cars_counts,2328
9/15/2025 9:00,Jefferson Street and Fred Waring,2-MONDAY,buses_counts,4
9/15/2025 9:00,Jefferson Street and Fred Waring,2-MONDAY,motorcycles_counts,3
9/15/2025 9:00,Jefferson Street and Fred Waring,2-MONDAY,persons_counts,3
9/15/2025 9:00,Jefferson Street and Fred Waring,2-MONDAY,bikes_counts,0
9/15/2025 9:00,Jefferson Street and Fred Waring,2-MONDAY,bicycles_counts,2
9/15/2025 9:00,Jefferson Street and Fred Waring,2-MONDAY,average_speed_mph,24.28
9/15/2025 9:00,Jefferson Street and Fred Waring,2-MONDAY,trucks_speed_in_mph,21.63
9/15/2025 9:00,Jefferson Street and Fred Waring,2-MONDAY,cars_speed_in_mph,24.45
9/15/2025 9:00,Jefferson Street and Fred Waring,2-MONDAY,buses_speed_in_mph,21.44
9/15/2025 9:00,Jefferson Street and Fred Waring,2-MONDAY,motorcycles_speed_in_mph,17.72
9/15/2025 9:00,Jefferson Street and Fred Waring,2-MONDAY,persons_speed_in_mph,3.61
9/15/2025 9:00,Jefferson Street and Fred Waring,2-MONDAY,bikes_speed_in_mph,0
9/15/2025 9:00,Jefferson Street and Fred Waring,2-MONDAY,bicycles_speed_in_mph,11.38
9/15/2025 9:00,Jefferson Street and Fred Waring,2-MONDAY,total_stopped_objects,87
9/15/2025 9:00,Jefferson Street and Fred Waring,2-MONDAY,trucks_stopped,3
9/15/2025 9:00,Jefferson Street and Fred Waring,2-MONDAY,cars_stopped,82
9/15/2025 9:00,Jefferson Street and Fred Waring,2-MONDAY,buses_stopped,0
9/15/2025 9:00,Jefferson Street and Fred Waring,2-MONDAY,motorcycles_stopped,0
9/15/2025 9:00,Jefferson Street and Fred Waring,2-MONDAY,persons_stopped,1
9/15/2025 9:00,Jefferson Street and Fred Waring,2-MONDAY,bikes_stopped,0
9/15/2025 9:00,Jefferson Street and Fred Waring,2-MONDAY,bicycles_stopped,1
9/15/2025 10:00,Jefferson Street and Fred Waring,2-MONDAY,total_counts,2408
9/15/2025 10:00,Jefferson Street and Fred Waring,2-MONDAY,trucks_counts,53
9/15/2025 10:00,Jefferson Street and Fred Waring,2-MONDAY,cars_counts,2338
9/15/2025 10:00,Jefferson Street and Fred Waring,2-MONDAY,buses_counts,2
9/15/2025 10:00,Jefferson Street and Fred Waring,2-MONDAY,motorcycles_counts,4
9/15/2025 10:00,Jefferson Street and Fred Waring,2-MONDAY,persons_counts,3
9/15/2025 10:00,Jefferson Street and Fred Waring,2-MONDAY,bikes_counts,0
9/15/2025 10:00,Jefferson Street and Fred Waring,2-MONDAY,bicycles_counts,8
9/15/2025 10:00,Jefferson Street and Fred Waring,2-MONDAY,average_speed_mph,21.02
9/15/2025 10:00,Jefferson Street and Fred Waring,2-MONDAY,trucks_speed_in_mph,19.35
9/15/2025 10:00,Jefferson Street and Fred Waring,2-MONDAY,cars_speed_in_mph,21.12
9/15/2025 10:00,Jefferson Street and Fred Waring,2-MONDAY,buses_speed_in_mph,15.31
9/15/2025 10:00,Jefferson Street and Fred Waring,2-MONDAY,motorcycles_speed_in_mph,22.14
9/15/2025 10:00,Jefferson Street and Fred Waring,2-MONDAY,persons_speed_in_mph,2.85
9/15/2025 10:00,Jefferson Street and Fred Waring,2-MONDAY,bikes_speed_in_mph,0
9/15/2025 10:00,Jefferson Street and Fred Waring,2-MONDAY,bicycles_speed_in_mph,9.65
9/15/2025 10:00,Jefferson Street and Fred Waring,2-MONDAY,total_stopped_objects,138
9/15/2025 10:00,Jefferson Street and Fred Waring,2-MONDAY,trucks_stopped,2
9/15/2025 10:00,Jefferson Street and Fred Waring,2-MONDAY,cars_stopped,136
9/15/2025 10:00,Jefferson Street and Fred Waring,2-MONDAY,buses_stopped,0
9/15/2025 10:00,Jefferson Street and Fred Waring,2-MONDAY,motorcycles_stopped,0
9/15/2025 10:00,Jefferson Street and Fred Waring,2-MONDAY,persons_stopped,0
9/15/2025 10:00,Jefferson Street and Fred Waring,2-MONDAY,bikes_stopped,0
9/15/2025 10:00,Jefferson Street and Fred Waring,2-MONDAY,bicycles_stopped,0
9/15/2025 11:00,Jefferson Street and Fred Waring,2-MONDAY,total_counts,2162
9/15/2025 11:00,Jefferson Street and Fred Waring,2-MONDAY,trucks_counts,50
9/15/2025 11:00,Jefferson Street and Fred Waring,2-MONDAY,cars_counts,2106
9/15/2025 11:00,Jefferson Street and Fred Waring,2-MONDAY,buses_counts,1
9/15/2025 11:00,Jefferson Street and Fred Waring,2-MONDAY,motorcycles_counts,5
9/15/2025 11:00,Jefferson Street and Fred Waring,2-MONDAY,persons_counts,0
9/15/2025 11:00,Jefferson Street and Fred Waring,2-MONDAY,bikes_counts,0
9/15/2025 11:00,Jefferson Street and Fred Waring,2-MONDAY,bicycles_counts,0
9/15/2025 11:00,Jefferson Street and Fred Waring,2-MONDAY,average_speed_mph,21.53
9/15/2025 11:00,Jefferson Street and Fred Waring,2-MONDAY,trucks_speed_in_mph,19.96
9/15/2025 11:00,Jefferson Street and Fred Waring,2-MONDAY,cars_speed_in_mph,21.57
9/15/2025 11:00,Jefferson Street and Fred Waring,2-MONDAY,buses_speed_in_mph,21.89
9/15/2025 11:00,Jefferson Street and Fred Waring,2-MONDAY,motorcycles_speed_in_mph,18.05
9/15/2025 11:00,Jefferson Street and Fred Waring,2-MONDAY,persons_speed_in_mph,0
9/15/2025 11:00,Jefferson Street and Fred Waring,2-MONDAY,bikes_speed_in_mph,0
9/15/2025 11:00,Jefferson Street and Fred Waring,2-MONDAY,bicycles_speed_in_mph,0
9/15/2025 11:00,Jefferson Street and Fred Waring,2-MONDAY,total_stopped_objects,145
9/15/2025 11:00,Jefferson Street and Fred Waring,2-MONDAY,trucks_stopped,1
9/15/2025 11:00,Jefferson Street and Fred Waring,2-MONDAY,cars_stopped,144
9/15/2025 11:00,Jefferson Street and Fred Waring,2-MONDAY,buses_stopped,0
9/15/2025 11:00,Jefferson Street and Fred Waring,2-MONDAY,motorcycles_stopped,0
9/15/2025 11:00,Jefferson Street and Fred Waring,2-MONDAY,persons_stopped,0
9/15/2025 11:00,Jefferson Street and Fred Waring,2-MONDAY,bikes_stopped,0
9/15/2025 11:00,Jefferson Street and Fred Waring,2-MONDAY,bicycles_stopped,0
9/15/2025 12:00,Jefferson Street and Fred Waring,2-MONDAY,total_counts,2377
9/15/2025 12:00,Jefferson Street and Fred Waring,2-MONDAY,trucks_counts,54
9/15/2025 12:00,Jefferson Street and Fred Waring,2-MONDAY,cars_counts,2313
9/15/2025 12:00,Jefferson Street and Fred Waring,2-MONDAY,buses_counts,3
9/15/2025 12:00,Jefferson Street and Fred Waring,2-MONDAY,motorcycles_counts,4
9/15/2025 12:00,Jefferson Street and Fred Waring,2-MONDAY,persons_counts,2
9/15/2025 12:00,Jefferson Street and Fred Waring,2-MONDAY,bikes_counts,0
9/15/2025 12:00,Jefferson Street and Fred Waring,2-MONDAY,bicycles_counts,1
9/15/2025 12:00,Jefferson Street and Fred Waring,2-MONDAY,average_speed_mph,22.25
9/15/2025 12:00,Jefferson Street and Fred Waring,2-MONDAY,trucks_speed_in_mph,20.18
9/15/2025 12:00,Jefferson Street and Fred Waring,2-MONDAY,cars_speed_in_mph,22.32
9/15/2025 12:00,Jefferson Street and Fred Waring,2-MONDAY,buses_speed_in_mph,24.17
9/15/2025 12:00,Jefferson Street and Fred Waring,2-MONDAY,motorcycles_speed_in_mph,17.48
9/15/2025 12:00,Jefferson Street and Fred Waring,2-MONDAY,persons_speed_in_mph,5.72
9/15/2025 12:00,Jefferson Street and Fred Waring,2-MONDAY,bikes_speed_in_mph,0
9/15/2025 12:00,Jefferson Street and Fred Waring,2-MONDAY,bicycles_speed_in_mph,14.59
9/15/2025 12:00,Jefferson Street and Fred Waring,2-MONDAY,total_stopped_objects,121
9/15/2025 12:00,Jefferson Street and Fred Waring,2-MONDAY,trucks_stopped,3
9/15/2025 12:00,Jefferson Street and Fred Waring,2-MONDAY,cars_stopped,118
9/15/2025 12:00,Jefferson Street and Fred Waring,2-MONDAY,buses_stopped,0
9/15/2025 12:00,Jefferson Street and Fred Waring,2-MONDAY,motorcycles_stopped,0
9/15/2025 12:00,Jefferson Street and Fred Waring,2-MONDAY,persons_stopped,0
9/15/2025 12:00,Jefferson Street and Fred Waring,2-MONDAY,bikes_stopped,0
9/15/2025 12:00,Jefferson Street and Fred Waring,2-MONDAY,bicycles_stopped,0
9/15/2025 13:00,Jefferson Street and Fred Waring,2-MONDAY,total_counts,2451
9/15/2025 13:00,Jefferson Street and Fred Waring,2-MONDAY,trucks_counts,68
9/15/2025 13:00,Jefferson Street and Fred Waring,2-MONDAY,cars_counts,2373
9/15/2025 13:00,Jefferson Street and Fred Waring,2-MONDAY,buses_counts,2
9/15/2025 13:00,Jefferson Street and Fred Waring,2-MONDAY,motorcycles_counts,2
9/15/2025 13:00,Jefferson Street and Fred Waring,2-MONDAY,persons_counts,2
9/15/2025 13:00,Jefferson Street and Fred Waring,2-MONDAY,bikes_counts,0
9/15/2025 13:00,Jefferson Street and Fred Waring,2-MONDAY,bicycles_counts,4
9/15/2025 13:00,Jefferson Street and Fred Waring,2-MONDAY,average_speed_mph,22.14
9/15/2025 13:00,Jefferson Street and Fred Waring,2-MONDAY,trucks_speed_in_mph,20.97
9/15/2025 13:00,Jefferson Street and Fred Waring,2-MONDAY,cars_speed_in_mph,22.22
9/15/2025 13:00,Jefferson Street and Fred Waring,2-MONDAY,buses_speed_in_mph,15.9
9/15/2025 13:00,Jefferson Street and Fred Waring,2-MONDAY,motorcycles_speed_in_mph,4.7
9/15/2025 13:00,Jefferson Street and Fred Waring,2-MONDAY,persons_speed_in_mph,4.68
9/15/2025 13:00,Jefferson Street and Fred Waring,2-MONDAY,bikes_speed_in_mph,0
9/15/2025 13:00,Jefferson Street and Fred Waring,2-MONDAY,bicycles_speed_in_mph,12.92
9/15/2025 13:00,Jefferson Street and Fred Waring,2-MONDAY,total_stopped_objects,140
9/15/2025 13:00,Jefferson Street and Fred Waring,2-MONDAY,trucks_stopped,2
9/15/2025 13:00,Jefferson Street and Fred Waring,2-MONDAY,cars_stopped,138
9/15/2025 13:00,Jefferson Street and Fred Waring,2-MONDAY,buses_stopped,0
9/15/2025 13:00,Jefferson Street and Fred Waring,2-MONDAY,motorcycles_stopped,0
9/15/2025 13:00,Jefferson Street and Fred Waring,2-MONDAY,persons_stopped,0
9/15/2025 13:00,Jefferson Street and Fred Waring,2-MONDAY,bikes_stopped,0
9/15/2025 13:00,Jefferson Street and Fred Waring,2-MONDAY,bicycles_stopped,0
9/15/2025 14:00,Jefferson Street and Fred Waring,2-MONDAY,total_counts,2971
9/15/2025 14:00,Jefferson Street and Fred Waring,2-MONDAY,trucks_counts,67
9/15/2025 14:00,Jefferson Street and Fred Waring,2-MONDAY,cars_counts,2890
9/15/2025 14:00,Jefferson Street and Fred Waring,2-MONDAY,buses_counts,8
9/15/2025 14:00,Jefferson Street and Fred Waring,2-MONDAY,motorcycles_counts,2
9/15/2025 14:00,Jefferson Street and Fred Waring,2-MONDAY,persons_counts,4
9/15/2025 14:00,Jefferson Street and Fred Waring,2-MONDAY,bikes_counts,0
9/15/2025 14:00,Jefferson Street and Fred Waring,2-MONDAY,bicycles_counts,0
9/15/2025 14:00,Jefferson Street and Fred Waring,2-MONDAY,average_speed_mph,22.08
9/15/2025 14:00,Jefferson Street and Fred Waring,2-MONDAY,trucks_speed_in_mph,19.08
9/15/2025 14:00,Jefferson Street and Fred Waring,2-MONDAY,cars_speed_in_mph,22.15
9/15/2025 14:00,Jefferson Street and Fred Waring,2-MONDAY,buses_speed_in_mph,25.91
9/15/2025 14:00,Jefferson Street and Fred Waring,2-MONDAY,motorcycles_speed_in_mph,36.47
9/15/2025 14:00,Jefferson Street and Fred Waring,2-MONDAY,persons_speed_in_mph,8.81
9/15/2025 14:00,Jefferson Street and Fred Waring,2-MONDAY,bikes_speed_in_mph,0
9/15/2025 14:00,Jefferson Street and Fred Waring,2-MONDAY,bicycles_speed_in_mph,0
9/15/2025 14:00,Jefferson Street and Fred Waring,2-MONDAY,total_stopped_objects,153
9/15/2025 14:00,Jefferson Street and Fred Waring,2-MONDAY,trucks_stopped,1
9/15/2025 14:00,Jefferson Street and Fred Waring,2-MONDAY,cars_stopped,151
9/15/2025 14:00,Jefferson Street and Fred Waring,2-MONDAY,buses_stopped,0
9/15/2025 14:00,Jefferson Street and Fred Waring,2-MONDAY,motorcycles_stopped,0
9/15/2025 14:00,Jefferson Street and Fred Waring,2-MONDAY,persons_stopped,1
9/15/2025 14:00,Jefferson Street and Fred Waring,2-MONDAY,bikes_stopped,0
9/15/2025 14:00,Jefferson Street and Fred Waring,2-MONDAY,bicycles_stopped,0
9/15/2025 15:00,Jefferson Street and Fred Waring,2-MONDAY,total_counts,3469
9/15/2025 15:00,Jefferson Street and Fred Waring,2-MONDAY,trucks_counts,61
9/15/2025 15:00,Jefferson Street and Fred Waring,2-MONDAY,cars_counts,3397
9/15/2025 15:00,Jefferson Street and Fred Waring,2-MONDAY,buses_counts,8
9/15/2025 15:00,Jefferson Street and Fred Waring,2-MONDAY,motorcycles_counts,2
9/15/2025 15:00,Jefferson Street and Fred Waring,2-MONDAY,persons_counts,1
9/15/2025 15:00,Jefferson Street and Fred Waring,2-MONDAY,bikes_counts,0
9/15/2025 15:00,Jefferson Street and Fred Waring,2-MONDAY,bicycles_counts,0
9/15/2025 15:00,Jefferson Street and Fred Waring,2-MONDAY,average_speed_mph,22.38
9/15/2025 15:00,Jefferson Street and Fred Waring,2-MONDAY,trucks_speed_in_mph,21.88
9/15/2025 15:00,Jefferson Street and Fred Waring,2-MONDAY,cars_speed_in_mph,22.38
9/15/2025 15:00,Jefferson Street and Fred Waring,2-MONDAY,buses_speed_in_mph,27.02
9/15/2025 15:00,Jefferson Street and Fred Waring,2-MONDAY,motorcycles_speed_in_mph,25.07
9/15/2025 15:00,Jefferson Street and Fred Waring,2-MONDAY,persons_speed_in_mph,13.52
9/15/2025 15:00,Jefferson Street and Fred Waring,2-MONDAY,bikes_speed_in_mph,0
9/15/2025 15:00,Jefferson Street and Fred Waring,2-MONDAY,bicycles_speed_in_mph,0
9/15/2025 15:00,Jefferson Street and Fred Waring,2-MONDAY,total_stopped_objects,174
9/15/2025 15:00,Jefferson Street and Fred Waring,2-MONDAY,trucks_stopped,3
9/15/2025 15:00,Jefferson Street and Fred Waring,2-MONDAY,cars_stopped,170
9/15/2025 15:00,Jefferson Street and Fred Waring,2-MONDAY,buses_stopped,0
9/15/2025 15:00,Jefferson Street and Fred Waring,2-MONDAY,motorcycles_stopped,1
9/15/2025 15:00,Jefferson Street and Fred Waring,2-MONDAY,persons_stopped,0
9/15/2025 15:00,Jefferson Street and Fred Waring,2-MONDAY,bikes_stopped,0
9/15/2025 15:00,Jefferson Street and Fred Waring,2-MONDAY,bicycles_stopped,0
9/15/2025 16:00,Jefferson Street and Fred Waring,2-MONDAY,total_counts,3024
9/15/2025 16:00,Jefferson Street and Fred Waring,2-MONDAY,trucks_counts,43
9/15/2025 16:00,Jefferson Street and Fred Waring,2-MONDAY,cars_counts,2956
9/15/2025 16:00,Jefferson Street and Fred Waring,2-MONDAY,buses_counts,12
9/15/2025 16:00,Jefferson Street and Fred Waring,2-MONDAY,motorcycles_counts,9
9/15/2025 16:00,Jefferson Street and Fred Waring,2-MONDAY,persons_counts,3
9/15/2025 16:00,Jefferson Street and Fred Waring,2-MONDAY,bikes_counts,0
9/15/2025 16:00,Jefferson Street and Fred Waring,2-MONDAY,bicycles_counts,1
9/15/2025 16:00,Jefferson Street and Fred Waring,2-MONDAY,average_speed_mph,21.38
9/15/2025 16:00,Jefferson Street and Fred Waring,2-MONDAY,trucks_speed_in_mph,22.96
9/15/2025 16:00,Jefferson Street and Fred Waring,2-MONDAY,cars_speed_in_mph,21.39
9/15/2025 16:00,Jefferson Street and Fred Waring,2-MONDAY,buses_speed_in_mph,19.17
9/15/2025 16:00,Jefferson Street and Fred Waring,2-MONDAY,motorcycles_speed_in_mph,23.01
9/15/2025 16:00,Jefferson Street and Fred Waring,2-MONDAY,persons_speed_in_mph,2.48
9/15/2025 16:00,Jefferson Street and Fred Waring,2-MONDAY,bikes_speed_in_mph,0
9/15/2025 16:00,Jefferson Street and Fred Waring,2-MONDAY,bicycles_speed_in_mph,13.4
9/15/2025 16:00,Jefferson Street and Fred Waring,2-MONDAY,total_stopped_objects,170
9/15/2025 16:00,Jefferson Street and Fred Waring,2-MONDAY,trucks_stopped,0
9/15/2025 16:00,Jefferson Street and Fred Waring,2-MONDAY,cars_stopped,167
9/15/2025 16:00,Jefferson Street and Fred Waring,2-MONDAY,buses_stopped,1
9/15/2025 16:00,Jefferson Street and Fred Waring,2-MONDAY,motorcycles_stopped,2
9/15/2025 16:00,Jefferson Street and Fred Waring,2-MONDAY,persons_stopped,0
9/15/2025 16:00,Jefferson Street and Fred Waring,2-MONDAY,bikes_stopped,0
9/15/2025 16:00,Jefferson Street and Fred Waring,2-MONDAY,bicycles_stopped,0
9/15/2025 17:00,Jefferson Street and Fred Waring,2-MONDAY,total_counts,2733
9/15/2025 17:00,Jefferson Street and Fred Waring,2-MONDAY,trucks_counts,27
9/15/2025 17:00,Jefferson Street and Fred Waring,2-MONDAY,cars_counts,2701
9/15/2025 17:00,Jefferson Street and Fred Waring,2-MONDAY,buses_counts,3
9/15/2025 17:00,Jefferson Street and Fred Waring,2-MONDAY,motorcycles_counts,1
9/15/2025 17:00,Jefferson Street and Fred Waring,2-MONDAY,persons_counts,0
9/15/2025 17:00,Jefferson Street and Fred Waring,2-MONDAY,bikes_counts,0
9/15/2025 17:00,Jefferson Street and Fred Waring,2-MONDAY,bicycles_counts,1
9/15/2025 17:00,Jefferson Street and Fred Waring,2-MONDAY,average_speed_mph,22.52
9/15/2025 17:00,Jefferson Street and Fred Waring,2-MONDAY,trucks_speed_in_mph,20.07
9/15/2025 17:00,Jefferson Street and Fred Waring,2-MONDAY,cars_speed_in_mph,22.53
9/15/2025 17:00,Jefferson Street and Fred Waring,2-MONDAY,buses_speed_in_mph,28.25
9/15/2025 17:00,Jefferson Street and Fred Waring,2-MONDAY,motorcycles_speed_in_mph,25.17
9/15/2025 17:00,Jefferson Street and Fred Waring,2-MONDAY,persons_speed_in_mph,0
9/15/2025 17:00,Jefferson Street and Fred Waring,2-MONDAY,bikes_speed_in_mph,0
9/15/2025 17:00,Jefferson Street and Fred Waring,2-MONDAY,bicycles_speed_in_mph,32.3
9/15/2025 17:00,Jefferson Street and Fred Waring,2-MONDAY,total_stopped_objects,185
9/15/2025 17:00,Jefferson Street and Fred Waring,2-MONDAY,trucks_stopped,2
9/15/2025 17:00,Jefferson Street and Fred Waring,2-MONDAY,cars_stopped,183
9/15/2025 17:00,Jefferson Street and Fred Waring,2-MONDAY,buses_stopped,0
9/15/2025 17:00,Jefferson Street and Fred Waring,2-MONDAY,motorcycles_stopped,0
9/15/2025 17:00,Jefferson Street and Fred Waring,2-MONDAY,persons_stopped,0
9/15/2025 17:00,Jefferson Street and Fred Waring,2-MONDAY,bikes_stopped,0
9/15/2025 17:00,Jefferson Street and Fred Waring,2-MONDAY,bicycles_stopped,0
9/15/2025 18:00,Jefferson Street and Fred Waring,2-MONDAY,total_counts,439
9/15/2025 18:00,Jefferson Street and Fred Waring,2-MONDAY,trucks_counts,1
9/15/2025 18:00,Jefferson Street and Fred Waring,2-MONDAY,cars_counts,436
9/15/2025 18:00,Jefferson Street and Fred Waring,2-MONDAY,buses_counts,1
9/15/2025 18:00,Jefferson Street and Fred Waring,2-MONDAY,motorcycles_counts,0
9/15/2025 18:00,Jefferson Street and Fred Waring,2-MONDAY,persons_counts,0
9/15/2025 18:00,Jefferson Street and Fred Waring,2-MONDAY,bikes_counts,0
9/15/2025 18:00,Jefferson Street and Fred Waring,2-MONDAY,bicycles_counts,1
9/15/2025 18:00,Jefferson Street and Fred Waring,2-MONDAY,average_speed_mph,22.98
9/15/2025 18:00,Jefferson Street and Fred Waring,2-MONDAY,trucks_speed_in_mph,16.33
9/15/2025 18:00,Jefferson Street and Fred Waring,2-MONDAY,cars_speed_in_mph,22.98
9/15/2025 18:00,Jefferson Street and Fred Waring,2-MONDAY,buses_speed_in_mph,35.58
9/15/2025 18:00,Jefferson Street and Fred Waring,2-MONDAY,motorcycles_speed_in_mph,0
9/15/2025 18:00,Jefferson Street and Fred Waring,2-MONDAY,persons_speed_in_mph,0
9/15/2025 18:00,Jefferson Street and Fred Waring,2-MONDAY,bikes_speed_in_mph,0
9/15/2025 18:00,Jefferson Street and Fred Waring,2-MONDAY,bicycles_speed_in_mph,16.79
9/15/2025 18:00,Jefferson Street and Fred Waring,2-MONDAY,total_stopped_objects,30
9/15/2025 18:00,Jefferson Street and Fred Waring,2-MONDAY,trucks_stopped,0
9/15/2025 18:00,Jefferson Street and Fred Waring,2-MONDAY,cars_stopped,30
9/15/2025 18:00,Jefferson Street and Fred Waring,2-MONDAY,buses_stopped,0
9/15/2025 18:00,Jefferson Street and Fred Waring,2-MONDAY,motorcycles_stopped,0
9/15/2025 18:00,Jefferson Street and Fred Waring,2-MONDAY,persons_stopped,0
9/15/2025 18:00,Jefferson Street and Fred Waring,2-MONDAY,bikes_stopped,0
9/15/2025 18:00,Jefferson Street and Fred Waring,2-MONDAY,bicycles_stopped,0
